dataset,method_key,method,retention,retention_kind,image_id,question_id,question,prediction,ground_truth,correct,first_token_id,generated_tokens,physical_layout,calibration_questions,retrieval,selector_ms,ssd_read_ms,scatter_ms,prepare_ms,prefill_ms,ttft_ms,decode_ms,e2e_latency_ms,ssd_read_bytes,ssd_read_chunks,ssd_preads,chunk_io_ms,hook_ms,n_chunks_selected,n_chunks_total,touched_chunk_fraction,logical_kv_ratio,logical_kv_ratio_per_layer,fallback_rate,normal_chunk_count_total,normal_kv_read_bytes,separator_read_bytes,normal_kv_preads,separator_preads,total_actual_pread_bytes,mean_bytes_per_pread,normal_mean_bytes_per_pread,separator_mean_bytes_per_pread,static_score_calls,query_score_calls,diversity_calls,selection_mode,selected_chunk_ids_per_layer,separator_policy,reordered_prefix_store_validated,validated_prefix_layout,n_raters
gqa,fullload,FullLoad,1.0,full,n355567,201751701,Is the clock to the right of the lady near the tennis ball?,Yes,"[""yes""]",1.0,3869,2,morton,0,fullload,,458.7529947748408,,,972.4611609708518,980.667162919417,23.016348015516996,1003.683510934934,1124073472,2176,64,,667.9131771670654,,,1.0,1.0,null,0.0,,1124073472,0,64,0,1124073472,17563648.0,17563648.0,0.0,,,,,null,,,,0
gqa,layout_prefix_chunk,Layout+Prefix,0.25,chunk,n355567,201751701,Is the clock to the right of the lady near the tennis ball?,The image shows a tennis match in progress. The player in the foreground is,"[""yes""]",0.0,450,16,morton,0,prefix,0.23961788974702358,160.4604305466637,53.41438180767,247.9805259499699,46.76159692462534,294.8068749392405,272.0672090072185,566.874083946459,285212672,512,65,188.32710478454828,0.0,8.0,34,0.23529411764705882,0.2537313432835821,"[0.2537313432835821, 0.2537313432835821, 0.2537313432835821, 0.2537313432835821, 0.2537313432835821, 0.2537313432835821, 0.2537313432835821, 0.2537313432835821, 0.2537313432835821, 0.2537313432835821, 0.2537313432835821, 0.2537313432835821, 0.2537313432835821, 0.2537313432835821, 0.2537313432835821, 0.2537313432835821, 0.2537313432835821, 0.2537313432835821, 0.2537313432835821, 0.2537313432835821, 0.2537313432835821, 0.2537313432835821, 0.2537313432835821, 0.2537313432835821, 0.2537313432835821, 0.2537313432835821, 0.2537313432835821, 0.2537313432835821, 0.2537313432835821, 0.2537313432835821, 0.2537313432835821, 0.2537313432835821]",0.0,256,268435456,16777216,64,1,285212672,4387887.261538462,4194304.0,16777216.0,0,0,0,prefix,"[[0, 1, 2, 3, 4, 5, 6, 7], [0, 1, 2, 3, 4, 5, 6, 7], [0, 1, 2, 3, 4, 5, 6, 7], [0, 1, 2, 3, 4, 5, 6, 7], [0, 1, 2, 3, 4, 5, 6, 7], [0, 1, 2, 3, 4, 5, 6, 7], [0, 1, 2, 3, 4, 5, 6, 7], [0, 1, 2, 3, 4, 5, 6, 7], [0, 1, 2, 3, 4, 5, 6, 7], [0, 1, 2, 3, 4, 5, 6, 7], [0, 1, 2, 3, 4, 5, 6, 7], [0, 1, 2, 3, 4, 5, 6, 7], [0, 1, 2, 3, 4, 5, 6, 7], [0, 1, 2, 3, 4, 5, 6, 7], [0, 1, 2, 3, 4, 5, 6, 7], [0, 1, 2, 3, 4, 5, 6, 7], [0, 1, 2, 3, 4, 5, 6, 7], [0, 1, 2, 3, 4, 5, 6, 7], [0, 1, 2, 3, 4, 5, 6, 7], [0, 1, 2, 3, 4, 5, 6, 7], [0, 1, 2, 3, 4, 5, 6, 7], [0, 1, 2, 3, 4, 5, 6, 7], [0, 1, 2, 3, 4, 5, 6, 7], [0, 1, 2, 3, 4, 5, 6, 7], [0, 1, 2, 3, 4, 5, 6, 7], [0, 1, 2, 3, 4, 5, 6, 7], [0, 1, 2, 3, 4, 5, 6, 7], [0, 1, 2, 3, 4, 5, 6, 7], [0, 1, 2, 3, 4, 5, 6, 7], [0, 1, 2, 3, 4, 5, 6, 7], [0, 1, 2, 3, 4, 5, 6, 7], [0, 1, 2, 3, 4, 5, 6, 7]]",sidecar,True,morton,0
gqa,fullload,FullLoad,1.0,full,n355567,201751740,Does the person to the left of the lady look happy and modern?,Yes,"[""yes""]",1.0,3869,2,morton,0,fullload,,414.71312986686826,,,655.8030099840835,660.3841199539602,19.431882072240114,679.8160020262003,1124073472,2176,64,,599.7061639791355,,,1.0,1.0,null,0.0,,1124073472,0,64,0,1124073472,17563648.0,17563648.0,0.0,,,,,null,,,,0
gqa,layout_prefix_chunk,Layout+Prefix,0.25,chunk,n355567,201751740,Does the person to the left of the lady look happy and modern?,The image shows a tennis match in progress. The court is blue with white lines,"[""yes""]",0.0,450,16,morton,0,prefix,0.17688528168946505,140.38351376075298,41.7090377304703,209.14077607449144,35.53721006028354,244.72005106508732,275.90776700526476,520.6278180703521,285212672,512,65,161.4738644566387,0.0,8.0,34,0.23529411764705882,0.2537313432835821,"[0.2537313432835821, 0.2537313432835821, 0.2537313432835821, 0.2537313432835821, 0.2537313432835821, 0.2537313432835821, 0.2537313432835821, 0.2537313432835821, 0.2537313432835821, 0.2537313432835821, 0.2537313432835821, 0.2537313432835821, 0.2537313432835821, 0.2537313432835821, 0.2537313432835821, 0.2537313432835821, 0.2537313432835821, 0.2537313432835821, 0.2537313432835821, 0.2537313432835821, 0.2537313432835821, 0.2537313432835821, 0.2537313432835821, 0.2537313432835821, 0.2537313432835821, 0.2537313432835821, 0.2537313432835821, 0.2537313432835821, 0.2537313432835821, 0.2537313432835821, 0.2537313432835821, 0.2537313432835821]",0.0,256,268435456,16777216,64,1,285212672,4387887.261538462,4194304.0,16777216.0,0,0,0,prefix,"[[0, 1, 2, 3, 4, 5, 6, 7], [0, 1, 2, 3, 4, 5, 6, 7], [0, 1, 2, 3, 4, 5, 6, 7], [0, 1, 2, 3, 4, 5, 6, 7], [0, 1, 2, 3, 4, 5, 6, 7], [0, 1, 2, 3, 4, 5, 6, 7], [0, 1, 2, 3, 4, 5, 6, 7], [0, 1, 2, 3, 4, 5, 6, 7], [0, 1, 2, 3, 4, 5, 6, 7], [0, 1, 2, 3, 4, 5, 6, 7], [0, 1, 2, 3, 4, 5, 6, 7], [0, 1, 2, 3, 4, 5, 6, 7], [0, 1, 2, 3, 4, 5, 6, 7], [0, 1, 2, 3, 4, 5, 6, 7], [0, 1, 2, 3, 4, 5, 6, 7], [0, 1, 2, 3, 4, 5, 6, 7], [0, 1, 2, 3, 4, 5, 6, 7], [0, 1, 2, 3, 4, 5, 6, 7], [0, 1, 2, 3, 4, 5, 6, 7], [0, 1, 2, 3, 4, 5, 6, 7], [0, 1, 2, 3, 4, 5, 6, 7], [0, 1, 2, 3, 4, 5, 6, 7], [0, 1, 2, 3, 4, 5, 6, 7], [0, 1, 2, 3, 4, 5, 6, 7], [0, 1, 2, 3, 4, 5, 6, 7], [0, 1, 2, 3, 4, 5, 6, 7], [0, 1, 2, 3, 4, 5, 6, 7], [0, 1, 2, 3, 4, 5, 6, 7], [0, 1, 2, 3, 4, 5, 6, 7], [0, 1, 2, 3, 4, 5, 6, 7], [0, 1, 2, 3, 4, 5, 6, 7], [0, 1, 2, 3, 4, 5, 6, 7]]",sidecar,True,morton,0
gqa,fullload,FullLoad,1.0,full,n355567,201751873,How large is the wire net?,Large,"[""small""]",0.0,8218,3,morton,0,fullload,,378.6963226739317,,,723.1499949702993,727.755828993395,37.41338104009628,765.1692100334913,1124073472,2176,64,,677.027674857527,,,1.0,1.0,null,0.0,,1124073472,0,64,0,1124073472,17563648.0,17563648.0,0.0,,,,,null,,,,0
gqa,layout_prefix_chunk,Layout+Prefix,0.25,chunk,n355567,201751873,How large is the wire net?,The image shows a tennis match in progress. The player in the foreground is,"[""small""]",0.0,450,16,morton,0,prefix,0.18662854563444853,150.77715122606605,44.93670188821852,223.79418602213264,37.982910056598485,261.82339200749993,268.37591803632677,530.1993100438267,285212672,512,65,173.4225801192224,0.0,8.0,34,0.23529411764705882,0.2537313432835821,"[0.2537313432835821, 0.2537313432835821, 0.2537313432835821, 0.2537313432835821, 0.2537313432835821, 0.2537313432835821, 0.2537313432835821, 0.2537313432835821, 0.2537313432835821, 0.2537313432835821, 0.2537313432835821, 0.2537313432835821, 0.2537313432835821, 0.2537313432835821, 0.2537313432835821, 0.2537313432835821, 0.2537313432835821, 0.2537313432835821, 0.2537313432835821, 0.2537313432835821, 0.2537313432835821, 0.2537313432835821, 0.2537313432835821, 0.2537313432835821, 0.2537313432835821, 0.2537313432835821, 0.2537313432835821, 0.2537313432835821, 0.2537313432835821, 0.2537313432835821, 0.2537313432835821, 0.2537313432835821]",0.0,256,268435456,16777216,64,1,285212672,4387887.261538462,4194304.0,16777216.0,0,0,0,prefix,"[[0, 1, 2, 3, 4, 5, 6, 7], [0, 1, 2, 3, 4, 5, 6, 7], [0, 1, 2, 3, 4, 5, 6, 7], [0, 1, 2, 3, 4, 5, 6, 7], [0, 1, 2, 3, 4, 5, 6, 7], [0, 1, 2, 3, 4, 5, 6, 7], [0, 1, 2, 3, 4, 5, 6, 7], [0, 1, 2, 3, 4, 5, 6, 7], [0, 1, 2, 3, 4, 5, 6, 7], [0, 1, 2, 3, 4, 5, 6, 7], [0, 1, 2, 3, 4, 5, 6, 7], [0, 1, 2, 3, 4, 5, 6, 7], [0, 1, 2, 3, 4, 5, 6, 7], [0, 1, 2, 3, 4, 5, 6, 7], [0, 1, 2, 3, 4, 5, 6, 7], [0, 1, 2, 3, 4, 5, 6, 7], [0, 1, 2, 3, 4, 5, 6, 7], [0, 1, 2, 3, 4, 5, 6, 7], [0, 1, 2, 3, 4, 5, 6, 7], [0, 1, 2, 3, 4, 5, 6, 7], [0, 1, 2, 3, 4, 5, 6, 7], [0, 1, 2, 3, 4, 5, 6, 7], [0, 1, 2, 3, 4, 5, 6, 7], [0, 1, 2, 3, 4, 5, 6, 7], [0, 1, 2, 3, 4, 5, 6, 7], [0, 1, 2, 3, 4, 5, 6, 7], [0, 1, 2, 3, 4, 5, 6, 7], [0, 1, 2, 3, 4, 5, 6, 7], [0, 1, 2, 3, 4, 5, 6, 7], [0, 1, 2, 3, 4, 5, 6, 7], [0, 1, 2, 3, 4, 5, 6, 7], [0, 1, 2, 3, 4, 5, 6, 7]]",sidecar,True,morton,0
gqa,fullload,FullLoad,1.0,full,n355567,201751760,What is the color of the lady that is about to hit the tennis ball?,White,"[""blond""]",0.0,8037,2,morton,0,fullload,,418.48699643742293,,,803.7929920246825,808.4111559437588,27.028059004805982,835.4392149485648,1124073472,2176,64,,746.9344406854361,,,1.0,1.0,null,0.0,,1124073472,0,64,0,1124073472,17563648.0,17563648.0,0.0,,,,,null,,,,0
gqa,layout_prefix_chunk,Layout+Prefix,0.25,chunk,n355567,201751760,What is the color of the lady that is about to hit the tennis ball?,The image shows a tennis match in progress. The player in the foreground is,"[""blond""]",0.0,450,16,morton,0,prefix,0.19429228268563747,150.84075718186796,46.96205782238394,226.5861660707742,41.50338796898723,268.1530039990321,270.4778070328757,538.6308110319078,285212672,512,65,174.1116438060999,0.0,8.0,34,0.23529411764705882,0.2537313432835821,"[0.2537313432835821, 0.2537313432835821, 0.2537313432835821, 0.2537313432835821, 0.2537313432835821, 0.2537313432835821, 0.2537313432835821, 0.2537313432835821, 0.2537313432835821, 0.2537313432835821, 0.2537313432835821, 0.2537313432835821, 0.2537313432835821, 0.2537313432835821, 0.2537313432835821, 0.2537313432835821, 0.2537313432835821, 0.2537313432835821, 0.2537313432835821, 0.2537313432835821, 0.2537313432835821, 0.2537313432835821, 0.2537313432835821, 0.2537313432835821, 0.2537313432835821, 0.2537313432835821, 0.2537313432835821, 0.2537313432835821, 0.2537313432835821, 0.2537313432835821, 0.2537313432835821, 0.2537313432835821]",0.0,256,268435456,16777216,64,1,285212672,4387887.261538462,4194304.0,16777216.0,0,0,0,prefix,"[[0, 1, 2, 3, 4, 5, 6, 7], [0, 1, 2, 3, 4, 5, 6, 7], [0, 1, 2, 3, 4, 5, 6, 7], [0, 1, 2, 3, 4, 5, 6, 7], [0, 1, 2, 3, 4, 5, 6, 7], [0, 1, 2, 3, 4, 5, 6, 7], [0, 1, 2, 3, 4, 5, 6, 7], [0, 1, 2, 3, 4, 5, 6, 7], [0, 1, 2, 3, 4, 5, 6, 7], [0, 1, 2, 3, 4, 5, 6, 7], [0, 1, 2, 3, 4, 5, 6, 7], [0, 1, 2, 3, 4, 5, 6, 7], [0, 1, 2, 3, 4, 5, 6, 7], [0, 1, 2, 3, 4, 5, 6, 7], [0, 1, 2, 3, 4, 5, 6, 7], [0, 1, 2, 3, 4, 5, 6, 7], [0, 1, 2, 3, 4, 5, 6, 7], [0, 1, 2, 3, 4, 5, 6, 7], [0, 1, 2, 3, 4, 5, 6, 7], [0, 1, 2, 3, 4, 5, 6, 7], [0, 1, 2, 3, 4, 5, 6, 7], [0, 1, 2, 3, 4, 5, 6, 7], [0, 1, 2, 3, 4, 5, 6, 7], [0, 1, 2, 3, 4, 5, 6, 7], [0, 1, 2, 3, 4, 5, 6, 7], [0, 1, 2, 3, 4, 5, 6, 7], [0, 1, 2, 3, 4, 5, 6, 7], [0, 1, 2, 3, 4, 5, 6, 7], [0, 1, 2, 3, 4, 5, 6, 7], [0, 1, 2, 3, 4, 5, 6, 7], [0, 1, 2, 3, 4, 5, 6, 7], [0, 1, 2, 3, 4, 5, 6, 7]]",sidecar,True,morton,0
gqa,fullload,FullLoad,1.0,full,n355567,201751862,Is the tennis net rectangular and small?,No,"[""yes""]",0.0,1939,2,morton,0,fullload,,409.260161453858,,,774.2386610480025,778.9412990678102,18.794534960761666,797.7358340285718,1124073472,2176,64,,719.8559229727834,,,1.0,1.0,null,0.0,,1124073472,0,64,0,1124073472,17563648.0,17563648.0,0.0,,,,,null,,,,0
gqa,layout_prefix_chunk,Layout+Prefix,0.25,chunk,n355567,201751862,Is the tennis net rectangular and small?,The image shows a tennis match in progress. The player in the foreground is,"[""yes""]",0.0,450,16,morton,0,prefix,0.21958490833640099,151.049668318592,48.2347933575511,230.49124504905194,42.86389099434018,273.42084399424493,269.6048410143703,543.0256850086153,285212672,512,65,176.05323914904147,0.0,8.0,34,0.23529411764705882,0.2537313432835821,"[0.2537313432835821, 0.2537313432835821, 0.2537313432835821, 0.2537313432835821, 0.2537313432835821, 0.2537313432835821, 0.2537313432835821, 0.2537313432835821, 0.2537313432835821, 0.2537313432835821, 0.2537313432835821, 0.2537313432835821, 0.2537313432835821, 0.2537313432835821, 0.2537313432835821, 0.2537313432835821, 0.2537313432835821, 0.2537313432835821, 0.2537313432835821, 0.2537313432835821, 0.2537313432835821, 0.2537313432835821, 0.2537313432835821, 0.2537313432835821, 0.2537313432835821, 0.2537313432835821, 0.2537313432835821, 0.2537313432835821, 0.2537313432835821, 0.2537313432835821, 0.2537313432835821, 0.2537313432835821]",0.0,256,268435456,16777216,64,1,285212672,4387887.261538462,4194304.0,16777216.0,0,0,0,prefix,"[[0, 1, 2, 3, 4, 5, 6, 7], [0, 1, 2, 3, 4, 5, 6, 7], [0, 1, 2, 3, 4, 5, 6, 7], [0, 1, 2, 3, 4, 5, 6, 7], [0, 1, 2, 3, 4, 5, 6, 7], [0, 1, 2, 3, 4, 5, 6, 7], [0, 1, 2, 3, 4, 5, 6, 7], [0, 1, 2, 3, 4, 5, 6, 7], [0, 1, 2, 3, 4, 5, 6, 7], [0, 1, 2, 3, 4, 5, 6, 7], [0, 1, 2, 3, 4, 5, 6, 7], [0, 1, 2, 3, 4, 5, 6, 7], [0, 1, 2, 3, 4, 5, 6, 7], [0, 1, 2, 3, 4, 5, 6, 7], [0, 1, 2, 3, 4, 5, 6, 7], [0, 1, 2, 3, 4, 5, 6, 7], [0, 1, 2, 3, 4, 5, 6, 7], [0, 1, 2, 3, 4, 5, 6, 7], [0, 1, 2, 3, 4, 5, 6, 7], [0, 1, 2, 3, 4, 5, 6, 7], [0, 1, 2, 3, 4, 5, 6, 7], [0, 1, 2, 3, 4, 5, 6, 7], [0, 1, 2, 3, 4, 5, 6, 7], [0, 1, 2, 3, 4, 5, 6, 7], [0, 1, 2, 3, 4, 5, 6, 7], [0, 1, 2, 3, 4, 5, 6, 7], [0, 1, 2, 3, 4, 5, 6, 7], [0, 1, 2, 3, 4, 5, 6, 7], [0, 1, 2, 3, 4, 5, 6, 7], [0, 1, 2, 3, 4, 5, 6, 7], [0, 1, 2, 3, 4, 5, 6, 7], [0, 1, 2, 3, 4, 5, 6, 7]]",sidecar,True,morton,0
gqa,fullload,FullLoad,1.0,full,n355567,201751594,What is the lady that is not antique playing with?,Racket,"[""tennis ball""]",0.0,390,4,morton,0,fullload,,367.3852728679776,,,702.1033369237557,706.7134060198441,55.61881198082119,762.3322180006653,1124073472,2176,64,,660.2825381560251,,,1.0,1.0,null,0.0,,1124073472,0,64,0,1124073472,17563648.0,17563648.0,0.0,,,,,null,,,,0
gqa,layout_prefix_chunk,Layout+Prefix,0.25,chunk,n355567,201751594,What is the lady that is not antique playing with?,The image shows a tennis match in progress. The player in the foreground is,"[""tennis ball""]",0.0,450,16,morton,0,prefix,0.22017024457454681,165.01299140509218,48.54615672957152,243.80828498397022,44.17810507584363,288.04868005681783,273.19596393499523,561.2446439918131,285212672,512,65,189.58342750556767,0.0,8.0,34,0.23529411764705882,0.2537313432835821,"[0.2537313432835821, 0.2537313432835821, 0.2537313432835821, 0.2537313432835821, 0.2537313432835821, 0.2537313432835821, 0.2537313432835821, 0.2537313432835821, 0.2537313432835821, 0.2537313432835821, 0.2537313432835821, 0.2537313432835821, 0.2537313432835821, 0.2537313432835821, 0.2537313432835821, 0.2537313432835821, 0.2537313432835821, 0.2537313432835821, 0.2537313432835821, 0.2537313432835821, 0.2537313432835821, 0.2537313432835821, 0.2537313432835821, 0.2537313432835821, 0.2537313432835821, 0.2537313432835821, 0.2537313432835821, 0.2537313432835821, 0.2537313432835821, 0.2537313432835821, 0.2537313432835821, 0.2537313432835821]",0.0,256,268435456,16777216,64,1,285212672,4387887.261538462,4194304.0,16777216.0,0,0,0,prefix,"[[0, 1, 2, 3, 4, 5, 6, 7], [0, 1, 2, 3, 4, 5, 6, 7], [0, 1, 2, 3, 4, 5, 6, 7], [0, 1, 2, 3, 4, 5, 6, 7], [0, 1, 2, 3, 4, 5, 6, 7], [0, 1, 2, 3, 4, 5, 6, 7], [0, 1, 2, 3, 4, 5, 6, 7], [0, 1, 2, 3, 4, 5, 6, 7], [0, 1, 2, 3, 4, 5, 6, 7], [0, 1, 2, 3, 4, 5, 6, 7], [0, 1, 2, 3, 4, 5, 6, 7], [0, 1, 2, 3, 4, 5, 6, 7], [0, 1, 2, 3, 4, 5, 6, 7], [0, 1, 2, 3, 4, 5, 6, 7], [0, 1, 2, 3, 4, 5, 6, 7], [0, 1, 2, 3, 4, 5, 6, 7], [0, 1, 2, 3, 4, 5, 6, 7], [0, 1, 2, 3, 4, 5, 6, 7], [0, 1, 2, 3, 4, 5, 6, 7], [0, 1, 2, 3, 4, 5, 6, 7], [0, 1, 2, 3, 4, 5, 6, 7], [0, 1, 2, 3, 4, 5, 6, 7], [0, 1, 2, 3, 4, 5, 6, 7], [0, 1, 2, 3, 4, 5, 6, 7], [0, 1, 2, 3, 4, 5, 6, 7], [0, 1, 2, 3, 4, 5, 6, 7], [0, 1, 2, 3, 4, 5, 6, 7], [0, 1, 2, 3, 4, 5, 6, 7], [0, 1, 2, 3, 4, 5, 6, 7], [0, 1, 2, 3, 4, 5, 6, 7], [0, 1, 2, 3, 4, 5, 6, 7], [0, 1, 2, 3, 4, 5, 6, 7]]",sidecar,True,morton,0
gqa,fullload,FullLoad,1.0,full,n9181,20929611,Is the brown cowboy hat below the small sign?,Yes,"[""yes""]",1.0,3869,2,morton,0,fullload,,504.28005668800324,,,918.0757639696822,922.9958639480174,25.896382983773947,948.8922469317913,1233125376,2368,64,,862.5650327885523,,,1.0,1.0,null,0.0,,1233125376,0,64,0,1233125376,19267584.0,19267584.0,0.0,,,,,null,,,,0
gqa,layout_prefix_chunk,Layout+Prefix,0.25,chunk,n9181,20929611,Is the brown cowboy hat below the small sign?,The image shows a group of people standing around a red motorcycle. The motor,"[""yes""]",0.0,450,16,morton,0,prefix,0.2632227260619402,203.3221594756469,54.50583004858345,297.1284979721531,44.580606976523995,341.78255195729434,268.4792879736051,610.2618399308994,327155712,576,65,236.57788732089102,0.0,9.0,37,0.24324324324324326,0.2653061224489796,"[0.2653061224489796, 0.2653061224489796, 0.2653061224489796, 0.2653061224489796, 0.2653061224489796, 0.2653061224489796, 0.2653061224489796, 0.2653061224489796, 0.2653061224489796, 0.2653061224489796, 0.2653061224489796, 0.2653061224489796, 0.2653061224489796, 0.2653061224489796, 0.2653061224489796, 0.2653061224489796, 0.2653061224489796, 0.2653061224489796, 0.2653061224489796, 0.2653061224489796, 0.2653061224489796, 0.2653061224489796, 0.2653061224489796, 0.2653061224489796, 0.2653061224489796, 0.2653061224489796, 0.2653061224489796, 0.2653061224489796, 0.2653061224489796, 0.2653061224489796, 0.2653061224489796, 0.2653061224489796]",0.0,288,301989888,25165824,64,1,327155712,5033164.8,4718592.0,25165824.0,0,0,0,prefix,"[[0, 1, 2, 3, 4, 5, 6, 7, 8], [0, 1, 2, 3, 4, 5, 6, 7, 8], [0, 1, 2, 3, 4, 5, 6, 7, 8], [0, 1, 2, 3, 4, 5, 6, 7, 8], [0, 1, 2, 3, 4, 5, 6, 7, 8], [0, 1, 2, 3, 4, 5, 6, 7, 8], [0, 1, 2, 3, 4, 5, 6, 7, 8], [0, 1, 2, 3, 4, 5, 6, 7, 8], [0, 1, 2, 3, 4, 5, 6, 7, 8], [0, 1, 2, 3, 4, 5, 6, 7, 8], [0, 1, 2, 3, 4, 5, 6, 7, 8], [0, 1, 2, 3, 4, 5, 6, 7, 8], [0, 1, 2, 3, 4, 5, 6, 7, 8], [0, 1, 2, 3, 4, 5, 6, 7, 8], [0, 1, 2, 3, 4, 5, 6, 7, 8], [0, 1, 2, 3, 4, 5, 6, 7, 8], [0, 1, 2, 3, 4, 5, 6, 7, 8], [0, 1, 2, 3, 4, 5, 6, 7, 8], [0, 1, 2, 3, 4, 5, 6, 7, 8], [0, 1, 2, 3, 4, 5, 6, 7, 8], [0, 1, 2, 3, 4, 5, 6, 7, 8], [0, 1, 2, 3, 4, 5, 6, 7, 8], [0, 1, 2, 3, 4, 5, 6, 7, 8], [0, 1, 2, 3, 4, 5, 6, 7, 8], [0, 1, 2, 3, 4, 5, 6, 7, 8], [0, 1, 2, 3, 4, 5, 6, 7, 8], [0, 1, 2, 3, 4, 5, 6, 7, 8], [0, 1, 2, 3, 4, 5, 6, 7, 8], [0, 1, 2, 3, 4, 5, 6, 7, 8], [0, 1, 2, 3, 4, 5, 6, 7, 8], [0, 1, 2, 3, 4, 5, 6, 7, 8], [0, 1, 2, 3, 4, 5, 6, 7, 8]]",sidecar,True,morton,0
gqa,fullload,FullLoad,1.0,full,n9181,20929389,Is the motorcycle near the jacket black and metallic?,No,"[""no""]",1.0,1939,2,morton,0,fullload,,435.58862805366516,,,688.572751940228,693.4190499596298,19.416255061514676,712.8353050211444,1233125376,2368,64,,640.931768110022,,,1.0,1.0,null,0.0,,1233125376,0,64,0,1233125376,19267584.0,19267584.0,0.0,,,,,null,,,,0
gqa,layout_prefix_chunk,Layout+Prefix,0.25,chunk,n9181,20929389,Is the motorcycle near the jacket black and metallic?,Yes,"[""no""]",0.0,3869,2,morton,0,prefix,0.1965255942195654,153.6266035400331,44.78360083885491,227.88288595620543,36.077560973353684,264.00216203182936,19.111561006866395,283.11372303869575,327155712,576,65,177.14509996585548,0.0,9.0,37,0.24324324324324326,0.2653061224489796,"[0.2653061224489796, 0.2653061224489796, 0.2653061224489796, 0.2653061224489796, 0.2653061224489796, 0.2653061224489796, 0.2653061224489796, 0.2653061224489796, 0.2653061224489796, 0.2653061224489796, 0.2653061224489796, 0.2653061224489796, 0.2653061224489796, 0.2653061224489796, 0.2653061224489796, 0.2653061224489796, 0.2653061224489796, 0.2653061224489796, 0.2653061224489796, 0.2653061224489796, 0.2653061224489796, 0.2653061224489796, 0.2653061224489796, 0.2653061224489796, 0.2653061224489796, 0.2653061224489796, 0.2653061224489796, 0.2653061224489796, 0.2653061224489796, 0.2653061224489796, 0.2653061224489796, 0.2653061224489796]",0.0,288,301989888,25165824,64,1,327155712,5033164.8,4718592.0,25165824.0,0,0,0,prefix,"[[0, 1, 2, 3, 4, 5, 6, 7, 8], [0, 1, 2, 3, 4, 5, 6, 7, 8], [0, 1, 2, 3, 4, 5, 6, 7, 8], [0, 1, 2, 3, 4, 5, 6, 7, 8], [0, 1, 2, 3, 4, 5, 6, 7, 8], [0, 1, 2, 3, 4, 5, 6, 7, 8], [0, 1, 2, 3, 4, 5, 6, 7, 8], [0, 1, 2, 3, 4, 5, 6, 7, 8], [0, 1, 2, 3, 4, 5, 6, 7, 8], [0, 1, 2, 3, 4, 5, 6, 7, 8], [0, 1, 2, 3, 4, 5, 6, 7, 8], [0, 1, 2, 3, 4, 5, 6, 7, 8], [0, 1, 2, 3, 4, 5, 6, 7, 8], [0, 1, 2, 3, 4, 5, 6, 7, 8], [0, 1, 2, 3, 4, 5, 6, 7, 8], [0, 1, 2, 3, 4, 5, 6, 7, 8], [0, 1, 2, 3, 4, 5, 6, 7, 8], [0, 1, 2, 3, 4, 5, 6, 7, 8], [0, 1, 2, 3, 4, 5, 6, 7, 8], [0, 1, 2, 3, 4, 5, 6, 7, 8], [0, 1, 2, 3, 4, 5, 6, 7, 8], [0, 1, 2, 3, 4, 5, 6, 7, 8], [0, 1, 2, 3, 4, 5, 6, 7, 8], [0, 1, 2, 3, 4, 5, 6, 7, 8], [0, 1, 2, 3, 4, 5, 6, 7, 8], [0, 1, 2, 3, 4, 5, 6, 7, 8], [0, 1, 2, 3, 4, 5, 6, 7, 8], [0, 1, 2, 3, 4, 5, 6, 7, 8], [0, 1, 2, 3, 4, 5, 6, 7, 8], [0, 1, 2, 3, 4, 5, 6, 7, 8], [0, 1, 2, 3, 4, 5, 6, 7, 8], [0, 1, 2, 3, 4, 5, 6, 7, 8]]",sidecar,True,morton,0
gqa,fullload,FullLoad,1.0,full,n9181,20929384,Is the motorcycle on the right part?,No,"[""no""]",1.0,1939,2,morton,0,fullload,,480.4217740893364,,,810.0332410540432,814.9252970470116,19.022661028429866,833.9479580754414,1233125376,2368,64,,761.1816921271384,,,1.0,1.0,null,0.0,,1233125376,0,64,0,1233125376,19267584.0,19267584.0,0.0,,,,,null,,,,0
gqa,layout_prefix_chunk,Layout+Prefix,0.25,chunk,n9181,20929384,Is the motorcycle on the right part?,The image shows a group of people standing around a red motorcycle. The motor,"[""no""]",0.0,450,16,morton,0,prefix,0.2942888531833887,178.9501424646005,57.96935851685703,278.18956796545535,36.905689048580825,315.1458610082045,275.90179699473083,591.0476580029353,327155712,576,65,213.6088430415839,0.0,9.0,37,0.24324324324324326,0.2653061224489796,"[0.2653061224489796, 0.2653061224489796, 0.2653061224489796, 0.2653061224489796, 0.2653061224489796, 0.2653061224489796, 0.2653061224489796, 0.2653061224489796, 0.2653061224489796, 0.2653061224489796, 0.2653061224489796, 0.2653061224489796, 0.2653061224489796, 0.2653061224489796, 0.2653061224489796, 0.2653061224489796, 0.2653061224489796, 0.2653061224489796, 0.2653061224489796, 0.2653061224489796, 0.2653061224489796, 0.2653061224489796, 0.2653061224489796, 0.2653061224489796, 0.2653061224489796, 0.2653061224489796, 0.2653061224489796, 0.2653061224489796, 0.2653061224489796, 0.2653061224489796, 0.2653061224489796, 0.2653061224489796]",0.0,288,301989888,25165824,64,1,327155712,5033164.8,4718592.0,25165824.0,0,0,0,prefix,"[[0, 1, 2, 3, 4, 5, 6, 7, 8], [0, 1, 2, 3, 4, 5, 6, 7, 8], [0, 1, 2, 3, 4, 5, 6, 7, 8], [0, 1, 2, 3, 4, 5, 6, 7, 8], [0, 1, 2, 3, 4, 5, 6, 7, 8], [0, 1, 2, 3, 4, 5, 6, 7, 8], [0, 1, 2, 3, 4, 5, 6, 7, 8], [0, 1, 2, 3, 4, 5, 6, 7, 8], [0, 1, 2, 3, 4, 5, 6, 7, 8], [0, 1, 2, 3, 4, 5, 6, 7, 8], [0, 1, 2, 3, 4, 5, 6, 7, 8], [0, 1, 2, 3, 4, 5, 6, 7, 8], [0, 1, 2, 3, 4, 5, 6, 7, 8], [0, 1, 2, 3, 4, 5, 6, 7, 8], [0, 1, 2, 3, 4, 5, 6, 7, 8], [0, 1, 2, 3, 4, 5, 6, 7, 8], [0, 1, 2, 3, 4, 5, 6, 7, 8], [0, 1, 2, 3, 4, 5, 6, 7, 8], [0, 1, 2, 3, 4, 5, 6, 7, 8], [0, 1, 2, 3, 4, 5, 6, 7, 8], [0, 1, 2, 3, 4, 5, 6, 7, 8], [0, 1, 2, 3, 4, 5, 6, 7, 8], [0, 1, 2, 3, 4, 5, 6, 7, 8], [0, 1, 2, 3, 4, 5, 6, 7, 8], [0, 1, 2, 3, 4, 5, 6, 7, 8], [0, 1, 2, 3, 4, 5, 6, 7, 8], [0, 1, 2, 3, 4, 5, 6, 7, 8], [0, 1, 2, 3, 4, 5, 6, 7, 8], [0, 1, 2, 3, 4, 5, 6, 7, 8], [0, 1, 2, 3, 4, 5, 6, 7, 8], [0, 1, 2, 3, 4, 5, 6, 7, 8], [0, 1, 2, 3, 4, 5, 6, 7, 8]]",sidecar,True,morton,0
gqa,fullload,FullLoad,1.0,full,n9181,20929555,What's the wheelchair in front of?,Building,"[""vest""]",0.0,17166,2,morton,0,fullload,,491.3180305156857,,,842.894155997783,847.7342390688136,19.18313291389495,866.9173719827086,1233125376,2368,64,,798.6493406351656,,,1.0,1.0,null,0.0,,1233125376,0,64,0,1233125376,19267584.0,19267584.0,0.0,,,,,null,,,,0
gqa,layout_prefix_chunk,Layout+Prefix,0.25,chunk,n9181,20929555,What's the wheelchair in front of?,The image shows a red motorcycle parked on the side of a road.,"[""vest""]",0.0,450,16,morton,0,prefix,0.2631471725180745,172.61173820588738,54.30706392508,265.4369669035077,48.807348939590156,314.31081891059875,266.7182619916275,581.0290809022263,327155712,576,65,204.99620004557073,0.0,9.0,37,0.24324324324324326,0.2653061224489796,"[0.2653061224489796, 0.2653061224489796, 0.2653061224489796, 0.2653061224489796, 0.2653061224489796, 0.2653061224489796, 0.2653061224489796, 0.2653061224489796, 0.2653061224489796, 0.2653061224489796, 0.2653061224489796, 0.2653061224489796, 0.2653061224489796, 0.2653061224489796, 0.2653061224489796, 0.2653061224489796, 0.2653061224489796, 0.2653061224489796, 0.2653061224489796, 0.2653061224489796, 0.2653061224489796, 0.2653061224489796, 0.2653061224489796, 0.2653061224489796, 0.2653061224489796, 0.2653061224489796, 0.2653061224489796, 0.2653061224489796, 0.2653061224489796, 0.2653061224489796, 0.2653061224489796, 0.2653061224489796]",0.0,288,301989888,25165824,64,1,327155712,5033164.8,4718592.0,25165824.0,0,0,0,prefix,"[[0, 1, 2, 3, 4, 5, 6, 7, 8], [0, 1, 2, 3, 4, 5, 6, 7, 8], [0, 1, 2, 3, 4, 5, 6, 7, 8], [0, 1, 2, 3, 4, 5, 6, 7, 8], [0, 1, 2, 3, 4, 5, 6, 7, 8], [0, 1, 2, 3, 4, 5, 6, 7, 8], [0, 1, 2, 3, 4, 5, 6, 7, 8], [0, 1, 2, 3, 4, 5, 6, 7, 8], [0, 1, 2, 3, 4, 5, 6, 7, 8], [0, 1, 2, 3, 4, 5, 6, 7, 8], [0, 1, 2, 3, 4, 5, 6, 7, 8], [0, 1, 2, 3, 4, 5, 6, 7, 8], [0, 1, 2, 3, 4, 5, 6, 7, 8], [0, 1, 2, 3, 4, 5, 6, 7, 8], [0, 1, 2, 3, 4, 5, 6, 7, 8], [0, 1, 2, 3, 4, 5, 6, 7, 8], [0, 1, 2, 3, 4, 5, 6, 7, 8], [0, 1, 2, 3, 4, 5, 6, 7, 8], [0, 1, 2, 3, 4, 5, 6, 7, 8], [0, 1, 2, 3, 4, 5, 6, 7, 8], [0, 1, 2, 3, 4, 5, 6, 7, 8], [0, 1, 2, 3, 4, 5, 6, 7, 8], [0, 1, 2, 3, 4, 5, 6, 7, 8], [0, 1, 2, 3, 4, 5, 6, 7, 8], [0, 1, 2, 3, 4, 5, 6, 7, 8], [0, 1, 2, 3, 4, 5, 6, 7, 8], [0, 1, 2, 3, 4, 5, 6, 7, 8], [0, 1, 2, 3, 4, 5, 6, 7, 8], [0, 1, 2, 3, 4, 5, 6, 7, 8], [0, 1, 2, 3, 4, 5, 6, 7, 8], [0, 1, 2, 3, 4, 5, 6, 7, 8], [0, 1, 2, 3, 4, 5, 6, 7, 8]]",sidecar,True,morton,0
gqa,fullload,FullLoad,1.0,full,n9181,20929553,What is in front of the vest?,Motorcycle,"[""wheelchair""]",0.0,16843,3,morton,0,fullload,,400.88795276824385,,,629.9950380343944,634.9419709295034,37.00315905734897,671.9451299868524,1233125376,2368,64,,589.0543347923085,,,1.0,1.0,null,0.0,,1233125376,0,64,0,1233125376,19267584.0,19267584.0,0.0,,,,,null,,,,0
gqa,layout_prefix_chunk,Layout+Prefix,0.25,chunk,n9181,20929553,What is in front of the vest?,The image shows a red motorcycle parked on the side of a road.,"[""wheelchair""]",0.0,450,16,morton,0,prefix,0.18455286044627428,187.15390819124877,46.07256897725165,262.41366600152105,45.22345995064825,307.69990698900074,273.5772000160068,581.2771070050076,327155712,576,65,210.67376981955022,0.0,9.0,37,0.24324324324324326,0.2653061224489796,"[0.2653061224489796, 0.2653061224489796, 0.2653061224489796, 0.2653061224489796, 0.2653061224489796, 0.2653061224489796, 0.2653061224489796, 0.2653061224489796, 0.2653061224489796, 0.2653061224489796, 0.2653061224489796, 0.2653061224489796, 0.2653061224489796, 0.2653061224489796, 0.2653061224489796, 0.2653061224489796, 0.2653061224489796, 0.2653061224489796, 0.2653061224489796, 0.2653061224489796, 0.2653061224489796, 0.2653061224489796, 0.2653061224489796, 0.2653061224489796, 0.2653061224489796, 0.2653061224489796, 0.2653061224489796, 0.2653061224489796, 0.2653061224489796, 0.2653061224489796, 0.2653061224489796, 0.2653061224489796]",0.0,288,301989888,25165824,64,1,327155712,5033164.8,4718592.0,25165824.0,0,0,0,prefix,"[[0, 1, 2, 3, 4, 5, 6, 7, 8], [0, 1, 2, 3, 4, 5, 6, 7, 8], [0, 1, 2, 3, 4, 5, 6, 7, 8], [0, 1, 2, 3, 4, 5, 6, 7, 8], [0, 1, 2, 3, 4, 5, 6, 7, 8], [0, 1, 2, 3, 4, 5, 6, 7, 8], [0, 1, 2, 3, 4, 5, 6, 7, 8], [0, 1, 2, 3, 4, 5, 6, 7, 8], [0, 1, 2, 3, 4, 5, 6, 7, 8], [0, 1, 2, 3, 4, 5, 6, 7, 8], [0, 1, 2, 3, 4, 5, 6, 7, 8], [0, 1, 2, 3, 4, 5, 6, 7, 8], [0, 1, 2, 3, 4, 5, 6, 7, 8], [0, 1, 2, 3, 4, 5, 6, 7, 8], [0, 1, 2, 3, 4, 5, 6, 7, 8], [0, 1, 2, 3, 4, 5, 6, 7, 8], [0, 1, 2, 3, 4, 5, 6, 7, 8], [0, 1, 2, 3, 4, 5, 6, 7, 8], [0, 1, 2, 3, 4, 5, 6, 7, 8], [0, 1, 2, 3, 4, 5, 6, 7, 8], [0, 1, 2, 3, 4, 5, 6, 7, 8], [0, 1, 2, 3, 4, 5, 6, 7, 8], [0, 1, 2, 3, 4, 5, 6, 7, 8], [0, 1, 2, 3, 4, 5, 6, 7, 8], [0, 1, 2, 3, 4, 5, 6, 7, 8], [0, 1, 2, 3, 4, 5, 6, 7, 8], [0, 1, 2, 3, 4, 5, 6, 7, 8], [0, 1, 2, 3, 4, 5, 6, 7, 8], [0, 1, 2, 3, 4, 5, 6, 7, 8], [0, 1, 2, 3, 4, 5, 6, 7, 8], [0, 1, 2, 3, 4, 5, 6, 7, 8], [0, 1, 2, 3, 4, 5, 6, 7, 8]]",sidecar,True,morton,0
gqa,fullload,FullLoad,1.0,full,n9181,20929280,Is the motorbike made of the same material as the sign?,No,"[""yes""]",0.0,1939,2,morton,0,fullload,,460.74132912326604,,,722.9460490634665,728.0491270357743,19.14351701270789,747.1926440484822,1233125376,2368,64,,672.7204590570182,,,1.0,1.0,null,0.0,,1233125376,0,64,0,1233125376,19267584.0,19267584.0,0.0,,,,,null,,,,0
gqa,layout_prefix_chunk,Layout+Prefix,0.25,chunk,n9181,20929280,Is the motorbike made of the same material as the sign?,The motorcycle in the image is a Harley-Davidson.,"[""yes""]",0.0,450,15,morton,0,prefix,0.28906483203172684,175.1905771670863,58.02295450121164,270.62169404234737,45.05763703491539,315.74392900802195,248.47060500178486,564.2145340098068,327155712,576,65,206.4672412816435,0.0,9.0,37,0.24324324324324326,0.2653061224489796,"[0.2653061224489796, 0.2653061224489796, 0.2653061224489796, 0.2653061224489796, 0.2653061224489796, 0.2653061224489796, 0.2653061224489796, 0.2653061224489796, 0.2653061224489796, 0.2653061224489796, 0.2653061224489796, 0.2653061224489796, 0.2653061224489796, 0.2653061224489796, 0.2653061224489796, 0.2653061224489796, 0.2653061224489796, 0.2653061224489796, 0.2653061224489796, 0.2653061224489796, 0.2653061224489796, 0.2653061224489796, 0.2653061224489796, 0.2653061224489796, 0.2653061224489796, 0.2653061224489796, 0.2653061224489796, 0.2653061224489796, 0.2653061224489796, 0.2653061224489796, 0.2653061224489796, 0.2653061224489796]",0.0,288,301989888,25165824,64,1,327155712,5033164.8,4718592.0,25165824.0,0,0,0,prefix,"[[0, 1, 2, 3, 4, 5, 6, 7, 8], [0, 1, 2, 3, 4, 5, 6, 7, 8], [0, 1, 2, 3, 4, 5, 6, 7, 8], [0, 1, 2, 3, 4, 5, 6, 7, 8], [0, 1, 2, 3, 4, 5, 6, 7, 8], [0, 1, 2, 3, 4, 5, 6, 7, 8], [0, 1, 2, 3, 4, 5, 6, 7, 8], [0, 1, 2, 3, 4, 5, 6, 7, 8], [0, 1, 2, 3, 4, 5, 6, 7, 8], [0, 1, 2, 3, 4, 5, 6, 7, 8], [0, 1, 2, 3, 4, 5, 6, 7, 8], [0, 1, 2, 3, 4, 5, 6, 7, 8], [0, 1, 2, 3, 4, 5, 6, 7, 8], [0, 1, 2, 3, 4, 5, 6, 7, 8], [0, 1, 2, 3, 4, 5, 6, 7, 8], [0, 1, 2, 3, 4, 5, 6, 7, 8], [0, 1, 2, 3, 4, 5, 6, 7, 8], [0, 1, 2, 3, 4, 5, 6, 7, 8], [0, 1, 2, 3, 4, 5, 6, 7, 8], [0, 1, 2, 3, 4, 5, 6, 7, 8], [0, 1, 2, 3, 4, 5, 6, 7, 8], [0, 1, 2, 3, 4, 5, 6, 7, 8], [0, 1, 2, 3, 4, 5, 6, 7, 8], [0, 1, 2, 3, 4, 5, 6, 7, 8], [0, 1, 2, 3, 4, 5, 6, 7, 8], [0, 1, 2, 3, 4, 5, 6, 7, 8], [0, 1, 2, 3, 4, 5, 6, 7, 8], [0, 1, 2, 3, 4, 5, 6, 7, 8], [0, 1, 2, 3, 4, 5, 6, 7, 8], [0, 1, 2, 3, 4, 5, 6, 7, 8], [0, 1, 2, 3, 4, 5, 6, 7, 8], [0, 1, 2, 3, 4, 5, 6, 7, 8]]",sidecar,True,morton,0
gqa,fullload,FullLoad,1.0,full,n390187,201861403,What's the person riding?,Motorcycle,"[""motorcycle""]",1.0,16843,3,morton,0,fullload,,600.6909925490618,,,982.5705100083724,987.4857399845496,37.6283370424062,1025.1140770269558,1182793728,2304,64,,928.5218708682805,,,1.0,1.0,null,0.0,,1182793728,0,64,0,1182793728,18481152.0,18481152.0,0.0,,,,,null,,,,0
gqa,layout_prefix_chunk,Layout+Prefix,0.25,chunk,n390187,201861403,What's the person riding?,The person in the image is wearing a black and red motorcycle jacket,"[""motorcycle""]",0.0,450,16,morton,0,prefix,0.2739974297583103,200.61961573082954,56.438563275150955,296.5265939710662,41.37863498181105,337.9701869562268,271.8949520494789,609.8651390057057,327155712,576,65,234.04435557313263,0.0,9.0,36,0.25,0.2765957446808511,"[0.2765957446808511, 0.2765957446808511, 0.2765957446808511, 0.2765957446808511, 0.2765957446808511, 0.2765957446808511, 0.2765957446808511, 0.2765957446808511, 0.2765957446808511, 0.2765957446808511, 0.2765957446808511, 0.2765957446808511, 0.2765957446808511, 0.2765957446808511, 0.2765957446808511, 0.2765957446808511, 0.2765957446808511, 0.2765957446808511, 0.2765957446808511, 0.2765957446808511, 0.2765957446808511, 0.2765957446808511, 0.2765957446808511, 0.2765957446808511, 0.2765957446808511, 0.2765957446808511, 0.2765957446808511, 0.2765957446808511, 0.2765957446808511, 0.2765957446808511, 0.2765957446808511, 0.2765957446808511]",0.0,288,301989888,25165824,64,1,327155712,5033164.8,4718592.0,25165824.0,0,0,0,prefix,"[[0, 1, 2, 3, 4, 5, 6, 7, 8], [0, 1, 2, 3, 4, 5, 6, 7, 8], [0, 1, 2, 3, 4, 5, 6, 7, 8], [0, 1, 2, 3, 4, 5, 6, 7, 8], [0, 1, 2, 3, 4, 5, 6, 7, 8], [0, 1, 2, 3, 4, 5, 6, 7, 8], [0, 1, 2, 3, 4, 5, 6, 7, 8], [0, 1, 2, 3, 4, 5, 6, 7, 8], [0, 1, 2, 3, 4, 5, 6, 7, 8], [0, 1, 2, 3, 4, 5, 6, 7, 8], [0, 1, 2, 3, 4, 5, 6, 7, 8], [0, 1, 2, 3, 4, 5, 6, 7, 8], [0, 1, 2, 3, 4, 5, 6, 7, 8], [0, 1, 2, 3, 4, 5, 6, 7, 8], [0, 1, 2, 3, 4, 5, 6, 7, 8], [0, 1, 2, 3, 4, 5, 6, 7, 8], [0, 1, 2, 3, 4, 5, 6, 7, 8], [0, 1, 2, 3, 4, 5, 6, 7, 8], [0, 1, 2, 3, 4, 5, 6, 7, 8], [0, 1, 2, 3, 4, 5, 6, 7, 8], [0, 1, 2, 3, 4, 5, 6, 7, 8], [0, 1, 2, 3, 4, 5, 6, 7, 8], [0, 1, 2, 3, 4, 5, 6, 7, 8], [0, 1, 2, 3, 4, 5, 6, 7, 8], [0, 1, 2, 3, 4, 5, 6, 7, 8], [0, 1, 2, 3, 4, 5, 6, 7, 8], [0, 1, 2, 3, 4, 5, 6, 7, 8], [0, 1, 2, 3, 4, 5, 6, 7, 8], [0, 1, 2, 3, 4, 5, 6, 7, 8], [0, 1, 2, 3, 4, 5, 6, 7, 8], [0, 1, 2, 3, 4, 5, 6, 7, 8], [0, 1, 2, 3, 4, 5, 6, 7, 8]]",sidecar,True,morton,0
gqa,fullload,FullLoad,1.0,full,n390187,201861402,The person is riding what?,Motorcycle,"[""motorcycle""]",1.0,16843,3,morton,0,fullload,,572.1954642795026,,,926.7089259810746,931.5175689989701,36.99506202246994,968.51263102144,1182793728,2304,64,,878.9142274763435,,,1.0,1.0,null,0.0,,1182793728,0,64,0,1182793728,18481152.0,18481152.0,0.0,,,,,null,,,,0
gqa,layout_prefix_chunk,Layout+Prefix,0.25,chunk,n390187,201861402,The person is riding what?,The person in the image is wearing a black and red motorcycle jacket,"[""motorcycle""]",0.0,450,16,morton,0,prefix,0.26670866645872593,202.06493302248418,53.864745306782424,293.2852889643982,56.66886200197041,350.0186379533261,266.9250239850953,616.9436619384214,327155712,576,65,233.44913218170404,0.0,9.0,36,0.25,0.2765957446808511,"[0.2765957446808511, 0.2765957446808511, 0.2765957446808511, 0.2765957446808511, 0.2765957446808511, 0.2765957446808511, 0.2765957446808511, 0.2765957446808511, 0.2765957446808511, 0.2765957446808511, 0.2765957446808511, 0.2765957446808511, 0.2765957446808511, 0.2765957446808511, 0.2765957446808511, 0.2765957446808511, 0.2765957446808511, 0.2765957446808511, 0.2765957446808511, 0.2765957446808511, 0.2765957446808511, 0.2765957446808511, 0.2765957446808511, 0.2765957446808511, 0.2765957446808511, 0.2765957446808511, 0.2765957446808511, 0.2765957446808511, 0.2765957446808511, 0.2765957446808511, 0.2765957446808511, 0.2765957446808511]",0.0,288,301989888,25165824,64,1,327155712,5033164.8,4718592.0,25165824.0,0,0,0,prefix,"[[0, 1, 2, 3, 4, 5, 6, 7, 8], [0, 1, 2, 3, 4, 5, 6, 7, 8], [0, 1, 2, 3, 4, 5, 6, 7, 8], [0, 1, 2, 3, 4, 5, 6, 7, 8], [0, 1, 2, 3, 4, 5, 6, 7, 8], [0, 1, 2, 3, 4, 5, 6, 7, 8], [0, 1, 2, 3, 4, 5, 6, 7, 8], [0, 1, 2, 3, 4, 5, 6, 7, 8], [0, 1, 2, 3, 4, 5, 6, 7, 8], [0, 1, 2, 3, 4, 5, 6, 7, 8], [0, 1, 2, 3, 4, 5, 6, 7, 8], [0, 1, 2, 3, 4, 5, 6, 7, 8], [0, 1, 2, 3, 4, 5, 6, 7, 8], [0, 1, 2, 3, 4, 5, 6, 7, 8], [0, 1, 2, 3, 4, 5, 6, 7, 8], [0, 1, 2, 3, 4, 5, 6, 7, 8], [0, 1, 2, 3, 4, 5, 6, 7, 8], [0, 1, 2, 3, 4, 5, 6, 7, 8], [0, 1, 2, 3, 4, 5, 6, 7, 8], [0, 1, 2, 3, 4, 5, 6, 7, 8], [0, 1, 2, 3, 4, 5, 6, 7, 8], [0, 1, 2, 3, 4, 5, 6, 7, 8], [0, 1, 2, 3, 4, 5, 6, 7, 8], [0, 1, 2, 3, 4, 5, 6, 7, 8], [0, 1, 2, 3, 4, 5, 6, 7, 8], [0, 1, 2, 3, 4, 5, 6, 7, 8], [0, 1, 2, 3, 4, 5, 6, 7, 8], [0, 1, 2, 3, 4, 5, 6, 7, 8], [0, 1, 2, 3, 4, 5, 6, 7, 8], [0, 1, 2, 3, 4, 5, 6, 7, 8], [0, 1, 2, 3, 4, 5, 6, 7, 8], [0, 1, 2, 3, 4, 5, 6, 7, 8]]",sidecar,True,morton,0
gqa,fullload,FullLoad,1.0,full,n390187,201861409,Is the person wearing a glove?,No,"[""yes""]",0.0,1939,2,morton,0,fullload,,569.2314241314307,,,921.406120993197,926.2067780364305,19.245121045969427,945.4518990823999,1182793728,2304,64,,874.6812101453543,,,1.0,1.0,null,0.0,,1182793728,0,64,0,1182793728,18481152.0,18481152.0,0.0,,,,,null,,,,0
gqa,layout_prefix_chunk,Layout+Prefix,0.25,chunk,n390187,201861409,Is the person wearing a glove?,The image shows a person riding a motorcycle. The rider is we,"[""yes""]",0.0,450,16,morton,0,prefix,0.22359879221767187,162.96270617749542,48.49703307263553,244.8567870305851,45.488415053114295,290.4106960631907,272.5592019269243,562.969897990115,327155712,576,65,190.63417543657124,0.0,9.0,36,0.25,0.2765957446808511,"[0.2765957446808511, 0.2765957446808511, 0.2765957446808511, 0.2765957446808511, 0.2765957446808511, 0.2765957446808511, 0.2765957446808511, 0.2765957446808511, 0.2765957446808511, 0.2765957446808511, 0.2765957446808511, 0.2765957446808511, 0.2765957446808511, 0.2765957446808511, 0.2765957446808511, 0.2765957446808511, 0.2765957446808511, 0.2765957446808511, 0.2765957446808511, 0.2765957446808511, 0.2765957446808511, 0.2765957446808511, 0.2765957446808511, 0.2765957446808511, 0.2765957446808511, 0.2765957446808511, 0.2765957446808511, 0.2765957446808511, 0.2765957446808511, 0.2765957446808511, 0.2765957446808511, 0.2765957446808511]",0.0,288,301989888,25165824,64,1,327155712,5033164.8,4718592.0,25165824.0,0,0,0,prefix,"[[0, 1, 2, 3, 4, 5, 6, 7, 8], [0, 1, 2, 3, 4, 5, 6, 7, 8], [0, 1, 2, 3, 4, 5, 6, 7, 8], [0, 1, 2, 3, 4, 5, 6, 7, 8], [0, 1, 2, 3, 4, 5, 6, 7, 8], [0, 1, 2, 3, 4, 5, 6, 7, 8], [0, 1, 2, 3, 4, 5, 6, 7, 8], [0, 1, 2, 3, 4, 5, 6, 7, 8], [0, 1, 2, 3, 4, 5, 6, 7, 8], [0, 1, 2, 3, 4, 5, 6, 7, 8], [0, 1, 2, 3, 4, 5, 6, 7, 8], [0, 1, 2, 3, 4, 5, 6, 7, 8], [0, 1, 2, 3, 4, 5, 6, 7, 8], [0, 1, 2, 3, 4, 5, 6, 7, 8], [0, 1, 2, 3, 4, 5, 6, 7, 8], [0, 1, 2, 3, 4, 5, 6, 7, 8], [0, 1, 2, 3, 4, 5, 6, 7, 8], [0, 1, 2, 3, 4, 5, 6, 7, 8], [0, 1, 2, 3, 4, 5, 6, 7, 8], [0, 1, 2, 3, 4, 5, 6, 7, 8], [0, 1, 2, 3, 4, 5, 6, 7, 8], [0, 1, 2, 3, 4, 5, 6, 7, 8], [0, 1, 2, 3, 4, 5, 6, 7, 8], [0, 1, 2, 3, 4, 5, 6, 7, 8], [0, 1, 2, 3, 4, 5, 6, 7, 8], [0, 1, 2, 3, 4, 5, 6, 7, 8], [0, 1, 2, 3, 4, 5, 6, 7, 8], [0, 1, 2, 3, 4, 5, 6, 7, 8], [0, 1, 2, 3, 4, 5, 6, 7, 8], [0, 1, 2, 3, 4, 5, 6, 7, 8], [0, 1, 2, 3, 4, 5, 6, 7, 8], [0, 1, 2, 3, 4, 5, 6, 7, 8]]",sidecar,True,morton,0
gqa,fullload,FullLoad,1.0,full,n390187,201861267,Does the mirror to the left of the person look brown and small?,No,"[""no""]",1.0,1939,2,morton,0,fullload,,514.2644819570705,,,782.0106070721522,786.8666350841522,19.473060965538025,806.3396960496902,1182793728,2304,64,,735.0225871196017,,,1.0,1.0,null,0.0,,1182793728,0,64,0,1182793728,18481152.0,18481152.0,0.0,,,,,null,,,,0
gqa,layout_prefix_chunk,Layout+Prefix,0.25,chunk,n390187,201861267,Does the mirror to the left of the person look brown and small?,The image shows a person riding a motorcycle. The rider is we,"[""no""]",0.0,450,16,morton,0,prefix,0.24451501667499542,165.39218742400408,51.39573500491679,252.44523293804377,36.99652594514191,289.4899109378457,272.03448000364006,561.5243909414858,327155712,576,65,195.24224929045886,0.0,9.0,36,0.25,0.2765957446808511,"[0.2765957446808511, 0.2765957446808511, 0.2765957446808511, 0.2765957446808511, 0.2765957446808511, 0.2765957446808511, 0.2765957446808511, 0.2765957446808511, 0.2765957446808511, 0.2765957446808511, 0.2765957446808511, 0.2765957446808511, 0.2765957446808511, 0.2765957446808511, 0.2765957446808511, 0.2765957446808511, 0.2765957446808511, 0.2765957446808511, 0.2765957446808511, 0.2765957446808511, 0.2765957446808511, 0.2765957446808511, 0.2765957446808511, 0.2765957446808511, 0.2765957446808511, 0.2765957446808511, 0.2765957446808511, 0.2765957446808511, 0.2765957446808511, 0.2765957446808511, 0.2765957446808511, 0.2765957446808511]",0.0,288,301989888,25165824,64,1,327155712,5033164.8,4718592.0,25165824.0,0,0,0,prefix,"[[0, 1, 2, 3, 4, 5, 6, 7, 8], [0, 1, 2, 3, 4, 5, 6, 7, 8], [0, 1, 2, 3, 4, 5, 6, 7, 8], [0, 1, 2, 3, 4, 5, 6, 7, 8], [0, 1, 2, 3, 4, 5, 6, 7, 8], [0, 1, 2, 3, 4, 5, 6, 7, 8], [0, 1, 2, 3, 4, 5, 6, 7, 8], [0, 1, 2, 3, 4, 5, 6, 7, 8], [0, 1, 2, 3, 4, 5, 6, 7, 8], [0, 1, 2, 3, 4, 5, 6, 7, 8], [0, 1, 2, 3, 4, 5, 6, 7, 8], [0, 1, 2, 3, 4, 5, 6, 7, 8], [0, 1, 2, 3, 4, 5, 6, 7, 8], [0, 1, 2, 3, 4, 5, 6, 7, 8], [0, 1, 2, 3, 4, 5, 6, 7, 8], [0, 1, 2, 3, 4, 5, 6, 7, 8], [0, 1, 2, 3, 4, 5, 6, 7, 8], [0, 1, 2, 3, 4, 5, 6, 7, 8], [0, 1, 2, 3, 4, 5, 6, 7, 8], [0, 1, 2, 3, 4, 5, 6, 7, 8], [0, 1, 2, 3, 4, 5, 6, 7, 8], [0, 1, 2, 3, 4, 5, 6, 7, 8], [0, 1, 2, 3, 4, 5, 6, 7, 8], [0, 1, 2, 3, 4, 5, 6, 7, 8], [0, 1, 2, 3, 4, 5, 6, 7, 8], [0, 1, 2, 3, 4, 5, 6, 7, 8], [0, 1, 2, 3, 4, 5, 6, 7, 8], [0, 1, 2, 3, 4, 5, 6, 7, 8], [0, 1, 2, 3, 4, 5, 6, 7, 8], [0, 1, 2, 3, 4, 5, 6, 7, 8], [0, 1, 2, 3, 4, 5, 6, 7, 8], [0, 1, 2, 3, 4, 5, 6, 7, 8]]",sidecar,True,morton,0
gqa,fullload,FullLoad,1.0,full,n390187,201861586,What is the color of the dirty sneakers?,Gray,"[""gray""]",1.0,18956,2,morton,0,fullload,,615.7662825426087,,,996.3687419658527,1001.0985889239237,19.48340202216059,1020.5819909460843,1182793728,2304,64,,944.3576673511416,,,1.0,1.0,null,0.0,,1182793728,0,64,0,1182793728,18481152.0,18481152.0,0.0,,,,,null,,,,0
gqa,layout_prefix_chunk,Layout+Prefix,0.25,chunk,n390187,201861586,What is the color of the dirty sneakers?,The image shows a person riding a motorcycle. The rider is we,"[""gray""]",0.0,450,16,morton,0,prefix,0.2801141235977411,184.03401714749634,55.423331912606955,278.15432695206255,50.54286902304739,328.76326399855316,270.0438960455358,598.807160044089,327155712,576,65,216.68963111005723,0.0,9.0,36,0.25,0.2765957446808511,"[0.2765957446808511, 0.2765957446808511, 0.2765957446808511, 0.2765957446808511, 0.2765957446808511, 0.2765957446808511, 0.2765957446808511, 0.2765957446808511, 0.2765957446808511, 0.2765957446808511, 0.2765957446808511, 0.2765957446808511, 0.2765957446808511, 0.2765957446808511, 0.2765957446808511, 0.2765957446808511, 0.2765957446808511, 0.2765957446808511, 0.2765957446808511, 0.2765957446808511, 0.2765957446808511, 0.2765957446808511, 0.2765957446808511, 0.2765957446808511, 0.2765957446808511, 0.2765957446808511, 0.2765957446808511, 0.2765957446808511, 0.2765957446808511, 0.2765957446808511, 0.2765957446808511, 0.2765957446808511]",0.0,288,301989888,25165824,64,1,327155712,5033164.8,4718592.0,25165824.0,0,0,0,prefix,"[[0, 1, 2, 3, 4, 5, 6, 7, 8], [0, 1, 2, 3, 4, 5, 6, 7, 8], [0, 1, 2, 3, 4, 5, 6, 7, 8], [0, 1, 2, 3, 4, 5, 6, 7, 8], [0, 1, 2, 3, 4, 5, 6, 7, 8], [0, 1, 2, 3, 4, 5, 6, 7, 8], [0, 1, 2, 3, 4, 5, 6, 7, 8], [0, 1, 2, 3, 4, 5, 6, 7, 8], [0, 1, 2, 3, 4, 5, 6, 7, 8], [0, 1, 2, 3, 4, 5, 6, 7, 8], [0, 1, 2, 3, 4, 5, 6, 7, 8], [0, 1, 2, 3, 4, 5, 6, 7, 8], [0, 1, 2, 3, 4, 5, 6, 7, 8], [0, 1, 2, 3, 4, 5, 6, 7, 8], [0, 1, 2, 3, 4, 5, 6, 7, 8], [0, 1, 2, 3, 4, 5, 6, 7, 8], [0, 1, 2, 3, 4, 5, 6, 7, 8], [0, 1, 2, 3, 4, 5, 6, 7, 8], [0, 1, 2, 3, 4, 5, 6, 7, 8], [0, 1, 2, 3, 4, 5, 6, 7, 8], [0, 1, 2, 3, 4, 5, 6, 7, 8], [0, 1, 2, 3, 4, 5, 6, 7, 8], [0, 1, 2, 3, 4, 5, 6, 7, 8], [0, 1, 2, 3, 4, 5, 6, 7, 8], [0, 1, 2, 3, 4, 5, 6, 7, 8], [0, 1, 2, 3, 4, 5, 6, 7, 8], [0, 1, 2, 3, 4, 5, 6, 7, 8], [0, 1, 2, 3, 4, 5, 6, 7, 8], [0, 1, 2, 3, 4, 5, 6, 7, 8], [0, 1, 2, 3, 4, 5, 6, 7, 8], [0, 1, 2, 3, 4, 5, 6, 7, 8], [0, 1, 2, 3, 4, 5, 6, 7, 8]]",sidecar,True,morton,0
gqa,fullload,FullLoad,1.0,full,n390187,201861325,Is the small mirror on the motorcycle?,Yes,"[""yes""]",1.0,3869,2,morton,0,fullload,,588.9084886293858,,,937.4346929835156,942.2573359915987,19.284658948890865,961.5419949404895,1182793728,2304,64,,890.0664382381365,,,1.0,1.0,null,0.0,,1182793728,0,64,0,1182793728,18481152.0,18481152.0,0.0,,,,,null,,,,0
gqa,layout_prefix_chunk,Layout+Prefix,0.25,chunk,n390187,201861325,Is the small mirror on the motorcycle?,The image shows a person riding a motorcycle. The rider is we,"[""yes""]",0.0,450,16,morton,0,prefix,0.29390212148427963,176.68943258468062,57.899568695575,274.478149949573,55.335504934191704,329.8795159207657,270.7327500684187,600.6122659891844,327155712,576,65,210.44971351511776,0.0,9.0,36,0.25,0.2765957446808511,"[0.2765957446808511, 0.2765957446808511, 0.2765957446808511, 0.2765957446808511, 0.2765957446808511, 0.2765957446808511, 0.2765957446808511, 0.2765957446808511, 0.2765957446808511, 0.2765957446808511, 0.2765957446808511, 0.2765957446808511, 0.2765957446808511, 0.2765957446808511, 0.2765957446808511, 0.2765957446808511, 0.2765957446808511, 0.2765957446808511, 0.2765957446808511, 0.2765957446808511, 0.2765957446808511, 0.2765957446808511, 0.2765957446808511, 0.2765957446808511, 0.2765957446808511, 0.2765957446808511, 0.2765957446808511, 0.2765957446808511, 0.2765957446808511, 0.2765957446808511, 0.2765957446808511, 0.2765957446808511]",0.0,288,301989888,25165824,64,1,327155712,5033164.8,4718592.0,25165824.0,0,0,0,prefix,"[[0, 1, 2, 3, 4, 5, 6, 7, 8], [0, 1, 2, 3, 4, 5, 6, 7, 8], [0, 1, 2, 3, 4, 5, 6, 7, 8], [0, 1, 2, 3, 4, 5, 6, 7, 8], [0, 1, 2, 3, 4, 5, 6, 7, 8], [0, 1, 2, 3, 4, 5, 6, 7, 8], [0, 1, 2, 3, 4, 5, 6, 7, 8], [0, 1, 2, 3, 4, 5, 6, 7, 8], [0, 1, 2, 3, 4, 5, 6, 7, 8], [0, 1, 2, 3, 4, 5, 6, 7, 8], [0, 1, 2, 3, 4, 5, 6, 7, 8], [0, 1, 2, 3, 4, 5, 6, 7, 8], [0, 1, 2, 3, 4, 5, 6, 7, 8], [0, 1, 2, 3, 4, 5, 6, 7, 8], [0, 1, 2, 3, 4, 5, 6, 7, 8], [0, 1, 2, 3, 4, 5, 6, 7, 8], [0, 1, 2, 3, 4, 5, 6, 7, 8], [0, 1, 2, 3, 4, 5, 6, 7, 8], [0, 1, 2, 3, 4, 5, 6, 7, 8], [0, 1, 2, 3, 4, 5, 6, 7, 8], [0, 1, 2, 3, 4, 5, 6, 7, 8], [0, 1, 2, 3, 4, 5, 6, 7, 8], [0, 1, 2, 3, 4, 5, 6, 7, 8], [0, 1, 2, 3, 4, 5, 6, 7, 8], [0, 1, 2, 3, 4, 5, 6, 7, 8], [0, 1, 2, 3, 4, 5, 6, 7, 8], [0, 1, 2, 3, 4, 5, 6, 7, 8], [0, 1, 2, 3, 4, 5, 6, 7, 8], [0, 1, 2, 3, 4, 5, 6, 7, 8], [0, 1, 2, 3, 4, 5, 6, 7, 8], [0, 1, 2, 3, 4, 5, 6, 7, 8], [0, 1, 2, 3, 4, 5, 6, 7, 8]]",sidecar,True,morton,0
gqa,fullload,FullLoad,1.0,full,n133585,202108008,What is the color of the hat?,Blue,"[""blue""]",1.0,10924,2,morton,0,fullload,,522.4527369718999,,,858.6284109624103,863.3334949845448,19.421103061176836,882.7545980457217,1124073472,2176,64,,813.024366972968,,,1.0,1.0,null,0.0,,1124073472,0,64,0,1124073472,17563648.0,17563648.0,0.0,,,,,null,,,,0
gqa,layout_prefix_chunk,Layout+Prefix,0.25,chunk,n133585,202108008,What is the color of the hat?,The image shows three young people on a sidewalk. The person in the for,"[""blue""]",0.0,450,16,morton,0,prefix,0.2471843035891652,165.98048654850572,51.33255594410002,253.0505059985444,45.80864496529102,298.9245200296864,276.24087897129357,575.16539900098,285212672,512,65,195.60240616556257,0.0,8.0,34,0.23529411764705882,0.2537313432835821,"[0.2537313432835821, 0.2537313432835821, 0.2537313432835821, 0.2537313432835821, 0.2537313432835821, 0.2537313432835821, 0.2537313432835821, 0.2537313432835821, 0.2537313432835821, 0.2537313432835821, 0.2537313432835821, 0.2537313432835821, 0.2537313432835821, 0.2537313432835821, 0.2537313432835821, 0.2537313432835821, 0.2537313432835821, 0.2537313432835821, 0.2537313432835821, 0.2537313432835821, 0.2537313432835821, 0.2537313432835821, 0.2537313432835821, 0.2537313432835821, 0.2537313432835821, 0.2537313432835821, 0.2537313432835821, 0.2537313432835821, 0.2537313432835821, 0.2537313432835821, 0.2537313432835821, 0.2537313432835821]",0.0,256,268435456,16777216,64,1,285212672,4387887.261538462,4194304.0,16777216.0,0,0,0,prefix,"[[0, 1, 2, 3, 4, 5, 6, 7], [0, 1, 2, 3, 4, 5, 6, 7], [0, 1, 2, 3, 4, 5, 6, 7], [0, 1, 2, 3, 4, 5, 6, 7], [0, 1, 2, 3, 4, 5, 6, 7], [0, 1, 2, 3, 4, 5, 6, 7], [0, 1, 2, 3, 4, 5, 6, 7], [0, 1, 2, 3, 4, 5, 6, 7], [0, 1, 2, 3, 4, 5, 6, 7], [0, 1, 2, 3, 4, 5, 6, 7], [0, 1, 2, 3, 4, 5, 6, 7], [0, 1, 2, 3, 4, 5, 6, 7], [0, 1, 2, 3, 4, 5, 6, 7], [0, 1, 2, 3, 4, 5, 6, 7], [0, 1, 2, 3, 4, 5, 6, 7], [0, 1, 2, 3, 4, 5, 6, 7], [0, 1, 2, 3, 4, 5, 6, 7], [0, 1, 2, 3, 4, 5, 6, 7], [0, 1, 2, 3, 4, 5, 6, 7], [0, 1, 2, 3, 4, 5, 6, 7], [0, 1, 2, 3, 4, 5, 6, 7], [0, 1, 2, 3, 4, 5, 6, 7], [0, 1, 2, 3, 4, 5, 6, 7], [0, 1, 2, 3, 4, 5, 6, 7], [0, 1, 2, 3, 4, 5, 6, 7], [0, 1, 2, 3, 4, 5, 6, 7], [0, 1, 2, 3, 4, 5, 6, 7], [0, 1, 2, 3, 4, 5, 6, 7], [0, 1, 2, 3, 4, 5, 6, 7], [0, 1, 2, 3, 4, 5, 6, 7], [0, 1, 2, 3, 4, 5, 6, 7], [0, 1, 2, 3, 4, 5, 6, 7]]",sidecar,True,morton,0
gqa,fullload,FullLoad,1.0,full,n133585,202107840,Are there any boys to the right of the fat person?,Yes,"[""yes""]",1.0,3869,2,morton,0,fullload,,532.5065662618726,,,884.9586760625243,889.5753569668159,22.20289595425129,911.7782529210672,1124073472,2176,64,,826.5748921548948,,,1.0,1.0,null,0.0,,1124073472,0,64,0,1124073472,17563648.0,17563648.0,0.0,,,,,null,,,,0
gqa,layout_prefix_chunk,Layout+Prefix,0.25,chunk,n133585,202107840,Are there any boys to the right of the fat person?,The image shows three young people on a sidewalk. The person in the for,"[""yes""]",0.0,450,16,morton,0,prefix,0.2361948136240244,158.5718166315928,48.2565532438457,240.12236599810421,43.635854963213205,283.82451995275915,274.9052649596706,558.7297849124297,285212672,512,65,186.22684408910573,0.0,8.0,34,0.23529411764705882,0.2537313432835821,"[0.2537313432835821, 0.2537313432835821, 0.2537313432835821, 0.2537313432835821, 0.2537313432835821, 0.2537313432835821, 0.2537313432835821, 0.2537313432835821, 0.2537313432835821, 0.2537313432835821, 0.2537313432835821, 0.2537313432835821, 0.2537313432835821, 0.2537313432835821, 0.2537313432835821, 0.2537313432835821, 0.2537313432835821, 0.2537313432835821, 0.2537313432835821, 0.2537313432835821, 0.2537313432835821, 0.2537313432835821, 0.2537313432835821, 0.2537313432835821, 0.2537313432835821, 0.2537313432835821, 0.2537313432835821, 0.2537313432835821, 0.2537313432835821, 0.2537313432835821, 0.2537313432835821, 0.2537313432835821]",0.0,256,268435456,16777216,64,1,285212672,4387887.261538462,4194304.0,16777216.0,0,0,0,prefix,"[[0, 1, 2, 3, 4, 5, 6, 7], [0, 1, 2, 3, 4, 5, 6, 7], [0, 1, 2, 3, 4, 5, 6, 7], [0, 1, 2, 3, 4, 5, 6, 7], [0, 1, 2, 3, 4, 5, 6, 7], [0, 1, 2, 3, 4, 5, 6, 7], [0, 1, 2, 3, 4, 5, 6, 7], [0, 1, 2, 3, 4, 5, 6, 7], [0, 1, 2, 3, 4, 5, 6, 7], [0, 1, 2, 3, 4, 5, 6, 7], [0, 1, 2, 3, 4, 5, 6, 7], [0, 1, 2, 3, 4, 5, 6, 7], [0, 1, 2, 3, 4, 5, 6, 7], [0, 1, 2, 3, 4, 5, 6, 7], [0, 1, 2, 3, 4, 5, 6, 7], [0, 1, 2, 3, 4, 5, 6, 7], [0, 1, 2, 3, 4, 5, 6, 7], [0, 1, 2, 3, 4, 5, 6, 7], [0, 1, 2, 3, 4, 5, 6, 7], [0, 1, 2, 3, 4, 5, 6, 7], [0, 1, 2, 3, 4, 5, 6, 7], [0, 1, 2, 3, 4, 5, 6, 7], [0, 1, 2, 3, 4, 5, 6, 7], [0, 1, 2, 3, 4, 5, 6, 7], [0, 1, 2, 3, 4, 5, 6, 7], [0, 1, 2, 3, 4, 5, 6, 7], [0, 1, 2, 3, 4, 5, 6, 7], [0, 1, 2, 3, 4, 5, 6, 7], [0, 1, 2, 3, 4, 5, 6, 7], [0, 1, 2, 3, 4, 5, 6, 7], [0, 1, 2, 3, 4, 5, 6, 7], [0, 1, 2, 3, 4, 5, 6, 7]]",sidecar,True,morton,0
gqa,fullload,FullLoad,1.0,full,n133585,202107827,Who wears a shirt?,Boy,"[""boy""]",1.0,16231,2,morton,0,fullload,,491.2068280391395,,,821.1296680383384,825.8274620166048,18.98985099978745,844.8173130163923,1124073472,2176,64,,776.3562013860792,,,1.0,1.0,null,0.0,,1124073472,0,64,0,1124073472,17563648.0,17563648.0,0.0,,,,,null,,,,0
gqa,layout_prefix_chunk,Layout+Prefix,0.25,chunk,n133585,202107827,Who wears a shirt?,The image shows three young people on a sidewalk. The person in the for,"[""boy""]",0.0,450,16,morton,0,prefix,0.23709284141659737,162.72828669752926,50.66978163085878,246.8564590672031,38.636879064142704,285.5580711038783,270.5765529535711,556.1346240574494,285212672,512,65,190.45776478014886,0.0,8.0,34,0.23529411764705882,0.2537313432835821,"[0.2537313432835821, 0.2537313432835821, 0.2537313432835821, 0.2537313432835821, 0.2537313432835821, 0.2537313432835821, 0.2537313432835821, 0.2537313432835821, 0.2537313432835821, 0.2537313432835821, 0.2537313432835821, 0.2537313432835821, 0.2537313432835821, 0.2537313432835821, 0.2537313432835821, 0.2537313432835821, 0.2537313432835821, 0.2537313432835821, 0.2537313432835821, 0.2537313432835821, 0.2537313432835821, 0.2537313432835821, 0.2537313432835821, 0.2537313432835821, 0.2537313432835821, 0.2537313432835821, 0.2537313432835821, 0.2537313432835821, 0.2537313432835821, 0.2537313432835821, 0.2537313432835821, 0.2537313432835821]",0.0,256,268435456,16777216,64,1,285212672,4387887.261538462,4194304.0,16777216.0,0,0,0,prefix,"[[0, 1, 2, 3, 4, 5, 6, 7], [0, 1, 2, 3, 4, 5, 6, 7], [0, 1, 2, 3, 4, 5, 6, 7], [0, 1, 2, 3, 4, 5, 6, 7], [0, 1, 2, 3, 4, 5, 6, 7], [0, 1, 2, 3, 4, 5, 6, 7], [0, 1, 2, 3, 4, 5, 6, 7], [0, 1, 2, 3, 4, 5, 6, 7], [0, 1, 2, 3, 4, 5, 6, 7], [0, 1, 2, 3, 4, 5, 6, 7], [0, 1, 2, 3, 4, 5, 6, 7], [0, 1, 2, 3, 4, 5, 6, 7], [0, 1, 2, 3, 4, 5, 6, 7], [0, 1, 2, 3, 4, 5, 6, 7], [0, 1, 2, 3, 4, 5, 6, 7], [0, 1, 2, 3, 4, 5, 6, 7], [0, 1, 2, 3, 4, 5, 6, 7], [0, 1, 2, 3, 4, 5, 6, 7], [0, 1, 2, 3, 4, 5, 6, 7], [0, 1, 2, 3, 4, 5, 6, 7], [0, 1, 2, 3, 4, 5, 6, 7], [0, 1, 2, 3, 4, 5, 6, 7], [0, 1, 2, 3, 4, 5, 6, 7], [0, 1, 2, 3, 4, 5, 6, 7], [0, 1, 2, 3, 4, 5, 6, 7], [0, 1, 2, 3, 4, 5, 6, 7], [0, 1, 2, 3, 4, 5, 6, 7], [0, 1, 2, 3, 4, 5, 6, 7], [0, 1, 2, 3, 4, 5, 6, 7], [0, 1, 2, 3, 4, 5, 6, 7], [0, 1, 2, 3, 4, 5, 6, 7], [0, 1, 2, 3, 4, 5, 6, 7]]",sidecar,True,morton,0
gqa,fullload,FullLoad,1.0,full,n133585,202107931,Is the person to the left of the boy wearing jeans?,No,"[""no""]",1.0,1939,2,morton,0,fullload,,486.9568133726716,,,786.227851989679,790.7933900132775,18.81475397385657,809.6081439871341,1124073472,2176,64,,738.1675895303488,,,1.0,1.0,null,0.0,,1124073472,0,64,0,1124073472,17563648.0,17563648.0,0.0,,,,,null,,,,0
gqa,layout_prefix_chunk,Layout+Prefix,0.25,chunk,n133585,202107931,Is the person to the left of the boy wearing jeans?,The image shows three young people on a sidewalk. The person in the for,"[""no""]",0.0,450,16,morton,0,prefix,0.21981121972203255,166.21062450576574,44.79830281343311,241.7128289816901,39.56271195784211,281.3253399217501,268.8772060209885,550.2025459427387,285212672,512,65,191.3866859395057,0.0,8.0,34,0.23529411764705882,0.2537313432835821,"[0.2537313432835821, 0.2537313432835821, 0.2537313432835821, 0.2537313432835821, 0.2537313432835821, 0.2537313432835821, 0.2537313432835821, 0.2537313432835821, 0.2537313432835821, 0.2537313432835821, 0.2537313432835821, 0.2537313432835821, 0.2537313432835821, 0.2537313432835821, 0.2537313432835821, 0.2537313432835821, 0.2537313432835821, 0.2537313432835821, 0.2537313432835821, 0.2537313432835821, 0.2537313432835821, 0.2537313432835821, 0.2537313432835821, 0.2537313432835821, 0.2537313432835821, 0.2537313432835821, 0.2537313432835821, 0.2537313432835821, 0.2537313432835821, 0.2537313432835821, 0.2537313432835821, 0.2537313432835821]",0.0,256,268435456,16777216,64,1,285212672,4387887.261538462,4194304.0,16777216.0,0,0,0,prefix,"[[0, 1, 2, 3, 4, 5, 6, 7], [0, 1, 2, 3, 4, 5, 6, 7], [0, 1, 2, 3, 4, 5, 6, 7], [0, 1, 2, 3, 4, 5, 6, 7], [0, 1, 2, 3, 4, 5, 6, 7], [0, 1, 2, 3, 4, 5, 6, 7], [0, 1, 2, 3, 4, 5, 6, 7], [0, 1, 2, 3, 4, 5, 6, 7], [0, 1, 2, 3, 4, 5, 6, 7], [0, 1, 2, 3, 4, 5, 6, 7], [0, 1, 2, 3, 4, 5, 6, 7], [0, 1, 2, 3, 4, 5, 6, 7], [0, 1, 2, 3, 4, 5, 6, 7], [0, 1, 2, 3, 4, 5, 6, 7], [0, 1, 2, 3, 4, 5, 6, 7], [0, 1, 2, 3, 4, 5, 6, 7], [0, 1, 2, 3, 4, 5, 6, 7], [0, 1, 2, 3, 4, 5, 6, 7], [0, 1, 2, 3, 4, 5, 6, 7], [0, 1, 2, 3, 4, 5, 6, 7], [0, 1, 2, 3, 4, 5, 6, 7], [0, 1, 2, 3, 4, 5, 6, 7], [0, 1, 2, 3, 4, 5, 6, 7], [0, 1, 2, 3, 4, 5, 6, 7], [0, 1, 2, 3, 4, 5, 6, 7], [0, 1, 2, 3, 4, 5, 6, 7], [0, 1, 2, 3, 4, 5, 6, 7], [0, 1, 2, 3, 4, 5, 6, 7], [0, 1, 2, 3, 4, 5, 6, 7], [0, 1, 2, 3, 4, 5, 6, 7], [0, 1, 2, 3, 4, 5, 6, 7], [0, 1, 2, 3, 4, 5, 6, 7]]",sidecar,True,morton,0
gqa,fullload,FullLoad,1.0,full,n133585,202107938,Is the fat person to the right or to the left of the boy that is wearing pants?,Right,"[""left""]",0.0,10428,2,morton,0,fullload,,487.66903788782656,,,737.1453009545803,741.789106046781,19.60672705899924,761.3958331057802,1124073472,2176,64,,680.9902192326263,,,1.0,1.0,null,0.0,,1124073472,0,64,0,1124073472,17563648.0,17563648.0,0.0,,,,,null,,,,0
gqa,layout_prefix_chunk,Layout+Prefix,0.25,chunk,n133585,202107938,Is the fat person to the right or to the left of the boy that is wearing pants?,The boy on the right is wearing a blue beanie and a black tank,"[""left""]",0.0,450,16,morton,0,prefix,0.24633680004626513,157.9614244401455,50.62464659567922,239.82488899491727,47.66689194366336,287.5578480307013,271.2295730598271,558.7874210905284,285212672,512,65,183.44405281823128,0.0,8.0,34,0.23529411764705882,0.2537313432835821,"[0.2537313432835821, 0.2537313432835821, 0.2537313432835821, 0.2537313432835821, 0.2537313432835821, 0.2537313432835821, 0.2537313432835821, 0.2537313432835821, 0.2537313432835821, 0.2537313432835821, 0.2537313432835821, 0.2537313432835821, 0.2537313432835821, 0.2537313432835821, 0.2537313432835821, 0.2537313432835821, 0.2537313432835821, 0.2537313432835821, 0.2537313432835821, 0.2537313432835821, 0.2537313432835821, 0.2537313432835821, 0.2537313432835821, 0.2537313432835821, 0.2537313432835821, 0.2537313432835821, 0.2537313432835821, 0.2537313432835821, 0.2537313432835821, 0.2537313432835821, 0.2537313432835821, 0.2537313432835821]",0.0,256,268435456,16777216,64,1,285212672,4387887.261538462,4194304.0,16777216.0,0,0,0,prefix,"[[0, 1, 2, 3, 4, 5, 6, 7], [0, 1, 2, 3, 4, 5, 6, 7], [0, 1, 2, 3, 4, 5, 6, 7], [0, 1, 2, 3, 4, 5, 6, 7], [0, 1, 2, 3, 4, 5, 6, 7], [0, 1, 2, 3, 4, 5, 6, 7], [0, 1, 2, 3, 4, 5, 6, 7], [0, 1, 2, 3, 4, 5, 6, 7], [0, 1, 2, 3, 4, 5, 6, 7], [0, 1, 2, 3, 4, 5, 6, 7], [0, 1, 2, 3, 4, 5, 6, 7], [0, 1, 2, 3, 4, 5, 6, 7], [0, 1, 2, 3, 4, 5, 6, 7], [0, 1, 2, 3, 4, 5, 6, 7], [0, 1, 2, 3, 4, 5, 6, 7], [0, 1, 2, 3, 4, 5, 6, 7], [0, 1, 2, 3, 4, 5, 6, 7], [0, 1, 2, 3, 4, 5, 6, 7], [0, 1, 2, 3, 4, 5, 6, 7], [0, 1, 2, 3, 4, 5, 6, 7], [0, 1, 2, 3, 4, 5, 6, 7], [0, 1, 2, 3, 4, 5, 6, 7], [0, 1, 2, 3, 4, 5, 6, 7], [0, 1, 2, 3, 4, 5, 6, 7], [0, 1, 2, 3, 4, 5, 6, 7], [0, 1, 2, 3, 4, 5, 6, 7], [0, 1, 2, 3, 4, 5, 6, 7], [0, 1, 2, 3, 4, 5, 6, 7], [0, 1, 2, 3, 4, 5, 6, 7], [0, 1, 2, 3, 4, 5, 6, 7], [0, 1, 2, 3, 4, 5, 6, 7], [0, 1, 2, 3, 4, 5, 6, 7]]",sidecar,True,morton,0
gqa,fullload,FullLoad,1.0,full,n133585,202107808,Who is standing?,Boy,"[""boy""]",1.0,16231,2,morton,0,fullload,,444.37701581045985,,,683.0579339293763,687.7039549872279,19.35656205751002,707.0605170447379,1124073472,2176,64,,636.8555091321468,,,1.0,1.0,null,0.0,,1124073472,0,64,0,1124073472,17563648.0,17563648.0,0.0,,,,,null,,,,0
gqa,layout_prefix_chunk,Layout+Prefix,0.25,chunk,n133585,202107808,Who is standing?,The image shows three young people on a sidewalk. The person in the for,"[""boy""]",0.0,450,16,morton,0,prefix,0.26089069433510303,182.36209300812334,78.65052507258952,314.73305996041745,38.352869101800025,353.1395810423419,274.2190139833838,627.3585950257257,285212672,512,65,230.25404673535377,0.0,8.0,34,0.23529411764705882,0.2537313432835821,"[0.2537313432835821, 0.2537313432835821, 0.2537313432835821, 0.2537313432835821, 0.2537313432835821, 0.2537313432835821, 0.2537313432835821, 0.2537313432835821, 0.2537313432835821, 0.2537313432835821, 0.2537313432835821, 0.2537313432835821, 0.2537313432835821, 0.2537313432835821, 0.2537313432835821, 0.2537313432835821, 0.2537313432835821, 0.2537313432835821, 0.2537313432835821, 0.2537313432835821, 0.2537313432835821, 0.2537313432835821, 0.2537313432835821, 0.2537313432835821, 0.2537313432835821, 0.2537313432835821, 0.2537313432835821, 0.2537313432835821, 0.2537313432835821, 0.2537313432835821, 0.2537313432835821, 0.2537313432835821]",0.0,256,268435456,16777216,64,1,285212672,4387887.261538462,4194304.0,16777216.0,0,0,0,prefix,"[[0, 1, 2, 3, 4, 5, 6, 7], [0, 1, 2, 3, 4, 5, 6, 7], [0, 1, 2, 3, 4, 5, 6, 7], [0, 1, 2, 3, 4, 5, 6, 7], [0, 1, 2, 3, 4, 5, 6, 7], [0, 1, 2, 3, 4, 5, 6, 7], [0, 1, 2, 3, 4, 5, 6, 7], [0, 1, 2, 3, 4, 5, 6, 7], [0, 1, 2, 3, 4, 5, 6, 7], [0, 1, 2, 3, 4, 5, 6, 7], [0, 1, 2, 3, 4, 5, 6, 7], [0, 1, 2, 3, 4, 5, 6, 7], [0, 1, 2, 3, 4, 5, 6, 7], [0, 1, 2, 3, 4, 5, 6, 7], [0, 1, 2, 3, 4, 5, 6, 7], [0, 1, 2, 3, 4, 5, 6, 7], [0, 1, 2, 3, 4, 5, 6, 7], [0, 1, 2, 3, 4, 5, 6, 7], [0, 1, 2, 3, 4, 5, 6, 7], [0, 1, 2, 3, 4, 5, 6, 7], [0, 1, 2, 3, 4, 5, 6, 7], [0, 1, 2, 3, 4, 5, 6, 7], [0, 1, 2, 3, 4, 5, 6, 7], [0, 1, 2, 3, 4, 5, 6, 7], [0, 1, 2, 3, 4, 5, 6, 7], [0, 1, 2, 3, 4, 5, 6, 7], [0, 1, 2, 3, 4, 5, 6, 7], [0, 1, 2, 3, 4, 5, 6, 7], [0, 1, 2, 3, 4, 5, 6, 7], [0, 1, 2, 3, 4, 5, 6, 7], [0, 1, 2, 3, 4, 5, 6, 7], [0, 1, 2, 3, 4, 5, 6, 7]]",sidecar,True,morton,0
gqa,fullload,FullLoad,1.0,full,n272098,201535625,How is that food called?,Donut,"[""donuts""]",0.0,3872,3,morton,0,fullload,,730.0152463139966,,,1107.616632943973,1113.2506299763918,38.85748307220638,1152.1081130485982,1535115264,2944,64,,1023.5829676967114,,,1.0,1.0,null,0.0,,1535115264,0,64,0,1535115264,23986176.0,23986176.0,0.0,,,,,null,,,,0
gqa,layout_prefix_chunk,Layout+Prefix,0.25,chunk,n272098,201535625,How is that food called?,The woman in the image is smiling and holding a box of Krispy,"[""donuts""]",0.0,450,16,morton,0,prefix,0.35362120252102613,269.8863974073902,65.21489459555596,386.03295001666993,37.420059903524816,423.50642394740134,278.91380607616156,702.4202300235629,427819008,768,65,313.4787338785827,0.0,12.0,46,0.2608695652173913,0.2786885245901639,"[0.2786885245901639, 0.2786885245901639, 0.2786885245901639, 0.2786885245901639, 0.2786885245901639, 0.2786885245901639, 0.2786885245901639, 0.2786885245901639, 0.2786885245901639, 0.2786885245901639, 0.2786885245901639, 0.2786885245901639, 0.2786885245901639, 0.2786885245901639, 0.2786885245901639, 0.2786885245901639, 0.2786885245901639, 0.2786885245901639, 0.2786885245901639, 0.2786885245901639, 0.2786885245901639, 0.2786885245901639, 0.2786885245901639, 0.2786885245901639, 0.2786885245901639, 0.2786885245901639, 0.2786885245901639, 0.2786885245901639, 0.2786885245901639, 0.2786885245901639, 0.2786885245901639, 0.2786885245901639]",0.0,384,402653184,25165824,64,1,427819008,6581830.892307692,6291456.0,25165824.0,0,0,0,prefix,"[[0, 1, 2, 3, 4, 5, 6, 7, 8, 9, 10, 11], [0, 1, 2, 3, 4, 5, 6, 7, 8, 9, 10, 11], [0, 1, 2, 3, 4, 5, 6, 7, 8, 9, 10, 11], [0, 1, 2, 3, 4, 5, 6, 7, 8, 9, 10, 11], [0, 1, 2, 3, 4, 5, 6, 7, 8, 9, 10, 11], [0, 1, 2, 3, 4, 5, 6, 7, 8, 9, 10, 11], [0, 1, 2, 3, 4, 5, 6, 7, 8, 9, 10, 11], [0, 1, 2, 3, 4, 5, 6, 7, 8, 9, 10, 11], [0, 1, 2, 3, 4, 5, 6, 7, 8, 9, 10, 11], [0, 1, 2, 3, 4, 5, 6, 7, 8, 9, 10, 11], [0, 1, 2, 3, 4, 5, 6, 7, 8, 9, 10, 11], [0, 1, 2, 3, 4, 5, 6, 7, 8, 9, 10, 11], [0, 1, 2, 3, 4, 5, 6, 7, 8, 9, 10, 11], [0, 1, 2, 3, 4, 5, 6, 7, 8, 9, 10, 11], [0, 1, 2, 3, 4, 5, 6, 7, 8, 9, 10, 11], [0, 1, 2, 3, 4, 5, 6, 7, 8, 9, 10, 11], [0, 1, 2, 3, 4, 5, 6, 7, 8, 9, 10, 11], [0, 1, 2, 3, 4, 5, 6, 7, 8, 9, 10, 11], [0, 1, 2, 3, 4, 5, 6, 7, 8, 9, 10, 11], [0, 1, 2, 3, 4, 5, 6, 7, 8, 9, 10, 11], [0, 1, 2, 3, 4, 5, 6, 7, 8, 9, 10, 11], [0, 1, 2, 3, 4, 5, 6, 7, 8, 9, 10, 11], [0, 1, 2, 3, 4, 5, 6, 7, 8, 9, 10, 11], [0, 1, 2, 3, 4, 5, 6, 7, 8, 9, 10, 11], [0, 1, 2, 3, 4, 5, 6, 7, 8, 9, 10, 11], [0, 1, 2, 3, 4, 5, 6, 7, 8, 9, 10, 11], [0, 1, 2, 3, 4, 5, 6, 7, 8, 9, 10, 11], [0, 1, 2, 3, 4, 5, 6, 7, 8, 9, 10, 11], [0, 1, 2, 3, 4, 5, 6, 7, 8, 9, 10, 11], [0, 1, 2, 3, 4, 5, 6, 7, 8, 9, 10, 11], [0, 1, 2, 3, 4, 5, 6, 7, 8, 9, 10, 11], [0, 1, 2, 3, 4, 5, 6, 7, 8, 9, 10, 11]]",sidecar,True,morton,0
gqa,fullload,FullLoad,1.0,full,n272098,201535624,What kind of baked good is it?,Donut,"[""donuts""]",0.0,3872,3,morton,0,fullload,,527.9120550258085,,,807.6554510043934,813.1616580067202,38.161228061653674,851.3228860683739,1535115264,2944,64,,761.827873182483,,,1.0,1.0,null,0.0,,1535115264,0,64,0,1535115264,23986176.0,23986176.0,0.0,,,,,null,,,,0
gqa,layout_prefix_chunk,Layout+Prefix,0.25,chunk,n272098,201535624,What kind of baked good is it?,The woman in the image is smiling and holding a box of Krispy,"[""donuts""]",0.0,450,16,morton,0,prefix,0.33694517333060503,189.1147360438481,67.3642479814589,303.63094608765095,41.790834977291524,345.49082804005593,269.9022360611707,615.3930641012266,427819008,768,65,229.22584984917194,0.0,12.0,46,0.2608695652173913,0.2786885245901639,"[0.2786885245901639, 0.2786885245901639, 0.2786885245901639, 0.2786885245901639, 0.2786885245901639, 0.2786885245901639, 0.2786885245901639, 0.2786885245901639, 0.2786885245901639, 0.2786885245901639, 0.2786885245901639, 0.2786885245901639, 0.2786885245901639, 0.2786885245901639, 0.2786885245901639, 0.2786885245901639, 0.2786885245901639, 0.2786885245901639, 0.2786885245901639, 0.2786885245901639, 0.2786885245901639, 0.2786885245901639, 0.2786885245901639, 0.2786885245901639, 0.2786885245901639, 0.2786885245901639, 0.2786885245901639, 0.2786885245901639, 0.2786885245901639, 0.2786885245901639, 0.2786885245901639, 0.2786885245901639]",0.0,384,402653184,25165824,64,1,427819008,6581830.892307692,6291456.0,25165824.0,0,0,0,prefix,"[[0, 1, 2, 3, 4, 5, 6, 7, 8, 9, 10, 11], [0, 1, 2, 3, 4, 5, 6, 7, 8, 9, 10, 11], [0, 1, 2, 3, 4, 5, 6, 7, 8, 9, 10, 11], [0, 1, 2, 3, 4, 5, 6, 7, 8, 9, 10, 11], [0, 1, 2, 3, 4, 5, 6, 7, 8, 9, 10, 11], [0, 1, 2, 3, 4, 5, 6, 7, 8, 9, 10, 11], [0, 1, 2, 3, 4, 5, 6, 7, 8, 9, 10, 11], [0, 1, 2, 3, 4, 5, 6, 7, 8, 9, 10, 11], [0, 1, 2, 3, 4, 5, 6, 7, 8, 9, 10, 11], [0, 1, 2, 3, 4, 5, 6, 7, 8, 9, 10, 11], [0, 1, 2, 3, 4, 5, 6, 7, 8, 9, 10, 11], [0, 1, 2, 3, 4, 5, 6, 7, 8, 9, 10, 11], [0, 1, 2, 3, 4, 5, 6, 7, 8, 9, 10, 11], [0, 1, 2, 3, 4, 5, 6, 7, 8, 9, 10, 11], [0, 1, 2, 3, 4, 5, 6, 7, 8, 9, 10, 11], [0, 1, 2, 3, 4, 5, 6, 7, 8, 9, 10, 11], [0, 1, 2, 3, 4, 5, 6, 7, 8, 9, 10, 11], [0, 1, 2, 3, 4, 5, 6, 7, 8, 9, 10, 11], [0, 1, 2, 3, 4, 5, 6, 7, 8, 9, 10, 11], [0, 1, 2, 3, 4, 5, 6, 7, 8, 9, 10, 11], [0, 1, 2, 3, 4, 5, 6, 7, 8, 9, 10, 11], [0, 1, 2, 3, 4, 5, 6, 7, 8, 9, 10, 11], [0, 1, 2, 3, 4, 5, 6, 7, 8, 9, 10, 11], [0, 1, 2, 3, 4, 5, 6, 7, 8, 9, 10, 11], [0, 1, 2, 3, 4, 5, 6, 7, 8, 9, 10, 11], [0, 1, 2, 3, 4, 5, 6, 7, 8, 9, 10, 11], [0, 1, 2, 3, 4, 5, 6, 7, 8, 9, 10, 11], [0, 1, 2, 3, 4, 5, 6, 7, 8, 9, 10, 11], [0, 1, 2, 3, 4, 5, 6, 7, 8, 9, 10, 11], [0, 1, 2, 3, 4, 5, 6, 7, 8, 9, 10, 11], [0, 1, 2, 3, 4, 5, 6, 7, 8, 9, 10, 11], [0, 1, 2, 3, 4, 5, 6, 7, 8, 9, 10, 11]]",sidecar,True,morton,0
gqa,fullload,FullLoad,1.0,full,n272098,201535627,How is the glazed food called?,Donut,"[""donuts""]",0.0,3872,3,morton,0,fullload,,611.1990929348394,,,957.0140520809218,962.7071080030873,43.943636934272945,1006.6507449373603,1535115264,2944,64,,895.3585622366518,,,1.0,1.0,null,0.0,,1535115264,0,64,0,1535115264,23986176.0,23986176.0,0.0,,,,,null,,,,0
gqa,layout_prefix_chunk,Layout+Prefix,0.25,chunk,n272098,201535627,How is the glazed food called?,"The word ""since"" is an adverb that means ""from that time on","[""donuts""]",0.0,450,16,morton,0,prefix,0.2691682893782854,207.67032413277775,57.190097868442535,303.65839402657,37.42667194455862,341.13502805121243,271.0068270098418,612.1418550610542,427819008,768,65,239.72274735569954,0.0,12.0,46,0.2608695652173913,0.2786885245901639,"[0.2786885245901639, 0.2786885245901639, 0.2786885245901639, 0.2786885245901639, 0.2786885245901639, 0.2786885245901639, 0.2786885245901639, 0.2786885245901639, 0.2786885245901639, 0.2786885245901639, 0.2786885245901639, 0.2786885245901639, 0.2786885245901639, 0.2786885245901639, 0.2786885245901639, 0.2786885245901639, 0.2786885245901639, 0.2786885245901639, 0.2786885245901639, 0.2786885245901639, 0.2786885245901639, 0.2786885245901639, 0.2786885245901639, 0.2786885245901639, 0.2786885245901639, 0.2786885245901639, 0.2786885245901639, 0.2786885245901639, 0.2786885245901639, 0.2786885245901639, 0.2786885245901639, 0.2786885245901639]",0.0,384,402653184,25165824,64,1,427819008,6581830.892307692,6291456.0,25165824.0,0,0,0,prefix,"[[0, 1, 2, 3, 4, 5, 6, 7, 8, 9, 10, 11], [0, 1, 2, 3, 4, 5, 6, 7, 8, 9, 10, 11], [0, 1, 2, 3, 4, 5, 6, 7, 8, 9, 10, 11], [0, 1, 2, 3, 4, 5, 6, 7, 8, 9, 10, 11], [0, 1, 2, 3, 4, 5, 6, 7, 8, 9, 10, 11], [0, 1, 2, 3, 4, 5, 6, 7, 8, 9, 10, 11], [0, 1, 2, 3, 4, 5, 6, 7, 8, 9, 10, 11], [0, 1, 2, 3, 4, 5, 6, 7, 8, 9, 10, 11], [0, 1, 2, 3, 4, 5, 6, 7, 8, 9, 10, 11], [0, 1, 2, 3, 4, 5, 6, 7, 8, 9, 10, 11], [0, 1, 2, 3, 4, 5, 6, 7, 8, 9, 10, 11], [0, 1, 2, 3, 4, 5, 6, 7, 8, 9, 10, 11], [0, 1, 2, 3, 4, 5, 6, 7, 8, 9, 10, 11], [0, 1, 2, 3, 4, 5, 6, 7, 8, 9, 10, 11], [0, 1, 2, 3, 4, 5, 6, 7, 8, 9, 10, 11], [0, 1, 2, 3, 4, 5, 6, 7, 8, 9, 10, 11], [0, 1, 2, 3, 4, 5, 6, 7, 8, 9, 10, 11], [0, 1, 2, 3, 4, 5, 6, 7, 8, 9, 10, 11], [0, 1, 2, 3, 4, 5, 6, 7, 8, 9, 10, 11], [0, 1, 2, 3, 4, 5, 6, 7, 8, 9, 10, 11], [0, 1, 2, 3, 4, 5, 6, 7, 8, 9, 10, 11], [0, 1, 2, 3, 4, 5, 6, 7, 8, 9, 10, 11], [0, 1, 2, 3, 4, 5, 6, 7, 8, 9, 10, 11], [0, 1, 2, 3, 4, 5, 6, 7, 8, 9, 10, 11], [0, 1, 2, 3, 4, 5, 6, 7, 8, 9, 10, 11], [0, 1, 2, 3, 4, 5, 6, 7, 8, 9, 10, 11], [0, 1, 2, 3, 4, 5, 6, 7, 8, 9, 10, 11], [0, 1, 2, 3, 4, 5, 6, 7, 8, 9, 10, 11], [0, 1, 2, 3, 4, 5, 6, 7, 8, 9, 10, 11], [0, 1, 2, 3, 4, 5, 6, 7, 8, 9, 10, 11], [0, 1, 2, 3, 4, 5, 6, 7, 8, 9, 10, 11], [0, 1, 2, 3, 4, 5, 6, 7, 8, 9, 10, 11]]",sidecar,True,morton,0
gqa,fullload,FullLoad,1.0,full,n272098,201535605,Is the box different in color than the hat?,Yes,"[""no""]",0.0,3869,2,morton,0,fullload,,640.0734793860465,,,1032.4753409950063,1038.056944962591,19.043102976866066,1057.100047939457,1535115264,2944,64,,964.014231110923,,,1.0,1.0,null,0.0,,1535115264,0,64,0,1535115264,23986176.0,23986176.0,0.0,,,,,null,,,,0
gqa,layout_prefix_chunk,Layout+Prefix,0.25,chunk,n272098,201535605,Is the box different in color than the hat?,The woman in the image is smiling and holding a box of Krispy,"[""no""]",0.0,450,16,morton,0,prefix,0.3176421159878373,190.62478945124894,64.28509275428951,299.4821830652654,42.94846998527646,342.497679986991,270.5778480740264,613.0755280610174,427819008,768,65,228.17040234804153,0.0,12.0,46,0.2608695652173913,0.2786885245901639,"[0.2786885245901639, 0.2786885245901639, 0.2786885245901639, 0.2786885245901639, 0.2786885245901639, 0.2786885245901639, 0.2786885245901639, 0.2786885245901639, 0.2786885245901639, 0.2786885245901639, 0.2786885245901639, 0.2786885245901639, 0.2786885245901639, 0.2786885245901639, 0.2786885245901639, 0.2786885245901639, 0.2786885245901639, 0.2786885245901639, 0.2786885245901639, 0.2786885245901639, 0.2786885245901639, 0.2786885245901639, 0.2786885245901639, 0.2786885245901639, 0.2786885245901639, 0.2786885245901639, 0.2786885245901639, 0.2786885245901639, 0.2786885245901639, 0.2786885245901639, 0.2786885245901639, 0.2786885245901639]",0.0,384,402653184,25165824,64,1,427819008,6581830.892307692,6291456.0,25165824.0,0,0,0,prefix,"[[0, 1, 2, 3, 4, 5, 6, 7, 8, 9, 10, 11], [0, 1, 2, 3, 4, 5, 6, 7, 8, 9, 10, 11], [0, 1, 2, 3, 4, 5, 6, 7, 8, 9, 10, 11], [0, 1, 2, 3, 4, 5, 6, 7, 8, 9, 10, 11], [0, 1, 2, 3, 4, 5, 6, 7, 8, 9, 10, 11], [0, 1, 2, 3, 4, 5, 6, 7, 8, 9, 10, 11], [0, 1, 2, 3, 4, 5, 6, 7, 8, 9, 10, 11], [0, 1, 2, 3, 4, 5, 6, 7, 8, 9, 10, 11], [0, 1, 2, 3, 4, 5, 6, 7, 8, 9, 10, 11], [0, 1, 2, 3, 4, 5, 6, 7, 8, 9, 10, 11], [0, 1, 2, 3, 4, 5, 6, 7, 8, 9, 10, 11], [0, 1, 2, 3, 4, 5, 6, 7, 8, 9, 10, 11], [0, 1, 2, 3, 4, 5, 6, 7, 8, 9, 10, 11], [0, 1, 2, 3, 4, 5, 6, 7, 8, 9, 10, 11], [0, 1, 2, 3, 4, 5, 6, 7, 8, 9, 10, 11], [0, 1, 2, 3, 4, 5, 6, 7, 8, 9, 10, 11], [0, 1, 2, 3, 4, 5, 6, 7, 8, 9, 10, 11], [0, 1, 2, 3, 4, 5, 6, 7, 8, 9, 10, 11], [0, 1, 2, 3, 4, 5, 6, 7, 8, 9, 10, 11], [0, 1, 2, 3, 4, 5, 6, 7, 8, 9, 10, 11], [0, 1, 2, 3, 4, 5, 6, 7, 8, 9, 10, 11], [0, 1, 2, 3, 4, 5, 6, 7, 8, 9, 10, 11], [0, 1, 2, 3, 4, 5, 6, 7, 8, 9, 10, 11], [0, 1, 2, 3, 4, 5, 6, 7, 8, 9, 10, 11], [0, 1, 2, 3, 4, 5, 6, 7, 8, 9, 10, 11], [0, 1, 2, 3, 4, 5, 6, 7, 8, 9, 10, 11], [0, 1, 2, 3, 4, 5, 6, 7, 8, 9, 10, 11], [0, 1, 2, 3, 4, 5, 6, 7, 8, 9, 10, 11], [0, 1, 2, 3, 4, 5, 6, 7, 8, 9, 10, 11], [0, 1, 2, 3, 4, 5, 6, 7, 8, 9, 10, 11], [0, 1, 2, 3, 4, 5, 6, 7, 8, 9, 10, 11], [0, 1, 2, 3, 4, 5, 6, 7, 8, 9, 10, 11]]",sidecar,True,morton,0
gqa,fullload,FullLoad,1.0,full,n272098,201535661,"How do the food to the left of the rope look, white or dark brown?",Dark brown,"[""dark brown""]",1.0,15317,3,morton,0,fullload,,545.6367108272389,,,853.7643509916961,859.2914079781622,38.912237039767206,898.2036450179294,1535115264,2944,64,,806.4106499077752,,,1.0,1.0,null,0.0,,1535115264,0,64,0,1535115264,23986176.0,23986176.0,0.0,,,,,null,,,,0
gqa,layout_prefix_chunk,Layout+Prefix,0.25,chunk,n272098,201535661,"How do the food to the left of the rope look, white or dark brown?",The girl is smiling.,"[""dark brown""]",0.0,450,7,morton,0,prefix,0.29724882915616035,216.59807628020644,63.3047369774431,324.81052400544286,43.95871702581644,368.832623003982,109.23641896806657,478.0690419720486,427819008,768,65,251.7396246548742,0.0,12.0,46,0.2608695652173913,0.2786885245901639,"[0.2786885245901639, 0.2786885245901639, 0.2786885245901639, 0.2786885245901639, 0.2786885245901639, 0.2786885245901639, 0.2786885245901639, 0.2786885245901639, 0.2786885245901639, 0.2786885245901639, 0.2786885245901639, 0.2786885245901639, 0.2786885245901639, 0.2786885245901639, 0.2786885245901639, 0.2786885245901639, 0.2786885245901639, 0.2786885245901639, 0.2786885245901639, 0.2786885245901639, 0.2786885245901639, 0.2786885245901639, 0.2786885245901639, 0.2786885245901639, 0.2786885245901639, 0.2786885245901639, 0.2786885245901639, 0.2786885245901639, 0.2786885245901639, 0.2786885245901639, 0.2786885245901639, 0.2786885245901639]",0.0,384,402653184,25165824,64,1,427819008,6581830.892307692,6291456.0,25165824.0,0,0,0,prefix,"[[0, 1, 2, 3, 4, 5, 6, 7, 8, 9, 10, 11], [0, 1, 2, 3, 4, 5, 6, 7, 8, 9, 10, 11], [0, 1, 2, 3, 4, 5, 6, 7, 8, 9, 10, 11], [0, 1, 2, 3, 4, 5, 6, 7, 8, 9, 10, 11], [0, 1, 2, 3, 4, 5, 6, 7, 8, 9, 10, 11], [0, 1, 2, 3, 4, 5, 6, 7, 8, 9, 10, 11], [0, 1, 2, 3, 4, 5, 6, 7, 8, 9, 10, 11], [0, 1, 2, 3, 4, 5, 6, 7, 8, 9, 10, 11], [0, 1, 2, 3, 4, 5, 6, 7, 8, 9, 10, 11], [0, 1, 2, 3, 4, 5, 6, 7, 8, 9, 10, 11], [0, 1, 2, 3, 4, 5, 6, 7, 8, 9, 10, 11], [0, 1, 2, 3, 4, 5, 6, 7, 8, 9, 10, 11], [0, 1, 2, 3, 4, 5, 6, 7, 8, 9, 10, 11], [0, 1, 2, 3, 4, 5, 6, 7, 8, 9, 10, 11], [0, 1, 2, 3, 4, 5, 6, 7, 8, 9, 10, 11], [0, 1, 2, 3, 4, 5, 6, 7, 8, 9, 10, 11], [0, 1, 2, 3, 4, 5, 6, 7, 8, 9, 10, 11], [0, 1, 2, 3, 4, 5, 6, 7, 8, 9, 10, 11], [0, 1, 2, 3, 4, 5, 6, 7, 8, 9, 10, 11], [0, 1, 2, 3, 4, 5, 6, 7, 8, 9, 10, 11], [0, 1, 2, 3, 4, 5, 6, 7, 8, 9, 10, 11], [0, 1, 2, 3, 4, 5, 6, 7, 8, 9, 10, 11], [0, 1, 2, 3, 4, 5, 6, 7, 8, 9, 10, 11], [0, 1, 2, 3, 4, 5, 6, 7, 8, 9, 10, 11], [0, 1, 2, 3, 4, 5, 6, 7, 8, 9, 10, 11], [0, 1, 2, 3, 4, 5, 6, 7, 8, 9, 10, 11], [0, 1, 2, 3, 4, 5, 6, 7, 8, 9, 10, 11], [0, 1, 2, 3, 4, 5, 6, 7, 8, 9, 10, 11], [0, 1, 2, 3, 4, 5, 6, 7, 8, 9, 10, 11], [0, 1, 2, 3, 4, 5, 6, 7, 8, 9, 10, 11], [0, 1, 2, 3, 4, 5, 6, 7, 8, 9, 10, 11], [0, 1, 2, 3, 4, 5, 6, 7, 8, 9, 10, 11]]",sidecar,True,morton,0
gqa,fullload,FullLoad,1.0,full,n272098,201535640,What food is frosted?,Donut,"[""donuts""]",0.0,3872,3,morton,0,fullload,,519.1240293206647,,,809.225625009276,814.8419701028615,38.85572496801615,853.6976950708777,1535115264,2944,64,,759.8593008005992,,,1.0,1.0,null,0.0,,1535115264,0,64,0,1535115264,23986176.0,23986176.0,0.0,,,,,null,,,,0
gqa,layout_prefix_chunk,Layout+Prefix,0.25,chunk,n272098,201535640,What food is frosted?,The image shows a person holding a box of Krispy Kreme dough,"[""donuts""]",0.0,450,16,morton,0,prefix,0.3574751317501068,221.18029301054776,71.33220857940614,342.23717090208083,53.20081894751638,395.5034549580887,272.43270294275135,667.93615790084,427819008,768,65,263.6477160267532,0.0,12.0,46,0.2608695652173913,0.2786885245901639,"[0.2786885245901639, 0.2786885245901639, 0.2786885245901639, 0.2786885245901639, 0.2786885245901639, 0.2786885245901639, 0.2786885245901639, 0.2786885245901639, 0.2786885245901639, 0.2786885245901639, 0.2786885245901639, 0.2786885245901639, 0.2786885245901639, 0.2786885245901639, 0.2786885245901639, 0.2786885245901639, 0.2786885245901639, 0.2786885245901639, 0.2786885245901639, 0.2786885245901639, 0.2786885245901639, 0.2786885245901639, 0.2786885245901639, 0.2786885245901639, 0.2786885245901639, 0.2786885245901639, 0.2786885245901639, 0.2786885245901639, 0.2786885245901639, 0.2786885245901639, 0.2786885245901639, 0.2786885245901639]",0.0,384,402653184,25165824,64,1,427819008,6581830.892307692,6291456.0,25165824.0,0,0,0,prefix,"[[0, 1, 2, 3, 4, 5, 6, 7, 8, 9, 10, 11], [0, 1, 2, 3, 4, 5, 6, 7, 8, 9, 10, 11], [0, 1, 2, 3, 4, 5, 6, 7, 8, 9, 10, 11], [0, 1, 2, 3, 4, 5, 6, 7, 8, 9, 10, 11], [0, 1, 2, 3, 4, 5, 6, 7, 8, 9, 10, 11], [0, 1, 2, 3, 4, 5, 6, 7, 8, 9, 10, 11], [0, 1, 2, 3, 4, 5, 6, 7, 8, 9, 10, 11], [0, 1, 2, 3, 4, 5, 6, 7, 8, 9, 10, 11], [0, 1, 2, 3, 4, 5, 6, 7, 8, 9, 10, 11], [0, 1, 2, 3, 4, 5, 6, 7, 8, 9, 10, 11], [0, 1, 2, 3, 4, 5, 6, 7, 8, 9, 10, 11], [0, 1, 2, 3, 4, 5, 6, 7, 8, 9, 10, 11], [0, 1, 2, 3, 4, 5, 6, 7, 8, 9, 10, 11], [0, 1, 2, 3, 4, 5, 6, 7, 8, 9, 10, 11], [0, 1, 2, 3, 4, 5, 6, 7, 8, 9, 10, 11], [0, 1, 2, 3, 4, 5, 6, 7, 8, 9, 10, 11], [0, 1, 2, 3, 4, 5, 6, 7, 8, 9, 10, 11], [0, 1, 2, 3, 4, 5, 6, 7, 8, 9, 10, 11], [0, 1, 2, 3, 4, 5, 6, 7, 8, 9, 10, 11], [0, 1, 2, 3, 4, 5, 6, 7, 8, 9, 10, 11], [0, 1, 2, 3, 4, 5, 6, 7, 8, 9, 10, 11], [0, 1, 2, 3, 4, 5, 6, 7, 8, 9, 10, 11], [0, 1, 2, 3, 4, 5, 6, 7, 8, 9, 10, 11], [0, 1, 2, 3, 4, 5, 6, 7, 8, 9, 10, 11], [0, 1, 2, 3, 4, 5, 6, 7, 8, 9, 10, 11], [0, 1, 2, 3, 4, 5, 6, 7, 8, 9, 10, 11], [0, 1, 2, 3, 4, 5, 6, 7, 8, 9, 10, 11], [0, 1, 2, 3, 4, 5, 6, 7, 8, 9, 10, 11], [0, 1, 2, 3, 4, 5, 6, 7, 8, 9, 10, 11], [0, 1, 2, 3, 4, 5, 6, 7, 8, 9, 10, 11], [0, 1, 2, 3, 4, 5, 6, 7, 8, 9, 10, 11], [0, 1, 2, 3, 4, 5, 6, 7, 8, 9, 10, 11]]",sidecar,True,morton,0
gqa,fullload,FullLoad,1.0,full,n472825,202101069,What is the gender of the skateboarder to the right of the lamp?,Male,"[""female""]",0.0,27208,2,morton,0,fullload,,554.7415224136785,,,908.9482940034941,913.8408279977739,19.081588950939476,932.9224169487134,1226833920,2368,64,,858.8252291083336,,,1.0,1.0,null,0.0,,1226833920,0,64,0,1226833920,19169280.0,19169280.0,0.0,,,,,null,,,,0
gqa,layout_prefix_chunk,Layout+Prefix,0.25,chunk,n472825,202101069,What is the gender of the skateboarder to the right of the lamp?,The image shows two individuals performing a skateboarding trick on a stair,"[""female""]",0.0,450,16,morton,0,prefix,0.2142060548067093,164.77750393096358,44.836487038992345,240.27142603881657,36.760034039616585,277.07312104757875,271.3715808931738,548.4447019407526,320864256,576,65,189.79610118549317,0.0,9.0,37,0.24324324324324326,0.26153846153846155,"[0.26153846153846155, 0.26153846153846155, 0.26153846153846155, 0.26153846153846155, 0.26153846153846155, 0.26153846153846155, 0.26153846153846155, 0.26153846153846155, 0.26153846153846155, 0.26153846153846155, 0.26153846153846155, 0.26153846153846155, 0.26153846153846155, 0.26153846153846155, 0.26153846153846155, 0.26153846153846155, 0.26153846153846155, 0.26153846153846155, 0.26153846153846155, 0.26153846153846155, 0.26153846153846155, 0.26153846153846155, 0.26153846153846155, 0.26153846153846155, 0.26153846153846155, 0.26153846153846155, 0.26153846153846155, 0.26153846153846155, 0.26153846153846155, 0.26153846153846155, 0.26153846153846155, 0.26153846153846155]",0.0,288,301989888,18874368,64,1,320864256,4936373.169230769,4718592.0,18874368.0,0,0,0,prefix,"[[0, 1, 2, 3, 4, 5, 6, 7, 8], [0, 1, 2, 3, 4, 5, 6, 7, 8], [0, 1, 2, 3, 4, 5, 6, 7, 8], [0, 1, 2, 3, 4, 5, 6, 7, 8], [0, 1, 2, 3, 4, 5, 6, 7, 8], [0, 1, 2, 3, 4, 5, 6, 7, 8], [0, 1, 2, 3, 4, 5, 6, 7, 8], [0, 1, 2, 3, 4, 5, 6, 7, 8], [0, 1, 2, 3, 4, 5, 6, 7, 8], [0, 1, 2, 3, 4, 5, 6, 7, 8], [0, 1, 2, 3, 4, 5, 6, 7, 8], [0, 1, 2, 3, 4, 5, 6, 7, 8], [0, 1, 2, 3, 4, 5, 6, 7, 8], [0, 1, 2, 3, 4, 5, 6, 7, 8], [0, 1, 2, 3, 4, 5, 6, 7, 8], [0, 1, 2, 3, 4, 5, 6, 7, 8], [0, 1, 2, 3, 4, 5, 6, 7, 8], [0, 1, 2, 3, 4, 5, 6, 7, 8], [0, 1, 2, 3, 4, 5, 6, 7, 8], [0, 1, 2, 3, 4, 5, 6, 7, 8], [0, 1, 2, 3, 4, 5, 6, 7, 8], [0, 1, 2, 3, 4, 5, 6, 7, 8], [0, 1, 2, 3, 4, 5, 6, 7, 8], [0, 1, 2, 3, 4, 5, 6, 7, 8], [0, 1, 2, 3, 4, 5, 6, 7, 8], [0, 1, 2, 3, 4, 5, 6, 7, 8], [0, 1, 2, 3, 4, 5, 6, 7, 8], [0, 1, 2, 3, 4, 5, 6, 7, 8], [0, 1, 2, 3, 4, 5, 6, 7, 8], [0, 1, 2, 3, 4, 5, 6, 7, 8], [0, 1, 2, 3, 4, 5, 6, 7, 8], [0, 1, 2, 3, 4, 5, 6, 7, 8]]",sidecar,True,morton,0
gqa,fullload,FullLoad,1.0,full,n472825,202101167,Who is riding on a skateboard?,Boy,"[""skateboarder""]",0.0,16231,2,morton,0,fullload,,552.6610380038619,,,905.8425490511581,910.7232190435752,19.496922031976283,930.2201410755515,1226833920,2368,64,,856.5192040987313,,,1.0,1.0,null,0.0,,1226833920,0,64,0,1226833920,19169280.0,19169280.0,0.0,,,,,null,,,,0
gqa,layout_prefix_chunk,Layout+Prefix,0.25,chunk,n472825,202101167,Who is riding on a skateboard?,The image shows two individuals performing a skateboarding trick on a stair,"[""skateboarder""]",0.0,450,16,morton,0,prefix,0.1991171156987548,175.46883202157915,44.348984491080046,250.76656404417008,43.75284293200821,294.58380199503154,271.9706880161539,566.5544900111854,320864256,576,65,200.7348061306402,0.0,9.0,37,0.24324324324324326,0.26153846153846155,"[0.26153846153846155, 0.26153846153846155, 0.26153846153846155, 0.26153846153846155, 0.26153846153846155, 0.26153846153846155, 0.26153846153846155, 0.26153846153846155, 0.26153846153846155, 0.26153846153846155, 0.26153846153846155, 0.26153846153846155, 0.26153846153846155, 0.26153846153846155, 0.26153846153846155, 0.26153846153846155, 0.26153846153846155, 0.26153846153846155, 0.26153846153846155, 0.26153846153846155, 0.26153846153846155, 0.26153846153846155, 0.26153846153846155, 0.26153846153846155, 0.26153846153846155, 0.26153846153846155, 0.26153846153846155, 0.26153846153846155, 0.26153846153846155, 0.26153846153846155, 0.26153846153846155, 0.26153846153846155]",0.0,288,301989888,18874368,64,1,320864256,4936373.169230769,4718592.0,18874368.0,0,0,0,prefix,"[[0, 1, 2, 3, 4, 5, 6, 7, 8], [0, 1, 2, 3, 4, 5, 6, 7, 8], [0, 1, 2, 3, 4, 5, 6, 7, 8], [0, 1, 2, 3, 4, 5, 6, 7, 8], [0, 1, 2, 3, 4, 5, 6, 7, 8], [0, 1, 2, 3, 4, 5, 6, 7, 8], [0, 1, 2, 3, 4, 5, 6, 7, 8], [0, 1, 2, 3, 4, 5, 6, 7, 8], [0, 1, 2, 3, 4, 5, 6, 7, 8], [0, 1, 2, 3, 4, 5, 6, 7, 8], [0, 1, 2, 3, 4, 5, 6, 7, 8], [0, 1, 2, 3, 4, 5, 6, 7, 8], [0, 1, 2, 3, 4, 5, 6, 7, 8], [0, 1, 2, 3, 4, 5, 6, 7, 8], [0, 1, 2, 3, 4, 5, 6, 7, 8], [0, 1, 2, 3, 4, 5, 6, 7, 8], [0, 1, 2, 3, 4, 5, 6, 7, 8], [0, 1, 2, 3, 4, 5, 6, 7, 8], [0, 1, 2, 3, 4, 5, 6, 7, 8], [0, 1, 2, 3, 4, 5, 6, 7, 8], [0, 1, 2, 3, 4, 5, 6, 7, 8], [0, 1, 2, 3, 4, 5, 6, 7, 8], [0, 1, 2, 3, 4, 5, 6, 7, 8], [0, 1, 2, 3, 4, 5, 6, 7, 8], [0, 1, 2, 3, 4, 5, 6, 7, 8], [0, 1, 2, 3, 4, 5, 6, 7, 8], [0, 1, 2, 3, 4, 5, 6, 7, 8], [0, 1, 2, 3, 4, 5, 6, 7, 8], [0, 1, 2, 3, 4, 5, 6, 7, 8], [0, 1, 2, 3, 4, 5, 6, 7, 8], [0, 1, 2, 3, 4, 5, 6, 7, 8], [0, 1, 2, 3, 4, 5, 6, 7, 8]]",sidecar,True,morton,0
gqa,fullload,FullLoad,1.0,full,n472825,202101162,Who is wearing the jeans?,Boy,"[""skateboarder""]",0.0,16231,2,morton,0,fullload,,529.3382750824094,,,895.5665529938415,900.4126510117203,26.45664499141276,926.8692960031331,1226833920,2368,64,,847.915405058302,,,1.0,1.0,null,0.0,,1226833920,0,64,0,1226833920,19169280.0,19169280.0,0.0,,,,,null,,,,0
gqa,layout_prefix_chunk,Layout+Prefix,0.25,chunk,n472825,202101162,Who is wearing the jeans?,The image shows two individuals performing a skateboarding trick on a stair,"[""skateboarder""]",0.0,450,16,morton,0,prefix,0.26039103977382183,183.8094333652407,55.01611006911844,276.9919679267332,50.15926598571241,327.2157208994031,269.4807701045647,596.6964910039678,320864256,576,65,215.67969711031765,0.0,9.0,37,0.24324324324324326,0.26153846153846155,"[0.26153846153846155, 0.26153846153846155, 0.26153846153846155, 0.26153846153846155, 0.26153846153846155, 0.26153846153846155, 0.26153846153846155, 0.26153846153846155, 0.26153846153846155, 0.26153846153846155, 0.26153846153846155, 0.26153846153846155, 0.26153846153846155, 0.26153846153846155, 0.26153846153846155, 0.26153846153846155, 0.26153846153846155, 0.26153846153846155, 0.26153846153846155, 0.26153846153846155, 0.26153846153846155, 0.26153846153846155, 0.26153846153846155, 0.26153846153846155, 0.26153846153846155, 0.26153846153846155, 0.26153846153846155, 0.26153846153846155, 0.26153846153846155, 0.26153846153846155, 0.26153846153846155, 0.26153846153846155]",0.0,288,301989888,18874368,64,1,320864256,4936373.169230769,4718592.0,18874368.0,0,0,0,prefix,"[[0, 1, 2, 3, 4, 5, 6, 7, 8], [0, 1, 2, 3, 4, 5, 6, 7, 8], [0, 1, 2, 3, 4, 5, 6, 7, 8], [0, 1, 2, 3, 4, 5, 6, 7, 8], [0, 1, 2, 3, 4, 5, 6, 7, 8], [0, 1, 2, 3, 4, 5, 6, 7, 8], [0, 1, 2, 3, 4, 5, 6, 7, 8], [0, 1, 2, 3, 4, 5, 6, 7, 8], [0, 1, 2, 3, 4, 5, 6, 7, 8], [0, 1, 2, 3, 4, 5, 6, 7, 8], [0, 1, 2, 3, 4, 5, 6, 7, 8], [0, 1, 2, 3, 4, 5, 6, 7, 8], [0, 1, 2, 3, 4, 5, 6, 7, 8], [0, 1, 2, 3, 4, 5, 6, 7, 8], [0, 1, 2, 3, 4, 5, 6, 7, 8], [0, 1, 2, 3, 4, 5, 6, 7, 8], [0, 1, 2, 3, 4, 5, 6, 7, 8], [0, 1, 2, 3, 4, 5, 6, 7, 8], [0, 1, 2, 3, 4, 5, 6, 7, 8], [0, 1, 2, 3, 4, 5, 6, 7, 8], [0, 1, 2, 3, 4, 5, 6, 7, 8], [0, 1, 2, 3, 4, 5, 6, 7, 8], [0, 1, 2, 3, 4, 5, 6, 7, 8], [0, 1, 2, 3, 4, 5, 6, 7, 8], [0, 1, 2, 3, 4, 5, 6, 7, 8], [0, 1, 2, 3, 4, 5, 6, 7, 8], [0, 1, 2, 3, 4, 5, 6, 7, 8], [0, 1, 2, 3, 4, 5, 6, 7, 8], [0, 1, 2, 3, 4, 5, 6, 7, 8], [0, 1, 2, 3, 4, 5, 6, 7, 8], [0, 1, 2, 3, 4, 5, 6, 7, 8], [0, 1, 2, 3, 4, 5, 6, 7, 8]]",sidecar,True,morton,0
gqa,fullload,FullLoad,1.0,full,n472825,202101163,What is the skateboarder that is not female wearing?,Jeans,"[""jeans""]",1.0,2581,3,morton,0,fullload,,471.3786557549611,,,745.1357779791579,750.2226859796792,39.007080020383,789.2297660000622,1226833920,2368,64,,699.0827565314248,,,1.0,1.0,null,0.0,,1226833920,0,64,0,1226833920,19169280.0,19169280.0,0.0,,,,,null,,,,0
gqa,layout_prefix_chunk,Layout+Prefix,0.25,chunk,n472825,202101163,What is the skateboarder that is not female wearing?,The image shows two individuals performing a skateboarding trick on a stair,"[""jeans""]",0.0,450,16,morton,0,prefix,0.2507786266505718,194.97589231468737,54.7904463019222,287.67101594712585,63.76272195484489,351.49651498068124,287.3664479702711,638.8629629509524,320864256,576,65,226.78320191334933,0.0,9.0,37,0.24324324324324326,0.26153846153846155,"[0.26153846153846155, 0.26153846153846155, 0.26153846153846155, 0.26153846153846155, 0.26153846153846155, 0.26153846153846155, 0.26153846153846155, 0.26153846153846155, 0.26153846153846155, 0.26153846153846155, 0.26153846153846155, 0.26153846153846155, 0.26153846153846155, 0.26153846153846155, 0.26153846153846155, 0.26153846153846155, 0.26153846153846155, 0.26153846153846155, 0.26153846153846155, 0.26153846153846155, 0.26153846153846155, 0.26153846153846155, 0.26153846153846155, 0.26153846153846155, 0.26153846153846155, 0.26153846153846155, 0.26153846153846155, 0.26153846153846155, 0.26153846153846155, 0.26153846153846155, 0.26153846153846155, 0.26153846153846155]",0.0,288,301989888,18874368,64,1,320864256,4936373.169230769,4718592.0,18874368.0,0,0,0,prefix,"[[0, 1, 2, 3, 4, 5, 6, 7, 8], [0, 1, 2, 3, 4, 5, 6, 7, 8], [0, 1, 2, 3, 4, 5, 6, 7, 8], [0, 1, 2, 3, 4, 5, 6, 7, 8], [0, 1, 2, 3, 4, 5, 6, 7, 8], [0, 1, 2, 3, 4, 5, 6, 7, 8], [0, 1, 2, 3, 4, 5, 6, 7, 8], [0, 1, 2, 3, 4, 5, 6, 7, 8], [0, 1, 2, 3, 4, 5, 6, 7, 8], [0, 1, 2, 3, 4, 5, 6, 7, 8], [0, 1, 2, 3, 4, 5, 6, 7, 8], [0, 1, 2, 3, 4, 5, 6, 7, 8], [0, 1, 2, 3, 4, 5, 6, 7, 8], [0, 1, 2, 3, 4, 5, 6, 7, 8], [0, 1, 2, 3, 4, 5, 6, 7, 8], [0, 1, 2, 3, 4, 5, 6, 7, 8], [0, 1, 2, 3, 4, 5, 6, 7, 8], [0, 1, 2, 3, 4, 5, 6, 7, 8], [0, 1, 2, 3, 4, 5, 6, 7, 8], [0, 1, 2, 3, 4, 5, 6, 7, 8], [0, 1, 2, 3, 4, 5, 6, 7, 8], [0, 1, 2, 3, 4, 5, 6, 7, 8], [0, 1, 2, 3, 4, 5, 6, 7, 8], [0, 1, 2, 3, 4, 5, 6, 7, 8], [0, 1, 2, 3, 4, 5, 6, 7, 8], [0, 1, 2, 3, 4, 5, 6, 7, 8], [0, 1, 2, 3, 4, 5, 6, 7, 8], [0, 1, 2, 3, 4, 5, 6, 7, 8], [0, 1, 2, 3, 4, 5, 6, 7, 8], [0, 1, 2, 3, 4, 5, 6, 7, 8], [0, 1, 2, 3, 4, 5, 6, 7, 8], [0, 1, 2, 3, 4, 5, 6, 7, 8]]",sidecar,True,morton,0
gqa,fullload,FullLoad,1.0,full,n472825,202101161,Who is wearing jeans?,Boy,"[""skateboarder""]",0.0,16231,2,morton,0,fullload,,544.8462907224894,,,913.1532099563628,918.0815829895437,22.62497111223638,940.7065541017801,1226833920,2368,64,,865.9821398323402,,,1.0,1.0,null,0.0,,1226833920,0,64,0,1226833920,19169280.0,19169280.0,0.0,,,,,null,,,,0
gqa,layout_prefix_chunk,Layout+Prefix,0.25,chunk,n472825,202101161,Who is wearing jeans?,The image shows two individuals performing a skateboarding trick on a stair,"[""skateboarder""]",0.0,450,16,morton,0,prefix,0.2488391473889351,176.9490127917379,54.13040076382458,268.10144109185785,47.22030705306679,315.3861240716651,270.1171989319846,585.5033230036497,320864256,576,65,207.87419204134494,0.0,9.0,37,0.24324324324324326,0.26153846153846155,"[0.26153846153846155, 0.26153846153846155, 0.26153846153846155, 0.26153846153846155, 0.26153846153846155, 0.26153846153846155, 0.26153846153846155, 0.26153846153846155, 0.26153846153846155, 0.26153846153846155, 0.26153846153846155, 0.26153846153846155, 0.26153846153846155, 0.26153846153846155, 0.26153846153846155, 0.26153846153846155, 0.26153846153846155, 0.26153846153846155, 0.26153846153846155, 0.26153846153846155, 0.26153846153846155, 0.26153846153846155, 0.26153846153846155, 0.26153846153846155, 0.26153846153846155, 0.26153846153846155, 0.26153846153846155, 0.26153846153846155, 0.26153846153846155, 0.26153846153846155, 0.26153846153846155, 0.26153846153846155]",0.0,288,301989888,18874368,64,1,320864256,4936373.169230769,4718592.0,18874368.0,0,0,0,prefix,"[[0, 1, 2, 3, 4, 5, 6, 7, 8], [0, 1, 2, 3, 4, 5, 6, 7, 8], [0, 1, 2, 3, 4, 5, 6, 7, 8], [0, 1, 2, 3, 4, 5, 6, 7, 8], [0, 1, 2, 3, 4, 5, 6, 7, 8], [0, 1, 2, 3, 4, 5, 6, 7, 8], [0, 1, 2, 3, 4, 5, 6, 7, 8], [0, 1, 2, 3, 4, 5, 6, 7, 8], [0, 1, 2, 3, 4, 5, 6, 7, 8], [0, 1, 2, 3, 4, 5, 6, 7, 8], [0, 1, 2, 3, 4, 5, 6, 7, 8], [0, 1, 2, 3, 4, 5, 6, 7, 8], [0, 1, 2, 3, 4, 5, 6, 7, 8], [0, 1, 2, 3, 4, 5, 6, 7, 8], [0, 1, 2, 3, 4, 5, 6, 7, 8], [0, 1, 2, 3, 4, 5, 6, 7, 8], [0, 1, 2, 3, 4, 5, 6, 7, 8], [0, 1, 2, 3, 4, 5, 6, 7, 8], [0, 1, 2, 3, 4, 5, 6, 7, 8], [0, 1, 2, 3, 4, 5, 6, 7, 8], [0, 1, 2, 3, 4, 5, 6, 7, 8], [0, 1, 2, 3, 4, 5, 6, 7, 8], [0, 1, 2, 3, 4, 5, 6, 7, 8], [0, 1, 2, 3, 4, 5, 6, 7, 8], [0, 1, 2, 3, 4, 5, 6, 7, 8], [0, 1, 2, 3, 4, 5, 6, 7, 8], [0, 1, 2, 3, 4, 5, 6, 7, 8], [0, 1, 2, 3, 4, 5, 6, 7, 8], [0, 1, 2, 3, 4, 5, 6, 7, 8], [0, 1, 2, 3, 4, 5, 6, 7, 8], [0, 1, 2, 3, 4, 5, 6, 7, 8], [0, 1, 2, 3, 4, 5, 6, 7, 8]]",sidecar,True,morton,0
gqa,fullload,FullLoad,1.0,full,n472825,202101149,Do you see a skateboarder that is not female?,Yes,"[""yes""]",1.0,3869,2,morton,0,fullload,,474.81157013680786,,,827.8808780014515,832.8050939599052,19.35905497521162,852.1641489351168,1226833920,2368,64,,775.4251988371834,,,1.0,1.0,null,0.0,,1226833920,0,64,0,1226833920,19169280.0,19169280.0,0.0,,,,,null,,,,0
gqa,layout_prefix_chunk,Layout+Prefix,0.25,chunk,n472825,202101149,Do you see a skateboarder that is not female?,The image shows two individuals performing a skateboarding trick on a stair,"[""yes""]",0.0,450,16,morton,0,prefix,0.2251203404739499,178.4149626037106,48.20013011340052,259.50219098012894,41.01487901061773,300.58341298718005,275.5870280088857,576.1704409960657,320864256,576,65,205.41789033450186,0.0,9.0,37,0.24324324324324326,0.26153846153846155,"[0.26153846153846155, 0.26153846153846155, 0.26153846153846155, 0.26153846153846155, 0.26153846153846155, 0.26153846153846155, 0.26153846153846155, 0.26153846153846155, 0.26153846153846155, 0.26153846153846155, 0.26153846153846155, 0.26153846153846155, 0.26153846153846155, 0.26153846153846155, 0.26153846153846155, 0.26153846153846155, 0.26153846153846155, 0.26153846153846155, 0.26153846153846155, 0.26153846153846155, 0.26153846153846155, 0.26153846153846155, 0.26153846153846155, 0.26153846153846155, 0.26153846153846155, 0.26153846153846155, 0.26153846153846155, 0.26153846153846155, 0.26153846153846155, 0.26153846153846155, 0.26153846153846155, 0.26153846153846155]",0.0,288,301989888,18874368,64,1,320864256,4936373.169230769,4718592.0,18874368.0,0,0,0,prefix,"[[0, 1, 2, 3, 4, 5, 6, 7, 8], [0, 1, 2, 3, 4, 5, 6, 7, 8], [0, 1, 2, 3, 4, 5, 6, 7, 8], [0, 1, 2, 3, 4, 5, 6, 7, 8], [0, 1, 2, 3, 4, 5, 6, 7, 8], [0, 1, 2, 3, 4, 5, 6, 7, 8], [0, 1, 2, 3, 4, 5, 6, 7, 8], [0, 1, 2, 3, 4, 5, 6, 7, 8], [0, 1, 2, 3, 4, 5, 6, 7, 8], [0, 1, 2, 3, 4, 5, 6, 7, 8], [0, 1, 2, 3, 4, 5, 6, 7, 8], [0, 1, 2, 3, 4, 5, 6, 7, 8], [0, 1, 2, 3, 4, 5, 6, 7, 8], [0, 1, 2, 3, 4, 5, 6, 7, 8], [0, 1, 2, 3, 4, 5, 6, 7, 8], [0, 1, 2, 3, 4, 5, 6, 7, 8], [0, 1, 2, 3, 4, 5, 6, 7, 8], [0, 1, 2, 3, 4, 5, 6, 7, 8], [0, 1, 2, 3, 4, 5, 6, 7, 8], [0, 1, 2, 3, 4, 5, 6, 7, 8], [0, 1, 2, 3, 4, 5, 6, 7, 8], [0, 1, 2, 3, 4, 5, 6, 7, 8], [0, 1, 2, 3, 4, 5, 6, 7, 8], [0, 1, 2, 3, 4, 5, 6, 7, 8], [0, 1, 2, 3, 4, 5, 6, 7, 8], [0, 1, 2, 3, 4, 5, 6, 7, 8], [0, 1, 2, 3, 4, 5, 6, 7, 8], [0, 1, 2, 3, 4, 5, 6, 7, 8], [0, 1, 2, 3, 4, 5, 6, 7, 8], [0, 1, 2, 3, 4, 5, 6, 7, 8], [0, 1, 2, 3, 4, 5, 6, 7, 8], [0, 1, 2, 3, 4, 5, 6, 7, 8]]",sidecar,True,morton,0
gqa,fullload,FullLoad,1.0,full,n450919,2093976,How clean is the mud near the grass?,Dirty,"[""dirty""]",1.0,360,3,morton,0,fullload,,466.83340636081994,,,806.7133879521862,811.7161279078573,37.56778209935874,849.283910007216,1233125376,2368,64,,763.8771870406345,,,1.0,1.0,null,0.0,,1233125376,0,64,0,1233125376,19267584.0,19267584.0,0.0,,,,,null,,,,0
gqa,layout_prefix_chunk,Layout+Prefix,0.25,chunk,n450919,2093976,How clean is the mud near the grass?,The giraffe is sitting on the ground.,"[""dirty""]",0.0,450,11,morton,0,prefix,0.17246126662939787,177.9822161188349,43.96322602406144,252.07249203231186,34.84037099406123,286.95897897705436,182.55861604120582,469.5175950182602,327155712,576,65,202.50948646571487,0.0,9.0,37,0.24324324324324326,0.2653061224489796,"[0.2653061224489796, 0.2653061224489796, 0.2653061224489796, 0.2653061224489796, 0.2653061224489796, 0.2653061224489796, 0.2653061224489796, 0.2653061224489796, 0.2653061224489796, 0.2653061224489796, 0.2653061224489796, 0.2653061224489796, 0.2653061224489796, 0.2653061224489796, 0.2653061224489796, 0.2653061224489796, 0.2653061224489796, 0.2653061224489796, 0.2653061224489796, 0.2653061224489796, 0.2653061224489796, 0.2653061224489796, 0.2653061224489796, 0.2653061224489796, 0.2653061224489796, 0.2653061224489796, 0.2653061224489796, 0.2653061224489796, 0.2653061224489796, 0.2653061224489796, 0.2653061224489796, 0.2653061224489796]",0.0,288,301989888,25165824,64,1,327155712,5033164.8,4718592.0,25165824.0,0,0,0,prefix,"[[0, 1, 2, 3, 4, 5, 6, 7, 8], [0, 1, 2, 3, 4, 5, 6, 7, 8], [0, 1, 2, 3, 4, 5, 6, 7, 8], [0, 1, 2, 3, 4, 5, 6, 7, 8], [0, 1, 2, 3, 4, 5, 6, 7, 8], [0, 1, 2, 3, 4, 5, 6, 7, 8], [0, 1, 2, 3, 4, 5, 6, 7, 8], [0, 1, 2, 3, 4, 5, 6, 7, 8], [0, 1, 2, 3, 4, 5, 6, 7, 8], [0, 1, 2, 3, 4, 5, 6, 7, 8], [0, 1, 2, 3, 4, 5, 6, 7, 8], [0, 1, 2, 3, 4, 5, 6, 7, 8], [0, 1, 2, 3, 4, 5, 6, 7, 8], [0, 1, 2, 3, 4, 5, 6, 7, 8], [0, 1, 2, 3, 4, 5, 6, 7, 8], [0, 1, 2, 3, 4, 5, 6, 7, 8], [0, 1, 2, 3, 4, 5, 6, 7, 8], [0, 1, 2, 3, 4, 5, 6, 7, 8], [0, 1, 2, 3, 4, 5, 6, 7, 8], [0, 1, 2, 3, 4, 5, 6, 7, 8], [0, 1, 2, 3, 4, 5, 6, 7, 8], [0, 1, 2, 3, 4, 5, 6, 7, 8], [0, 1, 2, 3, 4, 5, 6, 7, 8], [0, 1, 2, 3, 4, 5, 6, 7, 8], [0, 1, 2, 3, 4, 5, 6, 7, 8], [0, 1, 2, 3, 4, 5, 6, 7, 8], [0, 1, 2, 3, 4, 5, 6, 7, 8], [0, 1, 2, 3, 4, 5, 6, 7, 8], [0, 1, 2, 3, 4, 5, 6, 7, 8], [0, 1, 2, 3, 4, 5, 6, 7, 8], [0, 1, 2, 3, 4, 5, 6, 7, 8], [0, 1, 2, 3, 4, 5, 6, 7, 8]]",sidecar,True,morton,0
gqa,fullload,FullLoad,1.0,full,n450919,2093757,The hat is what size?,Large,"[""small""]",0.0,8218,3,morton,0,fullload,,486.9296340039,,,839.3863278906792,844.2115909419954,37.71839407272637,881.9299850147218,1233125376,2368,64,,796.1777206510305,,,1.0,1.0,null,0.0,,1233125376,0,64,0,1233125376,19267584.0,19267584.0,0.0,,,,,null,,,,0
gqa,layout_prefix_chunk,Layout+Prefix,0.25,chunk,n450919,2093757,The hat is what size?,The giraffe in the image is lying down on a grassy area.,"[""small""]",0.0,450,16,morton,0,prefix,0.2597874263301492,182.66028712969273,56.11600400879979,278.14972202759236,41.77189106121659,319.98661207035184,275.3438459476456,595.3304580179974,327155712,576,65,215.94433207064867,0.0,9.0,37,0.24324324324324326,0.2653061224489796,"[0.2653061224489796, 0.2653061224489796, 0.2653061224489796, 0.2653061224489796, 0.2653061224489796, 0.2653061224489796, 0.2653061224489796, 0.2653061224489796, 0.2653061224489796, 0.2653061224489796, 0.2653061224489796, 0.2653061224489796, 0.2653061224489796, 0.2653061224489796, 0.2653061224489796, 0.2653061224489796, 0.2653061224489796, 0.2653061224489796, 0.2653061224489796, 0.2653061224489796, 0.2653061224489796, 0.2653061224489796, 0.2653061224489796, 0.2653061224489796, 0.2653061224489796, 0.2653061224489796, 0.2653061224489796, 0.2653061224489796, 0.2653061224489796, 0.2653061224489796, 0.2653061224489796, 0.2653061224489796]",0.0,288,301989888,25165824,64,1,327155712,5033164.8,4718592.0,25165824.0,0,0,0,prefix,"[[0, 1, 2, 3, 4, 5, 6, 7, 8], [0, 1, 2, 3, 4, 5, 6, 7, 8], [0, 1, 2, 3, 4, 5, 6, 7, 8], [0, 1, 2, 3, 4, 5, 6, 7, 8], [0, 1, 2, 3, 4, 5, 6, 7, 8], [0, 1, 2, 3, 4, 5, 6, 7, 8], [0, 1, 2, 3, 4, 5, 6, 7, 8], [0, 1, 2, 3, 4, 5, 6, 7, 8], [0, 1, 2, 3, 4, 5, 6, 7, 8], [0, 1, 2, 3, 4, 5, 6, 7, 8], [0, 1, 2, 3, 4, 5, 6, 7, 8], [0, 1, 2, 3, 4, 5, 6, 7, 8], [0, 1, 2, 3, 4, 5, 6, 7, 8], [0, 1, 2, 3, 4, 5, 6, 7, 8], [0, 1, 2, 3, 4, 5, 6, 7, 8], [0, 1, 2, 3, 4, 5, 6, 7, 8], [0, 1, 2, 3, 4, 5, 6, 7, 8], [0, 1, 2, 3, 4, 5, 6, 7, 8], [0, 1, 2, 3, 4, 5, 6, 7, 8], [0, 1, 2, 3, 4, 5, 6, 7, 8], [0, 1, 2, 3, 4, 5, 6, 7, 8], [0, 1, 2, 3, 4, 5, 6, 7, 8], [0, 1, 2, 3, 4, 5, 6, 7, 8], [0, 1, 2, 3, 4, 5, 6, 7, 8], [0, 1, 2, 3, 4, 5, 6, 7, 8], [0, 1, 2, 3, 4, 5, 6, 7, 8], [0, 1, 2, 3, 4, 5, 6, 7, 8], [0, 1, 2, 3, 4, 5, 6, 7, 8], [0, 1, 2, 3, 4, 5, 6, 7, 8], [0, 1, 2, 3, 4, 5, 6, 7, 8], [0, 1, 2, 3, 4, 5, 6, 7, 8], [0, 1, 2, 3, 4, 5, 6, 7, 8]]",sidecar,True,morton,0
gqa,fullload,FullLoad,1.0,full,n450919,2093752,Is the hat blue and small?,No,"[""no""]",1.0,1939,2,morton,0,fullload,,524.1648619994521,,,889.0966549515724,894.0168969566002,19.096330041065812,913.1132269976661,1233125376,2368,64,,842.9237733362243,,,1.0,1.0,null,0.0,,1233125376,0,64,0,1233125376,19267584.0,19267584.0,0.0,,,,,null,,,,0
gqa,layout_prefix_chunk,Layout+Prefix,0.25,chunk,n450919,2093752,Is the hat blue and small?,The giraffe in the image is lying down on a grassy area.,"[""no""]",0.0,450,16,morton,0,prefix,0.2303041983395815,181.33549496997148,52.895957604050636,270.6891689449549,34.564614994451404,305.3023839602247,272.4451139802113,577.747497940436,327155712,576,65,211.8504139361903,0.0,9.0,37,0.24324324324324326,0.2653061224489796,"[0.2653061224489796, 0.2653061224489796, 0.2653061224489796, 0.2653061224489796, 0.2653061224489796, 0.2653061224489796, 0.2653061224489796, 0.2653061224489796, 0.2653061224489796, 0.2653061224489796, 0.2653061224489796, 0.2653061224489796, 0.2653061224489796, 0.2653061224489796, 0.2653061224489796, 0.2653061224489796, 0.2653061224489796, 0.2653061224489796, 0.2653061224489796, 0.2653061224489796, 0.2653061224489796, 0.2653061224489796, 0.2653061224489796, 0.2653061224489796, 0.2653061224489796, 0.2653061224489796, 0.2653061224489796, 0.2653061224489796, 0.2653061224489796, 0.2653061224489796, 0.2653061224489796, 0.2653061224489796]",0.0,288,301989888,25165824,64,1,327155712,5033164.8,4718592.0,25165824.0,0,0,0,prefix,"[[0, 1, 2, 3, 4, 5, 6, 7, 8], [0, 1, 2, 3, 4, 5, 6, 7, 8], [0, 1, 2, 3, 4, 5, 6, 7, 8], [0, 1, 2, 3, 4, 5, 6, 7, 8], [0, 1, 2, 3, 4, 5, 6, 7, 8], [0, 1, 2, 3, 4, 5, 6, 7, 8], [0, 1, 2, 3, 4, 5, 6, 7, 8], [0, 1, 2, 3, 4, 5, 6, 7, 8], [0, 1, 2, 3, 4, 5, 6, 7, 8], [0, 1, 2, 3, 4, 5, 6, 7, 8], [0, 1, 2, 3, 4, 5, 6, 7, 8], [0, 1, 2, 3, 4, 5, 6, 7, 8], [0, 1, 2, 3, 4, 5, 6, 7, 8], [0, 1, 2, 3, 4, 5, 6, 7, 8], [0, 1, 2, 3, 4, 5, 6, 7, 8], [0, 1, 2, 3, 4, 5, 6, 7, 8], [0, 1, 2, 3, 4, 5, 6, 7, 8], [0, 1, 2, 3, 4, 5, 6, 7, 8], [0, 1, 2, 3, 4, 5, 6, 7, 8], [0, 1, 2, 3, 4, 5, 6, 7, 8], [0, 1, 2, 3, 4, 5, 6, 7, 8], [0, 1, 2, 3, 4, 5, 6, 7, 8], [0, 1, 2, 3, 4, 5, 6, 7, 8], [0, 1, 2, 3, 4, 5, 6, 7, 8], [0, 1, 2, 3, 4, 5, 6, 7, 8], [0, 1, 2, 3, 4, 5, 6, 7, 8], [0, 1, 2, 3, 4, 5, 6, 7, 8], [0, 1, 2, 3, 4, 5, 6, 7, 8], [0, 1, 2, 3, 4, 5, 6, 7, 8], [0, 1, 2, 3, 4, 5, 6, 7, 8], [0, 1, 2, 3, 4, 5, 6, 7, 8], [0, 1, 2, 3, 4, 5, 6, 7, 8]]",sidecar,True,morton,0
gqa,fullload,FullLoad,1.0,full,n450919,2093912,What animal is in the mud?,Giraffe,"[""giraffe""]",1.0,402,4,morton,0,fullload,,527.4453833699226,,,921.0280360421166,926.0095510398969,62.426764983683825,988.4363160235807,1233125376,2368,64,,867.3910170327872,,,1.0,1.0,null,0.0,,1233125376,0,64,0,1233125376,19267584.0,19267584.0,0.0,,,,,null,,,,0
gqa,layout_prefix_chunk,Layout+Prefix,0.25,chunk,n450919,2093912,What animal is in the mud?,The giraffe in the image is lying down on the ground.,"[""giraffe""]",1.0,450,15,morton,0,prefix,0.2325741806998849,159.501388319768,48.40903531294316,241.32075894158334,36.817727028392255,278.1908499309793,256.5796850249171,534.7705349558964,327155712,576,65,187.05428636167198,0.0,9.0,37,0.24324324324324326,0.2653061224489796,"[0.2653061224489796, 0.2653061224489796, 0.2653061224489796, 0.2653061224489796, 0.2653061224489796, 0.2653061224489796, 0.2653061224489796, 0.2653061224489796, 0.2653061224489796, 0.2653061224489796, 0.2653061224489796, 0.2653061224489796, 0.2653061224489796, 0.2653061224489796, 0.2653061224489796, 0.2653061224489796, 0.2653061224489796, 0.2653061224489796, 0.2653061224489796, 0.2653061224489796, 0.2653061224489796, 0.2653061224489796, 0.2653061224489796, 0.2653061224489796, 0.2653061224489796, 0.2653061224489796, 0.2653061224489796, 0.2653061224489796, 0.2653061224489796, 0.2653061224489796, 0.2653061224489796, 0.2653061224489796]",0.0,288,301989888,25165824,64,1,327155712,5033164.8,4718592.0,25165824.0,0,0,0,prefix,"[[0, 1, 2, 3, 4, 5, 6, 7, 8], [0, 1, 2, 3, 4, 5, 6, 7, 8], [0, 1, 2, 3, 4, 5, 6, 7, 8], [0, 1, 2, 3, 4, 5, 6, 7, 8], [0, 1, 2, 3, 4, 5, 6, 7, 8], [0, 1, 2, 3, 4, 5, 6, 7, 8], [0, 1, 2, 3, 4, 5, 6, 7, 8], [0, 1, 2, 3, 4, 5, 6, 7, 8], [0, 1, 2, 3, 4, 5, 6, 7, 8], [0, 1, 2, 3, 4, 5, 6, 7, 8], [0, 1, 2, 3, 4, 5, 6, 7, 8], [0, 1, 2, 3, 4, 5, 6, 7, 8], [0, 1, 2, 3, 4, 5, 6, 7, 8], [0, 1, 2, 3, 4, 5, 6, 7, 8], [0, 1, 2, 3, 4, 5, 6, 7, 8], [0, 1, 2, 3, 4, 5, 6, 7, 8], [0, 1, 2, 3, 4, 5, 6, 7, 8], [0, 1, 2, 3, 4, 5, 6, 7, 8], [0, 1, 2, 3, 4, 5, 6, 7, 8], [0, 1, 2, 3, 4, 5, 6, 7, 8], [0, 1, 2, 3, 4, 5, 6, 7, 8], [0, 1, 2, 3, 4, 5, 6, 7, 8], [0, 1, 2, 3, 4, 5, 6, 7, 8], [0, 1, 2, 3, 4, 5, 6, 7, 8], [0, 1, 2, 3, 4, 5, 6, 7, 8], [0, 1, 2, 3, 4, 5, 6, 7, 8], [0, 1, 2, 3, 4, 5, 6, 7, 8], [0, 1, 2, 3, 4, 5, 6, 7, 8], [0, 1, 2, 3, 4, 5, 6, 7, 8], [0, 1, 2, 3, 4, 5, 6, 7, 8], [0, 1, 2, 3, 4, 5, 6, 7, 8], [0, 1, 2, 3, 4, 5, 6, 7, 8]]",sidecar,True,morton,0
gqa,fullload,FullLoad,1.0,full,n450919,2093911,What animal is in the brown mud?,Giraffe,"[""giraffe""]",1.0,402,4,morton,0,fullload,,491.67994083836675,,,850.6545419804752,855.4894280387089,54.8228370025754,910.3122650412843,1233125376,2368,64,,803.4539937507361,,,1.0,1.0,null,0.0,,1233125376,0,64,0,1233125376,19267584.0,19267584.0,0.0,,,,,null,,,,0
gqa,layout_prefix_chunk,Layout+Prefix,0.25,chunk,n450919,2093911,What animal is in the brown mud?,The giraffe is sitting on the ground.,"[""giraffe""]",1.0,450,11,morton,0,prefix,0.17906841821968555,186.1057326896116,44.63788610883057,262.5270349672064,35.44286102987826,298.01128699909896,188.27814201358706,486.289429012686,327155712,576,65,212.24070934113115,0.0,9.0,37,0.24324324324324326,0.2653061224489796,"[0.2653061224489796, 0.2653061224489796, 0.2653061224489796, 0.2653061224489796, 0.2653061224489796, 0.2653061224489796, 0.2653061224489796, 0.2653061224489796, 0.2653061224489796, 0.2653061224489796, 0.2653061224489796, 0.2653061224489796, 0.2653061224489796, 0.2653061224489796, 0.2653061224489796, 0.2653061224489796, 0.2653061224489796, 0.2653061224489796, 0.2653061224489796, 0.2653061224489796, 0.2653061224489796, 0.2653061224489796, 0.2653061224489796, 0.2653061224489796, 0.2653061224489796, 0.2653061224489796, 0.2653061224489796, 0.2653061224489796, 0.2653061224489796, 0.2653061224489796, 0.2653061224489796, 0.2653061224489796]",0.0,288,301989888,25165824,64,1,327155712,5033164.8,4718592.0,25165824.0,0,0,0,prefix,"[[0, 1, 2, 3, 4, 5, 6, 7, 8], [0, 1, 2, 3, 4, 5, 6, 7, 8], [0, 1, 2, 3, 4, 5, 6, 7, 8], [0, 1, 2, 3, 4, 5, 6, 7, 8], [0, 1, 2, 3, 4, 5, 6, 7, 8], [0, 1, 2, 3, 4, 5, 6, 7, 8], [0, 1, 2, 3, 4, 5, 6, 7, 8], [0, 1, 2, 3, 4, 5, 6, 7, 8], [0, 1, 2, 3, 4, 5, 6, 7, 8], [0, 1, 2, 3, 4, 5, 6, 7, 8], [0, 1, 2, 3, 4, 5, 6, 7, 8], [0, 1, 2, 3, 4, 5, 6, 7, 8], [0, 1, 2, 3, 4, 5, 6, 7, 8], [0, 1, 2, 3, 4, 5, 6, 7, 8], [0, 1, 2, 3, 4, 5, 6, 7, 8], [0, 1, 2, 3, 4, 5, 6, 7, 8], [0, 1, 2, 3, 4, 5, 6, 7, 8], [0, 1, 2, 3, 4, 5, 6, 7, 8], [0, 1, 2, 3, 4, 5, 6, 7, 8], [0, 1, 2, 3, 4, 5, 6, 7, 8], [0, 1, 2, 3, 4, 5, 6, 7, 8], [0, 1, 2, 3, 4, 5, 6, 7, 8], [0, 1, 2, 3, 4, 5, 6, 7, 8], [0, 1, 2, 3, 4, 5, 6, 7, 8], [0, 1, 2, 3, 4, 5, 6, 7, 8], [0, 1, 2, 3, 4, 5, 6, 7, 8], [0, 1, 2, 3, 4, 5, 6, 7, 8], [0, 1, 2, 3, 4, 5, 6, 7, 8], [0, 1, 2, 3, 4, 5, 6, 7, 8], [0, 1, 2, 3, 4, 5, 6, 7, 8], [0, 1, 2, 3, 4, 5, 6, 7, 8], [0, 1, 2, 3, 4, 5, 6, 7, 8]]",sidecar,True,morton,0
gqa,fullload,FullLoad,1.0,full,n450919,2093918,Is there an elephant in the mud?,No,"[""no""]",1.0,1939,2,morton,0,fullload,,527.7491390006617,,,888.5425309417769,893.4003169415519,19.38115304801613,912.781469989568,1233125376,2368,64,,843.2023819768801,,,1.0,1.0,null,0.0,,1233125376,0,64,0,1233125376,19267584.0,19267584.0,0.0,,,,,null,,,,0
gqa,layout_prefix_chunk,Layout+Prefix,0.25,chunk,n450919,2093918,Is there an elephant in the mud?,The giraffe in the image is lying down on a grassy area.,"[""no""]",0.0,450,16,morton,0,prefix,0.239698332734406,194.80505562387407,53.15996194258332,284.7245899029076,41.98104003444314,326.77093299571425,269.5916009834036,596.3625339791179,327155712,576,65,225.64271616283804,0.0,9.0,37,0.24324324324324326,0.2653061224489796,"[0.2653061224489796, 0.2653061224489796, 0.2653061224489796, 0.2653061224489796, 0.2653061224489796, 0.2653061224489796, 0.2653061224489796, 0.2653061224489796, 0.2653061224489796, 0.2653061224489796, 0.2653061224489796, 0.2653061224489796, 0.2653061224489796, 0.2653061224489796, 0.2653061224489796, 0.2653061224489796, 0.2653061224489796, 0.2653061224489796, 0.2653061224489796, 0.2653061224489796, 0.2653061224489796, 0.2653061224489796, 0.2653061224489796, 0.2653061224489796, 0.2653061224489796, 0.2653061224489796, 0.2653061224489796, 0.2653061224489796, 0.2653061224489796, 0.2653061224489796, 0.2653061224489796, 0.2653061224489796]",0.0,288,301989888,25165824,64,1,327155712,5033164.8,4718592.0,25165824.0,0,0,0,prefix,"[[0, 1, 2, 3, 4, 5, 6, 7, 8], [0, 1, 2, 3, 4, 5, 6, 7, 8], [0, 1, 2, 3, 4, 5, 6, 7, 8], [0, 1, 2, 3, 4, 5, 6, 7, 8], [0, 1, 2, 3, 4, 5, 6, 7, 8], [0, 1, 2, 3, 4, 5, 6, 7, 8], [0, 1, 2, 3, 4, 5, 6, 7, 8], [0, 1, 2, 3, 4, 5, 6, 7, 8], [0, 1, 2, 3, 4, 5, 6, 7, 8], [0, 1, 2, 3, 4, 5, 6, 7, 8], [0, 1, 2, 3, 4, 5, 6, 7, 8], [0, 1, 2, 3, 4, 5, 6, 7, 8], [0, 1, 2, 3, 4, 5, 6, 7, 8], [0, 1, 2, 3, 4, 5, 6, 7, 8], [0, 1, 2, 3, 4, 5, 6, 7, 8], [0, 1, 2, 3, 4, 5, 6, 7, 8], [0, 1, 2, 3, 4, 5, 6, 7, 8], [0, 1, 2, 3, 4, 5, 6, 7, 8], [0, 1, 2, 3, 4, 5, 6, 7, 8], [0, 1, 2, 3, 4, 5, 6, 7, 8], [0, 1, 2, 3, 4, 5, 6, 7, 8], [0, 1, 2, 3, 4, 5, 6, 7, 8], [0, 1, 2, 3, 4, 5, 6, 7, 8], [0, 1, 2, 3, 4, 5, 6, 7, 8], [0, 1, 2, 3, 4, 5, 6, 7, 8], [0, 1, 2, 3, 4, 5, 6, 7, 8], [0, 1, 2, 3, 4, 5, 6, 7, 8], [0, 1, 2, 3, 4, 5, 6, 7, 8], [0, 1, 2, 3, 4, 5, 6, 7, 8], [0, 1, 2, 3, 4, 5, 6, 7, 8], [0, 1, 2, 3, 4, 5, 6, 7, 8], [0, 1, 2, 3, 4, 5, 6, 7, 8]]",sidecar,True,morton,0
gqa,fullload,FullLoad,1.0,full,n37274,202144724,What is sitting atop the crate?,Blender,"[""blender""]",1.0,3164,3,morton,0,fullload,,448.72759364079684,,,725.8397080004215,730.8476200560108,38.031258969567716,768.8788790255785,1226833920,2368,64,,676.5432259999216,,,1.0,1.0,null,0.0,,1226833920,0,64,0,1226833920,19169280.0,19169280.0,0.0,,,,,null,,,,0
gqa,layout_prefix_chunk,Layout+Prefix,0.25,chunk,n37274,202144724,What is sitting atop the crate?,The man in the foreground is holding a beer bottle and appears to,"[""blender""]",0.0,450,16,morton,0,prefix,0.17368001863360405,169.80779718142003,42.586329160258174,239.6219950169325,34.58633599802852,274.2521569598466,279.67342000920326,553.9255769690499,320864256,576,65,191.53661758173257,0.0,9.0,37,0.24324324324324326,0.26153846153846155,"[0.26153846153846155, 0.26153846153846155, 0.26153846153846155, 0.26153846153846155, 0.26153846153846155, 0.26153846153846155, 0.26153846153846155, 0.26153846153846155, 0.26153846153846155, 0.26153846153846155, 0.26153846153846155, 0.26153846153846155, 0.26153846153846155, 0.26153846153846155, 0.26153846153846155, 0.26153846153846155, 0.26153846153846155, 0.26153846153846155, 0.26153846153846155, 0.26153846153846155, 0.26153846153846155, 0.26153846153846155, 0.26153846153846155, 0.26153846153846155, 0.26153846153846155, 0.26153846153846155, 0.26153846153846155, 0.26153846153846155, 0.26153846153846155, 0.26153846153846155, 0.26153846153846155, 0.26153846153846155]",0.0,288,301989888,18874368,64,1,320864256,4936373.169230769,4718592.0,18874368.0,0,0,0,prefix,"[[0, 1, 2, 3, 4, 5, 6, 7, 8], [0, 1, 2, 3, 4, 5, 6, 7, 8], [0, 1, 2, 3, 4, 5, 6, 7, 8], [0, 1, 2, 3, 4, 5, 6, 7, 8], [0, 1, 2, 3, 4, 5, 6, 7, 8], [0, 1, 2, 3, 4, 5, 6, 7, 8], [0, 1, 2, 3, 4, 5, 6, 7, 8], [0, 1, 2, 3, 4, 5, 6, 7, 8], [0, 1, 2, 3, 4, 5, 6, 7, 8], [0, 1, 2, 3, 4, 5, 6, 7, 8], [0, 1, 2, 3, 4, 5, 6, 7, 8], [0, 1, 2, 3, 4, 5, 6, 7, 8], [0, 1, 2, 3, 4, 5, 6, 7, 8], [0, 1, 2, 3, 4, 5, 6, 7, 8], [0, 1, 2, 3, 4, 5, 6, 7, 8], [0, 1, 2, 3, 4, 5, 6, 7, 8], [0, 1, 2, 3, 4, 5, 6, 7, 8], [0, 1, 2, 3, 4, 5, 6, 7, 8], [0, 1, 2, 3, 4, 5, 6, 7, 8], [0, 1, 2, 3, 4, 5, 6, 7, 8], [0, 1, 2, 3, 4, 5, 6, 7, 8], [0, 1, 2, 3, 4, 5, 6, 7, 8], [0, 1, 2, 3, 4, 5, 6, 7, 8], [0, 1, 2, 3, 4, 5, 6, 7, 8], [0, 1, 2, 3, 4, 5, 6, 7, 8], [0, 1, 2, 3, 4, 5, 6, 7, 8], [0, 1, 2, 3, 4, 5, 6, 7, 8], [0, 1, 2, 3, 4, 5, 6, 7, 8], [0, 1, 2, 3, 4, 5, 6, 7, 8], [0, 1, 2, 3, 4, 5, 6, 7, 8], [0, 1, 2, 3, 4, 5, 6, 7, 8], [0, 1, 2, 3, 4, 5, 6, 7, 8]]",sidecar,True,morton,0
gqa,fullload,FullLoad,1.0,full,n37274,202144703,What appliance is right of the liquor?,Blender,"[""blender""]",1.0,3164,3,morton,0,fullload,,437.6375818392262,,,700.9815429337323,705.8208249509335,37.78644010890275,743.6072650598362,1226833920,2368,64,,653.5430147778243,,,1.0,1.0,null,0.0,,1226833920,0,64,0,1226833920,19169280.0,19169280.0,0.0,,,,,null,,,,0
gqa,layout_prefix_chunk,Layout+Prefix,0.25,chunk,n37274,202144703,What appliance is right of the liquor?,The man in the foreground is holding a beer bottle and appears to,"[""blender""]",0.0,450,16,morton,0,prefix,0.23446220438927412,196.62268843967468,51.31861136760563,281.157884048298,36.06073104310781,317.265882040374,273.38249795138836,590.6483799917623,320864256,576,65,223.4120100038126,0.0,9.0,37,0.24324324324324326,0.26153846153846155,"[0.26153846153846155, 0.26153846153846155, 0.26153846153846155, 0.26153846153846155, 0.26153846153846155, 0.26153846153846155, 0.26153846153846155, 0.26153846153846155, 0.26153846153846155, 0.26153846153846155, 0.26153846153846155, 0.26153846153846155, 0.26153846153846155, 0.26153846153846155, 0.26153846153846155, 0.26153846153846155, 0.26153846153846155, 0.26153846153846155, 0.26153846153846155, 0.26153846153846155, 0.26153846153846155, 0.26153846153846155, 0.26153846153846155, 0.26153846153846155, 0.26153846153846155, 0.26153846153846155, 0.26153846153846155, 0.26153846153846155, 0.26153846153846155, 0.26153846153846155, 0.26153846153846155, 0.26153846153846155]",0.0,288,301989888,18874368,64,1,320864256,4936373.169230769,4718592.0,18874368.0,0,0,0,prefix,"[[0, 1, 2, 3, 4, 5, 6, 7, 8], [0, 1, 2, 3, 4, 5, 6, 7, 8], [0, 1, 2, 3, 4, 5, 6, 7, 8], [0, 1, 2, 3, 4, 5, 6, 7, 8], [0, 1, 2, 3, 4, 5, 6, 7, 8], [0, 1, 2, 3, 4, 5, 6, 7, 8], [0, 1, 2, 3, 4, 5, 6, 7, 8], [0, 1, 2, 3, 4, 5, 6, 7, 8], [0, 1, 2, 3, 4, 5, 6, 7, 8], [0, 1, 2, 3, 4, 5, 6, 7, 8], [0, 1, 2, 3, 4, 5, 6, 7, 8], [0, 1, 2, 3, 4, 5, 6, 7, 8], [0, 1, 2, 3, 4, 5, 6, 7, 8], [0, 1, 2, 3, 4, 5, 6, 7, 8], [0, 1, 2, 3, 4, 5, 6, 7, 8], [0, 1, 2, 3, 4, 5, 6, 7, 8], [0, 1, 2, 3, 4, 5, 6, 7, 8], [0, 1, 2, 3, 4, 5, 6, 7, 8], [0, 1, 2, 3, 4, 5, 6, 7, 8], [0, 1, 2, 3, 4, 5, 6, 7, 8], [0, 1, 2, 3, 4, 5, 6, 7, 8], [0, 1, 2, 3, 4, 5, 6, 7, 8], [0, 1, 2, 3, 4, 5, 6, 7, 8], [0, 1, 2, 3, 4, 5, 6, 7, 8], [0, 1, 2, 3, 4, 5, 6, 7, 8], [0, 1, 2, 3, 4, 5, 6, 7, 8], [0, 1, 2, 3, 4, 5, 6, 7, 8], [0, 1, 2, 3, 4, 5, 6, 7, 8], [0, 1, 2, 3, 4, 5, 6, 7, 8], [0, 1, 2, 3, 4, 5, 6, 7, 8], [0, 1, 2, 3, 4, 5, 6, 7, 8], [0, 1, 2, 3, 4, 5, 6, 7, 8]]",sidecar,True,morton,0
gqa,fullload,FullLoad,1.0,full,n37274,202144680,Which side is the blender on?,Right,"[""right""]",1.0,10428,2,morton,0,fullload,,435.0246380781755,,,688.0143040325493,692.915303981863,19.268180010840297,712.1834839927033,1226833920,2368,64,,643.482482759282,,,1.0,1.0,null,0.0,,1226833920,0,64,0,1226833920,19169280.0,19169280.0,0.0,,,,,null,,,,0
gqa,layout_prefix_chunk,Layout+Prefix,0.25,chunk,n37274,202144680,Which side is the blender on?,The man in the foreground is holding a beer bottle and appears to,"[""right""]",0.0,450,16,morton,0,prefix,0.24992821272462606,180.82482391037047,54.38766709994525,270.4935809597373,41.30025894846767,311.85784097760916,269.2852789768949,581.1431199545041,320864256,576,65,210.00038005877286,0.0,9.0,37,0.24324324324324326,0.26153846153846155,"[0.26153846153846155, 0.26153846153846155, 0.26153846153846155, 0.26153846153846155, 0.26153846153846155, 0.26153846153846155, 0.26153846153846155, 0.26153846153846155, 0.26153846153846155, 0.26153846153846155, 0.26153846153846155, 0.26153846153846155, 0.26153846153846155, 0.26153846153846155, 0.26153846153846155, 0.26153846153846155, 0.26153846153846155, 0.26153846153846155, 0.26153846153846155, 0.26153846153846155, 0.26153846153846155, 0.26153846153846155, 0.26153846153846155, 0.26153846153846155, 0.26153846153846155, 0.26153846153846155, 0.26153846153846155, 0.26153846153846155, 0.26153846153846155, 0.26153846153846155, 0.26153846153846155, 0.26153846153846155]",0.0,288,301989888,18874368,64,1,320864256,4936373.169230769,4718592.0,18874368.0,0,0,0,prefix,"[[0, 1, 2, 3, 4, 5, 6, 7, 8], [0, 1, 2, 3, 4, 5, 6, 7, 8], [0, 1, 2, 3, 4, 5, 6, 7, 8], [0, 1, 2, 3, 4, 5, 6, 7, 8], [0, 1, 2, 3, 4, 5, 6, 7, 8], [0, 1, 2, 3, 4, 5, 6, 7, 8], [0, 1, 2, 3, 4, 5, 6, 7, 8], [0, 1, 2, 3, 4, 5, 6, 7, 8], [0, 1, 2, 3, 4, 5, 6, 7, 8], [0, 1, 2, 3, 4, 5, 6, 7, 8], [0, 1, 2, 3, 4, 5, 6, 7, 8], [0, 1, 2, 3, 4, 5, 6, 7, 8], [0, 1, 2, 3, 4, 5, 6, 7, 8], [0, 1, 2, 3, 4, 5, 6, 7, 8], [0, 1, 2, 3, 4, 5, 6, 7, 8], [0, 1, 2, 3, 4, 5, 6, 7, 8], [0, 1, 2, 3, 4, 5, 6, 7, 8], [0, 1, 2, 3, 4, 5, 6, 7, 8], [0, 1, 2, 3, 4, 5, 6, 7, 8], [0, 1, 2, 3, 4, 5, 6, 7, 8], [0, 1, 2, 3, 4, 5, 6, 7, 8], [0, 1, 2, 3, 4, 5, 6, 7, 8], [0, 1, 2, 3, 4, 5, 6, 7, 8], [0, 1, 2, 3, 4, 5, 6, 7, 8], [0, 1, 2, 3, 4, 5, 6, 7, 8], [0, 1, 2, 3, 4, 5, 6, 7, 8], [0, 1, 2, 3, 4, 5, 6, 7, 8], [0, 1, 2, 3, 4, 5, 6, 7, 8], [0, 1, 2, 3, 4, 5, 6, 7, 8], [0, 1, 2, 3, 4, 5, 6, 7, 8], [0, 1, 2, 3, 4, 5, 6, 7, 8], [0, 1, 2, 3, 4, 5, 6, 7, 8]]",sidecar,True,morton,0
gqa,fullload,FullLoad,1.0,full,n37274,202144681,What is the appliance to the right of the man that is in front of the bicycle?,Blender,"[""blender""]",1.0,3164,3,morton,0,fullload,,455.7075620396063,,,751.3695990201086,756.2396569410339,37.71268296986818,793.9523399109021,1226833920,2368,64,,706.3942281529307,,,1.0,1.0,null,0.0,,1226833920,0,64,0,1226833920,19169280.0,19169280.0,0.0,,,,,null,,,,0
gqa,layout_prefix_chunk,Layout+Prefix,0.25,chunk,n37274,202144681,What is the appliance to the right of the man that is in front of the bicycle?,Toaster,"[""blender""]",0.0,1763,3,morton,0,prefix,0.189470243640244,191.22054951731116,44.29884592536837,266.27658889628947,38.56585395988077,304.8902789596468,37.521037040278316,342.41131599992514,320864256,576,65,216.29384579136968,0.0,9.0,37,0.24324324324324326,0.26153846153846155,"[0.26153846153846155, 0.26153846153846155, 0.26153846153846155, 0.26153846153846155, 0.26153846153846155, 0.26153846153846155, 0.26153846153846155, 0.26153846153846155, 0.26153846153846155, 0.26153846153846155, 0.26153846153846155, 0.26153846153846155, 0.26153846153846155, 0.26153846153846155, 0.26153846153846155, 0.26153846153846155, 0.26153846153846155, 0.26153846153846155, 0.26153846153846155, 0.26153846153846155, 0.26153846153846155, 0.26153846153846155, 0.26153846153846155, 0.26153846153846155, 0.26153846153846155, 0.26153846153846155, 0.26153846153846155, 0.26153846153846155, 0.26153846153846155, 0.26153846153846155, 0.26153846153846155, 0.26153846153846155]",0.0,288,301989888,18874368,64,1,320864256,4936373.169230769,4718592.0,18874368.0,0,0,0,prefix,"[[0, 1, 2, 3, 4, 5, 6, 7, 8], [0, 1, 2, 3, 4, 5, 6, 7, 8], [0, 1, 2, 3, 4, 5, 6, 7, 8], [0, 1, 2, 3, 4, 5, 6, 7, 8], [0, 1, 2, 3, 4, 5, 6, 7, 8], [0, 1, 2, 3, 4, 5, 6, 7, 8], [0, 1, 2, 3, 4, 5, 6, 7, 8], [0, 1, 2, 3, 4, 5, 6, 7, 8], [0, 1, 2, 3, 4, 5, 6, 7, 8], [0, 1, 2, 3, 4, 5, 6, 7, 8], [0, 1, 2, 3, 4, 5, 6, 7, 8], [0, 1, 2, 3, 4, 5, 6, 7, 8], [0, 1, 2, 3, 4, 5, 6, 7, 8], [0, 1, 2, 3, 4, 5, 6, 7, 8], [0, 1, 2, 3, 4, 5, 6, 7, 8], [0, 1, 2, 3, 4, 5, 6, 7, 8], [0, 1, 2, 3, 4, 5, 6, 7, 8], [0, 1, 2, 3, 4, 5, 6, 7, 8], [0, 1, 2, 3, 4, 5, 6, 7, 8], [0, 1, 2, 3, 4, 5, 6, 7, 8], [0, 1, 2, 3, 4, 5, 6, 7, 8], [0, 1, 2, 3, 4, 5, 6, 7, 8], [0, 1, 2, 3, 4, 5, 6, 7, 8], [0, 1, 2, 3, 4, 5, 6, 7, 8], [0, 1, 2, 3, 4, 5, 6, 7, 8], [0, 1, 2, 3, 4, 5, 6, 7, 8], [0, 1, 2, 3, 4, 5, 6, 7, 8], [0, 1, 2, 3, 4, 5, 6, 7, 8], [0, 1, 2, 3, 4, 5, 6, 7, 8], [0, 1, 2, 3, 4, 5, 6, 7, 8], [0, 1, 2, 3, 4, 5, 6, 7, 8], [0, 1, 2, 3, 4, 5, 6, 7, 8]]",sidecar,True,morton,0
gqa,fullload,FullLoad,1.0,full,n37274,202144469,Is the man that is to the left of the liquor wearing gloves?,No,"[""no""]",1.0,1939,2,morton,0,fullload,,503.14460950903594,,,856.3768630847335,862.8227279987186,20.49682498909533,883.319552987814,1226833920,2368,64,,813.5046159150079,,,1.0,1.0,null,0.0,,1226833920,0,64,0,1226833920,19169280.0,19169280.0,0.0,,,,,null,,,,0
gqa,layout_prefix_chunk,Layout+Prefix,0.25,chunk,n37274,202144469,Is the man that is to the left of the liquor wearing gloves?,Yes,"[""no""]",0.0,3869,2,morton,0,prefix,0.2237679436802864,173.07657189667225,49.96794695034623,258.2330040168017,39.42877589724958,297.7093670051545,18.994115060195327,316.7034820653498,320864256,576,65,201.54053589794785,0.0,9.0,37,0.24324324324324326,0.26153846153846155,"[0.26153846153846155, 0.26153846153846155, 0.26153846153846155, 0.26153846153846155, 0.26153846153846155, 0.26153846153846155, 0.26153846153846155, 0.26153846153846155, 0.26153846153846155, 0.26153846153846155, 0.26153846153846155, 0.26153846153846155, 0.26153846153846155, 0.26153846153846155, 0.26153846153846155, 0.26153846153846155, 0.26153846153846155, 0.26153846153846155, 0.26153846153846155, 0.26153846153846155, 0.26153846153846155, 0.26153846153846155, 0.26153846153846155, 0.26153846153846155, 0.26153846153846155, 0.26153846153846155, 0.26153846153846155, 0.26153846153846155, 0.26153846153846155, 0.26153846153846155, 0.26153846153846155, 0.26153846153846155]",0.0,288,301989888,18874368,64,1,320864256,4936373.169230769,4718592.0,18874368.0,0,0,0,prefix,"[[0, 1, 2, 3, 4, 5, 6, 7, 8], [0, 1, 2, 3, 4, 5, 6, 7, 8], [0, 1, 2, 3, 4, 5, 6, 7, 8], [0, 1, 2, 3, 4, 5, 6, 7, 8], [0, 1, 2, 3, 4, 5, 6, 7, 8], [0, 1, 2, 3, 4, 5, 6, 7, 8], [0, 1, 2, 3, 4, 5, 6, 7, 8], [0, 1, 2, 3, 4, 5, 6, 7, 8], [0, 1, 2, 3, 4, 5, 6, 7, 8], [0, 1, 2, 3, 4, 5, 6, 7, 8], [0, 1, 2, 3, 4, 5, 6, 7, 8], [0, 1, 2, 3, 4, 5, 6, 7, 8], [0, 1, 2, 3, 4, 5, 6, 7, 8], [0, 1, 2, 3, 4, 5, 6, 7, 8], [0, 1, 2, 3, 4, 5, 6, 7, 8], [0, 1, 2, 3, 4, 5, 6, 7, 8], [0, 1, 2, 3, 4, 5, 6, 7, 8], [0, 1, 2, 3, 4, 5, 6, 7, 8], [0, 1, 2, 3, 4, 5, 6, 7, 8], [0, 1, 2, 3, 4, 5, 6, 7, 8], [0, 1, 2, 3, 4, 5, 6, 7, 8], [0, 1, 2, 3, 4, 5, 6, 7, 8], [0, 1, 2, 3, 4, 5, 6, 7, 8], [0, 1, 2, 3, 4, 5, 6, 7, 8], [0, 1, 2, 3, 4, 5, 6, 7, 8], [0, 1, 2, 3, 4, 5, 6, 7, 8], [0, 1, 2, 3, 4, 5, 6, 7, 8], [0, 1, 2, 3, 4, 5, 6, 7, 8], [0, 1, 2, 3, 4, 5, 6, 7, 8], [0, 1, 2, 3, 4, 5, 6, 7, 8], [0, 1, 2, 3, 4, 5, 6, 7, 8], [0, 1, 2, 3, 4, 5, 6, 7, 8]]",sidecar,True,morton,0
gqa,fullload,FullLoad,1.0,full,n37274,202144325,What do the watch and the bicycle have in common?,Color,"[""material""]",0.0,9159,2,morton,0,fullload,,503.9812751347199,,,885.3500750847161,890.5134920496494,20.027683931402862,910.5411759810522,1226833920,2368,64,,833.3460072753951,,,1.0,1.0,null,0.0,,1226833920,0,64,0,1226833920,19169280.0,19169280.0,0.0,,,,,null,,,,0
gqa,layout_prefix_chunk,Layout+Prefix,0.25,chunk,n37274,202144325,What do the watch and the bicycle have in common?,The man is holding a beer bottle and pouring it into a bl,"[""material""]",0.0,450,16,morton,0,prefix,0.26191258803009987,167.64061921276152,56.29106215201318,263.092631008476,36.5330750355497,299.6763390256092,273.75903294887394,573.4353719744831,320864256,576,65,200.47084998805076,0.0,9.0,37,0.24324324324324326,0.26153846153846155,"[0.26153846153846155, 0.26153846153846155, 0.26153846153846155, 0.26153846153846155, 0.26153846153846155, 0.26153846153846155, 0.26153846153846155, 0.26153846153846155, 0.26153846153846155, 0.26153846153846155, 0.26153846153846155, 0.26153846153846155, 0.26153846153846155, 0.26153846153846155, 0.26153846153846155, 0.26153846153846155, 0.26153846153846155, 0.26153846153846155, 0.26153846153846155, 0.26153846153846155, 0.26153846153846155, 0.26153846153846155, 0.26153846153846155, 0.26153846153846155, 0.26153846153846155, 0.26153846153846155, 0.26153846153846155, 0.26153846153846155, 0.26153846153846155, 0.26153846153846155, 0.26153846153846155, 0.26153846153846155]",0.0,288,301989888,18874368,64,1,320864256,4936373.169230769,4718592.0,18874368.0,0,0,0,prefix,"[[0, 1, 2, 3, 4, 5, 6, 7, 8], [0, 1, 2, 3, 4, 5, 6, 7, 8], [0, 1, 2, 3, 4, 5, 6, 7, 8], [0, 1, 2, 3, 4, 5, 6, 7, 8], [0, 1, 2, 3, 4, 5, 6, 7, 8], [0, 1, 2, 3, 4, 5, 6, 7, 8], [0, 1, 2, 3, 4, 5, 6, 7, 8], [0, 1, 2, 3, 4, 5, 6, 7, 8], [0, 1, 2, 3, 4, 5, 6, 7, 8], [0, 1, 2, 3, 4, 5, 6, 7, 8], [0, 1, 2, 3, 4, 5, 6, 7, 8], [0, 1, 2, 3, 4, 5, 6, 7, 8], [0, 1, 2, 3, 4, 5, 6, 7, 8], [0, 1, 2, 3, 4, 5, 6, 7, 8], [0, 1, 2, 3, 4, 5, 6, 7, 8], [0, 1, 2, 3, 4, 5, 6, 7, 8], [0, 1, 2, 3, 4, 5, 6, 7, 8], [0, 1, 2, 3, 4, 5, 6, 7, 8], [0, 1, 2, 3, 4, 5, 6, 7, 8], [0, 1, 2, 3, 4, 5, 6, 7, 8], [0, 1, 2, 3, 4, 5, 6, 7, 8], [0, 1, 2, 3, 4, 5, 6, 7, 8], [0, 1, 2, 3, 4, 5, 6, 7, 8], [0, 1, 2, 3, 4, 5, 6, 7, 8], [0, 1, 2, 3, 4, 5, 6, 7, 8], [0, 1, 2, 3, 4, 5, 6, 7, 8], [0, 1, 2, 3, 4, 5, 6, 7, 8], [0, 1, 2, 3, 4, 5, 6, 7, 8], [0, 1, 2, 3, 4, 5, 6, 7, 8], [0, 1, 2, 3, 4, 5, 6, 7, 8], [0, 1, 2, 3, 4, 5, 6, 7, 8], [0, 1, 2, 3, 4, 5, 6, 7, 8]]",sidecar,True,morton,0
gqa,fullload,FullLoad,1.0,full,n293477,20856909,Which kind of bag is green?,Purse,"[""purse""]",1.0,15247,3,morton,0,fullload,,555.131861125119,,,956.9074360188097,961.9965490419418,37.513942923396826,999.5104919653386,1226833920,2368,64,,900.9116271045059,,,1.0,1.0,null,0.0,,1226833920,0,64,0,1226833920,19169280.0,19169280.0,0.0,,,,,null,,,,0
gqa,layout_prefix_chunk,Layout+Prefix,0.25,chunk,n293477,20856909,Which kind of bag is green?,The image shows a variety of personal items scattered on a bed. It includes a,"[""purse""]",0.0,450,16,morton,0,prefix,0.21820585243403912,199.70820611342788,50.52089679520577,285.0787671050057,44.253935921005905,329.39504203386605,269.18573398143053,598.5807760152966,320864256,576,65,228.73398510273546,0.0,9.0,37,0.24324324324324326,0.26153846153846155,"[0.26153846153846155, 0.26153846153846155, 0.26153846153846155, 0.26153846153846155, 0.26153846153846155, 0.26153846153846155, 0.26153846153846155, 0.26153846153846155, 0.26153846153846155, 0.26153846153846155, 0.26153846153846155, 0.26153846153846155, 0.26153846153846155, 0.26153846153846155, 0.26153846153846155, 0.26153846153846155, 0.26153846153846155, 0.26153846153846155, 0.26153846153846155, 0.26153846153846155, 0.26153846153846155, 0.26153846153846155, 0.26153846153846155, 0.26153846153846155, 0.26153846153846155, 0.26153846153846155, 0.26153846153846155, 0.26153846153846155, 0.26153846153846155, 0.26153846153846155, 0.26153846153846155, 0.26153846153846155]",0.0,288,301989888,18874368,64,1,320864256,4936373.169230769,4718592.0,18874368.0,0,0,0,prefix,"[[0, 1, 2, 3, 4, 5, 6, 7, 8], [0, 1, 2, 3, 4, 5, 6, 7, 8], [0, 1, 2, 3, 4, 5, 6, 7, 8], [0, 1, 2, 3, 4, 5, 6, 7, 8], [0, 1, 2, 3, 4, 5, 6, 7, 8], [0, 1, 2, 3, 4, 5, 6, 7, 8], [0, 1, 2, 3, 4, 5, 6, 7, 8], [0, 1, 2, 3, 4, 5, 6, 7, 8], [0, 1, 2, 3, 4, 5, 6, 7, 8], [0, 1, 2, 3, 4, 5, 6, 7, 8], [0, 1, 2, 3, 4, 5, 6, 7, 8], [0, 1, 2, 3, 4, 5, 6, 7, 8], [0, 1, 2, 3, 4, 5, 6, 7, 8], [0, 1, 2, 3, 4, 5, 6, 7, 8], [0, 1, 2, 3, 4, 5, 6, 7, 8], [0, 1, 2, 3, 4, 5, 6, 7, 8], [0, 1, 2, 3, 4, 5, 6, 7, 8], [0, 1, 2, 3, 4, 5, 6, 7, 8], [0, 1, 2, 3, 4, 5, 6, 7, 8], [0, 1, 2, 3, 4, 5, 6, 7, 8], [0, 1, 2, 3, 4, 5, 6, 7, 8], [0, 1, 2, 3, 4, 5, 6, 7, 8], [0, 1, 2, 3, 4, 5, 6, 7, 8], [0, 1, 2, 3, 4, 5, 6, 7, 8], [0, 1, 2, 3, 4, 5, 6, 7, 8], [0, 1, 2, 3, 4, 5, 6, 7, 8], [0, 1, 2, 3, 4, 5, 6, 7, 8], [0, 1, 2, 3, 4, 5, 6, 7, 8], [0, 1, 2, 3, 4, 5, 6, 7, 8], [0, 1, 2, 3, 4, 5, 6, 7, 8], [0, 1, 2, 3, 4, 5, 6, 7, 8], [0, 1, 2, 3, 4, 5, 6, 7, 8]]",sidecar,True,morton,0
gqa,fullload,FullLoad,1.0,full,n293477,20856756,What is the item of furniture called?,Bed,"[""bed""]",1.0,14195,2,morton,0,fullload,,502.384188468568,,,868.3392979437485,873.137349030003,19.25073703750968,892.3880860675126,1226833920,2368,64,,819.6962256915867,,,1.0,1.0,null,0.0,,1226833920,0,64,0,1226833920,19169280.0,19169280.0,0.0,,,,,null,,,,0
gqa,layout_prefix_chunk,Layout+Prefix,0.25,chunk,n293477,20856756,What is the item of furniture called?,The image shows a bed with various items scattered on it. It appears to be,"[""bed""]",0.0,450,16,morton,0,prefix,0.18242024816572666,147.58146565873176,43.337434879504144,221.1173289688304,34.51185405720025,255.67203003447503,272.19787100329995,527.869901037775,320864256,576,65,171.88415699638426,0.0,9.0,37,0.24324324324324326,0.26153846153846155,"[0.26153846153846155, 0.26153846153846155, 0.26153846153846155, 0.26153846153846155, 0.26153846153846155, 0.26153846153846155, 0.26153846153846155, 0.26153846153846155, 0.26153846153846155, 0.26153846153846155, 0.26153846153846155, 0.26153846153846155, 0.26153846153846155, 0.26153846153846155, 0.26153846153846155, 0.26153846153846155, 0.26153846153846155, 0.26153846153846155, 0.26153846153846155, 0.26153846153846155, 0.26153846153846155, 0.26153846153846155, 0.26153846153846155, 0.26153846153846155, 0.26153846153846155, 0.26153846153846155, 0.26153846153846155, 0.26153846153846155, 0.26153846153846155, 0.26153846153846155, 0.26153846153846155, 0.26153846153846155]",0.0,288,301989888,18874368,64,1,320864256,4936373.169230769,4718592.0,18874368.0,0,0,0,prefix,"[[0, 1, 2, 3, 4, 5, 6, 7, 8], [0, 1, 2, 3, 4, 5, 6, 7, 8], [0, 1, 2, 3, 4, 5, 6, 7, 8], [0, 1, 2, 3, 4, 5, 6, 7, 8], [0, 1, 2, 3, 4, 5, 6, 7, 8], [0, 1, 2, 3, 4, 5, 6, 7, 8], [0, 1, 2, 3, 4, 5, 6, 7, 8], [0, 1, 2, 3, 4, 5, 6, 7, 8], [0, 1, 2, 3, 4, 5, 6, 7, 8], [0, 1, 2, 3, 4, 5, 6, 7, 8], [0, 1, 2, 3, 4, 5, 6, 7, 8], [0, 1, 2, 3, 4, 5, 6, 7, 8], [0, 1, 2, 3, 4, 5, 6, 7, 8], [0, 1, 2, 3, 4, 5, 6, 7, 8], [0, 1, 2, 3, 4, 5, 6, 7, 8], [0, 1, 2, 3, 4, 5, 6, 7, 8], [0, 1, 2, 3, 4, 5, 6, 7, 8], [0, 1, 2, 3, 4, 5, 6, 7, 8], [0, 1, 2, 3, 4, 5, 6, 7, 8], [0, 1, 2, 3, 4, 5, 6, 7, 8], [0, 1, 2, 3, 4, 5, 6, 7, 8], [0, 1, 2, 3, 4, 5, 6, 7, 8], [0, 1, 2, 3, 4, 5, 6, 7, 8], [0, 1, 2, 3, 4, 5, 6, 7, 8], [0, 1, 2, 3, 4, 5, 6, 7, 8], [0, 1, 2, 3, 4, 5, 6, 7, 8], [0, 1, 2, 3, 4, 5, 6, 7, 8], [0, 1, 2, 3, 4, 5, 6, 7, 8], [0, 1, 2, 3, 4, 5, 6, 7, 8], [0, 1, 2, 3, 4, 5, 6, 7, 8], [0, 1, 2, 3, 4, 5, 6, 7, 8], [0, 1, 2, 3, 4, 5, 6, 7, 8]]",sidecar,True,morton,0
gqa,fullload,FullLoad,1.0,full,n293477,20856758,Which kind of furniture is it?,Bed,"[""bed""]",1.0,14195,2,morton,0,fullload,,452.6926001999527,,,811.8429249152541,816.6459780186415,29.924529022537172,846.5705070411786,1226833920,2368,64,,758.46697029192,,,1.0,1.0,null,0.0,,1226833920,0,64,0,1226833920,19169280.0,19169280.0,0.0,,,,,null,,,,0
gqa,layout_prefix_chunk,Layout+Prefix,0.25,chunk,n293477,20856758,Which kind of furniture is it?,The image shows a collection of personal items scattered on a bed. It includes a,"[""bed""]",0.0,450,16,morton,0,prefix,0.2188623184338212,171.18348076473922,49.74894900806248,254.90864703897387,46.38704704120755,301.3581590494141,271.11758198589087,572.475741035305,320864256,576,65,199.29820287507027,0.0,9.0,37,0.24324324324324326,0.26153846153846155,"[0.26153846153846155, 0.26153846153846155, 0.26153846153846155, 0.26153846153846155, 0.26153846153846155, 0.26153846153846155, 0.26153846153846155, 0.26153846153846155, 0.26153846153846155, 0.26153846153846155, 0.26153846153846155, 0.26153846153846155, 0.26153846153846155, 0.26153846153846155, 0.26153846153846155, 0.26153846153846155, 0.26153846153846155, 0.26153846153846155, 0.26153846153846155, 0.26153846153846155, 0.26153846153846155, 0.26153846153846155, 0.26153846153846155, 0.26153846153846155, 0.26153846153846155, 0.26153846153846155, 0.26153846153846155, 0.26153846153846155, 0.26153846153846155, 0.26153846153846155, 0.26153846153846155, 0.26153846153846155]",0.0,288,301989888,18874368,64,1,320864256,4936373.169230769,4718592.0,18874368.0,0,0,0,prefix,"[[0, 1, 2, 3, 4, 5, 6, 7, 8], [0, 1, 2, 3, 4, 5, 6, 7, 8], [0, 1, 2, 3, 4, 5, 6, 7, 8], [0, 1, 2, 3, 4, 5, 6, 7, 8], [0, 1, 2, 3, 4, 5, 6, 7, 8], [0, 1, 2, 3, 4, 5, 6, 7, 8], [0, 1, 2, 3, 4, 5, 6, 7, 8], [0, 1, 2, 3, 4, 5, 6, 7, 8], [0, 1, 2, 3, 4, 5, 6, 7, 8], [0, 1, 2, 3, 4, 5, 6, 7, 8], [0, 1, 2, 3, 4, 5, 6, 7, 8], [0, 1, 2, 3, 4, 5, 6, 7, 8], [0, 1, 2, 3, 4, 5, 6, 7, 8], [0, 1, 2, 3, 4, 5, 6, 7, 8], [0, 1, 2, 3, 4, 5, 6, 7, 8], [0, 1, 2, 3, 4, 5, 6, 7, 8], [0, 1, 2, 3, 4, 5, 6, 7, 8], [0, 1, 2, 3, 4, 5, 6, 7, 8], [0, 1, 2, 3, 4, 5, 6, 7, 8], [0, 1, 2, 3, 4, 5, 6, 7, 8], [0, 1, 2, 3, 4, 5, 6, 7, 8], [0, 1, 2, 3, 4, 5, 6, 7, 8], [0, 1, 2, 3, 4, 5, 6, 7, 8], [0, 1, 2, 3, 4, 5, 6, 7, 8], [0, 1, 2, 3, 4, 5, 6, 7, 8], [0, 1, 2, 3, 4, 5, 6, 7, 8], [0, 1, 2, 3, 4, 5, 6, 7, 8], [0, 1, 2, 3, 4, 5, 6, 7, 8], [0, 1, 2, 3, 4, 5, 6, 7, 8], [0, 1, 2, 3, 4, 5, 6, 7, 8], [0, 1, 2, 3, 4, 5, 6, 7, 8], [0, 1, 2, 3, 4, 5, 6, 7, 8]]",sidecar,True,morton,0
gqa,fullload,FullLoad,1.0,full,n293477,20856731,Is the wallet lying on top of a desk?,No,"[""no""]",1.0,1939,2,morton,0,fullload,,494.70854876562953,,,850.2597629558295,855.080938898027,19.08291201107204,874.163850909099,1226833920,2368,64,,800.9492405690253,,,1.0,1.0,null,0.0,,1226833920,0,64,0,1226833920,19169280.0,19169280.0,0.0,,,,,null,,,,0
gqa,layout_prefix_chunk,Layout+Prefix,0.25,chunk,n293477,20856731,Is the wallet lying on top of a desk?,The image shows a collection of personal items scattered on a bed. It includes various,"[""no""]",0.0,450,16,morton,0,prefix,0.16718520782887936,155.1626465516165,43.33432950079441,227.64444700442255,35.87649296969175,263.5622880188748,271.225807024166,534.7880950430408,320864256,576,65,178.74513391871005,0.0,9.0,37,0.24324324324324326,0.26153846153846155,"[0.26153846153846155, 0.26153846153846155, 0.26153846153846155, 0.26153846153846155, 0.26153846153846155, 0.26153846153846155, 0.26153846153846155, 0.26153846153846155, 0.26153846153846155, 0.26153846153846155, 0.26153846153846155, 0.26153846153846155, 0.26153846153846155, 0.26153846153846155, 0.26153846153846155, 0.26153846153846155, 0.26153846153846155, 0.26153846153846155, 0.26153846153846155, 0.26153846153846155, 0.26153846153846155, 0.26153846153846155, 0.26153846153846155, 0.26153846153846155, 0.26153846153846155, 0.26153846153846155, 0.26153846153846155, 0.26153846153846155, 0.26153846153846155, 0.26153846153846155, 0.26153846153846155, 0.26153846153846155]",0.0,288,301989888,18874368,64,1,320864256,4936373.169230769,4718592.0,18874368.0,0,0,0,prefix,"[[0, 1, 2, 3, 4, 5, 6, 7, 8], [0, 1, 2, 3, 4, 5, 6, 7, 8], [0, 1, 2, 3, 4, 5, 6, 7, 8], [0, 1, 2, 3, 4, 5, 6, 7, 8], [0, 1, 2, 3, 4, 5, 6, 7, 8], [0, 1, 2, 3, 4, 5, 6, 7, 8], [0, 1, 2, 3, 4, 5, 6, 7, 8], [0, 1, 2, 3, 4, 5, 6, 7, 8], [0, 1, 2, 3, 4, 5, 6, 7, 8], [0, 1, 2, 3, 4, 5, 6, 7, 8], [0, 1, 2, 3, 4, 5, 6, 7, 8], [0, 1, 2, 3, 4, 5, 6, 7, 8], [0, 1, 2, 3, 4, 5, 6, 7, 8], [0, 1, 2, 3, 4, 5, 6, 7, 8], [0, 1, 2, 3, 4, 5, 6, 7, 8], [0, 1, 2, 3, 4, 5, 6, 7, 8], [0, 1, 2, 3, 4, 5, 6, 7, 8], [0, 1, 2, 3, 4, 5, 6, 7, 8], [0, 1, 2, 3, 4, 5, 6, 7, 8], [0, 1, 2, 3, 4, 5, 6, 7, 8], [0, 1, 2, 3, 4, 5, 6, 7, 8], [0, 1, 2, 3, 4, 5, 6, 7, 8], [0, 1, 2, 3, 4, 5, 6, 7, 8], [0, 1, 2, 3, 4, 5, 6, 7, 8], [0, 1, 2, 3, 4, 5, 6, 7, 8], [0, 1, 2, 3, 4, 5, 6, 7, 8], [0, 1, 2, 3, 4, 5, 6, 7, 8], [0, 1, 2, 3, 4, 5, 6, 7, 8], [0, 1, 2, 3, 4, 5, 6, 7, 8], [0, 1, 2, 3, 4, 5, 6, 7, 8], [0, 1, 2, 3, 4, 5, 6, 7, 8], [0, 1, 2, 3, 4, 5, 6, 7, 8]]",sidecar,True,morton,0
gqa,fullload,FullLoad,1.0,full,n293477,20857065,What is the color of the pens that are lying on top of the bed?,Blue,"[""white""]",0.0,10924,2,morton,0,fullload,,459.7622280707583,,,790.643633925356,795.4909509280697,19.065656000748277,814.5566069288179,1226833920,2368,64,,743.3967377291992,,,1.0,1.0,null,0.0,,1226833920,0,64,0,1226833920,19169280.0,19169280.0,0.0,,,,,null,,,,0
gqa,layout_prefix_chunk,Layout+Prefix,0.25,chunk,n293477,20857065,What is the color of the pens that are lying on top of the bed?,The image shows a collection of personal items scattered on a bed. It includes various,"[""white""]",0.0,450,16,morton,0,prefix,0.2589437644928694,159.12470896728337,51.067658117972314,245.27030100580305,35.744101041927934,281.0662970878184,272.6576909190044,553.7239880068228,320864256,576,65,188.04694816935807,0.0,9.0,37,0.24324324324324326,0.26153846153846155,"[0.26153846153846155, 0.26153846153846155, 0.26153846153846155, 0.26153846153846155, 0.26153846153846155, 0.26153846153846155, 0.26153846153846155, 0.26153846153846155, 0.26153846153846155, 0.26153846153846155, 0.26153846153846155, 0.26153846153846155, 0.26153846153846155, 0.26153846153846155, 0.26153846153846155, 0.26153846153846155, 0.26153846153846155, 0.26153846153846155, 0.26153846153846155, 0.26153846153846155, 0.26153846153846155, 0.26153846153846155, 0.26153846153846155, 0.26153846153846155, 0.26153846153846155, 0.26153846153846155, 0.26153846153846155, 0.26153846153846155, 0.26153846153846155, 0.26153846153846155, 0.26153846153846155, 0.26153846153846155]",0.0,288,301989888,18874368,64,1,320864256,4936373.169230769,4718592.0,18874368.0,0,0,0,prefix,"[[0, 1, 2, 3, 4, 5, 6, 7, 8], [0, 1, 2, 3, 4, 5, 6, 7, 8], [0, 1, 2, 3, 4, 5, 6, 7, 8], [0, 1, 2, 3, 4, 5, 6, 7, 8], [0, 1, 2, 3, 4, 5, 6, 7, 8], [0, 1, 2, 3, 4, 5, 6, 7, 8], [0, 1, 2, 3, 4, 5, 6, 7, 8], [0, 1, 2, 3, 4, 5, 6, 7, 8], [0, 1, 2, 3, 4, 5, 6, 7, 8], [0, 1, 2, 3, 4, 5, 6, 7, 8], [0, 1, 2, 3, 4, 5, 6, 7, 8], [0, 1, 2, 3, 4, 5, 6, 7, 8], [0, 1, 2, 3, 4, 5, 6, 7, 8], [0, 1, 2, 3, 4, 5, 6, 7, 8], [0, 1, 2, 3, 4, 5, 6, 7, 8], [0, 1, 2, 3, 4, 5, 6, 7, 8], [0, 1, 2, 3, 4, 5, 6, 7, 8], [0, 1, 2, 3, 4, 5, 6, 7, 8], [0, 1, 2, 3, 4, 5, 6, 7, 8], [0, 1, 2, 3, 4, 5, 6, 7, 8], [0, 1, 2, 3, 4, 5, 6, 7, 8], [0, 1, 2, 3, 4, 5, 6, 7, 8], [0, 1, 2, 3, 4, 5, 6, 7, 8], [0, 1, 2, 3, 4, 5, 6, 7, 8], [0, 1, 2, 3, 4, 5, 6, 7, 8], [0, 1, 2, 3, 4, 5, 6, 7, 8], [0, 1, 2, 3, 4, 5, 6, 7, 8], [0, 1, 2, 3, 4, 5, 6, 7, 8], [0, 1, 2, 3, 4, 5, 6, 7, 8], [0, 1, 2, 3, 4, 5, 6, 7, 8], [0, 1, 2, 3, 4, 5, 6, 7, 8], [0, 1, 2, 3, 4, 5, 6, 7, 8]]",sidecar,True,morton,0
gqa,fullload,FullLoad,1.0,full,n293477,20857040,Are there either wood spoons or knives?,No,"[""no""]",1.0,1939,2,morton,0,fullload,,438.22893302422017,,,787.618947098963,792.4536190694198,20.35947993863374,812.8130990080535,1226833920,2368,64,,738.6545685585588,,,1.0,1.0,null,0.0,,1226833920,0,64,0,1226833920,19169280.0,19169280.0,0.0,,,,,null,,,,0
gqa,layout_prefix_chunk,Layout+Prefix,0.25,chunk,n293477,20857040,Are there either wood spoons or knives?,The image shows a collection of personal items scattered on a bed. It appears to,"[""no""]",0.0,450,16,morton,0,prefix,0.1922921510413289,151.24199620913714,44.25303474999964,225.5812940420583,35.78671894501895,261.40942703932524,275.59595298953354,537.0053800288588,320864256,576,65,175.66565633751452,0.0,9.0,37,0.24324324324324326,0.26153846153846155,"[0.26153846153846155, 0.26153846153846155, 0.26153846153846155, 0.26153846153846155, 0.26153846153846155, 0.26153846153846155, 0.26153846153846155, 0.26153846153846155, 0.26153846153846155, 0.26153846153846155, 0.26153846153846155, 0.26153846153846155, 0.26153846153846155, 0.26153846153846155, 0.26153846153846155, 0.26153846153846155, 0.26153846153846155, 0.26153846153846155, 0.26153846153846155, 0.26153846153846155, 0.26153846153846155, 0.26153846153846155, 0.26153846153846155, 0.26153846153846155, 0.26153846153846155, 0.26153846153846155, 0.26153846153846155, 0.26153846153846155, 0.26153846153846155, 0.26153846153846155, 0.26153846153846155, 0.26153846153846155]",0.0,288,301989888,18874368,64,1,320864256,4936373.169230769,4718592.0,18874368.0,0,0,0,prefix,"[[0, 1, 2, 3, 4, 5, 6, 7, 8], [0, 1, 2, 3, 4, 5, 6, 7, 8], [0, 1, 2, 3, 4, 5, 6, 7, 8], [0, 1, 2, 3, 4, 5, 6, 7, 8], [0, 1, 2, 3, 4, 5, 6, 7, 8], [0, 1, 2, 3, 4, 5, 6, 7, 8], [0, 1, 2, 3, 4, 5, 6, 7, 8], [0, 1, 2, 3, 4, 5, 6, 7, 8], [0, 1, 2, 3, 4, 5, 6, 7, 8], [0, 1, 2, 3, 4, 5, 6, 7, 8], [0, 1, 2, 3, 4, 5, 6, 7, 8], [0, 1, 2, 3, 4, 5, 6, 7, 8], [0, 1, 2, 3, 4, 5, 6, 7, 8], [0, 1, 2, 3, 4, 5, 6, 7, 8], [0, 1, 2, 3, 4, 5, 6, 7, 8], [0, 1, 2, 3, 4, 5, 6, 7, 8], [0, 1, 2, 3, 4, 5, 6, 7, 8], [0, 1, 2, 3, 4, 5, 6, 7, 8], [0, 1, 2, 3, 4, 5, 6, 7, 8], [0, 1, 2, 3, 4, 5, 6, 7, 8], [0, 1, 2, 3, 4, 5, 6, 7, 8], [0, 1, 2, 3, 4, 5, 6, 7, 8], [0, 1, 2, 3, 4, 5, 6, 7, 8], [0, 1, 2, 3, 4, 5, 6, 7, 8], [0, 1, 2, 3, 4, 5, 6, 7, 8], [0, 1, 2, 3, 4, 5, 6, 7, 8], [0, 1, 2, 3, 4, 5, 6, 7, 8], [0, 1, 2, 3, 4, 5, 6, 7, 8], [0, 1, 2, 3, 4, 5, 6, 7, 8], [0, 1, 2, 3, 4, 5, 6, 7, 8], [0, 1, 2, 3, 4, 5, 6, 7, 8], [0, 1, 2, 3, 4, 5, 6, 7, 8]]",sidecar,True,morton,0
gqa,fullload,FullLoad,1.0,full,n44249,20935919,Are the green trees lush or leafless?,Lush,"[""lush""]",1.0,365,3,morton,0,fullload,,388.92445689998567,,,620.1115830335766,624.799192068167,37.76119300164282,662.5603850698099,1124073472,2176,64,,569.4961481494829,,,1.0,1.0,null,0.0,,1124073472,0,64,0,1124073472,17563648.0,17563648.0,0.0,,,,,null,,,,0
gqa,layout_prefix_chunk,Layout+Prefix,0.25,chunk,n44249,20935919,Are the green trees lush or leafless?,The image shows a family riding an elephant. The elephant,"[""lush""]",0.0,450,16,morton,0,prefix,0.17183017916977406,143.4106242377311,40.201806114055216,209.00917705148458,35.32736306078732,244.37911005225033,276.52282593771815,520.9019359899685,285212672,512,65,163.46877883188426,0.0,8.0,34,0.23529411764705882,0.2537313432835821,"[0.2537313432835821, 0.2537313432835821, 0.2537313432835821, 0.2537313432835821, 0.2537313432835821, 0.2537313432835821, 0.2537313432835821, 0.2537313432835821, 0.2537313432835821, 0.2537313432835821, 0.2537313432835821, 0.2537313432835821, 0.2537313432835821, 0.2537313432835821, 0.2537313432835821, 0.2537313432835821, 0.2537313432835821, 0.2537313432835821, 0.2537313432835821, 0.2537313432835821, 0.2537313432835821, 0.2537313432835821, 0.2537313432835821, 0.2537313432835821, 0.2537313432835821, 0.2537313432835821, 0.2537313432835821, 0.2537313432835821, 0.2537313432835821, 0.2537313432835821, 0.2537313432835821, 0.2537313432835821]",0.0,256,268435456,16777216,64,1,285212672,4387887.261538462,4194304.0,16777216.0,0,0,0,prefix,"[[0, 1, 2, 3, 4, 5, 6, 7], [0, 1, 2, 3, 4, 5, 6, 7], [0, 1, 2, 3, 4, 5, 6, 7], [0, 1, 2, 3, 4, 5, 6, 7], [0, 1, 2, 3, 4, 5, 6, 7], [0, 1, 2, 3, 4, 5, 6, 7], [0, 1, 2, 3, 4, 5, 6, 7], [0, 1, 2, 3, 4, 5, 6, 7], [0, 1, 2, 3, 4, 5, 6, 7], [0, 1, 2, 3, 4, 5, 6, 7], [0, 1, 2, 3, 4, 5, 6, 7], [0, 1, 2, 3, 4, 5, 6, 7], [0, 1, 2, 3, 4, 5, 6, 7], [0, 1, 2, 3, 4, 5, 6, 7], [0, 1, 2, 3, 4, 5, 6, 7], [0, 1, 2, 3, 4, 5, 6, 7], [0, 1, 2, 3, 4, 5, 6, 7], [0, 1, 2, 3, 4, 5, 6, 7], [0, 1, 2, 3, 4, 5, 6, 7], [0, 1, 2, 3, 4, 5, 6, 7], [0, 1, 2, 3, 4, 5, 6, 7], [0, 1, 2, 3, 4, 5, 6, 7], [0, 1, 2, 3, 4, 5, 6, 7], [0, 1, 2, 3, 4, 5, 6, 7], [0, 1, 2, 3, 4, 5, 6, 7], [0, 1, 2, 3, 4, 5, 6, 7], [0, 1, 2, 3, 4, 5, 6, 7], [0, 1, 2, 3, 4, 5, 6, 7], [0, 1, 2, 3, 4, 5, 6, 7], [0, 1, 2, 3, 4, 5, 6, 7], [0, 1, 2, 3, 4, 5, 6, 7], [0, 1, 2, 3, 4, 5, 6, 7]]",sidecar,True,morton,0
gqa,fullload,FullLoad,1.0,full,n44249,20935938,"What kind of animal are the trees behind of, a sheep or an elephant?",Elephant,"[""elephant""]",1.0,8317,4,morton,0,fullload,,385.05265477579087,,,606.9957490544766,611.6533559979871,58.31332493107766,669.9666809290648,1124073472,2176,64,,558.7003831751645,,,1.0,1.0,null,0.0,,1124073472,0,64,0,1124073472,17563648.0,17563648.0,0.0,,,,,null,,,,0
gqa,layout_prefix_chunk,Layout+Prefix,0.25,chunk,n44249,20935938,"What kind of animal are the trees behind of, a sheep or an elephant?",The image shows a group of people riding an elephant. The ele,"[""elephant""]",0.0,450,16,morton,0,prefix,0.2364640822634101,154.71655211877078,53.805256146006286,242.90733295492828,46.3624419644475,289.33623991906643,272.40526606328785,561.7415059823543,285212672,512,65,182.97599395737052,0.0,8.0,34,0.23529411764705882,0.2537313432835821,"[0.2537313432835821, 0.2537313432835821, 0.2537313432835821, 0.2537313432835821, 0.2537313432835821, 0.2537313432835821, 0.2537313432835821, 0.2537313432835821, 0.2537313432835821, 0.2537313432835821, 0.2537313432835821, 0.2537313432835821, 0.2537313432835821, 0.2537313432835821, 0.2537313432835821, 0.2537313432835821, 0.2537313432835821, 0.2537313432835821, 0.2537313432835821, 0.2537313432835821, 0.2537313432835821, 0.2537313432835821, 0.2537313432835821, 0.2537313432835821, 0.2537313432835821, 0.2537313432835821, 0.2537313432835821, 0.2537313432835821, 0.2537313432835821, 0.2537313432835821, 0.2537313432835821, 0.2537313432835821]",0.0,256,268435456,16777216,64,1,285212672,4387887.261538462,4194304.0,16777216.0,0,0,0,prefix,"[[0, 1, 2, 3, 4, 5, 6, 7], [0, 1, 2, 3, 4, 5, 6, 7], [0, 1, 2, 3, 4, 5, 6, 7], [0, 1, 2, 3, 4, 5, 6, 7], [0, 1, 2, 3, 4, 5, 6, 7], [0, 1, 2, 3, 4, 5, 6, 7], [0, 1, 2, 3, 4, 5, 6, 7], [0, 1, 2, 3, 4, 5, 6, 7], [0, 1, 2, 3, 4, 5, 6, 7], [0, 1, 2, 3, 4, 5, 6, 7], [0, 1, 2, 3, 4, 5, 6, 7], [0, 1, 2, 3, 4, 5, 6, 7], [0, 1, 2, 3, 4, 5, 6, 7], [0, 1, 2, 3, 4, 5, 6, 7], [0, 1, 2, 3, 4, 5, 6, 7], [0, 1, 2, 3, 4, 5, 6, 7], [0, 1, 2, 3, 4, 5, 6, 7], [0, 1, 2, 3, 4, 5, 6, 7], [0, 1, 2, 3, 4, 5, 6, 7], [0, 1, 2, 3, 4, 5, 6, 7], [0, 1, 2, 3, 4, 5, 6, 7], [0, 1, 2, 3, 4, 5, 6, 7], [0, 1, 2, 3, 4, 5, 6, 7], [0, 1, 2, 3, 4, 5, 6, 7], [0, 1, 2, 3, 4, 5, 6, 7], [0, 1, 2, 3, 4, 5, 6, 7], [0, 1, 2, 3, 4, 5, 6, 7], [0, 1, 2, 3, 4, 5, 6, 7], [0, 1, 2, 3, 4, 5, 6, 7], [0, 1, 2, 3, 4, 5, 6, 7], [0, 1, 2, 3, 4, 5, 6, 7], [0, 1, 2, 3, 4, 5, 6, 7]]",sidecar,True,morton,0
gqa,fullload,FullLoad,1.0,full,n44249,20935990,Does the animal beside the fence have small size?,No,"[""no""]",1.0,1939,2,morton,0,fullload,,457.9394544707611,,,728.778404998593,733.4788619773462,44.010687968693674,777.4895499460399,1124073472,2176,64,,660.9554938040674,,,1.0,1.0,null,0.0,,1124073472,0,64,0,1124073472,17563648.0,17563648.0,0.0,,,,,null,,,,0
gqa,layout_prefix_chunk,Layout+Prefix,0.25,chunk,n44249,20935990,Does the animal beside the fence have small size?,The image shows a group of people riding an elephant. The ele,"[""no""]",0.0,450,16,morton,0,prefix,0.20662369206547737,184.07572200521827,45.670967432670295,257.71438889205456,34.38358590938151,292.1433938900009,268.9599230652675,561.1033169552684,285212672,512,65,206.49138768203557,0.0,8.0,34,0.23529411764705882,0.2537313432835821,"[0.2537313432835821, 0.2537313432835821, 0.2537313432835821, 0.2537313432835821, 0.2537313432835821, 0.2537313432835821, 0.2537313432835821, 0.2537313432835821, 0.2537313432835821, 0.2537313432835821, 0.2537313432835821, 0.2537313432835821, 0.2537313432835821, 0.2537313432835821, 0.2537313432835821, 0.2537313432835821, 0.2537313432835821, 0.2537313432835821, 0.2537313432835821, 0.2537313432835821, 0.2537313432835821, 0.2537313432835821, 0.2537313432835821, 0.2537313432835821, 0.2537313432835821, 0.2537313432835821, 0.2537313432835821, 0.2537313432835821, 0.2537313432835821, 0.2537313432835821, 0.2537313432835821, 0.2537313432835821]",0.0,256,268435456,16777216,64,1,285212672,4387887.261538462,4194304.0,16777216.0,0,0,0,prefix,"[[0, 1, 2, 3, 4, 5, 6, 7], [0, 1, 2, 3, 4, 5, 6, 7], [0, 1, 2, 3, 4, 5, 6, 7], [0, 1, 2, 3, 4, 5, 6, 7], [0, 1, 2, 3, 4, 5, 6, 7], [0, 1, 2, 3, 4, 5, 6, 7], [0, 1, 2, 3, 4, 5, 6, 7], [0, 1, 2, 3, 4, 5, 6, 7], [0, 1, 2, 3, 4, 5, 6, 7], [0, 1, 2, 3, 4, 5, 6, 7], [0, 1, 2, 3, 4, 5, 6, 7], [0, 1, 2, 3, 4, 5, 6, 7], [0, 1, 2, 3, 4, 5, 6, 7], [0, 1, 2, 3, 4, 5, 6, 7], [0, 1, 2, 3, 4, 5, 6, 7], [0, 1, 2, 3, 4, 5, 6, 7], [0, 1, 2, 3, 4, 5, 6, 7], [0, 1, 2, 3, 4, 5, 6, 7], [0, 1, 2, 3, 4, 5, 6, 7], [0, 1, 2, 3, 4, 5, 6, 7], [0, 1, 2, 3, 4, 5, 6, 7], [0, 1, 2, 3, 4, 5, 6, 7], [0, 1, 2, 3, 4, 5, 6, 7], [0, 1, 2, 3, 4, 5, 6, 7], [0, 1, 2, 3, 4, 5, 6, 7], [0, 1, 2, 3, 4, 5, 6, 7], [0, 1, 2, 3, 4, 5, 6, 7], [0, 1, 2, 3, 4, 5, 6, 7], [0, 1, 2, 3, 4, 5, 6, 7], [0, 1, 2, 3, 4, 5, 6, 7], [0, 1, 2, 3, 4, 5, 6, 7], [0, 1, 2, 3, 4, 5, 6, 7]]",sidecar,True,morton,0
gqa,fullload,FullLoad,1.0,full,n44249,20936256,Is the woman to the right or to the left of the heavy person?,Left,"[""left""]",1.0,19941,2,morton,0,fullload,,371.91425694618374,,,585.3212559595704,589.9086040444672,20.101782050915062,610.0103860953823,1124073472,2176,64,,539.2876082332805,,,1.0,1.0,null,0.0,,1124073472,0,64,0,1124073472,17563648.0,17563648.0,0.0,,,,,null,,,,0
gqa,layout_prefix_chunk,Layout+Prefix,0.25,chunk,n44249,20936256,Is the woman to the right or to the left of the heavy person?,The image shows a family riding an elephant. The elephant,"[""left""]",0.0,450,16,morton,0,prefix,0.2196502173319459,149.6308648493141,49.80238701682538,230.5972749600187,33.893912099301815,264.53855202998966,269.52227391302586,534.0608259430155,285212672,512,65,175.1725417561829,0.0,8.0,34,0.23529411764705882,0.2537313432835821,"[0.2537313432835821, 0.2537313432835821, 0.2537313432835821, 0.2537313432835821, 0.2537313432835821, 0.2537313432835821, 0.2537313432835821, 0.2537313432835821, 0.2537313432835821, 0.2537313432835821, 0.2537313432835821, 0.2537313432835821, 0.2537313432835821, 0.2537313432835821, 0.2537313432835821, 0.2537313432835821, 0.2537313432835821, 0.2537313432835821, 0.2537313432835821, 0.2537313432835821, 0.2537313432835821, 0.2537313432835821, 0.2537313432835821, 0.2537313432835821, 0.2537313432835821, 0.2537313432835821, 0.2537313432835821, 0.2537313432835821, 0.2537313432835821, 0.2537313432835821, 0.2537313432835821, 0.2537313432835821]",0.0,256,268435456,16777216,64,1,285212672,4387887.261538462,4194304.0,16777216.0,0,0,0,prefix,"[[0, 1, 2, 3, 4, 5, 6, 7], [0, 1, 2, 3, 4, 5, 6, 7], [0, 1, 2, 3, 4, 5, 6, 7], [0, 1, 2, 3, 4, 5, 6, 7], [0, 1, 2, 3, 4, 5, 6, 7], [0, 1, 2, 3, 4, 5, 6, 7], [0, 1, 2, 3, 4, 5, 6, 7], [0, 1, 2, 3, 4, 5, 6, 7], [0, 1, 2, 3, 4, 5, 6, 7], [0, 1, 2, 3, 4, 5, 6, 7], [0, 1, 2, 3, 4, 5, 6, 7], [0, 1, 2, 3, 4, 5, 6, 7], [0, 1, 2, 3, 4, 5, 6, 7], [0, 1, 2, 3, 4, 5, 6, 7], [0, 1, 2, 3, 4, 5, 6, 7], [0, 1, 2, 3, 4, 5, 6, 7], [0, 1, 2, 3, 4, 5, 6, 7], [0, 1, 2, 3, 4, 5, 6, 7], [0, 1, 2, 3, 4, 5, 6, 7], [0, 1, 2, 3, 4, 5, 6, 7], [0, 1, 2, 3, 4, 5, 6, 7], [0, 1, 2, 3, 4, 5, 6, 7], [0, 1, 2, 3, 4, 5, 6, 7], [0, 1, 2, 3, 4, 5, 6, 7], [0, 1, 2, 3, 4, 5, 6, 7], [0, 1, 2, 3, 4, 5, 6, 7], [0, 1, 2, 3, 4, 5, 6, 7], [0, 1, 2, 3, 4, 5, 6, 7], [0, 1, 2, 3, 4, 5, 6, 7], [0, 1, 2, 3, 4, 5, 6, 7], [0, 1, 2, 3, 4, 5, 6, 7], [0, 1, 2, 3, 4, 5, 6, 7]]",sidecar,True,morton,0
gqa,fullload,FullLoad,1.0,full,n44249,20936230,Which kind of animal is the woman on?,Elephant,"[""elephant""]",1.0,8317,4,morton,0,fullload,,387.13770580943674,,,609.6960180439055,614.2782949609682,55.16787199303508,669.4461669540033,1124073472,2176,64,,563.2786472560838,,,1.0,1.0,null,0.0,,1124073472,0,64,0,1124073472,17563648.0,17563648.0,0.0,,,,,null,,,,0
gqa,layout_prefix_chunk,Layout+Prefix,0.25,chunk,n44249,20936230,Which kind of animal is the woman on?,The image shows a group of people riding an elephant. The ele,"[""elephant""]",0.0,450,16,morton,0,prefix,0.24620199110358953,122.63435125350952,54.20678877271712,211.13533503375947,41.97588295210153,253.17401299253106,268.9443699782714,522.1183829708025,285212672,512,65,151.18363208603114,0.0,8.0,34,0.23529411764705882,0.2537313432835821,"[0.2537313432835821, 0.2537313432835821, 0.2537313432835821, 0.2537313432835821, 0.2537313432835821, 0.2537313432835821, 0.2537313432835821, 0.2537313432835821, 0.2537313432835821, 0.2537313432835821, 0.2537313432835821, 0.2537313432835821, 0.2537313432835821, 0.2537313432835821, 0.2537313432835821, 0.2537313432835821, 0.2537313432835821, 0.2537313432835821, 0.2537313432835821, 0.2537313432835821, 0.2537313432835821, 0.2537313432835821, 0.2537313432835821, 0.2537313432835821, 0.2537313432835821, 0.2537313432835821, 0.2537313432835821, 0.2537313432835821, 0.2537313432835821, 0.2537313432835821, 0.2537313432835821, 0.2537313432835821]",0.0,256,268435456,16777216,64,1,285212672,4387887.261538462,4194304.0,16777216.0,0,0,0,prefix,"[[0, 1, 2, 3, 4, 5, 6, 7], [0, 1, 2, 3, 4, 5, 6, 7], [0, 1, 2, 3, 4, 5, 6, 7], [0, 1, 2, 3, 4, 5, 6, 7], [0, 1, 2, 3, 4, 5, 6, 7], [0, 1, 2, 3, 4, 5, 6, 7], [0, 1, 2, 3, 4, 5, 6, 7], [0, 1, 2, 3, 4, 5, 6, 7], [0, 1, 2, 3, 4, 5, 6, 7], [0, 1, 2, 3, 4, 5, 6, 7], [0, 1, 2, 3, 4, 5, 6, 7], [0, 1, 2, 3, 4, 5, 6, 7], [0, 1, 2, 3, 4, 5, 6, 7], [0, 1, 2, 3, 4, 5, 6, 7], [0, 1, 2, 3, 4, 5, 6, 7], [0, 1, 2, 3, 4, 5, 6, 7], [0, 1, 2, 3, 4, 5, 6, 7], [0, 1, 2, 3, 4, 5, 6, 7], [0, 1, 2, 3, 4, 5, 6, 7], [0, 1, 2, 3, 4, 5, 6, 7], [0, 1, 2, 3, 4, 5, 6, 7], [0, 1, 2, 3, 4, 5, 6, 7], [0, 1, 2, 3, 4, 5, 6, 7], [0, 1, 2, 3, 4, 5, 6, 7], [0, 1, 2, 3, 4, 5, 6, 7], [0, 1, 2, 3, 4, 5, 6, 7], [0, 1, 2, 3, 4, 5, 6, 7], [0, 1, 2, 3, 4, 5, 6, 7], [0, 1, 2, 3, 4, 5, 6, 7], [0, 1, 2, 3, 4, 5, 6, 7], [0, 1, 2, 3, 4, 5, 6, 7], [0, 1, 2, 3, 4, 5, 6, 7]]",sidecar,True,morton,0
gqa,fullload,FullLoad,1.0,full,n44249,20936214,Does the woman to the left of the man appear to be sitting?,Yes,"[""yes""]",1.0,3869,2,morton,0,fullload,,383.29677272122353,,,602.9308990109712,607.6891720294952,19.259625929407775,626.948797958903,1124073472,2176,64,,557.0021033054218,,,1.0,1.0,null,0.0,,1124073472,0,64,0,1124073472,17563648.0,17563648.0,0.0,,,,,null,,,,0
gqa,layout_prefix_chunk,Layout+Prefix,0.25,chunk,n44249,20936214,Does the woman to the left of the man appear to be sitting?,The image shows a group of people riding an elephant. The ele,"[""yes""]",0.0,450,16,morton,0,prefix,0.15972449909895658,141.7154602240771,38.83030405268073,205.87774098385125,35.57130100671202,241.4913799148053,272.5927240680903,514.0841039828956,285212672,512,65,161.72584530431777,0.0,8.0,34,0.23529411764705882,0.2537313432835821,"[0.2537313432835821, 0.2537313432835821, 0.2537313432835821, 0.2537313432835821, 0.2537313432835821, 0.2537313432835821, 0.2537313432835821, 0.2537313432835821, 0.2537313432835821, 0.2537313432835821, 0.2537313432835821, 0.2537313432835821, 0.2537313432835821, 0.2537313432835821, 0.2537313432835821, 0.2537313432835821, 0.2537313432835821, 0.2537313432835821, 0.2537313432835821, 0.2537313432835821, 0.2537313432835821, 0.2537313432835821, 0.2537313432835821, 0.2537313432835821, 0.2537313432835821, 0.2537313432835821, 0.2537313432835821, 0.2537313432835821, 0.2537313432835821, 0.2537313432835821, 0.2537313432835821, 0.2537313432835821]",0.0,256,268435456,16777216,64,1,285212672,4387887.261538462,4194304.0,16777216.0,0,0,0,prefix,"[[0, 1, 2, 3, 4, 5, 6, 7], [0, 1, 2, 3, 4, 5, 6, 7], [0, 1, 2, 3, 4, 5, 6, 7], [0, 1, 2, 3, 4, 5, 6, 7], [0, 1, 2, 3, 4, 5, 6, 7], [0, 1, 2, 3, 4, 5, 6, 7], [0, 1, 2, 3, 4, 5, 6, 7], [0, 1, 2, 3, 4, 5, 6, 7], [0, 1, 2, 3, 4, 5, 6, 7], [0, 1, 2, 3, 4, 5, 6, 7], [0, 1, 2, 3, 4, 5, 6, 7], [0, 1, 2, 3, 4, 5, 6, 7], [0, 1, 2, 3, 4, 5, 6, 7], [0, 1, 2, 3, 4, 5, 6, 7], [0, 1, 2, 3, 4, 5, 6, 7], [0, 1, 2, 3, 4, 5, 6, 7], [0, 1, 2, 3, 4, 5, 6, 7], [0, 1, 2, 3, 4, 5, 6, 7], [0, 1, 2, 3, 4, 5, 6, 7], [0, 1, 2, 3, 4, 5, 6, 7], [0, 1, 2, 3, 4, 5, 6, 7], [0, 1, 2, 3, 4, 5, 6, 7], [0, 1, 2, 3, 4, 5, 6, 7], [0, 1, 2, 3, 4, 5, 6, 7], [0, 1, 2, 3, 4, 5, 6, 7], [0, 1, 2, 3, 4, 5, 6, 7], [0, 1, 2, 3, 4, 5, 6, 7], [0, 1, 2, 3, 4, 5, 6, 7], [0, 1, 2, 3, 4, 5, 6, 7], [0, 1, 2, 3, 4, 5, 6, 7], [0, 1, 2, 3, 4, 5, 6, 7], [0, 1, 2, 3, 4, 5, 6, 7]]",sidecar,True,morton,0
gqa,fullload,FullLoad,1.0,full,n331357,201404246,The small animal is drinking from who?,Cow,"[""mother""]",0.0,21638,2,morton,0,fullload,,440.80526335164905,,,659.1362019535154,663.6982070049271,19.211817998439074,682.9100250033662,1072693248,2048,64,,608.7396600050852,,,1.0,1.0,null,0.0,,1072693248,0,64,0,1072693248,16760832.0,16760832.0,0.0,,,,,null,,,,0
gqa,layout_prefix_chunk,Layout+Prefix,0.25,chunk,n331357,201404246,The small animal is drinking from who?,The image shows a rural landscape with a variety of animals grazing in a field,"[""mother""]",0.0,450,16,morton,0,prefix,0.16944867093116045,147.58887700736523,42.2492790967226,216.0367809701711,33.84931699838489,249.92554099299014,276.13140596076846,526.0569469537586,284164096,512,65,168.45929494593292,0.0,8.0,32,0.25,0.2649071358748778,"[0.2649071358748778, 0.2649071358748778, 0.2649071358748778, 0.2649071358748778, 0.2649071358748778, 0.2649071358748778, 0.2649071358748778, 0.2649071358748778, 0.2649071358748778, 0.2649071358748778, 0.2649071358748778, 0.2649071358748778, 0.2649071358748778, 0.2649071358748778, 0.2649071358748778, 0.2649071358748778, 0.2649071358748778, 0.2649071358748778, 0.2649071358748778, 0.2649071358748778, 0.2649071358748778, 0.2649071358748778, 0.2649071358748778, 0.2649071358748778, 0.2649071358748778, 0.2649071358748778, 0.2649071358748778, 0.2649071358748778, 0.2649071358748778, 0.2649071358748778, 0.2649071358748778, 0.2649071358748778]",0.0,256,268435456,15728640,64,1,284164096,4371755.323076923,4194304.0,15728640.0,0,0,0,prefix,"[[0, 1, 2, 3, 4, 5, 6, 7], [0, 1, 2, 3, 4, 5, 6, 7], [0, 1, 2, 3, 4, 5, 6, 7], [0, 1, 2, 3, 4, 5, 6, 7], [0, 1, 2, 3, 4, 5, 6, 7], [0, 1, 2, 3, 4, 5, 6, 7], [0, 1, 2, 3, 4, 5, 6, 7], [0, 1, 2, 3, 4, 5, 6, 7], [0, 1, 2, 3, 4, 5, 6, 7], [0, 1, 2, 3, 4, 5, 6, 7], [0, 1, 2, 3, 4, 5, 6, 7], [0, 1, 2, 3, 4, 5, 6, 7], [0, 1, 2, 3, 4, 5, 6, 7], [0, 1, 2, 3, 4, 5, 6, 7], [0, 1, 2, 3, 4, 5, 6, 7], [0, 1, 2, 3, 4, 5, 6, 7], [0, 1, 2, 3, 4, 5, 6, 7], [0, 1, 2, 3, 4, 5, 6, 7], [0, 1, 2, 3, 4, 5, 6, 7], [0, 1, 2, 3, 4, 5, 6, 7], [0, 1, 2, 3, 4, 5, 6, 7], [0, 1, 2, 3, 4, 5, 6, 7], [0, 1, 2, 3, 4, 5, 6, 7], [0, 1, 2, 3, 4, 5, 6, 7], [0, 1, 2, 3, 4, 5, 6, 7], [0, 1, 2, 3, 4, 5, 6, 7], [0, 1, 2, 3, 4, 5, 6, 7], [0, 1, 2, 3, 4, 5, 6, 7], [0, 1, 2, 3, 4, 5, 6, 7], [0, 1, 2, 3, 4, 5, 6, 7], [0, 1, 2, 3, 4, 5, 6, 7], [0, 1, 2, 3, 4, 5, 6, 7]]",sidecar,True,morton,0
gqa,fullload,FullLoad,1.0,full,n331357,201404241,What animal is drinking from the mother?,Calf,"[""calf""]",1.0,3037,3,morton,0,fullload,,421.55586020089686,,,641.2168609676883,645.7831029547378,39.01563899125904,684.7987419459969,1072693248,2048,64,,589.620691142045,,,1.0,1.0,null,0.0,,1072693248,0,64,0,1072693248,16760832.0,16760832.0,0.0,,,,,null,,,,0
gqa,layout_prefix_chunk,Layout+Prefix,0.25,chunk,n331357,201404241,What animal is drinking from the mother?,The image shows a pastoral scene with a variety of animals grazing in a,"[""calf""]",0.0,450,16,morton,0,prefix,0.14452275354415178,138.37061647791415,39.852699846960604,202.64923200011253,34.12198706064373,236.81637400295585,273.6232659080997,510.43963991105556,284164096,512,65,157.66290994361043,0.0,8.0,32,0.25,0.2649071358748778,"[0.2649071358748778, 0.2649071358748778, 0.2649071358748778, 0.2649071358748778, 0.2649071358748778, 0.2649071358748778, 0.2649071358748778, 0.2649071358748778, 0.2649071358748778, 0.2649071358748778, 0.2649071358748778, 0.2649071358748778, 0.2649071358748778, 0.2649071358748778, 0.2649071358748778, 0.2649071358748778, 0.2649071358748778, 0.2649071358748778, 0.2649071358748778, 0.2649071358748778, 0.2649071358748778, 0.2649071358748778, 0.2649071358748778, 0.2649071358748778, 0.2649071358748778, 0.2649071358748778, 0.2649071358748778, 0.2649071358748778, 0.2649071358748778, 0.2649071358748778, 0.2649071358748778, 0.2649071358748778]",0.0,256,268435456,15728640,64,1,284164096,4371755.323076923,4194304.0,15728640.0,0,0,0,prefix,"[[0, 1, 2, 3, 4, 5, 6, 7], [0, 1, 2, 3, 4, 5, 6, 7], [0, 1, 2, 3, 4, 5, 6, 7], [0, 1, 2, 3, 4, 5, 6, 7], [0, 1, 2, 3, 4, 5, 6, 7], [0, 1, 2, 3, 4, 5, 6, 7], [0, 1, 2, 3, 4, 5, 6, 7], [0, 1, 2, 3, 4, 5, 6, 7], [0, 1, 2, 3, 4, 5, 6, 7], [0, 1, 2, 3, 4, 5, 6, 7], [0, 1, 2, 3, 4, 5, 6, 7], [0, 1, 2, 3, 4, 5, 6, 7], [0, 1, 2, 3, 4, 5, 6, 7], [0, 1, 2, 3, 4, 5, 6, 7], [0, 1, 2, 3, 4, 5, 6, 7], [0, 1, 2, 3, 4, 5, 6, 7], [0, 1, 2, 3, 4, 5, 6, 7], [0, 1, 2, 3, 4, 5, 6, 7], [0, 1, 2, 3, 4, 5, 6, 7], [0, 1, 2, 3, 4, 5, 6, 7], [0, 1, 2, 3, 4, 5, 6, 7], [0, 1, 2, 3, 4, 5, 6, 7], [0, 1, 2, 3, 4, 5, 6, 7], [0, 1, 2, 3, 4, 5, 6, 7], [0, 1, 2, 3, 4, 5, 6, 7], [0, 1, 2, 3, 4, 5, 6, 7], [0, 1, 2, 3, 4, 5, 6, 7], [0, 1, 2, 3, 4, 5, 6, 7], [0, 1, 2, 3, 4, 5, 6, 7], [0, 1, 2, 3, 4, 5, 6, 7], [0, 1, 2, 3, 4, 5, 6, 7], [0, 1, 2, 3, 4, 5, 6, 7]]",sidecar,True,morton,0
gqa,fullload,FullLoad,1.0,full,n331357,201404242,What is the animal that is drinking from the mom that is not small?,Calf,"[""calf""]",1.0,3037,3,morton,0,fullload,,472.45304682292044,,,723.5448349965736,728.1419620849192,38.12007198575884,766.262034070678,1072693248,2048,64,,661.4936561090872,,,1.0,1.0,null,0.0,,1072693248,0,64,0,1072693248,16760832.0,16760832.0,0.0,,,,,null,,,,0
gqa,layout_prefix_chunk,Layout+Prefix,0.25,chunk,n331357,201404242,What is the animal that is drinking from the mom that is not small?,The image shows a pastoral scene with a variety of animals grazing in a,"[""calf""]",0.0,450,16,morton,0,prefix,0.1665262971073389,146.24616934452206,40.51966418046504,214.30867596063763,34.79540592525154,249.14915196131915,275.7150870747864,524.8642390361056,284164096,512,65,167.84069605637342,0.0,8.0,32,0.25,0.2649071358748778,"[0.2649071358748778, 0.2649071358748778, 0.2649071358748778, 0.2649071358748778, 0.2649071358748778, 0.2649071358748778, 0.2649071358748778, 0.2649071358748778, 0.2649071358748778, 0.2649071358748778, 0.2649071358748778, 0.2649071358748778, 0.2649071358748778, 0.2649071358748778, 0.2649071358748778, 0.2649071358748778, 0.2649071358748778, 0.2649071358748778, 0.2649071358748778, 0.2649071358748778, 0.2649071358748778, 0.2649071358748778, 0.2649071358748778, 0.2649071358748778, 0.2649071358748778, 0.2649071358748778, 0.2649071358748778, 0.2649071358748778, 0.2649071358748778, 0.2649071358748778, 0.2649071358748778, 0.2649071358748778]",0.0,256,268435456,15728640,64,1,284164096,4371755.323076923,4194304.0,15728640.0,0,0,0,prefix,"[[0, 1, 2, 3, 4, 5, 6, 7], [0, 1, 2, 3, 4, 5, 6, 7], [0, 1, 2, 3, 4, 5, 6, 7], [0, 1, 2, 3, 4, 5, 6, 7], [0, 1, 2, 3, 4, 5, 6, 7], [0, 1, 2, 3, 4, 5, 6, 7], [0, 1, 2, 3, 4, 5, 6, 7], [0, 1, 2, 3, 4, 5, 6, 7], [0, 1, 2, 3, 4, 5, 6, 7], [0, 1, 2, 3, 4, 5, 6, 7], [0, 1, 2, 3, 4, 5, 6, 7], [0, 1, 2, 3, 4, 5, 6, 7], [0, 1, 2, 3, 4, 5, 6, 7], [0, 1, 2, 3, 4, 5, 6, 7], [0, 1, 2, 3, 4, 5, 6, 7], [0, 1, 2, 3, 4, 5, 6, 7], [0, 1, 2, 3, 4, 5, 6, 7], [0, 1, 2, 3, 4, 5, 6, 7], [0, 1, 2, 3, 4, 5, 6, 7], [0, 1, 2, 3, 4, 5, 6, 7], [0, 1, 2, 3, 4, 5, 6, 7], [0, 1, 2, 3, 4, 5, 6, 7], [0, 1, 2, 3, 4, 5, 6, 7], [0, 1, 2, 3, 4, 5, 6, 7], [0, 1, 2, 3, 4, 5, 6, 7], [0, 1, 2, 3, 4, 5, 6, 7], [0, 1, 2, 3, 4, 5, 6, 7], [0, 1, 2, 3, 4, 5, 6, 7], [0, 1, 2, 3, 4, 5, 6, 7], [0, 1, 2, 3, 4, 5, 6, 7], [0, 1, 2, 3, 4, 5, 6, 7], [0, 1, 2, 3, 4, 5, 6, 7]]",sidecar,True,morton,0
gqa,fullload,FullLoad,1.0,full,n331357,201404284,Who is standing?,Cow,"[""mother""]",0.0,21638,2,morton,0,fullload,,452.6309894863516,,,706.365630030632,710.8952220296487,19.73796298261732,730.633185012266,1072693248,2048,64,,649.3218649411574,,,1.0,1.0,null,0.0,,1072693248,0,64,0,1072693248,16760832.0,16760832.0,0.0,,,,,null,,,,0
gqa,layout_prefix_chunk,Layout+Prefix,0.25,chunk,n331357,201404284,Who is standing?,The image shows a rural landscape with a variety of animals grazing in a field,"[""mother""]",0.0,450,16,morton,0,prefix,0.20637107081711292,151.17368730716407,48.79976611118764,230.31026998069137,45.42396799661219,275.79829189926386,272.0558940200135,547.8541859192774,284164096,512,65,176.01765342988074,0.0,8.0,32,0.25,0.2649071358748778,"[0.2649071358748778, 0.2649071358748778, 0.2649071358748778, 0.2649071358748778, 0.2649071358748778, 0.2649071358748778, 0.2649071358748778, 0.2649071358748778, 0.2649071358748778, 0.2649071358748778, 0.2649071358748778, 0.2649071358748778, 0.2649071358748778, 0.2649071358748778, 0.2649071358748778, 0.2649071358748778, 0.2649071358748778, 0.2649071358748778, 0.2649071358748778, 0.2649071358748778, 0.2649071358748778, 0.2649071358748778, 0.2649071358748778, 0.2649071358748778, 0.2649071358748778, 0.2649071358748778, 0.2649071358748778, 0.2649071358748778, 0.2649071358748778, 0.2649071358748778, 0.2649071358748778, 0.2649071358748778]",0.0,256,268435456,15728640,64,1,284164096,4371755.323076923,4194304.0,15728640.0,0,0,0,prefix,"[[0, 1, 2, 3, 4, 5, 6, 7], [0, 1, 2, 3, 4, 5, 6, 7], [0, 1, 2, 3, 4, 5, 6, 7], [0, 1, 2, 3, 4, 5, 6, 7], [0, 1, 2, 3, 4, 5, 6, 7], [0, 1, 2, 3, 4, 5, 6, 7], [0, 1, 2, 3, 4, 5, 6, 7], [0, 1, 2, 3, 4, 5, 6, 7], [0, 1, 2, 3, 4, 5, 6, 7], [0, 1, 2, 3, 4, 5, 6, 7], [0, 1, 2, 3, 4, 5, 6, 7], [0, 1, 2, 3, 4, 5, 6, 7], [0, 1, 2, 3, 4, 5, 6, 7], [0, 1, 2, 3, 4, 5, 6, 7], [0, 1, 2, 3, 4, 5, 6, 7], [0, 1, 2, 3, 4, 5, 6, 7], [0, 1, 2, 3, 4, 5, 6, 7], [0, 1, 2, 3, 4, 5, 6, 7], [0, 1, 2, 3, 4, 5, 6, 7], [0, 1, 2, 3, 4, 5, 6, 7], [0, 1, 2, 3, 4, 5, 6, 7], [0, 1, 2, 3, 4, 5, 6, 7], [0, 1, 2, 3, 4, 5, 6, 7], [0, 1, 2, 3, 4, 5, 6, 7], [0, 1, 2, 3, 4, 5, 6, 7], [0, 1, 2, 3, 4, 5, 6, 7], [0, 1, 2, 3, 4, 5, 6, 7], [0, 1, 2, 3, 4, 5, 6, 7], [0, 1, 2, 3, 4, 5, 6, 7], [0, 1, 2, 3, 4, 5, 6, 7], [0, 1, 2, 3, 4, 5, 6, 7], [0, 1, 2, 3, 4, 5, 6, 7]]",sidecar,True,morton,0
gqa,fullload,FullLoad,1.0,full,n331357,201403947,How's the weather?,Sunny,"[""cloudless""]",0.0,8991,3,morton,0,fullload,,434.25658205524087,,,671.7686760239303,676.326556946151,38.23093802202493,714.5574949681759,1072693248,2048,64,,616.8018052121624,,,1.0,1.0,null,0.0,,1072693248,0,64,0,1072693248,16760832.0,16760832.0,0.0,,,,,null,,,,0
gqa,layout_prefix_chunk,Layout+Prefix,0.25,chunk,n331357,201403947,How's the weather?,The image shows a rural landscape with a variety of animals grazing in a field,"[""cloudless""]",0.0,450,16,morton,0,prefix,0.2020830288529396,155.4202848346904,47.76186519302428,232.82332404050976,34.72767793573439,267.59762701112777,273.3086230000481,540.9062500111759,284164096,512,65,179.59830455947667,0.0,8.0,32,0.25,0.2649071358748778,"[0.2649071358748778, 0.2649071358748778, 0.2649071358748778, 0.2649071358748778, 0.2649071358748778, 0.2649071358748778, 0.2649071358748778, 0.2649071358748778, 0.2649071358748778, 0.2649071358748778, 0.2649071358748778, 0.2649071358748778, 0.2649071358748778, 0.2649071358748778, 0.2649071358748778, 0.2649071358748778, 0.2649071358748778, 0.2649071358748778, 0.2649071358748778, 0.2649071358748778, 0.2649071358748778, 0.2649071358748778, 0.2649071358748778, 0.2649071358748778, 0.2649071358748778, 0.2649071358748778, 0.2649071358748778, 0.2649071358748778, 0.2649071358748778, 0.2649071358748778, 0.2649071358748778, 0.2649071358748778]",0.0,256,268435456,15728640,64,1,284164096,4371755.323076923,4194304.0,15728640.0,0,0,0,prefix,"[[0, 1, 2, 3, 4, 5, 6, 7], [0, 1, 2, 3, 4, 5, 6, 7], [0, 1, 2, 3, 4, 5, 6, 7], [0, 1, 2, 3, 4, 5, 6, 7], [0, 1, 2, 3, 4, 5, 6, 7], [0, 1, 2, 3, 4, 5, 6, 7], [0, 1, 2, 3, 4, 5, 6, 7], [0, 1, 2, 3, 4, 5, 6, 7], [0, 1, 2, 3, 4, 5, 6, 7], [0, 1, 2, 3, 4, 5, 6, 7], [0, 1, 2, 3, 4, 5, 6, 7], [0, 1, 2, 3, 4, 5, 6, 7], [0, 1, 2, 3, 4, 5, 6, 7], [0, 1, 2, 3, 4, 5, 6, 7], [0, 1, 2, 3, 4, 5, 6, 7], [0, 1, 2, 3, 4, 5, 6, 7], [0, 1, 2, 3, 4, 5, 6, 7], [0, 1, 2, 3, 4, 5, 6, 7], [0, 1, 2, 3, 4, 5, 6, 7], [0, 1, 2, 3, 4, 5, 6, 7], [0, 1, 2, 3, 4, 5, 6, 7], [0, 1, 2, 3, 4, 5, 6, 7], [0, 1, 2, 3, 4, 5, 6, 7], [0, 1, 2, 3, 4, 5, 6, 7], [0, 1, 2, 3, 4, 5, 6, 7], [0, 1, 2, 3, 4, 5, 6, 7], [0, 1, 2, 3, 4, 5, 6, 7], [0, 1, 2, 3, 4, 5, 6, 7], [0, 1, 2, 3, 4, 5, 6, 7], [0, 1, 2, 3, 4, 5, 6, 7], [0, 1, 2, 3, 4, 5, 6, 7], [0, 1, 2, 3, 4, 5, 6, 7]]",sidecar,True,morton,0
gqa,fullload,FullLoad,1.0,full,n331357,201404178,Is the small calf in the bottom part of the image?,Yes,"[""yes""]",1.0,3869,2,morton,0,fullload,,437.4290619743988,,,664.3691890640184,668.8934869598597,20.353220985271037,689.2467079451308,1072693248,2048,64,,611.9099115021527,,,1.0,1.0,null,0.0,,1072693248,0,64,0,1072693248,16760832.0,16760832.0,0.0,,,,,null,,,,0
gqa,layout_prefix_chunk,Layout+Prefix,0.25,chunk,n331357,201404178,Is the small calf in the bottom part of the image?,The image shows a pastoral scene with a variety of farm animals grazing in,"[""yes""]",0.0,450,16,morton,0,prefix,0.22269797045737505,150.9208963252604,49.8636569827795,231.82160395663232,39.0973340254277,270.98569099325687,276.9026180030778,547.8883089963347,284164096,512,65,176.38922994956374,0.0,8.0,32,0.25,0.2649071358748778,"[0.2649071358748778, 0.2649071358748778, 0.2649071358748778, 0.2649071358748778, 0.2649071358748778, 0.2649071358748778, 0.2649071358748778, 0.2649071358748778, 0.2649071358748778, 0.2649071358748778, 0.2649071358748778, 0.2649071358748778, 0.2649071358748778, 0.2649071358748778, 0.2649071358748778, 0.2649071358748778, 0.2649071358748778, 0.2649071358748778, 0.2649071358748778, 0.2649071358748778, 0.2649071358748778, 0.2649071358748778, 0.2649071358748778, 0.2649071358748778, 0.2649071358748778, 0.2649071358748778, 0.2649071358748778, 0.2649071358748778, 0.2649071358748778, 0.2649071358748778, 0.2649071358748778, 0.2649071358748778]",0.0,256,268435456,15728640,64,1,284164096,4371755.323076923,4194304.0,15728640.0,0,0,0,prefix,"[[0, 1, 2, 3, 4, 5, 6, 7], [0, 1, 2, 3, 4, 5, 6, 7], [0, 1, 2, 3, 4, 5, 6, 7], [0, 1, 2, 3, 4, 5, 6, 7], [0, 1, 2, 3, 4, 5, 6, 7], [0, 1, 2, 3, 4, 5, 6, 7], [0, 1, 2, 3, 4, 5, 6, 7], [0, 1, 2, 3, 4, 5, 6, 7], [0, 1, 2, 3, 4, 5, 6, 7], [0, 1, 2, 3, 4, 5, 6, 7], [0, 1, 2, 3, 4, 5, 6, 7], [0, 1, 2, 3, 4, 5, 6, 7], [0, 1, 2, 3, 4, 5, 6, 7], [0, 1, 2, 3, 4, 5, 6, 7], [0, 1, 2, 3, 4, 5, 6, 7], [0, 1, 2, 3, 4, 5, 6, 7], [0, 1, 2, 3, 4, 5, 6, 7], [0, 1, 2, 3, 4, 5, 6, 7], [0, 1, 2, 3, 4, 5, 6, 7], [0, 1, 2, 3, 4, 5, 6, 7], [0, 1, 2, 3, 4, 5, 6, 7], [0, 1, 2, 3, 4, 5, 6, 7], [0, 1, 2, 3, 4, 5, 6, 7], [0, 1, 2, 3, 4, 5, 6, 7], [0, 1, 2, 3, 4, 5, 6, 7], [0, 1, 2, 3, 4, 5, 6, 7], [0, 1, 2, 3, 4, 5, 6, 7], [0, 1, 2, 3, 4, 5, 6, 7], [0, 1, 2, 3, 4, 5, 6, 7], [0, 1, 2, 3, 4, 5, 6, 7], [0, 1, 2, 3, 4, 5, 6, 7], [0, 1, 2, 3, 4, 5, 6, 7]]",sidecar,True,morton,0
gqa,fullload,FullLoad,1.0,full,n51002,201804661,What device is below the artwork?,Television,"[""television""]",1.0,22417,2,morton,0,fullload,,410.1543668657541,,,675.3790099173784,680.2114979363978,19.347270019352436,699.5587679557502,1124073472,2176,64,,621.2691129185259,,,1.0,1.0,null,0.0,,1124073472,0,64,0,1124073472,17563648.0,17563648.0,0.0,,,,,null,,,,0
gqa,layout_prefix_chunk,Layout+Prefix,0.25,chunk,n51002,201804661,What device is below the artwork?,The image shows a modern living room with a variety of furniture and decor.,"[""television""]",0.0,450,16,morton,0,prefix,0.16484560910612345,137.25545234046876,40.697041200473905,206.91553002689034,34.93969002738595,241.89974507316947,275.1151470001787,517.0148920733482,285212672,512,65,158.835863112472,0.0,8.0,34,0.23529411764705882,0.2537313432835821,"[0.2537313432835821, 0.2537313432835821, 0.2537313432835821, 0.2537313432835821, 0.2537313432835821, 0.2537313432835821, 0.2537313432835821, 0.2537313432835821, 0.2537313432835821, 0.2537313432835821, 0.2537313432835821, 0.2537313432835821, 0.2537313432835821, 0.2537313432835821, 0.2537313432835821, 0.2537313432835821, 0.2537313432835821, 0.2537313432835821, 0.2537313432835821, 0.2537313432835821, 0.2537313432835821, 0.2537313432835821, 0.2537313432835821, 0.2537313432835821, 0.2537313432835821, 0.2537313432835821, 0.2537313432835821, 0.2537313432835821, 0.2537313432835821, 0.2537313432835821, 0.2537313432835821, 0.2537313432835821]",0.0,256,268435456,16777216,64,1,285212672,4387887.261538462,4194304.0,16777216.0,0,0,0,prefix,"[[0, 1, 2, 3, 4, 5, 6, 7], [0, 1, 2, 3, 4, 5, 6, 7], [0, 1, 2, 3, 4, 5, 6, 7], [0, 1, 2, 3, 4, 5, 6, 7], [0, 1, 2, 3, 4, 5, 6, 7], [0, 1, 2, 3, 4, 5, 6, 7], [0, 1, 2, 3, 4, 5, 6, 7], [0, 1, 2, 3, 4, 5, 6, 7], [0, 1, 2, 3, 4, 5, 6, 7], [0, 1, 2, 3, 4, 5, 6, 7], [0, 1, 2, 3, 4, 5, 6, 7], [0, 1, 2, 3, 4, 5, 6, 7], [0, 1, 2, 3, 4, 5, 6, 7], [0, 1, 2, 3, 4, 5, 6, 7], [0, 1, 2, 3, 4, 5, 6, 7], [0, 1, 2, 3, 4, 5, 6, 7], [0, 1, 2, 3, 4, 5, 6, 7], [0, 1, 2, 3, 4, 5, 6, 7], [0, 1, 2, 3, 4, 5, 6, 7], [0, 1, 2, 3, 4, 5, 6, 7], [0, 1, 2, 3, 4, 5, 6, 7], [0, 1, 2, 3, 4, 5, 6, 7], [0, 1, 2, 3, 4, 5, 6, 7], [0, 1, 2, 3, 4, 5, 6, 7], [0, 1, 2, 3, 4, 5, 6, 7], [0, 1, 2, 3, 4, 5, 6, 7], [0, 1, 2, 3, 4, 5, 6, 7], [0, 1, 2, 3, 4, 5, 6, 7], [0, 1, 2, 3, 4, 5, 6, 7], [0, 1, 2, 3, 4, 5, 6, 7], [0, 1, 2, 3, 4, 5, 6, 7], [0, 1, 2, 3, 4, 5, 6, 7]]",sidecar,True,morton,0
gqa,fullload,FullLoad,1.0,full,n51002,201804477,Does that fireplace appear to be on?,No,"[""yes""]",0.0,1939,2,morton,0,fullload,,432.8990615904331,,,761.2236860441044,765.8799729542807,18.9803329994902,784.8603059537709,1124073472,2176,64,,719.9570478405803,,,1.0,1.0,null,0.0,,1124073472,0,64,0,1124073472,17563648.0,17563648.0,0.0,,,,,null,,,,0
gqa,layout_prefix_chunk,Layout+Prefix,0.25,chunk,n51002,201804477,Does that fireplace appear to be on?,The image shows a modern living room with a variety of furniture and decor.,"[""yes""]",0.0,450,16,morton,0,prefix,0.15928864013403654,141.1454709013924,39.13854470010847,206.36093092616647,34.14016601163894,240.54176593199372,275.3179600695148,515.8597260015085,285212672,512,65,161.81781247723848,0.0,8.0,34,0.23529411764705882,0.2537313432835821,"[0.2537313432835821, 0.2537313432835821, 0.2537313432835821, 0.2537313432835821, 0.2537313432835821, 0.2537313432835821, 0.2537313432835821, 0.2537313432835821, 0.2537313432835821, 0.2537313432835821, 0.2537313432835821, 0.2537313432835821, 0.2537313432835821, 0.2537313432835821, 0.2537313432835821, 0.2537313432835821, 0.2537313432835821, 0.2537313432835821, 0.2537313432835821, 0.2537313432835821, 0.2537313432835821, 0.2537313432835821, 0.2537313432835821, 0.2537313432835821, 0.2537313432835821, 0.2537313432835821, 0.2537313432835821, 0.2537313432835821, 0.2537313432835821, 0.2537313432835821, 0.2537313432835821, 0.2537313432835821]",0.0,256,268435456,16777216,64,1,285212672,4387887.261538462,4194304.0,16777216.0,0,0,0,prefix,"[[0, 1, 2, 3, 4, 5, 6, 7], [0, 1, 2, 3, 4, 5, 6, 7], [0, 1, 2, 3, 4, 5, 6, 7], [0, 1, 2, 3, 4, 5, 6, 7], [0, 1, 2, 3, 4, 5, 6, 7], [0, 1, 2, 3, 4, 5, 6, 7], [0, 1, 2, 3, 4, 5, 6, 7], [0, 1, 2, 3, 4, 5, 6, 7], [0, 1, 2, 3, 4, 5, 6, 7], [0, 1, 2, 3, 4, 5, 6, 7], [0, 1, 2, 3, 4, 5, 6, 7], [0, 1, 2, 3, 4, 5, 6, 7], [0, 1, 2, 3, 4, 5, 6, 7], [0, 1, 2, 3, 4, 5, 6, 7], [0, 1, 2, 3, 4, 5, 6, 7], [0, 1, 2, 3, 4, 5, 6, 7], [0, 1, 2, 3, 4, 5, 6, 7], [0, 1, 2, 3, 4, 5, 6, 7], [0, 1, 2, 3, 4, 5, 6, 7], [0, 1, 2, 3, 4, 5, 6, 7], [0, 1, 2, 3, 4, 5, 6, 7], [0, 1, 2, 3, 4, 5, 6, 7], [0, 1, 2, 3, 4, 5, 6, 7], [0, 1, 2, 3, 4, 5, 6, 7], [0, 1, 2, 3, 4, 5, 6, 7], [0, 1, 2, 3, 4, 5, 6, 7], [0, 1, 2, 3, 4, 5, 6, 7], [0, 1, 2, 3, 4, 5, 6, 7], [0, 1, 2, 3, 4, 5, 6, 7], [0, 1, 2, 3, 4, 5, 6, 7], [0, 1, 2, 3, 4, 5, 6, 7], [0, 1, 2, 3, 4, 5, 6, 7]]",sidecar,True,morton,0
gqa,fullload,FullLoad,1.0,full,n51002,201804642,Which kind of material is the black thing below the artwork made of?,Wood,"[""plastic""]",0.0,10180,2,morton,0,fullload,,380.82305376883596,,,623.6774950521067,628.2726209610701,19.199360976926982,647.471981937997,1124073472,2176,64,,575.3075170796365,,,1.0,1.0,null,0.0,,1124073472,0,64,0,1124073472,17563648.0,17563648.0,0.0,,,,,null,,,,0
gqa,layout_prefix_chunk,Layout+Prefix,0.25,chunk,n51002,201804642,Which kind of material is the black thing below the artwork made of?,The image shows a modern living room with a variety of furniture and decor.,"[""plastic""]",0.0,450,16,morton,0,prefix,0.2517803804948926,161.83449677191675,53.413892863318324,253.7795880343765,48.309086938388646,302.1350959315896,269.58589907735586,571.7209950089455,285212672,512,65,192.36190617084503,0.0,8.0,34,0.23529411764705882,0.2537313432835821,"[0.2537313432835821, 0.2537313432835821, 0.2537313432835821, 0.2537313432835821, 0.2537313432835821, 0.2537313432835821, 0.2537313432835821, 0.2537313432835821, 0.2537313432835821, 0.2537313432835821, 0.2537313432835821, 0.2537313432835821, 0.2537313432835821, 0.2537313432835821, 0.2537313432835821, 0.2537313432835821, 0.2537313432835821, 0.2537313432835821, 0.2537313432835821, 0.2537313432835821, 0.2537313432835821, 0.2537313432835821, 0.2537313432835821, 0.2537313432835821, 0.2537313432835821, 0.2537313432835821, 0.2537313432835821, 0.2537313432835821, 0.2537313432835821, 0.2537313432835821, 0.2537313432835821, 0.2537313432835821]",0.0,256,268435456,16777216,64,1,285212672,4387887.261538462,4194304.0,16777216.0,0,0,0,prefix,"[[0, 1, 2, 3, 4, 5, 6, 7], [0, 1, 2, 3, 4, 5, 6, 7], [0, 1, 2, 3, 4, 5, 6, 7], [0, 1, 2, 3, 4, 5, 6, 7], [0, 1, 2, 3, 4, 5, 6, 7], [0, 1, 2, 3, 4, 5, 6, 7], [0, 1, 2, 3, 4, 5, 6, 7], [0, 1, 2, 3, 4, 5, 6, 7], [0, 1, 2, 3, 4, 5, 6, 7], [0, 1, 2, 3, 4, 5, 6, 7], [0, 1, 2, 3, 4, 5, 6, 7], [0, 1, 2, 3, 4, 5, 6, 7], [0, 1, 2, 3, 4, 5, 6, 7], [0, 1, 2, 3, 4, 5, 6, 7], [0, 1, 2, 3, 4, 5, 6, 7], [0, 1, 2, 3, 4, 5, 6, 7], [0, 1, 2, 3, 4, 5, 6, 7], [0, 1, 2, 3, 4, 5, 6, 7], [0, 1, 2, 3, 4, 5, 6, 7], [0, 1, 2, 3, 4, 5, 6, 7], [0, 1, 2, 3, 4, 5, 6, 7], [0, 1, 2, 3, 4, 5, 6, 7], [0, 1, 2, 3, 4, 5, 6, 7], [0, 1, 2, 3, 4, 5, 6, 7], [0, 1, 2, 3, 4, 5, 6, 7], [0, 1, 2, 3, 4, 5, 6, 7], [0, 1, 2, 3, 4, 5, 6, 7], [0, 1, 2, 3, 4, 5, 6, 7], [0, 1, 2, 3, 4, 5, 6, 7], [0, 1, 2, 3, 4, 5, 6, 7], [0, 1, 2, 3, 4, 5, 6, 7], [0, 1, 2, 3, 4, 5, 6, 7]]",sidecar,True,morton,0
gqa,fullload,FullLoad,1.0,full,n51002,201803838,Which kind of furniture is the pillow on?,Couch,"[""couch""]",1.0,315,3,morton,0,fullload,,455.37142269313335,,,798.4832639340311,803.1614329665899,37.225243053399026,840.386676019989,1124073472,2176,64,,752.2953059524298,,,1.0,1.0,null,0.0,,1124073472,0,64,0,1124073472,17563648.0,17563648.0,0.0,,,,,null,,,,0
gqa,layout_prefix_chunk,Layout+Prefix,0.25,chunk,n51002,201803838,Which kind of furniture is the pillow on?,The image shows a modern living room with a variety of furniture and decor.,"[""couch""]",0.0,450,16,morton,0,prefix,0.16522884834557772,141.11699350178242,39.89293018821627,207.85647502634674,35.4183780727908,243.31738403998315,277.306581963785,520.6239660037681,285212672,512,65,162.62909898068756,0.0,8.0,34,0.23529411764705882,0.2537313432835821,"[0.2537313432835821, 0.2537313432835821, 0.2537313432835821, 0.2537313432835821, 0.2537313432835821, 0.2537313432835821, 0.2537313432835821, 0.2537313432835821, 0.2537313432835821, 0.2537313432835821, 0.2537313432835821, 0.2537313432835821, 0.2537313432835821, 0.2537313432835821, 0.2537313432835821, 0.2537313432835821, 0.2537313432835821, 0.2537313432835821, 0.2537313432835821, 0.2537313432835821, 0.2537313432835821, 0.2537313432835821, 0.2537313432835821, 0.2537313432835821, 0.2537313432835821, 0.2537313432835821, 0.2537313432835821, 0.2537313432835821, 0.2537313432835821, 0.2537313432835821, 0.2537313432835821, 0.2537313432835821]",0.0,256,268435456,16777216,64,1,285212672,4387887.261538462,4194304.0,16777216.0,0,0,0,prefix,"[[0, 1, 2, 3, 4, 5, 6, 7], [0, 1, 2, 3, 4, 5, 6, 7], [0, 1, 2, 3, 4, 5, 6, 7], [0, 1, 2, 3, 4, 5, 6, 7], [0, 1, 2, 3, 4, 5, 6, 7], [0, 1, 2, 3, 4, 5, 6, 7], [0, 1, 2, 3, 4, 5, 6, 7], [0, 1, 2, 3, 4, 5, 6, 7], [0, 1, 2, 3, 4, 5, 6, 7], [0, 1, 2, 3, 4, 5, 6, 7], [0, 1, 2, 3, 4, 5, 6, 7], [0, 1, 2, 3, 4, 5, 6, 7], [0, 1, 2, 3, 4, 5, 6, 7], [0, 1, 2, 3, 4, 5, 6, 7], [0, 1, 2, 3, 4, 5, 6, 7], [0, 1, 2, 3, 4, 5, 6, 7], [0, 1, 2, 3, 4, 5, 6, 7], [0, 1, 2, 3, 4, 5, 6, 7], [0, 1, 2, 3, 4, 5, 6, 7], [0, 1, 2, 3, 4, 5, 6, 7], [0, 1, 2, 3, 4, 5, 6, 7], [0, 1, 2, 3, 4, 5, 6, 7], [0, 1, 2, 3, 4, 5, 6, 7], [0, 1, 2, 3, 4, 5, 6, 7], [0, 1, 2, 3, 4, 5, 6, 7], [0, 1, 2, 3, 4, 5, 6, 7], [0, 1, 2, 3, 4, 5, 6, 7], [0, 1, 2, 3, 4, 5, 6, 7], [0, 1, 2, 3, 4, 5, 6, 7], [0, 1, 2, 3, 4, 5, 6, 7], [0, 1, 2, 3, 4, 5, 6, 7], [0, 1, 2, 3, 4, 5, 6, 7]]",sidecar,True,morton,0
gqa,fullload,FullLoad,1.0,full,n51002,201803833,What do you think is on the couch?,Pillow,"[""pillow""]",1.0,349,4,morton,0,fullload,,405.74987535364926,,,750.1061310758814,754.7242490109056,56.16322800051421,810.8874770114198,1124073472,2176,64,,701.5986065380275,,,1.0,1.0,null,0.0,,1124073472,0,64,0,1124073472,17563648.0,17563648.0,0.0,,,,,null,,,,0
gqa,layout_prefix_chunk,Layout+Prefix,0.25,chunk,n51002,201803833,What do you think is on the couch?,The image shows a modern living room with a variety of furniture and decor.,"[""pillow""]",0.0,450,16,morton,0,prefix,0.23862789385020733,161.8347535841167,53.464708384126425,251.0342529276386,40.62842996791005,291.727484902367,272.93630701024085,564.6637919126078,285212672,512,65,191.87012815382332,0.0,8.0,34,0.23529411764705882,0.2537313432835821,"[0.2537313432835821, 0.2537313432835821, 0.2537313432835821, 0.2537313432835821, 0.2537313432835821, 0.2537313432835821, 0.2537313432835821, 0.2537313432835821, 0.2537313432835821, 0.2537313432835821, 0.2537313432835821, 0.2537313432835821, 0.2537313432835821, 0.2537313432835821, 0.2537313432835821, 0.2537313432835821, 0.2537313432835821, 0.2537313432835821, 0.2537313432835821, 0.2537313432835821, 0.2537313432835821, 0.2537313432835821, 0.2537313432835821, 0.2537313432835821, 0.2537313432835821, 0.2537313432835821, 0.2537313432835821, 0.2537313432835821, 0.2537313432835821, 0.2537313432835821, 0.2537313432835821, 0.2537313432835821]",0.0,256,268435456,16777216,64,1,285212672,4387887.261538462,4194304.0,16777216.0,0,0,0,prefix,"[[0, 1, 2, 3, 4, 5, 6, 7], [0, 1, 2, 3, 4, 5, 6, 7], [0, 1, 2, 3, 4, 5, 6, 7], [0, 1, 2, 3, 4, 5, 6, 7], [0, 1, 2, 3, 4, 5, 6, 7], [0, 1, 2, 3, 4, 5, 6, 7], [0, 1, 2, 3, 4, 5, 6, 7], [0, 1, 2, 3, 4, 5, 6, 7], [0, 1, 2, 3, 4, 5, 6, 7], [0, 1, 2, 3, 4, 5, 6, 7], [0, 1, 2, 3, 4, 5, 6, 7], [0, 1, 2, 3, 4, 5, 6, 7], [0, 1, 2, 3, 4, 5, 6, 7], [0, 1, 2, 3, 4, 5, 6, 7], [0, 1, 2, 3, 4, 5, 6, 7], [0, 1, 2, 3, 4, 5, 6, 7], [0, 1, 2, 3, 4, 5, 6, 7], [0, 1, 2, 3, 4, 5, 6, 7], [0, 1, 2, 3, 4, 5, 6, 7], [0, 1, 2, 3, 4, 5, 6, 7], [0, 1, 2, 3, 4, 5, 6, 7], [0, 1, 2, 3, 4, 5, 6, 7], [0, 1, 2, 3, 4, 5, 6, 7], [0, 1, 2, 3, 4, 5, 6, 7], [0, 1, 2, 3, 4, 5, 6, 7], [0, 1, 2, 3, 4, 5, 6, 7], [0, 1, 2, 3, 4, 5, 6, 7], [0, 1, 2, 3, 4, 5, 6, 7], [0, 1, 2, 3, 4, 5, 6, 7], [0, 1, 2, 3, 4, 5, 6, 7], [0, 1, 2, 3, 4, 5, 6, 7], [0, 1, 2, 3, 4, 5, 6, 7]]",sidecar,True,morton,0
gqa,fullload,FullLoad,1.0,full,n51002,201803709,What is common to the pillow and the fireplace?,Color,"[""shape""]",0.0,9159,2,morton,0,fullload,,493.99189837276936,,,880.970373051241,885.6377400225028,19.381774007342756,905.0195140298456,1124073472,2176,64,,822.8035741485655,,,1.0,1.0,null,0.0,,1124073472,0,64,0,1124073472,17563648.0,17563648.0,0.0,,,,,null,,,,0
gqa,layout_prefix_chunk,Layout+Prefix,0.25,chunk,n51002,201803709,What is common to the pillow and the fireplace?,The image shows a modern living room with a variety of furniture and decor.,"[""shape""]",0.0,450,16,morton,0,prefix,0.22121414076536894,159.06277229078114,50.93168932944536,243.6226769350469,58.992359903641045,302.6780169457197,271.1455390090123,573.823555954732,285212672,512,65,187.04997189342976,0.0,8.0,34,0.23529411764705882,0.2537313432835821,"[0.2537313432835821, 0.2537313432835821, 0.2537313432835821, 0.2537313432835821, 0.2537313432835821, 0.2537313432835821, 0.2537313432835821, 0.2537313432835821, 0.2537313432835821, 0.2537313432835821, 0.2537313432835821, 0.2537313432835821, 0.2537313432835821, 0.2537313432835821, 0.2537313432835821, 0.2537313432835821, 0.2537313432835821, 0.2537313432835821, 0.2537313432835821, 0.2537313432835821, 0.2537313432835821, 0.2537313432835821, 0.2537313432835821, 0.2537313432835821, 0.2537313432835821, 0.2537313432835821, 0.2537313432835821, 0.2537313432835821, 0.2537313432835821, 0.2537313432835821, 0.2537313432835821, 0.2537313432835821]",0.0,256,268435456,16777216,64,1,285212672,4387887.261538462,4194304.0,16777216.0,0,0,0,prefix,"[[0, 1, 2, 3, 4, 5, 6, 7], [0, 1, 2, 3, 4, 5, 6, 7], [0, 1, 2, 3, 4, 5, 6, 7], [0, 1, 2, 3, 4, 5, 6, 7], [0, 1, 2, 3, 4, 5, 6, 7], [0, 1, 2, 3, 4, 5, 6, 7], [0, 1, 2, 3, 4, 5, 6, 7], [0, 1, 2, 3, 4, 5, 6, 7], [0, 1, 2, 3, 4, 5, 6, 7], [0, 1, 2, 3, 4, 5, 6, 7], [0, 1, 2, 3, 4, 5, 6, 7], [0, 1, 2, 3, 4, 5, 6, 7], [0, 1, 2, 3, 4, 5, 6, 7], [0, 1, 2, 3, 4, 5, 6, 7], [0, 1, 2, 3, 4, 5, 6, 7], [0, 1, 2, 3, 4, 5, 6, 7], [0, 1, 2, 3, 4, 5, 6, 7], [0, 1, 2, 3, 4, 5, 6, 7], [0, 1, 2, 3, 4, 5, 6, 7], [0, 1, 2, 3, 4, 5, 6, 7], [0, 1, 2, 3, 4, 5, 6, 7], [0, 1, 2, 3, 4, 5, 6, 7], [0, 1, 2, 3, 4, 5, 6, 7], [0, 1, 2, 3, 4, 5, 6, 7], [0, 1, 2, 3, 4, 5, 6, 7], [0, 1, 2, 3, 4, 5, 6, 7], [0, 1, 2, 3, 4, 5, 6, 7], [0, 1, 2, 3, 4, 5, 6, 7], [0, 1, 2, 3, 4, 5, 6, 7], [0, 1, 2, 3, 4, 5, 6, 7], [0, 1, 2, 3, 4, 5, 6, 7], [0, 1, 2, 3, 4, 5, 6, 7]]",sidecar,True,morton,0
gqa,fullload,FullLoad,1.0,full,n244826,20942853,Does the soccer ball look round and red?,No,"[""no""]",1.0,1939,2,morton,0,fullload,,409.5615914557129,,,630.9700979618356,635.4402019642293,25.563090108335018,661.0032920725644,1021313024,1984,64,,578.3425398403779,,,1.0,1.0,null,0.0,,1021313024,0,64,0,1021313024,15958016.0,15958016.0,0.0,,,,,null,,,,0
gqa,layout_prefix_chunk,Layout+Prefix,0.25,chunk,n244826,20942853,Does the soccer ball look round and red?,The image shows a group of young women playing soccer on a grass field.,"[""no""]",0.0,450,16,morton,0,prefix,0.15387055464088917,145.6747699994594,40.30231956858188,210.7187940273434,35.69041099399328,246.45923997741193,279.6635620761663,526.1228020535782,283115520,512,65,165.2247440069914,0.0,8.0,31,0.25806451612903225,0.27720739219712526,"[0.27720739219712526, 0.27720739219712526, 0.27720739219712526, 0.27720739219712526, 0.27720739219712526, 0.27720739219712526, 0.27720739219712526, 0.27720739219712526, 0.27720739219712526, 0.27720739219712526, 0.27720739219712526, 0.27720739219712526, 0.27720739219712526, 0.27720739219712526, 0.27720739219712526, 0.27720739219712526, 0.27720739219712526, 0.27720739219712526, 0.27720739219712526, 0.27720739219712526, 0.27720739219712526, 0.27720739219712526, 0.27720739219712526, 0.27720739219712526, 0.27720739219712526, 0.27720739219712526, 0.27720739219712526, 0.27720739219712526, 0.27720739219712526, 0.27720739219712526, 0.27720739219712526, 0.27720739219712526]",0.0,256,268435456,14680064,64,1,283115520,4355623.384615385,4194304.0,14680064.0,0,0,0,prefix,"[[0, 1, 2, 3, 4, 5, 6, 7], [0, 1, 2, 3, 4, 5, 6, 7], [0, 1, 2, 3, 4, 5, 6, 7], [0, 1, 2, 3, 4, 5, 6, 7], [0, 1, 2, 3, 4, 5, 6, 7], [0, 1, 2, 3, 4, 5, 6, 7], [0, 1, 2, 3, 4, 5, 6, 7], [0, 1, 2, 3, 4, 5, 6, 7], [0, 1, 2, 3, 4, 5, 6, 7], [0, 1, 2, 3, 4, 5, 6, 7], [0, 1, 2, 3, 4, 5, 6, 7], [0, 1, 2, 3, 4, 5, 6, 7], [0, 1, 2, 3, 4, 5, 6, 7], [0, 1, 2, 3, 4, 5, 6, 7], [0, 1, 2, 3, 4, 5, 6, 7], [0, 1, 2, 3, 4, 5, 6, 7], [0, 1, 2, 3, 4, 5, 6, 7], [0, 1, 2, 3, 4, 5, 6, 7], [0, 1, 2, 3, 4, 5, 6, 7], [0, 1, 2, 3, 4, 5, 6, 7], [0, 1, 2, 3, 4, 5, 6, 7], [0, 1, 2, 3, 4, 5, 6, 7], [0, 1, 2, 3, 4, 5, 6, 7], [0, 1, 2, 3, 4, 5, 6, 7], [0, 1, 2, 3, 4, 5, 6, 7], [0, 1, 2, 3, 4, 5, 6, 7], [0, 1, 2, 3, 4, 5, 6, 7], [0, 1, 2, 3, 4, 5, 6, 7], [0, 1, 2, 3, 4, 5, 6, 7], [0, 1, 2, 3, 4, 5, 6, 7], [0, 1, 2, 3, 4, 5, 6, 7], [0, 1, 2, 3, 4, 5, 6, 7]]",sidecar,True,morton,0
gqa,fullload,FullLoad,1.0,full,n244826,20942865,Who is the soccer ball in front of?,Girl,"[""soccer player""]",0.0,18620,2,morton,0,fullload,,427.11609334219247,,,654.9786729738116,659.3685189727694,19.139160052873194,678.5076790256426,1021313024,1984,64,,596.80901595857,,,1.0,1.0,null,0.0,,1021313024,0,64,0,1021313024,15958016.0,15958016.0,0.0,,,,,null,,,,0
gqa,layout_prefix_chunk,Layout+Prefix,0.25,chunk,n244826,20942865,Who is the soccer ball in front of?,The image shows a group of young women playing soccer on a field. The,"[""soccer player""]",0.0,450,16,morton,0,prefix,0.2052242634817958,148.26592826284468,45.92988407239318,222.54085703752935,42.636186932213604,265.24171396158636,269.36464302707464,534.606356988661,283115520,512,65,171.27098864875734,0.0,8.0,31,0.25806451612903225,0.27720739219712526,"[0.27720739219712526, 0.27720739219712526, 0.27720739219712526, 0.27720739219712526, 0.27720739219712526, 0.27720739219712526, 0.27720739219712526, 0.27720739219712526, 0.27720739219712526, 0.27720739219712526, 0.27720739219712526, 0.27720739219712526, 0.27720739219712526, 0.27720739219712526, 0.27720739219712526, 0.27720739219712526, 0.27720739219712526, 0.27720739219712526, 0.27720739219712526, 0.27720739219712526, 0.27720739219712526, 0.27720739219712526, 0.27720739219712526, 0.27720739219712526, 0.27720739219712526, 0.27720739219712526, 0.27720739219712526, 0.27720739219712526, 0.27720739219712526, 0.27720739219712526, 0.27720739219712526, 0.27720739219712526]",0.0,256,268435456,14680064,64,1,283115520,4355623.384615385,4194304.0,14680064.0,0,0,0,prefix,"[[0, 1, 2, 3, 4, 5, 6, 7], [0, 1, 2, 3, 4, 5, 6, 7], [0, 1, 2, 3, 4, 5, 6, 7], [0, 1, 2, 3, 4, 5, 6, 7], [0, 1, 2, 3, 4, 5, 6, 7], [0, 1, 2, 3, 4, 5, 6, 7], [0, 1, 2, 3, 4, 5, 6, 7], [0, 1, 2, 3, 4, 5, 6, 7], [0, 1, 2, 3, 4, 5, 6, 7], [0, 1, 2, 3, 4, 5, 6, 7], [0, 1, 2, 3, 4, 5, 6, 7], [0, 1, 2, 3, 4, 5, 6, 7], [0, 1, 2, 3, 4, 5, 6, 7], [0, 1, 2, 3, 4, 5, 6, 7], [0, 1, 2, 3, 4, 5, 6, 7], [0, 1, 2, 3, 4, 5, 6, 7], [0, 1, 2, 3, 4, 5, 6, 7], [0, 1, 2, 3, 4, 5, 6, 7], [0, 1, 2, 3, 4, 5, 6, 7], [0, 1, 2, 3, 4, 5, 6, 7], [0, 1, 2, 3, 4, 5, 6, 7], [0, 1, 2, 3, 4, 5, 6, 7], [0, 1, 2, 3, 4, 5, 6, 7], [0, 1, 2, 3, 4, 5, 6, 7], [0, 1, 2, 3, 4, 5, 6, 7], [0, 1, 2, 3, 4, 5, 6, 7], [0, 1, 2, 3, 4, 5, 6, 7], [0, 1, 2, 3, 4, 5, 6, 7], [0, 1, 2, 3, 4, 5, 6, 7], [0, 1, 2, 3, 4, 5, 6, 7], [0, 1, 2, 3, 4, 5, 6, 7], [0, 1, 2, 3, 4, 5, 6, 7]]",sidecar,True,morton,0
gqa,fullload,FullLoad,1.0,full,n244826,20942768,Which place is it?,Field,"[""field""]",1.0,8989,2,morton,0,fullload,,456.47145179100335,,,711.641993955709,716.08715003822,19.860354019328952,735.9475040575489,1021313024,1984,64,,642.3564860597253,,,1.0,1.0,null,0.0,,1021313024,0,64,0,1021313024,15958016.0,15958016.0,0.0,,,,,null,,,,0
gqa,layout_prefix_chunk,Layout+Prefix,0.25,chunk,n244826,20942768,Which place is it?,The image shows a group of young women playing soccer on a field. The,"[""field""]",0.0,450,16,morton,0,prefix,0.21199474576860666,154.6433896292001,49.93731097783893,236.3195880316198,39.15650595445186,275.5393140250817,273.5126450425014,549.0519590675831,283115520,512,65,180.89931784197688,0.0,8.0,31,0.25806451612903225,0.27720739219712526,"[0.27720739219712526, 0.27720739219712526, 0.27720739219712526, 0.27720739219712526, 0.27720739219712526, 0.27720739219712526, 0.27720739219712526, 0.27720739219712526, 0.27720739219712526, 0.27720739219712526, 0.27720739219712526, 0.27720739219712526, 0.27720739219712526, 0.27720739219712526, 0.27720739219712526, 0.27720739219712526, 0.27720739219712526, 0.27720739219712526, 0.27720739219712526, 0.27720739219712526, 0.27720739219712526, 0.27720739219712526, 0.27720739219712526, 0.27720739219712526, 0.27720739219712526, 0.27720739219712526, 0.27720739219712526, 0.27720739219712526, 0.27720739219712526, 0.27720739219712526, 0.27720739219712526, 0.27720739219712526]",0.0,256,268435456,14680064,64,1,283115520,4355623.384615385,4194304.0,14680064.0,0,0,0,prefix,"[[0, 1, 2, 3, 4, 5, 6, 7], [0, 1, 2, 3, 4, 5, 6, 7], [0, 1, 2, 3, 4, 5, 6, 7], [0, 1, 2, 3, 4, 5, 6, 7], [0, 1, 2, 3, 4, 5, 6, 7], [0, 1, 2, 3, 4, 5, 6, 7], [0, 1, 2, 3, 4, 5, 6, 7], [0, 1, 2, 3, 4, 5, 6, 7], [0, 1, 2, 3, 4, 5, 6, 7], [0, 1, 2, 3, 4, 5, 6, 7], [0, 1, 2, 3, 4, 5, 6, 7], [0, 1, 2, 3, 4, 5, 6, 7], [0, 1, 2, 3, 4, 5, 6, 7], [0, 1, 2, 3, 4, 5, 6, 7], [0, 1, 2, 3, 4, 5, 6, 7], [0, 1, 2, 3, 4, 5, 6, 7], [0, 1, 2, 3, 4, 5, 6, 7], [0, 1, 2, 3, 4, 5, 6, 7], [0, 1, 2, 3, 4, 5, 6, 7], [0, 1, 2, 3, 4, 5, 6, 7], [0, 1, 2, 3, 4, 5, 6, 7], [0, 1, 2, 3, 4, 5, 6, 7], [0, 1, 2, 3, 4, 5, 6, 7], [0, 1, 2, 3, 4, 5, 6, 7], [0, 1, 2, 3, 4, 5, 6, 7], [0, 1, 2, 3, 4, 5, 6, 7], [0, 1, 2, 3, 4, 5, 6, 7], [0, 1, 2, 3, 4, 5, 6, 7], [0, 1, 2, 3, 4, 5, 6, 7], [0, 1, 2, 3, 4, 5, 6, 7], [0, 1, 2, 3, 4, 5, 6, 7], [0, 1, 2, 3, 4, 5, 6, 7]]",sidecar,True,morton,0
gqa,fullload,FullLoad,1.0,full,n244826,20942926,Are the shorts small and white?,No,"[""no""]",1.0,1939,2,morton,0,fullload,,399.55444424413145,,,619.0970540046692,623.4611449763179,24.423446971923113,647.884591948241,1021313024,1984,64,,566.8807058827952,,,1.0,1.0,null,0.0,,1021313024,0,64,0,1021313024,15958016.0,15958016.0,0.0,,,,,null,,,,0
gqa,layout_prefix_chunk,Layout+Prefix,0.25,chunk,n244826,20942926,Are the shorts small and white?,The image shows a group of young women playing soccer on a field. The,"[""no""]",0.0,450,16,morton,0,prefix,0.14504720456898212,139.13417339790612,38.252378231845796,201.8628859659657,34.385395934805274,236.2886619521305,277.877904009074,514.1665659612045,283115520,512,65,158.57628802768886,0.0,8.0,31,0.25806451612903225,0.27720739219712526,"[0.27720739219712526, 0.27720739219712526, 0.27720739219712526, 0.27720739219712526, 0.27720739219712526, 0.27720739219712526, 0.27720739219712526, 0.27720739219712526, 0.27720739219712526, 0.27720739219712526, 0.27720739219712526, 0.27720739219712526, 0.27720739219712526, 0.27720739219712526, 0.27720739219712526, 0.27720739219712526, 0.27720739219712526, 0.27720739219712526, 0.27720739219712526, 0.27720739219712526, 0.27720739219712526, 0.27720739219712526, 0.27720739219712526, 0.27720739219712526, 0.27720739219712526, 0.27720739219712526, 0.27720739219712526, 0.27720739219712526, 0.27720739219712526, 0.27720739219712526, 0.27720739219712526, 0.27720739219712526]",0.0,256,268435456,14680064,64,1,283115520,4355623.384615385,4194304.0,14680064.0,0,0,0,prefix,"[[0, 1, 2, 3, 4, 5, 6, 7], [0, 1, 2, 3, 4, 5, 6, 7], [0, 1, 2, 3, 4, 5, 6, 7], [0, 1, 2, 3, 4, 5, 6, 7], [0, 1, 2, 3, 4, 5, 6, 7], [0, 1, 2, 3, 4, 5, 6, 7], [0, 1, 2, 3, 4, 5, 6, 7], [0, 1, 2, 3, 4, 5, 6, 7], [0, 1, 2, 3, 4, 5, 6, 7], [0, 1, 2, 3, 4, 5, 6, 7], [0, 1, 2, 3, 4, 5, 6, 7], [0, 1, 2, 3, 4, 5, 6, 7], [0, 1, 2, 3, 4, 5, 6, 7], [0, 1, 2, 3, 4, 5, 6, 7], [0, 1, 2, 3, 4, 5, 6, 7], [0, 1, 2, 3, 4, 5, 6, 7], [0, 1, 2, 3, 4, 5, 6, 7], [0, 1, 2, 3, 4, 5, 6, 7], [0, 1, 2, 3, 4, 5, 6, 7], [0, 1, 2, 3, 4, 5, 6, 7], [0, 1, 2, 3, 4, 5, 6, 7], [0, 1, 2, 3, 4, 5, 6, 7], [0, 1, 2, 3, 4, 5, 6, 7], [0, 1, 2, 3, 4, 5, 6, 7], [0, 1, 2, 3, 4, 5, 6, 7], [0, 1, 2, 3, 4, 5, 6, 7], [0, 1, 2, 3, 4, 5, 6, 7], [0, 1, 2, 3, 4, 5, 6, 7], [0, 1, 2, 3, 4, 5, 6, 7], [0, 1, 2, 3, 4, 5, 6, 7], [0, 1, 2, 3, 4, 5, 6, 7], [0, 1, 2, 3, 4, 5, 6, 7]]",sidecar,True,morton,0
gqa,fullload,FullLoad,1.0,full,n244826,20942902,Who is wearing the shoe?,Girl,"[""soccer player""]",0.0,18620,2,morton,0,fullload,,390.33139985986054,,,588.3137440541759,592.7362079964951,19.441013922914863,612.1772219194099,1021313024,1984,64,,544.1147579113021,,,1.0,1.0,null,0.0,,1021313024,0,64,0,1021313024,15958016.0,15958016.0,0.0,,,,,null,,,,0
gqa,layout_prefix_chunk,Layout+Prefix,0.25,chunk,n244826,20942902,Who is wearing the shoe?,The image shows a group of young women playing soccer on a field. The,"[""soccer player""]",0.0,450,16,morton,0,prefix,0.19955320749431849,153.33230001851916,47.677018330432475,230.73910002131015,56.044218013994396,286.8478479795158,272.9596650460735,559.8075130255893,283115520,512,65,177.77236027177423,0.0,8.0,31,0.25806451612903225,0.27720739219712526,"[0.27720739219712526, 0.27720739219712526, 0.27720739219712526, 0.27720739219712526, 0.27720739219712526, 0.27720739219712526, 0.27720739219712526, 0.27720739219712526, 0.27720739219712526, 0.27720739219712526, 0.27720739219712526, 0.27720739219712526, 0.27720739219712526, 0.27720739219712526, 0.27720739219712526, 0.27720739219712526, 0.27720739219712526, 0.27720739219712526, 0.27720739219712526, 0.27720739219712526, 0.27720739219712526, 0.27720739219712526, 0.27720739219712526, 0.27720739219712526, 0.27720739219712526, 0.27720739219712526, 0.27720739219712526, 0.27720739219712526, 0.27720739219712526, 0.27720739219712526, 0.27720739219712526, 0.27720739219712526]",0.0,256,268435456,14680064,64,1,283115520,4355623.384615385,4194304.0,14680064.0,0,0,0,prefix,"[[0, 1, 2, 3, 4, 5, 6, 7], [0, 1, 2, 3, 4, 5, 6, 7], [0, 1, 2, 3, 4, 5, 6, 7], [0, 1, 2, 3, 4, 5, 6, 7], [0, 1, 2, 3, 4, 5, 6, 7], [0, 1, 2, 3, 4, 5, 6, 7], [0, 1, 2, 3, 4, 5, 6, 7], [0, 1, 2, 3, 4, 5, 6, 7], [0, 1, 2, 3, 4, 5, 6, 7], [0, 1, 2, 3, 4, 5, 6, 7], [0, 1, 2, 3, 4, 5, 6, 7], [0, 1, 2, 3, 4, 5, 6, 7], [0, 1, 2, 3, 4, 5, 6, 7], [0, 1, 2, 3, 4, 5, 6, 7], [0, 1, 2, 3, 4, 5, 6, 7], [0, 1, 2, 3, 4, 5, 6, 7], [0, 1, 2, 3, 4, 5, 6, 7], [0, 1, 2, 3, 4, 5, 6, 7], [0, 1, 2, 3, 4, 5, 6, 7], [0, 1, 2, 3, 4, 5, 6, 7], [0, 1, 2, 3, 4, 5, 6, 7], [0, 1, 2, 3, 4, 5, 6, 7], [0, 1, 2, 3, 4, 5, 6, 7], [0, 1, 2, 3, 4, 5, 6, 7], [0, 1, 2, 3, 4, 5, 6, 7], [0, 1, 2, 3, 4, 5, 6, 7], [0, 1, 2, 3, 4, 5, 6, 7], [0, 1, 2, 3, 4, 5, 6, 7], [0, 1, 2, 3, 4, 5, 6, 7], [0, 1, 2, 3, 4, 5, 6, 7], [0, 1, 2, 3, 4, 5, 6, 7], [0, 1, 2, 3, 4, 5, 6, 7]]",sidecar,True,morton,0
gqa,fullload,FullLoad,1.0,full,n244826,20942887,Who is wearing the headband?,Girl,"[""soccer player""]",0.0,18620,2,morton,0,fullload,,373.77212941646576,,,563.7848629849032,568.2170529616997,19.822936039417982,588.0399890011176,1021313024,1984,64,,523.3104979852214,,,1.0,1.0,null,0.0,,1021313024,0,64,0,1021313024,15958016.0,15958016.0,0.0,,,,,null,,,,0
gqa,layout_prefix_chunk,Layout+Prefix,0.25,chunk,n244826,20942887,Who is wearing the headband?,The image shows a group of young women playing soccer on a field. The,"[""soccer player""]",0.0,450,16,morton,0,prefix,0.23442215751856565,123.57617390807718,51.39191495254636,207.77112897485495,40.331072988919914,248.16472199745476,275.20492603071034,523.3696480281651,283115520,512,65,150.75522498227656,0.0,8.0,31,0.25806451612903225,0.27720739219712526,"[0.27720739219712526, 0.27720739219712526, 0.27720739219712526, 0.27720739219712526, 0.27720739219712526, 0.27720739219712526, 0.27720739219712526, 0.27720739219712526, 0.27720739219712526, 0.27720739219712526, 0.27720739219712526, 0.27720739219712526, 0.27720739219712526, 0.27720739219712526, 0.27720739219712526, 0.27720739219712526, 0.27720739219712526, 0.27720739219712526, 0.27720739219712526, 0.27720739219712526, 0.27720739219712526, 0.27720739219712526, 0.27720739219712526, 0.27720739219712526, 0.27720739219712526, 0.27720739219712526, 0.27720739219712526, 0.27720739219712526, 0.27720739219712526, 0.27720739219712526, 0.27720739219712526, 0.27720739219712526]",0.0,256,268435456,14680064,64,1,283115520,4355623.384615385,4194304.0,14680064.0,0,0,0,prefix,"[[0, 1, 2, 3, 4, 5, 6, 7], [0, 1, 2, 3, 4, 5, 6, 7], [0, 1, 2, 3, 4, 5, 6, 7], [0, 1, 2, 3, 4, 5, 6, 7], [0, 1, 2, 3, 4, 5, 6, 7], [0, 1, 2, 3, 4, 5, 6, 7], [0, 1, 2, 3, 4, 5, 6, 7], [0, 1, 2, 3, 4, 5, 6, 7], [0, 1, 2, 3, 4, 5, 6, 7], [0, 1, 2, 3, 4, 5, 6, 7], [0, 1, 2, 3, 4, 5, 6, 7], [0, 1, 2, 3, 4, 5, 6, 7], [0, 1, 2, 3, 4, 5, 6, 7], [0, 1, 2, 3, 4, 5, 6, 7], [0, 1, 2, 3, 4, 5, 6, 7], [0, 1, 2, 3, 4, 5, 6, 7], [0, 1, 2, 3, 4, 5, 6, 7], [0, 1, 2, 3, 4, 5, 6, 7], [0, 1, 2, 3, 4, 5, 6, 7], [0, 1, 2, 3, 4, 5, 6, 7], [0, 1, 2, 3, 4, 5, 6, 7], [0, 1, 2, 3, 4, 5, 6, 7], [0, 1, 2, 3, 4, 5, 6, 7], [0, 1, 2, 3, 4, 5, 6, 7], [0, 1, 2, 3, 4, 5, 6, 7], [0, 1, 2, 3, 4, 5, 6, 7], [0, 1, 2, 3, 4, 5, 6, 7], [0, 1, 2, 3, 4, 5, 6, 7], [0, 1, 2, 3, 4, 5, 6, 7], [0, 1, 2, 3, 4, 5, 6, 7], [0, 1, 2, 3, 4, 5, 6, 7], [0, 1, 2, 3, 4, 5, 6, 7]]",sidecar,True,morton,0
gqa,fullload,FullLoad,1.0,full,n470131,201988103,What shape is the foil?,Round,"[""round""]",1.0,21595,2,morton,0,fullload,,386.9768508011475,,,637.0507130632177,641.8979399604723,25.638738996349275,667.5366789568216,1124073472,2176,64,,587.1442467905581,,,1.0,1.0,null,0.0,,1124073472,0,64,0,1124073472,17563648.0,17563648.0,0.0,,,,,null,,,,0
gqa,layout_prefix_chunk,Layout+Prefix,0.25,chunk,n470131,201988103,What shape is the foil?,The image shows a clear plastic container with several sandwiches inside. Each,"[""round""]",0.0,450,16,morton,0,prefix,0.24311523884534836,156.17316483985633,51.952142268419266,241.7367110028863,44.188841013237834,285.991711076349,273.13789690379053,559.1296079801396,285212672,512,65,183.9874581201002,0.0,8.0,34,0.23529411764705882,0.2537313432835821,"[0.2537313432835821, 0.2537313432835821, 0.2537313432835821, 0.2537313432835821, 0.2537313432835821, 0.2537313432835821, 0.2537313432835821, 0.2537313432835821, 0.2537313432835821, 0.2537313432835821, 0.2537313432835821, 0.2537313432835821, 0.2537313432835821, 0.2537313432835821, 0.2537313432835821, 0.2537313432835821, 0.2537313432835821, 0.2537313432835821, 0.2537313432835821, 0.2537313432835821, 0.2537313432835821, 0.2537313432835821, 0.2537313432835821, 0.2537313432835821, 0.2537313432835821, 0.2537313432835821, 0.2537313432835821, 0.2537313432835821, 0.2537313432835821, 0.2537313432835821, 0.2537313432835821, 0.2537313432835821]",0.0,256,268435456,16777216,64,1,285212672,4387887.261538462,4194304.0,16777216.0,0,0,0,prefix,"[[0, 1, 2, 3, 4, 5, 6, 7], [0, 1, 2, 3, 4, 5, 6, 7], [0, 1, 2, 3, 4, 5, 6, 7], [0, 1, 2, 3, 4, 5, 6, 7], [0, 1, 2, 3, 4, 5, 6, 7], [0, 1, 2, 3, 4, 5, 6, 7], [0, 1, 2, 3, 4, 5, 6, 7], [0, 1, 2, 3, 4, 5, 6, 7], [0, 1, 2, 3, 4, 5, 6, 7], [0, 1, 2, 3, 4, 5, 6, 7], [0, 1, 2, 3, 4, 5, 6, 7], [0, 1, 2, 3, 4, 5, 6, 7], [0, 1, 2, 3, 4, 5, 6, 7], [0, 1, 2, 3, 4, 5, 6, 7], [0, 1, 2, 3, 4, 5, 6, 7], [0, 1, 2, 3, 4, 5, 6, 7], [0, 1, 2, 3, 4, 5, 6, 7], [0, 1, 2, 3, 4, 5, 6, 7], [0, 1, 2, 3, 4, 5, 6, 7], [0, 1, 2, 3, 4, 5, 6, 7], [0, 1, 2, 3, 4, 5, 6, 7], [0, 1, 2, 3, 4, 5, 6, 7], [0, 1, 2, 3, 4, 5, 6, 7], [0, 1, 2, 3, 4, 5, 6, 7], [0, 1, 2, 3, 4, 5, 6, 7], [0, 1, 2, 3, 4, 5, 6, 7], [0, 1, 2, 3, 4, 5, 6, 7], [0, 1, 2, 3, 4, 5, 6, 7], [0, 1, 2, 3, 4, 5, 6, 7], [0, 1, 2, 3, 4, 5, 6, 7], [0, 1, 2, 3, 4, 5, 6, 7], [0, 1, 2, 3, 4, 5, 6, 7]]",sidecar,True,morton,0
gqa,fullload,FullLoad,1.0,full,n470131,201987684,Is the table that looks yellow dirty or clean?,Dirty,"[""dirty""]",1.0,360,3,morton,0,fullload,,480.1087200175971,,,844.2195389652625,848.8689200021327,38.25552808120847,887.1244480833411,1124073472,2176,64,,789.9543376406655,,,1.0,1.0,null,0.0,,1124073472,0,64,0,1124073472,17563648.0,17563648.0,0.0,,,,,null,,,,0
gqa,layout_prefix_chunk,Layout+Prefix,0.25,chunk,n470131,201987684,Is the table that looks yellow dirty or clean?,The image shows a clear plastic container with several sandwiches inside. Each,"[""dirty""]",0.0,450,16,morton,0,prefix,0.23724883794784546,158.14708534162492,52.696574945002794,245.77407096512616,40.7186730299145,286.55742993578315,272.96273806132376,559.5201679971069,285212672,512,65,187.34247598331422,0.0,8.0,34,0.23529411764705882,0.2537313432835821,"[0.2537313432835821, 0.2537313432835821, 0.2537313432835821, 0.2537313432835821, 0.2537313432835821, 0.2537313432835821, 0.2537313432835821, 0.2537313432835821, 0.2537313432835821, 0.2537313432835821, 0.2537313432835821, 0.2537313432835821, 0.2537313432835821, 0.2537313432835821, 0.2537313432835821, 0.2537313432835821, 0.2537313432835821, 0.2537313432835821, 0.2537313432835821, 0.2537313432835821, 0.2537313432835821, 0.2537313432835821, 0.2537313432835821, 0.2537313432835821, 0.2537313432835821, 0.2537313432835821, 0.2537313432835821, 0.2537313432835821, 0.2537313432835821, 0.2537313432835821, 0.2537313432835821, 0.2537313432835821]",0.0,256,268435456,16777216,64,1,285212672,4387887.261538462,4194304.0,16777216.0,0,0,0,prefix,"[[0, 1, 2, 3, 4, 5, 6, 7], [0, 1, 2, 3, 4, 5, 6, 7], [0, 1, 2, 3, 4, 5, 6, 7], [0, 1, 2, 3, 4, 5, 6, 7], [0, 1, 2, 3, 4, 5, 6, 7], [0, 1, 2, 3, 4, 5, 6, 7], [0, 1, 2, 3, 4, 5, 6, 7], [0, 1, 2, 3, 4, 5, 6, 7], [0, 1, 2, 3, 4, 5, 6, 7], [0, 1, 2, 3, 4, 5, 6, 7], [0, 1, 2, 3, 4, 5, 6, 7], [0, 1, 2, 3, 4, 5, 6, 7], [0, 1, 2, 3, 4, 5, 6, 7], [0, 1, 2, 3, 4, 5, 6, 7], [0, 1, 2, 3, 4, 5, 6, 7], [0, 1, 2, 3, 4, 5, 6, 7], [0, 1, 2, 3, 4, 5, 6, 7], [0, 1, 2, 3, 4, 5, 6, 7], [0, 1, 2, 3, 4, 5, 6, 7], [0, 1, 2, 3, 4, 5, 6, 7], [0, 1, 2, 3, 4, 5, 6, 7], [0, 1, 2, 3, 4, 5, 6, 7], [0, 1, 2, 3, 4, 5, 6, 7], [0, 1, 2, 3, 4, 5, 6, 7], [0, 1, 2, 3, 4, 5, 6, 7], [0, 1, 2, 3, 4, 5, 6, 7], [0, 1, 2, 3, 4, 5, 6, 7], [0, 1, 2, 3, 4, 5, 6, 7], [0, 1, 2, 3, 4, 5, 6, 7], [0, 1, 2, 3, 4, 5, 6, 7], [0, 1, 2, 3, 4, 5, 6, 7], [0, 1, 2, 3, 4, 5, 6, 7]]",sidecar,True,morton,0
gqa,fullload,FullLoad,1.0,full,n470131,201987969,What rests on the table?,Paper,"[""paper""]",1.0,349,3,morton,0,fullload,,436.6002297028899,,,765.7764969626442,770.4483550041914,37.45221300050616,807.9005680046976,1124073472,2176,64,,721.9505996908993,,,1.0,1.0,null,0.0,,1124073472,0,64,0,1124073472,17563648.0,17563648.0,0.0,,,,,null,,,,0
gqa,layout_prefix_chunk,Layout+Prefix,0.25,chunk,n470131,201987969,What rests on the table?,The image shows a clear plastic container with several sandwiches inside. Each,"[""paper""]",0.0,450,16,morton,0,prefix,0.23882975801825523,160.699698375538,53.4260276472196,249.64883096981794,47.07615892402828,296.78935394622386,267.54634105600417,564.335695002228,285212672,512,65,190.51356124691665,0.0,8.0,34,0.23529411764705882,0.2537313432835821,"[0.2537313432835821, 0.2537313432835821, 0.2537313432835821, 0.2537313432835821, 0.2537313432835821, 0.2537313432835821, 0.2537313432835821, 0.2537313432835821, 0.2537313432835821, 0.2537313432835821, 0.2537313432835821, 0.2537313432835821, 0.2537313432835821, 0.2537313432835821, 0.2537313432835821, 0.2537313432835821, 0.2537313432835821, 0.2537313432835821, 0.2537313432835821, 0.2537313432835821, 0.2537313432835821, 0.2537313432835821, 0.2537313432835821, 0.2537313432835821, 0.2537313432835821, 0.2537313432835821, 0.2537313432835821, 0.2537313432835821, 0.2537313432835821, 0.2537313432835821, 0.2537313432835821, 0.2537313432835821]",0.0,256,268435456,16777216,64,1,285212672,4387887.261538462,4194304.0,16777216.0,0,0,0,prefix,"[[0, 1, 2, 3, 4, 5, 6, 7], [0, 1, 2, 3, 4, 5, 6, 7], [0, 1, 2, 3, 4, 5, 6, 7], [0, 1, 2, 3, 4, 5, 6, 7], [0, 1, 2, 3, 4, 5, 6, 7], [0, 1, 2, 3, 4, 5, 6, 7], [0, 1, 2, 3, 4, 5, 6, 7], [0, 1, 2, 3, 4, 5, 6, 7], [0, 1, 2, 3, 4, 5, 6, 7], [0, 1, 2, 3, 4, 5, 6, 7], [0, 1, 2, 3, 4, 5, 6, 7], [0, 1, 2, 3, 4, 5, 6, 7], [0, 1, 2, 3, 4, 5, 6, 7], [0, 1, 2, 3, 4, 5, 6, 7], [0, 1, 2, 3, 4, 5, 6, 7], [0, 1, 2, 3, 4, 5, 6, 7], [0, 1, 2, 3, 4, 5, 6, 7], [0, 1, 2, 3, 4, 5, 6, 7], [0, 1, 2, 3, 4, 5, 6, 7], [0, 1, 2, 3, 4, 5, 6, 7], [0, 1, 2, 3, 4, 5, 6, 7], [0, 1, 2, 3, 4, 5, 6, 7], [0, 1, 2, 3, 4, 5, 6, 7], [0, 1, 2, 3, 4, 5, 6, 7], [0, 1, 2, 3, 4, 5, 6, 7], [0, 1, 2, 3, 4, 5, 6, 7], [0, 1, 2, 3, 4, 5, 6, 7], [0, 1, 2, 3, 4, 5, 6, 7], [0, 1, 2, 3, 4, 5, 6, 7], [0, 1, 2, 3, 4, 5, 6, 7], [0, 1, 2, 3, 4, 5, 6, 7], [0, 1, 2, 3, 4, 5, 6, 7]]",sidecar,True,morton,0
gqa,fullload,FullLoad,1.0,full,n470131,201987968,What rests on the yellow table?,Paper,"[""paper""]",1.0,349,3,morton,0,fullload,,468.50798337254673,,,822.3984430078417,827.1708179963753,42.51394001767039,869.6847580140457,1124073472,2176,64,,773.1696447590366,,,1.0,1.0,null,0.0,,1124073472,0,64,0,1124073472,17563648.0,17563648.0,0.0,,,,,null,,,,0
gqa,layout_prefix_chunk,Layout+Prefix,0.25,chunk,n470131,201987968,What rests on the yellow table?,The image shows a clear plastic container with several sandwiches inside. Each,"[""paper""]",0.0,450,16,morton,0,prefix,0.25101040955632925,130.3029035916552,53.14998480025679,218.60177000053227,44.70407695043832,263.35160504095256,272.38444704562426,535.7360520865768,285212672,512,65,159.62363709695637,0.0,8.0,34,0.23529411764705882,0.2537313432835821,"[0.2537313432835821, 0.2537313432835821, 0.2537313432835821, 0.2537313432835821, 0.2537313432835821, 0.2537313432835821, 0.2537313432835821, 0.2537313432835821, 0.2537313432835821, 0.2537313432835821, 0.2537313432835821, 0.2537313432835821, 0.2537313432835821, 0.2537313432835821, 0.2537313432835821, 0.2537313432835821, 0.2537313432835821, 0.2537313432835821, 0.2537313432835821, 0.2537313432835821, 0.2537313432835821, 0.2537313432835821, 0.2537313432835821, 0.2537313432835821, 0.2537313432835821, 0.2537313432835821, 0.2537313432835821, 0.2537313432835821, 0.2537313432835821, 0.2537313432835821, 0.2537313432835821, 0.2537313432835821]",0.0,256,268435456,16777216,64,1,285212672,4387887.261538462,4194304.0,16777216.0,0,0,0,prefix,"[[0, 1, 2, 3, 4, 5, 6, 7], [0, 1, 2, 3, 4, 5, 6, 7], [0, 1, 2, 3, 4, 5, 6, 7], [0, 1, 2, 3, 4, 5, 6, 7], [0, 1, 2, 3, 4, 5, 6, 7], [0, 1, 2, 3, 4, 5, 6, 7], [0, 1, 2, 3, 4, 5, 6, 7], [0, 1, 2, 3, 4, 5, 6, 7], [0, 1, 2, 3, 4, 5, 6, 7], [0, 1, 2, 3, 4, 5, 6, 7], [0, 1, 2, 3, 4, 5, 6, 7], [0, 1, 2, 3, 4, 5, 6, 7], [0, 1, 2, 3, 4, 5, 6, 7], [0, 1, 2, 3, 4, 5, 6, 7], [0, 1, 2, 3, 4, 5, 6, 7], [0, 1, 2, 3, 4, 5, 6, 7], [0, 1, 2, 3, 4, 5, 6, 7], [0, 1, 2, 3, 4, 5, 6, 7], [0, 1, 2, 3, 4, 5, 6, 7], [0, 1, 2, 3, 4, 5, 6, 7], [0, 1, 2, 3, 4, 5, 6, 7], [0, 1, 2, 3, 4, 5, 6, 7], [0, 1, 2, 3, 4, 5, 6, 7], [0, 1, 2, 3, 4, 5, 6, 7], [0, 1, 2, 3, 4, 5, 6, 7], [0, 1, 2, 3, 4, 5, 6, 7], [0, 1, 2, 3, 4, 5, 6, 7], [0, 1, 2, 3, 4, 5, 6, 7], [0, 1, 2, 3, 4, 5, 6, 7], [0, 1, 2, 3, 4, 5, 6, 7], [0, 1, 2, 3, 4, 5, 6, 7], [0, 1, 2, 3, 4, 5, 6, 7]]",sidecar,True,morton,0
gqa,fullload,FullLoad,1.0,full,n470131,201987760,Are there cookies that are not baked?,Yes,"[""no""]",0.0,3869,2,morton,0,fullload,,440.2604029746726,,,768.5015430906788,773.1121530523524,19.026333931833506,792.1384869841859,1124073472,2176,64,,727.232301258482,,,1.0,1.0,null,0.0,,1124073472,0,64,0,1124073472,17563648.0,17563648.0,0.0,,,,,null,,,,0
gqa,layout_prefix_chunk,Layout+Prefix,0.25,chunk,n470131,201987760,Are there cookies that are not baked?,The image shows a clear plastic container with several sandwiches inside. Each,"[""no""]",0.0,450,16,morton,0,prefix,0.23384112864732742,156.0688210884109,51.30716529674828,241.47740099579096,53.503939998336136,295.047058025375,276.0976299177855,571.1446879431605,285212672,512,65,184.5165150007233,0.0,8.0,34,0.23529411764705882,0.2537313432835821,"[0.2537313432835821, 0.2537313432835821, 0.2537313432835821, 0.2537313432835821, 0.2537313432835821, 0.2537313432835821, 0.2537313432835821, 0.2537313432835821, 0.2537313432835821, 0.2537313432835821, 0.2537313432835821, 0.2537313432835821, 0.2537313432835821, 0.2537313432835821, 0.2537313432835821, 0.2537313432835821, 0.2537313432835821, 0.2537313432835821, 0.2537313432835821, 0.2537313432835821, 0.2537313432835821, 0.2537313432835821, 0.2537313432835821, 0.2537313432835821, 0.2537313432835821, 0.2537313432835821, 0.2537313432835821, 0.2537313432835821, 0.2537313432835821, 0.2537313432835821, 0.2537313432835821, 0.2537313432835821]",0.0,256,268435456,16777216,64,1,285212672,4387887.261538462,4194304.0,16777216.0,0,0,0,prefix,"[[0, 1, 2, 3, 4, 5, 6, 7], [0, 1, 2, 3, 4, 5, 6, 7], [0, 1, 2, 3, 4, 5, 6, 7], [0, 1, 2, 3, 4, 5, 6, 7], [0, 1, 2, 3, 4, 5, 6, 7], [0, 1, 2, 3, 4, 5, 6, 7], [0, 1, 2, 3, 4, 5, 6, 7], [0, 1, 2, 3, 4, 5, 6, 7], [0, 1, 2, 3, 4, 5, 6, 7], [0, 1, 2, 3, 4, 5, 6, 7], [0, 1, 2, 3, 4, 5, 6, 7], [0, 1, 2, 3, 4, 5, 6, 7], [0, 1, 2, 3, 4, 5, 6, 7], [0, 1, 2, 3, 4, 5, 6, 7], [0, 1, 2, 3, 4, 5, 6, 7], [0, 1, 2, 3, 4, 5, 6, 7], [0, 1, 2, 3, 4, 5, 6, 7], [0, 1, 2, 3, 4, 5, 6, 7], [0, 1, 2, 3, 4, 5, 6, 7], [0, 1, 2, 3, 4, 5, 6, 7], [0, 1, 2, 3, 4, 5, 6, 7], [0, 1, 2, 3, 4, 5, 6, 7], [0, 1, 2, 3, 4, 5, 6, 7], [0, 1, 2, 3, 4, 5, 6, 7], [0, 1, 2, 3, 4, 5, 6, 7], [0, 1, 2, 3, 4, 5, 6, 7], [0, 1, 2, 3, 4, 5, 6, 7], [0, 1, 2, 3, 4, 5, 6, 7], [0, 1, 2, 3, 4, 5, 6, 7], [0, 1, 2, 3, 4, 5, 6, 7], [0, 1, 2, 3, 4, 5, 6, 7], [0, 1, 2, 3, 4, 5, 6, 7]]",sidecar,True,morton,0
gqa,fullload,FullLoad,1.0,full,n470131,201987763,What is in front of the orange thing that is on the wall?,Paper,"[""cookie""]",0.0,349,3,morton,0,fullload,,457.78166013769805,,,804.5171049889177,809.2344889882952,38.196926936507225,847.4314159248024,1124073472,2176,64,,755.2986872615293,,,1.0,1.0,null,0.0,,1124073472,0,64,0,1124073472,17563648.0,17563648.0,0.0,,,,,null,,,,0
gqa,layout_prefix_chunk,Layout+Prefix,0.25,chunk,n470131,201987763,What is in front of the orange thing that is on the wall?,The image shows a clear plastic container with several sandwiches inside. Each,"[""cookie""]",0.0,450,16,morton,0,prefix,0.23510679602622986,161.91398515366018,53.79835295025259,250.87900494690984,61.98421900626272,312.9284189781174,270.6642010016367,583.5926199797541,285212672,512,65,191.33750209584832,0.0,8.0,34,0.23529411764705882,0.2537313432835821,"[0.2537313432835821, 0.2537313432835821, 0.2537313432835821, 0.2537313432835821, 0.2537313432835821, 0.2537313432835821, 0.2537313432835821, 0.2537313432835821, 0.2537313432835821, 0.2537313432835821, 0.2537313432835821, 0.2537313432835821, 0.2537313432835821, 0.2537313432835821, 0.2537313432835821, 0.2537313432835821, 0.2537313432835821, 0.2537313432835821, 0.2537313432835821, 0.2537313432835821, 0.2537313432835821, 0.2537313432835821, 0.2537313432835821, 0.2537313432835821, 0.2537313432835821, 0.2537313432835821, 0.2537313432835821, 0.2537313432835821, 0.2537313432835821, 0.2537313432835821, 0.2537313432835821, 0.2537313432835821]",0.0,256,268435456,16777216,64,1,285212672,4387887.261538462,4194304.0,16777216.0,0,0,0,prefix,"[[0, 1, 2, 3, 4, 5, 6, 7], [0, 1, 2, 3, 4, 5, 6, 7], [0, 1, 2, 3, 4, 5, 6, 7], [0, 1, 2, 3, 4, 5, 6, 7], [0, 1, 2, 3, 4, 5, 6, 7], [0, 1, 2, 3, 4, 5, 6, 7], [0, 1, 2, 3, 4, 5, 6, 7], [0, 1, 2, 3, 4, 5, 6, 7], [0, 1, 2, 3, 4, 5, 6, 7], [0, 1, 2, 3, 4, 5, 6, 7], [0, 1, 2, 3, 4, 5, 6, 7], [0, 1, 2, 3, 4, 5, 6, 7], [0, 1, 2, 3, 4, 5, 6, 7], [0, 1, 2, 3, 4, 5, 6, 7], [0, 1, 2, 3, 4, 5, 6, 7], [0, 1, 2, 3, 4, 5, 6, 7], [0, 1, 2, 3, 4, 5, 6, 7], [0, 1, 2, 3, 4, 5, 6, 7], [0, 1, 2, 3, 4, 5, 6, 7], [0, 1, 2, 3, 4, 5, 6, 7], [0, 1, 2, 3, 4, 5, 6, 7], [0, 1, 2, 3, 4, 5, 6, 7], [0, 1, 2, 3, 4, 5, 6, 7], [0, 1, 2, 3, 4, 5, 6, 7], [0, 1, 2, 3, 4, 5, 6, 7], [0, 1, 2, 3, 4, 5, 6, 7], [0, 1, 2, 3, 4, 5, 6, 7], [0, 1, 2, 3, 4, 5, 6, 7], [0, 1, 2, 3, 4, 5, 6, 7], [0, 1, 2, 3, 4, 5, 6, 7], [0, 1, 2, 3, 4, 5, 6, 7], [0, 1, 2, 3, 4, 5, 6, 7]]",sidecar,True,morton,0
gqa,fullload,FullLoad,1.0,full,n195249,20482274,Which company is the hat from?,Nike,"[""nike""]",1.0,405,3,morton,0,fullload,,410.8156261499971,,,603.1613609520718,607.8539739828557,72.28804402984679,680.1420180127025,969932800,1856,64,,558.9564691763371,,,1.0,1.0,null,0.0,,969932800,0,64,0,969932800,15155200.0,15155200.0,0.0,,,,,null,,,,0
gqa,layout_prefix_chunk,Layout+Prefix,0.25,chunk,n195249,20482274,Which company is the hat from?,The woman is wearing a blue visor and a blue and white tennis out,"[""nike""]",0.0,450,16,morton,0,prefix,0.20383938681334257,115.0332783581689,48.040777212008834,192.21391202881932,47.2217999631539,239.50000200420618,272.4033079575747,511.9033099617809,248512512,448,65,138.8958526076749,0.0,7.0,29,0.2413793103448276,0.2562162162162162,"[0.2562162162162162, 0.2562162162162162, 0.2562162162162162, 0.2562162162162162, 0.2562162162162162, 0.2562162162162162, 0.2562162162162162, 0.2562162162162162, 0.2562162162162162, 0.2562162162162162, 0.2562162162162162, 0.2562162162162162, 0.2562162162162162, 0.2562162162162162, 0.2562162162162162, 0.2562162162162162, 0.2562162162162162, 0.2562162162162162, 0.2562162162162162, 0.2562162162162162, 0.2562162162162162, 0.2562162162162162, 0.2562162162162162, 0.2562162162162162, 0.2562162162162162, 0.2562162162162162, 0.2562162162162162, 0.2562162162162162, 0.2562162162162162, 0.2562162162162162, 0.2562162162162162, 0.2562162162162162]",0.0,224,234881024,13631488,64,1,248512512,3823269.4153846153,3670016.0,13631488.0,0,0,0,prefix,"[[0, 1, 2, 3, 4, 5, 6], [0, 1, 2, 3, 4, 5, 6], [0, 1, 2, 3, 4, 5, 6], [0, 1, 2, 3, 4, 5, 6], [0, 1, 2, 3, 4, 5, 6], [0, 1, 2, 3, 4, 5, 6], [0, 1, 2, 3, 4, 5, 6], [0, 1, 2, 3, 4, 5, 6], [0, 1, 2, 3, 4, 5, 6], [0, 1, 2, 3, 4, 5, 6], [0, 1, 2, 3, 4, 5, 6], [0, 1, 2, 3, 4, 5, 6], [0, 1, 2, 3, 4, 5, 6], [0, 1, 2, 3, 4, 5, 6], [0, 1, 2, 3, 4, 5, 6], [0, 1, 2, 3, 4, 5, 6], [0, 1, 2, 3, 4, 5, 6], [0, 1, 2, 3, 4, 5, 6], [0, 1, 2, 3, 4, 5, 6], [0, 1, 2, 3, 4, 5, 6], [0, 1, 2, 3, 4, 5, 6], [0, 1, 2, 3, 4, 5, 6], [0, 1, 2, 3, 4, 5, 6], [0, 1, 2, 3, 4, 5, 6], [0, 1, 2, 3, 4, 5, 6], [0, 1, 2, 3, 4, 5, 6], [0, 1, 2, 3, 4, 5, 6], [0, 1, 2, 3, 4, 5, 6], [0, 1, 2, 3, 4, 5, 6], [0, 1, 2, 3, 4, 5, 6], [0, 1, 2, 3, 4, 5, 6], [0, 1, 2, 3, 4, 5, 6]]",sidecar,True,morton,0
gqa,fullload,FullLoad,1.0,full,n195249,20482492,Does this woman wear a wetsuit?,No,"[""no""]",1.0,1939,2,morton,0,fullload,,442.78669508639723,,,676.1874579824507,680.4757820209488,19.043919979594648,699.5197020005435,969932800,1856,64,,613.528051180765,,,1.0,1.0,null,0.0,,969932800,0,64,0,969932800,15155200.0,15155200.0,0.0,,,,,null,,,,0
gqa,layout_prefix_chunk,Layout+Prefix,0.25,chunk,n195249,20482492,Does this woman wear a wetsuit?,The woman in the image is wearing a blue visor and a blue tank,"[""no""]",0.0,450,16,morton,0,prefix,0.19756879191845655,140.3623669175431,43.19095821119845,210.51087696105242,46.6643680119887,257.23889505025,268.5855489689857,525.8244440192357,248512512,448,65,162.01617068145424,0.0,7.0,29,0.2413793103448276,0.2562162162162162,"[0.2562162162162162, 0.2562162162162162, 0.2562162162162162, 0.2562162162162162, 0.2562162162162162, 0.2562162162162162, 0.2562162162162162, 0.2562162162162162, 0.2562162162162162, 0.2562162162162162, 0.2562162162162162, 0.2562162162162162, 0.2562162162162162, 0.2562162162162162, 0.2562162162162162, 0.2562162162162162, 0.2562162162162162, 0.2562162162162162, 0.2562162162162162, 0.2562162162162162, 0.2562162162162162, 0.2562162162162162, 0.2562162162162162, 0.2562162162162162, 0.2562162162162162, 0.2562162162162162, 0.2562162162162162, 0.2562162162162162, 0.2562162162162162, 0.2562162162162162, 0.2562162162162162, 0.2562162162162162]",0.0,224,234881024,13631488,64,1,248512512,3823269.4153846153,3670016.0,13631488.0,0,0,0,prefix,"[[0, 1, 2, 3, 4, 5, 6], [0, 1, 2, 3, 4, 5, 6], [0, 1, 2, 3, 4, 5, 6], [0, 1, 2, 3, 4, 5, 6], [0, 1, 2, 3, 4, 5, 6], [0, 1, 2, 3, 4, 5, 6], [0, 1, 2, 3, 4, 5, 6], [0, 1, 2, 3, 4, 5, 6], [0, 1, 2, 3, 4, 5, 6], [0, 1, 2, 3, 4, 5, 6], [0, 1, 2, 3, 4, 5, 6], [0, 1, 2, 3, 4, 5, 6], [0, 1, 2, 3, 4, 5, 6], [0, 1, 2, 3, 4, 5, 6], [0, 1, 2, 3, 4, 5, 6], [0, 1, 2, 3, 4, 5, 6], [0, 1, 2, 3, 4, 5, 6], [0, 1, 2, 3, 4, 5, 6], [0, 1, 2, 3, 4, 5, 6], [0, 1, 2, 3, 4, 5, 6], [0, 1, 2, 3, 4, 5, 6], [0, 1, 2, 3, 4, 5, 6], [0, 1, 2, 3, 4, 5, 6], [0, 1, 2, 3, 4, 5, 6], [0, 1, 2, 3, 4, 5, 6], [0, 1, 2, 3, 4, 5, 6], [0, 1, 2, 3, 4, 5, 6], [0, 1, 2, 3, 4, 5, 6], [0, 1, 2, 3, 4, 5, 6], [0, 1, 2, 3, 4, 5, 6], [0, 1, 2, 3, 4, 5, 6], [0, 1, 2, 3, 4, 5, 6]]",sidecar,True,morton,0
gqa,fullload,FullLoad,1.0,full,n195249,20482257,Does the blue hat have large size?,Yes,"[""no""]",0.0,3869,2,morton,0,fullload,,457.95466750860214,,,705.1584590226412,709.3966780230403,19.239953020587564,728.6366310436279,969932800,1856,64,,637.2663448564708,,,1.0,1.0,null,0.0,,969932800,0,64,0,969932800,15155200.0,15155200.0,0.0,,,,,null,,,,0
gqa,layout_prefix_chunk,Layout+Prefix,0.25,chunk,n195249,20482257,Does the blue hat have large size?,The woman in the image is wearing a blue visor and a blue tank,"[""no""]",0.0,450,16,morton,0,prefix,0.2036268124356866,145.87170188315213,46.90273816231638,221.60119598265737,40.246986085549,261.910354020074,270.0362359173596,531.9465899374336,248512512,448,65,169.48095755651593,0.0,7.0,29,0.2413793103448276,0.2562162162162162,"[0.2562162162162162, 0.2562162162162162, 0.2562162162162162, 0.2562162162162162, 0.2562162162162162, 0.2562162162162162, 0.2562162162162162, 0.2562162162162162, 0.2562162162162162, 0.2562162162162162, 0.2562162162162162, 0.2562162162162162, 0.2562162162162162, 0.2562162162162162, 0.2562162162162162, 0.2562162162162162, 0.2562162162162162, 0.2562162162162162, 0.2562162162162162, 0.2562162162162162, 0.2562162162162162, 0.2562162162162162, 0.2562162162162162, 0.2562162162162162, 0.2562162162162162, 0.2562162162162162, 0.2562162162162162, 0.2562162162162162, 0.2562162162162162, 0.2562162162162162, 0.2562162162162162, 0.2562162162162162]",0.0,224,234881024,13631488,64,1,248512512,3823269.4153846153,3670016.0,13631488.0,0,0,0,prefix,"[[0, 1, 2, 3, 4, 5, 6], [0, 1, 2, 3, 4, 5, 6], [0, 1, 2, 3, 4, 5, 6], [0, 1, 2, 3, 4, 5, 6], [0, 1, 2, 3, 4, 5, 6], [0, 1, 2, 3, 4, 5, 6], [0, 1, 2, 3, 4, 5, 6], [0, 1, 2, 3, 4, 5, 6], [0, 1, 2, 3, 4, 5, 6], [0, 1, 2, 3, 4, 5, 6], [0, 1, 2, 3, 4, 5, 6], [0, 1, 2, 3, 4, 5, 6], [0, 1, 2, 3, 4, 5, 6], [0, 1, 2, 3, 4, 5, 6], [0, 1, 2, 3, 4, 5, 6], [0, 1, 2, 3, 4, 5, 6], [0, 1, 2, 3, 4, 5, 6], [0, 1, 2, 3, 4, 5, 6], [0, 1, 2, 3, 4, 5, 6], [0, 1, 2, 3, 4, 5, 6], [0, 1, 2, 3, 4, 5, 6], [0, 1, 2, 3, 4, 5, 6], [0, 1, 2, 3, 4, 5, 6], [0, 1, 2, 3, 4, 5, 6], [0, 1, 2, 3, 4, 5, 6], [0, 1, 2, 3, 4, 5, 6], [0, 1, 2, 3, 4, 5, 6], [0, 1, 2, 3, 4, 5, 6], [0, 1, 2, 3, 4, 5, 6], [0, 1, 2, 3, 4, 5, 6], [0, 1, 2, 3, 4, 5, 6], [0, 1, 2, 3, 4, 5, 6]]",sidecar,True,morton,0
gqa,fullload,FullLoad,1.0,full,n195249,20482531,Does the cotton shirt look dark blue and short?,Yes,"[""yes""]",1.0,3869,2,morton,0,fullload,,421.5908241458237,,,639.1816779505461,643.4868759242818,20.352295017801225,663.839170942083,969932800,1856,64,,587.1702447766438,,,1.0,1.0,null,0.0,,969932800,0,64,0,969932800,15155200.0,15155200.0,0.0,,,,,null,,,,0
gqa,layout_prefix_chunk,Layout+Prefix,0.25,chunk,n195249,20482531,Does the cotton shirt look dark blue and short?,The woman in the image is wearing a blue visor and a blue tank,"[""yes""]",0.0,450,16,morton,0,prefix,0.14839856885373592,131.68880506418645,35.793285234831274,189.33292606379837,34.3974819406867,223.76989596523345,273.502882104367,497.27277806960046,248512512,448,65,148.67409912403673,0.0,7.0,29,0.2413793103448276,0.2562162162162162,"[0.2562162162162162, 0.2562162162162162, 0.2562162162162162, 0.2562162162162162, 0.2562162162162162, 0.2562162162162162, 0.2562162162162162, 0.2562162162162162, 0.2562162162162162, 0.2562162162162162, 0.2562162162162162, 0.2562162162162162, 0.2562162162162162, 0.2562162162162162, 0.2562162162162162, 0.2562162162162162, 0.2562162162162162, 0.2562162162162162, 0.2562162162162162, 0.2562162162162162, 0.2562162162162162, 0.2562162162162162, 0.2562162162162162, 0.2562162162162162, 0.2562162162162162, 0.2562162162162162, 0.2562162162162162, 0.2562162162162162, 0.2562162162162162, 0.2562162162162162, 0.2562162162162162, 0.2562162162162162]",0.0,224,234881024,13631488,64,1,248512512,3823269.4153846153,3670016.0,13631488.0,0,0,0,prefix,"[[0, 1, 2, 3, 4, 5, 6], [0, 1, 2, 3, 4, 5, 6], [0, 1, 2, 3, 4, 5, 6], [0, 1, 2, 3, 4, 5, 6], [0, 1, 2, 3, 4, 5, 6], [0, 1, 2, 3, 4, 5, 6], [0, 1, 2, 3, 4, 5, 6], [0, 1, 2, 3, 4, 5, 6], [0, 1, 2, 3, 4, 5, 6], [0, 1, 2, 3, 4, 5, 6], [0, 1, 2, 3, 4, 5, 6], [0, 1, 2, 3, 4, 5, 6], [0, 1, 2, 3, 4, 5, 6], [0, 1, 2, 3, 4, 5, 6], [0, 1, 2, 3, 4, 5, 6], [0, 1, 2, 3, 4, 5, 6], [0, 1, 2, 3, 4, 5, 6], [0, 1, 2, 3, 4, 5, 6], [0, 1, 2, 3, 4, 5, 6], [0, 1, 2, 3, 4, 5, 6], [0, 1, 2, 3, 4, 5, 6], [0, 1, 2, 3, 4, 5, 6], [0, 1, 2, 3, 4, 5, 6], [0, 1, 2, 3, 4, 5, 6], [0, 1, 2, 3, 4, 5, 6], [0, 1, 2, 3, 4, 5, 6], [0, 1, 2, 3, 4, 5, 6], [0, 1, 2, 3, 4, 5, 6], [0, 1, 2, 3, 4, 5, 6], [0, 1, 2, 3, 4, 5, 6], [0, 1, 2, 3, 4, 5, 6], [0, 1, 2, 3, 4, 5, 6]]",sidecar,True,morton,0
gqa,fullload,FullLoad,1.0,full,n195249,20482537,What color is the shirt made of cotton?,Blue,"[""dark blue""]",0.0,10924,2,morton,0,fullload,,472.19312482047826,,,733.0197540577501,737.3422810342163,18.829668988473713,756.17195002269,969932800,1856,64,,659.1155338101089,,,1.0,1.0,null,0.0,,969932800,0,64,0,969932800,15155200.0,15155200.0,0.0,,,,,null,,,,0
gqa,layout_prefix_chunk,Layout+Prefix,0.25,chunk,n195249,20482537,What color is the shirt made of cotton?,The woman in the image is wearing a blue visor and a blue tank,"[""dark blue""]",0.0,450,16,morton,0,prefix,0.14737679157406092,135.4959006421268,37.39725600462407,195.23041299544275,46.52726498898119,241.82121793273836,271.4323770487681,513.2535949815065,248512512,448,65,152.85365341696888,0.0,7.0,29,0.2413793103448276,0.2562162162162162,"[0.2562162162162162, 0.2562162162162162, 0.2562162162162162, 0.2562162162162162, 0.2562162162162162, 0.2562162162162162, 0.2562162162162162, 0.2562162162162162, 0.2562162162162162, 0.2562162162162162, 0.2562162162162162, 0.2562162162162162, 0.2562162162162162, 0.2562162162162162, 0.2562162162162162, 0.2562162162162162, 0.2562162162162162, 0.2562162162162162, 0.2562162162162162, 0.2562162162162162, 0.2562162162162162, 0.2562162162162162, 0.2562162162162162, 0.2562162162162162, 0.2562162162162162, 0.2562162162162162, 0.2562162162162162, 0.2562162162162162, 0.2562162162162162, 0.2562162162162162, 0.2562162162162162, 0.2562162162162162]",0.0,224,234881024,13631488,64,1,248512512,3823269.4153846153,3670016.0,13631488.0,0,0,0,prefix,"[[0, 1, 2, 3, 4, 5, 6], [0, 1, 2, 3, 4, 5, 6], [0, 1, 2, 3, 4, 5, 6], [0, 1, 2, 3, 4, 5, 6], [0, 1, 2, 3, 4, 5, 6], [0, 1, 2, 3, 4, 5, 6], [0, 1, 2, 3, 4, 5, 6], [0, 1, 2, 3, 4, 5, 6], [0, 1, 2, 3, 4, 5, 6], [0, 1, 2, 3, 4, 5, 6], [0, 1, 2, 3, 4, 5, 6], [0, 1, 2, 3, 4, 5, 6], [0, 1, 2, 3, 4, 5, 6], [0, 1, 2, 3, 4, 5, 6], [0, 1, 2, 3, 4, 5, 6], [0, 1, 2, 3, 4, 5, 6], [0, 1, 2, 3, 4, 5, 6], [0, 1, 2, 3, 4, 5, 6], [0, 1, 2, 3, 4, 5, 6], [0, 1, 2, 3, 4, 5, 6], [0, 1, 2, 3, 4, 5, 6], [0, 1, 2, 3, 4, 5, 6], [0, 1, 2, 3, 4, 5, 6], [0, 1, 2, 3, 4, 5, 6], [0, 1, 2, 3, 4, 5, 6], [0, 1, 2, 3, 4, 5, 6], [0, 1, 2, 3, 4, 5, 6], [0, 1, 2, 3, 4, 5, 6], [0, 1, 2, 3, 4, 5, 6], [0, 1, 2, 3, 4, 5, 6], [0, 1, 2, 3, 4, 5, 6], [0, 1, 2, 3, 4, 5, 6]]",sidecar,True,morton,0
gqa,fullload,FullLoad,1.0,full,n195249,20482514,Is the person that is staring holding the tennis racket?,Yes,"[""yes""]",1.0,3869,2,morton,0,fullload,,455.95698920078576,,,699.9780709156767,704.2946569854394,23.22004607412964,727.514703059569,969932800,1856,64,,633.9210617588833,,,1.0,1.0,null,0.0,,969932800,0,64,0,969932800,15155200.0,15155200.0,0.0,,,,,null,,,,0
gqa,layout_prefix_chunk,Layout+Prefix,0.25,chunk,n195249,20482514,Is the person that is staring holding the tennis racket?,The woman in the image is wearing a blue visor and a blue tank,"[""yes""]",0.0,450,16,morton,0,prefix,0.13360811863094568,133.68142454419285,35.88885988574475,191.97627494577318,35.76519002672285,227.79032797552645,272.117955959402,499.9082839349285,248512512,448,65,150.96886979881674,0.0,7.0,29,0.2413793103448276,0.2562162162162162,"[0.2562162162162162, 0.2562162162162162, 0.2562162162162162, 0.2562162162162162, 0.2562162162162162, 0.2562162162162162, 0.2562162162162162, 0.2562162162162162, 0.2562162162162162, 0.2562162162162162, 0.2562162162162162, 0.2562162162162162, 0.2562162162162162, 0.2562162162162162, 0.2562162162162162, 0.2562162162162162, 0.2562162162162162, 0.2562162162162162, 0.2562162162162162, 0.2562162162162162, 0.2562162162162162, 0.2562162162162162, 0.2562162162162162, 0.2562162162162162, 0.2562162162162162, 0.2562162162162162, 0.2562162162162162, 0.2562162162162162, 0.2562162162162162, 0.2562162162162162, 0.2562162162162162, 0.2562162162162162]",0.0,224,234881024,13631488,64,1,248512512,3823269.4153846153,3670016.0,13631488.0,0,0,0,prefix,"[[0, 1, 2, 3, 4, 5, 6], [0, 1, 2, 3, 4, 5, 6], [0, 1, 2, 3, 4, 5, 6], [0, 1, 2, 3, 4, 5, 6], [0, 1, 2, 3, 4, 5, 6], [0, 1, 2, 3, 4, 5, 6], [0, 1, 2, 3, 4, 5, 6], [0, 1, 2, 3, 4, 5, 6], [0, 1, 2, 3, 4, 5, 6], [0, 1, 2, 3, 4, 5, 6], [0, 1, 2, 3, 4, 5, 6], [0, 1, 2, 3, 4, 5, 6], [0, 1, 2, 3, 4, 5, 6], [0, 1, 2, 3, 4, 5, 6], [0, 1, 2, 3, 4, 5, 6], [0, 1, 2, 3, 4, 5, 6], [0, 1, 2, 3, 4, 5, 6], [0, 1, 2, 3, 4, 5, 6], [0, 1, 2, 3, 4, 5, 6], [0, 1, 2, 3, 4, 5, 6], [0, 1, 2, 3, 4, 5, 6], [0, 1, 2, 3, 4, 5, 6], [0, 1, 2, 3, 4, 5, 6], [0, 1, 2, 3, 4, 5, 6], [0, 1, 2, 3, 4, 5, 6], [0, 1, 2, 3, 4, 5, 6], [0, 1, 2, 3, 4, 5, 6], [0, 1, 2, 3, 4, 5, 6], [0, 1, 2, 3, 4, 5, 6], [0, 1, 2, 3, 4, 5, 6], [0, 1, 2, 3, 4, 5, 6], [0, 1, 2, 3, 4, 5, 6]]",sidecar,True,morton,0
gqa,fullload,FullLoad,1.0,full,n281241,20427658,In front of what is the gentleman?,Picture,"[""picture""]",1.0,28908,2,morton,0,fullload,,460.765793453902,,,801.6711589880288,806.4182009547949,19.56619299016893,825.9843939449638,1132462080,2176,64,,756.2204090645537,,,1.0,1.0,null,0.0,,1132462080,0,64,0,1132462080,17694720.0,17694720.0,0.0,,,,,null,,,,0
gqa,layout_prefix_chunk,Layout+Prefix,0.25,chunk,n281241,20427658,In front of what is the gentleman?,The image shows two men sitting in what appears to be an office or meeting room,"[""picture""]",0.0,450,16,morton,0,prefix,0.22800150327384472,160.40409391280264,53.09461790602654,249.70010900869966,41.39102203771472,291.1554629681632,272.768291993998,563.9237549621612,293601280,512,65,190.91808435041457,0.0,8.0,34,0.23529411764705882,0.25925925925925924,"[0.25925925925925924, 0.25925925925925924, 0.25925925925925924, 0.25925925925925924, 0.25925925925925924, 0.25925925925925924, 0.25925925925925924, 0.25925925925925924, 0.25925925925925924, 0.25925925925925924, 0.25925925925925924, 0.25925925925925924, 0.25925925925925924, 0.25925925925925924, 0.25925925925925924, 0.25925925925925924, 0.25925925925925924, 0.25925925925925924, 0.25925925925925924, 0.25925925925925924, 0.25925925925925924, 0.25925925925925924, 0.25925925925925924, 0.25925925925925924, 0.25925925925925924, 0.25925925925925924, 0.25925925925925924, 0.25925925925925924, 0.25925925925925924, 0.25925925925925924, 0.25925925925925924, 0.25925925925925924]",0.0,256,268435456,25165824,64,1,293601280,4516942.769230769,4194304.0,25165824.0,0,0,0,prefix,"[[0, 1, 2, 3, 4, 5, 6, 7], [0, 1, 2, 3, 4, 5, 6, 7], [0, 1, 2, 3, 4, 5, 6, 7], [0, 1, 2, 3, 4, 5, 6, 7], [0, 1, 2, 3, 4, 5, 6, 7], [0, 1, 2, 3, 4, 5, 6, 7], [0, 1, 2, 3, 4, 5, 6, 7], [0, 1, 2, 3, 4, 5, 6, 7], [0, 1, 2, 3, 4, 5, 6, 7], [0, 1, 2, 3, 4, 5, 6, 7], [0, 1, 2, 3, 4, 5, 6, 7], [0, 1, 2, 3, 4, 5, 6, 7], [0, 1, 2, 3, 4, 5, 6, 7], [0, 1, 2, 3, 4, 5, 6, 7], [0, 1, 2, 3, 4, 5, 6, 7], [0, 1, 2, 3, 4, 5, 6, 7], [0, 1, 2, 3, 4, 5, 6, 7], [0, 1, 2, 3, 4, 5, 6, 7], [0, 1, 2, 3, 4, 5, 6, 7], [0, 1, 2, 3, 4, 5, 6, 7], [0, 1, 2, 3, 4, 5, 6, 7], [0, 1, 2, 3, 4, 5, 6, 7], [0, 1, 2, 3, 4, 5, 6, 7], [0, 1, 2, 3, 4, 5, 6, 7], [0, 1, 2, 3, 4, 5, 6, 7], [0, 1, 2, 3, 4, 5, 6, 7], [0, 1, 2, 3, 4, 5, 6, 7], [0, 1, 2, 3, 4, 5, 6, 7], [0, 1, 2, 3, 4, 5, 6, 7], [0, 1, 2, 3, 4, 5, 6, 7], [0, 1, 2, 3, 4, 5, 6, 7], [0, 1, 2, 3, 4, 5, 6, 7]]",sidecar,True,morton,0
gqa,fullload,FullLoad,1.0,full,n281241,20427655,Who is in front of the square picture?,Man,"[""gentleman""]",0.0,2315,2,morton,0,fullload,,450.16216835938394,,,788.318297942169,792.9825889877975,19.394211005419493,812.376799993217,1132462080,2176,64,,740.9720880677924,,,1.0,1.0,null,0.0,,1132462080,0,64,0,1132462080,17694720.0,17694720.0,0.0,,,,,null,,,,0
gqa,layout_prefix_chunk,Layout+Prefix,0.25,chunk,n281241,20427655,Who is in front of the square picture?,The image shows two men sitting in what appears to be an office or meeting room,"[""gentleman""]",0.0,450,16,morton,0,prefix,0.23044587578624487,157.17182867228985,50.211176625452936,242.1300900168717,34.18276703450829,276.3551799580455,269.41674295812845,545.7719229161739,293601280,512,65,186.2742230296135,0.0,8.0,34,0.23529411764705882,0.25925925925925924,"[0.25925925925925924, 0.25925925925925924, 0.25925925925925924, 0.25925925925925924, 0.25925925925925924, 0.25925925925925924, 0.25925925925925924, 0.25925925925925924, 0.25925925925925924, 0.25925925925925924, 0.25925925925925924, 0.25925925925925924, 0.25925925925925924, 0.25925925925925924, 0.25925925925925924, 0.25925925925925924, 0.25925925925925924, 0.25925925925925924, 0.25925925925925924, 0.25925925925925924, 0.25925925925925924, 0.25925925925925924, 0.25925925925925924, 0.25925925925925924, 0.25925925925925924, 0.25925925925925924, 0.25925925925925924, 0.25925925925925924, 0.25925925925925924, 0.25925925925925924, 0.25925925925925924, 0.25925925925925924]",0.0,256,268435456,25165824,64,1,293601280,4516942.769230769,4194304.0,25165824.0,0,0,0,prefix,"[[0, 1, 2, 3, 4, 5, 6, 7], [0, 1, 2, 3, 4, 5, 6, 7], [0, 1, 2, 3, 4, 5, 6, 7], [0, 1, 2, 3, 4, 5, 6, 7], [0, 1, 2, 3, 4, 5, 6, 7], [0, 1, 2, 3, 4, 5, 6, 7], [0, 1, 2, 3, 4, 5, 6, 7], [0, 1, 2, 3, 4, 5, 6, 7], [0, 1, 2, 3, 4, 5, 6, 7], [0, 1, 2, 3, 4, 5, 6, 7], [0, 1, 2, 3, 4, 5, 6, 7], [0, 1, 2, 3, 4, 5, 6, 7], [0, 1, 2, 3, 4, 5, 6, 7], [0, 1, 2, 3, 4, 5, 6, 7], [0, 1, 2, 3, 4, 5, 6, 7], [0, 1, 2, 3, 4, 5, 6, 7], [0, 1, 2, 3, 4, 5, 6, 7], [0, 1, 2, 3, 4, 5, 6, 7], [0, 1, 2, 3, 4, 5, 6, 7], [0, 1, 2, 3, 4, 5, 6, 7], [0, 1, 2, 3, 4, 5, 6, 7], [0, 1, 2, 3, 4, 5, 6, 7], [0, 1, 2, 3, 4, 5, 6, 7], [0, 1, 2, 3, 4, 5, 6, 7], [0, 1, 2, 3, 4, 5, 6, 7], [0, 1, 2, 3, 4, 5, 6, 7], [0, 1, 2, 3, 4, 5, 6, 7], [0, 1, 2, 3, 4, 5, 6, 7], [0, 1, 2, 3, 4, 5, 6, 7], [0, 1, 2, 3, 4, 5, 6, 7], [0, 1, 2, 3, 4, 5, 6, 7], [0, 1, 2, 3, 4, 5, 6, 7]]",sidecar,True,morton,0
gqa,fullload,FullLoad,1.0,full,n281241,20427656,Who is in front of the picture?,Man,"[""gentleman""]",0.0,2315,2,morton,0,fullload,,452.44939194526523,,,787.0016390224919,791.6217939928174,18.990671960636973,810.6124659534544,1132462080,2176,64,,742.2869694419205,,,1.0,1.0,null,0.0,,1132462080,0,64,0,1132462080,17694720.0,17694720.0,0.0,,,,,null,,,,0
gqa,layout_prefix_chunk,Layout+Prefix,0.25,chunk,n281241,20427656,Who is in front of the picture?,"The man on the left is wearing a suit and tie, and the man","[""gentleman""]",0.0,450,16,morton,0,prefix,0.15386578161269426,140.58625884354115,40.53941916208714,208.55872007086873,34.95412098709494,243.55438305065036,274.3797949515283,517.9341780021787,293601280,512,65,162.7668112050742,0.0,8.0,34,0.23529411764705882,0.25925925925925924,"[0.25925925925925924, 0.25925925925925924, 0.25925925925925924, 0.25925925925925924, 0.25925925925925924, 0.25925925925925924, 0.25925925925925924, 0.25925925925925924, 0.25925925925925924, 0.25925925925925924, 0.25925925925925924, 0.25925925925925924, 0.25925925925925924, 0.25925925925925924, 0.25925925925925924, 0.25925925925925924, 0.25925925925925924, 0.25925925925925924, 0.25925925925925924, 0.25925925925925924, 0.25925925925925924, 0.25925925925925924, 0.25925925925925924, 0.25925925925925924, 0.25925925925925924, 0.25925925925925924, 0.25925925925925924, 0.25925925925925924, 0.25925925925925924, 0.25925925925925924, 0.25925925925925924, 0.25925925925925924]",0.0,256,268435456,25165824,64,1,293601280,4516942.769230769,4194304.0,25165824.0,0,0,0,prefix,"[[0, 1, 2, 3, 4, 5, 6, 7], [0, 1, 2, 3, 4, 5, 6, 7], [0, 1, 2, 3, 4, 5, 6, 7], [0, 1, 2, 3, 4, 5, 6, 7], [0, 1, 2, 3, 4, 5, 6, 7], [0, 1, 2, 3, 4, 5, 6, 7], [0, 1, 2, 3, 4, 5, 6, 7], [0, 1, 2, 3, 4, 5, 6, 7], [0, 1, 2, 3, 4, 5, 6, 7], [0, 1, 2, 3, 4, 5, 6, 7], [0, 1, 2, 3, 4, 5, 6, 7], [0, 1, 2, 3, 4, 5, 6, 7], [0, 1, 2, 3, 4, 5, 6, 7], [0, 1, 2, 3, 4, 5, 6, 7], [0, 1, 2, 3, 4, 5, 6, 7], [0, 1, 2, 3, 4, 5, 6, 7], [0, 1, 2, 3, 4, 5, 6, 7], [0, 1, 2, 3, 4, 5, 6, 7], [0, 1, 2, 3, 4, 5, 6, 7], [0, 1, 2, 3, 4, 5, 6, 7], [0, 1, 2, 3, 4, 5, 6, 7], [0, 1, 2, 3, 4, 5, 6, 7], [0, 1, 2, 3, 4, 5, 6, 7], [0, 1, 2, 3, 4, 5, 6, 7], [0, 1, 2, 3, 4, 5, 6, 7], [0, 1, 2, 3, 4, 5, 6, 7], [0, 1, 2, 3, 4, 5, 6, 7], [0, 1, 2, 3, 4, 5, 6, 7], [0, 1, 2, 3, 4, 5, 6, 7], [0, 1, 2, 3, 4, 5, 6, 7], [0, 1, 2, 3, 4, 5, 6, 7], [0, 1, 2, 3, 4, 5, 6, 7]]",sidecar,True,morton,0
gqa,fullload,FullLoad,1.0,full,n281241,20427461,Is the jacket the same color as the dress shirt?,Yes,"[""yes""]",1.0,3869,2,morton,0,fullload,,348.27730408869684,,,563.744893996045,568.3996509760618,19.800069043412805,588.1997200194746,1132462080,2176,64,,521.8581636436284,,,1.0,1.0,null,0.0,,1132462080,0,64,0,1132462080,17694720.0,17694720.0,0.0,,,,,null,,,,0
gqa,layout_prefix_chunk,Layout+Prefix,0.25,chunk,n281241,20427461,Is the jacket the same color as the dress shirt?,"The man in the foreground is wearing a suit and tie, while the","[""yes""]",0.0,450,16,morton,0,prefix,0.23362389765679836,151.27394476439804,48.743298975750804,230.12966907117516,34.670509048737586,264.84187005553395,278.9404810173437,543.7823510728776,293601280,512,65,175.7467760471627,0.0,8.0,34,0.23529411764705882,0.25925925925925924,"[0.25925925925925924, 0.25925925925925924, 0.25925925925925924, 0.25925925925925924, 0.25925925925925924, 0.25925925925925924, 0.25925925925925924, 0.25925925925925924, 0.25925925925925924, 0.25925925925925924, 0.25925925925925924, 0.25925925925925924, 0.25925925925925924, 0.25925925925925924, 0.25925925925925924, 0.25925925925925924, 0.25925925925925924, 0.25925925925925924, 0.25925925925925924, 0.25925925925925924, 0.25925925925925924, 0.25925925925925924, 0.25925925925925924, 0.25925925925925924, 0.25925925925925924, 0.25925925925925924, 0.25925925925925924, 0.25925925925925924, 0.25925925925925924, 0.25925925925925924, 0.25925925925925924, 0.25925925925925924]",0.0,256,268435456,25165824,64,1,293601280,4516942.769230769,4194304.0,25165824.0,0,0,0,prefix,"[[0, 1, 2, 3, 4, 5, 6, 7], [0, 1, 2, 3, 4, 5, 6, 7], [0, 1, 2, 3, 4, 5, 6, 7], [0, 1, 2, 3, 4, 5, 6, 7], [0, 1, 2, 3, 4, 5, 6, 7], [0, 1, 2, 3, 4, 5, 6, 7], [0, 1, 2, 3, 4, 5, 6, 7], [0, 1, 2, 3, 4, 5, 6, 7], [0, 1, 2, 3, 4, 5, 6, 7], [0, 1, 2, 3, 4, 5, 6, 7], [0, 1, 2, 3, 4, 5, 6, 7], [0, 1, 2, 3, 4, 5, 6, 7], [0, 1, 2, 3, 4, 5, 6, 7], [0, 1, 2, 3, 4, 5, 6, 7], [0, 1, 2, 3, 4, 5, 6, 7], [0, 1, 2, 3, 4, 5, 6, 7], [0, 1, 2, 3, 4, 5, 6, 7], [0, 1, 2, 3, 4, 5, 6, 7], [0, 1, 2, 3, 4, 5, 6, 7], [0, 1, 2, 3, 4, 5, 6, 7], [0, 1, 2, 3, 4, 5, 6, 7], [0, 1, 2, 3, 4, 5, 6, 7], [0, 1, 2, 3, 4, 5, 6, 7], [0, 1, 2, 3, 4, 5, 6, 7], [0, 1, 2, 3, 4, 5, 6, 7], [0, 1, 2, 3, 4, 5, 6, 7], [0, 1, 2, 3, 4, 5, 6, 7], [0, 1, 2, 3, 4, 5, 6, 7], [0, 1, 2, 3, 4, 5, 6, 7], [0, 1, 2, 3, 4, 5, 6, 7], [0, 1, 2, 3, 4, 5, 6, 7], [0, 1, 2, 3, 4, 5, 6, 7]]",sidecar,True,morton,0
gqa,fullload,FullLoad,1.0,full,n281241,20427673,Who is wearing a shirt?,Man,"[""gentleman""]",0.0,2315,2,morton,0,fullload,,441.52859959285706,,,772.3735100589693,777.0271030021831,18.817071919329464,795.8441749215126,1132462080,2176,64,,726.8939799396321,,,1.0,1.0,null,0.0,,1132462080,0,64,0,1132462080,17694720.0,17694720.0,0.0,,,,,null,,,,0
gqa,layout_prefix_chunk,Layout+Prefix,0.25,chunk,n281241,20427673,Who is wearing a shirt?,"The man on the left is wearing a suit and tie, and the man","[""gentleman""]",0.0,450,16,morton,0,prefix,0.24084653705358505,169.20558759011328,54.77660475298762,267.69781298935413,52.39088798407465,320.1527890050784,269.76303197443485,589.9158209795132,293601280,512,65,204.18626093305647,0.0,8.0,34,0.23529411764705882,0.25925925925925924,"[0.25925925925925924, 0.25925925925925924, 0.25925925925925924, 0.25925925925925924, 0.25925925925925924, 0.25925925925925924, 0.25925925925925924, 0.25925925925925924, 0.25925925925925924, 0.25925925925925924, 0.25925925925925924, 0.25925925925925924, 0.25925925925925924, 0.25925925925925924, 0.25925925925925924, 0.25925925925925924, 0.25925925925925924, 0.25925925925925924, 0.25925925925925924, 0.25925925925925924, 0.25925925925925924, 0.25925925925925924, 0.25925925925925924, 0.25925925925925924, 0.25925925925925924, 0.25925925925925924, 0.25925925925925924, 0.25925925925925924, 0.25925925925925924, 0.25925925925925924, 0.25925925925925924, 0.25925925925925924]",0.0,256,268435456,25165824,64,1,293601280,4516942.769230769,4194304.0,25165824.0,0,0,0,prefix,"[[0, 1, 2, 3, 4, 5, 6, 7], [0, 1, 2, 3, 4, 5, 6, 7], [0, 1, 2, 3, 4, 5, 6, 7], [0, 1, 2, 3, 4, 5, 6, 7], [0, 1, 2, 3, 4, 5, 6, 7], [0, 1, 2, 3, 4, 5, 6, 7], [0, 1, 2, 3, 4, 5, 6, 7], [0, 1, 2, 3, 4, 5, 6, 7], [0, 1, 2, 3, 4, 5, 6, 7], [0, 1, 2, 3, 4, 5, 6, 7], [0, 1, 2, 3, 4, 5, 6, 7], [0, 1, 2, 3, 4, 5, 6, 7], [0, 1, 2, 3, 4, 5, 6, 7], [0, 1, 2, 3, 4, 5, 6, 7], [0, 1, 2, 3, 4, 5, 6, 7], [0, 1, 2, 3, 4, 5, 6, 7], [0, 1, 2, 3, 4, 5, 6, 7], [0, 1, 2, 3, 4, 5, 6, 7], [0, 1, 2, 3, 4, 5, 6, 7], [0, 1, 2, 3, 4, 5, 6, 7], [0, 1, 2, 3, 4, 5, 6, 7], [0, 1, 2, 3, 4, 5, 6, 7], [0, 1, 2, 3, 4, 5, 6, 7], [0, 1, 2, 3, 4, 5, 6, 7], [0, 1, 2, 3, 4, 5, 6, 7], [0, 1, 2, 3, 4, 5, 6, 7], [0, 1, 2, 3, 4, 5, 6, 7], [0, 1, 2, 3, 4, 5, 6, 7], [0, 1, 2, 3, 4, 5, 6, 7], [0, 1, 2, 3, 4, 5, 6, 7], [0, 1, 2, 3, 4, 5, 6, 7], [0, 1, 2, 3, 4, 5, 6, 7]]",sidecar,True,morton,0
gqa,fullload,FullLoad,1.0,full,n281241,20427674,Who is wearing the shirt?,Man,"[""gentleman""]",0.0,2315,2,morton,0,fullload,,426.3330679386854,,,702.7651779353619,707.3905109427869,19.05084098689258,726.4413519296795,1132462080,2176,64,,642.9306821664795,,,1.0,1.0,null,0.0,,1132462080,0,64,0,1132462080,17694720.0,17694720.0,0.0,,,,,null,,,,0
gqa,layout_prefix_chunk,Layout+Prefix,0.25,chunk,n281241,20427674,Who is wearing the shirt?,"The man in the foreground is wearing a suit and tie, and he","[""gentleman""]",0.0,450,16,morton,0,prefix,0.2375338226556778,187.7209241501987,52.90245788637549,274.379969923757,41.20270593557507,315.6482599442825,274.4531340431422,590.1013939874247,293601280,512,65,215.65761091187596,0.0,8.0,34,0.23529411764705882,0.25925925925925924,"[0.25925925925925924, 0.25925925925925924, 0.25925925925925924, 0.25925925925925924, 0.25925925925925924, 0.25925925925925924, 0.25925925925925924, 0.25925925925925924, 0.25925925925925924, 0.25925925925925924, 0.25925925925925924, 0.25925925925925924, 0.25925925925925924, 0.25925925925925924, 0.25925925925925924, 0.25925925925925924, 0.25925925925925924, 0.25925925925925924, 0.25925925925925924, 0.25925925925925924, 0.25925925925925924, 0.25925925925925924, 0.25925925925925924, 0.25925925925925924, 0.25925925925925924, 0.25925925925925924, 0.25925925925925924, 0.25925925925925924, 0.25925925925925924, 0.25925925925925924, 0.25925925925925924, 0.25925925925925924]",0.0,256,268435456,25165824,64,1,293601280,4516942.769230769,4194304.0,25165824.0,0,0,0,prefix,"[[0, 1, 2, 3, 4, 5, 6, 7], [0, 1, 2, 3, 4, 5, 6, 7], [0, 1, 2, 3, 4, 5, 6, 7], [0, 1, 2, 3, 4, 5, 6, 7], [0, 1, 2, 3, 4, 5, 6, 7], [0, 1, 2, 3, 4, 5, 6, 7], [0, 1, 2, 3, 4, 5, 6, 7], [0, 1, 2, 3, 4, 5, 6, 7], [0, 1, 2, 3, 4, 5, 6, 7], [0, 1, 2, 3, 4, 5, 6, 7], [0, 1, 2, 3, 4, 5, 6, 7], [0, 1, 2, 3, 4, 5, 6, 7], [0, 1, 2, 3, 4, 5, 6, 7], [0, 1, 2, 3, 4, 5, 6, 7], [0, 1, 2, 3, 4, 5, 6, 7], [0, 1, 2, 3, 4, 5, 6, 7], [0, 1, 2, 3, 4, 5, 6, 7], [0, 1, 2, 3, 4, 5, 6, 7], [0, 1, 2, 3, 4, 5, 6, 7], [0, 1, 2, 3, 4, 5, 6, 7], [0, 1, 2, 3, 4, 5, 6, 7], [0, 1, 2, 3, 4, 5, 6, 7], [0, 1, 2, 3, 4, 5, 6, 7], [0, 1, 2, 3, 4, 5, 6, 7], [0, 1, 2, 3, 4, 5, 6, 7], [0, 1, 2, 3, 4, 5, 6, 7], [0, 1, 2, 3, 4, 5, 6, 7], [0, 1, 2, 3, 4, 5, 6, 7], [0, 1, 2, 3, 4, 5, 6, 7], [0, 1, 2, 3, 4, 5, 6, 7], [0, 1, 2, 3, 4, 5, 6, 7], [0, 1, 2, 3, 4, 5, 6, 7]]",sidecar,True,morton,0
gqa,fullload,FullLoad,1.0,full,n90294,20385685,Is the laptop near the charger modern and black?,No,"[""no""]",1.0,1939,2,morton,0,fullload,,536.8317851098254,,,905.0265660043806,909.9814979126677,19.067078013904393,929.0485759265721,1226833920,2368,64,,857.8656442696229,,,1.0,1.0,null,0.0,,1226833920,0,64,0,1226833920,19169280.0,19169280.0,0.0,,,,,null,,,,0
gqa,layout_prefix_chunk,Layout+Prefix,0.25,chunk,n90294,20385685,Is the laptop near the charger modern and black?,The image shows a collection of items laid out on a surface. From left to,"[""no""]",0.0,450,16,morton,0,prefix,0.22538495250046253,174.29950984660536,51.58019217196852,261.5400080103427,63.14062396995723,324.7476880205795,272.3788779694587,597.1265659900382,320864256,576,65,204.11399297881871,0.0,9.0,37,0.24324324324324326,0.26153846153846155,"[0.26153846153846155, 0.26153846153846155, 0.26153846153846155, 0.26153846153846155, 0.26153846153846155, 0.26153846153846155, 0.26153846153846155, 0.26153846153846155, 0.26153846153846155, 0.26153846153846155, 0.26153846153846155, 0.26153846153846155, 0.26153846153846155, 0.26153846153846155, 0.26153846153846155, 0.26153846153846155, 0.26153846153846155, 0.26153846153846155, 0.26153846153846155, 0.26153846153846155, 0.26153846153846155, 0.26153846153846155, 0.26153846153846155, 0.26153846153846155, 0.26153846153846155, 0.26153846153846155, 0.26153846153846155, 0.26153846153846155, 0.26153846153846155, 0.26153846153846155, 0.26153846153846155, 0.26153846153846155]",0.0,288,301989888,18874368,64,1,320864256,4936373.169230769,4718592.0,18874368.0,0,0,0,prefix,"[[0, 1, 2, 3, 4, 5, 6, 7, 8], [0, 1, 2, 3, 4, 5, 6, 7, 8], [0, 1, 2, 3, 4, 5, 6, 7, 8], [0, 1, 2, 3, 4, 5, 6, 7, 8], [0, 1, 2, 3, 4, 5, 6, 7, 8], [0, 1, 2, 3, 4, 5, 6, 7, 8], [0, 1, 2, 3, 4, 5, 6, 7, 8], [0, 1, 2, 3, 4, 5, 6, 7, 8], [0, 1, 2, 3, 4, 5, 6, 7, 8], [0, 1, 2, 3, 4, 5, 6, 7, 8], [0, 1, 2, 3, 4, 5, 6, 7, 8], [0, 1, 2, 3, 4, 5, 6, 7, 8], [0, 1, 2, 3, 4, 5, 6, 7, 8], [0, 1, 2, 3, 4, 5, 6, 7, 8], [0, 1, 2, 3, 4, 5, 6, 7, 8], [0, 1, 2, 3, 4, 5, 6, 7, 8], [0, 1, 2, 3, 4, 5, 6, 7, 8], [0, 1, 2, 3, 4, 5, 6, 7, 8], [0, 1, 2, 3, 4, 5, 6, 7, 8], [0, 1, 2, 3, 4, 5, 6, 7, 8], [0, 1, 2, 3, 4, 5, 6, 7, 8], [0, 1, 2, 3, 4, 5, 6, 7, 8], [0, 1, 2, 3, 4, 5, 6, 7, 8], [0, 1, 2, 3, 4, 5, 6, 7, 8], [0, 1, 2, 3, 4, 5, 6, 7, 8], [0, 1, 2, 3, 4, 5, 6, 7, 8], [0, 1, 2, 3, 4, 5, 6, 7, 8], [0, 1, 2, 3, 4, 5, 6, 7, 8], [0, 1, 2, 3, 4, 5, 6, 7, 8], [0, 1, 2, 3, 4, 5, 6, 7, 8], [0, 1, 2, 3, 4, 5, 6, 7, 8], [0, 1, 2, 3, 4, 5, 6, 7, 8]]",sidecar,True,morton,0
gqa,fullload,FullLoad,1.0,full,n90294,20385575,Is the remote to the right or to the left of the book?,Left,"[""right""]",0.0,19941,2,morton,0,fullload,,491.24570505227894,,,846.0745310876518,850.8815719978884,19.900796934962273,870.7823689328507,1226833920,2368,64,,802.9289232799783,,,1.0,1.0,null,0.0,,1226833920,0,64,0,1226833920,19169280.0,19169280.0,0.0,,,,,null,,,,0
gqa,layout_prefix_chunk,Layout+Prefix,0.25,chunk,n90294,20385575,Is the remote to the right or to the left of the book?,The image shows a collection of items laid out on the ground. From left to,"[""right""]",0.0,450,16,morton,0,prefix,0.17815723549574614,146.9190315110609,43.204909889027476,220.06263094954193,36.053481977432966,256.15919497795403,275.1048280624673,531.2640230404213,320864256,576,65,171.1657887790352,0.0,9.0,37,0.24324324324324326,0.26153846153846155,"[0.26153846153846155, 0.26153846153846155, 0.26153846153846155, 0.26153846153846155, 0.26153846153846155, 0.26153846153846155, 0.26153846153846155, 0.26153846153846155, 0.26153846153846155, 0.26153846153846155, 0.26153846153846155, 0.26153846153846155, 0.26153846153846155, 0.26153846153846155, 0.26153846153846155, 0.26153846153846155, 0.26153846153846155, 0.26153846153846155, 0.26153846153846155, 0.26153846153846155, 0.26153846153846155, 0.26153846153846155, 0.26153846153846155, 0.26153846153846155, 0.26153846153846155, 0.26153846153846155, 0.26153846153846155, 0.26153846153846155, 0.26153846153846155, 0.26153846153846155, 0.26153846153846155, 0.26153846153846155]",0.0,288,301989888,18874368,64,1,320864256,4936373.169230769,4718592.0,18874368.0,0,0,0,prefix,"[[0, 1, 2, 3, 4, 5, 6, 7, 8], [0, 1, 2, 3, 4, 5, 6, 7, 8], [0, 1, 2, 3, 4, 5, 6, 7, 8], [0, 1, 2, 3, 4, 5, 6, 7, 8], [0, 1, 2, 3, 4, 5, 6, 7, 8], [0, 1, 2, 3, 4, 5, 6, 7, 8], [0, 1, 2, 3, 4, 5, 6, 7, 8], [0, 1, 2, 3, 4, 5, 6, 7, 8], [0, 1, 2, 3, 4, 5, 6, 7, 8], [0, 1, 2, 3, 4, 5, 6, 7, 8], [0, 1, 2, 3, 4, 5, 6, 7, 8], [0, 1, 2, 3, 4, 5, 6, 7, 8], [0, 1, 2, 3, 4, 5, 6, 7, 8], [0, 1, 2, 3, 4, 5, 6, 7, 8], [0, 1, 2, 3, 4, 5, 6, 7, 8], [0, 1, 2, 3, 4, 5, 6, 7, 8], [0, 1, 2, 3, 4, 5, 6, 7, 8], [0, 1, 2, 3, 4, 5, 6, 7, 8], [0, 1, 2, 3, 4, 5, 6, 7, 8], [0, 1, 2, 3, 4, 5, 6, 7, 8], [0, 1, 2, 3, 4, 5, 6, 7, 8], [0, 1, 2, 3, 4, 5, 6, 7, 8], [0, 1, 2, 3, 4, 5, 6, 7, 8], [0, 1, 2, 3, 4, 5, 6, 7, 8], [0, 1, 2, 3, 4, 5, 6, 7, 8], [0, 1, 2, 3, 4, 5, 6, 7, 8], [0, 1, 2, 3, 4, 5, 6, 7, 8], [0, 1, 2, 3, 4, 5, 6, 7, 8], [0, 1, 2, 3, 4, 5, 6, 7, 8], [0, 1, 2, 3, 4, 5, 6, 7, 8], [0, 1, 2, 3, 4, 5, 6, 7, 8], [0, 1, 2, 3, 4, 5, 6, 7, 8]]",sidecar,True,morton,0
gqa,fullload,FullLoad,1.0,full,n90294,20385576,Is there any remote control next to the book?,Yes,"[""yes""]",1.0,3869,2,morton,0,fullload,,597.4309870507568,,,1039.3751038936898,1044.2588679725304,25.008520111441612,1069.267388083972,1226833920,2368,64,,969.268930144608,,,1.0,1.0,null,0.0,,1226833920,0,64,0,1226833920,19169280.0,19169280.0,0.0,,,,,null,,,,0
gqa,layout_prefix_chunk,Layout+Prefix,0.25,chunk,n90294,20385576,Is there any remote control next to the book?,The image shows a collection of items laid out on the ground. From left to,"[""yes""]",0.0,450,16,morton,0,prefix,0.2325586974620819,150.35929810255766,47.28239984251559,230.73311999905854,35.76984291430563,266.5462209843099,270.4463819973171,536.992602981627,320864256,576,65,177.46959312353283,0.0,9.0,37,0.24324324324324326,0.26153846153846155,"[0.26153846153846155, 0.26153846153846155, 0.26153846153846155, 0.26153846153846155, 0.26153846153846155, 0.26153846153846155, 0.26153846153846155, 0.26153846153846155, 0.26153846153846155, 0.26153846153846155, 0.26153846153846155, 0.26153846153846155, 0.26153846153846155, 0.26153846153846155, 0.26153846153846155, 0.26153846153846155, 0.26153846153846155, 0.26153846153846155, 0.26153846153846155, 0.26153846153846155, 0.26153846153846155, 0.26153846153846155, 0.26153846153846155, 0.26153846153846155, 0.26153846153846155, 0.26153846153846155, 0.26153846153846155, 0.26153846153846155, 0.26153846153846155, 0.26153846153846155, 0.26153846153846155, 0.26153846153846155]",0.0,288,301989888,18874368,64,1,320864256,4936373.169230769,4718592.0,18874368.0,0,0,0,prefix,"[[0, 1, 2, 3, 4, 5, 6, 7, 8], [0, 1, 2, 3, 4, 5, 6, 7, 8], [0, 1, 2, 3, 4, 5, 6, 7, 8], [0, 1, 2, 3, 4, 5, 6, 7, 8], [0, 1, 2, 3, 4, 5, 6, 7, 8], [0, 1, 2, 3, 4, 5, 6, 7, 8], [0, 1, 2, 3, 4, 5, 6, 7, 8], [0, 1, 2, 3, 4, 5, 6, 7, 8], [0, 1, 2, 3, 4, 5, 6, 7, 8], [0, 1, 2, 3, 4, 5, 6, 7, 8], [0, 1, 2, 3, 4, 5, 6, 7, 8], [0, 1, 2, 3, 4, 5, 6, 7, 8], [0, 1, 2, 3, 4, 5, 6, 7, 8], [0, 1, 2, 3, 4, 5, 6, 7, 8], [0, 1, 2, 3, 4, 5, 6, 7, 8], [0, 1, 2, 3, 4, 5, 6, 7, 8], [0, 1, 2, 3, 4, 5, 6, 7, 8], [0, 1, 2, 3, 4, 5, 6, 7, 8], [0, 1, 2, 3, 4, 5, 6, 7, 8], [0, 1, 2, 3, 4, 5, 6, 7, 8], [0, 1, 2, 3, 4, 5, 6, 7, 8], [0, 1, 2, 3, 4, 5, 6, 7, 8], [0, 1, 2, 3, 4, 5, 6, 7, 8], [0, 1, 2, 3, 4, 5, 6, 7, 8], [0, 1, 2, 3, 4, 5, 6, 7, 8], [0, 1, 2, 3, 4, 5, 6, 7, 8], [0, 1, 2, 3, 4, 5, 6, 7, 8], [0, 1, 2, 3, 4, 5, 6, 7, 8], [0, 1, 2, 3, 4, 5, 6, 7, 8], [0, 1, 2, 3, 4, 5, 6, 7, 8], [0, 1, 2, 3, 4, 5, 6, 7, 8], [0, 1, 2, 3, 4, 5, 6, 7, 8]]",sidecar,True,morton,0
gqa,fullload,FullLoad,1.0,full,n90294,20385794,Is the white bag made of cloth or leather?,Cloth,"[""cloth""]",1.0,2233,3,morton,0,fullload,,566.9053853489459,,,939.8907580180094,944.770046044141,37.17307199258357,981.9431180367246,1226833920,2368,64,,894.2999651189893,,,1.0,1.0,null,0.0,,1226833920,0,64,0,1226833920,19169280.0,19169280.0,0.0,,,,,null,,,,0
gqa,layout_prefix_chunk,Layout+Prefix,0.25,chunk,n90294,20385794,Is the white bag made of cloth or leather?,The image shows a collection of items laid out on a surface. From left to,"[""cloth""]",0.0,450,16,morton,0,prefix,0.27776160277426243,247.4697781726718,58.19517432246357,346.1549690691754,51.38396704569459,397.5861540529877,271.5992849553004,669.1854390082881,320864256,576,65,281.7627120530233,0.0,9.0,37,0.24324324324324326,0.26153846153846155,"[0.26153846153846155, 0.26153846153846155, 0.26153846153846155, 0.26153846153846155, 0.26153846153846155, 0.26153846153846155, 0.26153846153846155, 0.26153846153846155, 0.26153846153846155, 0.26153846153846155, 0.26153846153846155, 0.26153846153846155, 0.26153846153846155, 0.26153846153846155, 0.26153846153846155, 0.26153846153846155, 0.26153846153846155, 0.26153846153846155, 0.26153846153846155, 0.26153846153846155, 0.26153846153846155, 0.26153846153846155, 0.26153846153846155, 0.26153846153846155, 0.26153846153846155, 0.26153846153846155, 0.26153846153846155, 0.26153846153846155, 0.26153846153846155, 0.26153846153846155, 0.26153846153846155, 0.26153846153846155]",0.0,288,301989888,18874368,64,1,320864256,4936373.169230769,4718592.0,18874368.0,0,0,0,prefix,"[[0, 1, 2, 3, 4, 5, 6, 7, 8], [0, 1, 2, 3, 4, 5, 6, 7, 8], [0, 1, 2, 3, 4, 5, 6, 7, 8], [0, 1, 2, 3, 4, 5, 6, 7, 8], [0, 1, 2, 3, 4, 5, 6, 7, 8], [0, 1, 2, 3, 4, 5, 6, 7, 8], [0, 1, 2, 3, 4, 5, 6, 7, 8], [0, 1, 2, 3, 4, 5, 6, 7, 8], [0, 1, 2, 3, 4, 5, 6, 7, 8], [0, 1, 2, 3, 4, 5, 6, 7, 8], [0, 1, 2, 3, 4, 5, 6, 7, 8], [0, 1, 2, 3, 4, 5, 6, 7, 8], [0, 1, 2, 3, 4, 5, 6, 7, 8], [0, 1, 2, 3, 4, 5, 6, 7, 8], [0, 1, 2, 3, 4, 5, 6, 7, 8], [0, 1, 2, 3, 4, 5, 6, 7, 8], [0, 1, 2, 3, 4, 5, 6, 7, 8], [0, 1, 2, 3, 4, 5, 6, 7, 8], [0, 1, 2, 3, 4, 5, 6, 7, 8], [0, 1, 2, 3, 4, 5, 6, 7, 8], [0, 1, 2, 3, 4, 5, 6, 7, 8], [0, 1, 2, 3, 4, 5, 6, 7, 8], [0, 1, 2, 3, 4, 5, 6, 7, 8], [0, 1, 2, 3, 4, 5, 6, 7, 8], [0, 1, 2, 3, 4, 5, 6, 7, 8], [0, 1, 2, 3, 4, 5, 6, 7, 8], [0, 1, 2, 3, 4, 5, 6, 7, 8], [0, 1, 2, 3, 4, 5, 6, 7, 8], [0, 1, 2, 3, 4, 5, 6, 7, 8], [0, 1, 2, 3, 4, 5, 6, 7, 8], [0, 1, 2, 3, 4, 5, 6, 7, 8], [0, 1, 2, 3, 4, 5, 6, 7, 8]]",sidecar,True,morton,0
gqa,fullload,FullLoad,1.0,full,n90294,20385226,Does the book have the same color as the charger?,No,"[""yes""]",0.0,1939,2,morton,0,fullload,,419.40155252814293,,,663.7120480882004,668.6123850522563,19.67925892677158,688.2916439790279,1226833920,2368,64,,615.4434749623761,,,1.0,1.0,null,0.0,,1226833920,0,64,0,1226833920,19169280.0,19169280.0,0.0,,,,,null,,,,0
gqa,layout_prefix_chunk,Layout+Prefix,0.25,chunk,n90294,20385226,Does the book have the same color as the charger?,"The image shows a collection of items laid out on a surface, which appears to","[""yes""]",0.0,450,16,morton,0,prefix,0.23078545928001404,158.07117789518088,51.69136787299067,243.09772404376417,48.90920000616461,292.071697069332,271.77591098006815,563.8476080494002,320864256,576,65,185.50716631580144,0.0,9.0,37,0.24324324324324326,0.26153846153846155,"[0.26153846153846155, 0.26153846153846155, 0.26153846153846155, 0.26153846153846155, 0.26153846153846155, 0.26153846153846155, 0.26153846153846155, 0.26153846153846155, 0.26153846153846155, 0.26153846153846155, 0.26153846153846155, 0.26153846153846155, 0.26153846153846155, 0.26153846153846155, 0.26153846153846155, 0.26153846153846155, 0.26153846153846155, 0.26153846153846155, 0.26153846153846155, 0.26153846153846155, 0.26153846153846155, 0.26153846153846155, 0.26153846153846155, 0.26153846153846155, 0.26153846153846155, 0.26153846153846155, 0.26153846153846155, 0.26153846153846155, 0.26153846153846155, 0.26153846153846155, 0.26153846153846155, 0.26153846153846155]",0.0,288,301989888,18874368,64,1,320864256,4936373.169230769,4718592.0,18874368.0,0,0,0,prefix,"[[0, 1, 2, 3, 4, 5, 6, 7, 8], [0, 1, 2, 3, 4, 5, 6, 7, 8], [0, 1, 2, 3, 4, 5, 6, 7, 8], [0, 1, 2, 3, 4, 5, 6, 7, 8], [0, 1, 2, 3, 4, 5, 6, 7, 8], [0, 1, 2, 3, 4, 5, 6, 7, 8], [0, 1, 2, 3, 4, 5, 6, 7, 8], [0, 1, 2, 3, 4, 5, 6, 7, 8], [0, 1, 2, 3, 4, 5, 6, 7, 8], [0, 1, 2, 3, 4, 5, 6, 7, 8], [0, 1, 2, 3, 4, 5, 6, 7, 8], [0, 1, 2, 3, 4, 5, 6, 7, 8], [0, 1, 2, 3, 4, 5, 6, 7, 8], [0, 1, 2, 3, 4, 5, 6, 7, 8], [0, 1, 2, 3, 4, 5, 6, 7, 8], [0, 1, 2, 3, 4, 5, 6, 7, 8], [0, 1, 2, 3, 4, 5, 6, 7, 8], [0, 1, 2, 3, 4, 5, 6, 7, 8], [0, 1, 2, 3, 4, 5, 6, 7, 8], [0, 1, 2, 3, 4, 5, 6, 7, 8], [0, 1, 2, 3, 4, 5, 6, 7, 8], [0, 1, 2, 3, 4, 5, 6, 7, 8], [0, 1, 2, 3, 4, 5, 6, 7, 8], [0, 1, 2, 3, 4, 5, 6, 7, 8], [0, 1, 2, 3, 4, 5, 6, 7, 8], [0, 1, 2, 3, 4, 5, 6, 7, 8], [0, 1, 2, 3, 4, 5, 6, 7, 8], [0, 1, 2, 3, 4, 5, 6, 7, 8], [0, 1, 2, 3, 4, 5, 6, 7, 8], [0, 1, 2, 3, 4, 5, 6, 7, 8], [0, 1, 2, 3, 4, 5, 6, 7, 8], [0, 1, 2, 3, 4, 5, 6, 7, 8]]",sidecar,True,morton,0
gqa,fullload,FullLoad,1.0,full,n90294,20385928,Are both the charger and the calculator made of plastic?,Yes,"[""yes""]",1.0,3869,2,morton,0,fullload,,505.3011361742392,,,867.0324470149353,871.9426080351695,19.26409697625786,891.2067050114274,1226833920,2368,64,,822.8350050048903,,,1.0,1.0,null,0.0,,1226833920,0,64,0,1226833920,19169280.0,19169280.0,0.0,,,,,null,,,,0
gqa,layout_prefix_chunk,Layout+Prefix,0.25,chunk,n90294,20385928,Are both the charger and the calculator made of plastic?,"The image shows a collection of items laid out on a surface, which appears to","[""yes""]",0.0,450,16,morton,0,prefix,0.25341950822621584,166.94912291131914,55.23498263210058,260.68836299236864,44.930449104867876,305.68195902742445,277.2824768908322,582.9644359182566,320864256,576,65,199.35822417028248,0.0,9.0,37,0.24324324324324326,0.26153846153846155,"[0.26153846153846155, 0.26153846153846155, 0.26153846153846155, 0.26153846153846155, 0.26153846153846155, 0.26153846153846155, 0.26153846153846155, 0.26153846153846155, 0.26153846153846155, 0.26153846153846155, 0.26153846153846155, 0.26153846153846155, 0.26153846153846155, 0.26153846153846155, 0.26153846153846155, 0.26153846153846155, 0.26153846153846155, 0.26153846153846155, 0.26153846153846155, 0.26153846153846155, 0.26153846153846155, 0.26153846153846155, 0.26153846153846155, 0.26153846153846155, 0.26153846153846155, 0.26153846153846155, 0.26153846153846155, 0.26153846153846155, 0.26153846153846155, 0.26153846153846155, 0.26153846153846155, 0.26153846153846155]",0.0,288,301989888,18874368,64,1,320864256,4936373.169230769,4718592.0,18874368.0,0,0,0,prefix,"[[0, 1, 2, 3, 4, 5, 6, 7, 8], [0, 1, 2, 3, 4, 5, 6, 7, 8], [0, 1, 2, 3, 4, 5, 6, 7, 8], [0, 1, 2, 3, 4, 5, 6, 7, 8], [0, 1, 2, 3, 4, 5, 6, 7, 8], [0, 1, 2, 3, 4, 5, 6, 7, 8], [0, 1, 2, 3, 4, 5, 6, 7, 8], [0, 1, 2, 3, 4, 5, 6, 7, 8], [0, 1, 2, 3, 4, 5, 6, 7, 8], [0, 1, 2, 3, 4, 5, 6, 7, 8], [0, 1, 2, 3, 4, 5, 6, 7, 8], [0, 1, 2, 3, 4, 5, 6, 7, 8], [0, 1, 2, 3, 4, 5, 6, 7, 8], [0, 1, 2, 3, 4, 5, 6, 7, 8], [0, 1, 2, 3, 4, 5, 6, 7, 8], [0, 1, 2, 3, 4, 5, 6, 7, 8], [0, 1, 2, 3, 4, 5, 6, 7, 8], [0, 1, 2, 3, 4, 5, 6, 7, 8], [0, 1, 2, 3, 4, 5, 6, 7, 8], [0, 1, 2, 3, 4, 5, 6, 7, 8], [0, 1, 2, 3, 4, 5, 6, 7, 8], [0, 1, 2, 3, 4, 5, 6, 7, 8], [0, 1, 2, 3, 4, 5, 6, 7, 8], [0, 1, 2, 3, 4, 5, 6, 7, 8], [0, 1, 2, 3, 4, 5, 6, 7, 8], [0, 1, 2, 3, 4, 5, 6, 7, 8], [0, 1, 2, 3, 4, 5, 6, 7, 8], [0, 1, 2, 3, 4, 5, 6, 7, 8], [0, 1, 2, 3, 4, 5, 6, 7, 8], [0, 1, 2, 3, 4, 5, 6, 7, 8], [0, 1, 2, 3, 4, 5, 6, 7, 8], [0, 1, 2, 3, 4, 5, 6, 7, 8]]",sidecar,True,morton,0
gqa,fullload,FullLoad,1.0,full,n16425,20342389,Which color is the bus to the right of the other bus?,White,"[""blue""]",0.0,8037,2,morton,0,fullload,,580.6849852669984,,,950.8263079915196,955.8350390288979,19.271680968813598,975.1067199977115,1278214144,2496,64,,903.587079141289,,,1.0,1.0,null,0.0,,1278214144,0,64,0,1278214144,19972096.0,19972096.0,0.0,,,,,null,,,,0
gqa,layout_prefix_chunk,Layout+Prefix,0.25,chunk,n16425,20342389,Which color is the bus to the right of the other bus?,The image shows a street scene with several buses parked along the side of,"[""blue""]",0.0,450,16,morton,0,prefix,0.2450150204822421,182.32961208559573,51.82856519240886,270.23248199839145,37.731920019723475,308.0075760371983,274.3126379791647,582.320214016363,355467264,640,65,212.32157526537776,0.0,10.0,39,0.2564102564102564,0.2780968006562756,"[0.2780968006562756, 0.2780968006562756, 0.2780968006562756, 0.2780968006562756, 0.2780968006562756, 0.2780968006562756, 0.2780968006562756, 0.2780968006562756, 0.2780968006562756, 0.2780968006562756, 0.2780968006562756, 0.2780968006562756, 0.2780968006562756, 0.2780968006562756, 0.2780968006562756, 0.2780968006562756, 0.2780968006562756, 0.2780968006562756, 0.2780968006562756, 0.2780968006562756, 0.2780968006562756, 0.2780968006562756, 0.2780968006562756, 0.2780968006562756, 0.2780968006562756, 0.2780968006562756, 0.2780968006562756, 0.2780968006562756, 0.2780968006562756, 0.2780968006562756, 0.2780968006562756, 0.2780968006562756]",0.0,320,335544320,19922944,64,1,355467264,5468727.138461539,5242880.0,19922944.0,0,0,0,prefix,"[[0, 1, 2, 3, 4, 5, 6, 7, 8, 9], [0, 1, 2, 3, 4, 5, 6, 7, 8, 9], [0, 1, 2, 3, 4, 5, 6, 7, 8, 9], [0, 1, 2, 3, 4, 5, 6, 7, 8, 9], [0, 1, 2, 3, 4, 5, 6, 7, 8, 9], [0, 1, 2, 3, 4, 5, 6, 7, 8, 9], [0, 1, 2, 3, 4, 5, 6, 7, 8, 9], [0, 1, 2, 3, 4, 5, 6, 7, 8, 9], [0, 1, 2, 3, 4, 5, 6, 7, 8, 9], [0, 1, 2, 3, 4, 5, 6, 7, 8, 9], [0, 1, 2, 3, 4, 5, 6, 7, 8, 9], [0, 1, 2, 3, 4, 5, 6, 7, 8, 9], [0, 1, 2, 3, 4, 5, 6, 7, 8, 9], [0, 1, 2, 3, 4, 5, 6, 7, 8, 9], [0, 1, 2, 3, 4, 5, 6, 7, 8, 9], [0, 1, 2, 3, 4, 5, 6, 7, 8, 9], [0, 1, 2, 3, 4, 5, 6, 7, 8, 9], [0, 1, 2, 3, 4, 5, 6, 7, 8, 9], [0, 1, 2, 3, 4, 5, 6, 7, 8, 9], [0, 1, 2, 3, 4, 5, 6, 7, 8, 9], [0, 1, 2, 3, 4, 5, 6, 7, 8, 9], [0, 1, 2, 3, 4, 5, 6, 7, 8, 9], [0, 1, 2, 3, 4, 5, 6, 7, 8, 9], [0, 1, 2, 3, 4, 5, 6, 7, 8, 9], [0, 1, 2, 3, 4, 5, 6, 7, 8, 9], [0, 1, 2, 3, 4, 5, 6, 7, 8, 9], [0, 1, 2, 3, 4, 5, 6, 7, 8, 9], [0, 1, 2, 3, 4, 5, 6, 7, 8, 9], [0, 1, 2, 3, 4, 5, 6, 7, 8, 9], [0, 1, 2, 3, 4, 5, 6, 7, 8, 9], [0, 1, 2, 3, 4, 5, 6, 7, 8, 9], [0, 1, 2, 3, 4, 5, 6, 7, 8, 9]]",sidecar,True,morton,0
gqa,fullload,FullLoad,1.0,full,n16425,20342508,"What vehicle is the telephone pole behind of, a train or a bus?",Bus,"[""bus""]",1.0,8406,2,morton,0,fullload,,518.5651185456663,,,777.3953240830451,782.309499103576,19.625425920821726,801.9349250243977,1278214144,2496,64,,727.4376933928579,,,1.0,1.0,null,0.0,,1278214144,0,64,0,1278214144,19972096.0,19972096.0,0.0,,,,,null,,,,0
gqa,layout_prefix_chunk,Layout+Prefix,0.25,chunk,n16425,20342508,"What vehicle is the telephone pole behind of, a train or a bus?",The image shows a street scene with several buses parked along the side of,"[""bus""]",0.0,450,16,morton,0,prefix,0.2720330376178026,217.30440959800035,59.619765379466116,315.3300619451329,56.453014025464654,371.8500679824501,268.94073793664575,640.7908059190959,355467264,640,65,249.5315169217065,0.0,10.0,39,0.2564102564102564,0.2780968006562756,"[0.2780968006562756, 0.2780968006562756, 0.2780968006562756, 0.2780968006562756, 0.2780968006562756, 0.2780968006562756, 0.2780968006562756, 0.2780968006562756, 0.2780968006562756, 0.2780968006562756, 0.2780968006562756, 0.2780968006562756, 0.2780968006562756, 0.2780968006562756, 0.2780968006562756, 0.2780968006562756, 0.2780968006562756, 0.2780968006562756, 0.2780968006562756, 0.2780968006562756, 0.2780968006562756, 0.2780968006562756, 0.2780968006562756, 0.2780968006562756, 0.2780968006562756, 0.2780968006562756, 0.2780968006562756, 0.2780968006562756, 0.2780968006562756, 0.2780968006562756, 0.2780968006562756, 0.2780968006562756]",0.0,320,335544320,19922944,64,1,355467264,5468727.138461539,5242880.0,19922944.0,0,0,0,prefix,"[[0, 1, 2, 3, 4, 5, 6, 7, 8, 9], [0, 1, 2, 3, 4, 5, 6, 7, 8, 9], [0, 1, 2, 3, 4, 5, 6, 7, 8, 9], [0, 1, 2, 3, 4, 5, 6, 7, 8, 9], [0, 1, 2, 3, 4, 5, 6, 7, 8, 9], [0, 1, 2, 3, 4, 5, 6, 7, 8, 9], [0, 1, 2, 3, 4, 5, 6, 7, 8, 9], [0, 1, 2, 3, 4, 5, 6, 7, 8, 9], [0, 1, 2, 3, 4, 5, 6, 7, 8, 9], [0, 1, 2, 3, 4, 5, 6, 7, 8, 9], [0, 1, 2, 3, 4, 5, 6, 7, 8, 9], [0, 1, 2, 3, 4, 5, 6, 7, 8, 9], [0, 1, 2, 3, 4, 5, 6, 7, 8, 9], [0, 1, 2, 3, 4, 5, 6, 7, 8, 9], [0, 1, 2, 3, 4, 5, 6, 7, 8, 9], [0, 1, 2, 3, 4, 5, 6, 7, 8, 9], [0, 1, 2, 3, 4, 5, 6, 7, 8, 9], [0, 1, 2, 3, 4, 5, 6, 7, 8, 9], [0, 1, 2, 3, 4, 5, 6, 7, 8, 9], [0, 1, 2, 3, 4, 5, 6, 7, 8, 9], [0, 1, 2, 3, 4, 5, 6, 7, 8, 9], [0, 1, 2, 3, 4, 5, 6, 7, 8, 9], [0, 1, 2, 3, 4, 5, 6, 7, 8, 9], [0, 1, 2, 3, 4, 5, 6, 7, 8, 9], [0, 1, 2, 3, 4, 5, 6, 7, 8, 9], [0, 1, 2, 3, 4, 5, 6, 7, 8, 9], [0, 1, 2, 3, 4, 5, 6, 7, 8, 9], [0, 1, 2, 3, 4, 5, 6, 7, 8, 9], [0, 1, 2, 3, 4, 5, 6, 7, 8, 9], [0, 1, 2, 3, 4, 5, 6, 7, 8, 9], [0, 1, 2, 3, 4, 5, 6, 7, 8, 9], [0, 1, 2, 3, 4, 5, 6, 7, 8, 9]]",sidecar,True,morton,0
gqa,fullload,FullLoad,1.0,full,n16425,20342449,Which kind of vehicle is gold?,Bus,"[""bus""]",1.0,8406,2,morton,0,fullload,,526.0631669079885,,,804.4515149667859,809.4453240046278,19.09653504844755,828.5418590530753,1278214144,2496,64,,752.5418454315513,,,1.0,1.0,null,0.0,,1278214144,0,64,0,1278214144,19972096.0,19972096.0,0.0,,,,,null,,,,0
gqa,layout_prefix_chunk,Layout+Prefix,0.25,chunk,n16425,20342449,Which kind of vehicle is gold?,The image shows a street scene with several buses parked along the side of,"[""bus""]",0.0,450,16,morton,0,prefix,0.2692444249987602,197.6515263086185,58.44200460705906,294.14418805390596,41.68540006503463,335.8949280809611,271.2972779991105,607.1922060800716,355467264,640,65,229.60238484665751,0.0,10.0,39,0.2564102564102564,0.2780968006562756,"[0.2780968006562756, 0.2780968006562756, 0.2780968006562756, 0.2780968006562756, 0.2780968006562756, 0.2780968006562756, 0.2780968006562756, 0.2780968006562756, 0.2780968006562756, 0.2780968006562756, 0.2780968006562756, 0.2780968006562756, 0.2780968006562756, 0.2780968006562756, 0.2780968006562756, 0.2780968006562756, 0.2780968006562756, 0.2780968006562756, 0.2780968006562756, 0.2780968006562756, 0.2780968006562756, 0.2780968006562756, 0.2780968006562756, 0.2780968006562756, 0.2780968006562756, 0.2780968006562756, 0.2780968006562756, 0.2780968006562756, 0.2780968006562756, 0.2780968006562756, 0.2780968006562756, 0.2780968006562756]",0.0,320,335544320,19922944,64,1,355467264,5468727.138461539,5242880.0,19922944.0,0,0,0,prefix,"[[0, 1, 2, 3, 4, 5, 6, 7, 8, 9], [0, 1, 2, 3, 4, 5, 6, 7, 8, 9], [0, 1, 2, 3, 4, 5, 6, 7, 8, 9], [0, 1, 2, 3, 4, 5, 6, 7, 8, 9], [0, 1, 2, 3, 4, 5, 6, 7, 8, 9], [0, 1, 2, 3, 4, 5, 6, 7, 8, 9], [0, 1, 2, 3, 4, 5, 6, 7, 8, 9], [0, 1, 2, 3, 4, 5, 6, 7, 8, 9], [0, 1, 2, 3, 4, 5, 6, 7, 8, 9], [0, 1, 2, 3, 4, 5, 6, 7, 8, 9], [0, 1, 2, 3, 4, 5, 6, 7, 8, 9], [0, 1, 2, 3, 4, 5, 6, 7, 8, 9], [0, 1, 2, 3, 4, 5, 6, 7, 8, 9], [0, 1, 2, 3, 4, 5, 6, 7, 8, 9], [0, 1, 2, 3, 4, 5, 6, 7, 8, 9], [0, 1, 2, 3, 4, 5, 6, 7, 8, 9], [0, 1, 2, 3, 4, 5, 6, 7, 8, 9], [0, 1, 2, 3, 4, 5, 6, 7, 8, 9], [0, 1, 2, 3, 4, 5, 6, 7, 8, 9], [0, 1, 2, 3, 4, 5, 6, 7, 8, 9], [0, 1, 2, 3, 4, 5, 6, 7, 8, 9], [0, 1, 2, 3, 4, 5, 6, 7, 8, 9], [0, 1, 2, 3, 4, 5, 6, 7, 8, 9], [0, 1, 2, 3, 4, 5, 6, 7, 8, 9], [0, 1, 2, 3, 4, 5, 6, 7, 8, 9], [0, 1, 2, 3, 4, 5, 6, 7, 8, 9], [0, 1, 2, 3, 4, 5, 6, 7, 8, 9], [0, 1, 2, 3, 4, 5, 6, 7, 8, 9], [0, 1, 2, 3, 4, 5, 6, 7, 8, 9], [0, 1, 2, 3, 4, 5, 6, 7, 8, 9], [0, 1, 2, 3, 4, 5, 6, 7, 8, 9], [0, 1, 2, 3, 4, 5, 6, 7, 8, 9]]",sidecar,True,morton,0
gqa,fullload,FullLoad,1.0,full,n16425,20342331,On which side is the person?,Left,"[""left""]",1.0,19941,2,morton,0,fullload,,633.670064038597,,,1027.071902062744,1032.084986101836,19.764400902204216,1051.8493870040402,1278214144,2496,64,,975.5978905595839,,,1.0,1.0,null,0.0,,1278214144,0,64,0,1278214144,19972096.0,19972096.0,0.0,,,,,null,,,,0
gqa,layout_prefix_chunk,Layout+Prefix,0.25,chunk,n16425,20342331,On which side is the person?,The image shows a street scene with several buses parked along the side of,"[""left""]",0.0,450,16,morton,0,prefix,0.22360519506037235,166.76659288350493,51.43419618252665,253.28666192945093,34.886774024926126,288.223329000175,272.31343497987837,560.5367639800534,355467264,640,65,195.9147909656167,0.0,10.0,39,0.2564102564102564,0.2780968006562756,"[0.2780968006562756, 0.2780968006562756, 0.2780968006562756, 0.2780968006562756, 0.2780968006562756, 0.2780968006562756, 0.2780968006562756, 0.2780968006562756, 0.2780968006562756, 0.2780968006562756, 0.2780968006562756, 0.2780968006562756, 0.2780968006562756, 0.2780968006562756, 0.2780968006562756, 0.2780968006562756, 0.2780968006562756, 0.2780968006562756, 0.2780968006562756, 0.2780968006562756, 0.2780968006562756, 0.2780968006562756, 0.2780968006562756, 0.2780968006562756, 0.2780968006562756, 0.2780968006562756, 0.2780968006562756, 0.2780968006562756, 0.2780968006562756, 0.2780968006562756, 0.2780968006562756, 0.2780968006562756]",0.0,320,335544320,19922944,64,1,355467264,5468727.138461539,5242880.0,19922944.0,0,0,0,prefix,"[[0, 1, 2, 3, 4, 5, 6, 7, 8, 9], [0, 1, 2, 3, 4, 5, 6, 7, 8, 9], [0, 1, 2, 3, 4, 5, 6, 7, 8, 9], [0, 1, 2, 3, 4, 5, 6, 7, 8, 9], [0, 1, 2, 3, 4, 5, 6, 7, 8, 9], [0, 1, 2, 3, 4, 5, 6, 7, 8, 9], [0, 1, 2, 3, 4, 5, 6, 7, 8, 9], [0, 1, 2, 3, 4, 5, 6, 7, 8, 9], [0, 1, 2, 3, 4, 5, 6, 7, 8, 9], [0, 1, 2, 3, 4, 5, 6, 7, 8, 9], [0, 1, 2, 3, 4, 5, 6, 7, 8, 9], [0, 1, 2, 3, 4, 5, 6, 7, 8, 9], [0, 1, 2, 3, 4, 5, 6, 7, 8, 9], [0, 1, 2, 3, 4, 5, 6, 7, 8, 9], [0, 1, 2, 3, 4, 5, 6, 7, 8, 9], [0, 1, 2, 3, 4, 5, 6, 7, 8, 9], [0, 1, 2, 3, 4, 5, 6, 7, 8, 9], [0, 1, 2, 3, 4, 5, 6, 7, 8, 9], [0, 1, 2, 3, 4, 5, 6, 7, 8, 9], [0, 1, 2, 3, 4, 5, 6, 7, 8, 9], [0, 1, 2, 3, 4, 5, 6, 7, 8, 9], [0, 1, 2, 3, 4, 5, 6, 7, 8, 9], [0, 1, 2, 3, 4, 5, 6, 7, 8, 9], [0, 1, 2, 3, 4, 5, 6, 7, 8, 9], [0, 1, 2, 3, 4, 5, 6, 7, 8, 9], [0, 1, 2, 3, 4, 5, 6, 7, 8, 9], [0, 1, 2, 3, 4, 5, 6, 7, 8, 9], [0, 1, 2, 3, 4, 5, 6, 7, 8, 9], [0, 1, 2, 3, 4, 5, 6, 7, 8, 9], [0, 1, 2, 3, 4, 5, 6, 7, 8, 9], [0, 1, 2, 3, 4, 5, 6, 7, 8, 9], [0, 1, 2, 3, 4, 5, 6, 7, 8, 9]]",sidecar,True,morton,0
gqa,fullload,FullLoad,1.0,full,n16425,20342481,What vehicle is in front of the telephone pole?,Bus,"[""bus""]",1.0,8406,2,morton,0,fullload,,561.8955862009898,,,931.8876570323482,936.9505289942026,18.774013966321945,955.7245429605246,1278214144,2496,64,,885.2982042590156,,,1.0,1.0,null,0.0,,1278214144,0,64,0,1278214144,19972096.0,19972096.0,0.0,,,,,null,,,,0
gqa,layout_prefix_chunk,Layout+Prefix,0.25,chunk,n16425,20342481,What vehicle is in front of the telephone pole?,The image shows a street scene with several buses parked along the side of,"[""bus""]",0.0,450,16,morton,0,prefix,0.2892011543735862,186.2130172085017,61.49308220483363,290.1853279909119,43.21173601783812,333.4699140395969,276.60428802482784,610.0742020644248,355467264,640,65,222.46446390636265,0.0,10.0,39,0.2564102564102564,0.2780968006562756,"[0.2780968006562756, 0.2780968006562756, 0.2780968006562756, 0.2780968006562756, 0.2780968006562756, 0.2780968006562756, 0.2780968006562756, 0.2780968006562756, 0.2780968006562756, 0.2780968006562756, 0.2780968006562756, 0.2780968006562756, 0.2780968006562756, 0.2780968006562756, 0.2780968006562756, 0.2780968006562756, 0.2780968006562756, 0.2780968006562756, 0.2780968006562756, 0.2780968006562756, 0.2780968006562756, 0.2780968006562756, 0.2780968006562756, 0.2780968006562756, 0.2780968006562756, 0.2780968006562756, 0.2780968006562756, 0.2780968006562756, 0.2780968006562756, 0.2780968006562756, 0.2780968006562756, 0.2780968006562756]",0.0,320,335544320,19922944,64,1,355467264,5468727.138461539,5242880.0,19922944.0,0,0,0,prefix,"[[0, 1, 2, 3, 4, 5, 6, 7, 8, 9], [0, 1, 2, 3, 4, 5, 6, 7, 8, 9], [0, 1, 2, 3, 4, 5, 6, 7, 8, 9], [0, 1, 2, 3, 4, 5, 6, 7, 8, 9], [0, 1, 2, 3, 4, 5, 6, 7, 8, 9], [0, 1, 2, 3, 4, 5, 6, 7, 8, 9], [0, 1, 2, 3, 4, 5, 6, 7, 8, 9], [0, 1, 2, 3, 4, 5, 6, 7, 8, 9], [0, 1, 2, 3, 4, 5, 6, 7, 8, 9], [0, 1, 2, 3, 4, 5, 6, 7, 8, 9], [0, 1, 2, 3, 4, 5, 6, 7, 8, 9], [0, 1, 2, 3, 4, 5, 6, 7, 8, 9], [0, 1, 2, 3, 4, 5, 6, 7, 8, 9], [0, 1, 2, 3, 4, 5, 6, 7, 8, 9], [0, 1, 2, 3, 4, 5, 6, 7, 8, 9], [0, 1, 2, 3, 4, 5, 6, 7, 8, 9], [0, 1, 2, 3, 4, 5, 6, 7, 8, 9], [0, 1, 2, 3, 4, 5, 6, 7, 8, 9], [0, 1, 2, 3, 4, 5, 6, 7, 8, 9], [0, 1, 2, 3, 4, 5, 6, 7, 8, 9], [0, 1, 2, 3, 4, 5, 6, 7, 8, 9], [0, 1, 2, 3, 4, 5, 6, 7, 8, 9], [0, 1, 2, 3, 4, 5, 6, 7, 8, 9], [0, 1, 2, 3, 4, 5, 6, 7, 8, 9], [0, 1, 2, 3, 4, 5, 6, 7, 8, 9], [0, 1, 2, 3, 4, 5, 6, 7, 8, 9], [0, 1, 2, 3, 4, 5, 6, 7, 8, 9], [0, 1, 2, 3, 4, 5, 6, 7, 8, 9], [0, 1, 2, 3, 4, 5, 6, 7, 8, 9], [0, 1, 2, 3, 4, 5, 6, 7, 8, 9], [0, 1, 2, 3, 4, 5, 6, 7, 8, 9], [0, 1, 2, 3, 4, 5, 6, 7, 8, 9]]",sidecar,True,morton,0
gqa,fullload,FullLoad,1.0,full,n16425,20342394,Is the bus to the right of the other bus red and large?,No,"[""no""]",1.0,1939,2,morton,0,fullload,,519.2114691017196,,,762.8670140402392,767.8306529996917,19.369843997992575,787.2004969976842,1278214144,2496,64,,714.9855536408722,,,1.0,1.0,null,0.0,,1278214144,0,64,0,1278214144,19972096.0,19972096.0,0.0,,,,,null,,,,0
gqa,layout_prefix_chunk,Layout+Prefix,0.25,chunk,n16425,20342394,Is the bus to the right of the other bus red and large?,The image shows a street scene with several buses parked along the side of,"[""no""]",0.0,450,16,morton,0,prefix,0.2719758776947856,176.78218230139464,59.14708087220788,274.54157592728734,41.85737203806639,316.46668701432645,270.18152398522943,586.6482109995559,355467264,640,65,209.2079418944195,0.0,10.0,39,0.2564102564102564,0.2780968006562756,"[0.2780968006562756, 0.2780968006562756, 0.2780968006562756, 0.2780968006562756, 0.2780968006562756, 0.2780968006562756, 0.2780968006562756, 0.2780968006562756, 0.2780968006562756, 0.2780968006562756, 0.2780968006562756, 0.2780968006562756, 0.2780968006562756, 0.2780968006562756, 0.2780968006562756, 0.2780968006562756, 0.2780968006562756, 0.2780968006562756, 0.2780968006562756, 0.2780968006562756, 0.2780968006562756, 0.2780968006562756, 0.2780968006562756, 0.2780968006562756, 0.2780968006562756, 0.2780968006562756, 0.2780968006562756, 0.2780968006562756, 0.2780968006562756, 0.2780968006562756, 0.2780968006562756, 0.2780968006562756]",0.0,320,335544320,19922944,64,1,355467264,5468727.138461539,5242880.0,19922944.0,0,0,0,prefix,"[[0, 1, 2, 3, 4, 5, 6, 7, 8, 9], [0, 1, 2, 3, 4, 5, 6, 7, 8, 9], [0, 1, 2, 3, 4, 5, 6, 7, 8, 9], [0, 1, 2, 3, 4, 5, 6, 7, 8, 9], [0, 1, 2, 3, 4, 5, 6, 7, 8, 9], [0, 1, 2, 3, 4, 5, 6, 7, 8, 9], [0, 1, 2, 3, 4, 5, 6, 7, 8, 9], [0, 1, 2, 3, 4, 5, 6, 7, 8, 9], [0, 1, 2, 3, 4, 5, 6, 7, 8, 9], [0, 1, 2, 3, 4, 5, 6, 7, 8, 9], [0, 1, 2, 3, 4, 5, 6, 7, 8, 9], [0, 1, 2, 3, 4, 5, 6, 7, 8, 9], [0, 1, 2, 3, 4, 5, 6, 7, 8, 9], [0, 1, 2, 3, 4, 5, 6, 7, 8, 9], [0, 1, 2, 3, 4, 5, 6, 7, 8, 9], [0, 1, 2, 3, 4, 5, 6, 7, 8, 9], [0, 1, 2, 3, 4, 5, 6, 7, 8, 9], [0, 1, 2, 3, 4, 5, 6, 7, 8, 9], [0, 1, 2, 3, 4, 5, 6, 7, 8, 9], [0, 1, 2, 3, 4, 5, 6, 7, 8, 9], [0, 1, 2, 3, 4, 5, 6, 7, 8, 9], [0, 1, 2, 3, 4, 5, 6, 7, 8, 9], [0, 1, 2, 3, 4, 5, 6, 7, 8, 9], [0, 1, 2, 3, 4, 5, 6, 7, 8, 9], [0, 1, 2, 3, 4, 5, 6, 7, 8, 9], [0, 1, 2, 3, 4, 5, 6, 7, 8, 9], [0, 1, 2, 3, 4, 5, 6, 7, 8, 9], [0, 1, 2, 3, 4, 5, 6, 7, 8, 9], [0, 1, 2, 3, 4, 5, 6, 7, 8, 9], [0, 1, 2, 3, 4, 5, 6, 7, 8, 9], [0, 1, 2, 3, 4, 5, 6, 7, 8, 9], [0, 1, 2, 3, 4, 5, 6, 7, 8, 9]]",sidecar,True,morton,0
gqa,fullload,FullLoad,1.0,full,n527589,201235880,Who is wearing the earring?,Woman,"[""woman""]",1.0,22712,2,morton,0,fullload,,444.50919376686215,,,681.6634640563279,686.6055770078674,19.260838977061212,705.8664159849286,1226833920,2368,64,,636.5481825778261,,,1.0,1.0,null,0.0,,1226833920,0,64,0,1226833920,19169280.0,19169280.0,0.0,,,,,null,,,,0
gqa,layout_prefix_chunk,Layout+Prefix,0.25,chunk,n527589,201235880,Who is wearing the earring?,"The woman in the foreground is leaning over a basket of bananas,","[""woman""]",1.0,450,16,morton,0,prefix,0.2469499595463276,161.1754581099376,54.86382986418903,251.4753189170733,46.06379603501409,297.60430997703224,272.21219101920724,569.8165009962395,320864256,576,65,190.61576307285577,0.0,9.0,37,0.24324324324324326,0.26153846153846155,"[0.26153846153846155, 0.26153846153846155, 0.26153846153846155, 0.26153846153846155, 0.26153846153846155, 0.26153846153846155, 0.26153846153846155, 0.26153846153846155, 0.26153846153846155, 0.26153846153846155, 0.26153846153846155, 0.26153846153846155, 0.26153846153846155, 0.26153846153846155, 0.26153846153846155, 0.26153846153846155, 0.26153846153846155, 0.26153846153846155, 0.26153846153846155, 0.26153846153846155, 0.26153846153846155, 0.26153846153846155, 0.26153846153846155, 0.26153846153846155, 0.26153846153846155, 0.26153846153846155, 0.26153846153846155, 0.26153846153846155, 0.26153846153846155, 0.26153846153846155, 0.26153846153846155, 0.26153846153846155]",0.0,288,301989888,18874368,64,1,320864256,4936373.169230769,4718592.0,18874368.0,0,0,0,prefix,"[[0, 1, 2, 3, 4, 5, 6, 7, 8], [0, 1, 2, 3, 4, 5, 6, 7, 8], [0, 1, 2, 3, 4, 5, 6, 7, 8], [0, 1, 2, 3, 4, 5, 6, 7, 8], [0, 1, 2, 3, 4, 5, 6, 7, 8], [0, 1, 2, 3, 4, 5, 6, 7, 8], [0, 1, 2, 3, 4, 5, 6, 7, 8], [0, 1, 2, 3, 4, 5, 6, 7, 8], [0, 1, 2, 3, 4, 5, 6, 7, 8], [0, 1, 2, 3, 4, 5, 6, 7, 8], [0, 1, 2, 3, 4, 5, 6, 7, 8], [0, 1, 2, 3, 4, 5, 6, 7, 8], [0, 1, 2, 3, 4, 5, 6, 7, 8], [0, 1, 2, 3, 4, 5, 6, 7, 8], [0, 1, 2, 3, 4, 5, 6, 7, 8], [0, 1, 2, 3, 4, 5, 6, 7, 8], [0, 1, 2, 3, 4, 5, 6, 7, 8], [0, 1, 2, 3, 4, 5, 6, 7, 8], [0, 1, 2, 3, 4, 5, 6, 7, 8], [0, 1, 2, 3, 4, 5, 6, 7, 8], [0, 1, 2, 3, 4, 5, 6, 7, 8], [0, 1, 2, 3, 4, 5, 6, 7, 8], [0, 1, 2, 3, 4, 5, 6, 7, 8], [0, 1, 2, 3, 4, 5, 6, 7, 8], [0, 1, 2, 3, 4, 5, 6, 7, 8], [0, 1, 2, 3, 4, 5, 6, 7, 8], [0, 1, 2, 3, 4, 5, 6, 7, 8], [0, 1, 2, 3, 4, 5, 6, 7, 8], [0, 1, 2, 3, 4, 5, 6, 7, 8], [0, 1, 2, 3, 4, 5, 6, 7, 8], [0, 1, 2, 3, 4, 5, 6, 7, 8], [0, 1, 2, 3, 4, 5, 6, 7, 8]]",sidecar,True,morton,0
gqa,fullload,FullLoad,1.0,full,n527589,201235578,Does the basket look narrow?,No,"[""no""]",1.0,1939,2,morton,0,fullload,,489.9614892201498,,,727.8619649587199,732.8879568958655,19.51600203756243,752.4039589334279,1226833920,2368,64,,681.3419567188248,,,1.0,1.0,null,0.0,,1226833920,0,64,0,1226833920,19169280.0,19169280.0,0.0,,,,,null,,,,0
gqa,layout_prefix_chunk,Layout+Prefix,0.25,chunk,n527589,201235578,Does the basket look narrow?,The woman in the foreground is leaning over a large basket of bananas,"[""no""]",0.0,450,16,morton,0,prefix,0.23971893824636936,209.12132365629077,53.37353504728526,297.4925769958645,48.884585965424776,346.42474399879575,271.4995100395754,617.9242540383711,320864256,576,65,238.12653659842908,0.0,9.0,37,0.24324324324324326,0.26153846153846155,"[0.26153846153846155, 0.26153846153846155, 0.26153846153846155, 0.26153846153846155, 0.26153846153846155, 0.26153846153846155, 0.26153846153846155, 0.26153846153846155, 0.26153846153846155, 0.26153846153846155, 0.26153846153846155, 0.26153846153846155, 0.26153846153846155, 0.26153846153846155, 0.26153846153846155, 0.26153846153846155, 0.26153846153846155, 0.26153846153846155, 0.26153846153846155, 0.26153846153846155, 0.26153846153846155, 0.26153846153846155, 0.26153846153846155, 0.26153846153846155, 0.26153846153846155, 0.26153846153846155, 0.26153846153846155, 0.26153846153846155, 0.26153846153846155, 0.26153846153846155, 0.26153846153846155, 0.26153846153846155]",0.0,288,301989888,18874368,64,1,320864256,4936373.169230769,4718592.0,18874368.0,0,0,0,prefix,"[[0, 1, 2, 3, 4, 5, 6, 7, 8], [0, 1, 2, 3, 4, 5, 6, 7, 8], [0, 1, 2, 3, 4, 5, 6, 7, 8], [0, 1, 2, 3, 4, 5, 6, 7, 8], [0, 1, 2, 3, 4, 5, 6, 7, 8], [0, 1, 2, 3, 4, 5, 6, 7, 8], [0, 1, 2, 3, 4, 5, 6, 7, 8], [0, 1, 2, 3, 4, 5, 6, 7, 8], [0, 1, 2, 3, 4, 5, 6, 7, 8], [0, 1, 2, 3, 4, 5, 6, 7, 8], [0, 1, 2, 3, 4, 5, 6, 7, 8], [0, 1, 2, 3, 4, 5, 6, 7, 8], [0, 1, 2, 3, 4, 5, 6, 7, 8], [0, 1, 2, 3, 4, 5, 6, 7, 8], [0, 1, 2, 3, 4, 5, 6, 7, 8], [0, 1, 2, 3, 4, 5, 6, 7, 8], [0, 1, 2, 3, 4, 5, 6, 7, 8], [0, 1, 2, 3, 4, 5, 6, 7, 8], [0, 1, 2, 3, 4, 5, 6, 7, 8], [0, 1, 2, 3, 4, 5, 6, 7, 8], [0, 1, 2, 3, 4, 5, 6, 7, 8], [0, 1, 2, 3, 4, 5, 6, 7, 8], [0, 1, 2, 3, 4, 5, 6, 7, 8], [0, 1, 2, 3, 4, 5, 6, 7, 8], [0, 1, 2, 3, 4, 5, 6, 7, 8], [0, 1, 2, 3, 4, 5, 6, 7, 8], [0, 1, 2, 3, 4, 5, 6, 7, 8], [0, 1, 2, 3, 4, 5, 6, 7, 8], [0, 1, 2, 3, 4, 5, 6, 7, 8], [0, 1, 2, 3, 4, 5, 6, 7, 8], [0, 1, 2, 3, 4, 5, 6, 7, 8], [0, 1, 2, 3, 4, 5, 6, 7, 8]]",sidecar,True,morton,0
gqa,fullload,FullLoad,1.0,full,n527589,201235768,What is the bag to the left of the shelves called?,Purse,"[""handbag""]",0.0,15247,3,morton,0,fullload,,488.70770644862205,,,739.818223984912,744.7022330015898,39.35205203015357,784.0542850317433,1226833920,2368,64,,695.1905278256163,,,1.0,1.0,null,0.0,,1226833920,0,64,0,1226833920,19169280.0,19169280.0,0.0,,,,,null,,,,0
gqa,layout_prefix_chunk,Layout+Prefix,0.25,chunk,n527589,201235768,What is the bag to the left of the shelves called?,The image shows a woman standing in front of a display of bananas. She,"[""handbag""]",0.0,450,16,morton,0,prefix,0.2812992315739393,231.33479780517519,57.298136060126126,326.2248379178345,43.49501908291131,369.78449299931526,271.5297829126939,641.3142759120092,320864256,576,65,262.7962988335639,0.0,9.0,37,0.24324324324324326,0.26153846153846155,"[0.26153846153846155, 0.26153846153846155, 0.26153846153846155, 0.26153846153846155, 0.26153846153846155, 0.26153846153846155, 0.26153846153846155, 0.26153846153846155, 0.26153846153846155, 0.26153846153846155, 0.26153846153846155, 0.26153846153846155, 0.26153846153846155, 0.26153846153846155, 0.26153846153846155, 0.26153846153846155, 0.26153846153846155, 0.26153846153846155, 0.26153846153846155, 0.26153846153846155, 0.26153846153846155, 0.26153846153846155, 0.26153846153846155, 0.26153846153846155, 0.26153846153846155, 0.26153846153846155, 0.26153846153846155, 0.26153846153846155, 0.26153846153846155, 0.26153846153846155, 0.26153846153846155, 0.26153846153846155]",0.0,288,301989888,18874368,64,1,320864256,4936373.169230769,4718592.0,18874368.0,0,0,0,prefix,"[[0, 1, 2, 3, 4, 5, 6, 7, 8], [0, 1, 2, 3, 4, 5, 6, 7, 8], [0, 1, 2, 3, 4, 5, 6, 7, 8], [0, 1, 2, 3, 4, 5, 6, 7, 8], [0, 1, 2, 3, 4, 5, 6, 7, 8], [0, 1, 2, 3, 4, 5, 6, 7, 8], [0, 1, 2, 3, 4, 5, 6, 7, 8], [0, 1, 2, 3, 4, 5, 6, 7, 8], [0, 1, 2, 3, 4, 5, 6, 7, 8], [0, 1, 2, 3, 4, 5, 6, 7, 8], [0, 1, 2, 3, 4, 5, 6, 7, 8], [0, 1, 2, 3, 4, 5, 6, 7, 8], [0, 1, 2, 3, 4, 5, 6, 7, 8], [0, 1, 2, 3, 4, 5, 6, 7, 8], [0, 1, 2, 3, 4, 5, 6, 7, 8], [0, 1, 2, 3, 4, 5, 6, 7, 8], [0, 1, 2, 3, 4, 5, 6, 7, 8], [0, 1, 2, 3, 4, 5, 6, 7, 8], [0, 1, 2, 3, 4, 5, 6, 7, 8], [0, 1, 2, 3, 4, 5, 6, 7, 8], [0, 1, 2, 3, 4, 5, 6, 7, 8], [0, 1, 2, 3, 4, 5, 6, 7, 8], [0, 1, 2, 3, 4, 5, 6, 7, 8], [0, 1, 2, 3, 4, 5, 6, 7, 8], [0, 1, 2, 3, 4, 5, 6, 7, 8], [0, 1, 2, 3, 4, 5, 6, 7, 8], [0, 1, 2, 3, 4, 5, 6, 7, 8], [0, 1, 2, 3, 4, 5, 6, 7, 8], [0, 1, 2, 3, 4, 5, 6, 7, 8], [0, 1, 2, 3, 4, 5, 6, 7, 8], [0, 1, 2, 3, 4, 5, 6, 7, 8], [0, 1, 2, 3, 4, 5, 6, 7, 8]]",sidecar,True,morton,0
gqa,fullload,FullLoad,1.0,full,n527589,201235672,What are the fruits on top of the basket?,Bananas,"[""bananas""]",1.0,10765,3,morton,0,fullload,,419.43315730895847,,,640.6494179973379,645.4491020413116,37.87079907488078,683.3199011161923,1226833920,2368,64,,597.8132296586409,,,1.0,1.0,null,0.0,,1226833920,0,64,0,1226833920,19169280.0,19169280.0,0.0,,,,,null,,,,0
gqa,layout_prefix_chunk,Layout+Prefix,0.25,chunk,n527589,201235672,What are the fruits on top of the basket?,"The woman in the image is leaning over a display of bananas, seem","[""bananas""]",0.0,450,16,morton,0,prefix,0.2623562468215823,198.68731801398098,57.062731008045375,294.67331897467375,42.53075004089624,337.25223201327026,273.9001379813999,611.1523699946702,320864256,576,65,231.52465641032904,0.0,9.0,37,0.24324324324324326,0.26153846153846155,"[0.26153846153846155, 0.26153846153846155, 0.26153846153846155, 0.26153846153846155, 0.26153846153846155, 0.26153846153846155, 0.26153846153846155, 0.26153846153846155, 0.26153846153846155, 0.26153846153846155, 0.26153846153846155, 0.26153846153846155, 0.26153846153846155, 0.26153846153846155, 0.26153846153846155, 0.26153846153846155, 0.26153846153846155, 0.26153846153846155, 0.26153846153846155, 0.26153846153846155, 0.26153846153846155, 0.26153846153846155, 0.26153846153846155, 0.26153846153846155, 0.26153846153846155, 0.26153846153846155, 0.26153846153846155, 0.26153846153846155, 0.26153846153846155, 0.26153846153846155, 0.26153846153846155, 0.26153846153846155]",0.0,288,301989888,18874368,64,1,320864256,4936373.169230769,4718592.0,18874368.0,0,0,0,prefix,"[[0, 1, 2, 3, 4, 5, 6, 7, 8], [0, 1, 2, 3, 4, 5, 6, 7, 8], [0, 1, 2, 3, 4, 5, 6, 7, 8], [0, 1, 2, 3, 4, 5, 6, 7, 8], [0, 1, 2, 3, 4, 5, 6, 7, 8], [0, 1, 2, 3, 4, 5, 6, 7, 8], [0, 1, 2, 3, 4, 5, 6, 7, 8], [0, 1, 2, 3, 4, 5, 6, 7, 8], [0, 1, 2, 3, 4, 5, 6, 7, 8], [0, 1, 2, 3, 4, 5, 6, 7, 8], [0, 1, 2, 3, 4, 5, 6, 7, 8], [0, 1, 2, 3, 4, 5, 6, 7, 8], [0, 1, 2, 3, 4, 5, 6, 7, 8], [0, 1, 2, 3, 4, 5, 6, 7, 8], [0, 1, 2, 3, 4, 5, 6, 7, 8], [0, 1, 2, 3, 4, 5, 6, 7, 8], [0, 1, 2, 3, 4, 5, 6, 7, 8], [0, 1, 2, 3, 4, 5, 6, 7, 8], [0, 1, 2, 3, 4, 5, 6, 7, 8], [0, 1, 2, 3, 4, 5, 6, 7, 8], [0, 1, 2, 3, 4, 5, 6, 7, 8], [0, 1, 2, 3, 4, 5, 6, 7, 8], [0, 1, 2, 3, 4, 5, 6, 7, 8], [0, 1, 2, 3, 4, 5, 6, 7, 8], [0, 1, 2, 3, 4, 5, 6, 7, 8], [0, 1, 2, 3, 4, 5, 6, 7, 8], [0, 1, 2, 3, 4, 5, 6, 7, 8], [0, 1, 2, 3, 4, 5, 6, 7, 8], [0, 1, 2, 3, 4, 5, 6, 7, 8], [0, 1, 2, 3, 4, 5, 6, 7, 8], [0, 1, 2, 3, 4, 5, 6, 7, 8], [0, 1, 2, 3, 4, 5, 6, 7, 8]]",sidecar,True,morton,0
gqa,fullload,FullLoad,1.0,full,n527589,201235514,On which side of the image are the shelves?,Right,"[""right""]",1.0,10428,2,morton,0,fullload,,549.0699441870674,,,913.3796129608527,918.251306982711,18.966236035339534,937.2175430180505,1226833920,2368,64,,866.9427278218791,,,1.0,1.0,null,0.0,,1226833920,0,64,0,1226833920,19169280.0,19169280.0,0.0,,,,,null,,,,0
gqa,layout_prefix_chunk,Layout+Prefix,0.25,chunk,n527589,201235514,On which side of the image are the shelves?,The image shows a woman standing in front of a display of bananas. She,"[""right""]",0.0,450,16,morton,0,prefix,0.24667405523359776,189.05142729636282,54.51215198263526,280.99739796016365,46.64097598288208,327.6872809510678,270.95597703009844,598.6432579811662,320864256,576,65,220.51857982296497,0.0,9.0,37,0.24324324324324326,0.26153846153846155,"[0.26153846153846155, 0.26153846153846155, 0.26153846153846155, 0.26153846153846155, 0.26153846153846155, 0.26153846153846155, 0.26153846153846155, 0.26153846153846155, 0.26153846153846155, 0.26153846153846155, 0.26153846153846155, 0.26153846153846155, 0.26153846153846155, 0.26153846153846155, 0.26153846153846155, 0.26153846153846155, 0.26153846153846155, 0.26153846153846155, 0.26153846153846155, 0.26153846153846155, 0.26153846153846155, 0.26153846153846155, 0.26153846153846155, 0.26153846153846155, 0.26153846153846155, 0.26153846153846155, 0.26153846153846155, 0.26153846153846155, 0.26153846153846155, 0.26153846153846155, 0.26153846153846155, 0.26153846153846155]",0.0,288,301989888,18874368,64,1,320864256,4936373.169230769,4718592.0,18874368.0,0,0,0,prefix,"[[0, 1, 2, 3, 4, 5, 6, 7, 8], [0, 1, 2, 3, 4, 5, 6, 7, 8], [0, 1, 2, 3, 4, 5, 6, 7, 8], [0, 1, 2, 3, 4, 5, 6, 7, 8], [0, 1, 2, 3, 4, 5, 6, 7, 8], [0, 1, 2, 3, 4, 5, 6, 7, 8], [0, 1, 2, 3, 4, 5, 6, 7, 8], [0, 1, 2, 3, 4, 5, 6, 7, 8], [0, 1, 2, 3, 4, 5, 6, 7, 8], [0, 1, 2, 3, 4, 5, 6, 7, 8], [0, 1, 2, 3, 4, 5, 6, 7, 8], [0, 1, 2, 3, 4, 5, 6, 7, 8], [0, 1, 2, 3, 4, 5, 6, 7, 8], [0, 1, 2, 3, 4, 5, 6, 7, 8], [0, 1, 2, 3, 4, 5, 6, 7, 8], [0, 1, 2, 3, 4, 5, 6, 7, 8], [0, 1, 2, 3, 4, 5, 6, 7, 8], [0, 1, 2, 3, 4, 5, 6, 7, 8], [0, 1, 2, 3, 4, 5, 6, 7, 8], [0, 1, 2, 3, 4, 5, 6, 7, 8], [0, 1, 2, 3, 4, 5, 6, 7, 8], [0, 1, 2, 3, 4, 5, 6, 7, 8], [0, 1, 2, 3, 4, 5, 6, 7, 8], [0, 1, 2, 3, 4, 5, 6, 7, 8], [0, 1, 2, 3, 4, 5, 6, 7, 8], [0, 1, 2, 3, 4, 5, 6, 7, 8], [0, 1, 2, 3, 4, 5, 6, 7, 8], [0, 1, 2, 3, 4, 5, 6, 7, 8], [0, 1, 2, 3, 4, 5, 6, 7, 8], [0, 1, 2, 3, 4, 5, 6, 7, 8], [0, 1, 2, 3, 4, 5, 6, 7, 8], [0, 1, 2, 3, 4, 5, 6, 7, 8]]",sidecar,True,morton,0
gqa,fullload,FullLoad,1.0,full,n527589,201235536,How are the pieces of furniture on top of the floor called?,Shelves,"[""shelves""]",1.0,1383,4,morton,0,fullload,,521.4868145994842,,,874.3231890257448,879.1297000134364,54.72552101127803,933.8552210247144,1226833920,2368,64,,826.0717650409788,,,1.0,1.0,null,0.0,,1226833920,0,64,0,1226833920,19169280.0,19169280.0,0.0,,,,,null,,,,0
gqa,layout_prefix_chunk,Layout+Prefix,0.25,chunk,n527589,201235536,How are the pieces of furniture on top of the floor called?,"The woman in the image is leaning over a display of bananas, seem","[""shelves""]",0.0,450,16,morton,0,prefix,0.26192027144134045,193.6541034374386,57.58496175985783,289.9410700192675,42.12938097771257,332.13385206181556,270.1056699734181,602.2395220352337,320864256,576,65,226.28366271965206,0.0,9.0,37,0.24324324324324326,0.26153846153846155,"[0.26153846153846155, 0.26153846153846155, 0.26153846153846155, 0.26153846153846155, 0.26153846153846155, 0.26153846153846155, 0.26153846153846155, 0.26153846153846155, 0.26153846153846155, 0.26153846153846155, 0.26153846153846155, 0.26153846153846155, 0.26153846153846155, 0.26153846153846155, 0.26153846153846155, 0.26153846153846155, 0.26153846153846155, 0.26153846153846155, 0.26153846153846155, 0.26153846153846155, 0.26153846153846155, 0.26153846153846155, 0.26153846153846155, 0.26153846153846155, 0.26153846153846155, 0.26153846153846155, 0.26153846153846155, 0.26153846153846155, 0.26153846153846155, 0.26153846153846155, 0.26153846153846155, 0.26153846153846155]",0.0,288,301989888,18874368,64,1,320864256,4936373.169230769,4718592.0,18874368.0,0,0,0,prefix,"[[0, 1, 2, 3, 4, 5, 6, 7, 8], [0, 1, 2, 3, 4, 5, 6, 7, 8], [0, 1, 2, 3, 4, 5, 6, 7, 8], [0, 1, 2, 3, 4, 5, 6, 7, 8], [0, 1, 2, 3, 4, 5, 6, 7, 8], [0, 1, 2, 3, 4, 5, 6, 7, 8], [0, 1, 2, 3, 4, 5, 6, 7, 8], [0, 1, 2, 3, 4, 5, 6, 7, 8], [0, 1, 2, 3, 4, 5, 6, 7, 8], [0, 1, 2, 3, 4, 5, 6, 7, 8], [0, 1, 2, 3, 4, 5, 6, 7, 8], [0, 1, 2, 3, 4, 5, 6, 7, 8], [0, 1, 2, 3, 4, 5, 6, 7, 8], [0, 1, 2, 3, 4, 5, 6, 7, 8], [0, 1, 2, 3, 4, 5, 6, 7, 8], [0, 1, 2, 3, 4, 5, 6, 7, 8], [0, 1, 2, 3, 4, 5, 6, 7, 8], [0, 1, 2, 3, 4, 5, 6, 7, 8], [0, 1, 2, 3, 4, 5, 6, 7, 8], [0, 1, 2, 3, 4, 5, 6, 7, 8], [0, 1, 2, 3, 4, 5, 6, 7, 8], [0, 1, 2, 3, 4, 5, 6, 7, 8], [0, 1, 2, 3, 4, 5, 6, 7, 8], [0, 1, 2, 3, 4, 5, 6, 7, 8], [0, 1, 2, 3, 4, 5, 6, 7, 8], [0, 1, 2, 3, 4, 5, 6, 7, 8], [0, 1, 2, 3, 4, 5, 6, 7, 8], [0, 1, 2, 3, 4, 5, 6, 7, 8], [0, 1, 2, 3, 4, 5, 6, 7, 8], [0, 1, 2, 3, 4, 5, 6, 7, 8], [0, 1, 2, 3, 4, 5, 6, 7, 8], [0, 1, 2, 3, 4, 5, 6, 7, 8]]",sidecar,True,morton,0
gqa,fullload,FullLoad,1.0,full,n262929,201752972,Which color is the bandana?,Black,"[""dark blue""]",0.0,6054,2,morton,0,fullload,,417.0881895115599,,,672.0764490310103,677.0640609320253,19.241446047089994,696.3055069791153,1132462080,2176,64,,621.982260956429,,,1.0,1.0,null,0.0,,1132462080,0,64,0,1132462080,17694720.0,17694720.0,0.0,,,,,null,,,,0
gqa,layout_prefix_chunk,Layout+Prefix,0.25,chunk,n262929,201752972,Which color is the bandana?,The image shows a young child riding a tricycle. The child is,"[""dark blue""]",0.0,450,16,morton,0,prefix,0.21743413526564837,153.60452164895833,50.3420508466661,238.37834200821817,40.51050601992756,278.9528969442472,278.09797902591527,557.0508759701625,293601280,512,65,182.38194403238595,0.0,8.0,34,0.23529411764705882,0.25925925925925924,"[0.25925925925925924, 0.25925925925925924, 0.25925925925925924, 0.25925925925925924, 0.25925925925925924, 0.25925925925925924, 0.25925925925925924, 0.25925925925925924, 0.25925925925925924, 0.25925925925925924, 0.25925925925925924, 0.25925925925925924, 0.25925925925925924, 0.25925925925925924, 0.25925925925925924, 0.25925925925925924, 0.25925925925925924, 0.25925925925925924, 0.25925925925925924, 0.25925925925925924, 0.25925925925925924, 0.25925925925925924, 0.25925925925925924, 0.25925925925925924, 0.25925925925925924, 0.25925925925925924, 0.25925925925925924, 0.25925925925925924, 0.25925925925925924, 0.25925925925925924, 0.25925925925925924, 0.25925925925925924]",0.0,256,268435456,25165824,64,1,293601280,4516942.769230769,4194304.0,25165824.0,0,0,0,prefix,"[[0, 1, 2, 3, 4, 5, 6, 7], [0, 1, 2, 3, 4, 5, 6, 7], [0, 1, 2, 3, 4, 5, 6, 7], [0, 1, 2, 3, 4, 5, 6, 7], [0, 1, 2, 3, 4, 5, 6, 7], [0, 1, 2, 3, 4, 5, 6, 7], [0, 1, 2, 3, 4, 5, 6, 7], [0, 1, 2, 3, 4, 5, 6, 7], [0, 1, 2, 3, 4, 5, 6, 7], [0, 1, 2, 3, 4, 5, 6, 7], [0, 1, 2, 3, 4, 5, 6, 7], [0, 1, 2, 3, 4, 5, 6, 7], [0, 1, 2, 3, 4, 5, 6, 7], [0, 1, 2, 3, 4, 5, 6, 7], [0, 1, 2, 3, 4, 5, 6, 7], [0, 1, 2, 3, 4, 5, 6, 7], [0, 1, 2, 3, 4, 5, 6, 7], [0, 1, 2, 3, 4, 5, 6, 7], [0, 1, 2, 3, 4, 5, 6, 7], [0, 1, 2, 3, 4, 5, 6, 7], [0, 1, 2, 3, 4, 5, 6, 7], [0, 1, 2, 3, 4, 5, 6, 7], [0, 1, 2, 3, 4, 5, 6, 7], [0, 1, 2, 3, 4, 5, 6, 7], [0, 1, 2, 3, 4, 5, 6, 7], [0, 1, 2, 3, 4, 5, 6, 7], [0, 1, 2, 3, 4, 5, 6, 7], [0, 1, 2, 3, 4, 5, 6, 7], [0, 1, 2, 3, 4, 5, 6, 7], [0, 1, 2, 3, 4, 5, 6, 7], [0, 1, 2, 3, 4, 5, 6, 7], [0, 1, 2, 3, 4, 5, 6, 7]]",sidecar,True,morton,0
gqa,fullload,FullLoad,1.0,full,n262929,201752809,Do the shoes look dark?,Yes,"[""yes""]",1.0,3869,2,morton,0,fullload,,406.58739872742444,,,621.7786540510133,626.4199010329321,18.987611983902752,645.4075130168349,1132462080,2176,64,,580.4375070147216,,,1.0,1.0,null,0.0,,1132462080,0,64,0,1132462080,17694720.0,17694720.0,0.0,,,,,null,,,,0
gqa,layout_prefix_chunk,Layout+Prefix,0.25,chunk,n262929,201752809,Do the shoes look dark?,The image shows a young child riding a tricycle. The child is,"[""yes""]",0.0,450,16,morton,0,prefix,0.2253381535410881,178.53421706240624,51.28723324742168,262.6193080795929,40.523600997403264,303.19335602689534,272.7350960485637,575.9284520754591,293601280,512,65,205.5419742828235,0.0,8.0,34,0.23529411764705882,0.25925925925925924,"[0.25925925925925924, 0.25925925925925924, 0.25925925925925924, 0.25925925925925924, 0.25925925925925924, 0.25925925925925924, 0.25925925925925924, 0.25925925925925924, 0.25925925925925924, 0.25925925925925924, 0.25925925925925924, 0.25925925925925924, 0.25925925925925924, 0.25925925925925924, 0.25925925925925924, 0.25925925925925924, 0.25925925925925924, 0.25925925925925924, 0.25925925925925924, 0.25925925925925924, 0.25925925925925924, 0.25925925925925924, 0.25925925925925924, 0.25925925925925924, 0.25925925925925924, 0.25925925925925924, 0.25925925925925924, 0.25925925925925924, 0.25925925925925924, 0.25925925925925924, 0.25925925925925924, 0.25925925925925924]",0.0,256,268435456,25165824,64,1,293601280,4516942.769230769,4194304.0,25165824.0,0,0,0,prefix,"[[0, 1, 2, 3, 4, 5, 6, 7], [0, 1, 2, 3, 4, 5, 6, 7], [0, 1, 2, 3, 4, 5, 6, 7], [0, 1, 2, 3, 4, 5, 6, 7], [0, 1, 2, 3, 4, 5, 6, 7], [0, 1, 2, 3, 4, 5, 6, 7], [0, 1, 2, 3, 4, 5, 6, 7], [0, 1, 2, 3, 4, 5, 6, 7], [0, 1, 2, 3, 4, 5, 6, 7], [0, 1, 2, 3, 4, 5, 6, 7], [0, 1, 2, 3, 4, 5, 6, 7], [0, 1, 2, 3, 4, 5, 6, 7], [0, 1, 2, 3, 4, 5, 6, 7], [0, 1, 2, 3, 4, 5, 6, 7], [0, 1, 2, 3, 4, 5, 6, 7], [0, 1, 2, 3, 4, 5, 6, 7], [0, 1, 2, 3, 4, 5, 6, 7], [0, 1, 2, 3, 4, 5, 6, 7], [0, 1, 2, 3, 4, 5, 6, 7], [0, 1, 2, 3, 4, 5, 6, 7], [0, 1, 2, 3, 4, 5, 6, 7], [0, 1, 2, 3, 4, 5, 6, 7], [0, 1, 2, 3, 4, 5, 6, 7], [0, 1, 2, 3, 4, 5, 6, 7], [0, 1, 2, 3, 4, 5, 6, 7], [0, 1, 2, 3, 4, 5, 6, 7], [0, 1, 2, 3, 4, 5, 6, 7], [0, 1, 2, 3, 4, 5, 6, 7], [0, 1, 2, 3, 4, 5, 6, 7], [0, 1, 2, 3, 4, 5, 6, 7], [0, 1, 2, 3, 4, 5, 6, 7], [0, 1, 2, 3, 4, 5, 6, 7]]",sidecar,True,morton,0
gqa,fullload,FullLoad,1.0,full,n262929,201752899,Is the bag small and dark?,No,"[""no""]",1.0,1939,2,morton,0,fullload,,386.91023678984493,,,606.4512039301917,611.0560989473015,19.312080112285912,630.3681790595874,1132462080,2176,64,,563.8206170406193,,,1.0,1.0,null,0.0,,1132462080,0,64,0,1132462080,17694720.0,17694720.0,0.0,,,,,null,,,,0
gqa,layout_prefix_chunk,Layout+Prefix,0.25,chunk,n262929,201752899,Is the bag small and dark?,The image shows a young child riding a tricycle. The child is,"[""no""]",0.0,450,16,morton,0,prefix,0.22694387007504702,176.65878194384277,51.292029093019664,262.0122389635071,50.16921798232943,312.2466559289023,268.6563270399347,580.902982968837,293601280,512,65,204.96079686563462,0.0,8.0,34,0.23529411764705882,0.25925925925925924,"[0.25925925925925924, 0.25925925925925924, 0.25925925925925924, 0.25925925925925924, 0.25925925925925924, 0.25925925925925924, 0.25925925925925924, 0.25925925925925924, 0.25925925925925924, 0.25925925925925924, 0.25925925925925924, 0.25925925925925924, 0.25925925925925924, 0.25925925925925924, 0.25925925925925924, 0.25925925925925924, 0.25925925925925924, 0.25925925925925924, 0.25925925925925924, 0.25925925925925924, 0.25925925925925924, 0.25925925925925924, 0.25925925925925924, 0.25925925925925924, 0.25925925925925924, 0.25925925925925924, 0.25925925925925924, 0.25925925925925924, 0.25925925925925924, 0.25925925925925924, 0.25925925925925924, 0.25925925925925924]",0.0,256,268435456,25165824,64,1,293601280,4516942.769230769,4194304.0,25165824.0,0,0,0,prefix,"[[0, 1, 2, 3, 4, 5, 6, 7], [0, 1, 2, 3, 4, 5, 6, 7], [0, 1, 2, 3, 4, 5, 6, 7], [0, 1, 2, 3, 4, 5, 6, 7], [0, 1, 2, 3, 4, 5, 6, 7], [0, 1, 2, 3, 4, 5, 6, 7], [0, 1, 2, 3, 4, 5, 6, 7], [0, 1, 2, 3, 4, 5, 6, 7], [0, 1, 2, 3, 4, 5, 6, 7], [0, 1, 2, 3, 4, 5, 6, 7], [0, 1, 2, 3, 4, 5, 6, 7], [0, 1, 2, 3, 4, 5, 6, 7], [0, 1, 2, 3, 4, 5, 6, 7], [0, 1, 2, 3, 4, 5, 6, 7], [0, 1, 2, 3, 4, 5, 6, 7], [0, 1, 2, 3, 4, 5, 6, 7], [0, 1, 2, 3, 4, 5, 6, 7], [0, 1, 2, 3, 4, 5, 6, 7], [0, 1, 2, 3, 4, 5, 6, 7], [0, 1, 2, 3, 4, 5, 6, 7], [0, 1, 2, 3, 4, 5, 6, 7], [0, 1, 2, 3, 4, 5, 6, 7], [0, 1, 2, 3, 4, 5, 6, 7], [0, 1, 2, 3, 4, 5, 6, 7], [0, 1, 2, 3, 4, 5, 6, 7], [0, 1, 2, 3, 4, 5, 6, 7], [0, 1, 2, 3, 4, 5, 6, 7], [0, 1, 2, 3, 4, 5, 6, 7], [0, 1, 2, 3, 4, 5, 6, 7], [0, 1, 2, 3, 4, 5, 6, 7], [0, 1, 2, 3, 4, 5, 6, 7], [0, 1, 2, 3, 4, 5, 6, 7]]",sidecar,True,morton,0
gqa,fullload,FullLoad,1.0,full,n262929,201752784,How big is the hat above the tie?,Small,"[""small""]",1.0,18285,2,morton,0,fullload,,392.2699502436444,,,619.0504159312695,623.7365569686517,32.46656502597034,656.203121994622,1132462080,2176,64,,573.9855768624693,,,1.0,1.0,null,0.0,,1132462080,0,64,0,1132462080,17694720.0,17694720.0,0.0,,,,,null,,,,0
gqa,layout_prefix_chunk,Layout+Prefix,0.25,chunk,n262929,201752784,How big is the hat above the tie?,The image shows a young child riding a tricycle. The child is,"[""small""]",0.0,450,16,morton,0,prefix,0.17629051581025124,170.23786320351064,44.79470895603299,242.53189703449607,38.54764101561159,281.14359406754375,271.2782029993832,552.421797066927,293601280,512,65,192.311525112018,0.0,8.0,34,0.23529411764705882,0.25925925925925924,"[0.25925925925925924, 0.25925925925925924, 0.25925925925925924, 0.25925925925925924, 0.25925925925925924, 0.25925925925925924, 0.25925925925925924, 0.25925925925925924, 0.25925925925925924, 0.25925925925925924, 0.25925925925925924, 0.25925925925925924, 0.25925925925925924, 0.25925925925925924, 0.25925925925925924, 0.25925925925925924, 0.25925925925925924, 0.25925925925925924, 0.25925925925925924, 0.25925925925925924, 0.25925925925925924, 0.25925925925925924, 0.25925925925925924, 0.25925925925925924, 0.25925925925925924, 0.25925925925925924, 0.25925925925925924, 0.25925925925925924, 0.25925925925925924, 0.25925925925925924, 0.25925925925925924, 0.25925925925925924]",0.0,256,268435456,25165824,64,1,293601280,4516942.769230769,4194304.0,25165824.0,0,0,0,prefix,"[[0, 1, 2, 3, 4, 5, 6, 7], [0, 1, 2, 3, 4, 5, 6, 7], [0, 1, 2, 3, 4, 5, 6, 7], [0, 1, 2, 3, 4, 5, 6, 7], [0, 1, 2, 3, 4, 5, 6, 7], [0, 1, 2, 3, 4, 5, 6, 7], [0, 1, 2, 3, 4, 5, 6, 7], [0, 1, 2, 3, 4, 5, 6, 7], [0, 1, 2, 3, 4, 5, 6, 7], [0, 1, 2, 3, 4, 5, 6, 7], [0, 1, 2, 3, 4, 5, 6, 7], [0, 1, 2, 3, 4, 5, 6, 7], [0, 1, 2, 3, 4, 5, 6, 7], [0, 1, 2, 3, 4, 5, 6, 7], [0, 1, 2, 3, 4, 5, 6, 7], [0, 1, 2, 3, 4, 5, 6, 7], [0, 1, 2, 3, 4, 5, 6, 7], [0, 1, 2, 3, 4, 5, 6, 7], [0, 1, 2, 3, 4, 5, 6, 7], [0, 1, 2, 3, 4, 5, 6, 7], [0, 1, 2, 3, 4, 5, 6, 7], [0, 1, 2, 3, 4, 5, 6, 7], [0, 1, 2, 3, 4, 5, 6, 7], [0, 1, 2, 3, 4, 5, 6, 7], [0, 1, 2, 3, 4, 5, 6, 7], [0, 1, 2, 3, 4, 5, 6, 7], [0, 1, 2, 3, 4, 5, 6, 7], [0, 1, 2, 3, 4, 5, 6, 7], [0, 1, 2, 3, 4, 5, 6, 7], [0, 1, 2, 3, 4, 5, 6, 7], [0, 1, 2, 3, 4, 5, 6, 7], [0, 1, 2, 3, 4, 5, 6, 7]]",sidecar,True,morton,0
gqa,fullload,FullLoad,1.0,full,n262929,201752760,Do you see a scooter in front of the bag the boy is to the left of?,No,"[""no""]",1.0,1939,2,morton,0,fullload,,393.4015271952376,,,625.580684049055,630.258503020741,23.858214961364865,654.1167179821059,1132462080,2176,64,,578.040620777756,,,1.0,1.0,null,0.0,,1132462080,0,64,0,1132462080,17694720.0,17694720.0,0.0,,,,,null,,,,0
gqa,layout_prefix_chunk,Layout+Prefix,0.25,chunk,n262929,201752760,Do you see a scooter in front of the bag the boy is to the left of?,The boy is riding a tricycle.,"[""no""]",0.0,450,11,morton,0,prefix,0.2091638743877411,171.57286684960127,49.19655807316303,251.51046505197883,62.09506292361766,313.6711789993569,182.06878507044166,495.7399640697986,293601280,512,65,196.73007144592702,0.0,8.0,34,0.23529411764705882,0.25925925925925924,"[0.25925925925925924, 0.25925925925925924, 0.25925925925925924, 0.25925925925925924, 0.25925925925925924, 0.25925925925925924, 0.25925925925925924, 0.25925925925925924, 0.25925925925925924, 0.25925925925925924, 0.25925925925925924, 0.25925925925925924, 0.25925925925925924, 0.25925925925925924, 0.25925925925925924, 0.25925925925925924, 0.25925925925925924, 0.25925925925925924, 0.25925925925925924, 0.25925925925925924, 0.25925925925925924, 0.25925925925925924, 0.25925925925925924, 0.25925925925925924, 0.25925925925925924, 0.25925925925925924, 0.25925925925925924, 0.25925925925925924, 0.25925925925925924, 0.25925925925925924, 0.25925925925925924, 0.25925925925925924]",0.0,256,268435456,25165824,64,1,293601280,4516942.769230769,4194304.0,25165824.0,0,0,0,prefix,"[[0, 1, 2, 3, 4, 5, 6, 7], [0, 1, 2, 3, 4, 5, 6, 7], [0, 1, 2, 3, 4, 5, 6, 7], [0, 1, 2, 3, 4, 5, 6, 7], [0, 1, 2, 3, 4, 5, 6, 7], [0, 1, 2, 3, 4, 5, 6, 7], [0, 1, 2, 3, 4, 5, 6, 7], [0, 1, 2, 3, 4, 5, 6, 7], [0, 1, 2, 3, 4, 5, 6, 7], [0, 1, 2, 3, 4, 5, 6, 7], [0, 1, 2, 3, 4, 5, 6, 7], [0, 1, 2, 3, 4, 5, 6, 7], [0, 1, 2, 3, 4, 5, 6, 7], [0, 1, 2, 3, 4, 5, 6, 7], [0, 1, 2, 3, 4, 5, 6, 7], [0, 1, 2, 3, 4, 5, 6, 7], [0, 1, 2, 3, 4, 5, 6, 7], [0, 1, 2, 3, 4, 5, 6, 7], [0, 1, 2, 3, 4, 5, 6, 7], [0, 1, 2, 3, 4, 5, 6, 7], [0, 1, 2, 3, 4, 5, 6, 7], [0, 1, 2, 3, 4, 5, 6, 7], [0, 1, 2, 3, 4, 5, 6, 7], [0, 1, 2, 3, 4, 5, 6, 7], [0, 1, 2, 3, 4, 5, 6, 7], [0, 1, 2, 3, 4, 5, 6, 7], [0, 1, 2, 3, 4, 5, 6, 7], [0, 1, 2, 3, 4, 5, 6, 7], [0, 1, 2, 3, 4, 5, 6, 7], [0, 1, 2, 3, 4, 5, 6, 7], [0, 1, 2, 3, 4, 5, 6, 7], [0, 1, 2, 3, 4, 5, 6, 7]]",sidecar,True,morton,0
gqa,fullload,FullLoad,1.0,full,n262929,201752607,Is the necktie dark?,Yes,"[""yes""]",1.0,3869,2,morton,0,fullload,,461.1777066020295,,,730.3516840329394,735.0491990800947,19.80038802139461,754.8495871014893,1132462080,2176,64,,670.7940427586436,,,1.0,1.0,null,0.0,,1132462080,0,64,0,1132462080,17694720.0,17694720.0,0.0,,,,,null,,,,0
gqa,layout_prefix_chunk,Layout+Prefix,0.25,chunk,n262929,201752607,Is the necktie dark?,The image shows a young child riding a tricycle. The child is,"[""yes""]",0.0,450,16,morton,0,prefix,0.21310581360012293,160.67078430205584,50.78177421819419,244.7471129707992,41.71342391055077,286.5258778911084,272.5082100369036,559.034087928012,293601280,512,65,188.35717625916004,0.0,8.0,34,0.23529411764705882,0.25925925925925924,"[0.25925925925925924, 0.25925925925925924, 0.25925925925925924, 0.25925925925925924, 0.25925925925925924, 0.25925925925925924, 0.25925925925925924, 0.25925925925925924, 0.25925925925925924, 0.25925925925925924, 0.25925925925925924, 0.25925925925925924, 0.25925925925925924, 0.25925925925925924, 0.25925925925925924, 0.25925925925925924, 0.25925925925925924, 0.25925925925925924, 0.25925925925925924, 0.25925925925925924, 0.25925925925925924, 0.25925925925925924, 0.25925925925925924, 0.25925925925925924, 0.25925925925925924, 0.25925925925925924, 0.25925925925925924, 0.25925925925925924, 0.25925925925925924, 0.25925925925925924, 0.25925925925925924, 0.25925925925925924]",0.0,256,268435456,25165824,64,1,293601280,4516942.769230769,4194304.0,25165824.0,0,0,0,prefix,"[[0, 1, 2, 3, 4, 5, 6, 7], [0, 1, 2, 3, 4, 5, 6, 7], [0, 1, 2, 3, 4, 5, 6, 7], [0, 1, 2, 3, 4, 5, 6, 7], [0, 1, 2, 3, 4, 5, 6, 7], [0, 1, 2, 3, 4, 5, 6, 7], [0, 1, 2, 3, 4, 5, 6, 7], [0, 1, 2, 3, 4, 5, 6, 7], [0, 1, 2, 3, 4, 5, 6, 7], [0, 1, 2, 3, 4, 5, 6, 7], [0, 1, 2, 3, 4, 5, 6, 7], [0, 1, 2, 3, 4, 5, 6, 7], [0, 1, 2, 3, 4, 5, 6, 7], [0, 1, 2, 3, 4, 5, 6, 7], [0, 1, 2, 3, 4, 5, 6, 7], [0, 1, 2, 3, 4, 5, 6, 7], [0, 1, 2, 3, 4, 5, 6, 7], [0, 1, 2, 3, 4, 5, 6, 7], [0, 1, 2, 3, 4, 5, 6, 7], [0, 1, 2, 3, 4, 5, 6, 7], [0, 1, 2, 3, 4, 5, 6, 7], [0, 1, 2, 3, 4, 5, 6, 7], [0, 1, 2, 3, 4, 5, 6, 7], [0, 1, 2, 3, 4, 5, 6, 7], [0, 1, 2, 3, 4, 5, 6, 7], [0, 1, 2, 3, 4, 5, 6, 7], [0, 1, 2, 3, 4, 5, 6, 7], [0, 1, 2, 3, 4, 5, 6, 7], [0, 1, 2, 3, 4, 5, 6, 7], [0, 1, 2, 3, 4, 5, 6, 7], [0, 1, 2, 3, 4, 5, 6, 7], [0, 1, 2, 3, 4, 5, 6, 7]]",sidecar,True,morton,0
gqa,fullload,FullLoad,1.0,full,n48494,202116756,Are both the train station and the tunnel made out of the same material?,No,"[""yes""]",0.0,1939,2,morton,0,fullload,,352.1103379316628,,,574.3925459682941,578.2945969840512,22.451327997259796,600.745924981311,767557632,1472,64,,497.556823072955,,,1.0,1.0,null,0.0,,767557632,0,64,0,767557632,11993088.0,11993088.0,0.0,,,,,null,,,,0
gqa,layout_prefix_chunk,Layout+Prefix,0.25,chunk,n48494,202116756,Are both the train station and the tunnel made out of the same material?,Yes,"[""yes""]",1.0,3869,2,morton,0,prefix,0.185291632078588,153.63665099721402,45.19099812023342,226.3219659216702,48.31550898961723,274.70156899653375,18.801055965013802,293.50262496154755,213909504,384,65,176.34403833653778,0.0,6.0,23,0.2608695652173913,0.2786885245901639,"[0.2786885245901639, 0.2786885245901639, 0.2786885245901639, 0.2786885245901639, 0.2786885245901639, 0.2786885245901639, 0.2786885245901639, 0.2786885245901639, 0.2786885245901639, 0.2786885245901639, 0.2786885245901639, 0.2786885245901639, 0.2786885245901639, 0.2786885245901639, 0.2786885245901639, 0.2786885245901639, 0.2786885245901639, 0.2786885245901639, 0.2786885245901639, 0.2786885245901639, 0.2786885245901639, 0.2786885245901639, 0.2786885245901639, 0.2786885245901639, 0.2786885245901639, 0.2786885245901639, 0.2786885245901639, 0.2786885245901639, 0.2786885245901639, 0.2786885245901639, 0.2786885245901639, 0.2786885245901639]",0.0,192,201326592,12582912,64,1,213909504,3290915.446153846,3145728.0,12582912.0,0,0,0,prefix,"[[0, 1, 2, 3, 4, 5], [0, 1, 2, 3, 4, 5], [0, 1, 2, 3, 4, 5], [0, 1, 2, 3, 4, 5], [0, 1, 2, 3, 4, 5], [0, 1, 2, 3, 4, 5], [0, 1, 2, 3, 4, 5], [0, 1, 2, 3, 4, 5], [0, 1, 2, 3, 4, 5], [0, 1, 2, 3, 4, 5], [0, 1, 2, 3, 4, 5], [0, 1, 2, 3, 4, 5], [0, 1, 2, 3, 4, 5], [0, 1, 2, 3, 4, 5], [0, 1, 2, 3, 4, 5], [0, 1, 2, 3, 4, 5], [0, 1, 2, 3, 4, 5], [0, 1, 2, 3, 4, 5], [0, 1, 2, 3, 4, 5], [0, 1, 2, 3, 4, 5], [0, 1, 2, 3, 4, 5], [0, 1, 2, 3, 4, 5], [0, 1, 2, 3, 4, 5], [0, 1, 2, 3, 4, 5], [0, 1, 2, 3, 4, 5], [0, 1, 2, 3, 4, 5], [0, 1, 2, 3, 4, 5], [0, 1, 2, 3, 4, 5], [0, 1, 2, 3, 4, 5], [0, 1, 2, 3, 4, 5], [0, 1, 2, 3, 4, 5], [0, 1, 2, 3, 4, 5]]",sidecar,True,morton,0
gqa,fullload,FullLoad,1.0,full,n48494,202116920,What is the tunnel above the railroad made of?,Concrete,"[""concrete""]",1.0,1281,3,morton,0,fullload,,330.01157140824944,,,507.0513620739803,510.9795780153945,56.309159961529076,567.2887379769236,767557632,1472,64,,452.685913303867,,,1.0,1.0,null,0.0,,767557632,0,64,0,767557632,11993088.0,11993088.0,0.0,,,,,null,,,,0
gqa,layout_prefix_chunk,Layout+Prefix,0.25,chunk,n48494,202116920,What is the tunnel above the railroad made of?,The image shows a cityscape with a river running through it. There are,"[""concrete""]",0.0,450,16,morton,0,prefix,0.15882356092333794,151.41442837193608,38.454158580861986,212.28384599089622,41.79703909903765,254.14520502090454,270.70098696276546,524.84619198367,213909504,384,65,169.2372066900134,0.0,6.0,23,0.2608695652173913,0.2786885245901639,"[0.2786885245901639, 0.2786885245901639, 0.2786885245901639, 0.2786885245901639, 0.2786885245901639, 0.2786885245901639, 0.2786885245901639, 0.2786885245901639, 0.2786885245901639, 0.2786885245901639, 0.2786885245901639, 0.2786885245901639, 0.2786885245901639, 0.2786885245901639, 0.2786885245901639, 0.2786885245901639, 0.2786885245901639, 0.2786885245901639, 0.2786885245901639, 0.2786885245901639, 0.2786885245901639, 0.2786885245901639, 0.2786885245901639, 0.2786885245901639, 0.2786885245901639, 0.2786885245901639, 0.2786885245901639, 0.2786885245901639, 0.2786885245901639, 0.2786885245901639, 0.2786885245901639, 0.2786885245901639]",0.0,192,201326592,12582912,64,1,213909504,3290915.446153846,3145728.0,12582912.0,0,0,0,prefix,"[[0, 1, 2, 3, 4, 5], [0, 1, 2, 3, 4, 5], [0, 1, 2, 3, 4, 5], [0, 1, 2, 3, 4, 5], [0, 1, 2, 3, 4, 5], [0, 1, 2, 3, 4, 5], [0, 1, 2, 3, 4, 5], [0, 1, 2, 3, 4, 5], [0, 1, 2, 3, 4, 5], [0, 1, 2, 3, 4, 5], [0, 1, 2, 3, 4, 5], [0, 1, 2, 3, 4, 5], [0, 1, 2, 3, 4, 5], [0, 1, 2, 3, 4, 5], [0, 1, 2, 3, 4, 5], [0, 1, 2, 3, 4, 5], [0, 1, 2, 3, 4, 5], [0, 1, 2, 3, 4, 5], [0, 1, 2, 3, 4, 5], [0, 1, 2, 3, 4, 5], [0, 1, 2, 3, 4, 5], [0, 1, 2, 3, 4, 5], [0, 1, 2, 3, 4, 5], [0, 1, 2, 3, 4, 5], [0, 1, 2, 3, 4, 5], [0, 1, 2, 3, 4, 5], [0, 1, 2, 3, 4, 5], [0, 1, 2, 3, 4, 5], [0, 1, 2, 3, 4, 5], [0, 1, 2, 3, 4, 5], [0, 1, 2, 3, 4, 5], [0, 1, 2, 3, 4, 5]]",sidecar,True,morton,0
gqa,fullload,FullLoad,1.0,full,n48494,202116770,Is the vast sky above the buildings both clear and blue?,Yes,"[""no""]",0.0,3869,2,morton,0,fullload,,389.1961317276582,,,601.9055839860812,605.7188099948689,25.53143899422139,631.2502489890903,767557632,1472,64,,525.0064487336203,,,1.0,1.0,null,0.0,,767557632,0,64,0,767557632,11993088.0,11993088.0,0.0,,,,,null,,,,0
gqa,layout_prefix_chunk,Layout+Prefix,0.25,chunk,n48494,202116770,Is the vast sky above the buildings both clear and blue?,The image shows a cityscape with a river running through it. There are,"[""no""]",0.0,450,16,morton,0,prefix,0.18777349032461643,151.5177310211584,42.11363464128226,218.45865598879755,51.60875397268683,270.13171499129385,274.65923805721104,544.7909530485049,213909504,384,65,171.33143916726112,0.0,6.0,23,0.2608695652173913,0.2786885245901639,"[0.2786885245901639, 0.2786885245901639, 0.2786885245901639, 0.2786885245901639, 0.2786885245901639, 0.2786885245901639, 0.2786885245901639, 0.2786885245901639, 0.2786885245901639, 0.2786885245901639, 0.2786885245901639, 0.2786885245901639, 0.2786885245901639, 0.2786885245901639, 0.2786885245901639, 0.2786885245901639, 0.2786885245901639, 0.2786885245901639, 0.2786885245901639, 0.2786885245901639, 0.2786885245901639, 0.2786885245901639, 0.2786885245901639, 0.2786885245901639, 0.2786885245901639, 0.2786885245901639, 0.2786885245901639, 0.2786885245901639, 0.2786885245901639, 0.2786885245901639, 0.2786885245901639, 0.2786885245901639]",0.0,192,201326592,12582912,64,1,213909504,3290915.446153846,3145728.0,12582912.0,0,0,0,prefix,"[[0, 1, 2, 3, 4, 5], [0, 1, 2, 3, 4, 5], [0, 1, 2, 3, 4, 5], [0, 1, 2, 3, 4, 5], [0, 1, 2, 3, 4, 5], [0, 1, 2, 3, 4, 5], [0, 1, 2, 3, 4, 5], [0, 1, 2, 3, 4, 5], [0, 1, 2, 3, 4, 5], [0, 1, 2, 3, 4, 5], [0, 1, 2, 3, 4, 5], [0, 1, 2, 3, 4, 5], [0, 1, 2, 3, 4, 5], [0, 1, 2, 3, 4, 5], [0, 1, 2, 3, 4, 5], [0, 1, 2, 3, 4, 5], [0, 1, 2, 3, 4, 5], [0, 1, 2, 3, 4, 5], [0, 1, 2, 3, 4, 5], [0, 1, 2, 3, 4, 5], [0, 1, 2, 3, 4, 5], [0, 1, 2, 3, 4, 5], [0, 1, 2, 3, 4, 5], [0, 1, 2, 3, 4, 5], [0, 1, 2, 3, 4, 5], [0, 1, 2, 3, 4, 5], [0, 1, 2, 3, 4, 5], [0, 1, 2, 3, 4, 5], [0, 1, 2, 3, 4, 5], [0, 1, 2, 3, 4, 5], [0, 1, 2, 3, 4, 5], [0, 1, 2, 3, 4, 5]]",sidecar,True,morton,0
gqa,fullload,FullLoad,1.0,full,n48494,202116964,Is the river low and wavy?,No,"[""no""]",1.0,1939,2,morton,0,fullload,,362.82015056349337,,,549.6617420576513,553.5270899999887,19.17145401239395,572.6985440123826,767557632,1472,64,,494.4290810963139,,,1.0,1.0,null,0.0,,767557632,0,64,0,767557632,11993088.0,11993088.0,0.0,,,,,null,,,,0
gqa,layout_prefix_chunk,Layout+Prefix,0.25,chunk,n48494,202116964,Is the river low and wavy?,The image shows a bustling cityscape with a river running through it,"[""no""]",0.0,450,16,morton,0,prefix,0.17642288003116846,115.32147345133126,42.77371312491596,183.2055770792067,33.56578201055527,216.81894606444985,272.0122030004859,488.83114906493574,213909504,384,65,135.7177229365334,0.0,6.0,23,0.2608695652173913,0.2786885245901639,"[0.2786885245901639, 0.2786885245901639, 0.2786885245901639, 0.2786885245901639, 0.2786885245901639, 0.2786885245901639, 0.2786885245901639, 0.2786885245901639, 0.2786885245901639, 0.2786885245901639, 0.2786885245901639, 0.2786885245901639, 0.2786885245901639, 0.2786885245901639, 0.2786885245901639, 0.2786885245901639, 0.2786885245901639, 0.2786885245901639, 0.2786885245901639, 0.2786885245901639, 0.2786885245901639, 0.2786885245901639, 0.2786885245901639, 0.2786885245901639, 0.2786885245901639, 0.2786885245901639, 0.2786885245901639, 0.2786885245901639, 0.2786885245901639, 0.2786885245901639, 0.2786885245901639, 0.2786885245901639]",0.0,192,201326592,12582912,64,1,213909504,3290915.446153846,3145728.0,12582912.0,0,0,0,prefix,"[[0, 1, 2, 3, 4, 5], [0, 1, 2, 3, 4, 5], [0, 1, 2, 3, 4, 5], [0, 1, 2, 3, 4, 5], [0, 1, 2, 3, 4, 5], [0, 1, 2, 3, 4, 5], [0, 1, 2, 3, 4, 5], [0, 1, 2, 3, 4, 5], [0, 1, 2, 3, 4, 5], [0, 1, 2, 3, 4, 5], [0, 1, 2, 3, 4, 5], [0, 1, 2, 3, 4, 5], [0, 1, 2, 3, 4, 5], [0, 1, 2, 3, 4, 5], [0, 1, 2, 3, 4, 5], [0, 1, 2, 3, 4, 5], [0, 1, 2, 3, 4, 5], [0, 1, 2, 3, 4, 5], [0, 1, 2, 3, 4, 5], [0, 1, 2, 3, 4, 5], [0, 1, 2, 3, 4, 5], [0, 1, 2, 3, 4, 5], [0, 1, 2, 3, 4, 5], [0, 1, 2, 3, 4, 5], [0, 1, 2, 3, 4, 5], [0, 1, 2, 3, 4, 5], [0, 1, 2, 3, 4, 5], [0, 1, 2, 3, 4, 5], [0, 1, 2, 3, 4, 5], [0, 1, 2, 3, 4, 5], [0, 1, 2, 3, 4, 5], [0, 1, 2, 3, 4, 5]]",sidecar,True,morton,0
gqa,fullload,FullLoad,1.0,full,n48494,202117035,Do you see any wide boat?,No,"[""yes""]",0.0,1939,2,morton,0,fullload,,347.3816937766969,,,519.8737990576774,523.7571590114385,27.78715593740344,551.5443149488419,767557632,1472,64,,469.6826437721029,,,1.0,1.0,null,0.0,,767557632,0,64,0,767557632,11993088.0,11993088.0,0.0,,,,,null,,,,0
gqa,layout_prefix_chunk,Layout+Prefix,0.25,chunk,n48494,202117035,Do you see any wide boat?,The image shows a cityscape with a river running through it. There are,"[""yes""]",0.0,450,16,morton,0,prefix,0.17771974671632051,100.56390892714262,42.98429994378239,168.57902391348034,50.43789593037218,219.08056491520256,273.261976079084,492.34254099428654,213909504,384,65,120.85516820661724,0.0,6.0,23,0.2608695652173913,0.2786885245901639,"[0.2786885245901639, 0.2786885245901639, 0.2786885245901639, 0.2786885245901639, 0.2786885245901639, 0.2786885245901639, 0.2786885245901639, 0.2786885245901639, 0.2786885245901639, 0.2786885245901639, 0.2786885245901639, 0.2786885245901639, 0.2786885245901639, 0.2786885245901639, 0.2786885245901639, 0.2786885245901639, 0.2786885245901639, 0.2786885245901639, 0.2786885245901639, 0.2786885245901639, 0.2786885245901639, 0.2786885245901639, 0.2786885245901639, 0.2786885245901639, 0.2786885245901639, 0.2786885245901639, 0.2786885245901639, 0.2786885245901639, 0.2786885245901639, 0.2786885245901639, 0.2786885245901639, 0.2786885245901639]",0.0,192,201326592,12582912,64,1,213909504,3290915.446153846,3145728.0,12582912.0,0,0,0,prefix,"[[0, 1, 2, 3, 4, 5], [0, 1, 2, 3, 4, 5], [0, 1, 2, 3, 4, 5], [0, 1, 2, 3, 4, 5], [0, 1, 2, 3, 4, 5], [0, 1, 2, 3, 4, 5], [0, 1, 2, 3, 4, 5], [0, 1, 2, 3, 4, 5], [0, 1, 2, 3, 4, 5], [0, 1, 2, 3, 4, 5], [0, 1, 2, 3, 4, 5], [0, 1, 2, 3, 4, 5], [0, 1, 2, 3, 4, 5], [0, 1, 2, 3, 4, 5], [0, 1, 2, 3, 4, 5], [0, 1, 2, 3, 4, 5], [0, 1, 2, 3, 4, 5], [0, 1, 2, 3, 4, 5], [0, 1, 2, 3, 4, 5], [0, 1, 2, 3, 4, 5], [0, 1, 2, 3, 4, 5], [0, 1, 2, 3, 4, 5], [0, 1, 2, 3, 4, 5], [0, 1, 2, 3, 4, 5], [0, 1, 2, 3, 4, 5], [0, 1, 2, 3, 4, 5], [0, 1, 2, 3, 4, 5], [0, 1, 2, 3, 4, 5], [0, 1, 2, 3, 4, 5], [0, 1, 2, 3, 4, 5], [0, 1, 2, 3, 4, 5], [0, 1, 2, 3, 4, 5]]",sidecar,True,morton,0
gqa,fullload,FullLoad,1.0,full,n48494,202116896,What is the vehicle on top of the railroad called?,Train,"[""train""]",1.0,28186,2,morton,0,fullload,,354.83617905993015,,,530.6208620313555,534.4961220398545,19.143561949022114,553.6396839888766,767557632,1472,64,,478.974312893115,,,1.0,1.0,null,0.0,,767557632,0,64,0,767557632,11993088.0,11993088.0,0.0,,,,,null,,,,0
gqa,layout_prefix_chunk,Layout+Prefix,0.25,chunk,n48494,202116896,What is the vehicle on top of the railroad called?,The image shows a cityscape with a river running through it. There are,"[""train""]",0.0,450,16,morton,0,prefix,0.18090743105858564,101.26397130079567,44.149954337626696,170.550373964943,43.072758009657264,213.68877694476396,271.88320097047836,485.5719779152423,213909504,384,65,121.60243897233158,0.0,6.0,23,0.2608695652173913,0.2786885245901639,"[0.2786885245901639, 0.2786885245901639, 0.2786885245901639, 0.2786885245901639, 0.2786885245901639, 0.2786885245901639, 0.2786885245901639, 0.2786885245901639, 0.2786885245901639, 0.2786885245901639, 0.2786885245901639, 0.2786885245901639, 0.2786885245901639, 0.2786885245901639, 0.2786885245901639, 0.2786885245901639, 0.2786885245901639, 0.2786885245901639, 0.2786885245901639, 0.2786885245901639, 0.2786885245901639, 0.2786885245901639, 0.2786885245901639, 0.2786885245901639, 0.2786885245901639, 0.2786885245901639, 0.2786885245901639, 0.2786885245901639, 0.2786885245901639, 0.2786885245901639, 0.2786885245901639, 0.2786885245901639]",0.0,192,201326592,12582912,64,1,213909504,3290915.446153846,3145728.0,12582912.0,0,0,0,prefix,"[[0, 1, 2, 3, 4, 5], [0, 1, 2, 3, 4, 5], [0, 1, 2, 3, 4, 5], [0, 1, 2, 3, 4, 5], [0, 1, 2, 3, 4, 5], [0, 1, 2, 3, 4, 5], [0, 1, 2, 3, 4, 5], [0, 1, 2, 3, 4, 5], [0, 1, 2, 3, 4, 5], [0, 1, 2, 3, 4, 5], [0, 1, 2, 3, 4, 5], [0, 1, 2, 3, 4, 5], [0, 1, 2, 3, 4, 5], [0, 1, 2, 3, 4, 5], [0, 1, 2, 3, 4, 5], [0, 1, 2, 3, 4, 5], [0, 1, 2, 3, 4, 5], [0, 1, 2, 3, 4, 5], [0, 1, 2, 3, 4, 5], [0, 1, 2, 3, 4, 5], [0, 1, 2, 3, 4, 5], [0, 1, 2, 3, 4, 5], [0, 1, 2, 3, 4, 5], [0, 1, 2, 3, 4, 5], [0, 1, 2, 3, 4, 5], [0, 1, 2, 3, 4, 5], [0, 1, 2, 3, 4, 5], [0, 1, 2, 3, 4, 5], [0, 1, 2, 3, 4, 5], [0, 1, 2, 3, 4, 5], [0, 1, 2, 3, 4, 5], [0, 1, 2, 3, 4, 5]]",sidecar,True,morton,0
gqa,fullload,FullLoad,1.0,full,n58220,20169718,Are there green hats in the photo?,No,"[""yes""]",0.0,1939,2,morton,0,fullload,,511.1982880625874,,,876.8926069606096,881.8118749186397,19.11983301397413,900.9317079326138,1226833920,2368,64,,831.9349428638816,,,1.0,1.0,null,0.0,,1226833920,0,64,0,1226833920,19169280.0,19169280.0,0.0,,,,,null,,,,0
gqa,layout_prefix_chunk,Layout+Prefix,0.25,chunk,n58220,20169718,Are there green hats in the photo?,The man in the image is smiling and appears to be in a good m,"[""yes""]",0.0,450,16,morton,0,prefix,0.2663502236828208,185.19079929683357,55.1712648011744,279.69400002621114,40.332067059352994,320.090149063617,270.03329002764076,590.1234390912578,320864256,576,65,218.39843958150595,0.0,9.0,37,0.24324324324324326,0.26153846153846155,"[0.26153846153846155, 0.26153846153846155, 0.26153846153846155, 0.26153846153846155, 0.26153846153846155, 0.26153846153846155, 0.26153846153846155, 0.26153846153846155, 0.26153846153846155, 0.26153846153846155, 0.26153846153846155, 0.26153846153846155, 0.26153846153846155, 0.26153846153846155, 0.26153846153846155, 0.26153846153846155, 0.26153846153846155, 0.26153846153846155, 0.26153846153846155, 0.26153846153846155, 0.26153846153846155, 0.26153846153846155, 0.26153846153846155, 0.26153846153846155, 0.26153846153846155, 0.26153846153846155, 0.26153846153846155, 0.26153846153846155, 0.26153846153846155, 0.26153846153846155, 0.26153846153846155, 0.26153846153846155]",0.0,288,301989888,18874368,64,1,320864256,4936373.169230769,4718592.0,18874368.0,0,0,0,prefix,"[[0, 1, 2, 3, 4, 5, 6, 7, 8], [0, 1, 2, 3, 4, 5, 6, 7, 8], [0, 1, 2, 3, 4, 5, 6, 7, 8], [0, 1, 2, 3, 4, 5, 6, 7, 8], [0, 1, 2, 3, 4, 5, 6, 7, 8], [0, 1, 2, 3, 4, 5, 6, 7, 8], [0, 1, 2, 3, 4, 5, 6, 7, 8], [0, 1, 2, 3, 4, 5, 6, 7, 8], [0, 1, 2, 3, 4, 5, 6, 7, 8], [0, 1, 2, 3, 4, 5, 6, 7, 8], [0, 1, 2, 3, 4, 5, 6, 7, 8], [0, 1, 2, 3, 4, 5, 6, 7, 8], [0, 1, 2, 3, 4, 5, 6, 7, 8], [0, 1, 2, 3, 4, 5, 6, 7, 8], [0, 1, 2, 3, 4, 5, 6, 7, 8], [0, 1, 2, 3, 4, 5, 6, 7, 8], [0, 1, 2, 3, 4, 5, 6, 7, 8], [0, 1, 2, 3, 4, 5, 6, 7, 8], [0, 1, 2, 3, 4, 5, 6, 7, 8], [0, 1, 2, 3, 4, 5, 6, 7, 8], [0, 1, 2, 3, 4, 5, 6, 7, 8], [0, 1, 2, 3, 4, 5, 6, 7, 8], [0, 1, 2, 3, 4, 5, 6, 7, 8], [0, 1, 2, 3, 4, 5, 6, 7, 8], [0, 1, 2, 3, 4, 5, 6, 7, 8], [0, 1, 2, 3, 4, 5, 6, 7, 8], [0, 1, 2, 3, 4, 5, 6, 7, 8], [0, 1, 2, 3, 4, 5, 6, 7, 8], [0, 1, 2, 3, 4, 5, 6, 7, 8], [0, 1, 2, 3, 4, 5, 6, 7, 8], [0, 1, 2, 3, 4, 5, 6, 7, 8], [0, 1, 2, 3, 4, 5, 6, 7, 8]]",sidecar,True,morton,0
gqa,fullload,FullLoad,1.0,full,n58220,20169805,Does this flag look red?,No,"[""no""]",1.0,1939,2,morton,0,fullload,,413.8684776844457,,,654.6053319470957,659.4324229517952,19.110642024315894,678.543064976111,1226833920,2368,64,,609.9967267364264,,,1.0,1.0,null,0.0,,1226833920,0,64,0,1226833920,19169280.0,19169280.0,0.0,,,,,null,,,,0
gqa,layout_prefix_chunk,Layout+Prefix,0.25,chunk,n58220,20169805,Does this flag look red?,The man in the image is smiling and appears to be wearing a green,"[""no""]",0.0,450,16,morton,0,prefix,0.20858505740761757,182.80715076252818,47.36024676822126,260.9107580501586,53.638493991456926,314.614053000696,271.1407750612125,585.7548280619085,320864256,576,65,207.83003082033247,0.0,9.0,37,0.24324324324324326,0.26153846153846155,"[0.26153846153846155, 0.26153846153846155, 0.26153846153846155, 0.26153846153846155, 0.26153846153846155, 0.26153846153846155, 0.26153846153846155, 0.26153846153846155, 0.26153846153846155, 0.26153846153846155, 0.26153846153846155, 0.26153846153846155, 0.26153846153846155, 0.26153846153846155, 0.26153846153846155, 0.26153846153846155, 0.26153846153846155, 0.26153846153846155, 0.26153846153846155, 0.26153846153846155, 0.26153846153846155, 0.26153846153846155, 0.26153846153846155, 0.26153846153846155, 0.26153846153846155, 0.26153846153846155, 0.26153846153846155, 0.26153846153846155, 0.26153846153846155, 0.26153846153846155, 0.26153846153846155, 0.26153846153846155]",0.0,288,301989888,18874368,64,1,320864256,4936373.169230769,4718592.0,18874368.0,0,0,0,prefix,"[[0, 1, 2, 3, 4, 5, 6, 7, 8], [0, 1, 2, 3, 4, 5, 6, 7, 8], [0, 1, 2, 3, 4, 5, 6, 7, 8], [0, 1, 2, 3, 4, 5, 6, 7, 8], [0, 1, 2, 3, 4, 5, 6, 7, 8], [0, 1, 2, 3, 4, 5, 6, 7, 8], [0, 1, 2, 3, 4, 5, 6, 7, 8], [0, 1, 2, 3, 4, 5, 6, 7, 8], [0, 1, 2, 3, 4, 5, 6, 7, 8], [0, 1, 2, 3, 4, 5, 6, 7, 8], [0, 1, 2, 3, 4, 5, 6, 7, 8], [0, 1, 2, 3, 4, 5, 6, 7, 8], [0, 1, 2, 3, 4, 5, 6, 7, 8], [0, 1, 2, 3, 4, 5, 6, 7, 8], [0, 1, 2, 3, 4, 5, 6, 7, 8], [0, 1, 2, 3, 4, 5, 6, 7, 8], [0, 1, 2, 3, 4, 5, 6, 7, 8], [0, 1, 2, 3, 4, 5, 6, 7, 8], [0, 1, 2, 3, 4, 5, 6, 7, 8], [0, 1, 2, 3, 4, 5, 6, 7, 8], [0, 1, 2, 3, 4, 5, 6, 7, 8], [0, 1, 2, 3, 4, 5, 6, 7, 8], [0, 1, 2, 3, 4, 5, 6, 7, 8], [0, 1, 2, 3, 4, 5, 6, 7, 8], [0, 1, 2, 3, 4, 5, 6, 7, 8], [0, 1, 2, 3, 4, 5, 6, 7, 8], [0, 1, 2, 3, 4, 5, 6, 7, 8], [0, 1, 2, 3, 4, 5, 6, 7, 8], [0, 1, 2, 3, 4, 5, 6, 7, 8], [0, 1, 2, 3, 4, 5, 6, 7, 8], [0, 1, 2, 3, 4, 5, 6, 7, 8], [0, 1, 2, 3, 4, 5, 6, 7, 8]]",sidecar,True,morton,0
gqa,fullload,FullLoad,1.0,full,n58220,20169578,Do the hat and the jacket have a different colors?,No,"[""no""]",1.0,1939,2,morton,0,fullload,,552.7763604186475,,,914.452631957829,919.3936609663069,19.36448400374502,938.758144970052,1226833920,2368,64,,865.4453733470291,,,1.0,1.0,null,0.0,,1226833920,0,64,0,1226833920,19169280.0,19169280.0,0.0,,,,,null,,,,0
gqa,layout_prefix_chunk,Layout+Prefix,0.25,chunk,n58220,20169578,Do the hat and the jacket have a different colors?,The man in the image is wearing a green jacket and a green tie,"[""no""]",0.0,450,16,morton,0,prefix,0.2777490299195051,194.16071381419897,54.10382314585149,285.1520070107654,40.757664013653994,325.9753829333931,268.8543969998136,594.8297799332067,320864256,576,65,224.83333409763873,0.0,9.0,37,0.24324324324324326,0.26153846153846155,"[0.26153846153846155, 0.26153846153846155, 0.26153846153846155, 0.26153846153846155, 0.26153846153846155, 0.26153846153846155, 0.26153846153846155, 0.26153846153846155, 0.26153846153846155, 0.26153846153846155, 0.26153846153846155, 0.26153846153846155, 0.26153846153846155, 0.26153846153846155, 0.26153846153846155, 0.26153846153846155, 0.26153846153846155, 0.26153846153846155, 0.26153846153846155, 0.26153846153846155, 0.26153846153846155, 0.26153846153846155, 0.26153846153846155, 0.26153846153846155, 0.26153846153846155, 0.26153846153846155, 0.26153846153846155, 0.26153846153846155, 0.26153846153846155, 0.26153846153846155, 0.26153846153846155, 0.26153846153846155]",0.0,288,301989888,18874368,64,1,320864256,4936373.169230769,4718592.0,18874368.0,0,0,0,prefix,"[[0, 1, 2, 3, 4, 5, 6, 7, 8], [0, 1, 2, 3, 4, 5, 6, 7, 8], [0, 1, 2, 3, 4, 5, 6, 7, 8], [0, 1, 2, 3, 4, 5, 6, 7, 8], [0, 1, 2, 3, 4, 5, 6, 7, 8], [0, 1, 2, 3, 4, 5, 6, 7, 8], [0, 1, 2, 3, 4, 5, 6, 7, 8], [0, 1, 2, 3, 4, 5, 6, 7, 8], [0, 1, 2, 3, 4, 5, 6, 7, 8], [0, 1, 2, 3, 4, 5, 6, 7, 8], [0, 1, 2, 3, 4, 5, 6, 7, 8], [0, 1, 2, 3, 4, 5, 6, 7, 8], [0, 1, 2, 3, 4, 5, 6, 7, 8], [0, 1, 2, 3, 4, 5, 6, 7, 8], [0, 1, 2, 3, 4, 5, 6, 7, 8], [0, 1, 2, 3, 4, 5, 6, 7, 8], [0, 1, 2, 3, 4, 5, 6, 7, 8], [0, 1, 2, 3, 4, 5, 6, 7, 8], [0, 1, 2, 3, 4, 5, 6, 7, 8], [0, 1, 2, 3, 4, 5, 6, 7, 8], [0, 1, 2, 3, 4, 5, 6, 7, 8], [0, 1, 2, 3, 4, 5, 6, 7, 8], [0, 1, 2, 3, 4, 5, 6, 7, 8], [0, 1, 2, 3, 4, 5, 6, 7, 8], [0, 1, 2, 3, 4, 5, 6, 7, 8], [0, 1, 2, 3, 4, 5, 6, 7, 8], [0, 1, 2, 3, 4, 5, 6, 7, 8], [0, 1, 2, 3, 4, 5, 6, 7, 8], [0, 1, 2, 3, 4, 5, 6, 7, 8], [0, 1, 2, 3, 4, 5, 6, 7, 8], [0, 1, 2, 3, 4, 5, 6, 7, 8], [0, 1, 2, 3, 4, 5, 6, 7, 8]]",sidecar,True,morton,0
gqa,fullload,FullLoad,1.0,full,n58220,20169575,What place was the picture taken at?,Road,"[""road""]",1.0,9321,2,morton,0,fullload,,538.7618021341041,,,924.0264480467886,928.8300119806081,19.368942943401635,948.1989549240097,1226833920,2368,64,,872.1192427910864,,,1.0,1.0,null,0.0,,1226833920,0,64,0,1226833920,19169280.0,19169280.0,0.0,,,,,null,,,,0
gqa,layout_prefix_chunk,Layout+Prefix,0.25,chunk,n58220,20169575,What place was the picture taken at?,The man in the image is smiling and appears to be in a good m,"[""road""]",0.0,450,16,morton,0,prefix,0.2642228500917554,173.63669665064663,58.35641094017774,271.58969501033425,63.79993993323296,335.45524103101343,281.34912997484207,616.8043710058555,320864256,576,65,207.08791026845574,0.0,9.0,37,0.24324324324324326,0.26153846153846155,"[0.26153846153846155, 0.26153846153846155, 0.26153846153846155, 0.26153846153846155, 0.26153846153846155, 0.26153846153846155, 0.26153846153846155, 0.26153846153846155, 0.26153846153846155, 0.26153846153846155, 0.26153846153846155, 0.26153846153846155, 0.26153846153846155, 0.26153846153846155, 0.26153846153846155, 0.26153846153846155, 0.26153846153846155, 0.26153846153846155, 0.26153846153846155, 0.26153846153846155, 0.26153846153846155, 0.26153846153846155, 0.26153846153846155, 0.26153846153846155, 0.26153846153846155, 0.26153846153846155, 0.26153846153846155, 0.26153846153846155, 0.26153846153846155, 0.26153846153846155, 0.26153846153846155, 0.26153846153846155]",0.0,288,301989888,18874368,64,1,320864256,4936373.169230769,4718592.0,18874368.0,0,0,0,prefix,"[[0, 1, 2, 3, 4, 5, 6, 7, 8], [0, 1, 2, 3, 4, 5, 6, 7, 8], [0, 1, 2, 3, 4, 5, 6, 7, 8], [0, 1, 2, 3, 4, 5, 6, 7, 8], [0, 1, 2, 3, 4, 5, 6, 7, 8], [0, 1, 2, 3, 4, 5, 6, 7, 8], [0, 1, 2, 3, 4, 5, 6, 7, 8], [0, 1, 2, 3, 4, 5, 6, 7, 8], [0, 1, 2, 3, 4, 5, 6, 7, 8], [0, 1, 2, 3, 4, 5, 6, 7, 8], [0, 1, 2, 3, 4, 5, 6, 7, 8], [0, 1, 2, 3, 4, 5, 6, 7, 8], [0, 1, 2, 3, 4, 5, 6, 7, 8], [0, 1, 2, 3, 4, 5, 6, 7, 8], [0, 1, 2, 3, 4, 5, 6, 7, 8], [0, 1, 2, 3, 4, 5, 6, 7, 8], [0, 1, 2, 3, 4, 5, 6, 7, 8], [0, 1, 2, 3, 4, 5, 6, 7, 8], [0, 1, 2, 3, 4, 5, 6, 7, 8], [0, 1, 2, 3, 4, 5, 6, 7, 8], [0, 1, 2, 3, 4, 5, 6, 7, 8], [0, 1, 2, 3, 4, 5, 6, 7, 8], [0, 1, 2, 3, 4, 5, 6, 7, 8], [0, 1, 2, 3, 4, 5, 6, 7, 8], [0, 1, 2, 3, 4, 5, 6, 7, 8], [0, 1, 2, 3, 4, 5, 6, 7, 8], [0, 1, 2, 3, 4, 5, 6, 7, 8], [0, 1, 2, 3, 4, 5, 6, 7, 8], [0, 1, 2, 3, 4, 5, 6, 7, 8], [0, 1, 2, 3, 4, 5, 6, 7, 8], [0, 1, 2, 3, 4, 5, 6, 7, 8], [0, 1, 2, 3, 4, 5, 6, 7, 8]]",sidecar,True,morton,0
gqa,fullload,FullLoad,1.0,full,n58220,20169793,On which side is the flag?,Left,"[""left""]",1.0,19941,2,morton,0,fullload,,527.5367081630975,,,890.0671739829704,894.9291269527748,19.130336004309356,914.0594629570842,1226833920,2368,64,,842.4904530402273,,,1.0,1.0,null,0.0,,1226833920,0,64,0,1226833920,19169280.0,19169280.0,0.0,,,,,null,,,,0
gqa,layout_prefix_chunk,Layout+Prefix,0.25,chunk,n58220,20169793,On which side is the flag?,"The man in the image is smiling and wearing a green jacket,","[""left""]",0.0,450,16,morton,0,prefix,0.19141845405101776,169.74149248562753,48.08844195213169,250.0027670757845,34.40961998421699,284.4603250268847,271.1867820471525,555.6471070740372,320864256,576,65,196.17592741269618,0.0,9.0,37,0.24324324324324326,0.26153846153846155,"[0.26153846153846155, 0.26153846153846155, 0.26153846153846155, 0.26153846153846155, 0.26153846153846155, 0.26153846153846155, 0.26153846153846155, 0.26153846153846155, 0.26153846153846155, 0.26153846153846155, 0.26153846153846155, 0.26153846153846155, 0.26153846153846155, 0.26153846153846155, 0.26153846153846155, 0.26153846153846155, 0.26153846153846155, 0.26153846153846155, 0.26153846153846155, 0.26153846153846155, 0.26153846153846155, 0.26153846153846155, 0.26153846153846155, 0.26153846153846155, 0.26153846153846155, 0.26153846153846155, 0.26153846153846155, 0.26153846153846155, 0.26153846153846155, 0.26153846153846155, 0.26153846153846155, 0.26153846153846155]",0.0,288,301989888,18874368,64,1,320864256,4936373.169230769,4718592.0,18874368.0,0,0,0,prefix,"[[0, 1, 2, 3, 4, 5, 6, 7, 8], [0, 1, 2, 3, 4, 5, 6, 7, 8], [0, 1, 2, 3, 4, 5, 6, 7, 8], [0, 1, 2, 3, 4, 5, 6, 7, 8], [0, 1, 2, 3, 4, 5, 6, 7, 8], [0, 1, 2, 3, 4, 5, 6, 7, 8], [0, 1, 2, 3, 4, 5, 6, 7, 8], [0, 1, 2, 3, 4, 5, 6, 7, 8], [0, 1, 2, 3, 4, 5, 6, 7, 8], [0, 1, 2, 3, 4, 5, 6, 7, 8], [0, 1, 2, 3, 4, 5, 6, 7, 8], [0, 1, 2, 3, 4, 5, 6, 7, 8], [0, 1, 2, 3, 4, 5, 6, 7, 8], [0, 1, 2, 3, 4, 5, 6, 7, 8], [0, 1, 2, 3, 4, 5, 6, 7, 8], [0, 1, 2, 3, 4, 5, 6, 7, 8], [0, 1, 2, 3, 4, 5, 6, 7, 8], [0, 1, 2, 3, 4, 5, 6, 7, 8], [0, 1, 2, 3, 4, 5, 6, 7, 8], [0, 1, 2, 3, 4, 5, 6, 7, 8], [0, 1, 2, 3, 4, 5, 6, 7, 8], [0, 1, 2, 3, 4, 5, 6, 7, 8], [0, 1, 2, 3, 4, 5, 6, 7, 8], [0, 1, 2, 3, 4, 5, 6, 7, 8], [0, 1, 2, 3, 4, 5, 6, 7, 8], [0, 1, 2, 3, 4, 5, 6, 7, 8], [0, 1, 2, 3, 4, 5, 6, 7, 8], [0, 1, 2, 3, 4, 5, 6, 7, 8], [0, 1, 2, 3, 4, 5, 6, 7, 8], [0, 1, 2, 3, 4, 5, 6, 7, 8], [0, 1, 2, 3, 4, 5, 6, 7, 8], [0, 1, 2, 3, 4, 5, 6, 7, 8]]",sidecar,True,morton,0
gqa,fullload,FullLoad,1.0,full,n58220,20169796,Does the flag look calm and blue?,No,"[""no""]",1.0,1939,2,morton,0,fullload,,507.621914264746,,,857.3401561006904,862.1563219930977,18.921416951343417,881.0777389444411,1226833920,2368,64,,812.5823428854346,,,1.0,1.0,null,0.0,,1226833920,0,64,0,1226833920,19169280.0,19169280.0,0.0,,,,,null,,,,0
gqa,layout_prefix_chunk,Layout+Prefix,0.25,chunk,n58220,20169796,Does the flag look calm and blue?,The man in the image is wearing a green jacket and a green tie,"[""no""]",0.0,450,16,morton,0,prefix,0.21848059259355068,171.0050170077011,51.97129491716623,257.6571439858526,41.41595691908151,299.13927789311856,276.25251305289567,575.3917909460142,320864256,576,65,199.9017862835899,0.0,9.0,37,0.24324324324324326,0.26153846153846155,"[0.26153846153846155, 0.26153846153846155, 0.26153846153846155, 0.26153846153846155, 0.26153846153846155, 0.26153846153846155, 0.26153846153846155, 0.26153846153846155, 0.26153846153846155, 0.26153846153846155, 0.26153846153846155, 0.26153846153846155, 0.26153846153846155, 0.26153846153846155, 0.26153846153846155, 0.26153846153846155, 0.26153846153846155, 0.26153846153846155, 0.26153846153846155, 0.26153846153846155, 0.26153846153846155, 0.26153846153846155, 0.26153846153846155, 0.26153846153846155, 0.26153846153846155, 0.26153846153846155, 0.26153846153846155, 0.26153846153846155, 0.26153846153846155, 0.26153846153846155, 0.26153846153846155, 0.26153846153846155]",0.0,288,301989888,18874368,64,1,320864256,4936373.169230769,4718592.0,18874368.0,0,0,0,prefix,"[[0, 1, 2, 3, 4, 5, 6, 7, 8], [0, 1, 2, 3, 4, 5, 6, 7, 8], [0, 1, 2, 3, 4, 5, 6, 7, 8], [0, 1, 2, 3, 4, 5, 6, 7, 8], [0, 1, 2, 3, 4, 5, 6, 7, 8], [0, 1, 2, 3, 4, 5, 6, 7, 8], [0, 1, 2, 3, 4, 5, 6, 7, 8], [0, 1, 2, 3, 4, 5, 6, 7, 8], [0, 1, 2, 3, 4, 5, 6, 7, 8], [0, 1, 2, 3, 4, 5, 6, 7, 8], [0, 1, 2, 3, 4, 5, 6, 7, 8], [0, 1, 2, 3, 4, 5, 6, 7, 8], [0, 1, 2, 3, 4, 5, 6, 7, 8], [0, 1, 2, 3, 4, 5, 6, 7, 8], [0, 1, 2, 3, 4, 5, 6, 7, 8], [0, 1, 2, 3, 4, 5, 6, 7, 8], [0, 1, 2, 3, 4, 5, 6, 7, 8], [0, 1, 2, 3, 4, 5, 6, 7, 8], [0, 1, 2, 3, 4, 5, 6, 7, 8], [0, 1, 2, 3, 4, 5, 6, 7, 8], [0, 1, 2, 3, 4, 5, 6, 7, 8], [0, 1, 2, 3, 4, 5, 6, 7, 8], [0, 1, 2, 3, 4, 5, 6, 7, 8], [0, 1, 2, 3, 4, 5, 6, 7, 8], [0, 1, 2, 3, 4, 5, 6, 7, 8], [0, 1, 2, 3, 4, 5, 6, 7, 8], [0, 1, 2, 3, 4, 5, 6, 7, 8], [0, 1, 2, 3, 4, 5, 6, 7, 8], [0, 1, 2, 3, 4, 5, 6, 7, 8], [0, 1, 2, 3, 4, 5, 6, 7, 8], [0, 1, 2, 3, 4, 5, 6, 7, 8], [0, 1, 2, 3, 4, 5, 6, 7, 8]]",sidecar,True,morton,0
gqa,fullload,FullLoad,1.0,full,n522733,202248865,Which place is it?,Street,"[""street""]",1.0,7103,2,morton,0,fullload,,448.6624802229926,,,725.5811990471557,730.4737289668992,19.53330496326089,750.0070339301601,1226833920,2368,64,,671.0374382091686,,,1.0,1.0,null,0.0,,1226833920,0,64,0,1226833920,19169280.0,19169280.0,0.0,,,,,null,,,,0
gqa,layout_prefix_chunk,Layout+Prefix,0.25,chunk,n522733,202248865,Which place is it?,"The image shows a red brick building with a green roof, located at the intersection","[""street""]",0.0,450,16,morton,0,prefix,0.21414749789983034,157.9097080975771,48.27516106888652,237.79562790878117,51.62675597239286,289.4891509786248,271.9885589322075,561.4777099108323,320864256,576,65,183.36866551544517,0.0,9.0,37,0.24324324324324326,0.26153846153846155,"[0.26153846153846155, 0.26153846153846155, 0.26153846153846155, 0.26153846153846155, 0.26153846153846155, 0.26153846153846155, 0.26153846153846155, 0.26153846153846155, 0.26153846153846155, 0.26153846153846155, 0.26153846153846155, 0.26153846153846155, 0.26153846153846155, 0.26153846153846155, 0.26153846153846155, 0.26153846153846155, 0.26153846153846155, 0.26153846153846155, 0.26153846153846155, 0.26153846153846155, 0.26153846153846155, 0.26153846153846155, 0.26153846153846155, 0.26153846153846155, 0.26153846153846155, 0.26153846153846155, 0.26153846153846155, 0.26153846153846155, 0.26153846153846155, 0.26153846153846155, 0.26153846153846155, 0.26153846153846155]",0.0,288,301989888,18874368,64,1,320864256,4936373.169230769,4718592.0,18874368.0,0,0,0,prefix,"[[0, 1, 2, 3, 4, 5, 6, 7, 8], [0, 1, 2, 3, 4, 5, 6, 7, 8], [0, 1, 2, 3, 4, 5, 6, 7, 8], [0, 1, 2, 3, 4, 5, 6, 7, 8], [0, 1, 2, 3, 4, 5, 6, 7, 8], [0, 1, 2, 3, 4, 5, 6, 7, 8], [0, 1, 2, 3, 4, 5, 6, 7, 8], [0, 1, 2, 3, 4, 5, 6, 7, 8], [0, 1, 2, 3, 4, 5, 6, 7, 8], [0, 1, 2, 3, 4, 5, 6, 7, 8], [0, 1, 2, 3, 4, 5, 6, 7, 8], [0, 1, 2, 3, 4, 5, 6, 7, 8], [0, 1, 2, 3, 4, 5, 6, 7, 8], [0, 1, 2, 3, 4, 5, 6, 7, 8], [0, 1, 2, 3, 4, 5, 6, 7, 8], [0, 1, 2, 3, 4, 5, 6, 7, 8], [0, 1, 2, 3, 4, 5, 6, 7, 8], [0, 1, 2, 3, 4, 5, 6, 7, 8], [0, 1, 2, 3, 4, 5, 6, 7, 8], [0, 1, 2, 3, 4, 5, 6, 7, 8], [0, 1, 2, 3, 4, 5, 6, 7, 8], [0, 1, 2, 3, 4, 5, 6, 7, 8], [0, 1, 2, 3, 4, 5, 6, 7, 8], [0, 1, 2, 3, 4, 5, 6, 7, 8], [0, 1, 2, 3, 4, 5, 6, 7, 8], [0, 1, 2, 3, 4, 5, 6, 7, 8], [0, 1, 2, 3, 4, 5, 6, 7, 8], [0, 1, 2, 3, 4, 5, 6, 7, 8], [0, 1, 2, 3, 4, 5, 6, 7, 8], [0, 1, 2, 3, 4, 5, 6, 7, 8], [0, 1, 2, 3, 4, 5, 6, 7, 8], [0, 1, 2, 3, 4, 5, 6, 7, 8]]",sidecar,True,morton,0
gqa,fullload,FullLoad,1.0,full,n522733,202248864,Where is it?,Street,"[""street""]",1.0,7103,2,morton,0,fullload,,503.8716217968613,,,880.3274249657989,885.1672509917989,19.135442096740007,904.302693088539,1226833920,2368,64,,831.7429567687213,,,1.0,1.0,null,0.0,,1226833920,0,64,0,1226833920,19169280.0,19169280.0,0.0,,,,,null,,,,0
gqa,layout_prefix_chunk,Layout+Prefix,0.25,chunk,n522733,202248864,Where is it?,The image shows a red brick building with a street corner. There are traffic lights,"[""street""]",0.0,450,16,morton,0,prefix,0.2404728438705206,174.3518909206614,53.75631304923445,265.17177501227707,40.025550057180226,305.26107805781066,271.67374989949167,576.9348279573023,320864256,576,65,205.46294352971017,0.0,9.0,37,0.24324324324324326,0.26153846153846155,"[0.26153846153846155, 0.26153846153846155, 0.26153846153846155, 0.26153846153846155, 0.26153846153846155, 0.26153846153846155, 0.26153846153846155, 0.26153846153846155, 0.26153846153846155, 0.26153846153846155, 0.26153846153846155, 0.26153846153846155, 0.26153846153846155, 0.26153846153846155, 0.26153846153846155, 0.26153846153846155, 0.26153846153846155, 0.26153846153846155, 0.26153846153846155, 0.26153846153846155, 0.26153846153846155, 0.26153846153846155, 0.26153846153846155, 0.26153846153846155, 0.26153846153846155, 0.26153846153846155, 0.26153846153846155, 0.26153846153846155, 0.26153846153846155, 0.26153846153846155, 0.26153846153846155, 0.26153846153846155]",0.0,288,301989888,18874368,64,1,320864256,4936373.169230769,4718592.0,18874368.0,0,0,0,prefix,"[[0, 1, 2, 3, 4, 5, 6, 7, 8], [0, 1, 2, 3, 4, 5, 6, 7, 8], [0, 1, 2, 3, 4, 5, 6, 7, 8], [0, 1, 2, 3, 4, 5, 6, 7, 8], [0, 1, 2, 3, 4, 5, 6, 7, 8], [0, 1, 2, 3, 4, 5, 6, 7, 8], [0, 1, 2, 3, 4, 5, 6, 7, 8], [0, 1, 2, 3, 4, 5, 6, 7, 8], [0, 1, 2, 3, 4, 5, 6, 7, 8], [0, 1, 2, 3, 4, 5, 6, 7, 8], [0, 1, 2, 3, 4, 5, 6, 7, 8], [0, 1, 2, 3, 4, 5, 6, 7, 8], [0, 1, 2, 3, 4, 5, 6, 7, 8], [0, 1, 2, 3, 4, 5, 6, 7, 8], [0, 1, 2, 3, 4, 5, 6, 7, 8], [0, 1, 2, 3, 4, 5, 6, 7, 8], [0, 1, 2, 3, 4, 5, 6, 7, 8], [0, 1, 2, 3, 4, 5, 6, 7, 8], [0, 1, 2, 3, 4, 5, 6, 7, 8], [0, 1, 2, 3, 4, 5, 6, 7, 8], [0, 1, 2, 3, 4, 5, 6, 7, 8], [0, 1, 2, 3, 4, 5, 6, 7, 8], [0, 1, 2, 3, 4, 5, 6, 7, 8], [0, 1, 2, 3, 4, 5, 6, 7, 8], [0, 1, 2, 3, 4, 5, 6, 7, 8], [0, 1, 2, 3, 4, 5, 6, 7, 8], [0, 1, 2, 3, 4, 5, 6, 7, 8], [0, 1, 2, 3, 4, 5, 6, 7, 8], [0, 1, 2, 3, 4, 5, 6, 7, 8], [0, 1, 2, 3, 4, 5, 6, 7, 8], [0, 1, 2, 3, 4, 5, 6, 7, 8], [0, 1, 2, 3, 4, 5, 6, 7, 8]]",sidecar,True,morton,0
gqa,fullload,FullLoad,1.0,full,n522733,202249061,Does the traffic signal to the left of the signal light look metallic and high?,Yes,"[""yes""]",1.0,3869,2,morton,0,fullload,,462.8662847680971,,,748.2107310788706,753.0743540264666,19.132631015963852,772.2069850424305,1226833920,2368,64,,694.6746142348275,,,1.0,1.0,null,0.0,,1226833920,0,64,0,1226833920,19169280.0,19169280.0,0.0,,,,,null,,,,0
gqa,layout_prefix_chunk,Layout+Prefix,0.25,chunk,n522733,202249061,Does the traffic signal to the left of the signal light look metallic and high?,"The image shows a red brick building with a prominent arched entrance, a traffic","[""yes""]",0.0,450,16,morton,0,prefix,0.2656284486874938,167.3479414312169,57.56168928928673,262.58533203508705,61.0138070769608,323.6662520794198,273.32384895998985,596.9901010394096,320864256,576,65,198.96341010462493,0.0,9.0,37,0.24324324324324326,0.26153846153846155,"[0.26153846153846155, 0.26153846153846155, 0.26153846153846155, 0.26153846153846155, 0.26153846153846155, 0.26153846153846155, 0.26153846153846155, 0.26153846153846155, 0.26153846153846155, 0.26153846153846155, 0.26153846153846155, 0.26153846153846155, 0.26153846153846155, 0.26153846153846155, 0.26153846153846155, 0.26153846153846155, 0.26153846153846155, 0.26153846153846155, 0.26153846153846155, 0.26153846153846155, 0.26153846153846155, 0.26153846153846155, 0.26153846153846155, 0.26153846153846155, 0.26153846153846155, 0.26153846153846155, 0.26153846153846155, 0.26153846153846155, 0.26153846153846155, 0.26153846153846155, 0.26153846153846155, 0.26153846153846155]",0.0,288,301989888,18874368,64,1,320864256,4936373.169230769,4718592.0,18874368.0,0,0,0,prefix,"[[0, 1, 2, 3, 4, 5, 6, 7, 8], [0, 1, 2, 3, 4, 5, 6, 7, 8], [0, 1, 2, 3, 4, 5, 6, 7, 8], [0, 1, 2, 3, 4, 5, 6, 7, 8], [0, 1, 2, 3, 4, 5, 6, 7, 8], [0, 1, 2, 3, 4, 5, 6, 7, 8], [0, 1, 2, 3, 4, 5, 6, 7, 8], [0, 1, 2, 3, 4, 5, 6, 7, 8], [0, 1, 2, 3, 4, 5, 6, 7, 8], [0, 1, 2, 3, 4, 5, 6, 7, 8], [0, 1, 2, 3, 4, 5, 6, 7, 8], [0, 1, 2, 3, 4, 5, 6, 7, 8], [0, 1, 2, 3, 4, 5, 6, 7, 8], [0, 1, 2, 3, 4, 5, 6, 7, 8], [0, 1, 2, 3, 4, 5, 6, 7, 8], [0, 1, 2, 3, 4, 5, 6, 7, 8], [0, 1, 2, 3, 4, 5, 6, 7, 8], [0, 1, 2, 3, 4, 5, 6, 7, 8], [0, 1, 2, 3, 4, 5, 6, 7, 8], [0, 1, 2, 3, 4, 5, 6, 7, 8], [0, 1, 2, 3, 4, 5, 6, 7, 8], [0, 1, 2, 3, 4, 5, 6, 7, 8], [0, 1, 2, 3, 4, 5, 6, 7, 8], [0, 1, 2, 3, 4, 5, 6, 7, 8], [0, 1, 2, 3, 4, 5, 6, 7, 8], [0, 1, 2, 3, 4, 5, 6, 7, 8], [0, 1, 2, 3, 4, 5, 6, 7, 8], [0, 1, 2, 3, 4, 5, 6, 7, 8], [0, 1, 2, 3, 4, 5, 6, 7, 8], [0, 1, 2, 3, 4, 5, 6, 7, 8], [0, 1, 2, 3, 4, 5, 6, 7, 8], [0, 1, 2, 3, 4, 5, 6, 7, 8]]",sidecar,True,morton,0
gqa,fullload,FullLoad,1.0,full,n522733,202249022,Of what color is the car that is to the right of the other car?,Black,"[""beige""]",0.0,6054,2,morton,0,fullload,,439.5676249405369,,,800.4546070005745,805.2812379319221,18.971033045090735,824.2522709770128,1226833920,2368,64,,754.4980169041082,,,1.0,1.0,null,0.0,,1226833920,0,64,0,1226833920,19169280.0,19169280.0,0.0,,,,,null,,,,0
gqa,layout_prefix_chunk,Layout+Prefix,0.25,chunk,n522733,202249022,Of what color is the car that is to the right of the other car?,"The image shows a red brick building with a prominent arched entrance, a traffic","[""beige""]",0.0,450,16,morton,0,prefix,0.24088274221867323,167.27871156763285,51.89801217056811,254.88887599203736,40.902707958593965,295.84072798024863,273.16587907262146,569.0066070528701,320864256,576,65,197.12765514850616,0.0,9.0,37,0.24324324324324326,0.26153846153846155,"[0.26153846153846155, 0.26153846153846155, 0.26153846153846155, 0.26153846153846155, 0.26153846153846155, 0.26153846153846155, 0.26153846153846155, 0.26153846153846155, 0.26153846153846155, 0.26153846153846155, 0.26153846153846155, 0.26153846153846155, 0.26153846153846155, 0.26153846153846155, 0.26153846153846155, 0.26153846153846155, 0.26153846153846155, 0.26153846153846155, 0.26153846153846155, 0.26153846153846155, 0.26153846153846155, 0.26153846153846155, 0.26153846153846155, 0.26153846153846155, 0.26153846153846155, 0.26153846153846155, 0.26153846153846155, 0.26153846153846155, 0.26153846153846155, 0.26153846153846155, 0.26153846153846155, 0.26153846153846155]",0.0,288,301989888,18874368,64,1,320864256,4936373.169230769,4718592.0,18874368.0,0,0,0,prefix,"[[0, 1, 2, 3, 4, 5, 6, 7, 8], [0, 1, 2, 3, 4, 5, 6, 7, 8], [0, 1, 2, 3, 4, 5, 6, 7, 8], [0, 1, 2, 3, 4, 5, 6, 7, 8], [0, 1, 2, 3, 4, 5, 6, 7, 8], [0, 1, 2, 3, 4, 5, 6, 7, 8], [0, 1, 2, 3, 4, 5, 6, 7, 8], [0, 1, 2, 3, 4, 5, 6, 7, 8], [0, 1, 2, 3, 4, 5, 6, 7, 8], [0, 1, 2, 3, 4, 5, 6, 7, 8], [0, 1, 2, 3, 4, 5, 6, 7, 8], [0, 1, 2, 3, 4, 5, 6, 7, 8], [0, 1, 2, 3, 4, 5, 6, 7, 8], [0, 1, 2, 3, 4, 5, 6, 7, 8], [0, 1, 2, 3, 4, 5, 6, 7, 8], [0, 1, 2, 3, 4, 5, 6, 7, 8], [0, 1, 2, 3, 4, 5, 6, 7, 8], [0, 1, 2, 3, 4, 5, 6, 7, 8], [0, 1, 2, 3, 4, 5, 6, 7, 8], [0, 1, 2, 3, 4, 5, 6, 7, 8], [0, 1, 2, 3, 4, 5, 6, 7, 8], [0, 1, 2, 3, 4, 5, 6, 7, 8], [0, 1, 2, 3, 4, 5, 6, 7, 8], [0, 1, 2, 3, 4, 5, 6, 7, 8], [0, 1, 2, 3, 4, 5, 6, 7, 8], [0, 1, 2, 3, 4, 5, 6, 7, 8], [0, 1, 2, 3, 4, 5, 6, 7, 8], [0, 1, 2, 3, 4, 5, 6, 7, 8], [0, 1, 2, 3, 4, 5, 6, 7, 8], [0, 1, 2, 3, 4, 5, 6, 7, 8], [0, 1, 2, 3, 4, 5, 6, 7, 8], [0, 1, 2, 3, 4, 5, 6, 7, 8]]",sidecar,True,morton,0
gqa,fullload,FullLoad,1.0,full,n522733,202248991,What color is the SUV that is not little?,Black,"[""black""]",1.0,6054,2,morton,0,fullload,,548.4218740602955,,,958.7935580639169,963.6133690364659,19.02588503435254,982.6392540708184,1226833920,2368,64,,898.8571653608233,,,1.0,1.0,null,0.0,,1226833920,0,64,0,1226833920,19169280.0,19169280.0,0.0,,,,,null,,,,0
gqa,layout_prefix_chunk,Layout+Prefix,0.25,chunk,n522733,202248991,What color is the SUV that is not little?,"The image shows a red brick building with a sign that reads ""WASHING","[""black""]",0.0,450,16,morton,0,prefix,0.2372610615566373,161.60417010542005,52.582295960746706,250.51374407485127,41.0697910701856,291.6502160951495,274.0980989765376,565.7483150716871,320864256,576,65,192.03279237262905,0.0,9.0,37,0.24324324324324326,0.26153846153846155,"[0.26153846153846155, 0.26153846153846155, 0.26153846153846155, 0.26153846153846155, 0.26153846153846155, 0.26153846153846155, 0.26153846153846155, 0.26153846153846155, 0.26153846153846155, 0.26153846153846155, 0.26153846153846155, 0.26153846153846155, 0.26153846153846155, 0.26153846153846155, 0.26153846153846155, 0.26153846153846155, 0.26153846153846155, 0.26153846153846155, 0.26153846153846155, 0.26153846153846155, 0.26153846153846155, 0.26153846153846155, 0.26153846153846155, 0.26153846153846155, 0.26153846153846155, 0.26153846153846155, 0.26153846153846155, 0.26153846153846155, 0.26153846153846155, 0.26153846153846155, 0.26153846153846155, 0.26153846153846155]",0.0,288,301989888,18874368,64,1,320864256,4936373.169230769,4718592.0,18874368.0,0,0,0,prefix,"[[0, 1, 2, 3, 4, 5, 6, 7, 8], [0, 1, 2, 3, 4, 5, 6, 7, 8], [0, 1, 2, 3, 4, 5, 6, 7, 8], [0, 1, 2, 3, 4, 5, 6, 7, 8], [0, 1, 2, 3, 4, 5, 6, 7, 8], [0, 1, 2, 3, 4, 5, 6, 7, 8], [0, 1, 2, 3, 4, 5, 6, 7, 8], [0, 1, 2, 3, 4, 5, 6, 7, 8], [0, 1, 2, 3, 4, 5, 6, 7, 8], [0, 1, 2, 3, 4, 5, 6, 7, 8], [0, 1, 2, 3, 4, 5, 6, 7, 8], [0, 1, 2, 3, 4, 5, 6, 7, 8], [0, 1, 2, 3, 4, 5, 6, 7, 8], [0, 1, 2, 3, 4, 5, 6, 7, 8], [0, 1, 2, 3, 4, 5, 6, 7, 8], [0, 1, 2, 3, 4, 5, 6, 7, 8], [0, 1, 2, 3, 4, 5, 6, 7, 8], [0, 1, 2, 3, 4, 5, 6, 7, 8], [0, 1, 2, 3, 4, 5, 6, 7, 8], [0, 1, 2, 3, 4, 5, 6, 7, 8], [0, 1, 2, 3, 4, 5, 6, 7, 8], [0, 1, 2, 3, 4, 5, 6, 7, 8], [0, 1, 2, 3, 4, 5, 6, 7, 8], [0, 1, 2, 3, 4, 5, 6, 7, 8], [0, 1, 2, 3, 4, 5, 6, 7, 8], [0, 1, 2, 3, 4, 5, 6, 7, 8], [0, 1, 2, 3, 4, 5, 6, 7, 8], [0, 1, 2, 3, 4, 5, 6, 7, 8], [0, 1, 2, 3, 4, 5, 6, 7, 8], [0, 1, 2, 3, 4, 5, 6, 7, 8], [0, 1, 2, 3, 4, 5, 6, 7, 8], [0, 1, 2, 3, 4, 5, 6, 7, 8]]",sidecar,True,morton,0
gqa,fullload,FullLoad,1.0,full,n522733,202248985,Is the SUV that is made of glass black and small?,Yes,"[""no""]",0.0,3869,2,morton,0,fullload,,432.7218667604029,,,700.5035519832745,705.3335399832577,19.810575060546398,725.144115043804,1226833920,2368,64,,646.3180637219921,,,1.0,1.0,null,0.0,,1226833920,0,64,0,1226833920,19169280.0,19169280.0,0.0,,,,,null,,,,0
gqa,layout_prefix_chunk,Layout+Prefix,0.25,chunk,n522733,202248985,Is the SUV that is made of glass black and small?,"The image shows a red brick building with a street sign that reads ""Green Street","[""no""]",0.0,450,16,morton,0,prefix,0.26089686434715986,184.90452785044909,57.89621511939913,280.84428305737674,40.027367998845875,320.9372110432014,273.4474039170891,594.3846149602905,320864256,576,65,216.81151364464313,0.0,9.0,37,0.24324324324324326,0.26153846153846155,"[0.26153846153846155, 0.26153846153846155, 0.26153846153846155, 0.26153846153846155, 0.26153846153846155, 0.26153846153846155, 0.26153846153846155, 0.26153846153846155, 0.26153846153846155, 0.26153846153846155, 0.26153846153846155, 0.26153846153846155, 0.26153846153846155, 0.26153846153846155, 0.26153846153846155, 0.26153846153846155, 0.26153846153846155, 0.26153846153846155, 0.26153846153846155, 0.26153846153846155, 0.26153846153846155, 0.26153846153846155, 0.26153846153846155, 0.26153846153846155, 0.26153846153846155, 0.26153846153846155, 0.26153846153846155, 0.26153846153846155, 0.26153846153846155, 0.26153846153846155, 0.26153846153846155, 0.26153846153846155]",0.0,288,301989888,18874368,64,1,320864256,4936373.169230769,4718592.0,18874368.0,0,0,0,prefix,"[[0, 1, 2, 3, 4, 5, 6, 7, 8], [0, 1, 2, 3, 4, 5, 6, 7, 8], [0, 1, 2, 3, 4, 5, 6, 7, 8], [0, 1, 2, 3, 4, 5, 6, 7, 8], [0, 1, 2, 3, 4, 5, 6, 7, 8], [0, 1, 2, 3, 4, 5, 6, 7, 8], [0, 1, 2, 3, 4, 5, 6, 7, 8], [0, 1, 2, 3, 4, 5, 6, 7, 8], [0, 1, 2, 3, 4, 5, 6, 7, 8], [0, 1, 2, 3, 4, 5, 6, 7, 8], [0, 1, 2, 3, 4, 5, 6, 7, 8], [0, 1, 2, 3, 4, 5, 6, 7, 8], [0, 1, 2, 3, 4, 5, 6, 7, 8], [0, 1, 2, 3, 4, 5, 6, 7, 8], [0, 1, 2, 3, 4, 5, 6, 7, 8], [0, 1, 2, 3, 4, 5, 6, 7, 8], [0, 1, 2, 3, 4, 5, 6, 7, 8], [0, 1, 2, 3, 4, 5, 6, 7, 8], [0, 1, 2, 3, 4, 5, 6, 7, 8], [0, 1, 2, 3, 4, 5, 6, 7, 8], [0, 1, 2, 3, 4, 5, 6, 7, 8], [0, 1, 2, 3, 4, 5, 6, 7, 8], [0, 1, 2, 3, 4, 5, 6, 7, 8], [0, 1, 2, 3, 4, 5, 6, 7, 8], [0, 1, 2, 3, 4, 5, 6, 7, 8], [0, 1, 2, 3, 4, 5, 6, 7, 8], [0, 1, 2, 3, 4, 5, 6, 7, 8], [0, 1, 2, 3, 4, 5, 6, 7, 8], [0, 1, 2, 3, 4, 5, 6, 7, 8], [0, 1, 2, 3, 4, 5, 6, 7, 8], [0, 1, 2, 3, 4, 5, 6, 7, 8], [0, 1, 2, 3, 4, 5, 6, 7, 8]]",sidecar,True,morton,0
gqa,fullload,FullLoad,1.0,full,n199286,201439590,What animal is standing on the green grass?,None,"[""horse""]",0.0,6213,2,morton,0,fullload,,455.73410112410784,,,729.0869890712202,733.9165440062061,19.3059709854424,753.2225149916485,1175453696,2304,64,,675.2759066876024,,,1.0,1.0,null,0.0,,1175453696,0,64,0,1175453696,18366464.0,18366464.0,0.0,,,,,null,,,,0
gqa,layout_prefix_chunk,Layout+Prefix,0.25,chunk,n199286,201439590,What animal is standing on the green grass?,The image shows a bowl of soup and a plate of toast. The,"[""horse""]",0.0,450,16,morton,0,prefix,0.23904768750071526,163.59542403370142,51.114993169903755,249.6368089923635,36.17801994550973,285.8619529288262,274.3163889972493,560.1783419260755,319815680,576,65,192.72872374858707,0.0,9.0,36,0.25,0.272078501338091,"[0.272078501338091, 0.272078501338091, 0.272078501338091, 0.272078501338091, 0.272078501338091, 0.272078501338091, 0.272078501338091, 0.272078501338091, 0.272078501338091, 0.272078501338091, 0.272078501338091, 0.272078501338091, 0.272078501338091, 0.272078501338091, 0.272078501338091, 0.272078501338091, 0.272078501338091, 0.272078501338091, 0.272078501338091, 0.272078501338091, 0.272078501338091, 0.272078501338091, 0.272078501338091, 0.272078501338091, 0.272078501338091, 0.272078501338091, 0.272078501338091, 0.272078501338091, 0.272078501338091, 0.272078501338091, 0.272078501338091, 0.272078501338091]",0.0,288,301989888,17825792,64,1,319815680,4920241.230769231,4718592.0,17825792.0,0,0,0,prefix,"[[0, 1, 2, 3, 4, 5, 6, 7, 8], [0, 1, 2, 3, 4, 5, 6, 7, 8], [0, 1, 2, 3, 4, 5, 6, 7, 8], [0, 1, 2, 3, 4, 5, 6, 7, 8], [0, 1, 2, 3, 4, 5, 6, 7, 8], [0, 1, 2, 3, 4, 5, 6, 7, 8], [0, 1, 2, 3, 4, 5, 6, 7, 8], [0, 1, 2, 3, 4, 5, 6, 7, 8], [0, 1, 2, 3, 4, 5, 6, 7, 8], [0, 1, 2, 3, 4, 5, 6, 7, 8], [0, 1, 2, 3, 4, 5, 6, 7, 8], [0, 1, 2, 3, 4, 5, 6, 7, 8], [0, 1, 2, 3, 4, 5, 6, 7, 8], [0, 1, 2, 3, 4, 5, 6, 7, 8], [0, 1, 2, 3, 4, 5, 6, 7, 8], [0, 1, 2, 3, 4, 5, 6, 7, 8], [0, 1, 2, 3, 4, 5, 6, 7, 8], [0, 1, 2, 3, 4, 5, 6, 7, 8], [0, 1, 2, 3, 4, 5, 6, 7, 8], [0, 1, 2, 3, 4, 5, 6, 7, 8], [0, 1, 2, 3, 4, 5, 6, 7, 8], [0, 1, 2, 3, 4, 5, 6, 7, 8], [0, 1, 2, 3, 4, 5, 6, 7, 8], [0, 1, 2, 3, 4, 5, 6, 7, 8], [0, 1, 2, 3, 4, 5, 6, 7, 8], [0, 1, 2, 3, 4, 5, 6, 7, 8], [0, 1, 2, 3, 4, 5, 6, 7, 8], [0, 1, 2, 3, 4, 5, 6, 7, 8], [0, 1, 2, 3, 4, 5, 6, 7, 8], [0, 1, 2, 3, 4, 5, 6, 7, 8], [0, 1, 2, 3, 4, 5, 6, 7, 8], [0, 1, 2, 3, 4, 5, 6, 7, 8]]",sidecar,True,morton,0
gqa,fullload,FullLoad,1.0,full,n199286,201439451,Is the happy woman on the right side or on the left?,Left,"[""right""]",0.0,19941,2,morton,0,fullload,,410.77709721866995,,,660.0262930151075,664.772222051397,23.726736893877387,688.4989589452744,1175453696,2304,64,,609.3287790426984,,,1.0,1.0,null,0.0,,1175453696,0,64,0,1175453696,18366464.0,18366464.0,0.0,,,,,null,,,,0
gqa,layout_prefix_chunk,Layout+Prefix,0.25,chunk,n199286,201439451,Is the happy woman on the right side or on the left?,The image shows a bowl of soup and a plate of toast. The,"[""right""]",0.0,450,16,morton,0,prefix,0.27436157688498497,169.7155253496021,57.23248631693423,266.14758803043514,40.8099670894444,307.02380707953125,271.3655629195273,578.3893699990585,319815680,576,65,202.89652701467276,0.0,9.0,36,0.25,0.272078501338091,"[0.272078501338091, 0.272078501338091, 0.272078501338091, 0.272078501338091, 0.272078501338091, 0.272078501338091, 0.272078501338091, 0.272078501338091, 0.272078501338091, 0.272078501338091, 0.272078501338091, 0.272078501338091, 0.272078501338091, 0.272078501338091, 0.272078501338091, 0.272078501338091, 0.272078501338091, 0.272078501338091, 0.272078501338091, 0.272078501338091, 0.272078501338091, 0.272078501338091, 0.272078501338091, 0.272078501338091, 0.272078501338091, 0.272078501338091, 0.272078501338091, 0.272078501338091, 0.272078501338091, 0.272078501338091, 0.272078501338091, 0.272078501338091]",0.0,288,301989888,17825792,64,1,319815680,4920241.230769231,4718592.0,17825792.0,0,0,0,prefix,"[[0, 1, 2, 3, 4, 5, 6, 7, 8], [0, 1, 2, 3, 4, 5, 6, 7, 8], [0, 1, 2, 3, 4, 5, 6, 7, 8], [0, 1, 2, 3, 4, 5, 6, 7, 8], [0, 1, 2, 3, 4, 5, 6, 7, 8], [0, 1, 2, 3, 4, 5, 6, 7, 8], [0, 1, 2, 3, 4, 5, 6, 7, 8], [0, 1, 2, 3, 4, 5, 6, 7, 8], [0, 1, 2, 3, 4, 5, 6, 7, 8], [0, 1, 2, 3, 4, 5, 6, 7, 8], [0, 1, 2, 3, 4, 5, 6, 7, 8], [0, 1, 2, 3, 4, 5, 6, 7, 8], [0, 1, 2, 3, 4, 5, 6, 7, 8], [0, 1, 2, 3, 4, 5, 6, 7, 8], [0, 1, 2, 3, 4, 5, 6, 7, 8], [0, 1, 2, 3, 4, 5, 6, 7, 8], [0, 1, 2, 3, 4, 5, 6, 7, 8], [0, 1, 2, 3, 4, 5, 6, 7, 8], [0, 1, 2, 3, 4, 5, 6, 7, 8], [0, 1, 2, 3, 4, 5, 6, 7, 8], [0, 1, 2, 3, 4, 5, 6, 7, 8], [0, 1, 2, 3, 4, 5, 6, 7, 8], [0, 1, 2, 3, 4, 5, 6, 7, 8], [0, 1, 2, 3, 4, 5, 6, 7, 8], [0, 1, 2, 3, 4, 5, 6, 7, 8], [0, 1, 2, 3, 4, 5, 6, 7, 8], [0, 1, 2, 3, 4, 5, 6, 7, 8], [0, 1, 2, 3, 4, 5, 6, 7, 8], [0, 1, 2, 3, 4, 5, 6, 7, 8], [0, 1, 2, 3, 4, 5, 6, 7, 8], [0, 1, 2, 3, 4, 5, 6, 7, 8], [0, 1, 2, 3, 4, 5, 6, 7, 8]]",sidecar,True,morton,0
gqa,fullload,FullLoad,1.0,full,n199286,201439531,Is the grass green?,Yes,"[""yes""]",1.0,3869,2,morton,0,fullload,,408.1766325980425,,,653.5112630808726,658.1929590320215,19.50754097197205,677.7005000039935,1175453696,2304,64,,605.197069235146,,,1.0,1.0,null,0.0,,1175453696,0,64,0,1175453696,18366464.0,18366464.0,0.0,,,,,null,,,,0
gqa,layout_prefix_chunk,Layout+Prefix,0.25,chunk,n199286,201439531,Is the grass green?,The image shows a bowl of soup and a plate of toast. The,"[""yes""]",0.0,450,16,morton,0,prefix,0.25856634601950645,160.64264031592757,53.7872709101066,248.3570179902017,40.39625194855034,288.81907602772117,274.11362796556205,562.9327039932832,319815680,576,65,188.7155189178884,0.0,9.0,36,0.25,0.272078501338091,"[0.272078501338091, 0.272078501338091, 0.272078501338091, 0.272078501338091, 0.272078501338091, 0.272078501338091, 0.272078501338091, 0.272078501338091, 0.272078501338091, 0.272078501338091, 0.272078501338091, 0.272078501338091, 0.272078501338091, 0.272078501338091, 0.272078501338091, 0.272078501338091, 0.272078501338091, 0.272078501338091, 0.272078501338091, 0.272078501338091, 0.272078501338091, 0.272078501338091, 0.272078501338091, 0.272078501338091, 0.272078501338091, 0.272078501338091, 0.272078501338091, 0.272078501338091, 0.272078501338091, 0.272078501338091, 0.272078501338091, 0.272078501338091]",0.0,288,301989888,17825792,64,1,319815680,4920241.230769231,4718592.0,17825792.0,0,0,0,prefix,"[[0, 1, 2, 3, 4, 5, 6, 7, 8], [0, 1, 2, 3, 4, 5, 6, 7, 8], [0, 1, 2, 3, 4, 5, 6, 7, 8], [0, 1, 2, 3, 4, 5, 6, 7, 8], [0, 1, 2, 3, 4, 5, 6, 7, 8], [0, 1, 2, 3, 4, 5, 6, 7, 8], [0, 1, 2, 3, 4, 5, 6, 7, 8], [0, 1, 2, 3, 4, 5, 6, 7, 8], [0, 1, 2, 3, 4, 5, 6, 7, 8], [0, 1, 2, 3, 4, 5, 6, 7, 8], [0, 1, 2, 3, 4, 5, 6, 7, 8], [0, 1, 2, 3, 4, 5, 6, 7, 8], [0, 1, 2, 3, 4, 5, 6, 7, 8], [0, 1, 2, 3, 4, 5, 6, 7, 8], [0, 1, 2, 3, 4, 5, 6, 7, 8], [0, 1, 2, 3, 4, 5, 6, 7, 8], [0, 1, 2, 3, 4, 5, 6, 7, 8], [0, 1, 2, 3, 4, 5, 6, 7, 8], [0, 1, 2, 3, 4, 5, 6, 7, 8], [0, 1, 2, 3, 4, 5, 6, 7, 8], [0, 1, 2, 3, 4, 5, 6, 7, 8], [0, 1, 2, 3, 4, 5, 6, 7, 8], [0, 1, 2, 3, 4, 5, 6, 7, 8], [0, 1, 2, 3, 4, 5, 6, 7, 8], [0, 1, 2, 3, 4, 5, 6, 7, 8], [0, 1, 2, 3, 4, 5, 6, 7, 8], [0, 1, 2, 3, 4, 5, 6, 7, 8], [0, 1, 2, 3, 4, 5, 6, 7, 8], [0, 1, 2, 3, 4, 5, 6, 7, 8], [0, 1, 2, 3, 4, 5, 6, 7, 8], [0, 1, 2, 3, 4, 5, 6, 7, 8], [0, 1, 2, 3, 4, 5, 6, 7, 8]]",sidecar,True,morton,0
gqa,fullload,FullLoad,1.0,full,n199286,201439514,Who is wearing a shirt?,No one,"[""woman""]",0.0,1939,3,morton,0,fullload,,480.09740095585585,,,819.6114700986072,824.412550078705,38.07743696961552,862.4899870483205,1175453696,2304,64,,775.039502652362,,,1.0,1.0,null,0.0,,1175453696,0,64,0,1175453696,18366464.0,18366464.0,0.0,,,,,null,,,,0
gqa,layout_prefix_chunk,Layout+Prefix,0.25,chunk,n199286,201439514,Who is wearing a shirt?,The image shows a bowl of creamy soup with a spoon in it,"[""woman""]",0.0,450,16,morton,0,prefix,0.17573079094290733,155.77368170488626,44.68828393146396,229.5014839619398,35.491260001435876,265.0446710176766,275.64861602149904,540.6932870391756,319815680,576,65,179.40356000326574,0.0,9.0,36,0.25,0.272078501338091,"[0.272078501338091, 0.272078501338091, 0.272078501338091, 0.272078501338091, 0.272078501338091, 0.272078501338091, 0.272078501338091, 0.272078501338091, 0.272078501338091, 0.272078501338091, 0.272078501338091, 0.272078501338091, 0.272078501338091, 0.272078501338091, 0.272078501338091, 0.272078501338091, 0.272078501338091, 0.272078501338091, 0.272078501338091, 0.272078501338091, 0.272078501338091, 0.272078501338091, 0.272078501338091, 0.272078501338091, 0.272078501338091, 0.272078501338091, 0.272078501338091, 0.272078501338091, 0.272078501338091, 0.272078501338091, 0.272078501338091, 0.272078501338091]",0.0,288,301989888,17825792,64,1,319815680,4920241.230769231,4718592.0,17825792.0,0,0,0,prefix,"[[0, 1, 2, 3, 4, 5, 6, 7, 8], [0, 1, 2, 3, 4, 5, 6, 7, 8], [0, 1, 2, 3, 4, 5, 6, 7, 8], [0, 1, 2, 3, 4, 5, 6, 7, 8], [0, 1, 2, 3, 4, 5, 6, 7, 8], [0, 1, 2, 3, 4, 5, 6, 7, 8], [0, 1, 2, 3, 4, 5, 6, 7, 8], [0, 1, 2, 3, 4, 5, 6, 7, 8], [0, 1, 2, 3, 4, 5, 6, 7, 8], [0, 1, 2, 3, 4, 5, 6, 7, 8], [0, 1, 2, 3, 4, 5, 6, 7, 8], [0, 1, 2, 3, 4, 5, 6, 7, 8], [0, 1, 2, 3, 4, 5, 6, 7, 8], [0, 1, 2, 3, 4, 5, 6, 7, 8], [0, 1, 2, 3, 4, 5, 6, 7, 8], [0, 1, 2, 3, 4, 5, 6, 7, 8], [0, 1, 2, 3, 4, 5, 6, 7, 8], [0, 1, 2, 3, 4, 5, 6, 7, 8], [0, 1, 2, 3, 4, 5, 6, 7, 8], [0, 1, 2, 3, 4, 5, 6, 7, 8], [0, 1, 2, 3, 4, 5, 6, 7, 8], [0, 1, 2, 3, 4, 5, 6, 7, 8], [0, 1, 2, 3, 4, 5, 6, 7, 8], [0, 1, 2, 3, 4, 5, 6, 7, 8], [0, 1, 2, 3, 4, 5, 6, 7, 8], [0, 1, 2, 3, 4, 5, 6, 7, 8], [0, 1, 2, 3, 4, 5, 6, 7, 8], [0, 1, 2, 3, 4, 5, 6, 7, 8], [0, 1, 2, 3, 4, 5, 6, 7, 8], [0, 1, 2, 3, 4, 5, 6, 7, 8], [0, 1, 2, 3, 4, 5, 6, 7, 8], [0, 1, 2, 3, 4, 5, 6, 7, 8]]",sidecar,True,morton,0
gqa,fullload,FullLoad,1.0,full,n199286,201439703,What animal is to the left of the girl?,Chicken,"[""horse""]",0.0,678,3,morton,0,fullload,,457.92421291116625,,,799.9112309189513,804.616899928078,37.7175920875743,842.3344920156524,1175453696,2304,64,,752.3194936802611,,,1.0,1.0,null,0.0,,1175453696,0,64,0,1175453696,18366464.0,18366464.0,0.0,,,,,null,,,,0
gqa,layout_prefix_chunk,Layout+Prefix,0.25,chunk,n199286,201439703,What animal is to the left of the girl?,The image shows a bowl of soup and a plate of toast. The,"[""horse""]",0.0,450,16,morton,0,prefix,0.2515041269361973,169.20058522373438,56.30416900385171,263.0574699724093,40.99510610103607,304.11743908189237,268.4115379815921,572.5289770634845,319815680,576,65,200.86750958580524,0.0,9.0,36,0.25,0.272078501338091,"[0.272078501338091, 0.272078501338091, 0.272078501338091, 0.272078501338091, 0.272078501338091, 0.272078501338091, 0.272078501338091, 0.272078501338091, 0.272078501338091, 0.272078501338091, 0.272078501338091, 0.272078501338091, 0.272078501338091, 0.272078501338091, 0.272078501338091, 0.272078501338091, 0.272078501338091, 0.272078501338091, 0.272078501338091, 0.272078501338091, 0.272078501338091, 0.272078501338091, 0.272078501338091, 0.272078501338091, 0.272078501338091, 0.272078501338091, 0.272078501338091, 0.272078501338091, 0.272078501338091, 0.272078501338091, 0.272078501338091, 0.272078501338091]",0.0,288,301989888,17825792,64,1,319815680,4920241.230769231,4718592.0,17825792.0,0,0,0,prefix,"[[0, 1, 2, 3, 4, 5, 6, 7, 8], [0, 1, 2, 3, 4, 5, 6, 7, 8], [0, 1, 2, 3, 4, 5, 6, 7, 8], [0, 1, 2, 3, 4, 5, 6, 7, 8], [0, 1, 2, 3, 4, 5, 6, 7, 8], [0, 1, 2, 3, 4, 5, 6, 7, 8], [0, 1, 2, 3, 4, 5, 6, 7, 8], [0, 1, 2, 3, 4, 5, 6, 7, 8], [0, 1, 2, 3, 4, 5, 6, 7, 8], [0, 1, 2, 3, 4, 5, 6, 7, 8], [0, 1, 2, 3, 4, 5, 6, 7, 8], [0, 1, 2, 3, 4, 5, 6, 7, 8], [0, 1, 2, 3, 4, 5, 6, 7, 8], [0, 1, 2, 3, 4, 5, 6, 7, 8], [0, 1, 2, 3, 4, 5, 6, 7, 8], [0, 1, 2, 3, 4, 5, 6, 7, 8], [0, 1, 2, 3, 4, 5, 6, 7, 8], [0, 1, 2, 3, 4, 5, 6, 7, 8], [0, 1, 2, 3, 4, 5, 6, 7, 8], [0, 1, 2, 3, 4, 5, 6, 7, 8], [0, 1, 2, 3, 4, 5, 6, 7, 8], [0, 1, 2, 3, 4, 5, 6, 7, 8], [0, 1, 2, 3, 4, 5, 6, 7, 8], [0, 1, 2, 3, 4, 5, 6, 7, 8], [0, 1, 2, 3, 4, 5, 6, 7, 8], [0, 1, 2, 3, 4, 5, 6, 7, 8], [0, 1, 2, 3, 4, 5, 6, 7, 8], [0, 1, 2, 3, 4, 5, 6, 7, 8], [0, 1, 2, 3, 4, 5, 6, 7, 8], [0, 1, 2, 3, 4, 5, 6, 7, 8], [0, 1, 2, 3, 4, 5, 6, 7, 8], [0, 1, 2, 3, 4, 5, 6, 7, 8]]",sidecar,True,morton,0
gqa,fullload,FullLoad,1.0,full,n199286,201439727,Do the shorts have dark color and large size?,No,"[""no""]",1.0,1939,2,morton,0,fullload,,487.2706769965589,,,839.6911999443546,844.4704919820651,22.981350077316165,867.4518420593813,1175453696,2304,64,,791.7925502406433,,,1.0,1.0,null,0.0,,1175453696,0,64,0,1175453696,18366464.0,18366464.0,0.0,,,,,null,,,,0
gqa,layout_prefix_chunk,Layout+Prefix,0.25,chunk,n199286,201439727,Do the shorts have dark color and large size?,The image shows a bowl of soup and a plate of toast. The,"[""no""]",0.0,450,16,morton,0,prefix,0.2646208740770817,168.2856569532305,56.692436686716974,262.97643792349845,56.34884303435683,319.3906790111214,271.35615900624543,590.7468380173668,319815680,576,65,200.38265082985163,0.0,9.0,36,0.25,0.272078501338091,"[0.272078501338091, 0.272078501338091, 0.272078501338091, 0.272078501338091, 0.272078501338091, 0.272078501338091, 0.272078501338091, 0.272078501338091, 0.272078501338091, 0.272078501338091, 0.272078501338091, 0.272078501338091, 0.272078501338091, 0.272078501338091, 0.272078501338091, 0.272078501338091, 0.272078501338091, 0.272078501338091, 0.272078501338091, 0.272078501338091, 0.272078501338091, 0.272078501338091, 0.272078501338091, 0.272078501338091, 0.272078501338091, 0.272078501338091, 0.272078501338091, 0.272078501338091, 0.272078501338091, 0.272078501338091, 0.272078501338091, 0.272078501338091]",0.0,288,301989888,17825792,64,1,319815680,4920241.230769231,4718592.0,17825792.0,0,0,0,prefix,"[[0, 1, 2, 3, 4, 5, 6, 7, 8], [0, 1, 2, 3, 4, 5, 6, 7, 8], [0, 1, 2, 3, 4, 5, 6, 7, 8], [0, 1, 2, 3, 4, 5, 6, 7, 8], [0, 1, 2, 3, 4, 5, 6, 7, 8], [0, 1, 2, 3, 4, 5, 6, 7, 8], [0, 1, 2, 3, 4, 5, 6, 7, 8], [0, 1, 2, 3, 4, 5, 6, 7, 8], [0, 1, 2, 3, 4, 5, 6, 7, 8], [0, 1, 2, 3, 4, 5, 6, 7, 8], [0, 1, 2, 3, 4, 5, 6, 7, 8], [0, 1, 2, 3, 4, 5, 6, 7, 8], [0, 1, 2, 3, 4, 5, 6, 7, 8], [0, 1, 2, 3, 4, 5, 6, 7, 8], [0, 1, 2, 3, 4, 5, 6, 7, 8], [0, 1, 2, 3, 4, 5, 6, 7, 8], [0, 1, 2, 3, 4, 5, 6, 7, 8], [0, 1, 2, 3, 4, 5, 6, 7, 8], [0, 1, 2, 3, 4, 5, 6, 7, 8], [0, 1, 2, 3, 4, 5, 6, 7, 8], [0, 1, 2, 3, 4, 5, 6, 7, 8], [0, 1, 2, 3, 4, 5, 6, 7, 8], [0, 1, 2, 3, 4, 5, 6, 7, 8], [0, 1, 2, 3, 4, 5, 6, 7, 8], [0, 1, 2, 3, 4, 5, 6, 7, 8], [0, 1, 2, 3, 4, 5, 6, 7, 8], [0, 1, 2, 3, 4, 5, 6, 7, 8], [0, 1, 2, 3, 4, 5, 6, 7, 8], [0, 1, 2, 3, 4, 5, 6, 7, 8], [0, 1, 2, 3, 4, 5, 6, 7, 8], [0, 1, 2, 3, 4, 5, 6, 7, 8], [0, 1, 2, 3, 4, 5, 6, 7, 8]]",sidecar,True,morton,0
gqa,fullload,FullLoad,1.0,full,n298104,201505104,What color are the mountains next to the ocean?,Green,"[""gray""]",0.0,7646,2,morton,0,fullload,,428.65326802711934,,,696.0796359926462,700.9594660485163,19.479520968161523,720.4389870166779,1132462080,2176,64,,640.7211336772889,,,1.0,1.0,null,0.0,,1132462080,0,64,0,1132462080,17694720.0,17694720.0,0.0,,,,,null,,,,0
gqa,layout_prefix_chunk,Layout+Prefix,0.25,chunk,n298104,201505104,What color are the mountains next to the ocean?,The image shows a person standing on a beach holding a surfboard. The,"[""gray""]",0.0,450,16,morton,0,prefix,0.21707802079617977,168.86176576372236,49.65966288000345,254.0272440528497,35.249673994258046,289.32051395531744,278.4309540875256,567.751468042843,293601280,512,65,197.27553171105683,0.0,8.0,34,0.23529411764705882,0.25925925925925924,"[0.25925925925925924, 0.25925925925925924, 0.25925925925925924, 0.25925925925925924, 0.25925925925925924, 0.25925925925925924, 0.25925925925925924, 0.25925925925925924, 0.25925925925925924, 0.25925925925925924, 0.25925925925925924, 0.25925925925925924, 0.25925925925925924, 0.25925925925925924, 0.25925925925925924, 0.25925925925925924, 0.25925925925925924, 0.25925925925925924, 0.25925925925925924, 0.25925925925925924, 0.25925925925925924, 0.25925925925925924, 0.25925925925925924, 0.25925925925925924, 0.25925925925925924, 0.25925925925925924, 0.25925925925925924, 0.25925925925925924, 0.25925925925925924, 0.25925925925925924, 0.25925925925925924, 0.25925925925925924]",0.0,256,268435456,25165824,64,1,293601280,4516942.769230769,4194304.0,25165824.0,0,0,0,prefix,"[[0, 1, 2, 3, 4, 5, 6, 7], [0, 1, 2, 3, 4, 5, 6, 7], [0, 1, 2, 3, 4, 5, 6, 7], [0, 1, 2, 3, 4, 5, 6, 7], [0, 1, 2, 3, 4, 5, 6, 7], [0, 1, 2, 3, 4, 5, 6, 7], [0, 1, 2, 3, 4, 5, 6, 7], [0, 1, 2, 3, 4, 5, 6, 7], [0, 1, 2, 3, 4, 5, 6, 7], [0, 1, 2, 3, 4, 5, 6, 7], [0, 1, 2, 3, 4, 5, 6, 7], [0, 1, 2, 3, 4, 5, 6, 7], [0, 1, 2, 3, 4, 5, 6, 7], [0, 1, 2, 3, 4, 5, 6, 7], [0, 1, 2, 3, 4, 5, 6, 7], [0, 1, 2, 3, 4, 5, 6, 7], [0, 1, 2, 3, 4, 5, 6, 7], [0, 1, 2, 3, 4, 5, 6, 7], [0, 1, 2, 3, 4, 5, 6, 7], [0, 1, 2, 3, 4, 5, 6, 7], [0, 1, 2, 3, 4, 5, 6, 7], [0, 1, 2, 3, 4, 5, 6, 7], [0, 1, 2, 3, 4, 5, 6, 7], [0, 1, 2, 3, 4, 5, 6, 7], [0, 1, 2, 3, 4, 5, 6, 7], [0, 1, 2, 3, 4, 5, 6, 7], [0, 1, 2, 3, 4, 5, 6, 7], [0, 1, 2, 3, 4, 5, 6, 7], [0, 1, 2, 3, 4, 5, 6, 7], [0, 1, 2, 3, 4, 5, 6, 7], [0, 1, 2, 3, 4, 5, 6, 7], [0, 1, 2, 3, 4, 5, 6, 7]]",sidecar,True,morton,0
gqa,fullload,FullLoad,1.0,full,n298104,201505196,How large is the sand?,Small,"[""large""]",0.0,18285,2,morton,0,fullload,,387.9404842155054,,,607.2500719456002,611.8607639800757,19.865266978740692,631.7260309588164,1132462080,2176,64,,563.0833980394527,,,1.0,1.0,null,0.0,,1132462080,0,64,0,1132462080,17694720.0,17694720.0,0.0,,,,,null,,,,0
gqa,layout_prefix_chunk,Layout+Prefix,0.25,chunk,n298104,201505196,How large is the sand?,The image shows a person standing on a beach holding a surfboard. The,"[""large""]",0.0,450,16,morton,0,prefix,0.20213110838085413,162.2148499591276,46.605209819972515,238.28832898288965,38.10957900714129,276.465522008948,270.79784392844886,547.2633659373969,293601280,512,65,186.2054611556232,0.0,8.0,34,0.23529411764705882,0.25925925925925924,"[0.25925925925925924, 0.25925925925925924, 0.25925925925925924, 0.25925925925925924, 0.25925925925925924, 0.25925925925925924, 0.25925925925925924, 0.25925925925925924, 0.25925925925925924, 0.25925925925925924, 0.25925925925925924, 0.25925925925925924, 0.25925925925925924, 0.25925925925925924, 0.25925925925925924, 0.25925925925925924, 0.25925925925925924, 0.25925925925925924, 0.25925925925925924, 0.25925925925925924, 0.25925925925925924, 0.25925925925925924, 0.25925925925925924, 0.25925925925925924, 0.25925925925925924, 0.25925925925925924, 0.25925925925925924, 0.25925925925925924, 0.25925925925925924, 0.25925925925925924, 0.25925925925925924, 0.25925925925925924]",0.0,256,268435456,25165824,64,1,293601280,4516942.769230769,4194304.0,25165824.0,0,0,0,prefix,"[[0, 1, 2, 3, 4, 5, 6, 7], [0, 1, 2, 3, 4, 5, 6, 7], [0, 1, 2, 3, 4, 5, 6, 7], [0, 1, 2, 3, 4, 5, 6, 7], [0, 1, 2, 3, 4, 5, 6, 7], [0, 1, 2, 3, 4, 5, 6, 7], [0, 1, 2, 3, 4, 5, 6, 7], [0, 1, 2, 3, 4, 5, 6, 7], [0, 1, 2, 3, 4, 5, 6, 7], [0, 1, 2, 3, 4, 5, 6, 7], [0, 1, 2, 3, 4, 5, 6, 7], [0, 1, 2, 3, 4, 5, 6, 7], [0, 1, 2, 3, 4, 5, 6, 7], [0, 1, 2, 3, 4, 5, 6, 7], [0, 1, 2, 3, 4, 5, 6, 7], [0, 1, 2, 3, 4, 5, 6, 7], [0, 1, 2, 3, 4, 5, 6, 7], [0, 1, 2, 3, 4, 5, 6, 7], [0, 1, 2, 3, 4, 5, 6, 7], [0, 1, 2, 3, 4, 5, 6, 7], [0, 1, 2, 3, 4, 5, 6, 7], [0, 1, 2, 3, 4, 5, 6, 7], [0, 1, 2, 3, 4, 5, 6, 7], [0, 1, 2, 3, 4, 5, 6, 7], [0, 1, 2, 3, 4, 5, 6, 7], [0, 1, 2, 3, 4, 5, 6, 7], [0, 1, 2, 3, 4, 5, 6, 7], [0, 1, 2, 3, 4, 5, 6, 7], [0, 1, 2, 3, 4, 5, 6, 7], [0, 1, 2, 3, 4, 5, 6, 7], [0, 1, 2, 3, 4, 5, 6, 7], [0, 1, 2, 3, 4, 5, 6, 7]]",sidecar,True,morton,0
gqa,fullload,FullLoad,1.0,full,n298104,201504797,Does the shirt look short sleeved or long sleeved?,Short sleeved,"[""short sleeved""]",1.0,13899,5,morton,0,fullload,,463.5429949266836,,,797.8011710802093,802.438409999013,74.49417898897082,876.9325889879838,1132462080,2176,64,,748.3493799809366,,,1.0,1.0,null,0.0,,1132462080,0,64,0,1132462080,17694720.0,17694720.0,0.0,,,,,null,,,,0
gqa,layout_prefix_chunk,Layout+Prefix,0.25,chunk,n298104,201504797,Does the shirt look short sleeved or long sleeved?,The image shows a person standing on a beach holding a surfboard. The,"[""short sleeved""]",0.0,450,16,morton,0,prefix,0.24858128745108843,165.49603885505348,56.1981558566913,259.64728801045567,55.905502988025546,315.61972107738256,271.7231089482084,587.342830025591,293601280,512,65,197.66793481539935,0.0,8.0,34,0.23529411764705882,0.25925925925925924,"[0.25925925925925924, 0.25925925925925924, 0.25925925925925924, 0.25925925925925924, 0.25925925925925924, 0.25925925925925924, 0.25925925925925924, 0.25925925925925924, 0.25925925925925924, 0.25925925925925924, 0.25925925925925924, 0.25925925925925924, 0.25925925925925924, 0.25925925925925924, 0.25925925925925924, 0.25925925925925924, 0.25925925925925924, 0.25925925925925924, 0.25925925925925924, 0.25925925925925924, 0.25925925925925924, 0.25925925925925924, 0.25925925925925924, 0.25925925925925924, 0.25925925925925924, 0.25925925925925924, 0.25925925925925924, 0.25925925925925924, 0.25925925925925924, 0.25925925925925924, 0.25925925925925924, 0.25925925925925924]",0.0,256,268435456,25165824,64,1,293601280,4516942.769230769,4194304.0,25165824.0,0,0,0,prefix,"[[0, 1, 2, 3, 4, 5, 6, 7], [0, 1, 2, 3, 4, 5, 6, 7], [0, 1, 2, 3, 4, 5, 6, 7], [0, 1, 2, 3, 4, 5, 6, 7], [0, 1, 2, 3, 4, 5, 6, 7], [0, 1, 2, 3, 4, 5, 6, 7], [0, 1, 2, 3, 4, 5, 6, 7], [0, 1, 2, 3, 4, 5, 6, 7], [0, 1, 2, 3, 4, 5, 6, 7], [0, 1, 2, 3, 4, 5, 6, 7], [0, 1, 2, 3, 4, 5, 6, 7], [0, 1, 2, 3, 4, 5, 6, 7], [0, 1, 2, 3, 4, 5, 6, 7], [0, 1, 2, 3, 4, 5, 6, 7], [0, 1, 2, 3, 4, 5, 6, 7], [0, 1, 2, 3, 4, 5, 6, 7], [0, 1, 2, 3, 4, 5, 6, 7], [0, 1, 2, 3, 4, 5, 6, 7], [0, 1, 2, 3, 4, 5, 6, 7], [0, 1, 2, 3, 4, 5, 6, 7], [0, 1, 2, 3, 4, 5, 6, 7], [0, 1, 2, 3, 4, 5, 6, 7], [0, 1, 2, 3, 4, 5, 6, 7], [0, 1, 2, 3, 4, 5, 6, 7], [0, 1, 2, 3, 4, 5, 6, 7], [0, 1, 2, 3, 4, 5, 6, 7], [0, 1, 2, 3, 4, 5, 6, 7], [0, 1, 2, 3, 4, 5, 6, 7], [0, 1, 2, 3, 4, 5, 6, 7], [0, 1, 2, 3, 4, 5, 6, 7], [0, 1, 2, 3, 4, 5, 6, 7], [0, 1, 2, 3, 4, 5, 6, 7]]",sidecar,True,morton,0
gqa,fullload,FullLoad,1.0,full,n298104,201504720,How big is the flower on the surfboard?,Small,"[""small""]",1.0,18285,2,morton,0,fullload,,487.4914404936135,,,849.9053500127047,854.5471510151401,23.642754997126758,878.1899060122669,1132462080,2176,64,,796.0524405352771,,,1.0,1.0,null,0.0,,1132462080,0,64,0,1132462080,17694720.0,17694720.0,0.0,,,,,null,,,,0
gqa,layout_prefix_chunk,Layout+Prefix,0.25,chunk,n298104,201504720,How big is the flower on the surfboard?,The image shows a person standing on a beach holding a surfboard. The,"[""small""]",0.0,450,16,morton,0,prefix,0.22217712830752134,156.43179591279477,49.3653571465984,239.04495302122086,34.512759069912136,273.6078960588202,269.36664001550525,542.9745360743254,293601280,512,65,183.9896208839491,0.0,8.0,34,0.23529411764705882,0.25925925925925924,"[0.25925925925925924, 0.25925925925925924, 0.25925925925925924, 0.25925925925925924, 0.25925925925925924, 0.25925925925925924, 0.25925925925925924, 0.25925925925925924, 0.25925925925925924, 0.25925925925925924, 0.25925925925925924, 0.25925925925925924, 0.25925925925925924, 0.25925925925925924, 0.25925925925925924, 0.25925925925925924, 0.25925925925925924, 0.25925925925925924, 0.25925925925925924, 0.25925925925925924, 0.25925925925925924, 0.25925925925925924, 0.25925925925925924, 0.25925925925925924, 0.25925925925925924, 0.25925925925925924, 0.25925925925925924, 0.25925925925925924, 0.25925925925925924, 0.25925925925925924, 0.25925925925925924, 0.25925925925925924]",0.0,256,268435456,25165824,64,1,293601280,4516942.769230769,4194304.0,25165824.0,0,0,0,prefix,"[[0, 1, 2, 3, 4, 5, 6, 7], [0, 1, 2, 3, 4, 5, 6, 7], [0, 1, 2, 3, 4, 5, 6, 7], [0, 1, 2, 3, 4, 5, 6, 7], [0, 1, 2, 3, 4, 5, 6, 7], [0, 1, 2, 3, 4, 5, 6, 7], [0, 1, 2, 3, 4, 5, 6, 7], [0, 1, 2, 3, 4, 5, 6, 7], [0, 1, 2, 3, 4, 5, 6, 7], [0, 1, 2, 3, 4, 5, 6, 7], [0, 1, 2, 3, 4, 5, 6, 7], [0, 1, 2, 3, 4, 5, 6, 7], [0, 1, 2, 3, 4, 5, 6, 7], [0, 1, 2, 3, 4, 5, 6, 7], [0, 1, 2, 3, 4, 5, 6, 7], [0, 1, 2, 3, 4, 5, 6, 7], [0, 1, 2, 3, 4, 5, 6, 7], [0, 1, 2, 3, 4, 5, 6, 7], [0, 1, 2, 3, 4, 5, 6, 7], [0, 1, 2, 3, 4, 5, 6, 7], [0, 1, 2, 3, 4, 5, 6, 7], [0, 1, 2, 3, 4, 5, 6, 7], [0, 1, 2, 3, 4, 5, 6, 7], [0, 1, 2, 3, 4, 5, 6, 7], [0, 1, 2, 3, 4, 5, 6, 7], [0, 1, 2, 3, 4, 5, 6, 7], [0, 1, 2, 3, 4, 5, 6, 7], [0, 1, 2, 3, 4, 5, 6, 7], [0, 1, 2, 3, 4, 5, 6, 7], [0, 1, 2, 3, 4, 5, 6, 7], [0, 1, 2, 3, 4, 5, 6, 7], [0, 1, 2, 3, 4, 5, 6, 7]]",sidecar,True,morton,0
gqa,fullload,FullLoad,1.0,full,n298104,201504921,What is the thin person standing behind of?,Surfboard,"[""sign""]",0.0,6298,4,morton,0,fullload,,466.8111801147461,,,799.6984319761395,804.3847519438714,55.37076503969729,859.7555169835687,1132462080,2176,64,,751.892005209811,,,1.0,1.0,null,0.0,,1132462080,0,64,0,1132462080,17694720.0,17694720.0,0.0,,,,,null,,,,0
gqa,layout_prefix_chunk,Layout+Prefix,0.25,chunk,n298104,201504921,What is the thin person standing behind of?,The image shows a person standing on a beach holding a surfboard. The,"[""sign""]",0.0,450,16,morton,0,prefix,0.20815548487007618,169.94472965598106,46.95831285789609,249.64653002098203,47.41681204177439,297.12888004723936,271.0883190156892,568.2171990629286,293601280,512,65,197.03981245402247,0.0,8.0,34,0.23529411764705882,0.25925925925925924,"[0.25925925925925924, 0.25925925925925924, 0.25925925925925924, 0.25925925925925924, 0.25925925925925924, 0.25925925925925924, 0.25925925925925924, 0.25925925925925924, 0.25925925925925924, 0.25925925925925924, 0.25925925925925924, 0.25925925925925924, 0.25925925925925924, 0.25925925925925924, 0.25925925925925924, 0.25925925925925924, 0.25925925925925924, 0.25925925925925924, 0.25925925925925924, 0.25925925925925924, 0.25925925925925924, 0.25925925925925924, 0.25925925925925924, 0.25925925925925924, 0.25925925925925924, 0.25925925925925924, 0.25925925925925924, 0.25925925925925924, 0.25925925925925924, 0.25925925925925924, 0.25925925925925924, 0.25925925925925924]",0.0,256,268435456,25165824,64,1,293601280,4516942.769230769,4194304.0,25165824.0,0,0,0,prefix,"[[0, 1, 2, 3, 4, 5, 6, 7], [0, 1, 2, 3, 4, 5, 6, 7], [0, 1, 2, 3, 4, 5, 6, 7], [0, 1, 2, 3, 4, 5, 6, 7], [0, 1, 2, 3, 4, 5, 6, 7], [0, 1, 2, 3, 4, 5, 6, 7], [0, 1, 2, 3, 4, 5, 6, 7], [0, 1, 2, 3, 4, 5, 6, 7], [0, 1, 2, 3, 4, 5, 6, 7], [0, 1, 2, 3, 4, 5, 6, 7], [0, 1, 2, 3, 4, 5, 6, 7], [0, 1, 2, 3, 4, 5, 6, 7], [0, 1, 2, 3, 4, 5, 6, 7], [0, 1, 2, 3, 4, 5, 6, 7], [0, 1, 2, 3, 4, 5, 6, 7], [0, 1, 2, 3, 4, 5, 6, 7], [0, 1, 2, 3, 4, 5, 6, 7], [0, 1, 2, 3, 4, 5, 6, 7], [0, 1, 2, 3, 4, 5, 6, 7], [0, 1, 2, 3, 4, 5, 6, 7], [0, 1, 2, 3, 4, 5, 6, 7], [0, 1, 2, 3, 4, 5, 6, 7], [0, 1, 2, 3, 4, 5, 6, 7], [0, 1, 2, 3, 4, 5, 6, 7], [0, 1, 2, 3, 4, 5, 6, 7], [0, 1, 2, 3, 4, 5, 6, 7], [0, 1, 2, 3, 4, 5, 6, 7], [0, 1, 2, 3, 4, 5, 6, 7], [0, 1, 2, 3, 4, 5, 6, 7], [0, 1, 2, 3, 4, 5, 6, 7], [0, 1, 2, 3, 4, 5, 6, 7], [0, 1, 2, 3, 4, 5, 6, 7]]",sidecar,True,morton,0
gqa,fullload,FullLoad,1.0,full,n298104,201504737,What is on the surfboard behind the sign?,Flower,"[""flower""]",1.0,383,3,morton,0,fullload,,461.78019023500383,,,808.459892985411,813.055319013074,37.469041999429464,850.5243610125035,1132462080,2176,64,,760.6199641013518,,,1.0,1.0,null,0.0,,1132462080,0,64,0,1132462080,17694720.0,17694720.0,0.0,,,,,null,,,,0
gqa,layout_prefix_chunk,Layout+Prefix,0.25,chunk,n298104,201504737,What is on the surfboard behind the sign?,The image shows a person standing on a beach holding a surfboard. The,"[""flower""]",0.0,450,16,morton,0,prefix,0.24359708186239004,167.44638222735375,54.8596978187561,258.9031649986282,38.913822965696454,297.88267402909696,273.96872197277844,571.8513960018754,293601280,512,65,198.3225375879556,0.0,8.0,34,0.23529411764705882,0.25925925925925924,"[0.25925925925925924, 0.25925925925925924, 0.25925925925925924, 0.25925925925925924, 0.25925925925925924, 0.25925925925925924, 0.25925925925925924, 0.25925925925925924, 0.25925925925925924, 0.25925925925925924, 0.25925925925925924, 0.25925925925925924, 0.25925925925925924, 0.25925925925925924, 0.25925925925925924, 0.25925925925925924, 0.25925925925925924, 0.25925925925925924, 0.25925925925925924, 0.25925925925925924, 0.25925925925925924, 0.25925925925925924, 0.25925925925925924, 0.25925925925925924, 0.25925925925925924, 0.25925925925925924, 0.25925925925925924, 0.25925925925925924, 0.25925925925925924, 0.25925925925925924, 0.25925925925925924, 0.25925925925925924]",0.0,256,268435456,25165824,64,1,293601280,4516942.769230769,4194304.0,25165824.0,0,0,0,prefix,"[[0, 1, 2, 3, 4, 5, 6, 7], [0, 1, 2, 3, 4, 5, 6, 7], [0, 1, 2, 3, 4, 5, 6, 7], [0, 1, 2, 3, 4, 5, 6, 7], [0, 1, 2, 3, 4, 5, 6, 7], [0, 1, 2, 3, 4, 5, 6, 7], [0, 1, 2, 3, 4, 5, 6, 7], [0, 1, 2, 3, 4, 5, 6, 7], [0, 1, 2, 3, 4, 5, 6, 7], [0, 1, 2, 3, 4, 5, 6, 7], [0, 1, 2, 3, 4, 5, 6, 7], [0, 1, 2, 3, 4, 5, 6, 7], [0, 1, 2, 3, 4, 5, 6, 7], [0, 1, 2, 3, 4, 5, 6, 7], [0, 1, 2, 3, 4, 5, 6, 7], [0, 1, 2, 3, 4, 5, 6, 7], [0, 1, 2, 3, 4, 5, 6, 7], [0, 1, 2, 3, 4, 5, 6, 7], [0, 1, 2, 3, 4, 5, 6, 7], [0, 1, 2, 3, 4, 5, 6, 7], [0, 1, 2, 3, 4, 5, 6, 7], [0, 1, 2, 3, 4, 5, 6, 7], [0, 1, 2, 3, 4, 5, 6, 7], [0, 1, 2, 3, 4, 5, 6, 7], [0, 1, 2, 3, 4, 5, 6, 7], [0, 1, 2, 3, 4, 5, 6, 7], [0, 1, 2, 3, 4, 5, 6, 7], [0, 1, 2, 3, 4, 5, 6, 7], [0, 1, 2, 3, 4, 5, 6, 7], [0, 1, 2, 3, 4, 5, 6, 7], [0, 1, 2, 3, 4, 5, 6, 7], [0, 1, 2, 3, 4, 5, 6, 7]]",sidecar,True,morton,0
gqa,fullload,FullLoad,1.0,full,n166008,20240972,Do the customers appear to be waiting?,Yes,"[""yes""]",1.0,3869,2,morton,0,fullload,,517.0247541973367,,,882.7787860063836,887.6739999977872,23.49273895379156,911.1667389515787,1226833920,2368,64,,832.3013850022107,,,1.0,1.0,null,0.0,,1226833920,0,64,0,1226833920,19169280.0,19169280.0,0.0,,,,,null,,,,0
gqa,layout_prefix_chunk,Layout+Prefix,0.25,chunk,n166008,20240972,Do the customers appear to be waiting?,The man in the image is eating a sandwich.,"[""yes""]",0.0,450,13,morton,0,prefix,0.30062184669077396,180.78897218219936,58.457933948375285,279.8225750448182,41.8580420082435,321.74528401810676,221.91469103563577,543.6599750537425,320864256,576,65,215.18077806103975,0.0,9.0,37,0.24324324324324326,0.26153846153846155,"[0.26153846153846155, 0.26153846153846155, 0.26153846153846155, 0.26153846153846155, 0.26153846153846155, 0.26153846153846155, 0.26153846153846155, 0.26153846153846155, 0.26153846153846155, 0.26153846153846155, 0.26153846153846155, 0.26153846153846155, 0.26153846153846155, 0.26153846153846155, 0.26153846153846155, 0.26153846153846155, 0.26153846153846155, 0.26153846153846155, 0.26153846153846155, 0.26153846153846155, 0.26153846153846155, 0.26153846153846155, 0.26153846153846155, 0.26153846153846155, 0.26153846153846155, 0.26153846153846155, 0.26153846153846155, 0.26153846153846155, 0.26153846153846155, 0.26153846153846155, 0.26153846153846155, 0.26153846153846155]",0.0,288,301989888,18874368,64,1,320864256,4936373.169230769,4718592.0,18874368.0,0,0,0,prefix,"[[0, 1, 2, 3, 4, 5, 6, 7, 8], [0, 1, 2, 3, 4, 5, 6, 7, 8], [0, 1, 2, 3, 4, 5, 6, 7, 8], [0, 1, 2, 3, 4, 5, 6, 7, 8], [0, 1, 2, 3, 4, 5, 6, 7, 8], [0, 1, 2, 3, 4, 5, 6, 7, 8], [0, 1, 2, 3, 4, 5, 6, 7, 8], [0, 1, 2, 3, 4, 5, 6, 7, 8], [0, 1, 2, 3, 4, 5, 6, 7, 8], [0, 1, 2, 3, 4, 5, 6, 7, 8], [0, 1, 2, 3, 4, 5, 6, 7, 8], [0, 1, 2, 3, 4, 5, 6, 7, 8], [0, 1, 2, 3, 4, 5, 6, 7, 8], [0, 1, 2, 3, 4, 5, 6, 7, 8], [0, 1, 2, 3, 4, 5, 6, 7, 8], [0, 1, 2, 3, 4, 5, 6, 7, 8], [0, 1, 2, 3, 4, 5, 6, 7, 8], [0, 1, 2, 3, 4, 5, 6, 7, 8], [0, 1, 2, 3, 4, 5, 6, 7, 8], [0, 1, 2, 3, 4, 5, 6, 7, 8], [0, 1, 2, 3, 4, 5, 6, 7, 8], [0, 1, 2, 3, 4, 5, 6, 7, 8], [0, 1, 2, 3, 4, 5, 6, 7, 8], [0, 1, 2, 3, 4, 5, 6, 7, 8], [0, 1, 2, 3, 4, 5, 6, 7, 8], [0, 1, 2, 3, 4, 5, 6, 7, 8], [0, 1, 2, 3, 4, 5, 6, 7, 8], [0, 1, 2, 3, 4, 5, 6, 7, 8], [0, 1, 2, 3, 4, 5, 6, 7, 8], [0, 1, 2, 3, 4, 5, 6, 7, 8], [0, 1, 2, 3, 4, 5, 6, 7, 8], [0, 1, 2, 3, 4, 5, 6, 7, 8]]",sidecar,True,morton,0
gqa,fullload,FullLoad,1.0,full,n166008,20240975,Who is waiting?,People,"[""customers""]",0.0,11647,2,morton,0,fullload,,512.8735339967534,,,871.3403439614922,876.2738419463858,19.315207027830184,895.589048974216,1226833920,2368,64,,826.6242013778538,,,1.0,1.0,null,0.0,,1226833920,0,64,0,1226833920,19169280.0,19169280.0,0.0,,,,,null,,,,0
gqa,layout_prefix_chunk,Layout+Prefix,0.25,chunk,n166008,20240975,Who is waiting?,The man in the image is eating a sandwich.,"[""customers""]",0.0,450,13,morton,0,prefix,0.18108892254531384,151.9337163772434,43.82152727339417,226.15842300001532,35.084377974271774,261.2860419321805,219.10208801273257,480.3881299449131,320864256,576,65,176.3236402766779,0.0,9.0,37,0.24324324324324326,0.26153846153846155,"[0.26153846153846155, 0.26153846153846155, 0.26153846153846155, 0.26153846153846155, 0.26153846153846155, 0.26153846153846155, 0.26153846153846155, 0.26153846153846155, 0.26153846153846155, 0.26153846153846155, 0.26153846153846155, 0.26153846153846155, 0.26153846153846155, 0.26153846153846155, 0.26153846153846155, 0.26153846153846155, 0.26153846153846155, 0.26153846153846155, 0.26153846153846155, 0.26153846153846155, 0.26153846153846155, 0.26153846153846155, 0.26153846153846155, 0.26153846153846155, 0.26153846153846155, 0.26153846153846155, 0.26153846153846155, 0.26153846153846155, 0.26153846153846155, 0.26153846153846155, 0.26153846153846155, 0.26153846153846155]",0.0,288,301989888,18874368,64,1,320864256,4936373.169230769,4718592.0,18874368.0,0,0,0,prefix,"[[0, 1, 2, 3, 4, 5, 6, 7, 8], [0, 1, 2, 3, 4, 5, 6, 7, 8], [0, 1, 2, 3, 4, 5, 6, 7, 8], [0, 1, 2, 3, 4, 5, 6, 7, 8], [0, 1, 2, 3, 4, 5, 6, 7, 8], [0, 1, 2, 3, 4, 5, 6, 7, 8], [0, 1, 2, 3, 4, 5, 6, 7, 8], [0, 1, 2, 3, 4, 5, 6, 7, 8], [0, 1, 2, 3, 4, 5, 6, 7, 8], [0, 1, 2, 3, 4, 5, 6, 7, 8], [0, 1, 2, 3, 4, 5, 6, 7, 8], [0, 1, 2, 3, 4, 5, 6, 7, 8], [0, 1, 2, 3, 4, 5, 6, 7, 8], [0, 1, 2, 3, 4, 5, 6, 7, 8], [0, 1, 2, 3, 4, 5, 6, 7, 8], [0, 1, 2, 3, 4, 5, 6, 7, 8], [0, 1, 2, 3, 4, 5, 6, 7, 8], [0, 1, 2, 3, 4, 5, 6, 7, 8], [0, 1, 2, 3, 4, 5, 6, 7, 8], [0, 1, 2, 3, 4, 5, 6, 7, 8], [0, 1, 2, 3, 4, 5, 6, 7, 8], [0, 1, 2, 3, 4, 5, 6, 7, 8], [0, 1, 2, 3, 4, 5, 6, 7, 8], [0, 1, 2, 3, 4, 5, 6, 7, 8], [0, 1, 2, 3, 4, 5, 6, 7, 8], [0, 1, 2, 3, 4, 5, 6, 7, 8], [0, 1, 2, 3, 4, 5, 6, 7, 8], [0, 1, 2, 3, 4, 5, 6, 7, 8], [0, 1, 2, 3, 4, 5, 6, 7, 8], [0, 1, 2, 3, 4, 5, 6, 7, 8], [0, 1, 2, 3, 4, 5, 6, 7, 8], [0, 1, 2, 3, 4, 5, 6, 7, 8]]",sidecar,True,morton,0
gqa,fullload,FullLoad,1.0,full,n166008,20240976,Is there any beer in this photo?,No,"[""no""]",1.0,1939,2,morton,0,fullload,,517.570503638126,,,888.2824389729649,893.0935530224815,19.207820994779468,912.301374017261,1226833920,2368,64,,842.2304940177128,,,1.0,1.0,null,0.0,,1226833920,0,64,0,1226833920,19169280.0,19169280.0,0.0,,,,,null,,,,0
gqa,layout_prefix_chunk,Layout+Prefix,0.25,chunk,n166008,20240976,Is there any beer in this photo?,The man in the image is eating a sandwich.,"[""no""]",0.0,450,13,morton,0,prefix,0.26325532235205173,174.56271359696984,56.00011895876378,269.09733400680125,43.63758396357298,312.79944092966616,216.0932560218498,528.892696951516,320864256,576,65,206.95321750827134,0.0,9.0,37,0.24324324324324326,0.26153846153846155,"[0.26153846153846155, 0.26153846153846155, 0.26153846153846155, 0.26153846153846155, 0.26153846153846155, 0.26153846153846155, 0.26153846153846155, 0.26153846153846155, 0.26153846153846155, 0.26153846153846155, 0.26153846153846155, 0.26153846153846155, 0.26153846153846155, 0.26153846153846155, 0.26153846153846155, 0.26153846153846155, 0.26153846153846155, 0.26153846153846155, 0.26153846153846155, 0.26153846153846155, 0.26153846153846155, 0.26153846153846155, 0.26153846153846155, 0.26153846153846155, 0.26153846153846155, 0.26153846153846155, 0.26153846153846155, 0.26153846153846155, 0.26153846153846155, 0.26153846153846155, 0.26153846153846155, 0.26153846153846155]",0.0,288,301989888,18874368,64,1,320864256,4936373.169230769,4718592.0,18874368.0,0,0,0,prefix,"[[0, 1, 2, 3, 4, 5, 6, 7, 8], [0, 1, 2, 3, 4, 5, 6, 7, 8], [0, 1, 2, 3, 4, 5, 6, 7, 8], [0, 1, 2, 3, 4, 5, 6, 7, 8], [0, 1, 2, 3, 4, 5, 6, 7, 8], [0, 1, 2, 3, 4, 5, 6, 7, 8], [0, 1, 2, 3, 4, 5, 6, 7, 8], [0, 1, 2, 3, 4, 5, 6, 7, 8], [0, 1, 2, 3, 4, 5, 6, 7, 8], [0, 1, 2, 3, 4, 5, 6, 7, 8], [0, 1, 2, 3, 4, 5, 6, 7, 8], [0, 1, 2, 3, 4, 5, 6, 7, 8], [0, 1, 2, 3, 4, 5, 6, 7, 8], [0, 1, 2, 3, 4, 5, 6, 7, 8], [0, 1, 2, 3, 4, 5, 6, 7, 8], [0, 1, 2, 3, 4, 5, 6, 7, 8], [0, 1, 2, 3, 4, 5, 6, 7, 8], [0, 1, 2, 3, 4, 5, 6, 7, 8], [0, 1, 2, 3, 4, 5, 6, 7, 8], [0, 1, 2, 3, 4, 5, 6, 7, 8], [0, 1, 2, 3, 4, 5, 6, 7, 8], [0, 1, 2, 3, 4, 5, 6, 7, 8], [0, 1, 2, 3, 4, 5, 6, 7, 8], [0, 1, 2, 3, 4, 5, 6, 7, 8], [0, 1, 2, 3, 4, 5, 6, 7, 8], [0, 1, 2, 3, 4, 5, 6, 7, 8], [0, 1, 2, 3, 4, 5, 6, 7, 8], [0, 1, 2, 3, 4, 5, 6, 7, 8], [0, 1, 2, 3, 4, 5, 6, 7, 8], [0, 1, 2, 3, 4, 5, 6, 7, 8], [0, 1, 2, 3, 4, 5, 6, 7, 8], [0, 1, 2, 3, 4, 5, 6, 7, 8]]",sidecar,True,morton,0
gqa,fullload,FullLoad,1.0,full,n166008,20240957,What is underneath the glass?,Water,"[""table""]",0.0,13062,2,morton,0,fullload,,476.4392647193745,,,763.3667830377817,768.3228070382029,22.678427980281413,791.0012350184843,1226833920,2368,64,,706.3927693525329,,,1.0,1.0,null,0.0,,1226833920,0,64,0,1226833920,19169280.0,19169280.0,0.0,,,,,null,,,,0
gqa,layout_prefix_chunk,Layout+Prefix,0.25,chunk,n166008,20240957,What is underneath the glass?,The man in the image is eating a sandwich.,"[""table""]",0.0,450,13,morton,0,prefix,0.2164250472560525,162.5429653795436,50.73083459865302,246.30850704852492,40.607676026411355,286.98061406612396,219.69738695770502,506.678001023829,320864256,576,65,189.74917358718812,0.0,9.0,37,0.24324324324324326,0.26153846153846155,"[0.26153846153846155, 0.26153846153846155, 0.26153846153846155, 0.26153846153846155, 0.26153846153846155, 0.26153846153846155, 0.26153846153846155, 0.26153846153846155, 0.26153846153846155, 0.26153846153846155, 0.26153846153846155, 0.26153846153846155, 0.26153846153846155, 0.26153846153846155, 0.26153846153846155, 0.26153846153846155, 0.26153846153846155, 0.26153846153846155, 0.26153846153846155, 0.26153846153846155, 0.26153846153846155, 0.26153846153846155, 0.26153846153846155, 0.26153846153846155, 0.26153846153846155, 0.26153846153846155, 0.26153846153846155, 0.26153846153846155, 0.26153846153846155, 0.26153846153846155, 0.26153846153846155, 0.26153846153846155]",0.0,288,301989888,18874368,64,1,320864256,4936373.169230769,4718592.0,18874368.0,0,0,0,prefix,"[[0, 1, 2, 3, 4, 5, 6, 7, 8], [0, 1, 2, 3, 4, 5, 6, 7, 8], [0, 1, 2, 3, 4, 5, 6, 7, 8], [0, 1, 2, 3, 4, 5, 6, 7, 8], [0, 1, 2, 3, 4, 5, 6, 7, 8], [0, 1, 2, 3, 4, 5, 6, 7, 8], [0, 1, 2, 3, 4, 5, 6, 7, 8], [0, 1, 2, 3, 4, 5, 6, 7, 8], [0, 1, 2, 3, 4, 5, 6, 7, 8], [0, 1, 2, 3, 4, 5, 6, 7, 8], [0, 1, 2, 3, 4, 5, 6, 7, 8], [0, 1, 2, 3, 4, 5, 6, 7, 8], [0, 1, 2, 3, 4, 5, 6, 7, 8], [0, 1, 2, 3, 4, 5, 6, 7, 8], [0, 1, 2, 3, 4, 5, 6, 7, 8], [0, 1, 2, 3, 4, 5, 6, 7, 8], [0, 1, 2, 3, 4, 5, 6, 7, 8], [0, 1, 2, 3, 4, 5, 6, 7, 8], [0, 1, 2, 3, 4, 5, 6, 7, 8], [0, 1, 2, 3, 4, 5, 6, 7, 8], [0, 1, 2, 3, 4, 5, 6, 7, 8], [0, 1, 2, 3, 4, 5, 6, 7, 8], [0, 1, 2, 3, 4, 5, 6, 7, 8], [0, 1, 2, 3, 4, 5, 6, 7, 8], [0, 1, 2, 3, 4, 5, 6, 7, 8], [0, 1, 2, 3, 4, 5, 6, 7, 8], [0, 1, 2, 3, 4, 5, 6, 7, 8], [0, 1, 2, 3, 4, 5, 6, 7, 8], [0, 1, 2, 3, 4, 5, 6, 7, 8], [0, 1, 2, 3, 4, 5, 6, 7, 8], [0, 1, 2, 3, 4, 5, 6, 7, 8], [0, 1, 2, 3, 4, 5, 6, 7, 8]]",sidecar,True,morton,0
gqa,fullload,FullLoad,1.0,full,n166008,20240935,What is the item of furniture underneath the water bottle?,Table,"[""table""]",1.0,6137,2,morton,0,fullload,,503.19180730730295,,,806.8884019739926,811.7495719343424,19.460135023109615,831.209706957452,1226833920,2368,64,,745.6018073717132,,,1.0,1.0,null,0.0,,1226833920,0,64,0,1226833920,19169280.0,19169280.0,0.0,,,,,null,,,,0
gqa,layout_prefix_chunk,Layout+Prefix,0.25,chunk,n166008,20240935,What is the item of furniture underneath the water bottle?,The man in the image is eating a sandwich.,"[""table""]",0.0,450,13,morton,0,prefix,0.17841695807874203,154.16120237205178,44.38206017948687,233.8752569630742,33.994692959822714,267.91108294855803,220.41344305034727,488.3245259989053,320864256,576,65,179.04743505641818,0.0,9.0,37,0.24324324324324326,0.26153846153846155,"[0.26153846153846155, 0.26153846153846155, 0.26153846153846155, 0.26153846153846155, 0.26153846153846155, 0.26153846153846155, 0.26153846153846155, 0.26153846153846155, 0.26153846153846155, 0.26153846153846155, 0.26153846153846155, 0.26153846153846155, 0.26153846153846155, 0.26153846153846155, 0.26153846153846155, 0.26153846153846155, 0.26153846153846155, 0.26153846153846155, 0.26153846153846155, 0.26153846153846155, 0.26153846153846155, 0.26153846153846155, 0.26153846153846155, 0.26153846153846155, 0.26153846153846155, 0.26153846153846155, 0.26153846153846155, 0.26153846153846155, 0.26153846153846155, 0.26153846153846155, 0.26153846153846155, 0.26153846153846155]",0.0,288,301989888,18874368,64,1,320864256,4936373.169230769,4718592.0,18874368.0,0,0,0,prefix,"[[0, 1, 2, 3, 4, 5, 6, 7, 8], [0, 1, 2, 3, 4, 5, 6, 7, 8], [0, 1, 2, 3, 4, 5, 6, 7, 8], [0, 1, 2, 3, 4, 5, 6, 7, 8], [0, 1, 2, 3, 4, 5, 6, 7, 8], [0, 1, 2, 3, 4, 5, 6, 7, 8], [0, 1, 2, 3, 4, 5, 6, 7, 8], [0, 1, 2, 3, 4, 5, 6, 7, 8], [0, 1, 2, 3, 4, 5, 6, 7, 8], [0, 1, 2, 3, 4, 5, 6, 7, 8], [0, 1, 2, 3, 4, 5, 6, 7, 8], [0, 1, 2, 3, 4, 5, 6, 7, 8], [0, 1, 2, 3, 4, 5, 6, 7, 8], [0, 1, 2, 3, 4, 5, 6, 7, 8], [0, 1, 2, 3, 4, 5, 6, 7, 8], [0, 1, 2, 3, 4, 5, 6, 7, 8], [0, 1, 2, 3, 4, 5, 6, 7, 8], [0, 1, 2, 3, 4, 5, 6, 7, 8], [0, 1, 2, 3, 4, 5, 6, 7, 8], [0, 1, 2, 3, 4, 5, 6, 7, 8], [0, 1, 2, 3, 4, 5, 6, 7, 8], [0, 1, 2, 3, 4, 5, 6, 7, 8], [0, 1, 2, 3, 4, 5, 6, 7, 8], [0, 1, 2, 3, 4, 5, 6, 7, 8], [0, 1, 2, 3, 4, 5, 6, 7, 8], [0, 1, 2, 3, 4, 5, 6, 7, 8], [0, 1, 2, 3, 4, 5, 6, 7, 8], [0, 1, 2, 3, 4, 5, 6, 7, 8], [0, 1, 2, 3, 4, 5, 6, 7, 8], [0, 1, 2, 3, 4, 5, 6, 7, 8], [0, 1, 2, 3, 4, 5, 6, 7, 8], [0, 1, 2, 3, 4, 5, 6, 7, 8]]",sidecar,True,morton,0
gqa,fullload,FullLoad,1.0,full,n166008,20241047,Who is sitting in front of the water?,Man,"[""man""]",1.0,2315,2,morton,0,fullload,,484.3677713070065,,,831.6451880382374,836.4534799475223,23.62143702339381,860.0749169709161,1226833920,2368,64,,787.5128319719806,,,1.0,1.0,null,0.0,,1226833920,0,64,0,1226833920,19169280.0,19169280.0,0.0,,,,,null,,,,0
gqa,layout_prefix_chunk,Layout+Prefix,0.25,chunk,n166008,20241047,Who is sitting in front of the water?,The man in the image is eating a sandwich.,"[""man""]",1.0,450,13,morton,0,prefix,0.43603579979389906,132.32799840625376,50.81593710929155,218.22474303189665,51.18828301783651,269.4783000042662,217.02307206578553,486.50137207005173,320864256,576,65,161.3403013907373,0.0,9.0,37,0.24324324324324326,0.26153846153846155,"[0.26153846153846155, 0.26153846153846155, 0.26153846153846155, 0.26153846153846155, 0.26153846153846155, 0.26153846153846155, 0.26153846153846155, 0.26153846153846155, 0.26153846153846155, 0.26153846153846155, 0.26153846153846155, 0.26153846153846155, 0.26153846153846155, 0.26153846153846155, 0.26153846153846155, 0.26153846153846155, 0.26153846153846155, 0.26153846153846155, 0.26153846153846155, 0.26153846153846155, 0.26153846153846155, 0.26153846153846155, 0.26153846153846155, 0.26153846153846155, 0.26153846153846155, 0.26153846153846155, 0.26153846153846155, 0.26153846153846155, 0.26153846153846155, 0.26153846153846155, 0.26153846153846155, 0.26153846153846155]",0.0,288,301989888,18874368,64,1,320864256,4936373.169230769,4718592.0,18874368.0,0,0,0,prefix,"[[0, 1, 2, 3, 4, 5, 6, 7, 8], [0, 1, 2, 3, 4, 5, 6, 7, 8], [0, 1, 2, 3, 4, 5, 6, 7, 8], [0, 1, 2, 3, 4, 5, 6, 7, 8], [0, 1, 2, 3, 4, 5, 6, 7, 8], [0, 1, 2, 3, 4, 5, 6, 7, 8], [0, 1, 2, 3, 4, 5, 6, 7, 8], [0, 1, 2, 3, 4, 5, 6, 7, 8], [0, 1, 2, 3, 4, 5, 6, 7, 8], [0, 1, 2, 3, 4, 5, 6, 7, 8], [0, 1, 2, 3, 4, 5, 6, 7, 8], [0, 1, 2, 3, 4, 5, 6, 7, 8], [0, 1, 2, 3, 4, 5, 6, 7, 8], [0, 1, 2, 3, 4, 5, 6, 7, 8], [0, 1, 2, 3, 4, 5, 6, 7, 8], [0, 1, 2, 3, 4, 5, 6, 7, 8], [0, 1, 2, 3, 4, 5, 6, 7, 8], [0, 1, 2, 3, 4, 5, 6, 7, 8], [0, 1, 2, 3, 4, 5, 6, 7, 8], [0, 1, 2, 3, 4, 5, 6, 7, 8], [0, 1, 2, 3, 4, 5, 6, 7, 8], [0, 1, 2, 3, 4, 5, 6, 7, 8], [0, 1, 2, 3, 4, 5, 6, 7, 8], [0, 1, 2, 3, 4, 5, 6, 7, 8], [0, 1, 2, 3, 4, 5, 6, 7, 8], [0, 1, 2, 3, 4, 5, 6, 7, 8], [0, 1, 2, 3, 4, 5, 6, 7, 8], [0, 1, 2, 3, 4, 5, 6, 7, 8], [0, 1, 2, 3, 4, 5, 6, 7, 8], [0, 1, 2, 3, 4, 5, 6, 7, 8], [0, 1, 2, 3, 4, 5, 6, 7, 8], [0, 1, 2, 3, 4, 5, 6, 7, 8]]",sidecar,True,morton,0
gqa,fullload,FullLoad,1.0,full,n67005,20716952,What is on the bed near the bag?,Pillow,"[""cord""]",0.0,349,4,morton,0,fullload,,429.306821199134,,,698.3961539808661,703.3721120096743,56.01661198306829,759.3887239927426,1233125376,2368,64,,648.2656496809795,,,1.0,1.0,null,0.0,,1233125376,0,64,0,1233125376,19267584.0,19267584.0,0.0,,,,,null,,,,0
gqa,layout_prefix_chunk,Layout+Prefix,0.25,chunk,n67005,20716952,What is on the bed near the bag?,The image shows a bedroom with a bed in the foreground and a mirror,"[""cord""]",0.0,450,16,morton,0,prefix,0.260324333794415,178.109246538952,57.563567999750376,272.4879030138254,49.50237495359033,322.0556249143556,270.3474920708686,592.4031169852242,327155712,576,65,208.85868568439037,0.0,9.0,37,0.24324324324324326,0.2653061224489796,"[0.2653061224489796, 0.2653061224489796, 0.2653061224489796, 0.2653061224489796, 0.2653061224489796, 0.2653061224489796, 0.2653061224489796, 0.2653061224489796, 0.2653061224489796, 0.2653061224489796, 0.2653061224489796, 0.2653061224489796, 0.2653061224489796, 0.2653061224489796, 0.2653061224489796, 0.2653061224489796, 0.2653061224489796, 0.2653061224489796, 0.2653061224489796, 0.2653061224489796, 0.2653061224489796, 0.2653061224489796, 0.2653061224489796, 0.2653061224489796, 0.2653061224489796, 0.2653061224489796, 0.2653061224489796, 0.2653061224489796, 0.2653061224489796, 0.2653061224489796, 0.2653061224489796, 0.2653061224489796]",0.0,288,301989888,25165824,64,1,327155712,5033164.8,4718592.0,25165824.0,0,0,0,prefix,"[[0, 1, 2, 3, 4, 5, 6, 7, 8], [0, 1, 2, 3, 4, 5, 6, 7, 8], [0, 1, 2, 3, 4, 5, 6, 7, 8], [0, 1, 2, 3, 4, 5, 6, 7, 8], [0, 1, 2, 3, 4, 5, 6, 7, 8], [0, 1, 2, 3, 4, 5, 6, 7, 8], [0, 1, 2, 3, 4, 5, 6, 7, 8], [0, 1, 2, 3, 4, 5, 6, 7, 8], [0, 1, 2, 3, 4, 5, 6, 7, 8], [0, 1, 2, 3, 4, 5, 6, 7, 8], [0, 1, 2, 3, 4, 5, 6, 7, 8], [0, 1, 2, 3, 4, 5, 6, 7, 8], [0, 1, 2, 3, 4, 5, 6, 7, 8], [0, 1, 2, 3, 4, 5, 6, 7, 8], [0, 1, 2, 3, 4, 5, 6, 7, 8], [0, 1, 2, 3, 4, 5, 6, 7, 8], [0, 1, 2, 3, 4, 5, 6, 7, 8], [0, 1, 2, 3, 4, 5, 6, 7, 8], [0, 1, 2, 3, 4, 5, 6, 7, 8], [0, 1, 2, 3, 4, 5, 6, 7, 8], [0, 1, 2, 3, 4, 5, 6, 7, 8], [0, 1, 2, 3, 4, 5, 6, 7, 8], [0, 1, 2, 3, 4, 5, 6, 7, 8], [0, 1, 2, 3, 4, 5, 6, 7, 8], [0, 1, 2, 3, 4, 5, 6, 7, 8], [0, 1, 2, 3, 4, 5, 6, 7, 8], [0, 1, 2, 3, 4, 5, 6, 7, 8], [0, 1, 2, 3, 4, 5, 6, 7, 8], [0, 1, 2, 3, 4, 5, 6, 7, 8], [0, 1, 2, 3, 4, 5, 6, 7, 8], [0, 1, 2, 3, 4, 5, 6, 7, 8], [0, 1, 2, 3, 4, 5, 6, 7, 8]]",sidecar,True,morton,0
gqa,fullload,FullLoad,1.0,full,n67005,20716953,What is on the bed?,Pillow,"[""cord""]",0.0,349,4,morton,0,fullload,,398.4877612674609,,,645.4524230211973,650.3494160715491,56.70285003725439,707.0522661088035,1233125376,2368,64,,599.5049430057406,,,1.0,1.0,null,0.0,,1233125376,0,64,0,1233125376,19267584.0,19267584.0,0.0,,,,,null,,,,0
gqa,layout_prefix_chunk,Layout+Prefix,0.25,chunk,n67005,20716953,What is on the bed?,The image shows an interior space that appears to be a hotel room. There is,"[""cord""]",0.0,450,16,morton,0,prefix,0.228475546464324,170.47424509655684,52.72771371528506,262.6495889853686,41.658582049421966,304.37098001129925,279.0310879936442,583.4020680049434,327155712,576,65,200.74471703264862,0.0,9.0,37,0.24324324324324326,0.2653061224489796,"[0.2653061224489796, 0.2653061224489796, 0.2653061224489796, 0.2653061224489796, 0.2653061224489796, 0.2653061224489796, 0.2653061224489796, 0.2653061224489796, 0.2653061224489796, 0.2653061224489796, 0.2653061224489796, 0.2653061224489796, 0.2653061224489796, 0.2653061224489796, 0.2653061224489796, 0.2653061224489796, 0.2653061224489796, 0.2653061224489796, 0.2653061224489796, 0.2653061224489796, 0.2653061224489796, 0.2653061224489796, 0.2653061224489796, 0.2653061224489796, 0.2653061224489796, 0.2653061224489796, 0.2653061224489796, 0.2653061224489796, 0.2653061224489796, 0.2653061224489796, 0.2653061224489796, 0.2653061224489796]",0.0,288,301989888,25165824,64,1,327155712,5033164.8,4718592.0,25165824.0,0,0,0,prefix,"[[0, 1, 2, 3, 4, 5, 6, 7, 8], [0, 1, 2, 3, 4, 5, 6, 7, 8], [0, 1, 2, 3, 4, 5, 6, 7, 8], [0, 1, 2, 3, 4, 5, 6, 7, 8], [0, 1, 2, 3, 4, 5, 6, 7, 8], [0, 1, 2, 3, 4, 5, 6, 7, 8], [0, 1, 2, 3, 4, 5, 6, 7, 8], [0, 1, 2, 3, 4, 5, 6, 7, 8], [0, 1, 2, 3, 4, 5, 6, 7, 8], [0, 1, 2, 3, 4, 5, 6, 7, 8], [0, 1, 2, 3, 4, 5, 6, 7, 8], [0, 1, 2, 3, 4, 5, 6, 7, 8], [0, 1, 2, 3, 4, 5, 6, 7, 8], [0, 1, 2, 3, 4, 5, 6, 7, 8], [0, 1, 2, 3, 4, 5, 6, 7, 8], [0, 1, 2, 3, 4, 5, 6, 7, 8], [0, 1, 2, 3, 4, 5, 6, 7, 8], [0, 1, 2, 3, 4, 5, 6, 7, 8], [0, 1, 2, 3, 4, 5, 6, 7, 8], [0, 1, 2, 3, 4, 5, 6, 7, 8], [0, 1, 2, 3, 4, 5, 6, 7, 8], [0, 1, 2, 3, 4, 5, 6, 7, 8], [0, 1, 2, 3, 4, 5, 6, 7, 8], [0, 1, 2, 3, 4, 5, 6, 7, 8], [0, 1, 2, 3, 4, 5, 6, 7, 8], [0, 1, 2, 3, 4, 5, 6, 7, 8], [0, 1, 2, 3, 4, 5, 6, 7, 8], [0, 1, 2, 3, 4, 5, 6, 7, 8], [0, 1, 2, 3, 4, 5, 6, 7, 8], [0, 1, 2, 3, 4, 5, 6, 7, 8], [0, 1, 2, 3, 4, 5, 6, 7, 8], [0, 1, 2, 3, 4, 5, 6, 7, 8]]",sidecar,True,morton,0
gqa,fullload,FullLoad,1.0,full,n67005,20716785,What is the item of furniture that is the same color as the cord called?,Bed,"[""bed""]",1.0,14195,2,morton,0,fullload,,421.4265673654154,,,692.0547720510513,696.9525109743699,19.459743052721024,716.412254027091,1233125376,2368,64,,639.7073030238971,,,1.0,1.0,null,0.0,,1233125376,0,64,0,1233125376,19267584.0,19267584.0,0.0,,,,,null,,,,0
gqa,layout_prefix_chunk,Layout+Prefix,0.25,chunk,n67005,20716785,What is the item of furniture that is the same color as the cord called?,The image shows a room with a bed and a mirror. The room has a,"[""bed""]",0.0,450,16,morton,0,prefix,0.2700042678043246,172.4627943476662,58.28944640234113,269.1488969139755,41.79700301028788,311.0103349899873,273.7245209282264,584.7348559182137,327155712,576,65,204.70868714619428,0.0,9.0,37,0.24324324324324326,0.2653061224489796,"[0.2653061224489796, 0.2653061224489796, 0.2653061224489796, 0.2653061224489796, 0.2653061224489796, 0.2653061224489796, 0.2653061224489796, 0.2653061224489796, 0.2653061224489796, 0.2653061224489796, 0.2653061224489796, 0.2653061224489796, 0.2653061224489796, 0.2653061224489796, 0.2653061224489796, 0.2653061224489796, 0.2653061224489796, 0.2653061224489796, 0.2653061224489796, 0.2653061224489796, 0.2653061224489796, 0.2653061224489796, 0.2653061224489796, 0.2653061224489796, 0.2653061224489796, 0.2653061224489796, 0.2653061224489796, 0.2653061224489796, 0.2653061224489796, 0.2653061224489796, 0.2653061224489796, 0.2653061224489796]",0.0,288,301989888,25165824,64,1,327155712,5033164.8,4718592.0,25165824.0,0,0,0,prefix,"[[0, 1, 2, 3, 4, 5, 6, 7, 8], [0, 1, 2, 3, 4, 5, 6, 7, 8], [0, 1, 2, 3, 4, 5, 6, 7, 8], [0, 1, 2, 3, 4, 5, 6, 7, 8], [0, 1, 2, 3, 4, 5, 6, 7, 8], [0, 1, 2, 3, 4, 5, 6, 7, 8], [0, 1, 2, 3, 4, 5, 6, 7, 8], [0, 1, 2, 3, 4, 5, 6, 7, 8], [0, 1, 2, 3, 4, 5, 6, 7, 8], [0, 1, 2, 3, 4, 5, 6, 7, 8], [0, 1, 2, 3, 4, 5, 6, 7, 8], [0, 1, 2, 3, 4, 5, 6, 7, 8], [0, 1, 2, 3, 4, 5, 6, 7, 8], [0, 1, 2, 3, 4, 5, 6, 7, 8], [0, 1, 2, 3, 4, 5, 6, 7, 8], [0, 1, 2, 3, 4, 5, 6, 7, 8], [0, 1, 2, 3, 4, 5, 6, 7, 8], [0, 1, 2, 3, 4, 5, 6, 7, 8], [0, 1, 2, 3, 4, 5, 6, 7, 8], [0, 1, 2, 3, 4, 5, 6, 7, 8], [0, 1, 2, 3, 4, 5, 6, 7, 8], [0, 1, 2, 3, 4, 5, 6, 7, 8], [0, 1, 2, 3, 4, 5, 6, 7, 8], [0, 1, 2, 3, 4, 5, 6, 7, 8], [0, 1, 2, 3, 4, 5, 6, 7, 8], [0, 1, 2, 3, 4, 5, 6, 7, 8], [0, 1, 2, 3, 4, 5, 6, 7, 8], [0, 1, 2, 3, 4, 5, 6, 7, 8], [0, 1, 2, 3, 4, 5, 6, 7, 8], [0, 1, 2, 3, 4, 5, 6, 7, 8], [0, 1, 2, 3, 4, 5, 6, 7, 8], [0, 1, 2, 3, 4, 5, 6, 7, 8]]",sidecar,True,morton,0
gqa,fullload,FullLoad,1.0,full,n67005,20717149,Is the bed white and small?,Yes,"[""no""]",0.0,3869,2,morton,0,fullload,,484.4000281300396,,,845.6914129201323,850.516150938347,19.105053041130304,869.6212039794773,1233125376,2368,64,,798.0083749862388,,,1.0,1.0,null,0.0,,1233125376,0,64,0,1233125376,19267584.0,19267584.0,0.0,,,,,null,,,,0
gqa,layout_prefix_chunk,Layout+Prefix,0.25,chunk,n67005,20717149,Is the bed white and small?,The image shows a hotel room with a bedroom area. The room has a,"[""no""]",0.0,450,16,morton,0,prefix,0.17475930508226156,150.29802627395838,45.48856301698834,226.96033294778317,34.27981899585575,261.28319499548525,273.5838929656893,534.8670879611745,327155712,576,65,175.90237851254642,0.0,9.0,37,0.24324324324324326,0.2653061224489796,"[0.2653061224489796, 0.2653061224489796, 0.2653061224489796, 0.2653061224489796, 0.2653061224489796, 0.2653061224489796, 0.2653061224489796, 0.2653061224489796, 0.2653061224489796, 0.2653061224489796, 0.2653061224489796, 0.2653061224489796, 0.2653061224489796, 0.2653061224489796, 0.2653061224489796, 0.2653061224489796, 0.2653061224489796, 0.2653061224489796, 0.2653061224489796, 0.2653061224489796, 0.2653061224489796, 0.2653061224489796, 0.2653061224489796, 0.2653061224489796, 0.2653061224489796, 0.2653061224489796, 0.2653061224489796, 0.2653061224489796, 0.2653061224489796, 0.2653061224489796, 0.2653061224489796, 0.2653061224489796]",0.0,288,301989888,25165824,64,1,327155712,5033164.8,4718592.0,25165824.0,0,0,0,prefix,"[[0, 1, 2, 3, 4, 5, 6, 7, 8], [0, 1, 2, 3, 4, 5, 6, 7, 8], [0, 1, 2, 3, 4, 5, 6, 7, 8], [0, 1, 2, 3, 4, 5, 6, 7, 8], [0, 1, 2, 3, 4, 5, 6, 7, 8], [0, 1, 2, 3, 4, 5, 6, 7, 8], [0, 1, 2, 3, 4, 5, 6, 7, 8], [0, 1, 2, 3, 4, 5, 6, 7, 8], [0, 1, 2, 3, 4, 5, 6, 7, 8], [0, 1, 2, 3, 4, 5, 6, 7, 8], [0, 1, 2, 3, 4, 5, 6, 7, 8], [0, 1, 2, 3, 4, 5, 6, 7, 8], [0, 1, 2, 3, 4, 5, 6, 7, 8], [0, 1, 2, 3, 4, 5, 6, 7, 8], [0, 1, 2, 3, 4, 5, 6, 7, 8], [0, 1, 2, 3, 4, 5, 6, 7, 8], [0, 1, 2, 3, 4, 5, 6, 7, 8], [0, 1, 2, 3, 4, 5, 6, 7, 8], [0, 1, 2, 3, 4, 5, 6, 7, 8], [0, 1, 2, 3, 4, 5, 6, 7, 8], [0, 1, 2, 3, 4, 5, 6, 7, 8], [0, 1, 2, 3, 4, 5, 6, 7, 8], [0, 1, 2, 3, 4, 5, 6, 7, 8], [0, 1, 2, 3, 4, 5, 6, 7, 8], [0, 1, 2, 3, 4, 5, 6, 7, 8], [0, 1, 2, 3, 4, 5, 6, 7, 8], [0, 1, 2, 3, 4, 5, 6, 7, 8], [0, 1, 2, 3, 4, 5, 6, 7, 8], [0, 1, 2, 3, 4, 5, 6, 7, 8], [0, 1, 2, 3, 4, 5, 6, 7, 8], [0, 1, 2, 3, 4, 5, 6, 7, 8], [0, 1, 2, 3, 4, 5, 6, 7, 8]]",sidecar,True,morton,0
gqa,fullload,FullLoad,1.0,full,n67005,20716935,Is the jacket that is made of cotton yellow or gray?,Gray,"[""gray""]",1.0,18956,2,morton,0,fullload,,467.18633675482124,,,817.9048870224506,822.7350970264524,19.212913000956178,841.9480100274086,1233125376,2368,64,,773.7065281253308,,,1.0,1.0,null,0.0,,1233125376,0,64,0,1233125376,19267584.0,19267584.0,0.0,,,,,null,,,,0
gqa,layout_prefix_chunk,Layout+Prefix,0.25,chunk,n67005,20716935,Is the jacket that is made of cotton yellow or gray?,The image shows a room with a bed and a mirror. The room has a,"[""gray""]",0.0,450,16,morton,0,prefix,0.20108395256102085,165.57854390703142,51.91951524466276,252.2328880149871,36.33546398486942,288.61533699091524,271.3687720242888,559.984109015204,327155712,576,65,194.51596261933446,0.0,9.0,37,0.24324324324324326,0.2653061224489796,"[0.2653061224489796, 0.2653061224489796, 0.2653061224489796, 0.2653061224489796, 0.2653061224489796, 0.2653061224489796, 0.2653061224489796, 0.2653061224489796, 0.2653061224489796, 0.2653061224489796, 0.2653061224489796, 0.2653061224489796, 0.2653061224489796, 0.2653061224489796, 0.2653061224489796, 0.2653061224489796, 0.2653061224489796, 0.2653061224489796, 0.2653061224489796, 0.2653061224489796, 0.2653061224489796, 0.2653061224489796, 0.2653061224489796, 0.2653061224489796, 0.2653061224489796, 0.2653061224489796, 0.2653061224489796, 0.2653061224489796, 0.2653061224489796, 0.2653061224489796, 0.2653061224489796, 0.2653061224489796]",0.0,288,301989888,25165824,64,1,327155712,5033164.8,4718592.0,25165824.0,0,0,0,prefix,"[[0, 1, 2, 3, 4, 5, 6, 7, 8], [0, 1, 2, 3, 4, 5, 6, 7, 8], [0, 1, 2, 3, 4, 5, 6, 7, 8], [0, 1, 2, 3, 4, 5, 6, 7, 8], [0, 1, 2, 3, 4, 5, 6, 7, 8], [0, 1, 2, 3, 4, 5, 6, 7, 8], [0, 1, 2, 3, 4, 5, 6, 7, 8], [0, 1, 2, 3, 4, 5, 6, 7, 8], [0, 1, 2, 3, 4, 5, 6, 7, 8], [0, 1, 2, 3, 4, 5, 6, 7, 8], [0, 1, 2, 3, 4, 5, 6, 7, 8], [0, 1, 2, 3, 4, 5, 6, 7, 8], [0, 1, 2, 3, 4, 5, 6, 7, 8], [0, 1, 2, 3, 4, 5, 6, 7, 8], [0, 1, 2, 3, 4, 5, 6, 7, 8], [0, 1, 2, 3, 4, 5, 6, 7, 8], [0, 1, 2, 3, 4, 5, 6, 7, 8], [0, 1, 2, 3, 4, 5, 6, 7, 8], [0, 1, 2, 3, 4, 5, 6, 7, 8], [0, 1, 2, 3, 4, 5, 6, 7, 8], [0, 1, 2, 3, 4, 5, 6, 7, 8], [0, 1, 2, 3, 4, 5, 6, 7, 8], [0, 1, 2, 3, 4, 5, 6, 7, 8], [0, 1, 2, 3, 4, 5, 6, 7, 8], [0, 1, 2, 3, 4, 5, 6, 7, 8], [0, 1, 2, 3, 4, 5, 6, 7, 8], [0, 1, 2, 3, 4, 5, 6, 7, 8], [0, 1, 2, 3, 4, 5, 6, 7, 8], [0, 1, 2, 3, 4, 5, 6, 7, 8], [0, 1, 2, 3, 4, 5, 6, 7, 8], [0, 1, 2, 3, 4, 5, 6, 7, 8], [0, 1, 2, 3, 4, 5, 6, 7, 8]]",sidecar,True,morton,0
gqa,fullload,FullLoad,1.0,full,n67005,20716910,What is the woman reflected on?,Mirror,"[""mirror""]",1.0,11612,3,morton,0,fullload,,495.6399138318375,,,874.7177349869162,879.6223249519244,37.19973796978593,916.8220629217103,1233125376,2368,64,,826.2841122923419,,,1.0,1.0,null,0.0,,1233125376,0,64,0,1233125376,19267584.0,19267584.0,0.0,,,,,null,,,,0
gqa,layout_prefix_chunk,Layout+Prefix,0.25,chunk,n67005,20716910,What is the woman reflected on?,The image shows an interior space that appears to be a hotel room. There is,"[""mirror""]",0.0,450,16,morton,0,prefix,0.26952987536787987,207.21842092461884,59.38045005314052,307.10778501816094,55.349916918203235,362.52348497509956,271.6330490075052,634.1565339826047,327155712,576,65,241.62717547733337,0.0,9.0,37,0.24324324324324326,0.2653061224489796,"[0.2653061224489796, 0.2653061224489796, 0.2653061224489796, 0.2653061224489796, 0.2653061224489796, 0.2653061224489796, 0.2653061224489796, 0.2653061224489796, 0.2653061224489796, 0.2653061224489796, 0.2653061224489796, 0.2653061224489796, 0.2653061224489796, 0.2653061224489796, 0.2653061224489796, 0.2653061224489796, 0.2653061224489796, 0.2653061224489796, 0.2653061224489796, 0.2653061224489796, 0.2653061224489796, 0.2653061224489796, 0.2653061224489796, 0.2653061224489796, 0.2653061224489796, 0.2653061224489796, 0.2653061224489796, 0.2653061224489796, 0.2653061224489796, 0.2653061224489796, 0.2653061224489796, 0.2653061224489796]",0.0,288,301989888,25165824,64,1,327155712,5033164.8,4718592.0,25165824.0,0,0,0,prefix,"[[0, 1, 2, 3, 4, 5, 6, 7, 8], [0, 1, 2, 3, 4, 5, 6, 7, 8], [0, 1, 2, 3, 4, 5, 6, 7, 8], [0, 1, 2, 3, 4, 5, 6, 7, 8], [0, 1, 2, 3, 4, 5, 6, 7, 8], [0, 1, 2, 3, 4, 5, 6, 7, 8], [0, 1, 2, 3, 4, 5, 6, 7, 8], [0, 1, 2, 3, 4, 5, 6, 7, 8], [0, 1, 2, 3, 4, 5, 6, 7, 8], [0, 1, 2, 3, 4, 5, 6, 7, 8], [0, 1, 2, 3, 4, 5, 6, 7, 8], [0, 1, 2, 3, 4, 5, 6, 7, 8], [0, 1, 2, 3, 4, 5, 6, 7, 8], [0, 1, 2, 3, 4, 5, 6, 7, 8], [0, 1, 2, 3, 4, 5, 6, 7, 8], [0, 1, 2, 3, 4, 5, 6, 7, 8], [0, 1, 2, 3, 4, 5, 6, 7, 8], [0, 1, 2, 3, 4, 5, 6, 7, 8], [0, 1, 2, 3, 4, 5, 6, 7, 8], [0, 1, 2, 3, 4, 5, 6, 7, 8], [0, 1, 2, 3, 4, 5, 6, 7, 8], [0, 1, 2, 3, 4, 5, 6, 7, 8], [0, 1, 2, 3, 4, 5, 6, 7, 8], [0, 1, 2, 3, 4, 5, 6, 7, 8], [0, 1, 2, 3, 4, 5, 6, 7, 8], [0, 1, 2, 3, 4, 5, 6, 7, 8], [0, 1, 2, 3, 4, 5, 6, 7, 8], [0, 1, 2, 3, 4, 5, 6, 7, 8], [0, 1, 2, 3, 4, 5, 6, 7, 8], [0, 1, 2, 3, 4, 5, 6, 7, 8], [0, 1, 2, 3, 4, 5, 6, 7, 8], [0, 1, 2, 3, 4, 5, 6, 7, 8]]",sidecar,True,morton,0
gqa,fullload,FullLoad,1.0,full,n154856,201228066,What is in front of the silver car?,Bench,"[""van""]",0.0,4111,3,morton,0,fullload,,367.2563524451107,,,576.2622579932213,580.1464790711179,45.19424797035754,625.3407270414755,767557632,1472,64,,506.4958307193592,,,1.0,1.0,null,0.0,,767557632,0,64,0,767557632,11993088.0,11993088.0,0.0,,,,,null,,,,0
gqa,layout_prefix_chunk,Layout+Prefix,0.25,chunk,n154856,201228066,What is in front of the silver car?,The image shows a modern street scene with a bench that has a unique design,"[""van""]",0.0,450,16,morton,0,prefix,0.17701205797493458,114.43452048115432,40.379611076787114,178.04061400238425,38.40448206756264,216.51015907991678,270.6750399665907,487.1851990465075,213909504,384,65,132.9517817357555,0.0,6.0,23,0.2608695652173913,0.2786885245901639,"[0.2786885245901639, 0.2786885245901639, 0.2786885245901639, 0.2786885245901639, 0.2786885245901639, 0.2786885245901639, 0.2786885245901639, 0.2786885245901639, 0.2786885245901639, 0.2786885245901639, 0.2786885245901639, 0.2786885245901639, 0.2786885245901639, 0.2786885245901639, 0.2786885245901639, 0.2786885245901639, 0.2786885245901639, 0.2786885245901639, 0.2786885245901639, 0.2786885245901639, 0.2786885245901639, 0.2786885245901639, 0.2786885245901639, 0.2786885245901639, 0.2786885245901639, 0.2786885245901639, 0.2786885245901639, 0.2786885245901639, 0.2786885245901639, 0.2786885245901639, 0.2786885245901639, 0.2786885245901639]",0.0,192,201326592,12582912,64,1,213909504,3290915.446153846,3145728.0,12582912.0,0,0,0,prefix,"[[0, 1, 2, 3, 4, 5], [0, 1, 2, 3, 4, 5], [0, 1, 2, 3, 4, 5], [0, 1, 2, 3, 4, 5], [0, 1, 2, 3, 4, 5], [0, 1, 2, 3, 4, 5], [0, 1, 2, 3, 4, 5], [0, 1, 2, 3, 4, 5], [0, 1, 2, 3, 4, 5], [0, 1, 2, 3, 4, 5], [0, 1, 2, 3, 4, 5], [0, 1, 2, 3, 4, 5], [0, 1, 2, 3, 4, 5], [0, 1, 2, 3, 4, 5], [0, 1, 2, 3, 4, 5], [0, 1, 2, 3, 4, 5], [0, 1, 2, 3, 4, 5], [0, 1, 2, 3, 4, 5], [0, 1, 2, 3, 4, 5], [0, 1, 2, 3, 4, 5], [0, 1, 2, 3, 4, 5], [0, 1, 2, 3, 4, 5], [0, 1, 2, 3, 4, 5], [0, 1, 2, 3, 4, 5], [0, 1, 2, 3, 4, 5], [0, 1, 2, 3, 4, 5], [0, 1, 2, 3, 4, 5], [0, 1, 2, 3, 4, 5], [0, 1, 2, 3, 4, 5], [0, 1, 2, 3, 4, 5], [0, 1, 2, 3, 4, 5], [0, 1, 2, 3, 4, 5]]",sidecar,True,morton,0
gqa,fullload,FullLoad,1.0,full,n154856,201228177,Which shape is the glass window?,Rectangular,"[""rectangular""]",1.0,22914,3,morton,0,fullload,,339.8552428698167,,,523.5052119242027,527.376742917113,74.58522904198617,601.9619719590992,767557632,1472,64,,467.2927060164511,,,1.0,1.0,null,0.0,,767557632,0,64,0,767557632,11993088.0,11993088.0,0.0,,,,,null,,,,0
gqa,layout_prefix_chunk,Layout+Prefix,0.25,chunk,n154856,201228177,Which shape is the glass window?,"The image shows a street scene with a modern, curved bench made of","[""rectangular""]",0.0,450,16,morton,0,prefix,0.1546599669381976,137.76273396797478,36.474296008236706,196.22174999676645,63.45283007249236,259.73927311133593,282.8855289844796,542.6248020958155,213909504,384,65,155.2045235875994,0.0,6.0,23,0.2608695652173913,0.2786885245901639,"[0.2786885245901639, 0.2786885245901639, 0.2786885245901639, 0.2786885245901639, 0.2786885245901639, 0.2786885245901639, 0.2786885245901639, 0.2786885245901639, 0.2786885245901639, 0.2786885245901639, 0.2786885245901639, 0.2786885245901639, 0.2786885245901639, 0.2786885245901639, 0.2786885245901639, 0.2786885245901639, 0.2786885245901639, 0.2786885245901639, 0.2786885245901639, 0.2786885245901639, 0.2786885245901639, 0.2786885245901639, 0.2786885245901639, 0.2786885245901639, 0.2786885245901639, 0.2786885245901639, 0.2786885245901639, 0.2786885245901639, 0.2786885245901639, 0.2786885245901639, 0.2786885245901639, 0.2786885245901639]",0.0,192,201326592,12582912,64,1,213909504,3290915.446153846,3145728.0,12582912.0,0,0,0,prefix,"[[0, 1, 2, 3, 4, 5], [0, 1, 2, 3, 4, 5], [0, 1, 2, 3, 4, 5], [0, 1, 2, 3, 4, 5], [0, 1, 2, 3, 4, 5], [0, 1, 2, 3, 4, 5], [0, 1, 2, 3, 4, 5], [0, 1, 2, 3, 4, 5], [0, 1, 2, 3, 4, 5], [0, 1, 2, 3, 4, 5], [0, 1, 2, 3, 4, 5], [0, 1, 2, 3, 4, 5], [0, 1, 2, 3, 4, 5], [0, 1, 2, 3, 4, 5], [0, 1, 2, 3, 4, 5], [0, 1, 2, 3, 4, 5], [0, 1, 2, 3, 4, 5], [0, 1, 2, 3, 4, 5], [0, 1, 2, 3, 4, 5], [0, 1, 2, 3, 4, 5], [0, 1, 2, 3, 4, 5], [0, 1, 2, 3, 4, 5], [0, 1, 2, 3, 4, 5], [0, 1, 2, 3, 4, 5], [0, 1, 2, 3, 4, 5], [0, 1, 2, 3, 4, 5], [0, 1, 2, 3, 4, 5], [0, 1, 2, 3, 4, 5], [0, 1, 2, 3, 4, 5], [0, 1, 2, 3, 4, 5], [0, 1, 2, 3, 4, 5], [0, 1, 2, 3, 4, 5]]",sidecar,True,morton,0
gqa,fullload,FullLoad,1.0,full,n154856,201227859,Is the lamp made of the same material as the van?,No,"[""yes""]",0.0,1939,2,morton,0,fullload,,375.18648081459105,,,593.0083449929953,596.9010780099779,37.598716909997165,634.4997949199751,767557632,1472,64,,519.2151037044823,,,1.0,1.0,null,0.0,,767557632,0,64,0,767557632,11993088.0,11993088.0,0.0,,,,,null,,,,0
gqa,layout_prefix_chunk,Layout+Prefix,0.25,chunk,n154856,201227859,Is the lamp made of the same material as the van?,"The image shows a street scene with a modern, curved bench made of","[""yes""]",0.0,450,16,morton,0,prefix,0.15816092491149902,126.45378278102726,37.24701050668955,185.1970360148698,51.51960102375597,236.78060609381646,267.41327391937375,504.1938800131902,213909504,384,65,143.32215522881597,0.0,6.0,23,0.2608695652173913,0.2786885245901639,"[0.2786885245901639, 0.2786885245901639, 0.2786885245901639, 0.2786885245901639, 0.2786885245901639, 0.2786885245901639, 0.2786885245901639, 0.2786885245901639, 0.2786885245901639, 0.2786885245901639, 0.2786885245901639, 0.2786885245901639, 0.2786885245901639, 0.2786885245901639, 0.2786885245901639, 0.2786885245901639, 0.2786885245901639, 0.2786885245901639, 0.2786885245901639, 0.2786885245901639, 0.2786885245901639, 0.2786885245901639, 0.2786885245901639, 0.2786885245901639, 0.2786885245901639, 0.2786885245901639, 0.2786885245901639, 0.2786885245901639, 0.2786885245901639, 0.2786885245901639, 0.2786885245901639, 0.2786885245901639]",0.0,192,201326592,12582912,64,1,213909504,3290915.446153846,3145728.0,12582912.0,0,0,0,prefix,"[[0, 1, 2, 3, 4, 5], [0, 1, 2, 3, 4, 5], [0, 1, 2, 3, 4, 5], [0, 1, 2, 3, 4, 5], [0, 1, 2, 3, 4, 5], [0, 1, 2, 3, 4, 5], [0, 1, 2, 3, 4, 5], [0, 1, 2, 3, 4, 5], [0, 1, 2, 3, 4, 5], [0, 1, 2, 3, 4, 5], [0, 1, 2, 3, 4, 5], [0, 1, 2, 3, 4, 5], [0, 1, 2, 3, 4, 5], [0, 1, 2, 3, 4, 5], [0, 1, 2, 3, 4, 5], [0, 1, 2, 3, 4, 5], [0, 1, 2, 3, 4, 5], [0, 1, 2, 3, 4, 5], [0, 1, 2, 3, 4, 5], [0, 1, 2, 3, 4, 5], [0, 1, 2, 3, 4, 5], [0, 1, 2, 3, 4, 5], [0, 1, 2, 3, 4, 5], [0, 1, 2, 3, 4, 5], [0, 1, 2, 3, 4, 5], [0, 1, 2, 3, 4, 5], [0, 1, 2, 3, 4, 5], [0, 1, 2, 3, 4, 5], [0, 1, 2, 3, 4, 5], [0, 1, 2, 3, 4, 5], [0, 1, 2, 3, 4, 5], [0, 1, 2, 3, 4, 5]]",sidecar,True,morton,0
gqa,fullload,FullLoad,1.0,full,n154856,201228068,What is the vehicle that that van is in front of?,Car,"[""car""]",1.0,1704,2,morton,0,fullload,,391.04651706293225,,,602.6486159535125,606.5189689397812,28.970861108973622,635.4898300487548,767557632,1472,64,,530.7032037526369,,,1.0,1.0,null,0.0,,767557632,0,64,0,767557632,11993088.0,11993088.0,0.0,,,,,null,,,,0
gqa,layout_prefix_chunk,Layout+Prefix,0.25,chunk,n154856,201228068,What is the vehicle that that van is in front of?,"The image shows a street scene with a modern, curved bench made of","[""car""]",0.0,450,16,morton,0,prefix,0.18197682220488787,131.33363984525204,42.84892953000963,199.8138619819656,40.46370193827897,240.34210795070976,268.66873702965677,509.0108449803665,213909504,384,65,152.17857633251697,0.0,6.0,23,0.2608695652173913,0.2786885245901639,"[0.2786885245901639, 0.2786885245901639, 0.2786885245901639, 0.2786885245901639, 0.2786885245901639, 0.2786885245901639, 0.2786885245901639, 0.2786885245901639, 0.2786885245901639, 0.2786885245901639, 0.2786885245901639, 0.2786885245901639, 0.2786885245901639, 0.2786885245901639, 0.2786885245901639, 0.2786885245901639, 0.2786885245901639, 0.2786885245901639, 0.2786885245901639, 0.2786885245901639, 0.2786885245901639, 0.2786885245901639, 0.2786885245901639, 0.2786885245901639, 0.2786885245901639, 0.2786885245901639, 0.2786885245901639, 0.2786885245901639, 0.2786885245901639, 0.2786885245901639, 0.2786885245901639, 0.2786885245901639]",0.0,192,201326592,12582912,64,1,213909504,3290915.446153846,3145728.0,12582912.0,0,0,0,prefix,"[[0, 1, 2, 3, 4, 5], [0, 1, 2, 3, 4, 5], [0, 1, 2, 3, 4, 5], [0, 1, 2, 3, 4, 5], [0, 1, 2, 3, 4, 5], [0, 1, 2, 3, 4, 5], [0, 1, 2, 3, 4, 5], [0, 1, 2, 3, 4, 5], [0, 1, 2, 3, 4, 5], [0, 1, 2, 3, 4, 5], [0, 1, 2, 3, 4, 5], [0, 1, 2, 3, 4, 5], [0, 1, 2, 3, 4, 5], [0, 1, 2, 3, 4, 5], [0, 1, 2, 3, 4, 5], [0, 1, 2, 3, 4, 5], [0, 1, 2, 3, 4, 5], [0, 1, 2, 3, 4, 5], [0, 1, 2, 3, 4, 5], [0, 1, 2, 3, 4, 5], [0, 1, 2, 3, 4, 5], [0, 1, 2, 3, 4, 5], [0, 1, 2, 3, 4, 5], [0, 1, 2, 3, 4, 5], [0, 1, 2, 3, 4, 5], [0, 1, 2, 3, 4, 5], [0, 1, 2, 3, 4, 5], [0, 1, 2, 3, 4, 5], [0, 1, 2, 3, 4, 5], [0, 1, 2, 3, 4, 5], [0, 1, 2, 3, 4, 5], [0, 1, 2, 3, 4, 5]]",sidecar,True,morton,0
gqa,fullload,FullLoad,1.0,full,n154856,201228119,What kind of vehicle isn't black?,Car,"[""van""]",0.0,1704,2,morton,0,fullload,,326.6567346872762,,,541.0860470728949,544.8889579856768,49.59028598386794,594.4792439695448,767557632,1472,64,,467.4650701927021,,,1.0,1.0,null,0.0,,767557632,0,64,0,767557632,11993088.0,11993088.0,0.0,,,,,null,,,,0
gqa,layout_prefix_chunk,Layout+Prefix,0.25,chunk,n154856,201228119,What kind of vehicle isn't black?,"The image shows a street scene with a modern, curved bench made of","[""van""]",0.0,450,16,morton,0,prefix,0.18295645713806152,133.2497273106128,44.716000906191766,203.93041998613626,55.45702704694122,259.4517780235037,272.0581160392612,531.5098940627649,213909504,384,65,154.43876723293215,0.0,6.0,23,0.2608695652173913,0.2786885245901639,"[0.2786885245901639, 0.2786885245901639, 0.2786885245901639, 0.2786885245901639, 0.2786885245901639, 0.2786885245901639, 0.2786885245901639, 0.2786885245901639, 0.2786885245901639, 0.2786885245901639, 0.2786885245901639, 0.2786885245901639, 0.2786885245901639, 0.2786885245901639, 0.2786885245901639, 0.2786885245901639, 0.2786885245901639, 0.2786885245901639, 0.2786885245901639, 0.2786885245901639, 0.2786885245901639, 0.2786885245901639, 0.2786885245901639, 0.2786885245901639, 0.2786885245901639, 0.2786885245901639, 0.2786885245901639, 0.2786885245901639, 0.2786885245901639, 0.2786885245901639, 0.2786885245901639, 0.2786885245901639]",0.0,192,201326592,12582912,64,1,213909504,3290915.446153846,3145728.0,12582912.0,0,0,0,prefix,"[[0, 1, 2, 3, 4, 5], [0, 1, 2, 3, 4, 5], [0, 1, 2, 3, 4, 5], [0, 1, 2, 3, 4, 5], [0, 1, 2, 3, 4, 5], [0, 1, 2, 3, 4, 5], [0, 1, 2, 3, 4, 5], [0, 1, 2, 3, 4, 5], [0, 1, 2, 3, 4, 5], [0, 1, 2, 3, 4, 5], [0, 1, 2, 3, 4, 5], [0, 1, 2, 3, 4, 5], [0, 1, 2, 3, 4, 5], [0, 1, 2, 3, 4, 5], [0, 1, 2, 3, 4, 5], [0, 1, 2, 3, 4, 5], [0, 1, 2, 3, 4, 5], [0, 1, 2, 3, 4, 5], [0, 1, 2, 3, 4, 5], [0, 1, 2, 3, 4, 5], [0, 1, 2, 3, 4, 5], [0, 1, 2, 3, 4, 5], [0, 1, 2, 3, 4, 5], [0, 1, 2, 3, 4, 5], [0, 1, 2, 3, 4, 5], [0, 1, 2, 3, 4, 5], [0, 1, 2, 3, 4, 5], [0, 1, 2, 3, 4, 5], [0, 1, 2, 3, 4, 5], [0, 1, 2, 3, 4, 5], [0, 1, 2, 3, 4, 5], [0, 1, 2, 3, 4, 5]]",sidecar,True,morton,0
gqa,fullload,FullLoad,1.0,full,n154856,201228115,What vehicle is black?,Car,"[""car""]",1.0,1704,2,morton,0,fullload,,311.5328097483143,,,474.88142491783947,478.7267670035362,24.32742202654481,503.05418903008103,767557632,1472,64,,430.5871035903692,,,1.0,1.0,null,0.0,,767557632,0,64,0,767557632,11993088.0,11993088.0,0.0,,,,,null,,,,0
gqa,layout_prefix_chunk,Layout+Prefix,0.25,chunk,n154856,201228115,What vehicle is black?,"The image shows a street scene with a modern, curved bench made of","[""car""]",0.0,450,16,morton,0,prefix,0.16992317978292704,131.043593515642,40.748400264419615,195.23912807926536,54.42241404671222,249.72588708624244,269.9304219568148,519.6563090430573,213909504,384,65,149.8033576644957,0.0,6.0,23,0.2608695652173913,0.2786885245901639,"[0.2786885245901639, 0.2786885245901639, 0.2786885245901639, 0.2786885245901639, 0.2786885245901639, 0.2786885245901639, 0.2786885245901639, 0.2786885245901639, 0.2786885245901639, 0.2786885245901639, 0.2786885245901639, 0.2786885245901639, 0.2786885245901639, 0.2786885245901639, 0.2786885245901639, 0.2786885245901639, 0.2786885245901639, 0.2786885245901639, 0.2786885245901639, 0.2786885245901639, 0.2786885245901639, 0.2786885245901639, 0.2786885245901639, 0.2786885245901639, 0.2786885245901639, 0.2786885245901639, 0.2786885245901639, 0.2786885245901639, 0.2786885245901639, 0.2786885245901639, 0.2786885245901639, 0.2786885245901639]",0.0,192,201326592,12582912,64,1,213909504,3290915.446153846,3145728.0,12582912.0,0,0,0,prefix,"[[0, 1, 2, 3, 4, 5], [0, 1, 2, 3, 4, 5], [0, 1, 2, 3, 4, 5], [0, 1, 2, 3, 4, 5], [0, 1, 2, 3, 4, 5], [0, 1, 2, 3, 4, 5], [0, 1, 2, 3, 4, 5], [0, 1, 2, 3, 4, 5], [0, 1, 2, 3, 4, 5], [0, 1, 2, 3, 4, 5], [0, 1, 2, 3, 4, 5], [0, 1, 2, 3, 4, 5], [0, 1, 2, 3, 4, 5], [0, 1, 2, 3, 4, 5], [0, 1, 2, 3, 4, 5], [0, 1, 2, 3, 4, 5], [0, 1, 2, 3, 4, 5], [0, 1, 2, 3, 4, 5], [0, 1, 2, 3, 4, 5], [0, 1, 2, 3, 4, 5], [0, 1, 2, 3, 4, 5], [0, 1, 2, 3, 4, 5], [0, 1, 2, 3, 4, 5], [0, 1, 2, 3, 4, 5], [0, 1, 2, 3, 4, 5], [0, 1, 2, 3, 4, 5], [0, 1, 2, 3, 4, 5], [0, 1, 2, 3, 4, 5], [0, 1, 2, 3, 4, 5], [0, 1, 2, 3, 4, 5], [0, 1, 2, 3, 4, 5], [0, 1, 2, 3, 4, 5]]",sidecar,True,morton,0
gqa,fullload,FullLoad,1.0,full,n567860,201756711,"What kind of fruit is the white kitten playing with, an apple or a banana?",Banana,"[""banana""]",1.0,10765,3,morton,0,fullload,,497.92026984505355,,,854.8171760048717,859.7759859403595,38.32867299206555,898.1046589324251,1226833920,2368,64,,810.2523612324148,,,1.0,1.0,null,0.0,,1226833920,0,64,0,1226833920,19169280.0,19169280.0,0.0,,,,,null,,,,0
gqa,layout_prefix_chunk,Layout+Prefix,0.25,chunk,n567860,201756711,"What kind of fruit is the white kitten playing with, an apple or a banana?",The image shows a white cat lying on a countertop next to a banana,"[""banana""]",0.0,450,16,morton,0,prefix,0.184139353223145,178.98635123856366,44.968356378376484,255.08835399523377,36.81996394880116,291.95189592428505,278.7738040788099,570.725700003095,320864256,576,65,204.53704323153943,0.0,9.0,37,0.24324324324324326,0.26153846153846155,"[0.26153846153846155, 0.26153846153846155, 0.26153846153846155, 0.26153846153846155, 0.26153846153846155, 0.26153846153846155, 0.26153846153846155, 0.26153846153846155, 0.26153846153846155, 0.26153846153846155, 0.26153846153846155, 0.26153846153846155, 0.26153846153846155, 0.26153846153846155, 0.26153846153846155, 0.26153846153846155, 0.26153846153846155, 0.26153846153846155, 0.26153846153846155, 0.26153846153846155, 0.26153846153846155, 0.26153846153846155, 0.26153846153846155, 0.26153846153846155, 0.26153846153846155, 0.26153846153846155, 0.26153846153846155, 0.26153846153846155, 0.26153846153846155, 0.26153846153846155, 0.26153846153846155, 0.26153846153846155]",0.0,288,301989888,18874368,64,1,320864256,4936373.169230769,4718592.0,18874368.0,0,0,0,prefix,"[[0, 1, 2, 3, 4, 5, 6, 7, 8], [0, 1, 2, 3, 4, 5, 6, 7, 8], [0, 1, 2, 3, 4, 5, 6, 7, 8], [0, 1, 2, 3, 4, 5, 6, 7, 8], [0, 1, 2, 3, 4, 5, 6, 7, 8], [0, 1, 2, 3, 4, 5, 6, 7, 8], [0, 1, 2, 3, 4, 5, 6, 7, 8], [0, 1, 2, 3, 4, 5, 6, 7, 8], [0, 1, 2, 3, 4, 5, 6, 7, 8], [0, 1, 2, 3, 4, 5, 6, 7, 8], [0, 1, 2, 3, 4, 5, 6, 7, 8], [0, 1, 2, 3, 4, 5, 6, 7, 8], [0, 1, 2, 3, 4, 5, 6, 7, 8], [0, 1, 2, 3, 4, 5, 6, 7, 8], [0, 1, 2, 3, 4, 5, 6, 7, 8], [0, 1, 2, 3, 4, 5, 6, 7, 8], [0, 1, 2, 3, 4, 5, 6, 7, 8], [0, 1, 2, 3, 4, 5, 6, 7, 8], [0, 1, 2, 3, 4, 5, 6, 7, 8], [0, 1, 2, 3, 4, 5, 6, 7, 8], [0, 1, 2, 3, 4, 5, 6, 7, 8], [0, 1, 2, 3, 4, 5, 6, 7, 8], [0, 1, 2, 3, 4, 5, 6, 7, 8], [0, 1, 2, 3, 4, 5, 6, 7, 8], [0, 1, 2, 3, 4, 5, 6, 7, 8], [0, 1, 2, 3, 4, 5, 6, 7, 8], [0, 1, 2, 3, 4, 5, 6, 7, 8], [0, 1, 2, 3, 4, 5, 6, 7, 8], [0, 1, 2, 3, 4, 5, 6, 7, 8], [0, 1, 2, 3, 4, 5, 6, 7, 8], [0, 1, 2, 3, 4, 5, 6, 7, 8], [0, 1, 2, 3, 4, 5, 6, 7, 8]]",sidecar,True,morton,0
gqa,fullload,FullLoad,1.0,full,n567860,201756719,What animal is lying on top of the countertop?,Cat,"[""kitten""]",0.0,10459,2,morton,0,fullload,,410.37722839973867,,,646.4023949811235,651.3597469311208,19.791968050412834,671.1517149815336,1226833920,2368,64,,599.8558686114848,,,1.0,1.0,null,0.0,,1226833920,0,64,0,1226833920,19169280.0,19169280.0,0.0,,,,,null,,,,0
gqa,layout_prefix_chunk,Layout+Prefix,0.25,chunk,n567860,201756719,What animal is lying on top of the countertop?,The image shows a white cat lying on a countertop next to a banana,"[""kitten""]",0.0,450,16,morton,0,prefix,0.2588283969089389,165.23928509559482,55.46735995449126,256.44765701144934,55.72277097962797,312.23503698129207,270.8217949839309,583.056831965223,320864256,576,65,194.72226628568023,0.0,9.0,37,0.24324324324324326,0.26153846153846155,"[0.26153846153846155, 0.26153846153846155, 0.26153846153846155, 0.26153846153846155, 0.26153846153846155, 0.26153846153846155, 0.26153846153846155, 0.26153846153846155, 0.26153846153846155, 0.26153846153846155, 0.26153846153846155, 0.26153846153846155, 0.26153846153846155, 0.26153846153846155, 0.26153846153846155, 0.26153846153846155, 0.26153846153846155, 0.26153846153846155, 0.26153846153846155, 0.26153846153846155, 0.26153846153846155, 0.26153846153846155, 0.26153846153846155, 0.26153846153846155, 0.26153846153846155, 0.26153846153846155, 0.26153846153846155, 0.26153846153846155, 0.26153846153846155, 0.26153846153846155, 0.26153846153846155, 0.26153846153846155]",0.0,288,301989888,18874368,64,1,320864256,4936373.169230769,4718592.0,18874368.0,0,0,0,prefix,"[[0, 1, 2, 3, 4, 5, 6, 7, 8], [0, 1, 2, 3, 4, 5, 6, 7, 8], [0, 1, 2, 3, 4, 5, 6, 7, 8], [0, 1, 2, 3, 4, 5, 6, 7, 8], [0, 1, 2, 3, 4, 5, 6, 7, 8], [0, 1, 2, 3, 4, 5, 6, 7, 8], [0, 1, 2, 3, 4, 5, 6, 7, 8], [0, 1, 2, 3, 4, 5, 6, 7, 8], [0, 1, 2, 3, 4, 5, 6, 7, 8], [0, 1, 2, 3, 4, 5, 6, 7, 8], [0, 1, 2, 3, 4, 5, 6, 7, 8], [0, 1, 2, 3, 4, 5, 6, 7, 8], [0, 1, 2, 3, 4, 5, 6, 7, 8], [0, 1, 2, 3, 4, 5, 6, 7, 8], [0, 1, 2, 3, 4, 5, 6, 7, 8], [0, 1, 2, 3, 4, 5, 6, 7, 8], [0, 1, 2, 3, 4, 5, 6, 7, 8], [0, 1, 2, 3, 4, 5, 6, 7, 8], [0, 1, 2, 3, 4, 5, 6, 7, 8], [0, 1, 2, 3, 4, 5, 6, 7, 8], [0, 1, 2, 3, 4, 5, 6, 7, 8], [0, 1, 2, 3, 4, 5, 6, 7, 8], [0, 1, 2, 3, 4, 5, 6, 7, 8], [0, 1, 2, 3, 4, 5, 6, 7, 8], [0, 1, 2, 3, 4, 5, 6, 7, 8], [0, 1, 2, 3, 4, 5, 6, 7, 8], [0, 1, 2, 3, 4, 5, 6, 7, 8], [0, 1, 2, 3, 4, 5, 6, 7, 8], [0, 1, 2, 3, 4, 5, 6, 7, 8], [0, 1, 2, 3, 4, 5, 6, 7, 8], [0, 1, 2, 3, 4, 5, 6, 7, 8], [0, 1, 2, 3, 4, 5, 6, 7, 8]]",sidecar,True,morton,0
gqa,fullload,FullLoad,1.0,full,n567860,201756948,What does the banana bunch hang above?,Cat,"[""countertop""]",0.0,10459,2,morton,0,fullload,,482.54696116782725,,,836.9844619883224,841.8073600623757,19.40592098981142,861.2132810521871,1226833920,2368,64,,792.4983453704044,,,1.0,1.0,null,0.0,,1226833920,0,64,0,1226833920,19169280.0,19169280.0,0.0,,,,,null,,,,0
gqa,layout_prefix_chunk,Layout+Prefix,0.25,chunk,n567860,201756948,What does the banana bunch hang above?,"The image shows a white cat lying on a countertop, with a banana","[""countertop""]",0.0,450,16,morton,0,prefix,0.20967598538845778,138.75325943809003,50.514838891103864,223.25130098033696,39.62168993894011,262.93920492753386,273.1467189732939,536.0859239008278,320864256,576,65,166.7444909689948,0.0,9.0,37,0.24324324324324326,0.26153846153846155,"[0.26153846153846155, 0.26153846153846155, 0.26153846153846155, 0.26153846153846155, 0.26153846153846155, 0.26153846153846155, 0.26153846153846155, 0.26153846153846155, 0.26153846153846155, 0.26153846153846155, 0.26153846153846155, 0.26153846153846155, 0.26153846153846155, 0.26153846153846155, 0.26153846153846155, 0.26153846153846155, 0.26153846153846155, 0.26153846153846155, 0.26153846153846155, 0.26153846153846155, 0.26153846153846155, 0.26153846153846155, 0.26153846153846155, 0.26153846153846155, 0.26153846153846155, 0.26153846153846155, 0.26153846153846155, 0.26153846153846155, 0.26153846153846155, 0.26153846153846155, 0.26153846153846155, 0.26153846153846155]",0.0,288,301989888,18874368,64,1,320864256,4936373.169230769,4718592.0,18874368.0,0,0,0,prefix,"[[0, 1, 2, 3, 4, 5, 6, 7, 8], [0, 1, 2, 3, 4, 5, 6, 7, 8], [0, 1, 2, 3, 4, 5, 6, 7, 8], [0, 1, 2, 3, 4, 5, 6, 7, 8], [0, 1, 2, 3, 4, 5, 6, 7, 8], [0, 1, 2, 3, 4, 5, 6, 7, 8], [0, 1, 2, 3, 4, 5, 6, 7, 8], [0, 1, 2, 3, 4, 5, 6, 7, 8], [0, 1, 2, 3, 4, 5, 6, 7, 8], [0, 1, 2, 3, 4, 5, 6, 7, 8], [0, 1, 2, 3, 4, 5, 6, 7, 8], [0, 1, 2, 3, 4, 5, 6, 7, 8], [0, 1, 2, 3, 4, 5, 6, 7, 8], [0, 1, 2, 3, 4, 5, 6, 7, 8], [0, 1, 2, 3, 4, 5, 6, 7, 8], [0, 1, 2, 3, 4, 5, 6, 7, 8], [0, 1, 2, 3, 4, 5, 6, 7, 8], [0, 1, 2, 3, 4, 5, 6, 7, 8], [0, 1, 2, 3, 4, 5, 6, 7, 8], [0, 1, 2, 3, 4, 5, 6, 7, 8], [0, 1, 2, 3, 4, 5, 6, 7, 8], [0, 1, 2, 3, 4, 5, 6, 7, 8], [0, 1, 2, 3, 4, 5, 6, 7, 8], [0, 1, 2, 3, 4, 5, 6, 7, 8], [0, 1, 2, 3, 4, 5, 6, 7, 8], [0, 1, 2, 3, 4, 5, 6, 7, 8], [0, 1, 2, 3, 4, 5, 6, 7, 8], [0, 1, 2, 3, 4, 5, 6, 7, 8], [0, 1, 2, 3, 4, 5, 6, 7, 8], [0, 1, 2, 3, 4, 5, 6, 7, 8], [0, 1, 2, 3, 4, 5, 6, 7, 8], [0, 1, 2, 3, 4, 5, 6, 7, 8]]",sidecar,True,morton,0
gqa,fullload,FullLoad,1.0,full,n567860,201756553,What is the animal that is white?,Cat,"[""kitten""]",0.0,10459,2,morton,0,fullload,,547.4440209800377,,,947.0103189814836,951.815900974907,18.962093046866357,970.7779940217733,1226833920,2368,64,,891.6055200388655,,,1.0,1.0,null,0.0,,1226833920,0,64,0,1226833920,19169280.0,19169280.0,0.0,,,,,null,,,,0
gqa,layout_prefix_chunk,Layout+Prefix,0.25,chunk,n567860,201756553,What is the animal that is white?,The cat is lying on a countertop.,"[""kitten""]",0.0,450,10,morton,0,prefix,0.19216036889702082,151.02423273492604,46.60034237895161,229.23573292791843,54.912852006964386,284.21522898133844,163.61953492742032,447.83476390875876,320864256,576,65,176.95662309415638,0.0,9.0,37,0.24324324324324326,0.26153846153846155,"[0.26153846153846155, 0.26153846153846155, 0.26153846153846155, 0.26153846153846155, 0.26153846153846155, 0.26153846153846155, 0.26153846153846155, 0.26153846153846155, 0.26153846153846155, 0.26153846153846155, 0.26153846153846155, 0.26153846153846155, 0.26153846153846155, 0.26153846153846155, 0.26153846153846155, 0.26153846153846155, 0.26153846153846155, 0.26153846153846155, 0.26153846153846155, 0.26153846153846155, 0.26153846153846155, 0.26153846153846155, 0.26153846153846155, 0.26153846153846155, 0.26153846153846155, 0.26153846153846155, 0.26153846153846155, 0.26153846153846155, 0.26153846153846155, 0.26153846153846155, 0.26153846153846155, 0.26153846153846155]",0.0,288,301989888,18874368,64,1,320864256,4936373.169230769,4718592.0,18874368.0,0,0,0,prefix,"[[0, 1, 2, 3, 4, 5, 6, 7, 8], [0, 1, 2, 3, 4, 5, 6, 7, 8], [0, 1, 2, 3, 4, 5, 6, 7, 8], [0, 1, 2, 3, 4, 5, 6, 7, 8], [0, 1, 2, 3, 4, 5, 6, 7, 8], [0, 1, 2, 3, 4, 5, 6, 7, 8], [0, 1, 2, 3, 4, 5, 6, 7, 8], [0, 1, 2, 3, 4, 5, 6, 7, 8], [0, 1, 2, 3, 4, 5, 6, 7, 8], [0, 1, 2, 3, 4, 5, 6, 7, 8], [0, 1, 2, 3, 4, 5, 6, 7, 8], [0, 1, 2, 3, 4, 5, 6, 7, 8], [0, 1, 2, 3, 4, 5, 6, 7, 8], [0, 1, 2, 3, 4, 5, 6, 7, 8], [0, 1, 2, 3, 4, 5, 6, 7, 8], [0, 1, 2, 3, 4, 5, 6, 7, 8], [0, 1, 2, 3, 4, 5, 6, 7, 8], [0, 1, 2, 3, 4, 5, 6, 7, 8], [0, 1, 2, 3, 4, 5, 6, 7, 8], [0, 1, 2, 3, 4, 5, 6, 7, 8], [0, 1, 2, 3, 4, 5, 6, 7, 8], [0, 1, 2, 3, 4, 5, 6, 7, 8], [0, 1, 2, 3, 4, 5, 6, 7, 8], [0, 1, 2, 3, 4, 5, 6, 7, 8], [0, 1, 2, 3, 4, 5, 6, 7, 8], [0, 1, 2, 3, 4, 5, 6, 7, 8], [0, 1, 2, 3, 4, 5, 6, 7, 8], [0, 1, 2, 3, 4, 5, 6, 7, 8], [0, 1, 2, 3, 4, 5, 6, 7, 8], [0, 1, 2, 3, 4, 5, 6, 7, 8], [0, 1, 2, 3, 4, 5, 6, 7, 8], [0, 1, 2, 3, 4, 5, 6, 7, 8]]",sidecar,True,morton,0
gqa,fullload,FullLoad,1.0,full,n567860,201756558,What animal is young?,Cat,"[""kitten""]",0.0,10459,2,morton,0,fullload,,513.1631382973865,,,870.9794179303572,875.8128909394145,18.64763698540628,894.4605279248208,1226833920,2368,64,,822.3361347336322,,,1.0,1.0,null,0.0,,1226833920,0,64,0,1226833920,19169280.0,19169280.0,0.0,,,,,null,,,,0
gqa,layout_prefix_chunk,Layout+Prefix,0.25,chunk,n567860,201756558,What animal is young?,The cat is laying on a countertop.,"[""kitten""]",0.0,450,11,morton,0,prefix,0.2620341256260872,174.3350982433185,57.25899001117796,272.1124819945544,49.90726301912218,322.0832970691845,182.61201190762222,504.6953089768067,320864256,576,65,208.08859018143266,0.0,9.0,37,0.24324324324324326,0.26153846153846155,"[0.26153846153846155, 0.26153846153846155, 0.26153846153846155, 0.26153846153846155, 0.26153846153846155, 0.26153846153846155, 0.26153846153846155, 0.26153846153846155, 0.26153846153846155, 0.26153846153846155, 0.26153846153846155, 0.26153846153846155, 0.26153846153846155, 0.26153846153846155, 0.26153846153846155, 0.26153846153846155, 0.26153846153846155, 0.26153846153846155, 0.26153846153846155, 0.26153846153846155, 0.26153846153846155, 0.26153846153846155, 0.26153846153846155, 0.26153846153846155, 0.26153846153846155, 0.26153846153846155, 0.26153846153846155, 0.26153846153846155, 0.26153846153846155, 0.26153846153846155, 0.26153846153846155, 0.26153846153846155]",0.0,288,301989888,18874368,64,1,320864256,4936373.169230769,4718592.0,18874368.0,0,0,0,prefix,"[[0, 1, 2, 3, 4, 5, 6, 7, 8], [0, 1, 2, 3, 4, 5, 6, 7, 8], [0, 1, 2, 3, 4, 5, 6, 7, 8], [0, 1, 2, 3, 4, 5, 6, 7, 8], [0, 1, 2, 3, 4, 5, 6, 7, 8], [0, 1, 2, 3, 4, 5, 6, 7, 8], [0, 1, 2, 3, 4, 5, 6, 7, 8], [0, 1, 2, 3, 4, 5, 6, 7, 8], [0, 1, 2, 3, 4, 5, 6, 7, 8], [0, 1, 2, 3, 4, 5, 6, 7, 8], [0, 1, 2, 3, 4, 5, 6, 7, 8], [0, 1, 2, 3, 4, 5, 6, 7, 8], [0, 1, 2, 3, 4, 5, 6, 7, 8], [0, 1, 2, 3, 4, 5, 6, 7, 8], [0, 1, 2, 3, 4, 5, 6, 7, 8], [0, 1, 2, 3, 4, 5, 6, 7, 8], [0, 1, 2, 3, 4, 5, 6, 7, 8], [0, 1, 2, 3, 4, 5, 6, 7, 8], [0, 1, 2, 3, 4, 5, 6, 7, 8], [0, 1, 2, 3, 4, 5, 6, 7, 8], [0, 1, 2, 3, 4, 5, 6, 7, 8], [0, 1, 2, 3, 4, 5, 6, 7, 8], [0, 1, 2, 3, 4, 5, 6, 7, 8], [0, 1, 2, 3, 4, 5, 6, 7, 8], [0, 1, 2, 3, 4, 5, 6, 7, 8], [0, 1, 2, 3, 4, 5, 6, 7, 8], [0, 1, 2, 3, 4, 5, 6, 7, 8], [0, 1, 2, 3, 4, 5, 6, 7, 8], [0, 1, 2, 3, 4, 5, 6, 7, 8], [0, 1, 2, 3, 4, 5, 6, 7, 8], [0, 1, 2, 3, 4, 5, 6, 7, 8], [0, 1, 2, 3, 4, 5, 6, 7, 8]]",sidecar,True,morton,0
gqa,fullload,FullLoad,1.0,full,n567860,201756771,Does the yellow fruit look unpeeled and ripe?,No,"[""yes""]",0.0,1939,2,morton,0,fullload,,523.3648100402206,,,897.9152500396594,902.740488993004,19.13863595109433,921.8791249440983,1226833920,2368,64,,849.3262672564015,,,1.0,1.0,null,0.0,,1226833920,0,64,0,1226833920,19169280.0,19169280.0,0.0,,,,,null,,,,0
gqa,layout_prefix_chunk,Layout+Prefix,0.25,chunk,n567860,201756771,Does the yellow fruit look unpeeled and ripe?,The image shows a white cat lying on a countertop next to a banana,"[""yes""]",0.0,450,16,morton,0,prefix,0.17312937416136265,148.2334038009867,44.501947704702616,222.78529300820082,52.05260799266398,274.9028829857707,276.56709298025817,551.4699759660289,320864256,576,65,172.7103991433978,0.0,9.0,37,0.24324324324324326,0.26153846153846155,"[0.26153846153846155, 0.26153846153846155, 0.26153846153846155, 0.26153846153846155, 0.26153846153846155, 0.26153846153846155, 0.26153846153846155, 0.26153846153846155, 0.26153846153846155, 0.26153846153846155, 0.26153846153846155, 0.26153846153846155, 0.26153846153846155, 0.26153846153846155, 0.26153846153846155, 0.26153846153846155, 0.26153846153846155, 0.26153846153846155, 0.26153846153846155, 0.26153846153846155, 0.26153846153846155, 0.26153846153846155, 0.26153846153846155, 0.26153846153846155, 0.26153846153846155, 0.26153846153846155, 0.26153846153846155, 0.26153846153846155, 0.26153846153846155, 0.26153846153846155, 0.26153846153846155, 0.26153846153846155]",0.0,288,301989888,18874368,64,1,320864256,4936373.169230769,4718592.0,18874368.0,0,0,0,prefix,"[[0, 1, 2, 3, 4, 5, 6, 7, 8], [0, 1, 2, 3, 4, 5, 6, 7, 8], [0, 1, 2, 3, 4, 5, 6, 7, 8], [0, 1, 2, 3, 4, 5, 6, 7, 8], [0, 1, 2, 3, 4, 5, 6, 7, 8], [0, 1, 2, 3, 4, 5, 6, 7, 8], [0, 1, 2, 3, 4, 5, 6, 7, 8], [0, 1, 2, 3, 4, 5, 6, 7, 8], [0, 1, 2, 3, 4, 5, 6, 7, 8], [0, 1, 2, 3, 4, 5, 6, 7, 8], [0, 1, 2, 3, 4, 5, 6, 7, 8], [0, 1, 2, 3, 4, 5, 6, 7, 8], [0, 1, 2, 3, 4, 5, 6, 7, 8], [0, 1, 2, 3, 4, 5, 6, 7, 8], [0, 1, 2, 3, 4, 5, 6, 7, 8], [0, 1, 2, 3, 4, 5, 6, 7, 8], [0, 1, 2, 3, 4, 5, 6, 7, 8], [0, 1, 2, 3, 4, 5, 6, 7, 8], [0, 1, 2, 3, 4, 5, 6, 7, 8], [0, 1, 2, 3, 4, 5, 6, 7, 8], [0, 1, 2, 3, 4, 5, 6, 7, 8], [0, 1, 2, 3, 4, 5, 6, 7, 8], [0, 1, 2, 3, 4, 5, 6, 7, 8], [0, 1, 2, 3, 4, 5, 6, 7, 8], [0, 1, 2, 3, 4, 5, 6, 7, 8], [0, 1, 2, 3, 4, 5, 6, 7, 8], [0, 1, 2, 3, 4, 5, 6, 7, 8], [0, 1, 2, 3, 4, 5, 6, 7, 8], [0, 1, 2, 3, 4, 5, 6, 7, 8], [0, 1, 2, 3, 4, 5, 6, 7, 8], [0, 1, 2, 3, 4, 5, 6, 7, 8], [0, 1, 2, 3, 4, 5, 6, 7, 8]]",sidecar,True,morton,0
gqa,fullload,FullLoad,1.0,full,n314171,201548698,What do you think is the alcohol in?,Blender,"[""blender""]",1.0,3164,3,morton,0,fullload,,434.7488364437595,,,692.3044890863821,697.2083150176331,38.30761997960508,735.5159349972382,1132462080,2176,64,,635.2242457214743,,,1.0,1.0,null,0.0,,1132462080,0,64,0,1132462080,17694720.0,17694720.0,0.0,,,,,null,,,,0
gqa,layout_prefix_chunk,Layout+Prefix,0.25,chunk,n314171,201548698,What do you think is the alcohol in?,The woman in the image is using a blender to mix a drink. She,"[""blender""]",0.0,450,16,morton,0,prefix,0.230689300224185,150.03035962581635,48.74519305303693,234.25194795709103,54.63176604826003,288.9474700205028,269.84170894138515,558.789178961888,293601280,512,65,179.6634328784421,0.0,8.0,34,0.23529411764705882,0.25925925925925924,"[0.25925925925925924, 0.25925925925925924, 0.25925925925925924, 0.25925925925925924, 0.25925925925925924, 0.25925925925925924, 0.25925925925925924, 0.25925925925925924, 0.25925925925925924, 0.25925925925925924, 0.25925925925925924, 0.25925925925925924, 0.25925925925925924, 0.25925925925925924, 0.25925925925925924, 0.25925925925925924, 0.25925925925925924, 0.25925925925925924, 0.25925925925925924, 0.25925925925925924, 0.25925925925925924, 0.25925925925925924, 0.25925925925925924, 0.25925925925925924, 0.25925925925925924, 0.25925925925925924, 0.25925925925925924, 0.25925925925925924, 0.25925925925925924, 0.25925925925925924, 0.25925925925925924, 0.25925925925925924]",0.0,256,268435456,25165824,64,1,293601280,4516942.769230769,4194304.0,25165824.0,0,0,0,prefix,"[[0, 1, 2, 3, 4, 5, 6, 7], [0, 1, 2, 3, 4, 5, 6, 7], [0, 1, 2, 3, 4, 5, 6, 7], [0, 1, 2, 3, 4, 5, 6, 7], [0, 1, 2, 3, 4, 5, 6, 7], [0, 1, 2, 3, 4, 5, 6, 7], [0, 1, 2, 3, 4, 5, 6, 7], [0, 1, 2, 3, 4, 5, 6, 7], [0, 1, 2, 3, 4, 5, 6, 7], [0, 1, 2, 3, 4, 5, 6, 7], [0, 1, 2, 3, 4, 5, 6, 7], [0, 1, 2, 3, 4, 5, 6, 7], [0, 1, 2, 3, 4, 5, 6, 7], [0, 1, 2, 3, 4, 5, 6, 7], [0, 1, 2, 3, 4, 5, 6, 7], [0, 1, 2, 3, 4, 5, 6, 7], [0, 1, 2, 3, 4, 5, 6, 7], [0, 1, 2, 3, 4, 5, 6, 7], [0, 1, 2, 3, 4, 5, 6, 7], [0, 1, 2, 3, 4, 5, 6, 7], [0, 1, 2, 3, 4, 5, 6, 7], [0, 1, 2, 3, 4, 5, 6, 7], [0, 1, 2, 3, 4, 5, 6, 7], [0, 1, 2, 3, 4, 5, 6, 7], [0, 1, 2, 3, 4, 5, 6, 7], [0, 1, 2, 3, 4, 5, 6, 7], [0, 1, 2, 3, 4, 5, 6, 7], [0, 1, 2, 3, 4, 5, 6, 7], [0, 1, 2, 3, 4, 5, 6, 7], [0, 1, 2, 3, 4, 5, 6, 7], [0, 1, 2, 3, 4, 5, 6, 7], [0, 1, 2, 3, 4, 5, 6, 7]]",sidecar,True,morton,0
gqa,fullload,FullLoad,1.0,full,n314171,201549013,Is there a white flag or balloon?,No,"[""no""]",1.0,1939,2,morton,0,fullload,,464.1920691356063,,,750.2270509721711,754.8997160047293,19.283424015156925,774.1831400198862,1132462080,2176,64,,684.9643909372389,,,1.0,1.0,null,0.0,,1132462080,0,64,0,1132462080,17694720.0,17694720.0,0.0,,,,,null,,,,0
gqa,layout_prefix_chunk,Layout+Prefix,0.25,chunk,n314171,201549013,Is there a white flag or balloon?,The woman in the image is using a blender to make a smoothie or,"[""no""]",0.0,450,16,morton,0,prefix,0.17663906328380108,145.1219889568165,46.2489906931296,219.47660890873522,56.09534902032465,275.6370229180902,270.21259698085487,545.8496198989451,293601280,512,65,167.69650706555694,0.0,8.0,34,0.23529411764705882,0.25925925925925924,"[0.25925925925925924, 0.25925925925925924, 0.25925925925925924, 0.25925925925925924, 0.25925925925925924, 0.25925925925925924, 0.25925925925925924, 0.25925925925925924, 0.25925925925925924, 0.25925925925925924, 0.25925925925925924, 0.25925925925925924, 0.25925925925925924, 0.25925925925925924, 0.25925925925925924, 0.25925925925925924, 0.25925925925925924, 0.25925925925925924, 0.25925925925925924, 0.25925925925925924, 0.25925925925925924, 0.25925925925925924, 0.25925925925925924, 0.25925925925925924, 0.25925925925925924, 0.25925925925925924, 0.25925925925925924, 0.25925925925925924, 0.25925925925925924, 0.25925925925925924, 0.25925925925925924, 0.25925925925925924]",0.0,256,268435456,25165824,64,1,293601280,4516942.769230769,4194304.0,25165824.0,0,0,0,prefix,"[[0, 1, 2, 3, 4, 5, 6, 7], [0, 1, 2, 3, 4, 5, 6, 7], [0, 1, 2, 3, 4, 5, 6, 7], [0, 1, 2, 3, 4, 5, 6, 7], [0, 1, 2, 3, 4, 5, 6, 7], [0, 1, 2, 3, 4, 5, 6, 7], [0, 1, 2, 3, 4, 5, 6, 7], [0, 1, 2, 3, 4, 5, 6, 7], [0, 1, 2, 3, 4, 5, 6, 7], [0, 1, 2, 3, 4, 5, 6, 7], [0, 1, 2, 3, 4, 5, 6, 7], [0, 1, 2, 3, 4, 5, 6, 7], [0, 1, 2, 3, 4, 5, 6, 7], [0, 1, 2, 3, 4, 5, 6, 7], [0, 1, 2, 3, 4, 5, 6, 7], [0, 1, 2, 3, 4, 5, 6, 7], [0, 1, 2, 3, 4, 5, 6, 7], [0, 1, 2, 3, 4, 5, 6, 7], [0, 1, 2, 3, 4, 5, 6, 7], [0, 1, 2, 3, 4, 5, 6, 7], [0, 1, 2, 3, 4, 5, 6, 7], [0, 1, 2, 3, 4, 5, 6, 7], [0, 1, 2, 3, 4, 5, 6, 7], [0, 1, 2, 3, 4, 5, 6, 7], [0, 1, 2, 3, 4, 5, 6, 7], [0, 1, 2, 3, 4, 5, 6, 7], [0, 1, 2, 3, 4, 5, 6, 7], [0, 1, 2, 3, 4, 5, 6, 7], [0, 1, 2, 3, 4, 5, 6, 7], [0, 1, 2, 3, 4, 5, 6, 7], [0, 1, 2, 3, 4, 5, 6, 7], [0, 1, 2, 3, 4, 5, 6, 7]]",sidecar,True,morton,0
gqa,fullload,FullLoad,1.0,full,n314171,201548970,Are there any small women or men?,No,"[""no""]",1.0,1939,2,morton,0,fullload,,416.54954303521663,,,674.0756899816915,678.8068149471655,19.291187054477632,698.0980020016432,1132462080,2176,64,,618.3073198189959,,,1.0,1.0,null,0.0,,1132462080,0,64,0,1132462080,17694720.0,17694720.0,0.0,,,,,null,,,,0
gqa,layout_prefix_chunk,Layout+Prefix,0.25,chunk,n314171,201548970,Are there any small women or men?,The woman in the image is using a blender to make a smoothie or,"[""no""]",0.0,450,16,morton,0,prefix,0.2338159829378128,158.46650837920606,52.75250237900764,244.05073293019086,52.56297695450485,296.6786149190739,267.0587080065161,563.73732292559,293601280,512,65,185.55363593623042,0.0,8.0,34,0.23529411764705882,0.25925925925925924,"[0.25925925925925924, 0.25925925925925924, 0.25925925925925924, 0.25925925925925924, 0.25925925925925924, 0.25925925925925924, 0.25925925925925924, 0.25925925925925924, 0.25925925925925924, 0.25925925925925924, 0.25925925925925924, 0.25925925925925924, 0.25925925925925924, 0.25925925925925924, 0.25925925925925924, 0.25925925925925924, 0.25925925925925924, 0.25925925925925924, 0.25925925925925924, 0.25925925925925924, 0.25925925925925924, 0.25925925925925924, 0.25925925925925924, 0.25925925925925924, 0.25925925925925924, 0.25925925925925924, 0.25925925925925924, 0.25925925925925924, 0.25925925925925924, 0.25925925925925924, 0.25925925925925924, 0.25925925925925924]",0.0,256,268435456,25165824,64,1,293601280,4516942.769230769,4194304.0,25165824.0,0,0,0,prefix,"[[0, 1, 2, 3, 4, 5, 6, 7], [0, 1, 2, 3, 4, 5, 6, 7], [0, 1, 2, 3, 4, 5, 6, 7], [0, 1, 2, 3, 4, 5, 6, 7], [0, 1, 2, 3, 4, 5, 6, 7], [0, 1, 2, 3, 4, 5, 6, 7], [0, 1, 2, 3, 4, 5, 6, 7], [0, 1, 2, 3, 4, 5, 6, 7], [0, 1, 2, 3, 4, 5, 6, 7], [0, 1, 2, 3, 4, 5, 6, 7], [0, 1, 2, 3, 4, 5, 6, 7], [0, 1, 2, 3, 4, 5, 6, 7], [0, 1, 2, 3, 4, 5, 6, 7], [0, 1, 2, 3, 4, 5, 6, 7], [0, 1, 2, 3, 4, 5, 6, 7], [0, 1, 2, 3, 4, 5, 6, 7], [0, 1, 2, 3, 4, 5, 6, 7], [0, 1, 2, 3, 4, 5, 6, 7], [0, 1, 2, 3, 4, 5, 6, 7], [0, 1, 2, 3, 4, 5, 6, 7], [0, 1, 2, 3, 4, 5, 6, 7], [0, 1, 2, 3, 4, 5, 6, 7], [0, 1, 2, 3, 4, 5, 6, 7], [0, 1, 2, 3, 4, 5, 6, 7], [0, 1, 2, 3, 4, 5, 6, 7], [0, 1, 2, 3, 4, 5, 6, 7], [0, 1, 2, 3, 4, 5, 6, 7], [0, 1, 2, 3, 4, 5, 6, 7], [0, 1, 2, 3, 4, 5, 6, 7], [0, 1, 2, 3, 4, 5, 6, 7], [0, 1, 2, 3, 4, 5, 6, 7], [0, 1, 2, 3, 4, 5, 6, 7]]",sidecar,True,morton,0
gqa,fullload,FullLoad,1.0,full,n314171,201548952,"Which side of the photo is the woman on, the right or the left?",Right,"[""right""]",1.0,10428,2,morton,0,fullload,,441.18024688214064,,,723.813142045401,728.4927109722048,19.390678964555264,747.8833899367601,1132462080,2176,64,,664.4796051550657,,,1.0,1.0,null,0.0,,1132462080,0,64,0,1132462080,17694720.0,17694720.0,0.0,,,,,null,,,,0
gqa,layout_prefix_chunk,Layout+Prefix,0.25,chunk,n314171,201548952,"Which side of the photo is the woman on, the right or the left?","The woman in the image is holding a blender with a green lid, and","[""right""]",0.0,450,16,morton,0,prefix,0.22474408615380526,155.62986442819238,52.2573800990358,240.51855492871255,43.42492297291756,284.0094199636951,268.9236890291795,552.9331089928746,293601280,512,65,182.11350042838603,0.0,8.0,34,0.23529411764705882,0.25925925925925924,"[0.25925925925925924, 0.25925925925925924, 0.25925925925925924, 0.25925925925925924, 0.25925925925925924, 0.25925925925925924, 0.25925925925925924, 0.25925925925925924, 0.25925925925925924, 0.25925925925925924, 0.25925925925925924, 0.25925925925925924, 0.25925925925925924, 0.25925925925925924, 0.25925925925925924, 0.25925925925925924, 0.25925925925925924, 0.25925925925925924, 0.25925925925925924, 0.25925925925925924, 0.25925925925925924, 0.25925925925925924, 0.25925925925925924, 0.25925925925925924, 0.25925925925925924, 0.25925925925925924, 0.25925925925925924, 0.25925925925925924, 0.25925925925925924, 0.25925925925925924, 0.25925925925925924, 0.25925925925925924]",0.0,256,268435456,25165824,64,1,293601280,4516942.769230769,4194304.0,25165824.0,0,0,0,prefix,"[[0, 1, 2, 3, 4, 5, 6, 7], [0, 1, 2, 3, 4, 5, 6, 7], [0, 1, 2, 3, 4, 5, 6, 7], [0, 1, 2, 3, 4, 5, 6, 7], [0, 1, 2, 3, 4, 5, 6, 7], [0, 1, 2, 3, 4, 5, 6, 7], [0, 1, 2, 3, 4, 5, 6, 7], [0, 1, 2, 3, 4, 5, 6, 7], [0, 1, 2, 3, 4, 5, 6, 7], [0, 1, 2, 3, 4, 5, 6, 7], [0, 1, 2, 3, 4, 5, 6, 7], [0, 1, 2, 3, 4, 5, 6, 7], [0, 1, 2, 3, 4, 5, 6, 7], [0, 1, 2, 3, 4, 5, 6, 7], [0, 1, 2, 3, 4, 5, 6, 7], [0, 1, 2, 3, 4, 5, 6, 7], [0, 1, 2, 3, 4, 5, 6, 7], [0, 1, 2, 3, 4, 5, 6, 7], [0, 1, 2, 3, 4, 5, 6, 7], [0, 1, 2, 3, 4, 5, 6, 7], [0, 1, 2, 3, 4, 5, 6, 7], [0, 1, 2, 3, 4, 5, 6, 7], [0, 1, 2, 3, 4, 5, 6, 7], [0, 1, 2, 3, 4, 5, 6, 7], [0, 1, 2, 3, 4, 5, 6, 7], [0, 1, 2, 3, 4, 5, 6, 7], [0, 1, 2, 3, 4, 5, 6, 7], [0, 1, 2, 3, 4, 5, 6, 7], [0, 1, 2, 3, 4, 5, 6, 7], [0, 1, 2, 3, 4, 5, 6, 7], [0, 1, 2, 3, 4, 5, 6, 7], [0, 1, 2, 3, 4, 5, 6, 7]]",sidecar,True,morton,0
gqa,fullload,FullLoad,1.0,full,n314171,201548929,What is the small room holding?,Shelf,"[""picture""]",0.0,1383,3,morton,0,fullload,,389.8867228999734,,,601.7439450370148,606.513103004545,37.8092200262472,644.3223230307922,1132462080,2176,64,,558.1710083642974,,,1.0,1.0,null,0.0,,1132462080,0,64,0,1132462080,17694720.0,17694720.0,0.0,,,,,null,,,,0
gqa,layout_prefix_chunk,Layout+Prefix,0.25,chunk,n314171,201548929,What is the small room holding?,The woman in the image is using a blender. She is holding the bl,"[""picture""]",0.0,450,16,morton,0,prefix,0.17910811584442854,158.1833817763254,43.99932723026723,229.58462103269994,46.958182007074356,276.60683705471456,273.02054199390113,549.6273790486157,293601280,512,65,180.1052587106824,0.0,8.0,34,0.23529411764705882,0.25925925925925924,"[0.25925925925925924, 0.25925925925925924, 0.25925925925925924, 0.25925925925925924, 0.25925925925925924, 0.25925925925925924, 0.25925925925925924, 0.25925925925925924, 0.25925925925925924, 0.25925925925925924, 0.25925925925925924, 0.25925925925925924, 0.25925925925925924, 0.25925925925925924, 0.25925925925925924, 0.25925925925925924, 0.25925925925925924, 0.25925925925925924, 0.25925925925925924, 0.25925925925925924, 0.25925925925925924, 0.25925925925925924, 0.25925925925925924, 0.25925925925925924, 0.25925925925925924, 0.25925925925925924, 0.25925925925925924, 0.25925925925925924, 0.25925925925925924, 0.25925925925925924, 0.25925925925925924, 0.25925925925925924]",0.0,256,268435456,25165824,64,1,293601280,4516942.769230769,4194304.0,25165824.0,0,0,0,prefix,"[[0, 1, 2, 3, 4, 5, 6, 7], [0, 1, 2, 3, 4, 5, 6, 7], [0, 1, 2, 3, 4, 5, 6, 7], [0, 1, 2, 3, 4, 5, 6, 7], [0, 1, 2, 3, 4, 5, 6, 7], [0, 1, 2, 3, 4, 5, 6, 7], [0, 1, 2, 3, 4, 5, 6, 7], [0, 1, 2, 3, 4, 5, 6, 7], [0, 1, 2, 3, 4, 5, 6, 7], [0, 1, 2, 3, 4, 5, 6, 7], [0, 1, 2, 3, 4, 5, 6, 7], [0, 1, 2, 3, 4, 5, 6, 7], [0, 1, 2, 3, 4, 5, 6, 7], [0, 1, 2, 3, 4, 5, 6, 7], [0, 1, 2, 3, 4, 5, 6, 7], [0, 1, 2, 3, 4, 5, 6, 7], [0, 1, 2, 3, 4, 5, 6, 7], [0, 1, 2, 3, 4, 5, 6, 7], [0, 1, 2, 3, 4, 5, 6, 7], [0, 1, 2, 3, 4, 5, 6, 7], [0, 1, 2, 3, 4, 5, 6, 7], [0, 1, 2, 3, 4, 5, 6, 7], [0, 1, 2, 3, 4, 5, 6, 7], [0, 1, 2, 3, 4, 5, 6, 7], [0, 1, 2, 3, 4, 5, 6, 7], [0, 1, 2, 3, 4, 5, 6, 7], [0, 1, 2, 3, 4, 5, 6, 7], [0, 1, 2, 3, 4, 5, 6, 7], [0, 1, 2, 3, 4, 5, 6, 7], [0, 1, 2, 3, 4, 5, 6, 7], [0, 1, 2, 3, 4, 5, 6, 7], [0, 1, 2, 3, 4, 5, 6, 7]]",sidecar,True,morton,0
gqa,fullload,FullLoad,1.0,full,n314171,201548676,Is the drink that is to the right of the blender made of glass?,Yes,"[""yes""]",1.0,3869,2,morton,0,fullload,,349.82489759568125,,,578.5518609918654,583.2343449583277,18.90382496640086,602.1381699247286,1132462080,2176,64,,532.6921819942072,,,1.0,1.0,null,0.0,,1132462080,0,64,0,1132462080,17694720.0,17694720.0,0.0,,,,,null,,,,0
gqa,layout_prefix_chunk,Layout+Prefix,0.25,chunk,n314171,201548676,Is the drink that is to the right of the blender made of glass?,The woman in the image is using a blender to make a drink. She,"[""yes""]",0.0,450,16,morton,0,prefix,0.18823740538209677,126.34380615781993,44.66876608785242,200.63614600803703,57.56029696203768,258.2616410218179,270.2355469809845,528.4971880028024,293601280,512,65,150.48650687094778,0.0,8.0,34,0.23529411764705882,0.25925925925925924,"[0.25925925925925924, 0.25925925925925924, 0.25925925925925924, 0.25925925925925924, 0.25925925925925924, 0.25925925925925924, 0.25925925925925924, 0.25925925925925924, 0.25925925925925924, 0.25925925925925924, 0.25925925925925924, 0.25925925925925924, 0.25925925925925924, 0.25925925925925924, 0.25925925925925924, 0.25925925925925924, 0.25925925925925924, 0.25925925925925924, 0.25925925925925924, 0.25925925925925924, 0.25925925925925924, 0.25925925925925924, 0.25925925925925924, 0.25925925925925924, 0.25925925925925924, 0.25925925925925924, 0.25925925925925924, 0.25925925925925924, 0.25925925925925924, 0.25925925925925924, 0.25925925925925924, 0.25925925925925924]",0.0,256,268435456,25165824,64,1,293601280,4516942.769230769,4194304.0,25165824.0,0,0,0,prefix,"[[0, 1, 2, 3, 4, 5, 6, 7], [0, 1, 2, 3, 4, 5, 6, 7], [0, 1, 2, 3, 4, 5, 6, 7], [0, 1, 2, 3, 4, 5, 6, 7], [0, 1, 2, 3, 4, 5, 6, 7], [0, 1, 2, 3, 4, 5, 6, 7], [0, 1, 2, 3, 4, 5, 6, 7], [0, 1, 2, 3, 4, 5, 6, 7], [0, 1, 2, 3, 4, 5, 6, 7], [0, 1, 2, 3, 4, 5, 6, 7], [0, 1, 2, 3, 4, 5, 6, 7], [0, 1, 2, 3, 4, 5, 6, 7], [0, 1, 2, 3, 4, 5, 6, 7], [0, 1, 2, 3, 4, 5, 6, 7], [0, 1, 2, 3, 4, 5, 6, 7], [0, 1, 2, 3, 4, 5, 6, 7], [0, 1, 2, 3, 4, 5, 6, 7], [0, 1, 2, 3, 4, 5, 6, 7], [0, 1, 2, 3, 4, 5, 6, 7], [0, 1, 2, 3, 4, 5, 6, 7], [0, 1, 2, 3, 4, 5, 6, 7], [0, 1, 2, 3, 4, 5, 6, 7], [0, 1, 2, 3, 4, 5, 6, 7], [0, 1, 2, 3, 4, 5, 6, 7], [0, 1, 2, 3, 4, 5, 6, 7], [0, 1, 2, 3, 4, 5, 6, 7], [0, 1, 2, 3, 4, 5, 6, 7], [0, 1, 2, 3, 4, 5, 6, 7], [0, 1, 2, 3, 4, 5, 6, 7], [0, 1, 2, 3, 4, 5, 6, 7], [0, 1, 2, 3, 4, 5, 6, 7], [0, 1, 2, 3, 4, 5, 6, 7]]",sidecar,True,morton,0
gqa,fullload,FullLoad,1.0,full,n437064,20609470,What is the fork made of?,Metal,"[""metal""]",1.0,24992,2,morton,0,fullload,,391.78097795229405,,,638.2819169666618,643.0024000583217,19.125721999444067,662.1281220577657,1124073472,2176,64,,582.6402521925047,,,1.0,1.0,null,0.0,,1124073472,0,64,0,1124073472,17563648.0,17563648.0,0.0,,,,,null,,,,0
gqa,layout_prefix_chunk,Layout+Prefix,0.25,chunk,n437064,20609470,What is the fork made of?,"The image shows a slice of cake with a strawberry topping,","[""metal""]",0.0,450,16,morton,0,prefix,0.23582042194902897,140.96774032805115,53.90289274509996,229.34438195079565,51.29611003212631,280.70535394363105,269.4044850068167,550.1098389504477,285212672,512,65,169.62195886299014,0.0,8.0,34,0.23529411764705882,0.2537313432835821,"[0.2537313432835821, 0.2537313432835821, 0.2537313432835821, 0.2537313432835821, 0.2537313432835821, 0.2537313432835821, 0.2537313432835821, 0.2537313432835821, 0.2537313432835821, 0.2537313432835821, 0.2537313432835821, 0.2537313432835821, 0.2537313432835821, 0.2537313432835821, 0.2537313432835821, 0.2537313432835821, 0.2537313432835821, 0.2537313432835821, 0.2537313432835821, 0.2537313432835821, 0.2537313432835821, 0.2537313432835821, 0.2537313432835821, 0.2537313432835821, 0.2537313432835821, 0.2537313432835821, 0.2537313432835821, 0.2537313432835821, 0.2537313432835821, 0.2537313432835821, 0.2537313432835821, 0.2537313432835821]",0.0,256,268435456,16777216,64,1,285212672,4387887.261538462,4194304.0,16777216.0,0,0,0,prefix,"[[0, 1, 2, 3, 4, 5, 6, 7], [0, 1, 2, 3, 4, 5, 6, 7], [0, 1, 2, 3, 4, 5, 6, 7], [0, 1, 2, 3, 4, 5, 6, 7], [0, 1, 2, 3, 4, 5, 6, 7], [0, 1, 2, 3, 4, 5, 6, 7], [0, 1, 2, 3, 4, 5, 6, 7], [0, 1, 2, 3, 4, 5, 6, 7], [0, 1, 2, 3, 4, 5, 6, 7], [0, 1, 2, 3, 4, 5, 6, 7], [0, 1, 2, 3, 4, 5, 6, 7], [0, 1, 2, 3, 4, 5, 6, 7], [0, 1, 2, 3, 4, 5, 6, 7], [0, 1, 2, 3, 4, 5, 6, 7], [0, 1, 2, 3, 4, 5, 6, 7], [0, 1, 2, 3, 4, 5, 6, 7], [0, 1, 2, 3, 4, 5, 6, 7], [0, 1, 2, 3, 4, 5, 6, 7], [0, 1, 2, 3, 4, 5, 6, 7], [0, 1, 2, 3, 4, 5, 6, 7], [0, 1, 2, 3, 4, 5, 6, 7], [0, 1, 2, 3, 4, 5, 6, 7], [0, 1, 2, 3, 4, 5, 6, 7], [0, 1, 2, 3, 4, 5, 6, 7], [0, 1, 2, 3, 4, 5, 6, 7], [0, 1, 2, 3, 4, 5, 6, 7], [0, 1, 2, 3, 4, 5, 6, 7], [0, 1, 2, 3, 4, 5, 6, 7], [0, 1, 2, 3, 4, 5, 6, 7], [0, 1, 2, 3, 4, 5, 6, 7], [0, 1, 2, 3, 4, 5, 6, 7], [0, 1, 2, 3, 4, 5, 6, 7]]",sidecar,True,morton,0
gqa,fullload,FullLoad,1.0,full,n437064,20609567,Is the utensil in front of the cake clean and metallic?,Yes,"[""yes""]",1.0,3869,2,morton,0,fullload,,431.90384772606194,,,704.5265040360391,709.1979120159522,19.273180980235338,728.4710929961875,1124073472,2176,64,,639.1543315257877,,,1.0,1.0,null,0.0,,1124073472,0,64,0,1124073472,17563648.0,17563648.0,0.0,,,,,null,,,,0
gqa,layout_prefix_chunk,Layout+Prefix,0.25,chunk,n437064,20609567,Is the utensil in front of the cake clean and metallic?,Yes,"[""yes""]",1.0,3869,2,morton,0,prefix,0.23089325986802578,133.4972574841231,52.52409295644611,219.09281506668776,45.70813605096191,264.86806105822325,19.026060006581247,283.8941210648045,285212672,512,65,160.70102609228343,0.0,8.0,34,0.23529411764705882,0.2537313432835821,"[0.2537313432835821, 0.2537313432835821, 0.2537313432835821, 0.2537313432835821, 0.2537313432835821, 0.2537313432835821, 0.2537313432835821, 0.2537313432835821, 0.2537313432835821, 0.2537313432835821, 0.2537313432835821, 0.2537313432835821, 0.2537313432835821, 0.2537313432835821, 0.2537313432835821, 0.2537313432835821, 0.2537313432835821, 0.2537313432835821, 0.2537313432835821, 0.2537313432835821, 0.2537313432835821, 0.2537313432835821, 0.2537313432835821, 0.2537313432835821, 0.2537313432835821, 0.2537313432835821, 0.2537313432835821, 0.2537313432835821, 0.2537313432835821, 0.2537313432835821, 0.2537313432835821, 0.2537313432835821]",0.0,256,268435456,16777216,64,1,285212672,4387887.261538462,4194304.0,16777216.0,0,0,0,prefix,"[[0, 1, 2, 3, 4, 5, 6, 7], [0, 1, 2, 3, 4, 5, 6, 7], [0, 1, 2, 3, 4, 5, 6, 7], [0, 1, 2, 3, 4, 5, 6, 7], [0, 1, 2, 3, 4, 5, 6, 7], [0, 1, 2, 3, 4, 5, 6, 7], [0, 1, 2, 3, 4, 5, 6, 7], [0, 1, 2, 3, 4, 5, 6, 7], [0, 1, 2, 3, 4, 5, 6, 7], [0, 1, 2, 3, 4, 5, 6, 7], [0, 1, 2, 3, 4, 5, 6, 7], [0, 1, 2, 3, 4, 5, 6, 7], [0, 1, 2, 3, 4, 5, 6, 7], [0, 1, 2, 3, 4, 5, 6, 7], [0, 1, 2, 3, 4, 5, 6, 7], [0, 1, 2, 3, 4, 5, 6, 7], [0, 1, 2, 3, 4, 5, 6, 7], [0, 1, 2, 3, 4, 5, 6, 7], [0, 1, 2, 3, 4, 5, 6, 7], [0, 1, 2, 3, 4, 5, 6, 7], [0, 1, 2, 3, 4, 5, 6, 7], [0, 1, 2, 3, 4, 5, 6, 7], [0, 1, 2, 3, 4, 5, 6, 7], [0, 1, 2, 3, 4, 5, 6, 7], [0, 1, 2, 3, 4, 5, 6, 7], [0, 1, 2, 3, 4, 5, 6, 7], [0, 1, 2, 3, 4, 5, 6, 7], [0, 1, 2, 3, 4, 5, 6, 7], [0, 1, 2, 3, 4, 5, 6, 7], [0, 1, 2, 3, 4, 5, 6, 7], [0, 1, 2, 3, 4, 5, 6, 7], [0, 1, 2, 3, 4, 5, 6, 7]]",sidecar,True,morton,0
gqa,fullload,FullLoad,1.0,full,n437064,20609355,What is in front of the fruit that the bowl is behind of?,Spoon,"[""whipped cream""]",0.0,24674,3,morton,0,fullload,,374.846959952265,,,613.5520279640332,618.2222689967602,37.8220749553293,656.0443439520895,1124073472,2176,64,,558.1397489877418,,,1.0,1.0,null,0.0,,1124073472,0,64,0,1124073472,17563648.0,17563648.0,0.0,,,,,null,,,,0
gqa,layout_prefix_chunk,Layout+Prefix,0.25,chunk,n437064,20609355,What is in front of the fruit that the bowl is behind of?,The image shows a plate of food that includes a slice of cake and a,"[""whipped cream""]",0.0,450,16,morton,0,prefix,0.22244290448725224,140.15678071882576,52.522862679325044,227.59480902459472,42.25018306169659,269.90936405491084,275.12903593014926,545.0383999850601,285212672,512,65,169.40723545849323,0.0,8.0,34,0.23529411764705882,0.2537313432835821,"[0.2537313432835821, 0.2537313432835821, 0.2537313432835821, 0.2537313432835821, 0.2537313432835821, 0.2537313432835821, 0.2537313432835821, 0.2537313432835821, 0.2537313432835821, 0.2537313432835821, 0.2537313432835821, 0.2537313432835821, 0.2537313432835821, 0.2537313432835821, 0.2537313432835821, 0.2537313432835821, 0.2537313432835821, 0.2537313432835821, 0.2537313432835821, 0.2537313432835821, 0.2537313432835821, 0.2537313432835821, 0.2537313432835821, 0.2537313432835821, 0.2537313432835821, 0.2537313432835821, 0.2537313432835821, 0.2537313432835821, 0.2537313432835821, 0.2537313432835821, 0.2537313432835821, 0.2537313432835821]",0.0,256,268435456,16777216,64,1,285212672,4387887.261538462,4194304.0,16777216.0,0,0,0,prefix,"[[0, 1, 2, 3, 4, 5, 6, 7], [0, 1, 2, 3, 4, 5, 6, 7], [0, 1, 2, 3, 4, 5, 6, 7], [0, 1, 2, 3, 4, 5, 6, 7], [0, 1, 2, 3, 4, 5, 6, 7], [0, 1, 2, 3, 4, 5, 6, 7], [0, 1, 2, 3, 4, 5, 6, 7], [0, 1, 2, 3, 4, 5, 6, 7], [0, 1, 2, 3, 4, 5, 6, 7], [0, 1, 2, 3, 4, 5, 6, 7], [0, 1, 2, 3, 4, 5, 6, 7], [0, 1, 2, 3, 4, 5, 6, 7], [0, 1, 2, 3, 4, 5, 6, 7], [0, 1, 2, 3, 4, 5, 6, 7], [0, 1, 2, 3, 4, 5, 6, 7], [0, 1, 2, 3, 4, 5, 6, 7], [0, 1, 2, 3, 4, 5, 6, 7], [0, 1, 2, 3, 4, 5, 6, 7], [0, 1, 2, 3, 4, 5, 6, 7], [0, 1, 2, 3, 4, 5, 6, 7], [0, 1, 2, 3, 4, 5, 6, 7], [0, 1, 2, 3, 4, 5, 6, 7], [0, 1, 2, 3, 4, 5, 6, 7], [0, 1, 2, 3, 4, 5, 6, 7], [0, 1, 2, 3, 4, 5, 6, 7], [0, 1, 2, 3, 4, 5, 6, 7], [0, 1, 2, 3, 4, 5, 6, 7], [0, 1, 2, 3, 4, 5, 6, 7], [0, 1, 2, 3, 4, 5, 6, 7], [0, 1, 2, 3, 4, 5, 6, 7], [0, 1, 2, 3, 4, 5, 6, 7], [0, 1, 2, 3, 4, 5, 6, 7]]",sidecar,True,morton,0
gqa,fullload,FullLoad,1.0,full,n437064,20609358,The whipped cream is in front of what?,Strawberry,"[""strawberry""]",1.0,624,4,morton,0,fullload,,373.9492465974763,,,600.7260419428349,605.3154550027102,55.27591297868639,660.5913679813966,1124073472,2176,64,,550.6087720859796,,,1.0,1.0,null,0.0,,1124073472,0,64,0,1124073472,17563648.0,17563648.0,0.0,,,,,null,,,,0
gqa,layout_prefix_chunk,Layout+Prefix,0.25,chunk,n437064,20609358,The whipped cream is in front of what?,"The image shows a slice of cake with a strawberry topping,","[""strawberry""]",0.0,450,16,morton,0,prefix,0.1646361779421568,124.62410877924412,41.1125369137153,193.78370698541403,51.70548695605248,245.53654296323657,271.618937025778,517.1554799890146,285212672,512,65,147.37329201307148,0.0,8.0,34,0.23529411764705882,0.2537313432835821,"[0.2537313432835821, 0.2537313432835821, 0.2537313432835821, 0.2537313432835821, 0.2537313432835821, 0.2537313432835821, 0.2537313432835821, 0.2537313432835821, 0.2537313432835821, 0.2537313432835821, 0.2537313432835821, 0.2537313432835821, 0.2537313432835821, 0.2537313432835821, 0.2537313432835821, 0.2537313432835821, 0.2537313432835821, 0.2537313432835821, 0.2537313432835821, 0.2537313432835821, 0.2537313432835821, 0.2537313432835821, 0.2537313432835821, 0.2537313432835821, 0.2537313432835821, 0.2537313432835821, 0.2537313432835821, 0.2537313432835821, 0.2537313432835821, 0.2537313432835821, 0.2537313432835821, 0.2537313432835821]",0.0,256,268435456,16777216,64,1,285212672,4387887.261538462,4194304.0,16777216.0,0,0,0,prefix,"[[0, 1, 2, 3, 4, 5, 6, 7], [0, 1, 2, 3, 4, 5, 6, 7], [0, 1, 2, 3, 4, 5, 6, 7], [0, 1, 2, 3, 4, 5, 6, 7], [0, 1, 2, 3, 4, 5, 6, 7], [0, 1, 2, 3, 4, 5, 6, 7], [0, 1, 2, 3, 4, 5, 6, 7], [0, 1, 2, 3, 4, 5, 6, 7], [0, 1, 2, 3, 4, 5, 6, 7], [0, 1, 2, 3, 4, 5, 6, 7], [0, 1, 2, 3, 4, 5, 6, 7], [0, 1, 2, 3, 4, 5, 6, 7], [0, 1, 2, 3, 4, 5, 6, 7], [0, 1, 2, 3, 4, 5, 6, 7], [0, 1, 2, 3, 4, 5, 6, 7], [0, 1, 2, 3, 4, 5, 6, 7], [0, 1, 2, 3, 4, 5, 6, 7], [0, 1, 2, 3, 4, 5, 6, 7], [0, 1, 2, 3, 4, 5, 6, 7], [0, 1, 2, 3, 4, 5, 6, 7], [0, 1, 2, 3, 4, 5, 6, 7], [0, 1, 2, 3, 4, 5, 6, 7], [0, 1, 2, 3, 4, 5, 6, 7], [0, 1, 2, 3, 4, 5, 6, 7], [0, 1, 2, 3, 4, 5, 6, 7], [0, 1, 2, 3, 4, 5, 6, 7], [0, 1, 2, 3, 4, 5, 6, 7], [0, 1, 2, 3, 4, 5, 6, 7], [0, 1, 2, 3, 4, 5, 6, 7], [0, 1, 2, 3, 4, 5, 6, 7], [0, 1, 2, 3, 4, 5, 6, 7], [0, 1, 2, 3, 4, 5, 6, 7]]",sidecar,True,morton,0
gqa,fullload,FullLoad,1.0,full,n437064,20609280,Are there both a strawberry and a plate in the picture?,Yes,"[""yes""]",1.0,3869,2,morton,0,fullload,,379.62112785317004,,,608.5694680223241,613.1629730807617,19.196208915673196,632.3591819964349,1124073472,2176,64,,558.3370700478554,,,1.0,1.0,null,0.0,,1124073472,0,64,0,1124073472,17563648.0,17563648.0,0.0,,,,,null,,,,0
gqa,layout_prefix_chunk,Layout+Prefix,0.25,chunk,n437064,20609280,Are there both a strawberry and a plate in the picture?,Yes,"[""yes""]",1.0,3869,2,morton,0,prefix,0.23232167586684227,138.69498565327376,51.49139557033777,226.01268300786614,46.299501904286444,272.3764010006562,18.564822035841644,290.94122303649783,285212672,512,65,168.30228897742927,0.0,8.0,34,0.23529411764705882,0.2537313432835821,"[0.2537313432835821, 0.2537313432835821, 0.2537313432835821, 0.2537313432835821, 0.2537313432835821, 0.2537313432835821, 0.2537313432835821, 0.2537313432835821, 0.2537313432835821, 0.2537313432835821, 0.2537313432835821, 0.2537313432835821, 0.2537313432835821, 0.2537313432835821, 0.2537313432835821, 0.2537313432835821, 0.2537313432835821, 0.2537313432835821, 0.2537313432835821, 0.2537313432835821, 0.2537313432835821, 0.2537313432835821, 0.2537313432835821, 0.2537313432835821, 0.2537313432835821, 0.2537313432835821, 0.2537313432835821, 0.2537313432835821, 0.2537313432835821, 0.2537313432835821, 0.2537313432835821, 0.2537313432835821]",0.0,256,268435456,16777216,64,1,285212672,4387887.261538462,4194304.0,16777216.0,0,0,0,prefix,"[[0, 1, 2, 3, 4, 5, 6, 7], [0, 1, 2, 3, 4, 5, 6, 7], [0, 1, 2, 3, 4, 5, 6, 7], [0, 1, 2, 3, 4, 5, 6, 7], [0, 1, 2, 3, 4, 5, 6, 7], [0, 1, 2, 3, 4, 5, 6, 7], [0, 1, 2, 3, 4, 5, 6, 7], [0, 1, 2, 3, 4, 5, 6, 7], [0, 1, 2, 3, 4, 5, 6, 7], [0, 1, 2, 3, 4, 5, 6, 7], [0, 1, 2, 3, 4, 5, 6, 7], [0, 1, 2, 3, 4, 5, 6, 7], [0, 1, 2, 3, 4, 5, 6, 7], [0, 1, 2, 3, 4, 5, 6, 7], [0, 1, 2, 3, 4, 5, 6, 7], [0, 1, 2, 3, 4, 5, 6, 7], [0, 1, 2, 3, 4, 5, 6, 7], [0, 1, 2, 3, 4, 5, 6, 7], [0, 1, 2, 3, 4, 5, 6, 7], [0, 1, 2, 3, 4, 5, 6, 7], [0, 1, 2, 3, 4, 5, 6, 7], [0, 1, 2, 3, 4, 5, 6, 7], [0, 1, 2, 3, 4, 5, 6, 7], [0, 1, 2, 3, 4, 5, 6, 7], [0, 1, 2, 3, 4, 5, 6, 7], [0, 1, 2, 3, 4, 5, 6, 7], [0, 1, 2, 3, 4, 5, 6, 7], [0, 1, 2, 3, 4, 5, 6, 7], [0, 1, 2, 3, 4, 5, 6, 7], [0, 1, 2, 3, 4, 5, 6, 7], [0, 1, 2, 3, 4, 5, 6, 7], [0, 1, 2, 3, 4, 5, 6, 7]]",sidecar,True,morton,0
gqa,fullload,FullLoad,1.0,full,n437064,20609547,What is the spoon made of?,Metal,"[""metal""]",1.0,24992,2,morton,0,fullload,,409.80131190735847,,,684.522297931835,689.1446069348603,19.063791958615184,708.2083988934755,1124073472,2176,64,,621.4297532569617,,,1.0,1.0,null,0.0,,1124073472,0,64,0,1124073472,17563648.0,17563648.0,0.0,,,,,null,,,,0
gqa,layout_prefix_chunk,Layout+Prefix,0.25,chunk,n437064,20609547,What is the spoon made of?,"The image shows a slice of cake with a strawberry topping,","[""metal""]",0.0,450,16,morton,0,prefix,0.22664177231490612,141.25991822220385,51.79061833769083,225.70985299535096,42.52979101147503,268.3057920075953,273.94061197992414,542.2464039875194,285212672,512,65,168.2324002031237,0.0,8.0,34,0.23529411764705882,0.2537313432835821,"[0.2537313432835821, 0.2537313432835821, 0.2537313432835821, 0.2537313432835821, 0.2537313432835821, 0.2537313432835821, 0.2537313432835821, 0.2537313432835821, 0.2537313432835821, 0.2537313432835821, 0.2537313432835821, 0.2537313432835821, 0.2537313432835821, 0.2537313432835821, 0.2537313432835821, 0.2537313432835821, 0.2537313432835821, 0.2537313432835821, 0.2537313432835821, 0.2537313432835821, 0.2537313432835821, 0.2537313432835821, 0.2537313432835821, 0.2537313432835821, 0.2537313432835821, 0.2537313432835821, 0.2537313432835821, 0.2537313432835821, 0.2537313432835821, 0.2537313432835821, 0.2537313432835821, 0.2537313432835821]",0.0,256,268435456,16777216,64,1,285212672,4387887.261538462,4194304.0,16777216.0,0,0,0,prefix,"[[0, 1, 2, 3, 4, 5, 6, 7], [0, 1, 2, 3, 4, 5, 6, 7], [0, 1, 2, 3, 4, 5, 6, 7], [0, 1, 2, 3, 4, 5, 6, 7], [0, 1, 2, 3, 4, 5, 6, 7], [0, 1, 2, 3, 4, 5, 6, 7], [0, 1, 2, 3, 4, 5, 6, 7], [0, 1, 2, 3, 4, 5, 6, 7], [0, 1, 2, 3, 4, 5, 6, 7], [0, 1, 2, 3, 4, 5, 6, 7], [0, 1, 2, 3, 4, 5, 6, 7], [0, 1, 2, 3, 4, 5, 6, 7], [0, 1, 2, 3, 4, 5, 6, 7], [0, 1, 2, 3, 4, 5, 6, 7], [0, 1, 2, 3, 4, 5, 6, 7], [0, 1, 2, 3, 4, 5, 6, 7], [0, 1, 2, 3, 4, 5, 6, 7], [0, 1, 2, 3, 4, 5, 6, 7], [0, 1, 2, 3, 4, 5, 6, 7], [0, 1, 2, 3, 4, 5, 6, 7], [0, 1, 2, 3, 4, 5, 6, 7], [0, 1, 2, 3, 4, 5, 6, 7], [0, 1, 2, 3, 4, 5, 6, 7], [0, 1, 2, 3, 4, 5, 6, 7], [0, 1, 2, 3, 4, 5, 6, 7], [0, 1, 2, 3, 4, 5, 6, 7], [0, 1, 2, 3, 4, 5, 6, 7], [0, 1, 2, 3, 4, 5, 6, 7], [0, 1, 2, 3, 4, 5, 6, 7], [0, 1, 2, 3, 4, 5, 6, 7], [0, 1, 2, 3, 4, 5, 6, 7], [0, 1, 2, 3, 4, 5, 6, 7]]",sidecar,True,morton,0
gqa,fullload,FullLoad,1.0,full,n498140,2072748,Does the sign have the same color as the grill?,Yes,"[""no""]",0.0,3869,2,morton,0,fullload,,435.71036180946976,,,780.6110500823706,785.3817041032016,19.24270298331976,804.6244070865214,1124073472,2176,64,,734.8327821819112,,,1.0,1.0,null,0.0,,1124073472,0,64,0,1124073472,17563648.0,17563648.0,0.0,,,,,null,,,,0
gqa,layout_prefix_chunk,Layout+Prefix,0.25,chunk,n498140,2072748,Does the sign have the same color as the grill?,The image shows a red double-decker bus driving down a street lined,"[""no""]",0.0,450,16,morton,0,prefix,0.15960517339408398,121.70236126985401,39.508074056357145,188.73206002172083,35.33925302326679,224.11405202001333,270.6375219859183,494.7515740059316,285212672,512,65,143.97615345660597,0.0,8.0,34,0.23529411764705882,0.2537313432835821,"[0.2537313432835821, 0.2537313432835821, 0.2537313432835821, 0.2537313432835821, 0.2537313432835821, 0.2537313432835821, 0.2537313432835821, 0.2537313432835821, 0.2537313432835821, 0.2537313432835821, 0.2537313432835821, 0.2537313432835821, 0.2537313432835821, 0.2537313432835821, 0.2537313432835821, 0.2537313432835821, 0.2537313432835821, 0.2537313432835821, 0.2537313432835821, 0.2537313432835821, 0.2537313432835821, 0.2537313432835821, 0.2537313432835821, 0.2537313432835821, 0.2537313432835821, 0.2537313432835821, 0.2537313432835821, 0.2537313432835821, 0.2537313432835821, 0.2537313432835821, 0.2537313432835821, 0.2537313432835821]",0.0,256,268435456,16777216,64,1,285212672,4387887.261538462,4194304.0,16777216.0,0,0,0,prefix,"[[0, 1, 2, 3, 4, 5, 6, 7], [0, 1, 2, 3, 4, 5, 6, 7], [0, 1, 2, 3, 4, 5, 6, 7], [0, 1, 2, 3, 4, 5, 6, 7], [0, 1, 2, 3, 4, 5, 6, 7], [0, 1, 2, 3, 4, 5, 6, 7], [0, 1, 2, 3, 4, 5, 6, 7], [0, 1, 2, 3, 4, 5, 6, 7], [0, 1, 2, 3, 4, 5, 6, 7], [0, 1, 2, 3, 4, 5, 6, 7], [0, 1, 2, 3, 4, 5, 6, 7], [0, 1, 2, 3, 4, 5, 6, 7], [0, 1, 2, 3, 4, 5, 6, 7], [0, 1, 2, 3, 4, 5, 6, 7], [0, 1, 2, 3, 4, 5, 6, 7], [0, 1, 2, 3, 4, 5, 6, 7], [0, 1, 2, 3, 4, 5, 6, 7], [0, 1, 2, 3, 4, 5, 6, 7], [0, 1, 2, 3, 4, 5, 6, 7], [0, 1, 2, 3, 4, 5, 6, 7], [0, 1, 2, 3, 4, 5, 6, 7], [0, 1, 2, 3, 4, 5, 6, 7], [0, 1, 2, 3, 4, 5, 6, 7], [0, 1, 2, 3, 4, 5, 6, 7], [0, 1, 2, 3, 4, 5, 6, 7], [0, 1, 2, 3, 4, 5, 6, 7], [0, 1, 2, 3, 4, 5, 6, 7], [0, 1, 2, 3, 4, 5, 6, 7], [0, 1, 2, 3, 4, 5, 6, 7], [0, 1, 2, 3, 4, 5, 6, 7], [0, 1, 2, 3, 4, 5, 6, 7], [0, 1, 2, 3, 4, 5, 6, 7]]",sidecar,True,morton,0
gqa,fullload,FullLoad,1.0,full,n498140,2072741,Do the building and the sign have a different colors?,Yes,"[""no""]",0.0,3869,2,morton,0,fullload,,384.2722992412746,,,634.0847089886665,638.6798300081864,19.1545250127092,657.8343550208956,1124073472,2176,64,,580.5324865505099,,,1.0,1.0,null,0.0,,1124073472,0,64,0,1124073472,17563648.0,17563648.0,0.0,,,,,null,,,,0
gqa,layout_prefix_chunk,Layout+Prefix,0.25,chunk,n498140,2072741,Do the building and the sign have a different colors?,The image shows a red double-decker bus driving down a street lined,"[""no""]",0.0,450,16,morton,0,prefix,0.175136374309659,122.58663808461279,41.60885792225599,192.33238196466118,36.42036905512214,228.8001630222425,269.13936296477914,497.9395259870216,285212672,512,65,145.35131712909788,0.0,8.0,34,0.23529411764705882,0.2537313432835821,"[0.2537313432835821, 0.2537313432835821, 0.2537313432835821, 0.2537313432835821, 0.2537313432835821, 0.2537313432835821, 0.2537313432835821, 0.2537313432835821, 0.2537313432835821, 0.2537313432835821, 0.2537313432835821, 0.2537313432835821, 0.2537313432835821, 0.2537313432835821, 0.2537313432835821, 0.2537313432835821, 0.2537313432835821, 0.2537313432835821, 0.2537313432835821, 0.2537313432835821, 0.2537313432835821, 0.2537313432835821, 0.2537313432835821, 0.2537313432835821, 0.2537313432835821, 0.2537313432835821, 0.2537313432835821, 0.2537313432835821, 0.2537313432835821, 0.2537313432835821, 0.2537313432835821, 0.2537313432835821]",0.0,256,268435456,16777216,64,1,285212672,4387887.261538462,4194304.0,16777216.0,0,0,0,prefix,"[[0, 1, 2, 3, 4, 5, 6, 7], [0, 1, 2, 3, 4, 5, 6, 7], [0, 1, 2, 3, 4, 5, 6, 7], [0, 1, 2, 3, 4, 5, 6, 7], [0, 1, 2, 3, 4, 5, 6, 7], [0, 1, 2, 3, 4, 5, 6, 7], [0, 1, 2, 3, 4, 5, 6, 7], [0, 1, 2, 3, 4, 5, 6, 7], [0, 1, 2, 3, 4, 5, 6, 7], [0, 1, 2, 3, 4, 5, 6, 7], [0, 1, 2, 3, 4, 5, 6, 7], [0, 1, 2, 3, 4, 5, 6, 7], [0, 1, 2, 3, 4, 5, 6, 7], [0, 1, 2, 3, 4, 5, 6, 7], [0, 1, 2, 3, 4, 5, 6, 7], [0, 1, 2, 3, 4, 5, 6, 7], [0, 1, 2, 3, 4, 5, 6, 7], [0, 1, 2, 3, 4, 5, 6, 7], [0, 1, 2, 3, 4, 5, 6, 7], [0, 1, 2, 3, 4, 5, 6, 7], [0, 1, 2, 3, 4, 5, 6, 7], [0, 1, 2, 3, 4, 5, 6, 7], [0, 1, 2, 3, 4, 5, 6, 7], [0, 1, 2, 3, 4, 5, 6, 7], [0, 1, 2, 3, 4, 5, 6, 7], [0, 1, 2, 3, 4, 5, 6, 7], [0, 1, 2, 3, 4, 5, 6, 7], [0, 1, 2, 3, 4, 5, 6, 7], [0, 1, 2, 3, 4, 5, 6, 7], [0, 1, 2, 3, 4, 5, 6, 7], [0, 1, 2, 3, 4, 5, 6, 7], [0, 1, 2, 3, 4, 5, 6, 7]]",sidecar,True,morton,0
gqa,fullload,FullLoad,1.0,full,n498140,2072747,What is common to the streetlight and the grill?,Color,"[""material""]",0.0,9159,2,morton,0,fullload,,378.8357259472832,,,627.0897360518575,631.8536300677806,34.16167898103595,666.0153090488166,1124073472,2176,64,,573.8810240291059,,,1.0,1.0,null,0.0,,1124073472,0,64,0,1124073472,17563648.0,17563648.0,0.0,,,,,null,,,,0
gqa,layout_prefix_chunk,Layout+Prefix,0.25,chunk,n498140,2072747,What is common to the streetlight and the grill?,The image shows a red double-decker bus driving down a street lined,"[""material""]",0.0,450,16,morton,0,prefix,0.2147818449884653,135.4939907323569,48.98189287632704,217.7674879785627,44.64133200235665,262.47345900628716,268.74525600578636,531.2187150120735,285212672,512,65,163.1666668690741,0.0,8.0,34,0.23529411764705882,0.2537313432835821,"[0.2537313432835821, 0.2537313432835821, 0.2537313432835821, 0.2537313432835821, 0.2537313432835821, 0.2537313432835821, 0.2537313432835821, 0.2537313432835821, 0.2537313432835821, 0.2537313432835821, 0.2537313432835821, 0.2537313432835821, 0.2537313432835821, 0.2537313432835821, 0.2537313432835821, 0.2537313432835821, 0.2537313432835821, 0.2537313432835821, 0.2537313432835821, 0.2537313432835821, 0.2537313432835821, 0.2537313432835821, 0.2537313432835821, 0.2537313432835821, 0.2537313432835821, 0.2537313432835821, 0.2537313432835821, 0.2537313432835821, 0.2537313432835821, 0.2537313432835821, 0.2537313432835821, 0.2537313432835821]",0.0,256,268435456,16777216,64,1,285212672,4387887.261538462,4194304.0,16777216.0,0,0,0,prefix,"[[0, 1, 2, 3, 4, 5, 6, 7], [0, 1, 2, 3, 4, 5, 6, 7], [0, 1, 2, 3, 4, 5, 6, 7], [0, 1, 2, 3, 4, 5, 6, 7], [0, 1, 2, 3, 4, 5, 6, 7], [0, 1, 2, 3, 4, 5, 6, 7], [0, 1, 2, 3, 4, 5, 6, 7], [0, 1, 2, 3, 4, 5, 6, 7], [0, 1, 2, 3, 4, 5, 6, 7], [0, 1, 2, 3, 4, 5, 6, 7], [0, 1, 2, 3, 4, 5, 6, 7], [0, 1, 2, 3, 4, 5, 6, 7], [0, 1, 2, 3, 4, 5, 6, 7], [0, 1, 2, 3, 4, 5, 6, 7], [0, 1, 2, 3, 4, 5, 6, 7], [0, 1, 2, 3, 4, 5, 6, 7], [0, 1, 2, 3, 4, 5, 6, 7], [0, 1, 2, 3, 4, 5, 6, 7], [0, 1, 2, 3, 4, 5, 6, 7], [0, 1, 2, 3, 4, 5, 6, 7], [0, 1, 2, 3, 4, 5, 6, 7], [0, 1, 2, 3, 4, 5, 6, 7], [0, 1, 2, 3, 4, 5, 6, 7], [0, 1, 2, 3, 4, 5, 6, 7], [0, 1, 2, 3, 4, 5, 6, 7], [0, 1, 2, 3, 4, 5, 6, 7], [0, 1, 2, 3, 4, 5, 6, 7], [0, 1, 2, 3, 4, 5, 6, 7], [0, 1, 2, 3, 4, 5, 6, 7], [0, 1, 2, 3, 4, 5, 6, 7], [0, 1, 2, 3, 4, 5, 6, 7], [0, 1, 2, 3, 4, 5, 6, 7]]",sidecar,True,morton,0
gqa,fullload,FullLoad,1.0,full,n498140,2072906,Are there windows or doors that are made of wood?,No,"[""no""]",1.0,1939,2,morton,0,fullload,,313.24240122921765,,,518.2742279721424,522.9584609623998,18.884411081671715,541.8428720440716,1124073472,2176,64,,478.05541893467307,,,1.0,1.0,null,0.0,,1124073472,0,64,0,1124073472,17563648.0,17563648.0,0.0,,,,,null,,,,0
gqa,layout_prefix_chunk,Layout+Prefix,0.25,chunk,n498140,2072906,Are there windows or doors that are made of wood?,The image shows a red double-decker bus on a street in a town,"[""no""]",0.0,450,16,morton,0,prefix,0.22502231877297163,171.60709970630705,51.46455182693899,256.91586697939783,40.09079607203603,297.0689079957083,270.4238499281928,567.4927579239011,285212672,512,65,199.34681605082005,0.0,8.0,34,0.23529411764705882,0.2537313432835821,"[0.2537313432835821, 0.2537313432835821, 0.2537313432835821, 0.2537313432835821, 0.2537313432835821, 0.2537313432835821, 0.2537313432835821, 0.2537313432835821, 0.2537313432835821, 0.2537313432835821, 0.2537313432835821, 0.2537313432835821, 0.2537313432835821, 0.2537313432835821, 0.2537313432835821, 0.2537313432835821, 0.2537313432835821, 0.2537313432835821, 0.2537313432835821, 0.2537313432835821, 0.2537313432835821, 0.2537313432835821, 0.2537313432835821, 0.2537313432835821, 0.2537313432835821, 0.2537313432835821, 0.2537313432835821, 0.2537313432835821, 0.2537313432835821, 0.2537313432835821, 0.2537313432835821, 0.2537313432835821]",0.0,256,268435456,16777216,64,1,285212672,4387887.261538462,4194304.0,16777216.0,0,0,0,prefix,"[[0, 1, 2, 3, 4, 5, 6, 7], [0, 1, 2, 3, 4, 5, 6, 7], [0, 1, 2, 3, 4, 5, 6, 7], [0, 1, 2, 3, 4, 5, 6, 7], [0, 1, 2, 3, 4, 5, 6, 7], [0, 1, 2, 3, 4, 5, 6, 7], [0, 1, 2, 3, 4, 5, 6, 7], [0, 1, 2, 3, 4, 5, 6, 7], [0, 1, 2, 3, 4, 5, 6, 7], [0, 1, 2, 3, 4, 5, 6, 7], [0, 1, 2, 3, 4, 5, 6, 7], [0, 1, 2, 3, 4, 5, 6, 7], [0, 1, 2, 3, 4, 5, 6, 7], [0, 1, 2, 3, 4, 5, 6, 7], [0, 1, 2, 3, 4, 5, 6, 7], [0, 1, 2, 3, 4, 5, 6, 7], [0, 1, 2, 3, 4, 5, 6, 7], [0, 1, 2, 3, 4, 5, 6, 7], [0, 1, 2, 3, 4, 5, 6, 7], [0, 1, 2, 3, 4, 5, 6, 7], [0, 1, 2, 3, 4, 5, 6, 7], [0, 1, 2, 3, 4, 5, 6, 7], [0, 1, 2, 3, 4, 5, 6, 7], [0, 1, 2, 3, 4, 5, 6, 7], [0, 1, 2, 3, 4, 5, 6, 7], [0, 1, 2, 3, 4, 5, 6, 7], [0, 1, 2, 3, 4, 5, 6, 7], [0, 1, 2, 3, 4, 5, 6, 7], [0, 1, 2, 3, 4, 5, 6, 7], [0, 1, 2, 3, 4, 5, 6, 7], [0, 1, 2, 3, 4, 5, 6, 7], [0, 1, 2, 3, 4, 5, 6, 7]]",sidecar,True,morton,0
gqa,fullload,FullLoad,1.0,full,n498140,2072766,Is the chimney high and clean?,Yes,"[""no""]",0.0,3869,2,morton,0,fullload,,447.03918776940554,,,753.9299189811572,758.6242459947243,18.99150910321623,777.6157550979406,1124073472,2176,64,,708.1276244716719,,,1.0,1.0,null,0.0,,1124073472,0,64,0,1124073472,17563648.0,17563648.0,0.0,,,,,null,,,,0
gqa,layout_prefix_chunk,Layout+Prefix,0.25,chunk,n498140,2072766,Is the chimney high and clean?,The image shows a red double-decker bus driving down a street in a,"[""no""]",0.0,450,16,morton,0,prefix,0.15646277461200953,124.51447825878859,41.051325970329344,193.23309499304742,35.05085303913802,228.32540003582835,271.5597359929234,499.88513602875173,285212672,512,65,146.8572651501745,0.0,8.0,34,0.23529411764705882,0.2537313432835821,"[0.2537313432835821, 0.2537313432835821, 0.2537313432835821, 0.2537313432835821, 0.2537313432835821, 0.2537313432835821, 0.2537313432835821, 0.2537313432835821, 0.2537313432835821, 0.2537313432835821, 0.2537313432835821, 0.2537313432835821, 0.2537313432835821, 0.2537313432835821, 0.2537313432835821, 0.2537313432835821, 0.2537313432835821, 0.2537313432835821, 0.2537313432835821, 0.2537313432835821, 0.2537313432835821, 0.2537313432835821, 0.2537313432835821, 0.2537313432835821, 0.2537313432835821, 0.2537313432835821, 0.2537313432835821, 0.2537313432835821, 0.2537313432835821, 0.2537313432835821, 0.2537313432835821, 0.2537313432835821]",0.0,256,268435456,16777216,64,1,285212672,4387887.261538462,4194304.0,16777216.0,0,0,0,prefix,"[[0, 1, 2, 3, 4, 5, 6, 7], [0, 1, 2, 3, 4, 5, 6, 7], [0, 1, 2, 3, 4, 5, 6, 7], [0, 1, 2, 3, 4, 5, 6, 7], [0, 1, 2, 3, 4, 5, 6, 7], [0, 1, 2, 3, 4, 5, 6, 7], [0, 1, 2, 3, 4, 5, 6, 7], [0, 1, 2, 3, 4, 5, 6, 7], [0, 1, 2, 3, 4, 5, 6, 7], [0, 1, 2, 3, 4, 5, 6, 7], [0, 1, 2, 3, 4, 5, 6, 7], [0, 1, 2, 3, 4, 5, 6, 7], [0, 1, 2, 3, 4, 5, 6, 7], [0, 1, 2, 3, 4, 5, 6, 7], [0, 1, 2, 3, 4, 5, 6, 7], [0, 1, 2, 3, 4, 5, 6, 7], [0, 1, 2, 3, 4, 5, 6, 7], [0, 1, 2, 3, 4, 5, 6, 7], [0, 1, 2, 3, 4, 5, 6, 7], [0, 1, 2, 3, 4, 5, 6, 7], [0, 1, 2, 3, 4, 5, 6, 7], [0, 1, 2, 3, 4, 5, 6, 7], [0, 1, 2, 3, 4, 5, 6, 7], [0, 1, 2, 3, 4, 5, 6, 7], [0, 1, 2, 3, 4, 5, 6, 7], [0, 1, 2, 3, 4, 5, 6, 7], [0, 1, 2, 3, 4, 5, 6, 7], [0, 1, 2, 3, 4, 5, 6, 7], [0, 1, 2, 3, 4, 5, 6, 7], [0, 1, 2, 3, 4, 5, 6, 7], [0, 1, 2, 3, 4, 5, 6, 7], [0, 1, 2, 3, 4, 5, 6, 7]]",sidecar,True,morton,0
gqa,fullload,FullLoad,1.0,full,n498140,2072761,Are there any mirrors or trays?,No,"[""no""]",1.0,1939,2,morton,0,fullload,,354.6520051313564,,,569.8502790182829,574.4476870168,19.642645958811045,594.0903329756111,1124073472,2176,64,,528.1178042059764,,,1.0,1.0,null,0.0,,1124073472,0,64,0,1124073472,17563648.0,17563648.0,0.0,,,,,null,,,,0
gqa,layout_prefix_chunk,Layout+Prefix,0.25,chunk,n498140,2072761,Are there any mirrors or trays?,The image shows a red double-decker bus on a street in a town,"[""no""]",0.0,450,16,morton,0,prefix,0.15685276594012976,122.13476782198995,40.458539268001914,188.11485695187002,35.30472400598228,223.4618669608608,276.47892804816365,499.94079500902444,285212672,512,65,142.39631197415292,0.0,8.0,34,0.23529411764705882,0.2537313432835821,"[0.2537313432835821, 0.2537313432835821, 0.2537313432835821, 0.2537313432835821, 0.2537313432835821, 0.2537313432835821, 0.2537313432835821, 0.2537313432835821, 0.2537313432835821, 0.2537313432835821, 0.2537313432835821, 0.2537313432835821, 0.2537313432835821, 0.2537313432835821, 0.2537313432835821, 0.2537313432835821, 0.2537313432835821, 0.2537313432835821, 0.2537313432835821, 0.2537313432835821, 0.2537313432835821, 0.2537313432835821, 0.2537313432835821, 0.2537313432835821, 0.2537313432835821, 0.2537313432835821, 0.2537313432835821, 0.2537313432835821, 0.2537313432835821, 0.2537313432835821, 0.2537313432835821, 0.2537313432835821]",0.0,256,268435456,16777216,64,1,285212672,4387887.261538462,4194304.0,16777216.0,0,0,0,prefix,"[[0, 1, 2, 3, 4, 5, 6, 7], [0, 1, 2, 3, 4, 5, 6, 7], [0, 1, 2, 3, 4, 5, 6, 7], [0, 1, 2, 3, 4, 5, 6, 7], [0, 1, 2, 3, 4, 5, 6, 7], [0, 1, 2, 3, 4, 5, 6, 7], [0, 1, 2, 3, 4, 5, 6, 7], [0, 1, 2, 3, 4, 5, 6, 7], [0, 1, 2, 3, 4, 5, 6, 7], [0, 1, 2, 3, 4, 5, 6, 7], [0, 1, 2, 3, 4, 5, 6, 7], [0, 1, 2, 3, 4, 5, 6, 7], [0, 1, 2, 3, 4, 5, 6, 7], [0, 1, 2, 3, 4, 5, 6, 7], [0, 1, 2, 3, 4, 5, 6, 7], [0, 1, 2, 3, 4, 5, 6, 7], [0, 1, 2, 3, 4, 5, 6, 7], [0, 1, 2, 3, 4, 5, 6, 7], [0, 1, 2, 3, 4, 5, 6, 7], [0, 1, 2, 3, 4, 5, 6, 7], [0, 1, 2, 3, 4, 5, 6, 7], [0, 1, 2, 3, 4, 5, 6, 7], [0, 1, 2, 3, 4, 5, 6, 7], [0, 1, 2, 3, 4, 5, 6, 7], [0, 1, 2, 3, 4, 5, 6, 7], [0, 1, 2, 3, 4, 5, 6, 7], [0, 1, 2, 3, 4, 5, 6, 7], [0, 1, 2, 3, 4, 5, 6, 7], [0, 1, 2, 3, 4, 5, 6, 7], [0, 1, 2, 3, 4, 5, 6, 7], [0, 1, 2, 3, 4, 5, 6, 7], [0, 1, 2, 3, 4, 5, 6, 7]]",sidecar,True,morton,0
gqa,fullload,FullLoad,1.0,full,n16656,20797834,What is the man in front of?,Tree,"[""tree""]",1.0,15472,2,morton,0,fullload,,445.2783592278138,,,699.0933780325577,704.1651960462332,19.127627951093018,723.2928239973262,1226833920,2368,64,,648.2783471001312,,,1.0,1.0,null,0.0,,1226833920,0,64,0,1226833920,19169280.0,19169280.0,0.0,,,,,null,,,,0
gqa,layout_prefix_chunk,Layout+Prefix,0.25,chunk,n16656,20797834,What is the man in front of?,The cat is sitting on a pair of sneakers.,"[""tree""]",0.0,450,13,morton,0,prefix,0.20729517564177513,128.85348463896662,50.009191036224365,210.2190419100225,35.499760997481644,245.7591659622267,216.85104595962912,462.6102119218558,320864256,576,65,154.41261895466596,0.0,9.0,37,0.24324324324324326,0.26153846153846155,"[0.26153846153846155, 0.26153846153846155, 0.26153846153846155, 0.26153846153846155, 0.26153846153846155, 0.26153846153846155, 0.26153846153846155, 0.26153846153846155, 0.26153846153846155, 0.26153846153846155, 0.26153846153846155, 0.26153846153846155, 0.26153846153846155, 0.26153846153846155, 0.26153846153846155, 0.26153846153846155, 0.26153846153846155, 0.26153846153846155, 0.26153846153846155, 0.26153846153846155, 0.26153846153846155, 0.26153846153846155, 0.26153846153846155, 0.26153846153846155, 0.26153846153846155, 0.26153846153846155, 0.26153846153846155, 0.26153846153846155, 0.26153846153846155, 0.26153846153846155, 0.26153846153846155, 0.26153846153846155]",0.0,288,301989888,18874368,64,1,320864256,4936373.169230769,4718592.0,18874368.0,0,0,0,prefix,"[[0, 1, 2, 3, 4, 5, 6, 7, 8], [0, 1, 2, 3, 4, 5, 6, 7, 8], [0, 1, 2, 3, 4, 5, 6, 7, 8], [0, 1, 2, 3, 4, 5, 6, 7, 8], [0, 1, 2, 3, 4, 5, 6, 7, 8], [0, 1, 2, 3, 4, 5, 6, 7, 8], [0, 1, 2, 3, 4, 5, 6, 7, 8], [0, 1, 2, 3, 4, 5, 6, 7, 8], [0, 1, 2, 3, 4, 5, 6, 7, 8], [0, 1, 2, 3, 4, 5, 6, 7, 8], [0, 1, 2, 3, 4, 5, 6, 7, 8], [0, 1, 2, 3, 4, 5, 6, 7, 8], [0, 1, 2, 3, 4, 5, 6, 7, 8], [0, 1, 2, 3, 4, 5, 6, 7, 8], [0, 1, 2, 3, 4, 5, 6, 7, 8], [0, 1, 2, 3, 4, 5, 6, 7, 8], [0, 1, 2, 3, 4, 5, 6, 7, 8], [0, 1, 2, 3, 4, 5, 6, 7, 8], [0, 1, 2, 3, 4, 5, 6, 7, 8], [0, 1, 2, 3, 4, 5, 6, 7, 8], [0, 1, 2, 3, 4, 5, 6, 7, 8], [0, 1, 2, 3, 4, 5, 6, 7, 8], [0, 1, 2, 3, 4, 5, 6, 7, 8], [0, 1, 2, 3, 4, 5, 6, 7, 8], [0, 1, 2, 3, 4, 5, 6, 7, 8], [0, 1, 2, 3, 4, 5, 6, 7, 8], [0, 1, 2, 3, 4, 5, 6, 7, 8], [0, 1, 2, 3, 4, 5, 6, 7, 8], [0, 1, 2, 3, 4, 5, 6, 7, 8], [0, 1, 2, 3, 4, 5, 6, 7, 8], [0, 1, 2, 3, 4, 5, 6, 7, 8], [0, 1, 2, 3, 4, 5, 6, 7, 8]]",sidecar,True,morton,0
gqa,fullload,FullLoad,1.0,full,n16656,20797661,What animal is the shoe behind of?,Cat,"[""cat""]",1.0,10459,2,morton,0,fullload,,464.62551469448954,,,731.7178819794208,736.6594190243632,19.437037990428507,756.0964570147917,1226833920,2368,64,,680.3335850127041,,,1.0,1.0,null,0.0,,1226833920,0,64,0,1226833920,19169280.0,19169280.0,0.0,,,,,null,,,,0
gqa,layout_prefix_chunk,Layout+Prefix,0.25,chunk,n16656,20797661,What animal is the shoe behind of?,The image shows a Siamese cat lying on its back with its paws,"[""cat""]",0.0,450,16,morton,0,prefix,0.25185709819197655,163.86209859047085,54.307726910337806,256.4661599462852,45.47077801544219,302.0035889931023,272.41775300353765,574.42134199664,320864256,576,65,196.1521841585636,0.0,9.0,37,0.24324324324324326,0.26153846153846155,"[0.26153846153846155, 0.26153846153846155, 0.26153846153846155, 0.26153846153846155, 0.26153846153846155, 0.26153846153846155, 0.26153846153846155, 0.26153846153846155, 0.26153846153846155, 0.26153846153846155, 0.26153846153846155, 0.26153846153846155, 0.26153846153846155, 0.26153846153846155, 0.26153846153846155, 0.26153846153846155, 0.26153846153846155, 0.26153846153846155, 0.26153846153846155, 0.26153846153846155, 0.26153846153846155, 0.26153846153846155, 0.26153846153846155, 0.26153846153846155, 0.26153846153846155, 0.26153846153846155, 0.26153846153846155, 0.26153846153846155, 0.26153846153846155, 0.26153846153846155, 0.26153846153846155, 0.26153846153846155]",0.0,288,301989888,18874368,64,1,320864256,4936373.169230769,4718592.0,18874368.0,0,0,0,prefix,"[[0, 1, 2, 3, 4, 5, 6, 7, 8], [0, 1, 2, 3, 4, 5, 6, 7, 8], [0, 1, 2, 3, 4, 5, 6, 7, 8], [0, 1, 2, 3, 4, 5, 6, 7, 8], [0, 1, 2, 3, 4, 5, 6, 7, 8], [0, 1, 2, 3, 4, 5, 6, 7, 8], [0, 1, 2, 3, 4, 5, 6, 7, 8], [0, 1, 2, 3, 4, 5, 6, 7, 8], [0, 1, 2, 3, 4, 5, 6, 7, 8], [0, 1, 2, 3, 4, 5, 6, 7, 8], [0, 1, 2, 3, 4, 5, 6, 7, 8], [0, 1, 2, 3, 4, 5, 6, 7, 8], [0, 1, 2, 3, 4, 5, 6, 7, 8], [0, 1, 2, 3, 4, 5, 6, 7, 8], [0, 1, 2, 3, 4, 5, 6, 7, 8], [0, 1, 2, 3, 4, 5, 6, 7, 8], [0, 1, 2, 3, 4, 5, 6, 7, 8], [0, 1, 2, 3, 4, 5, 6, 7, 8], [0, 1, 2, 3, 4, 5, 6, 7, 8], [0, 1, 2, 3, 4, 5, 6, 7, 8], [0, 1, 2, 3, 4, 5, 6, 7, 8], [0, 1, 2, 3, 4, 5, 6, 7, 8], [0, 1, 2, 3, 4, 5, 6, 7, 8], [0, 1, 2, 3, 4, 5, 6, 7, 8], [0, 1, 2, 3, 4, 5, 6, 7, 8], [0, 1, 2, 3, 4, 5, 6, 7, 8], [0, 1, 2, 3, 4, 5, 6, 7, 8], [0, 1, 2, 3, 4, 5, 6, 7, 8], [0, 1, 2, 3, 4, 5, 6, 7, 8], [0, 1, 2, 3, 4, 5, 6, 7, 8], [0, 1, 2, 3, 4, 5, 6, 7, 8], [0, 1, 2, 3, 4, 5, 6, 7, 8]]",sidecar,True,morton,0
gqa,fullload,FullLoad,1.0,full,n16656,20797647,What is in front of the animal that is in front of the man?,Shoe,"[""shoe""]",1.0,17550,3,morton,0,fullload,,426.61127785686404,,,686.1964180134237,691.1474519874901,37.72844304330647,728.8758950307965,1226833920,2368,64,,637.7423917874694,,,1.0,1.0,null,0.0,,1226833920,0,64,0,1226833920,19169280.0,19169280.0,0.0,,,,,null,,,,0
gqa,layout_prefix_chunk,Layout+Prefix,0.25,chunk,n16656,20797647,What is in front of the animal that is in front of the man?,The cat is sitting on a pair of sneakers.,"[""shoe""]",0.0,450,13,morton,0,prefix,0.24372199550271034,158.9302091160789,53.06728987488896,248.87177103664726,64.01637499220669,312.9521730588749,268.87685793917626,581.8290309980512,320864256,576,65,189.54694468993694,0.0,9.0,37,0.24324324324324326,0.26153846153846155,"[0.26153846153846155, 0.26153846153846155, 0.26153846153846155, 0.26153846153846155, 0.26153846153846155, 0.26153846153846155, 0.26153846153846155, 0.26153846153846155, 0.26153846153846155, 0.26153846153846155, 0.26153846153846155, 0.26153846153846155, 0.26153846153846155, 0.26153846153846155, 0.26153846153846155, 0.26153846153846155, 0.26153846153846155, 0.26153846153846155, 0.26153846153846155, 0.26153846153846155, 0.26153846153846155, 0.26153846153846155, 0.26153846153846155, 0.26153846153846155, 0.26153846153846155, 0.26153846153846155, 0.26153846153846155, 0.26153846153846155, 0.26153846153846155, 0.26153846153846155, 0.26153846153846155, 0.26153846153846155]",0.0,288,301989888,18874368,64,1,320864256,4936373.169230769,4718592.0,18874368.0,0,0,0,prefix,"[[0, 1, 2, 3, 4, 5, 6, 7, 8], [0, 1, 2, 3, 4, 5, 6, 7, 8], [0, 1, 2, 3, 4, 5, 6, 7, 8], [0, 1, 2, 3, 4, 5, 6, 7, 8], [0, 1, 2, 3, 4, 5, 6, 7, 8], [0, 1, 2, 3, 4, 5, 6, 7, 8], [0, 1, 2, 3, 4, 5, 6, 7, 8], [0, 1, 2, 3, 4, 5, 6, 7, 8], [0, 1, 2, 3, 4, 5, 6, 7, 8], [0, 1, 2, 3, 4, 5, 6, 7, 8], [0, 1, 2, 3, 4, 5, 6, 7, 8], [0, 1, 2, 3, 4, 5, 6, 7, 8], [0, 1, 2, 3, 4, 5, 6, 7, 8], [0, 1, 2, 3, 4, 5, 6, 7, 8], [0, 1, 2, 3, 4, 5, 6, 7, 8], [0, 1, 2, 3, 4, 5, 6, 7, 8], [0, 1, 2, 3, 4, 5, 6, 7, 8], [0, 1, 2, 3, 4, 5, 6, 7, 8], [0, 1, 2, 3, 4, 5, 6, 7, 8], [0, 1, 2, 3, 4, 5, 6, 7, 8], [0, 1, 2, 3, 4, 5, 6, 7, 8], [0, 1, 2, 3, 4, 5, 6, 7, 8], [0, 1, 2, 3, 4, 5, 6, 7, 8], [0, 1, 2, 3, 4, 5, 6, 7, 8], [0, 1, 2, 3, 4, 5, 6, 7, 8], [0, 1, 2, 3, 4, 5, 6, 7, 8], [0, 1, 2, 3, 4, 5, 6, 7, 8], [0, 1, 2, 3, 4, 5, 6, 7, 8], [0, 1, 2, 3, 4, 5, 6, 7, 8], [0, 1, 2, 3, 4, 5, 6, 7, 8], [0, 1, 2, 3, 4, 5, 6, 7, 8], [0, 1, 2, 3, 4, 5, 6, 7, 8]]",sidecar,True,morton,0
gqa,fullload,FullLoad,1.0,full,n16656,20797648,What's in front of the cat?,Shoe,"[""shoe""]",1.0,17550,3,morton,0,fullload,,504.3284584535286,,,848.1824779883027,853.0909649562091,38.01136102993041,891.1023259861395,1226833920,2368,64,,802.7308490127325,,,1.0,1.0,null,0.0,,1226833920,0,64,0,1226833920,19169280.0,19169280.0,0.0,,,,,null,,,,0
gqa,layout_prefix_chunk,Layout+Prefix,0.25,chunk,n16656,20797648,What's in front of the cat?,The cat is sitting on a pair of sneakers.,"[""shoe""]",0.0,450,13,morton,0,prefix,0.2640144666656852,164.50979397632182,55.13399199116975,256.8008640082553,41.49120894726366,298.3567169867456,216.19047003332525,514.5471870200709,320864256,576,65,195.61160914599895,0.0,9.0,37,0.24324324324324326,0.26153846153846155,"[0.26153846153846155, 0.26153846153846155, 0.26153846153846155, 0.26153846153846155, 0.26153846153846155, 0.26153846153846155, 0.26153846153846155, 0.26153846153846155, 0.26153846153846155, 0.26153846153846155, 0.26153846153846155, 0.26153846153846155, 0.26153846153846155, 0.26153846153846155, 0.26153846153846155, 0.26153846153846155, 0.26153846153846155, 0.26153846153846155, 0.26153846153846155, 0.26153846153846155, 0.26153846153846155, 0.26153846153846155, 0.26153846153846155, 0.26153846153846155, 0.26153846153846155, 0.26153846153846155, 0.26153846153846155, 0.26153846153846155, 0.26153846153846155, 0.26153846153846155, 0.26153846153846155, 0.26153846153846155]",0.0,288,301989888,18874368,64,1,320864256,4936373.169230769,4718592.0,18874368.0,0,0,0,prefix,"[[0, 1, 2, 3, 4, 5, 6, 7, 8], [0, 1, 2, 3, 4, 5, 6, 7, 8], [0, 1, 2, 3, 4, 5, 6, 7, 8], [0, 1, 2, 3, 4, 5, 6, 7, 8], [0, 1, 2, 3, 4, 5, 6, 7, 8], [0, 1, 2, 3, 4, 5, 6, 7, 8], [0, 1, 2, 3, 4, 5, 6, 7, 8], [0, 1, 2, 3, 4, 5, 6, 7, 8], [0, 1, 2, 3, 4, 5, 6, 7, 8], [0, 1, 2, 3, 4, 5, 6, 7, 8], [0, 1, 2, 3, 4, 5, 6, 7, 8], [0, 1, 2, 3, 4, 5, 6, 7, 8], [0, 1, 2, 3, 4, 5, 6, 7, 8], [0, 1, 2, 3, 4, 5, 6, 7, 8], [0, 1, 2, 3, 4, 5, 6, 7, 8], [0, 1, 2, 3, 4, 5, 6, 7, 8], [0, 1, 2, 3, 4, 5, 6, 7, 8], [0, 1, 2, 3, 4, 5, 6, 7, 8], [0, 1, 2, 3, 4, 5, 6, 7, 8], [0, 1, 2, 3, 4, 5, 6, 7, 8], [0, 1, 2, 3, 4, 5, 6, 7, 8], [0, 1, 2, 3, 4, 5, 6, 7, 8], [0, 1, 2, 3, 4, 5, 6, 7, 8], [0, 1, 2, 3, 4, 5, 6, 7, 8], [0, 1, 2, 3, 4, 5, 6, 7, 8], [0, 1, 2, 3, 4, 5, 6, 7, 8], [0, 1, 2, 3, 4, 5, 6, 7, 8], [0, 1, 2, 3, 4, 5, 6, 7, 8], [0, 1, 2, 3, 4, 5, 6, 7, 8], [0, 1, 2, 3, 4, 5, 6, 7, 8], [0, 1, 2, 3, 4, 5, 6, 7, 8], [0, 1, 2, 3, 4, 5, 6, 7, 8]]",sidecar,True,morton,0
gqa,fullload,FullLoad,1.0,full,n16656,20797581,Is the shirt soft and white?,Yes,"[""yes""]",1.0,3869,2,morton,0,fullload,,490.51696399692446,,,745.8986910060048,750.8207579376176,19.269712967798114,770.0904709054157,1226833920,2368,64,,695.471957908012,,,1.0,1.0,null,0.0,,1226833920,0,64,0,1226833920,19169280.0,19169280.0,0.0,,,,,null,,,,0
gqa,layout_prefix_chunk,Layout+Prefix,0.25,chunk,n16656,20797581,Is the shirt soft and white?,"The cat in the image is a Siamese cat, which is a type","[""yes""]",0.0,450,16,morton,0,prefix,0.2028415910899639,142.56996964104474,47.532637137919664,220.18242697231472,48.981850035488605,269.2291149869561,267.1823470154777,536.4114620024338,320864256,576,65,166.89651494380087,0.0,9.0,37,0.24324324324324326,0.26153846153846155,"[0.26153846153846155, 0.26153846153846155, 0.26153846153846155, 0.26153846153846155, 0.26153846153846155, 0.26153846153846155, 0.26153846153846155, 0.26153846153846155, 0.26153846153846155, 0.26153846153846155, 0.26153846153846155, 0.26153846153846155, 0.26153846153846155, 0.26153846153846155, 0.26153846153846155, 0.26153846153846155, 0.26153846153846155, 0.26153846153846155, 0.26153846153846155, 0.26153846153846155, 0.26153846153846155, 0.26153846153846155, 0.26153846153846155, 0.26153846153846155, 0.26153846153846155, 0.26153846153846155, 0.26153846153846155, 0.26153846153846155, 0.26153846153846155, 0.26153846153846155, 0.26153846153846155, 0.26153846153846155]",0.0,288,301989888,18874368,64,1,320864256,4936373.169230769,4718592.0,18874368.0,0,0,0,prefix,"[[0, 1, 2, 3, 4, 5, 6, 7, 8], [0, 1, 2, 3, 4, 5, 6, 7, 8], [0, 1, 2, 3, 4, 5, 6, 7, 8], [0, 1, 2, 3, 4, 5, 6, 7, 8], [0, 1, 2, 3, 4, 5, 6, 7, 8], [0, 1, 2, 3, 4, 5, 6, 7, 8], [0, 1, 2, 3, 4, 5, 6, 7, 8], [0, 1, 2, 3, 4, 5, 6, 7, 8], [0, 1, 2, 3, 4, 5, 6, 7, 8], [0, 1, 2, 3, 4, 5, 6, 7, 8], [0, 1, 2, 3, 4, 5, 6, 7, 8], [0, 1, 2, 3, 4, 5, 6, 7, 8], [0, 1, 2, 3, 4, 5, 6, 7, 8], [0, 1, 2, 3, 4, 5, 6, 7, 8], [0, 1, 2, 3, 4, 5, 6, 7, 8], [0, 1, 2, 3, 4, 5, 6, 7, 8], [0, 1, 2, 3, 4, 5, 6, 7, 8], [0, 1, 2, 3, 4, 5, 6, 7, 8], [0, 1, 2, 3, 4, 5, 6, 7, 8], [0, 1, 2, 3, 4, 5, 6, 7, 8], [0, 1, 2, 3, 4, 5, 6, 7, 8], [0, 1, 2, 3, 4, 5, 6, 7, 8], [0, 1, 2, 3, 4, 5, 6, 7, 8], [0, 1, 2, 3, 4, 5, 6, 7, 8], [0, 1, 2, 3, 4, 5, 6, 7, 8], [0, 1, 2, 3, 4, 5, 6, 7, 8], [0, 1, 2, 3, 4, 5, 6, 7, 8], [0, 1, 2, 3, 4, 5, 6, 7, 8], [0, 1, 2, 3, 4, 5, 6, 7, 8], [0, 1, 2, 3, 4, 5, 6, 7, 8], [0, 1, 2, 3, 4, 5, 6, 7, 8], [0, 1, 2, 3, 4, 5, 6, 7, 8]]",sidecar,True,morton,0
gqa,fullload,FullLoad,1.0,full,n16656,20797563,Does the sky look orange and bright?,No,"[""no""]",1.0,1939,2,morton,0,fullload,,496.95323524065316,,,770.7836299668998,775.6654819240794,19.05733405146748,794.7228159755468,1226833920,2368,64,,714.7470413474366,,,1.0,1.0,null,0.0,,1226833920,0,64,0,1226833920,19169280.0,19169280.0,0.0,,,,,null,,,,0
gqa,layout_prefix_chunk,Layout+Prefix,0.25,chunk,n16656,20797563,Does the sky look orange and bright?,"The image shows a Siamese cat lying on its side, with its head","[""no""]",0.0,450,16,morton,0,prefix,0.2720542252063751,182.86447995342314,56.774510885588825,277.39481709431857,44.8245860170573,322.28406507056206,272.0181639306247,594.3022290011868,320864256,576,65,214.53454869333655,0.0,9.0,37,0.24324324324324326,0.26153846153846155,"[0.26153846153846155, 0.26153846153846155, 0.26153846153846155, 0.26153846153846155, 0.26153846153846155, 0.26153846153846155, 0.26153846153846155, 0.26153846153846155, 0.26153846153846155, 0.26153846153846155, 0.26153846153846155, 0.26153846153846155, 0.26153846153846155, 0.26153846153846155, 0.26153846153846155, 0.26153846153846155, 0.26153846153846155, 0.26153846153846155, 0.26153846153846155, 0.26153846153846155, 0.26153846153846155, 0.26153846153846155, 0.26153846153846155, 0.26153846153846155, 0.26153846153846155, 0.26153846153846155, 0.26153846153846155, 0.26153846153846155, 0.26153846153846155, 0.26153846153846155, 0.26153846153846155, 0.26153846153846155]",0.0,288,301989888,18874368,64,1,320864256,4936373.169230769,4718592.0,18874368.0,0,0,0,prefix,"[[0, 1, 2, 3, 4, 5, 6, 7, 8], [0, 1, 2, 3, 4, 5, 6, 7, 8], [0, 1, 2, 3, 4, 5, 6, 7, 8], [0, 1, 2, 3, 4, 5, 6, 7, 8], [0, 1, 2, 3, 4, 5, 6, 7, 8], [0, 1, 2, 3, 4, 5, 6, 7, 8], [0, 1, 2, 3, 4, 5, 6, 7, 8], [0, 1, 2, 3, 4, 5, 6, 7, 8], [0, 1, 2, 3, 4, 5, 6, 7, 8], [0, 1, 2, 3, 4, 5, 6, 7, 8], [0, 1, 2, 3, 4, 5, 6, 7, 8], [0, 1, 2, 3, 4, 5, 6, 7, 8], [0, 1, 2, 3, 4, 5, 6, 7, 8], [0, 1, 2, 3, 4, 5, 6, 7, 8], [0, 1, 2, 3, 4, 5, 6, 7, 8], [0, 1, 2, 3, 4, 5, 6, 7, 8], [0, 1, 2, 3, 4, 5, 6, 7, 8], [0, 1, 2, 3, 4, 5, 6, 7, 8], [0, 1, 2, 3, 4, 5, 6, 7, 8], [0, 1, 2, 3, 4, 5, 6, 7, 8], [0, 1, 2, 3, 4, 5, 6, 7, 8], [0, 1, 2, 3, 4, 5, 6, 7, 8], [0, 1, 2, 3, 4, 5, 6, 7, 8], [0, 1, 2, 3, 4, 5, 6, 7, 8], [0, 1, 2, 3, 4, 5, 6, 7, 8], [0, 1, 2, 3, 4, 5, 6, 7, 8], [0, 1, 2, 3, 4, 5, 6, 7, 8], [0, 1, 2, 3, 4, 5, 6, 7, 8], [0, 1, 2, 3, 4, 5, 6, 7, 8], [0, 1, 2, 3, 4, 5, 6, 7, 8], [0, 1, 2, 3, 4, 5, 6, 7, 8], [0, 1, 2, 3, 4, 5, 6, 7, 8]]",sidecar,True,morton,0
gqa,fullload,FullLoad,1.0,full,n329479,201337154,Do the shoes have white color?,No,"[""yes""]",0.0,1939,2,morton,0,fullload,,384.9993993062526,,,597.1694339532405,602.3111389949918,19.287673057988286,621.5988120529801,1132462080,2176,64,,554.3997576460242,,,1.0,1.0,null,0.0,,1132462080,0,64,0,1132462080,17694720.0,17694720.0,0.0,,,,,null,,,,0
gqa,layout_prefix_chunk,Layout+Prefix,0.25,chunk,n329479,201337154,Do the shoes have white color?,The image shows a person performing a skateboarding trick. The skate,"[""yes""]",0.0,450,16,morton,0,prefix,0.23432401940226555,170.01238302327693,54.172401200048625,258.6836740374565,40.95498297829181,299.7049690457061,269.39487701747566,569.0998460631818,293601280,512,65,198.70908907614648,0.0,8.0,34,0.23529411764705882,0.25925925925925924,"[0.25925925925925924, 0.25925925925925924, 0.25925925925925924, 0.25925925925925924, 0.25925925925925924, 0.25925925925925924, 0.25925925925925924, 0.25925925925925924, 0.25925925925925924, 0.25925925925925924, 0.25925925925925924, 0.25925925925925924, 0.25925925925925924, 0.25925925925925924, 0.25925925925925924, 0.25925925925925924, 0.25925925925925924, 0.25925925925925924, 0.25925925925925924, 0.25925925925925924, 0.25925925925925924, 0.25925925925925924, 0.25925925925925924, 0.25925925925925924, 0.25925925925925924, 0.25925925925925924, 0.25925925925925924, 0.25925925925925924, 0.25925925925925924, 0.25925925925925924, 0.25925925925925924, 0.25925925925925924]",0.0,256,268435456,25165824,64,1,293601280,4516942.769230769,4194304.0,25165824.0,0,0,0,prefix,"[[0, 1, 2, 3, 4, 5, 6, 7], [0, 1, 2, 3, 4, 5, 6, 7], [0, 1, 2, 3, 4, 5, 6, 7], [0, 1, 2, 3, 4, 5, 6, 7], [0, 1, 2, 3, 4, 5, 6, 7], [0, 1, 2, 3, 4, 5, 6, 7], [0, 1, 2, 3, 4, 5, 6, 7], [0, 1, 2, 3, 4, 5, 6, 7], [0, 1, 2, 3, 4, 5, 6, 7], [0, 1, 2, 3, 4, 5, 6, 7], [0, 1, 2, 3, 4, 5, 6, 7], [0, 1, 2, 3, 4, 5, 6, 7], [0, 1, 2, 3, 4, 5, 6, 7], [0, 1, 2, 3, 4, 5, 6, 7], [0, 1, 2, 3, 4, 5, 6, 7], [0, 1, 2, 3, 4, 5, 6, 7], [0, 1, 2, 3, 4, 5, 6, 7], [0, 1, 2, 3, 4, 5, 6, 7], [0, 1, 2, 3, 4, 5, 6, 7], [0, 1, 2, 3, 4, 5, 6, 7], [0, 1, 2, 3, 4, 5, 6, 7], [0, 1, 2, 3, 4, 5, 6, 7], [0, 1, 2, 3, 4, 5, 6, 7], [0, 1, 2, 3, 4, 5, 6, 7], [0, 1, 2, 3, 4, 5, 6, 7], [0, 1, 2, 3, 4, 5, 6, 7], [0, 1, 2, 3, 4, 5, 6, 7], [0, 1, 2, 3, 4, 5, 6, 7], [0, 1, 2, 3, 4, 5, 6, 7], [0, 1, 2, 3, 4, 5, 6, 7], [0, 1, 2, 3, 4, 5, 6, 7], [0, 1, 2, 3, 4, 5, 6, 7]]",sidecar,True,morton,0
gqa,fullload,FullLoad,1.0,full,n329479,201336976,What is he jumping off of?,Skateboard,"[""grass""]",0.0,4971,4,morton,0,fullload,,425.60643155593425,,,661.5027640946209,666.1994380410761,56.529541965574026,722.7289800066501,1132462080,2176,64,,613.8072188477963,,,1.0,1.0,null,0.0,,1132462080,0,64,0,1132462080,17694720.0,17694720.0,0.0,,,,,null,,,,0
gqa,layout_prefix_chunk,Layout+Prefix,0.25,chunk,n329479,201336976,What is he jumping off of?,The image shows a person performing a skateboarding trick. The skate,"[""grass""]",0.0,450,16,morton,0,prefix,0.22916158195585012,140.85023885127157,53.10609482694417,227.54956199787557,40.888231014832854,268.50246696267277,270.4503210261464,538.9527879888192,293601280,512,65,168.63353096414357,0.0,8.0,34,0.23529411764705882,0.25925925925925924,"[0.25925925925925924, 0.25925925925925924, 0.25925925925925924, 0.25925925925925924, 0.25925925925925924, 0.25925925925925924, 0.25925925925925924, 0.25925925925925924, 0.25925925925925924, 0.25925925925925924, 0.25925925925925924, 0.25925925925925924, 0.25925925925925924, 0.25925925925925924, 0.25925925925925924, 0.25925925925925924, 0.25925925925925924, 0.25925925925925924, 0.25925925925925924, 0.25925925925925924, 0.25925925925925924, 0.25925925925925924, 0.25925925925925924, 0.25925925925925924, 0.25925925925925924, 0.25925925925925924, 0.25925925925925924, 0.25925925925925924, 0.25925925925925924, 0.25925925925925924, 0.25925925925925924, 0.25925925925925924]",0.0,256,268435456,25165824,64,1,293601280,4516942.769230769,4194304.0,25165824.0,0,0,0,prefix,"[[0, 1, 2, 3, 4, 5, 6, 7], [0, 1, 2, 3, 4, 5, 6, 7], [0, 1, 2, 3, 4, 5, 6, 7], [0, 1, 2, 3, 4, 5, 6, 7], [0, 1, 2, 3, 4, 5, 6, 7], [0, 1, 2, 3, 4, 5, 6, 7], [0, 1, 2, 3, 4, 5, 6, 7], [0, 1, 2, 3, 4, 5, 6, 7], [0, 1, 2, 3, 4, 5, 6, 7], [0, 1, 2, 3, 4, 5, 6, 7], [0, 1, 2, 3, 4, 5, 6, 7], [0, 1, 2, 3, 4, 5, 6, 7], [0, 1, 2, 3, 4, 5, 6, 7], [0, 1, 2, 3, 4, 5, 6, 7], [0, 1, 2, 3, 4, 5, 6, 7], [0, 1, 2, 3, 4, 5, 6, 7], [0, 1, 2, 3, 4, 5, 6, 7], [0, 1, 2, 3, 4, 5, 6, 7], [0, 1, 2, 3, 4, 5, 6, 7], [0, 1, 2, 3, 4, 5, 6, 7], [0, 1, 2, 3, 4, 5, 6, 7], [0, 1, 2, 3, 4, 5, 6, 7], [0, 1, 2, 3, 4, 5, 6, 7], [0, 1, 2, 3, 4, 5, 6, 7], [0, 1, 2, 3, 4, 5, 6, 7], [0, 1, 2, 3, 4, 5, 6, 7], [0, 1, 2, 3, 4, 5, 6, 7], [0, 1, 2, 3, 4, 5, 6, 7], [0, 1, 2, 3, 4, 5, 6, 7], [0, 1, 2, 3, 4, 5, 6, 7], [0, 1, 2, 3, 4, 5, 6, 7], [0, 1, 2, 3, 4, 5, 6, 7]]",sidecar,True,morton,0
gqa,fullload,FullLoad,1.0,full,n329479,201336956,What is the man using?,Skateboard,"[""skateboard""]",1.0,4971,4,morton,0,fullload,,519.9188054539263,,,892.6125060534105,897.2996639786288,55.090163950808346,952.3898279294372,1132462080,2176,64,,839.0892131719738,,,1.0,1.0,null,0.0,,1132462080,0,64,0,1132462080,17694720.0,17694720.0,0.0,,,,,null,,,,0
gqa,layout_prefix_chunk,Layout+Prefix,0.25,chunk,n329479,201336956,What is the man using?,The image shows a person performing a skateboarding trick. The skate,"[""skateboard""]",0.0,450,16,morton,0,prefix,0.24279137142002583,178.66285028867424,55.50943245179951,271.85521100182086,46.90794099587947,318.8267679652199,270.9737269906327,589.8004949558526,293601280,512,65,210.55597311351448,0.0,8.0,34,0.23529411764705882,0.25925925925925924,"[0.25925925925925924, 0.25925925925925924, 0.25925925925925924, 0.25925925925925924, 0.25925925925925924, 0.25925925925925924, 0.25925925925925924, 0.25925925925925924, 0.25925925925925924, 0.25925925925925924, 0.25925925925925924, 0.25925925925925924, 0.25925925925925924, 0.25925925925925924, 0.25925925925925924, 0.25925925925925924, 0.25925925925925924, 0.25925925925925924, 0.25925925925925924, 0.25925925925925924, 0.25925925925925924, 0.25925925925925924, 0.25925925925925924, 0.25925925925925924, 0.25925925925925924, 0.25925925925925924, 0.25925925925925924, 0.25925925925925924, 0.25925925925925924, 0.25925925925925924, 0.25925925925925924, 0.25925925925925924]",0.0,256,268435456,25165824,64,1,293601280,4516942.769230769,4194304.0,25165824.0,0,0,0,prefix,"[[0, 1, 2, 3, 4, 5, 6, 7], [0, 1, 2, 3, 4, 5, 6, 7], [0, 1, 2, 3, 4, 5, 6, 7], [0, 1, 2, 3, 4, 5, 6, 7], [0, 1, 2, 3, 4, 5, 6, 7], [0, 1, 2, 3, 4, 5, 6, 7], [0, 1, 2, 3, 4, 5, 6, 7], [0, 1, 2, 3, 4, 5, 6, 7], [0, 1, 2, 3, 4, 5, 6, 7], [0, 1, 2, 3, 4, 5, 6, 7], [0, 1, 2, 3, 4, 5, 6, 7], [0, 1, 2, 3, 4, 5, 6, 7], [0, 1, 2, 3, 4, 5, 6, 7], [0, 1, 2, 3, 4, 5, 6, 7], [0, 1, 2, 3, 4, 5, 6, 7], [0, 1, 2, 3, 4, 5, 6, 7], [0, 1, 2, 3, 4, 5, 6, 7], [0, 1, 2, 3, 4, 5, 6, 7], [0, 1, 2, 3, 4, 5, 6, 7], [0, 1, 2, 3, 4, 5, 6, 7], [0, 1, 2, 3, 4, 5, 6, 7], [0, 1, 2, 3, 4, 5, 6, 7], [0, 1, 2, 3, 4, 5, 6, 7], [0, 1, 2, 3, 4, 5, 6, 7], [0, 1, 2, 3, 4, 5, 6, 7], [0, 1, 2, 3, 4, 5, 6, 7], [0, 1, 2, 3, 4, 5, 6, 7], [0, 1, 2, 3, 4, 5, 6, 7], [0, 1, 2, 3, 4, 5, 6, 7], [0, 1, 2, 3, 4, 5, 6, 7], [0, 1, 2, 3, 4, 5, 6, 7], [0, 1, 2, 3, 4, 5, 6, 7]]",sidecar,True,morton,0
gqa,fullload,FullLoad,1.0,full,n329479,201336939,What is he in front of?,Tree,"[""bench""]",0.0,15472,2,morton,0,fullload,,401.20269753970206,,,633.865459007211,638.6069869622588,19.24697298090905,657.8539599431679,1132462080,2176,64,,589.5050859544426,,,1.0,1.0,null,0.0,,1132462080,0,64,0,1132462080,17694720.0,17694720.0,0.0,,,,,null,,,,0
gqa,layout_prefix_chunk,Layout+Prefix,0.25,chunk,n329479,201336939,What is he in front of?,The man in the image is performing a trick on a skateboard. He,"[""bench""]",0.0,450,16,morton,0,prefix,0.20826002582907677,163.25370373670012,48.22172876447439,241.81225604843348,49.51345105655491,291.3920460268855,270.4530559713021,561.8451019981876,293601280,512,65,187.97566881403327,0.0,8.0,34,0.23529411764705882,0.25925925925925924,"[0.25925925925925924, 0.25925925925925924, 0.25925925925925924, 0.25925925925925924, 0.25925925925925924, 0.25925925925925924, 0.25925925925925924, 0.25925925925925924, 0.25925925925925924, 0.25925925925925924, 0.25925925925925924, 0.25925925925925924, 0.25925925925925924, 0.25925925925925924, 0.25925925925925924, 0.25925925925925924, 0.25925925925925924, 0.25925925925925924, 0.25925925925925924, 0.25925925925925924, 0.25925925925925924, 0.25925925925925924, 0.25925925925925924, 0.25925925925925924, 0.25925925925925924, 0.25925925925925924, 0.25925925925925924, 0.25925925925925924, 0.25925925925925924, 0.25925925925925924, 0.25925925925925924, 0.25925925925925924]",0.0,256,268435456,25165824,64,1,293601280,4516942.769230769,4194304.0,25165824.0,0,0,0,prefix,"[[0, 1, 2, 3, 4, 5, 6, 7], [0, 1, 2, 3, 4, 5, 6, 7], [0, 1, 2, 3, 4, 5, 6, 7], [0, 1, 2, 3, 4, 5, 6, 7], [0, 1, 2, 3, 4, 5, 6, 7], [0, 1, 2, 3, 4, 5, 6, 7], [0, 1, 2, 3, 4, 5, 6, 7], [0, 1, 2, 3, 4, 5, 6, 7], [0, 1, 2, 3, 4, 5, 6, 7], [0, 1, 2, 3, 4, 5, 6, 7], [0, 1, 2, 3, 4, 5, 6, 7], [0, 1, 2, 3, 4, 5, 6, 7], [0, 1, 2, 3, 4, 5, 6, 7], [0, 1, 2, 3, 4, 5, 6, 7], [0, 1, 2, 3, 4, 5, 6, 7], [0, 1, 2, 3, 4, 5, 6, 7], [0, 1, 2, 3, 4, 5, 6, 7], [0, 1, 2, 3, 4, 5, 6, 7], [0, 1, 2, 3, 4, 5, 6, 7], [0, 1, 2, 3, 4, 5, 6, 7], [0, 1, 2, 3, 4, 5, 6, 7], [0, 1, 2, 3, 4, 5, 6, 7], [0, 1, 2, 3, 4, 5, 6, 7], [0, 1, 2, 3, 4, 5, 6, 7], [0, 1, 2, 3, 4, 5, 6, 7], [0, 1, 2, 3, 4, 5, 6, 7], [0, 1, 2, 3, 4, 5, 6, 7], [0, 1, 2, 3, 4, 5, 6, 7], [0, 1, 2, 3, 4, 5, 6, 7], [0, 1, 2, 3, 4, 5, 6, 7], [0, 1, 2, 3, 4, 5, 6, 7], [0, 1, 2, 3, 4, 5, 6, 7]]",sidecar,True,morton,0
gqa,fullload,FullLoad,1.0,full,n329479,201336930,What do the bench and the skateboard have in common?,Color,"[""material""]",0.0,9159,2,morton,0,fullload,,363.18251641932875,,,572.5900230463594,577.2698239888996,19.281251938082278,596.5510759269819,1132462080,2176,64,,530.5604211753234,,,1.0,1.0,null,0.0,,1132462080,0,64,0,1132462080,17694720.0,17694720.0,0.0,,,,,null,,,,0
gqa,layout_prefix_chunk,Layout+Prefix,0.25,chunk,n329479,201336930,What do the bench and the skateboard have in common?,The man in the image is performing a skateboarding trick. He is,"[""material""]",0.0,450,16,morton,0,prefix,0.21181709598749876,128.4250101307407,46.62176629062742,205.80112503375858,35.52648099139333,241.3722659694031,278.03023206070065,519.4024980301037,293601280,512,65,153.61432498320937,0.0,8.0,34,0.23529411764705882,0.25925925925925924,"[0.25925925925925924, 0.25925925925925924, 0.25925925925925924, 0.25925925925925924, 0.25925925925925924, 0.25925925925925924, 0.25925925925925924, 0.25925925925925924, 0.25925925925925924, 0.25925925925925924, 0.25925925925925924, 0.25925925925925924, 0.25925925925925924, 0.25925925925925924, 0.25925925925925924, 0.25925925925925924, 0.25925925925925924, 0.25925925925925924, 0.25925925925925924, 0.25925925925925924, 0.25925925925925924, 0.25925925925925924, 0.25925925925925924, 0.25925925925925924, 0.25925925925925924, 0.25925925925925924, 0.25925925925925924, 0.25925925925925924, 0.25925925925925924, 0.25925925925925924, 0.25925925925925924, 0.25925925925925924]",0.0,256,268435456,25165824,64,1,293601280,4516942.769230769,4194304.0,25165824.0,0,0,0,prefix,"[[0, 1, 2, 3, 4, 5, 6, 7], [0, 1, 2, 3, 4, 5, 6, 7], [0, 1, 2, 3, 4, 5, 6, 7], [0, 1, 2, 3, 4, 5, 6, 7], [0, 1, 2, 3, 4, 5, 6, 7], [0, 1, 2, 3, 4, 5, 6, 7], [0, 1, 2, 3, 4, 5, 6, 7], [0, 1, 2, 3, 4, 5, 6, 7], [0, 1, 2, 3, 4, 5, 6, 7], [0, 1, 2, 3, 4, 5, 6, 7], [0, 1, 2, 3, 4, 5, 6, 7], [0, 1, 2, 3, 4, 5, 6, 7], [0, 1, 2, 3, 4, 5, 6, 7], [0, 1, 2, 3, 4, 5, 6, 7], [0, 1, 2, 3, 4, 5, 6, 7], [0, 1, 2, 3, 4, 5, 6, 7], [0, 1, 2, 3, 4, 5, 6, 7], [0, 1, 2, 3, 4, 5, 6, 7], [0, 1, 2, 3, 4, 5, 6, 7], [0, 1, 2, 3, 4, 5, 6, 7], [0, 1, 2, 3, 4, 5, 6, 7], [0, 1, 2, 3, 4, 5, 6, 7], [0, 1, 2, 3, 4, 5, 6, 7], [0, 1, 2, 3, 4, 5, 6, 7], [0, 1, 2, 3, 4, 5, 6, 7], [0, 1, 2, 3, 4, 5, 6, 7], [0, 1, 2, 3, 4, 5, 6, 7], [0, 1, 2, 3, 4, 5, 6, 7], [0, 1, 2, 3, 4, 5, 6, 7], [0, 1, 2, 3, 4, 5, 6, 7], [0, 1, 2, 3, 4, 5, 6, 7], [0, 1, 2, 3, 4, 5, 6, 7]]",sidecar,True,morton,0
gqa,fullload,FullLoad,1.0,full,n329479,201337043,What are the wheels made of?,Plastic,"[""plastic""]",1.0,1858,3,morton,0,fullload,,451.8255841685459,,,724.9133550794795,729.5401450246572,38.18745701573789,767.7276020403951,1132462080,2176,64,,665.0044723646715,,,1.0,1.0,null,0.0,,1132462080,0,64,0,1132462080,17694720.0,17694720.0,0.0,,,,,null,,,,0
gqa,layout_prefix_chunk,Layout+Prefix,0.25,chunk,n329479,201337043,What are the wheels made of?,The image shows a person performing a skateboarding trick. The skate,"[""plastic""]",0.0,450,16,morton,0,prefix,0.2412642352283001,155.7592524914071,54.84010302461684,245.1499019516632,42.35966596752405,287.5725979683921,272.3027759930119,559.875373961404,293601280,512,65,184.46089478675276,0.0,8.0,34,0.23529411764705882,0.25925925925925924,"[0.25925925925925924, 0.25925925925925924, 0.25925925925925924, 0.25925925925925924, 0.25925925925925924, 0.25925925925925924, 0.25925925925925924, 0.25925925925925924, 0.25925925925925924, 0.25925925925925924, 0.25925925925925924, 0.25925925925925924, 0.25925925925925924, 0.25925925925925924, 0.25925925925925924, 0.25925925925925924, 0.25925925925925924, 0.25925925925925924, 0.25925925925925924, 0.25925925925925924, 0.25925925925925924, 0.25925925925925924, 0.25925925925925924, 0.25925925925925924, 0.25925925925925924, 0.25925925925925924, 0.25925925925925924, 0.25925925925925924, 0.25925925925925924, 0.25925925925925924, 0.25925925925925924, 0.25925925925925924]",0.0,256,268435456,25165824,64,1,293601280,4516942.769230769,4194304.0,25165824.0,0,0,0,prefix,"[[0, 1, 2, 3, 4, 5, 6, 7], [0, 1, 2, 3, 4, 5, 6, 7], [0, 1, 2, 3, 4, 5, 6, 7], [0, 1, 2, 3, 4, 5, 6, 7], [0, 1, 2, 3, 4, 5, 6, 7], [0, 1, 2, 3, 4, 5, 6, 7], [0, 1, 2, 3, 4, 5, 6, 7], [0, 1, 2, 3, 4, 5, 6, 7], [0, 1, 2, 3, 4, 5, 6, 7], [0, 1, 2, 3, 4, 5, 6, 7], [0, 1, 2, 3, 4, 5, 6, 7], [0, 1, 2, 3, 4, 5, 6, 7], [0, 1, 2, 3, 4, 5, 6, 7], [0, 1, 2, 3, 4, 5, 6, 7], [0, 1, 2, 3, 4, 5, 6, 7], [0, 1, 2, 3, 4, 5, 6, 7], [0, 1, 2, 3, 4, 5, 6, 7], [0, 1, 2, 3, 4, 5, 6, 7], [0, 1, 2, 3, 4, 5, 6, 7], [0, 1, 2, 3, 4, 5, 6, 7], [0, 1, 2, 3, 4, 5, 6, 7], [0, 1, 2, 3, 4, 5, 6, 7], [0, 1, 2, 3, 4, 5, 6, 7], [0, 1, 2, 3, 4, 5, 6, 7], [0, 1, 2, 3, 4, 5, 6, 7], [0, 1, 2, 3, 4, 5, 6, 7], [0, 1, 2, 3, 4, 5, 6, 7], [0, 1, 2, 3, 4, 5, 6, 7], [0, 1, 2, 3, 4, 5, 6, 7], [0, 1, 2, 3, 4, 5, 6, 7], [0, 1, 2, 3, 4, 5, 6, 7], [0, 1, 2, 3, 4, 5, 6, 7]]",sidecar,True,morton,0
gqa,fullload,FullLoad,1.0,full,n406334,202159012,Are there any people next to the vehicle that is yellow and black?,Yes,"[""yes""]",1.0,3869,2,morton,0,fullload,,403.65531330462545,,,649.4037099182606,654.1141979396343,19.654915085993707,673.769113025628,1124073472,2176,64,,600.4544445313513,,,1.0,1.0,null,0.0,,1124073472,0,64,0,1124073472,17563648.0,17563648.0,0.0,,,,,null,,,,0
gqa,layout_prefix_chunk,Layout+Prefix,0.25,chunk,n406334,202159012,Are there any people next to the vehicle that is yellow and black?,The image shows a handy bus parked on the side of a road.,"[""yes""]",0.0,450,16,morton,0,prefix,0.2100067213177681,153.45061977859586,49.38204295467585,233.8449190137908,56.376002030447125,290.2849119855091,272.5276630371809,562.81257502269,285212672,512,65,178.7708142073825,0.0,8.0,34,0.23529411764705882,0.2537313432835821,"[0.2537313432835821, 0.2537313432835821, 0.2537313432835821, 0.2537313432835821, 0.2537313432835821, 0.2537313432835821, 0.2537313432835821, 0.2537313432835821, 0.2537313432835821, 0.2537313432835821, 0.2537313432835821, 0.2537313432835821, 0.2537313432835821, 0.2537313432835821, 0.2537313432835821, 0.2537313432835821, 0.2537313432835821, 0.2537313432835821, 0.2537313432835821, 0.2537313432835821, 0.2537313432835821, 0.2537313432835821, 0.2537313432835821, 0.2537313432835821, 0.2537313432835821, 0.2537313432835821, 0.2537313432835821, 0.2537313432835821, 0.2537313432835821, 0.2537313432835821, 0.2537313432835821, 0.2537313432835821]",0.0,256,268435456,16777216,64,1,285212672,4387887.261538462,4194304.0,16777216.0,0,0,0,prefix,"[[0, 1, 2, 3, 4, 5, 6, 7], [0, 1, 2, 3, 4, 5, 6, 7], [0, 1, 2, 3, 4, 5, 6, 7], [0, 1, 2, 3, 4, 5, 6, 7], [0, 1, 2, 3, 4, 5, 6, 7], [0, 1, 2, 3, 4, 5, 6, 7], [0, 1, 2, 3, 4, 5, 6, 7], [0, 1, 2, 3, 4, 5, 6, 7], [0, 1, 2, 3, 4, 5, 6, 7], [0, 1, 2, 3, 4, 5, 6, 7], [0, 1, 2, 3, 4, 5, 6, 7], [0, 1, 2, 3, 4, 5, 6, 7], [0, 1, 2, 3, 4, 5, 6, 7], [0, 1, 2, 3, 4, 5, 6, 7], [0, 1, 2, 3, 4, 5, 6, 7], [0, 1, 2, 3, 4, 5, 6, 7], [0, 1, 2, 3, 4, 5, 6, 7], [0, 1, 2, 3, 4, 5, 6, 7], [0, 1, 2, 3, 4, 5, 6, 7], [0, 1, 2, 3, 4, 5, 6, 7], [0, 1, 2, 3, 4, 5, 6, 7], [0, 1, 2, 3, 4, 5, 6, 7], [0, 1, 2, 3, 4, 5, 6, 7], [0, 1, 2, 3, 4, 5, 6, 7], [0, 1, 2, 3, 4, 5, 6, 7], [0, 1, 2, 3, 4, 5, 6, 7], [0, 1, 2, 3, 4, 5, 6, 7], [0, 1, 2, 3, 4, 5, 6, 7], [0, 1, 2, 3, 4, 5, 6, 7], [0, 1, 2, 3, 4, 5, 6, 7], [0, 1, 2, 3, 4, 5, 6, 7], [0, 1, 2, 3, 4, 5, 6, 7]]",sidecar,True,morton,0
gqa,fullload,FullLoad,1.0,full,n406334,202159091,On which side of the image are the metal cars?,Left,"[""right""]",0.0,19941,2,morton,0,fullload,,369.194075698033,,,601.0718980105594,605.7209729915485,18.85498804040253,624.575961031951,1124073472,2176,64,,552.3559019202366,,,1.0,1.0,null,0.0,,1124073472,0,64,0,1124073472,17563648.0,17563648.0,0.0,,,,,null,,,,0
gqa,layout_prefix_chunk,Layout+Prefix,0.25,chunk,n406334,202159091,On which side of the image are the metal cars?,The image shows a handy bus parked on the side of a road.,"[""right""]",0.0,450,16,morton,0,prefix,0.22822455503046513,153.9085148833692,51.93446739576757,240.55526801384985,59.81278803665191,300.43298308737576,272.6207869127393,573.053770000115,285212672,512,65,182.9759591491893,0.0,8.0,34,0.23529411764705882,0.2537313432835821,"[0.2537313432835821, 0.2537313432835821, 0.2537313432835821, 0.2537313432835821, 0.2537313432835821, 0.2537313432835821, 0.2537313432835821, 0.2537313432835821, 0.2537313432835821, 0.2537313432835821, 0.2537313432835821, 0.2537313432835821, 0.2537313432835821, 0.2537313432835821, 0.2537313432835821, 0.2537313432835821, 0.2537313432835821, 0.2537313432835821, 0.2537313432835821, 0.2537313432835821, 0.2537313432835821, 0.2537313432835821, 0.2537313432835821, 0.2537313432835821, 0.2537313432835821, 0.2537313432835821, 0.2537313432835821, 0.2537313432835821, 0.2537313432835821, 0.2537313432835821, 0.2537313432835821, 0.2537313432835821]",0.0,256,268435456,16777216,64,1,285212672,4387887.261538462,4194304.0,16777216.0,0,0,0,prefix,"[[0, 1, 2, 3, 4, 5, 6, 7], [0, 1, 2, 3, 4, 5, 6, 7], [0, 1, 2, 3, 4, 5, 6, 7], [0, 1, 2, 3, 4, 5, 6, 7], [0, 1, 2, 3, 4, 5, 6, 7], [0, 1, 2, 3, 4, 5, 6, 7], [0, 1, 2, 3, 4, 5, 6, 7], [0, 1, 2, 3, 4, 5, 6, 7], [0, 1, 2, 3, 4, 5, 6, 7], [0, 1, 2, 3, 4, 5, 6, 7], [0, 1, 2, 3, 4, 5, 6, 7], [0, 1, 2, 3, 4, 5, 6, 7], [0, 1, 2, 3, 4, 5, 6, 7], [0, 1, 2, 3, 4, 5, 6, 7], [0, 1, 2, 3, 4, 5, 6, 7], [0, 1, 2, 3, 4, 5, 6, 7], [0, 1, 2, 3, 4, 5, 6, 7], [0, 1, 2, 3, 4, 5, 6, 7], [0, 1, 2, 3, 4, 5, 6, 7], [0, 1, 2, 3, 4, 5, 6, 7], [0, 1, 2, 3, 4, 5, 6, 7], [0, 1, 2, 3, 4, 5, 6, 7], [0, 1, 2, 3, 4, 5, 6, 7], [0, 1, 2, 3, 4, 5, 6, 7], [0, 1, 2, 3, 4, 5, 6, 7], [0, 1, 2, 3, 4, 5, 6, 7], [0, 1, 2, 3, 4, 5, 6, 7], [0, 1, 2, 3, 4, 5, 6, 7], [0, 1, 2, 3, 4, 5, 6, 7], [0, 1, 2, 3, 4, 5, 6, 7], [0, 1, 2, 3, 4, 5, 6, 7], [0, 1, 2, 3, 4, 5, 6, 7]]",sidecar,True,morton,0
gqa,fullload,FullLoad,1.0,full,n406334,202158963,Are the old people on the left or on the right?,Right,"[""right""]",1.0,10428,2,morton,0,fullload,,399.96185479685664,,,648.5564799513668,653.1636680010706,25.3888739971444,678.552541998215,1124073472,2176,64,,594.7211742168292,,,1.0,1.0,null,0.0,,1124073472,0,64,0,1124073472,17563648.0,17563648.0,0.0,,,,,null,,,,0
gqa,layout_prefix_chunk,Layout+Prefix,0.25,chunk,n406334,202158963,Are the old people on the left or on the right?,The image shows a handy bus parked at a bus stop. The bus,"[""right""]",0.0,450,16,morton,0,prefix,0.23565185256302357,155.5011864984408,52.779752877540886,242.7320540882647,40.2066350216046,283.0039190594107,277.74565399158746,560.7495730509982,285212672,512,65,184.21658722218126,0.0,8.0,34,0.23529411764705882,0.2537313432835821,"[0.2537313432835821, 0.2537313432835821, 0.2537313432835821, 0.2537313432835821, 0.2537313432835821, 0.2537313432835821, 0.2537313432835821, 0.2537313432835821, 0.2537313432835821, 0.2537313432835821, 0.2537313432835821, 0.2537313432835821, 0.2537313432835821, 0.2537313432835821, 0.2537313432835821, 0.2537313432835821, 0.2537313432835821, 0.2537313432835821, 0.2537313432835821, 0.2537313432835821, 0.2537313432835821, 0.2537313432835821, 0.2537313432835821, 0.2537313432835821, 0.2537313432835821, 0.2537313432835821, 0.2537313432835821, 0.2537313432835821, 0.2537313432835821, 0.2537313432835821, 0.2537313432835821, 0.2537313432835821]",0.0,256,268435456,16777216,64,1,285212672,4387887.261538462,4194304.0,16777216.0,0,0,0,prefix,"[[0, 1, 2, 3, 4, 5, 6, 7], [0, 1, 2, 3, 4, 5, 6, 7], [0, 1, 2, 3, 4, 5, 6, 7], [0, 1, 2, 3, 4, 5, 6, 7], [0, 1, 2, 3, 4, 5, 6, 7], [0, 1, 2, 3, 4, 5, 6, 7], [0, 1, 2, 3, 4, 5, 6, 7], [0, 1, 2, 3, 4, 5, 6, 7], [0, 1, 2, 3, 4, 5, 6, 7], [0, 1, 2, 3, 4, 5, 6, 7], [0, 1, 2, 3, 4, 5, 6, 7], [0, 1, 2, 3, 4, 5, 6, 7], [0, 1, 2, 3, 4, 5, 6, 7], [0, 1, 2, 3, 4, 5, 6, 7], [0, 1, 2, 3, 4, 5, 6, 7], [0, 1, 2, 3, 4, 5, 6, 7], [0, 1, 2, 3, 4, 5, 6, 7], [0, 1, 2, 3, 4, 5, 6, 7], [0, 1, 2, 3, 4, 5, 6, 7], [0, 1, 2, 3, 4, 5, 6, 7], [0, 1, 2, 3, 4, 5, 6, 7], [0, 1, 2, 3, 4, 5, 6, 7], [0, 1, 2, 3, 4, 5, 6, 7], [0, 1, 2, 3, 4, 5, 6, 7], [0, 1, 2, 3, 4, 5, 6, 7], [0, 1, 2, 3, 4, 5, 6, 7], [0, 1, 2, 3, 4, 5, 6, 7], [0, 1, 2, 3, 4, 5, 6, 7], [0, 1, 2, 3, 4, 5, 6, 7], [0, 1, 2, 3, 4, 5, 6, 7], [0, 1, 2, 3, 4, 5, 6, 7], [0, 1, 2, 3, 4, 5, 6, 7]]",sidecar,True,morton,0
gqa,fullload,FullLoad,1.0,full,n406334,202158771,Are the street lights made of the same material as the cars?,No,"[""yes""]",0.0,1939,2,morton,0,fullload,,463.68661883752793,,,803.5472010960802,808.1447490258142,19.11244192160666,827.2571909474209,1124073472,2176,64,,755.6213702773675,,,1.0,1.0,null,0.0,,1124073472,0,64,0,1124073472,17563648.0,17563648.0,0.0,,,,,null,,,,0
gqa,layout_prefix_chunk,Layout+Prefix,0.25,chunk,n406334,202158771,Are the street lights made of the same material as the cars?,"The image shows a HANDI BUS, which is a type of bus","[""yes""]",0.0,450,16,morton,0,prefix,0.1658727414906025,137.48214219231158,41.26893659122288,206.4370580483228,34.60979997180402,241.09002598561347,273.69898208417,514.7890080697834,285212672,512,65,159.86870974302292,0.0,8.0,34,0.23529411764705882,0.2537313432835821,"[0.2537313432835821, 0.2537313432835821, 0.2537313432835821, 0.2537313432835821, 0.2537313432835821, 0.2537313432835821, 0.2537313432835821, 0.2537313432835821, 0.2537313432835821, 0.2537313432835821, 0.2537313432835821, 0.2537313432835821, 0.2537313432835821, 0.2537313432835821, 0.2537313432835821, 0.2537313432835821, 0.2537313432835821, 0.2537313432835821, 0.2537313432835821, 0.2537313432835821, 0.2537313432835821, 0.2537313432835821, 0.2537313432835821, 0.2537313432835821, 0.2537313432835821, 0.2537313432835821, 0.2537313432835821, 0.2537313432835821, 0.2537313432835821, 0.2537313432835821, 0.2537313432835821, 0.2537313432835821]",0.0,256,268435456,16777216,64,1,285212672,4387887.261538462,4194304.0,16777216.0,0,0,0,prefix,"[[0, 1, 2, 3, 4, 5, 6, 7], [0, 1, 2, 3, 4, 5, 6, 7], [0, 1, 2, 3, 4, 5, 6, 7], [0, 1, 2, 3, 4, 5, 6, 7], [0, 1, 2, 3, 4, 5, 6, 7], [0, 1, 2, 3, 4, 5, 6, 7], [0, 1, 2, 3, 4, 5, 6, 7], [0, 1, 2, 3, 4, 5, 6, 7], [0, 1, 2, 3, 4, 5, 6, 7], [0, 1, 2, 3, 4, 5, 6, 7], [0, 1, 2, 3, 4, 5, 6, 7], [0, 1, 2, 3, 4, 5, 6, 7], [0, 1, 2, 3, 4, 5, 6, 7], [0, 1, 2, 3, 4, 5, 6, 7], [0, 1, 2, 3, 4, 5, 6, 7], [0, 1, 2, 3, 4, 5, 6, 7], [0, 1, 2, 3, 4, 5, 6, 7], [0, 1, 2, 3, 4, 5, 6, 7], [0, 1, 2, 3, 4, 5, 6, 7], [0, 1, 2, 3, 4, 5, 6, 7], [0, 1, 2, 3, 4, 5, 6, 7], [0, 1, 2, 3, 4, 5, 6, 7], [0, 1, 2, 3, 4, 5, 6, 7], [0, 1, 2, 3, 4, 5, 6, 7], [0, 1, 2, 3, 4, 5, 6, 7], [0, 1, 2, 3, 4, 5, 6, 7], [0, 1, 2, 3, 4, 5, 6, 7], [0, 1, 2, 3, 4, 5, 6, 7], [0, 1, 2, 3, 4, 5, 6, 7], [0, 1, 2, 3, 4, 5, 6, 7], [0, 1, 2, 3, 4, 5, 6, 7], [0, 1, 2, 3, 4, 5, 6, 7]]",sidecar,True,morton,0
gqa,fullload,FullLoad,1.0,full,n406334,202159121,Which kind of vehicle is in front of the buildings?,Bus,"[""cars""]",0.0,8406,2,morton,0,fullload,,357.5927293859422,,,572.8851669700816,577.4916240479797,19.393468974158168,596.8850930221379,1124073472,2176,64,,526.8572830827907,,,1.0,1.0,null,0.0,,1124073472,0,64,0,1124073472,17563648.0,17563648.0,0.0,,,,,null,,,,0
gqa,layout_prefix_chunk,Layout+Prefix,0.25,chunk,n406334,202159121,Which kind of vehicle is in front of the buildings?,The image shows a HANDI BUS bus parked at a bus stop,"[""cars""]",0.0,450,16,morton,0,prefix,0.16320717986673117,135.219985852018,39.99862784985453,200.40891401004046,35.45332106295973,235.90551503002644,275.57202090974897,511.4775359397754,285212672,512,65,155.10680642910302,0.0,8.0,34,0.23529411764705882,0.2537313432835821,"[0.2537313432835821, 0.2537313432835821, 0.2537313432835821, 0.2537313432835821, 0.2537313432835821, 0.2537313432835821, 0.2537313432835821, 0.2537313432835821, 0.2537313432835821, 0.2537313432835821, 0.2537313432835821, 0.2537313432835821, 0.2537313432835821, 0.2537313432835821, 0.2537313432835821, 0.2537313432835821, 0.2537313432835821, 0.2537313432835821, 0.2537313432835821, 0.2537313432835821, 0.2537313432835821, 0.2537313432835821, 0.2537313432835821, 0.2537313432835821, 0.2537313432835821, 0.2537313432835821, 0.2537313432835821, 0.2537313432835821, 0.2537313432835821, 0.2537313432835821, 0.2537313432835821, 0.2537313432835821]",0.0,256,268435456,16777216,64,1,285212672,4387887.261538462,4194304.0,16777216.0,0,0,0,prefix,"[[0, 1, 2, 3, 4, 5, 6, 7], [0, 1, 2, 3, 4, 5, 6, 7], [0, 1, 2, 3, 4, 5, 6, 7], [0, 1, 2, 3, 4, 5, 6, 7], [0, 1, 2, 3, 4, 5, 6, 7], [0, 1, 2, 3, 4, 5, 6, 7], [0, 1, 2, 3, 4, 5, 6, 7], [0, 1, 2, 3, 4, 5, 6, 7], [0, 1, 2, 3, 4, 5, 6, 7], [0, 1, 2, 3, 4, 5, 6, 7], [0, 1, 2, 3, 4, 5, 6, 7], [0, 1, 2, 3, 4, 5, 6, 7], [0, 1, 2, 3, 4, 5, 6, 7], [0, 1, 2, 3, 4, 5, 6, 7], [0, 1, 2, 3, 4, 5, 6, 7], [0, 1, 2, 3, 4, 5, 6, 7], [0, 1, 2, 3, 4, 5, 6, 7], [0, 1, 2, 3, 4, 5, 6, 7], [0, 1, 2, 3, 4, 5, 6, 7], [0, 1, 2, 3, 4, 5, 6, 7], [0, 1, 2, 3, 4, 5, 6, 7], [0, 1, 2, 3, 4, 5, 6, 7], [0, 1, 2, 3, 4, 5, 6, 7], [0, 1, 2, 3, 4, 5, 6, 7], [0, 1, 2, 3, 4, 5, 6, 7], [0, 1, 2, 3, 4, 5, 6, 7], [0, 1, 2, 3, 4, 5, 6, 7], [0, 1, 2, 3, 4, 5, 6, 7], [0, 1, 2, 3, 4, 5, 6, 7], [0, 1, 2, 3, 4, 5, 6, 7], [0, 1, 2, 3, 4, 5, 6, 7], [0, 1, 2, 3, 4, 5, 6, 7]]",sidecar,True,morton,0
gqa,fullload,FullLoad,1.0,full,n406334,202158855,Which color is this bus?,Yellow,"[""black""]",0.0,612,3,morton,0,fullload,,347.02736733015627,,,566.1727290134877,570.7837019581348,37.47293399646878,608.2566359546036,1124073472,2176,64,,522.9973995592445,,,1.0,1.0,null,0.0,,1124073472,0,64,0,1124073472,17563648.0,17563648.0,0.0,,,,,null,,,,0
gqa,layout_prefix_chunk,Layout+Prefix,0.25,chunk,n406334,202158855,Which color is this bus?,"The image shows a Handy Bus, which is a type of bus used for","[""black""]",0.0,450,16,morton,0,prefix,0.23591797798871994,143.47548282239586,52.64384706970304,231.62804101593792,57.24787898361683,288.9391869539395,277.49735803809017,566.4365449920297,285212672,512,65,172.65861865598708,0.0,8.0,34,0.23529411764705882,0.2537313432835821,"[0.2537313432835821, 0.2537313432835821, 0.2537313432835821, 0.2537313432835821, 0.2537313432835821, 0.2537313432835821, 0.2537313432835821, 0.2537313432835821, 0.2537313432835821, 0.2537313432835821, 0.2537313432835821, 0.2537313432835821, 0.2537313432835821, 0.2537313432835821, 0.2537313432835821, 0.2537313432835821, 0.2537313432835821, 0.2537313432835821, 0.2537313432835821, 0.2537313432835821, 0.2537313432835821, 0.2537313432835821, 0.2537313432835821, 0.2537313432835821, 0.2537313432835821, 0.2537313432835821, 0.2537313432835821, 0.2537313432835821, 0.2537313432835821, 0.2537313432835821, 0.2537313432835821, 0.2537313432835821]",0.0,256,268435456,16777216,64,1,285212672,4387887.261538462,4194304.0,16777216.0,0,0,0,prefix,"[[0, 1, 2, 3, 4, 5, 6, 7], [0, 1, 2, 3, 4, 5, 6, 7], [0, 1, 2, 3, 4, 5, 6, 7], [0, 1, 2, 3, 4, 5, 6, 7], [0, 1, 2, 3, 4, 5, 6, 7], [0, 1, 2, 3, 4, 5, 6, 7], [0, 1, 2, 3, 4, 5, 6, 7], [0, 1, 2, 3, 4, 5, 6, 7], [0, 1, 2, 3, 4, 5, 6, 7], [0, 1, 2, 3, 4, 5, 6, 7], [0, 1, 2, 3, 4, 5, 6, 7], [0, 1, 2, 3, 4, 5, 6, 7], [0, 1, 2, 3, 4, 5, 6, 7], [0, 1, 2, 3, 4, 5, 6, 7], [0, 1, 2, 3, 4, 5, 6, 7], [0, 1, 2, 3, 4, 5, 6, 7], [0, 1, 2, 3, 4, 5, 6, 7], [0, 1, 2, 3, 4, 5, 6, 7], [0, 1, 2, 3, 4, 5, 6, 7], [0, 1, 2, 3, 4, 5, 6, 7], [0, 1, 2, 3, 4, 5, 6, 7], [0, 1, 2, 3, 4, 5, 6, 7], [0, 1, 2, 3, 4, 5, 6, 7], [0, 1, 2, 3, 4, 5, 6, 7], [0, 1, 2, 3, 4, 5, 6, 7], [0, 1, 2, 3, 4, 5, 6, 7], [0, 1, 2, 3, 4, 5, 6, 7], [0, 1, 2, 3, 4, 5, 6, 7], [0, 1, 2, 3, 4, 5, 6, 7], [0, 1, 2, 3, 4, 5, 6, 7], [0, 1, 2, 3, 4, 5, 6, 7], [0, 1, 2, 3, 4, 5, 6, 7]]",sidecar,True,morton,0
gqa,fullload,FullLoad,1.0,full,n302387,201711425,Is the box square and brown?,No,"[""yes""]",0.0,1939,2,morton,0,fullload,,447.81450962182134,,,740.1565379695967,745.0834970222786,19.248649012297392,764.332146034576,1233125376,2368,64,,682.0508973905817,,,1.0,1.0,null,0.0,,1233125376,0,64,0,1233125376,19267584.0,19267584.0,0.0,,,,,null,,,,0
gqa,layout_prefix_chunk,Layout+Prefix,0.25,chunk,n302387,201711425,Is the box square and brown?,The image shows a black cello case sitting on a rug with a suitcase,"[""yes""]",0.0,450,16,morton,0,prefix,0.26822288054972887,161.3383407238871,56.805721833370626,255.98112004809082,45.5195140093565,301.5492830891162,274.0342119941488,575.583495083265,327155712,576,65,193.1633020285517,0.0,9.0,37,0.24324324324324326,0.2653061224489796,"[0.2653061224489796, 0.2653061224489796, 0.2653061224489796, 0.2653061224489796, 0.2653061224489796, 0.2653061224489796, 0.2653061224489796, 0.2653061224489796, 0.2653061224489796, 0.2653061224489796, 0.2653061224489796, 0.2653061224489796, 0.2653061224489796, 0.2653061224489796, 0.2653061224489796, 0.2653061224489796, 0.2653061224489796, 0.2653061224489796, 0.2653061224489796, 0.2653061224489796, 0.2653061224489796, 0.2653061224489796, 0.2653061224489796, 0.2653061224489796, 0.2653061224489796, 0.2653061224489796, 0.2653061224489796, 0.2653061224489796, 0.2653061224489796, 0.2653061224489796, 0.2653061224489796, 0.2653061224489796]",0.0,288,301989888,25165824,64,1,327155712,5033164.8,4718592.0,25165824.0,0,0,0,prefix,"[[0, 1, 2, 3, 4, 5, 6, 7, 8], [0, 1, 2, 3, 4, 5, 6, 7, 8], [0, 1, 2, 3, 4, 5, 6, 7, 8], [0, 1, 2, 3, 4, 5, 6, 7, 8], [0, 1, 2, 3, 4, 5, 6, 7, 8], [0, 1, 2, 3, 4, 5, 6, 7, 8], [0, 1, 2, 3, 4, 5, 6, 7, 8], [0, 1, 2, 3, 4, 5, 6, 7, 8], [0, 1, 2, 3, 4, 5, 6, 7, 8], [0, 1, 2, 3, 4, 5, 6, 7, 8], [0, 1, 2, 3, 4, 5, 6, 7, 8], [0, 1, 2, 3, 4, 5, 6, 7, 8], [0, 1, 2, 3, 4, 5, 6, 7, 8], [0, 1, 2, 3, 4, 5, 6, 7, 8], [0, 1, 2, 3, 4, 5, 6, 7, 8], [0, 1, 2, 3, 4, 5, 6, 7, 8], [0, 1, 2, 3, 4, 5, 6, 7, 8], [0, 1, 2, 3, 4, 5, 6, 7, 8], [0, 1, 2, 3, 4, 5, 6, 7, 8], [0, 1, 2, 3, 4, 5, 6, 7, 8], [0, 1, 2, 3, 4, 5, 6, 7, 8], [0, 1, 2, 3, 4, 5, 6, 7, 8], [0, 1, 2, 3, 4, 5, 6, 7, 8], [0, 1, 2, 3, 4, 5, 6, 7, 8], [0, 1, 2, 3, 4, 5, 6, 7, 8], [0, 1, 2, 3, 4, 5, 6, 7, 8], [0, 1, 2, 3, 4, 5, 6, 7, 8], [0, 1, 2, 3, 4, 5, 6, 7, 8], [0, 1, 2, 3, 4, 5, 6, 7, 8], [0, 1, 2, 3, 4, 5, 6, 7, 8], [0, 1, 2, 3, 4, 5, 6, 7, 8], [0, 1, 2, 3, 4, 5, 6, 7, 8]]",sidecar,True,morton,0
gqa,fullload,FullLoad,1.0,full,n302387,201711251,Do you see instruments next to the fireplace?,Yes,"[""yes""]",1.0,3869,2,morton,0,fullload,,469.0411352785304,,,814.1253580106422,819.0336209954694,19.05443100258708,838.0880519980565,1233125376,2368,64,,765.6475451076403,,,1.0,1.0,null,0.0,,1233125376,0,64,0,1233125376,19267584.0,19267584.0,0.0,,,,,null,,,,0
gqa,layout_prefix_chunk,Layout+Prefix,0.25,chunk,n302387,201711251,Do you see instruments next to the fireplace?,The image shows a black cello case sitting on a rug next to a fire,"[""yes""]",0.0,450,16,morton,0,prefix,0.25142624508589506,168.0832402780652,57.333427015691996,264.74033296108246,46.50334198959172,311.30921095609665,270.614592009224,581.9238029653206,327155712,576,65,201.3059814926237,0.0,9.0,37,0.24324324324324326,0.2653061224489796,"[0.2653061224489796, 0.2653061224489796, 0.2653061224489796, 0.2653061224489796, 0.2653061224489796, 0.2653061224489796, 0.2653061224489796, 0.2653061224489796, 0.2653061224489796, 0.2653061224489796, 0.2653061224489796, 0.2653061224489796, 0.2653061224489796, 0.2653061224489796, 0.2653061224489796, 0.2653061224489796, 0.2653061224489796, 0.2653061224489796, 0.2653061224489796, 0.2653061224489796, 0.2653061224489796, 0.2653061224489796, 0.2653061224489796, 0.2653061224489796, 0.2653061224489796, 0.2653061224489796, 0.2653061224489796, 0.2653061224489796, 0.2653061224489796, 0.2653061224489796, 0.2653061224489796, 0.2653061224489796]",0.0,288,301989888,25165824,64,1,327155712,5033164.8,4718592.0,25165824.0,0,0,0,prefix,"[[0, 1, 2, 3, 4, 5, 6, 7, 8], [0, 1, 2, 3, 4, 5, 6, 7, 8], [0, 1, 2, 3, 4, 5, 6, 7, 8], [0, 1, 2, 3, 4, 5, 6, 7, 8], [0, 1, 2, 3, 4, 5, 6, 7, 8], [0, 1, 2, 3, 4, 5, 6, 7, 8], [0, 1, 2, 3, 4, 5, 6, 7, 8], [0, 1, 2, 3, 4, 5, 6, 7, 8], [0, 1, 2, 3, 4, 5, 6, 7, 8], [0, 1, 2, 3, 4, 5, 6, 7, 8], [0, 1, 2, 3, 4, 5, 6, 7, 8], [0, 1, 2, 3, 4, 5, 6, 7, 8], [0, 1, 2, 3, 4, 5, 6, 7, 8], [0, 1, 2, 3, 4, 5, 6, 7, 8], [0, 1, 2, 3, 4, 5, 6, 7, 8], [0, 1, 2, 3, 4, 5, 6, 7, 8], [0, 1, 2, 3, 4, 5, 6, 7, 8], [0, 1, 2, 3, 4, 5, 6, 7, 8], [0, 1, 2, 3, 4, 5, 6, 7, 8], [0, 1, 2, 3, 4, 5, 6, 7, 8], [0, 1, 2, 3, 4, 5, 6, 7, 8], [0, 1, 2, 3, 4, 5, 6, 7, 8], [0, 1, 2, 3, 4, 5, 6, 7, 8], [0, 1, 2, 3, 4, 5, 6, 7, 8], [0, 1, 2, 3, 4, 5, 6, 7, 8], [0, 1, 2, 3, 4, 5, 6, 7, 8], [0, 1, 2, 3, 4, 5, 6, 7, 8], [0, 1, 2, 3, 4, 5, 6, 7, 8], [0, 1, 2, 3, 4, 5, 6, 7, 8], [0, 1, 2, 3, 4, 5, 6, 7, 8], [0, 1, 2, 3, 4, 5, 6, 7, 8], [0, 1, 2, 3, 4, 5, 6, 7, 8]]",sidecar,True,morton,0
gqa,fullload,FullLoad,1.0,full,n302387,201711211,What is this suitcase on?,Rug,"[""rug""]",1.0,390,3,morton,0,fullload,,347.62045985553414,,,603.7022740347311,608.6105599533767,42.972457013092935,651.5830169664696,1233125376,2368,64,,556.4541200874373,,,1.0,1.0,null,0.0,,1233125376,0,64,0,1233125376,19267584.0,19267584.0,0.0,,,,,null,,,,0
gqa,layout_prefix_chunk,Layout+Prefix,0.25,chunk,n302387,201711211,What is this suitcase on?,"The image shows a black cello case sitting on a rug, with a suit","[""rug""]",0.0,450,16,morton,0,prefix,0.27017423417419195,165.21989228203893,58.53695224504918,261.15201704669744,39.72076601348817,300.93936005141586,272.2351549891755,573.1745150405914,327155712,576,65,196.45300426054746,0.0,9.0,37,0.24324324324324326,0.2653061224489796,"[0.2653061224489796, 0.2653061224489796, 0.2653061224489796, 0.2653061224489796, 0.2653061224489796, 0.2653061224489796, 0.2653061224489796, 0.2653061224489796, 0.2653061224489796, 0.2653061224489796, 0.2653061224489796, 0.2653061224489796, 0.2653061224489796, 0.2653061224489796, 0.2653061224489796, 0.2653061224489796, 0.2653061224489796, 0.2653061224489796, 0.2653061224489796, 0.2653061224489796, 0.2653061224489796, 0.2653061224489796, 0.2653061224489796, 0.2653061224489796, 0.2653061224489796, 0.2653061224489796, 0.2653061224489796, 0.2653061224489796, 0.2653061224489796, 0.2653061224489796, 0.2653061224489796, 0.2653061224489796]",0.0,288,301989888,25165824,64,1,327155712,5033164.8,4718592.0,25165824.0,0,0,0,prefix,"[[0, 1, 2, 3, 4, 5, 6, 7, 8], [0, 1, 2, 3, 4, 5, 6, 7, 8], [0, 1, 2, 3, 4, 5, 6, 7, 8], [0, 1, 2, 3, 4, 5, 6, 7, 8], [0, 1, 2, 3, 4, 5, 6, 7, 8], [0, 1, 2, 3, 4, 5, 6, 7, 8], [0, 1, 2, 3, 4, 5, 6, 7, 8], [0, 1, 2, 3, 4, 5, 6, 7, 8], [0, 1, 2, 3, 4, 5, 6, 7, 8], [0, 1, 2, 3, 4, 5, 6, 7, 8], [0, 1, 2, 3, 4, 5, 6, 7, 8], [0, 1, 2, 3, 4, 5, 6, 7, 8], [0, 1, 2, 3, 4, 5, 6, 7, 8], [0, 1, 2, 3, 4, 5, 6, 7, 8], [0, 1, 2, 3, 4, 5, 6, 7, 8], [0, 1, 2, 3, 4, 5, 6, 7, 8], [0, 1, 2, 3, 4, 5, 6, 7, 8], [0, 1, 2, 3, 4, 5, 6, 7, 8], [0, 1, 2, 3, 4, 5, 6, 7, 8], [0, 1, 2, 3, 4, 5, 6, 7, 8], [0, 1, 2, 3, 4, 5, 6, 7, 8], [0, 1, 2, 3, 4, 5, 6, 7, 8], [0, 1, 2, 3, 4, 5, 6, 7, 8], [0, 1, 2, 3, 4, 5, 6, 7, 8], [0, 1, 2, 3, 4, 5, 6, 7, 8], [0, 1, 2, 3, 4, 5, 6, 7, 8], [0, 1, 2, 3, 4, 5, 6, 7, 8], [0, 1, 2, 3, 4, 5, 6, 7, 8], [0, 1, 2, 3, 4, 5, 6, 7, 8], [0, 1, 2, 3, 4, 5, 6, 7, 8], [0, 1, 2, 3, 4, 5, 6, 7, 8], [0, 1, 2, 3, 4, 5, 6, 7, 8]]",sidecar,True,morton,0
gqa,fullload,FullLoad,1.0,full,n302387,201711212,What is the suitcase on?,Rug,"[""rug""]",1.0,390,3,morton,0,fullload,,389.18281299993396,,,633.5181549657136,638.33693403285,44.691222021356225,683.0281560542062,1233125376,2368,64,,583.1768729258329,,,1.0,1.0,null,0.0,,1233125376,0,64,0,1233125376,19267584.0,19267584.0,0.0,,,,,null,,,,0
gqa,layout_prefix_chunk,Layout+Prefix,0.25,chunk,n302387,201711212,What is the suitcase on?,The image shows a black cello case sitting on a rug with a suitcase,"[""rug""]",0.0,450,16,morton,0,prefix,0.25287794414907694,168.10083866585046,56.18111416697502,260.13514294754714,39.35343096964061,299.5540569536388,279.2227449826896,578.7768019363284,327155712,576,65,197.9488170472905,0.0,9.0,37,0.24324324324324326,0.2653061224489796,"[0.2653061224489796, 0.2653061224489796, 0.2653061224489796, 0.2653061224489796, 0.2653061224489796, 0.2653061224489796, 0.2653061224489796, 0.2653061224489796, 0.2653061224489796, 0.2653061224489796, 0.2653061224489796, 0.2653061224489796, 0.2653061224489796, 0.2653061224489796, 0.2653061224489796, 0.2653061224489796, 0.2653061224489796, 0.2653061224489796, 0.2653061224489796, 0.2653061224489796, 0.2653061224489796, 0.2653061224489796, 0.2653061224489796, 0.2653061224489796, 0.2653061224489796, 0.2653061224489796, 0.2653061224489796, 0.2653061224489796, 0.2653061224489796, 0.2653061224489796, 0.2653061224489796, 0.2653061224489796]",0.0,288,301989888,25165824,64,1,327155712,5033164.8,4718592.0,25165824.0,0,0,0,prefix,"[[0, 1, 2, 3, 4, 5, 6, 7, 8], [0, 1, 2, 3, 4, 5, 6, 7, 8], [0, 1, 2, 3, 4, 5, 6, 7, 8], [0, 1, 2, 3, 4, 5, 6, 7, 8], [0, 1, 2, 3, 4, 5, 6, 7, 8], [0, 1, 2, 3, 4, 5, 6, 7, 8], [0, 1, 2, 3, 4, 5, 6, 7, 8], [0, 1, 2, 3, 4, 5, 6, 7, 8], [0, 1, 2, 3, 4, 5, 6, 7, 8], [0, 1, 2, 3, 4, 5, 6, 7, 8], [0, 1, 2, 3, 4, 5, 6, 7, 8], [0, 1, 2, 3, 4, 5, 6, 7, 8], [0, 1, 2, 3, 4, 5, 6, 7, 8], [0, 1, 2, 3, 4, 5, 6, 7, 8], [0, 1, 2, 3, 4, 5, 6, 7, 8], [0, 1, 2, 3, 4, 5, 6, 7, 8], [0, 1, 2, 3, 4, 5, 6, 7, 8], [0, 1, 2, 3, 4, 5, 6, 7, 8], [0, 1, 2, 3, 4, 5, 6, 7, 8], [0, 1, 2, 3, 4, 5, 6, 7, 8], [0, 1, 2, 3, 4, 5, 6, 7, 8], [0, 1, 2, 3, 4, 5, 6, 7, 8], [0, 1, 2, 3, 4, 5, 6, 7, 8], [0, 1, 2, 3, 4, 5, 6, 7, 8], [0, 1, 2, 3, 4, 5, 6, 7, 8], [0, 1, 2, 3, 4, 5, 6, 7, 8], [0, 1, 2, 3, 4, 5, 6, 7, 8], [0, 1, 2, 3, 4, 5, 6, 7, 8], [0, 1, 2, 3, 4, 5, 6, 7, 8], [0, 1, 2, 3, 4, 5, 6, 7, 8], [0, 1, 2, 3, 4, 5, 6, 7, 8], [0, 1, 2, 3, 4, 5, 6, 7, 8]]",sidecar,True,morton,0
gqa,fullload,FullLoad,1.0,full,n302387,201711393,On which side of the picture is the square box?,Left,"[""left""]",1.0,19941,2,morton,0,fullload,,502.14990018866956,,,899.2665089899674,904.0916890371591,19.377665012143552,923.4693540493026,1233125376,2368,64,,845.6022938480601,,,1.0,1.0,null,0.0,,1233125376,0,64,0,1233125376,19267584.0,19267584.0,0.0,,,,,null,,,,0
gqa,layout_prefix_chunk,Layout+Prefix,0.25,chunk,n302387,201711393,On which side of the picture is the square box?,"The image shows a black cello case sitting on a rug, with a suit","[""left""]",0.0,450,16,morton,0,prefix,0.2713071880862117,156.76597587298602,53.68650518357754,246.54185795225203,39.133045938797295,285.7224779436365,278.40162301436067,564.1241009579971,327155712,576,65,186.75952649209648,0.0,9.0,37,0.24324324324324326,0.2653061224489796,"[0.2653061224489796, 0.2653061224489796, 0.2653061224489796, 0.2653061224489796, 0.2653061224489796, 0.2653061224489796, 0.2653061224489796, 0.2653061224489796, 0.2653061224489796, 0.2653061224489796, 0.2653061224489796, 0.2653061224489796, 0.2653061224489796, 0.2653061224489796, 0.2653061224489796, 0.2653061224489796, 0.2653061224489796, 0.2653061224489796, 0.2653061224489796, 0.2653061224489796, 0.2653061224489796, 0.2653061224489796, 0.2653061224489796, 0.2653061224489796, 0.2653061224489796, 0.2653061224489796, 0.2653061224489796, 0.2653061224489796, 0.2653061224489796, 0.2653061224489796, 0.2653061224489796, 0.2653061224489796]",0.0,288,301989888,25165824,64,1,327155712,5033164.8,4718592.0,25165824.0,0,0,0,prefix,"[[0, 1, 2, 3, 4, 5, 6, 7, 8], [0, 1, 2, 3, 4, 5, 6, 7, 8], [0, 1, 2, 3, 4, 5, 6, 7, 8], [0, 1, 2, 3, 4, 5, 6, 7, 8], [0, 1, 2, 3, 4, 5, 6, 7, 8], [0, 1, 2, 3, 4, 5, 6, 7, 8], [0, 1, 2, 3, 4, 5, 6, 7, 8], [0, 1, 2, 3, 4, 5, 6, 7, 8], [0, 1, 2, 3, 4, 5, 6, 7, 8], [0, 1, 2, 3, 4, 5, 6, 7, 8], [0, 1, 2, 3, 4, 5, 6, 7, 8], [0, 1, 2, 3, 4, 5, 6, 7, 8], [0, 1, 2, 3, 4, 5, 6, 7, 8], [0, 1, 2, 3, 4, 5, 6, 7, 8], [0, 1, 2, 3, 4, 5, 6, 7, 8], [0, 1, 2, 3, 4, 5, 6, 7, 8], [0, 1, 2, 3, 4, 5, 6, 7, 8], [0, 1, 2, 3, 4, 5, 6, 7, 8], [0, 1, 2, 3, 4, 5, 6, 7, 8], [0, 1, 2, 3, 4, 5, 6, 7, 8], [0, 1, 2, 3, 4, 5, 6, 7, 8], [0, 1, 2, 3, 4, 5, 6, 7, 8], [0, 1, 2, 3, 4, 5, 6, 7, 8], [0, 1, 2, 3, 4, 5, 6, 7, 8], [0, 1, 2, 3, 4, 5, 6, 7, 8], [0, 1, 2, 3, 4, 5, 6, 7, 8], [0, 1, 2, 3, 4, 5, 6, 7, 8], [0, 1, 2, 3, 4, 5, 6, 7, 8], [0, 1, 2, 3, 4, 5, 6, 7, 8], [0, 1, 2, 3, 4, 5, 6, 7, 8], [0, 1, 2, 3, 4, 5, 6, 7, 8], [0, 1, 2, 3, 4, 5, 6, 7, 8]]",sidecar,True,morton,0
gqa,fullload,FullLoad,1.0,full,n302387,201711129,Is the tall shelf on the left?,Yes,"[""yes""]",1.0,3869,2,morton,0,fullload,,479.9278551945463,,,847.2700910642743,852.1292740479112,19.439347903244197,871.5686219511554,1233125376,2368,64,,798.3535510720685,,,1.0,1.0,null,0.0,,1233125376,0,64,0,1233125376,19267584.0,19267584.0,0.0,,,,,null,,,,0
gqa,layout_prefix_chunk,Layout+Prefix,0.25,chunk,n302387,201711129,Is the tall shelf on the left?,"The image shows a black cello case sitting on a rug, with a suit","[""yes""]",0.0,450,16,morton,0,prefix,0.18989760428667068,148.56125868391246,47.59899212513119,227.8361659264192,42.7614189684391,270.66070795990527,268.988344934769,539.6490528946742,327155712,576,65,174.3350278120488,0.0,9.0,37,0.24324324324324326,0.2653061224489796,"[0.2653061224489796, 0.2653061224489796, 0.2653061224489796, 0.2653061224489796, 0.2653061224489796, 0.2653061224489796, 0.2653061224489796, 0.2653061224489796, 0.2653061224489796, 0.2653061224489796, 0.2653061224489796, 0.2653061224489796, 0.2653061224489796, 0.2653061224489796, 0.2653061224489796, 0.2653061224489796, 0.2653061224489796, 0.2653061224489796, 0.2653061224489796, 0.2653061224489796, 0.2653061224489796, 0.2653061224489796, 0.2653061224489796, 0.2653061224489796, 0.2653061224489796, 0.2653061224489796, 0.2653061224489796, 0.2653061224489796, 0.2653061224489796, 0.2653061224489796, 0.2653061224489796, 0.2653061224489796]",0.0,288,301989888,25165824,64,1,327155712,5033164.8,4718592.0,25165824.0,0,0,0,prefix,"[[0, 1, 2, 3, 4, 5, 6, 7, 8], [0, 1, 2, 3, 4, 5, 6, 7, 8], [0, 1, 2, 3, 4, 5, 6, 7, 8], [0, 1, 2, 3, 4, 5, 6, 7, 8], [0, 1, 2, 3, 4, 5, 6, 7, 8], [0, 1, 2, 3, 4, 5, 6, 7, 8], [0, 1, 2, 3, 4, 5, 6, 7, 8], [0, 1, 2, 3, 4, 5, 6, 7, 8], [0, 1, 2, 3, 4, 5, 6, 7, 8], [0, 1, 2, 3, 4, 5, 6, 7, 8], [0, 1, 2, 3, 4, 5, 6, 7, 8], [0, 1, 2, 3, 4, 5, 6, 7, 8], [0, 1, 2, 3, 4, 5, 6, 7, 8], [0, 1, 2, 3, 4, 5, 6, 7, 8], [0, 1, 2, 3, 4, 5, 6, 7, 8], [0, 1, 2, 3, 4, 5, 6, 7, 8], [0, 1, 2, 3, 4, 5, 6, 7, 8], [0, 1, 2, 3, 4, 5, 6, 7, 8], [0, 1, 2, 3, 4, 5, 6, 7, 8], [0, 1, 2, 3, 4, 5, 6, 7, 8], [0, 1, 2, 3, 4, 5, 6, 7, 8], [0, 1, 2, 3, 4, 5, 6, 7, 8], [0, 1, 2, 3, 4, 5, 6, 7, 8], [0, 1, 2, 3, 4, 5, 6, 7, 8], [0, 1, 2, 3, 4, 5, 6, 7, 8], [0, 1, 2, 3, 4, 5, 6, 7, 8], [0, 1, 2, 3, 4, 5, 6, 7, 8], [0, 1, 2, 3, 4, 5, 6, 7, 8], [0, 1, 2, 3, 4, 5, 6, 7, 8], [0, 1, 2, 3, 4, 5, 6, 7, 8], [0, 1, 2, 3, 4, 5, 6, 7, 8], [0, 1, 2, 3, 4, 5, 6, 7, 8]]",sidecar,True,morton,0
gqa,fullload,FullLoad,1.0,full,n52544,20982174,Is the blouse long sleeved or short sleeved?,Short sleeved,"[""long sleeved""]",0.0,13899,5,morton,0,fullload,,377.5929769035429,,,630.7382610393688,635.5534580070525,74.43558401428163,709.9890420213342,1132462080,2176,64,,582.3291763663292,,,1.0,1.0,null,0.0,,1132462080,0,64,0,1132462080,17694720.0,17694720.0,0.0,,,,,null,,,,0
gqa,layout_prefix_chunk,Layout+Prefix,0.25,chunk,n52544,20982174,Is the blouse long sleeved or short sleeved?,Yes,"[""long sleeved""]",0.0,3869,2,morton,0,prefix,0.2239131135866046,157.4506585020572,54.32437127456069,245.84582005627453,43.55021193623543,289.4607390044257,19.430625019595027,308.89136402402073,293601280,512,65,185.7042534975335,0.0,8.0,34,0.23529411764705882,0.25925925925925924,"[0.25925925925925924, 0.25925925925925924, 0.25925925925925924, 0.25925925925925924, 0.25925925925925924, 0.25925925925925924, 0.25925925925925924, 0.25925925925925924, 0.25925925925925924, 0.25925925925925924, 0.25925925925925924, 0.25925925925925924, 0.25925925925925924, 0.25925925925925924, 0.25925925925925924, 0.25925925925925924, 0.25925925925925924, 0.25925925925925924, 0.25925925925925924, 0.25925925925925924, 0.25925925925925924, 0.25925925925925924, 0.25925925925925924, 0.25925925925925924, 0.25925925925925924, 0.25925925925925924, 0.25925925925925924, 0.25925925925925924, 0.25925925925925924, 0.25925925925925924, 0.25925925925925924, 0.25925925925925924]",0.0,256,268435456,25165824,64,1,293601280,4516942.769230769,4194304.0,25165824.0,0,0,0,prefix,"[[0, 1, 2, 3, 4, 5, 6, 7], [0, 1, 2, 3, 4, 5, 6, 7], [0, 1, 2, 3, 4, 5, 6, 7], [0, 1, 2, 3, 4, 5, 6, 7], [0, 1, 2, 3, 4, 5, 6, 7], [0, 1, 2, 3, 4, 5, 6, 7], [0, 1, 2, 3, 4, 5, 6, 7], [0, 1, 2, 3, 4, 5, 6, 7], [0, 1, 2, 3, 4, 5, 6, 7], [0, 1, 2, 3, 4, 5, 6, 7], [0, 1, 2, 3, 4, 5, 6, 7], [0, 1, 2, 3, 4, 5, 6, 7], [0, 1, 2, 3, 4, 5, 6, 7], [0, 1, 2, 3, 4, 5, 6, 7], [0, 1, 2, 3, 4, 5, 6, 7], [0, 1, 2, 3, 4, 5, 6, 7], [0, 1, 2, 3, 4, 5, 6, 7], [0, 1, 2, 3, 4, 5, 6, 7], [0, 1, 2, 3, 4, 5, 6, 7], [0, 1, 2, 3, 4, 5, 6, 7], [0, 1, 2, 3, 4, 5, 6, 7], [0, 1, 2, 3, 4, 5, 6, 7], [0, 1, 2, 3, 4, 5, 6, 7], [0, 1, 2, 3, 4, 5, 6, 7], [0, 1, 2, 3, 4, 5, 6, 7], [0, 1, 2, 3, 4, 5, 6, 7], [0, 1, 2, 3, 4, 5, 6, 7], [0, 1, 2, 3, 4, 5, 6, 7], [0, 1, 2, 3, 4, 5, 6, 7], [0, 1, 2, 3, 4, 5, 6, 7], [0, 1, 2, 3, 4, 5, 6, 7], [0, 1, 2, 3, 4, 5, 6, 7]]",sidecar,True,morton,0
gqa,fullload,FullLoad,1.0,full,n52544,20982179,What color is the blouse?,Black,"[""black""]",1.0,6054,2,morton,0,fullload,,502.34227383043617,,,910.0666199810803,914.7549900226295,19.733789027668536,934.488779050298,1132462080,2176,64,,847.5542888045311,,,1.0,1.0,null,0.0,,1132462080,0,64,0,1132462080,17694720.0,17694720.0,0.0,,,,,null,,,,0
gqa,layout_prefix_chunk,Layout+Prefix,0.25,chunk,n52544,20982179,What color is the blouse?,"The image shows a group of people gathered around a table, seemingly engaged in","[""black""]",0.0,450,16,morton,0,prefix,0.16581593081355095,145.25977580342442,43.3265776373446,217.20430499408394,45.39296799339354,262.66079605557024,271.3442420354113,534.0050380909815,293601280,512,65,168.18738810252398,0.0,8.0,34,0.23529411764705882,0.25925925925925924,"[0.25925925925925924, 0.25925925925925924, 0.25925925925925924, 0.25925925925925924, 0.25925925925925924, 0.25925925925925924, 0.25925925925925924, 0.25925925925925924, 0.25925925925925924, 0.25925925925925924, 0.25925925925925924, 0.25925925925925924, 0.25925925925925924, 0.25925925925925924, 0.25925925925925924, 0.25925925925925924, 0.25925925925925924, 0.25925925925925924, 0.25925925925925924, 0.25925925925925924, 0.25925925925925924, 0.25925925925925924, 0.25925925925925924, 0.25925925925925924, 0.25925925925925924, 0.25925925925925924, 0.25925925925925924, 0.25925925925925924, 0.25925925925925924, 0.25925925925925924, 0.25925925925925924, 0.25925925925925924]",0.0,256,268435456,25165824,64,1,293601280,4516942.769230769,4194304.0,25165824.0,0,0,0,prefix,"[[0, 1, 2, 3, 4, 5, 6, 7], [0, 1, 2, 3, 4, 5, 6, 7], [0, 1, 2, 3, 4, 5, 6, 7], [0, 1, 2, 3, 4, 5, 6, 7], [0, 1, 2, 3, 4, 5, 6, 7], [0, 1, 2, 3, 4, 5, 6, 7], [0, 1, 2, 3, 4, 5, 6, 7], [0, 1, 2, 3, 4, 5, 6, 7], [0, 1, 2, 3, 4, 5, 6, 7], [0, 1, 2, 3, 4, 5, 6, 7], [0, 1, 2, 3, 4, 5, 6, 7], [0, 1, 2, 3, 4, 5, 6, 7], [0, 1, 2, 3, 4, 5, 6, 7], [0, 1, 2, 3, 4, 5, 6, 7], [0, 1, 2, 3, 4, 5, 6, 7], [0, 1, 2, 3, 4, 5, 6, 7], [0, 1, 2, 3, 4, 5, 6, 7], [0, 1, 2, 3, 4, 5, 6, 7], [0, 1, 2, 3, 4, 5, 6, 7], [0, 1, 2, 3, 4, 5, 6, 7], [0, 1, 2, 3, 4, 5, 6, 7], [0, 1, 2, 3, 4, 5, 6, 7], [0, 1, 2, 3, 4, 5, 6, 7], [0, 1, 2, 3, 4, 5, 6, 7], [0, 1, 2, 3, 4, 5, 6, 7], [0, 1, 2, 3, 4, 5, 6, 7], [0, 1, 2, 3, 4, 5, 6, 7], [0, 1, 2, 3, 4, 5, 6, 7], [0, 1, 2, 3, 4, 5, 6, 7], [0, 1, 2, 3, 4, 5, 6, 7], [0, 1, 2, 3, 4, 5, 6, 7], [0, 1, 2, 3, 4, 5, 6, 7]]",sidecar,True,morton,0
gqa,fullload,FullLoad,1.0,full,n52544,20982540,Where is the woman standing?,Table,"[""table""]",1.0,6137,2,morton,0,fullload,,454.6198359457776,,,805.9123080456629,810.6272940058261,18.82634498178959,829.4536389876157,1132462080,2176,64,,759.7223148914054,,,1.0,1.0,null,0.0,,1132462080,0,64,0,1132462080,17694720.0,17694720.0,0.0,,,,,null,,,,0
gqa,layout_prefix_chunk,Layout+Prefix,0.25,chunk,n52544,20982540,Where is the woman standing?,"The image shows a group of people gathered around a table, seemingly engaged in","[""table""]",0.0,450,16,morton,0,prefix,0.1677346881479025,150.91773308813572,45.72947009000927,227.45135193690658,51.052507013082504,278.5669839940965,266.9678629608825,545.534846954979,293601280,512,65,176.2870941311121,0.0,8.0,34,0.23529411764705882,0.25925925925925924,"[0.25925925925925924, 0.25925925925925924, 0.25925925925925924, 0.25925925925925924, 0.25925925925925924, 0.25925925925925924, 0.25925925925925924, 0.25925925925925924, 0.25925925925925924, 0.25925925925925924, 0.25925925925925924, 0.25925925925925924, 0.25925925925925924, 0.25925925925925924, 0.25925925925925924, 0.25925925925925924, 0.25925925925925924, 0.25925925925925924, 0.25925925925925924, 0.25925925925925924, 0.25925925925925924, 0.25925925925925924, 0.25925925925925924, 0.25925925925925924, 0.25925925925925924, 0.25925925925925924, 0.25925925925925924, 0.25925925925925924, 0.25925925925925924, 0.25925925925925924, 0.25925925925925924, 0.25925925925925924]",0.0,256,268435456,25165824,64,1,293601280,4516942.769230769,4194304.0,25165824.0,0,0,0,prefix,"[[0, 1, 2, 3, 4, 5, 6, 7], [0, 1, 2, 3, 4, 5, 6, 7], [0, 1, 2, 3, 4, 5, 6, 7], [0, 1, 2, 3, 4, 5, 6, 7], [0, 1, 2, 3, 4, 5, 6, 7], [0, 1, 2, 3, 4, 5, 6, 7], [0, 1, 2, 3, 4, 5, 6, 7], [0, 1, 2, 3, 4, 5, 6, 7], [0, 1, 2, 3, 4, 5, 6, 7], [0, 1, 2, 3, 4, 5, 6, 7], [0, 1, 2, 3, 4, 5, 6, 7], [0, 1, 2, 3, 4, 5, 6, 7], [0, 1, 2, 3, 4, 5, 6, 7], [0, 1, 2, 3, 4, 5, 6, 7], [0, 1, 2, 3, 4, 5, 6, 7], [0, 1, 2, 3, 4, 5, 6, 7], [0, 1, 2, 3, 4, 5, 6, 7], [0, 1, 2, 3, 4, 5, 6, 7], [0, 1, 2, 3, 4, 5, 6, 7], [0, 1, 2, 3, 4, 5, 6, 7], [0, 1, 2, 3, 4, 5, 6, 7], [0, 1, 2, 3, 4, 5, 6, 7], [0, 1, 2, 3, 4, 5, 6, 7], [0, 1, 2, 3, 4, 5, 6, 7], [0, 1, 2, 3, 4, 5, 6, 7], [0, 1, 2, 3, 4, 5, 6, 7], [0, 1, 2, 3, 4, 5, 6, 7], [0, 1, 2, 3, 4, 5, 6, 7], [0, 1, 2, 3, 4, 5, 6, 7], [0, 1, 2, 3, 4, 5, 6, 7], [0, 1, 2, 3, 4, 5, 6, 7], [0, 1, 2, 3, 4, 5, 6, 7]]",sidecar,True,morton,0
gqa,fullload,FullLoad,1.0,full,n52544,20982544,What kind of furniture is the woman standing at?,Table,"[""table""]",1.0,6137,2,morton,0,fullload,,456.18815848138183,,,813.893556012772,818.5984320007265,20.035899011418223,838.6343310121447,1132462080,2176,64,,766.6150272125378,,,1.0,1.0,null,0.0,,1132462080,0,64,0,1132462080,17694720.0,17694720.0,0.0,,,,,null,,,,0
gqa,layout_prefix_chunk,Layout+Prefix,0.25,chunk,n52544,20982544,What kind of furniture is the woman standing at?,"The image shows a group of people gathered around a table, seemingly engaged in","[""table""]",0.0,450,16,morton,0,prefix,0.21581805776804686,160.4342635255307,53.0988589162007,249.20265597756952,40.48361303284764,289.75026693660766,272.1162060042843,561.866472940892,293601280,512,65,190.38401590660214,0.0,8.0,34,0.23529411764705882,0.25925925925925924,"[0.25925925925925924, 0.25925925925925924, 0.25925925925925924, 0.25925925925925924, 0.25925925925925924, 0.25925925925925924, 0.25925925925925924, 0.25925925925925924, 0.25925925925925924, 0.25925925925925924, 0.25925925925925924, 0.25925925925925924, 0.25925925925925924, 0.25925925925925924, 0.25925925925925924, 0.25925925925925924, 0.25925925925925924, 0.25925925925925924, 0.25925925925925924, 0.25925925925925924, 0.25925925925925924, 0.25925925925925924, 0.25925925925925924, 0.25925925925925924, 0.25925925925925924, 0.25925925925925924, 0.25925925925925924, 0.25925925925925924, 0.25925925925925924, 0.25925925925925924, 0.25925925925925924, 0.25925925925925924]",0.0,256,268435456,25165824,64,1,293601280,4516942.769230769,4194304.0,25165824.0,0,0,0,prefix,"[[0, 1, 2, 3, 4, 5, 6, 7], [0, 1, 2, 3, 4, 5, 6, 7], [0, 1, 2, 3, 4, 5, 6, 7], [0, 1, 2, 3, 4, 5, 6, 7], [0, 1, 2, 3, 4, 5, 6, 7], [0, 1, 2, 3, 4, 5, 6, 7], [0, 1, 2, 3, 4, 5, 6, 7], [0, 1, 2, 3, 4, 5, 6, 7], [0, 1, 2, 3, 4, 5, 6, 7], [0, 1, 2, 3, 4, 5, 6, 7], [0, 1, 2, 3, 4, 5, 6, 7], [0, 1, 2, 3, 4, 5, 6, 7], [0, 1, 2, 3, 4, 5, 6, 7], [0, 1, 2, 3, 4, 5, 6, 7], [0, 1, 2, 3, 4, 5, 6, 7], [0, 1, 2, 3, 4, 5, 6, 7], [0, 1, 2, 3, 4, 5, 6, 7], [0, 1, 2, 3, 4, 5, 6, 7], [0, 1, 2, 3, 4, 5, 6, 7], [0, 1, 2, 3, 4, 5, 6, 7], [0, 1, 2, 3, 4, 5, 6, 7], [0, 1, 2, 3, 4, 5, 6, 7], [0, 1, 2, 3, 4, 5, 6, 7], [0, 1, 2, 3, 4, 5, 6, 7], [0, 1, 2, 3, 4, 5, 6, 7], [0, 1, 2, 3, 4, 5, 6, 7], [0, 1, 2, 3, 4, 5, 6, 7], [0, 1, 2, 3, 4, 5, 6, 7], [0, 1, 2, 3, 4, 5, 6, 7], [0, 1, 2, 3, 4, 5, 6, 7], [0, 1, 2, 3, 4, 5, 6, 7], [0, 1, 2, 3, 4, 5, 6, 7]]",sidecar,True,morton,0
gqa,fullload,FullLoad,1.0,full,n52544,20982158,Which kind of clothing is long sleeved?,Sweater,"[""blouse""]",0.0,317,4,morton,0,fullload,,456.2378020491451,,,811.0476409783587,815.6989170238376,55.78681197948754,871.4857290033251,1132462080,2176,64,,761.9757065549493,,,1.0,1.0,null,0.0,,1132462080,0,64,0,1132462080,17694720.0,17694720.0,0.0,,,,,null,,,,0
gqa,layout_prefix_chunk,Layout+Prefix,0.25,chunk,n52544,20982158,Which kind of clothing is long sleeved?,"The image shows a group of people gathered around a table, seemingly engaged in","[""blouse""]",0.0,450,16,morton,0,prefix,0.23745314683765173,149.3201315170154,50.18720170482993,233.367586042732,35.6863799970597,269.1009780392051,273.9114259602502,543.0124039994553,293601280,512,65,177.43552173487842,0.0,8.0,34,0.23529411764705882,0.25925925925925924,"[0.25925925925925924, 0.25925925925925924, 0.25925925925925924, 0.25925925925925924, 0.25925925925925924, 0.25925925925925924, 0.25925925925925924, 0.25925925925925924, 0.25925925925925924, 0.25925925925925924, 0.25925925925925924, 0.25925925925925924, 0.25925925925925924, 0.25925925925925924, 0.25925925925925924, 0.25925925925925924, 0.25925925925925924, 0.25925925925925924, 0.25925925925925924, 0.25925925925925924, 0.25925925925925924, 0.25925925925925924, 0.25925925925925924, 0.25925925925925924, 0.25925925925925924, 0.25925925925925924, 0.25925925925925924, 0.25925925925925924, 0.25925925925925924, 0.25925925925925924, 0.25925925925925924, 0.25925925925925924]",0.0,256,268435456,25165824,64,1,293601280,4516942.769230769,4194304.0,25165824.0,0,0,0,prefix,"[[0, 1, 2, 3, 4, 5, 6, 7], [0, 1, 2, 3, 4, 5, 6, 7], [0, 1, 2, 3, 4, 5, 6, 7], [0, 1, 2, 3, 4, 5, 6, 7], [0, 1, 2, 3, 4, 5, 6, 7], [0, 1, 2, 3, 4, 5, 6, 7], [0, 1, 2, 3, 4, 5, 6, 7], [0, 1, 2, 3, 4, 5, 6, 7], [0, 1, 2, 3, 4, 5, 6, 7], [0, 1, 2, 3, 4, 5, 6, 7], [0, 1, 2, 3, 4, 5, 6, 7], [0, 1, 2, 3, 4, 5, 6, 7], [0, 1, 2, 3, 4, 5, 6, 7], [0, 1, 2, 3, 4, 5, 6, 7], [0, 1, 2, 3, 4, 5, 6, 7], [0, 1, 2, 3, 4, 5, 6, 7], [0, 1, 2, 3, 4, 5, 6, 7], [0, 1, 2, 3, 4, 5, 6, 7], [0, 1, 2, 3, 4, 5, 6, 7], [0, 1, 2, 3, 4, 5, 6, 7], [0, 1, 2, 3, 4, 5, 6, 7], [0, 1, 2, 3, 4, 5, 6, 7], [0, 1, 2, 3, 4, 5, 6, 7], [0, 1, 2, 3, 4, 5, 6, 7], [0, 1, 2, 3, 4, 5, 6, 7], [0, 1, 2, 3, 4, 5, 6, 7], [0, 1, 2, 3, 4, 5, 6, 7], [0, 1, 2, 3, 4, 5, 6, 7], [0, 1, 2, 3, 4, 5, 6, 7], [0, 1, 2, 3, 4, 5, 6, 7], [0, 1, 2, 3, 4, 5, 6, 7], [0, 1, 2, 3, 4, 5, 6, 7]]",sidecar,True,morton,0
gqa,fullload,FullLoad,1.0,full,n52544,20982135,Is the blouse different in color than the name tag?,Yes,"[""yes""]",1.0,3869,2,morton,0,fullload,,447.2451069159433,,,791.9112809468061,796.5533050009981,22.777624079026282,819.3309290800244,1132462080,2176,64,,746.4610460447147,,,1.0,1.0,null,0.0,,1132462080,0,64,0,1132462080,17694720.0,17694720.0,0.0,,,,,null,,,,0
gqa,layout_prefix_chunk,Layout+Prefix,0.25,chunk,n52544,20982135,Is the blouse different in color than the name tag?,"The image shows a group of people gathered around a table, seemingly engaged in","[""yes""]",0.0,450,16,morton,0,prefix,0.2129850909113884,151.7436350695789,51.359449164010584,237.1478189015761,35.64382193144411,272.84140791743994,272.43117603939027,545.2725839568302,293601280,512,65,180.153644294478,0.0,8.0,34,0.23529411764705882,0.25925925925925924,"[0.25925925925925924, 0.25925925925925924, 0.25925925925925924, 0.25925925925925924, 0.25925925925925924, 0.25925925925925924, 0.25925925925925924, 0.25925925925925924, 0.25925925925925924, 0.25925925925925924, 0.25925925925925924, 0.25925925925925924, 0.25925925925925924, 0.25925925925925924, 0.25925925925925924, 0.25925925925925924, 0.25925925925925924, 0.25925925925925924, 0.25925925925925924, 0.25925925925925924, 0.25925925925925924, 0.25925925925925924, 0.25925925925925924, 0.25925925925925924, 0.25925925925925924, 0.25925925925925924, 0.25925925925925924, 0.25925925925925924, 0.25925925925925924, 0.25925925925925924, 0.25925925925925924, 0.25925925925925924]",0.0,256,268435456,25165824,64,1,293601280,4516942.769230769,4194304.0,25165824.0,0,0,0,prefix,"[[0, 1, 2, 3, 4, 5, 6, 7], [0, 1, 2, 3, 4, 5, 6, 7], [0, 1, 2, 3, 4, 5, 6, 7], [0, 1, 2, 3, 4, 5, 6, 7], [0, 1, 2, 3, 4, 5, 6, 7], [0, 1, 2, 3, 4, 5, 6, 7], [0, 1, 2, 3, 4, 5, 6, 7], [0, 1, 2, 3, 4, 5, 6, 7], [0, 1, 2, 3, 4, 5, 6, 7], [0, 1, 2, 3, 4, 5, 6, 7], [0, 1, 2, 3, 4, 5, 6, 7], [0, 1, 2, 3, 4, 5, 6, 7], [0, 1, 2, 3, 4, 5, 6, 7], [0, 1, 2, 3, 4, 5, 6, 7], [0, 1, 2, 3, 4, 5, 6, 7], [0, 1, 2, 3, 4, 5, 6, 7], [0, 1, 2, 3, 4, 5, 6, 7], [0, 1, 2, 3, 4, 5, 6, 7], [0, 1, 2, 3, 4, 5, 6, 7], [0, 1, 2, 3, 4, 5, 6, 7], [0, 1, 2, 3, 4, 5, 6, 7], [0, 1, 2, 3, 4, 5, 6, 7], [0, 1, 2, 3, 4, 5, 6, 7], [0, 1, 2, 3, 4, 5, 6, 7], [0, 1, 2, 3, 4, 5, 6, 7], [0, 1, 2, 3, 4, 5, 6, 7], [0, 1, 2, 3, 4, 5, 6, 7], [0, 1, 2, 3, 4, 5, 6, 7], [0, 1, 2, 3, 4, 5, 6, 7], [0, 1, 2, 3, 4, 5, 6, 7], [0, 1, 2, 3, 4, 5, 6, 7], [0, 1, 2, 3, 4, 5, 6, 7]]",sidecar,True,morton,0
gqa,fullload,FullLoad,1.0,full,n540852,20119029,Is the happy man below the umbrella the woman is holding?,Yes,"[""yes""]",1.0,3869,2,morton,0,fullload,,489.5214714342728,,,800.7974630454555,806.0603180201724,22.58907095529139,828.6493889754638,1384120320,2688,64,,747.3696711240336,,,1.0,1.0,null,0.0,,1384120320,0,64,0,1384120320,21626880.0,21626880.0,0.0,,,,,null,,,,0
gqa,layout_prefix_chunk,Layout+Prefix,0.25,chunk,n540852,20119029,Is the happy man below the umbrella the woman is holding?,The image you've provided is a black and white photograph of a group of,"[""yes""]",0.0,450,16,morton,0,prefix,0.233509112149477,163.36767305620015,56.78881402127445,256.8634810158983,56.2823599902913,313.21073905564845,271.45848993677646,584.6692289924249,360710144,640,65,193.80024645943195,0.0,10.0,42,0.23809523809523808,0.2606060606060606,"[0.2606060606060606, 0.2606060606060606, 0.2606060606060606, 0.2606060606060606, 0.2606060606060606, 0.2606060606060606, 0.2606060606060606, 0.2606060606060606, 0.2606060606060606, 0.2606060606060606, 0.2606060606060606, 0.2606060606060606, 0.2606060606060606, 0.2606060606060606, 0.2606060606060606, 0.2606060606060606, 0.2606060606060606, 0.2606060606060606, 0.2606060606060606, 0.2606060606060606, 0.2606060606060606, 0.2606060606060606, 0.2606060606060606, 0.2606060606060606, 0.2606060606060606, 0.2606060606060606, 0.2606060606060606, 0.2606060606060606, 0.2606060606060606, 0.2606060606060606, 0.2606060606060606, 0.2606060606060606]",0.0,320,335544320,25165824,64,1,360710144,5549386.830769231,5242880.0,25165824.0,0,0,0,prefix,"[[0, 1, 2, 3, 4, 5, 6, 7, 8, 9], [0, 1, 2, 3, 4, 5, 6, 7, 8, 9], [0, 1, 2, 3, 4, 5, 6, 7, 8, 9], [0, 1, 2, 3, 4, 5, 6, 7, 8, 9], [0, 1, 2, 3, 4, 5, 6, 7, 8, 9], [0, 1, 2, 3, 4, 5, 6, 7, 8, 9], [0, 1, 2, 3, 4, 5, 6, 7, 8, 9], [0, 1, 2, 3, 4, 5, 6, 7, 8, 9], [0, 1, 2, 3, 4, 5, 6, 7, 8, 9], [0, 1, 2, 3, 4, 5, 6, 7, 8, 9], [0, 1, 2, 3, 4, 5, 6, 7, 8, 9], [0, 1, 2, 3, 4, 5, 6, 7, 8, 9], [0, 1, 2, 3, 4, 5, 6, 7, 8, 9], [0, 1, 2, 3, 4, 5, 6, 7, 8, 9], [0, 1, 2, 3, 4, 5, 6, 7, 8, 9], [0, 1, 2, 3, 4, 5, 6, 7, 8, 9], [0, 1, 2, 3, 4, 5, 6, 7, 8, 9], [0, 1, 2, 3, 4, 5, 6, 7, 8, 9], [0, 1, 2, 3, 4, 5, 6, 7, 8, 9], [0, 1, 2, 3, 4, 5, 6, 7, 8, 9], [0, 1, 2, 3, 4, 5, 6, 7, 8, 9], [0, 1, 2, 3, 4, 5, 6, 7, 8, 9], [0, 1, 2, 3, 4, 5, 6, 7, 8, 9], [0, 1, 2, 3, 4, 5, 6, 7, 8, 9], [0, 1, 2, 3, 4, 5, 6, 7, 8, 9], [0, 1, 2, 3, 4, 5, 6, 7, 8, 9], [0, 1, 2, 3, 4, 5, 6, 7, 8, 9], [0, 1, 2, 3, 4, 5, 6, 7, 8, 9], [0, 1, 2, 3, 4, 5, 6, 7, 8, 9], [0, 1, 2, 3, 4, 5, 6, 7, 8, 9], [0, 1, 2, 3, 4, 5, 6, 7, 8, 9], [0, 1, 2, 3, 4, 5, 6, 7, 8, 9]]",sidecar,True,morton,0
gqa,fullload,FullLoad,1.0,full,n540852,20119041,Who in the image is walking?,People,"[""woman""]",0.0,11647,2,morton,0,fullload,,534.5319141633809,,,879.6449790243059,884.8690489539877,37.23126999102533,922.100318945013,1384120320,2688,64,,815.6537497416139,,,1.0,1.0,null,0.0,,1384120320,0,64,0,1384120320,21626880.0,21626880.0,0.0,,,,,null,,,,0
gqa,layout_prefix_chunk,Layout+Prefix,0.25,chunk,n540852,20119041,Who in the image is walking?,The image is a black and white photograph of a group of people walking together.,"[""woman""]",0.0,450,16,morton,0,prefix,0.2861460670828819,173.4355284133926,61.35913904290646,275.00815398525447,47.733651008456945,322.8058050153777,272.6042369613424,595.4100419767201,360710144,640,65,207.01509260106832,0.0,10.0,42,0.23809523809523808,0.2606060606060606,"[0.2606060606060606, 0.2606060606060606, 0.2606060606060606, 0.2606060606060606, 0.2606060606060606, 0.2606060606060606, 0.2606060606060606, 0.2606060606060606, 0.2606060606060606, 0.2606060606060606, 0.2606060606060606, 0.2606060606060606, 0.2606060606060606, 0.2606060606060606, 0.2606060606060606, 0.2606060606060606, 0.2606060606060606, 0.2606060606060606, 0.2606060606060606, 0.2606060606060606, 0.2606060606060606, 0.2606060606060606, 0.2606060606060606, 0.2606060606060606, 0.2606060606060606, 0.2606060606060606, 0.2606060606060606, 0.2606060606060606, 0.2606060606060606, 0.2606060606060606, 0.2606060606060606, 0.2606060606060606]",0.0,320,335544320,25165824,64,1,360710144,5549386.830769231,5242880.0,25165824.0,0,0,0,prefix,"[[0, 1, 2, 3, 4, 5, 6, 7, 8, 9], [0, 1, 2, 3, 4, 5, 6, 7, 8, 9], [0, 1, 2, 3, 4, 5, 6, 7, 8, 9], [0, 1, 2, 3, 4, 5, 6, 7, 8, 9], [0, 1, 2, 3, 4, 5, 6, 7, 8, 9], [0, 1, 2, 3, 4, 5, 6, 7, 8, 9], [0, 1, 2, 3, 4, 5, 6, 7, 8, 9], [0, 1, 2, 3, 4, 5, 6, 7, 8, 9], [0, 1, 2, 3, 4, 5, 6, 7, 8, 9], [0, 1, 2, 3, 4, 5, 6, 7, 8, 9], [0, 1, 2, 3, 4, 5, 6, 7, 8, 9], [0, 1, 2, 3, 4, 5, 6, 7, 8, 9], [0, 1, 2, 3, 4, 5, 6, 7, 8, 9], [0, 1, 2, 3, 4, 5, 6, 7, 8, 9], [0, 1, 2, 3, 4, 5, 6, 7, 8, 9], [0, 1, 2, 3, 4, 5, 6, 7, 8, 9], [0, 1, 2, 3, 4, 5, 6, 7, 8, 9], [0, 1, 2, 3, 4, 5, 6, 7, 8, 9], [0, 1, 2, 3, 4, 5, 6, 7, 8, 9], [0, 1, 2, 3, 4, 5, 6, 7, 8, 9], [0, 1, 2, 3, 4, 5, 6, 7, 8, 9], [0, 1, 2, 3, 4, 5, 6, 7, 8, 9], [0, 1, 2, 3, 4, 5, 6, 7, 8, 9], [0, 1, 2, 3, 4, 5, 6, 7, 8, 9], [0, 1, 2, 3, 4, 5, 6, 7, 8, 9], [0, 1, 2, 3, 4, 5, 6, 7, 8, 9], [0, 1, 2, 3, 4, 5, 6, 7, 8, 9], [0, 1, 2, 3, 4, 5, 6, 7, 8, 9], [0, 1, 2, 3, 4, 5, 6, 7, 8, 9], [0, 1, 2, 3, 4, 5, 6, 7, 8, 9], [0, 1, 2, 3, 4, 5, 6, 7, 8, 9], [0, 1, 2, 3, 4, 5, 6, 7, 8, 9]]",sidecar,True,morton,0
gqa,fullload,FullLoad,1.0,full,n540852,20119067,Is the man that is to the right of the woman wearing a suit?,Yes,"[""yes""]",1.0,3869,2,morton,0,fullload,,464.7966899210587,,,751.5606520464644,756.9849999854341,24.230947950854897,781.215947936289,1384120320,2688,64,,697.2384096588939,,,1.0,1.0,null,0.0,,1384120320,0,64,0,1384120320,21626880.0,21626880.0,0.0,,,,,null,,,,0
gqa,layout_prefix_chunk,Layout+Prefix,0.25,chunk,n540852,20119067,Is the man that is to the right of the woman wearing a suit?,The image you've provided is a black and white photograph of a group of,"[""yes""]",0.0,450,16,morton,0,prefix,0.25232695043087006,158.34398905280977,59.349835850298405,255.3426759550348,59.69267897307873,315.09948696475476,269.95277300011367,585.0522599648684,360710144,640,65,189.60204219911247,0.0,10.0,42,0.23809523809523808,0.2606060606060606,"[0.2606060606060606, 0.2606060606060606, 0.2606060606060606, 0.2606060606060606, 0.2606060606060606, 0.2606060606060606, 0.2606060606060606, 0.2606060606060606, 0.2606060606060606, 0.2606060606060606, 0.2606060606060606, 0.2606060606060606, 0.2606060606060606, 0.2606060606060606, 0.2606060606060606, 0.2606060606060606, 0.2606060606060606, 0.2606060606060606, 0.2606060606060606, 0.2606060606060606, 0.2606060606060606, 0.2606060606060606, 0.2606060606060606, 0.2606060606060606, 0.2606060606060606, 0.2606060606060606, 0.2606060606060606, 0.2606060606060606, 0.2606060606060606, 0.2606060606060606, 0.2606060606060606, 0.2606060606060606]",0.0,320,335544320,25165824,64,1,360710144,5549386.830769231,5242880.0,25165824.0,0,0,0,prefix,"[[0, 1, 2, 3, 4, 5, 6, 7, 8, 9], [0, 1, 2, 3, 4, 5, 6, 7, 8, 9], [0, 1, 2, 3, 4, 5, 6, 7, 8, 9], [0, 1, 2, 3, 4, 5, 6, 7, 8, 9], [0, 1, 2, 3, 4, 5, 6, 7, 8, 9], [0, 1, 2, 3, 4, 5, 6, 7, 8, 9], [0, 1, 2, 3, 4, 5, 6, 7, 8, 9], [0, 1, 2, 3, 4, 5, 6, 7, 8, 9], [0, 1, 2, 3, 4, 5, 6, 7, 8, 9], [0, 1, 2, 3, 4, 5, 6, 7, 8, 9], [0, 1, 2, 3, 4, 5, 6, 7, 8, 9], [0, 1, 2, 3, 4, 5, 6, 7, 8, 9], [0, 1, 2, 3, 4, 5, 6, 7, 8, 9], [0, 1, 2, 3, 4, 5, 6, 7, 8, 9], [0, 1, 2, 3, 4, 5, 6, 7, 8, 9], [0, 1, 2, 3, 4, 5, 6, 7, 8, 9], [0, 1, 2, 3, 4, 5, 6, 7, 8, 9], [0, 1, 2, 3, 4, 5, 6, 7, 8, 9], [0, 1, 2, 3, 4, 5, 6, 7, 8, 9], [0, 1, 2, 3, 4, 5, 6, 7, 8, 9], [0, 1, 2, 3, 4, 5, 6, 7, 8, 9], [0, 1, 2, 3, 4, 5, 6, 7, 8, 9], [0, 1, 2, 3, 4, 5, 6, 7, 8, 9], [0, 1, 2, 3, 4, 5, 6, 7, 8, 9], [0, 1, 2, 3, 4, 5, 6, 7, 8, 9], [0, 1, 2, 3, 4, 5, 6, 7, 8, 9], [0, 1, 2, 3, 4, 5, 6, 7, 8, 9], [0, 1, 2, 3, 4, 5, 6, 7, 8, 9], [0, 1, 2, 3, 4, 5, 6, 7, 8, 9], [0, 1, 2, 3, 4, 5, 6, 7, 8, 9], [0, 1, 2, 3, 4, 5, 6, 7, 8, 9], [0, 1, 2, 3, 4, 5, 6, 7, 8, 9]]",sidecar,True,morton,0
gqa,fullload,FullLoad,1.0,full,n540852,20119066,The man to the right of the woman is wearing what?,Suit,"[""suit""]",1.0,2166,3,morton,0,fullload,,408.6766958935186,,,662.313834996894,667.5078009720892,37.562746088951826,705.070547061041,1384120320,2688,64,,620.8776960847899,,,1.0,1.0,null,0.0,,1384120320,0,64,0,1384120320,21626880.0,21626880.0,0.0,,,,,null,,,,0
gqa,layout_prefix_chunk,Layout+Prefix,0.25,chunk,n540852,20119066,The man to the right of the woman is wearing what?,The image you've provided is a black and white photograph of a group of,"[""suit""]",0.0,450,16,morton,0,prefix,0.26084878481924534,168.96138293668628,59.98213414568454,268.5349789680913,53.404932958073914,322.00693199411035,275.4899669671431,597.4968989612535,360710144,640,65,202.1125101018697,0.0,10.0,42,0.23809523809523808,0.2606060606060606,"[0.2606060606060606, 0.2606060606060606, 0.2606060606060606, 0.2606060606060606, 0.2606060606060606, 0.2606060606060606, 0.2606060606060606, 0.2606060606060606, 0.2606060606060606, 0.2606060606060606, 0.2606060606060606, 0.2606060606060606, 0.2606060606060606, 0.2606060606060606, 0.2606060606060606, 0.2606060606060606, 0.2606060606060606, 0.2606060606060606, 0.2606060606060606, 0.2606060606060606, 0.2606060606060606, 0.2606060606060606, 0.2606060606060606, 0.2606060606060606, 0.2606060606060606, 0.2606060606060606, 0.2606060606060606, 0.2606060606060606, 0.2606060606060606, 0.2606060606060606, 0.2606060606060606, 0.2606060606060606]",0.0,320,335544320,25165824,64,1,360710144,5549386.830769231,5242880.0,25165824.0,0,0,0,prefix,"[[0, 1, 2, 3, 4, 5, 6, 7, 8, 9], [0, 1, 2, 3, 4, 5, 6, 7, 8, 9], [0, 1, 2, 3, 4, 5, 6, 7, 8, 9], [0, 1, 2, 3, 4, 5, 6, 7, 8, 9], [0, 1, 2, 3, 4, 5, 6, 7, 8, 9], [0, 1, 2, 3, 4, 5, 6, 7, 8, 9], [0, 1, 2, 3, 4, 5, 6, 7, 8, 9], [0, 1, 2, 3, 4, 5, 6, 7, 8, 9], [0, 1, 2, 3, 4, 5, 6, 7, 8, 9], [0, 1, 2, 3, 4, 5, 6, 7, 8, 9], [0, 1, 2, 3, 4, 5, 6, 7, 8, 9], [0, 1, 2, 3, 4, 5, 6, 7, 8, 9], [0, 1, 2, 3, 4, 5, 6, 7, 8, 9], [0, 1, 2, 3, 4, 5, 6, 7, 8, 9], [0, 1, 2, 3, 4, 5, 6, 7, 8, 9], [0, 1, 2, 3, 4, 5, 6, 7, 8, 9], [0, 1, 2, 3, 4, 5, 6, 7, 8, 9], [0, 1, 2, 3, 4, 5, 6, 7, 8, 9], [0, 1, 2, 3, 4, 5, 6, 7, 8, 9], [0, 1, 2, 3, 4, 5, 6, 7, 8, 9], [0, 1, 2, 3, 4, 5, 6, 7, 8, 9], [0, 1, 2, 3, 4, 5, 6, 7, 8, 9], [0, 1, 2, 3, 4, 5, 6, 7, 8, 9], [0, 1, 2, 3, 4, 5, 6, 7, 8, 9], [0, 1, 2, 3, 4, 5, 6, 7, 8, 9], [0, 1, 2, 3, 4, 5, 6, 7, 8, 9], [0, 1, 2, 3, 4, 5, 6, 7, 8, 9], [0, 1, 2, 3, 4, 5, 6, 7, 8, 9], [0, 1, 2, 3, 4, 5, 6, 7, 8, 9], [0, 1, 2, 3, 4, 5, 6, 7, 8, 9], [0, 1, 2, 3, 4, 5, 6, 7, 8, 9], [0, 1, 2, 3, 4, 5, 6, 7, 8, 9]]",sidecar,True,morton,0
gqa,fullload,FullLoad,1.0,full,n540852,20119174,What is the umbrella to the right of the other umbrella made of?,Plastic,"[""plastic""]",1.0,1858,3,morton,0,fullload,,383.2763754762709,,,634.9614129867405,640.1583660626784,37.613786989822984,677.7721530525014,1384120320,2688,64,,593.6260360758752,,,1.0,1.0,null,0.0,,1384120320,0,64,0,1384120320,21626880.0,21626880.0,0.0,,,,,null,,,,0
gqa,layout_prefix_chunk,Layout+Prefix,0.25,chunk,n540852,20119174,What is the umbrella to the right of the other umbrella made of?,The image you've provided is a black and white photograph of a group of,"[""plastic""]",0.0,450,16,morton,0,prefix,0.2597266575321555,163.42669597361237,53.44224278815091,251.14228401798755,45.88717804290354,297.09188407287,273.90778495464474,570.9996690275148,360710144,640,65,191.34600285906345,0.0,10.0,42,0.23809523809523808,0.2606060606060606,"[0.2606060606060606, 0.2606060606060606, 0.2606060606060606, 0.2606060606060606, 0.2606060606060606, 0.2606060606060606, 0.2606060606060606, 0.2606060606060606, 0.2606060606060606, 0.2606060606060606, 0.2606060606060606, 0.2606060606060606, 0.2606060606060606, 0.2606060606060606, 0.2606060606060606, 0.2606060606060606, 0.2606060606060606, 0.2606060606060606, 0.2606060606060606, 0.2606060606060606, 0.2606060606060606, 0.2606060606060606, 0.2606060606060606, 0.2606060606060606, 0.2606060606060606, 0.2606060606060606, 0.2606060606060606, 0.2606060606060606, 0.2606060606060606, 0.2606060606060606, 0.2606060606060606, 0.2606060606060606]",0.0,320,335544320,25165824,64,1,360710144,5549386.830769231,5242880.0,25165824.0,0,0,0,prefix,"[[0, 1, 2, 3, 4, 5, 6, 7, 8, 9], [0, 1, 2, 3, 4, 5, 6, 7, 8, 9], [0, 1, 2, 3, 4, 5, 6, 7, 8, 9], [0, 1, 2, 3, 4, 5, 6, 7, 8, 9], [0, 1, 2, 3, 4, 5, 6, 7, 8, 9], [0, 1, 2, 3, 4, 5, 6, 7, 8, 9], [0, 1, 2, 3, 4, 5, 6, 7, 8, 9], [0, 1, 2, 3, 4, 5, 6, 7, 8, 9], [0, 1, 2, 3, 4, 5, 6, 7, 8, 9], [0, 1, 2, 3, 4, 5, 6, 7, 8, 9], [0, 1, 2, 3, 4, 5, 6, 7, 8, 9], [0, 1, 2, 3, 4, 5, 6, 7, 8, 9], [0, 1, 2, 3, 4, 5, 6, 7, 8, 9], [0, 1, 2, 3, 4, 5, 6, 7, 8, 9], [0, 1, 2, 3, 4, 5, 6, 7, 8, 9], [0, 1, 2, 3, 4, 5, 6, 7, 8, 9], [0, 1, 2, 3, 4, 5, 6, 7, 8, 9], [0, 1, 2, 3, 4, 5, 6, 7, 8, 9], [0, 1, 2, 3, 4, 5, 6, 7, 8, 9], [0, 1, 2, 3, 4, 5, 6, 7, 8, 9], [0, 1, 2, 3, 4, 5, 6, 7, 8, 9], [0, 1, 2, 3, 4, 5, 6, 7, 8, 9], [0, 1, 2, 3, 4, 5, 6, 7, 8, 9], [0, 1, 2, 3, 4, 5, 6, 7, 8, 9], [0, 1, 2, 3, 4, 5, 6, 7, 8, 9], [0, 1, 2, 3, 4, 5, 6, 7, 8, 9], [0, 1, 2, 3, 4, 5, 6, 7, 8, 9], [0, 1, 2, 3, 4, 5, 6, 7, 8, 9], [0, 1, 2, 3, 4, 5, 6, 7, 8, 9], [0, 1, 2, 3, 4, 5, 6, 7, 8, 9], [0, 1, 2, 3, 4, 5, 6, 7, 8, 9], [0, 1, 2, 3, 4, 5, 6, 7, 8, 9]]",sidecar,True,morton,0
gqa,fullload,FullLoad,1.0,full,n540852,20119135,Is the umbrella in the bottom part of the photo?,No,"[""no""]",1.0,1939,2,morton,0,fullload,,526.4219884993508,,,871.5583820594475,876.6859050374478,50.29268004000187,926.9785850774497,1384120320,2688,64,,808.8205497479066,,,1.0,1.0,null,0.0,,1384120320,0,64,0,1384120320,21626880.0,21626880.0,0.0,,,,,null,,,,0
gqa,layout_prefix_chunk,Layout+Prefix,0.25,chunk,n540852,20119135,Is the umbrella in the bottom part of the photo?,"The image shows a group of people walking together, likely at a wedding or","[""no""]",0.0,450,16,morton,0,prefix,0.26769028045237064,174.99673156999052,61.26497406512499,275.72346199303865,57.26463906466961,333.05230201222,273.32521497737616,606.3775169895962,360710144,640,65,208.00473215058446,0.0,10.0,42,0.23809523809523808,0.2606060606060606,"[0.2606060606060606, 0.2606060606060606, 0.2606060606060606, 0.2606060606060606, 0.2606060606060606, 0.2606060606060606, 0.2606060606060606, 0.2606060606060606, 0.2606060606060606, 0.2606060606060606, 0.2606060606060606, 0.2606060606060606, 0.2606060606060606, 0.2606060606060606, 0.2606060606060606, 0.2606060606060606, 0.2606060606060606, 0.2606060606060606, 0.2606060606060606, 0.2606060606060606, 0.2606060606060606, 0.2606060606060606, 0.2606060606060606, 0.2606060606060606, 0.2606060606060606, 0.2606060606060606, 0.2606060606060606, 0.2606060606060606, 0.2606060606060606, 0.2606060606060606, 0.2606060606060606, 0.2606060606060606]",0.0,320,335544320,25165824,64,1,360710144,5549386.830769231,5242880.0,25165824.0,0,0,0,prefix,"[[0, 1, 2, 3, 4, 5, 6, 7, 8, 9], [0, 1, 2, 3, 4, 5, 6, 7, 8, 9], [0, 1, 2, 3, 4, 5, 6, 7, 8, 9], [0, 1, 2, 3, 4, 5, 6, 7, 8, 9], [0, 1, 2, 3, 4, 5, 6, 7, 8, 9], [0, 1, 2, 3, 4, 5, 6, 7, 8, 9], [0, 1, 2, 3, 4, 5, 6, 7, 8, 9], [0, 1, 2, 3, 4, 5, 6, 7, 8, 9], [0, 1, 2, 3, 4, 5, 6, 7, 8, 9], [0, 1, 2, 3, 4, 5, 6, 7, 8, 9], [0, 1, 2, 3, 4, 5, 6, 7, 8, 9], [0, 1, 2, 3, 4, 5, 6, 7, 8, 9], [0, 1, 2, 3, 4, 5, 6, 7, 8, 9], [0, 1, 2, 3, 4, 5, 6, 7, 8, 9], [0, 1, 2, 3, 4, 5, 6, 7, 8, 9], [0, 1, 2, 3, 4, 5, 6, 7, 8, 9], [0, 1, 2, 3, 4, 5, 6, 7, 8, 9], [0, 1, 2, 3, 4, 5, 6, 7, 8, 9], [0, 1, 2, 3, 4, 5, 6, 7, 8, 9], [0, 1, 2, 3, 4, 5, 6, 7, 8, 9], [0, 1, 2, 3, 4, 5, 6, 7, 8, 9], [0, 1, 2, 3, 4, 5, 6, 7, 8, 9], [0, 1, 2, 3, 4, 5, 6, 7, 8, 9], [0, 1, 2, 3, 4, 5, 6, 7, 8, 9], [0, 1, 2, 3, 4, 5, 6, 7, 8, 9], [0, 1, 2, 3, 4, 5, 6, 7, 8, 9], [0, 1, 2, 3, 4, 5, 6, 7, 8, 9], [0, 1, 2, 3, 4, 5, 6, 7, 8, 9], [0, 1, 2, 3, 4, 5, 6, 7, 8, 9], [0, 1, 2, 3, 4, 5, 6, 7, 8, 9], [0, 1, 2, 3, 4, 5, 6, 7, 8, 9], [0, 1, 2, 3, 4, 5, 6, 7, 8, 9]]",sidecar,True,morton,0
gqa,fullload,FullLoad,1.0,full,n234722,20416735,What is the color of the table?,Brown,"[""dark brown""]",0.0,9817,2,morton,0,fullload,,471.66991198901087,,,841.3550009718165,846.2330349721014,19.354377989657223,865.5874129617587,1226833920,2368,64,,792.8928061155602,,,1.0,1.0,null,0.0,,1226833920,0,64,0,1226833920,19169280.0,19169280.0,0.0,,,,,null,,,,0
gqa,layout_prefix_chunk,Layout+Prefix,0.25,chunk,n234722,20416735,What is the color of the table?,"The image shows a pizza with a slice missing, revealing the toppings","[""dark brown""]",0.0,450,16,morton,0,prefix,0.2455820795148611,149.5683714747429,55.449628038331866,241.86955101322383,44.39151403494179,286.32541897241026,269.24459799192846,555.5700169643387,320864256,576,65,180.2895851433277,0.0,9.0,37,0.24324324324324326,0.26153846153846155,"[0.26153846153846155, 0.26153846153846155, 0.26153846153846155, 0.26153846153846155, 0.26153846153846155, 0.26153846153846155, 0.26153846153846155, 0.26153846153846155, 0.26153846153846155, 0.26153846153846155, 0.26153846153846155, 0.26153846153846155, 0.26153846153846155, 0.26153846153846155, 0.26153846153846155, 0.26153846153846155, 0.26153846153846155, 0.26153846153846155, 0.26153846153846155, 0.26153846153846155, 0.26153846153846155, 0.26153846153846155, 0.26153846153846155, 0.26153846153846155, 0.26153846153846155, 0.26153846153846155, 0.26153846153846155, 0.26153846153846155, 0.26153846153846155, 0.26153846153846155, 0.26153846153846155, 0.26153846153846155]",0.0,288,301989888,18874368,64,1,320864256,4936373.169230769,4718592.0,18874368.0,0,0,0,prefix,"[[0, 1, 2, 3, 4, 5, 6, 7, 8], [0, 1, 2, 3, 4, 5, 6, 7, 8], [0, 1, 2, 3, 4, 5, 6, 7, 8], [0, 1, 2, 3, 4, 5, 6, 7, 8], [0, 1, 2, 3, 4, 5, 6, 7, 8], [0, 1, 2, 3, 4, 5, 6, 7, 8], [0, 1, 2, 3, 4, 5, 6, 7, 8], [0, 1, 2, 3, 4, 5, 6, 7, 8], [0, 1, 2, 3, 4, 5, 6, 7, 8], [0, 1, 2, 3, 4, 5, 6, 7, 8], [0, 1, 2, 3, 4, 5, 6, 7, 8], [0, 1, 2, 3, 4, 5, 6, 7, 8], [0, 1, 2, 3, 4, 5, 6, 7, 8], [0, 1, 2, 3, 4, 5, 6, 7, 8], [0, 1, 2, 3, 4, 5, 6, 7, 8], [0, 1, 2, 3, 4, 5, 6, 7, 8], [0, 1, 2, 3, 4, 5, 6, 7, 8], [0, 1, 2, 3, 4, 5, 6, 7, 8], [0, 1, 2, 3, 4, 5, 6, 7, 8], [0, 1, 2, 3, 4, 5, 6, 7, 8], [0, 1, 2, 3, 4, 5, 6, 7, 8], [0, 1, 2, 3, 4, 5, 6, 7, 8], [0, 1, 2, 3, 4, 5, 6, 7, 8], [0, 1, 2, 3, 4, 5, 6, 7, 8], [0, 1, 2, 3, 4, 5, 6, 7, 8], [0, 1, 2, 3, 4, 5, 6, 7, 8], [0, 1, 2, 3, 4, 5, 6, 7, 8], [0, 1, 2, 3, 4, 5, 6, 7, 8], [0, 1, 2, 3, 4, 5, 6, 7, 8], [0, 1, 2, 3, 4, 5, 6, 7, 8], [0, 1, 2, 3, 4, 5, 6, 7, 8], [0, 1, 2, 3, 4, 5, 6, 7, 8]]",sidecar,True,morton,0
gqa,fullload,FullLoad,1.0,full,n234722,20416717,What kind of furniture isn't clean?,Table,"[""chair""]",0.0,6137,2,morton,0,fullload,,441.2834538379684,,,765.2995849493891,770.1068948954344,19.150219042785466,789.2571139382198,1226833920,2368,64,,720.6362591823563,,,1.0,1.0,null,0.0,,1226833920,0,64,0,1226833920,19169280.0,19169280.0,0.0,,,,,null,,,,0
gqa,layout_prefix_chunk,Layout+Prefix,0.25,chunk,n234722,20416717,What kind of furniture isn't clean?,"The image shows a pizza with a slice missing, revealing the toppings","[""chair""]",0.0,450,16,morton,0,prefix,0.23070606403052807,150.26225708425045,54.89221168681979,242.63128102757037,63.99744201917201,306.6916260868311,284.4461939530447,591.1378200398758,320864256,576,65,181.6800570813939,0.0,9.0,37,0.24324324324324326,0.26153846153846155,"[0.26153846153846155, 0.26153846153846155, 0.26153846153846155, 0.26153846153846155, 0.26153846153846155, 0.26153846153846155, 0.26153846153846155, 0.26153846153846155, 0.26153846153846155, 0.26153846153846155, 0.26153846153846155, 0.26153846153846155, 0.26153846153846155, 0.26153846153846155, 0.26153846153846155, 0.26153846153846155, 0.26153846153846155, 0.26153846153846155, 0.26153846153846155, 0.26153846153846155, 0.26153846153846155, 0.26153846153846155, 0.26153846153846155, 0.26153846153846155, 0.26153846153846155, 0.26153846153846155, 0.26153846153846155, 0.26153846153846155, 0.26153846153846155, 0.26153846153846155, 0.26153846153846155, 0.26153846153846155]",0.0,288,301989888,18874368,64,1,320864256,4936373.169230769,4718592.0,18874368.0,0,0,0,prefix,"[[0, 1, 2, 3, 4, 5, 6, 7, 8], [0, 1, 2, 3, 4, 5, 6, 7, 8], [0, 1, 2, 3, 4, 5, 6, 7, 8], [0, 1, 2, 3, 4, 5, 6, 7, 8], [0, 1, 2, 3, 4, 5, 6, 7, 8], [0, 1, 2, 3, 4, 5, 6, 7, 8], [0, 1, 2, 3, 4, 5, 6, 7, 8], [0, 1, 2, 3, 4, 5, 6, 7, 8], [0, 1, 2, 3, 4, 5, 6, 7, 8], [0, 1, 2, 3, 4, 5, 6, 7, 8], [0, 1, 2, 3, 4, 5, 6, 7, 8], [0, 1, 2, 3, 4, 5, 6, 7, 8], [0, 1, 2, 3, 4, 5, 6, 7, 8], [0, 1, 2, 3, 4, 5, 6, 7, 8], [0, 1, 2, 3, 4, 5, 6, 7, 8], [0, 1, 2, 3, 4, 5, 6, 7, 8], [0, 1, 2, 3, 4, 5, 6, 7, 8], [0, 1, 2, 3, 4, 5, 6, 7, 8], [0, 1, 2, 3, 4, 5, 6, 7, 8], [0, 1, 2, 3, 4, 5, 6, 7, 8], [0, 1, 2, 3, 4, 5, 6, 7, 8], [0, 1, 2, 3, 4, 5, 6, 7, 8], [0, 1, 2, 3, 4, 5, 6, 7, 8], [0, 1, 2, 3, 4, 5, 6, 7, 8], [0, 1, 2, 3, 4, 5, 6, 7, 8], [0, 1, 2, 3, 4, 5, 6, 7, 8], [0, 1, 2, 3, 4, 5, 6, 7, 8], [0, 1, 2, 3, 4, 5, 6, 7, 8], [0, 1, 2, 3, 4, 5, 6, 7, 8], [0, 1, 2, 3, 4, 5, 6, 7, 8], [0, 1, 2, 3, 4, 5, 6, 7, 8], [0, 1, 2, 3, 4, 5, 6, 7, 8]]",sidecar,True,morton,0
gqa,fullload,FullLoad,1.0,full,n234722,20416487,What kind of food is on the pizza?,Sausage,"[""sausage""]",1.0,317,4,morton,0,fullload,,473.6016931710765,,,837.151670944877,841.9508679071441,87.14086899999529,929.0917369071394,1226833920,2368,64,,788.2152440724894,,,1.0,1.0,null,0.0,,1226833920,0,64,0,1226833920,19169280.0,19169280.0,0.0,,,,,null,,,,0
gqa,layout_prefix_chunk,Layout+Prefix,0.25,chunk,n234722,20416487,What kind of food is on the pizza?,The pizza in the image is a pepperoni pizza.,"[""sausage""]",0.0,450,15,morton,0,prefix,0.28617505449801683,166.78033664356917,59.07030880916864,266.83956489432603,44.20323402155191,311.1070399172604,253.67832998745143,564.7853699047118,320864256,576,65,201.45989558659494,0.0,9.0,37,0.24324324324324326,0.26153846153846155,"[0.26153846153846155, 0.26153846153846155, 0.26153846153846155, 0.26153846153846155, 0.26153846153846155, 0.26153846153846155, 0.26153846153846155, 0.26153846153846155, 0.26153846153846155, 0.26153846153846155, 0.26153846153846155, 0.26153846153846155, 0.26153846153846155, 0.26153846153846155, 0.26153846153846155, 0.26153846153846155, 0.26153846153846155, 0.26153846153846155, 0.26153846153846155, 0.26153846153846155, 0.26153846153846155, 0.26153846153846155, 0.26153846153846155, 0.26153846153846155, 0.26153846153846155, 0.26153846153846155, 0.26153846153846155, 0.26153846153846155, 0.26153846153846155, 0.26153846153846155, 0.26153846153846155, 0.26153846153846155]",0.0,288,301989888,18874368,64,1,320864256,4936373.169230769,4718592.0,18874368.0,0,0,0,prefix,"[[0, 1, 2, 3, 4, 5, 6, 7, 8], [0, 1, 2, 3, 4, 5, 6, 7, 8], [0, 1, 2, 3, 4, 5, 6, 7, 8], [0, 1, 2, 3, 4, 5, 6, 7, 8], [0, 1, 2, 3, 4, 5, 6, 7, 8], [0, 1, 2, 3, 4, 5, 6, 7, 8], [0, 1, 2, 3, 4, 5, 6, 7, 8], [0, 1, 2, 3, 4, 5, 6, 7, 8], [0, 1, 2, 3, 4, 5, 6, 7, 8], [0, 1, 2, 3, 4, 5, 6, 7, 8], [0, 1, 2, 3, 4, 5, 6, 7, 8], [0, 1, 2, 3, 4, 5, 6, 7, 8], [0, 1, 2, 3, 4, 5, 6, 7, 8], [0, 1, 2, 3, 4, 5, 6, 7, 8], [0, 1, 2, 3, 4, 5, 6, 7, 8], [0, 1, 2, 3, 4, 5, 6, 7, 8], [0, 1, 2, 3, 4, 5, 6, 7, 8], [0, 1, 2, 3, 4, 5, 6, 7, 8], [0, 1, 2, 3, 4, 5, 6, 7, 8], [0, 1, 2, 3, 4, 5, 6, 7, 8], [0, 1, 2, 3, 4, 5, 6, 7, 8], [0, 1, 2, 3, 4, 5, 6, 7, 8], [0, 1, 2, 3, 4, 5, 6, 7, 8], [0, 1, 2, 3, 4, 5, 6, 7, 8], [0, 1, 2, 3, 4, 5, 6, 7, 8], [0, 1, 2, 3, 4, 5, 6, 7, 8], [0, 1, 2, 3, 4, 5, 6, 7, 8], [0, 1, 2, 3, 4, 5, 6, 7, 8], [0, 1, 2, 3, 4, 5, 6, 7, 8], [0, 1, 2, 3, 4, 5, 6, 7, 8], [0, 1, 2, 3, 4, 5, 6, 7, 8], [0, 1, 2, 3, 4, 5, 6, 7, 8]]",sidecar,True,morton,0
gqa,fullload,FullLoad,1.0,full,n234722,20416562,Which kind of cooking utensil is below the pizza?,Pizza cutter,"[""pan""]",0.0,349,5,morton,0,fullload,,422.34586691483855,,,710.1312050363049,715.0800679810345,72.4954450270161,787.5755130080506,1226833920,2368,64,,655.8110938640311,,,1.0,1.0,null,0.0,,1226833920,0,64,0,1226833920,19169280.0,19169280.0,0.0,,,,,null,,,,0
gqa,layout_prefix_chunk,Layout+Prefix,0.25,chunk,n234722,20416562,Which kind of cooking utensil is below the pizza?,The pizza in the image is a pepperoni pizza.,"[""pan""]",0.0,450,15,morton,0,prefix,0.21121418103575706,148.46792817115784,48.18713793065399,229.56193890422583,39.14636408444494,268.7723319977522,254.54140990041196,523.3137418981642,320864256,576,65,175.65110221039504,0.0,9.0,37,0.24324324324324326,0.26153846153846155,"[0.26153846153846155, 0.26153846153846155, 0.26153846153846155, 0.26153846153846155, 0.26153846153846155, 0.26153846153846155, 0.26153846153846155, 0.26153846153846155, 0.26153846153846155, 0.26153846153846155, 0.26153846153846155, 0.26153846153846155, 0.26153846153846155, 0.26153846153846155, 0.26153846153846155, 0.26153846153846155, 0.26153846153846155, 0.26153846153846155, 0.26153846153846155, 0.26153846153846155, 0.26153846153846155, 0.26153846153846155, 0.26153846153846155, 0.26153846153846155, 0.26153846153846155, 0.26153846153846155, 0.26153846153846155, 0.26153846153846155, 0.26153846153846155, 0.26153846153846155, 0.26153846153846155, 0.26153846153846155]",0.0,288,301989888,18874368,64,1,320864256,4936373.169230769,4718592.0,18874368.0,0,0,0,prefix,"[[0, 1, 2, 3, 4, 5, 6, 7, 8], [0, 1, 2, 3, 4, 5, 6, 7, 8], [0, 1, 2, 3, 4, 5, 6, 7, 8], [0, 1, 2, 3, 4, 5, 6, 7, 8], [0, 1, 2, 3, 4, 5, 6, 7, 8], [0, 1, 2, 3, 4, 5, 6, 7, 8], [0, 1, 2, 3, 4, 5, 6, 7, 8], [0, 1, 2, 3, 4, 5, 6, 7, 8], [0, 1, 2, 3, 4, 5, 6, 7, 8], [0, 1, 2, 3, 4, 5, 6, 7, 8], [0, 1, 2, 3, 4, 5, 6, 7, 8], [0, 1, 2, 3, 4, 5, 6, 7, 8], [0, 1, 2, 3, 4, 5, 6, 7, 8], [0, 1, 2, 3, 4, 5, 6, 7, 8], [0, 1, 2, 3, 4, 5, 6, 7, 8], [0, 1, 2, 3, 4, 5, 6, 7, 8], [0, 1, 2, 3, 4, 5, 6, 7, 8], [0, 1, 2, 3, 4, 5, 6, 7, 8], [0, 1, 2, 3, 4, 5, 6, 7, 8], [0, 1, 2, 3, 4, 5, 6, 7, 8], [0, 1, 2, 3, 4, 5, 6, 7, 8], [0, 1, 2, 3, 4, 5, 6, 7, 8], [0, 1, 2, 3, 4, 5, 6, 7, 8], [0, 1, 2, 3, 4, 5, 6, 7, 8], [0, 1, 2, 3, 4, 5, 6, 7, 8], [0, 1, 2, 3, 4, 5, 6, 7, 8], [0, 1, 2, 3, 4, 5, 6, 7, 8], [0, 1, 2, 3, 4, 5, 6, 7, 8], [0, 1, 2, 3, 4, 5, 6, 7, 8], [0, 1, 2, 3, 4, 5, 6, 7, 8], [0, 1, 2, 3, 4, 5, 6, 7, 8], [0, 1, 2, 3, 4, 5, 6, 7, 8]]",sidecar,True,morton,0
gqa,fullload,FullLoad,1.0,full,n234722,20416421,Is the sausage in the bottom part or in the top of the photo?,Top,"[""top""]",1.0,7488,2,morton,0,fullload,,513.3985796710476,,,922.9655839735642,927.8321529272944,19.519120105542243,947.3512730328366,1226833920,2368,64,,861.5554493153468,,,1.0,1.0,null,0.0,,1226833920,0,64,0,1226833920,19169280.0,19169280.0,0.0,,,,,null,,,,0
gqa,layout_prefix_chunk,Layout+Prefix,0.25,chunk,n234722,20416421,Is the sausage in the bottom part or in the top of the photo?,The pizza is sliced.,"[""top""]",0.0,450,9,morton,0,prefix,0.31021609902381897,131.69793039560318,56.96003220509738,229.15013099554926,41.35451093316078,270.5719539662823,143.74835998751223,414.32031395379454,320864256,576,65,165.69734504446387,0.0,9.0,37,0.24324324324324326,0.26153846153846155,"[0.26153846153846155, 0.26153846153846155, 0.26153846153846155, 0.26153846153846155, 0.26153846153846155, 0.26153846153846155, 0.26153846153846155, 0.26153846153846155, 0.26153846153846155, 0.26153846153846155, 0.26153846153846155, 0.26153846153846155, 0.26153846153846155, 0.26153846153846155, 0.26153846153846155, 0.26153846153846155, 0.26153846153846155, 0.26153846153846155, 0.26153846153846155, 0.26153846153846155, 0.26153846153846155, 0.26153846153846155, 0.26153846153846155, 0.26153846153846155, 0.26153846153846155, 0.26153846153846155, 0.26153846153846155, 0.26153846153846155, 0.26153846153846155, 0.26153846153846155, 0.26153846153846155, 0.26153846153846155]",0.0,288,301989888,18874368,64,1,320864256,4936373.169230769,4718592.0,18874368.0,0,0,0,prefix,"[[0, 1, 2, 3, 4, 5, 6, 7, 8], [0, 1, 2, 3, 4, 5, 6, 7, 8], [0, 1, 2, 3, 4, 5, 6, 7, 8], [0, 1, 2, 3, 4, 5, 6, 7, 8], [0, 1, 2, 3, 4, 5, 6, 7, 8], [0, 1, 2, 3, 4, 5, 6, 7, 8], [0, 1, 2, 3, 4, 5, 6, 7, 8], [0, 1, 2, 3, 4, 5, 6, 7, 8], [0, 1, 2, 3, 4, 5, 6, 7, 8], [0, 1, 2, 3, 4, 5, 6, 7, 8], [0, 1, 2, 3, 4, 5, 6, 7, 8], [0, 1, 2, 3, 4, 5, 6, 7, 8], [0, 1, 2, 3, 4, 5, 6, 7, 8], [0, 1, 2, 3, 4, 5, 6, 7, 8], [0, 1, 2, 3, 4, 5, 6, 7, 8], [0, 1, 2, 3, 4, 5, 6, 7, 8], [0, 1, 2, 3, 4, 5, 6, 7, 8], [0, 1, 2, 3, 4, 5, 6, 7, 8], [0, 1, 2, 3, 4, 5, 6, 7, 8], [0, 1, 2, 3, 4, 5, 6, 7, 8], [0, 1, 2, 3, 4, 5, 6, 7, 8], [0, 1, 2, 3, 4, 5, 6, 7, 8], [0, 1, 2, 3, 4, 5, 6, 7, 8], [0, 1, 2, 3, 4, 5, 6, 7, 8], [0, 1, 2, 3, 4, 5, 6, 7, 8], [0, 1, 2, 3, 4, 5, 6, 7, 8], [0, 1, 2, 3, 4, 5, 6, 7, 8], [0, 1, 2, 3, 4, 5, 6, 7, 8], [0, 1, 2, 3, 4, 5, 6, 7, 8], [0, 1, 2, 3, 4, 5, 6, 7, 8], [0, 1, 2, 3, 4, 5, 6, 7, 8], [0, 1, 2, 3, 4, 5, 6, 7, 8]]",sidecar,True,morton,0
gqa,fullload,FullLoad,1.0,full,n234722,20416424,Does the sausage that is to the left of the pan look small and brown?,Yes,"[""yes""]",1.0,3869,2,morton,0,fullload,,398.47741986159235,,,657.5711639598012,662.4586059479043,19.39442101866007,681.8530269665644,1226833920,2368,64,,602.5012242607772,,,1.0,1.0,null,0.0,,1226833920,0,64,0,1226833920,19169280.0,19169280.0,0.0,,,,,null,,,,0
gqa,layout_prefix_chunk,Layout+Prefix,0.25,chunk,n234722,20416424,Does the sausage that is to the left of the pan look small and brown?,The pizza in the image is a pepperoni pizza.,"[""yes""]",0.0,450,15,morton,0,prefix,0.24259567726403475,143.4063627384603,53.84681059513241,233.29836106859148,47.81373497098684,281.1781429918483,254.42568201106042,535.6038250029087,320864256,576,65,173.5086813569069,0.0,9.0,37,0.24324324324324326,0.26153846153846155,"[0.26153846153846155, 0.26153846153846155, 0.26153846153846155, 0.26153846153846155, 0.26153846153846155, 0.26153846153846155, 0.26153846153846155, 0.26153846153846155, 0.26153846153846155, 0.26153846153846155, 0.26153846153846155, 0.26153846153846155, 0.26153846153846155, 0.26153846153846155, 0.26153846153846155, 0.26153846153846155, 0.26153846153846155, 0.26153846153846155, 0.26153846153846155, 0.26153846153846155, 0.26153846153846155, 0.26153846153846155, 0.26153846153846155, 0.26153846153846155, 0.26153846153846155, 0.26153846153846155, 0.26153846153846155, 0.26153846153846155, 0.26153846153846155, 0.26153846153846155, 0.26153846153846155, 0.26153846153846155]",0.0,288,301989888,18874368,64,1,320864256,4936373.169230769,4718592.0,18874368.0,0,0,0,prefix,"[[0, 1, 2, 3, 4, 5, 6, 7, 8], [0, 1, 2, 3, 4, 5, 6, 7, 8], [0, 1, 2, 3, 4, 5, 6, 7, 8], [0, 1, 2, 3, 4, 5, 6, 7, 8], [0, 1, 2, 3, 4, 5, 6, 7, 8], [0, 1, 2, 3, 4, 5, 6, 7, 8], [0, 1, 2, 3, 4, 5, 6, 7, 8], [0, 1, 2, 3, 4, 5, 6, 7, 8], [0, 1, 2, 3, 4, 5, 6, 7, 8], [0, 1, 2, 3, 4, 5, 6, 7, 8], [0, 1, 2, 3, 4, 5, 6, 7, 8], [0, 1, 2, 3, 4, 5, 6, 7, 8], [0, 1, 2, 3, 4, 5, 6, 7, 8], [0, 1, 2, 3, 4, 5, 6, 7, 8], [0, 1, 2, 3, 4, 5, 6, 7, 8], [0, 1, 2, 3, 4, 5, 6, 7, 8], [0, 1, 2, 3, 4, 5, 6, 7, 8], [0, 1, 2, 3, 4, 5, 6, 7, 8], [0, 1, 2, 3, 4, 5, 6, 7, 8], [0, 1, 2, 3, 4, 5, 6, 7, 8], [0, 1, 2, 3, 4, 5, 6, 7, 8], [0, 1, 2, 3, 4, 5, 6, 7, 8], [0, 1, 2, 3, 4, 5, 6, 7, 8], [0, 1, 2, 3, 4, 5, 6, 7, 8], [0, 1, 2, 3, 4, 5, 6, 7, 8], [0, 1, 2, 3, 4, 5, 6, 7, 8], [0, 1, 2, 3, 4, 5, 6, 7, 8], [0, 1, 2, 3, 4, 5, 6, 7, 8], [0, 1, 2, 3, 4, 5, 6, 7, 8], [0, 1, 2, 3, 4, 5, 6, 7, 8], [0, 1, 2, 3, 4, 5, 6, 7, 8], [0, 1, 2, 3, 4, 5, 6, 7, 8]]",sidecar,True,morton,0
gqa,fullload,FullLoad,1.0,full,n494918,201185759,What's the boy looking at?,Frisbee,"[""frisbee""]",1.0,383,5,morton,0,fullload,,372.98300489783287,,,619.2144569940865,624.1944029461592,73.93502106424421,698.1294240104035,1233125376,2368,64,,574.4121712632477,,,1.0,1.0,null,0.0,,1233125376,0,64,0,1233125376,19267584.0,19267584.0,0.0,,,,,null,,,,0
gqa,layout_prefix_chunk,Layout+Prefix,0.25,chunk,n494918,201185759,What's the boy looking at?,The boy is playing with a frisbee.,"[""frisbee""]",0.0,450,12,morton,0,prefix,0.21642341744154692,152.26336242631078,50.72429601568729,234.8958640359342,41.68324393685907,276.64285397622734,201.60750101786107,478.2503549940884,327155712,576,65,178.162919357419,0.0,9.0,37,0.24324324324324326,0.2653061224489796,"[0.2653061224489796, 0.2653061224489796, 0.2653061224489796, 0.2653061224489796, 0.2653061224489796, 0.2653061224489796, 0.2653061224489796, 0.2653061224489796, 0.2653061224489796, 0.2653061224489796, 0.2653061224489796, 0.2653061224489796, 0.2653061224489796, 0.2653061224489796, 0.2653061224489796, 0.2653061224489796, 0.2653061224489796, 0.2653061224489796, 0.2653061224489796, 0.2653061224489796, 0.2653061224489796, 0.2653061224489796, 0.2653061224489796, 0.2653061224489796, 0.2653061224489796, 0.2653061224489796, 0.2653061224489796, 0.2653061224489796, 0.2653061224489796, 0.2653061224489796, 0.2653061224489796, 0.2653061224489796]",0.0,288,301989888,25165824,64,1,327155712,5033164.8,4718592.0,25165824.0,0,0,0,prefix,"[[0, 1, 2, 3, 4, 5, 6, 7, 8], [0, 1, 2, 3, 4, 5, 6, 7, 8], [0, 1, 2, 3, 4, 5, 6, 7, 8], [0, 1, 2, 3, 4, 5, 6, 7, 8], [0, 1, 2, 3, 4, 5, 6, 7, 8], [0, 1, 2, 3, 4, 5, 6, 7, 8], [0, 1, 2, 3, 4, 5, 6, 7, 8], [0, 1, 2, 3, 4, 5, 6, 7, 8], [0, 1, 2, 3, 4, 5, 6, 7, 8], [0, 1, 2, 3, 4, 5, 6, 7, 8], [0, 1, 2, 3, 4, 5, 6, 7, 8], [0, 1, 2, 3, 4, 5, 6, 7, 8], [0, 1, 2, 3, 4, 5, 6, 7, 8], [0, 1, 2, 3, 4, 5, 6, 7, 8], [0, 1, 2, 3, 4, 5, 6, 7, 8], [0, 1, 2, 3, 4, 5, 6, 7, 8], [0, 1, 2, 3, 4, 5, 6, 7, 8], [0, 1, 2, 3, 4, 5, 6, 7, 8], [0, 1, 2, 3, 4, 5, 6, 7, 8], [0, 1, 2, 3, 4, 5, 6, 7, 8], [0, 1, 2, 3, 4, 5, 6, 7, 8], [0, 1, 2, 3, 4, 5, 6, 7, 8], [0, 1, 2, 3, 4, 5, 6, 7, 8], [0, 1, 2, 3, 4, 5, 6, 7, 8], [0, 1, 2, 3, 4, 5, 6, 7, 8], [0, 1, 2, 3, 4, 5, 6, 7, 8], [0, 1, 2, 3, 4, 5, 6, 7, 8], [0, 1, 2, 3, 4, 5, 6, 7, 8], [0, 1, 2, 3, 4, 5, 6, 7, 8], [0, 1, 2, 3, 4, 5, 6, 7, 8], [0, 1, 2, 3, 4, 5, 6, 7, 8], [0, 1, 2, 3, 4, 5, 6, 7, 8]]",sidecar,True,morton,0
gqa,fullload,FullLoad,1.0,full,n494918,201185941,Are the trees behind a frisbee?,Yes,"[""yes""]",1.0,3869,2,morton,0,fullload,,397.4288117606193,,,671.0210090968758,675.8861560374498,19.39253497403115,695.278691011481,1233125376,2368,64,,615.0850049452856,,,1.0,1.0,null,0.0,,1233125376,0,64,0,1233125376,19267584.0,19267584.0,0.0,,,,,null,,,,0
gqa,layout_prefix_chunk,Layout+Prefix,0.25,chunk,n494918,201185941,Are the trees behind a frisbee?,The image shows a person playing with a frisbee. The person is,"[""yes""]",0.0,450,16,morton,0,prefix,0.2243747003376484,136.95273187477142,49.30978803895414,217.7820650395006,43.655249988660216,261.5022489335388,270.1977740507573,531.7000229842961,327155712,576,65,162.65516681596637,0.0,9.0,37,0.24324324324324326,0.2653061224489796,"[0.2653061224489796, 0.2653061224489796, 0.2653061224489796, 0.2653061224489796, 0.2653061224489796, 0.2653061224489796, 0.2653061224489796, 0.2653061224489796, 0.2653061224489796, 0.2653061224489796, 0.2653061224489796, 0.2653061224489796, 0.2653061224489796, 0.2653061224489796, 0.2653061224489796, 0.2653061224489796, 0.2653061224489796, 0.2653061224489796, 0.2653061224489796, 0.2653061224489796, 0.2653061224489796, 0.2653061224489796, 0.2653061224489796, 0.2653061224489796, 0.2653061224489796, 0.2653061224489796, 0.2653061224489796, 0.2653061224489796, 0.2653061224489796, 0.2653061224489796, 0.2653061224489796, 0.2653061224489796]",0.0,288,301989888,25165824,64,1,327155712,5033164.8,4718592.0,25165824.0,0,0,0,prefix,"[[0, 1, 2, 3, 4, 5, 6, 7, 8], [0, 1, 2, 3, 4, 5, 6, 7, 8], [0, 1, 2, 3, 4, 5, 6, 7, 8], [0, 1, 2, 3, 4, 5, 6, 7, 8], [0, 1, 2, 3, 4, 5, 6, 7, 8], [0, 1, 2, 3, 4, 5, 6, 7, 8], [0, 1, 2, 3, 4, 5, 6, 7, 8], [0, 1, 2, 3, 4, 5, 6, 7, 8], [0, 1, 2, 3, 4, 5, 6, 7, 8], [0, 1, 2, 3, 4, 5, 6, 7, 8], [0, 1, 2, 3, 4, 5, 6, 7, 8], [0, 1, 2, 3, 4, 5, 6, 7, 8], [0, 1, 2, 3, 4, 5, 6, 7, 8], [0, 1, 2, 3, 4, 5, 6, 7, 8], [0, 1, 2, 3, 4, 5, 6, 7, 8], [0, 1, 2, 3, 4, 5, 6, 7, 8], [0, 1, 2, 3, 4, 5, 6, 7, 8], [0, 1, 2, 3, 4, 5, 6, 7, 8], [0, 1, 2, 3, 4, 5, 6, 7, 8], [0, 1, 2, 3, 4, 5, 6, 7, 8], [0, 1, 2, 3, 4, 5, 6, 7, 8], [0, 1, 2, 3, 4, 5, 6, 7, 8], [0, 1, 2, 3, 4, 5, 6, 7, 8], [0, 1, 2, 3, 4, 5, 6, 7, 8], [0, 1, 2, 3, 4, 5, 6, 7, 8], [0, 1, 2, 3, 4, 5, 6, 7, 8], [0, 1, 2, 3, 4, 5, 6, 7, 8], [0, 1, 2, 3, 4, 5, 6, 7, 8], [0, 1, 2, 3, 4, 5, 6, 7, 8], [0, 1, 2, 3, 4, 5, 6, 7, 8], [0, 1, 2, 3, 4, 5, 6, 7, 8], [0, 1, 2, 3, 4, 5, 6, 7, 8]]",sidecar,True,morton,0
gqa,fullload,FullLoad,1.0,full,n494918,201185777,Do the shorts made out of cotton look orange and long?,Yes,"[""no""]",0.0,3869,2,morton,0,fullload,,395.50508256070316,,,653.6127950530499,658.4817999973893,50.86227599531412,709.3440759927034,1233125376,2368,64,,604.6794852009043,,,1.0,1.0,null,0.0,,1233125376,0,64,0,1233125376,19267584.0,19267584.0,0.0,,,,,null,,,,0
gqa,layout_prefix_chunk,Layout+Prefix,0.25,chunk,n494918,201185777,Do the shorts made out of cotton look orange and long?,The image shows a person playing with a frisbee. The person is,"[""no""]",0.0,450,16,morton,0,prefix,0.27322990354150534,137.23752414807677,58.610729640349746,233.7124519981444,49.71374594606459,283.4916689898819,269.761648029089,553.2533170189708,327155712,576,65,168.9592400798574,0.0,9.0,37,0.24324324324324326,0.2653061224489796,"[0.2653061224489796, 0.2653061224489796, 0.2653061224489796, 0.2653061224489796, 0.2653061224489796, 0.2653061224489796, 0.2653061224489796, 0.2653061224489796, 0.2653061224489796, 0.2653061224489796, 0.2653061224489796, 0.2653061224489796, 0.2653061224489796, 0.2653061224489796, 0.2653061224489796, 0.2653061224489796, 0.2653061224489796, 0.2653061224489796, 0.2653061224489796, 0.2653061224489796, 0.2653061224489796, 0.2653061224489796, 0.2653061224489796, 0.2653061224489796, 0.2653061224489796, 0.2653061224489796, 0.2653061224489796, 0.2653061224489796, 0.2653061224489796, 0.2653061224489796, 0.2653061224489796, 0.2653061224489796]",0.0,288,301989888,25165824,64,1,327155712,5033164.8,4718592.0,25165824.0,0,0,0,prefix,"[[0, 1, 2, 3, 4, 5, 6, 7, 8], [0, 1, 2, 3, 4, 5, 6, 7, 8], [0, 1, 2, 3, 4, 5, 6, 7, 8], [0, 1, 2, 3, 4, 5, 6, 7, 8], [0, 1, 2, 3, 4, 5, 6, 7, 8], [0, 1, 2, 3, 4, 5, 6, 7, 8], [0, 1, 2, 3, 4, 5, 6, 7, 8], [0, 1, 2, 3, 4, 5, 6, 7, 8], [0, 1, 2, 3, 4, 5, 6, 7, 8], [0, 1, 2, 3, 4, 5, 6, 7, 8], [0, 1, 2, 3, 4, 5, 6, 7, 8], [0, 1, 2, 3, 4, 5, 6, 7, 8], [0, 1, 2, 3, 4, 5, 6, 7, 8], [0, 1, 2, 3, 4, 5, 6, 7, 8], [0, 1, 2, 3, 4, 5, 6, 7, 8], [0, 1, 2, 3, 4, 5, 6, 7, 8], [0, 1, 2, 3, 4, 5, 6, 7, 8], [0, 1, 2, 3, 4, 5, 6, 7, 8], [0, 1, 2, 3, 4, 5, 6, 7, 8], [0, 1, 2, 3, 4, 5, 6, 7, 8], [0, 1, 2, 3, 4, 5, 6, 7, 8], [0, 1, 2, 3, 4, 5, 6, 7, 8], [0, 1, 2, 3, 4, 5, 6, 7, 8], [0, 1, 2, 3, 4, 5, 6, 7, 8], [0, 1, 2, 3, 4, 5, 6, 7, 8], [0, 1, 2, 3, 4, 5, 6, 7, 8], [0, 1, 2, 3, 4, 5, 6, 7, 8], [0, 1, 2, 3, 4, 5, 6, 7, 8], [0, 1, 2, 3, 4, 5, 6, 7, 8], [0, 1, 2, 3, 4, 5, 6, 7, 8], [0, 1, 2, 3, 4, 5, 6, 7, 8], [0, 1, 2, 3, 4, 5, 6, 7, 8]]",sidecar,True,morton,0
gqa,fullload,FullLoad,1.0,full,n494918,201185793,Do the shorts have short length?,Yes,"[""yes""]",1.0,3869,2,morton,0,fullload,,390.7719141570851,,,648.146698018536,652.9587240656838,19.233681028708816,672.1924050943926,1233125376,2368,64,,598.9100168226287,,,1.0,1.0,null,0.0,,1233125376,0,64,0,1233125376,19267584.0,19267584.0,0.0,,,,,null,,,,0
gqa,layout_prefix_chunk,Layout+Prefix,0.25,chunk,n494918,201185793,Do the shorts have short length?,"The word ""shorts"" is an uncountable noun that refers to","[""yes""]",0.0,450,16,morton,0,prefix,0.27238589245826006,155.50323808565736,58.938556583598256,252.9810449341312,43.330438900738955,296.378479921259,272.7553490549326,569.1338289761916,327155712,576,65,187.84922396298498,0.0,9.0,37,0.24324324324324326,0.2653061224489796,"[0.2653061224489796, 0.2653061224489796, 0.2653061224489796, 0.2653061224489796, 0.2653061224489796, 0.2653061224489796, 0.2653061224489796, 0.2653061224489796, 0.2653061224489796, 0.2653061224489796, 0.2653061224489796, 0.2653061224489796, 0.2653061224489796, 0.2653061224489796, 0.2653061224489796, 0.2653061224489796, 0.2653061224489796, 0.2653061224489796, 0.2653061224489796, 0.2653061224489796, 0.2653061224489796, 0.2653061224489796, 0.2653061224489796, 0.2653061224489796, 0.2653061224489796, 0.2653061224489796, 0.2653061224489796, 0.2653061224489796, 0.2653061224489796, 0.2653061224489796, 0.2653061224489796, 0.2653061224489796]",0.0,288,301989888,25165824,64,1,327155712,5033164.8,4718592.0,25165824.0,0,0,0,prefix,"[[0, 1, 2, 3, 4, 5, 6, 7, 8], [0, 1, 2, 3, 4, 5, 6, 7, 8], [0, 1, 2, 3, 4, 5, 6, 7, 8], [0, 1, 2, 3, 4, 5, 6, 7, 8], [0, 1, 2, 3, 4, 5, 6, 7, 8], [0, 1, 2, 3, 4, 5, 6, 7, 8], [0, 1, 2, 3, 4, 5, 6, 7, 8], [0, 1, 2, 3, 4, 5, 6, 7, 8], [0, 1, 2, 3, 4, 5, 6, 7, 8], [0, 1, 2, 3, 4, 5, 6, 7, 8], [0, 1, 2, 3, 4, 5, 6, 7, 8], [0, 1, 2, 3, 4, 5, 6, 7, 8], [0, 1, 2, 3, 4, 5, 6, 7, 8], [0, 1, 2, 3, 4, 5, 6, 7, 8], [0, 1, 2, 3, 4, 5, 6, 7, 8], [0, 1, 2, 3, 4, 5, 6, 7, 8], [0, 1, 2, 3, 4, 5, 6, 7, 8], [0, 1, 2, 3, 4, 5, 6, 7, 8], [0, 1, 2, 3, 4, 5, 6, 7, 8], [0, 1, 2, 3, 4, 5, 6, 7, 8], [0, 1, 2, 3, 4, 5, 6, 7, 8], [0, 1, 2, 3, 4, 5, 6, 7, 8], [0, 1, 2, 3, 4, 5, 6, 7, 8], [0, 1, 2, 3, 4, 5, 6, 7, 8], [0, 1, 2, 3, 4, 5, 6, 7, 8], [0, 1, 2, 3, 4, 5, 6, 7, 8], [0, 1, 2, 3, 4, 5, 6, 7, 8], [0, 1, 2, 3, 4, 5, 6, 7, 8], [0, 1, 2, 3, 4, 5, 6, 7, 8], [0, 1, 2, 3, 4, 5, 6, 7, 8], [0, 1, 2, 3, 4, 5, 6, 7, 8], [0, 1, 2, 3, 4, 5, 6, 7, 8]]",sidecar,True,morton,0
gqa,fullload,FullLoad,1.0,full,n494918,201185841,What is the color of the frisbee that flies above the ground?,Green,"[""green""]",1.0,7646,2,morton,0,fullload,,438.29821748659015,,,732.2193329455331,737.0550909545273,19.39900405704975,756.454095011577,1233125376,2368,64,,674.9076163396239,,,1.0,1.0,null,0.0,,1233125376,0,64,0,1233125376,19267584.0,19267584.0,0.0,,,,,null,,,,0
gqa,layout_prefix_chunk,Layout+Prefix,0.25,chunk,n494918,201185841,What is the color of the frisbee that flies above the ground?,The image shows a person playing with a frisbee. The person is,"[""green""]",0.0,450,16,morton,0,prefix,0.26737269945442677,151.10174054279923,54.71484793815762,241.1729129962623,56.60378304310143,297.8424730245024,282.55033399909735,580.3928070235997,327155712,576,65,180.46672467608005,0.0,9.0,37,0.24324324324324326,0.2653061224489796,"[0.2653061224489796, 0.2653061224489796, 0.2653061224489796, 0.2653061224489796, 0.2653061224489796, 0.2653061224489796, 0.2653061224489796, 0.2653061224489796, 0.2653061224489796, 0.2653061224489796, 0.2653061224489796, 0.2653061224489796, 0.2653061224489796, 0.2653061224489796, 0.2653061224489796, 0.2653061224489796, 0.2653061224489796, 0.2653061224489796, 0.2653061224489796, 0.2653061224489796, 0.2653061224489796, 0.2653061224489796, 0.2653061224489796, 0.2653061224489796, 0.2653061224489796, 0.2653061224489796, 0.2653061224489796, 0.2653061224489796, 0.2653061224489796, 0.2653061224489796, 0.2653061224489796, 0.2653061224489796]",0.0,288,301989888,25165824,64,1,327155712,5033164.8,4718592.0,25165824.0,0,0,0,prefix,"[[0, 1, 2, 3, 4, 5, 6, 7, 8], [0, 1, 2, 3, 4, 5, 6, 7, 8], [0, 1, 2, 3, 4, 5, 6, 7, 8], [0, 1, 2, 3, 4, 5, 6, 7, 8], [0, 1, 2, 3, 4, 5, 6, 7, 8], [0, 1, 2, 3, 4, 5, 6, 7, 8], [0, 1, 2, 3, 4, 5, 6, 7, 8], [0, 1, 2, 3, 4, 5, 6, 7, 8], [0, 1, 2, 3, 4, 5, 6, 7, 8], [0, 1, 2, 3, 4, 5, 6, 7, 8], [0, 1, 2, 3, 4, 5, 6, 7, 8], [0, 1, 2, 3, 4, 5, 6, 7, 8], [0, 1, 2, 3, 4, 5, 6, 7, 8], [0, 1, 2, 3, 4, 5, 6, 7, 8], [0, 1, 2, 3, 4, 5, 6, 7, 8], [0, 1, 2, 3, 4, 5, 6, 7, 8], [0, 1, 2, 3, 4, 5, 6, 7, 8], [0, 1, 2, 3, 4, 5, 6, 7, 8], [0, 1, 2, 3, 4, 5, 6, 7, 8], [0, 1, 2, 3, 4, 5, 6, 7, 8], [0, 1, 2, 3, 4, 5, 6, 7, 8], [0, 1, 2, 3, 4, 5, 6, 7, 8], [0, 1, 2, 3, 4, 5, 6, 7, 8], [0, 1, 2, 3, 4, 5, 6, 7, 8], [0, 1, 2, 3, 4, 5, 6, 7, 8], [0, 1, 2, 3, 4, 5, 6, 7, 8], [0, 1, 2, 3, 4, 5, 6, 7, 8], [0, 1, 2, 3, 4, 5, 6, 7, 8], [0, 1, 2, 3, 4, 5, 6, 7, 8], [0, 1, 2, 3, 4, 5, 6, 7, 8], [0, 1, 2, 3, 4, 5, 6, 7, 8], [0, 1, 2, 3, 4, 5, 6, 7, 8]]",sidecar,True,morton,0
gqa,fullload,FullLoad,1.0,full,n494918,201185738,Is the person that is not tall wearing gloves?,No,"[""no""]",1.0,1939,2,morton,0,fullload,,461.59008517861366,,,756.0039788950235,760.8188119484112,25.203882018104196,786.0226939665154,1233125376,2368,64,,695.2429077355191,,,1.0,1.0,null,0.0,,1233125376,0,64,0,1233125376,19267584.0,19267584.0,0.0,,,,,null,,,,0
gqa,layout_prefix_chunk,Layout+Prefix,0.25,chunk,n494918,201185738,Is the person that is not tall wearing gloves?,The person in the image is playing with a frisbee.,"[""no""]",0.0,450,15,morton,0,prefix,0.1680372515693307,126.4421878149733,43.762831832282245,197.8399130748585,36.015628022141755,233.89751405920833,256.4039509743452,490.30146503355354,327155712,576,65,148.42755626887083,0.0,9.0,37,0.24324324324324326,0.2653061224489796,"[0.2653061224489796, 0.2653061224489796, 0.2653061224489796, 0.2653061224489796, 0.2653061224489796, 0.2653061224489796, 0.2653061224489796, 0.2653061224489796, 0.2653061224489796, 0.2653061224489796, 0.2653061224489796, 0.2653061224489796, 0.2653061224489796, 0.2653061224489796, 0.2653061224489796, 0.2653061224489796, 0.2653061224489796, 0.2653061224489796, 0.2653061224489796, 0.2653061224489796, 0.2653061224489796, 0.2653061224489796, 0.2653061224489796, 0.2653061224489796, 0.2653061224489796, 0.2653061224489796, 0.2653061224489796, 0.2653061224489796, 0.2653061224489796, 0.2653061224489796, 0.2653061224489796, 0.2653061224489796]",0.0,288,301989888,25165824,64,1,327155712,5033164.8,4718592.0,25165824.0,0,0,0,prefix,"[[0, 1, 2, 3, 4, 5, 6, 7, 8], [0, 1, 2, 3, 4, 5, 6, 7, 8], [0, 1, 2, 3, 4, 5, 6, 7, 8], [0, 1, 2, 3, 4, 5, 6, 7, 8], [0, 1, 2, 3, 4, 5, 6, 7, 8], [0, 1, 2, 3, 4, 5, 6, 7, 8], [0, 1, 2, 3, 4, 5, 6, 7, 8], [0, 1, 2, 3, 4, 5, 6, 7, 8], [0, 1, 2, 3, 4, 5, 6, 7, 8], [0, 1, 2, 3, 4, 5, 6, 7, 8], [0, 1, 2, 3, 4, 5, 6, 7, 8], [0, 1, 2, 3, 4, 5, 6, 7, 8], [0, 1, 2, 3, 4, 5, 6, 7, 8], [0, 1, 2, 3, 4, 5, 6, 7, 8], [0, 1, 2, 3, 4, 5, 6, 7, 8], [0, 1, 2, 3, 4, 5, 6, 7, 8], [0, 1, 2, 3, 4, 5, 6, 7, 8], [0, 1, 2, 3, 4, 5, 6, 7, 8], [0, 1, 2, 3, 4, 5, 6, 7, 8], [0, 1, 2, 3, 4, 5, 6, 7, 8], [0, 1, 2, 3, 4, 5, 6, 7, 8], [0, 1, 2, 3, 4, 5, 6, 7, 8], [0, 1, 2, 3, 4, 5, 6, 7, 8], [0, 1, 2, 3, 4, 5, 6, 7, 8], [0, 1, 2, 3, 4, 5, 6, 7, 8], [0, 1, 2, 3, 4, 5, 6, 7, 8], [0, 1, 2, 3, 4, 5, 6, 7, 8], [0, 1, 2, 3, 4, 5, 6, 7, 8], [0, 1, 2, 3, 4, 5, 6, 7, 8], [0, 1, 2, 3, 4, 5, 6, 7, 8], [0, 1, 2, 3, 4, 5, 6, 7, 8], [0, 1, 2, 3, 4, 5, 6, 7, 8]]",sidecar,True,morton,0
