dataset,method_key,method,retention,retention_kind,image_id,question_id,question,prediction,ground_truth,correct,generated_tokens,selector_ms,ssd_read_ms,scatter_ms,prepare_ms,prefill_ms,ttft_ms,decode_ms,e2e_latency_ms,ssd_read_bytes,ssd_read_chunks,ssd_preads,chunk_io_ms,hook_ms,n_chunks_selected,n_chunks_total,touched_chunk_fraction,logical_kv_ratio,fallback_rate
gqa,fullload,FullLoad,1.0,full,n355567,201751701,Is the clock to the right of the lady near the tennis ball?,Yes,"[""yes""]",1.0,2,,523.1198638794012,,,811.1130840261467,820.3676270204596,19.536595966201276,839.9042229866609,1124073472,2176,64,,757.2232121019624,,,1.0,0.2462686567164179,0.0
gqa,recompute,ReComp,,none,n355567,201751701,Is the clock to the right of the lady near the tennis ball?,Yes,"[""yes""]",1.0,2,,0.0,,,817.551834974438,817.5521160010248,20.35903901560232,837.9111550166272,0,0,0,,,,,,,
gqa,sparsevlm,SparseVLM,0.25,token,n355567,201751701,Is the clock to the right of the lady near the tennis ball?,Yes,"[""yes""]",1.0,2,,484.5594290527515,,,930.0688149523921,936.4389989641495,38.35643199272454,974.795430956874,907280384,2724,134,,856.7187221487984,,,0.7518382352941176,0.2462686567164179,0.1875
gqa,static_diverse_chunk@25,Static+Diverse,0.25,chunk,n355567,201751701,Is the clock to the right of the lady near the tennis ball?,Yes,"[""yes""]",1.0,2,16.400120861362666,248.2996899052523,54.30273222737014,358.85641298955306,51.32438603322953,410.2444819873199,19.978802010882646,430.22328399820253,281018368,512,273,281.7993210628629,0.0,8.0,34,0.23529411764705882,0.23880597014925373,0.0
gqa,static_diverse_chunk@50,Static+Diverse,0.5,chunk,n355567,201751701,Is the clock to the right of the lady near the tennis ball?,Yes,"[""yes""]",1.0,2,22.62724784668535,407.1333088213578,90.06681892788038,595.3135180170648,36.94846702273935,632.3091560043395,20.010907959658653,652.3200639639981,578289664,1088,321,476.0246528312564,0.0,17.0,34,0.5,0.4925373134328358,0.0
gqa,fullload,FullLoad,1.0,full,n355567,201751740,Does the person to the left of the lady look happy and modern?,Yes,"[""yes""]",1.0,2,,446.9798151985742,,,697.3724809940904,703.8714219816029,19.916281977202743,723.7877039588057,1124073472,2176,64,,647.1583938109688,,,1.0,0.2462686567164179,0.0
gqa,recompute,ReComp,,none,n355567,201751740,Does the person to the left of the lady look happy and modern?,Yes,"[""yes""]",1.0,2,,0.0,,,497.777478012722,497.77773302048445,19.00679897516966,516.7845319956541,0,0,0,,,,,,,
gqa,sparsevlm,SparseVLM,0.25,token,n355567,201751740,Does the person to the left of the lady look happy and modern?,Yes,"[""yes""]",1.0,2,,455.2157750586048,,,820.1616570004262,826.5228780219331,51.65286298142746,878.1757410033606,866385920,2644,140,,747.163726889994,,,0.7150735294117647,0.2462686567164179,0.125
gqa,static_diverse_chunk@25,Static+Diverse,0.25,chunk,n355567,201751740,Does the person to the left of the lady look happy and modern?,Yes,"[""yes""]",1.0,2,16.40523213427514,246.37647008057684,53.50896704476327,355.9216009452939,49.83352596173063,405.82110395189375,19.298705039545894,425.11980899143964,281018368,512,273,279.7134818392806,0.0,8.0,34,0.23529411764705882,0.23880597014925373,0.0
gqa,static_diverse_chunk@50,Static+Diverse,0.5,chunk,n355567,201751740,Does the person to the left of the lady look happy and modern?,Yes,"[""yes""]",1.0,2,21.067297784611583,408.3857500809245,95.9876379929483,605.113446014002,50.79198401654139,655.9729470172897,19.494845997542143,675.4677930148318,578289664,1088,321,481.5552306245081,0.0,17.0,34,0.5,0.4925373134328358,0.0
gqa,fullload,FullLoad,1.0,full,n355567,201751873,How large is the wire net?,Large,"[""small""]",0.0,3,,482.67671890789643,,,774.4131140061654,780.7163650286384,38.320259016472846,819.0366240451112,1124073472,2176,64,,714.4791800528765,,,1.0,0.2462686567164179,0.0
gqa,recompute,ReComp,,none,n355567,201751873,How large is the wire net?,Large,"[""small""]",0.0,3,,0.0,,,456.18969498900697,456.1898900428787,37.328790000174195,493.5186800430529,0,0,0,,,,,,,
gqa,sparsevlm,SparseVLM,0.25,token,n355567,201751873,How large is the wire net?,Large,"[""small""]",0.0,3,,458.1230421899818,,,806.9732359726913,813.2517029880546,41.59652005182579,854.8482230398804,935591936,2780,138,,742.58034711238,,,0.7775735294117647,0.2462686567164179,0.25
gqa,static_diverse_chunk@25,Static+Diverse,0.25,chunk,n355567,201751873,How large is the wire net?,Large,"[""small""]",0.0,3,16.57187397358939,248.74544492922723,54.85649302136153,359.8096059868112,52.627689961809665,412.50762197887525,38.88986399397254,451.3974859728478,281018368,512,273,281.73845884157345,0.0,8.0,34,0.23529411764705882,0.23880597014925373,0.0
gqa,static_diverse_chunk@50,Static+Diverse,0.5,chunk,n355567,201751873,How large is the wire net?,Large,"[""small""]",0.0,3,21.11763192806393,416.54672997538,98.86691899737343,616.2136789644137,35.480619000736624,651.7440679599531,38.08732004836202,689.8313880083151,578289664,1088,321,489.7231200011447,0.0,17.0,34,0.5,0.4925373134328358,0.0
gqa,fullload,FullLoad,1.0,full,n355567,201751760,What is the color of the lady that is about to hit the tennis ball?,White,"[""blond""]",0.0,2,,478.71044772909954,,,766.7178909759969,773.5084739979357,19.71634302753955,793.2248170254752,1124073472,2176,64,,710.5221110396087,,,1.0,0.2462686567164179,0.0
gqa,recompute,ReComp,,none,n355567,201751760,What is the color of the lady that is about to hit the tennis ball?,White,"[""blond""]",0.0,2,,0.0,,,501.085251045879,501.08561100205407,18.74337298795581,519.8289839900099,0,0,0,,,,,,,
gqa,sparsevlm,SparseVLM,0.25,token,n355567,201751760,What is the color of the lady that is about to hit the tennis ball?,White,"[""blond""]",0.0,2,,428.0521562905051,,,753.7354730302468,760.1860230206512,20.50278097158298,780.6888039922342,865337344,2642,134,,692.4033050891012,,,0.7141544117647058,0.2462686567164179,0.125
gqa,static_diverse_chunk@25,Static+Diverse,0.25,chunk,n355567,201751760,What is the color of the lady that is about to hit the tennis ball?,White,"[""blond""]",0.0,2,14.42151196533814,245.51602103747427,50.106627808418125,346.94050601683557,52.027813042514026,399.0166640141979,19.5863819681108,418.6030459823087,281018368,512,273,276.66749886702746,0.0,8.0,34,0.23529411764705882,0.23880597014925373,0.0
gqa,static_diverse_chunk@50,Static+Diverse,0.5,chunk,n355567,201751760,What is the color of the lady that is about to hit the tennis ball?,White,"[""blond""]",0.0,2,21.753041073679924,405.2349108387716,91.6421918082051,594.921585987322,51.918254990596324,646.9065719866194,18.950453028082848,665.8570250147022,578289664,1088,321,474.7640799614601,0.0,17.0,34,0.5,0.4925373134328358,0.0
gqa,fullload,FullLoad,1.0,full,n355567,201751862,Is the tennis net rectangular and small?,No,"[""yes""]",0.0,2,,488.37633710354567,,,796.1368869873695,802.6189649826847,29.43578700069338,832.0547519833781,1124073472,2176,64,,728.8089209469035,,,1.0,0.2462686567164179,0.0
gqa,recompute,ReComp,,none,n355567,201751862,Is the tennis net rectangular and small?,No,"[""yes""]",0.0,2,,0.0,,,476.49694501888007,476.4971780241467,19.01722198817879,495.5144000123255,0,0,0,,,,,,,
gqa,sparsevlm,SparseVLM,0.25,token,n355567,201751862,Is the tennis net rectangular and small?,No,"[""yes""]",0.0,2,,447.18951801769435,,,771.0229459917173,777.4598390096799,41.70377901755273,819.1636180272326,943980544,2796,140,,712.9168559331447,,,0.7849264705882353,0.2462686567164179,0.25
gqa,static_diverse_chunk@25,Static+Diverse,0.25,chunk,n355567,201751862,Is the tennis net rectangular and small?,No,"[""yes""]",0.0,2,13.751072925515473,243.6636789352633,48.860926064662635,342.84732304513454,39.65032799169421,382.5462970416993,20.43443697039038,402.98073401208967,281018368,512,273,274.4346021790989,0.0,8.0,34,0.23529411764705882,0.23880597014925373,0.0
gqa,static_diverse_chunk@50,Static+Diverse,0.5,chunk,n355567,201751862,Is the tennis net rectangular and small?,No,"[""yes""]",0.0,2,17.351360176689923,393.7839614809491,88.31834193551913,573.8370110047981,35.64638301031664,609.5309070078656,19.149289990309626,628.6801969981752,578289664,1088,321,461.86253015184775,0.0,17.0,34,0.5,0.4925373134328358,0.0
gqa,fullload,FullLoad,1.0,full,n355567,201751594,What is the lady that is not antique playing with?,Racket,"[""tennis ball""]",0.0,4,,445.5387297202833,,,700.3031329950318,706.7138170241378,62.49434599885717,769.208163022995,1124073472,2176,64,,647.8011072031222,,,1.0,0.2462686567164179,0.0
gqa,recompute,ReComp,,none,n355567,201751594,What is the lady that is not antique playing with?,Racket,"[""tennis ball""]",0.0,4,,0.0,,,499.1133589646779,499.1136299795471,55.111358989961445,554.2249889695086,0,0,0,,,,,,,
gqa,sparsevlm,SparseVLM,0.25,token,n355567,201751594,What is the lady that is not antique playing with?,Racket,"[""tennis ball""]",0.0,4,,474.9002121388912,,,859.7068609669805,866.1167139653116,77.42688001599163,943.5435939813033,854851584,2622,152,,782.3415580787696,,,0.7049632352941176,0.2462686567164179,0.125
gqa,static_diverse_chunk@25,Static+Diverse,0.25,chunk,n355567,201751594,What is the lady that is not antique playing with?,Racket,"[""tennis ball""]",0.0,4,17.2137888148427,280.0063127069734,55.39317714283243,392.7288420381956,41.48828698089346,434.2796020209789,57.53731000004336,491.8169120210223,281018368,512,273,314.08153293887153,0.0,8.0,34,0.23529411764705882,0.23880597014925373,0.0
gqa,static_diverse_chunk@50,Static+Diverse,0.5,chunk,n355567,201751594,What is the lady that is not antique playing with?,Racket,"[""tennis ball""]",0.0,4,22.84042921382934,435.2388571132906,92.07317919936031,626.9786179764196,42.28711104951799,669.333974015899,56.201412982773036,725.535386998672,578289664,1088,321,505.3498050547205,0.0,17.0,34,0.5,0.4925373134328358,0.0
gqa,fullload,FullLoad,1.0,full,n9181,20929611,Is the brown cowboy hat below the small sign?,Yes,"[""yes""]",1.0,2,,498.81040764739737,,,774.2324999999255,780.8823839877732,43.76998299267143,824.6523669804446,1233125376,2368,64,,720.1762229087763,,,1.0,0.24489795918367346,0.0
gqa,recompute,ReComp,,none,n9181,20929611,Is the brown cowboy hat below the small sign?,Yes,"[""yes""]",1.0,2,,0.0,,,511.06928201625124,511.0694940085523,23.467091959901154,534.5365859684534,0,0,0,,,,,,,
gqa,sparsevlm,SparseVLM,0.25,token,n9181,20929611,Is the brown cowboy hat below the small sign?,Yes,"[""yes""]",1.0,2,,534.0051798848435,,,917.9959169705398,924.7443809872493,20.78397700097412,945.5283579882234,1116340224,3210,128,,853.2390430336818,,,0.8555743243243243,0.24489795918367346,0.4375
gqa,static_diverse_chunk@25,Static+Diverse,0.25,chunk,n9181,20929611,Is the brown cowboy hat below the small sign?,Yes,"[""yes""]",1.0,2,15.768343931995332,254.86021605320275,51.76836991449818,361.0122069949284,53.20206901524216,414.2786689917557,19.92012996925041,434.1987989610061,323485696,576,269,287.17173787299544,0.0,9.0,37,0.24324324324324326,0.24702380952380953,0.0
gqa,static_diverse_chunk@50,Static+Diverse,0.5,chunk,n9181,20929611,Is the brown cowboy hat below the small sign?,Yes,"[""yes""]",1.0,2,22.805404965765774,445.0277864234522,96.62905836012214,650.2431579865515,51.05063098017126,701.3611029833555,18.98285304196179,720.3439560253173,624164864,1152,371,523.827928933315,0.0,18.0,37,0.4864864864864865,0.4897959183673469,0.0
gqa,fullload,FullLoad,1.0,full,n9181,20929389,Is the motorcycle near the jacket black and metallic?,No,"[""no""]",1.0,2,,487.23848193185404,,,759.8695330088958,766.9410330126993,49.075021990574896,816.0160550032742,1233125376,2368,64,,704.8065440030769,,,1.0,0.24489795918367346,0.0
gqa,recompute,ReComp,,none,n9181,20929389,Is the motorcycle near the jacket black and metallic?,No,"[""no""]",1.0,2,,0.0,,,576.6782310092822,576.6785540035926,19.237679021898657,595.9162330254912,0,0,0,,,,,,,
gqa,sparsevlm,SparseVLM,0.25,token,n9181,20929389,Is the motorcycle near the jacket black and metallic?,No,"[""no""]",1.0,2,,488.1448966334574,,,795.2769889961928,802.4614480091259,23.7925429828465,826.2539909919724,1064435712,3108,160,,747.9407091159374,,,0.8125,0.24489795918367346,0.25
gqa,static_diverse_chunk@25,Static+Diverse,0.25,chunk,n9181,20929389,Is the motorcycle near the jacket black and metallic?,No,"[""no""]",1.0,2,13.437775080092251,269.9371539056301,51.57122673699632,372.9543060180731,43.16256497986615,416.17900400888175,19.319434999488294,435.49843900837004,323485696,576,269,301.9373620627448,0.0,9.0,37,0.24324324324324326,0.24702380952380953,0.0
gqa,static_diverse_chunk@50,Static+Diverse,0.5,chunk,n9181,20929389,Is the motorcycle near the jacket black and metallic?,No,"[""no""]",1.0,2,23.152342007961124,450.9932021610439,99.34821672504768,661.3682819879614,43.385800963733345,704.8221599543467,18.904083990491927,723.7262439448386,624164864,1152,371,531.7627032054588,0.0,18.0,37,0.4864864864864865,0.4897959183673469,0.0
gqa,fullload,FullLoad,1.0,full,n9181,20929384,Is the motorcycle on the right part?,No,"[""no""]",1.0,2,,491.36966303922236,,,770.5126439686865,777.1720979944803,19.817300024442375,796.9893980189227,1233125376,2368,64,,727.6981658651493,,,1.0,0.24489795918367346,0.0
gqa,recompute,ReComp,,none,n9181,20929384,Is the motorcycle on the right part?,No,"[""no""]",1.0,2,,0.0,,,537.5703009776771,537.5704040052369,18.794352014083415,556.3647560193203,0,0,0,,,,,,,
gqa,sparsevlm,SparseVLM,0.25,token,n9181,20929384,Is the motorcycle on the right part?,No,"[""no""]",1.0,2,,487.8060130868107,,,858.7907690089196,865.5624680104665,22.67833595396951,888.240803964436,1058406400,3096,144,,805.5776318651624,,,0.8074324324324325,0.24489795918367346,0.21875
gqa,static_diverse_chunk@25,Static+Diverse,0.25,chunk,n9181,20929384,Is the motorcycle on the right part?,No,"[""no""]",1.0,2,17.70581805612892,264.70955222612247,60.134041123092175,386.96478703059256,57.34489200403914,444.37482999637723,18.97365099284798,463.3484809892252,323485696,576,269,302.6318300398998,0.0,9.0,37,0.24324324324324326,0.24702380952380953,0.0
gqa,static_diverse_chunk@50,Static+Diverse,0.5,chunk,n9181,20929384,Is the motorcycle on the right part?,No,"[""no""]",1.0,2,23.92574492841959,459.38946516253054,105.16590328188613,679.8404750297777,51.04269599542022,730.9516470413655,19.913511001504958,750.8651580428705,624164864,1152,371,543.720620800741,0.0,18.0,37,0.4864864864864865,0.4897959183673469,0.0
gqa,fullload,FullLoad,1.0,full,n9181,20929555,What's the wheelchair in front of?,Building,"[""vest""]",0.0,2,,490.0399608304724,,,761.553704040125,768.3070990024135,20.96127695403993,789.2683759564534,1233125376,2368,64,,713.1753382273018,,,1.0,0.24489795918367346,0.0
gqa,recompute,ReComp,,none,n9181,20929555,What's the wheelchair in front of?,Building,"[""vest""]",0.0,2,,0.0,,,512.2765190317295,512.2766340500675,19.552182988263667,531.8288170383312,0,0,0,,,,,,,
gqa,sparsevlm,SparseVLM,0.25,token,n9181,20929555,What's the wheelchair in front of?,Building,"[""vest""]",0.0,2,,473.34116097772494,,,816.4070309721865,823.110225959681,24.955353001132607,848.0655789608136,1004666880,2992,142,,762.1619570418261,,,0.7635135135135135,0.24489795918367346,0.125
gqa,static_diverse_chunk@25,Static+Diverse,0.25,chunk,n9181,20929555,What's the wheelchair in front of?,Building,"[""vest""]",0.0,2,16.273486835416406,258.2894231309183,57.473064051009715,375.00161095522344,41.45932296523824,416.52555495966226,18.812057038303465,435.3376119979657,323485696,576,269,295.09384895209223,0.0,9.0,37,0.24324324324324326,0.24702380952380953,0.0
gqa,static_diverse_chunk@50,Static+Diverse,0.5,chunk,n9181,20929555,What's the wheelchair in front of?,Building,"[""vest""]",0.0,2,22.1781000145711,444.34724072925746,105.23789800936356,658.928974007722,41.41556000104174,700.4103540093638,19.41983902361244,719.8301930329762,624164864,1152,371,524.7094728983939,0.0,18.0,37,0.4864864864864865,0.4897959183673469,0.0
gqa,fullload,FullLoad,1.0,full,n9181,20929553,What is in front of the vest?,Motorcycle,"[""wheelchair""]",0.0,3,,512.053124315571,,,819.9694149661809,826.5858590020798,40.73408799013123,867.319946992211,1233125376,2368,64,,764.8246691678651,,,1.0,0.24489795918367346,0.0
gqa,recompute,ReComp,,none,n9181,20929553,What is in front of the vest?,Motorcycle,"[""wheelchair""]",0.0,3,,0.0,,,546.9215550110675,546.9217570498586,37.76641294825822,584.6881699981168,0,0,0,,,,,,,
gqa,sparsevlm,SparseVLM,0.25,token,n9181,20929553,What is in front of the vest?,Motorcycle,"[""wheelchair""]",0.0,3,,513.5752336354926,,,879.0436339913867,886.2090680049732,47.56469401763752,933.7737620226108,1061289984,3102,138,,820.8215881022625,,,0.8099662162162162,0.24489795918367346,0.25
gqa,static_diverse_chunk@25,Static+Diverse,0.25,chunk,n9181,20929553,What is in front of the vest?,Motorcycle,"[""wheelchair""]",0.0,3,15.468523895833641,266.7013551108539,55.4813189082779,378.96151101449504,61.57013797201216,440.5970349907875,38.029769028071314,478.6268040188588,323485696,576,269,301.6642140573822,0.0,9.0,37,0.24324324324324326,0.24702380952380953,0.0
gqa,static_diverse_chunk@50,Static+Diverse,0.5,chunk,n9181,20929553,What is in front of the vest?,Motorcycle,"[""wheelchair""]",0.0,3,19.537455053068697,438.22074483614415,99.75656500319019,633.3045799983665,37.31694701127708,670.6742600072175,39.1443709959276,709.8186310031451,624164864,1152,371,507.20881012966856,0.0,18.0,37,0.4864864864864865,0.4897959183673469,0.0
gqa,fullload,FullLoad,1.0,full,n9181,20929280,Is the motorbike made of the same material as the sign?,No,"[""yes""]",0.0,2,,510.4334488278255,,,822.7536280173808,829.7500759945251,45.56185798719525,875.3119339817204,1233125376,2368,64,,766.6163770481944,,,1.0,0.24489795918367346,0.0
gqa,recompute,ReComp,,none,n9181,20929280,Is the motorbike made of the same material as the sign?,No,"[""yes""]",0.0,2,,0.0,,,544.4318450172432,544.4321139948443,18.794296018313617,563.2264100131579,0,0,0,,,,,,,
gqa,sparsevlm,SparseVLM,0.25,token,n9181,20929280,Is the motorbike made of the same material as the sign?,No,"[""yes""]",0.0,2,,479.8363521695137,,,807.1080649970099,813.8502240180969,25.977962999604642,839.8281870177016,1033764864,3048,152,,753.7598370108753,,,0.7871621621621622,0.24489795918367346,0.15625
gqa,static_diverse_chunk@25,Static+Diverse,0.25,chunk,n9181,20929280,Is the motorbike made of the same material as the sign?,No,"[""yes""]",0.0,2,13.144347933121026,268.1142042274587,50.75620411662385,370.35298795672134,43.51435700664297,413.9303209958598,19.08561500022188,433.0159359960817,323485696,576,269,300.2606529626064,0.0,9.0,37,0.24324324324324326,0.24702380952380953,0.0
gqa,static_diverse_chunk@50,Static+Diverse,0.5,chunk,n9181,20929280,Is the motorbike made of the same material as the sign?,No,"[""yes""]",0.0,2,21.853292710147798,465.76610882766545,102.19114879146218,673.0743679800071,48.22767700534314,721.3663759757765,19.20664799399674,740.5730239697732,624164864,1152,371,542.0588000561111,0.0,18.0,37,0.4864864864864865,0.4897959183673469,0.0
gqa,fullload,FullLoad,1.0,full,n390187,201861403,What's the person riding?,Motorcycle,"[""motorcycle""]",1.0,3,,469.4865959463641,,,750.832291028928,757.2932920302264,38.32609695382416,795.6193889840506,1182793728,2304,64,,705.6046059005894,,,1.0,0.24468085106382978,0.0
gqa,recompute,ReComp,,none,n390187,201861403,What's the person riding?,Motorcycle,"[""motorcycle""]",1.0,3,,0.0,,,514.5767019712366,514.5769200171344,38.170555024407804,552.7474750415422,0,0,0,,,,,,,
gqa,sparsevlm,SparseVLM,0.25,token,n390187,201861403,What's the person riding?,Motorcycle,"[""motorcycle""]",1.0,3,,474.0229928283952,,,858.8144129607826,865.4127449844964,40.80905200680718,906.2217969913036,879099904,2726,150,,786.5996099426411,,,0.6831597222222222,0.24468085106382978,0.0625
gqa,static_diverse_chunk@25,Static+Diverse,0.25,chunk,n390187,201861403,What's the person riding?,Motorcycle,"[""motorcycle""]",1.0,3,12.588749115820974,237.58539505070075,50.288581871427596,335.104223981034,54.57436601864174,389.7402120055631,38.61922101350501,428.3594330190681,315359232,576,247,266.4099090616219,0.0,9.0,36,0.25,0.2579787234042553,0.0
gqa,static_diverse_chunk@50,Static+Diverse,0.5,chunk,n390187,201861403,What's the person riding?,Motorcycle,"[""motorcycle""]",1.0,3,23.436935152858496,422.7952530491166,99.49026122922078,629.0556160383858,42.95262502273545,672.0795350265689,38.3541599730961,710.433694999665,607911936,1152,331,499.2287758504972,0.0,18.0,36,0.5,0.4920212765957447,0.0
gqa,fullload,FullLoad,1.0,full,n390187,201861402,The person is riding what?,Motorcycle,"[""motorcycle""]",1.0,3,,428.0361408018507,,,676.8067600205541,683.2826299942099,39.20891496818513,722.491544962395,1182793728,2304,64,,635.3145207394846,,,1.0,0.24468085106382978,0.0
gqa,recompute,ReComp,,none,n390187,201861402,The person is riding what?,Motorcycle,"[""motorcycle""]",1.0,3,,0.0,,,489.16433297563344,489.1645360039547,37.67055703792721,526.8350930418819,0,0,0,,,,,,,
gqa,sparsevlm,SparseVLM,0.25,token,n390187,201861402,The person is riding what?,Motorcycle,"[""motorcycle""]",1.0,3,,479.42204086575657,,,877.6311049587093,884.003137005493,54.69866102794185,938.7017980334349,883294208,2734,152,,802.870927087497,,,0.6866319444444444,0.24468085106382978,0.0625
gqa,static_diverse_chunk@25,Static+Diverse,0.25,chunk,n390187,201861402,The person is riding what?,Motorcycle,"[""motorcycle""]",1.0,3,16.80220093112439,254.82654519146308,64.98483405448496,379.5653149718419,64.91345498943701,444.5431109634228,55.11268402915448,499.6557949925773,315359232,576,247,291.7312041390687,0.0,9.0,36,0.25,0.2579787234042553,0.0
gqa,static_diverse_chunk@50,Static+Diverse,0.5,chunk,n390187,201861402,The person is riding what?,Motorcycle,"[""motorcycle""]",1.0,3,22.381568211130798,417.48765110969543,98.93336496315897,620.6283880164847,37.90012595709413,658.5950779845007,37.75094699813053,696.3460249826312,607911936,1152,331,492.56007379153743,0.0,18.0,36,0.5,0.4920212765957447,0.0
gqa,fullload,FullLoad,1.0,full,n390187,201861409,Is the person wearing a glove?,No,"[""yes""]",0.0,2,,470.1967328437604,,,754.3755539809354,760.9133149962872,21.3685340131633,782.2818490094505,1182793728,2304,64,,707.9821539227851,,,1.0,0.24468085106382978,0.0
gqa,recompute,ReComp,,none,n390187,201861409,Is the person wearing a glove?,No,"[""yes""]",0.0,2,,0.0,,,513.6911959853023,513.6914270115085,18.988646974321455,532.68007398583,0,0,0,,,,,,,
gqa,sparsevlm,SparseVLM,0.25,token,n390187,201861409,Is the person wearing a glove?,No,"[""yes""]",0.0,2,,462.8109261393547,,,841.353660041932,847.8138290229253,26.27157495589927,874.0854039788246,866779136,2704,148,,768.6897228122689,,,0.6736111111111112,0.24468085106382978,0.09375
gqa,static_diverse_chunk@25,Static+Diverse,0.25,chunk,n390187,201861409,Is the person wearing a glove?,No,"[""yes""]",0.0,2,16.87694521388039,246.97609362192452,60.067754064220935,369.0529330051504,45.48732895636931,414.6032959688455,19.27172002615407,433.87501599499956,315359232,576,247,285.97173508023843,0.0,9.0,36,0.25,0.2579787234042553,0.0
gqa,static_diverse_chunk@50,Static+Diverse,0.5,chunk,n390187,201861409,Is the person wearing a glove?,No,"[""yes""]",0.0,2,22.012473840732127,408.2458258490078,99.21034012222663,616.6094599757344,42.420370038598776,659.0962359914556,19.579129002522677,678.6753649939783,607911936,1152,331,488.6514019453898,0.0,18.0,36,0.5,0.4920212765957447,0.0
gqa,fullload,FullLoad,1.0,full,n390187,201861267,Does the mirror to the left of the person look brown and small?,No,"[""no""]",1.0,2,,444.7810110868886,,,693.9052630332299,700.4686320433393,20.76820796355605,721.2368400068954,1182793728,2304,64,,651.1206947616301,,,1.0,0.24468085106382978,0.0
gqa,recompute,ReComp,,none,n390187,201861267,Does the mirror to the left of the person look brown and small?,No,"[""no""]",1.0,2,,0.0,,,519.8797839693725,519.880159990862,19.16119799716398,539.041357988026,0,0,0,,,,,,,
gqa,sparsevlm,SparseVLM,0.25,token,n390187,201861267,Does the mirror to the left of the person look brown and small?,No,"[""no""]",1.0,2,,451.5714449225925,,,791.2380439811386,797.791464952752,20.215953001752496,818.0074179545045,914227200,2796,142,,732.3302770964801,,,0.7135416666666666,0.24468085106382978,0.125
gqa,static_diverse_chunk@25,Static+Diverse,0.25,chunk,n390187,201861267,Does the mirror to the left of the person look brown and small?,No,"[""no""]",1.0,2,11.297199118416756,231.9290317245759,49.69319794327021,327.1347690024413,37.517640041187406,364.69808500260115,19.36853298684582,384.06661798944697,315359232,576,247,260.49299392616376,0.0,9.0,36,0.25,0.2579787234042553,0.0
gqa,static_diverse_chunk@50,Static+Diverse,0.5,chunk,n390187,201861267,Does the mirror to the left of the person look brown and small?,No,"[""no""]",1.0,2,13.857103942427784,381.49169518146664,87.57277025142685,549.3079340085387,37.33090398600325,586.6825539851561,19.741178024560213,606.4237320097163,607911936,1152,331,441.64728216128424,0.0,18.0,36,0.5,0.4920212765957447,0.0
gqa,fullload,FullLoad,1.0,full,n390187,201861586,What is the color of the dirty sneakers?,Gray,"[""gray""]",1.0,2,,500.7779191364534,,,814.7055640001781,821.3219839963131,19.608167000114918,840.930150996428,1182793728,2304,64,,759.7315720049664,,,1.0,0.24468085106382978,0.0
gqa,recompute,ReComp,,none,n390187,201861586,What is the color of the dirty sneakers?,Gray,"[""gray""]",1.0,2,,0.0,,,487.1338469674811,487.13406099705026,18.806578998919576,505.94063999596983,0,0,0,,,,,,,
gqa,sparsevlm,SparseVLM,0.25,token,n390187,201861586,What is the color of the dirty sneakers?,Gray,"[""gray""]",1.0,2,,472.23815246252343,,,847.2490340354852,853.8237910252064,51.4133779797703,905.2371690049767,894042112,2756,156,,777.2817180957645,,,0.6961805555555556,0.24468085106382978,0.09375
gqa,static_diverse_chunk@25,Static+Diverse,0.25,chunk,n390187,201861586,What is the color of the dirty sneakers?,Gray,"[""gray""]",1.0,2,16.34153025224805,245.03462109714746,58.54362400714308,363.8020330108702,40.55024200351909,404.4155770097859,19.194223976228386,423.6098009860143,315359232,576,247,282.59057307150215,0.0,9.0,36,0.25,0.2579787234042553,0.0
gqa,static_diverse_chunk@50,Static+Diverse,0.5,chunk,n390187,201861586,What is the color of the dirty sneakers?,Gray,"[""gray""]",1.0,2,13.937656069174409,381.3215200207196,88.15687603782862,550.1880379742943,61.59141502575949,611.8429980124347,19.523407972883433,631.3664059853181,607911936,1152,331,441.89539999933913,0.0,18.0,36,0.5,0.4920212765957447,0.0
gqa,fullload,FullLoad,1.0,full,n390187,201861325,Is the small mirror on the motorcycle?,Yes,"[""yes""]",1.0,2,,467.70036494126543,,,746.4330149814487,753.2853040029295,19.83849803218618,773.1238020351157,1182793728,2304,64,,693.730290804524,,,1.0,0.24468085106382978,0.0
gqa,recompute,ReComp,,none,n390187,201861325,Is the small mirror on the motorcycle?,Yes,"[""yes""]",1.0,2,,0.0,,,508.7236520485021,508.72393703320995,19.53108998714015,528.2550270203501,0,0,0,,,,,,,
gqa,sparsevlm,SparseVLM,0.25,token,n390187,201861325,Is the small mirror on the motorcycle?,Yes,"[""yes""]",1.0,2,,477.3788058082573,,,854.7491820063442,861.2534590065479,41.5954549680464,902.8489139745943,917372928,2802,144,,785.164208849892,,,0.7161458333333334,0.24468085106382978,0.125
gqa,static_diverse_chunk@25,Static+Diverse,0.25,chunk,n390187,201861325,Is the small mirror on the motorcycle?,Yes,"[""yes""]",1.0,2,12.212797708343714,235.51929998211563,48.11092943418771,331.13113400759175,40.785930992569774,371.9645260134712,19.62958899093792,391.5941150044091,315359232,576,247,265.07169695105404,0.0,9.0,36,0.25,0.2579787234042553,0.0
gqa,static_diverse_chunk@50,Static+Diverse,0.5,chunk,n390187,201861325,Is the small mirror on the motorcycle?,Yes,"[""yes""]",1.0,2,23.530916136223823,414.5060509326868,103.08636369882151,627.3298320011236,53.60544205177575,681.001395045314,19.787155964877456,700.7885510101914,607911936,1152,331,493.9830229850486,0.0,18.0,36,0.5,0.4920212765957447,0.0
gqa,fullload,FullLoad,1.0,full,n133585,202108008,What is the color of the hat?,Blue,"[""blue""]",1.0,2,,454.19003430288285,,,752.6167859905399,758.9269909658469,19.534100021701306,778.4610909875482,1124073472,2176,64,,696.350212849211,,,1.0,0.2462686567164179,0.0
gqa,recompute,ReComp,,none,n133585,202108008,What is the color of the hat?,Blue,"[""blue""]",1.0,2,,0.0,,,484.4029350206256,484.4031489919871,19.188625970855355,503.59177496284246,0,0,0,,,,,,,
gqa,sparsevlm,SparseVLM,0.25,token,n133585,202108008,What is the color of the hat?,Blue,"[""blue""]",1.0,2,,449.87368083093315,,,825.8580500259995,832.2349240188487,24.27679701941088,856.5117210382596,861667328,2634,152,,754.5381218660623,,,0.7104779411764706,0.2462686567164179,0.09375
gqa,static_diverse_chunk@25,Static+Diverse,0.25,chunk,n133585,202108008,What is the color of the hat?,Blue,"[""blue""]",1.0,2,13.995473040267825,208.73673871392384,48.96631190786138,306.0790740419179,36.360668018460274,342.48544700676575,19.23209201777354,361.7175390245393,282066944,512,263,237.30124614667147,0.0,8.0,34,0.23529411764705882,0.2392723880597015,0.0
gqa,static_diverse_chunk@50,Static+Diverse,0.5,chunk,n133585,202108008,What is the color of the hat?,Blue,"[""blue""]",1.0,2,20.307438331656158,374.0064218873158,95.58551292866468,567.7689029835165,41.47977603133768,609.3144119950011,19.24670598236844,628.5611179773696,577765376,1088,371,445.3435560571961,0.0,17.0,34,0.5,0.5074626865671642,0.0
gqa,fullload,FullLoad,1.0,full,n133585,202107840,Are there any boys to the right of the fat person?,Yes,"[""yes""]",1.0,2,,457.2786791832186,,,738.2140710251406,744.4647770025767,29.098905972205102,773.5636829747818,1124073472,2176,64,,685.3672651341185,,,1.0,0.2462686567164179,0.0
gqa,recompute,ReComp,,none,n133585,202107840,Are there any boys to the right of the fat person?,Yes,"[""yes""]",1.0,2,,0.0,,,495.31577195739374,495.3159329597838,19.216631015297025,514.5325639750808,0,0,0,,,,,,,
gqa,sparsevlm,SparseVLM,0.25,token,n133585,202107840,Are there any boys to the right of the fat person?,Yes,"[""yes""]",1.0,2,,421.32609349209815,,,785.5110969976522,791.9200590113178,46.45081900525838,838.3708780165762,845414400,2604,132,,714.0394008602016,,,0.6966911764705882,0.2462686567164179,0.125
gqa,static_diverse_chunk@25,Static+Diverse,0.25,chunk,n133585,202107840,Are there any boys to the right of the fat person?,Yes,"[""yes""]",1.0,2,14.19283403083682,207.70518714562058,49.53805706463754,305.93281402252614,36.9154280051589,342.89860201533884,20.077175984624773,362.9757779999636,282066944,512,263,236.52534501161426,0.0,8.0,34,0.23529411764705882,0.2392723880597015,0.0
gqa,static_diverse_chunk@50,Static+Diverse,0.5,chunk,n133585,202107840,Are there any boys to the right of the fat person?,Yes,"[""yes""]",1.0,2,16.762683750130236,349.4641631259583,87.00052282074466,520.4098760150373,47.354399983305484,567.8304969915189,19.0513200359419,586.8818170274608,577765376,1088,371,410.2956492570229,0.0,17.0,34,0.5,0.5074626865671642,0.0
gqa,fullload,FullLoad,1.0,full,n133585,202107827,Who wears a shirt?,Boy,"[""boy""]",1.0,2,,472.91218797909096,,,770.6908849650063,777.095109981019,19.668954017106444,796.7640639981255,1124073472,2176,64,,714.7996728890575,,,1.0,0.2462686567164179,0.0
gqa,recompute,ReComp,,none,n133585,202107827,Who wears a shirt?,Boy,"[""boy""]",1.0,2,,0.0,,,458.59538100194186,458.59559101518244,19.38332599820569,477.9789170133881,0,0,0,,,,,,,
gqa,sparsevlm,SparseVLM,0.25,token,n133585,202107827,Who wears a shirt?,Boy,"[""boy""]",1.0,2,,418.7291910056956,,,773.0666839634068,779.5369789819233,24.612139037344605,804.1491180192679,864813056,2640,146,,705.2769140573218,,,0.7132352941176471,0.2462686567164179,0.09375
gqa,static_diverse_chunk@25,Static+Diverse,0.25,chunk,n133585,202107827,Who wears a shirt?,Boy,"[""boy""]",1.0,2,11.849993898067623,201.31903106812388,44.23349694116041,288.6354489601217,37.32227999716997,326.0078299790621,19.10881302319467,345.11664300225675,282066944,512,263,226.9560630666092,0.0,8.0,34,0.23529411764705882,0.2392723880597015,0.0
gqa,static_diverse_chunk@50,Static+Diverse,0.5,chunk,n133585,202107827,Who wears a shirt?,Boy,"[""boy""]",1.0,2,22.854104929137975,372.7693659020588,102.07778721814975,580.7279589935206,55.32880697865039,636.1243039718829,19.94542498141527,656.0697289532982,577765376,1088,371,449.1327228024602,0.0,17.0,34,0.5,0.5074626865671642,0.0
gqa,fullload,FullLoad,1.0,full,n133585,202107931,Is the person to the left of the boy wearing jeans?,No,"[""no""]",1.0,2,,389.00280074449256,,,611.3398150191642,617.6160320173949,19.717211020179093,637.333243037574,1124073472,2176,64,,571.9699601759203,,,1.0,0.2462686567164179,0.0
gqa,recompute,ReComp,,none,n133585,202107931,Is the person to the left of the boy wearing jeans?,No,"[""no""]",1.0,2,,0.0,,,493.75115102156997,493.7513539916836,19.06646997667849,512.8178239683621,0,0,0,,,,,,,
gqa,sparsevlm,SparseVLM,0.25,token,n133585,202107931,Is the person to the left of the boy wearing jeans?,No,"[""no""]",1.0,2,,410.05523008061573,,,765.5063790152781,771.8920870102011,41.84832301689312,813.7404100270942,826015744,2566,142,,694.9507799581625,,,0.6792279411764706,0.2462686567164179,0.09375
gqa,static_diverse_chunk@25,Static+Diverse,0.25,chunk,n133585,202107931,Is the person to the left of the boy wearing jeans?,No,"[""no""]",1.0,2,14.092127210460603,207.10389519808814,48.87559707276523,303.68312902282923,37.19552303664386,340.9260440384969,19.64145799865946,360.5675020371564,282066944,512,263,234.99126610113308,0.0,8.0,34,0.23529411764705882,0.2392723880597015,0.0
gqa,static_diverse_chunk@50,Static+Diverse,0.5,chunk,n133585,202107931,Is the person to the left of the boy wearing jeans?,No,"[""no""]",1.0,2,17.396647133864462,353.88375708134845,87.91476499754936,530.7762490119785,42.25533799035475,573.1001870008186,19.344288972206414,592.444475973025,577765376,1088,371,419.21284527052194,0.0,17.0,34,0.5,0.5074626865671642,0.0
gqa,fullload,FullLoad,1.0,full,n133585,202107938,Is the fat person to the right or to the left of the boy that is wearing pants?,Right,"[""left""]",0.0,2,,415.31398199731484,,,658.9733360451646,665.4395370278507,19.647056004032493,685.0865930318832,1124073472,2176,64,,612.345144210849,,,1.0,0.2462686567164179,0.0
gqa,recompute,ReComp,,none,n133585,202107938,Is the fat person to the right or to the left of the boy that is wearing pants?,Right,"[""left""]",0.0,2,,0.0,,,495.70185999618843,495.7021570298821,19.509645004291087,515.2118020341732,0,0,0,,,,,,,
gqa,sparsevlm,SparseVLM,0.25,token,n133585,202107938,Is the fat person to the right or to the left of the boy that is wearing pants?,Right,"[""left""]",0.0,2,,404.3876006035134,,,731.7689119954593,738.2075620116666,47.896615986246616,786.1041779979132,872677376,2656,150,,672.9383018100634,,,0.7205882352941176,0.2462686567164179,0.125
gqa,static_diverse_chunk@25,Static+Diverse,0.25,chunk,n133585,202107938,Is the fat person to the right or to the left of the boy that is wearing pants?,Right,"[""left""]",0.0,2,15.657024108804762,212.82783191418275,52.90939676342532,318.3895419933833,50.206889980472624,368.66034899139777,18.997656006831676,387.65800499822944,282066944,512,263,244.03082206845284,0.0,8.0,34,0.23529411764705882,0.2392723880597015,0.0
gqa,static_diverse_chunk@50,Static+Diverse,0.5,chunk,n133585,202107938,Is the fat person to the right or to the left of the boy that is wearing pants?,Right,"[""left""]",0.0,2,22.926792909856886,369.94653998408467,93.5021408367902,567.6168839563616,41.956511966418475,609.6242899657227,19.053752010222524,628.6780419759452,577765376,1088,371,444.4491639151238,0.0,17.0,34,0.5,0.5074626865671642,0.0
gqa,fullload,FullLoad,1.0,full,n133585,202107808,Who is standing?,Boy,"[""boy""]",1.0,2,,417.7772980183363,,,668.6680399579927,675.230944994837,19.518740009516478,694.7496850043535,1124073472,2176,64,,622.842438344378,,,1.0,0.2462686567164179,0.0
gqa,recompute,ReComp,,none,n133585,202107808,Who is standing?,Boy,"[""boy""]",1.0,2,,0.0,,,478.5522640449926,478.5524900071323,19.187678990419954,497.74016899755225,0,0,0,,,,,,,
gqa,sparsevlm,SparseVLM,0.25,token,n133585,202107808,Who is standing?,Boy,"[""boy""]",1.0,2,,435.50020398106426,,,810.613458044827,817.277065012604,53.506389958783984,870.783454971388,876871680,2664,148,,736.5183358779177,,,0.7242647058823529,0.2462686567164179,0.125
gqa,static_diverse_chunk@25,Static+Diverse,0.25,chunk,n133585,202107808,Who is standing?,Boy,"[""boy""]",1.0,2,11.338601994793862,209.79948801686987,43.19599596783519,293.534071999602,36.0779479960911,329.6575259882957,19.60446499288082,349.2619909811765,282066944,512,263,233.40948688564822,0.0,8.0,34,0.23529411764705882,0.2392723880597015,0.0
gqa,static_diverse_chunk@50,Static+Diverse,0.5,chunk,n133585,202107808,Who is standing?,Boy,"[""boy""]",1.0,2,20.744171168189496,361.3435468869284,88.47490302287042,545.1973679591902,53.13286400632933,598.3965549967252,19.963869999628514,618.3604249963537,577765376,1088,371,429.3794199475087,0.0,17.0,34,0.5,0.5074626865671642,0.0
gqa,fullload,FullLoad,1.0,full,n272098,201535625,How is that food called?,Donut,"[""donuts""]",0.0,3,,559.5920502091758,,,902.606760035269,910.2437230176292,40.54670099867508,950.7904240163043,1535115264,2944,64,,857.2032358497381,,,1.0,0.2459016393442623,0.0
gqa,recompute,ReComp,,none,n272098,201535625,How is that food called?,Donut,"[""donuts""]",0.0,3,,0.0,,,704.0433959919028,704.0436390088871,38.465412973891944,742.509051982779,0,0,0,,,,,,,
gqa,sparsevlm,SparseVLM,0.25,token,n272098,201535625,How is that food called?,Donut,"[""donuts""]",0.0,3,,536.8775891838595,,,939.5004409598187,947.1739970031194,40.73235299438238,987.9063499975018,1179516928,3586,160,,882.8529011807404,,,0.7180706521739131,0.2459016393442623,0.09375
gqa,static_diverse_chunk@25,Static+Diverse,0.25,chunk,n272098,201535625,How is that food called?,Donut,"[""donuts""]",0.0,3,19.169712089933455,357.7320418553427,71.1390160722658,509.1679340112023,47.36238199984655,556.6062190337107,37.65205398667604,594.2582730203867,425459712,768,401,411.124549980741,0.0,12.0,46,0.2608695652173913,0.2568306010928962,0.0
gqa,static_diverse_chunk@50,Static+Diverse,0.5,chunk,n272098,201535625,How is that food called?,Donut,"[""donuts""]",0.0,3,22.951507184188813,530.6638713809662,121.48257420631126,783.9597330312245,44.26263796631247,828.2973919995129,38.71195804094896,867.0093500404619,789577728,1472,575,631.7719499929808,0.0,23.0,46,0.5,0.4972677595628415,0.0
gqa,fullload,FullLoad,1.0,full,n272098,201535624,What kind of baked good is it?,Donut,"[""donuts""]",0.0,3,,582.3344917735085,,,944.5122099714354,952.1473689819686,39.3096570041962,991.4570259861648,1535115264,2944,64,,892.869496892672,,,1.0,0.2459016393442623,0.0
gqa,recompute,ReComp,,none,n272098,201535624,What kind of baked good is it?,Donut,"[""donuts""]",0.0,3,,0.0,,,694.4676919956692,694.467778026592,38.78100001020357,733.2487780367956,0,0,0,,,,,,,
gqa,sparsevlm,SparseVLM,0.25,token,n272098,201535624,What kind of baked good is it?,Donut,"[""donuts""]",0.0,3,,513.6334299459122,,,893.0524180177599,900.8018390159123,51.74772796453908,952.5495669804513,1191051264,3608,162,,841.3524270872585,,,0.7255434782608695,0.2459016393442623,0.09375
gqa,static_diverse_chunk@25,Static+Diverse,0.25,chunk,n272098,201535624,What kind of baked good is it?,Donut,"[""donuts""]",0.0,3,18.68708897382021,353.6387751228176,71.7151690623723,504.4039009953849,50.57896097423509,555.0457509816624,38.40242401929572,593.4481750009581,425459712,768,401,406.52560419403017,0.0,12.0,46,0.2608695652173913,0.2568306010928962,0.0
gqa,static_diverse_chunk@50,Static+Diverse,0.5,chunk,n272098,201535624,What kind of baked good is it?,Donut,"[""donuts""]",0.0,3,26.808722119312733,549.0578368189745,129.741181852296,830.658293038141,51.3273699907586,882.0524750044569,38.86596602387726,920.9184410283342,789577728,1472,575,666.286215884611,0.0,23.0,46,0.5,0.4972677595628415,0.0
gqa,fullload,FullLoad,1.0,full,n272098,201535627,How is the glazed food called?,Donut,"[""donuts""]",0.0,3,,570.3254410764202,,,941.9941170490347,949.6414260356687,39.23614794621244,988.8775739818811,1535115264,2944,64,,889.1960079199634,,,1.0,0.2459016393442623,0.0
gqa,recompute,ReComp,,none,n272098,201535627,How is the glazed food called?,Donut,"[""donuts""]",0.0,3,,0.0,,,709.1120869736187,709.1122110141441,38.500272028613836,747.612483042758,0,0,0,,,,,,,
gqa,sparsevlm,SparseVLM,0.25,token,n272098,201535627,How is the glazed food called?,Donut,"[""donuts""]",0.0,3,,483.53556502843276,,,826.3972349814139,834.1388779808767,40.7551170210354,874.8939950019121,1202585600,3630,170,,783.6282550124452,,,0.733016304347826,0.2459016393442623,0.09375
gqa,static_diverse_chunk@25,Static+Diverse,0.25,chunk,n272098,201535627,How is the glazed food called?,Donut,"[""donuts""]",0.0,3,20.747320784721524,353.63845620304346,75.08732785936445,513.2531969575211,60.53758005145937,573.8563979975879,39.240648970007896,613.0970469675958,425459712,768,401,409.8832688177936,0.0,12.0,46,0.2608695652173913,0.2568306010928962,0.0
gqa,static_diverse_chunk@50,Static+Diverse,0.5,chunk,n272098,201535627,How is the glazed food called?,Donut,"[""donuts""]",0.0,3,20.467283960897475,517.0907292631455,117.6454231608659,757.116362976376,55.729771964251995,812.9140419769101,38.02052600076422,850.9345679776743,789577728,1472,575,611.3002352649346,0.0,23.0,46,0.5,0.4972677595628415,0.0
gqa,fullload,FullLoad,1.0,full,n272098,201535605,Is the box different in color than the hat?,Yes,"[""no""]",0.0,2,,561.8608698132448,,,897.4698709789664,905.1693759975024,20.26765001937747,925.4370260168798,1535115264,2944,64,,856.373548915144,,,1.0,0.2459016393442623,0.0
gqa,recompute,ReComp,,none,n272098,201535605,Is the box different in color than the hat?,Yes,"[""no""]",0.0,2,,0.0,,,706.7570599610917,706.757147971075,19.925822038203478,726.6829700092785,0,0,0,,,,,,,
gqa,sparsevlm,SparseVLM,0.25,token,n272098,201535605,Is the box different in color than the hat?,Yes,"[""no""]",0.0,2,,510.3466453147121,,,877.6982059935108,885.4402999859303,20.805944979656488,906.2462449655868,1208877056,3642,160,,834.341254842002,,,0.7370923913043478,0.2459016393442623,0.09375
gqa,static_diverse_chunk@25,Static+Diverse,0.25,chunk,n272098,201535605,Is the box different in color than the hat?,Yes,"[""no""]",0.0,2,14.268892933614552,332.35870325006545,66.04073190828785,463.0248179892078,43.95678802393377,507.0457620313391,19.851452962029725,526.8972149933688,425459712,768,401,375.64760801615193,0.0,12.0,46,0.2608695652173913,0.2568306010928962,0.0
gqa,static_diverse_chunk@50,Static+Diverse,0.5,chunk,n272098,201535605,Is the box different in color than the hat?,Yes,"[""no""]",0.0,2,22.339326969813555,521.7562938341871,122.75068409508094,775.8659130195156,38.90329704154283,814.8150750203058,19.78632598184049,834.6014010021463,789577728,1472,575,623.1094809481874,0.0,23.0,46,0.5,0.4972677595628415,0.0
gqa,fullload,FullLoad,1.0,full,n272098,201535661,"How do the food to the left of the rope look, white or dark brown?",Dark brown,"[""dark brown""]",1.0,3,,613.1210178136826,,,1013.4719369816594,1021.6377240139991,38.92896801698953,1060.5666920309886,1535115264,2944,64,,957.5154031044804,,,1.0,0.2459016393442623,0.0
gqa,recompute,ReComp,,none,n272098,201535661,"How do the food to the left of the rope look, white or dark brown?",Dark brown,"[""dark brown""]",1.0,3,,0.0,,,712.4294819659553,712.4297349946573,38.27369899954647,750.7034339942038,0,0,0,,,,,,,
gqa,sparsevlm,SparseVLM,0.25,token,n272098,201535661,"How do the food to the left of the rope look, white or dark brown?",Dark brown,"[""dark brown""]",1.0,3,,573.5259769717231,,,1015.5021050013602,1023.2690409757197,41.16808803519234,1064.437129010912,1232732160,3688,152,,956.7320039495826,,,0.7527173913043478,0.2459016393442623,0.125
gqa,static_diverse_chunk@25,Static+Diverse,0.25,chunk,n272098,201535661,"How do the food to the left of the rope look, white or dark brown?",Dark brown,"[""dark brown""]",1.0,3,19.144361140206456,358.98436297429726,75.13205002760515,514.6953320363536,45.485422015190125,560.2453920291737,37.906452955212444,598.1518449843861,425459712,768,401,413.0089780082926,0.0,12.0,46,0.2608695652173913,0.2568306010928962,0.0
gqa,static_diverse_chunk@50,Static+Diverse,0.5,chunk,n272098,201535661,"How do the food to the left of the rope look, white or dark brown?",Dark brown,"[""dark brown""]",1.0,3,22.984642127994448,564.989608770702,124.25973790232092,823.4902770491317,51.62797903176397,875.1881720381789,38.68288500234485,913.8710570405237,789577728,1472,575,668.5068929218687,0.0,23.0,46,0.5,0.4972677595628415,0.0
gqa,fullload,FullLoad,1.0,full,n272098,201535640,What food is frosted?,Donut,"[""donuts""]",0.0,3,,584.3469217070378,,,945.6205379683524,953.3334309817292,50.86457903962582,1004.198010021355,1535115264,2944,64,,895.0596489012241,,,1.0,0.2459016393442623,0.0
gqa,recompute,ReComp,,none,n272098,201535640,What food is frosted?,Donut,"[""donuts""]",0.0,3,,0.0,,,709.8003060091287,709.8003890132532,38.348608009982854,748.148997023236,0,0,0,,,,,,,
gqa,sparsevlm,SparseVLM,0.25,token,n272098,201535640,What food is frosted?,Donut,"[""donuts""]",0.0,3,,488.62347088288516,,,839.482058014255,847.2640090039931,41.47068702150136,888.7346960254945,1195507712,3616,160,,794.8648991878144,,,0.7282608695652174,0.2459016393442623,0.0625
gqa,static_diverse_chunk@25,Static+Diverse,0.25,chunk,n272098,201535640,What food is frosted?,Donut,"[""donuts""]",0.0,3,20.012171764392406,363.9386148424819,77.36194762401283,524.5376459788531,64.91651403484866,589.5170380244963,40.01733200857416,629.5343700330704,425459712,768,401,419.70388626214117,0.0,12.0,46,0.2608695652173913,0.2568306010928962,0.0
gqa,static_diverse_chunk@50,Static+Diverse,0.5,chunk,n272098,201535640,What food is frosted?,Donut,"[""donuts""]",0.0,3,25.843085895758122,542.1204508165829,135.91149682179093,822.9349229950458,43.584970000665635,866.5872699930333,37.713833968155086,904.3011039611883,789577728,1472,575,653.3280480070971,0.0,23.0,46,0.5,0.4972677595628415,0.0
gqa,fullload,FullLoad,1.0,full,n472825,202101069,What is the gender of the skateboarder to the right of the lamp?,Male,"[""female""]",0.0,2,,504.55451128073037,,,808.2548769889399,814.975818968378,19.564009038731456,834.5398280071095,1226833920,2368,64,,761.4525710232556,,,1.0,0.24615384615384617,0.0
gqa,recompute,ReComp,,none,n472825,202101069,What is the gender of the skateboarder to the right of the lamp?,Male,"[""female""]",0.0,2,,0.0,,,538.9872809755616,538.9874979737215,19.927126995753497,558.914624969475,0,0,0,,,,,,,
gqa,sparsevlm,SparseVLM,0.25,token,n472825,202101069,What is the gender of the skateboarder to the right of the lamp?,Male,"[""female""]",0.0,2,,500.4949261783622,,,895.4929090104997,902.4432760197669,40.40563595481217,942.8489119745791,978092032,2946,146,,829.6333557809703,,,0.7440878378378378,0.24615384615384617,0.21875
gqa,static_diverse_chunk@25,Static+Diverse,0.25,chunk,n472825,202101069,What is the gender of the skateboarder to the right of the lamp?,Male,"[""female""]",0.0,2,12.045609939377755,231.91743000643328,49.7359421569854,329.69901798060164,38.38392300531268,368.1329370010644,19.603811961133033,387.73674896219745,314441728,576,255,261.6033951053396,0.0,9.0,37,0.24324324324324326,0.2465811965811966,0.0
gqa,static_diverse_chunk@50,Static+Diverse,0.5,chunk,n472825,202101069,What is the gender of the skateboarder to the right of the lamp?,Male,"[""female""]",0.0,2,22.73171622073278,415.2054028818384,104.57838221918792,627.5635639904067,50.46630499418825,678.0970360268839,19.7758239810355,697.8728600079194,611844096,1152,349,493.3790501090698,0.0,18.0,37,0.4864864864864865,0.48034188034188036,0.0
gqa,fullload,FullLoad,1.0,full,n472825,202101167,Who is riding on a skateboard?,Boy,"[""skateboarder""]",0.0,2,,553.8745311787352,,,907.2342819999903,914.0757729765028,29.157547978684306,943.2333209551871,1226833920,2368,64,,844.5194151136093,,,1.0,0.24615384615384617,0.0
gqa,recompute,ReComp,,none,n472825,202101167,Who is riding on a skateboard?,Boy,"[""skateboarder""]",0.0,2,,0.0,,,543.8323320122436,543.8325789873488,19.358927966095507,563.1915069534443,0,0,0,,,,,,,
gqa,sparsevlm,SparseVLM,0.25,token,n472825,202101167,Who is riding on a skateboard?,Boy,"[""skateboarder""]",0.0,2,,461.20188117492944,,,812.4950189958327,819.5478579727933,20.926153985783458,840.4740119585767,961183744,2912,154,,755.1509530167095,,,0.7297297297297297,0.24615384615384617,0.15625
gqa,static_diverse_chunk@25,Static+Diverse,0.25,chunk,n472825,202101167,Who is riding on a skateboard?,Boy,"[""skateboarder""]",0.0,2,15.063878672663122,240.37588492501527,56.066372082568705,353.56572398450226,43.94442302873358,397.5715350243263,19.256598956417292,416.8281339807436,314441728,576,255,276.11500007333234,0.0,9.0,37,0.24324324324324326,0.2465811965811966,0.0
gqa,static_diverse_chunk@50,Static+Diverse,0.5,chunk,n472825,202101167,Who is riding on a skateboard?,Boy,"[""skateboarder""]",0.0,2,21.501237933989614,404.6525689191185,97.77484013466164,605.1045630010776,50.1966510200873,655.3673690068536,19.71317798597738,675.0805469928309,611844096,1152,349,478.956489067059,0.0,18.0,37,0.4864864864864865,0.48034188034188036,0.0
gqa,fullload,FullLoad,1.0,full,n472825,202101162,Who is wearing the jeans?,Boy,"[""skateboarder""]",0.0,2,,521.2359530269168,,,852.015707991086,858.7464190204628,19.88517097197473,878.6315899924375,1226833920,2368,64,,793.390285980422,,,1.0,0.24615384615384617,0.0
gqa,recompute,ReComp,,none,n472825,202101162,Who is wearing the jeans?,Boy,"[""skateboarder""]",0.0,2,,0.0,,,543.0229649646208,543.0232309736311,18.75208504498005,561.7753160186112,0,0,0,,,,,,,
gqa,sparsevlm,SparseVLM,0.25,token,n472825,202101162,Who is wearing the jeans?,Boy,"[""skateboarder""]",0.0,2,,452.29828817537054,,,777.4671340011992,784.1999310185201,20.587253966368735,804.7871849848889,977371136,2942,148,,721.9012788846157,,,0.7423986486486487,0.24615384615384617,0.125
gqa,static_diverse_chunk@25,Static+Diverse,0.25,chunk,n472825,202101162,Who is wearing the jeans?,Boy,"[""skateboarder""]",0.0,2,16.96275419089943,243.02496167365462,59.32388087967411,362.14567703427747,43.14747703028843,405.3564300411381,19.347813969943672,424.70424401108176,314441728,576,255,279.36248085461557,0.0,9.0,37,0.24324324324324326,0.2465811965811966,0.0
gqa,static_diverse_chunk@50,Static+Diverse,0.5,chunk,n472825,202101162,Who is wearing the jeans?,Boy,"[""skateboarder""]",0.0,2,23.154617054387927,413.73532509896904,96.9002450001426,618.0241979891434,40.164606005419046,658.2398790051229,19.28764401236549,677.5275230174884,611844096,1152,349,490.9802681650035,0.0,18.0,37,0.4864864864864865,0.48034188034188036,0.0
gqa,fullload,FullLoad,1.0,full,n472825,202101163,What is the skateboarder that is not female wearing?,Jeans,"[""jeans""]",1.0,3,,483.3084410056472,,,755.0302460440435,761.8346870294772,40.80927697941661,802.6439640088938,1226833920,2368,64,,698.6880021868274,,,1.0,0.24615384615384617,0.0
gqa,recompute,ReComp,,none,n472825,202101163,What is the skateboarder that is not female wearing?,Jeans,"[""jeans""]",1.0,3,,0.0,,,539.883635006845,539.8838210385293,38.00766996573657,577.8914910042658,0,0,0,,,,,,,
gqa,sparsevlm,SparseVLM,0.25,token,n472825,202101163,What is the skateboarder that is not female wearing?,Jeans,"[""jeans""]",1.0,3,,413.2207097718492,,,679.328745987732,685.9906489844434,40.627755981404334,726.6184049658477,978550784,2946,140,,637.9470970714465,,,0.7440878378378378,0.24615384615384617,0.1875
gqa,static_diverse_chunk@25,Static+Diverse,0.25,chunk,n472825,202101163,What is the skateboarder that is not female wearing?,Jeans,"[""jeans""]",1.0,3,14.149381953757256,237.4015540117398,52.19167098402977,342.1087179449387,60.05165900569409,402.22453797468916,39.254077011719346,441.4786149864085,314441728,576,255,269.8281640186906,0.0,9.0,37,0.24324324324324326,0.2465811965811966,0.0
gqa,static_diverse_chunk@50,Static+Diverse,0.5,chunk,n472825,202101163,What is the skateboarder that is not female wearing?,Jeans,"[""jeans""]",1.0,3,20.15855407807976,412.7678318764083,98.84090995183215,609.932994004339,52.37545003183186,662.3721470241435,39.33675796724856,701.708904991392,611844096,1152,349,484.28653506562114,0.0,18.0,37,0.4864864864864865,0.48034188034188036,0.0
gqa,fullload,FullLoad,1.0,full,n472825,202101161,Who is wearing jeans?,Boy,"[""skateboarder""]",0.0,2,,497.4919416708872,,,769.2410650197417,775.952184048947,42.71461599273607,818.666800041683,1226833920,2368,64,,708.857870195061,,,1.0,0.24615384615384617,0.0
gqa,recompute,ReComp,,none,n472825,202101161,Who is wearing jeans?,Boy,"[""skateboarder""]",0.0,2,,0.0,,,505.77067001722753,505.77089801663533,19.270971009973437,525.0418690266088,0,0,0,,,,,,,
gqa,sparsevlm,SparseVLM,0.25,token,n472825,202101161,Who is wearing jeans?,Boy,"[""skateboarder""]",0.0,2,,490.5067937797867,,,848.7965560052544,855.4465519846417,20.493926014751196,875.9404779993929,989954048,2966,164,,786.9003090891056,,,0.7525337837837838,0.24615384615384617,0.125
gqa,static_diverse_chunk@25,Static+Diverse,0.25,chunk,n472825,202101161,Who is wearing jeans?,Boy,"[""skateboarder""]",0.0,2,11.40591874718666,230.84441880928352,46.40614317031577,321.94472203264013,35.50809103762731,357.49669902725145,19.541752990335226,377.0384520175867,314441728,576,255,258.3711961633526,0.0,9.0,37,0.24324324324324326,0.2465811965811966,0.0
gqa,static_diverse_chunk@50,Static+Diverse,0.5,chunk,n472825,202101161,Who is wearing jeans?,Boy,"[""skateboarder""]",0.0,2,22.770077164750546,412.59398666443303,95.2471619239077,612.0091129560024,35.51019600126892,647.5666670012288,19.969471963122487,667.5361389643513,611844096,1152,349,486.96765990462154,0.0,18.0,37,0.4864864864864865,0.48034188034188036,0.0
gqa,fullload,FullLoad,1.0,full,n472825,202101149,Do you see a skateboarder that is not female?,Yes,"[""yes""]",1.0,2,,499.17669483693317,,,764.187305001542,771.0082909907214,20.37049102364108,791.3787820143625,1226833920,2368,64,,713.1141259451397,,,1.0,0.24615384615384617,0.0
gqa,recompute,ReComp,,none,n472825,202101149,Do you see a skateboarder that is not female?,No,"[""yes""]",0.0,2,,0.0,,,539.6091780276038,539.6094649913721,19.034881028346717,558.6443460197188,0,0,0,,,,,,,
gqa,sparsevlm,SparseVLM,0.25,token,n472825,202101149,Do you see a skateboarder that is not female?,No,"[""yes""]",0.0,2,,428.7830448593013,,,731.9865929894149,738.5512110195123,49.06255501555279,787.613766035065,939032576,2868,156,,679.7285657958128,,,0.7111486486486487,0.24615384615384617,0.09375
gqa,static_diverse_chunk@25,Static+Diverse,0.25,chunk,n472825,202101149,Do you see a skateboarder that is not female?,No,"[""yes""]",0.0,2,12.448546069208533,233.842869696673,48.27227408532053,329.98761301860213,47.60280100163072,377.6386849931441,19.571381038986146,397.21006603213027,314441728,576,255,263.313242176082,0.0,9.0,37,0.24324324324324326,0.2465811965811966,0.0
gqa,static_diverse_chunk@50,Static+Diverse,0.5,chunk,n472825,202101149,Do you see a skateboarder that is not female?,No,"[""yes""]",0.0,2,22.319353243801743,407.05623978283256,95.29753110837191,605.1123350043781,42.25759097607806,647.4360110005364,20.022694021463394,667.4587050219998,611844096,1152,349,480.50654405960813,0.0,18.0,37,0.4864864864864865,0.48034188034188036,0.0
gqa,fullload,FullLoad,1.0,full,n450919,2093976,How clean is the mud near the grass?,Dirty,"[""dirty""]",1.0,3,,381.84407976223156,,,639.2137790098786,645.9066179813817,39.05346000101417,684.9600779823959,1233125376,2368,64,,596.5116879087873,,,1.0,0.24489795918367346,0.0
gqa,recompute,ReComp,,none,n450919,2093976,How clean is the mud near the grass?,Dirty,"[""dirty""]",1.0,3,,0.0,,,532.449361984618,532.4495700187981,39.05171999940649,571.5012900182046,0,0,0,,,,,,,
gqa,sparsevlm,SparseVLM,0.25,token,n450919,2093976,How clean is the mud near the grass?,Dirty,"[""dirty""]",1.0,3,,432.6985871302895,,,795.2512279734947,801.9118329975754,41.44939797697589,843.3612309745513,1044774912,3070,136,,739.8678096360527,,,0.7964527027027027,0.24489795918367346,0.21875
gqa,static_diverse_chunk@25,Static+Diverse,0.25,chunk,n450919,2093976,How clean is the mud near the grass?,Dirty,"[""dirty""]",1.0,3,16.94628590485081,195.53351128706709,59.83578693121672,314.1798819997348,41.71149100875482,355.9560460271314,38.51644595852122,394.4724919856526,324272128,576,273,231.19630984729156,0.0,9.0,37,0.24324324324324326,0.2465986394557823,0.0
gqa,static_diverse_chunk@50,Static+Diverse,0.5,chunk,n450919,2093976,How clean is the mud near the grass?,Dirty,"[""dirty""]",1.0,3,23.312942939810455,359.1692061163485,103.0963419470936,581.7333160084672,36.312651995103806,618.0978740449063,37.86337695783004,655.9612510027364,622592000,1152,445,448.30220588482916,0.0,18.0,37,0.4864864864864865,0.48299319727891155,0.0
gqa,fullload,FullLoad,1.0,full,n450919,2093757,The hat is what size?,Small,"[""small""]",1.0,2,,406.6148231504485,,,681.2195869861171,687.8609959967434,19.858612038660794,707.7196080354042,1233125376,2368,64,,636.9792167679407,,,1.0,0.24489795918367346,0.0
gqa,recompute,ReComp,,none,n450919,2093757,The hat is what size?,Small,"[""small""]",1.0,2,,0.0,,,546.2135799461976,546.2137899594381,19.284603011328727,565.4983929707669,0,0,0,,,,,,,
gqa,sparsevlm,SparseVLM,0.25,token,n450919,2093757,The hat is what size?,Small,"[""small""]",1.0,2,,484.14840234909207,,,906.2091889791191,913.0400419817306,23.739980009850115,936.7800219915807,1071775744,3122,144,,837.5441523967311,,,0.8184121621621622,0.24489795918367346,0.25
gqa,static_diverse_chunk@25,Static+Diverse,0.25,chunk,n450919,2093757,The hat is what size?,Small,"[""small""]",1.0,2,15.469491831026971,191.94576935842633,56.604383047670126,305.0325399963185,47.12926998035982,352.2276409785263,18.925120995845646,371.15276197437197,324272128,576,273,226.5937221236527,0.0,9.0,37,0.24324324324324326,0.2465986394557823,0.0
gqa,static_diverse_chunk@50,Static+Diverse,0.5,chunk,n450919,2093757,The hat is what size?,Small,"[""small""]",1.0,2,23.402512015309185,346.9681580318138,105.45672802254558,565.1082319673151,46.761052042711526,611.940669012256,19.41917894873768,631.3598479609936,622592000,1152,445,429.2330389143899,0.0,18.0,37,0.4864864864864865,0.48299319727891155,0.0
gqa,fullload,FullLoad,1.0,full,n450919,2093752,Is the hat blue and small?,No,"[""no""]",1.0,2,,479.09208614146337,,,822.7664569858462,829.647586971987,19.88239702768624,849.5299839996733,1233125376,2368,64,,761.714793916326,,,1.0,0.24489795918367346,0.0
gqa,recompute,ReComp,,none,n450919,2093752,Is the hat blue and small?,No,"[""no""]",1.0,2,,0.0,,,517.3293689731508,517.3294829437509,19.17085802415386,536.5003409679048,0,0,0,,,,,,,
gqa,sparsevlm,SparseVLM,0.25,token,n450919,2093752,Is the hat blue and small?,No,"[""no""]",1.0,2,,485.8615509001538,,,913.6011610389687,920.3958250000142,25.61183797661215,946.0076629766263,1087242240,3152,130,,841.3747557206079,,,0.831081081081081,0.24489795918367346,0.28125
gqa,static_diverse_chunk@25,Static+Diverse,0.25,chunk,n450919,2093752,Is the hat blue and small?,No,"[""no""]",1.0,2,12.110425916034728,179.44824794540182,47.715568041894585,275.71110997814685,37.730634037870914,313.4905369952321,19.069859001319855,332.56039599655196,324272128,576,273,209.76875082124025,0.0,9.0,37,0.24324324324324326,0.2465986394557823,0.0
gqa,static_diverse_chunk@50,Static+Diverse,0.5,chunk,n450919,2093752,Is the hat blue and small?,No,"[""no""]",1.0,2,21.95925498381257,339.6424101665616,100.16463982174173,550.9540460188873,42.063608998432755,593.0836310144514,19.54521896550432,612.6288499799557,622592000,1152,445,421.8230979167856,0.0,18.0,37,0.4864864864864865,0.48299319727891155,0.0
gqa,fullload,FullLoad,1.0,full,n450919,2093912,What animal is in the mud?,Giraffe,"[""giraffe""]",1.0,4,,422.91964107425883,,,712.7190599567257,719.4780059508048,58.304531034082174,777.782536984887,1233125376,2368,64,,666.0740450024605,,,1.0,0.24489795918367346,0.0
gqa,recompute,ReComp,,none,n450919,2093912,What animal is in the mud?,Giraffe,"[""giraffe""]",1.0,4,,0.0,,,516.1554460064508,516.1558379768394,56.61239504115656,572.768233017996,0,0,0,,,,,,,
gqa,sparsevlm,SparseVLM,0.25,token,n450919,2093912,What animal is in the mud?,Giraffe,"[""giraffe""]",1.0,4,,441.6879780474119,,,812.4307980178855,819.1767960088328,65.22235297597945,884.3991489848122,1032716288,3046,156,,752.2132210433483,,,0.7863175675675675,0.24489795918367346,0.15625
gqa,static_diverse_chunk@25,Static+Diverse,0.25,chunk,n450919,2093912,What animal is in the mud?,Giraffe,"[""giraffe""]",1.0,4,16.554721049033105,201.30471716402099,58.24876902624965,319.2523990292102,40.85861303610727,360.1760230376385,56.922030984424055,417.09805402206257,324272128,576,273,237.97068506246433,0.0,9.0,37,0.24324324324324326,0.2465986394557823,0.0
gqa,static_diverse_chunk@50,Static+Diverse,0.5,chunk,n450919,2093912,What animal is in the mud?,Giraffe,"[""giraffe""]",1.0,4,21.640514896716923,348.8710668752901,105.63449579058215,566.6348139639013,41.85238300124183,608.5537489852868,58.09510103426874,666.6488500195555,622592000,1152,445,432.42444115458056,0.0,18.0,37,0.4864864864864865,0.48299319727891155,0.0
gqa,fullload,FullLoad,1.0,full,n450919,2093911,What animal is in the brown mud?,Giraffe,"[""giraffe""]",1.0,4,,425.31228793086484,,,693.4971369919367,700.250742956996,62.76779202744365,763.0185349844396,1233125376,2368,64,,638.7346490519121,,,1.0,0.24489795918367346,0.0
gqa,recompute,ReComp,,none,n450919,2093911,What animal is in the brown mud?,Giraffe,"[""giraffe""]",1.0,4,,0.0,,,540.3498469968326,540.3499350068159,56.56388099305332,596.9138159998693,0,0,0,,,,,,,
gqa,sparsevlm,SparseVLM,0.25,token,n450919,2093911,What animal is in the brown mud?,Giraffe,"[""giraffe""]",1.0,4,,477.24615107290447,,,886.7266019806266,893.5737629653886,62.949036015197635,956.5227989805862,1043988480,3068,146,,818.0232371087186,,,0.7956081081081081,0.24489795918367346,0.1875
gqa,static_diverse_chunk@25,Static+Diverse,0.25,chunk,n450919,2093911,What animal is in the brown mud?,Giraffe,"[""giraffe""]",1.0,4,14.324351854156703,192.6618860452436,54.85027009854093,301.2071559787728,37.210320006124675,338.4642269811593,56.34801497217268,394.812241953332,324272128,576,273,225.7273910799995,0.0,9.0,37,0.24324324324324326,0.2465986394557823,0.0
gqa,static_diverse_chunk@50,Static+Diverse,0.5,chunk,n450919,2093911,What animal is in the brown mud?,Giraffe,"[""giraffe""]",1.0,4,22.941803967114538,355.50266527570784,107.86993720103055,579.3563919723965,48.43735496979207,627.8602099628188,56.722303037531674,684.5825130003504,622592000,1152,445,441.4976572152227,0.0,18.0,37,0.4864864864864865,0.48299319727891155,0.0
gqa,fullload,FullLoad,1.0,full,n450919,2093918,Is there an elephant in the mud?,No,"[""no""]",1.0,2,,439.55049908254296,,,738.8256780104712,745.4533510026522,25.417955010198057,770.8713060128503,1233125376,2368,64,,682.209423976019,,,1.0,0.24489795918367346,0.0
gqa,recompute,ReComp,,none,n450919,2093918,Is there an elephant in the mud?,No,"[""no""]",1.0,2,,0.0,,,543.4309529955499,543.431147991214,19.228785997256637,562.6599339884706,0,0,0,,,,,,,
gqa,sparsevlm,SparseVLM,0.25,token,n450919,2093918,Is there an elephant in the mud?,No,"[""no""]",1.0,2,,422.40877804579213,,,777.3274969658814,784.0191159630194,28.322592028416693,812.3417079914361,1034289152,3050,132,,719.2893528845161,,,0.7880067567567568,0.24489795918367346,0.21875
gqa,static_diverse_chunk@25,Static+Diverse,0.25,chunk,n450919,2093918,Is there an elephant in the mud?,No,"[""no""]",1.0,2,15.529323078226298,188.37808503303677,56.1568372650072,299.9590509571135,40.229305042885244,340.23754100780934,19.069737987592816,359.30727899540216,324272128,576,273,222.1003479207866,0.0,9.0,37,0.24324324324324326,0.2465986394557823,0.0
gqa,static_diverse_chunk@50,Static+Diverse,0.5,chunk,n450919,2093918,Is there an elephant in the mud?,No,"[""no""]",1.0,2,24.02283309493214,351.3688041130081,106.10629711300135,575.746115995571,47.99758701119572,623.8090230035596,19.59362596971914,643.4026489732787,622592000,1152,445,438.6323509388603,0.0,18.0,37,0.4864864864864865,0.48299319727891155,0.0
gqa,fullload,FullLoad,1.0,full,n37274,202144724,What is sitting atop the crate?,Blender,"[""blender""]",1.0,3,,442.4067544750869,,,759.4316889881156,766.0003310302272,38.42059802263975,804.420929052867,1226833920,2368,64,,706.0159348184243,,,1.0,0.24615384615384617,0.0
gqa,recompute,ReComp,,none,n37274,202144724,What is sitting atop the crate?,Blender,"[""blender""]",1.0,3,,0.0,,,536.2463429919444,536.2465559737757,38.29027502797544,574.5368310017511,0,0,0,,,,,,,
gqa,sparsevlm,SparseVLM,0.25,token,n37274,202144724,What is sitting atop the crate?,Blender,"[""blender""]",1.0,3,,419.9195388937369,,,806.8231100332923,813.4648090344854,64.05071401968598,877.5155230541714,924352512,2840,148,,735.721715958789,,,0.6993243243243243,0.24615384615384617,0.09375
gqa,static_diverse_chunk@25,Static+Diverse,0.25,chunk,n37274,202144724,What is sitting atop the crate?,Blender,"[""blender""]",1.0,3,16.910241218283772,185.183351917658,56.91585945896804,300.603473035153,49.98685797909275,350.6554519990459,39.00264098774642,389.6580929867923,316735488,576,271,220.38850805256516,0.0,9.0,37,0.24324324324324326,0.2465811965811966,0.0
gqa,static_diverse_chunk@50,Static+Diverse,0.5,chunk,n37274,202144724,What is sitting atop the crate?,Blender,"[""blender""]",1.0,3,22.966569056734443,327.9518830240704,105.65579409012571,547.4635130376555,48.55520703131333,596.084064047318,38.738434959668666,634.8224990069866,610467840,1152,353,411.9329429231584,0.0,18.0,37,0.4864864864864865,0.49230769230769234,0.0
gqa,fullload,FullLoad,1.0,full,n37274,202144703,What appliance is right of the liquor?,Blender,"[""blender""]",1.0,3,,356.85478697996587,,,599.0302480058745,605.7018900173716,62.519139028154314,668.2210290455259,1226833920,2368,64,,560.9923450974748,,,1.0,0.24615384615384617,0.0
gqa,recompute,ReComp,,none,n37274,202144703,What appliance is right of the liquor?,Blender,"[""blender""]",1.0,3,,0.0,,,542.8623250336386,542.8624970372766,36.78758494788781,579.6500819851644,0,0,0,,,,,,,
gqa,sparsevlm,SparseVLM,0.25,token,n37274,202144703,What appliance is right of the liquor?,Blender,"[""blender""]",1.0,3,,448.48912401357666,,,861.7779979831539,868.4246049961075,40.492032014299184,908.9166370104067,954302464,2898,164,,787.2326979995705,,,0.7238175675675675,0.24615384615384617,0.125
gqa,static_diverse_chunk@25,Static+Diverse,0.25,chunk,n37274,202144703,What appliance is right of the liquor?,Blender,"[""blender""]",1.0,3,16.93384302780032,181.38040031772107,58.29865002306178,298.24512999039143,42.348165006842464,340.6576910056174,38.974513998255134,379.6322050038725,316735488,576,271,216.85355104273185,0.0,9.0,37,0.24324324324324326,0.2465811965811966,0.0
gqa,static_diverse_chunk@50,Static+Diverse,0.5,chunk,n37274,202144703,What appliance is right of the liquor?,Blender,"[""blender""]",1.0,3,20.030217827297747,312.83760885708034,95.08909686701372,510.3632769896649,45.2439789660275,555.6740089668892,38.6810380150564,594.3550469819456,610467840,1152,353,388.62520281691104,0.0,18.0,37,0.4864864864864865,0.49230769230769234,0.0
gqa,fullload,FullLoad,1.0,full,n37274,202144680,Which side is the blender on?,Right,"[""right""]",1.0,2,,393.1110398261808,,,678.6096029682085,685.2439059875906,21.31439105141908,706.5582970390096,1226833920,2368,64,,635.7581760385074,,,1.0,0.24615384615384617,0.0
gqa,recompute,ReComp,,none,n37274,202144680,Which side is the blender on?,Right,"[""right""]",1.0,2,,0.0,,,531.673724995926,531.6740249982104,19.500078982673585,551.174103980884,0,0,0,,,,,,,
gqa,sparsevlm,SparseVLM,0.25,token,n37274,202144680,Which side is the blender on?,Right,"[""right""]",1.0,2,,462.3009138740599,,,892.4930079956539,899.8136129812337,24.416203028522432,924.2298160097562,956399616,2902,136,,815.1932409964502,,,0.7255067567567568,0.24615384615384617,0.125
gqa,static_diverse_chunk@25,Static+Diverse,0.25,chunk,n37274,202144680,Which side is the blender on?,Right,"[""right""]",1.0,2,12.174529081676155,167.18554688850418,49.02693390613422,262.6665410352871,46.9612879678607,309.6769970143214,19.174001994542778,328.85099900886416,316735488,576,271,195.69758122088388,0.0,9.0,37,0.24324324324324326,0.2465811965811966,0.0
gqa,static_diverse_chunk@50,Static+Diverse,0.5,chunk,n37274,202144680,Which side is the blender on?,Right,"[""right""]",1.0,2,22.827853681519628,320.84031286649406,103.43900287989527,540.5837399885058,58.39199002366513,599.0448429947719,19.302211003378034,618.3470539981499,610467840,1152,353,404.18764686910436,0.0,18.0,37,0.4864864864864865,0.49230769230769234,0.0
gqa,fullload,FullLoad,1.0,full,n37274,202144681,What is the appliance to the right of the man that is in front of the bicycle?,Blender,"[""blender""]",1.0,3,,385.6170747894794,,,645.3399379970506,651.9088319619186,38.92046399414539,690.829295956064,1226833920,2368,64,,601.2122649117373,,,1.0,0.24615384615384617,0.0
gqa,recompute,ReComp,,none,n37274,202144681,What is the appliance to the right of the man that is in front of the bicycle?,Blender,"[""blender""]",1.0,3,,0.0,,,536.8131359573454,536.8132200092077,37.29264601133764,574.1058660205454,0,0,0,,,,,,,
gqa,sparsevlm,SparseVLM,0.25,token,n37274,202144681,What is the appliance to the right of the man that is in front of the bicycle?,Blender,"[""blender""]",1.0,3,,474.17339123785496,,,902.8690290288068,909.6162270288914,44.74756499985233,954.3637920287438,1024688128,3034,154,,826.5392609173432,,,0.78125,0.24615384615384617,0.1875
gqa,static_diverse_chunk@25,Static+Diverse,0.25,chunk,n37274,202144681,What is the appliance to the right of the man that is in front of the bicycle?,Blender,"[""blender""]",1.0,3,11.81903382530436,165.4214232112281,47.932567133102566,259.28968499647453,38.74998801620677,298.0808360152878,38.54973497800529,336.6305709932931,316735488,576,271,193.55262099998072,0.0,9.0,37,0.24324324324324326,0.2465811965811966,0.0
gqa,static_diverse_chunk@50,Static+Diverse,0.5,chunk,n37274,202144681,What is the appliance to the right of the man that is in front of the bicycle?,Blender,"[""blender""]",1.0,3,21.995791990775615,307.5317267794162,96.3926010299474,505.3912089788355,38.76345598837361,544.2002830095589,39.66767498059198,583.8679579901509,610467840,1152,353,380.07280410965905,0.0,18.0,37,0.4864864864864865,0.49230769230769234,0.0
gqa,fullload,FullLoad,1.0,full,n37274,202144469,Is the man that is to the left of the liquor wearing gloves?,No,"[""no""]",1.0,2,,429.9838859587908,,,737.5624920241535,744.1538239945658,19.438816991169006,763.5926409857348,1226833920,2368,64,,684.7170931869186,,,1.0,0.24615384615384617,0.0
gqa,recompute,ReComp,,none,n37274,202144469,Is the man that is to the left of the liquor wearing gloves?,No,"[""no""]",1.0,2,,0.0,,,532.140261027962,532.1403759880923,18.938224005978554,551.0785999940708,0,0,0,,,,,,,
gqa,sparsevlm,SparseVLM,0.25,token,n37274,202144469,Is the man that is to the left of the liquor wearing gloves?,No,"[""no""]",1.0,2,,433.5087771178223,,,828.1865720055066,835.0609799963422,53.763159026857466,888.8241390231997,1010008064,3006,158,,757.6870381017216,,,0.7694256756756757,0.24615384615384617,0.1875
gqa,static_diverse_chunk@25,Static+Diverse,0.25,chunk,n37274,202144469,Is the man that is to the left of the liquor wearing gloves?,No,"[""no""]",1.0,2,15.98441880196333,188.28755902359262,59.91450627334416,305.483466014266,46.04023497086018,351.5867699752562,19.968574051745236,371.5553440270014,316735488,576,271,223.39865984395146,0.0,9.0,37,0.24324324324324326,0.2465811965811966,0.0
gqa,static_diverse_chunk@50,Static+Diverse,0.5,chunk,n37274,202144469,Is the man that is to the left of the liquor wearing gloves?,No,"[""no""]",1.0,2,20.433401979971677,309.51804685173556,96.52477828785777,509.8943440243602,43.573345988988876,553.5350589780137,19.252977042924613,572.7880360209383,610467840,1152,353,386.20065926807,0.0,18.0,37,0.4864864864864865,0.49230769230769234,0.0
gqa,fullload,FullLoad,1.0,full,n37274,202144325,What do the watch and the bicycle have in common?,Color,"[""material""]",0.0,2,,455.65104711567983,,,774.1855409694836,781.2799889943562,19.6233430178836,800.9033320122398,1226833920,2368,64,,716.8024099664763,,,1.0,0.24615384615384617,0.0
gqa,recompute,ReComp,,none,n37274,202144325,What do the watch and the bicycle have in common?,Color,"[""material""]",0.0,2,,0.0,,,535.545835038647,535.5460540158674,18.96064099855721,554.5066950144246,0,0,0,,,,,,,
gqa,sparsevlm,SparseVLM,0.25,token,n37274,202144325,What do the watch and the bicycle have in common?,Color,"[""material""]",0.0,2,,440.6934840953909,,,832.0795960025862,839.0106679871678,28.932602028362453,867.9432700155303,1025736704,3036,156,,767.4170811078511,,,0.7820945945945946,0.24615384615384617,0.1875
gqa,static_diverse_chunk@25,Static+Diverse,0.25,chunk,n37274,202144325,What do the watch and the bicycle have in common?,Color,"[""material""]",0.0,2,13.802999106701463,170.48829403938726,50.60377507470548,271.46610704949126,42.11237601703033,313.62946203444153,19.042233005166054,332.6716950396076,316735488,576,271,200.42380294762552,0.0,9.0,37,0.24324324324324326,0.2465811965811966,0.0
gqa,static_diverse_chunk@50,Static+Diverse,0.5,chunk,n37274,202144325,What do the watch and the bicycle have in common?,Color,"[""material""]",0.0,2,22.58241397794336,312.9063040832989,100.08812416344881,516.9513569562696,57.148304011207074,574.1659050108865,19.791122002061456,593.957027012948,610467840,1152,353,387.3450320097618,0.0,18.0,37,0.4864864864864865,0.49230769230769234,0.0
gqa,fullload,FullLoad,1.0,full,n293477,20856909,Which kind of bag is green?,Purse,"[""purse""]",1.0,3,,379.8998107085936,,,649.2110019898973,655.798589985352,39.5606110105291,695.3592009958811,1226833920,2368,64,,608.1602631602436,,,1.0,0.24615384615384617,0.0
gqa,recompute,ReComp,,none,n293477,20856909,Which kind of bag is green?,Purse,"[""purse""]",1.0,3,,0.0,,,544.1252199816518,544.1254539764486,37.89473103825003,582.0201850146987,0,0,0,,,,,,,
gqa,sparsevlm,SparseVLM,0.25,token,n293477,20856909,Which kind of bag is green?,Purse,"[""purse""]",1.0,3,,399.20319261727855,,,739.2281049978919,745.9382020169869,44.68567098956555,790.6238730065525,1018986496,3024,142,,683.9488310506567,,,0.777027027027027,0.24615384615384617,0.21875
gqa,static_diverse_chunk@25,Static+Diverse,0.25,chunk,n293477,20856909,Which kind of bag is green?,Purse,"[""purse""]",1.0,3,17.679145967122167,188.33514297148213,58.27758420491591,306.20766401989385,43.158146960195154,349.428066983819,38.477373018395156,387.90544000221416,313065472,576,297,223.87707809684798,0.0,9.0,37,0.24324324324324326,0.24743589743589745,0.0
gqa,static_diverse_chunk@50,Static+Diverse,0.5,chunk,n293477,20856909,Which kind of bag is green?,Purse,"[""purse""]",1.0,3,19.856335944496095,315.44660666259006,91.90330986166373,508.0121390055865,50.32365000806749,558.4017890505493,38.408392982091755,596.810182032641,612761600,1152,399,389.5052558509633,0.0,18.0,37,0.4864864864864865,0.49230769230769234,0.0
gqa,fullload,FullLoad,1.0,full,n293477,20856756,What is the item of furniture called?,Bed,"[""bed""]",1.0,2,,431.44875700818375,,,746.3271720334888,753.0481889843941,19.854547979775816,772.9027369641699,1226833920,2368,64,,695.5840518930927,,,1.0,0.24615384615384617,0.0
gqa,recompute,ReComp,,none,n293477,20856756,What is the item of furniture called?,Bed,"[""bed""]",1.0,2,,0.0,,,538.0023169564083,538.0025089834817,19.00162099627778,557.0041299797595,0,0,0,,,,,,,
gqa,sparsevlm,SparseVLM,0.25,token,n293477,20856756,What is the item of furniture called?,Bed,"[""bed""]",1.0,2,,392.0553899370134,,,729.0504249976948,735.8121069846675,20.773414988070726,756.5855219727382,1025736704,3036,142,,678.7099790526554,,,0.7820945945945946,0.24615384615384617,0.1875
gqa,static_diverse_chunk@25,Static+Diverse,0.25,chunk,n293477,20856756,What is the item of furniture called?,Bed,"[""bed""]",1.0,2,16.566132951993495,185.58650685008615,59.75756701081991,305.4265389801003,41.74655902897939,347.23799099447206,19.38747096573934,366.6254619602114,313065472,576,297,222.92835399275646,0.0,9.0,37,0.24324324324324326,0.24743589743589745,0.0
gqa,static_diverse_chunk@50,Static+Diverse,0.5,chunk,n293477,20856756,What is the item of furniture called?,Bed,"[""bed""]",1.0,2,20.51564515568316,323.706477181986,97.82633499708027,532.4509920319542,44.106382003519684,576.6267600120045,19.816913991235197,596.4436740032397,612761600,1152,399,407.3762521147728,0.0,18.0,37,0.4864864864864865,0.49230769230769234,0.0
gqa,fullload,FullLoad,1.0,full,n293477,20856758,Which kind of furniture is it?,Bed,"[""bed""]",1.0,2,,453.86542816413566,,,755.1006759749725,761.8122790008783,19.71739303553477,781.5296720364131,1226833920,2368,64,,697.4579959060065,,,1.0,0.24615384615384617,0.0
gqa,recompute,ReComp,,none,n293477,20856758,Which kind of furniture is it?,Bed,"[""bed""]",1.0,2,,0.0,,,535.554512985982,535.554718982894,18.800751015078276,554.3554699979722,0,0,0,,,,,,,
gqa,sparsevlm,SparseVLM,0.25,token,n293477,20856758,Which kind of furniture is it?,Bed,"[""bed""]",1.0,2,,455.1870223367587,,,862.6362130162306,869.3615639931522,23.682405008003116,893.0439690011553,1036812288,3058,144,,789.9109880672768,,,0.7913851351351351,0.24615384615384617,0.21875
gqa,static_diverse_chunk@25,Static+Diverse,0.25,chunk,n293477,20856758,Which kind of furniture is it?,Bed,"[""bed""]",1.0,2,17.499473819043487,187.53430031938478,58.27163503272459,304.92561298888177,57.062023028265685,362.05475399037823,19.546911993529648,381.6016659839079,313065472,576,297,223.03132590604946,0.0,9.0,37,0.24324324324324326,0.24743589743589745,0.0
gqa,static_diverse_chunk@50,Static+Diverse,0.5,chunk,n293477,20856758,Which kind of furniture is it?,Bed,"[""bed""]",1.0,2,22.458795981947333,320.6158583634533,100.56451725540683,525.7061069714837,55.19631499191746,580.971713992767,19.02325201081112,599.9949660035782,612761600,1152,399,395.66880493657663,0.0,18.0,37,0.4864864864864865,0.49230769230769234,0.0
gqa,fullload,FullLoad,1.0,full,n293477,20856731,Is the wallet lying on top of a desk?,No,"[""no""]",1.0,2,,426.6707482165657,,,731.1645820154808,737.961721024476,19.338675017934293,757.3003960424103,1226833920,2368,64,,682.2336110635661,,,1.0,0.24615384615384617,0.0
gqa,recompute,ReComp,,none,n293477,20856731,Is the wallet lying on top of a desk?,No,"[""no""]",1.0,2,,0.0,,,546.0514459991828,546.0516450111754,19.030580995604396,565.0822260067798,0,0,0,,,,,,,
gqa,sparsevlm,SparseVLM,0.25,token,n293477,20856731,Is the wallet lying on top of a desk?,No,"[""no""]",1.0,2,,452.71299831802025,,,846.204373985529,852.9459760175087,20.691858022473752,873.6378340399824,1022590976,3030,132,,780.9347090660594,,,0.7795608108108109,0.24615384615384617,0.1875
gqa,static_diverse_chunk@25,Static+Diverse,0.25,chunk,n293477,20856731,Is the wallet lying on top of a desk?,No,"[""no""]",1.0,2,11.860023951157928,177.01198457507417,46.626164112240076,268.4861629968509,41.18550900602713,309.7193469875492,19.1683360026218,328.887682990171,313065472,576,297,204.1499111801386,0.0,9.0,37,0.24324324324324326,0.24743589743589745,0.0
gqa,static_diverse_chunk@50,Static+Diverse,0.5,chunk,n293477,20856731,Is the wallet lying on top of a desk?,No,"[""no""]",1.0,2,20.736444042995572,309.0343338553794,93.62764493562281,501.2988050002605,42.21978300483897,543.5881959856488,19.16074100881815,562.7489369944669,612761600,1152,399,380.01530105248094,0.0,18.0,37,0.4864864864864865,0.49230769230769234,0.0
gqa,fullload,FullLoad,1.0,full,n293477,20857065,What is the color of the pens that are lying on top of the bed?,Blue,"[""white""]",0.0,2,,440.2607370284386,,,752.9793970170431,759.8216379992664,20.03829600289464,779.859934002161,1226833920,2368,64,,699.6895111515187,,,1.0,0.24615384615384617,0.0
gqa,recompute,ReComp,,none,n293477,20857065,What is the color of the pens that are lying on top of the bed?,Blue,"[""white""]",0.0,2,,0.0,,,546.8375299824402,546.8379459925927,18.86239502346143,565.7003410160542,0,0,0,,,,,,,
gqa,sparsevlm,SparseVLM,0.25,token,n293477,20857065,What is the color of the pens that are lying on top of the bed?,Black,"[""white""]",0.0,2,,465.2840128983371,,,874.2377790040337,880.9123929822817,28.385444020386785,909.2978370026685,1056866304,3098,140,,801.8455081037246,,,0.808277027027027,0.24615384615384617,0.28125
gqa,static_diverse_chunk@25,Static+Diverse,0.25,chunk,n293477,20857065,What is the color of the pens that are lying on top of the bed?,Black,"[""white""]",0.0,2,11.977024201769382,170.45328835956752,47.117883805185556,262.5077040283941,37.05367201473564,299.60939002921805,19.31898295879364,318.9283729880117,313065472,576,297,197.3898129654117,0.0,9.0,37,0.24324324324324326,0.24743589743589745,0.0
gqa,static_diverse_chunk@50,Static+Diverse,0.5,chunk,n293477,20857065,What is the color of the pens that are lying on top of the bed?,Black,"[""white""]",0.0,2,21.99290198041126,324.95153904892504,99.66181532945484,539.7177730337717,56.379131972789764,596.1646100040525,19.959620025474578,616.1242300295271,612761600,1152,399,411.26512706978247,0.0,18.0,37,0.4864864864864865,0.49230769230769234,0.0
gqa,fullload,FullLoad,1.0,full,n293477,20857040,Are there either wood spoons or knives?,No,"[""no""]",1.0,2,,448.529209010303,,,766.373575956095,773.2336740009487,20.03804303240031,793.271717033349,1226833920,2368,64,,708.0485261394642,,,1.0,0.24615384615384617,0.0
gqa,recompute,ReComp,,none,n293477,20857040,Are there either wood spoons or knives?,No,"[""no""]",1.0,2,,0.0,,,545.1321239816025,545.1323979650624,18.736261990852654,563.8686599559151,0,0,0,,,,,,,
gqa,sparsevlm,SparseVLM,0.25,token,n293477,20857040,Are there either wood spoons or knives?,No,"[""no""]",1.0,2,,461.13436529412866,,,871.0895269759931,877.8445859788917,23.728535044938326,901.57312102383,1013612544,3012,146,,795.3102520550601,,,0.7719594594594594,0.24615384615384617,0.15625
gqa,static_diverse_chunk@25,Static+Diverse,0.25,chunk,n293477,20857040,Are there either wood spoons or knives?,No,"[""no""]",1.0,2,16.163719992619008,185.52605080185458,57.90463893208653,300.0502710347064,52.76656802743673,352.8825400280766,19.366925989743322,372.24946601781994,313065472,576,297,219.8552141780965,0.0,9.0,37,0.24324324324324326,0.24743589743589745,0.0
gqa,static_diverse_chunk@50,Static+Diverse,0.5,chunk,n293477,20857040,Are there either wood spoons or knives?,No,"[""no""]",1.0,2,21.53732004808262,339.31554277660325,98.07626600377262,539.813261013478,43.45257702516392,583.334774011746,19.554268976207823,602.8890429879539,612761600,1152,399,413.2067720638588,0.0,18.0,37,0.4864864864864865,0.49230769230769234,0.0
gqa,fullload,FullLoad,1.0,full,n44249,20935919,Are the green trees lush or leafless?,Lush,"[""lush""]",1.0,3,,422.3570540198125,,,701.5767930424772,707.8142180107534,63.57476400444284,771.3889820151962,1124073472,2176,64,,645.6739128334448,,,1.0,0.2462686567164179,0.0
gqa,recompute,ReComp,,none,n44249,20935919,Are the green trees lush or leafless?,Lush,"[""lush""]",1.0,3,,0.0,,,498.7759339855984,498.7763109966181,39.129003998823464,537.9053149954416,0,0,0,,,,,,,
gqa,sparsevlm,SparseVLM,0.25,token,n44249,20935919,Are the green trees lush or leafless?,Lush,"[""lush""]",1.0,3,,424.4986737612635,,,805.3546500159428,811.6422210005112,44.65131100732833,856.2935320078395,917766144,2746,130,,727.6700029033236,,,0.7619485294117647,0.2462686567164179,0.25
gqa,static_diverse_chunk@25,Static+Diverse,0.25,chunk,n44249,20935919,Are the green trees lush or leafless?,Lush,"[""lush""]",1.0,3,16.847260762006044,167.30732598807663,56.06923083541915,278.19633402395993,42.75261302245781,321.0119620198384,39.23764795763418,360.2496099774726,281018368,512,267,199.32412897469476,0.0,8.0,34,0.23529411764705882,0.23880597014925373,0.0
gqa,static_diverse_chunk@50,Static+Diverse,0.5,chunk,n44249,20935919,Are the green trees lush or leafless?,Lush,"[""lush""]",1.0,3,21.39816398266703,314.1633387422189,92.44815813144669,507.7668490121141,45.092117972671986,552.9265509685501,37.60924603557214,590.5357970041223,577241088,1088,385,387.34773494070396,0.0,17.0,34,0.5,0.4925373134328358,0.0
gqa,fullload,FullLoad,1.0,full,n44249,20935938,"What kind of animal are the trees behind of, a sheep or an elephant?",Elephant,"[""elephant""]",1.0,4,,392.123356286902,,,633.935997961089,640.6177940079942,63.358528015669435,703.9763220236637,1124073472,2176,64,,576.5475280932151,,,1.0,0.2462686567164179,0.0
gqa,recompute,ReComp,,none,n44249,20935938,"What kind of animal are the trees behind of, a sheep or an elephant?",Elephant,"[""elephant""]",1.0,4,,0.0,,,496.48107099346817,496.481281996239,57.00793903088197,553.489221027121,0,0,0,,,,,,,
gqa,sparsevlm,SparseVLM,0.25,token,n44249,20935938,"What kind of animal are the trees behind of, a sheep or an elephant?",Elephant,"[""elephant""]",1.0,4,,394.9790622573346,,,751.9569200230762,758.4391330019571,60.50926400348544,818.9483970054425,889978880,2688,146,,681.9735898752697,,,0.7352941176470589,0.2462686567164179,0.09375
gqa,static_diverse_chunk@25,Static+Diverse,0.25,chunk,n44249,20935938,"What kind of animal are the trees behind of, a sheep or an elephant?",Elephant,"[""elephant""]",1.0,4,13.897409837227315,165.32398178242147,47.964481986127794,260.818445996847,43.51310298079625,304.39413798740134,56.77641200600192,361.17054999340326,281018368,512,267,193.22678592288867,0.0,8.0,34,0.23529411764705882,0.23880597014925373,0.0
gqa,static_diverse_chunk@50,Static+Diverse,0.5,chunk,n44249,20935938,"What kind of animal are the trees behind of, a sheep or an elephant?",Elephant,"[""elephant""]",1.0,4,15.988158935215324,286.33878828259185,80.14170319074765,447.9516039718874,43.60550100682303,491.62302602780983,57.46514198835939,549.0881680161692,577241088,1088,385,345.406687061768,0.0,17.0,34,0.5,0.4925373134328358,0.0
gqa,fullload,FullLoad,1.0,full,n44249,20935990,Does the animal beside the fence have small size?,No,"[""no""]",1.0,2,,330.72707924293354,,,532.84729400184,539.2472950043157,19.815990002825856,559.0632850071415,1124073472,2176,64,,490.90998305473477,,,1.0,0.2462686567164179,0.0
gqa,recompute,ReComp,,none,n44249,20935990,Does the animal beside the fence have small size?,No,"[""no""]",1.0,2,,0.0,,,457.1489579975605,457.1490780217573,18.741131003480405,475.8902090252377,0,0,0,,,,,,,
gqa,sparsevlm,SparseVLM,0.25,token,n44249,20935990,Does the animal beside the fence have small size?,No,"[""no""]",1.0,2,,400.879833905492,,,767.1007229946554,773.5430899774656,21.1384340072982,794.6815239847638,866385920,2642,150,,693.9506359049119,,,0.7141544117647058,0.2462686567164179,0.0625
gqa,static_diverse_chunk@25,Static+Diverse,0.25,chunk,n44249,20935990,Does the animal beside the fence have small size?,No,"[""no""]",1.0,2,15.631474845577031,164.12315488560125,53.44017402967438,269.66423098929226,49.33515901211649,319.06403799075633,19.179266993887722,338.24330498464406,281018368,512,267,194.77145082782954,0.0,8.0,34,0.23529411764705882,0.23880597014925373,0.0
gqa,static_diverse_chunk@50,Static+Diverse,0.5,chunk,n44249,20935990,Does the animal beside the fence have small size?,No,"[""no""]",1.0,2,21.05437684804201,300.6407273351215,89.03124392963946,487.4999420135282,57.58127704029903,545.1479790499434,19.7233019862324,564.8712810361758,577241088,1088,385,370.92213390860707,0.0,17.0,34,0.5,0.4925373134328358,0.0
gqa,fullload,FullLoad,1.0,full,n44249,20936256,Is the woman to the right or to the left of the heavy person?,Left,"[""left""]",1.0,2,,377.12104321690276,,,610.0824539898895,616.5544289979152,19.847346004098654,636.4017750020139,1124073472,2176,64,,557.1215989184566,,,1.0,0.2462686567164179,0.0
gqa,recompute,ReComp,,none,n44249,20936256,Is the woman to the right or to the left of the heavy person?,Left,"[""left""]",1.0,2,,0.0,,,470.9682160173543,470.96840402809903,19.05946299666539,490.0278670247644,0,0,0,,,,,,,
gqa,sparsevlm,SparseVLM,0.25,token,n44249,20936256,Is the woman to the right or to the left of the heavy person?,Left,"[""left""]",1.0,2,,413.3664648979902,,,804.1607619961724,810.5868499842472,24.574626004323363,835.1614759885706,881065984,2672,154,,726.8793240073137,,,0.7279411764705882,0.2462686567164179,0.125
gqa,static_diverse_chunk@25,Static+Diverse,0.25,chunk,n44249,20936256,Is the woman to the right or to the left of the heavy person?,Left,"[""left""]",1.0,2,14.001927978824824,159.84792698873207,50.252026587259024,258.5148920188658,40.7929090433754,299.35845802538097,19.20863799750805,318.567096022889,281018368,512,267,188.50824004039168,0.0,8.0,34,0.23529411764705882,0.23880597014925373,0.0
gqa,static_diverse_chunk@50,Static+Diverse,0.5,chunk,n44249,20936256,Is the woman to the right or to the left of the heavy person?,Left,"[""left""]",1.0,2,14.356749888975173,270.4132099170238,78.55426409514621,423.7175899907015,35.324193944688886,459.0904499636963,19.627047004178166,478.71749696787447,577241088,1088,385,324.55202704295516,0.0,17.0,34,0.5,0.4925373134328358,0.0
gqa,fullload,FullLoad,1.0,full,n44249,20936230,Which kind of animal is the woman on?,Elephant,"[""elephant""]",1.0,4,,345.56227625580505,,,566.997152986005,573.577924980782,57.63028102228418,631.2082060030662,1124073472,2176,64,,525.8211402106099,,,1.0,0.2462686567164179,0.0
gqa,recompute,ReComp,,none,n44249,20936230,Which kind of animal is the woman on?,Elephant,"[""elephant""]",1.0,4,,0.0,,,486.1840679659508,486.184298992157,55.596112040802836,541.7804110329598,0,0,0,,,,,,,
gqa,sparsevlm,SparseVLM,0.25,token,n44249,20936230,Which kind of animal is the woman on?,Elephant,"[""elephant""]",1.0,4,,407.299927494023,,,784.3840550049208,791.1025030189194,73.51158902747557,864.614092046395,866910208,2644,146,,709.1921300743707,,,0.7150735294117647,0.2462686567164179,0.09375
gqa,static_diverse_chunk@25,Static+Diverse,0.25,chunk,n44249,20936230,Which kind of animal is the woman on?,Elephant,"[""elephant""]",1.0,4,14.067623123992234,168.5628648265265,52.129343966953456,269.8837570496835,46.563873009290546,316.5111960261129,56.684490002226084,373.19568602833897,281018368,512,267,197.90975796058774,0.0,8.0,34,0.23529411764705882,0.23880597014925373,0.0
gqa,static_diverse_chunk@50,Static+Diverse,0.5,chunk,n44249,20936230,Which kind of animal is the woman on?,Elephant,"[""elephant""]",1.0,4,23.497454298194498,320.4892349313013,92.16559195192531,518.1175220059231,52.751974028069526,570.9210530039854,56.73071998171508,627.6517729857005,577241088,1088,385,395.72813198901713,0.0,17.0,34,0.5,0.4925373134328358,0.0
gqa,fullload,FullLoad,1.0,full,n44249,20936214,Does the woman to the left of the man appear to be sitting?,Yes,"[""yes""]",1.0,2,,433.679384062998,,,720.8927900064737,727.2188980132341,19.891244010068476,747.1101420233026,1124073472,2176,64,,660.4739520116709,,,1.0,0.2462686567164179,0.0
gqa,recompute,ReComp,,none,n44249,20936214,Does the woman to the left of the man appear to be sitting?,Yes,"[""yes""]",1.0,2,,0.0,,,497.8734370088205,497.87353503052145,19.226428004913032,517.0999630354345,0,0,0,,,,,,,
gqa,sparsevlm,SparseVLM,0.25,token,n44249,20936214,Does the woman to the left of the man appear to be sitting?,Yes,"[""yes""]",1.0,2,,365.37335522007197,,,715.5239260173403,721.923137025442,33.47556100925431,755.3986980346963,836501504,2584,140,,643.9637180301361,,,0.6875,0.2462686567164179,0.03125
gqa,static_diverse_chunk@25,Static+Diverse,0.25,chunk,n44249,20936214,Does the woman to the left of the man appear to be sitting?,Yes,"[""yes""]",1.0,2,16.02368615567684,167.10814292309806,53.49875730462372,273.9723569829948,36.3629559869878,310.38403301499784,19.897874968592077,330.2819079835899,281018368,512,267,198.5592350247316,0.0,8.0,34,0.23529411764705882,0.23880597014925373,0.0
gqa,static_diverse_chunk@50,Static+Diverse,0.5,chunk,n44249,20936214,Does the woman to the left of the man appear to be sitting?,Yes,"[""yes""]",1.0,2,22.13121304521337,309.7854330553673,93.69473019614816,507.8837010078132,62.31211998965591,570.2643119730055,19.863082037772983,590.1273940107785,577241088,1088,385,385.4761859984137,0.0,17.0,34,0.5,0.4925373134328358,0.0
gqa,fullload,FullLoad,1.0,full,n331357,201404246,The small animal is drinking from who?,Cow,"[""mother""]",0.0,2,,431.7965389927849,,,696.0054850205779,702.1791600272991,19.729501975234598,721.9086620025337,1072693248,2048,64,,647.3478908883408,,,1.0,0.24633431085043989,0.0
gqa,recompute,ReComp,,none,n331357,201404246,The small animal is drinking from who?,Cow,"[""mother""]",0.0,2,,0.0,,,440.8573010005057,440.85771299432963,20.154382975306362,461.012095969636,0,0,0,,,,,,,
gqa,sparsevlm,SparseVLM,0.25,token,n331357,201404246,The small animal is drinking from who?,Cow,"[""mother""]",0.0,2,,417.76430886238813,,,773.1186239980161,779.2883980437182,40.379955957178026,819.6683540008962,775798784,2408,140,,695.6137230154127,,,0.67578125,0.24633431085043989,0.09375
gqa,static_diverse_chunk@25,Static+Diverse,0.25,chunk,n331357,201404246,The small animal is drinking from who?,Cow,"[""mother""]",0.0,2,16.78061205893755,229.58197229309008,56.02966609876603,340.6472170026973,64.98099403688684,405.69565701298416,19.753578992094845,425.449236005079,283803648,512,247,262.00061483541504,0.0,8.0,32,0.25,0.25024437927663734,0.0
gqa,static_diverse_chunk@50,Static+Diverse,0.5,chunk,n331357,201404246,The small animal is drinking from who?,Cow,"[""mother""]",0.0,2,23.220963077619672,393.3326768456027,90.56522703031078,582.6819479698315,58.136180974543095,640.8943439600989,19.0665100235492,659.9608539836481,551976960,1024,357,462.2507849126123,0.0,16.0,32,0.5,0.4995112414467253,0.0
gqa,fullload,FullLoad,1.0,full,n331357,201404241,What animal is drinking from the mother?,Calf,"[""calf""]",1.0,3,,470.3862682217732,,,753.3222020138055,759.568509995006,39.201742969453335,798.7702529644594,1072693248,2048,64,,686.3686432479881,,,1.0,0.24633431085043989,0.0
gqa,recompute,ReComp,,none,n331357,201404241,What animal is drinking from the mother?,Calf,"[""calf""]",1.0,3,,0.0,,,440.67695597186685,440.677139966283,38.16758800530806,478.84472797159106,0,0,0,,,,,,,
gqa,sparsevlm,SparseVLM,0.25,token,n331357,201404241,What animal is drinking from the mother?,Calf,"[""calf""]",1.0,3,,411.60738590406254,,,734.4368890044279,740.584351005964,81.65660803206265,822.2409590380266,791494656,2438,126,,664.4555318634957,,,0.6904296875,0.24633431085043989,0.125
gqa,static_diverse_chunk@25,Static+Diverse,0.25,chunk,n331357,201404241,What animal is drinking from the mother?,Calf,"[""calf""]",1.0,3,15.633565839380026,239.37342618592083,55.33900822047144,350.01238400582224,35.374302009586245,385.4365670122206,39.045659999828786,424.4822270120494,283803648,512,247,273.3002469758503,0.0,8.0,32,0.25,0.25024437927663734,0.0
gqa,static_diverse_chunk@50,Static+Diverse,0.5,chunk,n331357,201404241,What animal is drinking from the mother?,Calf,"[""calf""]",1.0,3,20.222167891915888,376.95371656445786,87.56882179295644,558.226533990819,35.3423019987531,593.6162399593741,39.79252005228773,633.4087600116618,551976960,1024,357,444.01700992602855,0.0,16.0,32,0.5,0.4995112414467253,0.0
gqa,fullload,FullLoad,1.0,full,n331357,201404242,What is the animal that is drinking from the mom that is not small?,Calf,"[""calf""]",1.0,3,,473.5221700393595,,,727.6603530044667,733.9269339572638,38.1636000238359,772.0905339810997,1072693248,2048,64,,681.3215060392395,,,1.0,0.24633431085043989,0.0
gqa,recompute,ReComp,,none,n331357,201404242,What is the animal that is drinking from the mom that is not small?,Calf,"[""calf""]",1.0,3,,0.0,,,466.91817097598687,466.91837697289884,38.356347009539604,505.27472398243845,0,0,0,,,,,,,
gqa,sparsevlm,SparseVLM,0.25,token,n331357,201404242,What is the animal that is drinking from the mom that is not small?,Calf,"[""calf""]",1.0,3,,413.61435799626634,,,751.4219539589249,757.6319159707054,40.45523802051321,798.0871539912187,794673152,2444,138,,684.5128550194204,,,0.693359375,0.24633431085043989,0.09375
gqa,static_diverse_chunk@25,Static+Diverse,0.25,chunk,n331357,201404242,What is the animal that is drinking from the mom that is not small?,Calf,"[""calf""]",1.0,3,16.104140144307166,231.62414389662445,56.32873688591644,345.17529100412503,45.14875396853313,390.3902359888889,38.71702100150287,429.10725699039176,283803648,512,247,266.9725649175234,0.0,8.0,32,0.25,0.25024437927663734,0.0
gqa,static_diverse_chunk@50,Static+Diverse,0.5,chunk,n331357,201404242,What is the animal that is drinking from the mom that is not small?,Calf,"[""calf""]",1.0,3,23.07536790613085,396.52416424360126,92.09043974988163,590.3298360062763,60.67966896807775,651.0799519601278,39.43517402512953,690.5151259852573,551976960,1024,357,468.5822121682577,0.0,16.0,32,0.5,0.4995112414467253,0.0
gqa,fullload,FullLoad,1.0,full,n331357,201404284,Who is standing?,Cow,"[""mother""]",0.0,2,,447.707113053184,,,725.0285929767415,731.5919569809921,37.017179012764245,768.6091359937564,1072693248,2048,64,,660.8558829757385,,,1.0,0.24633431085043989,0.0
gqa,recompute,ReComp,,none,n331357,201404284,Who is standing?,Cow,"[""mother""]",0.0,2,,0.0,,,457.9219409497455,457.9221489839256,19.213281047996134,477.1354300319217,0,0,0,,,,,,,
gqa,sparsevlm,SparseVLM,0.25,token,n331357,201404284,Who is standing?,Cow,"[""mother""]",0.0,2,,428.53615613421425,,,774.7999240527861,781.0515380115248,20.994799968320876,802.0463379798457,832389120,2516,126,,705.2335709449835,,,0.728515625,0.24633431085043989,0.125
gqa,static_diverse_chunk@25,Static+Diverse,0.25,chunk,n331357,201404284,Who is standing?,Cow,"[""mother""]",0.0,2,16.160201106686145,227.23492403747514,53.75101778190583,334.5480039715767,35.766080021858215,370.36180502036586,20.02877095947042,390.3905759798363,283803648,512,247,258.85705795371905,0.0,8.0,32,0.25,0.25024437927663734,0.0
gqa,static_diverse_chunk@50,Static+Diverse,0.5,chunk,n331357,201404284,Who is standing?,Cow,"[""mother""]",0.0,2,21.369150024838746,376.7872911412269,90.27275122934952,563.2807609508745,52.87808499997482,616.2267309846357,19.87231697421521,636.0990479588509,551976960,1024,357,445.1409410685301,0.0,16.0,32,0.5,0.4995112414467253,0.0
gqa,fullload,FullLoad,1.0,full,n331357,201403947,How's the weather?,Sunny,"[""cloudless""]",0.0,3,,403.5608411068097,,,640.045984997414,646.4114830014296,38.991456967778504,685.4029399692081,1072693248,2048,64,,591.1746990750544,,,1.0,0.24633431085043989,0.0
gqa,recompute,ReComp,,none,n331357,201403947,How's the weather?,Sunny,"[""cloudless""]",0.0,3,,0.0,,,466.9082170003094,466.90841601230204,37.89497597608715,504.8033919883892,0,0,0,,,,,,,
gqa,sparsevlm,SparseVLM,0.25,token,n331357,201403947,How's the weather?,Sunny,"[""cloudless""]",0.0,3,,425.90959422523156,,,784.8935700021684,791.0918929846957,63.04388900753111,854.1357819922268,806207488,2466,134,,708.2822070224211,,,0.7041015625,0.24633431085043989,0.09375
gqa,static_diverse_chunk@25,Static+Diverse,0.25,chunk,n331357,201403947,How's the weather?,Sunny,"[""cloudless""]",0.0,3,15.764760260935873,232.32282715616748,52.22887214040384,336.0623350017704,39.94417196372524,376.05623400304466,38.60677999909967,414.66301400214434,283803648,512,247,262.2705799876712,0.0,8.0,32,0.25,0.25024437927663734,0.0
gqa,static_diverse_chunk@50,Static+Diverse,0.5,chunk,n331357,201403947,How's the weather?,Sunny,"[""cloudless""]",0.0,3,22.87630585487932,385.7002367149107,89.9404538795352,576.1129119782709,65.22718101041391,641.4081280236132,39.93005200754851,681.3381800311618,551976960,1024,357,456.7202090402134,0.0,16.0,32,0.5,0.4995112414467253,0.0
gqa,fullload,FullLoad,1.0,full,n331357,201404178,Is the small calf in the bottom part of the image?,Yes,"[""yes""]",1.0,2,,398.4703769092448,,,619.474958977662,625.7272569928318,20.31492005335167,646.0421770461835,1072693248,2048,64,,572.6255810004659,,,1.0,0.24633431085043989,0.0
gqa,recompute,ReComp,,none,n331357,201404178,Is the small calf in the bottom part of the image?,Yes,"[""yes""]",1.0,2,,0.0,,,441.20466202730313,441.20475702220574,19.326409965287894,460.53116698749363,0,0,0,,,,,,,
gqa,sparsevlm,SparseVLM,0.25,token,n331357,201404178,Is the small calf in the bottom part of the image?,Yes,"[""yes""]",1.0,2,,407.60937600862235,,,740.8899139845744,747.2690809518099,53.759126050863415,801.0282070026733,771637248,2400,136,,669.3890749011189,,,0.671875,0.24633431085043989,0.0625
gqa,static_diverse_chunk@25,Static+Diverse,0.25,chunk,n331357,201404178,Is the small calf in the bottom part of the image?,Yes,"[""yes""]",1.0,2,11.181069887243211,222.30317385401577,44.93022203678265,308.74143098481,35.20255902549252,343.99345400743186,19.24859802238643,363.2420520298183,283803648,512,247,246.90218205796555,0.0,8.0,32,0.25,0.25024437927663734,0.0
gqa,static_diverse_chunk@50,Static+Diverse,0.5,chunk,n331357,201404178,Is the small calf in the bottom part of the image?,Yes,"[""yes""]",1.0,2,23.596524901222438,386.7117420886643,92.48397877672687,584.5544789917767,49.3465710314922,633.967166999355,19.53304494963959,653.5002119489945,551976960,1024,357,461.8354239501059,0.0,16.0,32,0.5,0.4995112414467253,0.0
gqa,fullload,FullLoad,1.0,full,n51002,201804661,What device is below the artwork?,Television,"[""television""]",1.0,2,,345.5634648562409,,,588.7044229893945,595.1275170082226,24.87372502218932,620.001242030412,1124073472,2176,64,,548.4529119567014,,,1.0,0.2462686567164179,0.0
gqa,recompute,ReComp,,none,n51002,201804661,What device is below the artwork?,Television,"[""television""]",1.0,2,,0.0,,,478.39919303078204,478.39940403355286,19.67263699043542,498.0720410239883,0,0,0,,,,,,,
gqa,sparsevlm,SparseVLM,0.25,token,n51002,201804661,What device is below the artwork?,Television,"[""television""]",1.0,2,,329.71160719171166,,,623.7719189957716,630.1185759948567,44.47288502706215,674.5914610219188,880017408,2672,114,,568.2219531736337,,,0.7279411764705882,0.2462686567164179,0.1875
gqa,static_diverse_chunk@25,Static+Diverse,0.25,chunk,n51002,201804661,What device is below the artwork?,Television,"[""television""]",1.0,2,14.626052987296134,161.05452994816005,49.18968613492325,259.50928998645395,52.187010005582124,311.76008097827435,19.15177598129958,330.9118569595739,275775488,512,295,189.96657081879675,0.0,8.0,34,0.23529411764705882,0.2392723880597015,0.0
gqa,static_diverse_chunk@50,Static+Diverse,0.5,chunk,n51002,201804661,What device is below the artwork?,Television,"[""television""]",1.0,2,23.29733275109902,306.9554199464619,89.40882422029972,501.20766600593925,52.64158500358462,553.9200369967148,19.553816004190594,573.4738530009054,576716800,1088,411,381.7773798946291,0.0,17.0,34,0.5,0.507929104477612,0.0
gqa,fullload,FullLoad,1.0,full,n51002,201804477,Does that fireplace appear to be on?,No,"[""yes""]",0.0,2,,477.941983146593,,,793.3752660173923,799.7468510293402,41.6096459957771,841.3564970251173,1124073472,2176,64,,717.8861181600951,,,1.0,0.2462686567164179,0.0
gqa,recompute,ReComp,,none,n51002,201804477,Does that fireplace appear to be on?,No,"[""yes""]",0.0,2,,0.0,,,481.4047620166093,481.4049480482936,18.807373999152333,500.2123220474459,0,0,0,,,,,,,
gqa,sparsevlm,SparseVLM,0.25,token,n51002,201804477,Does that fireplace appear to be on?,No,"[""yes""]",0.0,2,,349.0935951122083,,,668.6560529633425,675.0424419878982,44.24907499924302,719.2915169871412,859045888,2630,128,,602.8901591198519,,,0.7086397058823529,0.2462686567164179,0.125
gqa,static_diverse_chunk@25,Static+Diverse,0.25,chunk,n51002,201804477,Does that fireplace appear to be on?,No,"[""yes""]",0.0,2,15.362180187366903,163.93991484073922,50.75808003311977,266.61683700513095,35.69569799583405,302.3621609900147,19.10530001623556,321.46746100625023,275775488,512,295,194.7472951724194,0.0,8.0,34,0.23529411764705882,0.2392723880597015,0.0
gqa,static_diverse_chunk@50,Static+Diverse,0.5,chunk,n51002,201804477,Does that fireplace appear to be on?,No,"[""yes""]",0.0,2,22.126981057226658,302.40049032727256,94.57269194535911,500.63000997761264,37.911406019702554,538.5963600128889,19.597480015363544,558.1938400282525,576716800,1088,411,377.2478428436443,0.0,17.0,34,0.5,0.507929104477612,0.0
gqa,fullload,FullLoad,1.0,full,n51002,201804642,Which kind of material is the black thing below the artwork made of?,Wood,"[""plastic""]",0.0,2,,361.2860230496153,,,614.6458319853991,620.9880480309948,36.97794897016138,657.9659970011562,1124073472,2176,64,,569.9550780118443,,,1.0,0.2462686567164179,0.0
gqa,recompute,ReComp,,none,n51002,201804642,Which kind of material is the black thing below the artwork made of?,Wood,"[""plastic""]",0.0,2,,0.0,,,496.8893429613672,496.889513975475,18.578246992547065,515.467760968022,0,0,0,,,,,,,
gqa,sparsevlm,SparseVLM,0.25,token,n51002,201804642,Which kind of material is the black thing below the artwork made of?,Wood,"[""plastic""]",0.0,2,,392.7828549640253,,,769.2776439944282,775.6168309715576,45.47418898437172,821.0910199559294,859570176,2630,136,,692.5813468988054,,,0.7086397058823529,0.2462686567164179,0.09375
gqa,static_diverse_chunk@25,Static+Diverse,0.25,chunk,n51002,201804642,Which kind of material is the black thing below the artwork made of?,Wood,"[""plastic""]",0.0,2,16.78377581993118,167.18613280681893,53.91297477763146,276.81485802168027,48.69812598917633,325.57540596462786,19.74836300360039,345.32376896822825,275775488,512,295,200.2337901503779,0.0,8.0,34,0.23529411764705882,0.2392723880597015,0.0
gqa,static_diverse_chunk@50,Static+Diverse,0.5,chunk,n51002,201804642,Which kind of material is the black thing below the artwork made of?,Wood,"[""plastic""]",0.0,2,23.54835602454841,339.4825209979899,99.15218013338745,547.4853960331529,50.739547004923224,598.2934880303219,19.368153007235378,617.6616410375573,576716800,1088,411,418.02249994361773,0.0,17.0,34,0.5,0.507929104477612,0.0
gqa,fullload,FullLoad,1.0,full,n51002,201803838,Which kind of furniture is the pillow on?,Couch,"[""couch""]",1.0,3,,420.6689731217921,,,703.231317049358,709.6596990013495,62.25652899593115,771.9162279972807,1124073472,2176,64,,645.0454632285982,,,1.0,0.2462686567164179,0.0
gqa,recompute,ReComp,,none,n51002,201803838,Which kind of furniture is the pillow on?,Couch,"[""couch""]",1.0,3,,0.0,,,500.364238047041,500.36436604568735,37.55701094632968,537.921376992017,0,0,0,,,,,,,
gqa,sparsevlm,SparseVLM,0.25,token,n51002,201803838,Which kind of furniture is the pillow on?,Couch,"[""couch""]",1.0,3,,409.39630509819835,,,754.9321609549224,761.1720179556869,69.39893402159214,830.570951977279,841744384,2596,136,,683.6643202113919,,,0.6930147058823529,0.2462686567164179,0.09375
gqa,static_diverse_chunk@25,Static+Diverse,0.25,chunk,n51002,201803838,Which kind of furniture is the pillow on?,Couch,"[""couch""]",1.0,3,16.045472933910787,180.97546097123995,53.583323082420975,288.5876880027354,37.10259997751564,325.7387419580482,38.55049004778266,364.28923200583085,275775488,512,295,213.1507439771667,0.0,8.0,34,0.23529411764705882,0.2392723880597015,0.0
gqa,static_diverse_chunk@50,Static+Diverse,0.5,chunk,n51002,201803838,Which kind of furniture is the pillow on?,Couch,"[""couch""]",1.0,3,23.230935097672045,327.7853831532411,98.10065000783652,532.2348439949565,43.705691001378,576.0070019750856,38.451493019238114,614.4584949943237,576716800,1088,411,404.1938177542761,0.0,17.0,34,0.5,0.507929104477612,0.0
gqa,fullload,FullLoad,1.0,full,n51002,201803833,What do you think is on the couch?,Pillow,"[""pillow""]",1.0,4,,441.21270219329745,,,729.8411399824545,736.0779690206982,57.2958150296472,793.3737840503454,1124073472,2176,64,,663.055375975091,,,1.0,0.2462686567164179,0.0
gqa,recompute,ReComp,,none,n51002,201803833,What do you think is on the couch?,Pillow,"[""pillow""]",1.0,4,,0.0,,,484.4823650200851,484.48256897972897,55.9439740027301,540.4265429824591,0,0,0,,,,,,,
gqa,sparsevlm,SparseVLM,0.25,token,n51002,201803833,What do you think is on the couch?,Pillow,"[""pillow""]",1.0,4,,389.58285038825125,,,743.2966019841842,749.9579360010102,67.18687602551654,817.1448120265268,848035840,2608,126,,667.4764279741794,,,0.6985294117647058,0.2462686567164179,0.09375
gqa,static_diverse_chunk@25,Static+Diverse,0.25,chunk,n51002,201803833,What do you think is on the couch?,Pillow,"[""pillow""]",1.0,4,15.787842101417482,174.78137189755216,52.74090310558677,281.682432978414,41.82307899463922,323.56864801840857,57.706727006006986,381.27537502441555,275775488,512,295,207.29136880254373,0.0,8.0,34,0.23529411764705882,0.2392723880597015,0.0
gqa,static_diverse_chunk@50,Static+Diverse,0.5,chunk,n51002,201803833,What do you think is on the couch?,Pillow,"[""pillow""]",1.0,4,23.87261629337445,332.270719925873,90.78352706274018,535.358068998903,41.871020977851,577.3007909883745,57.39665898727253,634.697449975647,576716800,1088,411,413.87099691201,0.0,17.0,34,0.5,0.507929104477612,0.0
gqa,fullload,FullLoad,1.0,full,n51002,201803709,What is common to the pillow and the fireplace?,Color,"[""shape""]",0.0,2,,377.1439041593112,,,633.0319700064138,639.4194840104319,19.797100976575166,659.2165849870071,1124073472,2176,64,,579.6791707980447,,,1.0,0.2462686567164179,0.0
gqa,recompute,ReComp,,none,n51002,201803709,What is common to the pillow and the fireplace?,Color,"[""shape""]",0.0,2,,0.0,,,491.26039497787133,491.2605829886161,18.706759030465037,509.9673420190811,0,0,0,,,,,,,
gqa,sparsevlm,SparseVLM,0.25,token,n51002,201803709,What is common to the pillow and the fireplace?,Color,"[""shape""]",0.0,2,,360.96118815476075,,,693.8859910005704,700.2153730136342,24.89422500366345,725.1095980172977,853803008,2620,150,,624.9678420717828,,,0.7040441176470589,0.2462686567164179,0.125
gqa,static_diverse_chunk@25,Static+Diverse,0.25,chunk,n51002,201803709,What is common to the pillow and the fireplace?,Color,"[""shape""]",0.0,2,11.3977559376508,152.11648895638064,41.63787286961451,234.54722500173375,35.81649798434228,270.41157498024404,19.572122022509575,289.9836970027536,275775488,512,295,176.01922992616892,0.0,8.0,34,0.23529411764705882,0.2392723880597015,0.0
gqa,static_diverse_chunk@50,Static+Diverse,0.5,chunk,n51002,201803709,What is common to the pillow and the fireplace?,Color,"[""shape""]",0.0,2,23.64970068447292,309.5882668858394,92.11497893556952,510.00431401189417,50.0030949478969,560.076413967181,19.401963043492287,579.4783770106733,576716800,1088,411,387.738652236294,0.0,17.0,34,0.5,0.507929104477612,0.0
gqa,fullload,FullLoad,1.0,full,n244826,20942853,Does the soccer ball look round and red?,No,"[""no""]",1.0,2,,468.9024160034023,,,730.7656469638459,736.8094379780814,29.667734052054584,766.477172030136,1021313024,1984,64,,667.5236790906638,,,1.0,0.2464065708418891,0.0
gqa,recompute,ReComp,,none,n244826,20942853,Does the soccer ball look round and red?,No,"[""no""]",1.0,2,,0.0,,,409.38757301773876,409.38782499870285,19.51102598104626,428.8988509797491,0,0,0,,,,,,,
gqa,sparsevlm,SparseVLM,0.25,token,n244826,20942853,Does the soccer ball look round and red?,No,"[""no""]",1.0,2,,386.5791841526516,,,664.7484459681436,670.7122419611551,30.658723029773682,701.3709649909288,753434624,2340,124,,605.7383566512726,,,0.6794354838709677,0.2464065708418891,0.0625
gqa,static_diverse_chunk@25,Static+Diverse,0.25,chunk,n244826,20942853,Does the soccer ball look round and red?,No,"[""no""]",1.0,2,16.655377112329006,236.01712990785018,56.00609310204163,345.98832996562123,59.40973496763036,405.4629079764709,19.703030993696302,425.1659389701672,279576576,512,257,267.59055198635906,0.0,8.0,31,0.25806451612903225,0.263347022587269,0.0
gqa,static_diverse_chunk@50,Static+Diverse,0.5,chunk,n244826,20942853,Does the soccer ball look round and red?,No,"[""no""]",1.0,2,20.81827592337504,389.5559778320603,85.65513306530192,570.8634899929166,45.38026399677619,616.2959400098771,19.415905990172178,635.7118460000493,543883264,1024,353,458.08864693390206,0.0,16.0,31,0.5161290322580645,0.5256673511293635,0.0
gqa,fullload,FullLoad,1.0,full,n244826,20942865,Who is the soccer ball in front of?,Girl,"[""soccer player""]",0.0,2,,448.0247372412123,,,712.9154540016316,719.0280149807222,19.613763026427478,738.6417780071497,1021313024,1984,64,,648.1170807383023,,,1.0,0.2464065708418891,0.0
gqa,recompute,ReComp,,none,n244826,20942865,Who is the soccer ball in front of?,Girl,"[""soccer player""]",0.0,2,,0.0,,,414.3595760106109,414.3597549991682,19.020228006411344,433.37998300557956,0,0,0,,,,,,,
gqa,sparsevlm,SparseVLM,0.25,token,n244826,20942865,Who is the soccer ball in front of?,Girl,"[""soccer player""]",0.0,2,,410.8063161256723,,,745.1999919721857,751.1020819656551,25.934363016858697,777.0364449825138,748650496,2332,130,,666.8597558164038,,,0.6754032258064516,0.2464065708418891,0.09375
gqa,static_diverse_chunk@25,Static+Diverse,0.25,chunk,n244826,20942865,Who is the soccer ball in front of?,Girl,"[""soccer player""]",0.0,2,16.532399866264313,237.1796733350493,54.63430704548955,345.9810240310617,36.1674299929291,382.1985370013863,20.042193005792797,402.2407300071791,279576576,512,257,269.2226301878691,0.0,8.0,31,0.25806451612903225,0.263347022587269,0.0
gqa,static_diverse_chunk@50,Static+Diverse,0.5,chunk,n244826,20942865,Who is the soccer ball in front of?,Girl,"[""soccer player""]",0.0,2,17.91075908113271,378.8082891260274,76.33333298144862,537.453036988154,36.06883599422872,573.5679870122112,20.086851029191166,593.6548380414024,543883264,1024,353,436.93421414354816,0.0,16.0,31,0.5161290322580645,0.5256673511293635,0.0
gqa,fullload,FullLoad,1.0,full,n244826,20942768,Which place is it?,Field,"[""field""]",1.0,2,,434.3005820410326,,,669.3332970025949,675.3595150075853,20.086116972379386,695.4456319799647,1021313024,1984,64,,617.634263180662,,,1.0,0.2464065708418891,0.0
gqa,recompute,ReComp,,none,n244826,20942768,Which place is it?,Field,"[""field""]",1.0,2,,0.0,,,411.40329698100686,411.40349995112047,19.00260301772505,430.4061029688455,0,0,0,,,,,,,
gqa,sparsevlm,SparseVLM,0.25,token,n244826,20942768,Which place is it?,Field,"[""field""]",1.0,2,,412.30353218270466,,,734.1753320069984,740.3287069755606,43.69667801074684,784.0253849863075,786399232,2404,134,,662.0437338715419,,,0.7116935483870968,0.2464065708418891,0.09375
gqa,static_diverse_chunk@25,Static+Diverse,0.25,chunk,n244826,20942768,Which place is it?,Field,"[""field""]",1.0,2,11.26053708139807,225.03466805210337,42.9275669157505,308.36835596710443,39.57787895342335,347.99301996827126,19.913121999707073,367.90614196797833,279576576,512,257,248.91648202901706,0.0,8.0,31,0.25806451612903225,0.263347022587269,0.0
gqa,static_diverse_chunk@50,Static+Diverse,0.5,chunk,n244826,20942768,Which place is it?,Field,"[""field""]",1.0,2,21.234550047665834,391.40151627361774,86.61487413337454,573.9155740011483,42.22972801653668,616.2129330332391,19.514305982738733,635.7272390159778,543883264,1024,353,459.64508602628484,0.0,16.0,31,0.5161290322580645,0.5256673511293635,0.0
gqa,fullload,FullLoad,1.0,full,n244826,20942926,Are the shorts small and white?,No,"[""no""]",1.0,2,,430.1539847510867,,,680.0626330077648,686.1146459705196,27.63327502179891,713.7479209923185,1021313024,1984,64,,624.920618138276,,,1.0,0.2464065708418891,0.0
gqa,recompute,ReComp,,none,n244826,20942926,Are the shorts small and white?,No,"[""no""]",1.0,2,,0.0,,,409.0362319839187,409.0364599833265,18.82219302933663,427.8586530126631,0,0,0,,,,,,,
gqa,sparsevlm,SparseVLM,0.25,token,n244826,20942926,Are the shorts small and white?,No,"[""no""]",1.0,2,,414.7050518076867,,,732.1663949987851,738.1464309873991,20.5745049752295,758.7209359626286,805142528,2442,132,,664.3850450054742,,,0.7308467741935484,0.2464065708418891,0.15625
gqa,static_diverse_chunk@25,Static+Diverse,0.25,chunk,n244826,20942926,Are the shorts small and white?,No,"[""no""]",1.0,2,11.29420701181516,225.96806997898966,43.41800167458132,309.81941003119573,35.807025036774576,345.6733100465499,19.654951989650726,365.3282620362006,279576576,512,257,249.84999984735623,0.0,8.0,31,0.25806451612903225,0.263347022587269,0.0
gqa,static_diverse_chunk@50,Static+Diverse,0.5,chunk,n244826,20942926,Are the shorts small and white?,No,"[""no""]",1.0,2,22.918196977116168,393.6761021031998,88.42180395731702,578.7805000436492,51.244005968328565,630.0920500070788,20.117529027629644,650.2095790347084,543883264,1024,353,460.9908191487193,0.0,16.0,31,0.5161290322580645,0.5256673511293635,0.0
gqa,fullload,FullLoad,1.0,full,n244826,20942902,Who is wearing the shoe?,Girl,"[""soccer player""]",0.0,2,,430.11128943180665,,,665.101342019625,670.9946379996836,19.385929976124316,690.3805679758079,1021313024,1984,64,,612.6288051018491,,,1.0,0.2464065708418891,0.0
gqa,recompute,ReComp,,none,n244826,20942902,Who is wearing the shoe?,Girl,"[""soccer player""]",0.0,2,,0.0,,,415.2642200351693,415.2644320274703,18.69768899632618,433.9621210237965,0,0,0,,,,,,,
gqa,sparsevlm,SparseVLM,0.25,token,n244826,20942902,Who is wearing the shoe?,Girl,"[""soccer player""]",0.0,2,,420.1669448520988,,,759.0491239679977,765.0965129723772,41.22182202991098,806.3183350022882,782532608,2400,120,,684.2062181094661,,,0.7096774193548387,0.2464065708418891,0.1875
gqa,static_diverse_chunk@25,Static+Diverse,0.25,chunk,n244826,20942902,Who is wearing the shoe?,Girl,"[""soccer player""]",0.0,2,11.457467859145254,227.91908838553354,42.65214578481391,311.5497319959104,35.75962799368426,347.35701500903815,19.73577798344195,367.0927929924801,279576576,512,257,252.12437193840742,0.0,8.0,31,0.25806451612903225,0.263347022587269,0.0
gqa,static_diverse_chunk@50,Static+Diverse,0.5,chunk,n244826,20942902,Who is wearing the shoe?,Girl,"[""soccer player""]",0.0,2,22.768478200305253,394.12704593269154,87.62820897391066,581.1072179931216,64.50214801589027,645.6773590180092,19.196317007299513,664.8736760253087,543883264,1024,353,464.31452583055943,0.0,16.0,31,0.5161290322580645,0.5256673511293635,0.0
gqa,fullload,FullLoad,1.0,full,n244826,20942887,Who is wearing the headband?,Girl,"[""soccer player""]",0.0,2,,437.19193077413365,,,685.0593489944004,691.1112000234425,19.535024999640882,710.6462250230834,1021313024,1984,64,,626.1165068717673,,,1.0,0.2464065708418891,0.0
gqa,recompute,ReComp,,none,n244826,20942887,Who is wearing the headband?,Girl,"[""soccer player""]",0.0,2,,0.0,,,411.05087398318574,411.0509720048867,18.840093980543315,429.89106598543003,0,0,0,,,,,,,
gqa,sparsevlm,SparseVLM,0.25,token,n244826,20942887,Who is wearing the headband?,Girl,"[""soccer player""]",0.0,2,,419.1094250418246,,,759.0713499812409,765.583271975629,41.20653501013294,806.789806985762,778338304,2392,128,,680.6646800832823,,,0.7056451612903226,0.2464065708418891,0.1875
gqa,static_diverse_chunk@25,Static+Diverse,0.25,chunk,n244826,20942887,Who is wearing the headband?,Girl,"[""soccer player""]",0.0,2,13.637270079925656,229.14157097693533,48.4115969738923,324.41146299242973,35.91621300438419,360.37563101854175,20.009563013445586,380.38519403198734,279576576,512,257,256.9219099241309,0.0,8.0,31,0.25806451612903225,0.263347022587269,0.0
gqa,static_diverse_chunk@50,Static+Diverse,0.5,chunk,n244826,20942887,Who is wearing the headband?,Girl,"[""soccer player""]",0.0,2,20.146012189798057,386.38929976150393,79.68326198169962,559.4741909881122,55.30135199660435,614.8429439635947,20.036138012073934,634.8790819756687,543883264,1024,353,453.1846819445491,0.0,16.0,31,0.5161290322580645,0.5256673511293635,0.0
gqa,fullload,FullLoad,1.0,full,n470131,201988103,What shape is the foil?,Round,"[""round""]",1.0,2,,368.5990727972239,,,630.3761400049552,636.708631995134,52.03662300482392,688.745254999958,1124073472,2176,64,,583.0307659343816,,,1.0,0.2462686567164179,0.0
gqa,recompute,ReComp,,none,n470131,201988103,What shape is the foil?,Round,"[""round""]",1.0,2,,0.0,,,463.11335801146924,463.1135769886896,19.138687988743186,482.2522649774328,0,0,0,,,,,,,
gqa,sparsevlm,SparseVLM,0.25,token,n470131,201988103,What shape is the foil?,Round,"[""round""]",1.0,2,,376.4268838567659,,,722.5957640330307,729.0737440343946,52.01346700778231,781.0872110421769,872677376,2656,136,,655.1899901241995,,,0.7205882352941176,0.2462686567164179,0.125
gqa,static_diverse_chunk@25,Static+Diverse,0.25,chunk,n470131,201988103,What shape is the foil?,Round,"[""round""]",1.0,2,15.987133840098977,161.08734183944762,51.77683086367324,264.92725597927347,43.351533997338265,308.343323005829,19.953862007241696,328.2971850130707,275251200,512,263,191.26820523524657,0.0,8.0,34,0.23529411764705882,0.23880597014925373,0.0
gqa,static_diverse_chunk@50,Static+Diverse,0.5,chunk,n470131,201988103,What shape is the foil?,Round,"[""round""]",1.0,2,22.372416977304965,306.35949794668704,93.75735896173865,499.9912519706413,65.15996804228052,565.2198530151509,34.17784196790308,599.397694983054,575668224,1088,349,377.30163225205615,0.0,17.0,34,0.5,0.4925373134328358,0.0
gqa,fullload,FullLoad,1.0,full,n470131,201987684,Is the table that looks yellow dirty or clean?,Dirty,"[""dirty""]",1.0,3,,456.3962933025323,,,757.9134129919112,764.2507320269942,40.526197000872344,804.7769290278666,1124073472,2176,64,,693.2217241846956,,,1.0,0.2462686567164179,0.0
gqa,recompute,ReComp,,none,n470131,201987684,Is the table that looks yellow dirty or clean?,Dirty,"[""dirty""]",1.0,3,,0.0,,,486.3810380338691,486.3812440307811,38.833457976579666,525.2147020073608,0,0,0,,,,,,,
gqa,sparsevlm,SparseVLM,0.25,token,n470131,201987684,Is the table that looks yellow dirty or clean?,Dirty,"[""dirty""]",1.0,3,,401.30032278830186,,,762.0461019687355,768.3917799731717,67.29037000332028,835.6821499764919,911998976,2734,130,,690.7188220066018,,,0.7564338235294118,0.2462686567164179,0.21875
gqa,static_diverse_chunk@25,Static+Diverse,0.25,chunk,n470131,201987684,Is the table that looks yellow dirty or clean?,Dirty,"[""dirty""]",1.0,3,14.953923760913312,164.17341987835243,50.3960881032981,264.01335204718634,40.741380013059825,304.80442504631355,38.95029396517202,343.7547190114856,275251200,512,263,192.7582630305551,0.0,8.0,34,0.23529411764705882,0.23880597014925373,0.0
gqa,static_diverse_chunk@50,Static+Diverse,0.5,chunk,n470131,201987684,Is the table that looks yellow dirty or clean?,Dirty,"[""dirty""]",1.0,3,21.264739683829248,285.47685424564406,89.28412001114339,468.5607539722696,37.01093600830063,505.62239496503025,39.17905403068289,544.8014489957131,575668224,1088,349,351.42294713295996,0.0,17.0,34,0.5,0.4925373134328358,0.0
gqa,fullload,FullLoad,1.0,full,n470131,201987969,What rests on the table?,Paper,"[""paper""]",1.0,3,,412.06961375428364,,,708.4360659937374,714.8323569563217,39.119103050325066,753.9514600066468,1124073472,2176,64,,657.4687290121801,,,1.0,0.2462686567164179,0.0
gqa,recompute,ReComp,,none,n470131,201987969,What rests on the table?,Paper,"[""paper""]",1.0,3,,0.0,,,461.5046099643223,461.5047469851561,37.28511300869286,498.78985999384895,0,0,0,,,,,,,
gqa,sparsevlm,SparseVLM,0.25,token,n470131,201987969,What rests on the table?,Tray,"[""paper""]",0.0,3,,370.6062030978501,,,712.7506080432795,719.0514370449819,43.71420998359099,762.7656470285729,851705856,2616,140,,645.3989978763275,,,0.7022058823529411,0.2462686567164179,0.125
gqa,static_diverse_chunk@25,Static+Diverse,0.25,chunk,n470131,201987969,What rests on the table?,Bottle,"[""paper""]",0.0,4,16.89556601922959,165.63103208318353,53.60532499616966,275.7317830109969,51.640240009874105,327.4375920300372,57.93812498450279,385.37571701454,275251200,512,263,198.00325401593,0.0,8.0,34,0.23529411764705882,0.23880597014925373,0.0
gqa,static_diverse_chunk@50,Static+Diverse,0.5,chunk,n470131,201987969,What rests on the table?,Paper,"[""paper""]",1.0,3,19.05827096197754,286.47314402041957,88.75930000795051,463.55108404532075,60.54826796753332,524.1670249961317,39.1499440302141,563.3169690263458,575668224,1088,349,349.0566937252879,0.0,17.0,34,0.5,0.4925373134328358,0.0
gqa,fullload,FullLoad,1.0,full,n470131,201987968,What rests on the yellow table?,Paper,"[""paper""]",1.0,3,,343.2105627725832,,,573.0099399806932,579.3330059968866,38.88459998415783,618.2176059810445,1124073472,2176,64,,534.2889348394237,,,1.0,0.2462686567164179,0.0
gqa,recompute,ReComp,,none,n470131,201987968,What rests on the yellow table?,Paper,"[""paper""]",1.0,3,,0.0,,,480.91037903213874,480.91051500523463,37.66740299761295,518.5779180028476,0,0,0,,,,,,,
gqa,sparsevlm,SparseVLM,0.25,token,n470131,201987968,What rests on the yellow table?,Tray,"[""paper""]",0.0,3,,368.96830931073055,,,711.176473996602,717.629618011415,55.22137298248708,772.8509909939021,853803008,2620,136,,639.9574558599852,,,0.7040441176470589,0.2462686567164179,0.125
gqa,static_diverse_chunk@25,Static+Diverse,0.25,chunk,n470131,201987968,What rests on the yellow table?,Paper,"[""paper""]",1.0,3,16.825923754367977,164.41020707134157,54.04163693310693,275.136583019048,53.28987701795995,328.4910410293378,38.69144100463018,367.182482033968,275251200,512,263,198.30650504445657,0.0,8.0,34,0.23529411764705882,0.23880597014925373,0.0
gqa,static_diverse_chunk@50,Static+Diverse,0.5,chunk,n470131,201987968,What rests on the yellow table?,Paper,"[""paper""]",1.0,3,13.799513049889356,262.93333811918274,76.33646111935377,409.64759897906333,38.161802978720516,447.8595079854131,38.14560599857941,486.0051139839925,575668224,1088,349,313.1306849536486,0.0,17.0,34,0.5,0.4925373134328358,0.0
gqa,fullload,FullLoad,1.0,full,n470131,201987760,Are there cookies that are not baked?,Yes,"[""no""]",0.0,2,,384.64077666867524,,,647.0293320016935,653.4023759886622,19.733438966795802,673.135814955458,1124073472,2176,64,,597.7023040759377,,,1.0,0.2462686567164179,0.0
gqa,recompute,ReComp,,none,n470131,201987760,Are there cookies that are not baked?,Yes,"[""no""]",0.0,2,,0.0,,,481.8875119672157,481.8877569632605,18.72396399267018,500.61172095593065,0,0,0,,,,,,,
gqa,sparsevlm,SparseVLM,0.25,token,n470131,201987760,Are there cookies that are not baked?,Yes,"[""no""]",0.0,2,,353.3472081180662,,,676.8156319740228,683.4461889811791,36.59064503153786,720.036834012717,863240192,2638,134,,610.4358229204081,,,0.7123161764705882,0.2462686567164179,0.125
gqa,static_diverse_chunk@25,Static+Diverse,0.25,chunk,n470131,201987760,Are there cookies that are not baked?,Yes,"[""no""]",0.0,2,11.740063782781363,145.56609286228195,42.73160418961197,228.77782699652016,34.744953038170934,263.56994203524664,21.14772901404649,284.71767104929313,275251200,512,263,168.774891004432,0.0,8.0,34,0.23529411764705882,0.23880597014925373,0.0
gqa,static_diverse_chunk@50,Static+Diverse,0.5,chunk,n470131,201987760,Are there cookies that are not baked?,Yes,"[""no""]",0.0,2,22.536170086823404,298.30197495175526,97.87500702077523,500.20914303604513,59.08661201829091,559.3632080126554,19.867077993694693,579.2302860063501,575668224,1088,349,373.3916658675298,0.0,17.0,34,0.5,0.4925373134328358,0.0
gqa,fullload,FullLoad,1.0,full,n470131,201987763,What is in front of the orange thing that is on the wall?,Paper,"[""cookie""]",0.0,3,,432.5817589997314,,,741.4808010216802,747.8093940299004,43.66173699963838,791.4711310295388,1124073472,2176,64,,672.6014570449479,,,1.0,0.2462686567164179,0.0
gqa,recompute,ReComp,,none,n470131,201987763,What is in front of the orange thing that is on the wall?,Paper,"[""cookie""]",0.0,3,,0.0,,,494.6083969553001,494.60877798264846,38.537407002877444,533.1461849855259,0,0,0,,,,,,,
gqa,sparsevlm,SparseVLM,0.25,token,n470131,201987763,What is in front of the orange thing that is on the wall?,Paper,"[""cookie""]",0.0,3,,408.16691087093204,,,784.0113590355031,790.7087519997731,59.237442968878895,849.946194968652,885260288,2682,126,,708.0403428408317,,,0.7325367647058824,0.2462686567164179,0.1875
gqa,static_diverse_chunk@25,Static+Diverse,0.25,chunk,n470131,201987763,What is in front of the orange thing that is on the wall?,Paper,"[""cookie""]",0.0,3,11.314298782963306,154.9945012666285,42.56040806649253,238.8556479709223,37.21316496375948,276.11816697753966,38.50588802015409,314.62405499769375,275251200,512,263,179.25644619390368,0.0,8.0,34,0.23529411764705882,0.23880597014925373,0.0
gqa,static_diverse_chunk@50,Static+Diverse,0.5,chunk,n470131,201987763,What is in front of the orange thing that is on the wall?,Paper,"[""cookie""]",0.0,3,23.388648929540068,315.9752959618345,95.04201903473586,515.722114010714,42.329420044552535,558.1149920471944,39.6299539715983,597.7449460187927,575668224,1088,349,390.65958512946963,0.0,17.0,34,0.5,0.4925373134328358,0.0
gqa,fullload,FullLoad,1.0,full,n195249,20482274,Which company is the hat from?,Nike,"[""nike""]",1.0,3,,442.47016293229535,,,727.4748409981839,733.3173269871622,42.36336803296581,775.680695020128,969932800,1856,64,,651.0913459933363,,,1.0,0.2464864864864865,0.0
gqa,recompute,ReComp,,none,n195249,20482274,Which company is the hat from?,Nike,"[""nike""]",1.0,3,,0.0,,,388.5214839829132,388.5216969647445,37.942422030027956,426.46411899477243,0,0,0,,,,,,,
gqa,sparsevlm,SparseVLM,0.25,token,n195249,20482274,Which company is the hat from?,Nike,"[""nike""]",1.0,3,,228.54054876370355,,,446.4595399913378,452.37578701926395,46.48271598853171,498.85850300779566,657637376,2096,128,,399.07436206704006,,,0.6293103448275862,0.2464864864864865,0.0625
gqa,static_diverse_chunk@25,Static+Diverse,0.25,chunk,n195249,20482274,Which company is the hat from?,Nike,"[""nike""]",1.0,3,14.456611301284283,153.2023751642555,47.11428110022098,246.7013620189391,55.70392095251009,302.47090698685497,39.101619040593505,341.5725260274485,248217600,448,253,179.84354007057846,0.0,7.0,29,0.2413793103448276,0.2427027027027027,0.0
gqa,static_diverse_chunk@50,Static+Diverse,0.5,chunk,n195249,20482274,Which company is the hat from?,Nike,"[""nike""]",1.0,3,19.18162399670109,264.4372473587282,74.38037992687896,416.8731009704061,60.76169398147613,477.70109097473323,38.867073017172515,516.5681639919057,482410496,896,363,317.38497788319364,0.0,14.0,29,0.4827586206896552,0.4843243243243243,0.0
gqa,fullload,FullLoad,1.0,full,n195249,20482492,Does this woman wear a wetsuit?,No,"[""no""]",1.0,2,,353.6465974175371,,,576.602428976912,582.5002620113082,19.671015033964068,602.1712770452723,969932800,1856,64,,527.0233482006006,,,1.0,0.2464864864864865,0.0
gqa,recompute,ReComp,,none,n195249,20482492,Does this woman wear a wetsuit?,No,"[""no""]",1.0,2,,0.0,,,378.82122601149604,378.82144399918616,18.719577987212688,397.54102198639885,0,0,0,,,,,,,
gqa,sparsevlm,SparseVLM,0.25,token,n195249,20482492,Does this woman wear a wetsuit?,No,"[""no""]",1.0,2,,276.3058681739494,,,574.0127860335633,579.8667810158804,40.67892301827669,620.5457040341571,659734528,2100,118,,499.94091084226966,,,0.6314655172413793,0.2464864864864865,0.0625
gqa,static_diverse_chunk@25,Static+Diverse,0.25,chunk,n195249,20482492,Does this woman wear a wetsuit?,No,"[""no""]",1.0,2,12.630982033442706,148.923879081849,43.41305000707507,234.47752703214064,35.9646690194495,270.48953803023323,19.607514957897365,290.0970529881306,248217600,448,253,173.19478193530813,0.0,7.0,29,0.2413793103448276,0.2427027027027027,0.0
gqa,static_diverse_chunk@50,Static+Diverse,0.5,chunk,n195249,20482492,Does this woman wear a wetsuit?,No,"[""no""]",1.0,2,21.479090792126954,265.6098870211281,83.1332029774785,434.42902399692684,63.13644599867985,497.63210501987487,19.947207998484373,517.5793130183592,482410496,896,363,323.7993222428486,0.0,14.0,29,0.4827586206896552,0.4843243243243243,0.0
gqa,fullload,FullLoad,1.0,full,n195249,20482257,Does the blue hat have large size?,Yes,"[""no""]",0.0,2,,383.9840237633325,,,634.1082219732925,640.028067980893,32.948765030596405,672.9768330114894,969932800,1856,64,,572.64628080884,,,1.0,0.2464864864864865,0.0
gqa,recompute,ReComp,,none,n195249,20482257,Does the blue hat have large size?,Yes,"[""no""]",0.0,2,,0.0,,,397.0396989607252,397.03989698318765,19.643866049591452,416.6837630327791,0,0,0,,,,,,,
gqa,sparsevlm,SparseVLM,0.25,token,n195249,20482257,Does the blue hat have large size?,Yes,"[""no""]",0.0,2,,268.89459090307355,,,537.2170030022971,543.031578999944,23.774912988301367,566.8064919882454,679559168,2138,118,,478.1444070395082,,,0.6519396551724138,0.2464864864864865,0.09375
gqa,static_diverse_chunk@25,Static+Diverse,0.25,chunk,n195249,20482257,Does the blue hat have large size?,No,"[""no""]",1.0,2,11.634614842478186,146.2977121118456,42.57846821565181,229.8728670575656,34.33745098300278,264.2581980326213,20.318830967880785,284.5770290005021,248217600,448,253,170.5236320849508,0.0,7.0,29,0.2413793103448276,0.2427027027027027,0.0
gqa,static_diverse_chunk@50,Static+Diverse,0.5,chunk,n195249,20482257,Does the blue hat have large size?,Yes,"[""no""]",0.0,2,21.742483135312796,264.0787297859788,81.74707891885191,431.21344601968303,43.268417997751385,474.5302560040727,19.723709032405168,494.2539650364779,482410496,896,363,321.75879285205156,0.0,14.0,29,0.4827586206896552,0.4843243243243243,0.0
gqa,fullload,FullLoad,1.0,full,n195249,20482531,Does the cotton shirt look dark blue and short?,Yes,"[""yes""]",1.0,2,,374.4113580323756,,,617.2670620144345,623.1897510006092,41.3163669873029,664.5061179879121,969932800,1856,64,,556.7878030706197,,,1.0,0.2464864864864865,0.0
gqa,recompute,ReComp,,none,n195249,20482531,Does the cotton shirt look dark blue and short?,Yes,"[""yes""]",1.0,2,,0.0,,,401.7580770305358,401.7582689994015,18.967180978506804,420.7254499779083,0,0,0,,,,,,,
gqa,sparsevlm,SparseVLM,0.25,token,n195249,20482531,Does the cotton shirt look dark blue and short?,Yes,"[""yes""]",1.0,2,,287.69135230686516,,,597.2813880071044,603.2773369806819,47.96657199040055,651.2439089710824,674316288,2128,120,,522.7893581031822,,,0.646551724137931,0.2464864864864865,0.09375
gqa,static_diverse_chunk@25,Static+Diverse,0.25,chunk,n195249,20482531,Does the cotton shirt look dark blue and short?,Yes,"[""yes""]",1.0,2,14.675107900984585,154.65999016305432,48.2255972456187,249.85587497940287,34.7643299610354,284.6660239738412,19.745683996006846,304.41170796984807,248217600,448,253,181.65621801745147,0.0,7.0,29,0.2413793103448276,0.2427027027027027,0.0
gqa,static_diverse_chunk@50,Static+Diverse,0.5,chunk,n195249,20482531,Does the cotton shirt look dark blue and short?,Yes,"[""yes""]",1.0,2,21.735006826929748,266.3650077302009,87.2274701250717,440.90943201445043,65.25153998518363,506.22529099928215,20.496394019573927,526.7216850188561,482410496,896,363,325.95324114663526,0.0,14.0,29,0.4827586206896552,0.4843243243243243,0.0
gqa,fullload,FullLoad,1.0,full,n195249,20482537,What color is the shirt made of cotton?,Blue,"[""dark blue""]",0.0,2,,374.43119107047096,,,615.4260049806908,621.2601879960857,45.187234005425125,666.4474220015109,969932800,1856,64,,552.1173650049604,,,1.0,0.2464864864864865,0.0
gqa,recompute,ReComp,,none,n195249,20482537,What color is the shirt made of cotton?,Blue,"[""dark blue""]",0.0,2,,0.0,,,390.24396502645686,390.24413703009486,19.199577975086868,409.44371500518173,0,0,0,,,,,,,
gqa,sparsevlm,SparseVLM,0.25,token,n195249,20482537,What color is the shirt made of cotton?,Blue,"[""dark blue""]",0.0,2,,271.262546593789,,,555.3988029714674,561.1546820146032,25.289340992458165,586.4440230070613,662880256,2106,120,,485.70151487365365,,,0.634698275862069,0.2464864864864865,0.0625
gqa,static_diverse_chunk@25,Static+Diverse,0.25,chunk,n195249,20482537,What color is the shirt made of cotton?,Blue,"[""dark blue""]",0.0,2,13.383054931182414,150.07340908050537,46.06856993632391,240.80131895607337,56.52306700358167,297.387913975399,19.599238003138453,316.98715197853744,248217600,448,253,176.08411592664197,0.0,7.0,29,0.2413793103448276,0.2427027027027027,0.0
gqa,static_diverse_chunk@50,Static+Diverse,0.5,chunk,n195249,20482537,What color is the shirt made of cotton?,Blue,"[""dark blue""]",0.0,2,21.91017515724525,266.75626198993996,81.47945412201807,434.1798880486749,56.71817698748782,490.9623410203494,19.710345019120723,510.67268603947014,482410496,896,363,324.8268119059503,0.0,14.0,29,0.4827586206896552,0.4843243243243243,0.0
gqa,fullload,FullLoad,1.0,full,n195249,20482514,Is the person that is staring holding the tennis racket?,Yes,"[""yes""]",1.0,2,,360.5200191377662,,,587.1923610102385,592.9558650241233,23.88606598833576,616.8419310124591,969932800,1856,64,,529.337443120312,,,1.0,0.2464864864864865,0.0
gqa,recompute,ReComp,,none,n195249,20482514,Is the person that is staring holding the tennis racket?,Yes,"[""yes""]",1.0,2,,0.0,,,384.0127179864794,384.01294295908883,19.144916033837944,403.1578589929268,0,0,0,,,,,,,
gqa,sparsevlm,SparseVLM,0.25,token,n195249,20482514,Is the person that is staring holding the tennis racket?,Yes,"[""yes""]",1.0,2,,270.2290432062,,,553.7240030243993,559.547407028731,49.928613007068634,609.4760200357996,683851776,2146,124,,487.38047992810607,,,0.65625,0.2464864864864865,0.0625
gqa,static_diverse_chunk@25,Static+Diverse,0.25,chunk,n195249,20482514,Is the person that is staring holding the tennis racket?,Yes,"[""yes""]",1.0,2,10.373733821325004,145.34636383177713,38.87468087486923,220.5625099595636,34.11302500171587,254.7222760040313,19.56309098750353,274.28536699153483,248217600,448,253,166.20813310146332,0.0,7.0,29,0.2413793103448276,0.2427027027027027,0.0
gqa,static_diverse_chunk@50,Static+Diverse,0.5,chunk,n195249,20482514,Is the person that is staring holding the tennis racket?,Yes,"[""yes""]",1.0,2,20.78287798212841,260.9759859624319,78.87809490785003,424.0231979638338,40.216504014097154,464.30484199663624,19.02692497242242,483.33176696905866,482410496,896,363,318.4400206664577,0.0,14.0,29,0.4827586206896552,0.4843243243243243,0.0
gqa,fullload,FullLoad,1.0,full,n281241,20427658,In front of what is the gentleman?,Painting,"[""picture""]",0.0,4,,358.27872302616015,,,611.3670460181311,617.8837029729038,58.180039981380105,676.063742954284,1132462080,2176,64,,569.2560862516984,,,1.0,0.24444444444444444,0.0
gqa,recompute,ReComp,,none,n281241,20427658,In front of what is the gentleman?,Picture,"[""picture""]",1.0,2,,0.0,,,501.1878249933943,501.1880309903063,19.85443802550435,521.0424690158106,0,0,0,,,,,,,
gqa,sparsevlm,SparseVLM,0.25,token,n281241,20427658,In front of what is the gentleman?,Painting,"[""picture""]",0.0,4,,387.1716538560577,,,749.3828590377234,756.2022450147197,60.775969992391765,816.9782150071114,963248128,2828,132,,685.5954349739477,,,0.7996323529411765,0.24444444444444444,0.25
gqa,static_diverse_chunk@25,Static+Diverse,0.25,chunk,n281241,20427658,In front of what is the gentleman?,Painting,"[""picture""]",0.0,4,15.944725251756608,187.68404721049592,55.984505044762045,296.9985529780388,46.468538988847286,343.53090601507574,57.0709069725126,400.60181298758835,288882688,512,325,219.15730589535087,0.0,8.0,34,0.23529411764705882,0.23935185185185184,0.0
gqa,static_diverse_chunk@50,Static+Diverse,0.5,chunk,n281241,20427658,In front of what is the gentleman?,Painting,"[""picture""]",0.0,4,22.56048930576071,313.8737231492996,96.49004181846976,515.8000380033627,51.67604103917256,567.5446660025045,57.807489996775985,625.3521559992805,588775424,1088,419,389.9989068158902,0.0,17.0,34,0.5,0.4962962962962963,0.0
gqa,fullload,FullLoad,1.0,full,n281241,20427655,Who is in front of the square picture?,Man,"[""gentleman""]",0.0,2,,421.4608722832054,,,742.1029629767872,748.6144069698639,42.10735601373017,790.7217629835941,1132462080,2176,64,,681.641201954335,,,1.0,0.24444444444444444,0.0
gqa,recompute,ReComp,,none,n281241,20427655,Who is in front of the square picture?,Man,"[""gentleman""]",0.0,2,,0.0,,,496.8429610016756,496.84322701068595,18.73756299028173,515.5807900009677,0,0,0,,,,,,,
gqa,sparsevlm,SparseVLM,0.25,token,n281241,20427655,Who is in front of the square picture?,Man,"[""gentleman""]",0.0,2,,413.703904079739,,,812.7820339868777,819.4554070360027,25.35457198973745,844.8099790257402,944373760,2792,134,,736.4031710312702,,,0.7830882352941176,0.24444444444444444,0.25
gqa,static_diverse_chunk@25,Static+Diverse,0.25,chunk,n281241,20427655,Who is in front of the square picture?,Man,"[""gentleman""]",0.0,2,16.33973396383226,180.56380923371762,54.71958976704627,289.273009984754,55.21116004092619,344.54843401908875,19.313060969579965,363.8614949886687,288882688,512,325,212.3304900014773,0.0,8.0,34,0.23529411764705882,0.23935185185185184,0.0
gqa,static_diverse_chunk@50,Static+Diverse,0.5,chunk,n281241,20427655,Who is in front of the square picture?,Man,"[""gentleman""]",0.0,2,22.06136507447809,302.41242167539895,91.0111271077767,496.51410203659907,46.253998996689916,542.839401983656,19.426685001235455,562.2660869848914,588775424,1088,419,376.679680950474,0.0,17.0,34,0.5,0.4962962962962963,0.0
gqa,fullload,FullLoad,1.0,full,n281241,20427656,Who is in front of the picture?,Man,"[""gentleman""]",0.0,2,,373.0665841139853,,,647.4803879973479,653.8478700094856,19.614866992924362,673.46273700241,1132462080,2176,64,,600.3659600974061,,,1.0,0.24444444444444444,0.0
gqa,recompute,ReComp,,none,n281241,20427656,Who is in front of the picture?,Man,"[""gentleman""]",0.0,2,,0.0,,,500.62396697467193,500.6240509683266,18.787943990901113,519.4119949592277,0,0,0,,,,,,,
gqa,sparsevlm,SparseVLM,0.25,token,n281241,20427656,Who is in front of the picture?,Man,"[""gentleman""]",0.0,2,,375.2379982615821,,,726.2660370324738,732.5923120370135,20.828927983529866,753.4212400205433,944373760,2792,134,,656.4947689766996,,,0.7830882352941176,0.24444444444444444,0.25
gqa,static_diverse_chunk@25,Static+Diverse,0.25,chunk,n281241,20427656,Who is in front of the picture?,Man,"[""gentleman""]",0.0,2,10.439306846819818,161.03136603487656,42.824264033697546,243.2731599546969,35.217044001910836,278.53218000382185,19.901660969480872,298.4338409733027,288882688,512,325,184.38182212412357,0.0,8.0,34,0.23529411764705882,0.23935185185185184,0.0
gqa,static_diverse_chunk@50,Static+Diverse,0.5,chunk,n281241,20427656,Who is in front of the picture?,Man,"[""gentleman""]",0.0,2,23.586946248542517,307.52468638820574,96.8150373082608,510.9806719701737,53.42339997878298,564.4712849752977,19.66141100274399,584.1326959780417,588775424,1088,419,383.7513328762725,0.0,17.0,34,0.5,0.4962962962962963,0.0
gqa,fullload,FullLoad,1.0,full,n281241,20427461,Is the jacket the same color as the dress shirt?,Yes,"[""yes""]",1.0,2,,370.2027515973896,,,641.4198680431582,647.7766050375067,24.796802958007902,672.5734079955146,1132462080,2176,64,,591.8265611981042,,,1.0,0.24444444444444444,0.0
gqa,recompute,ReComp,,none,n281241,20427461,Is the jacket the same color as the dress shirt?,Yes,"[""yes""]",1.0,2,,0.0,,,497.48616601573303,497.48644401552156,18.996265018358827,516.4827090338804,0,0,0,,,,,,,
gqa,sparsevlm,SparseVLM,0.25,token,n281241,20427461,Is the jacket the same color as the dress shirt?,Yes,"[""yes""]",1.0,2,,392.2127246623859,,,764.003896038048,770.514526986517,32.764943956863135,803.2794709433801,984481792,2870,128,,693.3464211178944,,,0.8189338235294118,0.24444444444444444,0.34375
gqa,static_diverse_chunk@25,Static+Diverse,0.25,chunk,n281241,20427461,Is the jacket the same color as the dress shirt?,Yes,"[""yes""]",1.0,2,11.336968978866935,167.13467094814405,45.44418916339055,254.80583298485726,35.401491972152144,290.2557909837924,19.297557009849697,309.5533479936421,288882688,512,325,192.26773595437407,0.0,8.0,34,0.23529411764705882,0.23935185185185184,0.0
gqa,static_diverse_chunk@50,Static+Diverse,0.5,chunk,n281241,20427461,Is the jacket the same color as the dress shirt?,Yes,"[""yes""]",1.0,2,19.837615313008428,296.09543713741004,90.36302677122876,486.0256619867869,42.17607097234577,528.2690399908461,19.261691020801663,547.5307310116477,588775424,1088,419,369.3091999157332,0.0,17.0,34,0.5,0.4962962962962963,0.0
gqa,fullload,FullLoad,1.0,full,n281241,20427673,Who is wearing a shirt?,Man,"[""gentleman""]",0.0,2,,380.1285197259858,,,660.168515983969,666.9039219850674,20.2062230091542,687.1101449942216,1132462080,2176,64,,610.4724889155477,,,1.0,0.24444444444444444,0.0
gqa,recompute,ReComp,,none,n281241,20427673,Who is wearing a shirt?,Man,"[""gentleman""]",0.0,2,,0.0,,,501.0579420486465,501.05812604306266,19.27691197488457,520.3350380179472,0,0,0,,,,,,,
gqa,sparsevlm,SparseVLM,0.25,token,n281241,20427673,Who is wearing a shirt?,Man,"[""gentleman""]",0.0,2,,403.87265803292394,,,790.2672149939463,796.985994966235,53.75047103734687,850.7364660035819,972685312,2846,134,,719.9207640951499,,,0.8079044117647058,0.24444444444444444,0.25
gqa,static_diverse_chunk@25,Static+Diverse,0.25,chunk,n281241,20427673,Who is wearing a shirt?,Man,"[""gentleman""]",0.0,2,15.10570099344477,185.06105797132477,52.454906166531146,288.64200896350667,36.50453203590587,325.1896940055303,19.620440958533436,344.81013496406376,288882688,512,325,215.1991057326086,0.0,8.0,34,0.23529411764705882,0.23935185185185184,0.0
gqa,static_diverse_chunk@50,Static+Diverse,0.5,chunk,n281241,20427673,Who is wearing a shirt?,Man,"[""gentleman""]",0.0,2,22.941853967495263,307.1224449086003,93.13763008685783,506.51087902951986,51.28053796943277,557.8586269984953,20.73476603254676,578.5933930310421,588775424,1088,419,383.6313449428417,0.0,17.0,34,0.5,0.4962962962962963,0.0
gqa,fullload,FullLoad,1.0,full,n281241,20427674,Who is wearing the shirt?,Man,"[""gentleman""]",0.0,2,,350.91183421900496,,,582.4573260033503,588.847940962296,19.650503993034363,608.4984449553303,1132462080,2176,64,,530.8973100036383,,,1.0,0.24444444444444444,0.0
gqa,recompute,ReComp,,none,n281241,20427674,Who is wearing the shirt?,Man,"[""gentleman""]",0.0,2,,0.0,,,495.34895800752565,495.3491610358469,19.4128539878875,514.7620150237344,0,0,0,,,,,,,
gqa,sparsevlm,SparseVLM,0.25,token,n281241,20427674,Who is wearing the shirt?,Man,"[""gentleman""]",0.0,2,,396.54466073261574,,,771.0025749984197,777.3904000059702,24.846379994414747,802.2367800003849,964558848,2830,140,,693.1608599843457,,,0.8005514705882353,0.24444444444444444,0.21875
gqa,static_diverse_chunk@25,Static+Diverse,0.25,chunk,n281241,20427674,Who is wearing the shirt?,Man,"[""gentleman""]",0.0,2,16.295485838782042,182.10757680935785,57.60191386798397,294.2800539894961,41.768398019485176,336.1130050034262,18.958563974592835,355.07156897801906,288882688,512,325,214.46760720573366,0.0,8.0,34,0.23529411764705882,0.23935185185185184,0.0
gqa,static_diverse_chunk@50,Static+Diverse,0.5,chunk,n281241,20427674,Who is wearing the shirt?,Man,"[""gentleman""]",0.0,2,21.270696830470115,300.86527729872614,86.88325807452202,493.12226596521214,45.9607969969511,539.1479160171002,18.993737001437694,558.1416530185379,588775424,1088,419,378.2741440227255,0.0,17.0,34,0.5,0.4962962962962963,0.0
gqa,fullload,FullLoad,1.0,full,n90294,20385685,Is the laptop near the charger modern and black?,No,"[""no""]",1.0,2,,433.3097560447641,,,751.7891729949042,758.5432740161195,20.059992966707796,778.6032669828273,1226833920,2368,64,,698.5715461778454,,,1.0,0.24615384615384617,0.0
gqa,recompute,ReComp,,none,n90294,20385685,Is the laptop near the charger modern and black?,No,"[""no""]",1.0,2,,0.0,,,508.9444369659759,508.94464197335765,18.781977996695787,527.7266199700534,0,0,0,,,,,,,
gqa,sparsevlm,SparseVLM,0.25,token,n90294,20385685,Is the laptop near the charger modern and black?,No,"[""no""]",1.0,2,,355.6122307199985,,,680.1339259836823,686.8094489909708,20.181883010081947,706.9913320010528,961183744,2912,144,,617.4931388814002,,,0.7297297297297297,0.24615384615384617,0.15625
gqa,static_diverse_chunk@25,Static+Diverse,0.25,chunk,n90294,20385685,Is the laptop near the charger modern and black?,No,"[""no""]",1.0,2,16.246707236859947,190.84757508244365,57.134408911224455,304.79989299783483,59.99642098322511,364.85955299576744,19.381823018193245,384.2413760139607,316276736,576,315,225.32755776774138,0.0,9.0,37,0.24324324324324326,0.2465811965811966,0.0
gqa,static_diverse_chunk@50,Static+Diverse,0.5,chunk,n90294,20385685,Is the laptop near the charger modern and black?,No,"[""no""]",1.0,2,21.1304011172615,310.7564891106449,95.90556682087481,508.83250701008365,43.38933096732944,552.2896780166775,19.004439003765583,571.2941170204431,615972864,1152,403,384.8773090285249,0.0,18.0,37,0.4864864864864865,0.48034188034188036,0.0
gqa,fullload,FullLoad,1.0,full,n90294,20385575,Is the remote to the right or to the left of the book?,Left,"[""right""]",0.0,2,,351.24432906741276,,,591.385759995319,598.1008890084922,19.679146993439645,617.7800360019319,1226833920,2368,64,,555.3383671212941,,,1.0,0.24615384615384617,0.0
gqa,recompute,ReComp,,none,n90294,20385575,Is the remote to the right or to the left of the book?,Left,"[""right""]",0.0,2,,0.0,,,542.9778940160759,542.9781129932962,19.007776980288327,561.9858899735846,0,0,0,,,,,,,
gqa,sparsevlm,SparseVLM,0.25,token,n90294,20385575,Is the remote to the right or to the left of the book?,Left,"[""right""]",0.0,2,,394.8757408070378,,,756.5837879665196,763.1823499687016,22.047617007046938,785.2299669757485,962691072,2914,148,,687.2267097933218,,,0.7305743243243243,0.24615384615384617,0.125
gqa,static_diverse_chunk@25,Static+Diverse,0.25,chunk,n90294,20385575,Is the remote to the right or to the left of the book?,Left,"[""right""]",0.0,2,15.567601367365569,185.98096928326413,53.78988367738202,294.0859390073456,43.755544000305235,337.90497499285266,19.297269987873733,357.2022449807264,316276736,576,315,218.6531500192359,0.0,9.0,37,0.24324324324324326,0.2465811965811966,0.0
gqa,static_diverse_chunk@50,Static+Diverse,0.5,chunk,n90294,20385575,Is the remote to the right or to the left of the book?,Left,"[""right""]",0.0,2,22.248322900850326,316.9505483820103,97.24758972879499,519.9430920183659,47.65878996113315,567.6706139929593,19.150221021845937,586.8208350148052,615972864,1152,403,393.34727212553844,0.0,18.0,37,0.4864864864864865,0.48034188034188036,0.0
gqa,fullload,FullLoad,1.0,full,n90294,20385576,Is there any remote control next to the book?,Yes,"[""yes""]",1.0,2,,391.48375613149256,,,659.6665750257671,666.2854310125113,19.62364901555702,685.9090800280683,1226833920,2368,64,,618.0286721209995,,,1.0,0.24615384615384617,0.0
gqa,recompute,ReComp,,none,n90294,20385576,Is there any remote control next to the book?,Yes,"[""yes""]",1.0,2,,0.0,,,538.9439429854974,538.9441419974901,18.975209968630224,557.9193519661203,0,0,0,,,,,,,
gqa,sparsevlm,SparseVLM,0.25,token,n90294,20385576,Is there any remote control next to the book?,Yes,"[""yes""]",1.0,2,,420.16553704161197,,,821.2311959941871,828.0178550048731,45.950196974445134,873.9680519793183,948469760,2886,142,,741.1810798803344,,,0.71875,0.24615384615384617,0.09375
gqa,static_diverse_chunk@25,Static+Diverse,0.25,chunk,n90294,20385576,Is there any remote control next to the book?,Yes,"[""yes""]",1.0,2,16.134527162648737,192.17120786197484,57.56640312029049,307.27060401113704,50.93514098552987,358.26879902742803,19.690802961122245,377.9596019885503,316276736,576,315,227.43982094107196,0.0,9.0,37,0.24324324324324326,0.2465811965811966,0.0
gqa,static_diverse_chunk@50,Static+Diverse,0.5,chunk,n90294,20385576,Is there any remote control next to the book?,Yes,"[""yes""]",1.0,2,22.892416920512915,320.0397500768304,92.93038211762905,521.4543539914303,48.3963509905152,569.9206040007994,19.17056500678882,589.0911690075882,615972864,1152,403,398.5475460649468,0.0,18.0,37,0.4864864864864865,0.48034188034188036,0.0
gqa,fullload,FullLoad,1.0,full,n90294,20385794,Is the white bag made of cloth or leather?,Cloth,"[""cloth""]",1.0,3,,401.3368279556744,,,672.1497750259005,678.93874499714,39.16977997869253,718.1085249758326,1226833920,2368,64,,623.7887600436807,,,1.0,0.24615384615384617,0.0
gqa,recompute,ReComp,,none,n90294,20385794,Is the white bag made of cloth or leather?,Cloth,"[""cloth""]",1.0,3,,0.0,,,515.8084869617596,515.8086210140027,36.88894701190293,552.6975680259056,0,0,0,,,,,,,
gqa,sparsevlm,SparseVLM,0.25,token,n90294,20385794,Is the white bag made of cloth or leather?,Cloth,"[""cloth""]",1.0,3,,408.88214408187196,,,773.660232021939,780.2850310108624,72.4353389814496,852.720369992312,982876160,2956,132,,701.9717880175449,,,0.7483108108108109,0.24615384615384617,0.25
gqa,static_diverse_chunk@25,Static+Diverse,0.25,chunk,n90294,20385794,Is the white bag made of cloth or leather?,Cloth,"[""cloth""]",1.0,3,15.1363211334683,191.92741514416412,52.847948332782835,296.8243950163014,36.26797499600798,333.1432630075142,38.824339979328215,371.9676029868424,316276736,576,315,222.83379989676178,0.0,9.0,37,0.24324324324324326,0.2465811965811966,0.0
gqa,static_diverse_chunk@50,Static+Diverse,0.5,chunk,n90294,20385794,Is the white bag made of cloth or leather?,Cloth,"[""cloth""]",1.0,3,24.091511266306043,324.67159745283425,96.9687370234169,531.9409419898875,48.28805202851072,580.2978129941039,38.77879399806261,619.0766069921665,615972864,1152,403,403.78795517608523,0.0,18.0,37,0.4864864864864865,0.48034188034188036,0.0
gqa,fullload,FullLoad,1.0,full,n90294,20385226,Does the book have the same color as the charger?,No,"[""yes""]",0.0,2,,419.23604102339596,,,729.004452994559,735.6178949703462,19.638072000816464,755.2559669711627,1226833920,2368,64,,674.7800029697828,,,1.0,0.24615384615384617,0.0
gqa,recompute,ReComp,,none,n90294,20385226,Does the book have the same color as the charger?,No,"[""yes""]",0.0,2,,0.0,,,542.86880599102,542.8691260167398,19.120968005154282,561.990094021894,0,0,0,,,,,,,
gqa,sparsevlm,SparseVLM,0.25,token,n90294,20385226,Does the book have the same color as the charger?,No,"[""yes""]",0.0,2,,398.0693581979722,,,741.2430849508382,747.9280779953115,52.70354403182864,800.6316220271401,952795136,2896,140,,672.4178328877315,,,0.722972972972973,0.24615384615384617,0.15625
gqa,static_diverse_chunk@25,Static+Diverse,0.25,chunk,n90294,20385226,Does the book have the same color as the charger?,No,"[""yes""]",0.0,2,16.108601877931505,202.0988931762986,56.973346101585776,316.065841994714,57.192805979866534,373.3234079554677,19.44524102145806,392.76864897692576,316276736,576,315,236.8510608212091,0.0,9.0,37,0.24324324324324326,0.2465811965811966,0.0
gqa,static_diverse_chunk@50,Static+Diverse,0.5,chunk,n90294,20385226,Does the book have the same color as the charger?,No,"[""yes""]",0.0,2,22.587965766433626,323.89376615174115,96.59268910763785,526.8280360032804,39.251220994628966,566.133915039245,19.140201970003545,585.2741170092486,615972864,1152,403,400.658089958597,0.0,18.0,37,0.4864864864864865,0.48034188034188036,0.0
gqa,fullload,FullLoad,1.0,full,n90294,20385928,Are both the charger and the calculator made of plastic?,Yes,"[""yes""]",1.0,2,,466.8963985168375,,,790.7567860092968,797.4719899939373,20.163681998383254,817.6356719923206,1226833920,2368,64,,726.7271961318329,,,1.0,0.24615384615384617,0.0
gqa,recompute,ReComp,,none,n90294,20385928,Are both the charger and the calculator made of plastic?,Yes,"[""yes""]",1.0,2,,0.0,,,540.7329680165276,540.7331510214135,18.962784961331636,559.6959359827451,0,0,0,,,,,,,
gqa,sparsevlm,SparseVLM,0.25,token,n90294,20385928,Are both the charger and the calculator made of plastic?,Yes,"[""yes""]",1.0,2,,389.2470218706876,,,747.8572470135987,754.6604790259153,37.846505001652986,792.5069840275683,932282368,2856,150,,675.6744177546352,,,0.706081081081081,0.24615384615384617,0.125
gqa,static_diverse_chunk@25,Static+Diverse,0.25,chunk,n90294,20385928,Are both the charger and the calculator made of plastic?,Yes,"[""yes""]",1.0,2,15.65482997102663,192.60784820653498,57.150475040543824,305.7535630068742,65.13379997340962,370.95137196592987,30.72299499763176,401.6743669635616,316276736,576,315,226.84260504320264,0.0,9.0,37,0.24324324324324326,0.2465811965811966,0.0
gqa,static_diverse_chunk@50,Static+Diverse,0.5,chunk,n90294,20385928,Are both the charger and the calculator made of plastic?,Yes,"[""yes""]",1.0,2,22.72697223816067,330.9924998902716,93.63749698968604,531.2774459598586,62.31389503227547,593.6618539853953,18.929417012259364,612.5912709976546,615972864,1152,403,407.8334348741919,0.0,18.0,37,0.4864864864864865,0.48034188034188036,0.0
gqa,fullload,FullLoad,1.0,full,n16425,20342389,Which color is the bus to the right of the other bus?,White,"[""blue""]",0.0,2,,382.6725969556719,,,642.3787100357004,649.1690680268221,19.53424495877698,668.703312985599,1278214144,2496,64,,589.6550340112299,,,1.0,0.2461033634126333,0.0
gqa,recompute,ReComp,,none,n16425,20342389,Which color is the bus to the right of the other bus?,White,"[""blue""]",0.0,2,,0.0,,,563.3215879788622,563.3217869908549,18.909247999545187,582.2310349904001,0,0,0,,,,,,,
gqa,sparsevlm,SparseVLM,0.25,token,n16425,20342389,Which color is the bus to the right of the other bus?,White,"[""blue""]",0.0,2,,418.146368174348,,,820.3824710217305,827.3102869861759,27.071882970631123,854.382169956807,943013888,2936,176,,741.2143429392017,,,0.6762820512820513,0.2461033634126333,0.0625
gqa,static_diverse_chunk@25,Static+Diverse,0.25,chunk,n16425,20342389,Which color is the bus to the right of the other bus?,White,"[""blue""]",0.0,2,17.329514143057168,179.58401807118207,63.32551612285897,305.7813619961962,42.256487999111414,348.1038239551708,19.581591011956334,367.68541496712714,333611008,640,273,218.7941949814558,0.0,10.0,39,0.2564102564102564,0.263740771123872,0.0
gqa,static_diverse_chunk@50,Static+Diverse,0.5,chunk,n16425,20342389,Which color is the bus to the right of the other bus?,White,"[""blue""]",0.0,2,26.719715038780123,346.2130461120978,101.55831597512588,570.0597369577736,45.00135703710839,615.1296320022084,19.092205970082432,634.2218379722908,660602880,1280,409,434.2359220026992,0.0,20.0,39,0.5128205128205128,0.5012305168170632,0.0
gqa,fullload,FullLoad,1.0,full,n16425,20342508,"What vehicle is the telephone pole behind of, a train or a bus?",Bus,"[""bus""]",1.0,2,,362.99284489359707,,,615.3372639673762,622.2452209913172,19.7329799993895,641.9782009907067,1278214144,2496,64,,569.4222349557094,,,1.0,0.2461033634126333,0.0
gqa,recompute,ReComp,,none,n16425,20342508,"What vehicle is the telephone pole behind of, a train or a bus?",Bus,"[""bus""]",1.0,2,,0.0,,,561.6053030244075,561.6054160054773,18.93077901331708,580.5361950187944,0,0,0,,,,,,,
gqa,sparsevlm,SparseVLM,0.25,token,n16425,20342508,"What vehicle is the telephone pole behind of, a train or a bus?",Bus,"[""bus""]",1.0,2,,351.4817080576904,,,653.6402740166523,660.5088349897414,53.58396901283413,714.0928040025756,1011367936,3070,166,,599.8165170312859,,,0.7299679487179487,0.2461033634126333,0.125
gqa,static_diverse_chunk@25,Static+Diverse,0.25,chunk,n16425,20342508,"What vehicle is the telephone pole behind of, a train or a bus?",Bus,"[""bus""]",1.0,2,16.886663855984807,183.9517390471883,60.2630126522854,303.3800359698944,54.31862600380555,357.76347998762503,20.12861700495705,377.8920969925821,333611008,640,273,219.87841301597655,0.0,10.0,39,0.2564102564102564,0.263740771123872,0.0
gqa,static_diverse_chunk@50,Static+Diverse,0.5,chunk,n16425,20342508,"What vehicle is the telephone pole behind of, a train or a bus?",Bus,"[""bus""]",1.0,2,26.02226019371301,345.55687702959403,102.11827617604285,566.683146986179,43.153026956133544,609.8923069657758,18.921510025393218,628.813816991169,660602880,1280,409,431.27156130503863,0.0,20.0,39,0.5128205128205128,0.5012305168170632,0.0
gqa,fullload,FullLoad,1.0,full,n16425,20342449,Which kind of vehicle is gold?,Bus,"[""bus""]",1.0,2,,392.13802438462153,,,656.0079699847847,663.3301129913889,23.62764102872461,686.9577540201135,1278214144,2496,64,,606.8720817565918,,,1.0,0.2461033634126333,0.0
gqa,recompute,ReComp,,none,n16425,20342449,Which kind of vehicle is gold?,Bus,"[""bus""]",1.0,2,,0.0,,,563.0712559795938,563.0715020233765,18.5832729912363,581.6547750146128,0,0,0,,,,,,,
gqa,sparsevlm,SparseVLM,0.25,token,n16425,20342449,Which kind of vehicle is gold?,Bus,"[""bus""]",1.0,2,,335.26942116441205,,,627.5691949995235,634.4685400254093,26.93823102163151,661.4067710470408,943013888,2936,162,,572.7981171803549,,,0.6762820512820513,0.2461033634126333,0.0625
gqa,static_diverse_chunk@25,Static+Diverse,0.25,chunk,n16425,20342449,Which kind of vehicle is gold?,Bus,"[""bus""]",1.0,2,17.97275902936235,181.79803201928735,62.084856792353094,306.04566005058587,43.05825300980359,349.1685730405152,19.779142981860787,368.94771602237597,333611008,640,273,219.62408302351832,0.0,10.0,39,0.2564102564102564,0.263740771123872,0.0
gqa,static_diverse_chunk@50,Static+Diverse,0.5,chunk,n16425,20342449,Which kind of vehicle is gold?,Bus,"[""bus""]",1.0,2,23.704512044787407,331.86175412265584,95.28784302528948,537.5391929992475,37.46011998737231,575.0555800041184,19.270974036771804,594.3265540408902,660602880,1280,409,411.2199631636031,0.0,20.0,39,0.5128205128205128,0.5012305168170632,0.0
gqa,fullload,FullLoad,1.0,full,n16425,20342331,On which side is the person?,Left,"[""left""]",1.0,2,,442.0730968704447,,,728.9052900159732,735.8192860265262,19.92796896956861,755.7472549960949,1278214144,2496,64,,663.0075221182778,,,1.0,0.2461033634126333,0.0
gqa,recompute,ReComp,,none,n16425,20342331,On which side is the person?,Left,"[""left""]",1.0,2,,0.0,,,552.6135769905522,552.613798994571,18.76288396306336,571.3766829576343,0,0,0,,,,,,,
gqa,sparsevlm,SparseVLM,0.25,token,n16425,20342331,On which side is the person?,Left,"[""left""]",1.0,2,,409.37130426755175,,,781.7729800008237,788.6565729859285,26.533997035585344,815.1905700215138,941965312,2934,160,,703.4098829608411,,,0.6754807692307693,0.2461033634126333,0.0625
gqa,static_diverse_chunk@25,Static+Diverse,0.25,chunk,n16425,20342331,On which side is the person?,Left,"[""left""]",1.0,2,16.019905102439225,170.58452643686906,55.93479599338025,282.50307199778035,57.45610798476264,340.0227399542928,19.626860041171312,359.6495999954641,333611008,640,273,203.84188514435664,0.0,10.0,39,0.2564102564102564,0.263740771123872,0.0
gqa,static_diverse_chunk@50,Static+Diverse,0.5,chunk,n16425,20342331,On which side is the person?,Left,"[""left""]",1.0,2,23.956439923495054,338.3549816790037,97.68640383845195,559.2038010363467,41.48081404855475,600.7558880373836,19.330233975779265,620.0861220131628,660602880,1280,409,430.44221197487786,0.0,20.0,39,0.5128205128205128,0.5012305168170632,0.0
gqa,fullload,FullLoad,1.0,full,n16425,20342481,What vehicle is in front of the telephone pole?,Bus,"[""bus""]",1.0,2,,433.56986419530585,,,714.9911120068282,721.7952010105364,19.629841030109674,741.4250420406461,1278214144,2496,64,,652.5095831602812,,,1.0,0.2461033634126333,0.0
gqa,recompute,ReComp,,none,n16425,20342481,What vehicle is in front of the telephone pole?,Bus,"[""bus""]",1.0,2,,0.0,,,558.3464560331777,558.3467539981939,18.730937968939543,577.0776919671334,0,0,0,,,,,,,
gqa,sparsevlm,SparseVLM,0.25,token,n16425,20342481,What vehicle is in front of the telephone pole?,Bus,"[""bus""]",1.0,2,,422.63514071237296,,,787.8976239589974,794.7651389986277,20.87478101020679,815.6399200088345,1051508736,3152,148,,724.0374563261867,,,0.7628205128205128,0.2461033634126333,0.21875
gqa,static_diverse_chunk@25,Static+Diverse,0.25,chunk,n16425,20342481,What vehicle is in front of the telephone pole?,Bus,"[""bus""]",1.0,2,12.546613113954663,160.82769993226975,48.90896799042821,258.2063319860026,38.17475796677172,296.42788495402783,19.327229005284607,315.75511395931244,333611008,640,273,190.8313920139335,0.0,10.0,39,0.2564102564102564,0.263740771123872,0.0
gqa,static_diverse_chunk@50,Static+Diverse,0.5,chunk,n16425,20342481,What vehicle is in front of the telephone pole?,Bus,"[""bus""]",1.0,2,26.78073785500601,349.5797278592363,103.66405686363578,576.2221310287714,41.877953975927085,618.1674679974094,20.242901984602213,638.4103699820116,660602880,1280,409,438.3755379822105,0.0,20.0,39,0.5128205128205128,0.5012305168170632,0.0
gqa,fullload,FullLoad,1.0,full,n16425,20342394,Is the bus to the right of the other bus red and large?,No,"[""no""]",1.0,2,,464.3943215487525,,,774.1069470066577,780.9332649921998,19.68161901459098,800.6148840067908,1278214144,2496,64,,707.7242830418982,,,1.0,0.2461033634126333,0.0
gqa,recompute,ReComp,,none,n16425,20342394,Is the bus to the right of the other bus red and large?,No,"[""no""]",1.0,2,,0.0,,,564.747870026622,564.7479990147986,18.92417698400095,583.6721759987995,0,0,0,,,,,,,
gqa,sparsevlm,SparseVLM,0.25,token,n16425,20342394,Is the bus to the right of the other bus red and large?,No,"[""no""]",1.0,2,,388.18155991612,,,734.8851439892314,741.8164070113562,25.75123601127416,767.5676430226304,959889408,2970,166,,670.4036560258828,,,0.6899038461538461,0.2461033634126333,0.09375
gqa,static_diverse_chunk@25,Static+Diverse,0.25,chunk,n16425,20342394,Is the bus to the right of the other bus red and large?,No,"[""no""]",1.0,2,18.084058130625635,179.39600080717355,60.348113998770714,300.6870800163597,44.82383601134643,345.57618998223916,20.317237998824567,365.8934279810637,333611008,640,273,215.8911568694748,0.0,10.0,39,0.2564102564102564,0.263740771123872,0.0
gqa,static_diverse_chunk@50,Static+Diverse,0.5,chunk,n16425,20342394,Is the bus to the right of the other bus red and large?,No,"[""no""]",1.0,2,25.931054027751088,341.54039580607787,98.9401409169659,560.7126440154389,44.95031601982191,605.7326089940034,19.327190006151795,625.0597990001552,660602880,1280,409,428.47464699298143,0.0,20.0,39,0.5128205128205128,0.5012305168170632,0.0
gqa,fullload,FullLoad,1.0,full,n527589,201235880,Who is wearing the earring?,Woman,"[""woman""]",1.0,2,,403.8326909067109,,,655.2397499908693,661.8351800134405,24.186227994505316,686.0214080079459,1226833920,2368,64,,598.7614127807319,,,1.0,0.24615384615384617,0.0
gqa,recompute,ReComp,,none,n527589,201235880,Who is wearing the earring?,Woman,"[""woman""]",1.0,2,,0.0,,,544.020831992384,544.0210759988986,19.084262021351606,563.1053380202502,0,0,0,,,,,,,
gqa,sparsevlm,SparseVLM,0.25,token,n527589,201235880,Who is wearing the earring?,Woman,"[""woman""]",1.0,2,,408.28372829128057,,,757.6146220089868,764.72980203107,20.576538983732462,785.3063410148025,1015250944,3016,136,,689.8383111110888,,,0.7736486486486487,0.24615384615384617,0.1875
gqa,static_diverse_chunk@25,Static+Diverse,0.25,chunk,n527589,201235880,Who is wearing the earring?,Woman,"[""woman""]",1.0,2,17.933165188878775,184.16797008831054,58.74386423965916,302.0703879883513,47.35980503028259,349.49590399628505,19.487791985739022,368.9836959820241,311689216,576,285,219.12793308729306,0.0,9.0,37,0.24324324324324326,0.23461538461538461,0.0
gqa,static_diverse_chunk@50,Static+Diverse,0.5,chunk,n527589,201235880,Who is wearing the earring?,Woman,"[""woman""]",1.0,2,24.494003038853407,332.67837611492723,95.05854500457644,538.0273729679175,61.03518698364496,599.1167969768867,35.768404020927846,634.8852009978145,611844096,1152,407,411.3053990295157,0.0,18.0,37,0.4864864864864865,0.48034188034188036,0.0
gqa,fullload,FullLoad,1.0,full,n527589,201235578,Does the basket look narrow?,No,"[""no""]",1.0,2,,386.5221198066138,,,625.2705730148591,631.9661460001953,19.99861595686525,651.9647619570605,1226833920,2368,64,,574.1160270990804,,,1.0,0.24615384615384617,0.0
gqa,recompute,ReComp,,none,n527589,201235578,Does the basket look narrow?,No,"[""no""]",1.0,2,,0.0,,,543.8722309772857,543.8724349951372,19.097779993899167,562.9702149890363,0,0,0,,,,,,,
gqa,sparsevlm,SparseVLM,0.25,token,n527589,201235578,Does the basket look narrow?,No,"[""no""]",1.0,2,,426.3286547502503,,,780.0161219784059,786.6770990076475,29.459504003170878,816.1366030108184,994738176,2976,138,,709.3919129692949,,,0.7567567567567568,0.24615384615384617,0.15625
gqa,static_diverse_chunk@25,Static+Diverse,0.25,chunk,n527589,201235578,Does the basket look narrow?,No,"[""no""]",1.0,2,17.080057587008923,186.62924540694803,56.509226851630956,300.39426300209016,63.943336019292474,364.4030090072192,20.02881100634113,384.43182001356035,311689216,576,285,220.6626000115648,0.0,9.0,37,0.24324324324324326,0.23461538461538461,0.0
gqa,static_diverse_chunk@50,Static+Diverse,0.5,chunk,n527589,201235578,Does the basket look narrow?,No,"[""no""]",1.0,2,24.890803964808583,346.5837069088593,94.98494514264166,552.8147169970907,37.11948898853734,589.9878969648853,19.492523046210408,609.4804200110957,611844096,1152,407,425.75369513360783,0.0,18.0,37,0.4864864864864865,0.48034188034188036,0.0
gqa,fullload,FullLoad,1.0,full,n527589,201235768,What is the bag to the left of the shelves called?,Purse,"[""handbag""]",0.0,3,,419.7095698909834,,,681.5796319860965,688.3222619653679,39.35404901858419,727.6763109839521,1226833920,2368,64,,623.2024338678457,,,1.0,0.24615384615384617,0.0
gqa,recompute,ReComp,,none,n527589,201235768,What is the bag to the left of the shelves called?,Purse,"[""handbag""]",0.0,3,,0.0,,,547.4793899920769,547.4795399932191,37.18279296299443,584.6623329562135,0,0,0,,,,,,,
gqa,sparsevlm,SparseVLM,0.25,token,n527589,201235768,What is the bag to the left of the shelves called?,Purse,"[""handbag""]",0.0,3,,406.31125890649855,,,753.8925280096009,760.6070489855483,57.83008900471032,818.4371379902586,995328000,2978,138,,685.7865819474682,,,0.7576013513513513,0.24615384615384617,0.1875
gqa,static_diverse_chunk@25,Static+Diverse,0.25,chunk,n527589,201235768,What is the bag to the left of the shelves called?,Purse,"[""handbag""]",0.0,3,17.230179102625698,193.9894081442617,55.714301066473126,306.9174850243144,49.26129197701812,356.2340119970031,38.145990984048694,394.3800029810518,311689216,576,285,227.77479502838105,0.0,9.0,37,0.24324324324324326,0.23461538461538461,0.0
gqa,static_diverse_chunk@50,Static+Diverse,0.5,chunk,n527589,201235768,What is the bag to the left of the shelves called?,Purse,"[""handbag""]",0.0,3,23.529365949798375,344.85387115273625,93.1875872774981,548.6184480250813,37.96132002025843,586.6359749925323,39.79255701415241,626.4285320066847,611844096,1152,407,424.80170784983784,0.0,18.0,37,0.4864864864864865,0.48034188034188036,0.0
gqa,fullload,FullLoad,1.0,full,n527589,201235672,What are the fruits on top of the basket?,Bananas,"[""bananas""]",1.0,3,,395.5113039119169,,,644.1735100233927,650.725189014338,38.996522955130786,689.7217119694687,1226833920,2368,64,,588.9187849243172,,,1.0,0.24615384615384617,0.0
gqa,recompute,ReComp,,none,n527589,201235672,What are the fruits on top of the basket?,Bananas,"[""bananas""]",1.0,3,,0.0,,,512.2015089727938,512.2017069952562,37.40506601752713,549.6067730127834,0,0,0,,,,,,,
gqa,sparsevlm,SparseVLM,0.25,token,n527589,201235672,What are the fruits on top of the basket?,Bananas,"[""bananas""]",1.0,3,,385.6675788993016,,,729.284217057284,736.0233570216224,41.17083898745477,777.1941960090771,955809792,2900,154,,658.8063699309714,,,0.7246621621621622,0.24615384615384617,0.09375
gqa,static_diverse_chunk@25,Static+Diverse,0.25,chunk,n527589,201235672,What are the fruits on top of the basket?,Bananas,"[""bananas""]",1.0,3,16.325914999470115,179.6047420357354,54.65091491350904,289.6421140176244,42.33247000956908,332.03971199691296,38.02172502037138,370.06143701728433,311689216,576,285,212.62296207714826,0.0,9.0,37,0.24324324324324326,0.23461538461538461,0.0
gqa,static_diverse_chunk@50,Static+Diverse,0.5,chunk,n527589,201235672,What are the fruits on top of the basket?,Bananas,"[""bananas""]",1.0,3,23.467033868655562,336.52954979334027,90.42515786131844,535.7017560163513,50.896778993774205,586.6685580112971,37.960215006023645,624.6287730173208,611844096,1152,407,414.6791730890982,0.0,18.0,37,0.4864864864864865,0.48034188034188036,0.0
gqa,fullload,FullLoad,1.0,full,n527589,201235514,On which side of the image are the shelves?,Right,"[""right""]",1.0,2,,387.17913813889027,,,623.2328260084614,629.8483610153198,19.86017799936235,649.7085390146822,1226833920,2368,64,,572.5248148664832,,,1.0,0.24615384615384617,0.0
gqa,recompute,ReComp,,none,n527589,201235514,On which side of the image are the shelves?,Right,"[""right""]",1.0,2,,0.0,,,543.9944760291837,543.994719046168,19.133962981868535,563.1286820280366,0,0,0,,,,,,,
gqa,sparsevlm,SparseVLM,0.25,token,n527589,201235514,On which side of the image are the shelves?,Right,"[""right""]",1.0,2,,306.0090238577686,,,558.4966610185802,565.3515150188468,20.842629019171,586.1941440380178,1003716608,2994,138,,516.5726391132921,,,0.7643581081081081,0.24615384615384617,0.1875
gqa,static_diverse_chunk@25,Static+Diverse,0.25,chunk,n527589,201235514,On which side of the image are the shelves?,Right,"[""right""]",1.0,2,13.897747965529561,169.7048029745929,49.278759106528014,267.57008099230006,45.526705973315984,313.1464169709943,19.43369599757716,332.5801129685715,311689216,576,285,198.3995201298967,0.0,9.0,37,0.24324324324324326,0.23461538461538461,0.0
gqa,static_diverse_chunk@50,Static+Diverse,0.5,chunk,n527589,201235514,On which side of the image are the shelves?,Right,"[""right""]",1.0,2,22.547376051079482,324.02829302009195,88.69919914286584,515.2418700163253,37.58845798438415,552.8842699714005,19.786709046456963,572.6709790178575,611844096,1152,407,397.088292054832,0.0,18.0,37,0.4864864864864865,0.48034188034188036,0.0
gqa,fullload,FullLoad,1.0,full,n527589,201235536,How are the pieces of furniture on top of the floor called?,Shelves,"[""shelves""]",1.0,4,,367.90175177156925,,,596.7776359757408,603.8818130036816,58.07380098849535,661.955613992177,1226833920,2368,64,,549.9169547692873,,,1.0,0.24615384615384617,0.0
gqa,recompute,ReComp,,none,n527589,201235536,How are the pieces of furniture on top of the floor called?,Shelves,"[""shelves""]",1.0,4,,0.0,,,541.7144980165176,541.7146870167926,55.614511016756296,597.3291980335489,0,0,0,,,,,,,
gqa,sparsevlm,SparseVLM,0.25,token,n527589,201235536,How are the pieces of furniture on top of the floor called?,Shelves,"[""shelves""]",1.0,4,,429.64828095864505,,,795.6655800226144,802.4365290184505,79.13031498901546,881.566844007466,989495296,2966,152,,720.8502810681239,,,0.7525337837837838,0.24615384615384617,0.15625
gqa,static_diverse_chunk@25,Static+Diverse,0.25,chunk,n527589,201235536,How are the pieces of furniture on top of the floor called?,Shelves,"[""shelves""]",1.0,4,16.944206960033625,190.5691238353029,55.840805056504905,303.2014209893532,45.64156400738284,348.9072149968706,58.01694100955501,406.9241560064256,311689216,576,285,224.19859300134704,0.0,9.0,37,0.24324324324324326,0.23461538461538461,0.0
gqa,static_diverse_chunk@50,Static+Diverse,0.5,chunk,n527589,201235536,How are the pieces of furniture on top of the floor called?,Shelves,"[""shelves""]",1.0,4,23.383583058603108,334.1721440083347,90.65750089939684,530.9164399513975,50.56297400733456,581.5479469601996,57.50431102933362,639.0522579895332,611844096,1152,407,409.682119905483,0.0,18.0,37,0.4864864864864865,0.48034188034188036,0.0
gqa,fullload,FullLoad,1.0,full,n262929,201752972,Which color is the bandana?,Black,"[""dark blue""]",0.0,2,,359.8949310835451,,,590.7926060026512,597.1572699490935,19.998975039925426,617.1562449890189,1132462080,2176,64,,540.4353530611843,,,1.0,0.24444444444444444,0.0
gqa,recompute,ReComp,,none,n262929,201752972,Which color is the bandana?,Black,"[""dark blue""]",0.0,2,,0.0,,,497.15446098707616,497.1546840388328,19.244346010964364,516.3990300497971,0,0,0,,,,,,,
gqa,sparsevlm,SparseVLM,0.25,token,n262929,201752972,Which color is the bandana?,Black,"[""dark blue""]",0.0,2,,408.2890158169903,,,777.9151930008084,784.3541030306369,38.4710049838759,822.8251080145128,967966720,2836,136,,701.7628850298934,,,0.8033088235294118,0.24444444444444444,0.1875
gqa,static_diverse_chunk@25,Static+Diverse,0.25,chunk,n262929,201752972,Which color is the bandana?,Red,"[""dark blue""]",0.0,2,16.922475886531174,173.13622182700783,55.389528220985085,283.1305990112014,36.58735298085958,319.7683169855736,19.911581999622285,339.6798989851959,288620544,512,283,204.94188618613407,0.0,8.0,34,0.23529411764705882,0.24027777777777778,0.0
gqa,static_diverse_chunk@50,Static+Diverse,0.5,chunk,n262929,201752972,Which color is the bandana?,Black,"[""dark blue""]",0.0,2,23.58109294436872,317.9679361637682,89.94374785106629,511.74410397652537,41.60915198735893,553.4238199470565,19.68185603618622,573.1056759832427,589037568,1088,379,391.2767939036712,0.0,17.0,34,0.5,0.4962962962962963,0.0
gqa,fullload,FullLoad,1.0,full,n262929,201752809,Do the shoes look dark?,Yes,"[""yes""]",1.0,2,,405.21619701758027,,,665.028493036516,671.413554053288,19.710800959728658,691.1243550130166,1132462080,2176,64,,601.7205078387633,,,1.0,0.24444444444444444,0.0
gqa,recompute,ReComp,,none,n262929,201752809,Do the shoes look dark?,Yes,"[""yes""]",1.0,2,,0.0,,,472.65508596319705,472.65527700074017,19.339320017024875,491.99459701776505,0,0,0,,,,,,,
gqa,sparsevlm,SparseVLM,0.25,token,n262929,201752809,Do the shoes look dark?,Yes,"[""yes""]",1.0,2,,328.49472714588046,,,619.700365990866,626.1216740240343,20.716849016025662,646.83852304006,935198720,2772,144,,565.2700349455699,,,0.7738970588235294,0.24444444444444444,0.09375
gqa,static_diverse_chunk@25,Static+Diverse,0.25,chunk,n262929,201752809,Do the shoes look dark?,Yes,"[""yes""]",1.0,2,16.96232910035178,171.2606929941103,55.22507807472721,280.68059898214415,37.367961020208895,318.11287597520277,19.727254984900355,337.8401309601031,288620544,512,283,202.58667803136632,0.0,8.0,34,0.23529411764705882,0.24027777777777778,0.0
gqa,static_diverse_chunk@50,Static+Diverse,0.5,chunk,n262929,201752809,Do the shoes look dark?,Yes,"[""yes""]",1.0,2,23.299443011637777,317.0920619741082,89.34741502162069,509.89037001272663,40.98196799168363,550.9413789841346,19.710013002622873,570.6513919867575,589037568,1088,379,390.430273138918,0.0,17.0,34,0.5,0.4962962962962963,0.0
gqa,fullload,FullLoad,1.0,full,n262929,201752899,Is the bag small and dark?,No,"[""no""]",1.0,2,,398.32872472470626,,,655.2795500028878,661.7189649841748,35.96946701873094,697.6884320029058,1132462080,2176,64,,593.7327677384019,,,1.0,0.24444444444444444,0.0
gqa,recompute,ReComp,,none,n262929,201752899,Is the bag small and dark?,No,"[""no""]",1.0,2,,0.0,,,476.676871010568,476.6770009882748,19.306311034597456,495.98331202287227,0,0,0,,,,,,,
gqa,sparsevlm,SparseVLM,0.25,token,n262929,201752899,Is the bag small and dark?,Yes,"[""no""]",0.0,2,,429.8373518977314,,,809.4242330407724,815.9878360456787,25.856998981907964,841.8448350275867,1014890496,2928,132,,732.0149940205738,,,0.8455882352941176,0.24444444444444444,0.34375
gqa,static_diverse_chunk@25,Static+Diverse,0.25,chunk,n262929,201752899,Is the bag small and dark?,No,"[""no""]",1.0,2,14.769161818549037,166.1338901030831,49.72307401476428,264.68988601118326,65.2123829931952,329.96344700222835,22.72513200296089,352.68857900518924,288620544,512,283,194.4349270197563,0.0,8.0,34,0.23529411764705882,0.24027777777777778,0.0
gqa,static_diverse_chunk@50,Static+Diverse,0.5,chunk,n262929,201752899,Is the bag small and dark?,No,"[""no""]",1.0,2,24.115684034768492,331.0360111063346,90.35718196537346,526.4989029965363,42.84955601906404,569.418665021658,19.532724982127547,588.9513900037855,589037568,1088,379,405.04220116417855,0.0,17.0,34,0.5,0.4962962962962963,0.0
gqa,fullload,FullLoad,1.0,full,n262929,201752784,How big is the hat above the tie?,Small,"[""small""]",1.0,2,,365.9350310917944,,,600.4412790061906,606.8013639887795,20.058475027326494,626.859839016106,1132462080,2176,64,,546.407244168222,,,1.0,0.24444444444444444,0.0
gqa,recompute,ReComp,,none,n262929,201752784,How big is the hat above the tie?,Small,"[""small""]",1.0,2,,0.0,,,490.1717529864982,490.17198296496645,19.081177015323192,509.25315998028964,0,0,0,,,,,,,
gqa,sparsevlm,SparseVLM,0.25,token,n262929,201752784,How big is the hat above the tie?,Small,"[""small""]",1.0,2,,409.6749270684086,,,782.2521440102719,788.8978949631564,24.881527991965413,813.7794229551218,980549632,2862,124,,702.9613091144711,,,0.8152573529411765,0.24444444444444444,0.3125
gqa,static_diverse_chunk@25,Static+Diverse,0.25,chunk,n262929,201752784,How big is the hat above the tie?,Small,"[""small""]",1.0,2,17.33933191280812,172.3894570604898,55.25796581059694,282.87754696793854,56.27017997903749,339.210131962318,19.727136997971684,358.93726896028966,288620544,512,283,204.22964805038646,0.0,8.0,34,0.23529411764705882,0.24027777777777778,0.0
gqa,static_diverse_chunk@50,Static+Diverse,0.5,chunk,n262929,201752784,How big is the hat above the tie?,Small,"[""small""]",1.0,2,24.116865068208426,318.9704774413258,89.88600689917803,512.986485962756,48.617405991535634,561.673431948293,19.93829000275582,581.6117219510488,589037568,1088,379,391.9425569474697,0.0,17.0,34,0.5,0.4962962962962963,0.0
gqa,fullload,FullLoad,1.0,full,n262929,201752760,Do you see a scooter in front of the bag the boy is to the left of?,No,"[""no""]",1.0,2,,431.9544582394883,,,711.0595409758389,717.5282689859159,25.76924703316763,743.2975160190836,1132462080,2176,64,,639.4495671265759,,,1.0,0.24444444444444444,0.0
gqa,recompute,ReComp,,none,n262929,201752760,Do you see a scooter in front of the bag the boy is to the left of?,No,"[""no""]",1.0,2,,0.0,,,504.88574197515845,504.88592800684273,18.9718070323579,523.8577350392006,0,0,0,,,,,,,
gqa,sparsevlm,SparseVLM,0.25,token,n262929,201752760,Do you see a scooter in front of the bag the boy is to the left of?,No,"[""no""]",1.0,2,,411.40378871932626,,,787.0463879662566,793.4843510156497,34.384290978778154,827.8686419944279,948305920,2798,148,,707.7643921948038,,,0.7858455882352942,0.24444444444444444,0.15625
gqa,static_diverse_chunk@25,Static+Diverse,0.25,chunk,n262929,201752760,Do you see a scooter in front of the bag the boy is to the left of?,No,"[""no""]",1.0,2,17.34855875838548,172.5460701272823,55.33060501329601,283.44948502490297,44.83411100227386,328.3492140471935,19.806384982075542,348.15559902926907,288620544,512,283,204.80931299971417,0.0,8.0,34,0.23529411764705882,0.24027777777777778,0.0
gqa,static_diverse_chunk@50,Static+Diverse,0.5,chunk,n262929,201752760,Do you see a scooter in front of the bag the boy is to the left of?,No,"[""no""]",1.0,2,23.658861115109175,320.19099581521004,90.36940010264516,515.1625169673935,57.74873204063624,572.980749013368,19.67031799722463,592.6510670105927,589037568,1088,379,394.2041361005977,0.0,17.0,34,0.5,0.4962962962962963,0.0
gqa,fullload,FullLoad,1.0,full,n262929,201752607,Is the necktie dark?,Yes,"[""yes""]",1.0,2,,388.5997479665093,,,648.2440200052224,654.6516219968908,48.76343399519101,703.4150559920818,1132462080,2176,64,,593.9323278726079,,,1.0,0.24444444444444444,0.0
gqa,recompute,ReComp,,none,n262929,201752607,Is the necktie dark?,Yes,"[""yes""]",1.0,2,,0.0,,,472.0982059952803,472.0984490122646,19.194320018868893,491.2927690311335,0,0,0,,,,,,,
gqa,sparsevlm,SparseVLM,0.25,token,n262929,201752607,Is the necktie dark?,Yes,"[""yes""]",1.0,2,,425.63704028725624,,,804.7382830409333,811.1771990079433,49.6812509954907,860.858450003434,974782464,2850,154,,726.3626481872052,,,0.8097426470588235,0.24444444444444444,0.25
gqa,static_diverse_chunk@25,Static+Diverse,0.25,chunk,n262929,201752607,Is the necktie dark?,Yes,"[""yes""]",1.0,2,12.764025188516825,166.62187594920397,45.334339956752956,255.43627003207803,37.71567397052422,293.19984500762075,19.400705001316965,312.6005500089377,288620544,512,283,191.68729905504733,0.0,8.0,34,0.23529411764705882,0.24027777777777778,0.0
gqa,static_diverse_chunk@50,Static+Diverse,0.5,chunk,n262929,201752607,Is the necktie dark?,Yes,"[""yes""]",1.0,2,23.516594199463725,317.67820770619437,88.89706310583279,510.01802302198485,62.7744669909589,572.8608450153843,20.09414602071047,592.9549910360947,589037568,1088,379,390.67456498742104,0.0,17.0,34,0.5,0.4962962962962963,0.0
gqa,fullload,FullLoad,1.0,full,n48494,202116756,Are both the train station and the tunnel made out of the same material?,No,"[""yes""]",0.0,2,,338.2013326045126,,,570.1549840159714,575.2784490468912,50.434334960300475,625.7127840071917,767557632,1472,64,,491.1418560659513,,,1.0,0.2459016393442623,0.0
gqa,recompute,ReComp,,none,n48494,202116756,Are both the train station and the tunnel made out of the same material?,No,"[""yes""]",0.0,2,,0.0,,,290.1966009521857,290.1967919897288,19.63843102566898,309.8352230153978,0,0,0,,,,,,,
gqa,sparsevlm,SparseVLM,0.25,token,n48494,202116756,Are both the train station and the tunnel made out of the same material?,No,"[""yes""]",0.0,2,,233.6392129654996,,,491.9948099995963,497.4553419742733,45.653603971004486,543.1089459452778,581632000,1778,122,,422.1692140563391,,,0.7078804347826086,0.2459016393442623,0.15625
gqa,static_diverse_chunk@25,Static+Diverse,0.25,chunk,n48494,202116756,Are both the train station and the tunnel made out of the same material?,Yes,"[""yes""]",1.0,2,14.176708820741624,138.07330623967573,43.75372687354684,223.3138390001841,57.49420198844746,280.870272021275,19.92618601070717,300.7964580319822,211550208,384,259,160.50250682746992,0.0,6.0,23,0.2608695652173913,0.2568306010928962,0.0
gqa,static_diverse_chunk@50,Static+Diverse,0.5,chunk,n48494,202116756,Are both the train station and the tunnel made out of the same material?,Yes,"[""yes""]",1.0,2,16.114775964524597,208.2131079514511,62.459860171657056,330.575575993862,53.365483006928116,384.0085309930146,19.631995004601777,403.64052599761635,412221440,768,267,246.7342508607544,0.0,12.0,23,0.5217391304347826,0.5191256830601093,0.0
gqa,fullload,FullLoad,1.0,full,n48494,202116920,What is the tunnel above the railroad made of?,Concrete,"[""concrete""]",1.0,3,,327.4097509565763,,,547.1438179956749,552.4007430067286,64.63343097129837,617.034173978027,767557632,1472,64,,473.6644611111842,,,1.0,0.2459016393442623,0.0
gqa,recompute,ReComp,,none,n48494,202116920,What is the tunnel above the railroad made of?,Concrete,"[""concrete""]",1.0,3,,0.0,,,293.69449603836983,293.6947470298037,37.6069099875167,331.3016570173204,0,0,0,,,,,,,
gqa,sparsevlm,SparseVLM,0.25,token,n48494,202116920,What is the tunnel above the railroad made of?,Concrete,"[""concrete""]",1.0,3,,231.54623596929014,,,484.3097520060837,489.4721210002899,46.3247110019438,535.7968320022337,569180160,1754,120,,415.3020409285091,,,0.6915760869565217,0.2459016393442623,0.125
gqa,static_diverse_chunk@25,Static+Diverse,0.25,chunk,n48494,202116920,What is the tunnel above the railroad made of?,Concrete,"[""concrete""]",1.0,3,17.52453506924212,142.25717197405174,48.43151103705168,237.1236439794302,55.715087975841016,292.90197597583756,38.683510036207736,331.5854860120453,211550208,384,259,166.1552909645252,0.0,6.0,23,0.2608695652173913,0.2568306010928962,0.0
gqa,static_diverse_chunk@50,Static+Diverse,0.5,chunk,n48494,202116920,What is the tunnel above the railroad made of?,Concrete,"[""concrete""]",1.0,3,20.75162308756262,233.1366928992793,70.17067371634766,374.5359189924784,59.36408101115376,433.9481340139173,48.96778496913612,482.9159189830534,412221440,768,267,278.1124477623962,0.0,12.0,23,0.5217391304347826,0.5191256830601093,0.0
gqa,fullload,FullLoad,1.0,full,n48494,202116770,Is the vast sky above the buildings both clear and blue?,Yes,"[""no""]",0.0,2,,335.83465788979083,,,552.8028009575792,557.9920919844881,20.309281011577696,578.3013729960658,767557632,1472,64,,477.906139974948,,,1.0,0.2459016393442623,0.0
gqa,recompute,ReComp,,none,n48494,202116770,Is the vast sky above the buildings both clear and blue?,Yes,"[""no""]",0.0,2,,0.0,,,307.73648200556636,307.73658299585804,18.618372036144137,326.3549550320022,0,0,0,,,,,,,
gqa,sparsevlm,SparseVLM,0.25,token,n48494,202116770,Is the vast sky above the buildings both clear and blue?,Yes,"[""no""]",0.0,2,,210.71070688776672,,,396.1529399966821,401.3649520347826,20.871318003628403,422.236270038411,656211968,1922,108,,356.59834690159187,,,0.8057065217391305,0.2459016393442623,0.375
gqa,static_diverse_chunk@25,Static+Diverse,0.25,chunk,n48494,202116770,Is the vast sky above the buildings both clear and blue?,Yes,"[""no""]",0.0,2,10.556168330367655,130.12432091636583,35.767058783676475,199.2730189813301,33.90272700926289,233.22305298643187,19.96596099343151,253.18901397986338,211550208,384,259,148.3009199728258,0.0,6.0,23,0.2608695652173913,0.2568306010928962,0.0
gqa,static_diverse_chunk@50,Static+Diverse,0.5,chunk,n48494,202116770,Is the vast sky above the buildings both clear and blue?,Yes,"[""no""]",0.0,2,20.570966065861285,225.44050990836695,69.49636101489887,366.4887020131573,39.91034900536761,406.4648480270989,19.29071801714599,425.7555660442449,412221440,768,267,270.91700705932453,0.0,12.0,23,0.5217391304347826,0.5191256830601093,0.0
gqa,fullload,FullLoad,1.0,full,n48494,202116964,Is the river low and wavy?,No,"[""no""]",1.0,2,,332.8054459998384,,,552.1609630086459,557.2762520168908,26.516502955928445,583.7927549728192,767557632,1472,64,,477.63145598582923,,,1.0,0.2459016393442623,0.0
gqa,recompute,ReComp,,none,n48494,202116964,Is the river low and wavy?,No,"[""no""]",1.0,2,,0.0,,,295.5318149761297,295.5319180036895,19.446103018708527,314.978021022398,0,0,0,,,,,,,
gqa,sparsevlm,SparseVLM,0.25,token,n48494,202116964,Is the river low and wavy?,No,"[""no""]",1.0,2,,236.07678414555266,,,513.6151459882967,518.9827720168978,42.951859009917825,561.9346310268156,559874048,1736,118,,434.63573191547766,,,0.6793478260869565,0.2459016393442623,0.09375
gqa,static_diverse_chunk@25,Static+Diverse,0.25,chunk,n48494,202116964,Is the river low and wavy?,No,"[""no""]",1.0,2,15.322854975238442,142.4606710788794,46.01107112830505,232.5836350210011,58.85368405142799,291.4999110507779,19.15289700264111,310.652808053419,211550208,384,259,166.32245003711432,0.0,6.0,23,0.2608695652173913,0.2568306010928962,0.0
gqa,static_diverse_chunk@50,Static+Diverse,0.5,chunk,n48494,202116964,Is the river low and wavy?,No,"[""no""]",1.0,2,17.457709996961057,213.34439638303593,64.24985482590273,341.2905330187641,53.3811780042015,394.7412720299326,19.80980997905135,414.55108200898394,412221440,768,267,254.273846920114,0.0,12.0,23,0.5217391304347826,0.5191256830601093,0.0
gqa,fullload,FullLoad,1.0,full,n48494,202117035,Do you see any wide boat?,No,"[""yes""]",0.0,2,,343.41384028084576,,,567.2382190241478,572.6227410486899,30.47337697353214,603.0961180222221,767557632,1472,64,,489.92494493722916,,,1.0,0.2459016393442623,0.0
gqa,recompute,ReComp,,none,n48494,202117035,Do you see any wide boat?,No,"[""yes""]",0.0,2,,0.0,,,294.9398800265044,294.94013101793826,19.656485004816204,314.59661602275446,0,0,0,,,,,,,
gqa,sparsevlm,SparseVLM,0.25,token,n48494,202117035,Do you see any wide boat?,No,"[""yes""]",0.0,2,,255.27377985417843,,,537.3907879693434,542.8088149637915,53.71605098480359,596.5248659485951,605487104,1824,122,,458.58555706217885,,,0.7391304347826086,0.2459016393442623,0.21875
gqa,static_diverse_chunk@25,Static+Diverse,0.25,chunk,n48494,202117035,Do you see any wide boat?,No,"[""yes""]",0.0,2,14.33406089199707,138.66927532944828,42.884818103630096,222.45719499187544,33.01423700759187,255.51677797921002,20.050590042956173,275.5673680221662,211550208,384,259,160.34956427756697,0.0,6.0,23,0.2608695652173913,0.2568306010928962,0.0
gqa,static_diverse_chunk@50,Static+Diverse,0.5,chunk,n48494,202117035,Do you see any wide boat?,No,"[""yes""]",0.0,2,19.46789590874687,218.63062807824463,67.57700489833951,354.0986530133523,39.4799470086582,393.64252804080024,18.932637001853436,412.5751650426537,412221440,768,267,261.59990701125935,0.0,12.0,23,0.5217391304347826,0.5191256830601093,0.0
gqa,fullload,FullLoad,1.0,full,n48494,202116896,What is the vehicle on top of the railroad called?,Train,"[""train""]",1.0,2,,323.1639640289359,,,533.9919250109233,539.1444659908302,39.750088995788246,578.8945549866185,767557632,1472,64,,462.0395509409718,,,1.0,0.2459016393442623,0.0
gqa,recompute,ReComp,,none,n48494,202116896,What is the vehicle on top of the railroad called?,Train,"[""train""]",1.0,2,,0.0,,,301.42216198146343,301.42227397300303,18.581402022391558,320.0036759953946,0,0,0,,,,,,,
gqa,sparsevlm,SparseVLM,0.25,token,n48494,202116896,What is the vehicle on top of the railroad called?,Train,"[""train""]",1.0,2,,248.89062013244256,,,532.33839396853,537.4840639997274,38.79179898649454,576.2758629862219,585957376,1786,118,,453.1430879724212,,,0.7133152173913043,0.2459016393442623,0.125
gqa,static_diverse_chunk@25,Static+Diverse,0.25,chunk,n48494,202116896,What is the vehicle on top of the railroad called?,Train,"[""train""]",1.0,2,15.467074001207948,144.29962122812867,46.307775017339736,234.9240139592439,57.823364972136915,292.811234947294,19.161016040015966,311.97225098730996,211550208,384,259,168.10871299821883,0.0,6.0,23,0.2608695652173913,0.2568306010928962,0.0
gqa,static_diverse_chunk@50,Static+Diverse,0.5,chunk,n48494,202116896,What is the vehicle on top of the railroad called?,Train,"[""train""]",1.0,2,18.599880975671113,216.72479307744652,66.03823782643303,348.39902800740674,35.19372397568077,383.64228000864387,19.3852279917337,403.02750800037757,412221440,768,267,258.3621882367879,0.0,12.0,23,0.5217391304347826,0.5191256830601093,0.0
gqa,fullload,FullLoad,1.0,full,n58220,20169718,Are there green hats in the photo?,No,"[""yes""]",0.0,2,,438.68585204472765,,,710.0076950155199,716.7382830521092,19.875048950780183,736.6133320028894,1226833920,2368,64,,647.2877158666961,,,1.0,0.24615384615384617,0.0
gqa,recompute,ReComp,,none,n58220,20169718,Are there green hats in the photo?,No,"[""yes""]",0.0,2,,0.0,,,536.5005480125546,536.5007640211843,19.326162990182638,555.8269270113669,0,0,0,,,,,,,
gqa,sparsevlm,SparseVLM,0.25,token,n58220,20169718,Are there green hats in the photo?,No,"[""yes""]",0.0,2,,410.874069086276,,,771.6841789660975,778.3819820033386,24.680051021277905,803.0620330246165,986349568,2960,146,,699.1754918708466,,,0.75,0.24615384615384617,0.15625
gqa,static_diverse_chunk@25,Static+Diverse,0.25,chunk,n58220,20169718,Are there green hats in the photo?,No,"[""yes""]",0.0,2,16.701173037290573,185.78328314470127,55.84306293167174,299.39446598291397,43.06891199667007,342.5291840103455,19.395033014006913,361.9242170243524,317194240,576,299,220.60062288073823,0.0,9.0,37,0.24324324324324326,0.2465811965811966,0.0
gqa,static_diverse_chunk@50,Static+Diverse,0.5,chunk,n58220,20169718,Are there green hats in the photo?,No,"[""yes""]",0.0,2,23.92147312639281,326.55510428594425,93.38905394542962,530.8566000312567,50.8165949722752,581.7424280103296,19.700217992067337,601.4426460023969,614596608,1152,413,406.27841802779585,0.0,18.0,37,0.4864864864864865,0.4807692307692308,0.0
gqa,fullload,FullLoad,1.0,full,n58220,20169805,Does this flag look red?,No,"[""no""]",1.0,2,,410.09756963467225,,,673.612401005812,680.1582500338554,27.065842994488776,707.2240930283442,1226833920,2368,64,,615.1481100241654,,,1.0,0.24615384615384617,0.0
gqa,recompute,ReComp,,none,n58220,20169805,Does this flag look red?,No,"[""no""]",1.0,2,,0.0,,,542.9510740214027,542.9513190174475,19.39202897483483,562.3433479922824,0,0,0,,,,,,,
gqa,sparsevlm,SparseVLM,0.25,token,n58220,20169805,Does this flag look red?,No,"[""no""]",1.0,2,,353.39350887807086,,,655.5454030167311,662.3318420024589,42.34485002234578,704.6766920248047,975405056,2940,150,,597.1368171158247,,,0.7415540540540541,0.24615384615384617,0.1875
gqa,static_diverse_chunk@25,Static+Diverse,0.25,chunk,n58220,20169805,Does this flag look red?,No,"[""no""]",1.0,2,15.4212168417871,180.46302173752338,53.04443294880912,287.34963200986385,64.64412802597508,352.0591899869032,19.283170986454934,371.34236097335815,317194240,576,299,212.78733614599332,0.0,9.0,37,0.24324324324324326,0.2465811965811966,0.0
gqa,static_diverse_chunk@50,Static+Diverse,0.5,chunk,n58220,20169805,Does this flag look red?,No,"[""no""]",1.0,2,23.957585042808205,332.16639171587303,93.18853222066537,536.1115419655107,51.747336983680725,587.9306169808842,19.76625999668613,607.6968769775704,614596608,1152,413,411.6676398552954,0.0,18.0,37,0.4864864864864865,0.4807692307692308,0.0
gqa,fullload,FullLoad,1.0,full,n58220,20169578,Do the hat and the jacket have a different colors?,No,"[""no""]",1.0,2,,369.34755195397884,,,604.1935369721614,610.7340329908766,19.83510801801458,630.5691410088912,1226833920,2368,64,,554.8167799715884,,,1.0,0.24615384615384617,0.0
gqa,recompute,ReComp,,none,n58220,20169578,Do the hat and the jacket have a different colors?,No,"[""no""]",1.0,2,,0.0,,,540.2733630035073,540.2736180112697,18.87533999979496,559.1489580110647,0,0,0,,,,,,,
gqa,sparsevlm,SparseVLM,0.25,token,n58220,20169578,Do the hat and the jacket have a different colors?,No,"[""no""]",1.0,2,,332.10609515663236,,,618.5688260011375,625.2313519944437,38.20461203576997,663.4359640302137,997883904,2982,148,,566.1801779060625,,,0.7592905405405406,0.24615384615384617,0.15625
gqa,static_diverse_chunk@25,Static+Diverse,0.25,chunk,n58220,20169578,Do the hat and the jacket have a different colors?,Yes,"[""no""]",0.0,2,18.177275953348726,208.81890394957736,58.22101089870557,328.2656749943271,46.69394303346053,375.02452201442793,19.96375696035102,394.98827897477895,317194240,576,299,245.58991292724386,0.0,9.0,37,0.24324324324324326,0.2465811965811966,0.0
gqa,static_diverse_chunk@50,Static+Diverse,0.5,chunk,n58220,20169578,Do the hat and the jacket have a different colors?,Yes,"[""no""]",0.0,2,24.70597199862823,339.9130781763233,94.90154089871794,548.96516201552,50.40008400101215,599.4354099966586,19.31179198436439,618.747201981023,614596608,1152,413,422.3732678219676,0.0,18.0,37,0.4864864864864865,0.4807692307692308,0.0
gqa,fullload,FullLoad,1.0,full,n58220,20169575,What place was the picture taken at?,Road,"[""road""]",1.0,2,,401.68789390008897,,,651.7876880243421,658.4380919812247,19.779958005528897,678.2180499867536,1226833920,2368,64,,595.5984988831915,,,1.0,0.24615384615384617,0.0
gqa,recompute,ReComp,,none,n58220,20169575,What place was the picture taken at?,Road,"[""road""]",1.0,2,,0.0,,,538.04668498924,538.0468859802932,18.795306037645787,556.8421920179389,0,0,0,,,,,,,
gqa,sparsevlm,SparseVLM,0.25,token,n58220,20169575,What place was the picture taken at?,Street,"[""road""]",0.0,2,,404.4025900075212,,,768.6837349901907,775.4659329657443,24.227807007264346,799.6937399730086,959545344,2908,150,,691.7980751604773,,,0.7280405405405406,0.24615384615384617,0.125
gqa,static_diverse_chunk@25,Static+Diverse,0.25,chunk,n58220,20169575,What place was the picture taken at?,Road,"[""road""]",1.0,2,17.49508606735617,188.41011420590803,58.08412516489625,305.6193770025857,45.752634992823005,351.4358120155521,18.809536995831877,370.24534901138395,317194240,576,299,223.6855888622813,0.0,9.0,37,0.24324324324324326,0.2465811965811966,0.0
gqa,static_diverse_chunk@50,Static+Diverse,0.5,chunk,n58220,20169575,What place was the picture taken at?,Road,"[""road""]",1.0,2,22.34016906004399,318.65574390394613,90.38723405683413,512.3738009715453,37.09685697685927,549.5193469687365,20.14684403548017,569.6661910042167,614596608,1152,413,392.57326803635806,0.0,18.0,37,0.4864864864864865,0.4807692307692308,0.0
gqa,fullload,FullLoad,1.0,full,n58220,20169793,On which side is the flag?,Left,"[""left""]",1.0,2,,346.7409942531958,,,566.0145379952155,572.719044983387,19.71828902605921,592.4373340094462,1226833920,2368,64,,520.6868391251191,,,1.0,0.24615384615384617,0.0
gqa,recompute,ReComp,,none,n58220,20169793,On which side is the flag?,Left,"[""left""]",1.0,2,,0.0,,,509.9315849947743,509.93177597410977,18.770237977150828,528.7020139512606,0,0,0,,,,,,,
gqa,sparsevlm,SparseVLM,0.25,token,n58220,20169793,On which side is the flag?,Left,"[""left""]",1.0,2,,299.9537382274866,,,553.6363560240716,560.5999510153197,21.866339957341552,582.4662909726612,981106688,2950,140,,511.1058168695308,,,0.745777027027027,0.24615384615384617,0.15625
gqa,static_diverse_chunk@25,Static+Diverse,0.25,chunk,n58220,20169793,On which side is the flag?,Left,"[""left""]",1.0,2,15.761581889819354,182.73536185733974,54.10543899051845,291.31959000369534,56.348530983086675,347.7160949842073,19.653680035844445,367.36977502005175,317194240,576,299,215.28211300028488,0.0,9.0,37,0.24324324324324326,0.2465811965811966,0.0
gqa,static_diverse_chunk@50,Static+Diverse,0.5,chunk,n58220,20169793,On which side is the flag?,Left,"[""left""]",1.0,2,24.249569920357317,332.5554510229267,92.56098890909925,537.2805210063234,60.10491697816178,597.4536429857835,19.636986020486802,617.0906290062703,614596608,1152,413,413.46883960068226,0.0,18.0,37,0.4864864864864865,0.4807692307692308,0.0
gqa,fullload,FullLoad,1.0,full,n58220,20169796,Does the flag look calm and blue?,No,"[""no""]",1.0,2,,386.764140217565,,,633.1770510296337,639.8578400257975,19.732296001166105,659.5901360269636,1226833920,2368,64,,582.2857541497797,,,1.0,0.24615384615384617,0.0
gqa,recompute,ReComp,,none,n58220,20169796,Does the flag look calm and blue?,No,"[""no""]",1.0,2,,0.0,,,539.2066490021534,539.2068559885956,19.57688800757751,558.7837439961731,0,0,0,,,,,,,
gqa,sparsevlm,SparseVLM,0.25,token,n58220,20169796,Does the flag look calm and blue?,No,"[""no""]",1.0,2,,418.87282993411645,,,783.3990969811566,790.0698839803226,37.00585599290207,827.0757399732247,983793664,2956,140,,708.6048098863102,,,0.7483108108108109,0.24615384615384617,0.1875
gqa,static_diverse_chunk@25,Static+Diverse,0.25,chunk,n58220,20169796,Does the flag look calm and blue?,Yes,"[""no""]",0.0,2,16.972564859315753,187.64906498836353,57.095070136711,303.0715020140633,42.58420300902799,345.7246490288526,19.49600799707696,365.22065702592954,317194240,576,299,222.71649114554748,0.0,9.0,37,0.24324324324324326,0.2465811965811966,0.0
gqa,static_diverse_chunk@50,Static+Diverse,0.5,chunk,n58220,20169796,Does the flag look calm and blue?,No,"[""no""]",1.0,2,21.37963118730113,314.36569086508825,87.97206490999088,505.0151720060967,43.5469209915027,548.6331720021553,19.05084599275142,567.6840179949068,614596608,1152,413,388.42980604385957,0.0,18.0,37,0.4864864864864865,0.4807692307692308,0.0
gqa,fullload,FullLoad,1.0,full,n522733,202248865,Which place is it?,Street,"[""street""]",1.0,2,,484.20888965483755,,,783.0420570098795,789.7020340315066,19.924472959246486,809.6265069907531,1226833920,2368,64,,712.3432157677598,,,1.0,0.24615384615384617,0.0
gqa,recompute,ReComp,,none,n522733,202248865,Which place is it?,Street,"[""street""]",1.0,2,,0.0,,,538.4887349791825,538.4889509878121,19.741660973522812,558.230611961335,0,0,0,,,,,,,
gqa,sparsevlm,SparseVLM,0.25,token,n522733,202248865,Which place is it?,Street,"[""street""]",1.0,2,,379.51467552920803,,,723.8202479784377,730.5155040230602,26.303338003344834,756.818842026405,923762688,2838,136,,651.8111597979441,,,0.6984797297297297,0.24615384615384617,0.0625
gqa,static_diverse_chunk@25,Static+Diverse,0.25,chunk,n522733,202248865,Which place is it?,Street,"[""street""]",1.0,2,16.289877064991742,168.30718523124233,54.69466478098184,277.39166404353455,51.75530898850411,329.21127701411024,19.263504014816135,348.4747810289264,313065472,576,241,200.25208918377757,0.0,9.0,37,0.24324324324324326,0.2465811965811966,0.0
gqa,static_diverse_chunk@50,Static+Diverse,0.5,chunk,n522733,202248865,Which place is it?,Street,"[""street""]",1.0,2,24.697227927390486,319.12427488714457,94.13681109435856,523.3426129561849,62.431396974716336,585.8432839740999,19.59824003279209,605.441524006892,613679104,1152,339,397.31196308275685,0.0,18.0,37,0.4864864864864865,0.48034188034188036,0.0
gqa,fullload,FullLoad,1.0,full,n522733,202248864,Where is it?,Street,"[""street""]",1.0,2,,417.56092623109,,,677.77340504108,684.5394429983571,19.583493995014578,704.1229369933717,1226833920,2368,64,,622.9633540497161,,,1.0,0.24615384615384617,0.0
gqa,recompute,ReComp,,none,n522733,202248864,Where is it?,Street,"[""street""]",1.0,2,,0.0,,,538.056407996919,538.0566020030528,19.781784038059413,557.8383860411122,0,0,0,,,,,,,
gqa,sparsevlm,SparseVLM,0.25,token,n522733,202248864,Where is it?,Street,"[""street""]",1.0,2,,372.3078921320848,,,705.4418940097094,712.1928469859995,25.119649013504386,737.3124959995039,945324032,2880,156,,637.0565490215085,,,0.7162162162162162,0.24615384615384617,0.09375
gqa,static_diverse_chunk@25,Static+Diverse,0.25,chunk,n522733,202248864,Where is it?,Street,"[""street""]",1.0,2,17.917808203492314,171.40497011132538,57.97705618897453,287.8087490098551,43.733553029596806,331.605727027636,19.62297095451504,351.22869798215106,313065472,576,241,205.72891313349828,0.0,9.0,37,0.24324324324324326,0.2465811965811966,0.0
gqa,static_diverse_chunk@50,Static+Diverse,0.5,chunk,n522733,202248864,Where is it?,Street,"[""street""]",1.0,2,24.360395036637783,315.0223819538951,92.87184884306043,516.492291004397,42.721898993477225,559.284120972734,19.301777007058263,578.5858979797922,613679104,1152,339,392.0599708799273,0.0,18.0,37,0.4864864864864865,0.48034188034188036,0.0
gqa,fullload,FullLoad,1.0,full,n522733,202249061,Does the traffic signal to the left of the signal light look metallic and high?,Yes,"[""yes""]",1.0,2,,410.23669275455177,,,668.3811339898966,675.1455969642848,20.046081044711173,695.191678008996,1226833920,2368,64,,610.0864780601114,,,1.0,0.24615384615384617,0.0
gqa,recompute,ReComp,,none,n522733,202249061,Does the traffic signal to the left of the signal light look metallic and high?,Yes,"[""yes""]",1.0,2,,0.0,,,547.7549679926597,547.755112987943,19.018735038116574,566.7738480260596,0,0,0,,,,,,,
gqa,sparsevlm,SparseVLM,0.25,token,n522733,202249061,Does the traffic signal to the left of the signal light look metallic and high?,Yes,"[""yes""]",1.0,2,,422.38148691831157,,,801.893426978495,808.6534760077484,23.90408597420901,832.5575619819574,970620928,2930,152,,721.4689569082111,,,0.737331081081081,0.24615384615384617,0.15625
gqa,static_diverse_chunk@25,Static+Diverse,0.25,chunk,n522733,202249061,Does the traffic signal to the left of the signal light look metallic and high?,Yes,"[""yes""]",1.0,2,16.046565084252506,164.3776529817842,54.07284421380609,271.765684010461,44.613640988245606,316.44465698627755,19.119534001220018,335.56419098749757,313065472,576,241,195.46787260333076,0.0,9.0,37,0.24324324324324326,0.2465811965811966,0.0
gqa,static_diverse_chunk@50,Static+Diverse,0.5,chunk,n522733,202249061,Does the traffic signal to the left of the signal light look metallic and high?,Yes,"[""yes""]",1.0,2,23.082239902578294,305.59372005518526,92.4441161332652,502.9979239916429,49.59454300114885,552.66440595733,19.09787202021107,571.7622779775411,613679104,1152,339,380.3119930671528,0.0,18.0,37,0.4864864864864865,0.48034188034188036,0.0
gqa,fullload,FullLoad,1.0,full,n522733,202249022,Of what color is the car that is to the right of the other car?,Black,"[""beige""]",0.0,2,,366.2664709263481,,,597.1227779518813,603.7719769519754,19.608368049375713,623.3803450013511,1226833920,2368,64,,549.4955669855699,,,1.0,0.24615384615384617,0.0
gqa,recompute,ReComp,,none,n522733,202249022,Of what color is the car that is to the right of the other car?,Black,"[""beige""]",0.0,2,,0.0,,,548.1743150157854,548.1744150165468,19.293685967568308,567.4681009841152,0,0,0,,,,,,,
gqa,sparsevlm,SparseVLM,0.25,token,n522733,202249022,Of what color is the car that is to the right of the other car?,Black,"[""beige""]",0.0,2,,399.28274316480383,,,761.112361040432,767.8969300468452,28.649046958889812,796.545977005735,923303936,2838,136,,683.981955749914,,,0.6984797297297297,0.24615384615384617,0.09375
gqa,static_diverse_chunk@25,Static+Diverse,0.25,chunk,n522733,202249022,Of what color is the car that is to the right of the other car?,Black,"[""beige""]",0.0,2,15.979541873093694,167.8328769048676,54.707138100638986,276.24751097755507,49.60746003780514,325.9208860108629,19.557198975235224,345.4780849860981,313065472,576,241,199.21157276257873,0.0,9.0,37,0.24324324324324326,0.2465811965811966,0.0
gqa,static_diverse_chunk@50,Static+Diverse,0.5,chunk,n522733,202249022,Of what color is the car that is to the right of the other car?,Black,"[""beige""]",0.0,2,21.750132204033434,300.756060751155,89.9984339484945,489.49220997747034,56.98492098599672,546.5480010025203,19.727691018488258,566.2756920210086,613679104,1152,339,370.7170219277032,0.0,18.0,37,0.4864864864864865,0.48034188034188036,0.0
gqa,fullload,FullLoad,1.0,full,n522733,202248991,What color is the SUV that is not little?,Black,"[""black""]",1.0,2,,361.5830129128881,,,600.6775770219974,607.3992800083943,20.354822976514697,627.754102984909,1226833920,2368,64,,554.0494888555259,,,1.0,0.24615384615384617,0.0
gqa,recompute,ReComp,,none,n522733,202248991,What color is the SUV that is not little?,Black,"[""black""]",1.0,2,,0.0,,,514.4105899962597,514.410684001632,18.947044969536364,533.3577289711684,0,0,0,,,,,,,
gqa,sparsevlm,SparseVLM,0.25,token,n522733,202248991,What color is the SUV that is not little?,Black,"[""black""]",1.0,2,,357.234399067238,,,675.1536609954201,681.989551987499,30.903267965186387,712.8928199526854,920158208,2832,150,,609.8786186776124,,,0.6959459459459459,0.24615384615384617,0.09375
gqa,static_diverse_chunk@25,Static+Diverse,0.25,chunk,n522733,202248991,What color is the SUV that is not little?,Black,"[""black""]",1.0,2,15.880911028943956,166.70257406076416,53.9357970119454,274.222472042311,43.923887016717345,318.21301102172583,20.076589018572122,338.28960004029796,313065472,576,241,198.33552418276668,0.0,9.0,37,0.24324324324324326,0.2465811965811966,0.0
gqa,static_diverse_chunk@50,Static+Diverse,0.5,chunk,n522733,202248991,What color is the SUV that is not little?,Black,"[""black""]",1.0,2,24.840625177603215,323.77756299683824,94.66581395827234,527.5204619974829,52.10953397909179,579.7009039670229,19.910369999706745,599.6112739667296,613679104,1152,339,401.1478271568194,0.0,18.0,37,0.4864864864864865,0.48034188034188036,0.0
gqa,fullload,FullLoad,1.0,full,n522733,202248985,Is the SUV that is made of glass black and small?,Yes,"[""no""]",0.0,2,,426.57361179590225,,,684.405799023807,691.1666960222647,19.842137000523508,711.0088330227882,1226833920,2368,64,,627.397765929345,,,1.0,0.24615384615384617,0.0
gqa,recompute,ReComp,,none,n522733,202248985,Is the SUV that is made of glass black and small?,Yes,"[""no""]",0.0,2,,0.0,,,538.2736040046439,538.2738310145214,18.934401974547654,557.2082329890691,0,0,0,,,,,,,
gqa,sparsevlm,SparseVLM,0.25,token,n522733,202248985,Is the SUV that is made of glass black and small?,Yes,"[""no""]",0.0,2,,410.40146799059585,,,771.4127309736796,778.0728000216186,24.21387698268518,802.2866770043038,953253888,2896,144,,695.6686449702829,,,0.722972972972973,0.24615384615384617,0.125
gqa,static_diverse_chunk@25,Static+Diverse,0.25,chunk,n522733,202248985,Is the SUV that is made of glass black and small?,Yes,"[""no""]",0.0,2,16.013156331609935,166.14174394635484,54.12090686149895,273.5690409899689,54.38379099359736,328.0178769491613,19.526924996171147,347.54480194533244,313065472,576,241,197.39331514574587,0.0,9.0,37,0.24324324324324326,0.2465811965811966,0.0
gqa,static_diverse_chunk@50,Static+Diverse,0.5,chunk,n522733,202248985,Is the SUV that is made of glass black and small?,Yes,"[""no""]",0.0,2,24.70413170522079,317.0443140552379,92.74135308805853,519.3361089914106,49.83721097232774,569.2438269616105,19.927249988541007,589.1710769501515,613679104,1152,339,394.49186803540215,0.0,18.0,37,0.4864864864864865,0.48034188034188036,0.0
gqa,fullload,FullLoad,1.0,full,n199286,201439590,What animal is standing on the green grass?,None,"[""horse""]",0.0,2,,416.3345529232174,,,691.8848129571415,698.3464609947987,32.37487701699138,730.7213380117901,1175453696,2304,64,,628.0751919257455,,,1.0,0.24620874219446923,0.0
gqa,recompute,ReComp,,none,n199286,201439590,What animal is standing on the green grass?,None,"[""horse""]",0.0,2,,0.0,,,487.0269749662839,487.02715995023027,19.148013030644506,506.1751729808748,0,0,0,,,,,,,
gqa,sparsevlm,SparseVLM,0.25,token,n199286,201439590,What animal is standing on the green grass?,None,"[""horse""]",0.0,2,,402.5427695014514,,,768.1043089833111,774.8559070168994,20.551508001517504,795.4074150184169,927678464,2826,142,,691.9721891754307,,,0.7265625,0.24620874219446923,0.15625
gqa,static_diverse_chunk@25,Static+Diverse,0.25,chunk,n199286,201439590,What animal is standing on the green grass?,None,"[""horse""]",0.0,2,16.027714998926967,167.24927781615406,52.660804125480354,273.19439698476344,46.78925801999867,320.0487000285648,19.254293001722544,339.3029930302873,305594368,576,267,198.38189048459753,0.0,9.0,36,0.25,0.25735950044603034,0.0
gqa,static_diverse_chunk@50,Static+Diverse,0.5,chunk,n199286,201439590,What animal is standing on the green grass?,None,"[""horse""]",0.0,2,23.45783793134615,309.5821690512821,88.52566301357001,501.41786702442914,56.07089097611606,557.5583570171148,19.219484995119274,576.777842012234,589299712,1152,375,382.29587610112503,0.0,18.0,36,0.5,0.48661909009812665,0.0
gqa,fullload,FullLoad,1.0,full,n199286,201439451,Is the happy woman on the right side or on the left?,Left,"[""right""]",0.0,2,,346.27957368502393,,,573.8342409604229,580.3021949832328,20.100655034184456,600.4028500174172,1175453696,2304,64,,526.2866127304733,,,1.0,0.24620874219446923,0.0
gqa,recompute,ReComp,,none,n199286,201439451,Is the happy woman on the right side or on the left?,Left,"[""right""]",0.0,2,,0.0,,,489.1095680068247,489.10965101094916,19.205171964131296,508.31482297508046,0,0,0,,,,,,,
gqa,sparsevlm,SparseVLM,0.25,token,n199286,201439451,Is the happy woman on the right side or on the left?,Left,"[""right""]",0.0,2,,384.30847629206255,,,731.3638429623097,737.9654530086555,28.00853201188147,765.9739850205369,920272896,2808,142,,660.4492130572908,,,0.71875,0.24620874219446923,0.09375
gqa,static_diverse_chunk@25,Static+Diverse,0.25,chunk,n199286,201439451,Is the happy woman on the right side or on the left?,Left,"[""right""]",0.0,2,15.395497961435467,167.70742397056893,51.66884895879775,271.03759499732405,49.88384194439277,320.9865629905835,19.756681052967906,340.7432440435514,305594368,576,267,198.09961778810248,0.0,9.0,36,0.25,0.25735950044603034,0.0
gqa,static_diverse_chunk@50,Static+Diverse,0.5,chunk,n199286,201439451,Is the happy woman on the right side or on the left?,Left,"[""right""]",0.0,2,22.267602034844458,304.47226023534313,86.78633905947208,490.30836299061775,54.05579297803342,544.4347999873571,19.377776014152914,563.81257600151,589299712,1152,375,374.3041298002936,0.0,18.0,36,0.5,0.48661909009812665,0.0
gqa,fullload,FullLoad,1.0,full,n199286,201439531,Is the grass green?,Yes,"[""yes""]",1.0,2,,390.546286071185,,,645.0855360017158,651.887658983469,19.995604001451284,671.8832629849203,1175453696,2304,64,,590.5641449498944,,,1.0,0.24620874219446923,0.0
gqa,recompute,ReComp,,none,n199286,201439531,Is the grass green?,Yes,"[""yes""]",1.0,2,,0.0,,,489.2118130228482,489.21191500267014,18.726154987234622,507.93806998990476,0,0,0,,,,,,,
gqa,sparsevlm,SparseVLM,0.25,token,n199286,201439531,Is the grass green?,No,"[""yes""]",0.0,2,,358.54423424461856,,,676.3726039789617,682.9074579873122,22.184693021699786,705.092151009012,958054400,2882,152,,615.2229169965722,,,0.7508680555555556,0.24620874219446923,0.125
gqa,static_diverse_chunk@25,Static+Diverse,0.25,chunk,n199286,201439531,Is the grass green?,Yes,"[""yes""]",1.0,2,11.574944946914911,150.8314752136357,44.10048818681389,237.26770502980798,34.327655972447246,271.6430390137248,19.823218986857682,291.46625800058246,305594368,576,267,175.93153804773465,0.0,9.0,36,0.25,0.25735950044603034,0.0
gqa,static_diverse_chunk@50,Static+Diverse,0.5,chunk,n199286,201439531,Is the grass green?,Yes,"[""yes""]",1.0,2,22.8373056743294,307.9178140615113,89.1803169506602,496.1113299941644,40.959153964649886,537.1253649936989,19.238759006839246,556.3641240005381,589299712,1152,375,377.47577601112425,0.0,18.0,36,0.5,0.48661909009812665,0.0
gqa,fullload,FullLoad,1.0,full,n199286,201439514,Who is wearing a shirt?,No one,"[""woman""]",0.0,3,,331.21734793530777,,,545.4148019780405,551.9567019655369,43.069700011983514,595.0264019775204,1175453696,2304,64,,503.20356292650104,,,1.0,0.24620874219446923,0.0
gqa,recompute,ReComp,,none,n199286,201439514,Who is wearing a shirt?,No one,"[""woman""]",0.0,3,,0.0,,,515.0755129870959,515.0756729999557,38.23644097428769,553.3121139742434,0,0,0,,,,,,,
gqa,sparsevlm,SparseVLM,0.25,token,n199286,201439514,Who is wearing a shirt?,No one,"[""woman""]",0.0,3,,406.73194808186963,,,769.5843050023541,776.267308043316,45.265475986525416,821.5327840298414,933937152,2836,146,,695.7673109136522,,,0.7309027777777778,0.24620874219446923,0.125
gqa,static_diverse_chunk@25,Static+Diverse,0.25,chunk,n199286,201439514,Who is wearing a shirt?,Man,"[""woman""]",0.0,2,17.91963103460148,172.60169197106734,56.115400162525475,286.36336099589244,65.30691595980898,351.7355499789119,20.507448993157595,372.2429989720695,305594368,576,267,206.21253811987117,0.0,9.0,36,0.25,0.25735950044603034,0.0
gqa,static_diverse_chunk@50,Static+Diverse,0.5,chunk,n199286,201439514,Who is wearing a shirt?,No one,"[""woman""]",0.0,3,24.25440022489056,320.9028263227083,91.659180005081,516.4584159501828,41.77340300520882,558.3016229793429,39.4262169720605,597.7278399514034,589299712,1152,375,393.615496752318,0.0,18.0,36,0.5,0.48661909009812665,0.0
gqa,fullload,FullLoad,1.0,full,n199286,201439703,What animal is to the left of the girl?,Chicken,"[""horse""]",0.0,3,,400.0496352673508,,,641.7014710023068,648.1165789882652,39.867684012278914,687.9842630005442,1175453696,2304,64,,589.1314139589667,,,1.0,0.24620874219446923,0.0
gqa,recompute,ReComp,,none,n199286,201439703,What animal is to the left of the girl?,Chicken,"[""horse""]",0.0,3,,0.0,,,518.185316992458,518.1855259579606,37.31922304723412,555.5047490051948,0,0,0,,,,,,,
gqa,sparsevlm,SparseVLM,0.25,token,n199286,201439703,What animal is to the left of the girl?,Chicken,"[""horse""]",0.0,3,,395.3587536816485,,,735.467384045478,741.8969720019959,40.327549970243126,782.224521972239,929775616,2830,136,,666.8480011285283,,,0.7282986111111112,0.24620874219446923,0.15625
gqa,static_diverse_chunk@25,Static+Diverse,0.25,chunk,n199286,201439703,What animal is to the left of the girl?,Chicken,"[""horse""]",0.0,3,16.204948246013373,165.84698559017852,52.29582509491593,271.38717501657084,54.83085196465254,326.2846209690906,37.67816204344854,363.96278301253915,305594368,576,267,196.99497293913737,0.0,9.0,36,0.25,0.25735950044603034,0.0
gqa,static_diverse_chunk@50,Static+Diverse,0.5,chunk,n199286,201439703,What animal is to the left of the girl?,Chicken,"[""horse""]",0.0,3,23.866775271017104,316.34719570865855,89.09110695822164,507.6867489842698,42.25764801958576,550.0159349758178,37.92837803484872,587.9443130106665,589299712,1152,375,387.8006730810739,0.0,18.0,36,0.5,0.48661909009812665,0.0
gqa,fullload,FullLoad,1.0,full,n199286,201439727,Do the shorts have dark color and large size?,No,"[""no""]",1.0,2,,400.1653850427829,,,669.6888800361194,676.3250670046546,20.17837599851191,696.5034430031665,1175453696,2304,64,,613.8322482001968,,,1.0,0.24620874219446923,0.0
gqa,recompute,ReComp,,none,n199286,201439727,Do the shorts have dark color and large size?,No,"[""no""]",1.0,2,,0.0,,,506.32123404648155,506.32147502619773,18.97520897909999,525.2966840052977,0,0,0,,,,,,,
gqa,sparsevlm,SparseVLM,0.25,token,n199286,201439727,Do the shorts have dark color and large size?,No,"[""no""]",1.0,2,,408.21139013860375,,,760.9142200089991,767.4790500313975,24.9603979755193,792.4394480069168,993902592,2962,142,,691.7798200738616,,,0.7855902777777778,0.24620874219446923,0.3125
gqa,static_diverse_chunk@25,Static+Diverse,0.25,chunk,n199286,201439727,Do the shorts have dark color and large size?,No,"[""no""]",1.0,2,13.366806204430759,159.4011161942035,47.738950001075864,253.40175401652232,40.88251601206139,294.34881400084123,19.43808898795396,313.7869029887952,305594368,576,267,186.49464275222272,0.0,9.0,36,0.25,0.25735950044603034,0.0
gqa,static_diverse_chunk@50,Static+Diverse,0.5,chunk,n199286,201439727,Do the shorts have dark color and large size?,No,"[""no""]",1.0,2,24.600280972663313,315.39066787809134,89.92499398300424,511.7843420011923,51.393728994298726,563.2469049887732,19.04372702119872,582.2906320099719,589299712,1152,375,390.2198681025766,0.0,18.0,36,0.5,0.48661909009812665,0.0
gqa,fullload,FullLoad,1.0,full,n298104,201505104,What color are the mountains next to the ocean?,Green,"[""gray""]",0.0,2,,391.201114107389,,,658.89346197946,665.3674659901299,19.778907008003443,685.1463729981333,1132462080,2176,64,,600.9194939979352,,,1.0,0.24444444444444444,0.0
gqa,recompute,ReComp,,none,n298104,201505104,What color are the mountains next to the ocean?,Green,"[""gray""]",0.0,2,,0.0,,,501.0004779906012,501.0007090168074,19.383851962629706,520.3845609794371,0,0,0,,,,,,,
gqa,sparsevlm,SparseVLM,0.25,token,n298104,201505104,What color are the mountains next to the ocean?,Green,"[""gray""]",0.0,2,,359.74769096355885,,,696.2942989775911,702.7463190024719,35.523765021935105,738.270084024407,915013632,2734,146,,626.4904791023582,,,0.7564338235294118,0.24444444444444444,0.125
gqa,static_diverse_chunk@25,Static+Diverse,0.25,chunk,n298104,201505104,What color are the mountains next to the ocean?,Green,"[""gray""]",0.0,2,16.780799021944404,181.66084674885496,54.322456184308976,290.1415760279633,50.38580799009651,340.59080498991534,19.193943007849157,359.7847479977645,291766272,512,265,213.1208697683178,0.0,8.0,34,0.23529411764705882,0.23148148148148148,0.0
gqa,static_diverse_chunk@50,Static+Diverse,0.5,chunk,n298104,201505104,What color are the mountains next to the ocean?,Green,"[""gray""]",0.0,2,23.452659021131694,306.5682589658536,89.56426102668047,498.69760702131316,42.82519803382456,541.5937470388599,19.836185965687037,561.4299330045469,592707584,1088,363,378.79308906849474,0.0,17.0,34,0.5,0.4962962962962963,0.0
gqa,fullload,FullLoad,1.0,full,n298104,201505196,How large is the sand?,Small,"[""large""]",0.0,2,,367.75817401940003,,,609.542527992744,615.9835919970647,19.898490980267525,635.8820829773322,1132462080,2176,64,,556.9519208511338,,,1.0,0.24444444444444444,0.0
gqa,recompute,ReComp,,none,n298104,201505196,How large is the sand?,Small,"[""large""]",0.0,2,,0.0,,,499.97566803358495,499.97576902387664,19.26066796295345,519.2364369868301,0,0,0,,,,,,,
gqa,sparsevlm,SparseVLM,0.25,token,n298104,201505196,How large is the sand?,Small,"[""large""]",0.0,2,,376.0707718320191,,,736.7525299778208,743.2233230210841,39.66948000015691,782.892803021241,878575616,2664,160,,657.1689232368954,,,0.7242647058823529,0.24444444444444444,0.09375
gqa,static_diverse_chunk@25,Static+Diverse,0.25,chunk,n298104,201505196,How large is the sand?,Small,"[""large""]",0.0,2,14.897321292664856,169.00463920319453,50.47704896423966,269.36963701155037,56.09350302256644,325.5269390065223,20.137384010013193,345.6643230165355,291766272,512,265,198.20792082464322,0.0,8.0,34,0.23529411764705882,0.23148148148148148,0.0
gqa,static_diverse_chunk@50,Static+Diverse,0.5,chunk,n298104,201505196,How large is the sand?,Small,"[""large""]",0.0,2,23.637702863197774,298.8972628954798,89.87875282764435,492.2073389752768,53.96622698754072,546.2414199719205,18.951802048832178,565.1932220207527,592707584,1088,363,371.76951888250187,0.0,17.0,34,0.5,0.4962962962962963,0.0
gqa,fullload,FullLoad,1.0,full,n298104,201504797,Does the shirt look short sleeved or long sleeved?,Short sleeved,"[""short sleeved""]",1.0,5,,363.97389479679987,,,606.9605899974704,613.3667340036482,76.88705599866807,690.2537900023162,1132462080,2176,64,,554.5093418331817,,,1.0,0.24444444444444444,0.0
gqa,recompute,ReComp,,none,n298104,201504797,Does the shirt look short sleeved or long sleeved?,Short sleeved,"[""short sleeved""]",1.0,5,,0.0,,,476.76539595704526,476.7655769828707,73.3976440387778,550.1632210216485,0,0,0,,,,,,,
gqa,sparsevlm,SparseVLM,0.25,token,n298104,201504797,Does the shirt look short sleeved or long sleeved?,Short sleeved,"[""short sleeved""]",1.0,5,,384.2152542783879,,,741.2305740290321,747.5559430313297,97.95573499286547,845.5116780241951,878313472,2664,138,,662.4737370293587,,,0.7242647058823529,0.24444444444444444,0.125
gqa,static_diverse_chunk@25,Static+Diverse,0.25,chunk,n298104,201504797,Does the shirt look short sleeved or long sleeved?,Short sleeved,"[""short sleeved""]",1.0,5,16.33795292582363,181.32706271717325,53.91003179829568,288.38579199509695,54.4387039844878,342.88882196415216,75.83163701929152,418.7204589834437,291766272,512,265,212.26613415637985,0.0,8.0,34,0.23529411764705882,0.23148148148148148,0.0
gqa,static_diverse_chunk@50,Static+Diverse,0.5,chunk,n298104,201504797,Does the shirt look short sleeved or long sleeved?,Short sleeved,"[""short sleeved""]",1.0,5,22.345127013977617,300.9379580616951,88.41463091084734,488.9451980125159,49.43296604324132,538.448061037343,76.00418495712802,614.452245994471,592707584,1088,363,371.30290386267006,0.0,17.0,34,0.5,0.4962962962962963,0.0
gqa,fullload,FullLoad,1.0,full,n298104,201504720,How big is the flower on the surfboard?,Small,"[""small""]",1.0,2,,385.5555040645413,,,647.1690029720776,653.6265129689127,41.86989401932806,695.4964069882408,1132462080,2176,64,,587.8975872765295,,,1.0,0.24444444444444444,0.0
gqa,recompute,ReComp,,none,n298104,201504720,How big is the flower on the surfboard?,Small,"[""small""]",1.0,2,,0.0,,,469.00361496955156,469.0038089756854,18.792882037814707,487.7966910135001,0,0,0,,,,,,,
gqa,sparsevlm,SparseVLM,0.25,token,n298104,201504720,How big is the flower on the surfboard?,Small,"[""small""]",1.0,2,,397.28988392744213,,,771.1281140218489,777.5758180068806,26.992373983375728,804.5681919902563,931004416,2766,144,,693.5528371250257,,,0.7711397058823529,0.24444444444444444,0.15625
gqa,static_diverse_chunk@25,Static+Diverse,0.25,chunk,n298104,201504720,How big is the flower on the surfboard?,Small,"[""small""]",1.0,2,17.392572888638824,176.11378291621804,55.82547915400937,287.8914019674994,41.07677598949522,329.03452799655497,19.038567959796637,348.0730959563516,291766272,512,265,208.75621790764853,0.0,8.0,34,0.23529411764705882,0.23148148148148148,0.0
gqa,static_diverse_chunk@50,Static+Diverse,0.5,chunk,n298104,201504720,How big is the flower on the surfboard?,Small,"[""small""]",1.0,2,20.997772051487118,285.6184132397175,86.00191492587328,467.38810394890606,35.68014403572306,503.1155659817159,19.362000981345773,522.4775669630617,592707584,1088,363,353.59463799977675,0.0,17.0,34,0.5,0.4962962962962963,0.0
gqa,fullload,FullLoad,1.0,full,n298104,201504921,What is the thin person standing behind of?,Surfboard,"[""sign""]",0.0,4,,434.40512305824086,,,727.6985290227458,734.2797589953989,57.42197000654414,791.701729001943,1132462080,2176,64,,660.8973480761051,,,1.0,0.24444444444444444,0.0
gqa,recompute,ReComp,,none,n298104,201504921,What is the thin person standing behind of?,Surfboard,"[""sign""]",0.0,4,,0.0,,,492.1702930005267,492.1704850276001,55.41045998688787,547.580945014488,0,0,0,,,,,,,
gqa,sparsevlm,SparseVLM,0.25,token,n298104,201504921,What is the thin person standing behind of?,Surfboard,"[""sign""]",0.0,4,,384.7889290191233,,,742.196255014278,749.1259290254675,68.55690199881792,817.6828310242854,896401408,2698,154,,665.4816629597917,,,0.7398897058823529,0.24444444444444444,0.0625
gqa,static_diverse_chunk@25,Static+Diverse,0.25,chunk,n298104,201504921,What is the thin person standing behind of?,Surfboard,"[""sign""]",0.0,4,16.256005794275552,181.68549664551392,53.415610163938254,287.9606829956174,50.94458704115823,338.969023025129,56.56743299914524,395.53645602427423,291766272,512,265,212.36515388591215,0.0,8.0,34,0.23529411764705882,0.23148148148148148,0.0
gqa,static_diverse_chunk@50,Static+Diverse,0.5,chunk,n298104,201504921,What is the thin person standing behind of?,Surfboard,"[""sign""]",0.0,4,17.475725093390793,274.72599397879094,79.75415792316198,435.18796999705955,45.57320004096255,480.81442900002,57.420322962570935,538.234751962591,592707584,1088,363,331.3612279598601,0.0,17.0,34,0.5,0.4962962962962963,0.0
gqa,fullload,FullLoad,1.0,full,n298104,201504737,What is on the surfboard behind the sign?,Flower,"[""flower""]",1.0,3,,365.69096706807613,,,610.8575250254944,617.207307019271,38.60406996682286,655.8113769860938,1132462080,2176,64,,561.5505669265985,,,1.0,0.24444444444444444,0.0
gqa,recompute,ReComp,,none,n298104,201504737,What is on the surfboard behind the sign?,Flower,"[""flower""]",1.0,3,,0.0,,,467.2429939964786,467.24328998243436,37.355261971242726,504.5985519536771,0,0,0,,,,,,,
gqa,sparsevlm,SparseVLM,0.25,token,n298104,201504737,What is on the surfboard behind the sign?,Flower,"[""flower""]",1.0,3,,390.9678151831031,,,757.8044370166026,764.4801210262813,50.82129000220448,815.3014110284857,913440768,2732,164,,676.8681249232031,,,0.7555147058823529,0.24444444444444444,0.15625
gqa,static_diverse_chunk@25,Static+Diverse,0.25,chunk,n298104,201504737,What is on the surfboard behind the sign?,Flower,"[""flower""]",1.0,3,13.177816988900304,163.52400096366182,46.99010722106323,255.6959280045703,35.81089398358017,291.5549909812398,38.24603004613891,329.80102102737874,291766272,512,265,189.854203897994,0.0,8.0,34,0.23529411764705882,0.23148148148148148,0.0
gqa,static_diverse_chunk@50,Static+Diverse,0.5,chunk,n298104,201504737,What is on the surfboard behind the sign?,Flower,"[""flower""]",1.0,3,23.737830226309597,296.45241564139724,90.1014941628091,490.4881080146879,51.22682702494785,541.7844270123169,37.862593948375434,579.6470209606923,592707584,1088,363,369.74075209582224,0.0,17.0,34,0.5,0.4962962962962963,0.0
gqa,fullload,FullLoad,1.0,full,n166008,20240972,Do the customers appear to be waiting?,Yes,"[""yes""]",1.0,2,,397.4160301149823,,,654.6353910234757,661.2413150141947,19.939323945436627,681.1806389596313,1226833920,2368,64,,602.6447499752976,,,1.0,0.24615384615384617,0.0
gqa,recompute,ReComp,,none,n166008,20240972,Do the customers appear to be waiting?,Yes,"[""yes""]",1.0,2,,0.0,,,551.3847300317138,551.3850710121915,18.937312997877598,570.3223840100691,0,0,0,,,,,,,
gqa,sparsevlm,SparseVLM,0.25,token,n166008,20240972,Do the customers appear to be waiting?,Yes,"[""yes""]",1.0,2,,419.99472462339327,,,803.7271529901773,810.4698020033538,38.417618023231626,848.8874200265855,973176832,2934,150,,724.2696198518388,,,0.7390202702702703,0.24615384615384617,0.125
gqa,static_diverse_chunk@25,Static+Diverse,0.25,chunk,n166008,20240972,Do the customers appear to be waiting?,No,"[""yes""]",0.0,2,17.75049406569451,177.53215093398467,56.27396504860371,291.5911639574915,65.31317596090958,356.97079595411196,51.739108050242066,408.70990400435403,312147968,576,281,211.3770300638862,0.0,9.0,37,0.24324324324324326,0.23461538461538461,0.0
gqa,static_diverse_chunk@50,Static+Diverse,0.5,chunk,n166008,20240972,Do the customers appear to be waiting?,Yes,"[""yes""]",1.0,2,21.309154923073947,316.86189712490886,86.26520197140053,502.17379798414186,44.06092100543901,546.3071669801138,19.628133974038064,565.9353009541519,610009088,1152,395,387.64592388179153,0.0,18.0,37,0.4864864864864865,0.48034188034188036,0.0
gqa,fullload,FullLoad,1.0,full,n166008,20240975,Who is waiting?,People,"[""customers""]",0.0,2,,366.23614106792957,,,603.2793799531646,609.9431369802915,19.733576045837253,629.6767130261287,1226833920,2368,64,,557.4242898146622,,,1.0,0.24615384615384617,0.0
gqa,recompute,ReComp,,none,n166008,20240975,Who is waiting?,People,"[""customers""]",0.0,2,,0.0,,,562.396342982538,562.396630004514,18.792051007039845,581.1886810115539,0,0,0,,,,,,,
gqa,sparsevlm,SparseVLM,0.25,token,n166008,20240975,Who is waiting?,People,"[""customers""]",0.0,2,,376.75801757723093,,,697.8173570241779,704.5143670402467,20.339310984127223,724.853678024374,990085120,2968,164,,637.7749959356152,,,0.7533783783783784,0.24615384615384617,0.1875
gqa,static_diverse_chunk@25,Static+Diverse,0.25,chunk,n166008,20240975,Who is waiting?,Man,"[""customers""]",0.0,2,14.275880879722536,166.66786302812397,49.734184984117746,266.3979739882052,35.524782026186585,301.97115399641916,18.983143963851035,320.9542979602702,312147968,576,281,196.31362776272,0.0,9.0,37,0.24324324324324326,0.23461538461538461,0.0
gqa,static_diverse_chunk@50,Static+Diverse,0.5,chunk,n166008,20240975,Who is waiting?,People,"[""customers""]",0.0,2,24.933099863119423,326.9272537436336,93.42091879807413,529.8400730243884,53.5219429875724,583.4314019884914,19.337069999892265,602.7684719883837,610009088,1152,395,404.3565489118919,0.0,18.0,37,0.4864864864864865,0.48034188034188036,0.0
gqa,fullload,FullLoad,1.0,full,n166008,20240976,Is there any beer in this photo?,No,"[""no""]",1.0,2,,369.8751341435127,,,603.9015110000037,610.6133800349198,20.20255895331502,630.8159389882348,1226833920,2368,64,,553.2863671542145,,,1.0,0.24615384615384617,0.0
gqa,recompute,ReComp,,none,n166008,20240976,Is there any beer in this photo?,No,"[""no""]",1.0,2,,0.0,,,534.9382599815726,534.9384850123897,19.07243498135358,554.0109199937433,0,0,0,,,,,,,
gqa,sparsevlm,SparseVLM,0.25,token,n166008,20240976,Is there any beer in this photo?,No,"[""no""]",1.0,2,,412.03161812154576,,,780.9131880057976,787.6073330407962,20.78317297855392,808.3905060193501,983793664,2956,136,,708.2389970892109,,,0.7483108108108109,0.24615384615384617,0.1875
gqa,static_diverse_chunk@25,Static+Diverse,0.25,chunk,n166008,20240976,Is there any beer in this photo?,No,"[""no""]",1.0,2,17.110159911680967,175.57418288197368,56.470749026630074,288.56196301057935,36.286146962083876,324.8978949850425,19.851246033795178,344.7491410188377,312147968,576,281,208.79865280585364,0.0,9.0,37,0.24324324324324326,0.23461538461538461,0.0
gqa,static_diverse_chunk@50,Static+Diverse,0.5,chunk,n166008,20240976,Is there any beer in this photo?,No,"[""no""]",1.0,2,24.873857095371932,325.3426648443565,93.970411864575,530.4666989832185,41.64220695383847,572.1801419858821,19.240919034928083,591.4210610208102,610009088,1152,395,404.3818269856274,0.0,18.0,37,0.4864864864864865,0.48034188034188036,0.0
gqa,fullload,FullLoad,1.0,full,n166008,20240957,What is underneath the glass?,Water,"[""table""]",0.0,2,,422.3437738837674,,,697.1882340149023,704.1665869764984,20.140759996138513,724.3073469726369,1226833920,2368,64,,639.1885579796508,,,1.0,0.24615384615384617,0.0
gqa,recompute,ReComp,,none,n166008,20240957,What is underneath the glass?,Water,"[""table""]",0.0,2,,0.0,,,538.6144940275699,538.6146560194902,19.54243000363931,558.1570860231295,0,0,0,,,,,,,
gqa,sparsevlm,SparseVLM,0.25,token,n166008,20240957,What is underneath the glass?,Table,"[""table""]",1.0,2,,392.0150582562201,,,753.9654700085521,760.7252800371498,24.120788963045925,784.8460690001957,939950080,2868,150,,679.003864119295,,,0.7111486486486487,0.24615384615384617,0.03125
gqa,static_diverse_chunk@25,Static+Diverse,0.25,chunk,n166008,20240957,What is underneath the glass?,Table,"[""table""]",1.0,2,14.474919938948005,166.7705388390459,50.437854893971235,267.03957899007946,37.15711599215865,304.24147396115586,19.112656998913735,323.3541309600696,312147968,576,281,196.16326707182452,0.0,9.0,37,0.24324324324324326,0.23461538461538461,0.0
gqa,static_diverse_chunk@50,Static+Diverse,0.5,chunk,n166008,20240957,What is underneath the glass?,Table,"[""table""]",1.0,2,22.71998714422807,314.62679017568007,89.82111210934818,509.12397395586595,56.70973501401022,565.9061329788528,19.52487201197073,585.4310049908236,610009088,1152,395,389.29959206143394,0.0,18.0,37,0.4864864864864865,0.48034188034188036,0.0
gqa,fullload,FullLoad,1.0,full,n166008,20240935,What is the item of furniture underneath the water bottle?,Table,"[""table""]",1.0,2,,458.9884379529394,,,752.399803022854,759.1333800228313,25.326773000415415,784.4601530232467,1226833920,2368,64,,690.0088680558838,,,1.0,0.24615384615384617,0.0
gqa,recompute,ReComp,,none,n166008,20240935,What is the item of furniture underneath the water bottle?,Table,"[""table""]",1.0,2,,0.0,,,511.3945149932988,511.39473501825705,19.13256896659732,530.5273039848544,0,0,0,,,,,,,
gqa,sparsevlm,SparseVLM,0.25,token,n166008,20240935,What is the item of furniture underneath the water bottle?,Table,"[""table""]",1.0,2,,409.18375010369346,,,779.7182829817757,786.3842289661989,25.145288032945246,811.5295169991441,927956992,2846,144,,700.0638918834738,,,0.7018581081081081,0.24615384615384617,0.0625
gqa,static_diverse_chunk@25,Static+Diverse,0.25,chunk,n166008,20240935,What is the item of furniture underneath the water bottle?,Table,"[""table""]",1.0,2,17.79225916834548,179.28822006797418,57.778682152274996,295.5550210317597,40.87766702286899,336.49702701950446,18.89401499647647,355.39104201598093,312147968,576,281,213.78940891008824,0.0,9.0,37,0.24324324324324326,0.23461538461538461,0.0
gqa,static_diverse_chunk@50,Static+Diverse,0.5,chunk,n166008,20240935,What is the item of furniture underneath the water bottle?,Table,"[""table""]",1.0,2,22.380626935046166,315.4314821003936,90.61455988558009,510.4953200207092,41.65525396820158,552.2199859842658,19.209563033655286,571.4295490179211,610009088,1152,395,390.4207688756287,0.0,18.0,37,0.4864864864864865,0.48034188034188036,0.0
gqa,fullload,FullLoad,1.0,full,n166008,20241047,Who is sitting in front of the water?,Man,"[""man""]",1.0,2,,457.3501811828464,,,754.2000170215033,760.8414440182969,34.64853996410966,795.4899839824066,1226833920,2368,64,,689.2219810979441,,,1.0,0.24615384615384617,0.0
gqa,recompute,ReComp,,none,n166008,20241047,Who is sitting in front of the water?,Man,"[""man""]",1.0,2,,0.0,,,535.364507988561,535.364621959161,19.358963996637613,554.7235859557986,0,0,0,,,,,,,
gqa,sparsevlm,SparseVLM,0.25,token,n166008,20241047,Who is sitting in front of the water?,Man,"[""man""]",1.0,2,,391.2126232753508,,,740.3751880046912,747.071165998932,39.53274298692122,786.6039089858532,959086592,2908,168,,669.3485429277644,,,0.7280405405405406,0.24615384615384617,0.15625
gqa,static_diverse_chunk@25,Static+Diverse,0.25,chunk,n166008,20241047,Who is sitting in front of the water?,Man,"[""man""]",1.0,2,13.685732963494956,165.90937308501452,49.47810131125152,264.7365209995769,38.02435303805396,302.8099410003051,19.652829971164465,322.4627709714696,312147968,576,281,195.60533575713634,0.0,9.0,37,0.24324324324324326,0.23461538461538461,0.0
gqa,static_diverse_chunk@50,Static+Diverse,0.5,chunk,n166008,20241047,Who is sitting in front of the water?,Man,"[""man""]",1.0,2,21.061870793346316,306.30072008352727,86.30892902147025,490.97125697880983,51.98757897596806,543.0279589490965,19.73600802011788,562.7639669692144,610009088,1152,395,376.5674729947932,0.0,18.0,37,0.4864864864864865,0.48034188034188036,0.0
gqa,fullload,FullLoad,1.0,full,n67005,20716952,What is on the bed near the bag?,Pillow,"[""cord""]",0.0,4,,382.7866849023849,,,641.4810339920223,647.9910429916345,58.241849998012185,706.2328929896466,1233125376,2368,64,,587.5038132071495,,,1.0,0.24489795918367346,0.0
gqa,recompute,ReComp,,none,n67005,20716952,What is on the bed near the bag?,Pillow,"[""cord""]",0.0,4,,0.0,,,535.2222140063532,535.2224829839543,57.65940900892019,592.8818919928744,0,0,0,,,,,,,
gqa,sparsevlm,SparseVLM,0.25,token,n67005,20716952,What is on the bed near the bag?,Pillow,"[""cord""]",0.0,4,,382.0027448819019,,,709.3352560186759,716.0366229945794,80.54440200794488,796.5810250025243,1000210432,2984,154,,649.5327029842883,,,0.7601351351351351,0.24489795918367346,0.15625
gqa,static_diverse_chunk@25,Static+Diverse,0.25,chunk,n67005,20716952,What is on the bed near the bag?,Pillow,"[""cord""]",0.0,4,14.713369135279208,192.0725250383839,52.67409997759387,296.82191903702915,47.814452031161636,344.70245003467426,56.52602296322584,401.2284729979001,324272128,576,287,223.40131283272058,0.0,9.0,37,0.24324324324324326,0.24787414965986396,0.0
gqa,static_diverse_chunk@50,Static+Diverse,0.5,chunk,n67005,20716952,What is on the bed near the bag?,Pillow,"[""cord""]",0.0,4,22.42214186117053,335.3044409304857,92.47283701552078,532.8221189556643,50.36156298592687,583.2557269604877,57.05146701075137,640.307193971239,623378432,1152,385,410.72959307348356,0.0,18.0,37,0.4864864864864865,0.48299319727891155,0.0
gqa,fullload,FullLoad,1.0,full,n67005,20716953,What is on the bed?,Pillow,"[""cord""]",0.0,4,,413.55306725017726,,,679.4022049871273,686.2202670308761,56.806309963576496,743.0265769944526,1233125376,2368,64,,626.5168008976616,,,1.0,0.24489795918367346,0.0
gqa,recompute,ReComp,,none,n67005,20716953,What is on the bed?,Pillow,"[""cord""]",0.0,4,,0.0,,,545.4092500149272,545.4095670138486,55.80074799945578,601.2103150133044,0,0,0,,,,,,,
gqa,sparsevlm,SparseVLM,0.25,token,n67005,20716953,What is on the bed?,Pillow,"[""cord""]",0.0,4,,442.0249001123011,,,834.7616520477459,841.5978170232847,63.93739295890555,905.5352099821903,1000996864,2986,152,,757.3556179413572,,,0.7609797297297297,0.24489795918367346,0.1875
gqa,static_diverse_chunk@25,Static+Diverse,0.25,chunk,n67005,20716953,What is on the bed?,Pillow,"[""cord""]",0.0,4,14.205556944943964,180.11731997830793,51.71778501244262,282.21884300000966,45.183491019997746,327.4663119809702,58.288226020522416,385.7545380014926,324272128,576,287,210.34928428707644,0.0,9.0,37,0.24324324324324326,0.24787414965986396,0.0
gqa,static_diverse_chunk@50,Static+Diverse,0.5,chunk,n67005,20716953,What is on the bed?,Pillow,"[""cord""]",0.0,4,25.093797070439905,326.4575052889995,96.14672703901306,535.1599520072341,57.01054201927036,592.2369910404086,56.5075819613412,648.7445730017498,623378432,1152,385,406.5729060675949,0.0,18.0,37,0.4864864864864865,0.48299319727891155,0.0
gqa,fullload,FullLoad,1.0,full,n67005,20716785,What is the item of furniture that is the same color as the cord called?,Bed,"[""bed""]",1.0,2,,394.07707477221265,,,648.8570480141789,655.6525679770857,35.267558007035404,690.9201259841211,1233125376,2368,64,,591.6147091775201,,,1.0,0.24489795918367346,0.0
gqa,recompute,ReComp,,none,n67005,20716785,What is the item of furniture that is the same color as the cord called?,Bed,"[""bed""]",1.0,2,,0.0,,,537.8881060169078,537.8882689983584,19.28172499174252,557.1699939901009,0,0,0,,,,,,,
gqa,sparsevlm,SparseVLM,0.25,token,n67005,20716785,What is the item of furniture that is the same color as the cord called?,Bed,"[""bed""]",1.0,2,,426.9181158160791,,,809.9810910061933,816.7211100226268,33.38846197584644,850.1095719984733,1003094016,2990,148,,733.5842909524217,,,0.762668918918919,0.24489795918367346,0.1875
gqa,static_diverse_chunk@25,Static+Diverse,0.25,chunk,n67005,20716785,What is the item of furniture that is the same color as the cord called?,Bed,"[""bed""]",1.0,2,16.25985692953691,179.37750782584772,55.23009388707578,290.0453479960561,38.565745984669775,328.65826901979744,23.486224003136158,352.1444930229336,324272128,576,287,212.3914758558385,0.0,9.0,37,0.24324324324324326,0.24787414965986396,0.0
gqa,static_diverse_chunk@50,Static+Diverse,0.5,chunk,n67005,20716785,What is the item of furniture that is the same color as the cord called?,Bed,"[""bed""]",1.0,2,24.154225131496787,318.712797772605,92.78618689859286,520.6525289686397,46.71734099974856,567.4229619908147,19.3155930028297,586.7385549936444,623378432,1152,385,396.604330977425,0.0,18.0,37,0.4864864864864865,0.48299319727891155,0.0
gqa,fullload,FullLoad,1.0,full,n67005,20717149,Is the bed white and small?,Yes,"[""no""]",0.0,2,,384.0878190821968,,,631.687584973406,638.7082180008292,19.679097982589155,658.3873159834184,1233125376,2368,64,,580.6641138042323,,,1.0,0.24489795918367346,0.0
gqa,recompute,ReComp,,none,n67005,20717149,Is the bed white and small?,Yes,"[""no""]",0.0,2,,0.0,,,516.7838340275921,516.7840979993343,19.524546980392188,536.3086449797265,0,0,0,,,,,,,
gqa,sparsevlm,SparseVLM,0.25,token,n67005,20717149,Is the bed white and small?,Yes,"[""no""]",0.0,2,,426.8285029102117,,,806.7856529960409,813.5843080235645,25.581027031876147,839.1653350554407,1000210432,2984,150,,728.3562229713425,,,0.7601351351351351,0.24489795918367346,0.15625
gqa,static_diverse_chunk@25,Static+Diverse,0.25,chunk,n67005,20717149,Is the bed white and small?,Yes,"[""no""]",0.0,2,17.737331974785775,186.37700990075245,59.20596298528835,305.2084179944359,40.53020296851173,345.8034619688988,20.00584901543334,365.8093109843321,324272128,576,287,221.72050329390913,0.0,9.0,37,0.24324324324324326,0.24787414965986396,0.0
gqa,static_diverse_chunk@50,Static+Diverse,0.5,chunk,n67005,20717149,Is the bed white and small?,Yes,"[""no""]",0.0,2,24.26522405585274,321.34625205071643,94.62848020484671,524.9787740176544,65.21708302898332,590.2670469949953,47.81610501231626,638.0831520073116,623378432,1152,385,398.87635997729376,0.0,18.0,37,0.4864864864864865,0.48299319727891155,0.0
gqa,fullload,FullLoad,1.0,full,n67005,20716935,Is the jacket that is made of cotton yellow or gray?,Gray,"[""gray""]",1.0,2,,410.86937894579023,,,667.7393559948541,674.7736430261284,20.35629196325317,695.1299349893816,1233125376,2368,64,,607.9170302255079,,,1.0,0.24489795918367346,0.0
gqa,recompute,ReComp,,none,n67005,20716935,Is the jacket that is made of cotton yellow or gray?,Gray,"[""gray""]",1.0,2,,0.0,,,547.3698279820383,547.3700150032528,19.53741698525846,566.9074319885112,0,0,0,,,,,,,
gqa,sparsevlm,SparseVLM,0.25,token,n67005,20716935,Is the jacket that is made of cotton yellow or gray?,Gray,"[""gray""]",1.0,2,,334.6435589483008,,,618.6366970068775,625.410265987739,28.175298997666687,653.5855649854057,990773248,2966,144,,567.2407139209099,,,0.7525337837837838,0.24489795918367346,0.15625
gqa,static_diverse_chunk@25,Static+Diverse,0.25,chunk,n67005,20716935,Is the jacket that is made of cotton yellow or gray?,Gray,"[""gray""]",1.0,2,13.846579939126968,172.72771807620302,50.833760120440274,273.4358150046319,36.50533495238051,309.9882249953225,19.27709102164954,329.26531601697206,324272128,576,287,202.70141609944403,0.0,9.0,37,0.24324324324324326,0.24787414965986396,0.0
gqa,static_diverse_chunk@50,Static+Diverse,0.5,chunk,n67005,20716935,Is the jacket that is made of cotton yellow or gray?,Gray,"[""gray""]",1.0,2,23.999638040550053,318.25005798600614,94.6693557780236,521.0204410250299,50.51623599138111,571.6045970330015,19.663651008158922,591.2682480411604,623378432,1152,385,395.176844089292,0.0,18.0,37,0.4864864864864865,0.48299319727891155,0.0
gqa,fullload,FullLoad,1.0,full,n67005,20716910,What is the woman reflected on?,Mirror,"[""mirror""]",1.0,3,,350.71963601512834,,,580.2133099641651,586.9901259429753,37.89484000299126,624.8849659459665,1233125376,2368,64,,535.2363152196631,,,1.0,0.24489795918367346,0.0
gqa,recompute,ReComp,,none,n67005,20716910,What is the woman reflected on?,Mirror,"[""mirror""]",1.0,3,,0.0,,,516.9610769953579,516.961253946647,37.07488905638456,554.0361430030316,0,0,0,,,,,,,
gqa,sparsevlm,SparseVLM,0.25,token,n67005,20716910,What is the woman reflected on?,Mirror,"[""mirror""]",1.0,3,,391.8322979588993,,,736.8335740175098,743.5477959807031,40.386862005107105,783.9346579858102,1020133376,3022,138,,672.1227011294104,,,0.7761824324324325,0.24489795918367346,0.15625
gqa,static_diverse_chunk@25,Static+Diverse,0.25,chunk,n67005,20716910,What is the woman reflected on?,Mirror,"[""mirror""]",1.0,3,12.083977868314832,166.53552564093843,46.942169894464314,259.0455600293353,58.194109005853534,317.287378013134,37.835836003068835,355.12321401620284,324272128,576,287,194.22833510907367,0.0,9.0,37,0.24324324324324326,0.24787414965986396,0.0
gqa,static_diverse_chunk@50,Static+Diverse,0.5,chunk,n67005,20716910,What is the woman reflected on?,Mirror,"[""mirror""]",1.0,3,17.566829919815063,292.5469309557229,83.90234428225085,469.15406500920653,45.235774014145136,514.4596910104156,38.24492095736787,552.7046119677834,623378432,1152,385,360.81234482117,0.0,18.0,37,0.4864864864864865,0.48299319727891155,0.0
gqa,fullload,FullLoad,1.0,full,n154856,201228066,What is in front of the silver car?,Bench,"[""van""]",0.0,3,,320.11667580809444,,,530.3481920273043,535.5042680166662,42.45710896793753,577.9613769846037,767557632,1472,64,,461.4932451513596,,,1.0,0.2459016393442623,0.0
gqa,recompute,ReComp,,none,n154856,201228066,What is in front of the silver car?,Bench,"[""van""]",0.0,3,,0.0,,,300.27834500651807,300.2785799908452,37.53682697424665,337.8154069650918,0,0,0,,,,,,,
gqa,sparsevlm,SparseVLM,0.25,token,n154856,201228066,What is in front of the silver car?,Bench,"[""van""]",0.0,3,,274.9804032500833,,,563.3381410152651,568.5550690395758,59.444988961331546,628.0000580009073,668008448,1944,112,,488.757022889331,,,0.8206521739130435,0.2459016393442623,0.3125
gqa,static_diverse_chunk@25,Static+Diverse,0.25,chunk,n154856,201228066,What is in front of the silver car?,Bench,"[""van""]",0.0,3,11.02084998274222,150.98015987314284,37.18732111155987,222.45295502943918,51.85616802191362,274.3545870180242,39.38964498229325,313.7442320003174,211550208,384,255,169.5268161711283,0.0,6.0,23,0.2608695652173913,0.26229508196721313,0.0
gqa,static_diverse_chunk@50,Static+Diverse,0.5,chunk,n154856,201228066,What is in front of the silver car?,Bench,"[""van""]",0.0,3,12.723570864181966,209.8132999963127,56.56109913252294,317.58431799244136,36.69394395546988,354.327087989077,39.032366999890655,393.3594549889676,412221440,768,261,243.219361116644,0.0,12.0,23,0.5217391304347826,0.5191256830601093,0.0
gqa,fullload,FullLoad,1.0,full,n154856,201228177,Which shape is the glass window?,Rectangular,"[""rectangular""]",1.0,3,,310.75846788007766,,,507.2678150027059,512.4513669870794,65.2696710312739,577.7210380183533,767557632,1472,64,,444.9071640847251,,,1.0,0.2459016393442623,0.0
gqa,recompute,ReComp,,none,n154856,201228177,Which shape is the glass window?,Rectangular,"[""rectangular""]",1.0,3,,0.0,,,305.0466980203055,305.04700500750914,36.936855991370976,341.9838609988801,0,0,0,,,,,,,
gqa,sparsevlm,SparseVLM,0.25,token,n154856,201228177,Which shape is the glass window?,Rectangular,"[""rectangular""]",1.0,3,,290.9668769570999,,,584.7881400259212,589.9083810509183,62.76981096016243,652.6781920110807,682295296,1972,104,,507.7096050954424,,,0.8396739130434783,0.2459016393442623,0.40625
gqa,static_diverse_chunk@25,Static+Diverse,0.25,chunk,n154856,201228177,Which shape is the glass window?,Rectangular,"[""rectangular""]",1.0,3,13.169671059586108,140.49104583682492,41.18638299405575,220.4872050206177,33.60466699814424,254.13715600734577,38.106317981146276,292.24347398849204,211550208,384,255,161.22866398654878,0.0,6.0,23,0.2608695652173913,0.26229508196721313,0.0
gqa,static_diverse_chunk@50,Static+Diverse,0.5,chunk,n154856,201228177,Which shape is the glass window?,Rectangular,"[""rectangular""]",1.0,3,19.80128075229004,216.7523450916633,69.06482914928347,354.48759800055996,54.647254990413785,409.2008279985748,38.37803000351414,447.57885800208896,412221440,768,261,260.1318178931251,0.0,12.0,23,0.5217391304347826,0.5191256830601093,0.0
gqa,fullload,FullLoad,1.0,full,n154856,201227859,Is the lamp made of the same material as the van?,No,"[""yes""]",0.0,2,,265.2318013715558,,,429.78054797276855,435.1136379991658,19.80608404846862,454.9197220476344,767557632,1472,64,,386.197725252714,,,1.0,0.2459016393442623,0.0
gqa,recompute,ReComp,,none,n154856,201227859,Is the lamp made of the same material as the van?,No,"[""yes""]",0.0,2,,0.0,,,303.21512499358505,303.2152079977095,18.65728001575917,321.8724880134687,0,0,0,,,,,,,
gqa,sparsevlm,SparseVLM,0.25,token,n154856,201227859,Is the lamp made of the same material as the van?,No,"[""yes""]",0.0,2,,242.38236219389364,,,467.61527797207236,472.76648198021576,32.320494996383786,505.08697697659954,672858112,1954,108,,414.0213410719298,,,0.8274456521739131,0.2459016393442623,0.40625
gqa,static_diverse_chunk@25,Static+Diverse,0.25,chunk,n154856,201227859,Is the lamp made of the same material as the van?,No,"[""yes""]",0.0,2,13.457715278491378,141.53640100266784,42.28309472091496,223.3154010027647,45.902594982180744,269.26539500709623,19.6240579825826,288.88945298967883,211550208,384,255,162.65862790169194,0.0,6.0,23,0.2608695652173913,0.26229508196721313,0.0
gqa,static_diverse_chunk@50,Static+Diverse,0.5,chunk,n154856,201227859,Is the lamp made of the same material as the van?,No,"[""yes""]",0.0,2,20.46519034774974,219.14435975486413,69.71793802222237,360.27839296730235,65.230818989221,425.5757439532317,38.36925403447822,463.94499798770994,412221440,768,261,264.6099631092511,0.0,12.0,23,0.5217391304347826,0.5191256830601093,0.0
gqa,fullload,FullLoad,1.0,full,n154856,201228068,What is the vehicle that that van is in front of?,Car,"[""car""]",1.0,2,,343.48891710396856,,,571.660281973891,576.787729980424,28.79996702540666,605.5876970058307,767557632,1472,64,,493.7767932424322,,,1.0,0.2459016393442623,0.0
gqa,recompute,ReComp,,none,n154856,201228068,What is the vehicle that that van is in front of?,Car,"[""car""]",1.0,2,,0.0,,,307.98462498933077,307.9848329653032,18.47737899515778,326.462211960461,0,0,0,,,,,,,
gqa,sparsevlm,SparseVLM,0.25,token,n154856,201228068,What is the vehicle that that van is in front of?,Car,"[""car""]",1.0,2,,290.9588571637869,,,592.3136490164325,597.8349589859135,42.61206299997866,640.4470219858922,688586752,1984,104,,513.4059329284355,,,0.8478260869565217,0.2459016393442623,0.40625
gqa,static_diverse_chunk@25,Static+Diverse,0.25,chunk,n154856,201228068,What is the vehicle that that van is in front of?,Car,"[""car""]",1.0,2,14.336647989694029,143.88862886698917,44.91754592163488,230.15340400161222,59.28477895213291,289.5014350069687,19.816846994217485,309.31828200118616,211550208,384,255,165.96642800141126,0.0,6.0,23,0.2608695652173913,0.26229508196721313,0.0
gqa,static_diverse_chunk@50,Static+Diverse,0.5,chunk,n154856,201228068,What is the vehicle that that van is in front of?,Car,"[""car""]",1.0,2,19.19336529681459,214.7566889761947,67.60240584844723,350.2407239866443,52.84474202198908,403.1526140170172,19.56660597352311,422.7192199905403,412221440,768,261,258.02891911007464,0.0,12.0,23,0.5217391304347826,0.5191256830601093,0.0
gqa,fullload,FullLoad,1.0,full,n154856,201228119,What kind of vehicle isn't black?,Car,"[""van""]",0.0,2,,319.390450080391,,,526.7564309760928,532.2056579752825,52.20639402978122,584.4120520050637,767557632,1472,64,,459.4533501076512,,,1.0,0.2459016393442623,0.0
gqa,recompute,ReComp,,none,n154856,201228119,What kind of vehicle isn't black?,Car,"[""van""]",0.0,2,,0.0,,,302.79777402756736,302.7978570316918,19.39098397269845,322.18884100439027,0,0,0,,,,,,,
gqa,sparsevlm,SparseVLM,0.25,token,n154856,201228119,What kind of vehicle isn't black?,Car,"[""van""]",0.0,2,,286.5459311869927,,,585.1169279776514,590.3774140169844,35.42932798154652,625.8067419985309,678100992,1964,108,,506.26018387265503,,,0.8342391304347826,0.2459016393442623,0.40625
gqa,static_diverse_chunk@25,Static+Diverse,0.25,chunk,n154856,201228119,What kind of vehicle isn't black?,Car,"[""van""]",0.0,2,13.928304077126086,143.5129398596473,43.53751766029745,227.5960390106775,33.253483998123556,260.8960859943181,20.2410850324668,281.1371710267849,211550208,384,255,165.2334510581568,0.0,6.0,23,0.2608695652173913,0.26229508196721313,0.0
gqa,static_diverse_chunk@50,Static+Diverse,0.5,chunk,n154856,201228119,What kind of vehicle isn't black?,Car,"[""van""]",0.0,2,16.048107820097357,206.59146091202274,62.030139146372676,328.3278269809671,56.241902988404036,384.63413197314367,19.4594050408341,404.09353701397777,412221440,768,261,245.10952504351735,0.0,12.0,23,0.5217391304347826,0.5191256830601093,0.0
gqa,fullload,FullLoad,1.0,full,n154856,201228115,What vehicle is black?,Car,"[""car""]",1.0,2,,297.71791078383103,,,494.3799300235696,499.60893898969516,19.81944899307564,519.4283879827708,767557632,1472,64,,433.738314837683,,,1.0,0.2459016393442623,0.0
gqa,recompute,ReComp,,none,n154856,201228115,What vehicle is black?,Car,"[""car""]",1.0,2,,0.0,,,296.2013039505109,296.2015109951608,19.445957033894956,315.64746802905574,0,0,0,,,,,,,
gqa,sparsevlm,SparseVLM,0.25,token,n154856,201228115,What vehicle is black?,Car,"[""car""]",1.0,2,,276.46460506366566,,,566.5968670509756,571.8920920044184,52.735840959940106,624.6279329643585,679411712,1966,104,,491.74304108601063,,,0.8355978260869565,0.2459016393442623,0.34375
gqa,static_diverse_chunk@25,Static+Diverse,0.25,chunk,n154856,201228115,What vehicle is black?,Car,"[""car""]",1.0,2,14.578058908227831,145.3151138848625,44.97104516485706,232.38205397501588,45.39738700259477,277.843274991028,19.698311982210726,297.54158697323874,211550208,384,255,167.85561596043408,0.0,6.0,23,0.2608695652173913,0.26229508196721313,0.0
gqa,static_diverse_chunk@50,Static+Diverse,0.5,chunk,n154856,201228115,What vehicle is black?,Car,"[""car""]",1.0,2,19.672957016155124,216.0849348292686,68.38218407938257,353.7182839936577,39.706466952338815,393.4762889984995,19.55090300180018,413.0271920002997,412221440,768,261,260.17737586516887,0.0,12.0,23,0.5217391304347826,0.5191256830601093,0.0
gqa,fullload,FullLoad,1.0,full,n567860,201756711,"What kind of fruit is the white kitten playing with, an apple or a banana?",Banana,"[""banana""]",1.0,3,,450.40178595809266,,,739.0172420418821,745.6209540250711,38.922506966628134,784.5434609916992,1226833920,2368,64,,670.1122320373543,,,1.0,0.24615384615384617,0.0
gqa,recompute,ReComp,,none,n567860,201756711,"What kind of fruit is the white kitten playing with, an apple or a banana?",Banana,"[""banana""]",1.0,3,,0.0,,,515.700678981375,515.7008679816499,38.01190003287047,553.7127680145204,0,0,0,,,,,,,
gqa,sparsevlm,SparseVLM,0.25,token,n567860,201756711,"What kind of fruit is the white kitten playing with, an apple or a banana?",Banana,"[""banana""]",1.0,3,,407.06275118282065,,,774.3922920199111,781.0088969999924,39.9953939486295,821.0042909486219,991002624,2968,150,,702.5214758468792,,,0.7533783783783784,0.24615384615384617,0.125
gqa,static_diverse_chunk@25,Static+Diverse,0.25,chunk,n567860,201756711,"What kind of fruit is the white kitten playing with, an apple or a banana?",Banana,"[""banana""]",1.0,3,17.88260426837951,187.0703788008541,58.24201711220667,306.53800698928535,46.04570200899616,352.6492459932342,38.0352059728466,390.6844519660808,316735488,576,279,224.2490058997646,0.0,9.0,37,0.24324324324324326,0.24615384615384617,0.0
gqa,static_diverse_chunk@50,Static+Diverse,0.5,chunk,n567860,201756711,"What kind of fruit is the white kitten playing with, an apple or a banana?",Banana,"[""banana""]",1.0,3,16.108062118291855,293.2280082022771,79.26462776958942,453.97357299225405,42.18865401344374,496.21980800293386,38.2579299621284,534.4777379650623,612761600,1152,403,351.75558988703415,0.0,18.0,37,0.4864864864864865,0.48034188034188036,0.0
gqa,fullload,FullLoad,1.0,full,n567860,201756719,What animal is lying on top of the countertop?,Cat,"[""kitten""]",0.0,2,,347.6482628029771,,,566.724260977935,573.3425989747047,20.141142013017088,593.4837409877218,1226833920,2368,64,,523.3665548148565,,,1.0,0.24615384615384617,0.0
gqa,recompute,ReComp,,none,n567860,201756719,What animal is lying on top of the countertop?,Cat,"[""kitten""]",0.0,2,,0.0,,,513.7965549947694,513.7967600021511,19.096478004939854,532.893238007091,0,0,0,,,,,,,
gqa,sparsevlm,SparseVLM,0.25,token,n567860,201756719,What animal is lying on top of the countertop?,Cat,"[""kitten""]",0.0,2,,423.46492916112766,,,802.6139730354771,809.7409980255179,42.35722898738459,852.0982270129025,977960960,2944,150,,723.8421209040098,,,0.7432432432432432,0.24615384615384617,0.15625
gqa,static_diverse_chunk@25,Static+Diverse,0.25,chunk,n567860,201756719,What animal is lying on top of the countertop?,Cat,"[""kitten""]",0.0,2,18.034984008409083,187.75501911295578,58.132325881160796,305.91996997827664,65.55328296963125,371.5382249793038,19.36825504526496,390.90648002456874,316735488,576,279,223.55575422989205,0.0,9.0,37,0.24324324324324326,0.24615384615384617,0.0
gqa,static_diverse_chunk@50,Static+Diverse,0.5,chunk,n567860,201756719,What animal is lying on top of the countertop?,Cat,"[""kitten""]",0.0,2,21.859391184989363,323.1336150201969,88.73973501613364,512.448255030904,51.61017400678247,564.1275200177915,19.57827399019152,583.7057940079831,612761600,1152,403,394.69582500169054,0.0,18.0,37,0.4864864864864865,0.48034188034188036,0.0
gqa,fullload,FullLoad,1.0,full,n567860,201756948,What does the banana bunch hang above?,Cat,"[""countertop""]",0.0,2,,408.68359978776425,,,669.2637109663337,676.1474530212581,20.267307991161942,696.4147610124201,1226833920,2368,64,,611.2998739117756,,,1.0,0.24615384615384617,0.0
gqa,recompute,ReComp,,none,n567860,201756948,What does the banana bunch hang above?,Cat,"[""countertop""]",0.0,2,,0.0,,,539.0075159957632,539.0076410258189,19.155115995090455,558.1627570209093,0,0,0,,,,,,,
gqa,sparsevlm,SparseVLM,0.25,token,n567860,201756948,What does the banana bunch hang above?,Cat,"[""countertop""]",0.0,2,,379.9040831509046,,,719.9701860081404,726.7517409636639,36.51550499489531,763.2672459585592,1010925568,3006,134,,655.2361639332958,,,0.7694256756756757,0.24615384615384617,0.125
gqa,static_diverse_chunk@25,Static+Diverse,0.25,chunk,n567860,201756948,What does the banana bunch hang above?,Cat,"[""countertop""]",0.0,2,15.554181882180274,183.35185205796733,54.1619491414167,292.03478299314156,42.3628450371325,334.4636470428668,19.599108956754208,354.062755999621,316735488,576,279,216.11837623640895,0.0,9.0,37,0.24324324324324326,0.24615384615384617,0.0
gqa,static_diverse_chunk@50,Static+Diverse,0.5,chunk,n567860,201756948,What does the banana bunch hang above?,Cat,"[""countertop""]",0.0,2,23.396995035000145,333.2753620343283,91.08606918016449,531.1162539874204,55.853896017652005,587.0404950110242,20.186185953207314,607.2266809642315,612761600,1152,403,409.49707105755806,0.0,18.0,37,0.4864864864864865,0.48034188034188036,0.0
gqa,fullload,FullLoad,1.0,full,n567860,201756553,What is the animal that is white?,Cat,"[""kitten""]",0.0,2,,389.1755569493398,,,637.7475609770045,644.8206179775298,27.713194023817778,672.5338120013475,1226833920,2368,64,,583.7569661089219,,,1.0,0.24615384615384617,0.0
gqa,recompute,ReComp,,none,n567860,201756553,What is the animal that is white?,Cat,"[""kitten""]",0.0,2,,0.0,,,539.9886050145142,539.988839009311,19.02515802066773,559.0139970299788,0,0,0,,,,,,,
gqa,sparsevlm,SparseVLM,0.25,token,n567860,201756553,What is the animal that is white?,Cat,"[""kitten""]",0.0,2,,408.0847171135247,,,776.6801120014861,783.3768410491757,53.63899300573394,837.0158340549096,965836800,2920,148,,700.5922809476033,,,0.7331081081081081,0.24615384615384617,0.125
gqa,static_diverse_chunk@25,Static+Diverse,0.25,chunk,n567860,201756553,What is the animal that is white?,Cat,"[""kitten""]",0.0,2,14.708855887874961,185.3744179243222,52.11609438993037,289.3596969661303,55.015260993968695,344.4410279626027,19.175816036295146,363.6168439988978,316735488,576,279,216.44143987214193,0.0,9.0,37,0.24324324324324326,0.24615384615384617,0.0
gqa,static_diverse_chunk@50,Static+Diverse,0.5,chunk,n567860,201756553,What is the animal that is white?,Cat,"[""kitten""]",0.0,2,24.40424804808572,333.08448805473745,93.57755305245519,538.674107985571,44.90502300905064,583.6481929873116,19.297847989946604,602.9460409772582,612761600,1152,403,413.4226558962837,0.0,18.0,37,0.4864864864864865,0.48034188034188036,0.0
gqa,fullload,FullLoad,1.0,full,n567860,201756558,What animal is young?,Cat,"[""kitten""]",0.0,2,,433.15283494303003,,,708.2345369854011,715.3051019995473,20.327117992565036,735.6322199921124,1226833920,2368,64,,645.6282421131618,,,1.0,0.24615384615384617,0.0
gqa,recompute,ReComp,,none,n567860,201756558,What animal is young?,Cat,"[""kitten""]",0.0,2,,0.0,,,533.6311549763195,533.6313410080038,18.984141992405057,552.6154830004089,0,0,0,,,,,,,
gqa,sparsevlm,SparseVLM,0.25,token,n567860,201756558,What animal is young?,Cat,"[""kitten""]",0.0,2,,346.90344182308763,,,650.5270700436085,657.3059210204519,53.73243195936084,711.0383529798128,975273984,2938,160,,594.8394291917793,,,0.7407094594594594,0.24615384615384617,0.125
gqa,static_diverse_chunk@25,Static+Diverse,0.25,chunk,n567860,201756558,What animal is young?,Cat,"[""kitten""]",0.0,2,16.38025516876951,191.25332694966346,55.246110947337,302.8245560126379,35.56006500730291,338.429288007319,19.962710968684405,358.3919989760034,316735488,576,279,224.96391087770462,0.0,9.0,37,0.24324324324324326,0.24615384615384617,0.0
gqa,static_diverse_chunk@50,Static+Diverse,0.5,chunk,n567860,201756558,What animal is young?,Cat,"[""kitten""]",0.0,2,23.645590408705175,326.35802193544805,92.93208207236603,528.0685349716805,40.91328103095293,569.0521069918759,19.774429965764284,588.8265369576402,612761600,1152,403,404.33755808044225,0.0,18.0,37,0.4864864864864865,0.48034188034188036,0.0
gqa,fullload,FullLoad,1.0,full,n567860,201756771,Does the yellow fruit look unpeeled and ripe?,No,"[""yes""]",0.0,2,,427.56153910886496,,,702.7405700064264,709.4574010116048,19.938939018175006,729.3963400297798,1226833920,2368,64,,642.7558588911779,,,1.0,0.24615384615384617,0.0
gqa,recompute,ReComp,,none,n567860,201756771,Does the yellow fruit look unpeeled and ripe?,No,"[""yes""]",0.0,2,,0.0,,,537.9846260184422,537.9848260199651,19.621149986051023,557.6059760060161,0,0,0,,,,,,,
gqa,sparsevlm,SparseVLM,0.25,token,n567860,201756771,Does the yellow fruit look unpeeled and ripe?,No,"[""yes""]",0.0,2,,396.10022492706776,,,755.8640619972721,762.5573860132135,24.124332994688302,786.6817190079018,977240064,2940,148,,683.7623592582531,,,0.7415540540540541,0.24615384615384617,0.0625
gqa,static_diverse_chunk@25,Static+Diverse,0.25,chunk,n567860,201756771,Does the yellow fruit look unpeeled and ripe?,No,"[""yes""]",0.0,2,14.418828883208334,176.91056610783562,51.87508795643225,279.5470699784346,45.73042195988819,325.3420229884796,19.50771501287818,344.84973800135776,316735488,576,279,207.2368551744148,0.0,9.0,37,0.24324324324324326,0.24615384615384617,0.0
gqa,static_diverse_chunk@50,Static+Diverse,0.5,chunk,n567860,201756771,Does the yellow fruit look unpeeled and ripe?,No,"[""yes""]",0.0,2,23.77453027293086,344.49949354166165,91.22378117172047,545.4375360277481,41.83979798108339,587.3490190133452,19.676804018672556,607.0258230320178,612761600,1152,403,423.19361807312816,0.0,18.0,37,0.4864864864864865,0.48034188034188036,0.0
gqa,fullload,FullLoad,1.0,full,n314171,201548698,What do you think is the alcohol in?,Blender,"[""blender""]",1.0,3,,390.3940820018761,,,638.9620109694079,645.2286429703236,69.1082639968954,714.336906967219,1132462080,2176,64,,576.8340901122428,,,1.0,0.24444444444444444,0.0
gqa,recompute,ReComp,,none,n314171,201548698,What do you think is the alcohol in?,Blender,"[""blender""]",1.0,3,,0.0,,,500.4502169904299,500.4504700191319,38.06825098581612,538.518721004948,0,0,0,,,,,,,
gqa,sparsevlm,SparseVLM,0.25,token,n314171,201548698,What do you think is the alcohol in?,Blender,"[""blender""]",1.0,3,,378.83622816298157,,,720.8668260136619,727.2321929922327,45.28063297038898,772.5128259626217,895877120,2698,150,,648.0543278157711,,,0.7398897058823529,0.24444444444444444,0.15625
gqa,static_diverse_chunk@25,Static+Diverse,0.25,chunk,n314171,201548698,What do you think is the alcohol in?,Blender,"[""blender""]",1.0,3,15.759450965560973,171.89276817953214,53.62616421189159,277.2709910059348,45.369389990810305,322.7035849704407,38.83414401207119,361.5377289825119,290193408,512,253,202.00770819792524,0.0,8.0,34,0.23529411764705882,0.23148148148148148,0.0
gqa,static_diverse_chunk@50,Static+Diverse,0.5,chunk,n314171,201548698,What do you think is the alcohol in?,Blender,"[""blender""]",1.0,3,24.306856794282794,334.8315167822875,91.97727480204776,537.3631030088291,55.204888980370015,592.6383159821853,38.43440901255235,631.0727249947377,590086144,1088,459,414.0762159368023,0.0,17.0,34,0.5,0.4962962962962963,0.0
gqa,fullload,FullLoad,1.0,full,n314171,201549013,Is there a white flag or balloon?,No,"[""no""]",1.0,2,,373.44848416978493,,,607.8635360463522,614.2175550339743,20.167758979368955,634.3853140133433,1132462080,2176,64,,551.550138683524,,,1.0,0.24444444444444444,0.0
gqa,recompute,ReComp,,none,n314171,201549013,Is there a white flag or balloon?,No,"[""no""]",1.0,2,,0.0,,,504.15903597604483,504.15944802807644,19.794892985373735,523.9543410134502,0,0,0,,,,,,,
gqa,sparsevlm,SparseVLM,0.25,token,n314171,201549013,Is there a white flag or balloon?,No,"[""no""]",1.0,2,,399.8514611739665,,,764.8697639815509,771.2097609764896,45.86773499613628,817.0774959726259,955645952,2814,150,,686.770735133905,,,0.7931985294117647,0.24444444444444444,0.28125
gqa,static_diverse_chunk@25,Static+Diverse,0.25,chunk,n314171,201549013,Is there a white flag or balloon?,No,"[""no""]",1.0,2,15.603449835907668,167.2092278022319,52.41342319641262,271.03875594912097,35.6480730115436,306.7355179809965,19.28665698505938,326.0221749660559,290193408,512,253,197.21571094123647,0.0,8.0,34,0.23529411764705882,0.23148148148148148,0.0
gqa,static_diverse_chunk@50,Static+Diverse,0.5,chunk,n314171,201549013,Is there a white flag or balloon?,No,"[""no""]",1.0,2,21.37866703560576,310.79201778629795,87.05052710138261,499.03265497414395,51.80806800490245,550.9195869672112,19.808709039352834,570.728296006564,590086144,1088,459,383.77212471095845,0.0,17.0,34,0.5,0.4962962962962963,0.0
gqa,fullload,FullLoad,1.0,full,n314171,201548970,Are there any small women or men?,No,"[""no""]",1.0,2,,396.0414288449101,,,656.8007249734364,663.2247379748151,24.627604987472296,687.8523429622874,1132462080,2176,64,,589.3340820912272,,,1.0,0.24444444444444444,0.0
gqa,recompute,ReComp,,none,n314171,201548970,Are there any small women or men?,No,"[""no""]",1.0,2,,0.0,,,500.8179929573089,500.8183369645849,19.369712041225284,520.1880490058102,0,0,0,,,,,,,
gqa,sparsevlm,SparseVLM,0.25,token,n314171,201548970,Are there any small women or men?,No,"[""no""]",1.0,2,,337.4882630305365,,,648.5229730024002,654.9408750142902,27.928683965001255,682.8695589792915,888799232,2684,154,,583.5677988943644,,,0.7334558823529411,0.24444444444444444,0.125
gqa,static_diverse_chunk@25,Static+Diverse,0.25,chunk,n314171,201548970,Are there any small women or men?,No,"[""no""]",1.0,2,14.10764700267464,163.1874218583107,49.894700990989804,261.1712870420888,65.47556800069287,326.71252702130005,23.690111003816128,350.4026380251162,290193408,512,253,191.48700911318883,0.0,8.0,34,0.23529411764705882,0.23148148148148148,0.0
gqa,static_diverse_chunk@50,Static+Diverse,0.5,chunk,n314171,201548970,Are there any small women or men?,No,"[""no""]",1.0,2,19.884039997123182,310.02863676985726,83.99993600323796,487.7662660437636,45.96890899119899,533.7847790215164,19.870353979058564,553.655133000575,590086144,1088,459,377.3991461494006,0.0,17.0,34,0.5,0.4962962962962963,0.0
gqa,fullload,FullLoad,1.0,full,n314171,201548952,"Which side of the photo is the woman on, the right or the left?",Right,"[""right""]",1.0,2,,411.93765465868637,,,674.2660170421004,680.7267780532129,19.913711992558092,700.640490045771,1132462080,2176,64,,607.0125339902006,,,1.0,0.24444444444444444,0.0
gqa,recompute,ReComp,,none,n314171,201548952,"Which side of the photo is the woman on, the right or the left?",Right,"[""right""]",1.0,2,,0.0,,,494.3863400258124,494.38642704626545,18.788737943395972,513.1751649896614,0,0,0,,,,,,,
gqa,sparsevlm,SparseVLM,0.25,token,n314171,201548952,"Which side of the photo is the woman on, the right or the left?",Right,"[""right""]",1.0,2,,366.62088899174705,,,716.5113239898346,723.0279479990713,26.570278976578265,749.5982269756496,894042112,2694,150,,639.4785250886343,,,0.7380514705882353,0.24444444444444444,0.09375
gqa,static_diverse_chunk@25,Static+Diverse,0.25,chunk,n314171,201548952,"Which side of the photo is the woman on, the right or the left?",Right,"[""right""]",1.0,2,12.465205858461559,158.30447879852727,45.99188588326797,247.44666600599885,40.19537998829037,287.6938940025866,19.988823973108083,307.6827179756947,290193408,512,253,183.40944172814488,0.0,8.0,34,0.23529411764705882,0.23148148148148148,0.0
gqa,static_diverse_chunk@50,Static+Diverse,0.5,chunk,n314171,201548952,"Which side of the photo is the woman on, the right or the left?",Right,"[""right""]",1.0,2,23.76924897544086,324.1300728986971,90.5094180488959,522.4733959767036,44.11406099097803,566.6584349819459,19.13957402575761,585.7980090077035,590086144,1088,459,401.55937400413677,0.0,17.0,34,0.5,0.4962962962962963,0.0
gqa,fullload,FullLoad,1.0,full,n314171,201548929,What is the small room holding?,Shelf,"[""picture""]",0.0,3,,433.7931389454752,,,700.7564210216515,707.2617129888386,45.03897298127413,752.3006859701127,1132462080,2176,64,,632.3012447683141,,,1.0,0.24444444444444444,0.0
gqa,recompute,ReComp,,none,n314171,201548929,What is the small room holding?,Shelf,"[""picture""]",0.0,3,,0.0,,,478.36398001527414,478.3640500390902,37.7449169754982,516.1089670145884,0,0,0,,,,,,,
gqa,sparsevlm,SparseVLM,0.25,token,n314171,201548929,What is the small room holding?,Blender,"[""picture""]",0.0,3,,409.21807853737846,,,764.897799002938,771.3145329616964,44.49937801109627,815.8139109727927,918421504,2742,152,,687.6107978168875,,,0.7601102941176471,0.24444444444444444,0.21875
gqa,static_diverse_chunk@25,Static+Diverse,0.25,chunk,n314171,201548929,What is the small room holding?,Blender,"[""picture""]",0.0,3,16.531121858861297,169.84069102909416,54.531642876099795,278.4991940134205,37.752562027890235,316.3172390195541,37.66913997242227,353.9863789919764,290193408,512,253,201.5117650735192,0.0,8.0,34,0.23529411764705882,0.23148148148148148,0.0
gqa,static_diverse_chunk@50,Static+Diverse,0.5,chunk,n314171,201548929,What is the small room holding?,Woman,"[""picture""]",0.0,2,18.11003586044535,295.4317427938804,81.94633189123124,465.2871070429683,56.62823701277375,521.9857540214434,19.62173799984157,541.607492021285,590086144,1088,459,358.5660999524407,0.0,17.0,34,0.5,0.4962962962962963,0.0
gqa,fullload,FullLoad,1.0,full,n314171,201548676,Is the drink that is to the right of the blender made of glass?,Yes,"[""yes""]",1.0,2,,369.66263211797923,,,602.6283579994924,609.0448590111919,21.29046298796311,630.335321999155,1132462080,2176,64,,546.810015104711,,,1.0,0.24444444444444444,0.0
gqa,recompute,ReComp,,none,n314171,201548676,Is the drink that is to the right of the blender made of glass?,Yes,"[""yes""]",1.0,2,,0.0,,,499.2141050170176,499.21438499586657,19.390655972529203,518.6050409683958,0,0,0,,,,,,,
gqa,sparsevlm,SparseVLM,0.25,token,n314171,201548676,Is the drink that is to the right of the blender made of glass?,Yes,"[""yes""]",1.0,2,,362.2471570270136,,,695.1314100297168,701.5568760107271,30.4130389704369,731.969914981164,894042112,2694,168,,625.975155911874,,,0.7380514705882353,0.24444444444444444,0.09375
gqa,static_diverse_chunk@25,Static+Diverse,0.25,chunk,n314171,201548676,Is the drink that is to the right of the blender made of glass?,Yes,"[""yes""]",1.0,2,16.94274105830118,172.36760299419984,55.324618821032345,282.2035489953123,54.99869002960622,337.26611704332754,19.930435984861106,357.19655302818865,290193408,512,253,204.07524186884984,0.0,8.0,34,0.23529411764705882,0.23148148148148148,0.0
gqa,static_diverse_chunk@50,Static+Diverse,0.5,chunk,n314171,201548676,Is the drink that is to the right of the blender made of glass?,Yes,"[""yes""]",1.0,2,23.16484716720879,319.301346084103,89.24375602509826,515.6496569979936,48.453449038788676,564.1750820213929,19.614925957284868,583.7900079786777,590086144,1088,459,396.2916932650842,0.0,17.0,34,0.5,0.4962962962962963,0.0
gqa,fullload,FullLoad,1.0,full,n437064,20609470,What is the fork made of?,Metal,"[""metal""]",1.0,2,,411.39251325512305,,,674.7610259917565,681.0993130202405,19.804905983619392,700.9042190038599,1124073472,2176,64,,610.8307759859599,,,1.0,0.2462686567164179,0.0
gqa,recompute,ReComp,,none,n437064,20609470,What is the fork made of?,Metal,"[""metal""]",1.0,2,,0.0,,,457.17326598241925,457.1735169738531,18.57136399485171,475.7448809687048,0,0,0,,,,,,,
gqa,sparsevlm,SparseVLM,0.25,token,n437064,20609470,What is the fork made of?,Metal,"[""metal""]",1.0,2,,363.5015260078944,,,699.0778879844584,705.5575050180778,25.302188005298376,730.8596930233762,911998976,2732,124,,628.7321329000406,,,0.7555147058823529,0.2462686567164179,0.15625
gqa,static_diverse_chunk@25,Static+Diverse,0.25,chunk,n437064,20609470,What is the fork made of?,Metal,"[""metal""]",1.0,2,13.442584895528853,162.91393217397854,46.572303283028305,254.77357703493908,34.57817598246038,289.40499102463946,19.844261987600476,309.24925301223993,279969792,512,283,189.11574588855729,0.0,8.0,34,0.23529411764705882,0.22388059701492538,0.0
gqa,static_diverse_chunk@50,Static+Diverse,0.5,chunk,n437064,20609470,What is the fork made of?,Metal,"[""metal""]",1.0,2,22.38526288419962,303.47468779655173,86.93915285402909,489.3258910160512,41.27685696585104,530.6715479819104,19.404675986152142,550.0762239680625,577241088,1088,355,373.1515368563123,0.0,17.0,34,0.5,0.5074626865671642,0.0
gqa,fullload,FullLoad,1.0,full,n437064,20609567,Is the utensil in front of the cake clean and metallic?,Yes,"[""yes""]",1.0,2,,371.9594543799758,,,604.9455459578894,611.3652669591829,20.032443047966808,631.3977100071497,1124073472,2176,64,,551.1227290262468,,,1.0,0.2462686567164179,0.0
gqa,recompute,ReComp,,none,n437064,20609567,Is the utensil in front of the cake clean and metallic?,Yes,"[""yes""]",1.0,2,,0.0,,,494.6805619983934,494.68077399069443,18.9168979995884,513.5976719902828,0,0,0,,,,,,,
gqa,sparsevlm,SparseVLM,0.25,token,n437064,20609567,Is the utensil in front of the cake clean and metallic?,Yes,"[""yes""]",1.0,2,,396.2769142817706,,,771.667700028047,778.0527380527928,24.83530098106712,802.88803903386,918814720,2746,128,,690.8977728453465,,,0.7619485294117647,0.2462686567164179,0.1875
gqa,static_diverse_chunk@25,Static+Diverse,0.25,chunk,n437064,20609567,Is the utensil in front of the cake clean and metallic?,Yes,"[""yes""]",1.0,2,16.06479287147522,173.41999406926334,52.53337207250297,278.00972701516,45.28497398132458,323.3589570154436,19.77968099527061,343.1386380107142,279969792,512,283,203.55500368168578,0.0,8.0,34,0.23529411764705882,0.22388059701492538,0.0
gqa,static_diverse_chunk@50,Static+Diverse,0.5,chunk,n437064,20609567,Is the utensil in front of the cake clean and metallic?,Yes,"[""yes""]",1.0,2,23.92248692922294,305.60363811673597,93.64779177121818,501.7447099671699,46.48571100551635,548.2973189791664,19.349334994331002,567.6466539734975,577241088,1088,355,377.28829972911626,0.0,17.0,34,0.5,0.5074626865671642,0.0
gqa,fullload,FullLoad,1.0,full,n437064,20609355,What is in front of the fruit that the bowl is behind of?,Spoon,"[""whipped cream""]",0.0,3,,413.6946887592785,,,682.0368280168623,688.2979170186445,38.996101007796824,727.2940180264413,1124073472,2176,64,,619.9464540113695,,,1.0,0.2462686567164179,0.0
gqa,recompute,ReComp,,none,n437064,20609355,What is in front of the fruit that the bowl is behind of?,Spoon,"[""whipped cream""]",0.0,3,,0.0,,,475.0240530120209,475.02429102314636,37.399046996142715,512.4233380192891,0,0,0,,,,,,,
gqa,sparsevlm,SparseVLM,0.25,token,n437064,20609355,What is in front of the fruit that the bowl is behind of?,Spoon,"[""whipped cream""]",0.0,3,,404.5538723003119,,,780.1003869972192,786.4003449794836,45.81659898394719,832.2169439634308,937164800,2784,132,,700.1489609247074,,,0.7794117647058824,0.2462686567164179,0.28125
gqa,static_diverse_chunk@25,Static+Diverse,0.25,chunk,n437064,20609355,What is in front of the fruit that the bowl is behind of?,Spoon,"[""whipped cream""]",0.0,3,16.987626149784774,176.54929991113022,54.08324202289805,284.96851900126785,45.54675205145031,330.5776850320399,38.49618195090443,369.0738669829443,279969792,512,283,208.02868204191327,0.0,8.0,34,0.23529411764705882,0.22388059701492538,0.0
gqa,static_diverse_chunk@50,Static+Diverse,0.5,chunk,n437064,20609355,What is in front of the fruit that the bowl is behind of?,Spoon,"[""whipped cream""]",0.0,3,24.587303050793707,315.3651980101131,90.88106313720345,511.2397110206075,43.695061991456896,555.0040120142512,38.11738098738715,593.1213930016384,577241088,1088,355,388.89899308560416,0.0,17.0,34,0.5,0.5074626865671642,0.0
gqa,fullload,FullLoad,1.0,full,n437064,20609358,The whipped cream is in front of what?,Strawberry,"[""strawberry""]",1.0,4,,369.65119920205325,,,602.5609350181185,608.803273004014,66.6032989975065,675.4065720015205,1124073472,2176,64,,548.1838420382701,,,1.0,0.2462686567164179,0.0
gqa,recompute,ReComp,,none,n437064,20609358,The whipped cream is in front of what?,Strawberry,"[""strawberry""]",1.0,4,,0.0,,,458.250600961037,458.2507149898447,55.57990004308522,513.8306150329299,0,0,0,,,,,,,
gqa,sparsevlm,SparseVLM,0.25,token,n437064,20609358,The whipped cream is in front of what?,Strawberry,"[""strawberry""]",1.0,4,,374.94427181081846,,,683.0631550401449,689.3964330083691,63.16407799022272,752.5605109985918,902037504,2714,128,,620.2372862026095,,,0.7472426470588235,0.2462686567164179,0.1875
gqa,static_diverse_chunk@25,Static+Diverse,0.25,chunk,n437064,20609358,The whipped cream is in front of what?,Cake,"[""strawberry""]",0.0,3,11.172992992214859,162.8136177896522,42.343812179751694,245.1658089994453,36.724811012391,281.9388509960845,38.851890014484525,320.79074101056904,279969792,512,283,186.12057203426957,0.0,8.0,34,0.23529411764705882,0.22388059701492538,0.0
gqa,static_diverse_chunk@50,Static+Diverse,0.5,chunk,n437064,20609358,The whipped cream is in front of what?,Strawberry,"[""strawberry""]",1.0,4,23.806756013073027,305.92203501146287,88.7327371747233,496.04036699747667,35.49611201742664,531.582752999384,59.00903500150889,590.5917880008928,577241088,1088,355,376.84301391709596,0.0,17.0,34,0.5,0.5074626865671642,0.0
gqa,fullload,FullLoad,1.0,full,n437064,20609280,Are there both a strawberry and a plate in the picture?,Yes,"[""yes""]",1.0,2,,319.98184783151373,,,518.788276007399,525.1887440099381,19.778430985752493,544.9671749956906,1124073472,2176,64,,476.7201869399287,,,1.0,0.2462686567164179,0.0
gqa,recompute,ReComp,,none,n437064,20609280,Are there both a strawberry and a plate in the picture?,Yes,"[""yes""]",1.0,2,,0.0,,,499.4720669928938,499.4723179843277,19.151745014823973,518.6240629991516,0,0,0,,,,,,,
gqa,sparsevlm,SparseVLM,0.25,token,n437064,20609280,Are there both a strawberry and a plate in the picture?,Yes,"[""yes""]",1.0,2,,364.90492074517533,,,699.107397987973,705.4458589991555,20.8095459965989,726.2554049957544,937164800,2784,132,,627.3158529656939,,,0.7794117647058824,0.2462686567164179,0.28125
gqa,static_diverse_chunk@25,Static+Diverse,0.25,chunk,n437064,20609280,Are there both a strawberry and a plate in the picture?,Yes,"[""yes""]",1.0,2,15.99258091300726,169.09854783443734,52.81459883553907,273.92734499881044,47.71929403068498,321.7092620325275,19.540053966920823,341.2493159994483,279969792,512,283,199.25171503564343,0.0,8.0,34,0.23529411764705882,0.22388059701492538,0.0
gqa,static_diverse_chunk@50,Static+Diverse,0.5,chunk,n437064,20609280,Are there both a strawberry and a plate in the picture?,Yes,"[""yes""]",1.0,2,22.399404959287494,301.6463040257804,87.22108893562108,486.9298510020599,64.75912500172853,551.760715956334,19.900075043551624,571.6607909998856,577241088,1088,355,370.7069139345549,0.0,17.0,34,0.5,0.5074626865671642,0.0
gqa,fullload,FullLoad,1.0,full,n437064,20609547,What is the spoon made of?,Metal,"[""metal""]",1.0,2,,349.83146301237866,,,571.084832015913,577.7767079998739,19.944736966863275,597.7214449667372,1124073472,2176,64,,522.1731520723552,,,1.0,0.2462686567164179,0.0
gqa,recompute,ReComp,,none,n437064,20609547,What is the spoon made of?,Metal,"[""metal""]",1.0,2,,0.0,,,483.07141999248415,483.0718319863081,18.92137702088803,501.9932090071961,0,0,0,,,,,,,
gqa,sparsevlm,SparseVLM,0.25,token,n437064,20609547,What is the spoon made of?,Metal,"[""metal""]",1.0,2,,399.4707386591472,,,768.8574070343748,775.1812050119042,45.361998956650496,820.5432039685547,930873344,2770,122,,689.0067520434968,,,0.7729779411764706,0.2462686567164179,0.21875
gqa,static_diverse_chunk@25,Static+Diverse,0.25,chunk,n437064,20609547,What is the spoon made of?,Metal,"[""metal""]",1.0,2,11.860781232826412,155.8650909573771,42.415564064867795,239.5253170398064,52.177887002471834,291.75171902170405,19.727892009541392,311.47961103124544,279969792,512,283,179.74294687155634,0.0,8.0,34,0.23529411764705882,0.22388059701492538,0.0
gqa,static_diverse_chunk@50,Static+Diverse,0.5,chunk,n437064,20609547,What is the spoon made of?,Metal,"[""metal""]",1.0,2,20.924437965732068,287.19223773805425,84.68976296717301,463.7569229817018,36.68221004772931,500.49174000741914,19.76876996923238,520.2605099766515,577241088,1088,355,351.50627500843257,0.0,17.0,34,0.5,0.5074626865671642,0.0
gqa,fullload,FullLoad,1.0,full,n498140,2072748,Does the sign have the same color as the grill?,Yes,"[""no""]",0.0,2,,479.62053737137467,,,778.1123329768889,784.3867469928227,21.8602410168387,806.2469880096614,1124073472,2176,64,,710.5949689866975,,,1.0,0.2462686567164179,0.0
gqa,recompute,ReComp,,none,n498140,2072748,Does the sign have the same color as the grill?,Yes,"[""no""]",0.0,2,,0.0,,,499.2194750229828,499.2198839900084,18.92535900697112,518.1452429969795,0,0,0,,,,,,,
gqa,sparsevlm,SparseVLM,0.25,token,n498140,2072748,Does the sign have the same color as the grill?,Yes,"[""no""]",0.0,2,,338.46197079401463,,,659.0761620318517,665.439693024382,20.523752958979458,685.9634459833615,855900160,2620,164,,592.9767599445768,,,0.7040441176470589,0.2462686567164179,0.0
gqa,static_diverse_chunk@25,Static+Diverse,0.25,chunk,n498140,2072748,Does the sign have the same color as the grill?,Yes,"[""no""]",0.0,2,14.952709258068353,151.63092914735898,49.38958183629438,249.61612396873534,42.345699039287865,292.0275320066139,19.280889944639057,311.30842195125297,271581184,512,251,179.56174910068512,0.0,8.0,34,0.23529411764705882,0.22388059701492538,0.0
gqa,static_diverse_chunk@50,Static+Diverse,0.5,chunk,n498140,2072748,Does the sign have the same color as the grill?,Yes,"[""no""]",0.0,2,23.75296619720757,310.0953857647255,89.01514729950577,504.4821359915659,65.61788998078555,570.1672160066664,19.972632988356054,590.1398489950225,572522496,1088,383,384.8182680667378,0.0,17.0,34,0.5,0.4925373134328358,0.0
gqa,fullload,FullLoad,1.0,full,n498140,2072741,Do the building and the sign have a different colors?,Yes,"[""no""]",0.0,2,,419.15834916289896,,,680.9213939704932,687.2832209919579,45.728236029390246,733.0114570213482,1124073472,2176,64,,616.9906599097885,,,1.0,0.2462686567164179,0.0
gqa,recompute,ReComp,,none,n498140,2072741,Do the building and the sign have a different colors?,No,"[""no""]",1.0,2,,0.0,,,456.8507139920257,456.8508960073814,19.122854981105775,475.97375098848715,0,0,0,,,,,,,
gqa,sparsevlm,SparseVLM,0.25,token,n498140,2072741,Do the building and the sign have a different colors?,Yes,"[""no""]",0.0,2,,396.77147660404444,,,760.0799860083498,766.5553709957749,48.553772969171405,815.1091439649463,894697472,2698,144,,681.8339430028573,,,0.7398897058823529,0.2462686567164179,0.125
gqa,static_diverse_chunk@25,Static+Diverse,0.25,chunk,n498140,2072741,Do the building and the sign have a different colors?,Yes,"[""no""]",0.0,2,13.108441955409944,147.2021210938692,45.49626214429736,236.95510299876332,35.773451963905245,272.77504798257723,19.41230398369953,292.18735196627676,271581184,512,251,172.53740888554603,0.0,8.0,34,0.23529411764705882,0.22388059701492538,0.0
gqa,static_diverse_chunk@50,Static+Diverse,0.5,chunk,n498140,2072741,Do the building and the sign have a different colors?,Yes,"[""no""]",0.0,2,23.616089136339724,308.2561872433871,88.08109402889386,505.2913170075044,43.16788399592042,548.5269560012966,19.533292041160166,568.0602480424568,572522496,1088,383,386.65087905246764,0.0,17.0,34,0.5,0.4925373134328358,0.0
gqa,fullload,FullLoad,1.0,full,n498140,2072747,What is common to the streetlight and the grill?,Color,"[""material""]",0.0,2,,420.61033280333504,,,701.5988790080883,708.0784550053068,19.95581400115043,728.0342690064572,1124073472,2176,64,,639.1957667656243,,,1.0,0.2462686567164179,0.0
gqa,recompute,ReComp,,none,n498140,2072747,What is common to the streetlight and the grill?,Color,"[""material""]",0.0,2,,0.0,,,496.7565090046264,496.7568059801124,19.49158002389595,516.2483860040084,0,0,0,,,,,,,
gqa,sparsevlm,SparseVLM,0.25,token,n498140,2072747,What is common to the streetlight and the grill?,Color,"[""material""]",0.0,2,,349.7566199512221,,,676.1349000153132,682.8234069980681,37.54802403273061,720.3714310307987,892600320,2694,160,,610.5011690524407,,,0.7380514705882353,0.2462686567164179,0.09375
gqa,static_diverse_chunk@25,Static+Diverse,0.25,chunk,n498140,2072747,What is common to the streetlight and the grill?,Color,"[""material""]",0.0,2,16.291135107167065,156.28587797982618,52.072624035645276,260.29176596784964,46.54776497045532,306.90302897710353,19.061903993133456,325.964932970237,271581184,512,251,186.07715022517368,0.0,8.0,34,0.23529411764705882,0.22388059701492538,0.0
gqa,static_diverse_chunk@50,Static+Diverse,0.5,chunk,n498140,2072747,What is common to the streetlight and the grill?,Color,"[""material""]",0.0,2,22.716174891684204,302.85274505149573,87.35546079697087,491.8997790082358,51.846710965037346,543.816504010465,19.91601602640003,563.732520036865,572522496,1088,383,374.85605210531503,0.0,17.0,34,0.5,0.4925373134328358,0.0
gqa,fullload,FullLoad,1.0,full,n498140,2072906,Are there windows or doors that are made of wood?,No,"[""no""]",1.0,2,,426.36773991398513,,,699.7656939784065,706.1470689950511,19.881936023011804,726.0290050180629,1124073472,2176,64,,633.247485908214,,,1.0,0.2462686567164179,0.0
gqa,recompute,ReComp,,none,n498140,2072906,Are there windows or doors that are made of wood?,No,"[""no""]",1.0,2,,0.0,,,456.6073470050469,456.6075970069505,18.79659597761929,475.4041929845698,0,0,0,,,,,,,
gqa,sparsevlm,SparseVLM,0.25,token,n498140,2072906,Are there windows or doors that are made of wood?,Yes,"[""no""]",0.0,2,,427.8539892984554,,,797.6739889709279,804.1550279594958,26.488283008802682,830.6433109682985,902561792,2712,156,,718.8704218133353,,,0.7463235294117647,0.2462686567164179,0.09375
gqa,static_diverse_chunk@25,Static+Diverse,0.25,chunk,n498140,2072906,Are there windows or doors that are made of wood?,No,"[""no""]",1.0,2,16.3061591447331,156.3699208199978,52.52840887987986,260.69560000905767,42.26594197098166,303.0227969866246,19.220571033656597,322.2433680202812,271581184,512,251,186.1084052361548,0.0,8.0,34,0.23529411764705882,0.22388059701492538,0.0
gqa,static_diverse_chunk@50,Static+Diverse,0.5,chunk,n498140,2072906,Are there windows or doors that are made of wood?,No,"[""no""]",1.0,2,23.20294512901455,306.9762400118634,88.61571393208578,498.74526500934735,44.55595900071785,543.3710329816677,19.378850993234664,562.7498839749023,572522496,1088,383,379.9814719823189,0.0,17.0,34,0.5,0.4925373134328358,0.0
gqa,fullload,FullLoad,1.0,full,n498140,2072766,Is the chimney high and clean?,Yes,"[""no""]",0.0,2,,418.529792339541,,,683.1088719773106,689.634924987331,20.241134974639863,709.8760599619709,1124073472,2176,64,,617.4484039656818,,,1.0,0.2462686567164179,0.0
gqa,recompute,ReComp,,none,n498140,2072766,Is the chimney high and clean?,Yes,"[""no""]",0.0,2,,0.0,,,479.1970060323365,479.1971070226282,18.685474002268165,497.88258102489635,0,0,0,,,,,,,
gqa,sparsevlm,SparseVLM,0.25,token,n498140,2072766,Is the chimney high and clean?,Yes,"[""no""]",0.0,2,,385.4174629668705,,,723.2263089972548,729.5684340060689,44.47697795694694,774.0454119630158,967049216,2844,138,,654.8452341230586,,,0.8069852941176471,0.2462686567164179,0.375
gqa,static_diverse_chunk@25,Static+Diverse,0.25,chunk,n498140,2072766,Is the chimney high and clean?,Yes,"[""no""]",0.0,2,16.26330695580691,159.25585810327902,52.618482208345085,263.60339496750385,50.56836100993678,314.23424900276586,19.406404986511916,333.6406539892778,271581184,512,251,188.92928084824234,0.0,8.0,34,0.23529411764705882,0.22388059701492538,0.0
gqa,static_diverse_chunk@50,Static+Diverse,0.5,chunk,n498140,2072766,Is the chimney high and clean?,Yes,"[""no""]",0.0,2,23.86232413118705,311.53371796244755,89.00245017139241,505.9817639994435,58.629609004128724,564.6674750023521,23.784268996678293,588.4517439990304,572522496,1088,383,386.2226912751794,0.0,17.0,34,0.5,0.4925373134328358,0.0
gqa,fullload,FullLoad,1.0,full,n498140,2072761,Are there any mirrors or trays?,No,"[""no""]",1.0,2,,399.6104800608009,,,654.0859749657102,660.4857029742561,19.771896011661738,680.2575989859179,1124073472,2176,64,,597.7520440355875,,,1.0,0.2462686567164179,0.0
gqa,recompute,ReComp,,none,n498140,2072761,Are there any mirrors or trays?,No,"[""no""]",1.0,2,,0.0,,,486.3225299632177,486.32280697347596,19.146608014125377,505.46941498760134,0,0,0,,,,,,,
gqa,sparsevlm,SparseVLM,0.25,token,n498140,2072761,Are there any mirrors or trays?,No,"[""no""]",1.0,2,,364.0901013277471,,,704.8857029876672,711.3497059908696,34.042518003843725,745.3922239947133,895746048,2700,140,,630.0001977360807,,,0.7408088235294118,0.2462686567164179,0.125
gqa,static_diverse_chunk@25,Static+Diverse,0.25,chunk,n498140,2072761,Are there any mirrors or trays?,No,"[""no""]",1.0,2,14.100221975240856,149.4842042447999,47.62592224869877,243.36504802340642,42.91287198429927,286.3420860376209,18.951705016661435,305.29379105428234,271581184,512,251,175.87883601663634,0.0,8.0,34,0.23529411764705882,0.22388059701492538,0.0
gqa,static_diverse_chunk@50,Static+Diverse,0.5,chunk,n498140,2072761,Are there any mirrors or trays?,No,"[""no""]",1.0,2,22.955642780289054,313.91937588341534,87.28200005134568,504.66072699055076,48.936375009361655,553.6680850200355,19.225614960305393,572.8936999803409,572522496,1088,383,387.8208140376955,0.0,17.0,34,0.5,0.4925373134328358,0.0
gqa,fullload,FullLoad,1.0,full,n16656,20797834,What is the man in front of?,Tree,"[""tree""]",1.0,2,,400.05435078637674,,,638.5417359997518,645.1362410443835,19.757989968638867,664.8942310130224,1226833920,2368,64,,587.414599081967,,,1.0,0.24615384615384617,0.0
gqa,recompute,ReComp,,none,n16656,20797834,What is the man in front of?,Tree,"[""tree""]",1.0,2,,0.0,,,538.0441379966214,538.0443439935334,19.080752972513437,557.1250969660468,0,0,0,,,,,,,
gqa,sparsevlm,SparseVLM,0.25,token,n16656,20797834,What is the man in front of?,Tree,"[""tree""]",1.0,2,,368.71257226448506,,,692.2347010113299,698.9940650528297,32.716076995711774,731.7101420485415,967016448,2924,148,,628.9156939601526,,,0.7347972972972973,0.24615384615384617,0.1875
gqa,static_diverse_chunk@25,Static+Diverse,0.25,chunk,n16656,20797834,What is the man in front of?,Tree,"[""tree""]",1.0,2,14.671358105260879,181.330174789764,51.26432015094906,285.3579089860432,35.85061599733308,321.2544550187886,20.493315008934587,341.74777002772316,313982976,576,295,213.2079050061293,0.0,9.0,37,0.24324324324324326,0.2465811965811966,0.0
gqa,static_diverse_chunk@50,Static+Diverse,0.5,chunk,n16656,20797834,What is the man in front of?,Tree,"[""tree""]",1.0,2,24.27149098366499,336.85845701256767,97.17914607608691,545.4002170008607,47.666669997852296,593.1365469587035,19.096510019153357,612.2330569778569,612761600,1152,403,416.69894725782797,0.0,18.0,37,0.4864864864864865,0.49230769230769234,0.0
gqa,fullload,FullLoad,1.0,full,n16656,20797661,What animal is the shoe behind of?,Cat,"[""cat""]",1.0,2,,440.60748704941943,,,718.2450930122286,724.8902300489135,19.93363199289888,744.8238620418124,1226833920,2368,64,,656.0516749159433,,,1.0,0.24615384615384617,0.0
gqa,recompute,ReComp,,none,n16656,20797661,What animal is the shoe behind of?,Cat,"[""cat""]",1.0,2,,0.0,,,535.7718120212667,535.7719330349937,19.40916496096179,555.1810979959555,0,0,0,,,,,,,
gqa,sparsevlm,SparseVLM,0.25,token,n16656,20797661,What animal is the shoe behind of?,Cat,"[""cat""]",1.0,2,,408.70605409145355,,,782.7586010098457,789.4986179890111,53.9176239981316,843.4162419871427,933789696,2858,148,,704.0954461554065,,,0.7069256756756757,0.24615384615384617,0.09375
gqa,static_diverse_chunk@25,Static+Diverse,0.25,chunk,n16656,20797661,What animal is the shoe behind of?,Cat,"[""cat""]",1.0,2,14.538580842781812,201.62970171077177,50.674085214268416,302.9521440039389,38.07172900997102,341.072871000506,19.5682339835912,360.6411049840972,313982976,576,295,231.69974505435675,0.0,9.0,37,0.24324324324324326,0.2465811965811966,0.0
gqa,static_diverse_chunk@50,Static+Diverse,0.5,chunk,n16656,20797661,What animal is the shoe behind of?,Cat,"[""cat""]",1.0,2,25.075974059291184,340.82204988226295,95.09853617055342,547.5691970204934,44.13878300692886,591.7765240301378,19.215719948988408,610.9922439791262,612761600,1152,403,420.14554992783815,0.0,18.0,37,0.4864864864864865,0.49230769230769234,0.0
gqa,fullload,FullLoad,1.0,full,n16656,20797647,What is in front of the animal that is in front of the man?,Shoe,"[""shoe""]",1.0,3,,407.6438110205345,,,662.0678160106763,668.8099419698119,39.14930502651259,707.9592469963245,1226833920,2368,64,,605.31637823442,,,1.0,0.24615384615384617,0.0
gqa,recompute,ReComp,,none,n16656,20797647,What is in front of the animal that is in front of the man?,Shoe,"[""shoe""]",1.0,3,,0.0,,,508.787102997303,508.7871929863468,37.71297505591065,546.5001680422574,0,0,0,,,,,,,
gqa,sparsevlm,SparseVLM,0.25,token,n16656,20797647,What is in front of the animal that is in front of the man?,Shoe,"[""shoe""]",1.0,3,,334.0444943169132,,,620.0477899983525,627.0607119658962,40.33407603856176,667.394788004458,921665536,2834,150,,569.3115499452688,,,0.6967905405405406,0.24615384615384617,0.0625
gqa,static_diverse_chunk@25,Static+Diverse,0.25,chunk,n16656,20797647,What is in front of the animal that is in front of the man?,Shoe,"[""shoe""]",1.0,3,17.205895041115582,190.13864890439436,57.37729405518621,305.5379390134476,50.67051202058792,356.27288301475346,38.84526598267257,395.11814899742603,313982976,576,295,224.79853895492852,0.0,9.0,37,0.24324324324324326,0.2465811965811966,0.0
gqa,static_diverse_chunk@50,Static+Diverse,0.5,chunk,n16656,20797647,What is in front of the animal that is in front of the man?,Shoe,"[""shoe""]",1.0,3,23.461356991901994,343.5992448357865,91.21794515522197,541.7411070084199,65.12895796913654,606.9395039812662,63.71761602349579,670.657120004762,612761600,1152,403,419.93022576207295,0.0,18.0,37,0.4864864864864865,0.49230769230769234,0.0
gqa,fullload,FullLoad,1.0,full,n16656,20797648,What's in front of the cat?,Shoe,"[""shoe""]",1.0,3,,455.9057240257971,,,760.3462529950775,767.302761960309,45.47425301279873,812.7770149731077,1226833920,2368,64,,697.3344879224896,,,1.0,0.24615384615384617,0.0
gqa,recompute,ReComp,,none,n16656,20797648,What's in front of the cat?,Shoe,"[""shoe""]",1.0,3,,0.0,,,534.6309460001066,534.6311929752119,38.10311004053801,572.7343030157499,0,0,0,,,,,,,
gqa,sparsevlm,SparseVLM,0.25,token,n16656,20797648,What's in front of the cat?,Shoe,"[""shoe""]",1.0,3,,404.1927040088922,,,761.7182499961928,768.4685830026865,63.0247900262475,831.493373028934,922714112,2836,158,,685.697125911247,,,0.6976351351351351,0.24615384615384617,0.0625
gqa,static_diverse_chunk@25,Static+Diverse,0.25,chunk,n16656,20797648,What's in front of the cat?,Shoe,"[""shoe""]",1.0,3,14.04073421144858,186.05415418278426,49.97973213903606,286.66123404400423,47.41862998344004,334.1276950086467,37.7645890112035,371.8922840198502,313982976,576,295,216.41028195153922,0.0,9.0,37,0.24324324324324326,0.2465811965811966,0.0
gqa,static_diverse_chunk@50,Static+Diverse,0.5,chunk,n16656,20797648,What's in front of the cat?,Shoe,"[""shoe""]",1.0,3,22.916355053894222,334.5235391170718,93.27334183035418,534.341115038842,54.77708799298853,589.1859460389242,39.863004989456385,629.0489510283805,612761600,1152,403,411.07985918642953,0.0,18.0,37,0.4864864864864865,0.49230769230769234,0.0
gqa,fullload,FullLoad,1.0,full,n16656,20797581,Is the shirt soft and white?,Yes,"[""yes""]",1.0,2,,437.29736824752763,,,721.3729759678245,728.1084500136785,23.248156008776277,751.3566060224548,1226833920,2368,64,,663.1739491713233,,,1.0,0.24615384615384617,0.0
gqa,recompute,ReComp,,none,n16656,20797581,Is the shirt soft and white?,Yes,"[""yes""]",1.0,2,,0.0,,,542.5033410429023,542.5035890075378,18.99989100638777,561.5034800139256,0,0,0,,,,,,,
gqa,sparsevlm,SparseVLM,0.25,token,n16656,20797581,Is the shirt soft and white?,Yes,"[""yes""]",1.0,2,,397.4295907537453,,,757.9770549782552,764.6385279949754,53.8728540414013,818.5113820363767,966426624,2922,136,,685.052327113226,,,0.7339527027027027,0.24615384615384617,0.15625
gqa,static_diverse_chunk@25,Static+Diverse,0.25,chunk,n16656,20797581,Is the shirt soft and white?,Yes,"[""yes""]",1.0,2,14.20327095547691,177.11047356715426,49.91982615320012,276.87286102445796,49.39336597453803,326.3139700284228,19.339482998475432,345.6534530268982,313982976,576,295,206.8049088702537,0.0,9.0,37,0.24324324324324326,0.2465811965811966,0.0
gqa,static_diverse_chunk@50,Static+Diverse,0.5,chunk,n16656,20797581,Is the shirt soft and white?,Yes,"[""yes""]",1.0,2,21.056480007246137,317.23201303975657,87.26535912137479,502.31697800336406,62.38299695542082,564.7690849727951,19.957665004767478,584.7267499775626,612761600,1152,403,386.9780429522507,0.0,18.0,37,0.4864864864864865,0.49230769230769234,0.0
gqa,fullload,FullLoad,1.0,full,n16656,20797563,Does the sky look orange and bright?,No,"[""no""]",1.0,2,,445.9230140200816,,,736.4836449851282,743.1522900005803,19.605697016231716,762.757987016812,1226833920,2368,64,,676.1753989267163,,,1.0,0.24615384615384617,0.0
gqa,recompute,ReComp,,none,n16656,20797563,Does the sky look orange and bright?,No,"[""no""]",1.0,2,,0.0,,,542.01388603542,542.0140810310841,19.231017970014364,561.2450990010984,0,0,0,,,,,,,
gqa,sparsevlm,SparseVLM,0.25,token,n16656,20797563,Does the sky look orange and bright?,No,"[""no""]",1.0,2,,352.8014788753353,,,654.5142289833166,661.1468680202961,20.430371980182827,681.5772400004789,983793664,2956,138,,599.5228601386771,,,0.7483108108108109,0.24615384615384617,0.1875
gqa,static_diverse_chunk@25,Static+Diverse,0.25,chunk,n16656,20797563,Does the sky look orange and bright?,No,"[""no""]",1.0,2,17.774334002751857,189.29539836244658,57.661032071337104,305.64916698494926,44.113467971328646,349.81188899837434,19.660767982713878,369.4726569810882,313982976,576,295,223.96601596847177,0.0,9.0,37,0.24324324324324326,0.2465811965811966,0.0
gqa,static_diverse_chunk@50,Static+Diverse,0.5,chunk,n16656,20797563,Does the sky look orange and bright?,No,"[""no""]",1.0,2,23.851403268054128,332.61511399177834,94.21450027730316,540.5152760213241,48.2958439970389,588.877244037576,19.245473959017545,608.1227179965936,612761600,1152,403,415.2901310590096,0.0,18.0,37,0.4864864864864865,0.49230769230769234,0.0
gqa,fullload,FullLoad,1.0,full,n329479,201337154,Do the shoes have white color?,No,"[""yes""]",0.0,2,,367.8700160817243,,,621.2643210310489,627.5434480048716,19.912935968022794,647.4563839728944,1132462080,2176,64,,567.6544968737289,,,1.0,0.24444444444444444,0.0
gqa,recompute,ReComp,,none,n329479,201337154,Do the shoes have white color?,No,"[""yes""]",0.0,2,,0.0,,,499.5184090221301,499.518649012316,19.251830002758652,518.7704790150747,0,0,0,,,,,,,
gqa,sparsevlm,SparseVLM,0.25,token,n329479,201337154,Do the shoes have white color?,No,"[""yes""]",0.0,2,,326.84411929221824,,,616.3246590294875,622.721296036616,31.091314973309636,653.8126110099256,912916480,2730,146,,563.6532328207977,,,0.7545955882352942,0.24444444444444444,0.125
gqa,static_diverse_chunk@25,Static+Diverse,0.25,chunk,n329479,201337154,Do the shoes have white color?,No,"[""yes""]",0.0,2,16.597426845692098,163.02963788621128,54.19232399435714,270.72063501691446,45.88917101500556,316.6733240359463,19.474432978313416,336.1477570142597,288882688,512,231,194.1065149148926,0.0,8.0,34,0.23529411764705882,0.23935185185185184,0.0
gqa,static_diverse_chunk@50,Static+Diverse,0.5,chunk,n329479,201337154,Do the shoes have white color?,No,"[""yes""]",0.0,2,21.9190739444457,286.9064066908322,88.80353899439797,472.41781395860016,44.14186702342704,516.6301209828816,18.973862985149026,535.6039839680307,589561856,1088,317,355.0312710576691,0.0,17.0,34,0.5,0.4962962962962963,0.0
gqa,fullload,FullLoad,1.0,full,n329479,201336976,What is he jumping off of?,Skateboard,"[""grass""]",0.0,4,,340.0391355971806,,,573.9033760037273,580.3021679748781,57.693044014740735,637.9952119896188,1132462080,2176,64,,526.8909470178187,,,1.0,0.24444444444444444,0.0
gqa,recompute,ReComp,,none,n329479,201336976,What is he jumping off of?,Skateboard,"[""grass""]",0.0,4,,0.0,,,498.3641130384058,498.3643130399287,55.41210196679458,553.7764150067233,0,0,0,,,,,,,
gqa,sparsevlm,SparseVLM,0.25,token,n329479,201336976,What is he jumping off of?,Skateboard,"[""grass""]",0.0,4,,392.67607586225495,,,758.0466539948247,764.5047190017067,90.14553902670741,854.6502580284141,898236416,2702,138,,681.139372754842,,,0.7417279411764706,0.24444444444444444,0.125
gqa,static_diverse_chunk@25,Static+Diverse,0.25,chunk,n329479,201336976,What is he jumping off of?,Skateboard,"[""grass""]",0.0,4,15.779357985593379,171.70638090465218,52.925756957847625,276.120351976715,41.90740699414164,318.0919609731063,58.16413997672498,376.2561009498313,288882688,512,231,201.63100986974314,0.0,8.0,34,0.23529411764705882,0.23935185185185184,0.0
gqa,static_diverse_chunk@50,Static+Diverse,0.5,chunk,n329479,201336976,What is he jumping off of?,Skateboard,"[""grass""]",0.0,4,22.38201815634966,301.0625482420437,88.87782105011865,485.9573399880901,36.54039598768577,522.5472989841364,59.13184303790331,581.6791420220397,589561856,1088,317,367.844084976241,0.0,17.0,34,0.5,0.4962962962962963,0.0
gqa,fullload,FullLoad,1.0,full,n329479,201336956,What is the man using?,Skateboard,"[""skateboard""]",1.0,4,,405.9403220308013,,,676.7585970228538,683.0168010201305,58.25892399298027,741.2757250131108,1132462080,2176,64,,608.0782849458046,,,1.0,0.24444444444444444,0.0
gqa,recompute,ReComp,,none,n329479,201336956,What is the man using?,Skateboard,"[""skateboard""]",1.0,4,,0.0,,,499.62444900302216,499.624660005793,55.27013499522582,554.8947950010188,0,0,0,,,,,,,
gqa,sparsevlm,SparseVLM,0.25,token,n329479,201336956,What is the man using?,Skateboard,"[""skateboard""]",1.0,4,,403.80926785292104,,,781.0675470391288,787.7333789947443,73.14952998422086,860.8829089789651,926285824,2756,140,,704.0550992824137,,,0.7665441176470589,0.24444444444444444,0.15625
gqa,static_diverse_chunk@25,Static+Diverse,0.25,chunk,n329479,201336956,What is the man using?,Skateboard,"[""skateboard""]",1.0,4,11.388798942789435,155.5125050363131,43.245959852356464,240.41672301245853,36.42110398504883,276.88687498448417,58.20305400993675,335.0899289944209,288882688,512,231,180.2643261034973,0.0,8.0,34,0.23529411764705882,0.23935185185185184,0.0
gqa,static_diverse_chunk@50,Static+Diverse,0.5,chunk,n329479,201336956,What is the man using?,Skateboard,"[""skateboard""]",1.0,4,23.454661015421152,307.06322396872565,90.78789298655465,498.0917790089734,51.28803401021287,549.4513380108401,56.53574102325365,605.9870790340938,589561856,1088,317,377.0512601477094,0.0,17.0,34,0.5,0.4962962962962963,0.0
gqa,fullload,FullLoad,1.0,full,n329479,201336939,What is he in front of?,Tree,"[""bench""]",0.0,2,,387.1536310762167,,,639.2467339755967,645.5904809990898,36.8772610090673,682.4677420081571,1132462080,2176,64,,577.560490986798,,,1.0,0.24444444444444444,0.0
gqa,recompute,ReComp,,none,n329479,201336939,What is he in front of?,Tree,"[""bench""]",0.0,2,,0.0,,,473.6740969819948,473.67434098850936,18.988277995958924,492.6626189844683,0,0,0,,,,,,,
gqa,sparsevlm,SparseVLM,0.25,token,n329479,201336939,What is he in front of?,Bench,"[""bench""]",1.0,3,,367.52986221108586,,,712.5133330118842,719.0510230138898,40.99256795598194,760.0435909698717,908460032,2722,132,,641.0535369068384,,,0.7509191176470589,0.24444444444444444,0.15625
gqa,static_diverse_chunk@25,Static+Diverse,0.25,chunk,n329479,201336939,What is he in front of?,Bench,"[""bench""]",1.0,3,13.505831826478243,154.5850140391849,47.42829583119601,247.10757803404704,40.317625971511006,287.49099699780345,39.096391992643476,326.5873889904469,288882688,512,231,180.55811594240367,0.0,8.0,34,0.23529411764705882,0.23935185185185184,0.0
gqa,static_diverse_chunk@50,Static+Diverse,0.5,chunk,n329479,201336939,What is he in front of?,Bench,"[""bench""]",1.0,3,17.573848192114383,268.06693873368204,79.90026607876644,428.3902840106748,53.9276129566133,482.38937597488984,38.183077005669475,520.5724529805593,589561856,1088,317,324.34206386096776,0.0,17.0,34,0.5,0.4962962962962963,0.0
gqa,fullload,FullLoad,1.0,full,n329479,201336930,What do the bench and the skateboard have in common?,Color,"[""material""]",0.0,2,,403.65991997532547,,,673.3920779661275,680.2326109609567,19.964466046076268,700.1970770070329,1132462080,2176,64,,607.7050049207173,,,1.0,0.24444444444444444,0.0
gqa,recompute,ReComp,,none,n329479,201336930,What do the bench and the skateboard have in common?,Color,"[""material""]",0.0,2,,0.0,,,502.9127229936421,502.9129119939171,19.053755037020892,521.966667030938,0,0,0,,,,,,,
gqa,sparsevlm,SparseVLM,0.25,token,n329479,201336930,What do the bench and the skateboard have in common?,Color,"[""material""]",0.0,2,,396.929758542683,,,769.6300040115602,776.675935019739,54.09915198106319,830.7750870008022,894304256,2694,126,,688.6303120409139,,,0.7380514705882353,0.24444444444444444,0.09375
gqa,static_diverse_chunk@25,Static+Diverse,0.25,chunk,n329479,201336930,What do the bench and the skateboard have in common?,Color,"[""material""]",0.0,2,15.982536773663014,170.15000904211774,52.675190032459795,274.5916820131242,52.8351420070976,327.4767649709247,19.75288102403283,347.22964599495754,288882688,512,231,199.9953769845888,0.0,8.0,34,0.23529411764705882,0.23935185185185184,0.0
gqa,static_diverse_chunk@50,Static+Diverse,0.5,chunk,n329479,201336930,What do the bench and the skateboard have in common?,Color,"[""material""]",0.0,2,14.703878026921302,258.4761771722697,74.9828199041076,405.8956379885785,52.29187500663102,458.2383190281689,19.76294396445155,478.00126299262047,589561856,1088,317,309.79033518815413,0.0,17.0,34,0.5,0.4962962962962963,0.0
gqa,fullload,FullLoad,1.0,full,n329479,201337043,What are the wheels made of?,Plastic,"[""plastic""]",1.0,3,,441.7009020689875,,,748.7872989731841,755.1191489910707,39.04790501110256,794.1670540021732,1132462080,2176,64,,675.42582412716,,,1.0,0.24444444444444444,0.0
gqa,recompute,ReComp,,none,n329479,201337043,What are the wheels made of?,Plastic,"[""plastic""]",1.0,3,,0.0,,,499.7714539640583,499.7716319630854,38.351104012690485,538.1227359757759,0,0,0,,,,,,,
gqa,sparsevlm,SparseVLM,0.25,token,n329479,201337043,What are the wheels made of?,Plastic,"[""plastic""]",1.0,3,,364.8589094518684,,,714.15671199793,720.7283220486715,65.67146495217457,786.3997870008461,900333568,2706,132,,640.3908061329275,,,0.7435661764705882,0.24444444444444444,0.125
gqa,static_diverse_chunk@25,Static+Diverse,0.25,chunk,n329479,201337043,What are the wheels made of?,Plastic,"[""plastic""]",1.0,3,15.132361848372966,169.3768200930208,51.54668679460883,271.10434096539393,43.85677195386961,315.0246279546991,39.24629499670118,354.2709229514003,288882688,512,231,198.55489616747946,0.0,8.0,34,0.23529411764705882,0.23935185185185184,0.0
gqa,static_diverse_chunk@50,Static+Diverse,0.5,chunk,n329479,201337043,What are the wheels made of?,Plastic,"[""plastic""]",1.0,3,24.119154957588762,302.63949325308204,90.72562394430861,496.3855299865827,65.56559598539025,562.0208719628863,39.239405014086515,601.2602769769728,589561856,1088,317,374.6804029797204,0.0,17.0,34,0.5,0.4962962962962963,0.0
gqa,fullload,FullLoad,1.0,full,n406334,202159012,Are there any people next to the vehicle that is yellow and black?,Yes,"[""yes""]",1.0,2,,412.74018393596634,,,682.6379810227081,688.9265649951994,23.73075601644814,712.6573210116476,1124073472,2176,64,,616.0393059835769,,,1.0,0.2462686567164179,0.0
gqa,recompute,ReComp,,none,n406334,202159012,Are there any people next to the vehicle that is yellow and black?,Yes,"[""yes""]",1.0,2,,0.0,,,496.0652739973739,496.0655239992775,19.354490970727056,515.4200149700046,0,0,0,,,,,,,
gqa,sparsevlm,SparseVLM,0.25,token,n406334,202159012,Are there any people next to the vehicle that is yellow and black?,Yes,"[""yes""]",1.0,2,,359.81017659651116,,,713.530657987576,719.9162449687719,47.316773037891835,767.2330180066638,838074368,2588,144,,636.3790939212777,,,0.6893382352941176,0.2462686567164179,0.0625
gqa,static_diverse_chunk@25,Static+Diverse,0.25,chunk,n406334,202159012,Are there any people next to the vehicle that is yellow and black?,Yes,"[""yes""]",1.0,2,15.272615011781454,165.38983100326732,50.05948699545115,265.78784198500216,37.26479201577604,303.10127598932013,19.45455197710544,322.55582796642557,278396928,512,277,194.73707699216902,0.0,8.0,34,0.23529411764705882,0.2392723880597015,0.0
gqa,static_diverse_chunk@50,Static+Diverse,0.5,chunk,n406334,202159012,Are there any people next to the vehicle that is yellow and black?,Yes,"[""yes""]",1.0,2,21.413604903500527,289.97537621762604,84.49868200113997,469.6951799560338,36.95678501389921,506.6964529687539,19.927744986489415,526.6241979552433,576716800,1088,375,357.0598199730739,0.0,17.0,34,0.5,0.4925373134328358,0.0
gqa,fullload,FullLoad,1.0,full,n406334,202159091,On which side of the image are the metal cars?,Left,"[""right""]",0.0,2,,406.63687069900334,,,671.232049993705,677.78070300119,52.38094402011484,730.1616470213048,1124073472,2176,64,,604.5941897900775,,,1.0,0.2462686567164179,0.0
gqa,recompute,ReComp,,none,n406334,202159091,On which side of the image are the metal cars?,Left,"[""right""]",0.0,2,,0.0,,,455.5056370445527,455.5057469988242,18.96993996342644,474.4756869622506,0,0,0,,,,,,,
gqa,sparsevlm,SparseVLM,0.25,token,n406334,202159091,On which side of the image are the metal cars?,Left,"[""right""]",0.0,2,,357.7181629370898,,,690.0760980206542,696.4923550258391,45.35923199728131,741.8515870231204,849084416,2610,144,,618.1606379104778,,,0.6994485294117647,0.2462686567164179,0.09375
gqa,static_diverse_chunk@25,Static+Diverse,0.25,chunk,n406334,202159091,On which side of the image are the metal cars?,Left,"[""right""]",0.0,2,16.36395783862099,166.74092301400378,52.26697894977406,271.6273660189472,35.64121900126338,307.3202050291002,19.76683601969853,327.0870410487987,278396928,512,277,197.16174399945885,0.0,8.0,34,0.23529411764705882,0.2392723880597015,0.0
gqa,static_diverse_chunk@50,Static+Diverse,0.5,chunk,n406334,202159091,On which side of the image are the metal cars?,Left,"[""right""]",0.0,2,23.49539496935904,300.1169490162283,88.19155092351139,490.64148601610214,57.28524399455637,547.9960070224479,19.930681970436126,567.926688992884,576716800,1088,375,372.1019198419526,0.0,17.0,34,0.5,0.4925373134328358,0.0
gqa,fullload,FullLoad,1.0,full,n406334,202158963,Are the old people on the left or on the right?,Right,"[""right""]",1.0,2,,374.0538103156723,,,619.5080160396174,625.98719203379,48.06800198275596,674.055194016546,1124073472,2176,64,,564.0153319691308,,,1.0,0.2462686567164179,0.0
gqa,recompute,ReComp,,none,n406334,202158963,Are the old people on the left or on the right?,Right,"[""right""]",1.0,2,,0.0,,,496.10353901516646,496.1037780158222,19.04269598890096,515.1464740047231,0,0,0,,,,,,,
gqa,sparsevlm,SparseVLM,0.25,token,n406334,202158963,Are the old people on the left or on the right?,Right,"[""right""]",1.0,2,,324.0423161769286,,,611.8429520283826,618.3791719959117,30.04272299585864,648.4218949917704,849608704,2610,140,,553.8405822007917,,,0.6994485294117647,0.2462686567164179,0.0625
gqa,static_diverse_chunk@25,Static+Diverse,0.25,chunk,n406334,202158963,Are the old people on the left or on the right?,Right,"[""right""]",1.0,2,16.57034899108112,168.78014418762177,53.41943469829857,276.23651700560004,55.509383033495396,331.8073940463364,19.720780954230577,351.528175000567,278396928,512,277,200.3672020509839,0.0,8.0,34,0.23529411764705882,0.2392723880597015,0.0
gqa,static_diverse_chunk@50,Static+Diverse,0.5,chunk,n406334,202158963,Are the old people on the left or on the right?,Right,"[""right""]",1.0,2,24.339803960174322,304.4277638546191,90.53067222703248,499.83553896890953,42.40363999269903,542.309166979976,19.8043420095928,562.1135089895688,576716800,1088,375,378.26506822602823,0.0,17.0,34,0.5,0.4925373134328358,0.0
gqa,fullload,FullLoad,1.0,full,n406334,202158771,Are the street lights made of the same material as the cars?,No,"[""yes""]",0.0,2,,425.81048322608694,,,710.5468399822712,716.8574730167165,26.092204032465816,742.9496770491824,1124073472,2176,64,,641.6041191550903,,,1.0,0.2462686567164179,0.0
gqa,recompute,ReComp,,none,n406334,202158771,Are the street lights made of the same material as the cars?,No,"[""yes""]",0.0,2,,0.0,,,494.08756400225684,494.08777098869905,18.971067969687283,513.0588389583863,0,0,0,,,,,,,
gqa,sparsevlm,SparseVLM,0.25,token,n406334,202158771,Are the street lights made of the same material as the cars?,No,"[""yes""]",0.0,2,,324.9609919730574,,,620.6502380082384,627.3064980050549,24.617746996227652,651.9242450012825,899940352,2710,138,,561.182553821709,,,0.7454044117647058,0.2462686567164179,0.1875
gqa,static_diverse_chunk@25,Static+Diverse,0.25,chunk,n406334,202158771,Are the street lights made of the same material as the cars?,No,"[""yes""]",0.0,2,15.621185069903731,164.8835450760089,50.66335096489638,266.53364102821797,39.180485997349024,305.7608419912867,19.472376035992056,325.2332180272788,278396928,512,277,194.41470789024606,0.0,8.0,34,0.23529411764705882,0.2392723880597015,0.0
gqa,static_diverse_chunk@50,Static+Diverse,0.5,chunk,n406334,202158771,Are the street lights made of the same material as the cars?,No,"[""yes""]",0.0,2,23.922394961118698,301.142007810995,89.50606326106936,493.70603798888624,56.56390299554914,550.3408850054257,19.765058998018503,570.1059440034442,576716800,1088,375,373.6181210260838,0.0,17.0,34,0.5,0.4925373134328358,0.0
gqa,fullload,FullLoad,1.0,full,n406334,202159121,Which kind of vehicle is in front of the buildings?,Bus,"[""cars""]",0.0,2,,343.0974790244363,,,569.2733120522462,575.6035009981133,19.788426987361163,595.3919279854745,1124073472,2176,64,,518.5795990983024,,,1.0,0.2462686567164179,0.0
gqa,recompute,ReComp,,none,n406334,202159121,Which kind of vehicle is in front of the buildings?,Bus,"[""cars""]",0.0,2,,0.0,,,494.2918440210633,494.2919349996373,19.894368015229702,514.186303014867,0,0,0,,,,,,,
gqa,sparsevlm,SparseVLM,0.25,token,n406334,202159121,Which kind of vehicle is in front of the buildings?,Bus,"[""cars""]",0.0,2,,348.1564972316846,,,694.1296510049142,700.5320750176907,44.99984398717061,745.5319190048613,833880064,2580,156,,618.8234209548682,,,0.6856617647058824,0.2462686567164179,0.0625
gqa,static_diverse_chunk@25,Static+Diverse,0.25,chunk,n406334,202159121,Which kind of vehicle is in front of the buildings?,Bus,"[""cars""]",0.0,2,16.66860608384013,168.4286858071573,53.09273913735524,275.4386870074086,43.9092920278199,319.4099190295674,19.780542992521077,339.19046202208847,278396928,512,277,199.36843315372244,0.0,8.0,34,0.23529411764705882,0.2392723880597015,0.0
gqa,static_diverse_chunk@50,Static+Diverse,0.5,chunk,n406334,202159121,Which kind of vehicle is in front of the buildings?,Bus,"[""cars""]",0.0,2,22.674370964523405,294.0292533603497,87.21822506049648,480.93470197636634,58.61341702984646,539.6182750118896,19.722708966583014,559.3409839784727,576716800,1088,375,364.20226807240397,0.0,17.0,34,0.5,0.4925373134328358,0.0
gqa,fullload,FullLoad,1.0,full,n406334,202158855,Which color is this bus?,Yellow,"[""black""]",0.0,3,,376.6553751192987,,,624.9510860070586,631.3192929956131,43.339156021829695,674.6584490174428,1124073472,2176,64,,562.0697608683258,,,1.0,0.2462686567164179,0.0
gqa,recompute,ReComp,,none,n406334,202158855,Which color is this bus?,Yellow,"[""black""]",0.0,3,,0.0,,,461.0111960209906,461.01146104047075,38.08936395216733,499.1008249926381,0,0,0,,,,,,,
gqa,sparsevlm,SparseVLM,0.25,token,n406334,202158855,Which color is this bus?,Yellow,"[""black""]",0.0,3,,374.8649702174589,,,726.691193995066,733.0377959879115,46.88470100518316,779.9224969930947,850132992,2612,150,,650.5642128176987,,,0.7003676470588235,0.2462686567164179,0.09375
gqa,static_diverse_chunk@25,Static+Diverse,0.25,chunk,n406334,202158855,Which color is this bus?,Yellow,"[""black""]",0.0,3,15.19034878583625,165.66075856098905,50.22096907487139,265.76002000365406,52.22431797301397,318.03133798530325,38.02391403587535,356.0552520211786,278396928,512,277,194.18424903415143,0.0,8.0,34,0.23529411764705882,0.2392723880597015,0.0
gqa,static_diverse_chunk@50,Static+Diverse,0.5,chunk,n406334,202158855,Which color is this bus?,Yellow,"[""black""]",0.0,3,22.279062017332762,299.0817887475714,86.64937398862094,485.0923389894888,49.205263960175216,534.3667949782684,39.039039984345436,573.4058349626139,576716800,1088,375,369.30470110382885,0.0,17.0,34,0.5,0.4925373134328358,0.0
gqa,fullload,FullLoad,1.0,full,n302387,201711425,Is the box square and brown?,No,"[""yes""]",0.0,2,,440.55407610721886,,,733.2044230424799,739.9213570170105,20.08570497855544,760.0070619955659,1233125376,2368,64,,666.5802558418363,,,1.0,0.24489795918367346,0.0
gqa,recompute,ReComp,,none,n302387,201711425,Is the box square and brown?,No,"[""yes""]",0.0,2,,0.0,,,515.3894089744426,515.3896259726025,18.917311041150242,534.3069370137528,0,0,0,,,,,,,
gqa,sparsevlm,SparseVLM,0.25,token,n302387,201711425,Is the box square and brown?,No,"[""yes""]",0.0,2,,382.4293020297773,,,724.2103070020676,731.1281600268558,41.801149956882,772.9293099837378,1034289152,3050,138,,663.1994290510193,,,0.7880067567567568,0.24489795918367346,0.21875
gqa,static_diverse_chunk@25,Static+Diverse,0.25,chunk,n302387,201711425,Is the box square and brown?,No,"[""yes""]",0.0,2,13.109814142808318,176.5999531489797,50.68964813835919,275.4311930038966,56.31782504497096,331.81315305409953,19.497700966894627,351.31085402099416,325320704,576,303,205.69578418508172,0.0,9.0,37,0.24324324324324326,0.2465986394557823,0.0
gqa,static_diverse_chunk@50,Static+Diverse,0.5,chunk,n302387,201711425,Is the box square and brown?,No,"[""yes""]",0.0,2,24.169153824914247,331.7641890607774,96.04821004904807,539.4740420160815,48.544937977567315,588.0901709897444,20.06752701709047,608.1576980068348,624427008,1152,409,412.0850367471576,0.0,18.0,37,0.4864864864864865,0.4897959183673469,0.0
gqa,fullload,FullLoad,1.0,full,n302387,201711251,Do you see instruments next to the fireplace?,Yes,"[""yes""]",1.0,2,,389.65649669989944,,,641.8360730167478,648.7834990257397,19.988087995443493,668.7715870211832,1233125376,2368,64,,588.238803029526,,,1.0,0.24489795918367346,0.0
gqa,recompute,ReComp,,none,n302387,201711251,Do you see instruments next to the fireplace?,Yes,"[""yes""]",1.0,2,,0.0,,,545.3742920071818,545.374383975286,19.060719991102815,564.4351039663889,0,0,0,,,,,,,
gqa,sparsevlm,SparseVLM,0.25,token,n302387,201711251,Do you see instruments next to the fireplace?,Yes,"[""yes""]",1.0,2,,422.66179324360564,,,791.4683829876594,798.2441149652004,28.848264017142355,827.0923789823428,996016128,2976,146,,719.9300507782027,,,0.7567567567567568,0.24489795918367346,0.15625
gqa,static_diverse_chunk@25,Static+Diverse,0.25,chunk,n302387,201711251,Do you see instruments next to the fireplace?,Yes,"[""yes""]",1.0,2,17.149001942016184,189.71007992513478,58.50251385709271,306.9943769951351,42.14980098186061,349.2084349854849,19.684556988067925,368.89299197355285,325320704,576,303,225.04416992887855,0.0,9.0,37,0.24324324324324326,0.2465986394557823,0.0
gqa,static_diverse_chunk@50,Static+Diverse,0.5,chunk,n302387,201711251,Do you see instruments next to the fireplace?,Yes,"[""yes""]",1.0,2,22.858223994262516,328.8956832839176,96.02070192340761,534.4674490042962,38.156253984197974,572.679519013036,20.498528028838336,593.1780470418744,624427008,1152,409,408.2895828760229,0.0,18.0,37,0.4864864864864865,0.4897959183673469,0.0
gqa,fullload,FullLoad,1.0,full,n302387,201711211,What is this suitcase on?,Rug,"[""rug""]",1.0,3,,405.96183645538986,,,666.599064017646,673.479623044841,44.266144977882504,717.7457680227235,1233125376,2368,64,,609.065713128075,,,1.0,0.24489795918367346,0.0
gqa,recompute,ReComp,,none,n302387,201711211,What is this suitcase on?,Rug,"[""rug""]",1.0,3,,0.0,,,516.8854370131157,516.8855980155058,39.377428009174764,556.2630260246806,0,0,0,,,,,,,
gqa,sparsevlm,SparseVLM,0.25,token,n302387,201711211,What is this suitcase on?,Rug,"[""rug""]",1.0,3,,420.42698251316324,,,780.9838219545782,787.6335489563644,45.54867104161531,833.1822199979797,1023279104,3028,136,,715.384436189197,,,0.7787162162162162,0.24489795918367346,0.15625
gqa,static_diverse_chunk@25,Static+Diverse,0.25,chunk,n302387,201711211,What is this suitcase on?,Rug,"[""rug""]",1.0,3,16.937163018155843,189.96492744190618,57.93182796332985,306.27072404604405,54.19910297496244,360.53533502854407,38.567232026252896,399.10256705479696,325320704,576,303,225.1830490422435,0.0,9.0,37,0.24324324324324326,0.2465986394557823,0.0
gqa,static_diverse_chunk@50,Static+Diverse,0.5,chunk,n302387,201711211,What is this suitcase on?,Rug,"[""rug""]",1.0,3,23.794999986421317,342.8593214484863,95.94672196544707,548.5034169978462,41.49644199060276,590.0712379952893,39.468877017498016,629.5401150127873,624427008,1152,409,421.48056713631377,0.0,18.0,37,0.4864864864864865,0.4897959183673469,0.0
gqa,fullload,FullLoad,1.0,full,n302387,201711212,What is the suitcase on?,Rug,"[""rug""]",1.0,3,,397.3311673034914,,,657.1925559546798,663.8289039838128,39.21598702436313,703.0448910081759,1233125376,2368,64,,602.4759131250903,,,1.0,0.24489795918367346,0.0
gqa,recompute,ReComp,,none,n302387,201711212,What is the suitcase on?,Rug,"[""rug""]",1.0,3,,0.0,,,512.3526839888655,512.3527660034597,37.316783040296286,549.669549043756,0,0,0,,,,,,,
gqa,sparsevlm,SparseVLM,0.25,token,n302387,201711212,What is the suitcase on?,Rug,"[""rug""]",1.0,3,,391.6747196344659,,,720.8674200228415,727.9748339788057,52.34002199722454,780.3148559760302,1024327680,3030,138,,659.9681918742135,,,0.7795608108108109,0.24489795918367346,0.15625
gqa,static_diverse_chunk@25,Static+Diverse,0.25,chunk,n302387,201711212,What is the suitcase on?,Rug,"[""rug""]",1.0,3,18.342554743867368,205.5649249232374,59.83870301861316,327.7991089853458,55.04850402940065,382.91047903476283,38.52053597802296,421.4310150127858,325320704,576,303,243.3586519327946,0.0,9.0,37,0.24324324324324326,0.2465986394557823,0.0
gqa,static_diverse_chunk@50,Static+Diverse,0.5,chunk,n302387,201711212,What is the suitcase on?,Rug,"[""rug""]",1.0,3,23.737568000797182,335.3526788414456,96.20773594360799,542.2060650307685,41.64547199616209,583.9229340199381,38.625551969744265,622.5484859896824,624427008,1152,409,415.0626179180108,0.0,18.0,37,0.4864864864864865,0.4897959183673469,0.0
gqa,fullload,FullLoad,1.0,full,n302387,201711393,On which side of the picture is the square box?,Left,"[""left""]",1.0,2,,429.1840071673505,,,703.7444399902597,710.604264982976,19.964497012551874,730.5687619955279,1233125376,2368,64,,640.4465059749782,,,1.0,0.24489795918367346,0.0
gqa,recompute,ReComp,,none,n302387,201711393,On which side of the picture is the square box?,Left,"[""left""]",1.0,2,,0.0,,,515.2793980087154,515.279687999282,19.24768096068874,534.5273689599708,0,0,0,,,,,,,
gqa,sparsevlm,SparseVLM,0.25,token,n302387,201711393,On which side of the picture is the square box?,Left,"[""left""]",1.0,2,,453.7870670319535,,,854.7410739702173,861.4769389969297,29.683205008041114,891.1601440049708,1029308416,3040,138,,775.6329369149171,,,0.7837837837837838,0.24489795918367346,0.1875
gqa,static_diverse_chunk@25,Static+Diverse,0.25,chunk,n302387,201711393,On which side of the picture is the square box?,Right,"[""left""]",0.0,2,15.76105726417154,185.06664008600637,55.31870503909886,294.70932501135394,36.0925950226374,330.85227402625605,19.238926994148642,350.0912010204047,325320704,576,303,217.43850113125518,0.0,9.0,37,0.24324324324324326,0.2465986394557823,0.0
gqa,static_diverse_chunk@50,Static+Diverse,0.5,chunk,n302387,201711393,On which side of the picture is the square box?,Left,"[""left""]",1.0,2,24.66554706916213,333.39265565155074,97.562977229245,544.2265460151248,51.11537600168958,595.4100879607722,19.28744703764096,614.6975349984132,624427008,1152,409,414.7467039292678,0.0,18.0,37,0.4864864864864865,0.4897959183673469,0.0
gqa,fullload,FullLoad,1.0,full,n302387,201711129,Is the tall shelf on the left?,Yes,"[""yes""]",1.0,2,,428.96722204750404,,,707.9695349675603,714.5699770189822,30.04698600852862,744.6169630275108,1233125376,2368,64,,643.012150307186,,,1.0,0.24489795918367346,0.0
gqa,recompute,ReComp,,none,n302387,201711129,Is the tall shelf on the left?,Yes,"[""yes""]",1.0,2,,0.0,,,537.3586529749446,537.3588939546607,18.96507100900635,556.3239649636671,0,0,0,,,,,,,
gqa,sparsevlm,SparseVLM,0.25,token,n302387,201711129,Is the tall shelf on the left?,Yes,"[""yes""]",1.0,2,,422.5387930055149,,,789.2078309669159,796.252490952611,23.457514005713165,819.7100049583241,1041629184,3064,142,,718.6101001570933,,,0.793918918918919,0.24489795918367346,0.21875
gqa,static_diverse_chunk@25,Static+Diverse,0.25,chunk,n302387,201711129,Is the tall shelf on the left?,Yes,"[""yes""]",1.0,2,11.782060202676803,172.35363513464108,46.956622041761875,264.21196898445487,36.109340027906,300.36776198539883,19.872761971782893,320.2405239571817,325320704,576,303,199.73514310549945,0.0,9.0,37,0.24324324324324326,0.2465986394557823,0.0
gqa,static_diverse_chunk@50,Static+Diverse,0.5,chunk,n302387,201711129,Is the tall shelf on the left?,Yes,"[""yes""]",1.0,2,23.239223985001445,321.59326085820794,91.89309709472582,518.8313359976746,38.06326602352783,556.9545809994452,20.081383001524955,577.0359640009701,624427008,1152,409,396.5966679388657,0.0,18.0,37,0.4864864864864865,0.4897959183673469,0.0
gqa,fullload,FullLoad,1.0,full,n52544,20982174,Is the blouse long sleeved or short sleeved?,Short sleeved,"[""long sleeved""]",0.0,5,,334.7384741064161,,,557.0244700065814,563.2852370035835,76.00349700078368,639.2887340043671,1132462080,2176,64,,506.27526198513806,,,1.0,0.24444444444444444,0.0
gqa,recompute,ReComp,,none,n52544,20982174,Is the blouse long sleeved or short sleeved?,Short sleeved,"[""long sleeved""]",0.0,5,,0.0,,,498.93950996920466,498.9396999590099,74.50251904083416,573.442218999844,0,0,0,,,,,,,
gqa,sparsevlm,SparseVLM,0.25,token,n52544,20982174,Is the blouse long sleeved or short sleeved?,Long sleeved,"[""long sleeved""]",1.0,5,,391.81983924936503,,,742.7877280279063,749.095088976901,94.64035998098552,843.7354489578865,954335232,2812,132,,670.327071857173,,,0.7922794117647058,0.24444444444444444,0.3125
gqa,static_diverse_chunk@25,Static+Diverse,0.25,chunk,n52544,20982174,Is the blouse long sleeved or short sleeved?,Long sleeved,"[""long sleeved""]",1.0,5,13.966095983050764,176.34764884132892,49.72918191924691,273.36850500432774,48.12344699166715,321.5561839751899,76.37800398515537,397.9341879603453,291241984,512,283,203.95101886242628,0.0,8.0,34,0.23529411764705882,0.23703703703703705,0.0
gqa,static_diverse_chunk@50,Static+Diverse,0.5,chunk,n52544,20982174,Is the blouse long sleeved or short sleeved?,Short sleeved,"[""long sleeved""]",0.0,5,24.444373790174723,325.646638055332,92.1446880674921,527.3977449978702,60.12359098531306,587.5932109775022,77.00129802105948,664.5945089985617,590872576,1088,423,403.90236605890095,0.0,17.0,34,0.5,0.4962962962962963,0.0
gqa,fullload,FullLoad,1.0,full,n52544,20982179,What color is the blouse?,Black,"[""black""]",1.0,2,,396.9279250013642,,,657.0873159798793,663.4867009706795,19.846038019750267,683.3327389904298,1132462080,2176,64,,591.2807270651683,,,1.0,0.24444444444444444,0.0
gqa,recompute,ReComp,,none,n52544,20982179,What color is the blouse?,Black,"[""black""]",1.0,2,,0.0,,,471.26629896229133,471.2665389524773,18.68631801335141,489.9528569658287,0,0,0,,,,,,,
gqa,sparsevlm,SparseVLM,0.25,token,n52544,20982179,What color is the blouse?,Red,"[""black""]",0.0,2,,361.0546553391032,,,682.1718269493431,688.9785369858146,33.356706029735506,722.3352430155501,941228032,2786,138,,617.6546580391005,,,0.7803308823529411,0.24444444444444444,0.25
gqa,static_diverse_chunk@25,Static+Diverse,0.25,chunk,n52544,20982179,What color is the blouse?,Blue,"[""black""]",0.0,2,14.834146131761372,173.01967419916764,51.2394598335959,274.2071390384808,60.791872965637594,335.061913006939,19.365868996828794,354.4277820037678,291241984,512,283,202.31403986690566,0.0,8.0,34,0.23529411764705882,0.23703703703703705,0.0
gqa,static_diverse_chunk@50,Static+Diverse,0.5,chunk,n52544,20982179,What color is the blouse?,Black,"[""black""]",1.0,2,24.02681001694873,315.0901827029884,91.4815774303861,514.7548569948412,52.215853007510304,567.0258320169523,19.470138009637594,586.4959700265899,590872576,1088,423,392.33620115555823,0.0,17.0,34,0.5,0.4962962962962963,0.0
gqa,fullload,FullLoad,1.0,full,n52544,20982540,Where is the woman standing?,Table,"[""table""]",1.0,2,,389.60731483530253,,,647.8581880219281,654.204300022684,19.709834014065564,673.9141340367496,1132462080,2176,64,,586.081730783917,,,1.0,0.24444444444444444,0.0
gqa,recompute,ReComp,,none,n52544,20982540,Where is the woman standing?,Table,"[""table""]",1.0,2,,0.0,,,495.35790900699794,495.35825598286465,19.068919005803764,514.4271749886684,0,0,0,,,,,,,
gqa,sparsevlm,SparseVLM,0.25,token,n52544,20982540,Where is the woman standing?,Table,"[""table""]",1.0,2,,372.39462189609185,,,726.9163809833117,733.5774439852685,24.97899899026379,758.5564429755323,885915648,2678,138,,650.516277179122,,,0.7306985294117647,0.24444444444444444,0.09375
gqa,static_diverse_chunk@25,Static+Diverse,0.25,chunk,n52544,20982540,Where is the woman standing?,Table,"[""table""]",1.0,2,13.978136994410306,170.5351839773357,49.354552989825606,267.70895899971947,36.417203955352306,304.17431495152414,19.88552004331723,324.05983499484137,291241984,512,283,198.67567904293537,0.0,8.0,34,0.23529411764705882,0.23703703703703705,0.0
gqa,static_diverse_chunk@50,Static+Diverse,0.5,chunk,n52544,20982540,Where is the woman standing?,Table,"[""table""]",1.0,2,24.386901000980288,315.5955043621361,91.99007123243064,517.9817979806103,49.931628978811204,567.9835570044816,20.00809897435829,587.9916559788398,590872576,1088,423,394.62842512875795,0.0,17.0,34,0.5,0.4962962962962963,0.0
gqa,fullload,FullLoad,1.0,full,n52544,20982544,What kind of furniture is the woman standing at?,Table,"[""table""]",1.0,2,,398.05335126584396,,,675.7820249767974,682.206480007153,20.13834100216627,702.3448210093193,1132462080,2176,64,,617.0161997433752,,,1.0,0.24444444444444444,0.0
gqa,recompute,ReComp,,none,n52544,20982544,What kind of furniture is the woman standing at?,Table,"[""table""]",1.0,2,,0.0,,,467.77511900290847,467.77532203122973,19.330660987179726,487.10598301840946,0,0,0,,,,,,,
gqa,sparsevlm,SparseVLM,0.25,token,n52544,20982544,What kind of furniture is the woman standing at?,Table,"[""table""]",1.0,2,,368.80599230062217,,,714.0536670340225,720.4218090046197,48.05526899872348,768.4770780033432,870187008,2648,144,,638.9106980059296,,,0.7169117647058824,0.24444444444444444,0.09375
gqa,static_diverse_chunk@25,Static+Diverse,0.25,chunk,n52544,20982544,What kind of furniture is the woman standing at?,Table,"[""table""]",1.0,2,16.889524005819112,179.50799886602908,55.48778880620375,289.5012680091895,49.01500401319936,338.5790620232001,19.68717499403283,358.2662370172329,291241984,512,283,211.24634676380083,0.0,8.0,34,0.23529411764705882,0.23703703703703705,0.0
gqa,static_diverse_chunk@50,Static+Diverse,0.5,chunk,n52544,20982544,What kind of furniture is the woman standing at?,Table,"[""table""]",1.0,2,22.63601776212454,307.64579109381884,89.198725996539,500.52677001804113,47.91174898855388,548.5090700094588,19.22711101360619,567.736181023065,590872576,1088,423,381.7890329519287,0.0,17.0,34,0.5,0.4962962962962963,0.0
gqa,fullload,FullLoad,1.0,full,n52544,20982158,Which kind of clothing is long sleeved?,Sweater,"[""blouse""]",0.0,4,,373.17431409610435,,,615.007026004605,621.7324329772964,57.59985401527956,679.332286992576,1132462080,2176,64,,555.0856759073213,,,1.0,0.24444444444444444,0.0
gqa,recompute,ReComp,,none,n52544,20982158,Which kind of clothing is long sleeved?,Sweater,"[""blouse""]",0.0,4,,0.0,,,503.9158739964478,503.91595700057223,55.76089699752629,559.6768539980985,0,0,0,,,,,,,
gqa,sparsevlm,SparseVLM,0.25,token,n52544,20982158,Which kind of clothing is long sleeved?,Sweater,"[""blouse""]",0.0,4,,375.7013209396973,,,714.321649982594,720.7991399918683,86.03624702664092,806.8353870185092,923402240,2752,116,,642.15527306078,,,0.7647058823529411,0.24444444444444444,0.25
gqa,static_diverse_chunk@25,Static+Diverse,0.25,chunk,n52544,20982158,Which kind of clothing is long sleeved?,Sweater,"[""blouse""]",0.0,4,16.291958338115364,184.07269602175802,53.704392921645194,290.98990198690444,41.26388602890074,332.31738302856684,57.79989896109328,390.1172819896601,291241984,512,283,215.19552887184545,0.0,8.0,34,0.23529411764705882,0.23703703703703705,0.0
gqa,static_diverse_chunk@50,Static+Diverse,0.5,chunk,n52544,20982158,Which kind of clothing is long sleeved?,Sweater,"[""blouse""]",0.0,4,22.00911584077403,314.4827641081065,89.09255714388564,512.1234189718962,48.113609955180436,560.306129977107,57.70052701700479,618.0066569941118,590872576,1088,423,394.14472901262343,0.0,17.0,34,0.5,0.4962962962962963,0.0
gqa,fullload,FullLoad,1.0,full,n52544,20982135,Is the blouse different in color than the name tag?,Yes,"[""yes""]",1.0,2,,350.94486380694434,,,579.2001410154626,585.846000991296,42.403089988511056,628.2490909798071,1132462080,2176,64,,525.3959560068324,,,1.0,0.24444444444444444,0.0
gqa,recompute,ReComp,,none,n52544,20982135,Is the blouse different in color than the name tag?,Yes,"[""yes""]",1.0,2,,0.0,,,494.9059750069864,494.9061319930479,18.775781034491956,513.6819130275398,0,0,0,,,,,,,
gqa,sparsevlm,SparseVLM,0.25,token,n52544,20982135,Is the blouse different in color than the name tag?,Yes,"[""yes""]",1.0,2,,376.590846630279,,,728.2057150150649,734.6406200085767,47.03803901793435,781.678659026511,920518656,2746,142,,653.7261278135702,,,0.7619485294117647,0.24444444444444444,0.21875
gqa,static_diverse_chunk@25,Static+Diverse,0.25,chunk,n52544,20982135,Is the blouse different in color than the name tag?,Yes,"[""yes""]",1.0,2,16.525161918252707,177.72682214854285,55.20435801008716,287.1870449744165,40.86161102168262,328.113276977092,19.07599502010271,347.18927199719474,291241984,512,283,209.53555818414316,0.0,8.0,34,0.23529411764705882,0.23703703703703705,0.0
gqa,static_diverse_chunk@50,Static+Diverse,0.5,chunk,n52544,20982135,Is the blouse different in color than the name tag?,Yes,"[""yes""]",1.0,2,19.412162830121815,293.8483137404546,86.43888926599175,473.72058499604464,46.74487398006022,520.534579991363,19.64823598973453,540.1828159810975,590872576,1088,423,361.3857118762098,0.0,17.0,34,0.5,0.4962962962962963,0.0
gqa,fullload,FullLoad,1.0,full,n540852,20119029,Is the happy man below the umbrella the woman is holding?,Yes,"[""yes""]",1.0,2,,460.89320711325854,,,759.6703060553409,766.781345999334,19.908600952476263,786.6899469518103,1384120320,2688,64,,697.7838409948163,,,1.0,0.24545454545454545,0.0
gqa,recompute,ReComp,,none,n540852,20119029,Is the happy man below the umbrella the woman is holding?,Yes,"[""yes""]",1.0,2,,0.0,,,621.9666979741305,621.9669479760341,19.061286002397537,641.0282339784317,0,0,0,,,,,,,
gqa,sparsevlm,SparseVLM,0.25,token,n540852,20119029,Is the happy man below the umbrella the woman is holding?,Yes,"[""yes""]",1.0,2,,416.587699088268,,,769.5014319615439,776.6711359727196,21.103207021951675,797.7743429946713,1185546240,3492,148,,711.9296699529514,,,0.7991071428571429,0.24545454545454545,0.21875
gqa,static_diverse_chunk@25,Static+Diverse,0.25,chunk,n540852,20119029,Is the happy man below the umbrella the woman is holding?,Yes,"[""yes""]",1.0,2,19.03270505135879,205.10245306650177,62.87689885357395,332.64369395328686,54.77515800157562,387.4851509463042,20.045412005856633,407.53056295216084,352845824,640,327,244.1680520423688,0.0,10.0,42,0.23809523809523808,0.22613636363636364,0.0
gqa,static_diverse_chunk@50,Static+Diverse,0.5,chunk,n540852,20119029,Is the happy man below the umbrella the woman is holding?,Yes,"[""yes""]",1.0,2,25.88488900801167,383.80858104210347,110.18476512981579,619.4903349969536,62.37393099581823,681.9353720056824,20.161264983471483,702.0966369891539,705429504,1344,513,475.7511420175433,0.0,21.0,42,0.5,0.4909090909090909,0.0
gqa,fullload,FullLoad,1.0,full,n540852,20119041,Who in the image is walking?,People,"[""woman""]",0.0,2,,480.7960811886005,,,789.5883500459604,796.7474909964949,41.744430956896394,838.4919219533913,1384120320,2688,64,,731.2650396488607,,,1.0,0.24545454545454545,0.0
gqa,recompute,ReComp,,none,n540852,20119041,Who in the image is walking?,People,"[""woman""]",0.0,2,,0.0,,,591.4536739583127,591.4539099903777,19.190609047655016,610.6445190380327,0,0,0,,,,,,,
gqa,sparsevlm,SparseVLM,0.25,token,n540852,20119041,Who in the image is walking?,People,"[""woman""]",0.0,2,,464.77912412956357,,,856.995074020233,864.4219369743951,42.887941002845764,907.3098779772408,1160118272,3442,140,,787.7805400057696,,,0.7805059523809523,0.24545454545454545,0.1875
gqa,static_diverse_chunk@25,Static+Diverse,0.25,chunk,n540852,20119041,Who in the image is walking?,People,"[""woman""]",0.0,2,15.414556954056025,200.9727648110129,56.077717163134366,313.03364800987765,40.47699202783406,353.5588100203313,19.855792983435094,373.4146030037664,352845824,640,327,235.13419594382867,0.0,10.0,42,0.23809523809523808,0.22613636363636364,0.0
gqa,static_diverse_chunk@50,Static+Diverse,0.5,chunk,n540852,20119041,Who in the image is walking?,People,"[""woman""]",0.0,2,25.96549701411277,381.62063900381327,113.93254203721881,629.3900579912588,53.051253024023026,682.5085519813001,19.935999996960163,702.4445519782603,705429504,1344,513,481.84484284138307,0.0,21.0,42,0.5,0.4909090909090909,0.0
gqa,fullload,FullLoad,1.0,full,n540852,20119067,Is the man that is to the right of the woman wearing a suit?,Yes,"[""yes""]",1.0,2,,401.16844879230484,,,659.7872559796087,667.1927529969253,20.463810011278838,687.6565630082041,1384120320,2688,64,,611.5285118576139,,,1.0,0.24545454545454545,0.0
gqa,recompute,ReComp,,none,n540852,20119067,Is the man that is to the right of the woman wearing a suit?,Yes,"[""yes""]",1.0,2,,0.0,,,626.8234699964523,626.8236769828945,18.930513004306704,645.7541899872012,0,0,0,,,,,,,
gqa,sparsevlm,SparseVLM,0.25,token,n540852,20119067,Is the man that is to the right of the woman wearing a suit?,Yes,"[""yes""]",1.0,2,,446.59682089695707,,,808.8265740079805,816.5828360361047,32.96536597190425,849.548202008009,1162477568,3448,150,,750.2193340333179,,,0.7827380952380952,0.24545454545454545,0.21875
gqa,static_diverse_chunk@25,Static+Diverse,0.25,chunk,n540852,20119067,Is the man that is to the right of the woman wearing a suit?,Yes,"[""yes""]",1.0,2,12.982551124878228,185.73106388794258,51.36006808606908,287.2551800101064,39.39039498800412,326.69345795875415,19.412494031712413,346.10595199046656,352845824,640,327,216.6229370632209,0.0,10.0,42,0.23809523809523808,0.22613636363636364,0.0
gqa,static_diverse_chunk@50,Static+Diverse,0.5,chunk,n540852,20119067,Is the man that is to the right of the woman wearing a suit?,Yes,"[""yes""]",1.0,2,25.6806758698076,383.42053192900494,106.60174785880372,615.7944309525192,43.52326301159337,659.3859299900942,19.920565013308078,679.3064950034022,705429504,1344,513,475.80531396670267,0.0,21.0,42,0.5,0.4909090909090909,0.0
gqa,fullload,FullLoad,1.0,full,n540852,20119066,The man to the right of the woman is wearing what?,Suit,"[""suit""]",1.0,3,,454.60682234261185,,,722.1817089593969,729.4475850067101,38.02897303830832,767.4765580450185,1384120320,2688,64,,672.624772938434,,,1.0,0.24545454545454545,0.0
gqa,recompute,ReComp,,none,n540852,20119066,The man to the right of the woman is wearing what?,Suit,"[""suit""]",1.0,3,,0.0,,,615.4547089827247,615.4549039783888,37.38672402687371,652.8416280052625,0,0,0,,,,,,,
gqa,sparsevlm,SparseVLM,0.25,token,n540852,20119066,The man to the right of the woman is wearing what?,Suit,"[""suit""]",1.0,3,,455.75524697778746,,,838.6618130025454,845.8595219999552,45.83950398955494,891.6990259895101,1142292480,3408,158,,772.3641351331025,,,0.7678571428571429,0.24545454545454545,0.15625
gqa,static_diverse_chunk@25,Static+Diverse,0.25,chunk,n540852,20119066,The man to the right of the woman is wearing what?,Suit,"[""suit""]",1.0,3,17.344651045277715,211.66732267010957,60.835129232145846,334.4964369898662,42.88343997905031,377.44594999821857,37.71880402928218,415.16475402750075,352845824,640,327,249.77901694364846,0.0,10.0,42,0.23809523809523808,0.22613636363636364,0.0
gqa,static_diverse_chunk@50,Static+Diverse,0.5,chunk,n540852,20119066,The man to the right of the woman is wearing what?,Suit,"[""suit""]",1.0,3,25.85300791542977,390.39313298417255,107.05818596761674,623.7158539588563,60.435263032559305,684.220805997029,39.05019297963008,723.270998976659,705429504,1344,513,483.1368108280003,0.0,21.0,42,0.5,0.4909090909090909,0.0
gqa,fullload,FullLoad,1.0,full,n540852,20119174,What is the umbrella to the right of the other umbrella made of?,Plastic,"[""plastic""]",1.0,3,,477.47136204270646,,,785.1291330298409,792.5828250008635,40.52376397885382,833.1065889797173,1384120320,2688,64,,724.2031529312953,,,1.0,0.24545454545454545,0.0
gqa,recompute,ReComp,,none,n540852,20119174,What is the umbrella to the right of the other umbrella made of?,Plastic,"[""plastic""]",1.0,3,,0.0,,,626.4039800153114,626.404148992151,37.50693396432325,663.9110829564743,0,0,0,,,,,,,
gqa,sparsevlm,SparseVLM,0.25,token,n540852,20119174,What is the umbrella to the right of the other umbrella made of?,Plastic,"[""plastic""]",1.0,3,,428.7389790988527,,,772.6653610006906,780.1584120024927,41.10897000646219,821.2673820089549,1169293312,3464,142,,720.5991189694032,,,0.7886904761904762,0.24545454545454545,0.28125
gqa,static_diverse_chunk@25,Static+Diverse,0.25,chunk,n540852,20119174,What is the umbrella to the right of the other umbrella made of?,Plastic,"[""plastic""]",1.0,3,18.007767794188112,207.29354303330183,62.736700172536075,333.7993639870547,60.84519502473995,394.7099940269254,38.99466496659443,433.70465899351984,352845824,640,327,246.4268941548653,0.0,10.0,42,0.23809523809523808,0.22613636363636364,0.0
gqa,static_diverse_chunk@50,Static+Diverse,0.5,chunk,n540852,20119174,What is the umbrella to the right of the other umbrella made of?,Plastic,"[""plastic""]",1.0,3,24.384192773140967,385.8719302807003,108.82384004071355,616.9526859885082,65.29345497256145,682.3167719994672,39.95273500913754,722.2695070086047,705429504,1344,513,476.20764398016036,0.0,21.0,42,0.5,0.4909090909090909,0.0
gqa,fullload,FullLoad,1.0,full,n540852,20119135,Is the umbrella in the bottom part of the photo?,No,"[""no""]",1.0,2,,491.574157087598,,,804.335811000783,811.4449569839053,40.61414598254487,852.0591029664502,1384120320,2688,64,,741.2404188653454,,,1.0,0.24545454545454545,0.0
gqa,recompute,ReComp,,none,n540852,20119135,Is the umbrella in the bottom part of the photo?,No,"[""no""]",1.0,2,,0.0,,,611.1257209558971,611.1259289900772,19.167901016771793,630.293830006849,0,0,0,,,,,,,
gqa,sparsevlm,SparseVLM,0.25,token,n540852,20119135,Is the umbrella in the bottom part of the photo?,No,"[""no""]",1.0,2,,441.1998528521508,,,801.5749769983813,808.8787409942597,20.43579099699855,829.3145319912583,1181876224,3488,144,,742.2527479939163,,,0.7976190476190477,0.24545454545454545,0.28125
gqa,static_diverse_chunk@25,Static+Diverse,0.25,chunk,n540852,20119135,Is the umbrella in the bottom part of the photo?,No,"[""no""]",1.0,2,13.479527842719108,187.93175485916436,52.397007937543094,292.01631899923086,57.02213104814291,349.1021030349657,19.489662954583764,368.59176598954946,352845824,640,327,219.53404793748632,0.0,10.0,42,0.23809523809523808,0.22613636363636364,0.0
gqa,static_diverse_chunk@50,Static+Diverse,0.5,chunk,n540852,20119135,Is the umbrella in the bottom part of the photo?,No,"[""no""]",1.0,2,26.808153139427304,384.8742582486011,109.54559489618987,623.9962509716861,48.67860296508297,672.7469919715077,19.46873002452776,692.2157219960354,705429504,1344,513,479.97053305152804,0.0,21.0,42,0.5,0.4909090909090909,0.0
gqa,fullload,FullLoad,1.0,full,n234722,20416735,What is the color of the table?,Brown,"[""dark brown""]",0.0,2,,411.4876060630195,,,676.2483529746532,682.8412809991278,19.908664049580693,702.7499450487085,1226833920,2368,64,,615.3856700984761,,,1.0,0.24615384615384617,0.0
gqa,recompute,ReComp,,none,n234722,20416735,What is the color of the table?,Brown,"[""dark brown""]",0.0,2,,0.0,,,536.5257920348085,536.5260440157726,19.060530001297593,555.5865740170702,0,0,0,,,,,,,
gqa,sparsevlm,SparseVLM,0.25,token,n234722,20416735,What is the color of the table?,Brown,"[""dark brown""]",0.0,2,,387.0031012920663,,,723.7396269920282,730.4297109949403,25.786774000152946,756.2164849950932,1023180800,3032,142,,659.956763847731,,,0.7804054054054054,0.24615384615384617,0.21875
gqa,static_diverse_chunk@25,Static+Diverse,0.25,chunk,n234722,20416735,What is the color of the table?,Brown,"[""dark brown""]",0.0,2,14.74735012743622,168.70370600372553,51.80651810951531,272.2085019922815,65.26213698089123,337.53712597535923,32.62593998806551,370.16306596342474,315817984,576,271,199.59754985757172,0.0,9.0,37,0.24324324324324326,0.2465811965811966,0.0
gqa,static_diverse_chunk@50,Static+Diverse,0.5,chunk,n234722,20416735,What is the color of the table?,Brown,"[""dark brown""]",0.0,2,24.641115043777972,324.7755867196247,92.46822772547603,526.0159780154936,61.89185299444944,587.9793310305104,19.26509599434212,607.2444270248525,613679104,1152,357,401.67728799860924,0.0,18.0,37,0.4864864864864865,0.48034188034188036,0.0
gqa,fullload,FullLoad,1.0,full,n234722,20416717,What kind of furniture isn't clean?,Table,"[""chair""]",0.0,2,,387.2371421311982,,,629.9323489656672,636.6890029748902,20.093658997211605,656.7826619721018,1226833920,2368,64,,578.2743909512646,,,1.0,0.24615384615384617,0.0
gqa,recompute,ReComp,,none,n234722,20416717,What kind of furniture isn't clean?,Table,"[""chair""]",0.0,2,,0.0,,,568.1915020104498,568.1916940375231,18.837994954083115,587.0296889916062,0,0,0,,,,,,,
gqa,sparsevlm,SparseVLM,0.25,token,n234722,20416717,What kind of furniture isn't clean?,Table,"[""chair""]",0.0,2,,419.8213079944253,,,784.37563899206,791.1384350154549,41.888211970217526,833.0266469856724,967933952,2924,156,,709.9623180110939,,,0.7347972972972973,0.24615384615384617,0.125
gqa,static_diverse_chunk@25,Static+Diverse,0.25,chunk,n234722,20416717,What kind of furniture isn't clean?,Table,"[""chair""]",0.0,2,17.239729990251362,179.6516131144017,57.1415409212932,294.6226000203751,43.48966700490564,338.1793500157073,19.361219950951636,357.54056996665895,315817984,576,271,213.9657799853012,0.0,9.0,37,0.24324324324324326,0.2465811965811966,0.0
gqa,static_diverse_chunk@50,Static+Diverse,0.5,chunk,n234722,20416717,What kind of furniture isn't clean?,Table,"[""chair""]",0.0,2,24.499382998328656,316.48894085083157,94.3924619932659,519.9384290026501,44.856269960291684,564.8647740017623,19.412452005781233,584.2772260075435,613679104,1152,357,393.80294899456203,0.0,18.0,37,0.4864864864864865,0.48034188034188036,0.0
gqa,fullload,FullLoad,1.0,full,n234722,20416487,What kind of food is on the pizza?,Sausage,"[""sausage""]",1.0,4,,340.68652137648314,,,556.9898810354061,563.7044630129822,59.305150993168354,623.0096140061505,1226833920,2368,64,,513.1791070452891,,,1.0,0.24615384615384617,0.0
gqa,recompute,ReComp,,none,n234722,20416487,What kind of food is on the pizza?,Sausage,"[""sausage""]",1.0,4,,0.0,,,539.192464959342,539.1927069867961,55.45464303577319,594.6473500225693,0,0,0,,,,,,,
gqa,sparsevlm,SparseVLM,0.25,token,n234722,20416487,What kind of food is on the pizza?,Sausage,"[""sausage""]",1.0,4,,432.2970218490809,,,803.1147730071098,809.6909419982694,61.19965901598334,870.8906010142528,981106688,2950,138,,727.7859359164722,,,0.745777027027027,0.24615384615384617,0.15625
gqa,static_diverse_chunk@25,Static+Diverse,0.25,chunk,n234722,20416487,What kind of food is on the pizza?,Sausage,"[""sausage""]",1.0,4,12.352503079455346,170.43021885911003,46.84969724621624,262.859869049862,37.491140014026314,300.39660504553467,58.56113397749141,358.9577390230261,315817984,576,271,197.7830098476261,0.0,9.0,37,0.24324324324324326,0.2465811965811966,0.0
gqa,static_diverse_chunk@50,Static+Diverse,0.5,chunk,n234722,20416487,What kind of food is on the pizza?,Sausage,"[""sausage""]",1.0,4,24.4157639099285,325.2513536135666,92.20351005205885,525.3084399737418,51.49515101220459,576.8728840048425,57.494905951898545,634.367789956741,613679104,1152,357,401.50748094310984,0.0,18.0,37,0.4864864864864865,0.48034188034188036,0.0
gqa,fullload,FullLoad,1.0,full,n234722,20416562,Which kind of cooking utensil is below the pizza?,Pizza cutter,"[""pan""]",0.0,5,,427.6744620874524,,,697.0364400185645,703.748734027613,75.75417496263981,779.5029089902528,1226833920,2368,64,,637.6153938472271,,,1.0,0.24615384615384617,0.0
gqa,recompute,ReComp,,none,n234722,20416562,Which kind of cooking utensil is below the pizza?,Pizza cutter,"[""pan""]",0.0,5,,0.0,,,507.74961203569546,507.74984300369397,73.63968901336193,581.3895320170559,0,0,0,,,,,,,
gqa,sparsevlm,SparseVLM,0.25,token,n234722,20416562,Which kind of cooking utensil is below the pizza?,Spatula,"[""pan""]",0.0,4,,310.5962507543154,,,563.9120219857432,570.6726950011216,59.27338602486998,629.9460810259916,968982528,2926,144,,522.2701381426305,,,0.7356418918918919,0.24615384615384617,0.125
gqa,static_diverse_chunk@25,Static+Diverse,0.25,chunk,n234722,20416562,Which kind of cooking utensil is below the pizza?,Spatula,"[""pan""]",0.0,4,13.861711078789085,185.3879148256965,50.04184081917629,284.6638670307584,41.26354103209451,325.9777430212125,57.0593029842712,383.0370460054837,315817984,576,271,214.87063384847715,0.0,9.0,37,0.24324324324324326,0.2465811965811966,0.0
gqa,static_diverse_chunk@50,Static+Diverse,0.5,chunk,n234722,20416562,Which kind of cooking utensil is below the pizza?,Spatula,"[""pan""]",0.0,4,24.17314500780776,337.9152012639679,93.48151105223224,539.7710239631124,48.867837991565466,588.7085939757526,57.39580700173974,646.1044009774923,613679104,1152,357,414.9086127872579,0.0,18.0,37,0.4864864864864865,0.48034188034188036,0.0
gqa,fullload,FullLoad,1.0,full,n234722,20416421,Is the sausage in the bottom part or in the top of the photo?,Top,"[""top""]",1.0,2,,460.4843921260908,,,734.1056110453792,740.7857869984582,23.1864340021275,763.9722210005857,1226833920,2368,64,,687.5894931145012,,,1.0,0.24615384615384617,0.0
gqa,recompute,ReComp,,none,n234722,20416421,Is the sausage in the bottom part or in the top of the photo?,Top,"[""top""]",1.0,2,,0.0,,,540.1281510130502,540.1285029947758,19.20481800334528,559.333320998121,0,0,0,,,,,,,
gqa,sparsevlm,SparseVLM,0.25,token,n234722,20416421,Is the sausage in the bottom part or in the top of the photo?,Top,"[""top""]",1.0,2,,413.8378381030634,,,775.039043975994,781.7927899886854,43.58190903440118,825.3746990230866,1046380544,3078,148,,709.0451750555076,,,0.799831081081081,0.24615384615384617,0.28125
gqa,static_diverse_chunk@25,Static+Diverse,0.25,chunk,n234722,20416421,Is the sausage in the bottom part or in the top of the photo?,Top,"[""top""]",1.0,2,16.841325967106968,179.8127968213521,56.06065789470449,292.3197249765508,58.22561599779874,350.6121329846792,19.368685025256127,369.9808180099353,315817984,576,271,213.21057493332773,0.0,9.0,37,0.24324324324324326,0.2465811965811966,0.0
gqa,static_diverse_chunk@50,Static+Diverse,0.5,chunk,n234722,20416421,Is the sausage in the bottom part or in the top of the photo?,Top,"[""top""]",1.0,2,24.26616701995954,316.2372749648057,94.29406392155215,520.1749439584091,49.33211696334183,569.5781429531053,18.937267013825476,588.5154099669307,613679104,1152,357,394.3553698481992,0.0,18.0,37,0.4864864864864865,0.48034188034188036,0.0
gqa,fullload,FullLoad,1.0,full,n234722,20416424,Does the sausage that is to the left of the pan look small and brown?,Yes,"[""yes""]",1.0,2,,457.9467310686596,,,751.0975169716403,757.7059260220267,19.51036002719775,777.2162860492244,1226833920,2368,64,,684.2207120498642,,,1.0,0.24615384615384617,0.0
gqa,recompute,ReComp,,none,n234722,20416424,Does the sausage that is to the left of the pan look small and brown?,Yes,"[""yes""]",1.0,2,,0.0,,,539.2486249911599,539.2488320358098,19.009486015420407,558.2583180512302,0,0,0,,,,,,,
gqa,sparsevlm,SparseVLM,0.25,token,n234722,20416424,Does the sausage that is to the left of the pan look small and brown?,Yes,"[""yes""]",1.0,2,,436.01424351800233,,,813.3574440144002,820.0960420072079,31.719562015496194,851.8156040227041,1040089088,3066,146,,738.3933090022765,,,0.7947635135135135,0.24615384615384617,0.28125
gqa,static_diverse_chunk@25,Static+Diverse,0.25,chunk,n234722,20416424,Does the sausage that is to the left of the pan look small and brown?,Yes,"[""yes""]",1.0,2,17.528503900393844,181.4004392363131,57.54227197030559,297.9106779675931,44.1885789623484,342.16569596901536,19.074658048339188,361.24035401735455,315817984,576,271,216.4883017539978,0.0,9.0,37,0.24324324324324326,0.2465811965811966,0.0
gqa,static_diverse_chunk@50,Static+Diverse,0.5,chunk,n234722,20416424,Does the sausage that is to the left of the pan look small and brown?,Yes,"[""yes""]",1.0,2,24.076822097413242,314.8368039401248,93.5339979478158,515.6347759766504,47.020936966873705,562.728545977734,18.875588022638112,581.6041340003721,613679104,1152,357,390.7692648936063,0.0,18.0,37,0.4864864864864865,0.48034188034188036,0.0
gqa,fullload,FullLoad,1.0,full,n494918,201185759,What's the boy looking at?,Frisbee,"[""frisbee""]",1.0,5,,421.57676885835826,,,694.4826289545745,701.044674962759,85.10111505165696,786.145790014416,1233125376,2368,64,,629.6605041134171,,,1.0,0.24489795918367346,0.0
gqa,recompute,ReComp,,none,n494918,201185759,What's the boy looking at?,Frisbee,"[""frisbee""]",1.0,5,,0.0,,,540.7195840380155,540.7199150067754,74.1123859770596,614.832300983835,0,0,0,,,,,,,
gqa,sparsevlm,SparseVLM,0.25,token,n494918,201185759,What's the boy looking at?,Frisbee,"[""frisbee""]",1.0,5,,421.6280109831132,,,793.8359410036355,800.8732299786061,83.52915500290692,884.402384981513,938868736,2866,166,,716.850513999816,,,0.7103040540540541,0.24489795918367346,0.09375
gqa,static_diverse_chunk@25,Static+Diverse,0.25,chunk,n494918,201185759,What's the boy looking at?,Frisbee,"[""frisbee""]",1.0,5,17.210902995429933,197.61272741016,59.664789063390344,315.88808802189305,63.56623297324404,379.5175940031186,76.79644698509946,456.31404098821804,325320704,576,283,232.75126103544608,0.0,9.0,37,0.24324324324324326,0.24489795918367346,0.0
gqa,static_diverse_chunk@50,Static+Diverse,0.5,chunk,n494918,201185759,What's the boy looking at?,Frisbee,"[""frisbee""]",1.0,5,19.815232895780355,308.6525757680647,88.39665882987902,489.34432497480884,37.00588899664581,526.3952349778265,76.28268504049629,602.6779200183228,624689152,1152,353,374.1696060169488,0.0,18.0,37,0.4864864864864865,0.48299319727891155,0.0
gqa,fullload,FullLoad,1.0,full,n494918,201185941,Are the trees behind a frisbee?,Yes,"[""yes""]",1.0,2,,483.41746581718326,,,824.3574660154991,831.0826400411315,23.049931973218918,854.1325720143504,1233125376,2368,64,,756.8362081074156,,,1.0,0.24489795918367346,0.0
gqa,recompute,ReComp,,none,n494918,201185941,Are the trees behind a frisbee?,Yes,"[""yes""]",1.0,2,,0.0,,,546.324547030963,546.3246569852345,19.230714009609073,565.5553709948435,0,0,0,,,,,,,
gqa,sparsevlm,SparseVLM,0.25,token,n494918,201185941,Are the trees behind a frisbee?,Yes,"[""yes""]",1.0,2,,422.2455713315867,,,808.9782639872283,816.1275740130804,24.029952997807413,840.1575270108879,970063872,2926,146,,731.1208538012579,,,0.7356418918918919,0.24489795918367346,0.125
gqa,static_diverse_chunk@25,Static+Diverse,0.25,chunk,n494918,201185941,Are the trees behind a frisbee?,Yes,"[""yes""]",1.0,2,14.03910294175148,177.04814003081992,51.472541119437665,278.52228801930323,42.086025001481175,320.65496500581503,19.033535034395754,339.6885000402108,325320704,576,283,206.80891914526,0.0,9.0,37,0.24324324324324326,0.24489795918367346,0.0
gqa,static_diverse_chunk@50,Static+Diverse,0.5,chunk,n494918,201185941,Are the trees behind a frisbee?,Yes,"[""yes""]",1.0,2,23.231252213008702,313.6600600555539,94.160559005104,511.9621949852444,61.28021999029443,573.310740001034,20.058205001987517,593.3689450030215,624689152,1152,353,387.45651609497145,0.0,18.0,37,0.4864864864864865,0.48299319727891155,0.0
gqa,fullload,FullLoad,1.0,full,n494918,201185777,Do the shorts made out of cotton look orange and long?,Yes,"[""no""]",0.0,2,,441.5639480575919,,,728.6955669987947,735.6291640317068,52.21943598007783,787.8486000117846,1233125376,2368,64,,666.4228559820913,,,1.0,0.24489795918367346,0.0
gqa,recompute,ReComp,,none,n494918,201185777,Do the shorts made out of cotton look orange and long?,Yes,"[""no""]",0.0,2,,0.0,,,548.3159890281968,548.3162790187635,18.723076966125518,567.039355984889,0,0,0,,,,,,,
gqa,sparsevlm,SparseVLM,0.25,token,n494918,201185777,Do the shorts made out of cotton look orange and long?,Yes,"[""no""]",0.0,2,,318.07581812608987,,,577.242951025255,583.9791670441628,20.849002990871668,604.8281700350344,948305920,2884,150,,533.2772880210541,,,0.7179054054054054,0.24489795918367346,0.09375
gqa,static_diverse_chunk@25,Static+Diverse,0.25,chunk,n494918,201185777,Do the shorts made out of cotton look orange and long?,Yes,"[""no""]",0.0,2,16.59320993348956,184.07211493467912,56.872063025366515,297.93936503119767,54.24668302293867,352.2513760253787,19.303378008771688,371.5547540341504,325320704,576,283,218.3433989994228,0.0,9.0,37,0.24324324324324326,0.24489795918367346,0.0
gqa,static_diverse_chunk@50,Static+Diverse,0.5,chunk,n494918,201185777,Do the shorts made out of cotton look orange and long?,Yes,"[""no""]",0.0,2,23.553000879473984,315.18823822261766,93.05461792973801,513.1655829609372,37.62034996179864,550.8342079701833,20.39725799113512,571.2314659613185,624689152,1152,353,389.3608631333336,0.0,18.0,37,0.4864864864864865,0.48299319727891155,0.0
gqa,fullload,FullLoad,1.0,full,n494918,201185793,Do the shorts have short length?,Yes,"[""yes""]",1.0,2,,408.8357528671622,,,674.2187940399162,681.0522830346599,19.516054017003626,700.5683370516635,1233125376,2368,64,,613.8075389899313,,,1.0,0.24489795918367346,0.0
gqa,recompute,ReComp,,none,n494918,201185793,Do the shorts have short length?,Yes,"[""yes""]",1.0,2,,0.0,,,544.8217520024627,544.8220790131018,18.554273003246635,563.3763520163484,0,0,0,,,,,,,
gqa,sparsevlm,SparseVLM,0.25,token,n494918,201185793,Do the shorts have short length?,Yes,"[""yes""]",1.0,2,,386.30844809813425,,,730.3140619769692,737.1468879864551,22.08955102832988,759.236439014785,933625856,2856,150,,661.7210668046027,,,0.706081081081081,0.24489795918367346,0.09375
gqa,static_diverse_chunk@25,Static+Diverse,0.25,chunk,n494918,201185793,Do the shorts have short length?,Yes,"[""yes""]",1.0,2,12.070962868165225,169.1808860632591,46.92950093885884,260.61585202114657,37.018404982518405,297.6872979779728,19.319684011861682,317.00698198983446,325320704,576,283,195.83599164616317,0.0,9.0,37,0.24324324324324326,0.24489795918367346,0.0
gqa,static_diverse_chunk@50,Static+Diverse,0.5,chunk,n494918,201185793,Do the shorts have short length?,Yes,"[""yes""]",1.0,2,24.60188214899972,321.27830787794665,94.65670312056318,523.4073729952797,55.01537199597806,578.4911820082925,20.20984800765291,598.7010300159454,624689152,1152,353,397.0513872918673,0.0,18.0,37,0.4864864864864865,0.48299319727891155,0.0
gqa,fullload,FullLoad,1.0,full,n494918,201185841,What is the color of the frisbee that flies above the ground?,Green,"[""green""]",1.0,2,,391.6754497913644,,,643.5738260042854,650.3489310271107,23.06031301850453,673.4092440456152,1233125376,2368,64,,586.6139070712961,,,1.0,0.24489795918367346,0.0
gqa,recompute,ReComp,,none,n494918,201185841,What is the color of the frisbee that flies above the ground?,Green,"[""green""]",1.0,2,,0.0,,,543.1294650188647,543.1296839960851,19.034608965739608,562.1642929618247,0,0,0,,,,,,,
gqa,sparsevlm,SparseVLM,0.25,token,n494918,201185841,What is the color of the frisbee that flies above the ground?,Green,"[""green""]",1.0,2,,395.07315203081816,,,753.1723899883218,759.9215679802,44.537842040881515,804.4594100210816,908722176,2808,150,,675.6966800312512,,,0.6858108108108109,0.24489795918367346,0.0625
gqa,static_diverse_chunk@25,Static+Diverse,0.25,chunk,n494918,201185841,What is the color of the frisbee that flies above the ground?,Green,"[""green""]",1.0,2,16.66285505052656,186.39301997609437,57.5215679127723,301.0238549904898,48.94325096393004,350.0336979632266,19.23307403922081,369.2667720024474,325320704,576,283,220.6414818065241,0.0,9.0,37,0.24324324324324326,0.24489795918367346,0.0
gqa,static_diverse_chunk@50,Static+Diverse,0.5,chunk,n494918,201185841,What is the color of the frisbee that flies above the ground?,Green,"[""green""]",1.0,2,18.38080183370039,289.28786428878084,85.16018412774429,462.26389496587217,38.43706799671054,500.7519240025431,20.062302995938808,520.8142269984819,624689152,1152,353,351.8947978736833,0.0,18.0,37,0.4864864864864865,0.48299319727891155,0.0
gqa,fullload,FullLoad,1.0,full,n494918,201185738,Is the person that is not tall wearing gloves?,No,"[""no""]",1.0,2,,419.3494198843837,,,687.340573000256,694.1971980268136,19.903037988115102,714.1002360149287,1233125376,2368,64,,625.3093699924648,,,1.0,0.24489795918367346,0.0
gqa,recompute,ReComp,,none,n494918,201185738,Is the person that is not tall wearing gloves?,No,"[""no""]",1.0,2,,0.0,,,548.2622450217605,548.2623149873689,18.943667004350573,567.2059819917195,0,0,0,,,,,,,
gqa,sparsevlm,SparseVLM,0.25,token,n494918,201185738,Is the person that is not tall wearing gloves?,No,"[""no""]",1.0,2,,375.3535649157129,,,710.0268049980514,716.8015399947762,23.48142402479425,740.2829640195705,949092352,2886,140,,639.7529850946739,,,0.71875,0.24489795918367346,0.125
gqa,static_diverse_chunk@25,Static+Diverse,0.25,chunk,n494918,201185738,Is the person that is not tall wearing gloves?,No,"[""no""]",1.0,2,12.470021203625947,171.7987300362438,48.833843029569834,268.3658970054239,37.54456201568246,305.9648320195265,19.10580601543188,325.0706380349584,325320704,576,283,201.11620472744107,0.0,9.0,37,0.24324324324324326,0.24489795918367346,0.0
gqa,static_diverse_chunk@50,Static+Diverse,0.5,chunk,n494918,201185738,Is the person that is not tall wearing gloves?,No,"[""no""]",1.0,2,20.179084036499262,298.4600999043323,87.19076222041622,479.9593440257013,57.65462800627574,537.6846940489486,19.47382395155728,557.1585180005059,624689152,1152,353,365.60550989815965,0.0,18.0,37,0.4864864864864865,0.48299319727891155,0.0
