dialog_id,turn_id,active_images,new_images_this_turn,text_and_marker_tokens_before_expansion,history_and_prompt_text_tokens,active_visual_tokens,total_context_tokens,reserved_context_tokens,within_4096_with_reserved_decode,full_visual_kv_bytes,cumulative_visual_kv_bytes_created
mmdu:83,1,3,3,50,47,3528,3575,3591,True,1849688064,1849688064
mmdu:83,2,3,0,603,600,3528,4128,4144,False,1849688064,1849688064
mmdu:83,3,3,0,1221,1218,3528,4746,4762,False,1849688064,1849688064
mmdu:83,4,3,0,1925,1922,3528,5450,5466,False,1849688064,1849688064
mmdu:83,5,3,0,2681,2678,3528,6206,6222,False,1849688064,1849688064
mmdu:83,6,3,0,3408,3405,3528,6933,6949,False,1849688064,1849688064
mmdu:83,7,3,0,4172,4169,3528,7697,7713,False,1849688064,1849688064
mmdu:76,1,1,1,32,31,1176,1207,1223,True,616562688,616562688
mmdu:76,2,1,0,423,422,1176,1598,1614,True,616562688,616562688
mmdu:76,3,1,0,871,870,1176,2046,2062,True,616562688,616562688
mmdu:76,4,2,1,1448,1446,2352,3798,3814,True,1233125376,1233125376
mmdu:76,5,2,0,2037,2035,2352,4387,4403,False,1233125376,1233125376
mmdu:76,6,3,1,2632,2629,3528,6157,6173,False,1849688064,1849688064
mmdu:76,7,3,0,3048,3045,3528,6573,6589,False,1849688064,1849688064
mmdu:76,8,3,0,3433,3430,3528,6958,6974,False,1849688064,1849688064
mmdu:76,9,4,1,3981,3977,4704,8681,8697,False,2466250752,2466250752
mmdu:76,10,4,0,4583,4579,4704,9283,9299,False,2466250752,2466250752
mmdu:76,11,4,0,5090,5086,4704,9790,9806,False,2466250752,2466250752
mmdu:76,12,4,0,5837,5833,4704,10537,10553,False,2466250752,2466250752
mmdu:76,13,4,0,6261,6257,4704,10961,10977,False,2466250752,2466250752
mmdu:76,14,4,0,6494,6490,4704,11194,11210,False,2466250752,2466250752
mmdu:76,15,4,0,6816,6812,4704,11516,11532,False,2466250752,2466250752
mmdu:76,16,4,0,7122,7118,4704,11822,11838,False,2466250752,2466250752
mmdu:76,17,4,0,7465,7461,4704,12165,12181,False,2466250752,2466250752
mmdu:76,18,4,0,7746,7742,4704,12446,12462,False,2466250752,2466250752
mmdu:76,19,4,0,8015,8011,4704,12715,12731,False,2466250752,2466250752
mmdu:76,20,4,0,8362,8358,4704,13062,13078,False,2466250752,2466250752
mmdu:76,21,4,0,8722,8718,4704,13422,13438,False,2466250752,2466250752
mmdu:31,1,2,2,36,34,2352,2386,2402,True,1233125376,1233125376
mmdu:31,2,2,0,438,436,2352,2788,2804,True,1233125376,1233125376
mmdu:31,3,2,0,886,884,2352,3236,3252,True,1233125376,1233125376
mmdu:31,4,3,1,1241,1238,3528,4766,4782,False,1849688064,1849688064
mmdu:31,5,3,0,1900,1897,3528,5425,5441,False,1849688064,1849688064
mmdu:31,6,3,0,2260,2257,3528,5785,5801,False,1849688064,1849688064
mmdu:31,7,4,1,2736,2732,4704,7436,7452,False,2466250752,2466250752
mmdu:31,8,4,0,3316,3312,4704,8016,8032,False,2466250752,2466250752
mmdu:31,9,4,0,3935,3931,4704,8635,8651,False,2466250752,2466250752
mmdu:31,10,5,1,4633,4628,5880,10508,10524,False,3082813440,3082813440
mmdu:31,11,5,0,5221,5216,5880,11096,11112,False,3082813440,3082813440
mmdu:31,12,5,0,5945,5940,5880,11820,11836,False,3082813440,3082813440
mmdu:31,13,5,0,6799,6794,5880,12674,12690,False,3082813440,3082813440
mmdu:31,14,5,0,7196,7191,5880,13071,13087,False,3082813440,3082813440
mmdu:31,15,5,0,7653,7648,5880,13528,13544,False,3082813440,3082813440
mmdu:31,16,5,0,8238,8233,5880,14113,14129,False,3082813440,3082813440
mmdu:31,17,5,0,8860,8855,5880,14735,14751,False,3082813440,3082813440
mmdu:65,1,1,1,43,42,1176,1218,1234,True,616562688,616562688
mmdu:65,2,1,0,525,524,1176,1700,1716,True,616562688,616562688
mmdu:65,3,1,0,1053,1052,1176,2228,2244,True,616562688,616562688
mmdu:65,4,2,1,1590,1588,2352,3940,3956,True,1233125376,1233125376
mmdu:65,5,2,0,2124,2122,2352,4474,4490,False,1233125376,1233125376
mmdu:65,6,2,0,2750,2748,2352,5100,5116,False,1233125376,1233125376
mmdu:65,7,2,0,3369,3367,2352,5719,5735,False,1233125376,1233125376
mmdu:20,1,1,1,41,40,1176,1216,1232,True,616562688,616562688
mmdu:20,2,1,0,771,770,1176,1946,1962,True,616562688,616562688
mmdu:20,3,1,0,1553,1552,1176,2728,2744,True,616562688,616562688
mmdu:20,4,2,1,2410,2408,2352,4760,4776,False,1233125376,1233125376
mmdu:20,5,2,0,2998,2996,2352,5348,5364,False,1233125376,1233125376
mmdu:20,6,2,0,3632,3630,2352,5982,5998,False,1233125376,1233125376
mmdu:20,7,3,1,4397,4394,3528,7922,7938,False,1849688064,1849688064
mmdu:20,8,3,0,4968,4965,3528,8493,8509,False,1849688064,1849688064
mmdu:20,9,3,0,5479,5476,3528,9004,9020,False,1849688064,1849688064
mmdu:20,10,3,0,6037,6034,3528,9562,9578,False,1849688064,1849688064
mmdu:20,11,3,0,6398,6395,3528,9923,9939,False,1849688064,1849688064
mmdu:20,12,3,0,6790,6787,3528,10315,10331,False,1849688064,1849688064
mmdu:20,13,3,0,7186,7183,3528,10711,10727,False,1849688064,1849688064
mmdu:20,14,3,0,7644,7641,3528,11169,11185,False,1849688064,1849688064
mmdu:20,15,3,0,8092,8089,3528,11617,11633,False,1849688064,1849688064
mmdu:20,16,3,0,8517,8514,3528,12042,12058,False,1849688064,1849688064
mmdu:20,17,3,0,8922,8919,3528,12447,12463,False,1849688064,1849688064
mmdu:20,18,3,0,9334,9331,3528,12859,12875,False,1849688064,1849688064
mmdu:20,19,3,0,9722,9719,3528,13247,13263,False,1849688064,1849688064
mmdu:41,1,1,1,39,38,1176,1214,1230,True,616562688,616562688
mmdu:41,2,1,0,582,581,1176,1757,1773,True,616562688,616562688
mmdu:41,3,1,0,1184,1183,1176,2359,2375,True,616562688,616562688
mmdu:41,4,2,1,1800,1798,2352,4150,4166,False,1233125376,1233125376
mmdu:41,5,2,0,2285,2283,2352,4635,4651,False,1233125376,1233125376
mmdu:41,6,2,0,2875,2873,2352,5225,5241,False,1233125376,1233125376
mmdu:41,7,2,0,3697,3695,2352,6047,6063,False,1233125376,1233125376
mmdu:41,8,2,0,4095,4093,2352,6445,6461,False,1233125376,1233125376
mmdu:41,9,2,0,4477,4475,2352,6827,6843,False,1233125376,1233125376
mmdu:41,10,2,0,4878,4876,2352,7228,7244,False,1233125376,1233125376
mmdu:41,11,2,0,5336,5334,2352,7686,7702,False,1233125376,1233125376
mmdu:41,12,2,0,5728,5726,2352,8078,8094,False,1233125376,1233125376
mmdu:41,13,2,0,6121,6119,2352,8471,8487,False,1233125376,1233125376
mmdu:41,14,2,0,6498,6496,2352,8848,8864,False,1233125376,1233125376
mmdu:41,15,2,0,6866,6864,2352,9216,9232,False,1233125376,1233125376
mmdu:41,16,2,0,7215,7213,2352,9565,9581,False,1233125376,1233125376
mmdu:58,1,1,1,34,33,1176,1209,1225,True,616562688,616562688
mmdu:58,2,1,0,538,537,1176,1713,1729,True,616562688,616562688
mmdu:58,3,1,0,1118,1117,1176,2293,2309,True,616562688,616562688
mmdu:58,4,2,1,1813,1811,2352,4163,4179,False,1233125376,1233125376
mmdu:58,5,2,0,2375,2373,2352,4725,4741,False,1233125376,1233125376
mmdu:58,6,2,0,2927,2925,2352,5277,5293,False,1233125376,1233125376
mmdu:58,7,3,1,3543,3540,3528,7068,7084,False,1849688064,1849688064
mmdu:58,8,3,0,3693,3690,3528,7218,7234,False,1849688064,1849688064
mmdu:58,9,3,0,3926,3923,3528,7451,7467,False,1849688064,1849688064
mmdu:58,10,4,1,4343,4339,4704,9043,9059,False,2466250752,2466250752
mmdu:58,11,4,0,4981,4977,4704,9681,9697,False,2466250752,2466250752
mmdu:58,12,4,0,5662,5658,4704,10362,10378,False,2466250752,2466250752
mmdu:58,13,4,0,6420,6416,4704,11120,11136,False,2466250752,2466250752
mmdu:58,14,4,0,7062,7058,4704,11762,11778,False,2466250752,2466250752
mmdu:58,15,4,0,7654,7650,4704,12354,12370,False,2466250752,2466250752
mmdu:58,16,4,0,8299,8295,4704,12999,13015,False,2466250752,2466250752
mmdu:58,17,4,0,8998,8994,4704,13698,13714,False,2466250752,2466250752
mmdu:58,18,4,0,9703,9699,4704,14403,14419,False,2466250752,2466250752
mmdu:58,19,4,0,10349,10345,4704,15049,15065,False,2466250752,2466250752
mmdu:58,20,4,0,10977,10973,4704,15677,15693,False,2466250752,2466250752
mmdu:15,1,1,1,34,33,1176,1209,1225,True,616562688,616562688
mmdu:15,2,1,0,638,637,1176,1813,1829,True,616562688,616562688
mmdu:15,3,1,0,1374,1373,1176,2549,2565,True,616562688,616562688
mmdu:15,4,2,1,2183,2181,2352,4533,4549,False,1233125376,1233125376
mmdu:15,5,2,0,2651,2649,2352,5001,5017,False,1233125376,1233125376
mmdu:15,6,2,0,3261,3259,2352,5611,5627,False,1233125376,1233125376
mmdu:15,7,3,1,3912,3909,3528,7437,7453,False,1849688064,1849688064
mmdu:15,8,3,0,4508,4505,3528,8033,8049,False,1849688064,1849688064
mmdu:15,9,3,0,5105,5102,3528,8630,8646,False,1849688064,1849688064
mmdu:15,10,4,1,5804,5800,4704,10504,10520,False,2466250752,2466250752
mmdu:15,11,4,0,6382,6378,4704,11082,11098,False,2466250752,2466250752
mmdu:15,12,4,0,6965,6961,4704,11665,11681,False,2466250752,2466250752
mmdu:15,13,4,0,7654,7650,4704,12354,12370,False,2466250752,2466250752
mmdu:15,14,4,0,8328,8324,4704,13028,13044,False,2466250752,2466250752
mmdu:15,15,4,0,8883,8879,4704,13583,13599,False,2466250752,2466250752
mmdu:15,16,4,0,9364,9360,4704,14064,14080,False,2466250752,2466250752
mmdu:15,17,4,0,9830,9826,4704,14530,14546,False,2466250752,2466250752
mmdu:15,18,4,0,10285,10281,4704,14985,15001,False,2466250752,2466250752
mmdu:15,19,4,0,10750,10746,4704,15450,15466,False,2466250752,2466250752
mmdu:15,20,4,0,11182,11178,4704,15882,15898,False,2466250752,2466250752
mmdu:15,21,4,0,11628,11624,4704,16328,16344,False,2466250752,2466250752
mmdu:15,22,4,0,12039,12035,4704,16739,16755,False,2466250752,2466250752
mmdu:39,1,1,1,30,29,1176,1205,1221,True,616562688,616562688
mmdu:39,2,1,0,452,451,1176,1627,1643,True,616562688,616562688
mmdu:39,3,1,0,944,943,1176,2119,2135,True,616562688,616562688
mmdu:39,4,2,1,1556,1554,2352,3906,3922,True,1233125376,1233125376
mmdu:39,5,2,0,1868,1866,2352,4218,4234,False,1233125376,1233125376
mmdu:39,6,2,0,2259,2257,2352,4609,4625,False,1233125376,1233125376
mmdu:39,7,3,1,2684,2681,3528,6209,6225,False,1849688064,1849688064
mmdu:39,8,3,0,2831,2828,3528,6356,6372,False,1849688064,1849688064
mmdu:39,9,3,0,3181,3178,3528,6706,6722,False,1849688064,1849688064
mmdu:39,10,4,1,3653,3649,4704,8353,8369,False,2466250752,2466250752
mmdu:39,11,4,0,4084,4080,4704,8784,8800,False,2466250752,2466250752
mmdu:39,12,4,0,4533,4529,4704,9233,9249,False,2466250752,2466250752
mmdu:39,13,5,1,5059,5054,5880,10934,10950,False,3082813440,3082813440
mmdu:39,14,5,0,5544,5539,5880,11419,11435,False,3082813440,3082813440
mmdu:39,15,5,0,6095,6090,5880,11970,11986,False,3082813440,3082813440
mmdu:39,16,5,0,6777,6772,5880,12652,12668,False,3082813440,3082813440
mmdu:39,17,5,0,7403,7398,5880,13278,13294,False,3082813440,3082813440
mmdu:39,18,5,0,7939,7934,5880,13814,13830,False,3082813440,3082813440
mmdu:39,19,5,0,8598,8593,5880,14473,14489,False,3082813440,3082813440
mmdu:39,20,5,0,9296,9291,5880,15171,15187,False,3082813440,3082813440
mmdu:57,1,1,1,33,32,1176,1208,1224,True,616562688,616562688
mmdu:57,2,1,0,617,616,1176,1792,1808,True,616562688,616562688
mmdu:57,3,1,0,1350,1349,1176,2525,2541,True,616562688,616562688
mmdu:57,4,2,1,2212,2210,2352,4562,4578,False,1233125376,1233125376
mmdu:57,5,2,0,2754,2752,2352,5104,5120,False,1233125376,1233125376
mmdu:57,6,2,0,3403,3401,2352,5753,5769,False,1233125376,1233125376
mmdu:57,7,3,1,4048,4045,3528,7573,7589,False,1849688064,1849688064
mmdu:57,8,3,0,4482,4479,3528,8007,8023,False,1849688064,1849688064
mmdu:57,9,3,0,4928,4925,3528,8453,8469,False,1849688064,1849688064
mmdu:57,10,3,0,5600,5597,3528,9125,9141,False,1849688064,1849688064
mmdu:57,11,3,0,5953,5950,3528,9478,9494,False,1849688064,1849688064
mmdu:57,12,3,0,6289,6286,3528,9814,9830,False,1849688064,1849688064
mmdu:68,1,5,5,74,69,5880,5949,5965,False,3082813440,3082813440
mmdu:68,2,5,0,760,755,5880,6635,6651,False,3082813440,3082813440
mmdu:68,3,5,0,1467,1462,5880,7342,7358,False,3082813440,3082813440
mmdu:68,4,5,0,2245,2240,5880,8120,8136,False,3082813440,3082813440
mmdu:68,5,5,0,3087,3082,5880,8962,8978,False,3082813440,3082813440
mmdu:68,6,5,0,3973,3968,5880,9848,9864,False,3082813440,3082813440
mmdu:68,7,5,0,4793,4788,5880,10668,10684,False,3082813440,3082813440
mmdu:47,1,1,1,39,38,1176,1214,1230,True,616562688,616562688
mmdu:47,2,1,0,700,699,1176,1875,1891,True,616562688,616562688
mmdu:47,3,1,0,1313,1312,1176,2488,2504,True,616562688,616562688
mmdu:47,4,2,1,2096,2094,2352,4446,4462,False,1233125376,1233125376
mmdu:47,5,2,0,2817,2815,2352,5167,5183,False,1233125376,1233125376
mmdu:47,6,2,0,3591,3589,2352,5941,5957,False,1233125376,1233125376
mmdu:47,7,2,0,4430,4428,2352,6780,6796,False,1233125376,1233125376
mmdu:47,8,2,0,4970,4968,2352,7320,7336,False,1233125376,1233125376
mmdu:47,9,2,0,5572,5570,2352,7922,7938,False,1233125376,1233125376
mmdu:47,10,2,0,6223,6221,2352,8573,8589,False,1233125376,1233125376
mmdu:72,1,1,1,38,37,1176,1213,1229,True,616562688,616562688
mmdu:72,2,1,0,597,596,1176,1772,1788,True,616562688,616562688
mmdu:72,3,1,0,1123,1122,1176,2298,2314,True,616562688,616562688
mmdu:72,4,2,1,1816,1814,2352,4166,4182,False,1233125376,1233125376
mmdu:72,5,2,0,2418,2416,2352,4768,4784,False,1233125376,1233125376
mmdu:72,6,2,0,3039,3037,2352,5389,5405,False,1233125376,1233125376
mmdu:72,7,2,0,3625,3623,2352,5975,5991,False,1233125376,1233125376
mmdu:72,8,2,0,3919,3917,2352,6269,6285,False,1233125376,1233125376
mmdu:72,9,2,0,4172,4170,2352,6522,6538,False,1233125376,1233125376
mmdu:72,10,2,0,4437,4435,2352,6787,6803,False,1233125376,1233125376
mmdu:72,11,2,0,4709,4707,2352,7059,7075,False,1233125376,1233125376
mmdu:72,12,2,0,4975,4973,2352,7325,7341,False,1233125376,1233125376
mmdu:72,13,2,0,5259,5257,2352,7609,7625,False,1233125376,1233125376
mmdu:72,14,2,0,5579,5577,2352,7929,7945,False,1233125376,1233125376
mmdu:72,15,2,0,5854,5852,2352,8204,8220,False,1233125376,1233125376
mmdu:72,16,2,0,6116,6114,2352,8466,8482,False,1233125376,1233125376
mmdu:85,1,1,1,34,33,1176,1209,1225,True,616562688,616562688
mmdu:85,2,1,0,502,501,1176,1677,1693,True,616562688,616562688
mmdu:85,3,1,0,934,933,1176,2109,2125,True,616562688,616562688
mmdu:85,4,2,1,1416,1414,2352,3766,3782,True,1233125376,1233125376
mmdu:85,5,2,0,1933,1931,2352,4283,4299,False,1233125376,1233125376
mmdu:85,6,2,0,2458,2456,2352,4808,4824,False,1233125376,1233125376
mmdu:85,7,3,1,3118,3115,3528,6643,6659,False,1849688064,1849688064
mmdu:85,8,3,0,3602,3599,3528,7127,7143,False,1849688064,1849688064
mmdu:85,9,3,0,4137,4134,3528,7662,7678,False,1849688064,1849688064
mmdu:85,10,4,1,4953,4949,4704,9653,9669,False,2466250752,2466250752
mmdu:85,11,4,0,5634,5630,4704,10334,10350,False,2466250752,2466250752
mmdu:85,12,4,0,6205,6201,4704,10905,10921,False,2466250752,2466250752
mmdu:85,13,4,0,6650,6646,4704,11350,11366,False,2466250752,2466250752
mmdu:85,14,4,0,7107,7103,4704,11807,11823,False,2466250752,2466250752
mmdu:85,15,4,0,7556,7552,4704,12256,12272,False,2466250752,2466250752
mmdu:85,16,4,0,7929,7925,4704,12629,12645,False,2466250752,2466250752
mmdu:85,17,4,0,8365,8361,4704,13065,13081,False,2466250752,2466250752
mmdu:85,18,4,0,8790,8786,4704,13490,13506,False,2466250752,2466250752
mmdu:2,1,1,1,28,27,1176,1203,1219,True,616562688,616562688
mmdu:2,2,1,0,663,662,1176,1838,1854,True,616562688,616562688
mmdu:2,3,1,0,1300,1299,1176,2475,2491,True,616562688,616562688
mmdu:2,4,2,1,2158,2156,2352,4508,4524,False,1233125376,1233125376
mmdu:2,5,2,0,2663,2661,2352,5013,5029,False,1233125376,1233125376
mmdu:2,6,2,0,3139,3137,2352,5489,5505,False,1233125376,1233125376
mmdu:2,7,3,1,3765,3762,3528,7290,7306,False,1849688064,1849688064
mmdu:2,8,3,0,4290,4287,3528,7815,7831,False,1849688064,1849688064
mmdu:2,9,3,0,4783,4780,3528,8308,8324,False,1849688064,1849688064
mmdu:2,10,3,0,5629,5626,3528,9154,9170,False,1849688064,1849688064
mmdu:2,11,3,0,6152,6149,3528,9677,9693,False,1849688064,1849688064
mmdu:2,12,3,0,6659,6656,3528,10184,10200,False,1849688064,1849688064
mmdu:2,13,3,0,7185,7182,3528,10710,10726,False,1849688064,1849688064
mmdu:2,14,3,0,7635,7632,3528,11160,11176,False,1849688064,1849688064
mmdu:2,15,3,0,8084,8081,3528,11609,11625,False,1849688064,1849688064
mmdu:2,16,3,0,8445,8442,3528,11970,11986,False,1849688064,1849688064
mmdu:2,17,3,0,8852,8849,3528,12377,12393,False,1849688064,1849688064
mmdu:40,1,1,1,30,29,1176,1205,1221,True,616562688,616562688
mmdu:40,2,1,0,828,827,1176,2003,2019,True,616562688,616562688
mmdu:40,3,2,1,1550,1548,2352,3900,3916,True,1233125376,1233125376
mmdu:40,4,2,0,2023,2021,2352,4373,4389,False,1233125376,1233125376
mmdu:40,5,2,0,2536,2534,2352,4886,4902,False,1233125376,1233125376
mmdu:40,6,3,1,3171,3168,3528,6696,6712,False,1849688064,1849688064
mmdu:40,7,3,0,3620,3617,3528,7145,7161,False,1849688064,1849688064
mmdu:40,8,3,0,4208,4205,3528,7733,7749,False,1849688064,1849688064
mmdu:40,9,4,1,4857,4853,4704,9557,9573,False,2466250752,2466250752
mmdu:40,10,4,0,5366,5362,4704,10066,10082,False,2466250752,2466250752
mmdu:40,11,4,0,5862,5858,4704,10562,10578,False,2466250752,2466250752
mmdu:40,12,5,1,6383,6378,5880,12258,12274,False,3082813440,3082813440
mmdu:40,13,5,0,6806,6801,5880,12681,12697,False,3082813440,3082813440
mmdu:40,14,5,0,7332,7327,5880,13207,13223,False,3082813440,3082813440
mmdu:40,15,5,0,8051,8046,5880,13926,13942,False,3082813440,3082813440
mmdu:40,16,5,0,8703,8698,5880,14578,14594,False,3082813440,3082813440
mmdu:40,17,5,0,9435,9430,5880,15310,15326,False,3082813440,3082813440
mmdu:40,18,5,0,10197,10192,5880,16072,16088,False,3082813440,3082813440
mmdu:32,1,1,1,34,33,1176,1209,1225,True,616562688,616562688
mmdu:32,2,1,0,350,349,1176,1525,1541,True,616562688,616562688
mmdu:32,3,1,0,735,734,1176,1910,1926,True,616562688,616562688
mmdu:32,4,2,1,1086,1084,2352,3436,3452,True,1233125376,1233125376
mmdu:32,5,2,0,1705,1703,2352,4055,4071,True,1233125376,1233125376
mmdu:32,6,2,0,2466,2464,2352,4816,4832,False,1233125376,1233125376
mmdu:32,7,3,1,3320,3317,3528,6845,6861,False,1849688064,1849688064
mmdu:32,8,3,0,3958,3955,3528,7483,7499,False,1849688064,1849688064
mmdu:32,9,3,0,4646,4643,3528,8171,8187,False,1849688064,1849688064
mmdu:32,10,4,1,5462,5458,4704,10162,10178,False,2466250752,2466250752
mmdu:32,11,4,0,6022,6018,4704,10722,10738,False,2466250752,2466250752
mmdu:32,12,4,0,6665,6661,4704,11365,11381,False,2466250752,2466250752
mmdu:32,13,5,1,7272,7267,5880,13147,13163,False,3082813440,3082813440
mmdu:32,14,5,0,8197,8192,5880,14072,14088,False,3082813440,3082813440
mmdu:32,15,5,0,9102,9097,5880,14977,14993,False,3082813440,3082813440
mmdu:32,16,5,0,10171,10166,5880,16046,16062,False,3082813440,3082813440
mmdu:32,17,5,0,10717,10712,5880,16592,16608,False,3082813440,3082813440
mmdu:32,18,5,0,11313,11308,5880,17188,17204,False,3082813440,3082813440
mmdu:32,19,5,0,11816,11811,5880,17691,17707,False,3082813440,3082813440
mmdu:32,20,5,0,12384,12379,5880,18259,18275,False,3082813440,3082813440
mmdu:25,1,1,1,31,30,1176,1206,1222,True,616562688,616562688
mmdu:25,2,2,1,763,761,2352,3113,3129,True,1233125376,1233125376
mmdu:25,3,2,0,1462,1460,2352,3812,3828,True,1233125376,1233125376
mmdu:25,4,2,0,2408,2406,2352,4758,4774,False,1233125376,1233125376
mmdu:25,5,3,1,3197,3194,3528,6722,6738,False,1849688064,1849688064
mmdu:25,6,3,0,3771,3768,3528,7296,7312,False,1849688064,1849688064
mmdu:25,7,3,0,4344,4341,3528,7869,7885,False,1849688064,1849688064
mmdu:25,8,3,0,5049,5046,3528,8574,8590,False,1849688064,1849688064
mmdu:80,1,3,3,58,55,3528,3583,3599,True,1849688064,1849688064
mmdu:80,2,3,0,595,592,3528,4120,4136,False,1849688064,1849688064
mmdu:80,3,3,0,1163,1160,3528,4688,4704,False,1849688064,1849688064
mmdu:80,4,3,0,1814,1811,3528,5339,5355,False,1849688064,1849688064
mmdu:80,5,3,0,2475,2472,3528,6000,6016,False,1849688064,1849688064
mmdu:80,6,3,0,3145,3142,3528,6670,6686,False,1849688064,1849688064
mmdu:80,7,3,0,3802,3799,3528,7327,7343,False,1849688064,1849688064
mmdu:17,1,1,1,29,28,1176,1204,1220,True,616562688,616562688
mmdu:17,2,1,0,434,433,1176,1609,1625,True,616562688,616562688
mmdu:17,3,1,0,987,986,1176,2162,2178,True,616562688,616562688
mmdu:17,4,2,1,1558,1556,2352,3908,3924,True,1233125376,1233125376
mmdu:17,5,2,0,2072,2070,2352,4422,4438,False,1233125376,1233125376
mmdu:17,6,2,0,2594,2592,2352,4944,4960,False,1233125376,1233125376
mmdu:17,7,2,0,3312,3310,2352,5662,5678,False,1233125376,1233125376
mmdu:17,8,2,0,3785,3783,2352,6135,6151,False,1233125376,1233125376
mmdu:17,9,2,0,4160,4158,2352,6510,6526,False,1233125376,1233125376
mmdu:17,10,2,0,4535,4533,2352,6885,6901,False,1233125376,1233125376
mmdu:17,11,2,0,4823,4821,2352,7173,7189,False,1233125376,1233125376
mmdu:17,12,2,0,5134,5132,2352,7484,7500,False,1233125376,1233125376
mmdu:17,13,2,0,5452,5450,2352,7802,7818,False,1233125376,1233125376
mmdu:17,14,2,0,5768,5766,2352,8118,8134,False,1233125376,1233125376
mmdu:17,15,2,0,5984,5982,2352,8334,8350,False,1233125376,1233125376
mmdu:17,16,2,0,6272,6270,2352,8622,8638,False,1233125376,1233125376
mmdu:17,17,2,0,6507,6505,2352,8857,8873,False,1233125376,1233125376
mmdu:17,18,2,0,6747,6745,2352,9097,9113,False,1233125376,1233125376
mmdu:104,1,7,7,124,117,8232,8349,8365,False,4315938816,4315938816
mmdu:104,2,7,0,411,404,8232,8636,8652,False,4315938816,4315938816
mmdu:104,3,7,0,610,603,8232,8835,8851,False,4315938816,4315938816
mmdu:104,4,7,0,840,833,8232,9065,9081,False,4315938816,4315938816
mmdu:104,5,7,0,1069,1062,8232,9294,9310,False,4315938816,4315938816
mmdu:104,6,10,3,1275,1265,11760,13025,13041,False,6165626880,6165626880
mmdu:104,7,10,0,1856,1846,11760,13606,13622,False,6165626880,6165626880
mmdu:104,8,10,0,2385,2375,11760,14135,14151,False,6165626880,6165626880
mmdu:104,9,10,0,2817,2807,11760,14567,14583,False,6165626880,6165626880
mmdu:104,10,10,0,3251,3241,11760,15001,15017,False,6165626880,6165626880
mmdu:104,11,10,0,3693,3683,11760,15443,15459,False,6165626880,6165626880
mmdu:104,12,11,1,4368,4357,12936,17293,17309,False,6782189568,6782189568
mmdu:45,1,1,1,31,30,1176,1206,1222,True,616562688,616562688
mmdu:45,2,1,0,555,554,1176,1730,1746,True,616562688,616562688
mmdu:45,3,1,0,1150,1149,1176,2325,2341,True,616562688,616562688
mmdu:45,4,2,1,1835,1833,2352,4185,4201,False,1233125376,1233125376
mmdu:45,5,2,0,2335,2333,2352,4685,4701,False,1233125376,1233125376
mmdu:45,6,2,0,2886,2884,2352,5236,5252,False,1233125376,1233125376
mmdu:45,7,3,1,3508,3505,3528,7033,7049,False,1849688064,1849688064
mmdu:45,8,3,0,4040,4037,3528,7565,7581,False,1849688064,1849688064
mmdu:45,9,3,0,4771,4768,3528,8296,8312,False,1849688064,1849688064
mmdu:45,10,4,1,5592,5588,4704,10292,10308,False,2466250752,2466250752
mmdu:45,11,4,0,6175,6171,4704,10875,10891,False,2466250752,2466250752
mmdu:45,12,4,0,6839,6835,4704,11539,11555,False,2466250752,2466250752
mmdu:45,13,4,0,7659,7655,4704,12359,12375,False,2466250752,2466250752
mmdu:69,1,2,2,41,39,2352,2391,2407,True,1233125376,1233125376
mmdu:69,2,2,0,244,242,2352,2594,2610,True,1233125376,1233125376
mmdu:69,3,2,0,473,471,2352,2823,2839,True,1233125376,1233125376
mmdu:69,4,2,0,661,659,2352,3011,3027,True,1233125376,1233125376
mmdu:69,5,2,0,824,822,2352,3174,3190,True,1233125376,1233125376
mmdu:69,6,2,0,1007,1005,2352,3357,3373,True,1233125376,1233125376
mmdu:69,7,2,0,1161,1159,2352,3511,3527,True,1233125376,1233125376
mmdu:69,8,2,0,1306,1304,2352,3656,3672,True,1233125376,1233125376
mmdu:107,1,5,5,59,54,5880,5934,5950,False,3082813440,3082813440
mmdu:107,2,8,3,1202,1194,9408,10602,10618,False,4932501504,4932501504
mmdu:107,3,8,0,1592,1584,9408,10992,11008,False,4932501504,4932501504
mmdu:107,4,8,0,1859,1851,9408,11259,11275,False,4932501504,4932501504
mmdu:107,5,9,1,2081,2072,10584,12656,12672,False,5549064192,5549064192
mmdu:107,6,9,0,2343,2334,10584,12918,12934,False,5549064192,5549064192
mmdu:107,7,9,0,2587,2578,10584,13162,13178,False,5549064192,5549064192
mmdu:107,8,9,0,2817,2808,10584,13392,13408,False,5549064192,5549064192
mmdu:107,9,9,0,3051,3042,10584,13626,13642,False,5549064192,5549064192
mmdu:107,10,10,1,3355,3345,11760,15105,15121,False,6165626880,6165626880
mmdu:107,11,11,1,4004,3993,12936,16929,16945,False,6782189568,6782189568
mmdu:109,1,3,3,60,57,3528,3585,3601,True,1849688064,1849688064
mmdu:109,2,10,7,660,650,11760,12410,12426,False,6165626880,6165626880
mmdu:109,3,10,0,1177,1167,11760,12927,12943,False,6165626880,6165626880
mmdu:109,4,10,0,1636,1626,11760,13386,13402,False,6165626880,6165626880
mmdu:109,5,11,1,2131,2120,12936,15056,15072,False,6782189568,6782189568
mmdu:109,6,11,0,2560,2549,12936,15485,15501,False,6782189568,6782189568
mmdu:109,7,13,2,3078,3065,15288,18353,18369,False,8015314944,8015314944
mmdu:109,8,13,0,3570,3557,15288,18845,18861,False,8015314944,8015314944
mmdu:109,9,13,0,3993,3980,15288,19268,19284,False,8015314944,8015314944
mmdu:109,10,13,0,4391,4378,15288,19666,19682,False,8015314944,8015314944
mmdu:109,11,13,0,4842,4829,15288,20117,20133,False,8015314944,8015314944
mmdu:109,12,13,0,5311,5298,15288,20586,20602,False,8015314944,8015314944
mmdu:109,13,13,0,5824,5811,15288,21099,21115,False,8015314944,8015314944
mmdu:109,14,15,2,6294,6279,17640,23919,23935,False,9248440320,9248440320
mmdu:109,15,15,0,6885,6870,17640,24510,24526,False,9248440320,9248440320
mmdu:109,16,16,1,7495,7479,18816,26295,26311,False,9865003008,9865003008
mmdu:109,17,17,1,8210,8193,19992,28185,28201,False,10481565696,10481565696
mmdu:109,18,18,1,8673,8655,21168,29823,29839,False,11098128384,11098128384
mmdu:109,19,20,2,9112,9092,23520,32612,32628,False,12331253760,12331253760
mmdu:62,1,4,4,62,58,4704,4762,4778,False,2466250752,2466250752
mmdu:62,2,4,0,516,512,4704,5216,5232,False,2466250752,2466250752
mmdu:62,3,4,0,917,913,4704,5617,5633,False,2466250752,2466250752
mmdu:62,4,4,0,1363,1359,4704,6063,6079,False,2466250752,2466250752
mmdu:62,5,4,0,1782,1778,4704,6482,6498,False,2466250752,2466250752
mmdu:62,6,4,0,2204,2200,4704,6904,6920,False,2466250752,2466250752
mmdu:62,7,4,0,2621,2617,4704,7321,7337,False,2466250752,2466250752
mmdu:62,8,4,0,2938,2934,4704,7638,7654,False,2466250752,2466250752
mmdu:37,1,1,1,36,35,1176,1211,1227,True,616562688,616562688
mmdu:37,2,1,0,694,693,1176,1869,1885,True,616562688,616562688
mmdu:37,3,1,0,1437,1436,1176,2612,2628,True,616562688,616562688
mmdu:37,4,2,1,2221,2219,2352,4571,4587,False,1233125376,1233125376
mmdu:37,5,3,1,2711,2708,3528,6236,6252,False,1849688064,1849688064
mmdu:37,6,3,0,3279,3276,3528,6804,6820,False,1849688064,1849688064
mmdu:37,7,3,0,3814,3811,3528,7339,7355,False,1849688064,1849688064
mmdu:37,8,4,1,4397,4393,4704,9097,9113,False,2466250752,2466250752
mmdu:37,9,4,0,5053,5049,4704,9753,9769,False,2466250752,2466250752
mmdu:37,10,4,0,5769,5765,4704,10469,10485,False,2466250752,2466250752
mmdu:37,11,5,1,6543,6538,5880,12418,12434,False,3082813440,3082813440
mmdu:37,12,5,0,7157,7152,5880,13032,13048,False,3082813440,3082813440
mmdu:37,13,5,0,7889,7884,5880,13764,13780,False,3082813440,3082813440
mmdu:37,14,5,0,8669,8664,5880,14544,14560,False,3082813440,3082813440
mmdu:37,15,5,0,9321,9316,5880,15196,15212,False,3082813440,3082813440
mmdu:37,16,5,0,9914,9909,5880,15789,15805,False,3082813440,3082813440
mmdu:37,17,5,0,10576,10571,5880,16451,16467,False,3082813440,3082813440
mmdu:37,18,5,0,11104,11099,5880,16979,16995,False,3082813440,3082813440
mmdu:37,19,5,0,11694,11689,5880,17569,17585,False,3082813440,3082813440
mmdu:37,20,5,0,12247,12242,5880,18122,18138,False,3082813440,3082813440
mmdu:37,21,5,0,12855,12850,5880,18730,18746,False,3082813440,3082813440
mmdu:64,1,5,5,68,63,5880,5943,5959,False,3082813440,3082813440
mmdu:64,2,5,0,618,613,5880,6493,6509,False,3082813440,3082813440
mmdu:64,3,5,0,1183,1178,5880,7058,7074,False,3082813440,3082813440
mmdu:64,4,5,0,1883,1878,5880,7758,7774,False,3082813440,3082813440
mmdu:64,5,5,0,2618,2613,5880,8493,8509,False,3082813440,3082813440
mmdu:64,6,5,0,3493,3488,5880,9368,9384,False,3082813440,3082813440
mmdu:64,7,5,0,4303,4298,5880,10178,10194,False,3082813440,3082813440
mmdu:95,1,1,1,42,41,1176,1217,1233,True,616562688,616562688
mmdu:95,2,1,0,675,674,1176,1850,1866,True,616562688,616562688
mmdu:95,3,1,0,1433,1432,1176,2608,2624,True,616562688,616562688
mmdu:95,4,2,1,2242,2240,2352,4592,4608,False,1233125376,1233125376
mmdu:95,5,2,0,2811,2809,2352,5161,5177,False,1233125376,1233125376
mmdu:95,6,2,0,3408,3406,2352,5758,5774,False,1233125376,1233125376
mmdu:95,7,2,0,4104,4102,2352,6454,6470,False,1233125376,1233125376
mmdu:95,8,2,0,4449,4447,2352,6799,6815,False,1233125376,1233125376
mmdu:95,9,2,0,4829,4827,2352,7179,7195,False,1233125376,1233125376
mmdu:95,10,2,0,5138,5136,2352,7488,7504,False,1233125376,1233125376
mmdu:95,11,2,0,5477,5475,2352,7827,7843,False,1233125376,1233125376
mmdu:95,12,2,0,5777,5775,2352,8127,8143,False,1233125376,1233125376
mmdu:95,13,2,0,6021,6019,2352,8371,8387,False,1233125376,1233125376
mmdu:95,14,2,0,6298,6296,2352,8648,8664,False,1233125376,1233125376
mmdu:95,15,2,0,6564,6562,2352,8914,8930,False,1233125376,1233125376
mmdu:33,1,1,1,33,32,1176,1208,1224,True,616562688,616562688
mmdu:33,2,1,0,700,699,1176,1875,1891,True,616562688,616562688
mmdu:33,3,1,0,1530,1529,1176,2705,2721,True,616562688,616562688
mmdu:33,4,2,1,2378,2376,2352,4728,4744,False,1233125376,1233125376
mmdu:33,5,2,0,2715,2713,2352,5065,5081,False,1233125376,1233125376
mmdu:33,6,2,0,3201,3199,2352,5551,5567,False,1233125376,1233125376
mmdu:33,7,3,1,4106,4103,3528,7631,7647,False,1849688064,1849688064
mmdu:33,8,3,0,4586,4583,3528,8111,8127,False,1849688064,1849688064
mmdu:33,9,3,0,5088,5085,3528,8613,8629,False,1849688064,1849688064
mmdu:33,10,4,1,5728,5724,4704,10428,10444,False,2466250752,2466250752
mmdu:33,11,4,0,6221,6217,4704,10921,10937,False,2466250752,2466250752
mmdu:33,12,4,0,6663,6659,4704,11363,11379,False,2466250752,2466250752
mmdu:33,13,4,0,7124,7120,4704,11824,11840,False,2466250752,2466250752
mmdu:33,14,4,0,7541,7537,4704,12241,12257,False,2466250752,2466250752
mmdu:33,15,4,0,7900,7896,4704,12600,12616,False,2466250752,2466250752
mmdu:33,16,4,0,8356,8352,4704,13056,13072,False,2466250752,2466250752
mmdu:33,17,4,0,8876,8872,4704,13576,13592,False,2466250752,2466250752
mmdu:33,18,4,0,9263,9259,4704,13963,13979,False,2466250752,2466250752
mmdu:33,19,4,0,9909,9905,4704,14609,14625,False,2466250752,2466250752
mmdu:33,20,4,0,10372,10368,4704,15072,15088,False,2466250752,2466250752
mmdu:35,1,1,1,39,38,1176,1214,1230,True,616562688,616562688
mmdu:35,2,1,0,663,662,1176,1838,1854,True,616562688,616562688
mmdu:35,3,2,1,1394,1392,2352,3744,3760,True,1233125376,1233125376
mmdu:35,4,2,0,2059,2057,2352,4409,4425,False,1233125376,1233125376
mmdu:35,5,2,0,2678,2676,2352,5028,5044,False,1233125376,1233125376
mmdu:35,6,2,0,3498,3496,2352,5848,5864,False,1233125376,1233125376
mmdu:35,7,2,0,3842,3840,2352,6192,6208,False,1233125376,1233125376
mmdu:35,8,2,0,4221,4219,2352,6571,6587,False,1233125376,1233125376
mmdu:35,9,2,0,4587,4585,2352,6937,6953,False,1233125376,1233125376
mmdu:35,10,2,0,4946,4944,2352,7296,7312,False,1233125376,1233125376
mmdu:35,11,2,0,5348,5346,2352,7698,7714,False,1233125376,1233125376
mmdu:35,12,2,0,5771,5769,2352,8121,8137,False,1233125376,1233125376
mmdu:35,13,2,0,6142,6140,2352,8492,8508,False,1233125376,1233125376
mmdu:35,14,2,0,6490,6488,2352,8840,8856,False,1233125376,1233125376
mmdu:35,15,2,0,6827,6825,2352,9177,9193,False,1233125376,1233125376
mmdu:8,1,1,1,34,33,1176,1209,1225,True,616562688,616562688
mmdu:8,2,1,0,517,516,1176,1692,1708,True,616562688,616562688
mmdu:8,3,1,0,1074,1073,1176,2249,2265,True,616562688,616562688
mmdu:8,4,2,1,1759,1757,2352,4109,4125,False,1233125376,1233125376
mmdu:8,5,2,0,2403,2401,2352,4753,4769,False,1233125376,1233125376
mmdu:8,6,2,0,3088,3086,2352,5438,5454,False,1233125376,1233125376
mmdu:8,7,3,1,3817,3814,3528,7342,7358,False,1849688064,1849688064
mmdu:8,8,3,0,4342,4339,3528,7867,7883,False,1849688064,1849688064
mmdu:8,9,3,0,4825,4822,3528,8350,8366,False,1849688064,1849688064
mmdu:8,10,4,1,5329,5325,4704,10029,10045,False,2466250752,2466250752
mmdu:8,11,4,0,5857,5853,4704,10557,10573,False,2466250752,2466250752
mmdu:8,12,4,0,6389,6385,4704,11089,11105,False,2466250752,2466250752
mmdu:8,13,4,0,7070,7066,4704,11770,11786,False,2466250752,2466250752
mmdu:8,14,4,0,7537,7533,4704,12237,12253,False,2466250752,2466250752
mmdu:8,15,4,0,8021,8017,4704,12721,12737,False,2466250752,2466250752
mmdu:8,16,4,0,8467,8463,4704,13167,13183,False,2466250752,2466250752
mmdu:8,17,4,0,8922,8918,4704,13622,13638,False,2466250752,2466250752
mmdu:8,18,4,0,9436,9432,4704,14136,14152,False,2466250752,2466250752
mmdu:8,19,4,0,9912,9908,4704,14612,14628,False,2466250752,2466250752
mmdu:8,20,4,0,10330,10326,4704,15030,15046,False,2466250752,2466250752
mmdu:36,1,2,2,43,41,2352,2393,2409,True,1233125376,1233125376
mmdu:36,2,2,0,284,282,2352,2634,2650,True,1233125376,1233125376
mmdu:36,3,2,0,536,534,2352,2886,2902,True,1233125376,1233125376
mmdu:36,4,2,0,777,775,2352,3127,3143,True,1233125376,1233125376
mmdu:36,5,2,0,999,997,2352,3349,3365,True,1233125376,1233125376
mmdu:36,6,2,0,1266,1264,2352,3616,3632,True,1233125376,1233125376
mmdu:36,7,2,0,1535,1533,2352,3885,3901,True,1233125376,1233125376
mmdu:36,8,2,0,1804,1802,2352,4154,4170,False,1233125376,1233125376
mmdu:36,9,2,0,2053,2051,2352,4403,4419,False,1233125376,1233125376
mmdu:36,10,2,0,2310,2308,2352,4660,4676,False,1233125376,1233125376
mmdu:10,1,1,1,31,30,1176,1206,1222,True,616562688,616562688
mmdu:10,2,1,0,538,537,1176,1713,1729,True,616562688,616562688
mmdu:10,3,1,0,1027,1026,1176,2202,2218,True,616562688,616562688
mmdu:10,4,2,1,1479,1477,2352,3829,3845,True,1233125376,1233125376
mmdu:10,5,2,0,2098,2096,2352,4448,4464,False,1233125376,1233125376
mmdu:10,6,2,0,2697,2695,2352,5047,5063,False,1233125376,1233125376
mmdu:10,7,2,0,3417,3415,2352,5767,5783,False,1233125376,1233125376
mmdu:10,8,2,0,3835,3833,2352,6185,6201,False,1233125376,1233125376
mmdu:10,9,2,0,4237,4235,2352,6587,6603,False,1233125376,1233125376
mmdu:10,10,2,0,4586,4584,2352,6936,6952,False,1233125376,1233125376
mmdu:10,11,2,0,4963,4961,2352,7313,7329,False,1233125376,1233125376
mmdu:10,12,2,0,5353,5351,2352,7703,7719,False,1233125376,1233125376
mmdu:10,13,2,0,5716,5714,2352,8066,8082,False,1233125376,1233125376
mmdu:10,14,2,0,6061,6059,2352,8411,8427,False,1233125376,1233125376
mmdu:10,15,2,0,6428,6426,2352,8778,8794,False,1233125376,1233125376
mmdu:10,16,2,0,6764,6762,2352,9114,9130,False,1233125376,1233125376
mmdu:28,1,1,1,37,36,1176,1212,1228,True,616562688,616562688
mmdu:28,2,1,0,680,679,1176,1855,1871,True,616562688,616562688
mmdu:28,3,1,0,1460,1459,1176,2635,2651,True,616562688,616562688
mmdu:28,4,2,1,2350,2348,2352,4700,4716,False,1233125376,1233125376
mmdu:28,5,2,0,3055,3053,2352,5405,5421,False,1233125376,1233125376
mmdu:28,6,2,0,4040,4038,2352,6390,6406,False,1233125376,1233125376
mmdu:28,7,3,1,4884,4881,3528,8409,8425,False,1849688064,1849688064
mmdu:28,8,3,0,5328,5325,3528,8853,8869,False,1849688064,1849688064
mmdu:28,9,3,0,5704,5701,3528,9229,9245,False,1849688064,1849688064
mmdu:28,10,4,1,6285,6281,4704,10985,11001,False,2466250752,2466250752
mmdu:28,11,4,0,6905,6901,4704,11605,11621,False,2466250752,2466250752
mmdu:28,12,4,0,7710,7706,4704,12410,12426,False,2466250752,2466250752
mmdu:28,13,5,1,8451,8446,5880,14326,14342,False,3082813440,3082813440
mmdu:28,14,5,0,9002,8997,5880,14877,14893,False,3082813440,3082813440
mmdu:28,15,5,0,9762,9757,5880,15637,15653,False,3082813440,3082813440
mmdu:28,16,5,0,10633,10628,5880,16508,16524,False,3082813440,3082813440
mmdu:28,17,5,0,11504,11499,5880,17379,17395,False,3082813440,3082813440
mmdu:28,18,5,0,12521,12516,5880,18396,18412,False,3082813440,3082813440
mmdu:28,19,5,0,13591,13586,5880,19466,19482,False,3082813440,3082813440
mmdu:28,20,5,0,14705,14700,5880,20580,20596,False,3082813440,3082813440
mmdu:102,1,9,9,138,129,10584,10713,10729,False,5549064192,5549064192
mmdu:102,2,9,0,856,847,10584,11431,11447,False,5549064192,5549064192
mmdu:102,3,9,0,1247,1238,10584,11822,11838,False,5549064192,5549064192
mmdu:102,4,9,0,1777,1768,10584,12352,12368,False,5549064192,5549064192
mmdu:102,5,9,0,2240,2231,10584,12815,12831,False,5549064192,5549064192
mmdu:102,6,9,0,2812,2803,10584,13387,13403,False,5549064192,5549064192
mmdu:102,7,9,0,3232,3223,10584,13807,13823,False,5549064192,5549064192
mmdu:102,8,9,0,3565,3556,10584,14140,14156,False,5549064192,5549064192
mmdu:102,9,9,0,4055,4046,10584,14630,14646,False,5549064192,5549064192
mmdu:102,10,9,0,4593,4584,10584,15168,15184,False,5549064192,5549064192
mmdu:102,11,9,0,5075,5066,10584,15650,15666,False,5549064192,5549064192
mmdu:11,1,1,1,31,30,1176,1206,1222,True,616562688,616562688
mmdu:11,2,1,0,711,710,1176,1886,1902,True,616562688,616562688
mmdu:11,3,1,0,1356,1355,1176,2531,2547,True,616562688,616562688
mmdu:11,4,2,1,2178,2176,2352,4528,4544,False,1233125376,1233125376
mmdu:11,5,2,0,2664,2662,2352,5014,5030,False,1233125376,1233125376
mmdu:11,6,2,0,3244,3242,2352,5594,5610,False,1233125376,1233125376
mmdu:11,7,2,0,3958,3956,2352,6308,6324,False,1233125376,1233125376
mmdu:11,8,2,0,4342,4340,2352,6692,6708,False,1233125376,1233125376
mmdu:11,9,2,0,4702,4700,2352,7052,7068,False,1233125376,1233125376
mmdu:11,10,2,0,5017,5015,2352,7367,7383,False,1233125376,1233125376
mmdu:11,11,2,0,5304,5302,2352,7654,7670,False,1233125376,1233125376
mmdu:11,12,2,0,5580,5578,2352,7930,7946,False,1233125376,1233125376
mmdu:11,13,2,0,5897,5895,2352,8247,8263,False,1233125376,1233125376
mmdu:11,14,2,0,6144,6142,2352,8494,8510,False,1233125376,1233125376
mmdu:11,15,2,0,6427,6425,2352,8777,8793,False,1233125376,1233125376
mmdu:11,16,2,0,6706,6704,2352,9056,9072,False,1233125376,1233125376
mmdu:34,1,2,2,44,42,2352,2394,2410,True,1233125376,1233125376
mmdu:34,2,2,0,509,507,2352,2859,2875,True,1233125376,1233125376
mmdu:34,3,2,0,891,889,2352,3241,3257,True,1233125376,1233125376
mmdu:34,4,2,0,1309,1307,2352,3659,3675,True,1233125376,1233125376
mmdu:34,5,2,0,1665,1663,2352,4015,4031,True,1233125376,1233125376
mmdu:34,6,2,0,2070,2068,2352,4420,4436,False,1233125376,1233125376
mmdu:34,7,2,0,2439,2437,2352,4789,4805,False,1233125376,1233125376
mmdu:34,8,2,0,2799,2797,2352,5149,5165,False,1233125376,1233125376
mmdu:34,9,2,0,3176,3174,2352,5526,5542,False,1233125376,1233125376
mmdu:34,10,2,0,3403,3401,2352,5753,5769,False,1233125376,1233125376
mmdu:67,1,1,1,35,34,1176,1210,1226,True,616562688,616562688
mmdu:67,2,1,0,410,409,1176,1585,1601,True,616562688,616562688
mmdu:67,3,1,0,897,896,1176,2072,2088,True,616562688,616562688
mmdu:67,4,2,1,1479,1477,2352,3829,3845,True,1233125376,1233125376
mmdu:67,5,2,0,2125,2123,2352,4475,4491,False,1233125376,1233125376
mmdu:67,6,2,0,2909,2907,2352,5259,5275,False,1233125376,1233125376
mmdu:67,7,2,0,3314,3312,2352,5664,5680,False,1233125376,1233125376
mmdu:67,8,2,0,3711,3709,2352,6061,6077,False,1233125376,1233125376
mmdu:67,9,2,0,4094,4092,2352,6444,6460,False,1233125376,1233125376
mmdu:67,10,2,0,4472,4470,2352,6822,6838,False,1233125376,1233125376
mmdu:67,11,2,0,4829,4827,2352,7179,7195,False,1233125376,1233125376
mmdu:67,12,2,0,5219,5217,2352,7569,7585,False,1233125376,1233125376
mmdu:67,13,2,0,5558,5556,2352,7908,7924,False,1233125376,1233125376
mmdu:67,14,2,0,5984,5982,2352,8334,8350,False,1233125376,1233125376
mmdu:67,15,2,0,6373,6371,2352,8723,8739,False,1233125376,1233125376
mmdu:61,1,1,1,47,46,1176,1222,1238,True,616562688,616562688
mmdu:61,2,1,0,590,589,1176,1765,1781,True,616562688,616562688
mmdu:61,3,1,0,1245,1244,1176,2420,2436,True,616562688,616562688
mmdu:61,4,2,1,2116,2114,2352,4466,4482,False,1233125376,1233125376
mmdu:61,5,2,0,2638,2636,2352,4988,5004,False,1233125376,1233125376
mmdu:61,6,2,0,3100,3098,2352,5450,5466,False,1233125376,1233125376
mmdu:61,7,2,0,3660,3658,2352,6010,6026,False,1233125376,1233125376
mmdu:61,8,2,0,4005,4003,2352,6355,6371,False,1233125376,1233125376
mmdu:61,9,2,0,4225,4223,2352,6575,6591,False,1233125376,1233125376
mmdu:61,10,2,0,4407,4405,2352,6757,6773,False,1233125376,1233125376
mmdu:61,11,2,0,4580,4578,2352,6930,6946,False,1233125376,1233125376
mmdu:61,12,2,0,4765,4763,2352,7115,7131,False,1233125376,1233125376
mmdu:61,13,2,0,4914,4912,2352,7264,7280,False,1233125376,1233125376
mmdu:61,14,2,0,5065,5063,2352,7415,7431,False,1233125376,1233125376
mmdu:61,15,2,0,5229,5227,2352,7579,7595,False,1233125376,1233125376
mmdu:61,16,2,0,5351,5349,2352,7701,7717,False,1233125376,1233125376
mmdu:78,1,1,1,36,35,1176,1211,1227,True,616562688,616562688
mmdu:78,2,1,0,699,698,1176,1874,1890,True,616562688,616562688
mmdu:78,3,1,0,1557,1556,1176,2732,2748,True,616562688,616562688
mmdu:78,4,2,1,2460,2458,2352,4810,4826,False,1233125376,1233125376
mmdu:78,5,2,0,2931,2929,2352,5281,5297,False,1233125376,1233125376
mmdu:78,6,2,0,3529,3527,2352,5879,5895,False,1233125376,1233125376
mmdu:78,7,2,0,4258,4256,2352,6608,6624,False,1233125376,1233125376
mmdu:78,8,2,0,4545,4543,2352,6895,6911,False,1233125376,1233125376
mmdu:78,9,2,0,4843,4841,2352,7193,7209,False,1233125376,1233125376
mmdu:78,10,2,0,5134,5132,2352,7484,7500,False,1233125376,1233125376
mmdu:78,11,2,0,5405,5403,2352,7755,7771,False,1233125376,1233125376
mmdu:78,12,2,0,5697,5695,2352,8047,8063,False,1233125376,1233125376
mmdu:78,13,2,0,6010,6008,2352,8360,8376,False,1233125376,1233125376
mmdu:78,14,2,0,6290,6288,2352,8640,8656,False,1233125376,1233125376
mmdu:78,15,2,0,6552,6550,2352,8902,8918,False,1233125376,1233125376
mmdu:78,16,2,0,6846,6844,2352,9196,9212,False,1233125376,1233125376
mmdu:78,17,2,0,7106,7104,2352,9456,9472,False,1233125376,1233125376
mmdu:78,18,2,0,7394,7392,2352,9744,9760,False,1233125376,1233125376
mmdu:78,19,2,0,7672,7670,2352,10022,10038,False,1233125376,1233125376
mmdu:78,20,2,0,7960,7958,2352,10310,10326,False,1233125376,1233125376
mmdu:103,1,5,5,93,88,5880,5968,5984,False,3082813440,3082813440
mmdu:103,2,6,1,734,728,7056,7784,7800,False,3699376128,3699376128
mmdu:103,3,6,0,1129,1123,7056,8179,8195,False,3699376128,3699376128
mmdu:103,4,6,0,1438,1432,7056,8488,8504,False,3699376128,3699376128
mmdu:103,5,10,4,1773,1763,11760,13523,13539,False,6165626880,6165626880
mmdu:103,6,10,0,2113,2103,11760,13863,13879,False,6165626880,6165626880
mmdu:103,7,10,0,2433,2423,11760,14183,14199,False,6165626880,6165626880
mmdu:103,8,10,0,2704,2694,11760,14454,14470,False,6165626880,6165626880
mmdu:103,9,10,0,2988,2978,11760,14738,14754,False,6165626880,6165626880
mmdu:103,10,10,0,3555,3545,11760,15305,15321,False,6165626880,6165626880
mmdu:103,11,10,0,3820,3810,11760,15570,15586,False,6165626880,6165626880
mmdu:103,12,10,0,4015,4005,11760,15765,15781,False,6165626880,6165626880
mmdu:103,13,10,0,4407,4397,11760,16157,16173,False,6165626880,6165626880
mmdu:103,14,10,0,4651,4641,11760,16401,16417,False,6165626880,6165626880
mmdu:103,15,10,0,5029,5019,11760,16779,16795,False,6165626880,6165626880
mmdu:103,16,10,0,5335,5325,11760,17085,17101,False,6165626880,6165626880
mmdu:103,17,10,0,5601,5591,11760,17351,17367,False,6165626880,6165626880
mmdu:103,18,10,0,5840,5830,11760,17590,17606,False,6165626880,6165626880
mmdu:103,19,10,0,6251,6241,11760,18001,18017,False,6165626880,6165626880
mmdu:103,20,10,0,7087,7077,11760,18837,18853,False,6165626880,6165626880
mmdu:103,21,10,0,7302,7292,11760,19052,19068,False,6165626880,6165626880
mmdu:103,22,10,0,7528,7518,11760,19278,19294,False,6165626880,6165626880
mmdu:103,23,10,0,7732,7722,11760,19482,19498,False,6165626880,6165626880
mmdu:103,24,10,0,7953,7943,11760,19703,19719,False,6165626880,6165626880
mmdu:103,25,10,0,8171,8161,11760,19921,19937,False,6165626880,6165626880
mmdu:103,26,10,0,8411,8401,11760,20161,20177,False,6165626880,6165626880
mmdu:103,27,10,0,8669,8659,11760,20419,20435,False,6165626880,6165626880
mmdu:73,1,4,4,64,60,4704,4764,4780,False,2466250752,2466250752
mmdu:73,2,4,0,752,748,4704,5452,5468,False,2466250752,2466250752
mmdu:73,3,4,0,1483,1479,4704,6183,6199,False,2466250752,2466250752
mmdu:73,4,4,0,2249,2245,4704,6949,6965,False,2466250752,2466250752
mmdu:73,5,4,0,2993,2989,4704,7693,7709,False,2466250752,2466250752
mmdu:73,6,4,0,3786,3782,4704,8486,8502,False,2466250752,2466250752
mmdu:73,7,4,0,4566,4562,4704,9266,9282,False,2466250752,2466250752
mmdu:21,1,1,1,32,31,1176,1207,1223,True,616562688,616562688
mmdu:21,2,1,0,474,473,1176,1649,1665,True,616562688,616562688
mmdu:21,3,1,0,915,914,1176,2090,2106,True,616562688,616562688
mmdu:21,4,2,1,1499,1497,2352,3849,3865,True,1233125376,1233125376
mmdu:21,5,2,0,2025,2023,2352,4375,4391,False,1233125376,1233125376
mmdu:21,6,2,0,2642,2640,2352,4992,5008,False,1233125376,1233125376
mmdu:21,7,2,0,3488,3486,2352,5838,5854,False,1233125376,1233125376
mmdu:21,8,2,0,3799,3797,2352,6149,6165,False,1233125376,1233125376
mmdu:21,9,2,0,4068,4066,2352,6418,6434,False,1233125376,1233125376
mmdu:21,10,2,0,4346,4344,2352,6696,6712,False,1233125376,1233125376
mmdu:21,11,2,0,4624,4622,2352,6974,6990,False,1233125376,1233125376
mmdu:21,12,2,0,4927,4925,2352,7277,7293,False,1233125376,1233125376
mmdu:21,13,2,0,5191,5189,2352,7541,7557,False,1233125376,1233125376
mmdu:21,14,2,0,5478,5476,2352,7828,7844,False,1233125376,1233125376
mmdu:21,15,2,0,5725,5723,2352,8075,8091,False,1233125376,1233125376
mmdu:21,16,2,0,5987,5985,2352,8337,8353,False,1233125376,1233125376
mmdu:3,1,1,1,29,28,1176,1204,1220,True,616562688,616562688
mmdu:3,2,1,0,551,550,1176,1726,1742,True,616562688,616562688
mmdu:3,3,1,0,1141,1140,1176,2316,2332,True,616562688,616562688
mmdu:3,4,2,1,1849,1847,2352,4199,4215,False,1233125376,1233125376
mmdu:3,5,2,0,2331,2329,2352,4681,4697,False,1233125376,1233125376
mmdu:3,6,2,0,2867,2865,2352,5217,5233,False,1233125376,1233125376
mmdu:3,7,3,1,3568,3565,3528,7093,7109,False,1849688064,1849688064
mmdu:3,8,3,0,4256,4253,3528,7781,7797,False,1849688064,1849688064
mmdu:3,9,3,0,5045,5042,3528,8570,8586,False,1849688064,1849688064
mmdu:3,10,4,1,5901,5897,4704,10601,10617,False,2466250752,2466250752
mmdu:3,11,4,0,6521,6517,4704,11221,11237,False,2466250752,2466250752
mmdu:3,12,4,0,7059,7055,4704,11759,11775,False,2466250752,2466250752
mmdu:3,13,4,0,7707,7703,4704,12407,12423,False,2466250752,2466250752
mmdu:3,14,4,0,8352,8348,4704,13052,13068,False,2466250752,2466250752
mmdu:3,15,4,0,9046,9042,4704,13746,13762,False,2466250752,2466250752
mmdu:3,16,4,0,9745,9741,4704,14445,14461,False,2466250752,2466250752
mmdu:3,17,4,0,10432,10428,4704,15132,15148,False,2466250752,2466250752
mmdu:3,18,4,0,11116,11112,4704,15816,15832,False,2466250752,2466250752
mmdu:3,19,4,0,11742,11738,4704,16442,16458,False,2466250752,2466250752
mmdu:3,20,4,0,12342,12338,4704,17042,17058,False,2466250752,2466250752
mmdu:48,1,1,1,35,34,1176,1210,1226,True,616562688,616562688
mmdu:48,2,1,0,562,561,1176,1737,1753,True,616562688,616562688
mmdu:48,3,1,0,1122,1121,1176,2297,2313,True,616562688,616562688
mmdu:48,4,2,1,1847,1845,2352,4197,4213,False,1233125376,1233125376
mmdu:48,5,2,0,2511,2509,2352,4861,4877,False,1233125376,1233125376
mmdu:48,6,2,0,3137,3135,2352,5487,5503,False,1233125376,1233125376
mmdu:48,7,3,1,3999,3996,3528,7524,7540,False,1849688064,1849688064
mmdu:48,8,3,0,4516,4513,3528,8041,8057,False,1849688064,1849688064
mmdu:48,9,3,0,5087,5084,3528,8612,8628,False,1849688064,1849688064
mmdu:48,10,3,0,5724,5721,3528,9249,9265,False,1849688064,1849688064
mmdu:48,11,3,0,6154,6151,3528,9679,9695,False,1849688064,1849688064
mmdu:48,12,3,0,6566,6563,3528,10091,10107,False,1849688064,1849688064
mmdu:48,13,3,0,6992,6989,3528,10517,10533,False,1849688064,1849688064
mmdu:48,14,3,0,7435,7432,3528,10960,10976,False,1849688064,1849688064
mmdu:48,15,3,0,7900,7897,3528,11425,11441,False,1849688064,1849688064
mmdu:48,16,3,0,8249,8246,3528,11774,11790,False,1849688064,1849688064
mmdu:48,17,3,0,8716,8713,3528,12241,12257,False,1849688064,1849688064
mmdu:48,18,3,0,9087,9084,3528,12612,12628,False,1849688064,1849688064
mmdu:48,19,3,0,9450,9447,3528,12975,12991,False,1849688064,1849688064
mmdu:97,1,1,1,35,34,1176,1210,1226,True,616562688,616562688
mmdu:97,2,1,0,435,434,1176,1610,1626,True,616562688,616562688
mmdu:97,3,1,0,898,897,1176,2073,2089,True,616562688,616562688
mmdu:97,4,2,1,1578,1576,2352,3928,3944,True,1233125376,1233125376
mmdu:97,5,2,0,2204,2202,2352,4554,4570,False,1233125376,1233125376
mmdu:97,6,2,0,2870,2868,2352,5220,5236,False,1233125376,1233125376
mmdu:97,7,2,0,3575,3573,2352,5925,5941,False,1233125376,1233125376
mmdu:97,8,2,0,3819,3817,2352,6169,6185,False,1233125376,1233125376
mmdu:97,9,2,0,4087,4085,2352,6437,6453,False,1233125376,1233125376
mmdu:97,10,2,0,4366,4364,2352,6716,6732,False,1233125376,1233125376
mmdu:97,11,2,0,4579,4577,2352,6929,6945,False,1233125376,1233125376
mmdu:97,12,2,0,4843,4841,2352,7193,7209,False,1233125376,1233125376
mmdu:97,13,2,0,5107,5105,2352,7457,7473,False,1233125376,1233125376
mmdu:97,14,2,0,5344,5342,2352,7694,7710,False,1233125376,1233125376
mmdu:97,15,2,0,5579,5577,2352,7929,7945,False,1233125376,1233125376
mmdu:97,16,2,0,5829,5827,2352,8179,8195,False,1233125376,1233125376
mmdu:106,1,10,10,138,128,11760,11888,11904,False,6165626880,6165626880
mmdu:106,2,10,0,657,647,11760,12407,12423,False,6165626880,6165626880
mmdu:106,3,10,0,1011,1001,11760,12761,12777,False,6165626880,6165626880
mmdu:106,4,10,0,1392,1382,11760,13142,13158,False,6165626880,6165626880
mmdu:106,5,10,0,1754,1744,11760,13504,13520,False,6165626880,6165626880
mmdu:106,6,10,0,2130,2120,11760,13880,13896,False,6165626880,6165626880
mmdu:106,7,10,0,2522,2512,11760,14272,14288,False,6165626880,6165626880
mmdu:106,8,10,0,2864,2854,11760,14614,14630,False,6165626880,6165626880
mmdu:106,9,10,0,3260,3250,11760,15010,15026,False,6165626880,6165626880
mmdu:106,10,10,0,3627,3617,11760,15377,15393,False,6165626880,6165626880
mmdu:106,11,10,0,4056,4046,11760,15806,15822,False,6165626880,6165626880
mmdu:75,1,1,1,31,30,1176,1206,1222,True,616562688,616562688
mmdu:75,2,1,0,627,626,1176,1802,1818,True,616562688,616562688
mmdu:75,3,1,0,1188,1187,1176,2363,2379,True,616562688,616562688
mmdu:75,4,2,1,1924,1922,2352,4274,4290,False,1233125376,1233125376
mmdu:75,5,2,0,2407,2405,2352,4757,4773,False,1233125376,1233125376
mmdu:75,6,2,0,2849,2847,2352,5199,5215,False,1233125376,1233125376
mmdu:75,7,2,0,3366,3364,2352,5716,5732,False,1233125376,1233125376
mmdu:75,8,2,0,3928,3926,2352,6278,6294,False,1233125376,1233125376
mmdu:75,9,2,0,4357,4355,2352,6707,6723,False,1233125376,1233125376
mmdu:75,10,2,0,4892,4890,2352,7242,7258,False,1233125376,1233125376
mmdu:75,11,2,0,5350,5348,2352,7700,7716,False,1233125376,1233125376
mmdu:75,12,2,0,5933,5931,2352,8283,8299,False,1233125376,1233125376
mmdu:75,13,2,0,6418,6416,2352,8768,8784,False,1233125376,1233125376
mmdu:75,14,2,0,6947,6945,2352,9297,9313,False,1233125376,1233125376
mmdu:75,15,2,0,7473,7471,2352,9823,9839,False,1233125376,1233125376
mmdu:89,1,2,2,43,41,2352,2393,2409,True,1233125376,1233125376
mmdu:89,2,2,0,519,517,2352,2869,2885,True,1233125376,1233125376
mmdu:89,3,2,0,984,982,2352,3334,3350,True,1233125376,1233125376
mmdu:89,4,2,0,1539,1537,2352,3889,3905,True,1233125376,1233125376
mmdu:89,5,2,0,2146,2144,2352,4496,4512,False,1233125376,1233125376
mmdu:89,6,2,0,2883,2881,2352,5233,5249,False,1233125376,1233125376
mmdu:89,7,2,0,3604,3602,2352,5954,5970,False,1233125376,1233125376
mmdu:89,8,2,0,4279,4277,2352,6629,6645,False,1233125376,1233125376
mmdu:43,1,1,1,40,39,1176,1215,1231,True,616562688,616562688
mmdu:43,2,1,0,498,497,1176,1673,1689,True,616562688,616562688
mmdu:43,3,1,0,993,992,1176,2168,2184,True,616562688,616562688
mmdu:43,4,2,1,1609,1607,2352,3959,3975,True,1233125376,1233125376
mmdu:43,5,2,0,2104,2102,2352,4454,4470,False,1233125376,1233125376
mmdu:43,6,2,0,2709,2707,2352,5059,5075,False,1233125376,1233125376
mmdu:43,7,2,0,3425,3423,2352,5775,5791,False,1233125376,1233125376
mmdu:43,8,2,0,3816,3814,2352,6166,6182,False,1233125376,1233125376
mmdu:43,9,2,0,4248,4246,2352,6598,6614,False,1233125376,1233125376
mmdu:43,10,2,0,4700,4698,2352,7050,7066,False,1233125376,1233125376
mmdu:43,11,2,0,5129,5127,2352,7479,7495,False,1233125376,1233125376
mmdu:43,12,2,0,5654,5652,2352,8004,8020,False,1233125376,1233125376
mmdu:43,13,2,0,6175,6173,2352,8525,8541,False,1233125376,1233125376
mmdu:43,14,2,0,6649,6647,2352,8999,9015,False,1233125376,1233125376
mmdu:43,15,2,0,7133,7131,2352,9483,9499,False,1233125376,1233125376
mmdu:43,16,2,0,7549,7547,2352,9899,9915,False,1233125376,1233125376
mmdu:108,1,8,8,100,92,9408,9500,9516,False,4932501504,4932501504
mmdu:108,2,8,0,897,889,9408,10297,10313,False,4932501504,4932501504
mmdu:108,3,9,1,1453,1444,10584,12028,12044,False,5549064192,5549064192
mmdu:108,4,9,0,2182,2173,10584,12757,12773,False,5549064192,5549064192
mmdu:108,5,10,1,2855,2845,11760,14605,14621,False,6165626880,6165626880
mmdu:108,6,10,0,3256,3246,11760,15006,15022,False,6165626880,6165626880
mmdu:108,7,10,0,3650,3640,11760,15400,15416,False,6165626880,6165626880
mmdu:108,8,10,0,4030,4020,11760,15780,15796,False,6165626880,6165626880
mmdu:108,9,10,0,4447,4437,11760,16197,16213,False,6165626880,6165626880
mmdu:108,10,10,0,4934,4924,11760,16684,16700,False,6165626880,6165626880
mmdu:108,11,10,0,5407,5397,11760,17157,17173,False,6165626880,6165626880
mmdu:108,12,10,0,5854,5844,11760,17604,17620,False,6165626880,6165626880
mmdu:108,13,14,4,6410,6396,16464,22860,22876,False,8631877632,8631877632
mmdu:108,14,14,0,6720,6706,16464,23170,23186,False,8631877632,8631877632
mmdu:108,15,15,1,7041,7026,17640,24666,24682,False,9248440320,9248440320
mmdu:108,16,16,1,7573,7557,18816,26373,26389,False,9865003008,9865003008
mmdu:108,17,18,2,8016,7998,21168,29166,29182,False,11098128384,11098128384
mmdu:71,1,1,1,36,35,1176,1211,1227,True,616562688,616562688
mmdu:71,2,1,0,717,716,1176,1892,1908,True,616562688,616562688
mmdu:71,3,1,0,1440,1439,1176,2615,2631,True,616562688,616562688
mmdu:71,4,2,1,2295,2293,2352,4645,4661,False,1233125376,1233125376
mmdu:71,5,2,0,2755,2753,2352,5105,5121,False,1233125376,1233125376
mmdu:71,6,2,0,3262,3260,2352,5612,5628,False,1233125376,1233125376
mmdu:71,7,2,0,3872,3870,2352,6222,6238,False,1233125376,1233125376
mmdu:71,8,2,0,4244,4242,2352,6594,6610,False,1233125376,1233125376
mmdu:71,9,2,0,4550,4548,2352,6900,6916,False,1233125376,1233125376
mmdu:71,10,2,0,4848,4846,2352,7198,7214,False,1233125376,1233125376
mmdu:71,11,2,0,5159,5157,2352,7509,7525,False,1233125376,1233125376
mmdu:71,12,2,0,5447,5445,2352,7797,7813,False,1233125376,1233125376
mmdu:71,13,2,0,5708,5706,2352,8058,8074,False,1233125376,1233125376
mmdu:71,14,2,0,5965,5963,2352,8315,8331,False,1233125376,1233125376
mmdu:71,15,2,0,6216,6214,2352,8566,8582,False,1233125376,1233125376
mmdu:0,1,3,3,45,42,3528,3570,3586,True,1849688064,1849688064
mmdu:0,2,3,0,437,434,3528,3962,3978,True,1849688064,1849688064
mmdu:0,3,3,0,766,763,3528,4291,4307,False,1849688064,1849688064
mmdu:0,4,4,1,1210,1206,4704,5910,5926,False,2466250752,2466250752
mmdu:0,5,4,0,1636,1632,4704,6336,6352,False,2466250752,2466250752
mmdu:0,6,4,0,2214,2210,4704,6914,6930,False,2466250752,2466250752
mmdu:0,7,5,1,2963,2958,5880,8838,8854,False,3082813440,3082813440
mmdu:0,8,5,0,3715,3710,5880,9590,9606,False,3082813440,3082813440
mmdu:0,9,5,0,4097,4092,5880,9972,9988,False,3082813440,3082813440
mmdu:0,10,5,0,4492,4487,5880,10367,10383,False,3082813440,3082813440
mmdu:0,11,5,0,4868,4863,5880,10743,10759,False,3082813440,3082813440
mmdu:0,12,5,0,5158,5153,5880,11033,11049,False,3082813440,3082813440
mmdu:84,1,2,2,41,39,2352,2391,2407,True,1233125376,1233125376
mmdu:84,2,2,0,232,230,2352,2582,2598,True,1233125376,1233125376
mmdu:84,3,2,0,443,441,2352,2793,2809,True,1233125376,1233125376
mmdu:84,4,2,0,645,643,2352,2995,3011,True,1233125376,1233125376
mmdu:84,5,2,0,837,835,2352,3187,3203,True,1233125376,1233125376
mmdu:84,6,2,0,1056,1054,2352,3406,3422,True,1233125376,1233125376
mmdu:84,7,2,0,1269,1267,2352,3619,3635,True,1233125376,1233125376
mmdu:84,8,2,0,1447,1445,2352,3797,3813,True,1233125376,1233125376
mmdu:84,9,2,0,1633,1631,2352,3983,3999,True,1233125376,1233125376
mmdu:84,10,2,0,1806,1804,2352,4156,4172,False,1233125376,1233125376
mmdu:13,1,1,1,38,37,1176,1213,1229,True,616562688,616562688
mmdu:13,2,1,0,736,735,1176,1911,1927,True,616562688,616562688
mmdu:13,3,1,0,1371,1370,1176,2546,2562,True,616562688,616562688
mmdu:13,4,2,1,2301,2299,2352,4651,4667,False,1233125376,1233125376
mmdu:13,5,2,0,2842,2840,2352,5192,5208,False,1233125376,1233125376
mmdu:13,6,2,0,3560,3558,2352,5910,5926,False,1233125376,1233125376
mmdu:13,7,3,1,4308,4305,3528,7833,7849,False,1849688064,1849688064
mmdu:13,8,3,0,4808,4805,3528,8333,8349,False,1849688064,1849688064
mmdu:13,9,3,0,5356,5353,3528,8881,8897,False,1849688064,1849688064
mmdu:13,10,4,1,6149,6145,4704,10849,10865,False,2466250752,2466250752
mmdu:13,11,4,0,6701,6697,4704,11401,11417,False,2466250752,2466250752
mmdu:13,12,4,0,7378,7374,4704,12078,12094,False,2466250752,2466250752
mmdu:13,13,4,0,8078,8074,4704,12778,12794,False,2466250752,2466250752
mmdu:13,14,4,0,8770,8766,4704,13470,13486,False,2466250752,2466250752
mmdu:13,15,4,0,9511,9507,4704,14211,14227,False,2466250752,2466250752
mmdu:13,16,4,0,10329,10325,4704,15029,15045,False,2466250752,2466250752
mmdu:13,17,4,0,11104,11100,4704,15804,15820,False,2466250752,2466250752
mmdu:13,18,4,0,11972,11968,4704,16672,16688,False,2466250752,2466250752
mmdu:51,1,1,1,28,27,1176,1203,1219,True,616562688,616562688
mmdu:51,2,1,0,521,520,1176,1696,1712,True,616562688,616562688
mmdu:51,3,1,0,1055,1054,1176,2230,2246,True,616562688,616562688
mmdu:51,4,2,1,1892,1890,2352,4242,4258,False,1233125376,1233125376
mmdu:51,5,2,0,2386,2384,2352,4736,4752,False,1233125376,1233125376
mmdu:51,6,2,0,2888,2886,2352,5238,5254,False,1233125376,1233125376
mmdu:51,7,2,0,3401,3399,2352,5751,5767,False,1233125376,1233125376
mmdu:51,8,2,0,3645,3643,2352,5995,6011,False,1233125376,1233125376
mmdu:51,9,2,0,3880,3878,2352,6230,6246,False,1233125376,1233125376
mmdu:51,10,2,0,4151,4149,2352,6501,6517,False,1233125376,1233125376
mmdu:51,11,2,0,4385,4383,2352,6735,6751,False,1233125376,1233125376
mmdu:51,12,2,0,4586,4584,2352,6936,6952,False,1233125376,1233125376
mmdu:51,13,2,0,4828,4826,2352,7178,7194,False,1233125376,1233125376
mmdu:51,14,2,0,5056,5054,2352,7406,7422,False,1233125376,1233125376
mmdu:51,15,2,0,5307,5305,2352,7657,7673,False,1233125376,1233125376
mmdu:51,16,2,0,5556,5554,2352,7906,7922,False,1233125376,1233125376
mmdu:14,1,1,1,32,31,1176,1207,1223,True,616562688,616562688
mmdu:14,2,1,0,624,623,1176,1799,1815,True,616562688,616562688
mmdu:14,3,1,0,1293,1292,1176,2468,2484,True,616562688,616562688
mmdu:14,4,2,1,2014,2012,2352,4364,4380,False,1233125376,1233125376
mmdu:14,5,2,0,2430,2428,2352,4780,4796,False,1233125376,1233125376
mmdu:14,6,2,0,2873,2871,2352,5223,5239,False,1233125376,1233125376
mmdu:14,7,2,0,3265,3263,2352,5615,5631,False,1233125376,1233125376
mmdu:14,8,2,0,3642,3640,2352,5992,6008,False,1233125376,1233125376
mmdu:14,9,2,0,4047,4045,2352,6397,6413,False,1233125376,1233125376
mmdu:14,10,2,0,4524,4522,2352,6874,6890,False,1233125376,1233125376
mmdu:14,11,2,0,4993,4991,2352,7343,7359,False,1233125376,1233125376
mmdu:14,12,2,0,5414,5412,2352,7764,7780,False,1233125376,1233125376
mmdu:14,13,2,0,5862,5860,2352,8212,8228,False,1233125376,1233125376
mmdu:16,1,1,1,45,44,1176,1220,1236,True,616562688,616562688
mmdu:16,2,1,0,481,480,1176,1656,1672,True,616562688,616562688
mmdu:16,3,1,0,953,952,1176,2128,2144,True,616562688,616562688
mmdu:16,4,2,1,1635,1633,2352,3985,4001,True,1233125376,1233125376
mmdu:16,5,2,0,2313,2311,2352,4663,4679,False,1233125376,1233125376
mmdu:16,6,2,0,3124,3122,2352,5474,5490,False,1233125376,1233125376
mmdu:16,7,2,0,4019,4017,2352,6369,6385,False,1233125376,1233125376
mmdu:16,8,2,0,4277,4275,2352,6627,6643,False,1233125376,1233125376
mmdu:16,9,2,0,4539,4537,2352,6889,6905,False,1233125376,1233125376
mmdu:16,10,2,0,4792,4790,2352,7142,7158,False,1233125376,1233125376
mmdu:16,11,2,0,5058,5056,2352,7408,7424,False,1233125376,1233125376
mmdu:16,12,2,0,5307,5305,2352,7657,7673,False,1233125376,1233125376
mmdu:16,13,2,0,5593,5591,2352,7943,7959,False,1233125376,1233125376
mmdu:16,14,2,0,5844,5842,2352,8194,8210,False,1233125376,1233125376
mmdu:16,15,2,0,6104,6102,2352,8454,8470,False,1233125376,1233125376
mmdu:16,16,2,0,6352,6350,2352,8702,8718,False,1233125376,1233125376
mmdu:74,1,1,1,31,30,1176,1206,1222,True,616562688,616562688
mmdu:74,2,1,0,498,497,1176,1673,1689,True,616562688,616562688
mmdu:74,3,1,0,1000,999,1176,2175,2191,True,616562688,616562688
mmdu:74,4,2,1,1659,1657,2352,4009,4025,True,1233125376,1233125376
mmdu:74,5,2,0,1983,1981,2352,4333,4349,False,1233125376,1233125376
mmdu:74,6,2,0,2301,2299,2352,4651,4667,False,1233125376,1233125376
mmdu:74,7,3,1,2722,2719,3528,6247,6263,False,1849688064,1849688064
mmdu:74,8,3,0,3214,3211,3528,6739,6755,False,1849688064,1849688064
mmdu:74,9,3,0,3730,3727,3528,7255,7271,False,1849688064,1849688064
mmdu:74,10,4,1,4317,4313,4704,9017,9033,False,2466250752,2466250752
mmdu:74,11,4,0,4440,4436,4704,9140,9156,False,2466250752,2466250752
mmdu:74,12,4,0,4825,4821,4704,9525,9541,False,2466250752,2466250752
mmdu:74,13,5,1,5309,5304,5880,11184,11200,False,3082813440,3082813440
mmdu:74,14,5,0,5835,5830,5880,11710,11726,False,3082813440,3082813440
mmdu:74,15,5,0,6398,6393,5880,12273,12289,False,3082813440,3082813440
mmdu:74,16,5,0,7127,7122,5880,13002,13018,False,3082813440,3082813440
mmdu:74,17,5,0,7761,7756,5880,13636,13652,False,3082813440,3082813440
mmdu:74,18,5,0,8349,8344,5880,14224,14240,False,3082813440,3082813440
mmdu:74,19,5,0,8891,8886,5880,14766,14782,False,3082813440,3082813440
mmdu:74,20,5,0,9520,9515,5880,15395,15411,False,3082813440,3082813440
mmdu:74,21,5,0,10124,10119,5880,15999,16015,False,3082813440,3082813440
mmdu:74,22,5,0,10676,10671,5880,16551,16567,False,3082813440,3082813440
mmdu:74,23,5,0,11196,11191,5880,17071,17087,False,3082813440,3082813440
mmdu:86,1,1,1,32,31,1176,1207,1223,True,616562688,616562688
mmdu:86,2,1,0,241,240,1176,1416,1432,True,616562688,616562688
mmdu:86,3,1,0,761,760,1176,1936,1952,True,616562688,616562688
mmdu:86,4,2,1,1393,1391,2352,3743,3759,True,1233125376,1233125376
mmdu:86,5,2,0,1957,1955,2352,4307,4323,False,1233125376,1233125376
mmdu:86,6,2,0,2488,2486,2352,4838,4854,False,1233125376,1233125376
mmdu:86,7,3,1,3157,3154,3528,6682,6698,False,1849688064,1849688064
mmdu:86,8,3,0,3593,3590,3528,7118,7134,False,1849688064,1849688064
mmdu:86,9,3,0,4069,4066,3528,7594,7610,False,1849688064,1849688064
mmdu:86,10,3,0,4623,4620,3528,8148,8164,False,1849688064,1849688064
mmdu:86,11,3,0,5289,5286,3528,8814,8830,False,1849688064,1849688064
mmdu:86,12,3,0,5907,5904,3528,9432,9448,False,1849688064,1849688064
mmdu:86,13,3,0,6564,6561,3528,10089,10105,False,1849688064,1849688064
mmdu:86,14,3,0,7240,7237,3528,10765,10781,False,1849688064,1849688064
mmdu:86,15,3,0,7957,7954,3528,11482,11498,False,1849688064,1849688064
mmdu:86,16,3,0,8639,8636,3528,12164,12180,False,1849688064,1849688064
mmdu:86,17,3,0,9371,9368,3528,12896,12912,False,1849688064,1849688064
mmdu:38,1,2,2,40,38,2352,2390,2406,True,1233125376,1233125376
mmdu:38,2,2,0,411,409,2352,2761,2777,True,1233125376,1233125376
mmdu:38,3,2,0,682,680,2352,3032,3048,True,1233125376,1233125376
mmdu:38,4,2,0,976,974,2352,3326,3342,True,1233125376,1233125376
mmdu:38,5,2,0,1229,1227,2352,3579,3595,True,1233125376,1233125376
mmdu:38,6,2,0,1485,1483,2352,3835,3851,True,1233125376,1233125376
mmdu:38,7,2,0,1694,1692,2352,4044,4060,True,1233125376,1233125376
mmdu:38,8,2,0,1885,1883,2352,4235,4251,False,1233125376,1233125376
mmdu:38,9,2,0,2080,2078,2352,4430,4446,False,1233125376,1233125376
mmdu:38,10,2,0,2282,2280,2352,4632,4648,False,1233125376,1233125376
mmdu:5,1,1,1,33,32,1176,1208,1224,True,616562688,616562688
mmdu:5,2,1,0,281,280,1176,1456,1472,True,616562688,616562688
mmdu:5,3,1,0,527,526,1176,1702,1718,True,616562688,616562688
mmdu:5,4,2,1,969,967,2352,3319,3335,True,1233125376,1233125376
mmdu:5,5,2,0,1502,1500,2352,3852,3868,True,1233125376,1233125376
mmdu:5,6,2,0,2173,2171,2352,4523,4539,False,1233125376,1233125376
mmdu:5,7,2,0,2947,2945,2352,5297,5313,False,1233125376,1233125376
mmdu:5,8,2,0,3375,3373,2352,5725,5741,False,1233125376,1233125376
mmdu:5,9,2,0,3772,3770,2352,6122,6138,False,1233125376,1233125376
mmdu:5,10,2,0,4206,4204,2352,6556,6572,False,1233125376,1233125376
mmdu:5,11,2,0,4635,4633,2352,6985,7001,False,1233125376,1233125376
mmdu:5,12,2,0,5102,5100,2352,7452,7468,False,1233125376,1233125376
mmdu:5,13,2,0,5580,5578,2352,7930,7946,False,1233125376,1233125376
mmdu:5,14,2,0,6077,6075,2352,8427,8443,False,1233125376,1233125376
mmdu:5,15,2,0,6619,6617,2352,8969,8985,False,1233125376,1233125376
mmdu:5,16,2,0,7168,7166,2352,9518,9534,False,1233125376,1233125376
mmdu:100,1,7,7,123,116,8232,8348,8364,False,4315938816,4315938816
mmdu:100,2,7,0,790,783,8232,9015,9031,False,4315938816,4315938816
mmdu:100,3,7,0,1420,1413,8232,9645,9661,False,4315938816,4315938816
mmdu:100,4,7,0,2016,2009,8232,10241,10257,False,4315938816,4315938816
mmdu:100,5,7,0,2534,2527,8232,10759,10775,False,4315938816,4315938816
mmdu:100,6,7,0,3204,3197,8232,11429,11445,False,4315938816,4315938816
mmdu:100,7,7,0,3796,3789,8232,12021,12037,False,4315938816,4315938816
mmdu:100,8,8,1,4393,4385,9408,13793,13809,False,4932501504,4932501504
mmdu:100,9,8,0,5009,5001,9408,14409,14425,False,4932501504,4932501504
mmdu:100,10,8,0,5627,5619,9408,15027,15043,False,4932501504,4932501504
mmdu:100,11,9,1,5887,5878,10584,16462,16478,False,5549064192,5549064192
mmdu:100,12,9,0,6096,6087,10584,16671,16687,False,5549064192,5549064192
mmdu:100,13,9,0,6311,6302,10584,16886,16902,False,5549064192,5549064192
mmdu:100,14,9,0,6453,6444,10584,17028,17044,False,5549064192,5549064192
mmdu:100,15,9,0,6601,6592,10584,17176,17192,False,5549064192,5549064192
mmdu:100,16,9,0,6786,6777,10584,17361,17377,False,5549064192,5549064192
mmdu:100,17,9,0,7395,7386,10584,17970,17986,False,5549064192,5549064192
mmdu:100,18,9,0,7932,7923,10584,18507,18523,False,5549064192,5549064192
mmdu:100,19,9,0,8499,8490,10584,19074,19090,False,5549064192,5549064192
mmdu:100,20,9,0,8958,8949,10584,19533,19549,False,5549064192,5549064192
mmdu:100,21,11,2,9482,9471,12936,22407,22423,False,6782189568,6782189568
mmdu:100,22,12,1,9976,9964,14112,24076,24092,False,7398752256,7398752256
mmdu:100,23,13,1,10507,10494,15288,25782,25798,False,8015314944,8015314944
mmdu:100,24,15,2,11166,11151,17640,28791,28807,False,9248440320,9248440320
mmdu:19,1,2,2,40,38,2352,2390,2406,True,1233125376,1233125376
mmdu:19,2,2,0,403,401,2352,2753,2769,True,1233125376,1233125376
mmdu:19,3,2,0,700,698,2352,3050,3066,True,1233125376,1233125376
mmdu:19,4,2,0,956,954,2352,3306,3322,True,1233125376,1233125376
mmdu:19,5,2,0,1196,1194,2352,3546,3562,True,1233125376,1233125376
mmdu:19,6,2,0,1449,1447,2352,3799,3815,True,1233125376,1233125376
mmdu:19,7,2,0,1668,1666,2352,4018,4034,True,1233125376,1233125376
mmdu:19,8,2,0,1915,1913,2352,4265,4281,False,1233125376,1233125376
mmdu:19,9,2,0,2156,2154,2352,4506,4522,False,1233125376,1233125376
mmdu:19,10,2,0,2370,2368,2352,4720,4736,False,1233125376,1233125376
mmdu:60,1,1,1,40,39,1176,1215,1231,True,616562688,616562688
mmdu:60,2,1,0,484,483,1176,1659,1675,True,616562688,616562688
mmdu:60,3,1,0,958,957,1176,2133,2149,True,616562688,616562688
mmdu:60,4,2,1,1542,1540,2352,3892,3908,True,1233125376,1233125376
mmdu:60,5,2,0,2247,2245,2352,4597,4613,False,1233125376,1233125376
mmdu:60,6,2,0,2980,2978,2352,5330,5346,False,1233125376,1233125376
mmdu:60,7,2,0,3768,3766,2352,6118,6134,False,1233125376,1233125376
mmdu:60,8,2,0,4077,4075,2352,6427,6443,False,1233125376,1233125376
mmdu:60,9,2,0,4347,4345,2352,6697,6713,False,1233125376,1233125376
mmdu:60,10,2,0,4644,4642,2352,6994,7010,False,1233125376,1233125376
mmdu:60,11,2,0,4905,4903,2352,7255,7271,False,1233125376,1233125376
mmdu:60,12,2,0,5191,5189,2352,7541,7557,False,1233125376,1233125376
mmdu:60,13,2,0,5468,5466,2352,7818,7834,False,1233125376,1233125376
mmdu:60,14,2,0,5770,5768,2352,8120,8136,False,1233125376,1233125376
mmdu:60,15,2,0,6017,6015,2352,8367,8383,False,1233125376,1233125376
mmdu:60,16,2,0,6289,6287,2352,8639,8655,False,1233125376,1233125376
mmdu:59,1,1,1,29,28,1176,1204,1220,True,616562688,616562688
mmdu:59,2,1,0,447,446,1176,1622,1638,True,616562688,616562688
mmdu:59,3,1,0,902,901,1176,2077,2093,True,616562688,616562688
mmdu:59,4,2,1,1447,1445,2352,3797,3813,True,1233125376,1233125376
mmdu:59,5,2,0,1892,1890,2352,4242,4258,False,1233125376,1233125376
mmdu:59,6,2,0,2338,2336,2352,4688,4704,False,1233125376,1233125376
mmdu:59,7,2,0,2925,2923,2352,5275,5291,False,1233125376,1233125376
mmdu:59,8,2,0,3372,3370,2352,5722,5738,False,1233125376,1233125376
mmdu:59,9,2,0,3732,3730,2352,6082,6098,False,1233125376,1233125376
mmdu:59,10,2,0,4123,4121,2352,6473,6489,False,1233125376,1233125376
mmdu:59,11,2,0,4512,4510,2352,6862,6878,False,1233125376,1233125376
mmdu:59,12,2,0,4917,4915,2352,7267,7283,False,1233125376,1233125376
mmdu:59,13,2,0,5301,5299,2352,7651,7667,False,1233125376,1233125376
mmdu:59,14,2,0,5611,5609,2352,7961,7977,False,1233125376,1233125376
mmdu:59,15,2,0,5931,5929,2352,8281,8297,False,1233125376,1233125376
mmdu:59,16,2,0,6301,6299,2352,8651,8667,False,1233125376,1233125376
mmdu:24,1,2,2,38,36,2352,2388,2404,True,1233125376,1233125376
mmdu:24,2,2,0,350,348,2352,2700,2716,True,1233125376,1233125376
mmdu:24,3,2,0,637,635,2352,2987,3003,True,1233125376,1233125376
mmdu:24,4,2,0,896,894,2352,3246,3262,True,1233125376,1233125376
mmdu:24,5,2,0,1181,1179,2352,3531,3547,True,1233125376,1233125376
mmdu:24,6,2,0,1443,1441,2352,3793,3809,True,1233125376,1233125376
mmdu:24,7,2,0,1722,1720,2352,4072,4088,True,1233125376,1233125376
mmdu:24,8,2,0,2000,1998,2352,4350,4366,False,1233125376,1233125376
mmdu:24,9,2,0,2262,2260,2352,4612,4628,False,1233125376,1233125376
mmdu:24,10,2,0,2544,2542,2352,4894,4910,False,1233125376,1233125376
mmdu:6,1,1,1,28,27,1176,1203,1219,True,616562688,616562688
mmdu:6,2,1,0,506,505,1176,1681,1697,True,616562688,616562688
mmdu:6,3,1,0,1178,1177,1176,2353,2369,True,616562688,616562688
mmdu:6,4,2,1,1890,1888,2352,4240,4256,False,1233125376,1233125376
mmdu:6,5,2,0,2422,2420,2352,4772,4788,False,1233125376,1233125376
mmdu:6,6,2,0,2954,2952,2352,5304,5320,False,1233125376,1233125376
mmdu:6,7,2,0,3637,3635,2352,5987,6003,False,1233125376,1233125376
mmdu:6,8,2,0,3934,3932,2352,6284,6300,False,1233125376,1233125376
mmdu:6,9,2,0,4206,4204,2352,6556,6572,False,1233125376,1233125376
mmdu:6,10,2,0,4491,4489,2352,6841,6857,False,1233125376,1233125376
mmdu:6,11,2,0,4791,4789,2352,7141,7157,False,1233125376,1233125376
mmdu:6,12,2,0,5089,5087,2352,7439,7455,False,1233125376,1233125376
mmdu:6,13,2,0,5383,5381,2352,7733,7749,False,1233125376,1233125376
mmdu:6,14,2,0,5659,5657,2352,8009,8025,False,1233125376,1233125376
mmdu:6,15,2,0,5956,5954,2352,8306,8322,False,1233125376,1233125376
mmdu:9,1,1,1,29,28,1176,1204,1220,True,616562688,616562688
mmdu:9,2,1,0,514,513,1176,1689,1705,True,616562688,616562688
mmdu:9,3,1,0,969,968,1176,2144,2160,True,616562688,616562688
mmdu:9,4,2,1,1628,1626,2352,3978,3994,True,1233125376,1233125376
mmdu:9,5,2,0,2042,2040,2352,4392,4408,False,1233125376,1233125376
mmdu:9,6,2,0,2521,2519,2352,4871,4887,False,1233125376,1233125376
mmdu:9,7,2,0,3192,3190,2352,5542,5558,False,1233125376,1233125376
mmdu:9,8,2,0,3917,3915,2352,6267,6283,False,1233125376,1233125376
mmdu:77,1,1,1,31,30,1176,1206,1222,True,616562688,616562688
mmdu:77,2,1,0,609,608,1176,1784,1800,True,616562688,616562688
mmdu:77,3,1,0,1191,1190,1176,2366,2382,True,616562688,616562688
mmdu:77,4,2,1,1887,1885,2352,4237,4253,False,1233125376,1233125376
mmdu:77,5,2,0,2302,2300,2352,4652,4668,False,1233125376,1233125376
mmdu:77,6,2,0,2737,2735,2352,5087,5103,False,1233125376,1233125376
mmdu:77,7,3,1,3219,3216,3528,6744,6760,False,1849688064,1849688064
mmdu:77,8,3,0,4054,4051,3528,7579,7595,False,1849688064,1849688064
mmdu:77,9,3,0,4899,4896,3528,8424,8440,False,1849688064,1849688064
mmdu:77,10,3,0,5120,5117,3528,8645,8661,False,1849688064,1849688064
mmdu:77,11,3,0,5618,5615,3528,9143,9159,False,1849688064,1849688064
mmdu:77,12,3,0,6146,6143,3528,9671,9687,False,1849688064,1849688064
mmdu:77,13,3,0,6813,6810,3528,10338,10354,False,1849688064,1849688064
mmdu:77,14,3,0,7448,7445,3528,10973,10989,False,1849688064,1849688064
mmdu:77,15,3,0,8096,8093,3528,11621,11637,False,1849688064,1849688064
mmdu:77,16,3,0,8725,8722,3528,12250,12266,False,1849688064,1849688064
mmdu:77,17,3,0,9336,9333,3528,12861,12877,False,1849688064,1849688064
mmdu:70,1,1,1,35,34,1176,1210,1226,True,616562688,616562688
mmdu:70,2,2,1,333,331,2352,2683,2699,True,1233125376,1233125376
mmdu:70,3,2,0,670,668,2352,3020,3036,True,1233125376,1233125376
mmdu:70,4,2,0,1171,1169,2352,3521,3537,True,1233125376,1233125376
mmdu:70,5,2,0,1633,1631,2352,3983,3999,True,1233125376,1233125376
mmdu:70,6,2,0,1897,1895,2352,4247,4263,False,1233125376,1233125376
mmdu:70,7,2,0,2151,2149,2352,4501,4517,False,1233125376,1233125376
mmdu:70,8,2,0,2361,2359,2352,4711,4727,False,1233125376,1233125376
mmdu:70,9,2,0,2569,2567,2352,4919,4935,False,1233125376,1233125376
mmdu:70,10,2,0,2748,2746,2352,5098,5114,False,1233125376,1233125376
mmdu:70,11,2,0,2931,2929,2352,5281,5297,False,1233125376,1233125376
mmdu:70,12,2,0,3117,3115,2352,5467,5483,False,1233125376,1233125376
mmdu:70,13,2,0,3309,3307,2352,5659,5675,False,1233125376,1233125376
mmdu:70,14,2,0,3489,3487,2352,5839,5855,False,1233125376,1233125376
mmdu:81,1,1,1,35,34,1176,1210,1226,True,616562688,616562688
mmdu:81,2,1,0,572,571,1176,1747,1763,True,616562688,616562688
mmdu:81,3,1,0,1181,1180,1176,2356,2372,True,616562688,616562688
mmdu:81,4,2,1,1926,1924,2352,4276,4292,False,1233125376,1233125376
mmdu:81,5,3,1,2354,2351,3528,5879,5895,False,1849688064,1849688064
mmdu:81,6,3,0,2937,2934,3528,6462,6478,False,1849688064,1849688064
mmdu:81,7,3,0,3479,3476,3528,7004,7020,False,1849688064,1849688064
mmdu:81,8,4,1,4155,4151,4704,8855,8871,False,2466250752,2466250752
mmdu:81,9,4,0,4851,4847,4704,9551,9567,False,2466250752,2466250752
mmdu:81,10,4,0,5564,5560,4704,10264,10280,False,2466250752,2466250752
mmdu:81,11,5,1,6329,6324,5880,12204,12220,False,3082813440,3082813440
mmdu:81,12,5,0,6741,6736,5880,12616,12632,False,3082813440,3082813440
mmdu:81,13,5,0,7255,7250,5880,13130,13146,False,3082813440,3082813440
mmdu:81,14,5,0,7885,7880,5880,13760,13776,False,3082813440,3082813440
mmdu:81,15,5,0,8347,8342,5880,14222,14238,False,3082813440,3082813440
mmdu:81,16,5,0,8798,8793,5880,14673,14689,False,3082813440,3082813440
mmdu:81,17,5,0,9343,9338,5880,15218,15234,False,3082813440,3082813440
mmdu:81,18,5,0,9775,9770,5880,15650,15666,False,3082813440,3082813440
mmdu:81,19,5,0,10205,10200,5880,16080,16096,False,3082813440,3082813440
mmdu:81,20,5,0,10620,10615,5880,16495,16511,False,3082813440,3082813440
mmdu:81,21,5,0,11074,11069,5880,16949,16965,False,3082813440,3082813440
mmdu:93,1,1,1,41,40,1176,1216,1232,True,616562688,616562688
mmdu:93,2,1,0,636,635,1176,1811,1827,True,616562688,616562688
mmdu:93,3,1,0,1340,1339,1176,2515,2531,True,616562688,616562688
mmdu:93,4,2,1,2203,2201,2352,4553,4569,False,1233125376,1233125376
mmdu:93,5,2,0,2726,2724,2352,5076,5092,False,1233125376,1233125376
mmdu:93,6,2,0,3271,3269,2352,5621,5637,False,1233125376,1233125376
mmdu:93,7,2,0,4014,4012,2352,6364,6380,False,1233125376,1233125376
mmdu:93,8,2,0,4256,4254,2352,6606,6622,False,1233125376,1233125376
mmdu:93,9,2,0,4494,4492,2352,6844,6860,False,1233125376,1233125376
mmdu:93,10,2,0,4698,4696,2352,7048,7064,False,1233125376,1233125376
mmdu:93,11,2,0,4907,4905,2352,7257,7273,False,1233125376,1233125376
mmdu:93,12,2,0,5136,5134,2352,7486,7502,False,1233125376,1233125376
mmdu:93,13,2,0,5362,5360,2352,7712,7728,False,1233125376,1233125376
mmdu:93,14,2,0,5607,5605,2352,7957,7973,False,1233125376,1233125376
mmdu:93,15,2,0,5850,5848,2352,8200,8216,False,1233125376,1233125376
mmdu:93,16,2,0,6066,6064,2352,8416,8432,False,1233125376,1233125376
mmdu:93,17,2,0,6314,6312,2352,8664,8680,False,1233125376,1233125376
mmdu:93,18,2,0,6524,6522,2352,8874,8890,False,1233125376,1233125376
mmdu:93,19,2,0,6728,6726,2352,9078,9094,False,1233125376,1233125376
mmdu:99,1,1,1,31,30,1176,1206,1222,True,616562688,616562688
mmdu:99,2,1,0,453,452,1176,1628,1644,True,616562688,616562688
mmdu:99,3,1,0,826,825,1176,2001,2017,True,616562688,616562688
mmdu:99,4,2,1,1323,1321,2352,3673,3689,True,1233125376,1233125376
mmdu:99,5,2,0,1899,1897,2352,4249,4265,False,1233125376,1233125376
mmdu:99,6,2,0,2505,2503,2352,4855,4871,False,1233125376,1233125376
mmdu:99,7,3,1,3241,3238,3528,6766,6782,False,1849688064,1849688064
mmdu:99,8,3,0,3921,3918,3528,7446,7462,False,1849688064,1849688064
mmdu:99,9,3,0,4645,4642,3528,8170,8186,False,1849688064,1849688064
mmdu:99,10,3,0,5483,5480,3528,9008,9024,False,1849688064,1849688064
mmdu:99,11,3,0,5920,5917,3528,9445,9461,False,1849688064,1849688064
mmdu:99,12,3,0,6325,6322,3528,9850,9866,False,1849688064,1849688064
mmdu:99,13,3,0,6752,6749,3528,10277,10293,False,1849688064,1849688064
mmdu:99,14,3,0,7220,7217,3528,10745,10761,False,1849688064,1849688064
mmdu:99,15,3,0,7730,7727,3528,11255,11271,False,1849688064,1849688064
mmdu:99,16,3,0,8260,8257,3528,11785,11801,False,1849688064,1849688064
mmdu:99,17,3,0,8843,8840,3528,12368,12384,False,1849688064,1849688064
mmdu:99,18,3,0,9408,9405,3528,12933,12949,False,1849688064,1849688064
mmdu:99,19,3,0,10002,9999,3528,13527,13543,False,1849688064,1849688064
mmdu:4,1,1,1,31,30,1176,1206,1222,True,616562688,616562688
mmdu:4,2,1,0,434,433,1176,1609,1625,True,616562688,616562688
mmdu:4,3,1,0,996,995,1176,2171,2187,True,616562688,616562688
mmdu:4,4,2,1,1653,1651,2352,4003,4019,True,1233125376,1233125376
mmdu:4,5,2,0,2107,2105,2352,4457,4473,False,1233125376,1233125376
mmdu:4,6,2,0,2585,2583,2352,4935,4951,False,1233125376,1233125376
mmdu:4,7,2,0,3183,3181,2352,5533,5549,False,1233125376,1233125376
mmdu:4,8,2,0,3722,3720,2352,6072,6088,False,1233125376,1233125376
mmdu:4,9,2,0,4471,4469,2352,6821,6837,False,1233125376,1233125376
mmdu:4,10,2,0,5361,5359,2352,7711,7727,False,1233125376,1233125376
mmdu:4,11,2,0,6341,6339,2352,8691,8707,False,1233125376,1233125376
mmdu:105,1,11,11,128,117,12936,13053,13069,False,6782189568,6782189568
mmdu:105,2,11,0,871,860,12936,13796,13812,False,6782189568,6782189568
mmdu:105,3,11,0,1083,1072,12936,14008,14024,False,6782189568,6782189568
mmdu:105,4,11,0,1195,1184,12936,14120,14136,False,6782189568,6782189568
mmdu:105,5,11,0,1296,1285,12936,14221,14237,False,6782189568,6782189568
mmdu:105,6,11,0,1430,1419,12936,14355,14371,False,6782189568,6782189568
mmdu:105,7,11,0,1562,1551,12936,14487,14503,False,6782189568,6782189568
mmdu:105,8,11,0,1929,1918,12936,14854,14870,False,6782189568,6782189568
mmdu:105,9,11,0,2455,2444,12936,15380,15396,False,6782189568,6782189568
mmdu:105,10,11,0,2863,2852,12936,15788,15804,False,6782189568,6782189568
mmdu:105,11,11,0,3371,3360,12936,16296,16312,False,6782189568,6782189568
mmdu:105,12,11,0,3802,3791,12936,16727,16743,False,6782189568,6782189568
mmdu:44,1,3,3,57,54,3528,3582,3598,True,1849688064,1849688064
mmdu:44,2,3,0,539,536,3528,4064,4080,True,1849688064,1849688064
mmdu:44,3,3,0,966,963,3528,4491,4507,False,1849688064,1849688064
mmdu:44,4,3,0,1367,1364,3528,4892,4908,False,1849688064,1849688064
mmdu:44,5,3,0,1766,1763,3528,5291,5307,False,1849688064,1849688064
mmdu:44,6,3,0,2167,2164,3528,5692,5708,False,1849688064,1849688064
mmdu:44,7,3,0,2490,2487,3528,6015,6031,False,1849688064,1849688064
mmdu:44,8,3,0,2818,2815,3528,6343,6359,False,1849688064,1849688064
mmdu:44,9,3,0,3115,3112,3528,6640,6656,False,1849688064,1849688064
mmdu:44,10,3,0,3387,3384,3528,6912,6928,False,1849688064,1849688064
mmdu:79,1,1,1,50,49,1176,1225,1241,True,616562688,616562688
mmdu:79,2,1,0,578,577,1176,1753,1769,True,616562688,616562688
mmdu:79,3,1,0,1074,1073,1176,2249,2265,True,616562688,616562688
mmdu:79,4,2,1,1762,1760,2352,4112,4128,False,1233125376,1233125376
mmdu:79,5,2,0,2322,2320,2352,4672,4688,False,1233125376,1233125376
mmdu:79,6,2,0,2801,2799,2352,5151,5167,False,1233125376,1233125376
mmdu:79,7,3,1,3358,3355,3528,6883,6899,False,1849688064,1849688064
mmdu:79,8,3,0,3795,3792,3528,7320,7336,False,1849688064,1849688064
mmdu:79,9,3,0,4364,4361,3528,7889,7905,False,1849688064,1849688064
mmdu:79,10,4,1,4984,4980,4704,9684,9700,False,2466250752,2466250752
mmdu:79,11,4,0,5563,5559,4704,10263,10279,False,2466250752,2466250752
mmdu:79,12,4,0,6057,6053,4704,10757,10773,False,2466250752,2466250752
mmdu:79,13,4,0,6773,6769,4704,11473,11489,False,2466250752,2466250752
mmdu:79,14,4,0,7274,7270,4704,11974,11990,False,2466250752,2466250752
mmdu:79,15,4,0,7708,7704,4704,12408,12424,False,2466250752,2466250752
mmdu:79,16,4,0,8103,8099,4704,12803,12819,False,2466250752,2466250752
mmdu:79,17,4,0,8472,8468,4704,13172,13188,False,2466250752,2466250752
mmdu:79,18,4,0,8879,8875,4704,13579,13595,False,2466250752,2466250752
mmdu:79,19,4,0,9265,9261,4704,13965,13981,False,2466250752,2466250752
mmdu:79,20,4,0,9632,9628,4704,14332,14348,False,2466250752,2466250752
mmdu:79,21,4,0,10054,10050,4704,14754,14770,False,2466250752,2466250752
mmdu:79,22,4,0,10398,10394,4704,15098,15114,False,2466250752,2466250752
mmdu:56,1,1,1,31,30,1176,1206,1222,True,616562688,616562688
mmdu:56,2,1,0,583,582,1176,1758,1774,True,616562688,616562688
mmdu:56,3,1,0,1081,1080,1176,2256,2272,True,616562688,616562688
mmdu:56,4,2,1,1720,1718,2352,4070,4086,True,1233125376,1233125376
mmdu:56,5,2,0,2341,2339,2352,4691,4707,False,1233125376,1233125376
mmdu:56,6,2,0,3053,3051,2352,5403,5419,False,1233125376,1233125376
mmdu:56,7,3,1,3769,3766,3528,7294,7310,False,1849688064,1849688064
mmdu:56,8,3,0,4312,4309,3528,7837,7853,False,1849688064,1849688064
mmdu:56,9,3,0,4909,4906,3528,8434,8450,False,1849688064,1849688064
mmdu:56,10,4,1,5563,5559,4704,10263,10279,False,2466250752,2466250752
mmdu:56,11,4,0,6088,6084,4704,10788,10804,False,2466250752,2466250752
mmdu:56,12,4,0,6614,6610,4704,11314,11330,False,2466250752,2466250752
mmdu:56,13,5,1,7347,7342,5880,13222,13238,False,3082813440,3082813440
mmdu:56,14,5,0,7792,7787,5880,13667,13683,False,3082813440,3082813440
mmdu:56,15,5,0,8176,8171,5880,14051,14067,False,3082813440,3082813440
mmdu:56,16,5,0,8720,8715,5880,14595,14611,False,3082813440,3082813440
mmdu:56,17,5,0,9438,9433,5880,15313,15329,False,3082813440,3082813440
mmdu:56,18,5,0,9938,9933,5880,15813,15829,False,3082813440,3082813440
mmdu:56,19,5,0,10549,10544,5880,16424,16440,False,3082813440,3082813440
mmdu:56,20,5,0,11157,11152,5880,17032,17048,False,3082813440,3082813440
mmdu:56,21,5,0,11731,11726,5880,17606,17622,False,3082813440,3082813440
mmdu:56,22,5,0,12504,12499,5880,18379,18395,False,3082813440,3082813440
mmdu:56,23,5,0,13033,13028,5880,18908,18924,False,3082813440,3082813440
mmdu:96,1,1,1,35,34,1176,1210,1226,True,616562688,616562688
mmdu:96,2,1,0,635,634,1176,1810,1826,True,616562688,616562688
mmdu:96,3,1,0,1309,1308,1176,2484,2500,True,616562688,616562688
mmdu:96,4,2,1,2023,2021,2352,4373,4389,False,1233125376,1233125376
mmdu:96,5,2,0,2460,2458,2352,4810,4826,False,1233125376,1233125376
mmdu:96,6,2,0,2854,2852,2352,5204,5220,False,1233125376,1233125376
mmdu:96,7,2,0,3365,3363,2352,5715,5731,False,1233125376,1233125376
mmdu:96,8,2,0,3703,3701,2352,6053,6069,False,1233125376,1233125376
mmdu:96,9,2,0,4001,3999,2352,6351,6367,False,1233125376,1233125376
mmdu:96,10,2,0,4314,4312,2352,6664,6680,False,1233125376,1233125376
mmdu:96,11,2,0,4614,4612,2352,6964,6980,False,1233125376,1233125376
mmdu:96,12,2,0,4937,4935,2352,7287,7303,False,1233125376,1233125376
mmdu:96,13,2,0,5294,5292,2352,7644,7660,False,1233125376,1233125376
mmdu:96,14,2,0,5625,5623,2352,7975,7991,False,1233125376,1233125376
mmdu:96,15,2,0,5983,5981,2352,8333,8349,False,1233125376,1233125376
mmdu:96,16,2,0,6269,6267,2352,8619,8635,False,1233125376,1233125376
mmdu:29,1,2,2,38,36,2352,2388,2404,True,1233125376,1233125376
mmdu:29,2,2,0,418,416,2352,2768,2784,True,1233125376,1233125376
mmdu:29,3,2,0,771,769,2352,3121,3137,True,1233125376,1233125376
mmdu:29,4,2,0,1137,1135,2352,3487,3503,True,1233125376,1233125376
mmdu:29,5,2,0,1468,1466,2352,3818,3834,True,1233125376,1233125376
mmdu:29,6,2,0,1830,1828,2352,4180,4196,False,1233125376,1233125376
mmdu:29,7,2,0,2193,2191,2352,4543,4559,False,1233125376,1233125376
mmdu:29,8,2,0,2535,2533,2352,4885,4901,False,1233125376,1233125376
mmdu:29,9,2,0,2930,2928,2352,5280,5296,False,1233125376,1233125376
mmdu:29,10,2,0,3342,3340,2352,5692,5708,False,1233125376,1233125376
mmdu:18,1,1,1,35,34,1176,1210,1226,True,616562688,616562688
mmdu:18,2,1,0,594,593,1176,1769,1785,True,616562688,616562688
mmdu:18,3,1,0,1160,1159,1176,2335,2351,True,616562688,616562688
mmdu:18,4,2,1,1922,1920,2352,4272,4288,False,1233125376,1233125376
mmdu:18,5,2,0,2481,2479,2352,4831,4847,False,1233125376,1233125376
mmdu:18,6,2,0,3140,3138,2352,5490,5506,False,1233125376,1233125376
mmdu:18,7,3,1,3910,3907,3528,7435,7451,False,1849688064,1849688064
mmdu:18,8,3,0,4714,4711,3528,8239,8255,False,1849688064,1849688064
mmdu:18,9,3,0,5616,5613,3528,9141,9157,False,1849688064,1849688064
mmdu:18,10,3,0,6499,6496,3528,10024,10040,False,1849688064,1849688064
mmdu:18,11,3,0,6994,6991,3528,10519,10535,False,1849688064,1849688064
mmdu:18,12,3,0,7556,7553,3528,11081,11097,False,1849688064,1849688064
mmdu:18,13,3,0,8157,8154,3528,11682,11698,False,1849688064,1849688064
mmdu:18,14,3,0,8701,8698,3528,12226,12242,False,1849688064,1849688064
mmdu:18,15,3,0,9242,9239,3528,12767,12783,False,1849688064,1849688064
mmdu:18,16,3,0,9842,9839,3528,13367,13383,False,1849688064,1849688064
mmdu:18,17,3,0,10427,10424,3528,13952,13968,False,1849688064,1849688064
mmdu:94,1,1,1,38,37,1176,1213,1229,True,616562688,616562688
mmdu:94,2,1,0,668,667,1176,1843,1859,True,616562688,616562688
mmdu:94,3,1,0,1451,1450,1176,2626,2642,True,616562688,616562688
mmdu:94,4,2,1,2242,2240,2352,4592,4608,False,1233125376,1233125376
mmdu:94,5,2,0,2698,2696,2352,5048,5064,False,1233125376,1233125376
mmdu:94,6,2,0,3249,3247,2352,5599,5615,False,1233125376,1233125376
mmdu:94,7,2,0,3479,3477,2352,5829,5845,False,1233125376,1233125376
mmdu:94,8,2,0,3777,3775,2352,6127,6143,False,1233125376,1233125376
mmdu:94,9,2,0,4062,4060,2352,6412,6428,False,1233125376,1233125376
mmdu:94,10,2,0,4346,4344,2352,6696,6712,False,1233125376,1233125376
mmdu:94,11,2,0,4620,4618,2352,6970,6986,False,1233125376,1233125376
mmdu:94,12,2,0,4893,4891,2352,7243,7259,False,1233125376,1233125376
mmdu:94,13,2,0,5144,5142,2352,7494,7510,False,1233125376,1233125376
mmdu:94,14,2,0,5426,5424,2352,7776,7792,False,1233125376,1233125376
mmdu:94,15,2,0,5690,5688,2352,8040,8056,False,1233125376,1233125376
mmdu:1,1,3,3,42,39,3528,3567,3583,True,1849688064,1849688064
mmdu:1,2,3,0,486,483,3528,4011,4027,True,1849688064,1849688064
mmdu:1,3,4,1,1043,1039,4704,5743,5759,False,2466250752,2466250752
mmdu:1,4,4,0,1544,1540,4704,6244,6260,False,2466250752,2466250752
mmdu:1,5,4,0,2050,2046,4704,6750,6766,False,2466250752,2466250752
mmdu:1,6,4,0,2479,2475,4704,7179,7195,False,2466250752,2466250752
mmdu:1,7,4,0,2964,2960,4704,7664,7680,False,2466250752,2466250752
mmdu:1,8,4,0,3701,3697,4704,8401,8417,False,2466250752,2466250752
mmdu:1,9,4,0,4202,4198,4704,8902,8918,False,2466250752,2466250752
mmdu:1,10,4,0,4855,4851,4704,9555,9571,False,2466250752,2466250752
mmdu:1,11,4,0,5285,5281,4704,9985,10001,False,2466250752,2466250752
mmdu:53,1,2,2,37,35,2352,2387,2403,True,1233125376,1233125376
mmdu:53,2,2,0,367,365,2352,2717,2733,True,1233125376,1233125376
mmdu:53,3,2,0,677,675,2352,3027,3043,True,1233125376,1233125376
mmdu:53,4,2,0,1034,1032,2352,3384,3400,True,1233125376,1233125376
mmdu:53,5,2,0,1386,1384,2352,3736,3752,True,1233125376,1233125376
mmdu:53,6,2,0,1723,1721,2352,4073,4089,True,1233125376,1233125376
mmdu:53,7,2,0,2066,2064,2352,4416,4432,False,1233125376,1233125376
mmdu:53,8,2,0,2392,2390,2352,4742,4758,False,1233125376,1233125376
mmdu:53,9,2,0,2734,2732,2352,5084,5100,False,1233125376,1233125376
mmdu:53,10,2,0,3107,3105,2352,5457,5473,False,1233125376,1233125376
mmdu:7,1,1,1,30,29,1176,1205,1221,True,616562688,616562688
mmdu:7,2,1,0,375,374,1176,1550,1566,True,616562688,616562688
mmdu:7,3,1,0,777,776,1176,1952,1968,True,616562688,616562688
mmdu:7,4,2,1,1231,1229,2352,3581,3597,True,1233125376,1233125376
mmdu:7,5,2,0,1792,1790,2352,4142,4158,False,1233125376,1233125376
mmdu:7,6,2,0,2354,2352,2352,4704,4720,False,1233125376,1233125376
mmdu:7,7,2,0,3183,3181,2352,5533,5549,False,1233125376,1233125376
mmdu:7,8,2,0,3591,3589,2352,5941,5957,False,1233125376,1233125376
mmdu:7,9,2,0,3899,3897,2352,6249,6265,False,1233125376,1233125376
mmdu:7,10,2,0,4209,4207,2352,6559,6575,False,1233125376,1233125376
mmdu:7,11,2,0,4473,4471,2352,6823,6839,False,1233125376,1233125376
mmdu:7,12,2,0,4717,4715,2352,7067,7083,False,1233125376,1233125376
mmdu:7,13,2,0,4924,4922,2352,7274,7290,False,1233125376,1233125376
mmdu:7,14,2,0,5131,5129,2352,7481,7497,False,1233125376,1233125376
mmdu:7,15,2,0,5382,5380,2352,7732,7748,False,1233125376,1233125376
mmdu:7,16,2,0,5598,5596,2352,7948,7964,False,1233125376,1233125376
mmdu:49,1,1,1,34,33,1176,1209,1225,True,616562688,616562688
mmdu:49,2,1,0,627,626,1176,1802,1818,True,616562688,616562688
mmdu:49,3,1,0,1245,1244,1176,2420,2436,True,616562688,616562688
mmdu:49,4,2,1,1974,1972,2352,4324,4340,False,1233125376,1233125376
mmdu:49,5,2,0,2430,2428,2352,4780,4796,False,1233125376,1233125376
mmdu:49,6,2,0,2969,2967,2352,5319,5335,False,1233125376,1233125376
mmdu:49,7,3,1,3669,3666,3528,7194,7210,False,1849688064,1849688064
mmdu:49,8,3,0,4239,4236,3528,7764,7780,False,1849688064,1849688064
mmdu:49,9,3,0,4777,4774,3528,8302,8318,False,1849688064,1849688064
mmdu:49,10,4,1,5488,5484,4704,10188,10204,False,2466250752,2466250752
mmdu:49,11,4,0,5852,5848,4704,10552,10568,False,2466250752,2466250752
mmdu:49,12,4,0,6262,6258,4704,10962,10978,False,2466250752,2466250752
mmdu:49,13,4,0,6725,6721,4704,11425,11441,False,2466250752,2466250752
mmdu:49,14,4,0,7401,7397,4704,12101,12117,False,2466250752,2466250752
mmdu:49,15,4,0,7867,7863,4704,12567,12583,False,2466250752,2466250752
mmdu:49,16,4,0,8473,8469,4704,13173,13189,False,2466250752,2466250752
mmdu:49,17,4,0,8989,8985,4704,13689,13705,False,2466250752,2466250752
mmdu:49,18,4,0,9468,9464,4704,14168,14184,False,2466250752,2466250752
mmdu:49,19,4,0,9890,9886,4704,14590,14606,False,2466250752,2466250752
mmdu:49,20,4,0,10344,10340,4704,15044,15060,False,2466250752,2466250752
mmdu:49,21,4,0,10754,10750,4704,15454,15470,False,2466250752,2466250752
mmdu:49,22,4,0,11209,11205,4704,15909,15925,False,2466250752,2466250752
mmdu:55,1,1,1,28,27,1176,1203,1219,True,616562688,616562688
mmdu:55,2,1,0,498,497,1176,1673,1689,True,616562688,616562688
mmdu:55,3,1,0,998,997,1176,2173,2189,True,616562688,616562688
mmdu:55,4,2,1,1590,1588,2352,3940,3956,True,1233125376,1233125376
mmdu:55,5,2,0,2106,2104,2352,4456,4472,False,1233125376,1233125376
mmdu:55,6,2,0,2660,2658,2352,5010,5026,False,1233125376,1233125376
mmdu:55,7,3,1,3343,3340,3528,6868,6884,False,1849688064,1849688064
mmdu:55,8,3,0,3820,3817,3528,7345,7361,False,1849688064,1849688064
mmdu:55,9,3,0,4372,4369,3528,7897,7913,False,1849688064,1849688064
mmdu:55,10,3,0,5093,5090,3528,8618,8634,False,1849688064,1849688064
mmdu:55,11,3,0,5463,5460,3528,8988,9004,False,1849688064,1849688064
mmdu:55,12,3,0,5836,5833,3528,9361,9377,False,1849688064,1849688064
mmdu:55,13,3,0,6196,6193,3528,9721,9737,False,1849688064,1849688064
mmdu:55,14,3,0,6574,6571,3528,10099,10115,False,1849688064,1849688064
mmdu:55,15,3,0,6985,6982,3528,10510,10526,False,1849688064,1849688064
mmdu:55,16,3,0,7416,7413,3528,10941,10957,False,1849688064,1849688064
mmdu:55,17,3,0,7727,7724,3528,11252,11268,False,1849688064,1849688064
mmdu:55,18,3,0,8017,8014,3528,11542,11558,False,1849688064,1849688064
mmdu:55,19,3,0,8338,8335,3528,11863,11879,False,1849688064,1849688064
mmdu:27,1,1,1,48,47,1176,1223,1239,True,616562688,616562688
mmdu:27,2,1,0,602,601,1176,1777,1793,True,616562688,616562688
mmdu:27,3,1,0,1267,1266,1176,2442,2458,True,616562688,616562688
mmdu:27,4,2,1,2017,2015,2352,4367,4383,False,1233125376,1233125376
mmdu:27,5,2,0,2675,2673,2352,5025,5041,False,1233125376,1233125376
mmdu:27,6,2,0,3460,3458,2352,5810,5826,False,1233125376,1233125376
mmdu:27,7,2,0,4335,4333,2352,6685,6701,False,1233125376,1233125376
mmdu:27,8,2,0,4709,4707,2352,7059,7075,False,1233125376,1233125376
mmdu:27,9,2,0,5092,5090,2352,7442,7458,False,1233125376,1233125376
mmdu:27,10,2,0,5504,5502,2352,7854,7870,False,1233125376,1233125376
mmdu:27,11,2,0,5948,5946,2352,8298,8314,False,1233125376,1233125376
mmdu:27,12,2,0,6310,6308,2352,8660,8676,False,1233125376,1233125376
mmdu:27,13,2,0,6643,6641,2352,8993,9009,False,1233125376,1233125376
mmdu:27,14,2,0,7051,7049,2352,9401,9417,False,1233125376,1233125376
mmdu:27,15,2,0,7438,7436,2352,9788,9804,False,1233125376,1233125376
mmdu:27,16,2,0,7838,7836,2352,10188,10204,False,1233125376,1233125376
mmdu:27,17,2,0,8238,8236,2352,10588,10604,False,1233125376,1233125376
mmdu:27,18,2,0,8588,8586,2352,10938,10954,False,1233125376,1233125376
mmdu:91,1,1,1,39,38,1176,1214,1230,True,616562688,616562688
mmdu:91,2,1,0,519,518,1176,1694,1710,True,616562688,616562688
mmdu:91,3,1,0,934,933,1176,2109,2125,True,616562688,616562688
mmdu:91,4,2,1,1430,1428,2352,3780,3796,True,1233125376,1233125376
mmdu:91,5,2,0,2163,2161,2352,4513,4529,False,1233125376,1233125376
mmdu:91,6,2,0,3011,3009,2352,5361,5377,False,1233125376,1233125376
mmdu:91,7,3,1,3994,3991,3528,7519,7535,False,1849688064,1849688064
mmdu:91,8,3,0,4511,4508,3528,8036,8052,False,1849688064,1849688064
mmdu:91,9,3,0,4952,4949,3528,8477,8493,False,1849688064,1849688064
mmdu:91,10,4,1,5601,5597,4704,10301,10317,False,2466250752,2466250752
mmdu:91,11,4,0,6018,6014,4704,10718,10734,False,2466250752,2466250752
mmdu:91,12,4,0,6435,6431,4704,11135,11151,False,2466250752,2466250752
mmdu:91,13,4,0,6857,6853,4704,11557,11573,False,2466250752,2466250752
mmdu:91,14,4,0,7600,7596,4704,12300,12316,False,2466250752,2466250752
mmdu:91,15,4,0,8308,8304,4704,13008,13024,False,2466250752,2466250752
mmdu:91,16,4,0,9033,9029,4704,13733,13749,False,2466250752,2466250752
mmdu:91,17,4,0,9773,9769,4704,14473,14489,False,2466250752,2466250752
mmdu:91,18,4,0,10467,10463,4704,15167,15183,False,2466250752,2466250752
mmdu:91,19,4,0,11214,11210,4704,15914,15930,False,2466250752,2466250752
mmdu:90,1,1,1,45,44,1176,1220,1236,True,616562688,616562688
mmdu:90,2,1,0,591,590,1176,1766,1782,True,616562688,616562688
mmdu:90,3,1,0,1130,1129,1176,2305,2321,True,616562688,616562688
mmdu:90,4,2,1,1822,1820,2352,4172,4188,False,1233125376,1233125376
mmdu:90,5,2,0,2230,2228,2352,4580,4596,False,1233125376,1233125376
mmdu:90,6,2,0,2711,2709,2352,5061,5077,False,1233125376,1233125376
mmdu:90,7,3,1,3218,3215,3528,6743,6759,False,1849688064,1849688064
mmdu:90,8,3,0,3706,3703,3528,7231,7247,False,1849688064,1849688064
mmdu:90,9,3,0,4217,4214,3528,7742,7758,False,1849688064,1849688064
mmdu:90,10,4,1,4831,4827,4704,9531,9547,False,2466250752,2466250752
mmdu:90,11,4,0,5393,5389,4704,10093,10109,False,2466250752,2466250752
mmdu:90,12,4,0,6054,6050,4704,10754,10770,False,2466250752,2466250752
mmdu:90,13,4,0,6762,6758,4704,11462,11478,False,2466250752,2466250752
mmdu:90,14,4,0,7185,7181,4704,11885,11901,False,2466250752,2466250752
mmdu:90,15,4,0,7609,7605,4704,12309,12325,False,2466250752,2466250752
mmdu:90,16,4,0,8066,8062,4704,12766,12782,False,2466250752,2466250752
mmdu:90,17,4,0,8442,8438,4704,13142,13158,False,2466250752,2466250752
mmdu:90,18,4,0,8798,8794,4704,13498,13514,False,2466250752,2466250752
mmdu:90,19,4,0,9163,9159,4704,13863,13879,False,2466250752,2466250752
mmdu:90,20,4,0,9521,9517,4704,14221,14237,False,2466250752,2466250752
mmdu:63,1,1,1,31,30,1176,1206,1222,True,616562688,616562688
mmdu:63,2,1,0,572,571,1176,1747,1763,True,616562688,616562688
mmdu:63,3,1,0,1109,1108,1176,2284,2300,True,616562688,616562688
mmdu:63,4,2,1,1734,1732,2352,4084,4100,False,1233125376,1233125376
mmdu:63,5,2,0,1950,1948,2352,4300,4316,False,1233125376,1233125376
mmdu:63,6,2,0,2236,2234,2352,4586,4602,False,1233125376,1233125376
mmdu:63,7,2,0,2533,2531,2352,4883,4899,False,1233125376,1233125376
mmdu:63,8,2,0,2881,2879,2352,5231,5247,False,1233125376,1233125376
mmdu:63,9,2,0,3213,3211,2352,5563,5579,False,1233125376,1233125376
mmdu:63,10,2,0,3481,3479,2352,5831,5847,False,1233125376,1233125376
mmdu:63,11,2,0,3825,3823,2352,6175,6191,False,1233125376,1233125376
mmdu:63,12,2,0,4159,4157,2352,6509,6525,False,1233125376,1233125376
mmdu:63,13,2,0,4415,4413,2352,6765,6781,False,1233125376,1233125376
mmdu:63,14,2,0,4707,4705,2352,7057,7073,False,1233125376,1233125376
mmdu:63,15,2,0,5031,5029,2352,7381,7397,False,1233125376,1233125376
mmdu:63,16,2,0,5332,5330,2352,7682,7698,False,1233125376,1233125376
mmdu:22,1,1,1,35,34,1176,1210,1226,True,616562688,616562688
mmdu:22,2,1,0,462,461,1176,1637,1653,True,616562688,616562688
mmdu:22,3,1,0,871,870,1176,2046,2062,True,616562688,616562688
mmdu:22,4,2,1,1357,1355,2352,3707,3723,True,1233125376,1233125376
mmdu:22,5,2,0,1977,1975,2352,4327,4343,False,1233125376,1233125376
mmdu:22,6,2,0,2782,2780,2352,5132,5148,False,1233125376,1233125376
mmdu:22,7,2,0,3518,3516,2352,5868,5884,False,1233125376,1233125376
mmdu:22,8,2,0,3868,3866,2352,6218,6234,False,1233125376,1233125376
mmdu:22,9,2,0,4209,4207,2352,6559,6575,False,1233125376,1233125376
mmdu:22,10,2,0,4586,4584,2352,6936,6952,False,1233125376,1233125376
mmdu:22,11,2,0,4960,4958,2352,7310,7326,False,1233125376,1233125376
mmdu:22,12,2,0,5296,5294,2352,7646,7662,False,1233125376,1233125376
mmdu:22,13,2,0,5660,5658,2352,8010,8026,False,1233125376,1233125376
mmdu:22,14,2,0,5999,5997,2352,8349,8365,False,1233125376,1233125376
mmdu:22,15,2,0,6328,6326,2352,8678,8694,False,1233125376,1233125376
mmdu:22,16,2,0,6680,6678,2352,9030,9046,False,1233125376,1233125376
mmdu:30,1,1,1,33,32,1176,1208,1224,True,616562688,616562688
mmdu:30,2,1,0,662,661,1176,1837,1853,True,616562688,616562688
mmdu:30,3,1,0,1322,1321,1176,2497,2513,True,616562688,616562688
mmdu:30,4,2,1,2009,2007,2352,4359,4375,False,1233125376,1233125376
mmdu:30,5,3,1,2452,2449,3528,5977,5993,False,1849688064,1849688064
mmdu:30,6,3,0,3085,3082,3528,6610,6626,False,1849688064,1849688064
mmdu:30,7,3,0,3827,3824,3528,7352,7368,False,1849688064,1849688064
mmdu:30,8,3,0,4650,4647,3528,8175,8191,False,1849688064,1849688064
mmdu:30,9,3,0,5353,5350,3528,8878,8894,False,1849688064,1849688064
mmdu:30,10,3,0,6153,6150,3528,9678,9694,False,1849688064,1849688064
mmdu:30,11,3,0,6973,6970,3528,10498,10514,False,1849688064,1849688064
mmdu:30,12,3,0,7848,7845,3528,11373,11389,False,1849688064,1849688064
mmdu:30,13,3,0,8739,8736,3528,12264,12280,False,1849688064,1849688064
mmdu:52,1,1,1,35,34,1176,1210,1226,True,616562688,616562688
mmdu:52,2,1,0,632,631,1176,1807,1823,True,616562688,616562688
mmdu:52,3,1,0,1080,1079,1176,2255,2271,True,616562688,616562688
mmdu:52,4,2,1,1735,1733,2352,4085,4101,False,1233125376,1233125376
mmdu:52,5,2,0,1981,1979,2352,4331,4347,False,1233125376,1233125376
mmdu:52,6,2,0,2274,2272,2352,4624,4640,False,1233125376,1233125376
mmdu:52,7,2,0,2532,2530,2352,4882,4898,False,1233125376,1233125376
mmdu:52,8,2,0,2736,2734,2352,5086,5102,False,1233125376,1233125376
mmdu:52,9,2,0,2952,2950,2352,5302,5318,False,1233125376,1233125376
mmdu:52,10,2,0,3178,3176,2352,5528,5544,False,1233125376,1233125376
mmdu:52,11,2,0,3424,3422,2352,5774,5790,False,1233125376,1233125376
mmdu:52,12,2,0,3658,3656,2352,6008,6024,False,1233125376,1233125376
mmdu:52,13,2,0,3888,3886,2352,6238,6254,False,1233125376,1233125376
mmdu:52,14,2,0,4121,4119,2352,6471,6487,False,1233125376,1233125376
mmdu:46,1,4,4,77,73,4704,4777,4793,False,2466250752,2466250752
mmdu:46,2,4,0,784,780,4704,5484,5500,False,2466250752,2466250752
mmdu:46,3,4,0,1605,1601,4704,6305,6321,False,2466250752,2466250752
mmdu:46,4,4,0,2408,2404,4704,7108,7124,False,2466250752,2466250752
mmdu:46,5,4,0,3240,3236,4704,7940,7956,False,2466250752,2466250752
mmdu:23,1,1,1,27,26,1176,1202,1218,True,616562688,616562688
mmdu:23,2,1,0,521,520,1176,1696,1712,True,616562688,616562688
mmdu:23,3,1,0,1084,1083,1176,2259,2275,True,616562688,616562688
mmdu:23,4,2,1,1783,1781,2352,4133,4149,False,1233125376,1233125376
mmdu:23,5,2,0,2243,2241,2352,4593,4609,False,1233125376,1233125376
mmdu:23,6,2,0,2724,2722,2352,5074,5090,False,1233125376,1233125376
mmdu:23,7,3,1,3320,3317,3528,6845,6861,False,1849688064,1849688064
mmdu:23,8,3,0,3861,3858,3528,7386,7402,False,1849688064,1849688064
mmdu:23,9,3,0,4470,4467,3528,7995,8011,False,1849688064,1849688064
mmdu:23,10,3,0,5149,5146,3528,8674,8690,False,1849688064,1849688064
mmdu:23,11,3,0,5490,5487,3528,9015,9031,False,1849688064,1849688064
mmdu:23,12,3,0,5922,5919,3528,9447,9463,False,1849688064,1849688064
mmdu:23,13,3,0,6296,6293,3528,9821,9837,False,1849688064,1849688064
mmdu:23,14,3,0,6675,6672,3528,10200,10216,False,1849688064,1849688064
mmdu:23,15,3,0,7085,7082,3528,10610,10626,False,1849688064,1849688064
mmdu:23,16,3,0,7476,7473,3528,11001,11017,False,1849688064,1849688064
mmdu:23,17,3,0,7869,7866,3528,11394,11410,False,1849688064,1849688064
mmdu:23,18,3,0,8276,8273,3528,11801,11817,False,1849688064,1849688064
mmdu:23,19,3,0,8708,8705,3528,12233,12249,False,1849688064,1849688064
mmdu:26,1,1,1,37,36,1176,1212,1228,True,616562688,616562688
mmdu:26,2,1,0,520,519,1176,1695,1711,True,616562688,616562688
mmdu:26,3,1,0,1219,1218,1176,2394,2410,True,616562688,616562688
mmdu:26,4,2,1,1963,1961,2352,4313,4329,False,1233125376,1233125376
mmdu:26,5,2,0,2543,2541,2352,4893,4909,False,1233125376,1233125376
mmdu:26,6,2,0,3228,3226,2352,5578,5594,False,1233125376,1233125376
mmdu:26,7,3,1,3929,3926,3528,7454,7470,False,1849688064,1849688064
mmdu:26,8,3,0,4326,4323,3528,7851,7867,False,1849688064,1849688064
mmdu:26,9,3,0,4665,4662,3528,8190,8206,False,1849688064,1849688064
mmdu:26,10,3,0,5020,5017,3528,8545,8561,False,1849688064,1849688064
mmdu:26,11,3,0,5427,5424,3528,8952,8968,False,1849688064,1849688064
mmdu:26,12,3,0,5825,5822,3528,9350,9366,False,1849688064,1849688064
mmdu:26,13,3,0,6197,6194,3528,9722,9738,False,1849688064,1849688064
mmdu:101,1,9,9,130,121,10584,10705,10721,False,5549064192,5549064192
mmdu:101,2,9,0,329,320,10584,10904,10920,False,5549064192,5549064192
mmdu:101,3,9,0,532,523,10584,11107,11123,False,5549064192,5549064192
mmdu:101,4,11,2,736,725,12936,13661,13677,False,6782189568,6782189568
mmdu:101,5,11,0,1618,1607,12936,14543,14559,False,6782189568,6782189568
mmdu:101,6,11,0,2271,2260,12936,15196,15212,False,6782189568,6782189568
mmdu:101,7,11,0,2913,2902,12936,15838,15854,False,6782189568,6782189568
mmdu:101,8,11,0,3685,3674,12936,16610,16626,False,6782189568,6782189568
mmdu:101,9,11,0,4316,4305,12936,17241,17257,False,6782189568,6782189568
mmdu:101,10,11,0,4937,4926,12936,17862,17878,False,6782189568,6782189568
mmdu:92,1,1,1,55,54,1176,1230,1246,True,616562688,616562688
mmdu:92,2,1,0,537,536,1176,1712,1728,True,616562688,616562688
mmdu:92,3,1,0,1034,1033,1176,2209,2225,True,616562688,616562688
mmdu:92,4,2,1,1728,1726,2352,4078,4094,True,1233125376,1233125376
mmdu:92,5,2,0,2455,2453,2352,4805,4821,False,1233125376,1233125376
mmdu:92,6,2,0,3272,3270,2352,5622,5638,False,1233125376,1233125376
mmdu:92,7,2,0,4188,4186,2352,6538,6554,False,1233125376,1233125376
mmdu:92,8,2,0,4508,4506,2352,6858,6874,False,1233125376,1233125376
mmdu:92,9,2,0,4834,4832,2352,7184,7200,False,1233125376,1233125376
mmdu:92,10,2,0,5149,5147,2352,7499,7515,False,1233125376,1233125376
mmdu:92,11,2,0,5559,5557,2352,7909,7925,False,1233125376,1233125376
mmdu:92,12,2,0,5966,5964,2352,8316,8332,False,1233125376,1233125376
mmdu:92,13,2,0,6358,6356,2352,8708,8724,False,1233125376,1233125376
mmdu:92,14,2,0,6770,6768,2352,9120,9136,False,1233125376,1233125376
mmdu:92,15,2,0,7199,7197,2352,9549,9565,False,1233125376,1233125376
mmdu:92,16,2,0,7653,7651,2352,10003,10019,False,1233125376,1233125376
mmdu:54,1,1,1,41,40,1176,1216,1232,True,616562688,616562688
mmdu:54,2,1,0,680,679,1176,1855,1871,True,616562688,616562688
mmdu:54,3,1,0,1268,1267,1176,2443,2459,True,616562688,616562688
mmdu:54,4,2,1,1998,1996,2352,4348,4364,False,1233125376,1233125376
mmdu:54,5,2,0,2330,2328,2352,4680,4696,False,1233125376,1233125376
mmdu:54,6,2,0,2674,2672,2352,5024,5040,False,1233125376,1233125376
mmdu:54,7,2,0,3076,3074,2352,5426,5442,False,1233125376,1233125376
mmdu:54,8,2,0,3389,3387,2352,5739,5755,False,1233125376,1233125376
mmdu:54,9,2,0,3662,3660,2352,6012,6028,False,1233125376,1233125376
mmdu:54,10,2,0,3942,3940,2352,6292,6308,False,1233125376,1233125376
mmdu:54,11,2,0,4208,4206,2352,6558,6574,False,1233125376,1233125376
mmdu:54,12,2,0,4513,4511,2352,6863,6879,False,1233125376,1233125376
mmdu:54,13,2,0,4814,4812,2352,7164,7180,False,1233125376,1233125376
mmdu:54,14,2,0,5094,5092,2352,7444,7460,False,1233125376,1233125376
mmdu:54,15,2,0,5377,5375,2352,7727,7743,False,1233125376,1233125376
mmdu:50,1,2,2,40,38,2352,2390,2406,True,1233125376,1233125376
mmdu:50,2,2,0,366,364,2352,2716,2732,True,1233125376,1233125376
mmdu:50,3,2,0,705,703,2352,3055,3071,True,1233125376,1233125376
mmdu:50,4,2,0,997,995,2352,3347,3363,True,1233125376,1233125376
mmdu:50,5,2,0,1311,1309,2352,3661,3677,True,1233125376,1233125376
mmdu:50,6,2,0,1662,1660,2352,4012,4028,True,1233125376,1233125376
mmdu:50,7,2,0,2014,2012,2352,4364,4380,False,1233125376,1233125376
mmdu:50,8,2,0,2314,2312,2352,4664,4680,False,1233125376,1233125376
mmdu:50,9,2,0,2646,2644,2352,4996,5012,False,1233125376,1233125376
mmdu:50,10,2,0,3003,3001,2352,5353,5369,False,1233125376,1233125376
mmdu:42,1,1,1,32,31,1176,1207,1223,True,616562688,616562688
mmdu:42,2,1,0,456,455,1176,1631,1647,True,616562688,616562688
mmdu:42,3,1,0,894,893,1176,2069,2085,True,616562688,616562688
mmdu:42,4,2,1,1294,1292,2352,3644,3660,True,1233125376,1233125376
mmdu:42,5,2,0,1781,1779,2352,4131,4147,False,1233125376,1233125376
mmdu:42,6,2,0,2029,2027,2352,4379,4395,False,1233125376,1233125376
mmdu:42,7,2,0,2295,2293,2352,4645,4661,False,1233125376,1233125376
mmdu:42,8,2,0,2513,2511,2352,4863,4879,False,1233125376,1233125376
mmdu:42,9,2,0,2775,2773,2352,5125,5141,False,1233125376,1233125376
mmdu:42,10,2,0,3056,3054,2352,5406,5422,False,1233125376,1233125376
mmdu:42,11,2,0,3325,3323,2352,5675,5691,False,1233125376,1233125376
mmdu:42,12,2,0,3584,3582,2352,5934,5950,False,1233125376,1233125376
mmdu:42,13,2,0,3850,3848,2352,6200,6216,False,1233125376,1233125376
mmdu:42,14,2,0,4120,4118,2352,6470,6486,False,1233125376,1233125376
mmdu:42,15,2,0,4427,4425,2352,6777,6793,False,1233125376,1233125376
mmdu:42,16,2,0,4719,4717,2352,7069,7085,False,1233125376,1233125376
mmdu:42,17,2,0,5025,5023,2352,7375,7391,False,1233125376,1233125376
mmdu:42,18,2,0,5275,5273,2352,7625,7641,False,1233125376,1233125376
mmdu:42,19,2,0,5554,5552,2352,7904,7920,False,1233125376,1233125376
mmdu:87,1,3,3,49,46,3528,3574,3590,True,1849688064,1849688064
mmdu:87,2,3,0,588,585,3528,4113,4129,False,1849688064,1849688064
mmdu:87,3,3,0,1119,1116,3528,4644,4660,False,1849688064,1849688064
mmdu:87,4,3,0,1755,1752,3528,5280,5296,False,1849688064,1849688064
mmdu:87,5,3,0,2437,2434,3528,5962,5978,False,1849688064,1849688064
mmdu:87,6,3,0,3159,3156,3528,6684,6700,False,1849688064,1849688064
mmdu:66,1,5,5,67,62,5880,5942,5958,False,3082813440,3082813440
mmdu:66,2,5,0,539,534,5880,6414,6430,False,3082813440,3082813440
mmdu:66,3,5,0,995,990,5880,6870,6886,False,3082813440,3082813440
mmdu:66,4,5,0,1480,1475,5880,7355,7371,False,3082813440,3082813440
mmdu:66,5,5,0,2001,1996,5880,7876,7892,False,3082813440,3082813440
mmdu:66,6,5,0,2464,2459,5880,8339,8355,False,3082813440,3082813440
mmdu:66,7,5,0,3016,3011,5880,8891,8907,False,3082813440,3082813440
mmdu:66,8,5,0,3541,3536,5880,9416,9432,False,3082813440,3082813440
mmdu:66,9,5,0,4069,4064,5880,9944,9960,False,3082813440,3082813440
mmdu:66,10,5,0,4556,4551,5880,10431,10447,False,3082813440,3082813440
mmdu:12,1,1,1,30,29,1176,1205,1221,True,616562688,616562688
mmdu:12,2,1,0,573,572,1176,1748,1764,True,616562688,616562688
mmdu:12,3,1,0,1103,1102,1176,2278,2294,True,616562688,616562688
mmdu:12,4,2,1,1853,1851,2352,4203,4219,False,1233125376,1233125376
mmdu:12,5,2,0,2253,2251,2352,4603,4619,False,1233125376,1233125376
mmdu:12,6,2,0,2815,2813,2352,5165,5181,False,1233125376,1233125376
mmdu:12,7,2,0,3492,3490,2352,5842,5858,False,1233125376,1233125376
mmdu:12,8,2,0,3819,3817,2352,6169,6185,False,1233125376,1233125376
mmdu:12,9,2,0,4138,4136,2352,6488,6504,False,1233125376,1233125376
mmdu:12,10,2,0,4439,4437,2352,6789,6805,False,1233125376,1233125376
mmdu:12,11,2,0,4748,4746,2352,7098,7114,False,1233125376,1233125376
mmdu:12,12,2,0,5057,5055,2352,7407,7423,False,1233125376,1233125376
mmdu:12,13,2,0,5405,5403,2352,7755,7771,False,1233125376,1233125376
mmdu:12,14,2,0,5624,5622,2352,7974,7990,False,1233125376,1233125376
mmdu:12,15,2,0,5907,5905,2352,8257,8273,False,1233125376,1233125376
mmdu:98,1,1,1,34,33,1176,1209,1225,True,616562688,616562688
mmdu:98,2,1,0,632,631,1176,1807,1823,True,616562688,616562688
mmdu:98,3,1,0,1261,1260,1176,2436,2452,True,616562688,616562688
mmdu:98,4,2,1,2071,2069,2352,4421,4437,False,1233125376,1233125376
mmdu:98,5,2,0,2792,2790,2352,5142,5158,False,1233125376,1233125376
mmdu:98,6,2,0,3526,3524,2352,5876,5892,False,1233125376,1233125376
mmdu:98,7,2,0,4427,4425,2352,6777,6793,False,1233125376,1233125376
mmdu:98,8,2,0,4720,4718,2352,7070,7086,False,1233125376,1233125376
mmdu:98,9,2,0,5025,5023,2352,7375,7391,False,1233125376,1233125376
mmdu:98,10,2,0,5271,5269,2352,7621,7637,False,1233125376,1233125376
mmdu:98,11,2,0,5538,5536,2352,7888,7904,False,1233125376,1233125376
mmdu:98,12,2,0,5781,5779,2352,8131,8147,False,1233125376,1233125376
mmdu:98,13,2,0,6043,6041,2352,8393,8409,False,1233125376,1233125376
mmdu:98,14,2,0,6326,6324,2352,8676,8692,False,1233125376,1233125376
mmdu:98,15,2,0,6622,6620,2352,8972,8988,False,1233125376,1233125376
mmdu:88,1,1,1,43,42,1176,1218,1234,True,616562688,616562688
mmdu:88,2,1,0,580,579,1176,1755,1771,True,616562688,616562688
mmdu:88,3,1,0,1126,1125,1176,2301,2317,True,616562688,616562688
mmdu:88,4,2,1,1832,1830,2352,4182,4198,False,1233125376,1233125376
mmdu:88,5,2,0,2333,2331,2352,4683,4699,False,1233125376,1233125376
mmdu:88,6,2,0,2919,2917,2352,5269,5285,False,1233125376,1233125376
mmdu:88,7,3,1,3576,3573,3528,7101,7117,False,1849688064,1849688064
mmdu:88,8,3,0,4134,4131,3528,7659,7675,False,1849688064,1849688064
mmdu:88,9,3,0,4779,4776,3528,8304,8320,False,1849688064,1849688064
mmdu:88,10,4,1,5571,5567,4704,10271,10287,False,2466250752,2466250752
mmdu:88,11,4,0,6050,6046,4704,10750,10766,False,2466250752,2466250752
mmdu:88,12,4,0,6495,6491,4704,11195,11211,False,2466250752,2466250752
mmdu:88,13,5,1,7029,7024,5880,12904,12920,False,3082813440,3082813440
mmdu:88,14,5,0,7407,7402,5880,13282,13298,False,3082813440,3082813440
mmdu:88,15,5,0,7729,7724,5880,13604,13620,False,3082813440,3082813440
mmdu:88,16,5,0,8109,8104,5880,13984,14000,False,3082813440,3082813440
mmdu:88,17,5,0,8493,8488,5880,14368,14384,False,3082813440,3082813440
mmdu:88,18,5,0,8825,8820,5880,14700,14716,False,3082813440,3082813440
mmdu:88,19,5,0,9163,9158,5880,15038,15054,False,3082813440,3082813440
mmdu:88,20,5,0,9503,9498,5880,15378,15394,False,3082813440,3082813440
mmdu:88,21,5,0,9924,9919,5880,15799,15815,False,3082813440,3082813440
mmdu:88,22,5,0,10319,10314,5880,16194,16210,False,3082813440,3082813440
mmdu:88,23,5,0,10732,10727,5880,16607,16623,False,3082813440,3082813440
mmdu:88,24,5,0,11113,11108,5880,16988,17004,False,3082813440,3082813440
mmdu:82,1,4,4,66,62,4704,4766,4782,False,2466250752,2466250752
mmdu:82,2,4,0,524,520,4704,5224,5240,False,2466250752,2466250752
mmdu:82,3,4,0,1035,1031,4704,5735,5751,False,2466250752,2466250752
mmdu:82,4,4,0,1600,1596,4704,6300,6316,False,2466250752,2466250752
mmdu:82,5,4,0,2141,2137,4704,6841,6857,False,2466250752,2466250752
mmdu:82,6,4,0,2741,2737,4704,7441,7457,False,2466250752,2466250752
mmdu:82,7,4,0,3303,3299,4704,8003,8019,False,2466250752,2466250752
mmdu:82,8,4,0,3856,3852,4704,8556,8572,False,2466250752,2466250752
