receipt_path,source_hidden_policy,same_Q_K_raters,timing_scope,pearson_score_correlation,topk_intersection,topk_overlap_fraction,topk_jaccard,probe3_chunk_count,allhead_chunk_count
gpu_validation/samples/0/methods/sparsevlm_ssd_kv25_probe3/layers/0,fixed_first_3,True,validation_only,0.842961750047925,442,0.8371212121212122,0.7198697068403909,28,27
gpu_validation/samples/0/methods/sparsevlm_ssd_kv25_probe3/layers/1,fixed_first_3,True,validation_only,0.9290119437217293,461,0.8731060606060606,0.7747899159663866,34,34
gpu_validation/samples/0/methods/sparsevlm_ssd_kv25_probe3/layers/2,fixed_first_3,True,validation_only,0.9850407937996172,444,0.8409090909090909,0.7254901960784313,33,34
gpu_validation/samples/0/methods/sparsevlm_ssd_kv25_probe3/layers/3,fixed_first_3,True,validation_only,0.9939117921747238,396,0.75,0.6,34,33
gpu_validation/samples/0/methods/sparsevlm_ssd_kv25_probe3/layers/4,fixed_first_3,True,validation_only,0.8915475153611954,416,0.7878787878787878,0.65,34,34
gpu_validation/samples/0/methods/sparsevlm_ssd_kv25_probe3/layers/5,fixed_first_3,True,validation_only,0.908737279543742,428,0.8106060606060606,0.6815286624203821,34,34
gpu_validation/samples/0/methods/sparsevlm_ssd_kv25_probe3/layers/6,fixed_first_3,True,validation_only,0.8452480307622996,434,0.821969696969697,0.6977491961414791,34,34
gpu_validation/samples/0/methods/sparsevlm_ssd_kv25_probe3/layers/7,fixed_first_3,True,validation_only,0.9500397101223624,437,0.8276515151515151,0.7059773828756059,34,34
gpu_validation/samples/0/methods/sparsevlm_ssd_kv25_probe3/layers/8,fixed_first_3,True,validation_only,0.83298770513541,327,0.6193181818181818,0.448559670781893,33,34
gpu_validation/samples/0/methods/sparsevlm_ssd_kv25_probe3/layers/9,fixed_first_3,True,validation_only,0.910568577408869,377,0.7140151515151515,0.5552282768777614,33,34
gpu_validation/samples/0/methods/sparsevlm_ssd_kv25_probe3/layers/10,fixed_first_3,True,validation_only,0.8230767266907374,416,0.7878787878787878,0.65,34,34
gpu_validation/samples/0/methods/sparsevlm_ssd_kv25_probe3/layers/11,fixed_first_3,True,validation_only,0.55547921137457,334,0.6325757575757576,0.4626038781163435,34,34
gpu_validation/samples/0/methods/sparsevlm_ssd_kv25_probe3/layers/12,fixed_first_3,True,validation_only,0.7156077782671072,358,0.678030303030303,0.5128939828080229,33,34
gpu_validation/samples/0/methods/sparsevlm_ssd_kv25_probe3/layers/13,fixed_first_3,True,validation_only,0.5455666186690646,397,0.7518939393939394,0.6024279210925645,34,34
gpu_validation/samples/0/methods/sparsevlm_ssd_kv25_probe3/layers/14,fixed_first_3,True,validation_only,0.6463508581936024,369,0.6988636363636364,0.537117903930131,34,34
gpu_validation/samples/0/methods/sparsevlm_ssd_kv25_probe3/layers/15,fixed_first_3,True,validation_only,0.756465916386605,339,0.6420454545454546,0.47280334728033474,34,34
gpu_validation/samples/0/methods/sparsevlm_ssd_kv25_probe3/layers/16,fixed_first_3,True,validation_only,0.7577930949922993,379,0.7178030303030303,0.5598227474150664,34,34
gpu_validation/samples/0/methods/sparsevlm_ssd_kv25_probe3/layers/17,fixed_first_3,True,validation_only,0.7545741315820882,400,0.7575757575757576,0.6097560975609756,34,34
gpu_validation/samples/0/methods/sparsevlm_ssd_kv25_probe3/layers/18,fixed_first_3,True,validation_only,0.4983682570868366,358,0.678030303030303,0.5128939828080229,34,34
gpu_validation/samples/0/methods/sparsevlm_ssd_kv25_probe3/layers/19,fixed_first_3,True,validation_only,0.34177641171732076,282,0.5340909090909091,0.3643410852713178,30,34
gpu_validation/samples/0/methods/sparsevlm_ssd_kv25_probe3/layers/20,fixed_first_3,True,validation_only,0.834767426677717,413,0.7821969696969697,0.6423017107309487,34,34
gpu_validation/samples/0/methods/sparsevlm_ssd_kv25_probe3/layers/21,fixed_first_3,True,validation_only,0.657653668561765,427,0.8087121212121212,0.6788553259141494,34,34
gpu_validation/samples/0/methods/sparsevlm_ssd_kv25_probe3/layers/22,fixed_first_3,True,validation_only,0.3151205462056972,272,0.5151515151515151,0.3469387755102041,30,34
gpu_validation/samples/0/methods/sparsevlm_ssd_kv25_probe3/layers/23,fixed_first_3,True,validation_only,0.7091712747045279,395,0.7481060606060606,0.5975794251134644,34,34
gpu_validation/samples/0/methods/sparsevlm_ssd_kv25_probe3/layers/24,fixed_first_3,True,validation_only,0.5227616190348277,383,0.7253787878787878,0.5690936106983655,34,34
gpu_validation/samples/0/methods/sparsevlm_ssd_kv25_probe3/layers/25,fixed_first_3,True,validation_only,0.6151810667018955,383,0.7253787878787878,0.5690936106983655,34,34
gpu_validation/samples/0/methods/sparsevlm_ssd_kv25_probe3/layers/26,fixed_first_3,True,validation_only,0.4717381033706864,342,0.6477272727272727,0.4789915966386555,33,34
gpu_validation/samples/0/methods/sparsevlm_ssd_kv25_probe3/layers/27,fixed_first_3,True,validation_only,0.7708791402311862,407,0.7708333333333334,0.6271186440677966,31,31
gpu_validation/samples/0/methods/sparsevlm_ssd_kv25_probe3/layers/28,fixed_first_3,True,validation_only,0.6896700648166346,372,0.7045454545454546,0.543859649122807,32,34
gpu_validation/samples/0/methods/sparsevlm_ssd_kv25_probe3/layers/29,fixed_first_3,True,validation_only,0.5001962614494536,373,0.7064393939393939,0.5461200585651538,34,34
gpu_validation/samples/0/methods/sparsevlm_ssd_kv25_probe3/layers/30,fixed_first_3,True,validation_only,0.7941840272868133,386,0.7310606060606061,0.5761194029850746,33,34
gpu_validation/samples/0/methods/sparsevlm_ssd_kv25_probe3/layers/31,fixed_first_3,True,validation_only,0.876338637986818,378,0.7159090909090909,0.5575221238938053,33,33
gpu_validation/samples/0/methods/sparsevlm_ssd_kv25_allhead/layers/0,all,True,validation_only,0.842961750047925,442,0.8371212121212122,0.7198697068403909,28,27
gpu_validation/samples/0/methods/sparsevlm_ssd_kv25_allhead/layers/1,all,True,validation_only,0.9162691323113943,458,0.8674242424242424,0.7658862876254181,34,34
gpu_validation/samples/0/methods/sparsevlm_ssd_kv25_allhead/layers/2,all,True,validation_only,0.9838340289788515,447,0.8465909090909091,0.7339901477832512,33,34
gpu_validation/samples/0/methods/sparsevlm_ssd_kv25_allhead/layers/3,all,True,validation_only,0.9939525975668013,401,0.759469696969697,0.6122137404580152,33,33
gpu_validation/samples/0/methods/sparsevlm_ssd_kv25_allhead/layers/4,all,True,validation_only,0.8949130680802444,417,0.7897727272727273,0.6525821596244131,34,34
gpu_validation/samples/0/methods/sparsevlm_ssd_kv25_allhead/layers/5,all,True,validation_only,0.9102297481502148,432,0.8181818181818182,0.6923076923076923,34,34
gpu_validation/samples/0/methods/sparsevlm_ssd_kv25_allhead/layers/6,all,True,validation_only,0.8445506856580852,437,0.8276515151515151,0.7059773828756059,34,34
gpu_validation/samples/0/methods/sparsevlm_ssd_kv25_allhead/layers/7,all,True,validation_only,0.9499881890893499,438,0.8295454545454546,0.7087378640776699,34,34
gpu_validation/samples/0/methods/sparsevlm_ssd_kv25_allhead/layers/8,all,True,validation_only,0.8290805025061729,323,0.6117424242424242,0.4406548431105048,34,34
gpu_validation/samples/0/methods/sparsevlm_ssd_kv25_allhead/layers/9,all,True,validation_only,0.91723701681817,373,0.7064393939393939,0.5461200585651538,32,34
gpu_validation/samples/0/methods/sparsevlm_ssd_kv25_allhead/layers/10,all,True,validation_only,0.828793596790665,407,0.7708333333333334,0.6271186440677966,34,34
gpu_validation/samples/0/methods/sparsevlm_ssd_kv25_allhead/layers/11,all,True,validation_only,0.5486807225390459,337,0.6382575757575758,0.46870653685674546,34,34
gpu_validation/samples/0/methods/sparsevlm_ssd_kv25_allhead/layers/12,all,True,validation_only,0.7184025191778075,361,0.6837121212121212,0.5194244604316547,33,34
gpu_validation/samples/0/methods/sparsevlm_ssd_kv25_allhead/layers/13,all,True,validation_only,0.5424051370121452,396,0.75,0.6,34,34
gpu_validation/samples/0/methods/sparsevlm_ssd_kv25_allhead/layers/14,all,True,validation_only,0.624379794636229,366,0.6931818181818182,0.5304347826086957,34,34
gpu_validation/samples/0/methods/sparsevlm_ssd_kv25_allhead/layers/15,all,True,validation_only,0.6953842433095355,339,0.6420454545454546,0.47280334728033474,34,34
gpu_validation/samples/0/methods/sparsevlm_ssd_kv25_allhead/layers/16,all,True,validation_only,0.7641108426057633,375,0.7102272727272727,0.5506607929515418,34,34
gpu_validation/samples/0/methods/sparsevlm_ssd_kv25_allhead/layers/17,all,True,validation_only,0.7513899396738563,395,0.7481060606060606,0.5975794251134644,33,34
gpu_validation/samples/0/methods/sparsevlm_ssd_kv25_allhead/layers/18,all,True,validation_only,0.5121431742490192,361,0.6837121212121212,0.5194244604316547,34,34
gpu_validation/samples/0/methods/sparsevlm_ssd_kv25_allhead/layers/19,all,True,validation_only,0.3630387625368383,283,0.5359848484848485,0.36610608020698576,32,34
gpu_validation/samples/0/methods/sparsevlm_ssd_kv25_allhead/layers/20,all,True,validation_only,0.8107806895349532,403,0.7632575757575758,0.6171516079632465,34,34
gpu_validation/samples/0/methods/sparsevlm_ssd_kv25_allhead/layers/21,all,True,validation_only,0.645212943130332,422,0.7992424242424242,0.6656151419558359,34,34
gpu_validation/samples/0/methods/sparsevlm_ssd_kv25_allhead/layers/22,all,True,validation_only,0.34509360668284905,272,0.5151515151515151,0.3469387755102041,30,34
gpu_validation/samples/0/methods/sparsevlm_ssd_kv25_allhead/layers/23,all,True,validation_only,0.6969719077151713,404,0.7651515151515151,0.6196319018404908,34,34
gpu_validation/samples/0/methods/sparsevlm_ssd_kv25_allhead/layers/24,all,True,validation_only,0.5436028314792465,389,0.7367424242424242,0.5832083958020989,34,34
gpu_validation/samples/0/methods/sparsevlm_ssd_kv25_allhead/layers/25,all,True,validation_only,0.6289113237754562,383,0.7253787878787878,0.5690936106983655,34,34
gpu_validation/samples/0/methods/sparsevlm_ssd_kv25_allhead/layers/26,all,True,validation_only,0.4746075679745103,343,0.6496212121212122,0.48106591865357645,33,33
gpu_validation/samples/0/methods/sparsevlm_ssd_kv25_allhead/layers/27,all,True,validation_only,0.7777596999456379,407,0.7708333333333334,0.6271186440677966,31,32
gpu_validation/samples/0/methods/sparsevlm_ssd_kv25_allhead/layers/28,all,True,validation_only,0.6826740839308949,372,0.7045454545454546,0.543859649122807,32,34
gpu_validation/samples/0/methods/sparsevlm_ssd_kv25_allhead/layers/29,all,True,validation_only,0.5056280781993348,375,0.7102272727272727,0.5506607929515418,34,34
gpu_validation/samples/0/methods/sparsevlm_ssd_kv25_allhead/layers/30,all,True,validation_only,0.7970673971705184,385,0.7291666666666666,0.5737704918032787,33,34
gpu_validation/samples/0/methods/sparsevlm_ssd_kv25_allhead/layers/31,all,True,validation_only,0.8747904869963671,376,0.7121212121212122,0.5529411764705883,33,33
gpu_validation/samples/1/methods/sparsevlm_ssd_kv25_probe3/layers/0,fixed_first_3,True,validation_only,0.8511139503279914,486,0.84375,0.7297297297297297,36,34
gpu_validation/samples/1/methods/sparsevlm_ssd_kv25_probe3/layers/1,fixed_first_3,True,validation_only,0.9148926564681619,512,0.8888888888888888,0.8,36,36
gpu_validation/samples/1/methods/sparsevlm_ssd_kv25_probe3/layers/2,fixed_first_3,True,validation_only,0.9784826581441807,497,0.8628472222222222,0.7587786259541984,35,36
gpu_validation/samples/1/methods/sparsevlm_ssd_kv25_probe3/layers/3,fixed_first_3,True,validation_only,0.9770118907235116,378,0.65625,0.4883720930232558,35,37
gpu_validation/samples/1/methods/sparsevlm_ssd_kv25_probe3/layers/4,fixed_first_3,True,validation_only,0.7934816936078378,469,0.8142361111111112,0.6866764275256223,37,36
gpu_validation/samples/1/methods/sparsevlm_ssd_kv25_probe3/layers/5,fixed_first_3,True,validation_only,0.8708079151125698,461,0.8003472222222222,0.6671490593342981,35,36
gpu_validation/samples/1/methods/sparsevlm_ssd_kv25_probe3/layers/6,fixed_first_3,True,validation_only,0.8919178922908325,475,0.8246527777777778,0.7016248153618907,37,37
gpu_validation/samples/1/methods/sparsevlm_ssd_kv25_probe3/layers/7,fixed_first_3,True,validation_only,0.8875447368304431,461,0.8003472222222222,0.6671490593342981,37,37
gpu_validation/samples/1/methods/sparsevlm_ssd_kv25_probe3/layers/8,fixed_first_3,True,validation_only,0.6622556039824077,338,0.5868055555555556,0.4152334152334152,35,37
gpu_validation/samples/1/methods/sparsevlm_ssd_kv25_probe3/layers/9,fixed_first_3,True,validation_only,0.8276664405056418,383,0.6649305555555556,0.4980494148244473,36,37
gpu_validation/samples/1/methods/sparsevlm_ssd_kv25_probe3/layers/10,fixed_first_3,True,validation_only,0.8221707627750292,455,0.7899305555555556,0.6527977044476327,37,37
gpu_validation/samples/1/methods/sparsevlm_ssd_kv25_probe3/layers/11,fixed_first_3,True,validation_only,0.6088988148018967,372,0.6458333333333334,0.47692307692307695,37,37
gpu_validation/samples/1/methods/sparsevlm_ssd_kv25_probe3/layers/12,fixed_first_3,True,validation_only,0.5693497869526779,334,0.5798611111111112,0.4083129584352078,37,37
gpu_validation/samples/1/methods/sparsevlm_ssd_kv25_probe3/layers/13,fixed_first_3,True,validation_only,0.7125750120997453,408,0.7083333333333334,0.5483870967741935,37,37
gpu_validation/samples/1/methods/sparsevlm_ssd_kv25_probe3/layers/14,fixed_first_3,True,validation_only,0.6331616923275429,413,0.7170138888888888,0.5588633288227334,37,37
gpu_validation/samples/1/methods/sparsevlm_ssd_kv25_probe3/layers/15,fixed_first_3,True,validation_only,0.5999090162561298,366,0.6354166666666666,0.46564885496183206,37,37
gpu_validation/samples/1/methods/sparsevlm_ssd_kv25_probe3/layers/16,fixed_first_3,True,validation_only,0.7605263972927672,395,0.6857638888888888,0.5217965653896962,37,37
gpu_validation/samples/1/methods/sparsevlm_ssd_kv25_probe3/layers/17,fixed_first_3,True,validation_only,0.7507205872933504,430,0.7465277777777778,0.5955678670360111,37,37
gpu_validation/samples/1/methods/sparsevlm_ssd_kv25_probe3/layers/18,fixed_first_3,True,validation_only,0.6730346203486376,405,0.703125,0.5421686746987951,37,37
gpu_validation/samples/1/methods/sparsevlm_ssd_kv25_probe3/layers/19,fixed_first_3,True,validation_only,0.48693511593571187,294,0.5104166666666666,0.34265734265734266,33,37
gpu_validation/samples/1/methods/sparsevlm_ssd_kv25_probe3/layers/20,fixed_first_3,True,validation_only,0.7079137482641609,420,0.7291666666666666,0.5737704918032787,37,37
gpu_validation/samples/1/methods/sparsevlm_ssd_kv25_probe3/layers/21,fixed_first_3,True,validation_only,0.6031454217899548,418,0.7256944444444444,0.5694822888283378,37,37
gpu_validation/samples/1/methods/sparsevlm_ssd_kv25_probe3/layers/22,fixed_first_3,True,validation_only,0.39360784760689443,300,0.5208333333333334,0.352112676056338,36,37
gpu_validation/samples/1/methods/sparsevlm_ssd_kv25_probe3/layers/23,fixed_first_3,True,validation_only,0.6400868700287083,449,0.7795138888888888,0.6386913229018493,37,37
gpu_validation/samples/1/methods/sparsevlm_ssd_kv25_probe3/layers/24,fixed_first_3,True,validation_only,0.48964574414625117,376,0.6527777777777778,0.4845360824742268,37,37
gpu_validation/samples/1/methods/sparsevlm_ssd_kv25_probe3/layers/25,fixed_first_3,True,validation_only,0.594929979167875,419,0.7274305555555556,0.5716234652114598,37,37
gpu_validation/samples/1/methods/sparsevlm_ssd_kv25_probe3/layers/26,fixed_first_3,True,validation_only,0.6178358376687262,350,0.6076388888888888,0.43640897755610975,36,37
gpu_validation/samples/1/methods/sparsevlm_ssd_kv25_probe3/layers/27,fixed_first_3,True,validation_only,0.699929898499419,462,0.8020833333333334,0.6695652173913044,35,36
gpu_validation/samples/1/methods/sparsevlm_ssd_kv25_probe3/layers/28,fixed_first_3,True,validation_only,0.7952653039083926,375,0.6510416666666666,0.4826254826254826,33,37
gpu_validation/samples/1/methods/sparsevlm_ssd_kv25_probe3/layers/29,fixed_first_3,True,validation_only,0.6115936250753379,373,0.6475694444444444,0.47881899871630296,37,37
gpu_validation/samples/1/methods/sparsevlm_ssd_kv25_probe3/layers/30,fixed_first_3,True,validation_only,0.9635581454357729,394,0.6840277777777778,0.5197889182058048,34,37
gpu_validation/samples/1/methods/sparsevlm_ssd_kv25_probe3/layers/31,fixed_first_3,True,validation_only,0.9733157862859764,412,0.7152777777777778,0.5567567567567567,37,37
gpu_validation/samples/1/methods/sparsevlm_ssd_kv25_allhead/layers/0,all,True,validation_only,0.8511139503279914,486,0.84375,0.7297297297297297,36,34
gpu_validation/samples/1/methods/sparsevlm_ssd_kv25_allhead/layers/1,all,True,validation_only,0.9120088411853831,513,0.890625,0.8028169014084507,36,36
gpu_validation/samples/1/methods/sparsevlm_ssd_kv25_allhead/layers/2,all,True,validation_only,0.9782605437177642,499,0.8663194444444444,0.7641653905053599,35,36
gpu_validation/samples/1/methods/sparsevlm_ssd_kv25_allhead/layers/3,all,True,validation_only,0.9777600394404155,380,0.6597222222222222,0.49222797927461137,35,37
gpu_validation/samples/1/methods/sparsevlm_ssd_kv25_allhead/layers/4,all,True,validation_only,0.7995797421656721,471,0.8177083333333334,0.6916299559471366,37,36
gpu_validation/samples/1/methods/sparsevlm_ssd_kv25_allhead/layers/5,all,True,validation_only,0.8737102859515974,460,0.7986111111111112,0.6647398843930635,35,36
gpu_validation/samples/1/methods/sparsevlm_ssd_kv25_allhead/layers/6,all,True,validation_only,0.8937328065359698,475,0.8246527777777778,0.7016248153618907,37,37
gpu_validation/samples/1/methods/sparsevlm_ssd_kv25_allhead/layers/7,all,True,validation_only,0.8887631836468771,459,0.796875,0.6623376623376623,37,37
gpu_validation/samples/1/methods/sparsevlm_ssd_kv25_allhead/layers/8,all,True,validation_only,0.6592092998734826,335,0.5815972222222222,0.41003671970624234,35,37
gpu_validation/samples/1/methods/sparsevlm_ssd_kv25_allhead/layers/9,all,True,validation_only,0.8418169638495596,383,0.6649305555555556,0.4980494148244473,36,37
gpu_validation/samples/1/methods/sparsevlm_ssd_kv25_allhead/layers/10,all,True,validation_only,0.8256708409495558,451,0.7829861111111112,0.6433666191155493,37,37
gpu_validation/samples/1/methods/sparsevlm_ssd_kv25_allhead/layers/11,all,True,validation_only,0.6083259626167822,367,0.6371527777777778,0.467515923566879,37,37
gpu_validation/samples/1/methods/sparsevlm_ssd_kv25_allhead/layers/12,all,True,validation_only,0.5411172782467003,334,0.5798611111111112,0.4083129584352078,37,37
gpu_validation/samples/1/methods/sparsevlm_ssd_kv25_allhead/layers/13,all,True,validation_only,0.7219377096907443,414,0.71875,0.5609756097560976,37,37
gpu_validation/samples/1/methods/sparsevlm_ssd_kv25_allhead/layers/14,all,True,validation_only,0.7160601898972639,413,0.7170138888888888,0.5588633288227334,37,37
gpu_validation/samples/1/methods/sparsevlm_ssd_kv25_allhead/layers/15,all,True,validation_only,0.5614206842103439,362,0.6284722222222222,0.4582278481012658,37,37
gpu_validation/samples/1/methods/sparsevlm_ssd_kv25_allhead/layers/16,all,True,validation_only,0.761334975630312,394,0.6840277777777778,0.5197889182058048,37,37
gpu_validation/samples/1/methods/sparsevlm_ssd_kv25_allhead/layers/17,all,True,validation_only,0.7597930297430332,441,0.765625,0.620253164556962,37,37
gpu_validation/samples/1/methods/sparsevlm_ssd_kv25_allhead/layers/18,all,True,validation_only,0.6563858268721957,398,0.6909722222222222,0.5278514588859416,37,37
gpu_validation/samples/1/methods/sparsevlm_ssd_kv25_allhead/layers/19,all,True,validation_only,0.4563802640381526,298,0.5173611111111112,0.34894613583138173,32,37
gpu_validation/samples/1/methods/sparsevlm_ssd_kv25_allhead/layers/20,all,True,validation_only,0.6659068606830999,415,0.7204861111111112,0.5630936227951153,37,37
gpu_validation/samples/1/methods/sparsevlm_ssd_kv25_allhead/layers/21,all,True,validation_only,0.5650092431407876,427,0.7413194444444444,0.5889655172413794,37,37
gpu_validation/samples/1/methods/sparsevlm_ssd_kv25_allhead/layers/22,all,True,validation_only,0.39379133442871617,301,0.5225694444444444,0.3537015276145711,36,37
gpu_validation/samples/1/methods/sparsevlm_ssd_kv25_allhead/layers/23,all,True,validation_only,0.6412840220538485,441,0.765625,0.620253164556962,37,37
gpu_validation/samples/1/methods/sparsevlm_ssd_kv25_allhead/layers/24,all,True,validation_only,0.47617466455757096,373,0.6475694444444444,0.47881899871630296,37,37
gpu_validation/samples/1/methods/sparsevlm_ssd_kv25_allhead/layers/25,all,True,validation_only,0.5877453619340498,422,0.7326388888888888,0.5780821917808219,37,37
gpu_validation/samples/1/methods/sparsevlm_ssd_kv25_allhead/layers/26,all,True,validation_only,0.6281191016992589,349,0.6059027777777778,0.43462017434620176,36,37
gpu_validation/samples/1/methods/sparsevlm_ssd_kv25_allhead/layers/27,all,True,validation_only,0.6767058392345243,458,0.7951388888888888,0.659942363112392,35,36
gpu_validation/samples/1/methods/sparsevlm_ssd_kv25_allhead/layers/28,all,True,validation_only,0.7865931769510719,375,0.6510416666666666,0.4826254826254826,33,37
gpu_validation/samples/1/methods/sparsevlm_ssd_kv25_allhead/layers/29,all,True,validation_only,0.603020405938731,374,0.6493055555555556,0.480719794344473,37,37
gpu_validation/samples/1/methods/sparsevlm_ssd_kv25_allhead/layers/30,all,True,validation_only,0.9626657465429527,397,0.6892361111111112,0.5258278145695364,34,37
gpu_validation/samples/1/methods/sparsevlm_ssd_kv25_allhead/layers/31,all,True,validation_only,0.9725648775092463,407,0.7065972222222222,0.5463087248322148,37,36
gpu_validation/samples/2/methods/sparsevlm_ssd_kv25_probe3/layers/0,fixed_first_3,True,validation_only,0.8463704991180073,469,0.8496376811594203,0.7385826771653543,31,31
gpu_validation/samples/2/methods/sparsevlm_ssd_kv25_probe3/layers/1,fixed_first_3,True,validation_only,0.938495330661823,489,0.8858695652173914,0.7951219512195122,35,36
gpu_validation/samples/2/methods/sparsevlm_ssd_kv25_probe3/layers/2,fixed_first_3,True,validation_only,0.9965323414124742,478,0.8659420289855072,0.7635782747603834,29,31
gpu_validation/samples/2/methods/sparsevlm_ssd_kv25_probe3/layers/3,fixed_first_3,True,validation_only,0.9971026548768905,419,0.7590579710144928,0.6116788321167883,31,31
gpu_validation/samples/2/methods/sparsevlm_ssd_kv25_probe3/layers/4,fixed_first_3,True,validation_only,0.9828456933212589,457,0.8278985507246377,0.7063369397217929,35,33
gpu_validation/samples/2/methods/sparsevlm_ssd_kv25_probe3/layers/5,fixed_first_3,True,validation_only,0.9269807731272854,431,0.7807971014492754,0.6404160475482912,33,34
gpu_validation/samples/2/methods/sparsevlm_ssd_kv25_probe3/layers/6,fixed_first_3,True,validation_only,0.9216151784374869,492,0.8913043478260869,0.803921568627451,35,35
gpu_validation/samples/2/methods/sparsevlm_ssd_kv25_probe3/layers/7,fixed_first_3,True,validation_only,0.9726656391460609,485,0.8786231884057971,0.7835218093699515,35,35
gpu_validation/samples/2/methods/sparsevlm_ssd_kv25_probe3/layers/8,fixed_first_3,True,validation_only,0.8740381753987168,353,0.6394927536231884,0.47003994673768307,35,35
gpu_validation/samples/2/methods/sparsevlm_ssd_kv25_probe3/layers/9,fixed_first_3,True,validation_only,0.8813549227279757,412,0.7463768115942029,0.5953757225433526,34,36
gpu_validation/samples/2/methods/sparsevlm_ssd_kv25_probe3/layers/10,fixed_first_3,True,validation_only,0.947256433192416,462,0.8369565217391305,0.719626168224299,36,36
gpu_validation/samples/2/methods/sparsevlm_ssd_kv25_probe3/layers/11,fixed_first_3,True,validation_only,0.6891202060136538,383,0.6938405797101449,0.5312066574202496,36,36
gpu_validation/samples/2/methods/sparsevlm_ssd_kv25_probe3/layers/12,fixed_first_3,True,validation_only,0.9393396837164785,421,0.7626811594202898,0.616398243045388,34,36
gpu_validation/samples/2/methods/sparsevlm_ssd_kv25_probe3/layers/13,fixed_first_3,True,validation_only,0.6969515864832071,448,0.8115942028985508,0.6829268292682927,36,36
gpu_validation/samples/2/methods/sparsevlm_ssd_kv25_probe3/layers/14,fixed_first_3,True,validation_only,0.7593603189040575,426,0.7717391304347826,0.6283185840707964,36,36
gpu_validation/samples/2/methods/sparsevlm_ssd_kv25_probe3/layers/15,fixed_first_3,True,validation_only,0.8948864889276944,400,0.7246376811594203,0.5681818181818182,35,36
gpu_validation/samples/2/methods/sparsevlm_ssd_kv25_probe3/layers/16,fixed_first_3,True,validation_only,0.8973328021172359,472,0.855072463768116,0.7468354430379747,36,36
gpu_validation/samples/2/methods/sparsevlm_ssd_kv25_probe3/layers/17,fixed_first_3,True,validation_only,0.905537951316803,474,0.8586956521739131,0.7523809523809524,36,36
gpu_validation/samples/2/methods/sparsevlm_ssd_kv25_probe3/layers/18,fixed_first_3,True,validation_only,0.6817408669851703,407,0.7373188405797102,0.5839311334289814,33,36
gpu_validation/samples/2/methods/sparsevlm_ssd_kv25_probe3/layers/19,fixed_first_3,True,validation_only,0.7603924488822454,311,0.5634057971014492,0.3921815889029004,34,36
gpu_validation/samples/2/methods/sparsevlm_ssd_kv25_probe3/layers/20,fixed_first_3,True,validation_only,0.692467421648338,464,0.8405797101449275,0.725,36,36
gpu_validation/samples/2/methods/sparsevlm_ssd_kv25_probe3/layers/21,fixed_first_3,True,validation_only,0.7896735369679373,464,0.8405797101449275,0.725,35,35
gpu_validation/samples/2/methods/sparsevlm_ssd_kv25_probe3/layers/22,fixed_first_3,True,validation_only,0.8000645709229947,328,0.5942028985507246,0.422680412371134,32,36
gpu_validation/samples/2/methods/sparsevlm_ssd_kv25_probe3/layers/23,fixed_first_3,True,validation_only,0.9427979375523166,429,0.7771739130434783,0.6355555555555555,36,36
gpu_validation/samples/2/methods/sparsevlm_ssd_kv25_probe3/layers/24,fixed_first_3,True,validation_only,0.7590030540770305,422,0.7644927536231884,0.6187683284457478,36,36
gpu_validation/samples/2/methods/sparsevlm_ssd_kv25_probe3/layers/25,fixed_first_3,True,validation_only,0.8162517102650579,444,0.8043478260869565,0.6727272727272727,36,36
gpu_validation/samples/2/methods/sparsevlm_ssd_kv25_probe3/layers/26,fixed_first_3,True,validation_only,0.8477233520484543,369,0.6684782608695652,0.5020408163265306,34,36
gpu_validation/samples/2/methods/sparsevlm_ssd_kv25_probe3/layers/27,fixed_first_3,True,validation_only,0.9670685093753173,454,0.822463768115942,0.6984615384615385,31,31
gpu_validation/samples/2/methods/sparsevlm_ssd_kv25_probe3/layers/28,fixed_first_3,True,validation_only,0.8693175351217204,388,0.7028985507246377,0.5418994413407822,32,35
gpu_validation/samples/2/methods/sparsevlm_ssd_kv25_probe3/layers/29,fixed_first_3,True,validation_only,0.5509982130042508,363,0.657608695652174,0.4898785425101215,36,36
gpu_validation/samples/2/methods/sparsevlm_ssd_kv25_probe3/layers/30,fixed_first_3,True,validation_only,0.9839713950709518,378,0.6847826086956522,0.5206611570247934,32,34
gpu_validation/samples/2/methods/sparsevlm_ssd_kv25_probe3/layers/31,fixed_first_3,True,validation_only,0.9941891458989489,364,0.6594202898550725,0.4918918918918919,35,36
gpu_validation/samples/2/methods/sparsevlm_ssd_kv25_allhead/layers/0,all,True,validation_only,0.8463704991180073,469,0.8496376811594203,0.7385826771653543,31,31
gpu_validation/samples/2/methods/sparsevlm_ssd_kv25_allhead/layers/1,all,True,validation_only,0.9362331691944764,488,0.8840579710144928,0.7922077922077922,35,36
gpu_validation/samples/2/methods/sparsevlm_ssd_kv25_allhead/layers/2,all,True,validation_only,0.9964989347526562,479,0.8677536231884058,0.7664,29,31
gpu_validation/samples/2/methods/sparsevlm_ssd_kv25_allhead/layers/3,all,True,validation_only,0.997268208955501,421,0.7626811594202898,0.616398243045388,31,31
gpu_validation/samples/2/methods/sparsevlm_ssd_kv25_allhead/layers/4,all,True,validation_only,0.9838841403051299,456,0.8260869565217391,0.7037037037037037,35,33
gpu_validation/samples/2/methods/sparsevlm_ssd_kv25_allhead/layers/5,all,True,validation_only,0.9272585056958462,435,0.7880434782608695,0.6502242152466368,33,34
gpu_validation/samples/2/methods/sparsevlm_ssd_kv25_allhead/layers/6,all,True,validation_only,0.9264631596250991,490,0.8876811594202898,0.7980456026058632,35,35
gpu_validation/samples/2/methods/sparsevlm_ssd_kv25_allhead/layers/7,all,True,validation_only,0.97296255641833,483,0.875,0.7777777777777778,35,34
gpu_validation/samples/2/methods/sparsevlm_ssd_kv25_allhead/layers/8,all,True,validation_only,0.88067429052912,353,0.6394927536231884,0.47003994673768307,35,35
gpu_validation/samples/2/methods/sparsevlm_ssd_kv25_allhead/layers/9,all,True,validation_only,0.8919874450446417,417,0.7554347826086957,0.6069868995633187,34,36
gpu_validation/samples/2/methods/sparsevlm_ssd_kv25_allhead/layers/10,all,True,validation_only,0.9524089239509663,465,0.842391304347826,0.7276995305164319,36,36
gpu_validation/samples/2/methods/sparsevlm_ssd_kv25_allhead/layers/11,all,True,validation_only,0.7003055984490949,385,0.697463768115942,0.5354659248956884,36,36
gpu_validation/samples/2/methods/sparsevlm_ssd_kv25_allhead/layers/12,all,True,validation_only,0.9468747504279845,423,0.7663043478260869,0.6211453744493393,34,36
gpu_validation/samples/2/methods/sparsevlm_ssd_kv25_allhead/layers/13,all,True,validation_only,0.7136008524655804,445,0.8061594202898551,0.6752655538694993,36,36
gpu_validation/samples/2/methods/sparsevlm_ssd_kv25_allhead/layers/14,all,True,validation_only,0.7720279410562367,424,0.7681159420289855,0.6235294117647059,36,36
gpu_validation/samples/2/methods/sparsevlm_ssd_kv25_allhead/layers/15,all,True,validation_only,0.8910400067475277,400,0.7246376811594203,0.5681818181818182,35,36
gpu_validation/samples/2/methods/sparsevlm_ssd_kv25_allhead/layers/16,all,True,validation_only,0.9047419867348724,468,0.8478260869565217,0.7358490566037735,36,36
gpu_validation/samples/2/methods/sparsevlm_ssd_kv25_allhead/layers/17,all,True,validation_only,0.9056125987974433,473,0.8568840579710145,0.7496038034865293,36,36
gpu_validation/samples/2/methods/sparsevlm_ssd_kv25_allhead/layers/18,all,True,validation_only,0.6826448515236602,405,0.7336956521739131,0.5793991416309013,33,36
gpu_validation/samples/2/methods/sparsevlm_ssd_kv25_allhead/layers/19,all,True,validation_only,0.7624652072581797,314,0.5688405797101449,0.39746835443037976,34,36
gpu_validation/samples/2/methods/sparsevlm_ssd_kv25_allhead/layers/20,all,True,validation_only,0.6928834221829664,463,0.8387681159420289,0.7223088923556942,36,36
gpu_validation/samples/2/methods/sparsevlm_ssd_kv25_allhead/layers/21,all,True,validation_only,0.7966526069930155,464,0.8405797101449275,0.725,35,35
gpu_validation/samples/2/methods/sparsevlm_ssd_kv25_allhead/layers/22,all,True,validation_only,0.8044025518485374,328,0.5942028985507246,0.422680412371134,32,36
gpu_validation/samples/2/methods/sparsevlm_ssd_kv25_allhead/layers/23,all,True,validation_only,0.9453843749368656,430,0.7789855072463768,0.6379821958456974,36,36
gpu_validation/samples/2/methods/sparsevlm_ssd_kv25_allhead/layers/24,all,True,validation_only,0.7647056559251301,422,0.7644927536231884,0.6187683284457478,36,36
gpu_validation/samples/2/methods/sparsevlm_ssd_kv25_allhead/layers/25,all,True,validation_only,0.8196919175937261,445,0.8061594202898551,0.6752655538694993,36,36
gpu_validation/samples/2/methods/sparsevlm_ssd_kv25_allhead/layers/26,all,True,validation_only,0.8497958977146582,368,0.6666666666666666,0.5,34,36
gpu_validation/samples/2/methods/sparsevlm_ssd_kv25_allhead/layers/27,all,True,validation_only,0.9665203626334246,452,0.8188405797101449,0.6932515337423313,31,31
gpu_validation/samples/2/methods/sparsevlm_ssd_kv25_allhead/layers/28,all,True,validation_only,0.8714670279190488,389,0.7047101449275363,0.544055944055944,32,35
gpu_validation/samples/2/methods/sparsevlm_ssd_kv25_allhead/layers/29,all,True,validation_only,0.5612958848502856,363,0.657608695652174,0.4898785425101215,36,36
gpu_validation/samples/2/methods/sparsevlm_ssd_kv25_allhead/layers/30,all,True,validation_only,0.984609210019015,383,0.6938405797101449,0.5312066574202496,32,34
gpu_validation/samples/2/methods/sparsevlm_ssd_kv25_allhead/layers/31,all,True,validation_only,0.9942630268304222,364,0.6594202898550725,0.4918918918918919,35,36
gpu_validation/samples/3/methods/sparsevlm_ssd_kv25_probe3/layers/0,fixed_first_3,True,validation_only,0.8570107773641558,455,0.8617424242424242,0.757071547420965,31,29
gpu_validation/samples/3/methods/sparsevlm_ssd_kv25_probe3/layers/1,fixed_first_3,True,validation_only,0.9236641117115346,463,0.8768939393939394,0.7807757166947723,34,34
gpu_validation/samples/3/methods/sparsevlm_ssd_kv25_probe3/layers/2,fixed_first_3,True,validation_only,0.9916183649283209,454,0.8598484848484849,0.7541528239202658,31,34
gpu_validation/samples/3/methods/sparsevlm_ssd_kv25_probe3/layers/3,fixed_first_3,True,validation_only,0.9856493844534756,398,0.7537878787878788,0.6048632218844985,34,34
gpu_validation/samples/3/methods/sparsevlm_ssd_kv25_probe3/layers/4,fixed_first_3,True,validation_only,0.9696443410604441,450,0.8522727272727273,0.7425742574257426,34,34
gpu_validation/samples/3/methods/sparsevlm_ssd_kv25_probe3/layers/5,fixed_first_3,True,validation_only,0.8177579172412852,443,0.8390151515151515,0.7226753670473083,34,34
gpu_validation/samples/3/methods/sparsevlm_ssd_kv25_probe3/layers/6,fixed_first_3,True,validation_only,0.8841156853781826,456,0.8636363636363636,0.76,34,34
gpu_validation/samples/3/methods/sparsevlm_ssd_kv25_probe3/layers/7,fixed_first_3,True,validation_only,0.9135241073340208,431,0.8162878787878788,0.6896,34,34
gpu_validation/samples/3/methods/sparsevlm_ssd_kv25_probe3/layers/8,fixed_first_3,True,validation_only,0.5623571748358439,317,0.6003787878787878,0.428958051420839,34,34
gpu_validation/samples/3/methods/sparsevlm_ssd_kv25_probe3/layers/9,fixed_first_3,True,validation_only,0.8661536122132639,369,0.6988636363636364,0.537117903930131,31,34
gpu_validation/samples/3/methods/sparsevlm_ssd_kv25_probe3/layers/10,fixed_first_3,True,validation_only,0.8583231841057403,423,0.8011363636363636,0.6682464454976303,34,34
gpu_validation/samples/3/methods/sparsevlm_ssd_kv25_probe3/layers/11,fixed_first_3,True,validation_only,0.5767098030555016,361,0.6837121212121212,0.5194244604316547,34,34
gpu_validation/samples/3/methods/sparsevlm_ssd_kv25_probe3/layers/12,fixed_first_3,True,validation_only,0.6596206426204696,377,0.7140151515151515,0.5552282768777614,33,34
gpu_validation/samples/3/methods/sparsevlm_ssd_kv25_probe3/layers/13,fixed_first_3,True,validation_only,0.7291982336193555,413,0.7821969696969697,0.6423017107309487,34,34
gpu_validation/samples/3/methods/sparsevlm_ssd_kv25_probe3/layers/14,fixed_first_3,True,validation_only,0.7360220112864476,393,0.7443181818181818,0.5927601809954751,33,34
gpu_validation/samples/3/methods/sparsevlm_ssd_kv25_probe3/layers/15,fixed_first_3,True,validation_only,0.8144622442395596,356,0.6742424242424242,0.5085714285714286,34,34
gpu_validation/samples/3/methods/sparsevlm_ssd_kv25_probe3/layers/16,fixed_first_3,True,validation_only,0.8759213651022141,402,0.7613636363636364,0.6146788990825688,34,34
gpu_validation/samples/3/methods/sparsevlm_ssd_kv25_probe3/layers/17,fixed_first_3,True,validation_only,0.6195775559937391,397,0.7518939393939394,0.6024279210925645,34,34
gpu_validation/samples/3/methods/sparsevlm_ssd_kv25_probe3/layers/18,fixed_first_3,True,validation_only,0.8264462216427565,390,0.7386363636363636,0.5855855855855856,34,34
gpu_validation/samples/3/methods/sparsevlm_ssd_kv25_probe3/layers/19,fixed_first_3,True,validation_only,0.6304676842656654,306,0.5795454545454546,0.408,29,34
gpu_validation/samples/3/methods/sparsevlm_ssd_kv25_probe3/layers/20,fixed_first_3,True,validation_only,0.7896423227305034,388,0.7348484848484849,0.5808383233532934,34,34
gpu_validation/samples/3/methods/sparsevlm_ssd_kv25_probe3/layers/21,fixed_first_3,True,validation_only,0.7947711374010534,421,0.7973484848484849,0.662992125984252,34,34
gpu_validation/samples/3/methods/sparsevlm_ssd_kv25_probe3/layers/22,fixed_first_3,True,validation_only,0.6519312534348841,342,0.6477272727272727,0.4789915966386555,33,34
gpu_validation/samples/3/methods/sparsevlm_ssd_kv25_probe3/layers/23,fixed_first_3,True,validation_only,0.6727610720377182,393,0.7443181818181818,0.5927601809954751,34,34
gpu_validation/samples/3/methods/sparsevlm_ssd_kv25_probe3/layers/24,fixed_first_3,True,validation_only,0.6833050954382652,378,0.7159090909090909,0.5575221238938053,34,34
gpu_validation/samples/3/methods/sparsevlm_ssd_kv25_probe3/layers/25,fixed_first_3,True,validation_only,0.6826838683116171,410,0.7765151515151515,0.6346749226006192,34,34
gpu_validation/samples/3/methods/sparsevlm_ssd_kv25_probe3/layers/26,fixed_first_3,True,validation_only,0.7166236175509787,395,0.7481060606060606,0.5975794251134644,34,34
gpu_validation/samples/3/methods/sparsevlm_ssd_kv25_probe3/layers/27,fixed_first_3,True,validation_only,0.8260394397376734,439,0.8314393939393939,0.7115072933549432,30,33
gpu_validation/samples/3/methods/sparsevlm_ssd_kv25_probe3/layers/28,fixed_first_3,True,validation_only,0.820858129322946,416,0.7878787878787878,0.65,31,34
gpu_validation/samples/3/methods/sparsevlm_ssd_kv25_probe3/layers/29,fixed_first_3,True,validation_only,0.5227226186989584,385,0.7291666666666666,0.5737704918032787,34,34
gpu_validation/samples/3/methods/sparsevlm_ssd_kv25_probe3/layers/30,fixed_first_3,True,validation_only,0.8145556765371096,391,0.740530303030303,0.58796992481203,28,34
gpu_validation/samples/3/methods/sparsevlm_ssd_kv25_probe3/layers/31,fixed_first_3,True,validation_only,0.830325572265556,379,0.7178030303030303,0.5598227474150664,34,34
gpu_validation/samples/3/methods/sparsevlm_ssd_kv25_allhead/layers/0,all,True,validation_only,0.8570107773641558,455,0.8617424242424242,0.757071547420965,31,29
gpu_validation/samples/3/methods/sparsevlm_ssd_kv25_allhead/layers/1,all,True,validation_only,0.9219610625013669,464,0.8787878787878788,0.7837837837837838,34,34
gpu_validation/samples/3/methods/sparsevlm_ssd_kv25_allhead/layers/2,all,True,validation_only,0.9905496179133707,457,0.865530303030303,0.7629382303839732,31,34
gpu_validation/samples/3/methods/sparsevlm_ssd_kv25_allhead/layers/3,all,True,validation_only,0.9855428625761831,400,0.7575757575757576,0.6097560975609756,34,34
gpu_validation/samples/3/methods/sparsevlm_ssd_kv25_allhead/layers/4,all,True,validation_only,0.9714454146537252,455,0.8617424242424242,0.757071547420965,34,34
gpu_validation/samples/3/methods/sparsevlm_ssd_kv25_allhead/layers/5,all,True,validation_only,0.8194944433986586,441,0.8352272727272727,0.7170731707317073,34,34
gpu_validation/samples/3/methods/sparsevlm_ssd_kv25_allhead/layers/6,all,True,validation_only,0.884258686543725,453,0.8579545454545454,0.7512437810945274,34,34
gpu_validation/samples/3/methods/sparsevlm_ssd_kv25_allhead/layers/7,all,True,validation_only,0.9130384778342443,432,0.8181818181818182,0.6923076923076923,34,34
gpu_validation/samples/3/methods/sparsevlm_ssd_kv25_allhead/layers/8,all,True,validation_only,0.5649596656489074,317,0.6003787878787878,0.428958051420839,34,34
gpu_validation/samples/3/methods/sparsevlm_ssd_kv25_allhead/layers/9,all,True,validation_only,0.8789858373488808,380,0.7196969696969697,0.5621301775147929,31,34
gpu_validation/samples/3/methods/sparsevlm_ssd_kv25_allhead/layers/10,all,True,validation_only,0.8579274885219289,426,0.8068181818181818,0.6761904761904762,34,34
gpu_validation/samples/3/methods/sparsevlm_ssd_kv25_allhead/layers/11,all,True,validation_only,0.5889424937576282,354,0.6704545454545454,0.5042735042735043,34,34
gpu_validation/samples/3/methods/sparsevlm_ssd_kv25_allhead/layers/12,all,True,validation_only,0.6808495113180206,377,0.7140151515151515,0.5552282768777614,32,34
gpu_validation/samples/3/methods/sparsevlm_ssd_kv25_allhead/layers/13,all,True,validation_only,0.6904448636427591,412,0.7803030303030303,0.639751552795031,34,34
gpu_validation/samples/3/methods/sparsevlm_ssd_kv25_allhead/layers/14,all,True,validation_only,0.7678550818006227,399,0.7556818181818182,0.6073059360730594,32,34
gpu_validation/samples/3/methods/sparsevlm_ssd_kv25_allhead/layers/15,all,True,validation_only,0.8222266128180533,363,0.6875,0.5238095238095238,34,34
gpu_validation/samples/3/methods/sparsevlm_ssd_kv25_allhead/layers/16,all,True,validation_only,0.8907048204801122,399,0.7556818181818182,0.6073059360730594,34,34
gpu_validation/samples/3/methods/sparsevlm_ssd_kv25_allhead/layers/17,all,True,validation_only,0.5818421376052122,399,0.7556818181818182,0.6073059360730594,34,34
gpu_validation/samples/3/methods/sparsevlm_ssd_kv25_allhead/layers/18,all,True,validation_only,0.8334199559164258,392,0.7424242424242424,0.5903614457831325,34,34
gpu_validation/samples/3/methods/sparsevlm_ssd_kv25_allhead/layers/19,all,True,validation_only,0.6493700025300846,309,0.5852272727272727,0.41365461847389556,29,34
gpu_validation/samples/3/methods/sparsevlm_ssd_kv25_allhead/layers/20,all,True,validation_only,0.805490108825091,384,0.7272727272727273,0.5714285714285714,34,34
gpu_validation/samples/3/methods/sparsevlm_ssd_kv25_allhead/layers/21,all,True,validation_only,0.7839857605594831,421,0.7973484848484849,0.662992125984252,34,34
gpu_validation/samples/3/methods/sparsevlm_ssd_kv25_allhead/layers/22,all,True,validation_only,0.6732999058332627,340,0.6439393939393939,0.4748603351955307,33,34
gpu_validation/samples/3/methods/sparsevlm_ssd_kv25_allhead/layers/23,all,True,validation_only,0.7073938438751056,395,0.7481060606060606,0.5975794251134644,34,34
gpu_validation/samples/3/methods/sparsevlm_ssd_kv25_allhead/layers/24,all,True,validation_only,0.6966450274193168,379,0.7178030303030303,0.5598227474150664,34,34
gpu_validation/samples/3/methods/sparsevlm_ssd_kv25_allhead/layers/25,all,True,validation_only,0.6871210112187518,413,0.7821969696969697,0.6423017107309487,34,34
gpu_validation/samples/3/methods/sparsevlm_ssd_kv25_allhead/layers/26,all,True,validation_only,0.7424157269013338,394,0.7462121212121212,0.595166163141994,34,34
gpu_validation/samples/3/methods/sparsevlm_ssd_kv25_allhead/layers/27,all,True,validation_only,0.8236577056012587,438,0.8295454545454546,0.7087378640776699,30,33
gpu_validation/samples/3/methods/sparsevlm_ssd_kv25_allhead/layers/28,all,True,validation_only,0.8255661992531182,416,0.7878787878787878,0.65,31,34
gpu_validation/samples/3/methods/sparsevlm_ssd_kv25_allhead/layers/29,all,True,validation_only,0.5236051925573256,389,0.7367424242424242,0.5832083958020989,34,34
gpu_validation/samples/3/methods/sparsevlm_ssd_kv25_allhead/layers/30,all,True,validation_only,0.8166141109581895,396,0.75,0.6,28,34
gpu_validation/samples/3/methods/sparsevlm_ssd_kv25_allhead/layers/31,all,True,validation_only,0.8305570733650001,379,0.7178030303030303,0.5598227474150664,34,34
gpu_validation/samples/4/methods/sparsevlm_ssd_kv25_probe3/layers/0,fixed_first_3,True,validation_only,0.8288111953140309,597,0.8291666666666667,0.708185053380783,45,43
gpu_validation/samples/4/methods/sparsevlm_ssd_kv25_probe3/layers/1,fixed_first_3,True,validation_only,0.9595228355307671,625,0.8680555555555556,0.7668711656441718,46,46
gpu_validation/samples/4/methods/sparsevlm_ssd_kv25_probe3/layers/2,fixed_first_3,True,validation_only,0.9978351458670464,631,0.8763888888888889,0.7799752781211372,43,42
gpu_validation/samples/4/methods/sparsevlm_ssd_kv25_probe3/layers/3,fixed_first_3,True,validation_only,0.9979638983349862,575,0.7986111111111112,0.6647398843930635,41,45
gpu_validation/samples/4/methods/sparsevlm_ssd_kv25_probe3/layers/4,fixed_first_3,True,validation_only,0.9892116375149989,640,0.8888888888888888,0.8,46,46
gpu_validation/samples/4/methods/sparsevlm_ssd_kv25_probe3/layers/5,fixed_first_3,True,validation_only,0.95382786765208,562,0.7805555555555556,0.6400911161731208,40,45
gpu_validation/samples/4/methods/sparsevlm_ssd_kv25_probe3/layers/6,fixed_first_3,True,validation_only,0.9678785682738794,638,0.8861111111111111,0.7955112219451371,44,45
gpu_validation/samples/4/methods/sparsevlm_ssd_kv25_probe3/layers/7,fixed_first_3,True,validation_only,0.976498363110299,581,0.8069444444444445,0.6763678696158324,45,44
gpu_validation/samples/4/methods/sparsevlm_ssd_kv25_probe3/layers/8,fixed_first_3,True,validation_only,0.988014197448811,502,0.6972222222222222,0.535181236673774,41,44
gpu_validation/samples/4/methods/sparsevlm_ssd_kv25_probe3/layers/9,fixed_first_3,True,validation_only,0.9939748852825195,563,0.7819444444444444,0.6419612314709237,42,45
gpu_validation/samples/4/methods/sparsevlm_ssd_kv25_probe3/layers/10,fixed_first_3,True,validation_only,0.9883501420247135,600,0.8333333333333334,0.7142857142857143,46,45
gpu_validation/samples/4/methods/sparsevlm_ssd_kv25_probe3/layers/11,fixed_first_3,True,validation_only,0.9715424386755881,497,0.6902777777777778,0.5270413573700954,46,46
gpu_validation/samples/4/methods/sparsevlm_ssd_kv25_probe3/layers/12,fixed_first_3,True,validation_only,0.9859024817193672,538,0.7472222222222222,0.5964523281596452,45,45
gpu_validation/samples/4/methods/sparsevlm_ssd_kv25_probe3/layers/13,fixed_first_3,True,validation_only,0.9819285014457148,553,0.7680555555555556,0.6234498308906427,46,45
gpu_validation/samples/4/methods/sparsevlm_ssd_kv25_probe3/layers/14,fixed_first_3,True,validation_only,0.9631051101873273,564,0.7833333333333333,0.6438356164383562,45,45
gpu_validation/samples/4/methods/sparsevlm_ssd_kv25_probe3/layers/15,fixed_first_3,True,validation_only,0.9639777327384714,521,0.7236111111111111,0.5669205658324266,45,46
gpu_validation/samples/4/methods/sparsevlm_ssd_kv25_probe3/layers/16,fixed_first_3,True,validation_only,0.8226459522063556,551,0.7652777777777777,0.6197975253093363,46,46
gpu_validation/samples/4/methods/sparsevlm_ssd_kv25_probe3/layers/17,fixed_first_3,True,validation_only,0.9339311745887605,561,0.7791666666666667,0.6382252559726962,46,45
gpu_validation/samples/4/methods/sparsevlm_ssd_kv25_probe3/layers/18,fixed_first_3,True,validation_only,0.8537422301672858,536,0.7444444444444445,0.5929203539823009,45,46
gpu_validation/samples/4/methods/sparsevlm_ssd_kv25_probe3/layers/19,fixed_first_3,True,validation_only,0.9562567113777992,452,0.6277777777777778,0.4574898785425101,44,45
gpu_validation/samples/4/methods/sparsevlm_ssd_kv25_probe3/layers/20,fixed_first_3,True,validation_only,0.7013109859459407,589,0.8180555555555555,0.6921269095182139,45,45
gpu_validation/samples/4/methods/sparsevlm_ssd_kv25_probe3/layers/21,fixed_first_3,True,validation_only,0.8873633572856708,591,0.8208333333333333,0.696113074204947,45,45
gpu_validation/samples/4/methods/sparsevlm_ssd_kv25_probe3/layers/22,fixed_first_3,True,validation_only,0.6878677830906896,470,0.6527777777777778,0.4845360824742268,38,46
gpu_validation/samples/4/methods/sparsevlm_ssd_kv25_probe3/layers/23,fixed_first_3,True,validation_only,0.7338949241790983,553,0.7680555555555556,0.6234498308906427,46,45
gpu_validation/samples/4/methods/sparsevlm_ssd_kv25_probe3/layers/24,fixed_first_3,True,validation_only,0.7427979892808264,518,0.7194444444444444,0.561822125813449,46,46
gpu_validation/samples/4/methods/sparsevlm_ssd_kv25_probe3/layers/25,fixed_first_3,True,validation_only,0.9057576592333908,525,0.7291666666666666,0.5737704918032787,46,45
gpu_validation/samples/4/methods/sparsevlm_ssd_kv25_probe3/layers/26,fixed_first_3,True,validation_only,0.684647315770568,515,0.7152777777777778,0.5567567567567567,44,45
gpu_validation/samples/4/methods/sparsevlm_ssd_kv25_probe3/layers/27,fixed_first_3,True,validation_only,0.9419821471536522,548,0.7611111111111111,0.6143497757847534,39,38
gpu_validation/samples/4/methods/sparsevlm_ssd_kv25_probe3/layers/28,fixed_first_3,True,validation_only,0.9489290746679023,561,0.7791666666666667,0.6382252559726962,38,45
gpu_validation/samples/4/methods/sparsevlm_ssd_kv25_probe3/layers/29,fixed_first_3,True,validation_only,0.787668454795437,520,0.7222222222222222,0.5652173913043478,41,44
gpu_validation/samples/4/methods/sparsevlm_ssd_kv25_probe3/layers/30,fixed_first_3,True,validation_only,0.9134503973085185,501,0.6958333333333333,0.5335463258785943,43,42
gpu_validation/samples/4/methods/sparsevlm_ssd_kv25_probe3/layers/31,fixed_first_3,True,validation_only,0.869459022298607,529,0.7347222222222223,0.5806805708013172,43,45
gpu_validation/samples/4/methods/sparsevlm_ssd_kv25_allhead/layers/0,all,True,validation_only,0.8288111953140309,597,0.8291666666666667,0.708185053380783,45,43
gpu_validation/samples/4/methods/sparsevlm_ssd_kv25_allhead/layers/1,all,True,validation_only,0.9568070219349523,626,0.8694444444444445,0.769041769041769,46,46
gpu_validation/samples/4/methods/sparsevlm_ssd_kv25_allhead/layers/2,all,True,validation_only,0.9978235026441713,635,0.8819444444444444,0.7888198757763976,42,42
gpu_validation/samples/4/methods/sparsevlm_ssd_kv25_allhead/layers/3,all,True,validation_only,0.9978979929174404,578,0.8027777777777778,0.6705336426914154,41,45
gpu_validation/samples/4/methods/sparsevlm_ssd_kv25_allhead/layers/4,all,True,validation_only,0.9888772853248128,642,0.8916666666666667,0.8045112781954887,46,46
gpu_validation/samples/4/methods/sparsevlm_ssd_kv25_allhead/layers/5,all,True,validation_only,0.9533477395924002,564,0.7833333333333333,0.6438356164383562,39,45
gpu_validation/samples/4/methods/sparsevlm_ssd_kv25_allhead/layers/6,all,True,validation_only,0.9683952081856969,637,0.8847222222222222,0.7932752179327521,44,45
gpu_validation/samples/4/methods/sparsevlm_ssd_kv25_allhead/layers/7,all,True,validation_only,0.9766778710770924,581,0.8069444444444445,0.6763678696158324,45,44
gpu_validation/samples/4/methods/sparsevlm_ssd_kv25_allhead/layers/8,all,True,validation_only,0.9884366529418362,499,0.6930555555555555,0.5302869287991498,41,44
gpu_validation/samples/4/methods/sparsevlm_ssd_kv25_allhead/layers/9,all,True,validation_only,0.9941088051957523,565,0.7847222222222222,0.6457142857142857,42,45
gpu_validation/samples/4/methods/sparsevlm_ssd_kv25_allhead/layers/10,all,True,validation_only,0.9882972462066972,599,0.8319444444444445,0.7122473246135553,46,45
gpu_validation/samples/4/methods/sparsevlm_ssd_kv25_allhead/layers/11,all,True,validation_only,0.9714767844541615,498,0.6916666666666667,0.5286624203821656,46,46
gpu_validation/samples/4/methods/sparsevlm_ssd_kv25_allhead/layers/12,all,True,validation_only,0.9863838882590208,532,0.7388888888888889,0.5859030837004405,45,45
gpu_validation/samples/4/methods/sparsevlm_ssd_kv25_allhead/layers/13,all,True,validation_only,0.9802839512627426,548,0.7611111111111111,0.6143497757847534,46,45
gpu_validation/samples/4/methods/sparsevlm_ssd_kv25_allhead/layers/14,all,True,validation_only,0.9678548967755981,564,0.7833333333333333,0.6438356164383562,45,45
gpu_validation/samples/4/methods/sparsevlm_ssd_kv25_allhead/layers/15,all,True,validation_only,0.9643246749627743,518,0.7194444444444444,0.561822125813449,45,46
gpu_validation/samples/4/methods/sparsevlm_ssd_kv25_allhead/layers/16,all,True,validation_only,0.8370367919649003,544,0.7555555555555555,0.6071428571428571,45,46
gpu_validation/samples/4/methods/sparsevlm_ssd_kv25_allhead/layers/17,all,True,validation_only,0.9357851740079315,558,0.775,0.6326530612244898,46,45
gpu_validation/samples/4/methods/sparsevlm_ssd_kv25_allhead/layers/18,all,True,validation_only,0.8513921625001465,534,0.7416666666666667,0.5894039735099338,45,46
gpu_validation/samples/4/methods/sparsevlm_ssd_kv25_allhead/layers/19,all,True,validation_only,0.958283988999448,455,0.6319444444444444,0.4619289340101523,44,45
gpu_validation/samples/4/methods/sparsevlm_ssd_kv25_allhead/layers/20,all,True,validation_only,0.7000828931013552,584,0.8111111111111111,0.6822429906542056,45,45
gpu_validation/samples/4/methods/sparsevlm_ssd_kv25_allhead/layers/21,all,True,validation_only,0.8901529143806554,590,0.8194444444444444,0.6941176470588235,45,45
gpu_validation/samples/4/methods/sparsevlm_ssd_kv25_allhead/layers/22,all,True,validation_only,0.6844499231385504,468,0.65,0.48148148148148145,38,46
gpu_validation/samples/4/methods/sparsevlm_ssd_kv25_allhead/layers/23,all,True,validation_only,0.7474299825746291,555,0.7708333333333334,0.6271186440677966,46,45
gpu_validation/samples/4/methods/sparsevlm_ssd_kv25_allhead/layers/24,all,True,validation_only,0.7436825826218496,519,0.7208333333333333,0.5635179153094463,46,46
gpu_validation/samples/4/methods/sparsevlm_ssd_kv25_allhead/layers/25,all,True,validation_only,0.9069476477718147,524,0.7277777777777777,0.5720524017467249,46,45
gpu_validation/samples/4/methods/sparsevlm_ssd_kv25_allhead/layers/26,all,True,validation_only,0.6855544151046207,514,0.7138888888888889,0.5550755939524838,44,45
gpu_validation/samples/4/methods/sparsevlm_ssd_kv25_allhead/layers/27,all,True,validation_only,0.9351571169735826,547,0.7597222222222222,0.6125419932810751,39,38
gpu_validation/samples/4/methods/sparsevlm_ssd_kv25_allhead/layers/28,all,True,validation_only,0.9483310334454744,559,0.7763888888888889,0.6345062429057888,38,45
gpu_validation/samples/4/methods/sparsevlm_ssd_kv25_allhead/layers/29,all,True,validation_only,0.7860254990045986,520,0.7222222222222222,0.5652173913043478,41,44
gpu_validation/samples/4/methods/sparsevlm_ssd_kv25_allhead/layers/30,all,True,validation_only,0.9106266361026798,500,0.6944444444444444,0.5319148936170213,43,42
gpu_validation/samples/4/methods/sparsevlm_ssd_kv25_allhead/layers/31,all,True,validation_only,0.8651358514604506,531,0.7375,0.5841584158415841,42,45
gpu_validation/samples/5/methods/sparsevlm_ssd_kv25_probe3/layers/0,fixed_first_3,True,validation_only,0.8532455724665325,491,0.8524305555555556,0.7428139183055976,33,35
gpu_validation/samples/5/methods/sparsevlm_ssd_kv25_probe3/layers/1,fixed_first_3,True,validation_only,0.9531760759747357,510,0.8854166666666666,0.794392523364486,36,36
gpu_validation/samples/5/methods/sparsevlm_ssd_kv25_probe3/layers/2,fixed_first_3,True,validation_only,0.986055042549241,505,0.8767361111111112,0.7805255023183926,34,36
gpu_validation/samples/5/methods/sparsevlm_ssd_kv25_probe3/layers/3,fixed_first_3,True,validation_only,0.987225858311065,436,0.7569444444444444,0.6089385474860335,33,36
gpu_validation/samples/5/methods/sparsevlm_ssd_kv25_probe3/layers/4,fixed_first_3,True,validation_only,0.8649868049516346,465,0.8072916666666666,0.6768558951965066,37,36
gpu_validation/samples/5/methods/sparsevlm_ssd_kv25_probe3/layers/5,fixed_first_3,True,validation_only,0.8051356088795412,482,0.8368055555555556,0.7194029850746269,36,36
gpu_validation/samples/5/methods/sparsevlm_ssd_kv25_probe3/layers/6,fixed_first_3,True,validation_only,0.8146023708652315,510,0.8854166666666666,0.794392523364486,37,37
gpu_validation/samples/5/methods/sparsevlm_ssd_kv25_probe3/layers/7,fixed_first_3,True,validation_only,0.8788232581650083,491,0.8524305555555556,0.7428139183055976,37,37
gpu_validation/samples/5/methods/sparsevlm_ssd_kv25_probe3/layers/8,fixed_first_3,True,validation_only,0.5517006508492234,394,0.6840277777777778,0.5197889182058048,37,37
gpu_validation/samples/5/methods/sparsevlm_ssd_kv25_probe3/layers/9,fixed_first_3,True,validation_only,0.6720954009597312,430,0.7465277777777778,0.5955678670360111,36,37
gpu_validation/samples/5/methods/sparsevlm_ssd_kv25_probe3/layers/10,fixed_first_3,True,validation_only,0.9136109311340678,481,0.8350694444444444,0.7168405365126677,37,37
gpu_validation/samples/5/methods/sparsevlm_ssd_kv25_probe3/layers/11,fixed_first_3,True,validation_only,0.4303456092983627,351,0.609375,0.43820224719101125,37,37
gpu_validation/samples/5/methods/sparsevlm_ssd_kv25_probe3/layers/12,fixed_first_3,True,validation_only,0.7561738960826023,373,0.6475694444444444,0.47881899871630296,37,37
gpu_validation/samples/5/methods/sparsevlm_ssd_kv25_probe3/layers/13,fixed_first_3,True,validation_only,0.7666944878416628,437,0.7586805555555556,0.6111888111888112,37,37
gpu_validation/samples/5/methods/sparsevlm_ssd_kv25_probe3/layers/14,fixed_first_3,True,validation_only,0.6332607976838279,439,0.7621527777777778,0.6157082748948106,37,37
gpu_validation/samples/5/methods/sparsevlm_ssd_kv25_probe3/layers/15,fixed_first_3,True,validation_only,0.6785748002384047,367,0.6371527777777778,0.467515923566879,37,37
gpu_validation/samples/5/methods/sparsevlm_ssd_kv25_probe3/layers/16,fixed_first_3,True,validation_only,0.8900067130841283,440,0.7638888888888888,0.6179775280898876,37,37
gpu_validation/samples/5/methods/sparsevlm_ssd_kv25_probe3/layers/17,fixed_first_3,True,validation_only,0.9127850137103957,455,0.7899305555555556,0.6527977044476327,37,37
gpu_validation/samples/5/methods/sparsevlm_ssd_kv25_probe3/layers/18,fixed_first_3,True,validation_only,0.7509110484589518,372,0.6458333333333334,0.47692307692307695,37,37
gpu_validation/samples/5/methods/sparsevlm_ssd_kv25_probe3/layers/19,fixed_first_3,True,validation_only,0.7883322033015328,307,0.5329861111111112,0.3633136094674556,32,37
gpu_validation/samples/5/methods/sparsevlm_ssd_kv25_probe3/layers/20,fixed_first_3,True,validation_only,0.6979095219573279,473,0.8211805555555556,0.6966126656848306,37,37
gpu_validation/samples/5/methods/sparsevlm_ssd_kv25_probe3/layers/21,fixed_first_3,True,validation_only,0.8199582209530542,471,0.8177083333333334,0.6916299559471366,37,37
gpu_validation/samples/5/methods/sparsevlm_ssd_kv25_probe3/layers/22,fixed_first_3,True,validation_only,0.6151455284687387,348,0.6041666666666666,0.43283582089552236,32,37
gpu_validation/samples/5/methods/sparsevlm_ssd_kv25_probe3/layers/23,fixed_first_3,True,validation_only,0.9656516088558685,421,0.7309027777777778,0.5759233926128591,36,37
gpu_validation/samples/5/methods/sparsevlm_ssd_kv25_probe3/layers/24,fixed_first_3,True,validation_only,0.8326239434942615,434,0.7534722222222222,0.6044568245125348,37,37
gpu_validation/samples/5/methods/sparsevlm_ssd_kv25_probe3/layers/25,fixed_first_3,True,validation_only,0.8065184736692483,427,0.7413194444444444,0.5889655172413794,37,37
gpu_validation/samples/5/methods/sparsevlm_ssd_kv25_probe3/layers/26,fixed_first_3,True,validation_only,0.9319360191167992,409,0.7100694444444444,0.550471063257066,34,37
gpu_validation/samples/5/methods/sparsevlm_ssd_kv25_probe3/layers/27,fixed_first_3,True,validation_only,0.9872007834514964,450,0.78125,0.6410256410256411,31,34
gpu_validation/samples/5/methods/sparsevlm_ssd_kv25_probe3/layers/28,fixed_first_3,True,validation_only,0.9737818288431744,420,0.7291666666666666,0.5737704918032787,33,36
gpu_validation/samples/5/methods/sparsevlm_ssd_kv25_probe3/layers/29,fixed_first_3,True,validation_only,0.44876425193592334,384,0.6666666666666666,0.5,37,37
gpu_validation/samples/5/methods/sparsevlm_ssd_kv25_probe3/layers/30,fixed_first_3,True,validation_only,0.9921241168556039,400,0.6944444444444444,0.5319148936170213,34,37
gpu_validation/samples/5/methods/sparsevlm_ssd_kv25_probe3/layers/31,fixed_first_3,True,validation_only,0.9990383553358007,396,0.6875,0.5238095238095238,36,37
gpu_validation/samples/5/methods/sparsevlm_ssd_kv25_allhead/layers/0,all,True,validation_only,0.8532455724665325,491,0.8524305555555556,0.7428139183055976,33,35
gpu_validation/samples/5/methods/sparsevlm_ssd_kv25_allhead/layers/1,all,True,validation_only,0.9503652376106977,510,0.8854166666666666,0.794392523364486,36,36
gpu_validation/samples/5/methods/sparsevlm_ssd_kv25_allhead/layers/2,all,True,validation_only,0.986018963530818,505,0.8767361111111112,0.7805255023183926,34,36
gpu_validation/samples/5/methods/sparsevlm_ssd_kv25_allhead/layers/3,all,True,validation_only,0.9869194919639438,435,0.7552083333333334,0.606694560669456,33,36
gpu_validation/samples/5/methods/sparsevlm_ssd_kv25_allhead/layers/4,all,True,validation_only,0.8669871311190459,465,0.8072916666666666,0.6768558951965066,37,36
gpu_validation/samples/5/methods/sparsevlm_ssd_kv25_allhead/layers/5,all,True,validation_only,0.7965507415408914,484,0.8402777777777778,0.7245508982035929,36,36
gpu_validation/samples/5/methods/sparsevlm_ssd_kv25_allhead/layers/6,all,True,validation_only,0.8200851953363135,510,0.8854166666666666,0.794392523364486,37,37
gpu_validation/samples/5/methods/sparsevlm_ssd_kv25_allhead/layers/7,all,True,validation_only,0.8736100193079136,490,0.8506944444444444,0.7401812688821753,37,37
gpu_validation/samples/5/methods/sparsevlm_ssd_kv25_allhead/layers/8,all,True,validation_only,0.5503048171578743,392,0.6805555555555556,0.5157894736842106,37,37
gpu_validation/samples/5/methods/sparsevlm_ssd_kv25_allhead/layers/9,all,True,validation_only,0.6855316679821192,426,0.7395833333333334,0.5867768595041323,36,37
gpu_validation/samples/5/methods/sparsevlm_ssd_kv25_allhead/layers/10,all,True,validation_only,0.9158012634446002,479,0.8315972222222222,0.711738484398217,37,37
gpu_validation/samples/5/methods/sparsevlm_ssd_kv25_allhead/layers/11,all,True,validation_only,0.4164913223271564,357,0.6197916666666666,0.4490566037735849,37,37
gpu_validation/samples/5/methods/sparsevlm_ssd_kv25_allhead/layers/12,all,True,validation_only,0.7439623593340817,367,0.6371527777777778,0.467515923566879,37,37
gpu_validation/samples/5/methods/sparsevlm_ssd_kv25_allhead/layers/13,all,True,validation_only,0.7504099972511217,454,0.7881944444444444,0.6504297994269341,37,37
gpu_validation/samples/5/methods/sparsevlm_ssd_kv25_allhead/layers/14,all,True,validation_only,0.6558478488687979,453,0.7864583333333334,0.648068669527897,37,37
gpu_validation/samples/5/methods/sparsevlm_ssd_kv25_allhead/layers/15,all,True,validation_only,0.6740985803151238,363,0.6302083333333334,0.4600760456273764,37,37
gpu_validation/samples/5/methods/sparsevlm_ssd_kv25_allhead/layers/16,all,True,validation_only,0.8964699296234829,437,0.7586805555555556,0.6111888111888112,37,37
gpu_validation/samples/5/methods/sparsevlm_ssd_kv25_allhead/layers/17,all,True,validation_only,0.920743394291593,459,0.796875,0.6623376623376623,37,37
gpu_validation/samples/5/methods/sparsevlm_ssd_kv25_allhead/layers/18,all,True,validation_only,0.7496627569652159,373,0.6475694444444444,0.47881899871630296,37,37
gpu_validation/samples/5/methods/sparsevlm_ssd_kv25_allhead/layers/19,all,True,validation_only,0.7909288470874691,309,0.5364583333333334,0.3665480427046263,32,37
gpu_validation/samples/5/methods/sparsevlm_ssd_kv25_allhead/layers/20,all,True,validation_only,0.6884556617263359,468,0.8125,0.6842105263157895,37,37
gpu_validation/samples/5/methods/sparsevlm_ssd_kv25_allhead/layers/21,all,True,validation_only,0.832480771163706,471,0.8177083333333334,0.6916299559471366,37,37
gpu_validation/samples/5/methods/sparsevlm_ssd_kv25_allhead/layers/22,all,True,validation_only,0.622383825178095,347,0.6024305555555556,0.43105590062111804,32,37
gpu_validation/samples/5/methods/sparsevlm_ssd_kv25_allhead/layers/23,all,True,validation_only,0.9667430867213552,419,0.7274305555555556,0.5716234652114598,37,37
gpu_validation/samples/5/methods/sparsevlm_ssd_kv25_allhead/layers/24,all,True,validation_only,0.8370158535005848,438,0.7604166666666666,0.6134453781512605,37,37
gpu_validation/samples/5/methods/sparsevlm_ssd_kv25_allhead/layers/25,all,True,validation_only,0.8067988700453869,425,0.7378472222222222,0.5845942228335625,37,37
gpu_validation/samples/5/methods/sparsevlm_ssd_kv25_allhead/layers/26,all,True,validation_only,0.9339497514515387,409,0.7100694444444444,0.550471063257066,34,37
gpu_validation/samples/5/methods/sparsevlm_ssd_kv25_allhead/layers/27,all,True,validation_only,0.9872527333953494,448,0.7777777777777778,0.6363636363636364,31,34
gpu_validation/samples/5/methods/sparsevlm_ssd_kv25_allhead/layers/28,all,True,validation_only,0.9740195355007347,420,0.7291666666666666,0.5737704918032787,33,36
gpu_validation/samples/5/methods/sparsevlm_ssd_kv25_allhead/layers/29,all,True,validation_only,0.44882232456110466,390,0.6770833333333334,0.5118110236220472,37,37
gpu_validation/samples/5/methods/sparsevlm_ssd_kv25_allhead/layers/30,all,True,validation_only,0.9921007792826448,403,0.6996527777777778,0.5380507343124166,34,37
gpu_validation/samples/5/methods/sparsevlm_ssd_kv25_allhead/layers/31,all,True,validation_only,0.9990556960579074,398,0.6909722222222222,0.5278514588859416,36,37
gpu_validation/samples/6/methods/sparsevlm_ssd_kv25_probe3/layers/0,fixed_first_3,True,validation_only,0.8229096203862933,511,0.8871527777777778,0.797191887675507,32,33
gpu_validation/samples/6/methods/sparsevlm_ssd_kv25_probe3/layers/1,fixed_first_3,True,validation_only,0.9387793251755318,510,0.8854166666666666,0.794392523364486,37,37
gpu_validation/samples/6/methods/sparsevlm_ssd_kv25_probe3/layers/2,fixed_first_3,True,validation_only,0.9950060855356244,511,0.8871527777777778,0.797191887675507,37,37
gpu_validation/samples/6/methods/sparsevlm_ssd_kv25_probe3/layers/3,fixed_first_3,True,validation_only,0.9986074960733805,426,0.7395833333333334,0.5867768595041323,35,37
gpu_validation/samples/6/methods/sparsevlm_ssd_kv25_probe3/layers/4,fixed_first_3,True,validation_only,0.9812945110097632,468,0.8125,0.6842105263157895,37,37
gpu_validation/samples/6/methods/sparsevlm_ssd_kv25_probe3/layers/5,fixed_first_3,True,validation_only,0.9747982234653704,443,0.7690972222222222,0.6248236953455572,36,37
gpu_validation/samples/6/methods/sparsevlm_ssd_kv25_probe3/layers/6,fixed_first_3,True,validation_only,0.8670163468391684,470,0.8159722222222222,0.6891495601173021,37,37
gpu_validation/samples/6/methods/sparsevlm_ssd_kv25_probe3/layers/7,fixed_first_3,True,validation_only,0.9839601995393574,442,0.7673611111111112,0.6225352112676056,37,37
gpu_validation/samples/6/methods/sparsevlm_ssd_kv25_probe3/layers/8,fixed_first_3,True,validation_only,0.8835019435728356,338,0.5868055555555556,0.4152334152334152,35,37
gpu_validation/samples/6/methods/sparsevlm_ssd_kv25_probe3/layers/9,fixed_first_3,True,validation_only,0.9250161187529194,359,0.6232638888888888,0.4527112232030265,36,36
gpu_validation/samples/6/methods/sparsevlm_ssd_kv25_probe3/layers/10,fixed_first_3,True,validation_only,0.9607831001811212,434,0.7534722222222222,0.6044568245125348,36,37
gpu_validation/samples/6/methods/sparsevlm_ssd_kv25_probe3/layers/11,fixed_first_3,True,validation_only,0.9137989840243235,322,0.5590277777777778,0.38795180722891565,37,37
gpu_validation/samples/6/methods/sparsevlm_ssd_kv25_probe3/layers/12,fixed_first_3,True,validation_only,0.9280801756151009,389,0.6753472222222222,0.509829619921363,34,37
gpu_validation/samples/6/methods/sparsevlm_ssd_kv25_probe3/layers/13,fixed_first_3,True,validation_only,0.8664054995624829,458,0.7951388888888888,0.659942363112392,35,37
gpu_validation/samples/6/methods/sparsevlm_ssd_kv25_probe3/layers/14,fixed_first_3,True,validation_only,0.8561262596228038,444,0.7708333333333334,0.6271186440677966,36,35
gpu_validation/samples/6/methods/sparsevlm_ssd_kv25_probe3/layers/15,fixed_first_3,True,validation_only,0.9240762059331451,410,0.7118055555555556,0.5525606469002695,37,37
gpu_validation/samples/6/methods/sparsevlm_ssd_kv25_probe3/layers/16,fixed_first_3,True,validation_only,0.9242602584062097,451,0.7829861111111112,0.6433666191155493,37,37
gpu_validation/samples/6/methods/sparsevlm_ssd_kv25_probe3/layers/17,fixed_first_3,True,validation_only,0.8782607341013853,443,0.7690972222222222,0.6248236953455572,37,37
gpu_validation/samples/6/methods/sparsevlm_ssd_kv25_probe3/layers/18,fixed_first_3,True,validation_only,0.7748706583454489,411,0.7135416666666666,0.5546558704453441,37,37
gpu_validation/samples/6/methods/sparsevlm_ssd_kv25_probe3/layers/19,fixed_first_3,True,validation_only,0.8992410416740974,349,0.6059027777777778,0.43462017434620176,33,37
gpu_validation/samples/6/methods/sparsevlm_ssd_kv25_probe3/layers/20,fixed_first_3,True,validation_only,0.7693470052003352,439,0.7621527777777778,0.6157082748948106,37,37
gpu_validation/samples/6/methods/sparsevlm_ssd_kv25_probe3/layers/21,fixed_first_3,True,validation_only,0.9106736669238118,420,0.7291666666666666,0.5737704918032787,37,37
gpu_validation/samples/6/methods/sparsevlm_ssd_kv25_probe3/layers/22,fixed_first_3,True,validation_only,0.9191293284114409,347,0.6024305555555556,0.43105590062111804,36,37
gpu_validation/samples/6/methods/sparsevlm_ssd_kv25_probe3/layers/23,fixed_first_3,True,validation_only,0.95792685432002,400,0.6944444444444444,0.5319148936170213,37,37
gpu_validation/samples/6/methods/sparsevlm_ssd_kv25_probe3/layers/24,fixed_first_3,True,validation_only,0.8866273499606763,378,0.65625,0.4883720930232558,37,37
gpu_validation/samples/6/methods/sparsevlm_ssd_kv25_probe3/layers/25,fixed_first_3,True,validation_only,0.826300037531729,408,0.7083333333333334,0.5483870967741935,37,37
gpu_validation/samples/6/methods/sparsevlm_ssd_kv25_probe3/layers/26,fixed_first_3,True,validation_only,0.9596762333530151,360,0.625,0.45454545454545453,36,37
gpu_validation/samples/6/methods/sparsevlm_ssd_kv25_probe3/layers/27,fixed_first_3,True,validation_only,0.9739554908969176,447,0.7760416666666666,0.6340425531914894,33,34
gpu_validation/samples/6/methods/sparsevlm_ssd_kv25_probe3/layers/28,fixed_first_3,True,validation_only,0.967147131433176,412,0.7152777777777778,0.5567567567567567,35,36
gpu_validation/samples/6/methods/sparsevlm_ssd_kv25_probe3/layers/29,fixed_first_3,True,validation_only,0.8051487218359284,414,0.71875,0.5609756097560976,37,37
gpu_validation/samples/6/methods/sparsevlm_ssd_kv25_probe3/layers/30,fixed_first_3,True,validation_only,0.9865540775019569,424,0.7361111111111112,0.5824175824175825,31,37
gpu_validation/samples/6/methods/sparsevlm_ssd_kv25_probe3/layers/31,fixed_first_3,True,validation_only,0.9944033851569526,396,0.6875,0.5238095238095238,36,37
gpu_validation/samples/6/methods/sparsevlm_ssd_kv25_allhead/layers/0,all,True,validation_only,0.8229096203862933,511,0.8871527777777778,0.797191887675507,32,33
gpu_validation/samples/6/methods/sparsevlm_ssd_kv25_allhead/layers/1,all,True,validation_only,0.9380960570616276,508,0.8819444444444444,0.7888198757763976,37,37
gpu_validation/samples/6/methods/sparsevlm_ssd_kv25_allhead/layers/2,all,True,validation_only,0.994660060878868,511,0.8871527777777778,0.797191887675507,37,37
gpu_validation/samples/6/methods/sparsevlm_ssd_kv25_allhead/layers/3,all,True,validation_only,0.9984709677601707,425,0.7378472222222222,0.5845942228335625,35,37
gpu_validation/samples/6/methods/sparsevlm_ssd_kv25_allhead/layers/4,all,True,validation_only,0.9812427868125442,470,0.8159722222222222,0.6891495601173021,37,37
gpu_validation/samples/6/methods/sparsevlm_ssd_kv25_allhead/layers/5,all,True,validation_only,0.9748135168663785,446,0.7743055555555556,0.6317280453257791,36,37
gpu_validation/samples/6/methods/sparsevlm_ssd_kv25_allhead/layers/6,all,True,validation_only,0.8713196359650947,466,0.8090277777777778,0.6793002915451894,37,37
gpu_validation/samples/6/methods/sparsevlm_ssd_kv25_allhead/layers/7,all,True,validation_only,0.9846898890436442,441,0.765625,0.620253164556962,37,37
gpu_validation/samples/6/methods/sparsevlm_ssd_kv25_allhead/layers/8,all,True,validation_only,0.8856153442212046,341,0.5920138888888888,0.4204685573366215,35,37
gpu_validation/samples/6/methods/sparsevlm_ssd_kv25_allhead/layers/9,all,True,validation_only,0.9258052887291858,360,0.625,0.45454545454545453,36,36
gpu_validation/samples/6/methods/sparsevlm_ssd_kv25_allhead/layers/10,all,True,validation_only,0.9614651266816613,438,0.7604166666666666,0.6134453781512605,36,37
gpu_validation/samples/6/methods/sparsevlm_ssd_kv25_allhead/layers/11,all,True,validation_only,0.9106995673810937,324,0.5625,0.391304347826087,37,37
gpu_validation/samples/6/methods/sparsevlm_ssd_kv25_allhead/layers/12,all,True,validation_only,0.9215460340976761,384,0.6666666666666666,0.5,34,36
gpu_validation/samples/6/methods/sparsevlm_ssd_kv25_allhead/layers/13,all,True,validation_only,0.8458749789793302,458,0.7951388888888888,0.659942363112392,35,37
gpu_validation/samples/6/methods/sparsevlm_ssd_kv25_allhead/layers/14,all,True,validation_only,0.8288187254945439,450,0.78125,0.6410256410256411,36,34
gpu_validation/samples/6/methods/sparsevlm_ssd_kv25_allhead/layers/15,all,True,validation_only,0.919107863899643,400,0.6944444444444444,0.5319148936170213,37,37
gpu_validation/samples/6/methods/sparsevlm_ssd_kv25_allhead/layers/16,all,True,validation_only,0.919334765405733,452,0.7847222222222222,0.6457142857142857,37,37
gpu_validation/samples/6/methods/sparsevlm_ssd_kv25_allhead/layers/17,all,True,validation_only,0.8923291503298503,443,0.7690972222222222,0.6248236953455572,37,37
gpu_validation/samples/6/methods/sparsevlm_ssd_kv25_allhead/layers/18,all,True,validation_only,0.7743563700941527,404,0.7013888888888888,0.5401069518716578,37,37
gpu_validation/samples/6/methods/sparsevlm_ssd_kv25_allhead/layers/19,all,True,validation_only,0.8957837539906411,354,0.6145833333333334,0.44360902255639095,33,37
gpu_validation/samples/6/methods/sparsevlm_ssd_kv25_allhead/layers/20,all,True,validation_only,0.7610110808926633,448,0.7777777777777778,0.6363636363636364,36,37
gpu_validation/samples/6/methods/sparsevlm_ssd_kv25_allhead/layers/21,all,True,validation_only,0.9191151243160735,426,0.7395833333333334,0.5867768595041323,37,37
gpu_validation/samples/6/methods/sparsevlm_ssd_kv25_allhead/layers/22,all,True,validation_only,0.917699648045518,356,0.6180555555555556,0.4472361809045226,35,37
gpu_validation/samples/6/methods/sparsevlm_ssd_kv25_allhead/layers/23,all,True,validation_only,0.9574536657751601,394,0.6840277777777778,0.5197889182058048,37,37
gpu_validation/samples/6/methods/sparsevlm_ssd_kv25_allhead/layers/24,all,True,validation_only,0.8820695364037936,378,0.65625,0.4883720930232558,37,37
gpu_validation/samples/6/methods/sparsevlm_ssd_kv25_allhead/layers/25,all,True,validation_only,0.8052338584346406,402,0.6979166666666666,0.536,36,37
gpu_validation/samples/6/methods/sparsevlm_ssd_kv25_allhead/layers/26,all,True,validation_only,0.9598662475486734,360,0.625,0.45454545454545453,36,37
gpu_validation/samples/6/methods/sparsevlm_ssd_kv25_allhead/layers/27,all,True,validation_only,0.9740931280410721,449,0.7795138888888888,0.6386913229018493,33,33
gpu_validation/samples/6/methods/sparsevlm_ssd_kv25_allhead/layers/28,all,True,validation_only,0.9682859328571,410,0.7118055555555556,0.5525606469002695,35,36
gpu_validation/samples/6/methods/sparsevlm_ssd_kv25_allhead/layers/29,all,True,validation_only,0.8156996046837762,411,0.7135416666666666,0.5546558704453441,37,37
gpu_validation/samples/6/methods/sparsevlm_ssd_kv25_allhead/layers/30,all,True,validation_only,0.9864730091709842,423,0.734375,0.5802469135802469,31,37
gpu_validation/samples/6/methods/sparsevlm_ssd_kv25_allhead/layers/31,all,True,validation_only,0.9944779558328888,395,0.6857638888888888,0.5217965653896962,36,37
gpu_validation/samples/7/methods/sparsevlm_ssd_kv25_probe3/layers/0,fixed_first_3,True,validation_only,0.859944396057331,489,0.8489583333333334,0.7375565610859729,34,37
gpu_validation/samples/7/methods/sparsevlm_ssd_kv25_probe3/layers/1,fixed_first_3,True,validation_only,0.9499550625706115,513,0.890625,0.8028169014084507,37,37
gpu_validation/samples/7/methods/sparsevlm_ssd_kv25_probe3/layers/2,fixed_first_3,True,validation_only,0.998180436736746,503,0.8732638888888888,0.7750385208012327,37,37
gpu_validation/samples/7/methods/sparsevlm_ssd_kv25_probe3/layers/3,fixed_first_3,True,validation_only,0.9987722260530594,447,0.7760416666666666,0.6340425531914894,36,37
gpu_validation/samples/7/methods/sparsevlm_ssd_kv25_probe3/layers/4,fixed_first_3,True,validation_only,0.9941311662156974,476,0.8263888888888888,0.7041420118343196,37,37
gpu_validation/samples/7/methods/sparsevlm_ssd_kv25_probe3/layers/5,fixed_first_3,True,validation_only,0.9338789384764071,461,0.8003472222222222,0.6671490593342981,37,37
gpu_validation/samples/7/methods/sparsevlm_ssd_kv25_probe3/layers/6,fixed_first_3,True,validation_only,0.898538631734047,485,0.8420138888888888,0.7271364317841079,37,37
gpu_validation/samples/7/methods/sparsevlm_ssd_kv25_probe3/layers/7,fixed_first_3,True,validation_only,0.9649176683248577,465,0.8072916666666666,0.6768558951965066,37,37
gpu_validation/samples/7/methods/sparsevlm_ssd_kv25_probe3/layers/8,fixed_first_3,True,validation_only,0.8134055289636071,348,0.6041666666666666,0.43283582089552236,34,37
gpu_validation/samples/7/methods/sparsevlm_ssd_kv25_probe3/layers/9,fixed_first_3,True,validation_only,0.6617000486728147,401,0.6961805555555556,0.5339547270306259,34,37
gpu_validation/samples/7/methods/sparsevlm_ssd_kv25_probe3/layers/10,fixed_first_3,True,validation_only,0.947860916003549,457,0.7934027777777778,0.6575539568345323,37,37
gpu_validation/samples/7/methods/sparsevlm_ssd_kv25_probe3/layers/11,fixed_first_3,True,validation_only,0.7102614089086666,312,0.5416666666666666,0.37142857142857144,37,37
gpu_validation/samples/7/methods/sparsevlm_ssd_kv25_probe3/layers/12,fixed_first_3,True,validation_only,0.8794028891468452,430,0.7465277777777778,0.5955678670360111,32,36
gpu_validation/samples/7/methods/sparsevlm_ssd_kv25_probe3/layers/13,fixed_first_3,True,validation_only,0.8090334521128022,456,0.7916666666666666,0.6551724137931034,37,37
gpu_validation/samples/7/methods/sparsevlm_ssd_kv25_probe3/layers/14,fixed_first_3,True,validation_only,0.7485991026547197,451,0.7829861111111112,0.6433666191155493,34,37
gpu_validation/samples/7/methods/sparsevlm_ssd_kv25_probe3/layers/15,fixed_first_3,True,validation_only,0.653753438707964,384,0.6666666666666666,0.5,37,36
gpu_validation/samples/7/methods/sparsevlm_ssd_kv25_probe3/layers/16,fixed_first_3,True,validation_only,0.853566826376831,437,0.7586805555555556,0.6111888111888112,37,37
gpu_validation/samples/7/methods/sparsevlm_ssd_kv25_probe3/layers/17,fixed_first_3,True,validation_only,0.8300648490340609,462,0.8020833333333334,0.6695652173913044,37,37
gpu_validation/samples/7/methods/sparsevlm_ssd_kv25_probe3/layers/18,fixed_first_3,True,validation_only,0.5750201036928171,383,0.6649305555555556,0.4980494148244473,36,37
gpu_validation/samples/7/methods/sparsevlm_ssd_kv25_probe3/layers/19,fixed_first_3,True,validation_only,0.6938324283251968,313,0.5434027777777778,0.3730631704410012,30,37
gpu_validation/samples/7/methods/sparsevlm_ssd_kv25_probe3/layers/20,fixed_first_3,True,validation_only,0.8101857015917375,454,0.7881944444444444,0.6504297994269341,36,37
gpu_validation/samples/7/methods/sparsevlm_ssd_kv25_probe3/layers/21,fixed_first_3,True,validation_only,0.7359792174452149,456,0.7916666666666666,0.6551724137931034,37,37
gpu_validation/samples/7/methods/sparsevlm_ssd_kv25_probe3/layers/22,fixed_first_3,True,validation_only,0.4620073193267801,353,0.6128472222222222,0.44180225281602004,35,37
gpu_validation/samples/7/methods/sparsevlm_ssd_kv25_probe3/layers/23,fixed_first_3,True,validation_only,0.9225396945211282,436,0.7569444444444444,0.6089385474860335,37,37
gpu_validation/samples/7/methods/sparsevlm_ssd_kv25_probe3/layers/24,fixed_first_3,True,validation_only,0.7125472574383435,424,0.7361111111111112,0.5824175824175825,37,37
gpu_validation/samples/7/methods/sparsevlm_ssd_kv25_probe3/layers/25,fixed_first_3,True,validation_only,0.6916853474828389,458,0.7951388888888888,0.659942363112392,37,37
gpu_validation/samples/7/methods/sparsevlm_ssd_kv25_probe3/layers/26,fixed_first_3,True,validation_only,0.5283478929099071,387,0.671875,0.5058823529411764,37,37
gpu_validation/samples/7/methods/sparsevlm_ssd_kv25_probe3/layers/27,fixed_first_3,True,validation_only,0.8163351443965249,480,0.8333333333333334,0.7142857142857143,34,34
gpu_validation/samples/7/methods/sparsevlm_ssd_kv25_probe3/layers/28,fixed_first_3,True,validation_only,0.6946824142902771,445,0.7725694444444444,0.6294200848656294,35,37
gpu_validation/samples/7/methods/sparsevlm_ssd_kv25_probe3/layers/29,fixed_first_3,True,validation_only,0.5386805253960691,420,0.7291666666666666,0.5737704918032787,37,37
gpu_validation/samples/7/methods/sparsevlm_ssd_kv25_probe3/layers/30,fixed_first_3,True,validation_only,0.8302415098347268,420,0.7291666666666666,0.5737704918032787,33,37
gpu_validation/samples/7/methods/sparsevlm_ssd_kv25_probe3/layers/31,fixed_first_3,True,validation_only,0.8565476651496348,411,0.7135416666666666,0.5546558704453441,37,37
gpu_validation/samples/7/methods/sparsevlm_ssd_kv25_allhead/layers/0,all,True,validation_only,0.859944396057331,489,0.8489583333333334,0.7375565610859729,34,37
gpu_validation/samples/7/methods/sparsevlm_ssd_kv25_allhead/layers/1,all,True,validation_only,0.9491977312584634,516,0.8958333333333334,0.8113207547169812,37,37
gpu_validation/samples/7/methods/sparsevlm_ssd_kv25_allhead/layers/2,all,True,validation_only,0.9981430330948226,503,0.8732638888888888,0.7750385208012327,37,37
gpu_validation/samples/7/methods/sparsevlm_ssd_kv25_allhead/layers/3,all,True,validation_only,0.998782834043137,448,0.7777777777777778,0.6363636363636364,36,37
gpu_validation/samples/7/methods/sparsevlm_ssd_kv25_allhead/layers/4,all,True,validation_only,0.9945222331000622,477,0.828125,0.7066666666666667,37,37
gpu_validation/samples/7/methods/sparsevlm_ssd_kv25_allhead/layers/5,all,True,validation_only,0.933782890555938,462,0.8020833333333334,0.6695652173913044,37,37
gpu_validation/samples/7/methods/sparsevlm_ssd_kv25_allhead/layers/6,all,True,validation_only,0.9021584894948288,488,0.8472222222222222,0.7349397590361446,37,37
gpu_validation/samples/7/methods/sparsevlm_ssd_kv25_allhead/layers/7,all,True,validation_only,0.9659283348771767,467,0.8107638888888888,0.6817518248175183,37,37
gpu_validation/samples/7/methods/sparsevlm_ssd_kv25_allhead/layers/8,all,True,validation_only,0.819437988502696,358,0.6215277777777778,0.4508816120906801,35,37
gpu_validation/samples/7/methods/sparsevlm_ssd_kv25_allhead/layers/9,all,True,validation_only,0.6715176686475884,401,0.6961805555555556,0.5339547270306259,34,37
gpu_validation/samples/7/methods/sparsevlm_ssd_kv25_allhead/layers/10,all,True,validation_only,0.9513931186423592,458,0.7951388888888888,0.659942363112392,37,37
gpu_validation/samples/7/methods/sparsevlm_ssd_kv25_allhead/layers/11,all,True,validation_only,0.6967225734878092,314,0.5451388888888888,0.3747016706443914,37,37
gpu_validation/samples/7/methods/sparsevlm_ssd_kv25_allhead/layers/12,all,True,validation_only,0.8759680694625191,430,0.7465277777777778,0.5955678670360111,32,36
gpu_validation/samples/7/methods/sparsevlm_ssd_kv25_allhead/layers/13,all,True,validation_only,0.8321141002232961,454,0.7881944444444444,0.6504297994269341,37,37
gpu_validation/samples/7/methods/sparsevlm_ssd_kv25_allhead/layers/14,all,True,validation_only,0.7393945242943052,444,0.7708333333333334,0.6271186440677966,36,37
gpu_validation/samples/7/methods/sparsevlm_ssd_kv25_allhead/layers/15,all,True,validation_only,0.6698973065422781,380,0.6597222222222222,0.49222797927461137,37,37
gpu_validation/samples/7/methods/sparsevlm_ssd_kv25_allhead/layers/16,all,True,validation_only,0.8594203870509975,435,0.7552083333333334,0.606694560669456,37,37
gpu_validation/samples/7/methods/sparsevlm_ssd_kv25_allhead/layers/17,all,True,validation_only,0.8246776998903007,466,0.8090277777777778,0.6793002915451894,37,37
gpu_validation/samples/7/methods/sparsevlm_ssd_kv25_allhead/layers/18,all,True,validation_only,0.5811139770635019,386,0.6701388888888888,0.5039164490861618,37,37
gpu_validation/samples/7/methods/sparsevlm_ssd_kv25_allhead/layers/19,all,True,validation_only,0.6815969970757857,318,0.5520833333333334,0.381294964028777,30,37
gpu_validation/samples/7/methods/sparsevlm_ssd_kv25_allhead/layers/20,all,True,validation_only,0.7962525213832073,459,0.796875,0.6623376623376623,37,37
gpu_validation/samples/7/methods/sparsevlm_ssd_kv25_allhead/layers/21,all,True,validation_only,0.7188322694240326,452,0.7847222222222222,0.6457142857142857,37,37
gpu_validation/samples/7/methods/sparsevlm_ssd_kv25_allhead/layers/22,all,True,validation_only,0.46325429186024647,351,0.609375,0.43820224719101125,35,37
gpu_validation/samples/7/methods/sparsevlm_ssd_kv25_allhead/layers/23,all,True,validation_only,0.9226100575175302,433,0.7517361111111112,0.6022253129346314,37,37
gpu_validation/samples/7/methods/sparsevlm_ssd_kv25_allhead/layers/24,all,True,validation_only,0.707156281763197,431,0.7482638888888888,0.5977808599167822,37,37
gpu_validation/samples/7/methods/sparsevlm_ssd_kv25_allhead/layers/25,all,True,validation_only,0.699409646758335,457,0.7934027777777778,0.6575539568345323,37,37
gpu_validation/samples/7/methods/sparsevlm_ssd_kv25_allhead/layers/26,all,True,validation_only,0.524991883280373,385,0.6684027777777778,0.5019556714471969,37,37
gpu_validation/samples/7/methods/sparsevlm_ssd_kv25_allhead/layers/27,all,True,validation_only,0.8195127653690698,480,0.8333333333333334,0.7142857142857143,34,34
gpu_validation/samples/7/methods/sparsevlm_ssd_kv25_allhead/layers/28,all,True,validation_only,0.693369277870679,443,0.7690972222222222,0.6248236953455572,35,37
gpu_validation/samples/7/methods/sparsevlm_ssd_kv25_allhead/layers/29,all,True,validation_only,0.5407559261140509,422,0.7326388888888888,0.5780821917808219,37,37
gpu_validation/samples/7/methods/sparsevlm_ssd_kv25_allhead/layers/30,all,True,validation_only,0.8330190610175642,415,0.7204861111111112,0.5630936227951153,33,37
gpu_validation/samples/7/methods/sparsevlm_ssd_kv25_allhead/layers/31,all,True,validation_only,0.8572310531994359,411,0.7135416666666666,0.5546558704453441,37,37
gpu_validation/samples/8/methods/sparsevlm_ssd_kv25_probe3/layers/0,fixed_first_3,True,validation_only,0.8239318805381922,485,0.8420138888888888,0.7271364317841079,34,31
gpu_validation/samples/8/methods/sparsevlm_ssd_kv25_probe3/layers/1,fixed_first_3,True,validation_only,0.948101120828844,490,0.8506944444444444,0.7401812688821753,37,37
gpu_validation/samples/8/methods/sparsevlm_ssd_kv25_probe3/layers/2,fixed_first_3,True,validation_only,0.9930429037416978,485,0.8420138888888888,0.7271364317841079,34,36
gpu_validation/samples/8/methods/sparsevlm_ssd_kv25_probe3/layers/3,fixed_first_3,True,validation_only,0.997063615938567,401,0.6961805555555556,0.5339547270306259,33,36
gpu_validation/samples/8/methods/sparsevlm_ssd_kv25_probe3/layers/4,fixed_first_3,True,validation_only,0.974585419332893,479,0.8315972222222222,0.711738484398217,36,34
gpu_validation/samples/8/methods/sparsevlm_ssd_kv25_probe3/layers/5,fixed_first_3,True,validation_only,0.9039079910549663,462,0.8020833333333334,0.6695652173913044,35,36
gpu_validation/samples/8/methods/sparsevlm_ssd_kv25_probe3/layers/6,fixed_first_3,True,validation_only,0.9516127583922218,446,0.7743055555555556,0.6317280453257791,37,36
gpu_validation/samples/8/methods/sparsevlm_ssd_kv25_probe3/layers/7,fixed_first_3,True,validation_only,0.9043715633400914,410,0.7118055555555556,0.5525606469002695,36,37
gpu_validation/samples/8/methods/sparsevlm_ssd_kv25_probe3/layers/8,fixed_first_3,True,validation_only,0.8998880635428382,328,0.5694444444444444,0.39805825242718446,36,37
gpu_validation/samples/8/methods/sparsevlm_ssd_kv25_probe3/layers/9,fixed_first_3,True,validation_only,0.8589624294312577,392,0.6805555555555556,0.5157894736842106,32,34
gpu_validation/samples/8/methods/sparsevlm_ssd_kv25_probe3/layers/10,fixed_first_3,True,validation_only,0.9518342967544666,442,0.7673611111111112,0.6225352112676056,36,37
gpu_validation/samples/8/methods/sparsevlm_ssd_kv25_probe3/layers/11,fixed_first_3,True,validation_only,0.725459781140522,383,0.6649305555555556,0.4980494148244473,37,37
gpu_validation/samples/8/methods/sparsevlm_ssd_kv25_probe3/layers/12,fixed_first_3,True,validation_only,0.8557930439316234,399,0.6927083333333334,0.5298804780876494,36,37
gpu_validation/samples/8/methods/sparsevlm_ssd_kv25_probe3/layers/13,fixed_first_3,True,validation_only,0.7076080097263985,408,0.7083333333333334,0.5483870967741935,37,37
gpu_validation/samples/8/methods/sparsevlm_ssd_kv25_probe3/layers/14,fixed_first_3,True,validation_only,0.7877703708806606,424,0.7361111111111112,0.5824175824175825,37,37
gpu_validation/samples/8/methods/sparsevlm_ssd_kv25_probe3/layers/15,fixed_first_3,True,validation_only,0.8729665022199863,313,0.5434027777777778,0.3730631704410012,37,37
gpu_validation/samples/8/methods/sparsevlm_ssd_kv25_probe3/layers/16,fixed_first_3,True,validation_only,0.9209546371308539,406,0.7048611111111112,0.5442359249329759,37,37
gpu_validation/samples/8/methods/sparsevlm_ssd_kv25_probe3/layers/17,fixed_first_3,True,validation_only,0.7372660365869791,427,0.7413194444444444,0.5889655172413794,36,37
gpu_validation/samples/8/methods/sparsevlm_ssd_kv25_probe3/layers/18,fixed_first_3,True,validation_only,0.8109368199684095,421,0.7309027777777778,0.5759233926128591,37,37
gpu_validation/samples/8/methods/sparsevlm_ssd_kv25_probe3/layers/19,fixed_first_3,True,validation_only,0.888269756144552,304,0.5277777777777778,0.3584905660377358,33,37
gpu_validation/samples/8/methods/sparsevlm_ssd_kv25_probe3/layers/20,fixed_first_3,True,validation_only,0.6474798157560435,444,0.7708333333333334,0.6271186440677966,37,37
gpu_validation/samples/8/methods/sparsevlm_ssd_kv25_probe3/layers/21,fixed_first_3,True,validation_only,0.6066945328777076,419,0.7274305555555556,0.5716234652114598,36,37
gpu_validation/samples/8/methods/sparsevlm_ssd_kv25_probe3/layers/22,fixed_first_3,True,validation_only,0.7843909803536062,292,0.5069444444444444,0.3395348837209302,33,37
gpu_validation/samples/8/methods/sparsevlm_ssd_kv25_probe3/layers/23,fixed_first_3,True,validation_only,0.8374880954435437,424,0.7361111111111112,0.5824175824175825,37,36
gpu_validation/samples/8/methods/sparsevlm_ssd_kv25_probe3/layers/24,fixed_first_3,True,validation_only,0.6421640110631455,362,0.6284722222222222,0.4582278481012658,37,37
gpu_validation/samples/8/methods/sparsevlm_ssd_kv25_probe3/layers/25,fixed_first_3,True,validation_only,0.7908040557065833,415,0.7204861111111112,0.5630936227951153,37,37
gpu_validation/samples/8/methods/sparsevlm_ssd_kv25_probe3/layers/26,fixed_first_3,True,validation_only,0.7603848471181438,384,0.6666666666666666,0.5,36,37
gpu_validation/samples/8/methods/sparsevlm_ssd_kv25_probe3/layers/27,fixed_first_3,True,validation_only,0.8946148000616098,465,0.8072916666666666,0.6768558951965066,33,34
gpu_validation/samples/8/methods/sparsevlm_ssd_kv25_probe3/layers/28,fixed_first_3,True,validation_only,0.8765663463316371,420,0.7291666666666666,0.5737704918032787,34,37
gpu_validation/samples/8/methods/sparsevlm_ssd_kv25_probe3/layers/29,fixed_first_3,True,validation_only,0.6721764944547819,385,0.6684027777777778,0.5019556714471969,37,37
gpu_validation/samples/8/methods/sparsevlm_ssd_kv25_probe3/layers/30,fixed_first_3,True,validation_only,0.8705258411302517,404,0.7013888888888888,0.5401069518716578,36,37
gpu_validation/samples/8/methods/sparsevlm_ssd_kv25_probe3/layers/31,fixed_first_3,True,validation_only,0.8979832363553576,401,0.6961805555555556,0.5339547270306259,36,36
gpu_validation/samples/8/methods/sparsevlm_ssd_kv25_allhead/layers/0,all,True,validation_only,0.8239318805381922,485,0.8420138888888888,0.7271364317841079,34,31
gpu_validation/samples/8/methods/sparsevlm_ssd_kv25_allhead/layers/1,all,True,validation_only,0.9478603676329391,491,0.8524305555555556,0.7428139183055976,37,37
gpu_validation/samples/8/methods/sparsevlm_ssd_kv25_allhead/layers/2,all,True,validation_only,0.9931382834640757,485,0.8420138888888888,0.7271364317841079,34,36
gpu_validation/samples/8/methods/sparsevlm_ssd_kv25_allhead/layers/3,all,True,validation_only,0.9970689890228909,407,0.7065972222222222,0.5463087248322148,33,36
gpu_validation/samples/8/methods/sparsevlm_ssd_kv25_allhead/layers/4,all,True,validation_only,0.9755340895217025,476,0.8263888888888888,0.7041420118343196,36,34
gpu_validation/samples/8/methods/sparsevlm_ssd_kv25_allhead/layers/5,all,True,validation_only,0.9030487656675901,460,0.7986111111111112,0.6647398843930635,35,36
gpu_validation/samples/8/methods/sparsevlm_ssd_kv25_allhead/layers/6,all,True,validation_only,0.9513076618869508,446,0.7743055555555556,0.6317280453257791,37,36
gpu_validation/samples/8/methods/sparsevlm_ssd_kv25_allhead/layers/7,all,True,validation_only,0.9047769642083883,413,0.7170138888888888,0.5588633288227334,36,37
gpu_validation/samples/8/methods/sparsevlm_ssd_kv25_allhead/layers/8,all,True,validation_only,0.9061622187426074,327,0.5677083333333334,0.39636363636363636,37,37
gpu_validation/samples/8/methods/sparsevlm_ssd_kv25_allhead/layers/9,all,True,validation_only,0.8700327020556045,378,0.65625,0.4883720930232558,32,36
gpu_validation/samples/8/methods/sparsevlm_ssd_kv25_allhead/layers/10,all,True,validation_only,0.9543507569255802,451,0.7829861111111112,0.6433666191155493,36,37
gpu_validation/samples/8/methods/sparsevlm_ssd_kv25_allhead/layers/11,all,True,validation_only,0.7513205616220937,375,0.6510416666666666,0.4826254826254826,37,37
gpu_validation/samples/8/methods/sparsevlm_ssd_kv25_allhead/layers/12,all,True,validation_only,0.8807622979431236,396,0.6875,0.5238095238095238,36,37
gpu_validation/samples/8/methods/sparsevlm_ssd_kv25_allhead/layers/13,all,True,validation_only,0.8502298354172767,429,0.7447916666666666,0.5933609958506224,37,37
gpu_validation/samples/8/methods/sparsevlm_ssd_kv25_allhead/layers/14,all,True,validation_only,0.8129022916556522,462,0.8020833333333334,0.6695652173913044,37,37
gpu_validation/samples/8/methods/sparsevlm_ssd_kv25_allhead/layers/15,all,True,validation_only,0.8661247981074076,299,0.5190972222222222,0.3505275498241501,37,36
gpu_validation/samples/8/methods/sparsevlm_ssd_kv25_allhead/layers/16,all,True,validation_only,0.9282016799590921,429,0.7447916666666666,0.5933609958506224,37,37
gpu_validation/samples/8/methods/sparsevlm_ssd_kv25_allhead/layers/17,all,True,validation_only,0.7505361176196063,446,0.7743055555555556,0.6317280453257791,37,37
gpu_validation/samples/8/methods/sparsevlm_ssd_kv25_allhead/layers/18,all,True,validation_only,0.7937314657873263,418,0.7256944444444444,0.5694822888283378,37,37
gpu_validation/samples/8/methods/sparsevlm_ssd_kv25_allhead/layers/19,all,True,validation_only,0.8494009482170151,313,0.5434027777777778,0.3730631704410012,33,37
gpu_validation/samples/8/methods/sparsevlm_ssd_kv25_allhead/layers/20,all,True,validation_only,0.7702267030485191,461,0.8003472222222222,0.6671490593342981,37,37
gpu_validation/samples/8/methods/sparsevlm_ssd_kv25_allhead/layers/21,all,True,validation_only,0.6069003039017338,414,0.71875,0.5609756097560976,36,37
gpu_validation/samples/8/methods/sparsevlm_ssd_kv25_allhead/layers/22,all,True,validation_only,0.7779206437409034,278,0.4826388888888889,0.3180778032036613,33,37
gpu_validation/samples/8/methods/sparsevlm_ssd_kv25_allhead/layers/23,all,True,validation_only,0.856901241262751,417,0.7239583333333334,0.5673469387755102,37,36
gpu_validation/samples/8/methods/sparsevlm_ssd_kv25_allhead/layers/24,all,True,validation_only,0.6457926859156641,349,0.6059027777777778,0.43462017434620176,37,37
gpu_validation/samples/8/methods/sparsevlm_ssd_kv25_allhead/layers/25,all,True,validation_only,0.8402055726118685,407,0.7065972222222222,0.5463087248322148,37,37
gpu_validation/samples/8/methods/sparsevlm_ssd_kv25_allhead/layers/26,all,True,validation_only,0.7710555489438602,389,0.6753472222222222,0.509829619921363,36,37
gpu_validation/samples/8/methods/sparsevlm_ssd_kv25_allhead/layers/27,all,True,validation_only,0.889172690270338,463,0.8038194444444444,0.6719883889695211,33,34
gpu_validation/samples/8/methods/sparsevlm_ssd_kv25_allhead/layers/28,all,True,validation_only,0.8889348756802619,423,0.734375,0.5802469135802469,34,37
gpu_validation/samples/8/methods/sparsevlm_ssd_kv25_allhead/layers/29,all,True,validation_only,0.6681558134399272,394,0.6840277777777778,0.5197889182058048,37,37
gpu_validation/samples/8/methods/sparsevlm_ssd_kv25_allhead/layers/30,all,True,validation_only,0.8750450344563054,400,0.6944444444444444,0.5319148936170213,36,37
gpu_validation/samples/8/methods/sparsevlm_ssd_kv25_allhead/layers/31,all,True,validation_only,0.8977501947463314,400,0.6944444444444444,0.5319148936170213,36,36
gpu_validation/samples/9/methods/sparsevlm_ssd_kv25_probe3/layers/0,fixed_first_3,True,validation_only,0.8405248058396355,439,0.8314393939393939,0.7115072933549432,33,30
gpu_validation/samples/9/methods/sparsevlm_ssd_kv25_probe3/layers/1,fixed_first_3,True,validation_only,0.9631786347864795,449,0.8503787878787878,0.7397034596375618,34,34
gpu_validation/samples/9/methods/sparsevlm_ssd_kv25_probe3/layers/2,fixed_first_3,True,validation_only,0.9995613264299298,457,0.865530303030303,0.7629382303839732,33,33
gpu_validation/samples/9/methods/sparsevlm_ssd_kv25_probe3/layers/3,fixed_first_3,True,validation_only,0.9994928961336773,403,0.7632575757575758,0.6171516079632465,34,34
gpu_validation/samples/9/methods/sparsevlm_ssd_kv25_probe3/layers/4,fixed_first_3,True,validation_only,0.9964307601978857,446,0.8446969696969697,0.7311475409836066,34,33
gpu_validation/samples/9/methods/sparsevlm_ssd_kv25_probe3/layers/5,fixed_first_3,True,validation_only,0.9784202042995405,452,0.8560606060606061,0.7483443708609272,34,34
gpu_validation/samples/9/methods/sparsevlm_ssd_kv25_probe3/layers/6,fixed_first_3,True,validation_only,0.9825329549528956,447,0.8465909090909091,0.7339901477832512,34,34
gpu_validation/samples/9/methods/sparsevlm_ssd_kv25_probe3/layers/7,fixed_first_3,True,validation_only,0.94439407291052,402,0.7613636363636364,0.6146788990825688,34,34
gpu_validation/samples/9/methods/sparsevlm_ssd_kv25_probe3/layers/8,fixed_first_3,True,validation_only,0.9156057588951082,300,0.5681818181818182,0.3968253968253968,33,34
gpu_validation/samples/9/methods/sparsevlm_ssd_kv25_probe3/layers/9,fixed_first_3,True,validation_only,0.9724680094644912,352,0.6666666666666666,0.5,30,33
gpu_validation/samples/9/methods/sparsevlm_ssd_kv25_probe3/layers/10,fixed_first_3,True,validation_only,0.9566205962649302,414,0.7840909090909091,0.6448598130841121,34,34
gpu_validation/samples/9/methods/sparsevlm_ssd_kv25_probe3/layers/11,fixed_first_3,True,validation_only,0.9307669064795356,343,0.6496212121212122,0.48106591865357645,34,34
gpu_validation/samples/9/methods/sparsevlm_ssd_kv25_probe3/layers/12,fixed_first_3,True,validation_only,0.9337051946237707,272,0.5151515151515151,0.3469387755102041,32,34
gpu_validation/samples/9/methods/sparsevlm_ssd_kv25_probe3/layers/13,fixed_first_3,True,validation_only,0.9245128925804899,366,0.6931818181818182,0.5304347826086957,34,34
gpu_validation/samples/9/methods/sparsevlm_ssd_kv25_probe3/layers/14,fixed_first_3,True,validation_only,0.8950074581567318,384,0.7272727272727273,0.5714285714285714,34,34
gpu_validation/samples/9/methods/sparsevlm_ssd_kv25_probe3/layers/15,fixed_first_3,True,validation_only,0.9511237864787953,311,0.5890151515151515,0.4174496644295302,34,34
gpu_validation/samples/9/methods/sparsevlm_ssd_kv25_probe3/layers/16,fixed_first_3,True,validation_only,0.9496718883563215,367,0.6950757575757576,0.532656023222061,34,34
gpu_validation/samples/9/methods/sparsevlm_ssd_kv25_probe3/layers/17,fixed_first_3,True,validation_only,0.8807230904220172,393,0.7443181818181818,0.5927601809954751,34,34
gpu_validation/samples/9/methods/sparsevlm_ssd_kv25_probe3/layers/18,fixed_first_3,True,validation_only,0.9415533657544137,368,0.696969696969697,0.5348837209302325,34,34
gpu_validation/samples/9/methods/sparsevlm_ssd_kv25_probe3/layers/19,fixed_first_3,True,validation_only,0.9589856129504072,258,0.48863636363636365,0.3233082706766917,31,34
gpu_validation/samples/9/methods/sparsevlm_ssd_kv25_probe3/layers/20,fixed_first_3,True,validation_only,0.7332602403693308,362,0.6856060606060606,0.521613832853026,34,34
gpu_validation/samples/9/methods/sparsevlm_ssd_kv25_probe3/layers/21,fixed_first_3,True,validation_only,0.7898124969327993,373,0.7064393939393939,0.5461200585651538,34,34
gpu_validation/samples/9/methods/sparsevlm_ssd_kv25_probe3/layers/22,fixed_first_3,True,validation_only,0.8929334468076482,275,0.5208333333333334,0.352112676056338,31,34
gpu_validation/samples/9/methods/sparsevlm_ssd_kv25_probe3/layers/23,fixed_first_3,True,validation_only,0.9557252722950589,367,0.6950757575757576,0.532656023222061,34,34
gpu_validation/samples/9/methods/sparsevlm_ssd_kv25_probe3/layers/24,fixed_first_3,True,validation_only,0.8837994674988883,333,0.6306818181818182,0.4605809128630705,34,34
gpu_validation/samples/9/methods/sparsevlm_ssd_kv25_probe3/layers/25,fixed_first_3,True,validation_only,0.8799979257214224,362,0.6856060606060606,0.521613832853026,34,34
gpu_validation/samples/9/methods/sparsevlm_ssd_kv25_probe3/layers/26,fixed_first_3,True,validation_only,0.9717619520196746,357,0.6761363636363636,0.5107296137339056,34,34
gpu_validation/samples/9/methods/sparsevlm_ssd_kv25_probe3/layers/27,fixed_first_3,True,validation_only,0.9764835348483165,423,0.8011363636363636,0.6682464454976303,32,32
gpu_validation/samples/9/methods/sparsevlm_ssd_kv25_probe3/layers/28,fixed_first_3,True,validation_only,0.9720274317828718,382,0.7234848484848485,0.5667655786350149,31,33
gpu_validation/samples/9/methods/sparsevlm_ssd_kv25_probe3/layers/29,fixed_first_3,True,validation_only,0.595361543669208,393,0.7443181818181818,0.5927601809954751,34,34
gpu_validation/samples/9/methods/sparsevlm_ssd_kv25_probe3/layers/30,fixed_first_3,True,validation_only,0.9732111862232519,392,0.7424242424242424,0.5903614457831325,32,34
gpu_validation/samples/9/methods/sparsevlm_ssd_kv25_probe3/layers/31,fixed_first_3,True,validation_only,0.9799997522225613,407,0.7708333333333334,0.6271186440677966,33,34
gpu_validation/samples/9/methods/sparsevlm_ssd_kv25_allhead/layers/0,all,True,validation_only,0.8405248058396355,439,0.8314393939393939,0.7115072933549432,33,30
gpu_validation/samples/9/methods/sparsevlm_ssd_kv25_allhead/layers/1,all,True,validation_only,0.9619341635799995,447,0.8465909090909091,0.7339901477832512,34,34
gpu_validation/samples/9/methods/sparsevlm_ssd_kv25_allhead/layers/2,all,True,validation_only,0.999571438096373,458,0.8674242424242424,0.7658862876254181,33,33
gpu_validation/samples/9/methods/sparsevlm_ssd_kv25_allhead/layers/3,all,True,validation_only,0.9994403189787786,404,0.7651515151515151,0.6196319018404908,34,34
gpu_validation/samples/9/methods/sparsevlm_ssd_kv25_allhead/layers/4,all,True,validation_only,0.9963807599803888,450,0.8522727272727273,0.7425742574257426,34,33
gpu_validation/samples/9/methods/sparsevlm_ssd_kv25_allhead/layers/5,all,True,validation_only,0.978251600077179,455,0.8617424242424242,0.757071547420965,34,34
gpu_validation/samples/9/methods/sparsevlm_ssd_kv25_allhead/layers/6,all,True,validation_only,0.9825070722581827,445,0.8428030303030303,0.7283142389525368,34,34
gpu_validation/samples/9/methods/sparsevlm_ssd_kv25_allhead/layers/7,all,True,validation_only,0.9453728053561818,402,0.7613636363636364,0.6146788990825688,34,34
gpu_validation/samples/9/methods/sparsevlm_ssd_kv25_allhead/layers/8,all,True,validation_only,0.9140481981823466,300,0.5681818181818182,0.3968253968253968,34,34
gpu_validation/samples/9/methods/sparsevlm_ssd_kv25_allhead/layers/9,all,True,validation_only,0.9746431320408315,354,0.6704545454545454,0.5042735042735043,30,32
gpu_validation/samples/9/methods/sparsevlm_ssd_kv25_allhead/layers/10,all,True,validation_only,0.9605550761557119,411,0.7784090909090909,0.6372093023255814,33,34
gpu_validation/samples/9/methods/sparsevlm_ssd_kv25_allhead/layers/11,all,True,validation_only,0.9299341038141629,343,0.6496212121212122,0.48106591865357645,34,34
gpu_validation/samples/9/methods/sparsevlm_ssd_kv25_allhead/layers/12,all,True,validation_only,0.9345028754221143,283,0.5359848484848485,0.36610608020698576,32,34
gpu_validation/samples/9/methods/sparsevlm_ssd_kv25_allhead/layers/13,all,True,validation_only,0.9572753727128199,371,0.7026515151515151,0.5416058394160584,34,34
gpu_validation/samples/9/methods/sparsevlm_ssd_kv25_allhead/layers/14,all,True,validation_only,0.9005652401639779,377,0.7140151515151515,0.5552282768777614,34,34
gpu_validation/samples/9/methods/sparsevlm_ssd_kv25_allhead/layers/15,all,True,validation_only,0.9580194342083148,321,0.6079545454545454,0.43673469387755104,34,34
gpu_validation/samples/9/methods/sparsevlm_ssd_kv25_allhead/layers/16,all,True,validation_only,0.9691677240285256,360,0.6818181818181818,0.5172413793103449,34,34
gpu_validation/samples/9/methods/sparsevlm_ssd_kv25_allhead/layers/17,all,True,validation_only,0.8707024687117759,401,0.759469696969697,0.6122137404580152,34,34
gpu_validation/samples/9/methods/sparsevlm_ssd_kv25_allhead/layers/18,all,True,validation_only,0.9205283363243058,364,0.6893939393939394,0.5260115606936416,34,34
gpu_validation/samples/9/methods/sparsevlm_ssd_kv25_allhead/layers/19,all,True,validation_only,0.9054162207217392,255,0.48295454545454547,0.31835205992509363,32,34
gpu_validation/samples/9/methods/sparsevlm_ssd_kv25_allhead/layers/20,all,True,validation_only,0.6914523194816142,373,0.7064393939393939,0.5461200585651538,34,34
gpu_validation/samples/9/methods/sparsevlm_ssd_kv25_allhead/layers/21,all,True,validation_only,0.679626598900916,383,0.7253787878787878,0.5690936106983655,33,34
gpu_validation/samples/9/methods/sparsevlm_ssd_kv25_allhead/layers/22,all,True,validation_only,0.7484331836003295,289,0.5473484848484849,0.3767926988265971,31,34
gpu_validation/samples/9/methods/sparsevlm_ssd_kv25_allhead/layers/23,all,True,validation_only,0.9260420472323067,371,0.7026515151515151,0.5416058394160584,34,34
gpu_validation/samples/9/methods/sparsevlm_ssd_kv25_allhead/layers/24,all,True,validation_only,0.8630921386619196,362,0.6856060606060606,0.521613832853026,34,34
gpu_validation/samples/9/methods/sparsevlm_ssd_kv25_allhead/layers/25,all,True,validation_only,0.7372077803997005,373,0.7064393939393939,0.5461200585651538,34,34
gpu_validation/samples/9/methods/sparsevlm_ssd_kv25_allhead/layers/26,all,True,validation_only,0.9530780179233437,349,0.6609848484848485,0.49363507779349364,34,34
gpu_validation/samples/9/methods/sparsevlm_ssd_kv25_allhead/layers/27,all,True,validation_only,0.8096895283065226,427,0.8087121212121212,0.6788553259141494,31,32
gpu_validation/samples/9/methods/sparsevlm_ssd_kv25_allhead/layers/28,all,True,validation_only,0.9669265672656416,374,0.7083333333333334,0.5483870967741935,31,34
gpu_validation/samples/9/methods/sparsevlm_ssd_kv25_allhead/layers/29,all,True,validation_only,0.5861351054215372,383,0.7253787878787878,0.5690936106983655,34,34
gpu_validation/samples/9/methods/sparsevlm_ssd_kv25_allhead/layers/30,all,True,validation_only,0.9713100448728257,394,0.7462121212121212,0.595166163141994,32,34
gpu_validation/samples/9/methods/sparsevlm_ssd_kv25_allhead/layers/31,all,True,validation_only,0.9803838982445945,403,0.7632575757575758,0.6171516079632465,33,34
gpu_validation/MT_generated_history/records/2/validation/methods/sparsevlm_ssd_kv25_probe3/layers/0,fixed_first_3,True,validation_only,0.8222851213372879,467,0.8107638888888888,0.6817518248175183,35,35
gpu_validation/MT_generated_history/records/2/validation/methods/sparsevlm_ssd_kv25_probe3/layers/1,fixed_first_3,True,validation_only,0.9734219438273511,518,0.8993055555555556,0.8170347003154574,36,36
gpu_validation/MT_generated_history/records/2/validation/methods/sparsevlm_ssd_kv25_probe3/layers/2,fixed_first_3,True,validation_only,0.9993189688235052,501,0.8697916666666666,0.7695852534562212,36,36
gpu_validation/MT_generated_history/records/2/validation/methods/sparsevlm_ssd_kv25_probe3/layers/3,fixed_first_3,True,validation_only,0.9953060523372677,437,0.7586805555555556,0.6111888111888112,36,36
gpu_validation/MT_generated_history/records/2/validation/methods/sparsevlm_ssd_kv25_probe3/layers/4,fixed_first_3,True,validation_only,0.9936446404539327,473,0.8211805555555556,0.6966126656848306,36,36
gpu_validation/MT_generated_history/records/2/validation/methods/sparsevlm_ssd_kv25_probe3/layers/5,fixed_first_3,True,validation_only,0.9279049897917894,452,0.7847222222222222,0.6457142857142857,36,37
gpu_validation/MT_generated_history/records/2/validation/methods/sparsevlm_ssd_kv25_probe3/layers/6,fixed_first_3,True,validation_only,0.973322220614743,487,0.8454861111111112,0.7323308270676692,37,37
gpu_validation/MT_generated_history/records/2/validation/methods/sparsevlm_ssd_kv25_probe3/layers/7,fixed_first_3,True,validation_only,0.9870937232792356,471,0.8177083333333334,0.6916299559471366,37,37
gpu_validation/MT_generated_history/records/2/validation/methods/sparsevlm_ssd_kv25_probe3/layers/8,fixed_first_3,True,validation_only,0.937070994851901,382,0.6631944444444444,0.4961038961038961,36,37
gpu_validation/MT_generated_history/records/2/validation/methods/sparsevlm_ssd_kv25_probe3/layers/9,fixed_first_3,True,validation_only,0.9597292519217654,439,0.7621527777777778,0.6157082748948106,33,35
gpu_validation/MT_generated_history/records/2/validation/methods/sparsevlm_ssd_kv25_probe3/layers/10,fixed_first_3,True,validation_only,0.9688500722539978,483,0.8385416666666666,0.7219730941704036,36,37
gpu_validation/MT_generated_history/records/2/validation/methods/sparsevlm_ssd_kv25_probe3/layers/11,fixed_first_3,True,validation_only,0.8040590025377813,447,0.7760416666666666,0.6340425531914894,37,37
gpu_validation/MT_generated_history/records/2/validation/methods/sparsevlm_ssd_kv25_probe3/layers/12,fixed_first_3,True,validation_only,0.9270689864835246,409,0.7100694444444444,0.550471063257066,36,37
gpu_validation/MT_generated_history/records/2/validation/methods/sparsevlm_ssd_kv25_probe3/layers/13,fixed_first_3,True,validation_only,0.9408754436376118,450,0.78125,0.6410256410256411,37,37
gpu_validation/MT_generated_history/records/2/validation/methods/sparsevlm_ssd_kv25_probe3/layers/14,fixed_first_3,True,validation_only,0.9294919734390161,459,0.796875,0.6623376623376623,37,37
gpu_validation/MT_generated_history/records/2/validation/methods/sparsevlm_ssd_kv25_probe3/layers/15,fixed_first_3,True,validation_only,0.8012544889317708,437,0.7586805555555556,0.6111888111888112,37,37
gpu_validation/MT_generated_history/records/2/validation/methods/sparsevlm_ssd_kv25_probe3/layers/16,fixed_first_3,True,validation_only,0.9197985943844316,432,0.75,0.6,37,37
gpu_validation/MT_generated_history/records/2/validation/methods/sparsevlm_ssd_kv25_probe3/layers/17,fixed_first_3,True,validation_only,0.9215715022494173,451,0.7829861111111112,0.6433666191155493,37,37
gpu_validation/MT_generated_history/records/2/validation/methods/sparsevlm_ssd_kv25_probe3/layers/18,fixed_first_3,True,validation_only,0.6714334641219725,430,0.7465277777777778,0.5955678670360111,37,37
gpu_validation/MT_generated_history/records/2/validation/methods/sparsevlm_ssd_kv25_probe3/layers/19,fixed_first_3,True,validation_only,0.872660180619455,324,0.5625,0.391304347826087,28,37
gpu_validation/MT_generated_history/records/2/validation/methods/sparsevlm_ssd_kv25_probe3/layers/20,fixed_first_3,True,validation_only,0.7054411499913751,453,0.7864583333333334,0.648068669527897,37,37
gpu_validation/MT_generated_history/records/2/validation/methods/sparsevlm_ssd_kv25_probe3/layers/21,fixed_first_3,True,validation_only,0.7968819603492099,436,0.7569444444444444,0.6089385474860335,37,37
gpu_validation/MT_generated_history/records/2/validation/methods/sparsevlm_ssd_kv25_probe3/layers/22,fixed_first_3,True,validation_only,0.782847891328294,333,0.578125,0.4065934065934066,34,37
gpu_validation/MT_generated_history/records/2/validation/methods/sparsevlm_ssd_kv25_probe3/layers/23,fixed_first_3,True,validation_only,0.947091134308293,460,0.7986111111111112,0.6647398843930635,37,37
gpu_validation/MT_generated_history/records/2/validation/methods/sparsevlm_ssd_kv25_probe3/layers/24,fixed_first_3,True,validation_only,0.6405400055796899,403,0.6996527777777778,0.5380507343124166,37,37
gpu_validation/MT_generated_history/records/2/validation/methods/sparsevlm_ssd_kv25_probe3/layers/25,fixed_first_3,True,validation_only,0.6312716501657928,431,0.7482638888888888,0.5977808599167822,37,37
gpu_validation/MT_generated_history/records/2/validation/methods/sparsevlm_ssd_kv25_probe3/layers/26,fixed_first_3,True,validation_only,0.8328539164941844,380,0.6597222222222222,0.49222797927461137,36,37
gpu_validation/MT_generated_history/records/2/validation/methods/sparsevlm_ssd_kv25_probe3/layers/27,fixed_first_3,True,validation_only,0.9649041050750726,458,0.7951388888888888,0.659942363112392,33,35
gpu_validation/MT_generated_history/records/2/validation/methods/sparsevlm_ssd_kv25_probe3/layers/28,fixed_first_3,True,validation_only,0.9137029203668857,418,0.7256944444444444,0.5694822888283378,32,37
gpu_validation/MT_generated_history/records/2/validation/methods/sparsevlm_ssd_kv25_probe3/layers/29,fixed_first_3,True,validation_only,0.5559035676396092,419,0.7274305555555556,0.5716234652114598,37,37
gpu_validation/MT_generated_history/records/2/validation/methods/sparsevlm_ssd_kv25_probe3/layers/30,fixed_first_3,True,validation_only,0.9883378071743815,402,0.6979166666666666,0.536,36,37
gpu_validation/MT_generated_history/records/2/validation/methods/sparsevlm_ssd_kv25_probe3/layers/31,fixed_first_3,True,validation_only,0.9970686064707649,420,0.7291666666666666,0.5737704918032787,36,36
gpu_validation/MT_generated_history/records/3/validation/methods/sparsevlm_ssd_kv25_allhead/layers/0,all,True,validation_only,0.8222851213372879,467,0.8107638888888888,0.6817518248175183,35,35
gpu_validation/MT_generated_history/records/3/validation/methods/sparsevlm_ssd_kv25_allhead/layers/1,all,True,validation_only,0.972591104854843,518,0.8993055555555556,0.8170347003154574,36,36
gpu_validation/MT_generated_history/records/3/validation/methods/sparsevlm_ssd_kv25_allhead/layers/2,all,True,validation_only,0.999337406090998,501,0.8697916666666666,0.7695852534562212,36,36
gpu_validation/MT_generated_history/records/3/validation/methods/sparsevlm_ssd_kv25_allhead/layers/3,all,True,validation_only,0.9952297682278077,440,0.7638888888888888,0.6179775280898876,36,36
gpu_validation/MT_generated_history/records/3/validation/methods/sparsevlm_ssd_kv25_allhead/layers/4,all,True,validation_only,0.9939622559593705,475,0.8246527777777778,0.7016248153618907,36,36
gpu_validation/MT_generated_history/records/3/validation/methods/sparsevlm_ssd_kv25_allhead/layers/5,all,True,validation_only,0.9281428499766192,456,0.7916666666666666,0.6551724137931034,36,37
gpu_validation/MT_generated_history/records/3/validation/methods/sparsevlm_ssd_kv25_allhead/layers/6,all,True,validation_only,0.9757331386160413,487,0.8454861111111112,0.7323308270676692,37,37
gpu_validation/MT_generated_history/records/3/validation/methods/sparsevlm_ssd_kv25_allhead/layers/7,all,True,validation_only,0.9871174338210299,472,0.8194444444444444,0.6941176470588235,37,37
gpu_validation/MT_generated_history/records/3/validation/methods/sparsevlm_ssd_kv25_allhead/layers/8,all,True,validation_only,0.9388323574561214,385,0.6684027777777778,0.5019556714471969,36,37
gpu_validation/MT_generated_history/records/3/validation/methods/sparsevlm_ssd_kv25_allhead/layers/9,all,True,validation_only,0.9625772671583236,441,0.765625,0.620253164556962,33,35
gpu_validation/MT_generated_history/records/3/validation/methods/sparsevlm_ssd_kv25_allhead/layers/10,all,True,validation_only,0.9700457811735618,481,0.8350694444444444,0.7168405365126677,36,37
gpu_validation/MT_generated_history/records/3/validation/methods/sparsevlm_ssd_kv25_allhead/layers/11,all,True,validation_only,0.8068846539468568,443,0.7690972222222222,0.6248236953455572,37,37
gpu_validation/MT_generated_history/records/3/validation/methods/sparsevlm_ssd_kv25_allhead/layers/12,all,True,validation_only,0.9294552288840117,408,0.7083333333333334,0.5483870967741935,36,37
gpu_validation/MT_generated_history/records/3/validation/methods/sparsevlm_ssd_kv25_allhead/layers/13,all,True,validation_only,0.9436874320423887,444,0.7708333333333334,0.6271186440677966,37,37
gpu_validation/MT_generated_history/records/3/validation/methods/sparsevlm_ssd_kv25_allhead/layers/14,all,True,validation_only,0.9348828944264834,462,0.8020833333333334,0.6695652173913044,37,37
gpu_validation/MT_generated_history/records/3/validation/methods/sparsevlm_ssd_kv25_allhead/layers/15,all,True,validation_only,0.7985666194006559,434,0.7534722222222222,0.6044568245125348,37,37
gpu_validation/MT_generated_history/records/3/validation/methods/sparsevlm_ssd_kv25_allhead/layers/16,all,True,validation_only,0.9223594842116237,434,0.7534722222222222,0.6044568245125348,37,37
gpu_validation/MT_generated_history/records/3/validation/methods/sparsevlm_ssd_kv25_allhead/layers/17,all,True,validation_only,0.9196913356678955,450,0.78125,0.6410256410256411,37,37
gpu_validation/MT_generated_history/records/3/validation/methods/sparsevlm_ssd_kv25_allhead/layers/18,all,True,validation_only,0.6663856961836535,430,0.7465277777777778,0.5955678670360111,37,37
gpu_validation/MT_generated_history/records/3/validation/methods/sparsevlm_ssd_kv25_allhead/layers/19,all,True,validation_only,0.8774325550523759,324,0.5625,0.391304347826087,28,37
gpu_validation/MT_generated_history/records/3/validation/methods/sparsevlm_ssd_kv25_allhead/layers/20,all,True,validation_only,0.6955970528648577,449,0.7795138888888888,0.6386913229018493,37,37
gpu_validation/MT_generated_history/records/3/validation/methods/sparsevlm_ssd_kv25_allhead/layers/21,all,True,validation_only,0.8025339854897591,433,0.7517361111111112,0.6022253129346314,37,37
gpu_validation/MT_generated_history/records/3/validation/methods/sparsevlm_ssd_kv25_allhead/layers/22,all,True,validation_only,0.7829873582996998,330,0.5729166666666666,0.40145985401459855,34,37
gpu_validation/MT_generated_history/records/3/validation/methods/sparsevlm_ssd_kv25_allhead/layers/23,all,True,validation_only,0.9461942362055865,460,0.7986111111111112,0.6647398843930635,37,37
gpu_validation/MT_generated_history/records/3/validation/methods/sparsevlm_ssd_kv25_allhead/layers/24,all,True,validation_only,0.6451779989127839,401,0.6961805555555556,0.5339547270306259,37,37
gpu_validation/MT_generated_history/records/3/validation/methods/sparsevlm_ssd_kv25_allhead/layers/25,all,True,validation_only,0.631734844170595,433,0.7517361111111112,0.6022253129346314,37,37
gpu_validation/MT_generated_history/records/3/validation/methods/sparsevlm_ssd_kv25_allhead/layers/26,all,True,validation_only,0.8336727191576022,382,0.6631944444444444,0.4961038961038961,36,37
gpu_validation/MT_generated_history/records/3/validation/methods/sparsevlm_ssd_kv25_allhead/layers/27,all,True,validation_only,0.9619636123515489,456,0.7916666666666666,0.6551724137931034,33,35
gpu_validation/MT_generated_history/records/3/validation/methods/sparsevlm_ssd_kv25_allhead/layers/28,all,True,validation_only,0.9146158008221443,420,0.7291666666666666,0.5737704918032787,32,37
gpu_validation/MT_generated_history/records/3/validation/methods/sparsevlm_ssd_kv25_allhead/layers/29,all,True,validation_only,0.5628758248512206,421,0.7309027777777778,0.5759233926128591,37,37
gpu_validation/MT_generated_history/records/3/validation/methods/sparsevlm_ssd_kv25_allhead/layers/30,all,True,validation_only,0.9886929886232744,401,0.6961805555555556,0.5339547270306259,36,37
gpu_validation/MT_generated_history/records/3/validation/methods/sparsevlm_ssd_kv25_allhead/layers/31,all,True,validation_only,0.9970530689062592,423,0.734375,0.5802469135802469,36,36
gpu_validation/MT_generated_history/records/4/validation/methods/sparsevlm_ssd_kv25_probe3/layers/0,fixed_first_3,True,validation_only,0.8332635306316699,470,0.8159722222222222,0.6891495601173021,35,36
gpu_validation/MT_generated_history/records/4/validation/methods/sparsevlm_ssd_kv25_probe3/layers/1,fixed_first_3,True,validation_only,0.9794097424096047,518,0.8993055555555556,0.8170347003154574,37,37
gpu_validation/MT_generated_history/records/4/validation/methods/sparsevlm_ssd_kv25_probe3/layers/2,fixed_first_3,True,validation_only,0.9995091199296213,505,0.8767361111111112,0.7805255023183926,36,36
gpu_validation/MT_generated_history/records/4/validation/methods/sparsevlm_ssd_kv25_probe3/layers/3,fixed_first_3,True,validation_only,0.9951655798329252,447,0.7760416666666666,0.6340425531914894,36,36
gpu_validation/MT_generated_history/records/4/validation/methods/sparsevlm_ssd_kv25_probe3/layers/4,fixed_first_3,True,validation_only,0.99328862914984,474,0.8229166666666666,0.6991150442477876,36,37
gpu_validation/MT_generated_history/records/4/validation/methods/sparsevlm_ssd_kv25_probe3/layers/5,fixed_first_3,True,validation_only,0.903662668243733,450,0.78125,0.6410256410256411,35,37
gpu_validation/MT_generated_history/records/4/validation/methods/sparsevlm_ssd_kv25_probe3/layers/6,fixed_first_3,True,validation_only,0.9649875000209657,495,0.859375,0.7534246575342466,37,37
gpu_validation/MT_generated_history/records/4/validation/methods/sparsevlm_ssd_kv25_probe3/layers/7,fixed_first_3,True,validation_only,0.9807843306111104,471,0.8177083333333334,0.6916299559471366,37,37
gpu_validation/MT_generated_history/records/4/validation/methods/sparsevlm_ssd_kv25_probe3/layers/8,fixed_first_3,True,validation_only,0.912215486163728,380,0.6597222222222222,0.49222797927461137,35,37
gpu_validation/MT_generated_history/records/4/validation/methods/sparsevlm_ssd_kv25_probe3/layers/9,fixed_first_3,True,validation_only,0.9346888184908958,415,0.7204861111111112,0.5630936227951153,34,36
gpu_validation/MT_generated_history/records/4/validation/methods/sparsevlm_ssd_kv25_probe3/layers/10,fixed_first_3,True,validation_only,0.9684181772280015,492,0.8541666666666666,0.7454545454545455,36,37
gpu_validation/MT_generated_history/records/4/validation/methods/sparsevlm_ssd_kv25_probe3/layers/11,fixed_first_3,True,validation_only,0.7438630095927425,421,0.7309027777777778,0.5759233926128591,37,36
gpu_validation/MT_generated_history/records/4/validation/methods/sparsevlm_ssd_kv25_probe3/layers/12,fixed_first_3,True,validation_only,0.9187967118260686,409,0.7100694444444444,0.550471063257066,36,37
gpu_validation/MT_generated_history/records/4/validation/methods/sparsevlm_ssd_kv25_probe3/layers/13,fixed_first_3,True,validation_only,0.8633027265038831,442,0.7673611111111112,0.6225352112676056,37,37
gpu_validation/MT_generated_history/records/4/validation/methods/sparsevlm_ssd_kv25_probe3/layers/14,fixed_first_3,True,validation_only,0.8448095910465895,435,0.7552083333333334,0.606694560669456,37,37
gpu_validation/MT_generated_history/records/4/validation/methods/sparsevlm_ssd_kv25_probe3/layers/15,fixed_first_3,True,validation_only,0.8731133424228306,421,0.7309027777777778,0.5759233926128591,37,37
gpu_validation/MT_generated_history/records/4/validation/methods/sparsevlm_ssd_kv25_probe3/layers/16,fixed_first_3,True,validation_only,0.9221837359113894,441,0.765625,0.620253164556962,37,37
gpu_validation/MT_generated_history/records/4/validation/methods/sparsevlm_ssd_kv25_probe3/layers/17,fixed_first_3,True,validation_only,0.9258494111363081,463,0.8038194444444444,0.6719883889695211,37,37
gpu_validation/MT_generated_history/records/4/validation/methods/sparsevlm_ssd_kv25_probe3/layers/18,fixed_first_3,True,validation_only,0.6354541772333057,438,0.7604166666666666,0.6134453781512605,37,37
gpu_validation/MT_generated_history/records/4/validation/methods/sparsevlm_ssd_kv25_probe3/layers/19,fixed_first_3,True,validation_only,0.8639949339331843,318,0.5520833333333334,0.381294964028777,28,37
gpu_validation/MT_generated_history/records/4/validation/methods/sparsevlm_ssd_kv25_probe3/layers/20,fixed_first_3,True,validation_only,0.6554805295442842,439,0.7621527777777778,0.6157082748948106,37,37
gpu_validation/MT_generated_history/records/4/validation/methods/sparsevlm_ssd_kv25_probe3/layers/21,fixed_first_3,True,validation_only,0.7850007717210471,430,0.7465277777777778,0.5955678670360111,37,37
gpu_validation/MT_generated_history/records/4/validation/methods/sparsevlm_ssd_kv25_probe3/layers/22,fixed_first_3,True,validation_only,0.7585265583552812,322,0.5590277777777778,0.38795180722891565,33,37
gpu_validation/MT_generated_history/records/4/validation/methods/sparsevlm_ssd_kv25_probe3/layers/23,fixed_first_3,True,validation_only,0.9431560442507005,461,0.8003472222222222,0.6671490593342981,37,37
gpu_validation/MT_generated_history/records/4/validation/methods/sparsevlm_ssd_kv25_probe3/layers/24,fixed_first_3,True,validation_only,0.6254964652864747,416,0.7222222222222222,0.5652173913043478,37,37
gpu_validation/MT_generated_history/records/4/validation/methods/sparsevlm_ssd_kv25_probe3/layers/25,fixed_first_3,True,validation_only,0.637250305082237,438,0.7604166666666666,0.6134453781512605,37,37
gpu_validation/MT_generated_history/records/4/validation/methods/sparsevlm_ssd_kv25_probe3/layers/26,fixed_first_3,True,validation_only,0.7914998073969943,373,0.6475694444444444,0.47881899871630296,36,37
gpu_validation/MT_generated_history/records/4/validation/methods/sparsevlm_ssd_kv25_probe3/layers/27,fixed_first_3,True,validation_only,0.8927602484869367,462,0.8020833333333334,0.6695652173913044,33,34
gpu_validation/MT_generated_history/records/4/validation/methods/sparsevlm_ssd_kv25_probe3/layers/28,fixed_first_3,True,validation_only,0.8997073734604337,403,0.6996527777777778,0.5380507343124166,31,37
gpu_validation/MT_generated_history/records/4/validation/methods/sparsevlm_ssd_kv25_probe3/layers/29,fixed_first_3,True,validation_only,0.556650650851559,420,0.7291666666666666,0.5737704918032787,37,37
gpu_validation/MT_generated_history/records/4/validation/methods/sparsevlm_ssd_kv25_probe3/layers/30,fixed_first_3,True,validation_only,0.988804791535465,423,0.734375,0.5802469135802469,35,37
gpu_validation/MT_generated_history/records/4/validation/methods/sparsevlm_ssd_kv25_probe3/layers/31,fixed_first_3,True,validation_only,0.9961650536766228,434,0.7534722222222222,0.6044568245125348,36,36
gpu_validation/MT_generated_history/records/5/validation/methods/sparsevlm_ssd_kv25_allhead/layers/0,all,True,validation_only,0.8332635306316699,470,0.8159722222222222,0.6891495601173021,35,36
gpu_validation/MT_generated_history/records/5/validation/methods/sparsevlm_ssd_kv25_allhead/layers/1,all,True,validation_only,0.9790753554111136,520,0.9027777777777778,0.8227848101265823,37,37
gpu_validation/MT_generated_history/records/5/validation/methods/sparsevlm_ssd_kv25_allhead/layers/2,all,True,validation_only,0.999528556299314,503,0.8732638888888888,0.7750385208012327,36,36
gpu_validation/MT_generated_history/records/5/validation/methods/sparsevlm_ssd_kv25_allhead/layers/3,all,True,validation_only,0.995159939293159,447,0.7760416666666666,0.6340425531914894,36,36
gpu_validation/MT_generated_history/records/5/validation/methods/sparsevlm_ssd_kv25_allhead/layers/4,all,True,validation_only,0.9935198400202763,480,0.8333333333333334,0.7142857142857143,36,37
gpu_validation/MT_generated_history/records/5/validation/methods/sparsevlm_ssd_kv25_allhead/layers/5,all,True,validation_only,0.9037165279278964,448,0.7777777777777778,0.6363636363636364,35,37
gpu_validation/MT_generated_history/records/5/validation/methods/sparsevlm_ssd_kv25_allhead/layers/6,all,True,validation_only,0.9690575298880453,495,0.859375,0.7534246575342466,37,37
gpu_validation/MT_generated_history/records/5/validation/methods/sparsevlm_ssd_kv25_allhead/layers/7,all,True,validation_only,0.9806793717488597,470,0.8159722222222222,0.6891495601173021,37,37
gpu_validation/MT_generated_history/records/5/validation/methods/sparsevlm_ssd_kv25_allhead/layers/8,all,True,validation_only,0.9137735017760925,379,0.6579861111111112,0.49029754204398446,35,37
gpu_validation/MT_generated_history/records/5/validation/methods/sparsevlm_ssd_kv25_allhead/layers/9,all,True,validation_only,0.9353685922496485,420,0.7291666666666666,0.5737704918032787,34,36
gpu_validation/MT_generated_history/records/5/validation/methods/sparsevlm_ssd_kv25_allhead/layers/10,all,True,validation_only,0.9727919878640515,492,0.8541666666666666,0.7454545454545455,36,37
gpu_validation/MT_generated_history/records/5/validation/methods/sparsevlm_ssd_kv25_allhead/layers/11,all,True,validation_only,0.7510240356090784,422,0.7326388888888888,0.5780821917808219,37,36
gpu_validation/MT_generated_history/records/5/validation/methods/sparsevlm_ssd_kv25_allhead/layers/12,all,True,validation_only,0.9189780576121214,407,0.7065972222222222,0.5463087248322148,36,37
gpu_validation/MT_generated_history/records/5/validation/methods/sparsevlm_ssd_kv25_allhead/layers/13,all,True,validation_only,0.8759517710907113,443,0.7690972222222222,0.6248236953455572,37,37
gpu_validation/MT_generated_history/records/5/validation/methods/sparsevlm_ssd_kv25_allhead/layers/14,all,True,validation_only,0.8826291515249995,422,0.7326388888888888,0.5780821917808219,37,37
gpu_validation/MT_generated_history/records/5/validation/methods/sparsevlm_ssd_kv25_allhead/layers/15,all,True,validation_only,0.8773369977039739,420,0.7291666666666666,0.5737704918032787,37,37
gpu_validation/MT_generated_history/records/5/validation/methods/sparsevlm_ssd_kv25_allhead/layers/16,all,True,validation_only,0.9261451904453478,434,0.7534722222222222,0.6044568245125348,37,37
gpu_validation/MT_generated_history/records/5/validation/methods/sparsevlm_ssd_kv25_allhead/layers/17,all,True,validation_only,0.9247847903435042,468,0.8125,0.6842105263157895,37,37
gpu_validation/MT_generated_history/records/5/validation/methods/sparsevlm_ssd_kv25_allhead/layers/18,all,True,validation_only,0.635428998974339,433,0.7517361111111112,0.6022253129346314,37,37
gpu_validation/MT_generated_history/records/5/validation/methods/sparsevlm_ssd_kv25_allhead/layers/19,all,True,validation_only,0.8580442207535154,322,0.5590277777777778,0.38795180722891565,28,37
gpu_validation/MT_generated_history/records/5/validation/methods/sparsevlm_ssd_kv25_allhead/layers/20,all,True,validation_only,0.6325580426213638,446,0.7743055555555556,0.6317280453257791,37,37
gpu_validation/MT_generated_history/records/5/validation/methods/sparsevlm_ssd_kv25_allhead/layers/21,all,True,validation_only,0.7713802182128684,439,0.7621527777777778,0.6157082748948106,37,36
gpu_validation/MT_generated_history/records/5/validation/methods/sparsevlm_ssd_kv25_allhead/layers/22,all,True,validation_only,0.752568065984958,331,0.5746527777777778,0.40316686967113274,32,37
gpu_validation/MT_generated_history/records/5/validation/methods/sparsevlm_ssd_kv25_allhead/layers/23,all,True,validation_only,0.9432499953582256,464,0.8055555555555556,0.6744186046511628,37,37
gpu_validation/MT_generated_history/records/5/validation/methods/sparsevlm_ssd_kv25_allhead/layers/24,all,True,validation_only,0.620653870137112,419,0.7274305555555556,0.5716234652114598,37,37
gpu_validation/MT_generated_history/records/5/validation/methods/sparsevlm_ssd_kv25_allhead/layers/25,all,True,validation_only,0.6378469036573691,439,0.7621527777777778,0.6157082748948106,37,37
gpu_validation/MT_generated_history/records/5/validation/methods/sparsevlm_ssd_kv25_allhead/layers/26,all,True,validation_only,0.7998615709245708,372,0.6458333333333334,0.47692307692307695,36,37
gpu_validation/MT_generated_history/records/5/validation/methods/sparsevlm_ssd_kv25_allhead/layers/27,all,True,validation_only,0.8987137520903296,459,0.796875,0.6623376623376623,33,34
gpu_validation/MT_generated_history/records/5/validation/methods/sparsevlm_ssd_kv25_allhead/layers/28,all,True,validation_only,0.904127733342922,406,0.7048611111111112,0.5442359249329759,31,37
gpu_validation/MT_generated_history/records/5/validation/methods/sparsevlm_ssd_kv25_allhead/layers/29,all,True,validation_only,0.5653015624418799,424,0.7361111111111112,0.5824175824175825,37,37
gpu_validation/MT_generated_history/records/5/validation/methods/sparsevlm_ssd_kv25_allhead/layers/30,all,True,validation_only,0.9892086712551461,425,0.7378472222222222,0.5845942228335625,36,37
gpu_validation/MT_generated_history/records/5/validation/methods/sparsevlm_ssd_kv25_allhead/layers/31,all,True,validation_only,0.9962259162333782,436,0.7569444444444444,0.6089385474860335,36,36
