dataset,method_key,method,retention,retention_kind,image_id,question_id,question,prediction,ground_truth,correct,first_token_id,generated_tokens,physical_layout,calibration_questions,retrieval,selector_ms,ssd_read_ms,scatter_ms,prepare_ms,prefill_ms,ttft_ms,decode_ms,e2e_latency_ms,ssd_read_bytes,ssd_read_chunks,ssd_preads,chunk_io_ms,hook_ms,n_chunks_selected,n_chunks_total,touched_chunk_fraction,logical_kv_ratio,logical_kv_ratio_per_layer,fallback_rate,normal_chunk_count_total,normal_kv_read_bytes,separator_read_bytes,normal_kv_preads,separator_preads,total_actual_pread_bytes,mean_bytes_per_pread,normal_mean_bytes_per_pread,separator_mean_bytes_per_pread,static_score_calls,query_score_calls,diversity_calls,selection_mode,selected_chunk_ids_per_layer,separator_policy,reordered_prefix_store_validated,validated_prefix_layout,n_raters
gqa,fullload,FullLoad,1.0,full,n355567,201751701,Is the clock to the right of the lady near the tennis ball?,Yes,"[""yes""]",1.0,3869,2,calib_importance_sep_tail,4,fullload,,476.81122145149857,,,1018.6559789581224,1027.4143390124664,23.978398996405303,1051.3927380088717,1124073472,2176,64,,719.6235060691833,,,1.0,1.0,null,0.0,,1124073472,0,64,0,1124073472,17563648.0,17563648.0,0.0,,,,,null,,,,0
gqa,layout_prefix_chunk,Layout+Prefix,0.25,chunk,n355567,201751701,Is the clock to the right of the lady near the tennis ball?,Yes,"[""yes""]",1.0,3869,2,calib_importance_sep_tail,4,prefix,0.20939437672495842,149.60060629528016,49.19439333025366,231.03295301552862,42.10210603196174,273.195275105536,18.64085393026471,291.8361290358007,285212672,512,65,175.7530781906098,0.0,8.0,34,0.23529411764705882,0.2537313432835821,"[0.2537313432835821, 0.2537313432835821, 0.2537313432835821, 0.2537313432835821, 0.2537313432835821, 0.2537313432835821, 0.2537313432835821, 0.2537313432835821, 0.2537313432835821, 0.2537313432835821, 0.2537313432835821, 0.2537313432835821, 0.2537313432835821, 0.2537313432835821, 0.2537313432835821, 0.2537313432835821, 0.2537313432835821, 0.2537313432835821, 0.2537313432835821, 0.2537313432835821, 0.2537313432835821, 0.2537313432835821, 0.2537313432835821, 0.2537313432835821, 0.2537313432835821, 0.2537313432835821, 0.2537313432835821, 0.2537313432835821, 0.2537313432835821, 0.2537313432835821, 0.2537313432835821, 0.2537313432835821]",0.0,256,268435456,16777216,64,1,285212672,4387887.261538462,4194304.0,16777216.0,0,0,0,prefix,"[[0, 1, 2, 3, 4, 5, 6, 7], [0, 1, 2, 3, 4, 5, 6, 7], [0, 1, 2, 3, 4, 5, 6, 7], [0, 1, 2, 3, 4, 5, 6, 7], [0, 1, 2, 3, 4, 5, 6, 7], [0, 1, 2, 3, 4, 5, 6, 7], [0, 1, 2, 3, 4, 5, 6, 7], [0, 1, 2, 3, 4, 5, 6, 7], [0, 1, 2, 3, 4, 5, 6, 7], [0, 1, 2, 3, 4, 5, 6, 7], [0, 1, 2, 3, 4, 5, 6, 7], [0, 1, 2, 3, 4, 5, 6, 7], [0, 1, 2, 3, 4, 5, 6, 7], [0, 1, 2, 3, 4, 5, 6, 7], [0, 1, 2, 3, 4, 5, 6, 7], [0, 1, 2, 3, 4, 5, 6, 7], [0, 1, 2, 3, 4, 5, 6, 7], [0, 1, 2, 3, 4, 5, 6, 7], [0, 1, 2, 3, 4, 5, 6, 7], [0, 1, 2, 3, 4, 5, 6, 7], [0, 1, 2, 3, 4, 5, 6, 7], [0, 1, 2, 3, 4, 5, 6, 7], [0, 1, 2, 3, 4, 5, 6, 7], [0, 1, 2, 3, 4, 5, 6, 7], [0, 1, 2, 3, 4, 5, 6, 7], [0, 1, 2, 3, 4, 5, 6, 7], [0, 1, 2, 3, 4, 5, 6, 7], [0, 1, 2, 3, 4, 5, 6, 7], [0, 1, 2, 3, 4, 5, 6, 7], [0, 1, 2, 3, 4, 5, 6, 7], [0, 1, 2, 3, 4, 5, 6, 7], [0, 1, 2, 3, 4, 5, 6, 7]]",sidecar,True,calib_importance_sep_tail,0
gqa,fullload,FullLoad,1.0,full,n355567,201751740,Does the person to the left of the lady look happy and modern?,Yes,"[""yes""]",1.0,3869,2,calib_importance_sep_tail,4,fullload,,395.02036408521235,,,663.8368919957429,668.8393939984962,18.78799998667091,687.6273939851671,1124073472,2176,64,,615.4296571621671,,,1.0,1.0,null,0.0,,1124073472,0,64,0,1124073472,17563648.0,17563648.0,0.0,,,,,null,,,,0
gqa,layout_prefix_chunk,Layout+Prefix,0.25,chunk,n355567,201751740,Does the person to the left of the lady look happy and modern?,Yes,"[""yes""]",1.0,3869,2,calib_importance_sep_tail,4,prefix,0.21179881878197193,150.29316418804228,48.628222779370844,229.01749098673463,41.81669605895877,270.8945609629154,18.55125301517546,289.4458139780909,285212672,512,65,174.52320805750787,0.0,8.0,34,0.23529411764705882,0.2537313432835821,"[0.2537313432835821, 0.2537313432835821, 0.2537313432835821, 0.2537313432835821, 0.2537313432835821, 0.2537313432835821, 0.2537313432835821, 0.2537313432835821, 0.2537313432835821, 0.2537313432835821, 0.2537313432835821, 0.2537313432835821, 0.2537313432835821, 0.2537313432835821, 0.2537313432835821, 0.2537313432835821, 0.2537313432835821, 0.2537313432835821, 0.2537313432835821, 0.2537313432835821, 0.2537313432835821, 0.2537313432835821, 0.2537313432835821, 0.2537313432835821, 0.2537313432835821, 0.2537313432835821, 0.2537313432835821, 0.2537313432835821, 0.2537313432835821, 0.2537313432835821, 0.2537313432835821, 0.2537313432835821]",0.0,256,268435456,16777216,64,1,285212672,4387887.261538462,4194304.0,16777216.0,0,0,0,prefix,"[[0, 1, 2, 3, 4, 5, 6, 7], [0, 1, 2, 3, 4, 5, 6, 7], [0, 1, 2, 3, 4, 5, 6, 7], [0, 1, 2, 3, 4, 5, 6, 7], [0, 1, 2, 3, 4, 5, 6, 7], [0, 1, 2, 3, 4, 5, 6, 7], [0, 1, 2, 3, 4, 5, 6, 7], [0, 1, 2, 3, 4, 5, 6, 7], [0, 1, 2, 3, 4, 5, 6, 7], [0, 1, 2, 3, 4, 5, 6, 7], [0, 1, 2, 3, 4, 5, 6, 7], [0, 1, 2, 3, 4, 5, 6, 7], [0, 1, 2, 3, 4, 5, 6, 7], [0, 1, 2, 3, 4, 5, 6, 7], [0, 1, 2, 3, 4, 5, 6, 7], [0, 1, 2, 3, 4, 5, 6, 7], [0, 1, 2, 3, 4, 5, 6, 7], [0, 1, 2, 3, 4, 5, 6, 7], [0, 1, 2, 3, 4, 5, 6, 7], [0, 1, 2, 3, 4, 5, 6, 7], [0, 1, 2, 3, 4, 5, 6, 7], [0, 1, 2, 3, 4, 5, 6, 7], [0, 1, 2, 3, 4, 5, 6, 7], [0, 1, 2, 3, 4, 5, 6, 7], [0, 1, 2, 3, 4, 5, 6, 7], [0, 1, 2, 3, 4, 5, 6, 7], [0, 1, 2, 3, 4, 5, 6, 7], [0, 1, 2, 3, 4, 5, 6, 7], [0, 1, 2, 3, 4, 5, 6, 7], [0, 1, 2, 3, 4, 5, 6, 7], [0, 1, 2, 3, 4, 5, 6, 7], [0, 1, 2, 3, 4, 5, 6, 7]]",sidecar,True,calib_importance_sep_tail,0
gqa,fullload,FullLoad,1.0,full,n355567,201751873,How large is the wire net?,Large,"[""small""]",0.0,8218,3,calib_importance_sep_tail,4,fullload,,435.42933999560773,,,713.7613239465281,718.7283809762448,38.22789795231074,756.9562789285555,1124073472,2176,64,,654.7044414328411,,,1.0,1.0,null,0.0,,1124073472,0,64,0,1124073472,17563648.0,17563648.0,0.0,,,,,null,,,,0
gqa,layout_prefix_chunk,Layout+Prefix,0.25,chunk,n355567,201751873,How large is the wire net?,Large,"[""small""]",0.0,8218,3,calib_importance_sep_tail,4,prefix,0.23695186246186495,166.9907185714692,53.054746123962104,253.52298107463866,35.400332999415696,288.96656003780663,39.71780394203961,328.68436397984624,285212672,512,65,194.40132880117744,0.0,8.0,34,0.23529411764705882,0.2537313432835821,"[0.2537313432835821, 0.2537313432835821, 0.2537313432835821, 0.2537313432835821, 0.2537313432835821, 0.2537313432835821, 0.2537313432835821, 0.2537313432835821, 0.2537313432835821, 0.2537313432835821, 0.2537313432835821, 0.2537313432835821, 0.2537313432835821, 0.2537313432835821, 0.2537313432835821, 0.2537313432835821, 0.2537313432835821, 0.2537313432835821, 0.2537313432835821, 0.2537313432835821, 0.2537313432835821, 0.2537313432835821, 0.2537313432835821, 0.2537313432835821, 0.2537313432835821, 0.2537313432835821, 0.2537313432835821, 0.2537313432835821, 0.2537313432835821, 0.2537313432835821, 0.2537313432835821, 0.2537313432835821]",0.0,256,268435456,16777216,64,1,285212672,4387887.261538462,4194304.0,16777216.0,0,0,0,prefix,"[[0, 1, 2, 3, 4, 5, 6, 7], [0, 1, 2, 3, 4, 5, 6, 7], [0, 1, 2, 3, 4, 5, 6, 7], [0, 1, 2, 3, 4, 5, 6, 7], [0, 1, 2, 3, 4, 5, 6, 7], [0, 1, 2, 3, 4, 5, 6, 7], [0, 1, 2, 3, 4, 5, 6, 7], [0, 1, 2, 3, 4, 5, 6, 7], [0, 1, 2, 3, 4, 5, 6, 7], [0, 1, 2, 3, 4, 5, 6, 7], [0, 1, 2, 3, 4, 5, 6, 7], [0, 1, 2, 3, 4, 5, 6, 7], [0, 1, 2, 3, 4, 5, 6, 7], [0, 1, 2, 3, 4, 5, 6, 7], [0, 1, 2, 3, 4, 5, 6, 7], [0, 1, 2, 3, 4, 5, 6, 7], [0, 1, 2, 3, 4, 5, 6, 7], [0, 1, 2, 3, 4, 5, 6, 7], [0, 1, 2, 3, 4, 5, 6, 7], [0, 1, 2, 3, 4, 5, 6, 7], [0, 1, 2, 3, 4, 5, 6, 7], [0, 1, 2, 3, 4, 5, 6, 7], [0, 1, 2, 3, 4, 5, 6, 7], [0, 1, 2, 3, 4, 5, 6, 7], [0, 1, 2, 3, 4, 5, 6, 7], [0, 1, 2, 3, 4, 5, 6, 7], [0, 1, 2, 3, 4, 5, 6, 7], [0, 1, 2, 3, 4, 5, 6, 7], [0, 1, 2, 3, 4, 5, 6, 7], [0, 1, 2, 3, 4, 5, 6, 7], [0, 1, 2, 3, 4, 5, 6, 7], [0, 1, 2, 3, 4, 5, 6, 7]]",sidecar,True,calib_importance_sep_tail,0
gqa,fullload,FullLoad,1.0,full,n355567,201751760,What is the color of the lady that is about to hit the tennis ball?,Blond,"[""blond""]",1.0,3164,3,calib_importance_sep_tail,4,fullload,,382.37440993543714,,,615.469197044149,620.4870640067384,37.23021398764104,657.7172779943794,1124073472,2176,64,,569.9555237079039,,,1.0,1.0,null,0.0,,1124073472,0,64,0,1124073472,17563648.0,17563648.0,0.0,,,,,null,,,,0
gqa,layout_prefix_chunk,Layout+Prefix,0.25,chunk,n355567,201751760,What is the color of the lady that is about to hit the tennis ball?,White,"[""blond""]",0.0,8037,2,calib_importance_sep_tail,4,prefix,0.22175791673362255,153.8619149941951,53.819701774045825,240.75464392080903,43.204516055993736,284.02162599377334,19.046447006985545,303.0680730007589,285212672,512,65,180.63138017896563,0.0,8.0,34,0.23529411764705882,0.2537313432835821,"[0.2537313432835821, 0.2537313432835821, 0.2537313432835821, 0.2537313432835821, 0.2537313432835821, 0.2537313432835821, 0.2537313432835821, 0.2537313432835821, 0.2537313432835821, 0.2537313432835821, 0.2537313432835821, 0.2537313432835821, 0.2537313432835821, 0.2537313432835821, 0.2537313432835821, 0.2537313432835821, 0.2537313432835821, 0.2537313432835821, 0.2537313432835821, 0.2537313432835821, 0.2537313432835821, 0.2537313432835821, 0.2537313432835821, 0.2537313432835821, 0.2537313432835821, 0.2537313432835821, 0.2537313432835821, 0.2537313432835821, 0.2537313432835821, 0.2537313432835821, 0.2537313432835821, 0.2537313432835821]",0.0,256,268435456,16777216,64,1,285212672,4387887.261538462,4194304.0,16777216.0,0,0,0,prefix,"[[0, 1, 2, 3, 4, 5, 6, 7], [0, 1, 2, 3, 4, 5, 6, 7], [0, 1, 2, 3, 4, 5, 6, 7], [0, 1, 2, 3, 4, 5, 6, 7], [0, 1, 2, 3, 4, 5, 6, 7], [0, 1, 2, 3, 4, 5, 6, 7], [0, 1, 2, 3, 4, 5, 6, 7], [0, 1, 2, 3, 4, 5, 6, 7], [0, 1, 2, 3, 4, 5, 6, 7], [0, 1, 2, 3, 4, 5, 6, 7], [0, 1, 2, 3, 4, 5, 6, 7], [0, 1, 2, 3, 4, 5, 6, 7], [0, 1, 2, 3, 4, 5, 6, 7], [0, 1, 2, 3, 4, 5, 6, 7], [0, 1, 2, 3, 4, 5, 6, 7], [0, 1, 2, 3, 4, 5, 6, 7], [0, 1, 2, 3, 4, 5, 6, 7], [0, 1, 2, 3, 4, 5, 6, 7], [0, 1, 2, 3, 4, 5, 6, 7], [0, 1, 2, 3, 4, 5, 6, 7], [0, 1, 2, 3, 4, 5, 6, 7], [0, 1, 2, 3, 4, 5, 6, 7], [0, 1, 2, 3, 4, 5, 6, 7], [0, 1, 2, 3, 4, 5, 6, 7], [0, 1, 2, 3, 4, 5, 6, 7], [0, 1, 2, 3, 4, 5, 6, 7], [0, 1, 2, 3, 4, 5, 6, 7], [0, 1, 2, 3, 4, 5, 6, 7], [0, 1, 2, 3, 4, 5, 6, 7], [0, 1, 2, 3, 4, 5, 6, 7], [0, 1, 2, 3, 4, 5, 6, 7], [0, 1, 2, 3, 4, 5, 6, 7]]",sidecar,True,calib_importance_sep_tail,0
gqa,fullload,FullLoad,1.0,full,n355567,201751862,Is the tennis net rectangular and small?,No,"[""yes""]",0.0,1939,2,calib_importance_sep_tail,4,fullload,,443.6442934675142,,,719.0919409040362,724.0635979687795,19.64743307325989,743.7110310420394,1124073472,2176,64,,661.0381408827379,,,1.0,1.0,null,0.0,,1124073472,0,64,0,1124073472,17563648.0,17563648.0,0.0,,,,,null,,,,0
gqa,layout_prefix_chunk,Layout+Prefix,0.25,chunk,n355567,201751862,Is the tennis net rectangular and small?,No,"[""yes""]",0.0,1939,2,calib_importance_sep_tail,4,prefix,0.2171252854168415,152.826550998725,48.34856279194355,233.08183997869492,36.956298048608005,270.0832230038941,19.38084396533668,289.46406696923077,285212672,512,65,178.87679708655924,0.0,8.0,34,0.23529411764705882,0.2537313432835821,"[0.2537313432835821, 0.2537313432835821, 0.2537313432835821, 0.2537313432835821, 0.2537313432835821, 0.2537313432835821, 0.2537313432835821, 0.2537313432835821, 0.2537313432835821, 0.2537313432835821, 0.2537313432835821, 0.2537313432835821, 0.2537313432835821, 0.2537313432835821, 0.2537313432835821, 0.2537313432835821, 0.2537313432835821, 0.2537313432835821, 0.2537313432835821, 0.2537313432835821, 0.2537313432835821, 0.2537313432835821, 0.2537313432835821, 0.2537313432835821, 0.2537313432835821, 0.2537313432835821, 0.2537313432835821, 0.2537313432835821, 0.2537313432835821, 0.2537313432835821, 0.2537313432835821, 0.2537313432835821]",0.0,256,268435456,16777216,64,1,285212672,4387887.261538462,4194304.0,16777216.0,0,0,0,prefix,"[[0, 1, 2, 3, 4, 5, 6, 7], [0, 1, 2, 3, 4, 5, 6, 7], [0, 1, 2, 3, 4, 5, 6, 7], [0, 1, 2, 3, 4, 5, 6, 7], [0, 1, 2, 3, 4, 5, 6, 7], [0, 1, 2, 3, 4, 5, 6, 7], [0, 1, 2, 3, 4, 5, 6, 7], [0, 1, 2, 3, 4, 5, 6, 7], [0, 1, 2, 3, 4, 5, 6, 7], [0, 1, 2, 3, 4, 5, 6, 7], [0, 1, 2, 3, 4, 5, 6, 7], [0, 1, 2, 3, 4, 5, 6, 7], [0, 1, 2, 3, 4, 5, 6, 7], [0, 1, 2, 3, 4, 5, 6, 7], [0, 1, 2, 3, 4, 5, 6, 7], [0, 1, 2, 3, 4, 5, 6, 7], [0, 1, 2, 3, 4, 5, 6, 7], [0, 1, 2, 3, 4, 5, 6, 7], [0, 1, 2, 3, 4, 5, 6, 7], [0, 1, 2, 3, 4, 5, 6, 7], [0, 1, 2, 3, 4, 5, 6, 7], [0, 1, 2, 3, 4, 5, 6, 7], [0, 1, 2, 3, 4, 5, 6, 7], [0, 1, 2, 3, 4, 5, 6, 7], [0, 1, 2, 3, 4, 5, 6, 7], [0, 1, 2, 3, 4, 5, 6, 7], [0, 1, 2, 3, 4, 5, 6, 7], [0, 1, 2, 3, 4, 5, 6, 7], [0, 1, 2, 3, 4, 5, 6, 7], [0, 1, 2, 3, 4, 5, 6, 7], [0, 1, 2, 3, 4, 5, 6, 7], [0, 1, 2, 3, 4, 5, 6, 7]]",sidecar,True,calib_importance_sep_tail,0
gqa,fullload,FullLoad,1.0,full,n355567,201751594,What is the lady that is not antique playing with?,Racket,"[""tennis ball""]",0.0,390,4,calib_importance_sep_tail,4,fullload,,381.2042073113844,,,640.9829180920497,646.0823980160058,54.78954501450062,700.8719430305064,1124073472,2176,64,,589.3190957140177,,,1.0,1.0,null,0.0,,1124073472,0,64,0,1124073472,17563648.0,17563648.0,0.0,,,,,null,,,,0
gqa,layout_prefix_chunk,Layout+Prefix,0.25,chunk,n355567,201751594,What is the lady that is not antique playing with?,Racket,"[""tennis ball""]",0.0,390,4,calib_importance_sep_tail,4,prefix,0.22761733271181583,130.9021778870374,53.02812112495303,217.52867801114917,42.74889198131859,260.3366270195693,57.11862398311496,317.45525100268424,285212672,512,65,158.31174852792174,0.0,8.0,34,0.23529411764705882,0.2537313432835821,"[0.2537313432835821, 0.2537313432835821, 0.2537313432835821, 0.2537313432835821, 0.2537313432835821, 0.2537313432835821, 0.2537313432835821, 0.2537313432835821, 0.2537313432835821, 0.2537313432835821, 0.2537313432835821, 0.2537313432835821, 0.2537313432835821, 0.2537313432835821, 0.2537313432835821, 0.2537313432835821, 0.2537313432835821, 0.2537313432835821, 0.2537313432835821, 0.2537313432835821, 0.2537313432835821, 0.2537313432835821, 0.2537313432835821, 0.2537313432835821, 0.2537313432835821, 0.2537313432835821, 0.2537313432835821, 0.2537313432835821, 0.2537313432835821, 0.2537313432835821, 0.2537313432835821, 0.2537313432835821]",0.0,256,268435456,16777216,64,1,285212672,4387887.261538462,4194304.0,16777216.0,0,0,0,prefix,"[[0, 1, 2, 3, 4, 5, 6, 7], [0, 1, 2, 3, 4, 5, 6, 7], [0, 1, 2, 3, 4, 5, 6, 7], [0, 1, 2, 3, 4, 5, 6, 7], [0, 1, 2, 3, 4, 5, 6, 7], [0, 1, 2, 3, 4, 5, 6, 7], [0, 1, 2, 3, 4, 5, 6, 7], [0, 1, 2, 3, 4, 5, 6, 7], [0, 1, 2, 3, 4, 5, 6, 7], [0, 1, 2, 3, 4, 5, 6, 7], [0, 1, 2, 3, 4, 5, 6, 7], [0, 1, 2, 3, 4, 5, 6, 7], [0, 1, 2, 3, 4, 5, 6, 7], [0, 1, 2, 3, 4, 5, 6, 7], [0, 1, 2, 3, 4, 5, 6, 7], [0, 1, 2, 3, 4, 5, 6, 7], [0, 1, 2, 3, 4, 5, 6, 7], [0, 1, 2, 3, 4, 5, 6, 7], [0, 1, 2, 3, 4, 5, 6, 7], [0, 1, 2, 3, 4, 5, 6, 7], [0, 1, 2, 3, 4, 5, 6, 7], [0, 1, 2, 3, 4, 5, 6, 7], [0, 1, 2, 3, 4, 5, 6, 7], [0, 1, 2, 3, 4, 5, 6, 7], [0, 1, 2, 3, 4, 5, 6, 7], [0, 1, 2, 3, 4, 5, 6, 7], [0, 1, 2, 3, 4, 5, 6, 7], [0, 1, 2, 3, 4, 5, 6, 7], [0, 1, 2, 3, 4, 5, 6, 7], [0, 1, 2, 3, 4, 5, 6, 7], [0, 1, 2, 3, 4, 5, 6, 7], [0, 1, 2, 3, 4, 5, 6, 7]]",sidecar,True,calib_importance_sep_tail,0
gqa,fullload,FullLoad,1.0,full,n9181,20929611,Is the brown cowboy hat below the small sign?,Yes,"[""yes""]",1.0,3869,2,calib_importance_sep_tail,4,fullload,,481.7229697946459,,,862.1285150293261,867.377546033822,23.715352988801897,891.0928990226239,1233125376,2368,64,,813.333478756249,,,1.0,1.0,null,0.0,,1233125376,0,64,0,1233125376,19267584.0,19267584.0,0.0,,,,,null,,,,0
gqa,layout_prefix_chunk,Layout+Prefix,0.25,chunk,n9181,20929611,Is the brown cowboy hat below the small sign?,Yes,"[""yes""]",1.0,3869,2,calib_importance_sep_tail,4,prefix,0.22472278214991093,165.6110871117562,52.9213841073215,255.47384296078235,38.166736951097846,293.70257596019655,18.25236203148961,311.95493799168617,327155712,576,65,196.24240801203996,0.0,9.0,37,0.24324324324324326,0.2653061224489796,"[0.2653061224489796, 0.2653061224489796, 0.2653061224489796, 0.2653061224489796, 0.2653061224489796, 0.2653061224489796, 0.2653061224489796, 0.2653061224489796, 0.2653061224489796, 0.2653061224489796, 0.2653061224489796, 0.2653061224489796, 0.2653061224489796, 0.2653061224489796, 0.2653061224489796, 0.2653061224489796, 0.2653061224489796, 0.2653061224489796, 0.2653061224489796, 0.2653061224489796, 0.2653061224489796, 0.2653061224489796, 0.2653061224489796, 0.2653061224489796, 0.2653061224489796, 0.2653061224489796, 0.2653061224489796, 0.2653061224489796, 0.2653061224489796, 0.2653061224489796, 0.2653061224489796, 0.2653061224489796]",0.0,288,301989888,25165824,64,1,327155712,5033164.8,4718592.0,25165824.0,0,0,0,prefix,"[[0, 1, 2, 3, 4, 5, 6, 7, 8], [0, 1, 2, 3, 4, 5, 6, 7, 8], [0, 1, 2, 3, 4, 5, 6, 7, 8], [0, 1, 2, 3, 4, 5, 6, 7, 8], [0, 1, 2, 3, 4, 5, 6, 7, 8], [0, 1, 2, 3, 4, 5, 6, 7, 8], [0, 1, 2, 3, 4, 5, 6, 7, 8], [0, 1, 2, 3, 4, 5, 6, 7, 8], [0, 1, 2, 3, 4, 5, 6, 7, 8], [0, 1, 2, 3, 4, 5, 6, 7, 8], [0, 1, 2, 3, 4, 5, 6, 7, 8], [0, 1, 2, 3, 4, 5, 6, 7, 8], [0, 1, 2, 3, 4, 5, 6, 7, 8], [0, 1, 2, 3, 4, 5, 6, 7, 8], [0, 1, 2, 3, 4, 5, 6, 7, 8], [0, 1, 2, 3, 4, 5, 6, 7, 8], [0, 1, 2, 3, 4, 5, 6, 7, 8], [0, 1, 2, 3, 4, 5, 6, 7, 8], [0, 1, 2, 3, 4, 5, 6, 7, 8], [0, 1, 2, 3, 4, 5, 6, 7, 8], [0, 1, 2, 3, 4, 5, 6, 7, 8], [0, 1, 2, 3, 4, 5, 6, 7, 8], [0, 1, 2, 3, 4, 5, 6, 7, 8], [0, 1, 2, 3, 4, 5, 6, 7, 8], [0, 1, 2, 3, 4, 5, 6, 7, 8], [0, 1, 2, 3, 4, 5, 6, 7, 8], [0, 1, 2, 3, 4, 5, 6, 7, 8], [0, 1, 2, 3, 4, 5, 6, 7, 8], [0, 1, 2, 3, 4, 5, 6, 7, 8], [0, 1, 2, 3, 4, 5, 6, 7, 8], [0, 1, 2, 3, 4, 5, 6, 7, 8], [0, 1, 2, 3, 4, 5, 6, 7, 8]]",sidecar,True,calib_importance_sep_tail,0
gqa,fullload,FullLoad,1.0,full,n9181,20929389,Is the motorcycle near the jacket black and metallic?,No,"[""no""]",1.0,1939,2,calib_importance_sep_tail,4,fullload,,427.65334714204073,,,742.4257989041507,747.6681709522381,19.009229028597474,766.6773999808356,1233125376,2368,64,,699.1608220851049,,,1.0,1.0,null,0.0,,1233125376,0,64,0,1233125376,19267584.0,19267584.0,0.0,,,,,null,,,,0
gqa,layout_prefix_chunk,Layout+Prefix,0.25,chunk,n9181,20929389,Is the motorcycle near the jacket black and metallic?,No,"[""no""]",1.0,1939,2,calib_importance_sep_tail,4,prefix,0.20654487889260054,163.88657793868333,51.83592205867171,250.67518407013267,49.523210036568344,300.2586980583146,18.93380901310593,319.19250707142055,327155712,576,65,192.70402297843248,0.0,9.0,37,0.24324324324324326,0.2653061224489796,"[0.2653061224489796, 0.2653061224489796, 0.2653061224489796, 0.2653061224489796, 0.2653061224489796, 0.2653061224489796, 0.2653061224489796, 0.2653061224489796, 0.2653061224489796, 0.2653061224489796, 0.2653061224489796, 0.2653061224489796, 0.2653061224489796, 0.2653061224489796, 0.2653061224489796, 0.2653061224489796, 0.2653061224489796, 0.2653061224489796, 0.2653061224489796, 0.2653061224489796, 0.2653061224489796, 0.2653061224489796, 0.2653061224489796, 0.2653061224489796, 0.2653061224489796, 0.2653061224489796, 0.2653061224489796, 0.2653061224489796, 0.2653061224489796, 0.2653061224489796, 0.2653061224489796, 0.2653061224489796]",0.0,288,301989888,25165824,64,1,327155712,5033164.8,4718592.0,25165824.0,0,0,0,prefix,"[[0, 1, 2, 3, 4, 5, 6, 7, 8], [0, 1, 2, 3, 4, 5, 6, 7, 8], [0, 1, 2, 3, 4, 5, 6, 7, 8], [0, 1, 2, 3, 4, 5, 6, 7, 8], [0, 1, 2, 3, 4, 5, 6, 7, 8], [0, 1, 2, 3, 4, 5, 6, 7, 8], [0, 1, 2, 3, 4, 5, 6, 7, 8], [0, 1, 2, 3, 4, 5, 6, 7, 8], [0, 1, 2, 3, 4, 5, 6, 7, 8], [0, 1, 2, 3, 4, 5, 6, 7, 8], [0, 1, 2, 3, 4, 5, 6, 7, 8], [0, 1, 2, 3, 4, 5, 6, 7, 8], [0, 1, 2, 3, 4, 5, 6, 7, 8], [0, 1, 2, 3, 4, 5, 6, 7, 8], [0, 1, 2, 3, 4, 5, 6, 7, 8], [0, 1, 2, 3, 4, 5, 6, 7, 8], [0, 1, 2, 3, 4, 5, 6, 7, 8], [0, 1, 2, 3, 4, 5, 6, 7, 8], [0, 1, 2, 3, 4, 5, 6, 7, 8], [0, 1, 2, 3, 4, 5, 6, 7, 8], [0, 1, 2, 3, 4, 5, 6, 7, 8], [0, 1, 2, 3, 4, 5, 6, 7, 8], [0, 1, 2, 3, 4, 5, 6, 7, 8], [0, 1, 2, 3, 4, 5, 6, 7, 8], [0, 1, 2, 3, 4, 5, 6, 7, 8], [0, 1, 2, 3, 4, 5, 6, 7, 8], [0, 1, 2, 3, 4, 5, 6, 7, 8], [0, 1, 2, 3, 4, 5, 6, 7, 8], [0, 1, 2, 3, 4, 5, 6, 7, 8], [0, 1, 2, 3, 4, 5, 6, 7, 8], [0, 1, 2, 3, 4, 5, 6, 7, 8], [0, 1, 2, 3, 4, 5, 6, 7, 8]]",sidecar,True,calib_importance_sep_tail,0
gqa,fullload,FullLoad,1.0,full,n9181,20929384,Is the motorcycle on the right part?,No,"[""no""]",1.0,1939,2,calib_importance_sep_tail,4,fullload,,421.6860592132434,,,725.2222560346127,730.4017660208046,18.841539043933153,749.2433050647378,1233125376,2368,64,,684.3311535194516,,,1.0,1.0,null,0.0,,1233125376,0,64,0,1233125376,19267584.0,19267584.0,0.0,,,,,null,,,,0
gqa,layout_prefix_chunk,Layout+Prefix,0.25,chunk,n9181,20929384,Is the motorcycle on the right part?,No,"[""no""]",1.0,1939,2,calib_importance_sep_tail,4,prefix,0.23998599499464035,171.75282235257328,55.850412347353995,266.52918197214603,40.920270956121385,307.51021893229336,18.317883019335568,325.8281019516289,327155712,576,65,203.86550633702427,0.0,9.0,37,0.24324324324324326,0.2653061224489796,"[0.2653061224489796, 0.2653061224489796, 0.2653061224489796, 0.2653061224489796, 0.2653061224489796, 0.2653061224489796, 0.2653061224489796, 0.2653061224489796, 0.2653061224489796, 0.2653061224489796, 0.2653061224489796, 0.2653061224489796, 0.2653061224489796, 0.2653061224489796, 0.2653061224489796, 0.2653061224489796, 0.2653061224489796, 0.2653061224489796, 0.2653061224489796, 0.2653061224489796, 0.2653061224489796, 0.2653061224489796, 0.2653061224489796, 0.2653061224489796, 0.2653061224489796, 0.2653061224489796, 0.2653061224489796, 0.2653061224489796, 0.2653061224489796, 0.2653061224489796, 0.2653061224489796, 0.2653061224489796]",0.0,288,301989888,25165824,64,1,327155712,5033164.8,4718592.0,25165824.0,0,0,0,prefix,"[[0, 1, 2, 3, 4, 5, 6, 7, 8], [0, 1, 2, 3, 4, 5, 6, 7, 8], [0, 1, 2, 3, 4, 5, 6, 7, 8], [0, 1, 2, 3, 4, 5, 6, 7, 8], [0, 1, 2, 3, 4, 5, 6, 7, 8], [0, 1, 2, 3, 4, 5, 6, 7, 8], [0, 1, 2, 3, 4, 5, 6, 7, 8], [0, 1, 2, 3, 4, 5, 6, 7, 8], [0, 1, 2, 3, 4, 5, 6, 7, 8], [0, 1, 2, 3, 4, 5, 6, 7, 8], [0, 1, 2, 3, 4, 5, 6, 7, 8], [0, 1, 2, 3, 4, 5, 6, 7, 8], [0, 1, 2, 3, 4, 5, 6, 7, 8], [0, 1, 2, 3, 4, 5, 6, 7, 8], [0, 1, 2, 3, 4, 5, 6, 7, 8], [0, 1, 2, 3, 4, 5, 6, 7, 8], [0, 1, 2, 3, 4, 5, 6, 7, 8], [0, 1, 2, 3, 4, 5, 6, 7, 8], [0, 1, 2, 3, 4, 5, 6, 7, 8], [0, 1, 2, 3, 4, 5, 6, 7, 8], [0, 1, 2, 3, 4, 5, 6, 7, 8], [0, 1, 2, 3, 4, 5, 6, 7, 8], [0, 1, 2, 3, 4, 5, 6, 7, 8], [0, 1, 2, 3, 4, 5, 6, 7, 8], [0, 1, 2, 3, 4, 5, 6, 7, 8], [0, 1, 2, 3, 4, 5, 6, 7, 8], [0, 1, 2, 3, 4, 5, 6, 7, 8], [0, 1, 2, 3, 4, 5, 6, 7, 8], [0, 1, 2, 3, 4, 5, 6, 7, 8], [0, 1, 2, 3, 4, 5, 6, 7, 8], [0, 1, 2, 3, 4, 5, 6, 7, 8], [0, 1, 2, 3, 4, 5, 6, 7, 8]]",sidecar,True,calib_importance_sep_tail,0
gqa,fullload,FullLoad,1.0,full,n9181,20929555,What's the wheelchair in front of?,Building,"[""vest""]",0.0,17166,2,calib_importance_sep_tail,4,fullload,,459.4766842201352,,,813.1404960295185,818.4672449715436,19.869641051627696,838.3368860231712,1233125376,2368,64,,770.4485168214887,,,1.0,1.0,null,0.0,,1233125376,0,64,0,1233125376,19267584.0,19267584.0,0.0,,,,,null,,,,0
gqa,layout_prefix_chunk,Layout+Prefix,0.25,chunk,n9181,20929555,What's the wheelchair in front of?,Building,"[""vest""]",0.0,17166,2,calib_importance_sep_tail,4,prefix,0.2541209105402231,179.05593570321798,59.148317435756326,277.65890303999186,48.67206700146198,326.39167504385114,18.315620021894574,344.7072950657457,327155712,576,65,212.09343161899596,0.0,9.0,37,0.24324324324324326,0.2653061224489796,"[0.2653061224489796, 0.2653061224489796, 0.2653061224489796, 0.2653061224489796, 0.2653061224489796, 0.2653061224489796, 0.2653061224489796, 0.2653061224489796, 0.2653061224489796, 0.2653061224489796, 0.2653061224489796, 0.2653061224489796, 0.2653061224489796, 0.2653061224489796, 0.2653061224489796, 0.2653061224489796, 0.2653061224489796, 0.2653061224489796, 0.2653061224489796, 0.2653061224489796, 0.2653061224489796, 0.2653061224489796, 0.2653061224489796, 0.2653061224489796, 0.2653061224489796, 0.2653061224489796, 0.2653061224489796, 0.2653061224489796, 0.2653061224489796, 0.2653061224489796, 0.2653061224489796, 0.2653061224489796]",0.0,288,301989888,25165824,64,1,327155712,5033164.8,4718592.0,25165824.0,0,0,0,prefix,"[[0, 1, 2, 3, 4, 5, 6, 7, 8], [0, 1, 2, 3, 4, 5, 6, 7, 8], [0, 1, 2, 3, 4, 5, 6, 7, 8], [0, 1, 2, 3, 4, 5, 6, 7, 8], [0, 1, 2, 3, 4, 5, 6, 7, 8], [0, 1, 2, 3, 4, 5, 6, 7, 8], [0, 1, 2, 3, 4, 5, 6, 7, 8], [0, 1, 2, 3, 4, 5, 6, 7, 8], [0, 1, 2, 3, 4, 5, 6, 7, 8], [0, 1, 2, 3, 4, 5, 6, 7, 8], [0, 1, 2, 3, 4, 5, 6, 7, 8], [0, 1, 2, 3, 4, 5, 6, 7, 8], [0, 1, 2, 3, 4, 5, 6, 7, 8], [0, 1, 2, 3, 4, 5, 6, 7, 8], [0, 1, 2, 3, 4, 5, 6, 7, 8], [0, 1, 2, 3, 4, 5, 6, 7, 8], [0, 1, 2, 3, 4, 5, 6, 7, 8], [0, 1, 2, 3, 4, 5, 6, 7, 8], [0, 1, 2, 3, 4, 5, 6, 7, 8], [0, 1, 2, 3, 4, 5, 6, 7, 8], [0, 1, 2, 3, 4, 5, 6, 7, 8], [0, 1, 2, 3, 4, 5, 6, 7, 8], [0, 1, 2, 3, 4, 5, 6, 7, 8], [0, 1, 2, 3, 4, 5, 6, 7, 8], [0, 1, 2, 3, 4, 5, 6, 7, 8], [0, 1, 2, 3, 4, 5, 6, 7, 8], [0, 1, 2, 3, 4, 5, 6, 7, 8], [0, 1, 2, 3, 4, 5, 6, 7, 8], [0, 1, 2, 3, 4, 5, 6, 7, 8], [0, 1, 2, 3, 4, 5, 6, 7, 8], [0, 1, 2, 3, 4, 5, 6, 7, 8], [0, 1, 2, 3, 4, 5, 6, 7, 8]]",sidecar,True,calib_importance_sep_tail,0
gqa,fullload,FullLoad,1.0,full,n9181,20929553,What is in front of the vest?,Motorcycle,"[""wheelchair""]",0.0,16843,3,calib_importance_sep_tail,4,fullload,,487.2432369738817,,,864.5195929566398,869.7819219669327,36.60603100433946,906.3879529712722,1233125376,2368,64,,813.1177456816658,,,1.0,1.0,null,0.0,,1233125376,0,64,0,1233125376,19267584.0,19267584.0,0.0,,,,,null,,,,0
gqa,layout_prefix_chunk,Layout+Prefix,0.25,chunk,n9181,20929553,What is in front of the vest?,Motorcycle,"[""wheelchair""]",0.0,16843,3,calib_importance_sep_tail,4,prefix,0.25569088757038116,206.89966005738825,58.17618407309055,304.5480069704354,62.853898969478905,367.461122921668,37.0474720839411,404.5085950056091,327155712,576,65,239.97564567252994,0.0,9.0,37,0.24324324324324326,0.2653061224489796,"[0.2653061224489796, 0.2653061224489796, 0.2653061224489796, 0.2653061224489796, 0.2653061224489796, 0.2653061224489796, 0.2653061224489796, 0.2653061224489796, 0.2653061224489796, 0.2653061224489796, 0.2653061224489796, 0.2653061224489796, 0.2653061224489796, 0.2653061224489796, 0.2653061224489796, 0.2653061224489796, 0.2653061224489796, 0.2653061224489796, 0.2653061224489796, 0.2653061224489796, 0.2653061224489796, 0.2653061224489796, 0.2653061224489796, 0.2653061224489796, 0.2653061224489796, 0.2653061224489796, 0.2653061224489796, 0.2653061224489796, 0.2653061224489796, 0.2653061224489796, 0.2653061224489796, 0.2653061224489796]",0.0,288,301989888,25165824,64,1,327155712,5033164.8,4718592.0,25165824.0,0,0,0,prefix,"[[0, 1, 2, 3, 4, 5, 6, 7, 8], [0, 1, 2, 3, 4, 5, 6, 7, 8], [0, 1, 2, 3, 4, 5, 6, 7, 8], [0, 1, 2, 3, 4, 5, 6, 7, 8], [0, 1, 2, 3, 4, 5, 6, 7, 8], [0, 1, 2, 3, 4, 5, 6, 7, 8], [0, 1, 2, 3, 4, 5, 6, 7, 8], [0, 1, 2, 3, 4, 5, 6, 7, 8], [0, 1, 2, 3, 4, 5, 6, 7, 8], [0, 1, 2, 3, 4, 5, 6, 7, 8], [0, 1, 2, 3, 4, 5, 6, 7, 8], [0, 1, 2, 3, 4, 5, 6, 7, 8], [0, 1, 2, 3, 4, 5, 6, 7, 8], [0, 1, 2, 3, 4, 5, 6, 7, 8], [0, 1, 2, 3, 4, 5, 6, 7, 8], [0, 1, 2, 3, 4, 5, 6, 7, 8], [0, 1, 2, 3, 4, 5, 6, 7, 8], [0, 1, 2, 3, 4, 5, 6, 7, 8], [0, 1, 2, 3, 4, 5, 6, 7, 8], [0, 1, 2, 3, 4, 5, 6, 7, 8], [0, 1, 2, 3, 4, 5, 6, 7, 8], [0, 1, 2, 3, 4, 5, 6, 7, 8], [0, 1, 2, 3, 4, 5, 6, 7, 8], [0, 1, 2, 3, 4, 5, 6, 7, 8], [0, 1, 2, 3, 4, 5, 6, 7, 8], [0, 1, 2, 3, 4, 5, 6, 7, 8], [0, 1, 2, 3, 4, 5, 6, 7, 8], [0, 1, 2, 3, 4, 5, 6, 7, 8], [0, 1, 2, 3, 4, 5, 6, 7, 8], [0, 1, 2, 3, 4, 5, 6, 7, 8], [0, 1, 2, 3, 4, 5, 6, 7, 8], [0, 1, 2, 3, 4, 5, 6, 7, 8]]",sidecar,True,calib_importance_sep_tail,0
gqa,fullload,FullLoad,1.0,full,n9181,20929280,Is the motorbike made of the same material as the sign?,No,"[""yes""]",0.0,1939,2,calib_importance_sep_tail,4,fullload,,414.808944799006,,,684.5626690192148,689.8028460564092,18.652525963261724,708.4553720196709,1233125376,2368,64,,634.6971780294552,,,1.0,1.0,null,0.0,,1233125376,0,64,0,1233125376,19267584.0,19267584.0,0.0,,,,,null,,,,0
gqa,layout_prefix_chunk,Layout+Prefix,0.25,chunk,n9181,20929280,Is the motorbike made of the same material as the sign?,No,"[""yes""]",0.0,1939,2,calib_importance_sep_tail,4,prefix,0.23873522877693176,177.0182956242934,56.708906195126474,272.7935399161652,51.92467803135514,324.778466951102,18.869015970267355,343.6474829213694,327155712,576,65,209.7742281621322,0.0,9.0,37,0.24324324324324326,0.2653061224489796,"[0.2653061224489796, 0.2653061224489796, 0.2653061224489796, 0.2653061224489796, 0.2653061224489796, 0.2653061224489796, 0.2653061224489796, 0.2653061224489796, 0.2653061224489796, 0.2653061224489796, 0.2653061224489796, 0.2653061224489796, 0.2653061224489796, 0.2653061224489796, 0.2653061224489796, 0.2653061224489796, 0.2653061224489796, 0.2653061224489796, 0.2653061224489796, 0.2653061224489796, 0.2653061224489796, 0.2653061224489796, 0.2653061224489796, 0.2653061224489796, 0.2653061224489796, 0.2653061224489796, 0.2653061224489796, 0.2653061224489796, 0.2653061224489796, 0.2653061224489796, 0.2653061224489796, 0.2653061224489796]",0.0,288,301989888,25165824,64,1,327155712,5033164.8,4718592.0,25165824.0,0,0,0,prefix,"[[0, 1, 2, 3, 4, 5, 6, 7, 8], [0, 1, 2, 3, 4, 5, 6, 7, 8], [0, 1, 2, 3, 4, 5, 6, 7, 8], [0, 1, 2, 3, 4, 5, 6, 7, 8], [0, 1, 2, 3, 4, 5, 6, 7, 8], [0, 1, 2, 3, 4, 5, 6, 7, 8], [0, 1, 2, 3, 4, 5, 6, 7, 8], [0, 1, 2, 3, 4, 5, 6, 7, 8], [0, 1, 2, 3, 4, 5, 6, 7, 8], [0, 1, 2, 3, 4, 5, 6, 7, 8], [0, 1, 2, 3, 4, 5, 6, 7, 8], [0, 1, 2, 3, 4, 5, 6, 7, 8], [0, 1, 2, 3, 4, 5, 6, 7, 8], [0, 1, 2, 3, 4, 5, 6, 7, 8], [0, 1, 2, 3, 4, 5, 6, 7, 8], [0, 1, 2, 3, 4, 5, 6, 7, 8], [0, 1, 2, 3, 4, 5, 6, 7, 8], [0, 1, 2, 3, 4, 5, 6, 7, 8], [0, 1, 2, 3, 4, 5, 6, 7, 8], [0, 1, 2, 3, 4, 5, 6, 7, 8], [0, 1, 2, 3, 4, 5, 6, 7, 8], [0, 1, 2, 3, 4, 5, 6, 7, 8], [0, 1, 2, 3, 4, 5, 6, 7, 8], [0, 1, 2, 3, 4, 5, 6, 7, 8], [0, 1, 2, 3, 4, 5, 6, 7, 8], [0, 1, 2, 3, 4, 5, 6, 7, 8], [0, 1, 2, 3, 4, 5, 6, 7, 8], [0, 1, 2, 3, 4, 5, 6, 7, 8], [0, 1, 2, 3, 4, 5, 6, 7, 8], [0, 1, 2, 3, 4, 5, 6, 7, 8], [0, 1, 2, 3, 4, 5, 6, 7, 8], [0, 1, 2, 3, 4, 5, 6, 7, 8]]",sidecar,True,calib_importance_sep_tail,0
gqa,fullload,FullLoad,1.0,full,n390187,201861403,What's the person riding?,Motorcycle,"[""motorcycle""]",1.0,16843,3,calib_importance_sep_tail,4,fullload,,501.91280187573284,,,897.252534981817,902.5814979104325,40.879289037548006,943.4607869479805,1182793728,2304,64,,849.0978588815778,,,1.0,1.0,null,0.0,,1182793728,0,64,0,1182793728,18481152.0,18481152.0,0.0,,,,,null,,,,0
gqa,layout_prefix_chunk,Layout+Prefix,0.25,chunk,n390187,201861403,What's the person riding?,Motorcycle,"[""motorcycle""]",1.0,16843,3,calib_importance_sep_tail,4,prefix,0.25329249911010265,196.17070083040744,56.80505535565317,292.72386303637177,48.7032369710505,341.4873330621049,37.04940795432776,378.53674101643264,327155712,576,65,229.6795949805528,0.0,9.0,36,0.25,0.2765957446808511,"[0.2765957446808511, 0.2765957446808511, 0.2765957446808511, 0.2765957446808511, 0.2765957446808511, 0.2765957446808511, 0.2765957446808511, 0.2765957446808511, 0.2765957446808511, 0.2765957446808511, 0.2765957446808511, 0.2765957446808511, 0.2765957446808511, 0.2765957446808511, 0.2765957446808511, 0.2765957446808511, 0.2765957446808511, 0.2765957446808511, 0.2765957446808511, 0.2765957446808511, 0.2765957446808511, 0.2765957446808511, 0.2765957446808511, 0.2765957446808511, 0.2765957446808511, 0.2765957446808511, 0.2765957446808511, 0.2765957446808511, 0.2765957446808511, 0.2765957446808511, 0.2765957446808511, 0.2765957446808511]",0.0,288,301989888,25165824,64,1,327155712,5033164.8,4718592.0,25165824.0,0,0,0,prefix,"[[0, 1, 2, 3, 4, 5, 6, 7, 8], [0, 1, 2, 3, 4, 5, 6, 7, 8], [0, 1, 2, 3, 4, 5, 6, 7, 8], [0, 1, 2, 3, 4, 5, 6, 7, 8], [0, 1, 2, 3, 4, 5, 6, 7, 8], [0, 1, 2, 3, 4, 5, 6, 7, 8], [0, 1, 2, 3, 4, 5, 6, 7, 8], [0, 1, 2, 3, 4, 5, 6, 7, 8], [0, 1, 2, 3, 4, 5, 6, 7, 8], [0, 1, 2, 3, 4, 5, 6, 7, 8], [0, 1, 2, 3, 4, 5, 6, 7, 8], [0, 1, 2, 3, 4, 5, 6, 7, 8], [0, 1, 2, 3, 4, 5, 6, 7, 8], [0, 1, 2, 3, 4, 5, 6, 7, 8], [0, 1, 2, 3, 4, 5, 6, 7, 8], [0, 1, 2, 3, 4, 5, 6, 7, 8], [0, 1, 2, 3, 4, 5, 6, 7, 8], [0, 1, 2, 3, 4, 5, 6, 7, 8], [0, 1, 2, 3, 4, 5, 6, 7, 8], [0, 1, 2, 3, 4, 5, 6, 7, 8], [0, 1, 2, 3, 4, 5, 6, 7, 8], [0, 1, 2, 3, 4, 5, 6, 7, 8], [0, 1, 2, 3, 4, 5, 6, 7, 8], [0, 1, 2, 3, 4, 5, 6, 7, 8], [0, 1, 2, 3, 4, 5, 6, 7, 8], [0, 1, 2, 3, 4, 5, 6, 7, 8], [0, 1, 2, 3, 4, 5, 6, 7, 8], [0, 1, 2, 3, 4, 5, 6, 7, 8], [0, 1, 2, 3, 4, 5, 6, 7, 8], [0, 1, 2, 3, 4, 5, 6, 7, 8], [0, 1, 2, 3, 4, 5, 6, 7, 8], [0, 1, 2, 3, 4, 5, 6, 7, 8]]",sidecar,True,calib_importance_sep_tail,0
gqa,fullload,FullLoad,1.0,full,n390187,201861402,The person is riding what?,Motorcycle,"[""motorcycle""]",1.0,16843,3,calib_importance_sep_tail,4,fullload,,442.0796149643138,,,732.9455150756985,737.9816910251975,38.82220794912428,776.8038989743218,1182793728,2304,64,,681.3001608243212,,,1.0,1.0,null,0.0,,1182793728,0,64,0,1182793728,18481152.0,18481152.0,0.0,,,,,null,,,,0
gqa,layout_prefix_chunk,Layout+Prefix,0.25,chunk,n390187,201861402,The person is riding what?,Motorcycle,"[""motorcycle""]",1.0,16843,3,calib_importance_sep_tail,4,prefix,0.15737279318273067,193.18783085327595,45.53742881398648,269.44096002262086,35.67109804134816,305.1554129924625,36.97939496487379,342.1348079573363,327155712,576,65,218.02164788823575,0.0,9.0,36,0.25,0.2765957446808511,"[0.2765957446808511, 0.2765957446808511, 0.2765957446808511, 0.2765957446808511, 0.2765957446808511, 0.2765957446808511, 0.2765957446808511, 0.2765957446808511, 0.2765957446808511, 0.2765957446808511, 0.2765957446808511, 0.2765957446808511, 0.2765957446808511, 0.2765957446808511, 0.2765957446808511, 0.2765957446808511, 0.2765957446808511, 0.2765957446808511, 0.2765957446808511, 0.2765957446808511, 0.2765957446808511, 0.2765957446808511, 0.2765957446808511, 0.2765957446808511, 0.2765957446808511, 0.2765957446808511, 0.2765957446808511, 0.2765957446808511, 0.2765957446808511, 0.2765957446808511, 0.2765957446808511, 0.2765957446808511]",0.0,288,301989888,25165824,64,1,327155712,5033164.8,4718592.0,25165824.0,0,0,0,prefix,"[[0, 1, 2, 3, 4, 5, 6, 7, 8], [0, 1, 2, 3, 4, 5, 6, 7, 8], [0, 1, 2, 3, 4, 5, 6, 7, 8], [0, 1, 2, 3, 4, 5, 6, 7, 8], [0, 1, 2, 3, 4, 5, 6, 7, 8], [0, 1, 2, 3, 4, 5, 6, 7, 8], [0, 1, 2, 3, 4, 5, 6, 7, 8], [0, 1, 2, 3, 4, 5, 6, 7, 8], [0, 1, 2, 3, 4, 5, 6, 7, 8], [0, 1, 2, 3, 4, 5, 6, 7, 8], [0, 1, 2, 3, 4, 5, 6, 7, 8], [0, 1, 2, 3, 4, 5, 6, 7, 8], [0, 1, 2, 3, 4, 5, 6, 7, 8], [0, 1, 2, 3, 4, 5, 6, 7, 8], [0, 1, 2, 3, 4, 5, 6, 7, 8], [0, 1, 2, 3, 4, 5, 6, 7, 8], [0, 1, 2, 3, 4, 5, 6, 7, 8], [0, 1, 2, 3, 4, 5, 6, 7, 8], [0, 1, 2, 3, 4, 5, 6, 7, 8], [0, 1, 2, 3, 4, 5, 6, 7, 8], [0, 1, 2, 3, 4, 5, 6, 7, 8], [0, 1, 2, 3, 4, 5, 6, 7, 8], [0, 1, 2, 3, 4, 5, 6, 7, 8], [0, 1, 2, 3, 4, 5, 6, 7, 8], [0, 1, 2, 3, 4, 5, 6, 7, 8], [0, 1, 2, 3, 4, 5, 6, 7, 8], [0, 1, 2, 3, 4, 5, 6, 7, 8], [0, 1, 2, 3, 4, 5, 6, 7, 8], [0, 1, 2, 3, 4, 5, 6, 7, 8], [0, 1, 2, 3, 4, 5, 6, 7, 8], [0, 1, 2, 3, 4, 5, 6, 7, 8], [0, 1, 2, 3, 4, 5, 6, 7, 8]]",sidecar,True,calib_importance_sep_tail,0
gqa,fullload,FullLoad,1.0,full,n390187,201861409,Is the person wearing a glove?,No,"[""yes""]",0.0,1939,2,calib_importance_sep_tail,4,fullload,,514.9918551323935,,,922.5741500267759,927.7265269774944,19.04369902331382,946.7702260008082,1182793728,2304,64,,862.9910588497296,,,1.0,1.0,null,0.0,,1182793728,0,64,0,1182793728,18481152.0,18481152.0,0.0,,,,,null,,,,0
gqa,layout_prefix_chunk,Layout+Prefix,0.25,chunk,n390187,201861409,Is the person wearing a glove?,No,"[""yes""]",0.0,1939,2,calib_importance_sep_tail,4,prefix,0.2529232297092676,181.57650995999575,58.90400195494294,280.83678998518735,48.303365940228105,329.2024589609355,18.36663403082639,347.56909299176186,327155712,576,65,214.93848855607212,0.0,9.0,36,0.25,0.2765957446808511,"[0.2765957446808511, 0.2765957446808511, 0.2765957446808511, 0.2765957446808511, 0.2765957446808511, 0.2765957446808511, 0.2765957446808511, 0.2765957446808511, 0.2765957446808511, 0.2765957446808511, 0.2765957446808511, 0.2765957446808511, 0.2765957446808511, 0.2765957446808511, 0.2765957446808511, 0.2765957446808511, 0.2765957446808511, 0.2765957446808511, 0.2765957446808511, 0.2765957446808511, 0.2765957446808511, 0.2765957446808511, 0.2765957446808511, 0.2765957446808511, 0.2765957446808511, 0.2765957446808511, 0.2765957446808511, 0.2765957446808511, 0.2765957446808511, 0.2765957446808511, 0.2765957446808511, 0.2765957446808511]",0.0,288,301989888,25165824,64,1,327155712,5033164.8,4718592.0,25165824.0,0,0,0,prefix,"[[0, 1, 2, 3, 4, 5, 6, 7, 8], [0, 1, 2, 3, 4, 5, 6, 7, 8], [0, 1, 2, 3, 4, 5, 6, 7, 8], [0, 1, 2, 3, 4, 5, 6, 7, 8], [0, 1, 2, 3, 4, 5, 6, 7, 8], [0, 1, 2, 3, 4, 5, 6, 7, 8], [0, 1, 2, 3, 4, 5, 6, 7, 8], [0, 1, 2, 3, 4, 5, 6, 7, 8], [0, 1, 2, 3, 4, 5, 6, 7, 8], [0, 1, 2, 3, 4, 5, 6, 7, 8], [0, 1, 2, 3, 4, 5, 6, 7, 8], [0, 1, 2, 3, 4, 5, 6, 7, 8], [0, 1, 2, 3, 4, 5, 6, 7, 8], [0, 1, 2, 3, 4, 5, 6, 7, 8], [0, 1, 2, 3, 4, 5, 6, 7, 8], [0, 1, 2, 3, 4, 5, 6, 7, 8], [0, 1, 2, 3, 4, 5, 6, 7, 8], [0, 1, 2, 3, 4, 5, 6, 7, 8], [0, 1, 2, 3, 4, 5, 6, 7, 8], [0, 1, 2, 3, 4, 5, 6, 7, 8], [0, 1, 2, 3, 4, 5, 6, 7, 8], [0, 1, 2, 3, 4, 5, 6, 7, 8], [0, 1, 2, 3, 4, 5, 6, 7, 8], [0, 1, 2, 3, 4, 5, 6, 7, 8], [0, 1, 2, 3, 4, 5, 6, 7, 8], [0, 1, 2, 3, 4, 5, 6, 7, 8], [0, 1, 2, 3, 4, 5, 6, 7, 8], [0, 1, 2, 3, 4, 5, 6, 7, 8], [0, 1, 2, 3, 4, 5, 6, 7, 8], [0, 1, 2, 3, 4, 5, 6, 7, 8], [0, 1, 2, 3, 4, 5, 6, 7, 8], [0, 1, 2, 3, 4, 5, 6, 7, 8]]",sidecar,True,calib_importance_sep_tail,0
gqa,fullload,FullLoad,1.0,full,n390187,201861267,Does the mirror to the left of the person look brown and small?,No,"[""no""]",1.0,1939,2,calib_importance_sep_tail,4,fullload,,397.60316419415176,,,675.3819190198556,680.5717899696901,18.838980002328753,699.4107699720189,1182793728,2304,64,,633.9610141003504,,,1.0,1.0,null,0.0,,1182793728,0,64,0,1182793728,18481152.0,18481152.0,0.0,,,,,null,,,,0
gqa,layout_prefix_chunk,Layout+Prefix,0.25,chunk,n390187,201861267,Does the mirror to the left of the person look brown and small?,No,"[""no""]",1.0,1939,2,calib_importance_sep_tail,4,prefix,0.23964140564203262,172.3113409243524,55.76095322612673,265.96631191205233,42.113028932362795,308.13870090059936,18.625888042151928,326.7645889427513,327155712,576,65,203.51893221959472,0.0,9.0,36,0.25,0.2765957446808511,"[0.2765957446808511, 0.2765957446808511, 0.2765957446808511, 0.2765957446808511, 0.2765957446808511, 0.2765957446808511, 0.2765957446808511, 0.2765957446808511, 0.2765957446808511, 0.2765957446808511, 0.2765957446808511, 0.2765957446808511, 0.2765957446808511, 0.2765957446808511, 0.2765957446808511, 0.2765957446808511, 0.2765957446808511, 0.2765957446808511, 0.2765957446808511, 0.2765957446808511, 0.2765957446808511, 0.2765957446808511, 0.2765957446808511, 0.2765957446808511, 0.2765957446808511, 0.2765957446808511, 0.2765957446808511, 0.2765957446808511, 0.2765957446808511, 0.2765957446808511, 0.2765957446808511, 0.2765957446808511]",0.0,288,301989888,25165824,64,1,327155712,5033164.8,4718592.0,25165824.0,0,0,0,prefix,"[[0, 1, 2, 3, 4, 5, 6, 7, 8], [0, 1, 2, 3, 4, 5, 6, 7, 8], [0, 1, 2, 3, 4, 5, 6, 7, 8], [0, 1, 2, 3, 4, 5, 6, 7, 8], [0, 1, 2, 3, 4, 5, 6, 7, 8], [0, 1, 2, 3, 4, 5, 6, 7, 8], [0, 1, 2, 3, 4, 5, 6, 7, 8], [0, 1, 2, 3, 4, 5, 6, 7, 8], [0, 1, 2, 3, 4, 5, 6, 7, 8], [0, 1, 2, 3, 4, 5, 6, 7, 8], [0, 1, 2, 3, 4, 5, 6, 7, 8], [0, 1, 2, 3, 4, 5, 6, 7, 8], [0, 1, 2, 3, 4, 5, 6, 7, 8], [0, 1, 2, 3, 4, 5, 6, 7, 8], [0, 1, 2, 3, 4, 5, 6, 7, 8], [0, 1, 2, 3, 4, 5, 6, 7, 8], [0, 1, 2, 3, 4, 5, 6, 7, 8], [0, 1, 2, 3, 4, 5, 6, 7, 8], [0, 1, 2, 3, 4, 5, 6, 7, 8], [0, 1, 2, 3, 4, 5, 6, 7, 8], [0, 1, 2, 3, 4, 5, 6, 7, 8], [0, 1, 2, 3, 4, 5, 6, 7, 8], [0, 1, 2, 3, 4, 5, 6, 7, 8], [0, 1, 2, 3, 4, 5, 6, 7, 8], [0, 1, 2, 3, 4, 5, 6, 7, 8], [0, 1, 2, 3, 4, 5, 6, 7, 8], [0, 1, 2, 3, 4, 5, 6, 7, 8], [0, 1, 2, 3, 4, 5, 6, 7, 8], [0, 1, 2, 3, 4, 5, 6, 7, 8], [0, 1, 2, 3, 4, 5, 6, 7, 8], [0, 1, 2, 3, 4, 5, 6, 7, 8], [0, 1, 2, 3, 4, 5, 6, 7, 8]]",sidecar,True,calib_importance_sep_tail,0
gqa,fullload,FullLoad,1.0,full,n390187,201861586,What is the color of the dirty sneakers?,Gray,"[""gray""]",1.0,18956,2,calib_importance_sep_tail,4,fullload,,444.9480047915131,,,780.1126309204847,785.2785589639097,18.95704900380224,804.235607967712,1182793728,2304,64,,737.0456678327173,,,1.0,1.0,null,0.0,,1182793728,0,64,0,1182793728,18481152.0,18481152.0,0.0,,,,,null,,,,0
gqa,layout_prefix_chunk,Layout+Prefix,0.25,chunk,n390187,201861586,What is the color of the dirty sneakers?,Gray,"[""gray""]",1.0,18956,2,calib_importance_sep_tail,4,prefix,0.1821977784857154,162.22478600684553,47.999869915656745,242.58399300742894,35.63995298463851,278.2635149778798,18.401319975964725,296.66483495384455,327155712,576,65,188.67611698806286,0.0,9.0,36,0.25,0.2765957446808511,"[0.2765957446808511, 0.2765957446808511, 0.2765957446808511, 0.2765957446808511, 0.2765957446808511, 0.2765957446808511, 0.2765957446808511, 0.2765957446808511, 0.2765957446808511, 0.2765957446808511, 0.2765957446808511, 0.2765957446808511, 0.2765957446808511, 0.2765957446808511, 0.2765957446808511, 0.2765957446808511, 0.2765957446808511, 0.2765957446808511, 0.2765957446808511, 0.2765957446808511, 0.2765957446808511, 0.2765957446808511, 0.2765957446808511, 0.2765957446808511, 0.2765957446808511, 0.2765957446808511, 0.2765957446808511, 0.2765957446808511, 0.2765957446808511, 0.2765957446808511, 0.2765957446808511, 0.2765957446808511]",0.0,288,301989888,25165824,64,1,327155712,5033164.8,4718592.0,25165824.0,0,0,0,prefix,"[[0, 1, 2, 3, 4, 5, 6, 7, 8], [0, 1, 2, 3, 4, 5, 6, 7, 8], [0, 1, 2, 3, 4, 5, 6, 7, 8], [0, 1, 2, 3, 4, 5, 6, 7, 8], [0, 1, 2, 3, 4, 5, 6, 7, 8], [0, 1, 2, 3, 4, 5, 6, 7, 8], [0, 1, 2, 3, 4, 5, 6, 7, 8], [0, 1, 2, 3, 4, 5, 6, 7, 8], [0, 1, 2, 3, 4, 5, 6, 7, 8], [0, 1, 2, 3, 4, 5, 6, 7, 8], [0, 1, 2, 3, 4, 5, 6, 7, 8], [0, 1, 2, 3, 4, 5, 6, 7, 8], [0, 1, 2, 3, 4, 5, 6, 7, 8], [0, 1, 2, 3, 4, 5, 6, 7, 8], [0, 1, 2, 3, 4, 5, 6, 7, 8], [0, 1, 2, 3, 4, 5, 6, 7, 8], [0, 1, 2, 3, 4, 5, 6, 7, 8], [0, 1, 2, 3, 4, 5, 6, 7, 8], [0, 1, 2, 3, 4, 5, 6, 7, 8], [0, 1, 2, 3, 4, 5, 6, 7, 8], [0, 1, 2, 3, 4, 5, 6, 7, 8], [0, 1, 2, 3, 4, 5, 6, 7, 8], [0, 1, 2, 3, 4, 5, 6, 7, 8], [0, 1, 2, 3, 4, 5, 6, 7, 8], [0, 1, 2, 3, 4, 5, 6, 7, 8], [0, 1, 2, 3, 4, 5, 6, 7, 8], [0, 1, 2, 3, 4, 5, 6, 7, 8], [0, 1, 2, 3, 4, 5, 6, 7, 8], [0, 1, 2, 3, 4, 5, 6, 7, 8], [0, 1, 2, 3, 4, 5, 6, 7, 8], [0, 1, 2, 3, 4, 5, 6, 7, 8], [0, 1, 2, 3, 4, 5, 6, 7, 8]]",sidecar,True,calib_importance_sep_tail,0
gqa,fullload,FullLoad,1.0,full,n390187,201861325,Is the small mirror on the motorcycle?,Yes,"[""yes""]",1.0,3869,2,calib_importance_sep_tail,4,fullload,,476.20559902861714,,,840.2414449956268,845.3151669818908,19.058097037486732,864.3732640193775,1182793728,2304,64,,788.3380951825529,,,1.0,1.0,null,0.0,,1182793728,0,64,0,1182793728,18481152.0,18481152.0,0.0,,,,,null,,,,0
gqa,layout_prefix_chunk,Layout+Prefix,0.25,chunk,n390187,201861325,Is the small mirror on the motorcycle?,Yes,"[""yes""]",1.0,3869,2,calib_importance_sep_tail,4,prefix,0.24799711536616087,177.8241724241525,56.083642644807696,272.3525749752298,41.010649991221726,313.42506199143827,18.667900934815407,332.0929629262537,327155712,576,65,210.03681898582727,0.0,9.0,36,0.25,0.2765957446808511,"[0.2765957446808511, 0.2765957446808511, 0.2765957446808511, 0.2765957446808511, 0.2765957446808511, 0.2765957446808511, 0.2765957446808511, 0.2765957446808511, 0.2765957446808511, 0.2765957446808511, 0.2765957446808511, 0.2765957446808511, 0.2765957446808511, 0.2765957446808511, 0.2765957446808511, 0.2765957446808511, 0.2765957446808511, 0.2765957446808511, 0.2765957446808511, 0.2765957446808511, 0.2765957446808511, 0.2765957446808511, 0.2765957446808511, 0.2765957446808511, 0.2765957446808511, 0.2765957446808511, 0.2765957446808511, 0.2765957446808511, 0.2765957446808511, 0.2765957446808511, 0.2765957446808511, 0.2765957446808511]",0.0,288,301989888,25165824,64,1,327155712,5033164.8,4718592.0,25165824.0,0,0,0,prefix,"[[0, 1, 2, 3, 4, 5, 6, 7, 8], [0, 1, 2, 3, 4, 5, 6, 7, 8], [0, 1, 2, 3, 4, 5, 6, 7, 8], [0, 1, 2, 3, 4, 5, 6, 7, 8], [0, 1, 2, 3, 4, 5, 6, 7, 8], [0, 1, 2, 3, 4, 5, 6, 7, 8], [0, 1, 2, 3, 4, 5, 6, 7, 8], [0, 1, 2, 3, 4, 5, 6, 7, 8], [0, 1, 2, 3, 4, 5, 6, 7, 8], [0, 1, 2, 3, 4, 5, 6, 7, 8], [0, 1, 2, 3, 4, 5, 6, 7, 8], [0, 1, 2, 3, 4, 5, 6, 7, 8], [0, 1, 2, 3, 4, 5, 6, 7, 8], [0, 1, 2, 3, 4, 5, 6, 7, 8], [0, 1, 2, 3, 4, 5, 6, 7, 8], [0, 1, 2, 3, 4, 5, 6, 7, 8], [0, 1, 2, 3, 4, 5, 6, 7, 8], [0, 1, 2, 3, 4, 5, 6, 7, 8], [0, 1, 2, 3, 4, 5, 6, 7, 8], [0, 1, 2, 3, 4, 5, 6, 7, 8], [0, 1, 2, 3, 4, 5, 6, 7, 8], [0, 1, 2, 3, 4, 5, 6, 7, 8], [0, 1, 2, 3, 4, 5, 6, 7, 8], [0, 1, 2, 3, 4, 5, 6, 7, 8], [0, 1, 2, 3, 4, 5, 6, 7, 8], [0, 1, 2, 3, 4, 5, 6, 7, 8], [0, 1, 2, 3, 4, 5, 6, 7, 8], [0, 1, 2, 3, 4, 5, 6, 7, 8], [0, 1, 2, 3, 4, 5, 6, 7, 8], [0, 1, 2, 3, 4, 5, 6, 7, 8], [0, 1, 2, 3, 4, 5, 6, 7, 8], [0, 1, 2, 3, 4, 5, 6, 7, 8]]",sidecar,True,calib_importance_sep_tail,0
gqa,fullload,FullLoad,1.0,full,n133585,202108008,What is the color of the hat?,Blue,"[""blue""]",1.0,10924,2,calib_importance_sep_tail,4,fullload,,445.8485287614167,,,742.5688890507445,747.5884270388633,45.73871893808246,793.3271459769458,1124073472,2176,64,,679.6610517194495,,,1.0,1.0,null,0.0,,1124073472,0,64,0,1124073472,17563648.0,17563648.0,0.0,,,,,null,,,,0
gqa,layout_prefix_chunk,Layout+Prefix,0.25,chunk,n133585,202108008,What is the color of the hat?,Blue,"[""blue""]",1.0,10924,2,calib_importance_sep_tail,4,prefix,0.20540563855320215,138.13702308107167,46.12675367388874,216.79697500076145,48.077804036438465,264.93420801125467,18.774081021547318,283.708289032802,285212672,512,65,164.8719038348645,0.0,8.0,34,0.23529411764705882,0.2537313432835821,"[0.2537313432835821, 0.2537313432835821, 0.2537313432835821, 0.2537313432835821, 0.2537313432835821, 0.2537313432835821, 0.2537313432835821, 0.2537313432835821, 0.2537313432835821, 0.2537313432835821, 0.2537313432835821, 0.2537313432835821, 0.2537313432835821, 0.2537313432835821, 0.2537313432835821, 0.2537313432835821, 0.2537313432835821, 0.2537313432835821, 0.2537313432835821, 0.2537313432835821, 0.2537313432835821, 0.2537313432835821, 0.2537313432835821, 0.2537313432835821, 0.2537313432835821, 0.2537313432835821, 0.2537313432835821, 0.2537313432835821, 0.2537313432835821, 0.2537313432835821, 0.2537313432835821, 0.2537313432835821]",0.0,256,268435456,16777216,64,1,285212672,4387887.261538462,4194304.0,16777216.0,0,0,0,prefix,"[[0, 1, 2, 3, 4, 5, 6, 7], [0, 1, 2, 3, 4, 5, 6, 7], [0, 1, 2, 3, 4, 5, 6, 7], [0, 1, 2, 3, 4, 5, 6, 7], [0, 1, 2, 3, 4, 5, 6, 7], [0, 1, 2, 3, 4, 5, 6, 7], [0, 1, 2, 3, 4, 5, 6, 7], [0, 1, 2, 3, 4, 5, 6, 7], [0, 1, 2, 3, 4, 5, 6, 7], [0, 1, 2, 3, 4, 5, 6, 7], [0, 1, 2, 3, 4, 5, 6, 7], [0, 1, 2, 3, 4, 5, 6, 7], [0, 1, 2, 3, 4, 5, 6, 7], [0, 1, 2, 3, 4, 5, 6, 7], [0, 1, 2, 3, 4, 5, 6, 7], [0, 1, 2, 3, 4, 5, 6, 7], [0, 1, 2, 3, 4, 5, 6, 7], [0, 1, 2, 3, 4, 5, 6, 7], [0, 1, 2, 3, 4, 5, 6, 7], [0, 1, 2, 3, 4, 5, 6, 7], [0, 1, 2, 3, 4, 5, 6, 7], [0, 1, 2, 3, 4, 5, 6, 7], [0, 1, 2, 3, 4, 5, 6, 7], [0, 1, 2, 3, 4, 5, 6, 7], [0, 1, 2, 3, 4, 5, 6, 7], [0, 1, 2, 3, 4, 5, 6, 7], [0, 1, 2, 3, 4, 5, 6, 7], [0, 1, 2, 3, 4, 5, 6, 7], [0, 1, 2, 3, 4, 5, 6, 7], [0, 1, 2, 3, 4, 5, 6, 7], [0, 1, 2, 3, 4, 5, 6, 7], [0, 1, 2, 3, 4, 5, 6, 7]]",sidecar,True,calib_importance_sep_tail,0
gqa,fullload,FullLoad,1.0,full,n133585,202107840,Are there any boys to the right of the fat person?,Yes,"[""yes""]",1.0,3869,2,calib_importance_sep_tail,4,fullload,,425.3484787186608,,,702.9068189440295,707.9122959403321,18.865545047447085,726.7778409877792,1124073472,2176,64,,643.3784870896488,,,1.0,1.0,null,0.0,,1124073472,0,64,0,1124073472,17563648.0,17563648.0,0.0,,,,,null,,,,0
gqa,layout_prefix_chunk,Layout+Prefix,0.25,chunk,n133585,202107840,Are there any boys to the right of the fat person?,Yes,"[""yes""]",1.0,3869,2,calib_importance_sep_tail,4,prefix,0.20807806868106127,145.53010324016213,47.18546010553837,223.338674986735,40.89068400207907,264.29025700781494,18.958816886879504,283.24907389469445,285212672,512,65,169.70309312455356,0.0,8.0,34,0.23529411764705882,0.2537313432835821,"[0.2537313432835821, 0.2537313432835821, 0.2537313432835821, 0.2537313432835821, 0.2537313432835821, 0.2537313432835821, 0.2537313432835821, 0.2537313432835821, 0.2537313432835821, 0.2537313432835821, 0.2537313432835821, 0.2537313432835821, 0.2537313432835821, 0.2537313432835821, 0.2537313432835821, 0.2537313432835821, 0.2537313432835821, 0.2537313432835821, 0.2537313432835821, 0.2537313432835821, 0.2537313432835821, 0.2537313432835821, 0.2537313432835821, 0.2537313432835821, 0.2537313432835821, 0.2537313432835821, 0.2537313432835821, 0.2537313432835821, 0.2537313432835821, 0.2537313432835821, 0.2537313432835821, 0.2537313432835821]",0.0,256,268435456,16777216,64,1,285212672,4387887.261538462,4194304.0,16777216.0,0,0,0,prefix,"[[0, 1, 2, 3, 4, 5, 6, 7], [0, 1, 2, 3, 4, 5, 6, 7], [0, 1, 2, 3, 4, 5, 6, 7], [0, 1, 2, 3, 4, 5, 6, 7], [0, 1, 2, 3, 4, 5, 6, 7], [0, 1, 2, 3, 4, 5, 6, 7], [0, 1, 2, 3, 4, 5, 6, 7], [0, 1, 2, 3, 4, 5, 6, 7], [0, 1, 2, 3, 4, 5, 6, 7], [0, 1, 2, 3, 4, 5, 6, 7], [0, 1, 2, 3, 4, 5, 6, 7], [0, 1, 2, 3, 4, 5, 6, 7], [0, 1, 2, 3, 4, 5, 6, 7], [0, 1, 2, 3, 4, 5, 6, 7], [0, 1, 2, 3, 4, 5, 6, 7], [0, 1, 2, 3, 4, 5, 6, 7], [0, 1, 2, 3, 4, 5, 6, 7], [0, 1, 2, 3, 4, 5, 6, 7], [0, 1, 2, 3, 4, 5, 6, 7], [0, 1, 2, 3, 4, 5, 6, 7], [0, 1, 2, 3, 4, 5, 6, 7], [0, 1, 2, 3, 4, 5, 6, 7], [0, 1, 2, 3, 4, 5, 6, 7], [0, 1, 2, 3, 4, 5, 6, 7], [0, 1, 2, 3, 4, 5, 6, 7], [0, 1, 2, 3, 4, 5, 6, 7], [0, 1, 2, 3, 4, 5, 6, 7], [0, 1, 2, 3, 4, 5, 6, 7], [0, 1, 2, 3, 4, 5, 6, 7], [0, 1, 2, 3, 4, 5, 6, 7], [0, 1, 2, 3, 4, 5, 6, 7], [0, 1, 2, 3, 4, 5, 6, 7]]",sidecar,True,calib_importance_sep_tail,0
gqa,fullload,FullLoad,1.0,full,n133585,202107827,Who wears a shirt?,Boy,"[""boy""]",1.0,16231,2,calib_importance_sep_tail,4,fullload,,388.9568627346307,,,625.5655960412696,630.4973859805614,19.115814939141273,649.6132009197026,1124073472,2176,64,,577.8323147678748,,,1.0,1.0,null,0.0,,1124073472,0,64,0,1124073472,17563648.0,17563648.0,0.0,,,,,null,,,,0
gqa,layout_prefix_chunk,Layout+Prefix,0.25,chunk,n133585,202107827,Who wears a shirt?,Boy,"[""boy""]",1.0,16231,2,calib_importance_sep_tail,4,prefix,0.23755489382892847,169.6746521629393,53.84226096794009,258.50308896042407,50.84649100899696,309.4114289851859,19.598877988755703,329.0103069739416,285212672,512,65,198.5903459135443,0.0,8.0,34,0.23529411764705882,0.2537313432835821,"[0.2537313432835821, 0.2537313432835821, 0.2537313432835821, 0.2537313432835821, 0.2537313432835821, 0.2537313432835821, 0.2537313432835821, 0.2537313432835821, 0.2537313432835821, 0.2537313432835821, 0.2537313432835821, 0.2537313432835821, 0.2537313432835821, 0.2537313432835821, 0.2537313432835821, 0.2537313432835821, 0.2537313432835821, 0.2537313432835821, 0.2537313432835821, 0.2537313432835821, 0.2537313432835821, 0.2537313432835821, 0.2537313432835821, 0.2537313432835821, 0.2537313432835821, 0.2537313432835821, 0.2537313432835821, 0.2537313432835821, 0.2537313432835821, 0.2537313432835821, 0.2537313432835821, 0.2537313432835821]",0.0,256,268435456,16777216,64,1,285212672,4387887.261538462,4194304.0,16777216.0,0,0,0,prefix,"[[0, 1, 2, 3, 4, 5, 6, 7], [0, 1, 2, 3, 4, 5, 6, 7], [0, 1, 2, 3, 4, 5, 6, 7], [0, 1, 2, 3, 4, 5, 6, 7], [0, 1, 2, 3, 4, 5, 6, 7], [0, 1, 2, 3, 4, 5, 6, 7], [0, 1, 2, 3, 4, 5, 6, 7], [0, 1, 2, 3, 4, 5, 6, 7], [0, 1, 2, 3, 4, 5, 6, 7], [0, 1, 2, 3, 4, 5, 6, 7], [0, 1, 2, 3, 4, 5, 6, 7], [0, 1, 2, 3, 4, 5, 6, 7], [0, 1, 2, 3, 4, 5, 6, 7], [0, 1, 2, 3, 4, 5, 6, 7], [0, 1, 2, 3, 4, 5, 6, 7], [0, 1, 2, 3, 4, 5, 6, 7], [0, 1, 2, 3, 4, 5, 6, 7], [0, 1, 2, 3, 4, 5, 6, 7], [0, 1, 2, 3, 4, 5, 6, 7], [0, 1, 2, 3, 4, 5, 6, 7], [0, 1, 2, 3, 4, 5, 6, 7], [0, 1, 2, 3, 4, 5, 6, 7], [0, 1, 2, 3, 4, 5, 6, 7], [0, 1, 2, 3, 4, 5, 6, 7], [0, 1, 2, 3, 4, 5, 6, 7], [0, 1, 2, 3, 4, 5, 6, 7], [0, 1, 2, 3, 4, 5, 6, 7], [0, 1, 2, 3, 4, 5, 6, 7], [0, 1, 2, 3, 4, 5, 6, 7], [0, 1, 2, 3, 4, 5, 6, 7], [0, 1, 2, 3, 4, 5, 6, 7], [0, 1, 2, 3, 4, 5, 6, 7]]",sidecar,True,calib_importance_sep_tail,0
gqa,fullload,FullLoad,1.0,full,n133585,202107931,Is the person to the left of the boy wearing jeans?,No,"[""no""]",1.0,1939,2,calib_importance_sep_tail,4,fullload,,425.2471865620464,,,705.2850710460916,710.182918002829,19.025172921828926,729.2080909246579,1124073472,2176,64,,645.8887089975178,,,1.0,1.0,null,0.0,,1124073472,0,64,0,1124073472,17563648.0,17563648.0,0.0,,,,,null,,,,0
gqa,layout_prefix_chunk,Layout+Prefix,0.25,chunk,n133585,202107931,Is the person to the left of the boy wearing jeans?,No,"[""no""]",1.0,1939,2,calib_importance_sep_tail,4,prefix,0.2253320999443531,153.08757917955518,51.87224748078734,238.8336849398911,44.79743994306773,283.6901629343629,18.826712970621884,302.5168759049848,285212672,512,65,180.8075502049178,0.0,8.0,34,0.23529411764705882,0.2537313432835821,"[0.2537313432835821, 0.2537313432835821, 0.2537313432835821, 0.2537313432835821, 0.2537313432835821, 0.2537313432835821, 0.2537313432835821, 0.2537313432835821, 0.2537313432835821, 0.2537313432835821, 0.2537313432835821, 0.2537313432835821, 0.2537313432835821, 0.2537313432835821, 0.2537313432835821, 0.2537313432835821, 0.2537313432835821, 0.2537313432835821, 0.2537313432835821, 0.2537313432835821, 0.2537313432835821, 0.2537313432835821, 0.2537313432835821, 0.2537313432835821, 0.2537313432835821, 0.2537313432835821, 0.2537313432835821, 0.2537313432835821, 0.2537313432835821, 0.2537313432835821, 0.2537313432835821, 0.2537313432835821]",0.0,256,268435456,16777216,64,1,285212672,4387887.261538462,4194304.0,16777216.0,0,0,0,prefix,"[[0, 1, 2, 3, 4, 5, 6, 7], [0, 1, 2, 3, 4, 5, 6, 7], [0, 1, 2, 3, 4, 5, 6, 7], [0, 1, 2, 3, 4, 5, 6, 7], [0, 1, 2, 3, 4, 5, 6, 7], [0, 1, 2, 3, 4, 5, 6, 7], [0, 1, 2, 3, 4, 5, 6, 7], [0, 1, 2, 3, 4, 5, 6, 7], [0, 1, 2, 3, 4, 5, 6, 7], [0, 1, 2, 3, 4, 5, 6, 7], [0, 1, 2, 3, 4, 5, 6, 7], [0, 1, 2, 3, 4, 5, 6, 7], [0, 1, 2, 3, 4, 5, 6, 7], [0, 1, 2, 3, 4, 5, 6, 7], [0, 1, 2, 3, 4, 5, 6, 7], [0, 1, 2, 3, 4, 5, 6, 7], [0, 1, 2, 3, 4, 5, 6, 7], [0, 1, 2, 3, 4, 5, 6, 7], [0, 1, 2, 3, 4, 5, 6, 7], [0, 1, 2, 3, 4, 5, 6, 7], [0, 1, 2, 3, 4, 5, 6, 7], [0, 1, 2, 3, 4, 5, 6, 7], [0, 1, 2, 3, 4, 5, 6, 7], [0, 1, 2, 3, 4, 5, 6, 7], [0, 1, 2, 3, 4, 5, 6, 7], [0, 1, 2, 3, 4, 5, 6, 7], [0, 1, 2, 3, 4, 5, 6, 7], [0, 1, 2, 3, 4, 5, 6, 7], [0, 1, 2, 3, 4, 5, 6, 7], [0, 1, 2, 3, 4, 5, 6, 7], [0, 1, 2, 3, 4, 5, 6, 7], [0, 1, 2, 3, 4, 5, 6, 7]]",sidecar,True,calib_importance_sep_tail,0
gqa,fullload,FullLoad,1.0,full,n133585,202107938,Is the fat person to the right or to the left of the boy that is wearing pants?,Right,"[""left""]",0.0,10428,2,calib_importance_sep_tail,4,fullload,,430.5577379418537,,,767.8749160841107,772.8903139941394,18.860818934626877,791.7511329287663,1124073472,2176,64,,719.4718687096611,,,1.0,1.0,null,0.0,,1124073472,0,64,0,1124073472,17563648.0,17563648.0,0.0,,,,,null,,,,0
gqa,layout_prefix_chunk,Layout+Prefix,0.25,chunk,n133585,202107938,Is the fat person to the right or to the left of the boy that is wearing pants?,Right,"[""left""]",0.0,10428,2,calib_importance_sep_tail,4,prefix,0.15944009646773338,144.53531929757446,40.850280900485814,212.4827060615644,38.13127800822258,250.65346900373697,18.655813997611403,269.3092830013484,285212672,512,65,166.06148588471115,0.0,8.0,34,0.23529411764705882,0.2537313432835821,"[0.2537313432835821, 0.2537313432835821, 0.2537313432835821, 0.2537313432835821, 0.2537313432835821, 0.2537313432835821, 0.2537313432835821, 0.2537313432835821, 0.2537313432835821, 0.2537313432835821, 0.2537313432835821, 0.2537313432835821, 0.2537313432835821, 0.2537313432835821, 0.2537313432835821, 0.2537313432835821, 0.2537313432835821, 0.2537313432835821, 0.2537313432835821, 0.2537313432835821, 0.2537313432835821, 0.2537313432835821, 0.2537313432835821, 0.2537313432835821, 0.2537313432835821, 0.2537313432835821, 0.2537313432835821, 0.2537313432835821, 0.2537313432835821, 0.2537313432835821, 0.2537313432835821, 0.2537313432835821]",0.0,256,268435456,16777216,64,1,285212672,4387887.261538462,4194304.0,16777216.0,0,0,0,prefix,"[[0, 1, 2, 3, 4, 5, 6, 7], [0, 1, 2, 3, 4, 5, 6, 7], [0, 1, 2, 3, 4, 5, 6, 7], [0, 1, 2, 3, 4, 5, 6, 7], [0, 1, 2, 3, 4, 5, 6, 7], [0, 1, 2, 3, 4, 5, 6, 7], [0, 1, 2, 3, 4, 5, 6, 7], [0, 1, 2, 3, 4, 5, 6, 7], [0, 1, 2, 3, 4, 5, 6, 7], [0, 1, 2, 3, 4, 5, 6, 7], [0, 1, 2, 3, 4, 5, 6, 7], [0, 1, 2, 3, 4, 5, 6, 7], [0, 1, 2, 3, 4, 5, 6, 7], [0, 1, 2, 3, 4, 5, 6, 7], [0, 1, 2, 3, 4, 5, 6, 7], [0, 1, 2, 3, 4, 5, 6, 7], [0, 1, 2, 3, 4, 5, 6, 7], [0, 1, 2, 3, 4, 5, 6, 7], [0, 1, 2, 3, 4, 5, 6, 7], [0, 1, 2, 3, 4, 5, 6, 7], [0, 1, 2, 3, 4, 5, 6, 7], [0, 1, 2, 3, 4, 5, 6, 7], [0, 1, 2, 3, 4, 5, 6, 7], [0, 1, 2, 3, 4, 5, 6, 7], [0, 1, 2, 3, 4, 5, 6, 7], [0, 1, 2, 3, 4, 5, 6, 7], [0, 1, 2, 3, 4, 5, 6, 7], [0, 1, 2, 3, 4, 5, 6, 7], [0, 1, 2, 3, 4, 5, 6, 7], [0, 1, 2, 3, 4, 5, 6, 7], [0, 1, 2, 3, 4, 5, 6, 7], [0, 1, 2, 3, 4, 5, 6, 7]]",sidecar,True,calib_importance_sep_tail,0
gqa,fullload,FullLoad,1.0,full,n133585,202107808,Who is standing?,Boy,"[""boy""]",1.0,16231,2,calib_importance_sep_tail,4,fullload,,401.2680009473115,,,718.3893739711493,723.4287309693173,20.10293200146407,743.5316629707813,1124073472,2176,64,,677.4575379677117,,,1.0,1.0,null,0.0,,1124073472,0,64,0,1124073472,17563648.0,17563648.0,0.0,,,,,null,,,,0
gqa,layout_prefix_chunk,Layout+Prefix,0.25,chunk,n133585,202107808,Who is standing?,Boy,"[""boy""]",1.0,16231,2,calib_importance_sep_tail,4,prefix,0.18775707576423883,151.98582608718425,41.528954985551536,220.21896007936448,36.05278593022376,256.3166900072247,18.793751019984484,275.11044102720916,285212672,512,65,173.05873311124742,0.0,8.0,34,0.23529411764705882,0.2537313432835821,"[0.2537313432835821, 0.2537313432835821, 0.2537313432835821, 0.2537313432835821, 0.2537313432835821, 0.2537313432835821, 0.2537313432835821, 0.2537313432835821, 0.2537313432835821, 0.2537313432835821, 0.2537313432835821, 0.2537313432835821, 0.2537313432835821, 0.2537313432835821, 0.2537313432835821, 0.2537313432835821, 0.2537313432835821, 0.2537313432835821, 0.2537313432835821, 0.2537313432835821, 0.2537313432835821, 0.2537313432835821, 0.2537313432835821, 0.2537313432835821, 0.2537313432835821, 0.2537313432835821, 0.2537313432835821, 0.2537313432835821, 0.2537313432835821, 0.2537313432835821, 0.2537313432835821, 0.2537313432835821]",0.0,256,268435456,16777216,64,1,285212672,4387887.261538462,4194304.0,16777216.0,0,0,0,prefix,"[[0, 1, 2, 3, 4, 5, 6, 7], [0, 1, 2, 3, 4, 5, 6, 7], [0, 1, 2, 3, 4, 5, 6, 7], [0, 1, 2, 3, 4, 5, 6, 7], [0, 1, 2, 3, 4, 5, 6, 7], [0, 1, 2, 3, 4, 5, 6, 7], [0, 1, 2, 3, 4, 5, 6, 7], [0, 1, 2, 3, 4, 5, 6, 7], [0, 1, 2, 3, 4, 5, 6, 7], [0, 1, 2, 3, 4, 5, 6, 7], [0, 1, 2, 3, 4, 5, 6, 7], [0, 1, 2, 3, 4, 5, 6, 7], [0, 1, 2, 3, 4, 5, 6, 7], [0, 1, 2, 3, 4, 5, 6, 7], [0, 1, 2, 3, 4, 5, 6, 7], [0, 1, 2, 3, 4, 5, 6, 7], [0, 1, 2, 3, 4, 5, 6, 7], [0, 1, 2, 3, 4, 5, 6, 7], [0, 1, 2, 3, 4, 5, 6, 7], [0, 1, 2, 3, 4, 5, 6, 7], [0, 1, 2, 3, 4, 5, 6, 7], [0, 1, 2, 3, 4, 5, 6, 7], [0, 1, 2, 3, 4, 5, 6, 7], [0, 1, 2, 3, 4, 5, 6, 7], [0, 1, 2, 3, 4, 5, 6, 7], [0, 1, 2, 3, 4, 5, 6, 7], [0, 1, 2, 3, 4, 5, 6, 7], [0, 1, 2, 3, 4, 5, 6, 7], [0, 1, 2, 3, 4, 5, 6, 7], [0, 1, 2, 3, 4, 5, 6, 7], [0, 1, 2, 3, 4, 5, 6, 7], [0, 1, 2, 3, 4, 5, 6, 7]]",sidecar,True,calib_importance_sep_tail,0
gqa,fullload,FullLoad,1.0,full,n272098,201535625,How is that food called?,Donut,"[""donuts""]",0.0,3872,3,calib_importance_sep_tail,4,fullload,,464.35840730555356,,,804.0282130241394,809.992240043357,37.96298592351377,847.9552259668708,1535115264,2944,64,,758.38555151131,,,1.0,1.0,null,0.0,,1535115264,0,64,0,1535115264,23986176.0,23986176.0,0.0,,,,,null,,,,0
gqa,layout_prefix_chunk,Layout+Prefix,0.25,chunk,n272098,201535625,How is that food called?,Donut,"[""donuts""]",0.0,3872,3,calib_importance_sep_tail,4,prefix,0.3015650436282158,210.40753519628197,69.50675626285374,328.91953992657363,50.48823601100594,379.47041902225465,37.08029293920845,416.5507119614631,427819008,768,65,252.0376000320539,0.0,12.0,46,0.2608695652173913,0.2786885245901639,"[0.2786885245901639, 0.2786885245901639, 0.2786885245901639, 0.2786885245901639, 0.2786885245901639, 0.2786885245901639, 0.2786885245901639, 0.2786885245901639, 0.2786885245901639, 0.2786885245901639, 0.2786885245901639, 0.2786885245901639, 0.2786885245901639, 0.2786885245901639, 0.2786885245901639, 0.2786885245901639, 0.2786885245901639, 0.2786885245901639, 0.2786885245901639, 0.2786885245901639, 0.2786885245901639, 0.2786885245901639, 0.2786885245901639, 0.2786885245901639, 0.2786885245901639, 0.2786885245901639, 0.2786885245901639, 0.2786885245901639, 0.2786885245901639, 0.2786885245901639, 0.2786885245901639, 0.2786885245901639]",0.0,384,402653184,25165824,64,1,427819008,6581830.892307692,6291456.0,25165824.0,0,0,0,prefix,"[[0, 1, 2, 3, 4, 5, 6, 7, 8, 9, 10, 11], [0, 1, 2, 3, 4, 5, 6, 7, 8, 9, 10, 11], [0, 1, 2, 3, 4, 5, 6, 7, 8, 9, 10, 11], [0, 1, 2, 3, 4, 5, 6, 7, 8, 9, 10, 11], [0, 1, 2, 3, 4, 5, 6, 7, 8, 9, 10, 11], [0, 1, 2, 3, 4, 5, 6, 7, 8, 9, 10, 11], [0, 1, 2, 3, 4, 5, 6, 7, 8, 9, 10, 11], [0, 1, 2, 3, 4, 5, 6, 7, 8, 9, 10, 11], [0, 1, 2, 3, 4, 5, 6, 7, 8, 9, 10, 11], [0, 1, 2, 3, 4, 5, 6, 7, 8, 9, 10, 11], [0, 1, 2, 3, 4, 5, 6, 7, 8, 9, 10, 11], [0, 1, 2, 3, 4, 5, 6, 7, 8, 9, 10, 11], [0, 1, 2, 3, 4, 5, 6, 7, 8, 9, 10, 11], [0, 1, 2, 3, 4, 5, 6, 7, 8, 9, 10, 11], [0, 1, 2, 3, 4, 5, 6, 7, 8, 9, 10, 11], [0, 1, 2, 3, 4, 5, 6, 7, 8, 9, 10, 11], [0, 1, 2, 3, 4, 5, 6, 7, 8, 9, 10, 11], [0, 1, 2, 3, 4, 5, 6, 7, 8, 9, 10, 11], [0, 1, 2, 3, 4, 5, 6, 7, 8, 9, 10, 11], [0, 1, 2, 3, 4, 5, 6, 7, 8, 9, 10, 11], [0, 1, 2, 3, 4, 5, 6, 7, 8, 9, 10, 11], [0, 1, 2, 3, 4, 5, 6, 7, 8, 9, 10, 11], [0, 1, 2, 3, 4, 5, 6, 7, 8, 9, 10, 11], [0, 1, 2, 3, 4, 5, 6, 7, 8, 9, 10, 11], [0, 1, 2, 3, 4, 5, 6, 7, 8, 9, 10, 11], [0, 1, 2, 3, 4, 5, 6, 7, 8, 9, 10, 11], [0, 1, 2, 3, 4, 5, 6, 7, 8, 9, 10, 11], [0, 1, 2, 3, 4, 5, 6, 7, 8, 9, 10, 11], [0, 1, 2, 3, 4, 5, 6, 7, 8, 9, 10, 11], [0, 1, 2, 3, 4, 5, 6, 7, 8, 9, 10, 11], [0, 1, 2, 3, 4, 5, 6, 7, 8, 9, 10, 11], [0, 1, 2, 3, 4, 5, 6, 7, 8, 9, 10, 11]]",sidecar,True,calib_importance_sep_tail,0
gqa,fullload,FullLoad,1.0,full,n272098,201535624,What kind of baked good is it?,Donut,"[""donuts""]",0.0,3872,3,calib_importance_sep_tail,4,fullload,,473.4300321433693,,,776.3381049735472,782.1880029514432,37.1534819714725,819.3414849229157,1535115264,2944,64,,732.2073293616995,,,1.0,1.0,null,0.0,,1535115264,0,64,0,1535115264,23986176.0,23986176.0,0.0,,,,,null,,,,0
gqa,layout_prefix_chunk,Layout+Prefix,0.25,chunk,n272098,201535624,What kind of baked good is it?,Donut,"[""donuts""]",0.0,3872,3,calib_importance_sep_tail,4,prefix,0.29143947176635265,189.3816728843376,62.65023385640234,293.9234540099278,43.43463003169745,337.42286008782685,35.83955590147525,373.2624159893021,427819008,768,65,224.1624480811879,0.0,12.0,46,0.2608695652173913,0.2786885245901639,"[0.2786885245901639, 0.2786885245901639, 0.2786885245901639, 0.2786885245901639, 0.2786885245901639, 0.2786885245901639, 0.2786885245901639, 0.2786885245901639, 0.2786885245901639, 0.2786885245901639, 0.2786885245901639, 0.2786885245901639, 0.2786885245901639, 0.2786885245901639, 0.2786885245901639, 0.2786885245901639, 0.2786885245901639, 0.2786885245901639, 0.2786885245901639, 0.2786885245901639, 0.2786885245901639, 0.2786885245901639, 0.2786885245901639, 0.2786885245901639, 0.2786885245901639, 0.2786885245901639, 0.2786885245901639, 0.2786885245901639, 0.2786885245901639, 0.2786885245901639, 0.2786885245901639, 0.2786885245901639]",0.0,384,402653184,25165824,64,1,427819008,6581830.892307692,6291456.0,25165824.0,0,0,0,prefix,"[[0, 1, 2, 3, 4, 5, 6, 7, 8, 9, 10, 11], [0, 1, 2, 3, 4, 5, 6, 7, 8, 9, 10, 11], [0, 1, 2, 3, 4, 5, 6, 7, 8, 9, 10, 11], [0, 1, 2, 3, 4, 5, 6, 7, 8, 9, 10, 11], [0, 1, 2, 3, 4, 5, 6, 7, 8, 9, 10, 11], [0, 1, 2, 3, 4, 5, 6, 7, 8, 9, 10, 11], [0, 1, 2, 3, 4, 5, 6, 7, 8, 9, 10, 11], [0, 1, 2, 3, 4, 5, 6, 7, 8, 9, 10, 11], [0, 1, 2, 3, 4, 5, 6, 7, 8, 9, 10, 11], [0, 1, 2, 3, 4, 5, 6, 7, 8, 9, 10, 11], [0, 1, 2, 3, 4, 5, 6, 7, 8, 9, 10, 11], [0, 1, 2, 3, 4, 5, 6, 7, 8, 9, 10, 11], [0, 1, 2, 3, 4, 5, 6, 7, 8, 9, 10, 11], [0, 1, 2, 3, 4, 5, 6, 7, 8, 9, 10, 11], [0, 1, 2, 3, 4, 5, 6, 7, 8, 9, 10, 11], [0, 1, 2, 3, 4, 5, 6, 7, 8, 9, 10, 11], [0, 1, 2, 3, 4, 5, 6, 7, 8, 9, 10, 11], [0, 1, 2, 3, 4, 5, 6, 7, 8, 9, 10, 11], [0, 1, 2, 3, 4, 5, 6, 7, 8, 9, 10, 11], [0, 1, 2, 3, 4, 5, 6, 7, 8, 9, 10, 11], [0, 1, 2, 3, 4, 5, 6, 7, 8, 9, 10, 11], [0, 1, 2, 3, 4, 5, 6, 7, 8, 9, 10, 11], [0, 1, 2, 3, 4, 5, 6, 7, 8, 9, 10, 11], [0, 1, 2, 3, 4, 5, 6, 7, 8, 9, 10, 11], [0, 1, 2, 3, 4, 5, 6, 7, 8, 9, 10, 11], [0, 1, 2, 3, 4, 5, 6, 7, 8, 9, 10, 11], [0, 1, 2, 3, 4, 5, 6, 7, 8, 9, 10, 11], [0, 1, 2, 3, 4, 5, 6, 7, 8, 9, 10, 11], [0, 1, 2, 3, 4, 5, 6, 7, 8, 9, 10, 11], [0, 1, 2, 3, 4, 5, 6, 7, 8, 9, 10, 11], [0, 1, 2, 3, 4, 5, 6, 7, 8, 9, 10, 11], [0, 1, 2, 3, 4, 5, 6, 7, 8, 9, 10, 11]]",sidecar,True,calib_importance_sep_tail,0
gqa,fullload,FullLoad,1.0,full,n272098,201535627,How is the glazed food called?,Donut,"[""donuts""]",0.0,3872,3,calib_importance_sep_tail,4,fullload,,460.34762950148433,,,766.2806459702551,772.35889993608,37.0857990346849,809.4446989707649,1535115264,2944,64,,724.975465098396,,,1.0,1.0,null,0.0,,1535115264,0,64,0,1535115264,23986176.0,23986176.0,0.0,,,,,null,,,,0
gqa,layout_prefix_chunk,Layout+Prefix,0.25,chunk,n272098,201535627,How is the glazed food called?,Donut,"[""donuts""]",0.0,3872,3,calib_importance_sep_tail,4,prefix,0.3274051705375314,182.20545398071408,69.11945098545402,307.60556005407125,48.70891198515892,356.37721803504974,37.952217971906066,394.3294360069558,427819008,768,65,231.02193209342659,0.0,12.0,46,0.2608695652173913,0.2786885245901639,"[0.2786885245901639, 0.2786885245901639, 0.2786885245901639, 0.2786885245901639, 0.2786885245901639, 0.2786885245901639, 0.2786885245901639, 0.2786885245901639, 0.2786885245901639, 0.2786885245901639, 0.2786885245901639, 0.2786885245901639, 0.2786885245901639, 0.2786885245901639, 0.2786885245901639, 0.2786885245901639, 0.2786885245901639, 0.2786885245901639, 0.2786885245901639, 0.2786885245901639, 0.2786885245901639, 0.2786885245901639, 0.2786885245901639, 0.2786885245901639, 0.2786885245901639, 0.2786885245901639, 0.2786885245901639, 0.2786885245901639, 0.2786885245901639, 0.2786885245901639, 0.2786885245901639, 0.2786885245901639]",0.0,384,402653184,25165824,64,1,427819008,6581830.892307692,6291456.0,25165824.0,0,0,0,prefix,"[[0, 1, 2, 3, 4, 5, 6, 7, 8, 9, 10, 11], [0, 1, 2, 3, 4, 5, 6, 7, 8, 9, 10, 11], [0, 1, 2, 3, 4, 5, 6, 7, 8, 9, 10, 11], [0, 1, 2, 3, 4, 5, 6, 7, 8, 9, 10, 11], [0, 1, 2, 3, 4, 5, 6, 7, 8, 9, 10, 11], [0, 1, 2, 3, 4, 5, 6, 7, 8, 9, 10, 11], [0, 1, 2, 3, 4, 5, 6, 7, 8, 9, 10, 11], [0, 1, 2, 3, 4, 5, 6, 7, 8, 9, 10, 11], [0, 1, 2, 3, 4, 5, 6, 7, 8, 9, 10, 11], [0, 1, 2, 3, 4, 5, 6, 7, 8, 9, 10, 11], [0, 1, 2, 3, 4, 5, 6, 7, 8, 9, 10, 11], [0, 1, 2, 3, 4, 5, 6, 7, 8, 9, 10, 11], [0, 1, 2, 3, 4, 5, 6, 7, 8, 9, 10, 11], [0, 1, 2, 3, 4, 5, 6, 7, 8, 9, 10, 11], [0, 1, 2, 3, 4, 5, 6, 7, 8, 9, 10, 11], [0, 1, 2, 3, 4, 5, 6, 7, 8, 9, 10, 11], [0, 1, 2, 3, 4, 5, 6, 7, 8, 9, 10, 11], [0, 1, 2, 3, 4, 5, 6, 7, 8, 9, 10, 11], [0, 1, 2, 3, 4, 5, 6, 7, 8, 9, 10, 11], [0, 1, 2, 3, 4, 5, 6, 7, 8, 9, 10, 11], [0, 1, 2, 3, 4, 5, 6, 7, 8, 9, 10, 11], [0, 1, 2, 3, 4, 5, 6, 7, 8, 9, 10, 11], [0, 1, 2, 3, 4, 5, 6, 7, 8, 9, 10, 11], [0, 1, 2, 3, 4, 5, 6, 7, 8, 9, 10, 11], [0, 1, 2, 3, 4, 5, 6, 7, 8, 9, 10, 11], [0, 1, 2, 3, 4, 5, 6, 7, 8, 9, 10, 11], [0, 1, 2, 3, 4, 5, 6, 7, 8, 9, 10, 11], [0, 1, 2, 3, 4, 5, 6, 7, 8, 9, 10, 11], [0, 1, 2, 3, 4, 5, 6, 7, 8, 9, 10, 11], [0, 1, 2, 3, 4, 5, 6, 7, 8, 9, 10, 11], [0, 1, 2, 3, 4, 5, 6, 7, 8, 9, 10, 11], [0, 1, 2, 3, 4, 5, 6, 7, 8, 9, 10, 11]]",sidecar,True,calib_importance_sep_tail,0
gqa,fullload,FullLoad,1.0,full,n272098,201535605,Is the box different in color than the hat?,Yes,"[""no""]",0.0,3869,2,calib_importance_sep_tail,4,fullload,,470.4886442050338,,,781.3216940267012,787.3650910332799,18.931454978883266,806.2965460121632,1535115264,2944,64,,737.0411800220609,,,1.0,1.0,null,0.0,,1535115264,0,64,0,1535115264,23986176.0,23986176.0,0.0,,,,,null,,,,0
gqa,layout_prefix_chunk,Layout+Prefix,0.25,chunk,n272098,201535605,Is the box different in color than the hat?,Yes,"[""no""]",0.0,3869,2,calib_importance_sep_tail,4,prefix,0.3148949472233653,203.16127862315625,68.58359894249588,318.0724160047248,46.07860604301095,364.21768099535257,18.889075960032642,383.1067569553852,427819008,768,65,241.98481207713485,0.0,12.0,46,0.2608695652173913,0.2786885245901639,"[0.2786885245901639, 0.2786885245901639, 0.2786885245901639, 0.2786885245901639, 0.2786885245901639, 0.2786885245901639, 0.2786885245901639, 0.2786885245901639, 0.2786885245901639, 0.2786885245901639, 0.2786885245901639, 0.2786885245901639, 0.2786885245901639, 0.2786885245901639, 0.2786885245901639, 0.2786885245901639, 0.2786885245901639, 0.2786885245901639, 0.2786885245901639, 0.2786885245901639, 0.2786885245901639, 0.2786885245901639, 0.2786885245901639, 0.2786885245901639, 0.2786885245901639, 0.2786885245901639, 0.2786885245901639, 0.2786885245901639, 0.2786885245901639, 0.2786885245901639, 0.2786885245901639, 0.2786885245901639]",0.0,384,402653184,25165824,64,1,427819008,6581830.892307692,6291456.0,25165824.0,0,0,0,prefix,"[[0, 1, 2, 3, 4, 5, 6, 7, 8, 9, 10, 11], [0, 1, 2, 3, 4, 5, 6, 7, 8, 9, 10, 11], [0, 1, 2, 3, 4, 5, 6, 7, 8, 9, 10, 11], [0, 1, 2, 3, 4, 5, 6, 7, 8, 9, 10, 11], [0, 1, 2, 3, 4, 5, 6, 7, 8, 9, 10, 11], [0, 1, 2, 3, 4, 5, 6, 7, 8, 9, 10, 11], [0, 1, 2, 3, 4, 5, 6, 7, 8, 9, 10, 11], [0, 1, 2, 3, 4, 5, 6, 7, 8, 9, 10, 11], [0, 1, 2, 3, 4, 5, 6, 7, 8, 9, 10, 11], [0, 1, 2, 3, 4, 5, 6, 7, 8, 9, 10, 11], [0, 1, 2, 3, 4, 5, 6, 7, 8, 9, 10, 11], [0, 1, 2, 3, 4, 5, 6, 7, 8, 9, 10, 11], [0, 1, 2, 3, 4, 5, 6, 7, 8, 9, 10, 11], [0, 1, 2, 3, 4, 5, 6, 7, 8, 9, 10, 11], [0, 1, 2, 3, 4, 5, 6, 7, 8, 9, 10, 11], [0, 1, 2, 3, 4, 5, 6, 7, 8, 9, 10, 11], [0, 1, 2, 3, 4, 5, 6, 7, 8, 9, 10, 11], [0, 1, 2, 3, 4, 5, 6, 7, 8, 9, 10, 11], [0, 1, 2, 3, 4, 5, 6, 7, 8, 9, 10, 11], [0, 1, 2, 3, 4, 5, 6, 7, 8, 9, 10, 11], [0, 1, 2, 3, 4, 5, 6, 7, 8, 9, 10, 11], [0, 1, 2, 3, 4, 5, 6, 7, 8, 9, 10, 11], [0, 1, 2, 3, 4, 5, 6, 7, 8, 9, 10, 11], [0, 1, 2, 3, 4, 5, 6, 7, 8, 9, 10, 11], [0, 1, 2, 3, 4, 5, 6, 7, 8, 9, 10, 11], [0, 1, 2, 3, 4, 5, 6, 7, 8, 9, 10, 11], [0, 1, 2, 3, 4, 5, 6, 7, 8, 9, 10, 11], [0, 1, 2, 3, 4, 5, 6, 7, 8, 9, 10, 11], [0, 1, 2, 3, 4, 5, 6, 7, 8, 9, 10, 11], [0, 1, 2, 3, 4, 5, 6, 7, 8, 9, 10, 11], [0, 1, 2, 3, 4, 5, 6, 7, 8, 9, 10, 11], [0, 1, 2, 3, 4, 5, 6, 7, 8, 9, 10, 11]]",sidecar,True,calib_importance_sep_tail,0
gqa,fullload,FullLoad,1.0,full,n272098,201535661,"How do the food to the left of the rope look, white or dark brown?",Dark brown,"[""dark brown""]",1.0,15317,3,calib_importance_sep_tail,4,fullload,,474.3340361164883,,,772.6246640086174,778.6426059901714,37.102942005731165,815.7455479959026,1535115264,2944,64,,728.6725012818351,,,1.0,1.0,null,0.0,,1535115264,0,64,0,1535115264,23986176.0,23986176.0,0.0,,,,,null,,,,0
gqa,layout_prefix_chunk,Layout+Prefix,0.25,chunk,n272098,201535661,"How do the food to the left of the rope look, white or dark brown?",Dark brown,"[""dark brown""]",1.0,15317,3,calib_importance_sep_tail,4,prefix,0.22414443083107471,182.12261248845607,58.546862099319696,281.0230531031266,40.600068983621895,321.664949064143,36.70195897575468,358.3669080398977,427819008,768,65,215.5998651869595,0.0,12.0,46,0.2608695652173913,0.2786885245901639,"[0.2786885245901639, 0.2786885245901639, 0.2786885245901639, 0.2786885245901639, 0.2786885245901639, 0.2786885245901639, 0.2786885245901639, 0.2786885245901639, 0.2786885245901639, 0.2786885245901639, 0.2786885245901639, 0.2786885245901639, 0.2786885245901639, 0.2786885245901639, 0.2786885245901639, 0.2786885245901639, 0.2786885245901639, 0.2786885245901639, 0.2786885245901639, 0.2786885245901639, 0.2786885245901639, 0.2786885245901639, 0.2786885245901639, 0.2786885245901639, 0.2786885245901639, 0.2786885245901639, 0.2786885245901639, 0.2786885245901639, 0.2786885245901639, 0.2786885245901639, 0.2786885245901639, 0.2786885245901639]",0.0,384,402653184,25165824,64,1,427819008,6581830.892307692,6291456.0,25165824.0,0,0,0,prefix,"[[0, 1, 2, 3, 4, 5, 6, 7, 8, 9, 10, 11], [0, 1, 2, 3, 4, 5, 6, 7, 8, 9, 10, 11], [0, 1, 2, 3, 4, 5, 6, 7, 8, 9, 10, 11], [0, 1, 2, 3, 4, 5, 6, 7, 8, 9, 10, 11], [0, 1, 2, 3, 4, 5, 6, 7, 8, 9, 10, 11], [0, 1, 2, 3, 4, 5, 6, 7, 8, 9, 10, 11], [0, 1, 2, 3, 4, 5, 6, 7, 8, 9, 10, 11], [0, 1, 2, 3, 4, 5, 6, 7, 8, 9, 10, 11], [0, 1, 2, 3, 4, 5, 6, 7, 8, 9, 10, 11], [0, 1, 2, 3, 4, 5, 6, 7, 8, 9, 10, 11], [0, 1, 2, 3, 4, 5, 6, 7, 8, 9, 10, 11], [0, 1, 2, 3, 4, 5, 6, 7, 8, 9, 10, 11], [0, 1, 2, 3, 4, 5, 6, 7, 8, 9, 10, 11], [0, 1, 2, 3, 4, 5, 6, 7, 8, 9, 10, 11], [0, 1, 2, 3, 4, 5, 6, 7, 8, 9, 10, 11], [0, 1, 2, 3, 4, 5, 6, 7, 8, 9, 10, 11], [0, 1, 2, 3, 4, 5, 6, 7, 8, 9, 10, 11], [0, 1, 2, 3, 4, 5, 6, 7, 8, 9, 10, 11], [0, 1, 2, 3, 4, 5, 6, 7, 8, 9, 10, 11], [0, 1, 2, 3, 4, 5, 6, 7, 8, 9, 10, 11], [0, 1, 2, 3, 4, 5, 6, 7, 8, 9, 10, 11], [0, 1, 2, 3, 4, 5, 6, 7, 8, 9, 10, 11], [0, 1, 2, 3, 4, 5, 6, 7, 8, 9, 10, 11], [0, 1, 2, 3, 4, 5, 6, 7, 8, 9, 10, 11], [0, 1, 2, 3, 4, 5, 6, 7, 8, 9, 10, 11], [0, 1, 2, 3, 4, 5, 6, 7, 8, 9, 10, 11], [0, 1, 2, 3, 4, 5, 6, 7, 8, 9, 10, 11], [0, 1, 2, 3, 4, 5, 6, 7, 8, 9, 10, 11], [0, 1, 2, 3, 4, 5, 6, 7, 8, 9, 10, 11], [0, 1, 2, 3, 4, 5, 6, 7, 8, 9, 10, 11], [0, 1, 2, 3, 4, 5, 6, 7, 8, 9, 10, 11], [0, 1, 2, 3, 4, 5, 6, 7, 8, 9, 10, 11]]",sidecar,True,calib_importance_sep_tail,0
gqa,fullload,FullLoad,1.0,full,n272098,201535640,What food is frosted?,Donut,"[""donuts""]",0.0,3872,3,calib_importance_sep_tail,4,fullload,,501.1205051559955,,,824.4965710910037,830.3917261073366,37.733047967776656,868.1247740751132,1535115264,2944,64,,775.4050202202052,,,1.0,1.0,null,0.0,,1535115264,0,64,0,1535115264,23986176.0,23986176.0,0.0,,,,,null,,,,0
gqa,layout_prefix_chunk,Layout+Prefix,0.25,chunk,n272098,201535640,What food is frosted?,Donut,"[""donuts""]",0.0,3872,3,calib_importance_sep_tail,4,prefix,0.2865246497094631,186.98022700846195,67.37670488655567,302.0201000617817,57.10813798941672,359.1887679649517,37.27190208155662,396.4606700465083,427819008,768,65,227.21659403759986,0.0,12.0,46,0.2608695652173913,0.2786885245901639,"[0.2786885245901639, 0.2786885245901639, 0.2786885245901639, 0.2786885245901639, 0.2786885245901639, 0.2786885245901639, 0.2786885245901639, 0.2786885245901639, 0.2786885245901639, 0.2786885245901639, 0.2786885245901639, 0.2786885245901639, 0.2786885245901639, 0.2786885245901639, 0.2786885245901639, 0.2786885245901639, 0.2786885245901639, 0.2786885245901639, 0.2786885245901639, 0.2786885245901639, 0.2786885245901639, 0.2786885245901639, 0.2786885245901639, 0.2786885245901639, 0.2786885245901639, 0.2786885245901639, 0.2786885245901639, 0.2786885245901639, 0.2786885245901639, 0.2786885245901639, 0.2786885245901639, 0.2786885245901639]",0.0,384,402653184,25165824,64,1,427819008,6581830.892307692,6291456.0,25165824.0,0,0,0,prefix,"[[0, 1, 2, 3, 4, 5, 6, 7, 8, 9, 10, 11], [0, 1, 2, 3, 4, 5, 6, 7, 8, 9, 10, 11], [0, 1, 2, 3, 4, 5, 6, 7, 8, 9, 10, 11], [0, 1, 2, 3, 4, 5, 6, 7, 8, 9, 10, 11], [0, 1, 2, 3, 4, 5, 6, 7, 8, 9, 10, 11], [0, 1, 2, 3, 4, 5, 6, 7, 8, 9, 10, 11], [0, 1, 2, 3, 4, 5, 6, 7, 8, 9, 10, 11], [0, 1, 2, 3, 4, 5, 6, 7, 8, 9, 10, 11], [0, 1, 2, 3, 4, 5, 6, 7, 8, 9, 10, 11], [0, 1, 2, 3, 4, 5, 6, 7, 8, 9, 10, 11], [0, 1, 2, 3, 4, 5, 6, 7, 8, 9, 10, 11], [0, 1, 2, 3, 4, 5, 6, 7, 8, 9, 10, 11], [0, 1, 2, 3, 4, 5, 6, 7, 8, 9, 10, 11], [0, 1, 2, 3, 4, 5, 6, 7, 8, 9, 10, 11], [0, 1, 2, 3, 4, 5, 6, 7, 8, 9, 10, 11], [0, 1, 2, 3, 4, 5, 6, 7, 8, 9, 10, 11], [0, 1, 2, 3, 4, 5, 6, 7, 8, 9, 10, 11], [0, 1, 2, 3, 4, 5, 6, 7, 8, 9, 10, 11], [0, 1, 2, 3, 4, 5, 6, 7, 8, 9, 10, 11], [0, 1, 2, 3, 4, 5, 6, 7, 8, 9, 10, 11], [0, 1, 2, 3, 4, 5, 6, 7, 8, 9, 10, 11], [0, 1, 2, 3, 4, 5, 6, 7, 8, 9, 10, 11], [0, 1, 2, 3, 4, 5, 6, 7, 8, 9, 10, 11], [0, 1, 2, 3, 4, 5, 6, 7, 8, 9, 10, 11], [0, 1, 2, 3, 4, 5, 6, 7, 8, 9, 10, 11], [0, 1, 2, 3, 4, 5, 6, 7, 8, 9, 10, 11], [0, 1, 2, 3, 4, 5, 6, 7, 8, 9, 10, 11], [0, 1, 2, 3, 4, 5, 6, 7, 8, 9, 10, 11], [0, 1, 2, 3, 4, 5, 6, 7, 8, 9, 10, 11], [0, 1, 2, 3, 4, 5, 6, 7, 8, 9, 10, 11], [0, 1, 2, 3, 4, 5, 6, 7, 8, 9, 10, 11], [0, 1, 2, 3, 4, 5, 6, 7, 8, 9, 10, 11]]",sidecar,True,calib_importance_sep_tail,0
gqa,fullload,FullLoad,1.0,full,n472825,202101069,What is the gender of the skateboarder to the right of the lamp?,Male,"[""female""]",0.0,27208,2,calib_importance_sep_tail,4,fullload,,458.59346503857523,,,820.6035220064223,825.7958081085235,18.866849946789443,844.6626580553129,1226833920,2368,64,,769.7221579728648,,,1.0,1.0,null,0.0,,1226833920,0,64,0,1226833920,19169280.0,19169280.0,0.0,,,,,null,,,,0
gqa,layout_prefix_chunk,Layout+Prefix,0.25,chunk,n472825,202101069,What is the gender of the skateboarder to the right of the lamp?,Male,"[""female""]",0.0,27208,2,calib_importance_sep_tail,4,prefix,0.21305109839886427,161.3578946562484,45.417785411700606,237.67897195648402,38.48164691589773,276.2065299320966,18.845453043468297,295.0519829755649,320864256,576,65,186.34968914557248,0.0,9.0,37,0.24324324324324326,0.26153846153846155,"[0.26153846153846155, 0.26153846153846155, 0.26153846153846155, 0.26153846153846155, 0.26153846153846155, 0.26153846153846155, 0.26153846153846155, 0.26153846153846155, 0.26153846153846155, 0.26153846153846155, 0.26153846153846155, 0.26153846153846155, 0.26153846153846155, 0.26153846153846155, 0.26153846153846155, 0.26153846153846155, 0.26153846153846155, 0.26153846153846155, 0.26153846153846155, 0.26153846153846155, 0.26153846153846155, 0.26153846153846155, 0.26153846153846155, 0.26153846153846155, 0.26153846153846155, 0.26153846153846155, 0.26153846153846155, 0.26153846153846155, 0.26153846153846155, 0.26153846153846155, 0.26153846153846155, 0.26153846153846155]",0.0,288,301989888,18874368,64,1,320864256,4936373.169230769,4718592.0,18874368.0,0,0,0,prefix,"[[0, 1, 2, 3, 4, 5, 6, 7, 8], [0, 1, 2, 3, 4, 5, 6, 7, 8], [0, 1, 2, 3, 4, 5, 6, 7, 8], [0, 1, 2, 3, 4, 5, 6, 7, 8], [0, 1, 2, 3, 4, 5, 6, 7, 8], [0, 1, 2, 3, 4, 5, 6, 7, 8], [0, 1, 2, 3, 4, 5, 6, 7, 8], [0, 1, 2, 3, 4, 5, 6, 7, 8], [0, 1, 2, 3, 4, 5, 6, 7, 8], [0, 1, 2, 3, 4, 5, 6, 7, 8], [0, 1, 2, 3, 4, 5, 6, 7, 8], [0, 1, 2, 3, 4, 5, 6, 7, 8], [0, 1, 2, 3, 4, 5, 6, 7, 8], [0, 1, 2, 3, 4, 5, 6, 7, 8], [0, 1, 2, 3, 4, 5, 6, 7, 8], [0, 1, 2, 3, 4, 5, 6, 7, 8], [0, 1, 2, 3, 4, 5, 6, 7, 8], [0, 1, 2, 3, 4, 5, 6, 7, 8], [0, 1, 2, 3, 4, 5, 6, 7, 8], [0, 1, 2, 3, 4, 5, 6, 7, 8], [0, 1, 2, 3, 4, 5, 6, 7, 8], [0, 1, 2, 3, 4, 5, 6, 7, 8], [0, 1, 2, 3, 4, 5, 6, 7, 8], [0, 1, 2, 3, 4, 5, 6, 7, 8], [0, 1, 2, 3, 4, 5, 6, 7, 8], [0, 1, 2, 3, 4, 5, 6, 7, 8], [0, 1, 2, 3, 4, 5, 6, 7, 8], [0, 1, 2, 3, 4, 5, 6, 7, 8], [0, 1, 2, 3, 4, 5, 6, 7, 8], [0, 1, 2, 3, 4, 5, 6, 7, 8], [0, 1, 2, 3, 4, 5, 6, 7, 8], [0, 1, 2, 3, 4, 5, 6, 7, 8]]",sidecar,True,calib_importance_sep_tail,0
gqa,fullload,FullLoad,1.0,full,n472825,202101167,Who is riding on a skateboard?,Boy,"[""skateboarder""]",0.0,16231,2,calib_importance_sep_tail,4,fullload,,560.7326450990513,,,959.7425439860672,964.9330519605428,18.73819506727159,983.6712470278144,1226833920,2368,64,,905.4305541794747,,,1.0,1.0,null,0.0,,1226833920,0,64,0,1226833920,19169280.0,19169280.0,0.0,,,,,null,,,,0
gqa,layout_prefix_chunk,Layout+Prefix,0.25,chunk,n472825,202101167,Who is riding on a skateboard?,Boy,"[""skateboarder""]",0.0,16231,2,calib_importance_sep_tail,4,prefix,0.25055883452296257,169.4051327649504,54.95781102217734,261.33248407859355,50.8894850499928,312.2828190680593,18.868866027332842,331.15168509539217,320864256,576,65,200.15648915432394,0.0,9.0,37,0.24324324324324326,0.26153846153846155,"[0.26153846153846155, 0.26153846153846155, 0.26153846153846155, 0.26153846153846155, 0.26153846153846155, 0.26153846153846155, 0.26153846153846155, 0.26153846153846155, 0.26153846153846155, 0.26153846153846155, 0.26153846153846155, 0.26153846153846155, 0.26153846153846155, 0.26153846153846155, 0.26153846153846155, 0.26153846153846155, 0.26153846153846155, 0.26153846153846155, 0.26153846153846155, 0.26153846153846155, 0.26153846153846155, 0.26153846153846155, 0.26153846153846155, 0.26153846153846155, 0.26153846153846155, 0.26153846153846155, 0.26153846153846155, 0.26153846153846155, 0.26153846153846155, 0.26153846153846155, 0.26153846153846155, 0.26153846153846155]",0.0,288,301989888,18874368,64,1,320864256,4936373.169230769,4718592.0,18874368.0,0,0,0,prefix,"[[0, 1, 2, 3, 4, 5, 6, 7, 8], [0, 1, 2, 3, 4, 5, 6, 7, 8], [0, 1, 2, 3, 4, 5, 6, 7, 8], [0, 1, 2, 3, 4, 5, 6, 7, 8], [0, 1, 2, 3, 4, 5, 6, 7, 8], [0, 1, 2, 3, 4, 5, 6, 7, 8], [0, 1, 2, 3, 4, 5, 6, 7, 8], [0, 1, 2, 3, 4, 5, 6, 7, 8], [0, 1, 2, 3, 4, 5, 6, 7, 8], [0, 1, 2, 3, 4, 5, 6, 7, 8], [0, 1, 2, 3, 4, 5, 6, 7, 8], [0, 1, 2, 3, 4, 5, 6, 7, 8], [0, 1, 2, 3, 4, 5, 6, 7, 8], [0, 1, 2, 3, 4, 5, 6, 7, 8], [0, 1, 2, 3, 4, 5, 6, 7, 8], [0, 1, 2, 3, 4, 5, 6, 7, 8], [0, 1, 2, 3, 4, 5, 6, 7, 8], [0, 1, 2, 3, 4, 5, 6, 7, 8], [0, 1, 2, 3, 4, 5, 6, 7, 8], [0, 1, 2, 3, 4, 5, 6, 7, 8], [0, 1, 2, 3, 4, 5, 6, 7, 8], [0, 1, 2, 3, 4, 5, 6, 7, 8], [0, 1, 2, 3, 4, 5, 6, 7, 8], [0, 1, 2, 3, 4, 5, 6, 7, 8], [0, 1, 2, 3, 4, 5, 6, 7, 8], [0, 1, 2, 3, 4, 5, 6, 7, 8], [0, 1, 2, 3, 4, 5, 6, 7, 8], [0, 1, 2, 3, 4, 5, 6, 7, 8], [0, 1, 2, 3, 4, 5, 6, 7, 8], [0, 1, 2, 3, 4, 5, 6, 7, 8], [0, 1, 2, 3, 4, 5, 6, 7, 8], [0, 1, 2, 3, 4, 5, 6, 7, 8]]",sidecar,True,calib_importance_sep_tail,0
gqa,fullload,FullLoad,1.0,full,n472825,202101162,Who is wearing the jeans?,Boy,"[""skateboarder""]",0.0,16231,2,calib_importance_sep_tail,4,fullload,,465.4250569874421,,,737.2978270286694,742.4745300086215,23.998641991056502,766.473171999678,1226833920,2368,64,,686.5478289546445,,,1.0,1.0,null,0.0,,1226833920,0,64,0,1226833920,19169280.0,19169280.0,0.0,,,,,null,,,,0
gqa,layout_prefix_chunk,Layout+Prefix,0.25,chunk,n472825,202101162,Who is wearing the jeans?,Boy,"[""skateboarder""]",0.0,16231,2,calib_importance_sep_tail,4,prefix,0.24952006060630083,168.4375861659646,57.94463295023888,263.822111999616,42.194803012534976,306.0799619415775,18.62301107030362,324.7029730118811,320864256,576,65,199.4472093647346,0.0,9.0,37,0.24324324324324326,0.26153846153846155,"[0.26153846153846155, 0.26153846153846155, 0.26153846153846155, 0.26153846153846155, 0.26153846153846155, 0.26153846153846155, 0.26153846153846155, 0.26153846153846155, 0.26153846153846155, 0.26153846153846155, 0.26153846153846155, 0.26153846153846155, 0.26153846153846155, 0.26153846153846155, 0.26153846153846155, 0.26153846153846155, 0.26153846153846155, 0.26153846153846155, 0.26153846153846155, 0.26153846153846155, 0.26153846153846155, 0.26153846153846155, 0.26153846153846155, 0.26153846153846155, 0.26153846153846155, 0.26153846153846155, 0.26153846153846155, 0.26153846153846155, 0.26153846153846155, 0.26153846153846155, 0.26153846153846155, 0.26153846153846155]",0.0,288,301989888,18874368,64,1,320864256,4936373.169230769,4718592.0,18874368.0,0,0,0,prefix,"[[0, 1, 2, 3, 4, 5, 6, 7, 8], [0, 1, 2, 3, 4, 5, 6, 7, 8], [0, 1, 2, 3, 4, 5, 6, 7, 8], [0, 1, 2, 3, 4, 5, 6, 7, 8], [0, 1, 2, 3, 4, 5, 6, 7, 8], [0, 1, 2, 3, 4, 5, 6, 7, 8], [0, 1, 2, 3, 4, 5, 6, 7, 8], [0, 1, 2, 3, 4, 5, 6, 7, 8], [0, 1, 2, 3, 4, 5, 6, 7, 8], [0, 1, 2, 3, 4, 5, 6, 7, 8], [0, 1, 2, 3, 4, 5, 6, 7, 8], [0, 1, 2, 3, 4, 5, 6, 7, 8], [0, 1, 2, 3, 4, 5, 6, 7, 8], [0, 1, 2, 3, 4, 5, 6, 7, 8], [0, 1, 2, 3, 4, 5, 6, 7, 8], [0, 1, 2, 3, 4, 5, 6, 7, 8], [0, 1, 2, 3, 4, 5, 6, 7, 8], [0, 1, 2, 3, 4, 5, 6, 7, 8], [0, 1, 2, 3, 4, 5, 6, 7, 8], [0, 1, 2, 3, 4, 5, 6, 7, 8], [0, 1, 2, 3, 4, 5, 6, 7, 8], [0, 1, 2, 3, 4, 5, 6, 7, 8], [0, 1, 2, 3, 4, 5, 6, 7, 8], [0, 1, 2, 3, 4, 5, 6, 7, 8], [0, 1, 2, 3, 4, 5, 6, 7, 8], [0, 1, 2, 3, 4, 5, 6, 7, 8], [0, 1, 2, 3, 4, 5, 6, 7, 8], [0, 1, 2, 3, 4, 5, 6, 7, 8], [0, 1, 2, 3, 4, 5, 6, 7, 8], [0, 1, 2, 3, 4, 5, 6, 7, 8], [0, 1, 2, 3, 4, 5, 6, 7, 8], [0, 1, 2, 3, 4, 5, 6, 7, 8]]",sidecar,True,calib_importance_sep_tail,0
gqa,fullload,FullLoad,1.0,full,n472825,202101163,What is the skateboarder that is not female wearing?,Jeans,"[""jeans""]",1.0,2581,3,calib_importance_sep_tail,4,fullload,,465.0228307582438,,,762.7602750435472,767.9763600463048,37.01220697257668,804.9885670188814,1226833920,2368,64,,708.8560395641252,,,1.0,1.0,null,0.0,,1226833920,0,64,0,1226833920,19169280.0,19169280.0,0.0,,,,,null,,,,0
gqa,layout_prefix_chunk,Layout+Prefix,0.25,chunk,n472825,202101163,What is the skateboarder that is not female wearing?,Jeans,"[""jeans""]",1.0,2581,3,calib_importance_sep_tail,4,prefix,0.241842120885849,186.1958208028227,57.32736422214657,282.32896397821605,43.30559796653688,325.69682598114014,37.70020499359816,363.3970309747383,320864256,576,65,218.7116900458932,0.0,9.0,37,0.24324324324324326,0.26153846153846155,"[0.26153846153846155, 0.26153846153846155, 0.26153846153846155, 0.26153846153846155, 0.26153846153846155, 0.26153846153846155, 0.26153846153846155, 0.26153846153846155, 0.26153846153846155, 0.26153846153846155, 0.26153846153846155, 0.26153846153846155, 0.26153846153846155, 0.26153846153846155, 0.26153846153846155, 0.26153846153846155, 0.26153846153846155, 0.26153846153846155, 0.26153846153846155, 0.26153846153846155, 0.26153846153846155, 0.26153846153846155, 0.26153846153846155, 0.26153846153846155, 0.26153846153846155, 0.26153846153846155, 0.26153846153846155, 0.26153846153846155, 0.26153846153846155, 0.26153846153846155, 0.26153846153846155, 0.26153846153846155]",0.0,288,301989888,18874368,64,1,320864256,4936373.169230769,4718592.0,18874368.0,0,0,0,prefix,"[[0, 1, 2, 3, 4, 5, 6, 7, 8], [0, 1, 2, 3, 4, 5, 6, 7, 8], [0, 1, 2, 3, 4, 5, 6, 7, 8], [0, 1, 2, 3, 4, 5, 6, 7, 8], [0, 1, 2, 3, 4, 5, 6, 7, 8], [0, 1, 2, 3, 4, 5, 6, 7, 8], [0, 1, 2, 3, 4, 5, 6, 7, 8], [0, 1, 2, 3, 4, 5, 6, 7, 8], [0, 1, 2, 3, 4, 5, 6, 7, 8], [0, 1, 2, 3, 4, 5, 6, 7, 8], [0, 1, 2, 3, 4, 5, 6, 7, 8], [0, 1, 2, 3, 4, 5, 6, 7, 8], [0, 1, 2, 3, 4, 5, 6, 7, 8], [0, 1, 2, 3, 4, 5, 6, 7, 8], [0, 1, 2, 3, 4, 5, 6, 7, 8], [0, 1, 2, 3, 4, 5, 6, 7, 8], [0, 1, 2, 3, 4, 5, 6, 7, 8], [0, 1, 2, 3, 4, 5, 6, 7, 8], [0, 1, 2, 3, 4, 5, 6, 7, 8], [0, 1, 2, 3, 4, 5, 6, 7, 8], [0, 1, 2, 3, 4, 5, 6, 7, 8], [0, 1, 2, 3, 4, 5, 6, 7, 8], [0, 1, 2, 3, 4, 5, 6, 7, 8], [0, 1, 2, 3, 4, 5, 6, 7, 8], [0, 1, 2, 3, 4, 5, 6, 7, 8], [0, 1, 2, 3, 4, 5, 6, 7, 8], [0, 1, 2, 3, 4, 5, 6, 7, 8], [0, 1, 2, 3, 4, 5, 6, 7, 8], [0, 1, 2, 3, 4, 5, 6, 7, 8], [0, 1, 2, 3, 4, 5, 6, 7, 8], [0, 1, 2, 3, 4, 5, 6, 7, 8], [0, 1, 2, 3, 4, 5, 6, 7, 8]]",sidecar,True,calib_importance_sep_tail,0
gqa,fullload,FullLoad,1.0,full,n472825,202101161,Who is wearing jeans?,Boy,"[""skateboarder""]",0.0,16231,2,calib_importance_sep_tail,4,fullload,,487.3835681937635,,,854.5065840007737,859.6380070084706,18.96178803872317,878.5997950471938,1226833920,2368,64,,806.23793695122,,,1.0,1.0,null,0.0,,1226833920,0,64,0,1226833920,19169280.0,19169280.0,0.0,,,,,null,,,,0
gqa,layout_prefix_chunk,Layout+Prefix,0.25,chunk,n472825,202101161,Who is wearing jeans?,Boy,"[""skateboarder""]",0.0,16231,2,calib_importance_sep_tail,4,prefix,0.22731837816536427,178.83956211153418,55.21752289496362,272.0689109992236,44.39983202610165,316.53115001972765,18.734334968030453,335.2654849877581,320864256,576,65,210.62891313340515,0.0,9.0,37,0.24324324324324326,0.26153846153846155,"[0.26153846153846155, 0.26153846153846155, 0.26153846153846155, 0.26153846153846155, 0.26153846153846155, 0.26153846153846155, 0.26153846153846155, 0.26153846153846155, 0.26153846153846155, 0.26153846153846155, 0.26153846153846155, 0.26153846153846155, 0.26153846153846155, 0.26153846153846155, 0.26153846153846155, 0.26153846153846155, 0.26153846153846155, 0.26153846153846155, 0.26153846153846155, 0.26153846153846155, 0.26153846153846155, 0.26153846153846155, 0.26153846153846155, 0.26153846153846155, 0.26153846153846155, 0.26153846153846155, 0.26153846153846155, 0.26153846153846155, 0.26153846153846155, 0.26153846153846155, 0.26153846153846155, 0.26153846153846155]",0.0,288,301989888,18874368,64,1,320864256,4936373.169230769,4718592.0,18874368.0,0,0,0,prefix,"[[0, 1, 2, 3, 4, 5, 6, 7, 8], [0, 1, 2, 3, 4, 5, 6, 7, 8], [0, 1, 2, 3, 4, 5, 6, 7, 8], [0, 1, 2, 3, 4, 5, 6, 7, 8], [0, 1, 2, 3, 4, 5, 6, 7, 8], [0, 1, 2, 3, 4, 5, 6, 7, 8], [0, 1, 2, 3, 4, 5, 6, 7, 8], [0, 1, 2, 3, 4, 5, 6, 7, 8], [0, 1, 2, 3, 4, 5, 6, 7, 8], [0, 1, 2, 3, 4, 5, 6, 7, 8], [0, 1, 2, 3, 4, 5, 6, 7, 8], [0, 1, 2, 3, 4, 5, 6, 7, 8], [0, 1, 2, 3, 4, 5, 6, 7, 8], [0, 1, 2, 3, 4, 5, 6, 7, 8], [0, 1, 2, 3, 4, 5, 6, 7, 8], [0, 1, 2, 3, 4, 5, 6, 7, 8], [0, 1, 2, 3, 4, 5, 6, 7, 8], [0, 1, 2, 3, 4, 5, 6, 7, 8], [0, 1, 2, 3, 4, 5, 6, 7, 8], [0, 1, 2, 3, 4, 5, 6, 7, 8], [0, 1, 2, 3, 4, 5, 6, 7, 8], [0, 1, 2, 3, 4, 5, 6, 7, 8], [0, 1, 2, 3, 4, 5, 6, 7, 8], [0, 1, 2, 3, 4, 5, 6, 7, 8], [0, 1, 2, 3, 4, 5, 6, 7, 8], [0, 1, 2, 3, 4, 5, 6, 7, 8], [0, 1, 2, 3, 4, 5, 6, 7, 8], [0, 1, 2, 3, 4, 5, 6, 7, 8], [0, 1, 2, 3, 4, 5, 6, 7, 8], [0, 1, 2, 3, 4, 5, 6, 7, 8], [0, 1, 2, 3, 4, 5, 6, 7, 8], [0, 1, 2, 3, 4, 5, 6, 7, 8]]",sidecar,True,calib_importance_sep_tail,0
gqa,fullload,FullLoad,1.0,full,n472825,202101149,Do you see a skateboarder that is not female?,Yes,"[""yes""]",1.0,3869,2,calib_importance_sep_tail,4,fullload,,476.76915244664997,,,747.4318169988692,752.6732500409707,19.54782393295318,772.2210739739239,1226833920,2368,64,,694.0402504988015,,,1.0,1.0,null,0.0,,1226833920,0,64,0,1226833920,19169280.0,19169280.0,0.0,,,,,null,,,,0
gqa,layout_prefix_chunk,Layout+Prefix,0.25,chunk,n472825,202101149,Do you see a skateboarder that is not female?,Yes,"[""yes""]",1.0,3869,2,calib_importance_sep_tail,4,prefix,0.2344180829823017,175.93493964523077,53.380025434307754,265.765301999636,42.01668291352689,307.8425369458273,18.076284090057015,325.9188210358843,320864256,576,65,206.22320449911058,0.0,9.0,37,0.24324324324324326,0.26153846153846155,"[0.26153846153846155, 0.26153846153846155, 0.26153846153846155, 0.26153846153846155, 0.26153846153846155, 0.26153846153846155, 0.26153846153846155, 0.26153846153846155, 0.26153846153846155, 0.26153846153846155, 0.26153846153846155, 0.26153846153846155, 0.26153846153846155, 0.26153846153846155, 0.26153846153846155, 0.26153846153846155, 0.26153846153846155, 0.26153846153846155, 0.26153846153846155, 0.26153846153846155, 0.26153846153846155, 0.26153846153846155, 0.26153846153846155, 0.26153846153846155, 0.26153846153846155, 0.26153846153846155, 0.26153846153846155, 0.26153846153846155, 0.26153846153846155, 0.26153846153846155, 0.26153846153846155, 0.26153846153846155]",0.0,288,301989888,18874368,64,1,320864256,4936373.169230769,4718592.0,18874368.0,0,0,0,prefix,"[[0, 1, 2, 3, 4, 5, 6, 7, 8], [0, 1, 2, 3, 4, 5, 6, 7, 8], [0, 1, 2, 3, 4, 5, 6, 7, 8], [0, 1, 2, 3, 4, 5, 6, 7, 8], [0, 1, 2, 3, 4, 5, 6, 7, 8], [0, 1, 2, 3, 4, 5, 6, 7, 8], [0, 1, 2, 3, 4, 5, 6, 7, 8], [0, 1, 2, 3, 4, 5, 6, 7, 8], [0, 1, 2, 3, 4, 5, 6, 7, 8], [0, 1, 2, 3, 4, 5, 6, 7, 8], [0, 1, 2, 3, 4, 5, 6, 7, 8], [0, 1, 2, 3, 4, 5, 6, 7, 8], [0, 1, 2, 3, 4, 5, 6, 7, 8], [0, 1, 2, 3, 4, 5, 6, 7, 8], [0, 1, 2, 3, 4, 5, 6, 7, 8], [0, 1, 2, 3, 4, 5, 6, 7, 8], [0, 1, 2, 3, 4, 5, 6, 7, 8], [0, 1, 2, 3, 4, 5, 6, 7, 8], [0, 1, 2, 3, 4, 5, 6, 7, 8], [0, 1, 2, 3, 4, 5, 6, 7, 8], [0, 1, 2, 3, 4, 5, 6, 7, 8], [0, 1, 2, 3, 4, 5, 6, 7, 8], [0, 1, 2, 3, 4, 5, 6, 7, 8], [0, 1, 2, 3, 4, 5, 6, 7, 8], [0, 1, 2, 3, 4, 5, 6, 7, 8], [0, 1, 2, 3, 4, 5, 6, 7, 8], [0, 1, 2, 3, 4, 5, 6, 7, 8], [0, 1, 2, 3, 4, 5, 6, 7, 8], [0, 1, 2, 3, 4, 5, 6, 7, 8], [0, 1, 2, 3, 4, 5, 6, 7, 8], [0, 1, 2, 3, 4, 5, 6, 7, 8], [0, 1, 2, 3, 4, 5, 6, 7, 8]]",sidecar,True,calib_importance_sep_tail,0
gqa,fullload,FullLoad,1.0,full,n450919,2093976,How clean is the mud near the grass?,Dirty,"[""dirty""]",1.0,360,3,calib_importance_sep_tail,4,fullload,,446.4265392161906,,,793.7816489720717,799.162738956511,37.06338303163648,836.2261219881475,1233125376,2368,64,,746.4966851985082,,,1.0,1.0,null,0.0,,1233125376,0,64,0,1233125376,19267584.0,19267584.0,0.0,,,,,null,,,,0
gqa,layout_prefix_chunk,Layout+Prefix,0.25,chunk,n450919,2093976,How clean is the mud near the grass?,Dirty,"[""dirty""]",1.0,360,3,calib_importance_sep_tail,4,prefix,0.20203576423227787,164.37410574872047,51.67509301099926,250.97617402207106,47.95600601937622,298.99201600346714,36.23506601434201,335.22708201780915,327155712,576,65,193.23625811375678,0.0,9.0,37,0.24324324324324326,0.2653061224489796,"[0.2653061224489796, 0.2653061224489796, 0.2653061224489796, 0.2653061224489796, 0.2653061224489796, 0.2653061224489796, 0.2653061224489796, 0.2653061224489796, 0.2653061224489796, 0.2653061224489796, 0.2653061224489796, 0.2653061224489796, 0.2653061224489796, 0.2653061224489796, 0.2653061224489796, 0.2653061224489796, 0.2653061224489796, 0.2653061224489796, 0.2653061224489796, 0.2653061224489796, 0.2653061224489796, 0.2653061224489796, 0.2653061224489796, 0.2653061224489796, 0.2653061224489796, 0.2653061224489796, 0.2653061224489796, 0.2653061224489796, 0.2653061224489796, 0.2653061224489796, 0.2653061224489796, 0.2653061224489796]",0.0,288,301989888,25165824,64,1,327155712,5033164.8,4718592.0,25165824.0,0,0,0,prefix,"[[0, 1, 2, 3, 4, 5, 6, 7, 8], [0, 1, 2, 3, 4, 5, 6, 7, 8], [0, 1, 2, 3, 4, 5, 6, 7, 8], [0, 1, 2, 3, 4, 5, 6, 7, 8], [0, 1, 2, 3, 4, 5, 6, 7, 8], [0, 1, 2, 3, 4, 5, 6, 7, 8], [0, 1, 2, 3, 4, 5, 6, 7, 8], [0, 1, 2, 3, 4, 5, 6, 7, 8], [0, 1, 2, 3, 4, 5, 6, 7, 8], [0, 1, 2, 3, 4, 5, 6, 7, 8], [0, 1, 2, 3, 4, 5, 6, 7, 8], [0, 1, 2, 3, 4, 5, 6, 7, 8], [0, 1, 2, 3, 4, 5, 6, 7, 8], [0, 1, 2, 3, 4, 5, 6, 7, 8], [0, 1, 2, 3, 4, 5, 6, 7, 8], [0, 1, 2, 3, 4, 5, 6, 7, 8], [0, 1, 2, 3, 4, 5, 6, 7, 8], [0, 1, 2, 3, 4, 5, 6, 7, 8], [0, 1, 2, 3, 4, 5, 6, 7, 8], [0, 1, 2, 3, 4, 5, 6, 7, 8], [0, 1, 2, 3, 4, 5, 6, 7, 8], [0, 1, 2, 3, 4, 5, 6, 7, 8], [0, 1, 2, 3, 4, 5, 6, 7, 8], [0, 1, 2, 3, 4, 5, 6, 7, 8], [0, 1, 2, 3, 4, 5, 6, 7, 8], [0, 1, 2, 3, 4, 5, 6, 7, 8], [0, 1, 2, 3, 4, 5, 6, 7, 8], [0, 1, 2, 3, 4, 5, 6, 7, 8], [0, 1, 2, 3, 4, 5, 6, 7, 8], [0, 1, 2, 3, 4, 5, 6, 7, 8], [0, 1, 2, 3, 4, 5, 6, 7, 8], [0, 1, 2, 3, 4, 5, 6, 7, 8]]",sidecar,True,calib_importance_sep_tail,0
gqa,fullload,FullLoad,1.0,full,n450919,2093757,The hat is what size?,Small,"[""small""]",1.0,18285,2,calib_importance_sep_tail,4,fullload,,432.32929334044456,,,730.9993909439072,736.1908809980378,20.280802040360868,756.4716830383986,1233125376,2368,64,,682.5332139851525,,,1.0,1.0,null,0.0,,1233125376,0,64,0,1233125376,19267584.0,19267584.0,0.0,,,,,null,,,,0
gqa,layout_prefix_chunk,Layout+Prefix,0.25,chunk,n450919,2093757,The hat is what size?,Small,"[""small""]",1.0,18285,2,calib_importance_sep_tail,4,prefix,0.24696532636880875,174.29305601399392,58.81132336799055,270.9415069548413,41.41264094505459,312.41651391610503,18.553841044194996,330.9703549603,327155712,576,65,205.21104719955474,0.0,9.0,37,0.24324324324324326,0.2653061224489796,"[0.2653061224489796, 0.2653061224489796, 0.2653061224489796, 0.2653061224489796, 0.2653061224489796, 0.2653061224489796, 0.2653061224489796, 0.2653061224489796, 0.2653061224489796, 0.2653061224489796, 0.2653061224489796, 0.2653061224489796, 0.2653061224489796, 0.2653061224489796, 0.2653061224489796, 0.2653061224489796, 0.2653061224489796, 0.2653061224489796, 0.2653061224489796, 0.2653061224489796, 0.2653061224489796, 0.2653061224489796, 0.2653061224489796, 0.2653061224489796, 0.2653061224489796, 0.2653061224489796, 0.2653061224489796, 0.2653061224489796, 0.2653061224489796, 0.2653061224489796, 0.2653061224489796, 0.2653061224489796]",0.0,288,301989888,25165824,64,1,327155712,5033164.8,4718592.0,25165824.0,0,0,0,prefix,"[[0, 1, 2, 3, 4, 5, 6, 7, 8], [0, 1, 2, 3, 4, 5, 6, 7, 8], [0, 1, 2, 3, 4, 5, 6, 7, 8], [0, 1, 2, 3, 4, 5, 6, 7, 8], [0, 1, 2, 3, 4, 5, 6, 7, 8], [0, 1, 2, 3, 4, 5, 6, 7, 8], [0, 1, 2, 3, 4, 5, 6, 7, 8], [0, 1, 2, 3, 4, 5, 6, 7, 8], [0, 1, 2, 3, 4, 5, 6, 7, 8], [0, 1, 2, 3, 4, 5, 6, 7, 8], [0, 1, 2, 3, 4, 5, 6, 7, 8], [0, 1, 2, 3, 4, 5, 6, 7, 8], [0, 1, 2, 3, 4, 5, 6, 7, 8], [0, 1, 2, 3, 4, 5, 6, 7, 8], [0, 1, 2, 3, 4, 5, 6, 7, 8], [0, 1, 2, 3, 4, 5, 6, 7, 8], [0, 1, 2, 3, 4, 5, 6, 7, 8], [0, 1, 2, 3, 4, 5, 6, 7, 8], [0, 1, 2, 3, 4, 5, 6, 7, 8], [0, 1, 2, 3, 4, 5, 6, 7, 8], [0, 1, 2, 3, 4, 5, 6, 7, 8], [0, 1, 2, 3, 4, 5, 6, 7, 8], [0, 1, 2, 3, 4, 5, 6, 7, 8], [0, 1, 2, 3, 4, 5, 6, 7, 8], [0, 1, 2, 3, 4, 5, 6, 7, 8], [0, 1, 2, 3, 4, 5, 6, 7, 8], [0, 1, 2, 3, 4, 5, 6, 7, 8], [0, 1, 2, 3, 4, 5, 6, 7, 8], [0, 1, 2, 3, 4, 5, 6, 7, 8], [0, 1, 2, 3, 4, 5, 6, 7, 8], [0, 1, 2, 3, 4, 5, 6, 7, 8], [0, 1, 2, 3, 4, 5, 6, 7, 8]]",sidecar,True,calib_importance_sep_tail,0
gqa,fullload,FullLoad,1.0,full,n450919,2093752,Is the hat blue and small?,No,"[""no""]",1.0,1939,2,calib_importance_sep_tail,4,fullload,,442.6708639366552,,,747.3736150423065,752.7147870277986,19.362214021384716,772.0770010491833,1233125376,2368,64,,703.2983761746436,,,1.0,1.0,null,0.0,,1233125376,0,64,0,1233125376,19267584.0,19267584.0,0.0,,,,,null,,,,0
gqa,layout_prefix_chunk,Layout+Prefix,0.25,chunk,n450919,2093752,Is the hat blue and small?,No,"[""no""]",1.0,1939,2,calib_importance_sep_tail,4,prefix,0.22836506832391024,171.04129085782915,56.47212965413928,262.95400399249047,42.70971997175366,305.7257269974798,18.34534597583115,324.07107297331095,327155712,576,65,200.12613420840353,0.0,9.0,37,0.24324324324324326,0.2653061224489796,"[0.2653061224489796, 0.2653061224489796, 0.2653061224489796, 0.2653061224489796, 0.2653061224489796, 0.2653061224489796, 0.2653061224489796, 0.2653061224489796, 0.2653061224489796, 0.2653061224489796, 0.2653061224489796, 0.2653061224489796, 0.2653061224489796, 0.2653061224489796, 0.2653061224489796, 0.2653061224489796, 0.2653061224489796, 0.2653061224489796, 0.2653061224489796, 0.2653061224489796, 0.2653061224489796, 0.2653061224489796, 0.2653061224489796, 0.2653061224489796, 0.2653061224489796, 0.2653061224489796, 0.2653061224489796, 0.2653061224489796, 0.2653061224489796, 0.2653061224489796, 0.2653061224489796, 0.2653061224489796]",0.0,288,301989888,25165824,64,1,327155712,5033164.8,4718592.0,25165824.0,0,0,0,prefix,"[[0, 1, 2, 3, 4, 5, 6, 7, 8], [0, 1, 2, 3, 4, 5, 6, 7, 8], [0, 1, 2, 3, 4, 5, 6, 7, 8], [0, 1, 2, 3, 4, 5, 6, 7, 8], [0, 1, 2, 3, 4, 5, 6, 7, 8], [0, 1, 2, 3, 4, 5, 6, 7, 8], [0, 1, 2, 3, 4, 5, 6, 7, 8], [0, 1, 2, 3, 4, 5, 6, 7, 8], [0, 1, 2, 3, 4, 5, 6, 7, 8], [0, 1, 2, 3, 4, 5, 6, 7, 8], [0, 1, 2, 3, 4, 5, 6, 7, 8], [0, 1, 2, 3, 4, 5, 6, 7, 8], [0, 1, 2, 3, 4, 5, 6, 7, 8], [0, 1, 2, 3, 4, 5, 6, 7, 8], [0, 1, 2, 3, 4, 5, 6, 7, 8], [0, 1, 2, 3, 4, 5, 6, 7, 8], [0, 1, 2, 3, 4, 5, 6, 7, 8], [0, 1, 2, 3, 4, 5, 6, 7, 8], [0, 1, 2, 3, 4, 5, 6, 7, 8], [0, 1, 2, 3, 4, 5, 6, 7, 8], [0, 1, 2, 3, 4, 5, 6, 7, 8], [0, 1, 2, 3, 4, 5, 6, 7, 8], [0, 1, 2, 3, 4, 5, 6, 7, 8], [0, 1, 2, 3, 4, 5, 6, 7, 8], [0, 1, 2, 3, 4, 5, 6, 7, 8], [0, 1, 2, 3, 4, 5, 6, 7, 8], [0, 1, 2, 3, 4, 5, 6, 7, 8], [0, 1, 2, 3, 4, 5, 6, 7, 8], [0, 1, 2, 3, 4, 5, 6, 7, 8], [0, 1, 2, 3, 4, 5, 6, 7, 8], [0, 1, 2, 3, 4, 5, 6, 7, 8], [0, 1, 2, 3, 4, 5, 6, 7, 8]]",sidecar,True,calib_importance_sep_tail,0
gqa,fullload,FullLoad,1.0,full,n450919,2093912,What animal is in the mud?,Giraffe,"[""giraffe""]",1.0,402,4,calib_importance_sep_tail,4,fullload,,503.41510283760726,,,830.927393049933,836.1474660923705,71.49093190673739,907.6383979991078,1233125376,2368,64,,776.9624441862106,,,1.0,1.0,null,0.0,,1233125376,0,64,0,1233125376,19267584.0,19267584.0,0.0,,,,,null,,,,0
gqa,layout_prefix_chunk,Layout+Prefix,0.25,chunk,n450919,2093912,What animal is in the mud?,Giraffe,"[""giraffe""]",1.0,402,4,calib_importance_sep_tail,4,prefix,0.1860605552792549,139.36281064525247,51.01401777938008,224.76010804530233,44.589266064576805,269.411409040913,55.446225916966796,324.8576349578798,327155712,576,65,167.67470899503678,0.0,9.0,37,0.24324324324324326,0.2653061224489796,"[0.2653061224489796, 0.2653061224489796, 0.2653061224489796, 0.2653061224489796, 0.2653061224489796, 0.2653061224489796, 0.2653061224489796, 0.2653061224489796, 0.2653061224489796, 0.2653061224489796, 0.2653061224489796, 0.2653061224489796, 0.2653061224489796, 0.2653061224489796, 0.2653061224489796, 0.2653061224489796, 0.2653061224489796, 0.2653061224489796, 0.2653061224489796, 0.2653061224489796, 0.2653061224489796, 0.2653061224489796, 0.2653061224489796, 0.2653061224489796, 0.2653061224489796, 0.2653061224489796, 0.2653061224489796, 0.2653061224489796, 0.2653061224489796, 0.2653061224489796, 0.2653061224489796, 0.2653061224489796]",0.0,288,301989888,25165824,64,1,327155712,5033164.8,4718592.0,25165824.0,0,0,0,prefix,"[[0, 1, 2, 3, 4, 5, 6, 7, 8], [0, 1, 2, 3, 4, 5, 6, 7, 8], [0, 1, 2, 3, 4, 5, 6, 7, 8], [0, 1, 2, 3, 4, 5, 6, 7, 8], [0, 1, 2, 3, 4, 5, 6, 7, 8], [0, 1, 2, 3, 4, 5, 6, 7, 8], [0, 1, 2, 3, 4, 5, 6, 7, 8], [0, 1, 2, 3, 4, 5, 6, 7, 8], [0, 1, 2, 3, 4, 5, 6, 7, 8], [0, 1, 2, 3, 4, 5, 6, 7, 8], [0, 1, 2, 3, 4, 5, 6, 7, 8], [0, 1, 2, 3, 4, 5, 6, 7, 8], [0, 1, 2, 3, 4, 5, 6, 7, 8], [0, 1, 2, 3, 4, 5, 6, 7, 8], [0, 1, 2, 3, 4, 5, 6, 7, 8], [0, 1, 2, 3, 4, 5, 6, 7, 8], [0, 1, 2, 3, 4, 5, 6, 7, 8], [0, 1, 2, 3, 4, 5, 6, 7, 8], [0, 1, 2, 3, 4, 5, 6, 7, 8], [0, 1, 2, 3, 4, 5, 6, 7, 8], [0, 1, 2, 3, 4, 5, 6, 7, 8], [0, 1, 2, 3, 4, 5, 6, 7, 8], [0, 1, 2, 3, 4, 5, 6, 7, 8], [0, 1, 2, 3, 4, 5, 6, 7, 8], [0, 1, 2, 3, 4, 5, 6, 7, 8], [0, 1, 2, 3, 4, 5, 6, 7, 8], [0, 1, 2, 3, 4, 5, 6, 7, 8], [0, 1, 2, 3, 4, 5, 6, 7, 8], [0, 1, 2, 3, 4, 5, 6, 7, 8], [0, 1, 2, 3, 4, 5, 6, 7, 8], [0, 1, 2, 3, 4, 5, 6, 7, 8], [0, 1, 2, 3, 4, 5, 6, 7, 8]]",sidecar,True,calib_importance_sep_tail,0
gqa,fullload,FullLoad,1.0,full,n450919,2093911,What animal is in the brown mud?,Giraffe,"[""giraffe""]",1.0,402,4,calib_importance_sep_tail,4,fullload,,532.8151031862944,,,960.5531470151618,965.7256309874356,55.277546984143555,1021.0031779715791,1233125376,2368,64,,900.894035003148,,,1.0,1.0,null,0.0,,1233125376,0,64,0,1233125376,19267584.0,19267584.0,0.0,,,,,null,,,,0
gqa,layout_prefix_chunk,Layout+Prefix,0.25,chunk,n450919,2093911,What animal is in the brown mud?,Giraffe,"[""giraffe""]",1.0,402,4,calib_importance_sep_tail,4,prefix,0.19662606064230204,151.00401628296822,52.42233502212912,239.99474698211998,45.898340991698205,285.9515859745443,54.732416989281774,340.68400296382606,327155712,576,65,181.1982209328562,0.0,9.0,37,0.24324324324324326,0.2653061224489796,"[0.2653061224489796, 0.2653061224489796, 0.2653061224489796, 0.2653061224489796, 0.2653061224489796, 0.2653061224489796, 0.2653061224489796, 0.2653061224489796, 0.2653061224489796, 0.2653061224489796, 0.2653061224489796, 0.2653061224489796, 0.2653061224489796, 0.2653061224489796, 0.2653061224489796, 0.2653061224489796, 0.2653061224489796, 0.2653061224489796, 0.2653061224489796, 0.2653061224489796, 0.2653061224489796, 0.2653061224489796, 0.2653061224489796, 0.2653061224489796, 0.2653061224489796, 0.2653061224489796, 0.2653061224489796, 0.2653061224489796, 0.2653061224489796, 0.2653061224489796, 0.2653061224489796, 0.2653061224489796]",0.0,288,301989888,25165824,64,1,327155712,5033164.8,4718592.0,25165824.0,0,0,0,prefix,"[[0, 1, 2, 3, 4, 5, 6, 7, 8], [0, 1, 2, 3, 4, 5, 6, 7, 8], [0, 1, 2, 3, 4, 5, 6, 7, 8], [0, 1, 2, 3, 4, 5, 6, 7, 8], [0, 1, 2, 3, 4, 5, 6, 7, 8], [0, 1, 2, 3, 4, 5, 6, 7, 8], [0, 1, 2, 3, 4, 5, 6, 7, 8], [0, 1, 2, 3, 4, 5, 6, 7, 8], [0, 1, 2, 3, 4, 5, 6, 7, 8], [0, 1, 2, 3, 4, 5, 6, 7, 8], [0, 1, 2, 3, 4, 5, 6, 7, 8], [0, 1, 2, 3, 4, 5, 6, 7, 8], [0, 1, 2, 3, 4, 5, 6, 7, 8], [0, 1, 2, 3, 4, 5, 6, 7, 8], [0, 1, 2, 3, 4, 5, 6, 7, 8], [0, 1, 2, 3, 4, 5, 6, 7, 8], [0, 1, 2, 3, 4, 5, 6, 7, 8], [0, 1, 2, 3, 4, 5, 6, 7, 8], [0, 1, 2, 3, 4, 5, 6, 7, 8], [0, 1, 2, 3, 4, 5, 6, 7, 8], [0, 1, 2, 3, 4, 5, 6, 7, 8], [0, 1, 2, 3, 4, 5, 6, 7, 8], [0, 1, 2, 3, 4, 5, 6, 7, 8], [0, 1, 2, 3, 4, 5, 6, 7, 8], [0, 1, 2, 3, 4, 5, 6, 7, 8], [0, 1, 2, 3, 4, 5, 6, 7, 8], [0, 1, 2, 3, 4, 5, 6, 7, 8], [0, 1, 2, 3, 4, 5, 6, 7, 8], [0, 1, 2, 3, 4, 5, 6, 7, 8], [0, 1, 2, 3, 4, 5, 6, 7, 8], [0, 1, 2, 3, 4, 5, 6, 7, 8], [0, 1, 2, 3, 4, 5, 6, 7, 8]]",sidecar,True,calib_importance_sep_tail,0
gqa,fullload,FullLoad,1.0,full,n450919,2093918,Is there an elephant in the mud?,No,"[""no""]",1.0,1939,2,calib_importance_sep_tail,4,fullload,,492.6189574180171,,,878.6475649103522,883.927357965149,18.853383022360504,902.7807409875095,1233125376,2368,64,,830.1650189096108,,,1.0,1.0,null,0.0,,1233125376,0,64,0,1233125376,19267584.0,19267584.0,0.0,,,,,null,,,,0
gqa,layout_prefix_chunk,Layout+Prefix,0.25,chunk,n450919,2093918,Is there an elephant in the mud?,No,"[""no""]",1.0,1939,2,calib_importance_sep_tail,4,prefix,0.17167138867080212,161.11530154012144,48.373490339145064,240.98034296184778,54.675611085258424,295.7172599853948,18.7105379300192,314.427797915414,327155712,576,65,186.65427900850773,0.0,9.0,37,0.24324324324324326,0.2653061224489796,"[0.2653061224489796, 0.2653061224489796, 0.2653061224489796, 0.2653061224489796, 0.2653061224489796, 0.2653061224489796, 0.2653061224489796, 0.2653061224489796, 0.2653061224489796, 0.2653061224489796, 0.2653061224489796, 0.2653061224489796, 0.2653061224489796, 0.2653061224489796, 0.2653061224489796, 0.2653061224489796, 0.2653061224489796, 0.2653061224489796, 0.2653061224489796, 0.2653061224489796, 0.2653061224489796, 0.2653061224489796, 0.2653061224489796, 0.2653061224489796, 0.2653061224489796, 0.2653061224489796, 0.2653061224489796, 0.2653061224489796, 0.2653061224489796, 0.2653061224489796, 0.2653061224489796, 0.2653061224489796]",0.0,288,301989888,25165824,64,1,327155712,5033164.8,4718592.0,25165824.0,0,0,0,prefix,"[[0, 1, 2, 3, 4, 5, 6, 7, 8], [0, 1, 2, 3, 4, 5, 6, 7, 8], [0, 1, 2, 3, 4, 5, 6, 7, 8], [0, 1, 2, 3, 4, 5, 6, 7, 8], [0, 1, 2, 3, 4, 5, 6, 7, 8], [0, 1, 2, 3, 4, 5, 6, 7, 8], [0, 1, 2, 3, 4, 5, 6, 7, 8], [0, 1, 2, 3, 4, 5, 6, 7, 8], [0, 1, 2, 3, 4, 5, 6, 7, 8], [0, 1, 2, 3, 4, 5, 6, 7, 8], [0, 1, 2, 3, 4, 5, 6, 7, 8], [0, 1, 2, 3, 4, 5, 6, 7, 8], [0, 1, 2, 3, 4, 5, 6, 7, 8], [0, 1, 2, 3, 4, 5, 6, 7, 8], [0, 1, 2, 3, 4, 5, 6, 7, 8], [0, 1, 2, 3, 4, 5, 6, 7, 8], [0, 1, 2, 3, 4, 5, 6, 7, 8], [0, 1, 2, 3, 4, 5, 6, 7, 8], [0, 1, 2, 3, 4, 5, 6, 7, 8], [0, 1, 2, 3, 4, 5, 6, 7, 8], [0, 1, 2, 3, 4, 5, 6, 7, 8], [0, 1, 2, 3, 4, 5, 6, 7, 8], [0, 1, 2, 3, 4, 5, 6, 7, 8], [0, 1, 2, 3, 4, 5, 6, 7, 8], [0, 1, 2, 3, 4, 5, 6, 7, 8], [0, 1, 2, 3, 4, 5, 6, 7, 8], [0, 1, 2, 3, 4, 5, 6, 7, 8], [0, 1, 2, 3, 4, 5, 6, 7, 8], [0, 1, 2, 3, 4, 5, 6, 7, 8], [0, 1, 2, 3, 4, 5, 6, 7, 8], [0, 1, 2, 3, 4, 5, 6, 7, 8], [0, 1, 2, 3, 4, 5, 6, 7, 8]]",sidecar,True,calib_importance_sep_tail,0
gqa,fullload,FullLoad,1.0,full,n37274,202144724,What is sitting atop the crate?,Blender,"[""blender""]",1.0,3164,3,calib_importance_sep_tail,4,fullload,,451.59043453168124,,,822.466315003112,827.6787810027599,37.19024593010545,864.8690269328654,1226833920,2368,64,,772.9415361536667,,,1.0,1.0,null,0.0,,1226833920,0,64,0,1226833920,19169280.0,19169280.0,0.0,,,,,null,,,,0
gqa,layout_prefix_chunk,Layout+Prefix,0.25,chunk,n37274,202144724,What is sitting atop the crate?,Blender,"[""blender""]",1.0,3164,3,calib_importance_sep_tail,4,prefix,0.15703891403973103,147.60739402845502,44.52478780876845,222.49820595607162,63.51850600913167,286.08020301908255,36.77728003822267,322.8574830573052,320864256,576,65,171.30292078945786,0.0,9.0,37,0.24324324324324326,0.26153846153846155,"[0.26153846153846155, 0.26153846153846155, 0.26153846153846155, 0.26153846153846155, 0.26153846153846155, 0.26153846153846155, 0.26153846153846155, 0.26153846153846155, 0.26153846153846155, 0.26153846153846155, 0.26153846153846155, 0.26153846153846155, 0.26153846153846155, 0.26153846153846155, 0.26153846153846155, 0.26153846153846155, 0.26153846153846155, 0.26153846153846155, 0.26153846153846155, 0.26153846153846155, 0.26153846153846155, 0.26153846153846155, 0.26153846153846155, 0.26153846153846155, 0.26153846153846155, 0.26153846153846155, 0.26153846153846155, 0.26153846153846155, 0.26153846153846155, 0.26153846153846155, 0.26153846153846155, 0.26153846153846155]",0.0,288,301989888,18874368,64,1,320864256,4936373.169230769,4718592.0,18874368.0,0,0,0,prefix,"[[0, 1, 2, 3, 4, 5, 6, 7, 8], [0, 1, 2, 3, 4, 5, 6, 7, 8], [0, 1, 2, 3, 4, 5, 6, 7, 8], [0, 1, 2, 3, 4, 5, 6, 7, 8], [0, 1, 2, 3, 4, 5, 6, 7, 8], [0, 1, 2, 3, 4, 5, 6, 7, 8], [0, 1, 2, 3, 4, 5, 6, 7, 8], [0, 1, 2, 3, 4, 5, 6, 7, 8], [0, 1, 2, 3, 4, 5, 6, 7, 8], [0, 1, 2, 3, 4, 5, 6, 7, 8], [0, 1, 2, 3, 4, 5, 6, 7, 8], [0, 1, 2, 3, 4, 5, 6, 7, 8], [0, 1, 2, 3, 4, 5, 6, 7, 8], [0, 1, 2, 3, 4, 5, 6, 7, 8], [0, 1, 2, 3, 4, 5, 6, 7, 8], [0, 1, 2, 3, 4, 5, 6, 7, 8], [0, 1, 2, 3, 4, 5, 6, 7, 8], [0, 1, 2, 3, 4, 5, 6, 7, 8], [0, 1, 2, 3, 4, 5, 6, 7, 8], [0, 1, 2, 3, 4, 5, 6, 7, 8], [0, 1, 2, 3, 4, 5, 6, 7, 8], [0, 1, 2, 3, 4, 5, 6, 7, 8], [0, 1, 2, 3, 4, 5, 6, 7, 8], [0, 1, 2, 3, 4, 5, 6, 7, 8], [0, 1, 2, 3, 4, 5, 6, 7, 8], [0, 1, 2, 3, 4, 5, 6, 7, 8], [0, 1, 2, 3, 4, 5, 6, 7, 8], [0, 1, 2, 3, 4, 5, 6, 7, 8], [0, 1, 2, 3, 4, 5, 6, 7, 8], [0, 1, 2, 3, 4, 5, 6, 7, 8], [0, 1, 2, 3, 4, 5, 6, 7, 8], [0, 1, 2, 3, 4, 5, 6, 7, 8]]",sidecar,True,calib_importance_sep_tail,0
gqa,fullload,FullLoad,1.0,full,n37274,202144703,What appliance is right of the liquor?,Blender,"[""blender""]",1.0,3164,3,calib_importance_sep_tail,4,fullload,,521.7969286022708,,,922.4461450939998,927.6421180693433,36.454222979955375,964.0963410492986,1226833920,2368,64,,865.2523823548108,,,1.0,1.0,null,0.0,,1226833920,0,64,0,1226833920,19169280.0,19169280.0,0.0,,,,,null,,,,0
gqa,layout_prefix_chunk,Layout+Prefix,0.25,chunk,n37274,202144703,What appliance is right of the liquor?,Blender,"[""blender""]",1.0,3164,3,calib_importance_sep_tail,4,prefix,0.2196908462792635,163.76414604019374,52.04912496265024,250.59623597189784,37.386697018519044,288.0259739467874,37.0493340305984,325.0753079773858,320864256,576,65,192.39849178120494,0.0,9.0,37,0.24324324324324326,0.26153846153846155,"[0.26153846153846155, 0.26153846153846155, 0.26153846153846155, 0.26153846153846155, 0.26153846153846155, 0.26153846153846155, 0.26153846153846155, 0.26153846153846155, 0.26153846153846155, 0.26153846153846155, 0.26153846153846155, 0.26153846153846155, 0.26153846153846155, 0.26153846153846155, 0.26153846153846155, 0.26153846153846155, 0.26153846153846155, 0.26153846153846155, 0.26153846153846155, 0.26153846153846155, 0.26153846153846155, 0.26153846153846155, 0.26153846153846155, 0.26153846153846155, 0.26153846153846155, 0.26153846153846155, 0.26153846153846155, 0.26153846153846155, 0.26153846153846155, 0.26153846153846155, 0.26153846153846155, 0.26153846153846155]",0.0,288,301989888,18874368,64,1,320864256,4936373.169230769,4718592.0,18874368.0,0,0,0,prefix,"[[0, 1, 2, 3, 4, 5, 6, 7, 8], [0, 1, 2, 3, 4, 5, 6, 7, 8], [0, 1, 2, 3, 4, 5, 6, 7, 8], [0, 1, 2, 3, 4, 5, 6, 7, 8], [0, 1, 2, 3, 4, 5, 6, 7, 8], [0, 1, 2, 3, 4, 5, 6, 7, 8], [0, 1, 2, 3, 4, 5, 6, 7, 8], [0, 1, 2, 3, 4, 5, 6, 7, 8], [0, 1, 2, 3, 4, 5, 6, 7, 8], [0, 1, 2, 3, 4, 5, 6, 7, 8], [0, 1, 2, 3, 4, 5, 6, 7, 8], [0, 1, 2, 3, 4, 5, 6, 7, 8], [0, 1, 2, 3, 4, 5, 6, 7, 8], [0, 1, 2, 3, 4, 5, 6, 7, 8], [0, 1, 2, 3, 4, 5, 6, 7, 8], [0, 1, 2, 3, 4, 5, 6, 7, 8], [0, 1, 2, 3, 4, 5, 6, 7, 8], [0, 1, 2, 3, 4, 5, 6, 7, 8], [0, 1, 2, 3, 4, 5, 6, 7, 8], [0, 1, 2, 3, 4, 5, 6, 7, 8], [0, 1, 2, 3, 4, 5, 6, 7, 8], [0, 1, 2, 3, 4, 5, 6, 7, 8], [0, 1, 2, 3, 4, 5, 6, 7, 8], [0, 1, 2, 3, 4, 5, 6, 7, 8], [0, 1, 2, 3, 4, 5, 6, 7, 8], [0, 1, 2, 3, 4, 5, 6, 7, 8], [0, 1, 2, 3, 4, 5, 6, 7, 8], [0, 1, 2, 3, 4, 5, 6, 7, 8], [0, 1, 2, 3, 4, 5, 6, 7, 8], [0, 1, 2, 3, 4, 5, 6, 7, 8], [0, 1, 2, 3, 4, 5, 6, 7, 8], [0, 1, 2, 3, 4, 5, 6, 7, 8]]",sidecar,True,calib_importance_sep_tail,0
gqa,fullload,FullLoad,1.0,full,n37274,202144680,Which side is the blender on?,Right,"[""right""]",1.0,10428,2,calib_importance_sep_tail,4,fullload,,472.9238918516785,,,737.2512450674549,742.3916050465778,18.7351229833439,761.1267280299217,1226833920,2368,64,,686.2949196947739,,,1.0,1.0,null,0.0,,1226833920,0,64,0,1226833920,19169280.0,19169280.0,0.0,,,,,null,,,,0
gqa,layout_prefix_chunk,Layout+Prefix,0.25,chunk,n37274,202144680,Which side is the blender on?,Right,"[""right""]",1.0,10428,2,calib_importance_sep_tail,4,prefix,0.2020138781517744,158.43359532300383,47.016496770083904,237.70222102757543,35.918751033023,273.6593900481239,18.99836992379278,292.6577599719167,320864256,576,65,184.24721586052328,0.0,9.0,37,0.24324324324324326,0.26153846153846155,"[0.26153846153846155, 0.26153846153846155, 0.26153846153846155, 0.26153846153846155, 0.26153846153846155, 0.26153846153846155, 0.26153846153846155, 0.26153846153846155, 0.26153846153846155, 0.26153846153846155, 0.26153846153846155, 0.26153846153846155, 0.26153846153846155, 0.26153846153846155, 0.26153846153846155, 0.26153846153846155, 0.26153846153846155, 0.26153846153846155, 0.26153846153846155, 0.26153846153846155, 0.26153846153846155, 0.26153846153846155, 0.26153846153846155, 0.26153846153846155, 0.26153846153846155, 0.26153846153846155, 0.26153846153846155, 0.26153846153846155, 0.26153846153846155, 0.26153846153846155, 0.26153846153846155, 0.26153846153846155]",0.0,288,301989888,18874368,64,1,320864256,4936373.169230769,4718592.0,18874368.0,0,0,0,prefix,"[[0, 1, 2, 3, 4, 5, 6, 7, 8], [0, 1, 2, 3, 4, 5, 6, 7, 8], [0, 1, 2, 3, 4, 5, 6, 7, 8], [0, 1, 2, 3, 4, 5, 6, 7, 8], [0, 1, 2, 3, 4, 5, 6, 7, 8], [0, 1, 2, 3, 4, 5, 6, 7, 8], [0, 1, 2, 3, 4, 5, 6, 7, 8], [0, 1, 2, 3, 4, 5, 6, 7, 8], [0, 1, 2, 3, 4, 5, 6, 7, 8], [0, 1, 2, 3, 4, 5, 6, 7, 8], [0, 1, 2, 3, 4, 5, 6, 7, 8], [0, 1, 2, 3, 4, 5, 6, 7, 8], [0, 1, 2, 3, 4, 5, 6, 7, 8], [0, 1, 2, 3, 4, 5, 6, 7, 8], [0, 1, 2, 3, 4, 5, 6, 7, 8], [0, 1, 2, 3, 4, 5, 6, 7, 8], [0, 1, 2, 3, 4, 5, 6, 7, 8], [0, 1, 2, 3, 4, 5, 6, 7, 8], [0, 1, 2, 3, 4, 5, 6, 7, 8], [0, 1, 2, 3, 4, 5, 6, 7, 8], [0, 1, 2, 3, 4, 5, 6, 7, 8], [0, 1, 2, 3, 4, 5, 6, 7, 8], [0, 1, 2, 3, 4, 5, 6, 7, 8], [0, 1, 2, 3, 4, 5, 6, 7, 8], [0, 1, 2, 3, 4, 5, 6, 7, 8], [0, 1, 2, 3, 4, 5, 6, 7, 8], [0, 1, 2, 3, 4, 5, 6, 7, 8], [0, 1, 2, 3, 4, 5, 6, 7, 8], [0, 1, 2, 3, 4, 5, 6, 7, 8], [0, 1, 2, 3, 4, 5, 6, 7, 8], [0, 1, 2, 3, 4, 5, 6, 7, 8], [0, 1, 2, 3, 4, 5, 6, 7, 8]]",sidecar,True,calib_importance_sep_tail,0
gqa,fullload,FullLoad,1.0,full,n37274,202144681,What is the appliance to the right of the man that is in front of the bicycle?,Blender,"[""blender""]",1.0,3164,3,calib_importance_sep_tail,4,fullload,,461.8293645326048,,,800.1899609807879,805.3990309126675,37.244123057462275,842.6431539701298,1226833920,2368,64,,755.5972201516852,,,1.0,1.0,null,0.0,,1226833920,0,64,0,1226833920,19169280.0,19169280.0,0.0,,,,,null,,,,0
gqa,layout_prefix_chunk,Layout+Prefix,0.25,chunk,n37274,202144681,What is the appliance to the right of the man that is in front of the bicycle?,Blender,"[""blender""]",1.0,3164,3,calib_importance_sep_tail,4,prefix,0.2255624858662486,187.93494126293808,56.306101963855326,282.37827797420323,38.91416697297245,321.33711397182196,36.40270803589374,357.7398220077157,320864256,576,65,219.69784598331898,0.0,9.0,37,0.24324324324324326,0.26153846153846155,"[0.26153846153846155, 0.26153846153846155, 0.26153846153846155, 0.26153846153846155, 0.26153846153846155, 0.26153846153846155, 0.26153846153846155, 0.26153846153846155, 0.26153846153846155, 0.26153846153846155, 0.26153846153846155, 0.26153846153846155, 0.26153846153846155, 0.26153846153846155, 0.26153846153846155, 0.26153846153846155, 0.26153846153846155, 0.26153846153846155, 0.26153846153846155, 0.26153846153846155, 0.26153846153846155, 0.26153846153846155, 0.26153846153846155, 0.26153846153846155, 0.26153846153846155, 0.26153846153846155, 0.26153846153846155, 0.26153846153846155, 0.26153846153846155, 0.26153846153846155, 0.26153846153846155, 0.26153846153846155]",0.0,288,301989888,18874368,64,1,320864256,4936373.169230769,4718592.0,18874368.0,0,0,0,prefix,"[[0, 1, 2, 3, 4, 5, 6, 7, 8], [0, 1, 2, 3, 4, 5, 6, 7, 8], [0, 1, 2, 3, 4, 5, 6, 7, 8], [0, 1, 2, 3, 4, 5, 6, 7, 8], [0, 1, 2, 3, 4, 5, 6, 7, 8], [0, 1, 2, 3, 4, 5, 6, 7, 8], [0, 1, 2, 3, 4, 5, 6, 7, 8], [0, 1, 2, 3, 4, 5, 6, 7, 8], [0, 1, 2, 3, 4, 5, 6, 7, 8], [0, 1, 2, 3, 4, 5, 6, 7, 8], [0, 1, 2, 3, 4, 5, 6, 7, 8], [0, 1, 2, 3, 4, 5, 6, 7, 8], [0, 1, 2, 3, 4, 5, 6, 7, 8], [0, 1, 2, 3, 4, 5, 6, 7, 8], [0, 1, 2, 3, 4, 5, 6, 7, 8], [0, 1, 2, 3, 4, 5, 6, 7, 8], [0, 1, 2, 3, 4, 5, 6, 7, 8], [0, 1, 2, 3, 4, 5, 6, 7, 8], [0, 1, 2, 3, 4, 5, 6, 7, 8], [0, 1, 2, 3, 4, 5, 6, 7, 8], [0, 1, 2, 3, 4, 5, 6, 7, 8], [0, 1, 2, 3, 4, 5, 6, 7, 8], [0, 1, 2, 3, 4, 5, 6, 7, 8], [0, 1, 2, 3, 4, 5, 6, 7, 8], [0, 1, 2, 3, 4, 5, 6, 7, 8], [0, 1, 2, 3, 4, 5, 6, 7, 8], [0, 1, 2, 3, 4, 5, 6, 7, 8], [0, 1, 2, 3, 4, 5, 6, 7, 8], [0, 1, 2, 3, 4, 5, 6, 7, 8], [0, 1, 2, 3, 4, 5, 6, 7, 8], [0, 1, 2, 3, 4, 5, 6, 7, 8], [0, 1, 2, 3, 4, 5, 6, 7, 8]]",sidecar,True,calib_importance_sep_tail,0
gqa,fullload,FullLoad,1.0,full,n37274,202144469,Is the man that is to the left of the liquor wearing gloves?,No,"[""no""]",1.0,1939,2,calib_importance_sep_tail,4,fullload,,404.53919826541096,,,643.3525680331513,648.4927750425413,19.035106990486383,667.5278820330277,1226833920,2368,64,,593.7065870966762,,,1.0,1.0,null,0.0,,1226833920,0,64,0,1226833920,19169280.0,19169280.0,0.0,,,,,null,,,,0
gqa,layout_prefix_chunk,Layout+Prefix,0.25,chunk,n37274,202144469,Is the man that is to the left of the liquor wearing gloves?,No,"[""no""]",1.0,1939,2,calib_importance_sep_tail,4,prefix,0.14081911649554968,155.61916469596326,42.13182162493467,224.6593040181324,38.37463806848973,263.0735361017287,18.66619591601193,281.7397320177406,320864256,576,65,176.684053032659,0.0,9.0,37,0.24324324324324326,0.26153846153846155,"[0.26153846153846155, 0.26153846153846155, 0.26153846153846155, 0.26153846153846155, 0.26153846153846155, 0.26153846153846155, 0.26153846153846155, 0.26153846153846155, 0.26153846153846155, 0.26153846153846155, 0.26153846153846155, 0.26153846153846155, 0.26153846153846155, 0.26153846153846155, 0.26153846153846155, 0.26153846153846155, 0.26153846153846155, 0.26153846153846155, 0.26153846153846155, 0.26153846153846155, 0.26153846153846155, 0.26153846153846155, 0.26153846153846155, 0.26153846153846155, 0.26153846153846155, 0.26153846153846155, 0.26153846153846155, 0.26153846153846155, 0.26153846153846155, 0.26153846153846155, 0.26153846153846155, 0.26153846153846155]",0.0,288,301989888,18874368,64,1,320864256,4936373.169230769,4718592.0,18874368.0,0,0,0,prefix,"[[0, 1, 2, 3, 4, 5, 6, 7, 8], [0, 1, 2, 3, 4, 5, 6, 7, 8], [0, 1, 2, 3, 4, 5, 6, 7, 8], [0, 1, 2, 3, 4, 5, 6, 7, 8], [0, 1, 2, 3, 4, 5, 6, 7, 8], [0, 1, 2, 3, 4, 5, 6, 7, 8], [0, 1, 2, 3, 4, 5, 6, 7, 8], [0, 1, 2, 3, 4, 5, 6, 7, 8], [0, 1, 2, 3, 4, 5, 6, 7, 8], [0, 1, 2, 3, 4, 5, 6, 7, 8], [0, 1, 2, 3, 4, 5, 6, 7, 8], [0, 1, 2, 3, 4, 5, 6, 7, 8], [0, 1, 2, 3, 4, 5, 6, 7, 8], [0, 1, 2, 3, 4, 5, 6, 7, 8], [0, 1, 2, 3, 4, 5, 6, 7, 8], [0, 1, 2, 3, 4, 5, 6, 7, 8], [0, 1, 2, 3, 4, 5, 6, 7, 8], [0, 1, 2, 3, 4, 5, 6, 7, 8], [0, 1, 2, 3, 4, 5, 6, 7, 8], [0, 1, 2, 3, 4, 5, 6, 7, 8], [0, 1, 2, 3, 4, 5, 6, 7, 8], [0, 1, 2, 3, 4, 5, 6, 7, 8], [0, 1, 2, 3, 4, 5, 6, 7, 8], [0, 1, 2, 3, 4, 5, 6, 7, 8], [0, 1, 2, 3, 4, 5, 6, 7, 8], [0, 1, 2, 3, 4, 5, 6, 7, 8], [0, 1, 2, 3, 4, 5, 6, 7, 8], [0, 1, 2, 3, 4, 5, 6, 7, 8], [0, 1, 2, 3, 4, 5, 6, 7, 8], [0, 1, 2, 3, 4, 5, 6, 7, 8], [0, 1, 2, 3, 4, 5, 6, 7, 8], [0, 1, 2, 3, 4, 5, 6, 7, 8]]",sidecar,True,calib_importance_sep_tail,0
gqa,fullload,FullLoad,1.0,full,n37274,202144325,What do the watch and the bicycle have in common?,Color,"[""material""]",0.0,9159,2,calib_importance_sep_tail,4,fullload,,400.0747926766053,,,637.4871949665248,642.6756279543042,19.247749005444348,661.9233769597486,1226833920,2368,64,,590.2621056884527,,,1.0,1.0,null,0.0,,1226833920,0,64,0,1226833920,19169280.0,19169280.0,0.0,,,,,null,,,,0
gqa,layout_prefix_chunk,Layout+Prefix,0.25,chunk,n37274,202144325,What do the watch and the bicycle have in common?,Color,"[""material""]",0.0,9159,2,calib_importance_sep_tail,4,prefix,0.2247443189844489,155.05308215506375,53.26664401218295,242.54717701114714,41.289304033853114,283.8977250503376,18.447304028086364,302.345029078424,320864256,576,65,183.01086907740682,0.0,9.0,37,0.24324324324324326,0.26153846153846155,"[0.26153846153846155, 0.26153846153846155, 0.26153846153846155, 0.26153846153846155, 0.26153846153846155, 0.26153846153846155, 0.26153846153846155, 0.26153846153846155, 0.26153846153846155, 0.26153846153846155, 0.26153846153846155, 0.26153846153846155, 0.26153846153846155, 0.26153846153846155, 0.26153846153846155, 0.26153846153846155, 0.26153846153846155, 0.26153846153846155, 0.26153846153846155, 0.26153846153846155, 0.26153846153846155, 0.26153846153846155, 0.26153846153846155, 0.26153846153846155, 0.26153846153846155, 0.26153846153846155, 0.26153846153846155, 0.26153846153846155, 0.26153846153846155, 0.26153846153846155, 0.26153846153846155, 0.26153846153846155]",0.0,288,301989888,18874368,64,1,320864256,4936373.169230769,4718592.0,18874368.0,0,0,0,prefix,"[[0, 1, 2, 3, 4, 5, 6, 7, 8], [0, 1, 2, 3, 4, 5, 6, 7, 8], [0, 1, 2, 3, 4, 5, 6, 7, 8], [0, 1, 2, 3, 4, 5, 6, 7, 8], [0, 1, 2, 3, 4, 5, 6, 7, 8], [0, 1, 2, 3, 4, 5, 6, 7, 8], [0, 1, 2, 3, 4, 5, 6, 7, 8], [0, 1, 2, 3, 4, 5, 6, 7, 8], [0, 1, 2, 3, 4, 5, 6, 7, 8], [0, 1, 2, 3, 4, 5, 6, 7, 8], [0, 1, 2, 3, 4, 5, 6, 7, 8], [0, 1, 2, 3, 4, 5, 6, 7, 8], [0, 1, 2, 3, 4, 5, 6, 7, 8], [0, 1, 2, 3, 4, 5, 6, 7, 8], [0, 1, 2, 3, 4, 5, 6, 7, 8], [0, 1, 2, 3, 4, 5, 6, 7, 8], [0, 1, 2, 3, 4, 5, 6, 7, 8], [0, 1, 2, 3, 4, 5, 6, 7, 8], [0, 1, 2, 3, 4, 5, 6, 7, 8], [0, 1, 2, 3, 4, 5, 6, 7, 8], [0, 1, 2, 3, 4, 5, 6, 7, 8], [0, 1, 2, 3, 4, 5, 6, 7, 8], [0, 1, 2, 3, 4, 5, 6, 7, 8], [0, 1, 2, 3, 4, 5, 6, 7, 8], [0, 1, 2, 3, 4, 5, 6, 7, 8], [0, 1, 2, 3, 4, 5, 6, 7, 8], [0, 1, 2, 3, 4, 5, 6, 7, 8], [0, 1, 2, 3, 4, 5, 6, 7, 8], [0, 1, 2, 3, 4, 5, 6, 7, 8], [0, 1, 2, 3, 4, 5, 6, 7, 8], [0, 1, 2, 3, 4, 5, 6, 7, 8], [0, 1, 2, 3, 4, 5, 6, 7, 8]]",sidecar,True,calib_importance_sep_tail,0
gqa,fullload,FullLoad,1.0,full,n293477,20856909,Which kind of bag is green?,Purse,"[""purse""]",1.0,15247,3,calib_importance_sep_tail,4,fullload,,453.8267123280093,,,833.2507569575682,838.8341199606657,37.05268900375813,875.8868089644238,1226833920,2368,64,,785.3873886633664,,,1.0,1.0,null,0.0,,1226833920,0,64,0,1226833920,19169280.0,19169280.0,0.0,,,,,null,,,,0
gqa,layout_prefix_chunk,Layout+Prefix,0.25,chunk,n293477,20856909,Which kind of bag is green?,Purse,"[""purse""]",1.0,15247,3,calib_importance_sep_tail,4,prefix,0.24352979380637407,177.5954202748835,57.79074877500534,274.43801995832473,42.09055006504059,316.5898809675127,36.12872597295791,352.71860694047064,320864256,576,65,210.33471694681793,0.0,9.0,37,0.24324324324324326,0.26153846153846155,"[0.26153846153846155, 0.26153846153846155, 0.26153846153846155, 0.26153846153846155, 0.26153846153846155, 0.26153846153846155, 0.26153846153846155, 0.26153846153846155, 0.26153846153846155, 0.26153846153846155, 0.26153846153846155, 0.26153846153846155, 0.26153846153846155, 0.26153846153846155, 0.26153846153846155, 0.26153846153846155, 0.26153846153846155, 0.26153846153846155, 0.26153846153846155, 0.26153846153846155, 0.26153846153846155, 0.26153846153846155, 0.26153846153846155, 0.26153846153846155, 0.26153846153846155, 0.26153846153846155, 0.26153846153846155, 0.26153846153846155, 0.26153846153846155, 0.26153846153846155, 0.26153846153846155, 0.26153846153846155]",0.0,288,301989888,18874368,64,1,320864256,4936373.169230769,4718592.0,18874368.0,0,0,0,prefix,"[[0, 1, 2, 3, 4, 5, 6, 7, 8], [0, 1, 2, 3, 4, 5, 6, 7, 8], [0, 1, 2, 3, 4, 5, 6, 7, 8], [0, 1, 2, 3, 4, 5, 6, 7, 8], [0, 1, 2, 3, 4, 5, 6, 7, 8], [0, 1, 2, 3, 4, 5, 6, 7, 8], [0, 1, 2, 3, 4, 5, 6, 7, 8], [0, 1, 2, 3, 4, 5, 6, 7, 8], [0, 1, 2, 3, 4, 5, 6, 7, 8], [0, 1, 2, 3, 4, 5, 6, 7, 8], [0, 1, 2, 3, 4, 5, 6, 7, 8], [0, 1, 2, 3, 4, 5, 6, 7, 8], [0, 1, 2, 3, 4, 5, 6, 7, 8], [0, 1, 2, 3, 4, 5, 6, 7, 8], [0, 1, 2, 3, 4, 5, 6, 7, 8], [0, 1, 2, 3, 4, 5, 6, 7, 8], [0, 1, 2, 3, 4, 5, 6, 7, 8], [0, 1, 2, 3, 4, 5, 6, 7, 8], [0, 1, 2, 3, 4, 5, 6, 7, 8], [0, 1, 2, 3, 4, 5, 6, 7, 8], [0, 1, 2, 3, 4, 5, 6, 7, 8], [0, 1, 2, 3, 4, 5, 6, 7, 8], [0, 1, 2, 3, 4, 5, 6, 7, 8], [0, 1, 2, 3, 4, 5, 6, 7, 8], [0, 1, 2, 3, 4, 5, 6, 7, 8], [0, 1, 2, 3, 4, 5, 6, 7, 8], [0, 1, 2, 3, 4, 5, 6, 7, 8], [0, 1, 2, 3, 4, 5, 6, 7, 8], [0, 1, 2, 3, 4, 5, 6, 7, 8], [0, 1, 2, 3, 4, 5, 6, 7, 8], [0, 1, 2, 3, 4, 5, 6, 7, 8], [0, 1, 2, 3, 4, 5, 6, 7, 8]]",sidecar,True,calib_importance_sep_tail,0
gqa,fullload,FullLoad,1.0,full,n293477,20856756,What is the item of furniture called?,Bed,"[""bed""]",1.0,14195,2,calib_importance_sep_tail,4,fullload,,443.20919876918197,,,740.8135459991172,745.9725020453334,22.351974970661104,768.3244770159945,1226833920,2368,64,,689.7481482010335,,,1.0,1.0,null,0.0,,1226833920,0,64,0,1226833920,19169280.0,19169280.0,0.0,,,,,null,,,,0
gqa,layout_prefix_chunk,Layout+Prefix,0.25,chunk,n293477,20856756,What is the item of furniture called?,Bed,"[""bed""]",1.0,14195,2,calib_importance_sep_tail,4,prefix,0.24510896764695644,189.01376298163086,57.14398971758783,284.85387610271573,62.239371007308364,347.152985050343,18.840432981960475,365.99341803230345,320864256,576,65,221.34861361701041,0.0,9.0,37,0.24324324324324326,0.26153846153846155,"[0.26153846153846155, 0.26153846153846155, 0.26153846153846155, 0.26153846153846155, 0.26153846153846155, 0.26153846153846155, 0.26153846153846155, 0.26153846153846155, 0.26153846153846155, 0.26153846153846155, 0.26153846153846155, 0.26153846153846155, 0.26153846153846155, 0.26153846153846155, 0.26153846153846155, 0.26153846153846155, 0.26153846153846155, 0.26153846153846155, 0.26153846153846155, 0.26153846153846155, 0.26153846153846155, 0.26153846153846155, 0.26153846153846155, 0.26153846153846155, 0.26153846153846155, 0.26153846153846155, 0.26153846153846155, 0.26153846153846155, 0.26153846153846155, 0.26153846153846155, 0.26153846153846155, 0.26153846153846155]",0.0,288,301989888,18874368,64,1,320864256,4936373.169230769,4718592.0,18874368.0,0,0,0,prefix,"[[0, 1, 2, 3, 4, 5, 6, 7, 8], [0, 1, 2, 3, 4, 5, 6, 7, 8], [0, 1, 2, 3, 4, 5, 6, 7, 8], [0, 1, 2, 3, 4, 5, 6, 7, 8], [0, 1, 2, 3, 4, 5, 6, 7, 8], [0, 1, 2, 3, 4, 5, 6, 7, 8], [0, 1, 2, 3, 4, 5, 6, 7, 8], [0, 1, 2, 3, 4, 5, 6, 7, 8], [0, 1, 2, 3, 4, 5, 6, 7, 8], [0, 1, 2, 3, 4, 5, 6, 7, 8], [0, 1, 2, 3, 4, 5, 6, 7, 8], [0, 1, 2, 3, 4, 5, 6, 7, 8], [0, 1, 2, 3, 4, 5, 6, 7, 8], [0, 1, 2, 3, 4, 5, 6, 7, 8], [0, 1, 2, 3, 4, 5, 6, 7, 8], [0, 1, 2, 3, 4, 5, 6, 7, 8], [0, 1, 2, 3, 4, 5, 6, 7, 8], [0, 1, 2, 3, 4, 5, 6, 7, 8], [0, 1, 2, 3, 4, 5, 6, 7, 8], [0, 1, 2, 3, 4, 5, 6, 7, 8], [0, 1, 2, 3, 4, 5, 6, 7, 8], [0, 1, 2, 3, 4, 5, 6, 7, 8], [0, 1, 2, 3, 4, 5, 6, 7, 8], [0, 1, 2, 3, 4, 5, 6, 7, 8], [0, 1, 2, 3, 4, 5, 6, 7, 8], [0, 1, 2, 3, 4, 5, 6, 7, 8], [0, 1, 2, 3, 4, 5, 6, 7, 8], [0, 1, 2, 3, 4, 5, 6, 7, 8], [0, 1, 2, 3, 4, 5, 6, 7, 8], [0, 1, 2, 3, 4, 5, 6, 7, 8], [0, 1, 2, 3, 4, 5, 6, 7, 8], [0, 1, 2, 3, 4, 5, 6, 7, 8]]",sidecar,True,calib_importance_sep_tail,0
gqa,fullload,FullLoad,1.0,full,n293477,20856758,Which kind of furniture is it?,Bed,"[""bed""]",1.0,14195,2,calib_importance_sep_tail,4,fullload,,440.38910954259336,,,730.9851099271327,736.184514942579,19.104885985143483,755.2894009277225,1226833920,2368,64,,686.7012865841389,,,1.0,1.0,null,0.0,,1226833920,0,64,0,1226833920,19169280.0,19169280.0,0.0,,,,,null,,,,0
gqa,layout_prefix_chunk,Layout+Prefix,0.25,chunk,n293477,20856758,Which kind of furniture is it?,Bed,"[""bed""]",1.0,14195,2,calib_importance_sep_tail,4,prefix,0.1854156143963337,163.77172619104385,46.73494107555598,242.70330101717263,46.49206902831793,289.25518901087344,18.729820963926613,307.98500997480005,320864256,576,65,190.02407719381154,0.0,9.0,37,0.24324324324324326,0.26153846153846155,"[0.26153846153846155, 0.26153846153846155, 0.26153846153846155, 0.26153846153846155, 0.26153846153846155, 0.26153846153846155, 0.26153846153846155, 0.26153846153846155, 0.26153846153846155, 0.26153846153846155, 0.26153846153846155, 0.26153846153846155, 0.26153846153846155, 0.26153846153846155, 0.26153846153846155, 0.26153846153846155, 0.26153846153846155, 0.26153846153846155, 0.26153846153846155, 0.26153846153846155, 0.26153846153846155, 0.26153846153846155, 0.26153846153846155, 0.26153846153846155, 0.26153846153846155, 0.26153846153846155, 0.26153846153846155, 0.26153846153846155, 0.26153846153846155, 0.26153846153846155, 0.26153846153846155, 0.26153846153846155]",0.0,288,301989888,18874368,64,1,320864256,4936373.169230769,4718592.0,18874368.0,0,0,0,prefix,"[[0, 1, 2, 3, 4, 5, 6, 7, 8], [0, 1, 2, 3, 4, 5, 6, 7, 8], [0, 1, 2, 3, 4, 5, 6, 7, 8], [0, 1, 2, 3, 4, 5, 6, 7, 8], [0, 1, 2, 3, 4, 5, 6, 7, 8], [0, 1, 2, 3, 4, 5, 6, 7, 8], [0, 1, 2, 3, 4, 5, 6, 7, 8], [0, 1, 2, 3, 4, 5, 6, 7, 8], [0, 1, 2, 3, 4, 5, 6, 7, 8], [0, 1, 2, 3, 4, 5, 6, 7, 8], [0, 1, 2, 3, 4, 5, 6, 7, 8], [0, 1, 2, 3, 4, 5, 6, 7, 8], [0, 1, 2, 3, 4, 5, 6, 7, 8], [0, 1, 2, 3, 4, 5, 6, 7, 8], [0, 1, 2, 3, 4, 5, 6, 7, 8], [0, 1, 2, 3, 4, 5, 6, 7, 8], [0, 1, 2, 3, 4, 5, 6, 7, 8], [0, 1, 2, 3, 4, 5, 6, 7, 8], [0, 1, 2, 3, 4, 5, 6, 7, 8], [0, 1, 2, 3, 4, 5, 6, 7, 8], [0, 1, 2, 3, 4, 5, 6, 7, 8], [0, 1, 2, 3, 4, 5, 6, 7, 8], [0, 1, 2, 3, 4, 5, 6, 7, 8], [0, 1, 2, 3, 4, 5, 6, 7, 8], [0, 1, 2, 3, 4, 5, 6, 7, 8], [0, 1, 2, 3, 4, 5, 6, 7, 8], [0, 1, 2, 3, 4, 5, 6, 7, 8], [0, 1, 2, 3, 4, 5, 6, 7, 8], [0, 1, 2, 3, 4, 5, 6, 7, 8], [0, 1, 2, 3, 4, 5, 6, 7, 8], [0, 1, 2, 3, 4, 5, 6, 7, 8], [0, 1, 2, 3, 4, 5, 6, 7, 8]]",sidecar,True,calib_importance_sep_tail,0
gqa,fullload,FullLoad,1.0,full,n293477,20856731,Is the wallet lying on top of a desk?,No,"[""no""]",1.0,1939,2,calib_importance_sep_tail,4,fullload,,413.8408044818789,,,675.2270070137456,680.4155809804797,19.11112607922405,699.5267070597038,1226833920,2368,64,,623.7498645205051,,,1.0,1.0,null,0.0,,1226833920,0,64,0,1226833920,19169280.0,19169280.0,0.0,,,,,null,,,,0
gqa,layout_prefix_chunk,Layout+Prefix,0.25,chunk,n293477,20856731,Is the wallet lying on top of a desk?,No,"[""no""]",1.0,1939,2,calib_importance_sep_tail,4,prefix,0.17803767696022987,168.34413539618254,47.64921695459634,247.18287400901318,41.95215809158981,289.19557004701346,18.894381006248295,308.08995105326176,320864256,576,65,193.43295728322119,0.0,9.0,37,0.24324324324324326,0.26153846153846155,"[0.26153846153846155, 0.26153846153846155, 0.26153846153846155, 0.26153846153846155, 0.26153846153846155, 0.26153846153846155, 0.26153846153846155, 0.26153846153846155, 0.26153846153846155, 0.26153846153846155, 0.26153846153846155, 0.26153846153846155, 0.26153846153846155, 0.26153846153846155, 0.26153846153846155, 0.26153846153846155, 0.26153846153846155, 0.26153846153846155, 0.26153846153846155, 0.26153846153846155, 0.26153846153846155, 0.26153846153846155, 0.26153846153846155, 0.26153846153846155, 0.26153846153846155, 0.26153846153846155, 0.26153846153846155, 0.26153846153846155, 0.26153846153846155, 0.26153846153846155, 0.26153846153846155, 0.26153846153846155]",0.0,288,301989888,18874368,64,1,320864256,4936373.169230769,4718592.0,18874368.0,0,0,0,prefix,"[[0, 1, 2, 3, 4, 5, 6, 7, 8], [0, 1, 2, 3, 4, 5, 6, 7, 8], [0, 1, 2, 3, 4, 5, 6, 7, 8], [0, 1, 2, 3, 4, 5, 6, 7, 8], [0, 1, 2, 3, 4, 5, 6, 7, 8], [0, 1, 2, 3, 4, 5, 6, 7, 8], [0, 1, 2, 3, 4, 5, 6, 7, 8], [0, 1, 2, 3, 4, 5, 6, 7, 8], [0, 1, 2, 3, 4, 5, 6, 7, 8], [0, 1, 2, 3, 4, 5, 6, 7, 8], [0, 1, 2, 3, 4, 5, 6, 7, 8], [0, 1, 2, 3, 4, 5, 6, 7, 8], [0, 1, 2, 3, 4, 5, 6, 7, 8], [0, 1, 2, 3, 4, 5, 6, 7, 8], [0, 1, 2, 3, 4, 5, 6, 7, 8], [0, 1, 2, 3, 4, 5, 6, 7, 8], [0, 1, 2, 3, 4, 5, 6, 7, 8], [0, 1, 2, 3, 4, 5, 6, 7, 8], [0, 1, 2, 3, 4, 5, 6, 7, 8], [0, 1, 2, 3, 4, 5, 6, 7, 8], [0, 1, 2, 3, 4, 5, 6, 7, 8], [0, 1, 2, 3, 4, 5, 6, 7, 8], [0, 1, 2, 3, 4, 5, 6, 7, 8], [0, 1, 2, 3, 4, 5, 6, 7, 8], [0, 1, 2, 3, 4, 5, 6, 7, 8], [0, 1, 2, 3, 4, 5, 6, 7, 8], [0, 1, 2, 3, 4, 5, 6, 7, 8], [0, 1, 2, 3, 4, 5, 6, 7, 8], [0, 1, 2, 3, 4, 5, 6, 7, 8], [0, 1, 2, 3, 4, 5, 6, 7, 8], [0, 1, 2, 3, 4, 5, 6, 7, 8], [0, 1, 2, 3, 4, 5, 6, 7, 8]]",sidecar,True,calib_importance_sep_tail,0
gqa,fullload,FullLoad,1.0,full,n293477,20857065,What is the color of the pens that are lying on top of the bed?,Blue,"[""white""]",0.0,10924,2,calib_importance_sep_tail,4,fullload,,471.47383936680853,,,796.8992210226133,804.9635620554909,47.05801093950868,852.0215729949996,1226833920,2368,64,,748.495826148428,,,1.0,1.0,null,0.0,,1226833920,0,64,0,1226833920,19169280.0,19169280.0,0.0,,,,,null,,,,0
gqa,layout_prefix_chunk,Layout+Prefix,0.25,chunk,n293477,20857065,What is the color of the pens that are lying on top of the bed?,Black,"[""white""]",0.0,6054,2,calib_importance_sep_tail,4,prefix,0.2281916094943881,163.5873110499233,56.552715599536896,261.95619301870465,53.56039199978113,315.57719805277884,18.574484041891992,334.15168209467083,320864256,576,65,196.365304174833,0.0,9.0,37,0.24324324324324326,0.26153846153846155,"[0.26153846153846155, 0.26153846153846155, 0.26153846153846155, 0.26153846153846155, 0.26153846153846155, 0.26153846153846155, 0.26153846153846155, 0.26153846153846155, 0.26153846153846155, 0.26153846153846155, 0.26153846153846155, 0.26153846153846155, 0.26153846153846155, 0.26153846153846155, 0.26153846153846155, 0.26153846153846155, 0.26153846153846155, 0.26153846153846155, 0.26153846153846155, 0.26153846153846155, 0.26153846153846155, 0.26153846153846155, 0.26153846153846155, 0.26153846153846155, 0.26153846153846155, 0.26153846153846155, 0.26153846153846155, 0.26153846153846155, 0.26153846153846155, 0.26153846153846155, 0.26153846153846155, 0.26153846153846155]",0.0,288,301989888,18874368,64,1,320864256,4936373.169230769,4718592.0,18874368.0,0,0,0,prefix,"[[0, 1, 2, 3, 4, 5, 6, 7, 8], [0, 1, 2, 3, 4, 5, 6, 7, 8], [0, 1, 2, 3, 4, 5, 6, 7, 8], [0, 1, 2, 3, 4, 5, 6, 7, 8], [0, 1, 2, 3, 4, 5, 6, 7, 8], [0, 1, 2, 3, 4, 5, 6, 7, 8], [0, 1, 2, 3, 4, 5, 6, 7, 8], [0, 1, 2, 3, 4, 5, 6, 7, 8], [0, 1, 2, 3, 4, 5, 6, 7, 8], [0, 1, 2, 3, 4, 5, 6, 7, 8], [0, 1, 2, 3, 4, 5, 6, 7, 8], [0, 1, 2, 3, 4, 5, 6, 7, 8], [0, 1, 2, 3, 4, 5, 6, 7, 8], [0, 1, 2, 3, 4, 5, 6, 7, 8], [0, 1, 2, 3, 4, 5, 6, 7, 8], [0, 1, 2, 3, 4, 5, 6, 7, 8], [0, 1, 2, 3, 4, 5, 6, 7, 8], [0, 1, 2, 3, 4, 5, 6, 7, 8], [0, 1, 2, 3, 4, 5, 6, 7, 8], [0, 1, 2, 3, 4, 5, 6, 7, 8], [0, 1, 2, 3, 4, 5, 6, 7, 8], [0, 1, 2, 3, 4, 5, 6, 7, 8], [0, 1, 2, 3, 4, 5, 6, 7, 8], [0, 1, 2, 3, 4, 5, 6, 7, 8], [0, 1, 2, 3, 4, 5, 6, 7, 8], [0, 1, 2, 3, 4, 5, 6, 7, 8], [0, 1, 2, 3, 4, 5, 6, 7, 8], [0, 1, 2, 3, 4, 5, 6, 7, 8], [0, 1, 2, 3, 4, 5, 6, 7, 8], [0, 1, 2, 3, 4, 5, 6, 7, 8], [0, 1, 2, 3, 4, 5, 6, 7, 8], [0, 1, 2, 3, 4, 5, 6, 7, 8]]",sidecar,True,calib_importance_sep_tail,0
gqa,fullload,FullLoad,1.0,full,n293477,20857040,Are there either wood spoons or knives?,No,"[""no""]",1.0,1939,2,calib_importance_sep_tail,4,fullload,,481.9353782804683,,,877.833663020283,883.0329610500485,19.01205803733319,902.0450190873817,1226833920,2368,64,,824.4115473935381,,,1.0,1.0,null,0.0,,1226833920,0,64,0,1226833920,19169280.0,19169280.0,0.0,,,,,null,,,,0
gqa,layout_prefix_chunk,Layout+Prefix,0.25,chunk,n293477,20857040,Are there either wood spoons or knives?,No,"[""no""]",1.0,1939,2,calib_importance_sep_tail,4,prefix,0.2171511296182871,172.89922677446157,52.59123211726546,261.29364396911114,48.65570506080985,310.01027300953865,18.648529890924692,328.65880290046334,320864256,576,65,202.4547008331865,0.0,9.0,37,0.24324324324324326,0.26153846153846155,"[0.26153846153846155, 0.26153846153846155, 0.26153846153846155, 0.26153846153846155, 0.26153846153846155, 0.26153846153846155, 0.26153846153846155, 0.26153846153846155, 0.26153846153846155, 0.26153846153846155, 0.26153846153846155, 0.26153846153846155, 0.26153846153846155, 0.26153846153846155, 0.26153846153846155, 0.26153846153846155, 0.26153846153846155, 0.26153846153846155, 0.26153846153846155, 0.26153846153846155, 0.26153846153846155, 0.26153846153846155, 0.26153846153846155, 0.26153846153846155, 0.26153846153846155, 0.26153846153846155, 0.26153846153846155, 0.26153846153846155, 0.26153846153846155, 0.26153846153846155, 0.26153846153846155, 0.26153846153846155]",0.0,288,301989888,18874368,64,1,320864256,4936373.169230769,4718592.0,18874368.0,0,0,0,prefix,"[[0, 1, 2, 3, 4, 5, 6, 7, 8], [0, 1, 2, 3, 4, 5, 6, 7, 8], [0, 1, 2, 3, 4, 5, 6, 7, 8], [0, 1, 2, 3, 4, 5, 6, 7, 8], [0, 1, 2, 3, 4, 5, 6, 7, 8], [0, 1, 2, 3, 4, 5, 6, 7, 8], [0, 1, 2, 3, 4, 5, 6, 7, 8], [0, 1, 2, 3, 4, 5, 6, 7, 8], [0, 1, 2, 3, 4, 5, 6, 7, 8], [0, 1, 2, 3, 4, 5, 6, 7, 8], [0, 1, 2, 3, 4, 5, 6, 7, 8], [0, 1, 2, 3, 4, 5, 6, 7, 8], [0, 1, 2, 3, 4, 5, 6, 7, 8], [0, 1, 2, 3, 4, 5, 6, 7, 8], [0, 1, 2, 3, 4, 5, 6, 7, 8], [0, 1, 2, 3, 4, 5, 6, 7, 8], [0, 1, 2, 3, 4, 5, 6, 7, 8], [0, 1, 2, 3, 4, 5, 6, 7, 8], [0, 1, 2, 3, 4, 5, 6, 7, 8], [0, 1, 2, 3, 4, 5, 6, 7, 8], [0, 1, 2, 3, 4, 5, 6, 7, 8], [0, 1, 2, 3, 4, 5, 6, 7, 8], [0, 1, 2, 3, 4, 5, 6, 7, 8], [0, 1, 2, 3, 4, 5, 6, 7, 8], [0, 1, 2, 3, 4, 5, 6, 7, 8], [0, 1, 2, 3, 4, 5, 6, 7, 8], [0, 1, 2, 3, 4, 5, 6, 7, 8], [0, 1, 2, 3, 4, 5, 6, 7, 8], [0, 1, 2, 3, 4, 5, 6, 7, 8], [0, 1, 2, 3, 4, 5, 6, 7, 8], [0, 1, 2, 3, 4, 5, 6, 7, 8], [0, 1, 2, 3, 4, 5, 6, 7, 8]]",sidecar,True,calib_importance_sep_tail,0
gqa,fullload,FullLoad,1.0,full,n44249,20935919,Are the green trees lush or leafless?,Lush,"[""lush""]",1.0,365,3,calib_importance_sep_tail,4,fullload,,407.14774932712317,,,678.0029410729185,683.1176930572838,50.14758394099772,733.2652769982815,1124073472,2176,64,,622.9454359272495,,,1.0,1.0,null,0.0,,1124073472,0,64,0,1124073472,17563648.0,17563648.0,0.0,,,,,null,,,,0
gqa,layout_prefix_chunk,Layout+Prefix,0.25,chunk,n44249,20935919,Are the green trees lush or leafless?,Lush,"[""lush""]",1.0,365,3,calib_importance_sep_tail,4,prefix,0.2101260470226407,141.59117941744626,51.80041887797415,228.00062503665686,36.95398801937699,264.99682711437345,36.90040891524404,301.8972360296175,285212672,512,65,170.31454725656658,0.0,8.0,34,0.23529411764705882,0.2537313432835821,"[0.2537313432835821, 0.2537313432835821, 0.2537313432835821, 0.2537313432835821, 0.2537313432835821, 0.2537313432835821, 0.2537313432835821, 0.2537313432835821, 0.2537313432835821, 0.2537313432835821, 0.2537313432835821, 0.2537313432835821, 0.2537313432835821, 0.2537313432835821, 0.2537313432835821, 0.2537313432835821, 0.2537313432835821, 0.2537313432835821, 0.2537313432835821, 0.2537313432835821, 0.2537313432835821, 0.2537313432835821, 0.2537313432835821, 0.2537313432835821, 0.2537313432835821, 0.2537313432835821, 0.2537313432835821, 0.2537313432835821, 0.2537313432835821, 0.2537313432835821, 0.2537313432835821, 0.2537313432835821]",0.0,256,268435456,16777216,64,1,285212672,4387887.261538462,4194304.0,16777216.0,0,0,0,prefix,"[[0, 1, 2, 3, 4, 5, 6, 7], [0, 1, 2, 3, 4, 5, 6, 7], [0, 1, 2, 3, 4, 5, 6, 7], [0, 1, 2, 3, 4, 5, 6, 7], [0, 1, 2, 3, 4, 5, 6, 7], [0, 1, 2, 3, 4, 5, 6, 7], [0, 1, 2, 3, 4, 5, 6, 7], [0, 1, 2, 3, 4, 5, 6, 7], [0, 1, 2, 3, 4, 5, 6, 7], [0, 1, 2, 3, 4, 5, 6, 7], [0, 1, 2, 3, 4, 5, 6, 7], [0, 1, 2, 3, 4, 5, 6, 7], [0, 1, 2, 3, 4, 5, 6, 7], [0, 1, 2, 3, 4, 5, 6, 7], [0, 1, 2, 3, 4, 5, 6, 7], [0, 1, 2, 3, 4, 5, 6, 7], [0, 1, 2, 3, 4, 5, 6, 7], [0, 1, 2, 3, 4, 5, 6, 7], [0, 1, 2, 3, 4, 5, 6, 7], [0, 1, 2, 3, 4, 5, 6, 7], [0, 1, 2, 3, 4, 5, 6, 7], [0, 1, 2, 3, 4, 5, 6, 7], [0, 1, 2, 3, 4, 5, 6, 7], [0, 1, 2, 3, 4, 5, 6, 7], [0, 1, 2, 3, 4, 5, 6, 7], [0, 1, 2, 3, 4, 5, 6, 7], [0, 1, 2, 3, 4, 5, 6, 7], [0, 1, 2, 3, 4, 5, 6, 7], [0, 1, 2, 3, 4, 5, 6, 7], [0, 1, 2, 3, 4, 5, 6, 7], [0, 1, 2, 3, 4, 5, 6, 7], [0, 1, 2, 3, 4, 5, 6, 7]]",sidecar,True,calib_importance_sep_tail,0
gqa,fullload,FullLoad,1.0,full,n44249,20935938,"What kind of animal are the trees behind of, a sheep or an elephant?",Elephant,"[""elephant""]",1.0,8317,4,calib_importance_sep_tail,4,fullload,,407.30355109553784,,,655.5894240736961,660.5265809921548,70.03511197399348,730.5616929661483,1124073472,2176,64,,603.9574942551553,,,1.0,1.0,null,0.0,,1124073472,0,64,0,1124073472,17563648.0,17563648.0,0.0,,,,,null,,,,0
gqa,layout_prefix_chunk,Layout+Prefix,0.25,chunk,n44249,20935938,"What kind of animal are the trees behind of, a sheep or an elephant?",Elephant,"[""elephant""]",1.0,8317,4,calib_importance_sep_tail,4,prefix,0.17220620065927505,114.46298565715551,45.46707449480891,191.5416030678898,51.00003501866013,242.58575099520385,54.58757805172354,297.1733290469274,285212672,512,65,138.28307203948498,0.0,8.0,34,0.23529411764705882,0.2537313432835821,"[0.2537313432835821, 0.2537313432835821, 0.2537313432835821, 0.2537313432835821, 0.2537313432835821, 0.2537313432835821, 0.2537313432835821, 0.2537313432835821, 0.2537313432835821, 0.2537313432835821, 0.2537313432835821, 0.2537313432835821, 0.2537313432835821, 0.2537313432835821, 0.2537313432835821, 0.2537313432835821, 0.2537313432835821, 0.2537313432835821, 0.2537313432835821, 0.2537313432835821, 0.2537313432835821, 0.2537313432835821, 0.2537313432835821, 0.2537313432835821, 0.2537313432835821, 0.2537313432835821, 0.2537313432835821, 0.2537313432835821, 0.2537313432835821, 0.2537313432835821, 0.2537313432835821, 0.2537313432835821]",0.0,256,268435456,16777216,64,1,285212672,4387887.261538462,4194304.0,16777216.0,0,0,0,prefix,"[[0, 1, 2, 3, 4, 5, 6, 7], [0, 1, 2, 3, 4, 5, 6, 7], [0, 1, 2, 3, 4, 5, 6, 7], [0, 1, 2, 3, 4, 5, 6, 7], [0, 1, 2, 3, 4, 5, 6, 7], [0, 1, 2, 3, 4, 5, 6, 7], [0, 1, 2, 3, 4, 5, 6, 7], [0, 1, 2, 3, 4, 5, 6, 7], [0, 1, 2, 3, 4, 5, 6, 7], [0, 1, 2, 3, 4, 5, 6, 7], [0, 1, 2, 3, 4, 5, 6, 7], [0, 1, 2, 3, 4, 5, 6, 7], [0, 1, 2, 3, 4, 5, 6, 7], [0, 1, 2, 3, 4, 5, 6, 7], [0, 1, 2, 3, 4, 5, 6, 7], [0, 1, 2, 3, 4, 5, 6, 7], [0, 1, 2, 3, 4, 5, 6, 7], [0, 1, 2, 3, 4, 5, 6, 7], [0, 1, 2, 3, 4, 5, 6, 7], [0, 1, 2, 3, 4, 5, 6, 7], [0, 1, 2, 3, 4, 5, 6, 7], [0, 1, 2, 3, 4, 5, 6, 7], [0, 1, 2, 3, 4, 5, 6, 7], [0, 1, 2, 3, 4, 5, 6, 7], [0, 1, 2, 3, 4, 5, 6, 7], [0, 1, 2, 3, 4, 5, 6, 7], [0, 1, 2, 3, 4, 5, 6, 7], [0, 1, 2, 3, 4, 5, 6, 7], [0, 1, 2, 3, 4, 5, 6, 7], [0, 1, 2, 3, 4, 5, 6, 7], [0, 1, 2, 3, 4, 5, 6, 7], [0, 1, 2, 3, 4, 5, 6, 7]]",sidecar,True,calib_importance_sep_tail,0
gqa,fullload,FullLoad,1.0,full,n44249,20935990,Does the animal beside the fence have small size?,No,"[""no""]",1.0,1939,2,calib_importance_sep_tail,4,fullload,,377.9576370725408,,,617.9429669864476,622.9498400352895,19.233498023822904,642.1833380591124,1124073472,2176,64,,571.6752890730277,,,1.0,1.0,null,0.0,,1124073472,0,64,0,1124073472,17563648.0,17563648.0,0.0,,,,,null,,,,0
gqa,layout_prefix_chunk,Layout+Prefix,0.25,chunk,n44249,20935990,Does the animal beside the fence have small size?,No,"[""no""]",1.0,1939,2,calib_importance_sep_tail,4,prefix,0.13207283336669207,137.95275648590177,39.06921367160976,201.4562749536708,34.61443795822561,236.11381300725043,18.56307894922793,254.67689195647836,285212672,512,65,156.42959729302675,0.0,8.0,34,0.23529411764705882,0.2537313432835821,"[0.2537313432835821, 0.2537313432835821, 0.2537313432835821, 0.2537313432835821, 0.2537313432835821, 0.2537313432835821, 0.2537313432835821, 0.2537313432835821, 0.2537313432835821, 0.2537313432835821, 0.2537313432835821, 0.2537313432835821, 0.2537313432835821, 0.2537313432835821, 0.2537313432835821, 0.2537313432835821, 0.2537313432835821, 0.2537313432835821, 0.2537313432835821, 0.2537313432835821, 0.2537313432835821, 0.2537313432835821, 0.2537313432835821, 0.2537313432835821, 0.2537313432835821, 0.2537313432835821, 0.2537313432835821, 0.2537313432835821, 0.2537313432835821, 0.2537313432835821, 0.2537313432835821, 0.2537313432835821]",0.0,256,268435456,16777216,64,1,285212672,4387887.261538462,4194304.0,16777216.0,0,0,0,prefix,"[[0, 1, 2, 3, 4, 5, 6, 7], [0, 1, 2, 3, 4, 5, 6, 7], [0, 1, 2, 3, 4, 5, 6, 7], [0, 1, 2, 3, 4, 5, 6, 7], [0, 1, 2, 3, 4, 5, 6, 7], [0, 1, 2, 3, 4, 5, 6, 7], [0, 1, 2, 3, 4, 5, 6, 7], [0, 1, 2, 3, 4, 5, 6, 7], [0, 1, 2, 3, 4, 5, 6, 7], [0, 1, 2, 3, 4, 5, 6, 7], [0, 1, 2, 3, 4, 5, 6, 7], [0, 1, 2, 3, 4, 5, 6, 7], [0, 1, 2, 3, 4, 5, 6, 7], [0, 1, 2, 3, 4, 5, 6, 7], [0, 1, 2, 3, 4, 5, 6, 7], [0, 1, 2, 3, 4, 5, 6, 7], [0, 1, 2, 3, 4, 5, 6, 7], [0, 1, 2, 3, 4, 5, 6, 7], [0, 1, 2, 3, 4, 5, 6, 7], [0, 1, 2, 3, 4, 5, 6, 7], [0, 1, 2, 3, 4, 5, 6, 7], [0, 1, 2, 3, 4, 5, 6, 7], [0, 1, 2, 3, 4, 5, 6, 7], [0, 1, 2, 3, 4, 5, 6, 7], [0, 1, 2, 3, 4, 5, 6, 7], [0, 1, 2, 3, 4, 5, 6, 7], [0, 1, 2, 3, 4, 5, 6, 7], [0, 1, 2, 3, 4, 5, 6, 7], [0, 1, 2, 3, 4, 5, 6, 7], [0, 1, 2, 3, 4, 5, 6, 7], [0, 1, 2, 3, 4, 5, 6, 7], [0, 1, 2, 3, 4, 5, 6, 7]]",sidecar,True,calib_importance_sep_tail,0
gqa,fullload,FullLoad,1.0,full,n44249,20936256,Is the woman to the right or to the left of the heavy person?,Left,"[""left""]",1.0,19941,2,calib_importance_sep_tail,4,fullload,,439.33112104423344,,,693.2217619614676,697.997962939553,19.834080012515187,717.8320429520682,1124073472,2176,64,,643.3401275426149,,,1.0,1.0,null,0.0,,1124073472,0,64,0,1124073472,17563648.0,17563648.0,0.0,,,,,null,,,,0
gqa,layout_prefix_chunk,Layout+Prefix,0.25,chunk,n44249,20936256,Is the woman to the right or to the left of the heavy person?,Left,"[""left""]",1.0,19941,2,calib_importance_sep_tail,4,prefix,0.1399461179971695,147.7184765972197,42.09121991880238,218.31806004047394,34.95548292994499,253.3136249985546,19.38860898371786,272.70223398227245,285212672,512,65,168.84853993542492,0.0,8.0,34,0.23529411764705882,0.2537313432835821,"[0.2537313432835821, 0.2537313432835821, 0.2537313432835821, 0.2537313432835821, 0.2537313432835821, 0.2537313432835821, 0.2537313432835821, 0.2537313432835821, 0.2537313432835821, 0.2537313432835821, 0.2537313432835821, 0.2537313432835821, 0.2537313432835821, 0.2537313432835821, 0.2537313432835821, 0.2537313432835821, 0.2537313432835821, 0.2537313432835821, 0.2537313432835821, 0.2537313432835821, 0.2537313432835821, 0.2537313432835821, 0.2537313432835821, 0.2537313432835821, 0.2537313432835821, 0.2537313432835821, 0.2537313432835821, 0.2537313432835821, 0.2537313432835821, 0.2537313432835821, 0.2537313432835821, 0.2537313432835821]",0.0,256,268435456,16777216,64,1,285212672,4387887.261538462,4194304.0,16777216.0,0,0,0,prefix,"[[0, 1, 2, 3, 4, 5, 6, 7], [0, 1, 2, 3, 4, 5, 6, 7], [0, 1, 2, 3, 4, 5, 6, 7], [0, 1, 2, 3, 4, 5, 6, 7], [0, 1, 2, 3, 4, 5, 6, 7], [0, 1, 2, 3, 4, 5, 6, 7], [0, 1, 2, 3, 4, 5, 6, 7], [0, 1, 2, 3, 4, 5, 6, 7], [0, 1, 2, 3, 4, 5, 6, 7], [0, 1, 2, 3, 4, 5, 6, 7], [0, 1, 2, 3, 4, 5, 6, 7], [0, 1, 2, 3, 4, 5, 6, 7], [0, 1, 2, 3, 4, 5, 6, 7], [0, 1, 2, 3, 4, 5, 6, 7], [0, 1, 2, 3, 4, 5, 6, 7], [0, 1, 2, 3, 4, 5, 6, 7], [0, 1, 2, 3, 4, 5, 6, 7], [0, 1, 2, 3, 4, 5, 6, 7], [0, 1, 2, 3, 4, 5, 6, 7], [0, 1, 2, 3, 4, 5, 6, 7], [0, 1, 2, 3, 4, 5, 6, 7], [0, 1, 2, 3, 4, 5, 6, 7], [0, 1, 2, 3, 4, 5, 6, 7], [0, 1, 2, 3, 4, 5, 6, 7], [0, 1, 2, 3, 4, 5, 6, 7], [0, 1, 2, 3, 4, 5, 6, 7], [0, 1, 2, 3, 4, 5, 6, 7], [0, 1, 2, 3, 4, 5, 6, 7], [0, 1, 2, 3, 4, 5, 6, 7], [0, 1, 2, 3, 4, 5, 6, 7], [0, 1, 2, 3, 4, 5, 6, 7], [0, 1, 2, 3, 4, 5, 6, 7]]",sidecar,True,calib_importance_sep_tail,0
gqa,fullload,FullLoad,1.0,full,n44249,20936230,Which kind of animal is the woman on?,Elephant,"[""elephant""]",1.0,8317,4,calib_importance_sep_tail,4,fullload,,461.9412046158686,,,789.2383360303938,794.1448839846998,55.09565700776875,849.2405409924686,1124073472,2176,64,,730.4500121390447,,,1.0,1.0,null,0.0,,1124073472,0,64,0,1124073472,17563648.0,17563648.0,0.0,,,,,null,,,,0
gqa,layout_prefix_chunk,Layout+Prefix,0.25,chunk,n44249,20936230,Which kind of animal is the woman on?,Elephant,"[""elephant""]",1.0,8317,4,calib_importance_sep_tail,4,prefix,0.20041270181536674,148.22720689699054,49.65953715145588,229.08494505099952,55.03848590888083,284.1818400193006,54.2141409823671,338.3959810016677,285212672,512,65,173.46117726992816,0.0,8.0,34,0.23529411764705882,0.2537313432835821,"[0.2537313432835821, 0.2537313432835821, 0.2537313432835821, 0.2537313432835821, 0.2537313432835821, 0.2537313432835821, 0.2537313432835821, 0.2537313432835821, 0.2537313432835821, 0.2537313432835821, 0.2537313432835821, 0.2537313432835821, 0.2537313432835821, 0.2537313432835821, 0.2537313432835821, 0.2537313432835821, 0.2537313432835821, 0.2537313432835821, 0.2537313432835821, 0.2537313432835821, 0.2537313432835821, 0.2537313432835821, 0.2537313432835821, 0.2537313432835821, 0.2537313432835821, 0.2537313432835821, 0.2537313432835821, 0.2537313432835821, 0.2537313432835821, 0.2537313432835821, 0.2537313432835821, 0.2537313432835821]",0.0,256,268435456,16777216,64,1,285212672,4387887.261538462,4194304.0,16777216.0,0,0,0,prefix,"[[0, 1, 2, 3, 4, 5, 6, 7], [0, 1, 2, 3, 4, 5, 6, 7], [0, 1, 2, 3, 4, 5, 6, 7], [0, 1, 2, 3, 4, 5, 6, 7], [0, 1, 2, 3, 4, 5, 6, 7], [0, 1, 2, 3, 4, 5, 6, 7], [0, 1, 2, 3, 4, 5, 6, 7], [0, 1, 2, 3, 4, 5, 6, 7], [0, 1, 2, 3, 4, 5, 6, 7], [0, 1, 2, 3, 4, 5, 6, 7], [0, 1, 2, 3, 4, 5, 6, 7], [0, 1, 2, 3, 4, 5, 6, 7], [0, 1, 2, 3, 4, 5, 6, 7], [0, 1, 2, 3, 4, 5, 6, 7], [0, 1, 2, 3, 4, 5, 6, 7], [0, 1, 2, 3, 4, 5, 6, 7], [0, 1, 2, 3, 4, 5, 6, 7], [0, 1, 2, 3, 4, 5, 6, 7], [0, 1, 2, 3, 4, 5, 6, 7], [0, 1, 2, 3, 4, 5, 6, 7], [0, 1, 2, 3, 4, 5, 6, 7], [0, 1, 2, 3, 4, 5, 6, 7], [0, 1, 2, 3, 4, 5, 6, 7], [0, 1, 2, 3, 4, 5, 6, 7], [0, 1, 2, 3, 4, 5, 6, 7], [0, 1, 2, 3, 4, 5, 6, 7], [0, 1, 2, 3, 4, 5, 6, 7], [0, 1, 2, 3, 4, 5, 6, 7], [0, 1, 2, 3, 4, 5, 6, 7], [0, 1, 2, 3, 4, 5, 6, 7], [0, 1, 2, 3, 4, 5, 6, 7], [0, 1, 2, 3, 4, 5, 6, 7]]",sidecar,True,calib_importance_sep_tail,0
gqa,fullload,FullLoad,1.0,full,n44249,20936214,Does the woman to the left of the man appear to be sitting?,Yes,"[""yes""]",1.0,3869,2,calib_importance_sep_tail,4,fullload,,421.29018215928227,,,695.7020360277966,700.7273769704625,19.00684996508062,719.7342269355431,1124073472,2176,64,,638.3956719655544,,,1.0,1.0,null,0.0,,1124073472,0,64,0,1124073472,17563648.0,17563648.0,0.0,,,,,null,,,,0
gqa,layout_prefix_chunk,Layout+Prefix,0.25,chunk,n44249,20936214,Does the woman to the left of the man appear to be sitting?,Yes,"[""yes""]",1.0,3869,2,calib_importance_sep_tail,4,prefix,0.1906038960441947,156.80272912140936,48.558386391960084,235.17862905282527,61.23521795962006,296.4737790171057,18.805143074132502,315.2789220912382,285212672,512,65,180.7020092383027,0.0,8.0,34,0.23529411764705882,0.2537313432835821,"[0.2537313432835821, 0.2537313432835821, 0.2537313432835821, 0.2537313432835821, 0.2537313432835821, 0.2537313432835821, 0.2537313432835821, 0.2537313432835821, 0.2537313432835821, 0.2537313432835821, 0.2537313432835821, 0.2537313432835821, 0.2537313432835821, 0.2537313432835821, 0.2537313432835821, 0.2537313432835821, 0.2537313432835821, 0.2537313432835821, 0.2537313432835821, 0.2537313432835821, 0.2537313432835821, 0.2537313432835821, 0.2537313432835821, 0.2537313432835821, 0.2537313432835821, 0.2537313432835821, 0.2537313432835821, 0.2537313432835821, 0.2537313432835821, 0.2537313432835821, 0.2537313432835821, 0.2537313432835821]",0.0,256,268435456,16777216,64,1,285212672,4387887.261538462,4194304.0,16777216.0,0,0,0,prefix,"[[0, 1, 2, 3, 4, 5, 6, 7], [0, 1, 2, 3, 4, 5, 6, 7], [0, 1, 2, 3, 4, 5, 6, 7], [0, 1, 2, 3, 4, 5, 6, 7], [0, 1, 2, 3, 4, 5, 6, 7], [0, 1, 2, 3, 4, 5, 6, 7], [0, 1, 2, 3, 4, 5, 6, 7], [0, 1, 2, 3, 4, 5, 6, 7], [0, 1, 2, 3, 4, 5, 6, 7], [0, 1, 2, 3, 4, 5, 6, 7], [0, 1, 2, 3, 4, 5, 6, 7], [0, 1, 2, 3, 4, 5, 6, 7], [0, 1, 2, 3, 4, 5, 6, 7], [0, 1, 2, 3, 4, 5, 6, 7], [0, 1, 2, 3, 4, 5, 6, 7], [0, 1, 2, 3, 4, 5, 6, 7], [0, 1, 2, 3, 4, 5, 6, 7], [0, 1, 2, 3, 4, 5, 6, 7], [0, 1, 2, 3, 4, 5, 6, 7], [0, 1, 2, 3, 4, 5, 6, 7], [0, 1, 2, 3, 4, 5, 6, 7], [0, 1, 2, 3, 4, 5, 6, 7], [0, 1, 2, 3, 4, 5, 6, 7], [0, 1, 2, 3, 4, 5, 6, 7], [0, 1, 2, 3, 4, 5, 6, 7], [0, 1, 2, 3, 4, 5, 6, 7], [0, 1, 2, 3, 4, 5, 6, 7], [0, 1, 2, 3, 4, 5, 6, 7], [0, 1, 2, 3, 4, 5, 6, 7], [0, 1, 2, 3, 4, 5, 6, 7], [0, 1, 2, 3, 4, 5, 6, 7], [0, 1, 2, 3, 4, 5, 6, 7]]",sidecar,True,calib_importance_sep_tail,0
gqa,fullload,FullLoad,1.0,full,n331357,201404246,The small animal is drinking from who?,Cow,"[""mother""]",0.0,21638,2,calib_importance_sep_tail,4,fullload,,424.5880540693179,,,669.1420619608834,675.6606430280954,18.853534013032913,694.5141770411283,1072693248,2048,64,,607.8329666052014,,,1.0,1.0,null,0.0,,1072693248,0,64,0,1072693248,16760832.0,16760832.0,0.0,,,,,null,,,,0
gqa,layout_prefix_chunk,Layout+Prefix,0.25,chunk,n331357,201404246,The small animal is drinking from who?,Cow,"[""mother""]",0.0,21638,2,calib_importance_sep_tail,4,prefix,0.15598570462316275,144.50707926880568,40.82991264294833,211.2987379077822,35.1454250048846,246.48228602018207,18.991897930391133,265.4741839505732,284164096,512,65,164.8470532381907,0.0,8.0,32,0.25,0.2649071358748778,"[0.2649071358748778, 0.2649071358748778, 0.2649071358748778, 0.2649071358748778, 0.2649071358748778, 0.2649071358748778, 0.2649071358748778, 0.2649071358748778, 0.2649071358748778, 0.2649071358748778, 0.2649071358748778, 0.2649071358748778, 0.2649071358748778, 0.2649071358748778, 0.2649071358748778, 0.2649071358748778, 0.2649071358748778, 0.2649071358748778, 0.2649071358748778, 0.2649071358748778, 0.2649071358748778, 0.2649071358748778, 0.2649071358748778, 0.2649071358748778, 0.2649071358748778, 0.2649071358748778, 0.2649071358748778, 0.2649071358748778, 0.2649071358748778, 0.2649071358748778, 0.2649071358748778, 0.2649071358748778]",0.0,256,268435456,15728640,64,1,284164096,4371755.323076923,4194304.0,15728640.0,0,0,0,prefix,"[[0, 1, 2, 3, 4, 5, 6, 7], [0, 1, 2, 3, 4, 5, 6, 7], [0, 1, 2, 3, 4, 5, 6, 7], [0, 1, 2, 3, 4, 5, 6, 7], [0, 1, 2, 3, 4, 5, 6, 7], [0, 1, 2, 3, 4, 5, 6, 7], [0, 1, 2, 3, 4, 5, 6, 7], [0, 1, 2, 3, 4, 5, 6, 7], [0, 1, 2, 3, 4, 5, 6, 7], [0, 1, 2, 3, 4, 5, 6, 7], [0, 1, 2, 3, 4, 5, 6, 7], [0, 1, 2, 3, 4, 5, 6, 7], [0, 1, 2, 3, 4, 5, 6, 7], [0, 1, 2, 3, 4, 5, 6, 7], [0, 1, 2, 3, 4, 5, 6, 7], [0, 1, 2, 3, 4, 5, 6, 7], [0, 1, 2, 3, 4, 5, 6, 7], [0, 1, 2, 3, 4, 5, 6, 7], [0, 1, 2, 3, 4, 5, 6, 7], [0, 1, 2, 3, 4, 5, 6, 7], [0, 1, 2, 3, 4, 5, 6, 7], [0, 1, 2, 3, 4, 5, 6, 7], [0, 1, 2, 3, 4, 5, 6, 7], [0, 1, 2, 3, 4, 5, 6, 7], [0, 1, 2, 3, 4, 5, 6, 7], [0, 1, 2, 3, 4, 5, 6, 7], [0, 1, 2, 3, 4, 5, 6, 7], [0, 1, 2, 3, 4, 5, 6, 7], [0, 1, 2, 3, 4, 5, 6, 7], [0, 1, 2, 3, 4, 5, 6, 7], [0, 1, 2, 3, 4, 5, 6, 7], [0, 1, 2, 3, 4, 5, 6, 7]]",sidecar,True,calib_importance_sep_tail,0
gqa,fullload,FullLoad,1.0,full,n331357,201404241,What animal is drinking from the mother?,Calf,"[""calf""]",1.0,3037,3,calib_importance_sep_tail,4,fullload,,400.6438000360504,,,605.2014140877873,610.0424240576103,37.33922599349171,647.381650051102,1072693248,2048,64,,557.9149364493787,,,1.0,1.0,null,0.0,,1072693248,0,64,0,1072693248,16760832.0,16760832.0,0.0,,,,,null,,,,0
gqa,layout_prefix_chunk,Layout+Prefix,0.25,chunk,n331357,201404241,What animal is drinking from the mother?,Calf,"[""calf""]",1.0,3037,3,calib_importance_sep_tail,4,prefix,0.21907780319452286,163.49078284110874,52.24247497972101,250.53346494678408,40.80339602660388,291.3960060104728,37.084579933434725,328.4805859439075,284164096,512,65,190.66848023794591,0.0,8.0,32,0.25,0.2649071358748778,"[0.2649071358748778, 0.2649071358748778, 0.2649071358748778, 0.2649071358748778, 0.2649071358748778, 0.2649071358748778, 0.2649071358748778, 0.2649071358748778, 0.2649071358748778, 0.2649071358748778, 0.2649071358748778, 0.2649071358748778, 0.2649071358748778, 0.2649071358748778, 0.2649071358748778, 0.2649071358748778, 0.2649071358748778, 0.2649071358748778, 0.2649071358748778, 0.2649071358748778, 0.2649071358748778, 0.2649071358748778, 0.2649071358748778, 0.2649071358748778, 0.2649071358748778, 0.2649071358748778, 0.2649071358748778, 0.2649071358748778, 0.2649071358748778, 0.2649071358748778, 0.2649071358748778, 0.2649071358748778]",0.0,256,268435456,15728640,64,1,284164096,4371755.323076923,4194304.0,15728640.0,0,0,0,prefix,"[[0, 1, 2, 3, 4, 5, 6, 7], [0, 1, 2, 3, 4, 5, 6, 7], [0, 1, 2, 3, 4, 5, 6, 7], [0, 1, 2, 3, 4, 5, 6, 7], [0, 1, 2, 3, 4, 5, 6, 7], [0, 1, 2, 3, 4, 5, 6, 7], [0, 1, 2, 3, 4, 5, 6, 7], [0, 1, 2, 3, 4, 5, 6, 7], [0, 1, 2, 3, 4, 5, 6, 7], [0, 1, 2, 3, 4, 5, 6, 7], [0, 1, 2, 3, 4, 5, 6, 7], [0, 1, 2, 3, 4, 5, 6, 7], [0, 1, 2, 3, 4, 5, 6, 7], [0, 1, 2, 3, 4, 5, 6, 7], [0, 1, 2, 3, 4, 5, 6, 7], [0, 1, 2, 3, 4, 5, 6, 7], [0, 1, 2, 3, 4, 5, 6, 7], [0, 1, 2, 3, 4, 5, 6, 7], [0, 1, 2, 3, 4, 5, 6, 7], [0, 1, 2, 3, 4, 5, 6, 7], [0, 1, 2, 3, 4, 5, 6, 7], [0, 1, 2, 3, 4, 5, 6, 7], [0, 1, 2, 3, 4, 5, 6, 7], [0, 1, 2, 3, 4, 5, 6, 7], [0, 1, 2, 3, 4, 5, 6, 7], [0, 1, 2, 3, 4, 5, 6, 7], [0, 1, 2, 3, 4, 5, 6, 7], [0, 1, 2, 3, 4, 5, 6, 7], [0, 1, 2, 3, 4, 5, 6, 7], [0, 1, 2, 3, 4, 5, 6, 7], [0, 1, 2, 3, 4, 5, 6, 7], [0, 1, 2, 3, 4, 5, 6, 7]]",sidecar,True,calib_importance_sep_tail,0
gqa,fullload,FullLoad,1.0,full,n331357,201404242,What is the animal that is drinking from the mom that is not small?,Calf,"[""calf""]",1.0,3037,3,calib_importance_sep_tail,4,fullload,,425.0841714674607,,,655.378854018636,660.2603549836203,37.58280200418085,697.8431569878012,1072693248,2048,64,,607.0290831848979,,,1.0,1.0,null,0.0,,1072693248,0,64,0,1072693248,16760832.0,16760832.0,0.0,,,,,null,,,,0
gqa,layout_prefix_chunk,Layout+Prefix,0.25,chunk,n331357,201404242,What is the animal that is drinking from the mom that is not small?,Calf,"[""calf""]",1.0,3037,3,calib_importance_sep_tail,4,prefix,0.1885620877146721,153.070799424313,46.0027662338689,228.93462202046067,41.85380192939192,270.8500790176913,36.04042704682797,306.8905060645193,284164096,512,65,175.39485334418714,0.0,8.0,32,0.25,0.2649071358748778,"[0.2649071358748778, 0.2649071358748778, 0.2649071358748778, 0.2649071358748778, 0.2649071358748778, 0.2649071358748778, 0.2649071358748778, 0.2649071358748778, 0.2649071358748778, 0.2649071358748778, 0.2649071358748778, 0.2649071358748778, 0.2649071358748778, 0.2649071358748778, 0.2649071358748778, 0.2649071358748778, 0.2649071358748778, 0.2649071358748778, 0.2649071358748778, 0.2649071358748778, 0.2649071358748778, 0.2649071358748778, 0.2649071358748778, 0.2649071358748778, 0.2649071358748778, 0.2649071358748778, 0.2649071358748778, 0.2649071358748778, 0.2649071358748778, 0.2649071358748778, 0.2649071358748778, 0.2649071358748778]",0.0,256,268435456,15728640,64,1,284164096,4371755.323076923,4194304.0,15728640.0,0,0,0,prefix,"[[0, 1, 2, 3, 4, 5, 6, 7], [0, 1, 2, 3, 4, 5, 6, 7], [0, 1, 2, 3, 4, 5, 6, 7], [0, 1, 2, 3, 4, 5, 6, 7], [0, 1, 2, 3, 4, 5, 6, 7], [0, 1, 2, 3, 4, 5, 6, 7], [0, 1, 2, 3, 4, 5, 6, 7], [0, 1, 2, 3, 4, 5, 6, 7], [0, 1, 2, 3, 4, 5, 6, 7], [0, 1, 2, 3, 4, 5, 6, 7], [0, 1, 2, 3, 4, 5, 6, 7], [0, 1, 2, 3, 4, 5, 6, 7], [0, 1, 2, 3, 4, 5, 6, 7], [0, 1, 2, 3, 4, 5, 6, 7], [0, 1, 2, 3, 4, 5, 6, 7], [0, 1, 2, 3, 4, 5, 6, 7], [0, 1, 2, 3, 4, 5, 6, 7], [0, 1, 2, 3, 4, 5, 6, 7], [0, 1, 2, 3, 4, 5, 6, 7], [0, 1, 2, 3, 4, 5, 6, 7], [0, 1, 2, 3, 4, 5, 6, 7], [0, 1, 2, 3, 4, 5, 6, 7], [0, 1, 2, 3, 4, 5, 6, 7], [0, 1, 2, 3, 4, 5, 6, 7], [0, 1, 2, 3, 4, 5, 6, 7], [0, 1, 2, 3, 4, 5, 6, 7], [0, 1, 2, 3, 4, 5, 6, 7], [0, 1, 2, 3, 4, 5, 6, 7], [0, 1, 2, 3, 4, 5, 6, 7], [0, 1, 2, 3, 4, 5, 6, 7], [0, 1, 2, 3, 4, 5, 6, 7], [0, 1, 2, 3, 4, 5, 6, 7]]",sidecar,True,calib_importance_sep_tail,0
gqa,fullload,FullLoad,1.0,full,n331357,201404284,Who is standing?,Cow,"[""mother""]",0.0,21638,2,calib_importance_sep_tail,4,fullload,,466.5026656584814,,,729.8074640566483,734.6463099820539,26.584906969219446,761.2312169512734,1072693248,2048,64,,669.6534372167662,,,1.0,1.0,null,0.0,,1072693248,0,64,0,1072693248,16760832.0,16760832.0,0.0,,,,,null,,,,0
gqa,layout_prefix_chunk,Layout+Prefix,0.25,chunk,n331357,201404284,Who is standing?,Cow,"[""mother""]",0.0,21638,2,calib_importance_sep_tail,4,prefix,0.21831237245351076,160.8876067912206,51.703209639526904,244.6734739933163,55.31961901579052,300.0535829924047,19.22172703780234,319.27531003020704,284164096,512,65,186.89566105604172,0.0,8.0,32,0.25,0.2649071358748778,"[0.2649071358748778, 0.2649071358748778, 0.2649071358748778, 0.2649071358748778, 0.2649071358748778, 0.2649071358748778, 0.2649071358748778, 0.2649071358748778, 0.2649071358748778, 0.2649071358748778, 0.2649071358748778, 0.2649071358748778, 0.2649071358748778, 0.2649071358748778, 0.2649071358748778, 0.2649071358748778, 0.2649071358748778, 0.2649071358748778, 0.2649071358748778, 0.2649071358748778, 0.2649071358748778, 0.2649071358748778, 0.2649071358748778, 0.2649071358748778, 0.2649071358748778, 0.2649071358748778, 0.2649071358748778, 0.2649071358748778, 0.2649071358748778, 0.2649071358748778, 0.2649071358748778, 0.2649071358748778]",0.0,256,268435456,15728640,64,1,284164096,4371755.323076923,4194304.0,15728640.0,0,0,0,prefix,"[[0, 1, 2, 3, 4, 5, 6, 7], [0, 1, 2, 3, 4, 5, 6, 7], [0, 1, 2, 3, 4, 5, 6, 7], [0, 1, 2, 3, 4, 5, 6, 7], [0, 1, 2, 3, 4, 5, 6, 7], [0, 1, 2, 3, 4, 5, 6, 7], [0, 1, 2, 3, 4, 5, 6, 7], [0, 1, 2, 3, 4, 5, 6, 7], [0, 1, 2, 3, 4, 5, 6, 7], [0, 1, 2, 3, 4, 5, 6, 7], [0, 1, 2, 3, 4, 5, 6, 7], [0, 1, 2, 3, 4, 5, 6, 7], [0, 1, 2, 3, 4, 5, 6, 7], [0, 1, 2, 3, 4, 5, 6, 7], [0, 1, 2, 3, 4, 5, 6, 7], [0, 1, 2, 3, 4, 5, 6, 7], [0, 1, 2, 3, 4, 5, 6, 7], [0, 1, 2, 3, 4, 5, 6, 7], [0, 1, 2, 3, 4, 5, 6, 7], [0, 1, 2, 3, 4, 5, 6, 7], [0, 1, 2, 3, 4, 5, 6, 7], [0, 1, 2, 3, 4, 5, 6, 7], [0, 1, 2, 3, 4, 5, 6, 7], [0, 1, 2, 3, 4, 5, 6, 7], [0, 1, 2, 3, 4, 5, 6, 7], [0, 1, 2, 3, 4, 5, 6, 7], [0, 1, 2, 3, 4, 5, 6, 7], [0, 1, 2, 3, 4, 5, 6, 7], [0, 1, 2, 3, 4, 5, 6, 7], [0, 1, 2, 3, 4, 5, 6, 7], [0, 1, 2, 3, 4, 5, 6, 7], [0, 1, 2, 3, 4, 5, 6, 7]]",sidecar,True,calib_importance_sep_tail,0
gqa,fullload,FullLoad,1.0,full,n331357,201403947,How's the weather?,Sunny,"[""cloudless""]",0.0,8991,3,calib_importance_sep_tail,4,fullload,,444.911016500555,,,681.9487910252064,686.7773000849411,37.87676594220102,724.6540660271421,1072693248,2048,64,,630.2372211357579,,,1.0,1.0,null,0.0,,1072693248,0,64,0,1072693248,16760832.0,16760832.0,0.0,,,,,null,,,,0
gqa,layout_prefix_chunk,Layout+Prefix,0.25,chunk,n331357,201403947,How's the weather?,Sunny,"[""cloudless""]",0.0,8991,3,calib_importance_sep_tail,4,prefix,0.1401328481733799,136.65851834230125,39.83614791650325,201.3592179864645,35.82604508846998,237.22618503961712,37.94026095420122,275.16644599381834,284164096,512,65,156.12532198429108,0.0,8.0,32,0.25,0.2649071358748778,"[0.2649071358748778, 0.2649071358748778, 0.2649071358748778, 0.2649071358748778, 0.2649071358748778, 0.2649071358748778, 0.2649071358748778, 0.2649071358748778, 0.2649071358748778, 0.2649071358748778, 0.2649071358748778, 0.2649071358748778, 0.2649071358748778, 0.2649071358748778, 0.2649071358748778, 0.2649071358748778, 0.2649071358748778, 0.2649071358748778, 0.2649071358748778, 0.2649071358748778, 0.2649071358748778, 0.2649071358748778, 0.2649071358748778, 0.2649071358748778, 0.2649071358748778, 0.2649071358748778, 0.2649071358748778, 0.2649071358748778, 0.2649071358748778, 0.2649071358748778, 0.2649071358748778, 0.2649071358748778]",0.0,256,268435456,15728640,64,1,284164096,4371755.323076923,4194304.0,15728640.0,0,0,0,prefix,"[[0, 1, 2, 3, 4, 5, 6, 7], [0, 1, 2, 3, 4, 5, 6, 7], [0, 1, 2, 3, 4, 5, 6, 7], [0, 1, 2, 3, 4, 5, 6, 7], [0, 1, 2, 3, 4, 5, 6, 7], [0, 1, 2, 3, 4, 5, 6, 7], [0, 1, 2, 3, 4, 5, 6, 7], [0, 1, 2, 3, 4, 5, 6, 7], [0, 1, 2, 3, 4, 5, 6, 7], [0, 1, 2, 3, 4, 5, 6, 7], [0, 1, 2, 3, 4, 5, 6, 7], [0, 1, 2, 3, 4, 5, 6, 7], [0, 1, 2, 3, 4, 5, 6, 7], [0, 1, 2, 3, 4, 5, 6, 7], [0, 1, 2, 3, 4, 5, 6, 7], [0, 1, 2, 3, 4, 5, 6, 7], [0, 1, 2, 3, 4, 5, 6, 7], [0, 1, 2, 3, 4, 5, 6, 7], [0, 1, 2, 3, 4, 5, 6, 7], [0, 1, 2, 3, 4, 5, 6, 7], [0, 1, 2, 3, 4, 5, 6, 7], [0, 1, 2, 3, 4, 5, 6, 7], [0, 1, 2, 3, 4, 5, 6, 7], [0, 1, 2, 3, 4, 5, 6, 7], [0, 1, 2, 3, 4, 5, 6, 7], [0, 1, 2, 3, 4, 5, 6, 7], [0, 1, 2, 3, 4, 5, 6, 7], [0, 1, 2, 3, 4, 5, 6, 7], [0, 1, 2, 3, 4, 5, 6, 7], [0, 1, 2, 3, 4, 5, 6, 7], [0, 1, 2, 3, 4, 5, 6, 7], [0, 1, 2, 3, 4, 5, 6, 7]]",sidecar,True,calib_importance_sep_tail,0
gqa,fullload,FullLoad,1.0,full,n331357,201404178,Is the small calf in the bottom part of the image?,Yes,"[""yes""]",1.0,3869,2,calib_importance_sep_tail,4,fullload,,456.5529878018424,,,692.3705410445109,697.6477530552074,19.21919989399612,716.8669529492036,1072693248,2048,64,,639.7523488849401,,,1.0,1.0,null,0.0,,1072693248,0,64,0,1072693248,16760832.0,16760832.0,0.0,,,,,null,,,,0
gqa,layout_prefix_chunk,Layout+Prefix,0.25,chunk,n331357,201404178,Is the small calf in the bottom part of the image?,Yes,"[""yes""]",1.0,3869,2,calib_importance_sep_tail,4,prefix,0.16249564941972494,135.96297975163907,40.1595386210829,201.18558895774186,35.32449889462441,236.55334289651364,19.299456034787,255.85279893130064,284164096,512,65,155.49014823045582,0.0,8.0,32,0.25,0.2649071358748778,"[0.2649071358748778, 0.2649071358748778, 0.2649071358748778, 0.2649071358748778, 0.2649071358748778, 0.2649071358748778, 0.2649071358748778, 0.2649071358748778, 0.2649071358748778, 0.2649071358748778, 0.2649071358748778, 0.2649071358748778, 0.2649071358748778, 0.2649071358748778, 0.2649071358748778, 0.2649071358748778, 0.2649071358748778, 0.2649071358748778, 0.2649071358748778, 0.2649071358748778, 0.2649071358748778, 0.2649071358748778, 0.2649071358748778, 0.2649071358748778, 0.2649071358748778, 0.2649071358748778, 0.2649071358748778, 0.2649071358748778, 0.2649071358748778, 0.2649071358748778, 0.2649071358748778, 0.2649071358748778]",0.0,256,268435456,15728640,64,1,284164096,4371755.323076923,4194304.0,15728640.0,0,0,0,prefix,"[[0, 1, 2, 3, 4, 5, 6, 7], [0, 1, 2, 3, 4, 5, 6, 7], [0, 1, 2, 3, 4, 5, 6, 7], [0, 1, 2, 3, 4, 5, 6, 7], [0, 1, 2, 3, 4, 5, 6, 7], [0, 1, 2, 3, 4, 5, 6, 7], [0, 1, 2, 3, 4, 5, 6, 7], [0, 1, 2, 3, 4, 5, 6, 7], [0, 1, 2, 3, 4, 5, 6, 7], [0, 1, 2, 3, 4, 5, 6, 7], [0, 1, 2, 3, 4, 5, 6, 7], [0, 1, 2, 3, 4, 5, 6, 7], [0, 1, 2, 3, 4, 5, 6, 7], [0, 1, 2, 3, 4, 5, 6, 7], [0, 1, 2, 3, 4, 5, 6, 7], [0, 1, 2, 3, 4, 5, 6, 7], [0, 1, 2, 3, 4, 5, 6, 7], [0, 1, 2, 3, 4, 5, 6, 7], [0, 1, 2, 3, 4, 5, 6, 7], [0, 1, 2, 3, 4, 5, 6, 7], [0, 1, 2, 3, 4, 5, 6, 7], [0, 1, 2, 3, 4, 5, 6, 7], [0, 1, 2, 3, 4, 5, 6, 7], [0, 1, 2, 3, 4, 5, 6, 7], [0, 1, 2, 3, 4, 5, 6, 7], [0, 1, 2, 3, 4, 5, 6, 7], [0, 1, 2, 3, 4, 5, 6, 7], [0, 1, 2, 3, 4, 5, 6, 7], [0, 1, 2, 3, 4, 5, 6, 7], [0, 1, 2, 3, 4, 5, 6, 7], [0, 1, 2, 3, 4, 5, 6, 7], [0, 1, 2, 3, 4, 5, 6, 7]]",sidecar,True,calib_importance_sep_tail,0
gqa,fullload,FullLoad,1.0,full,n51002,201804661,What device is below the artwork?,Television,"[""television""]",1.0,22417,2,calib_importance_sep_tail,4,fullload,,384.1670030960813,,,658.9131189975888,664.2517959699035,19.62372101843357,683.875516988337,1124073472,2176,64,,601.0273729916662,,,1.0,1.0,null,0.0,,1124073472,0,64,0,1124073472,17563648.0,17563648.0,0.0,,,,,null,,,,0
gqa,layout_prefix_chunk,Layout+Prefix,0.25,chunk,n51002,201804661,What device is below the artwork?,Television,"[""television""]",1.0,22417,2,calib_importance_sep_tail,4,prefix,0.19264209549874067,147.48318505007774,47.188488650135696,225.35556694492698,51.19890195783228,276.6134339617565,18.620235030539334,295.23366899229586,285212672,512,65,172.34427714720368,0.0,8.0,34,0.23529411764705882,0.2537313432835821,"[0.2537313432835821, 0.2537313432835821, 0.2537313432835821, 0.2537313432835821, 0.2537313432835821, 0.2537313432835821, 0.2537313432835821, 0.2537313432835821, 0.2537313432835821, 0.2537313432835821, 0.2537313432835821, 0.2537313432835821, 0.2537313432835821, 0.2537313432835821, 0.2537313432835821, 0.2537313432835821, 0.2537313432835821, 0.2537313432835821, 0.2537313432835821, 0.2537313432835821, 0.2537313432835821, 0.2537313432835821, 0.2537313432835821, 0.2537313432835821, 0.2537313432835821, 0.2537313432835821, 0.2537313432835821, 0.2537313432835821, 0.2537313432835821, 0.2537313432835821, 0.2537313432835821, 0.2537313432835821]",0.0,256,268435456,16777216,64,1,285212672,4387887.261538462,4194304.0,16777216.0,0,0,0,prefix,"[[0, 1, 2, 3, 4, 5, 6, 7], [0, 1, 2, 3, 4, 5, 6, 7], [0, 1, 2, 3, 4, 5, 6, 7], [0, 1, 2, 3, 4, 5, 6, 7], [0, 1, 2, 3, 4, 5, 6, 7], [0, 1, 2, 3, 4, 5, 6, 7], [0, 1, 2, 3, 4, 5, 6, 7], [0, 1, 2, 3, 4, 5, 6, 7], [0, 1, 2, 3, 4, 5, 6, 7], [0, 1, 2, 3, 4, 5, 6, 7], [0, 1, 2, 3, 4, 5, 6, 7], [0, 1, 2, 3, 4, 5, 6, 7], [0, 1, 2, 3, 4, 5, 6, 7], [0, 1, 2, 3, 4, 5, 6, 7], [0, 1, 2, 3, 4, 5, 6, 7], [0, 1, 2, 3, 4, 5, 6, 7], [0, 1, 2, 3, 4, 5, 6, 7], [0, 1, 2, 3, 4, 5, 6, 7], [0, 1, 2, 3, 4, 5, 6, 7], [0, 1, 2, 3, 4, 5, 6, 7], [0, 1, 2, 3, 4, 5, 6, 7], [0, 1, 2, 3, 4, 5, 6, 7], [0, 1, 2, 3, 4, 5, 6, 7], [0, 1, 2, 3, 4, 5, 6, 7], [0, 1, 2, 3, 4, 5, 6, 7], [0, 1, 2, 3, 4, 5, 6, 7], [0, 1, 2, 3, 4, 5, 6, 7], [0, 1, 2, 3, 4, 5, 6, 7], [0, 1, 2, 3, 4, 5, 6, 7], [0, 1, 2, 3, 4, 5, 6, 7], [0, 1, 2, 3, 4, 5, 6, 7], [0, 1, 2, 3, 4, 5, 6, 7]]",sidecar,True,calib_importance_sep_tail,0
gqa,fullload,FullLoad,1.0,full,n51002,201804477,Does that fireplace appear to be on?,No,"[""yes""]",0.0,1939,2,calib_importance_sep_tail,4,fullload,,349.45090441033244,,,570.6179910339415,575.7984980009496,18.922892049886286,594.7213900508359,1124073472,2176,64,,529.5721255242825,,,1.0,1.0,null,0.0,,1124073472,0,64,0,1124073472,17563648.0,17563648.0,0.0,,,,,null,,,,0
gqa,layout_prefix_chunk,Layout+Prefix,0.25,chunk,n51002,201804477,Does that fireplace appear to be on?,No,"[""yes""]",0.0,1939,2,calib_importance_sep_tail,4,prefix,0.1528278226032853,140.12201968580484,41.6066829347983,207.96478993725032,35.72132100816816,243.72995493467897,19.029168062843382,262.75912299752235,285212672,512,65,160.7747129164636,0.0,8.0,34,0.23529411764705882,0.2537313432835821,"[0.2537313432835821, 0.2537313432835821, 0.2537313432835821, 0.2537313432835821, 0.2537313432835821, 0.2537313432835821, 0.2537313432835821, 0.2537313432835821, 0.2537313432835821, 0.2537313432835821, 0.2537313432835821, 0.2537313432835821, 0.2537313432835821, 0.2537313432835821, 0.2537313432835821, 0.2537313432835821, 0.2537313432835821, 0.2537313432835821, 0.2537313432835821, 0.2537313432835821, 0.2537313432835821, 0.2537313432835821, 0.2537313432835821, 0.2537313432835821, 0.2537313432835821, 0.2537313432835821, 0.2537313432835821, 0.2537313432835821, 0.2537313432835821, 0.2537313432835821, 0.2537313432835821, 0.2537313432835821]",0.0,256,268435456,16777216,64,1,285212672,4387887.261538462,4194304.0,16777216.0,0,0,0,prefix,"[[0, 1, 2, 3, 4, 5, 6, 7], [0, 1, 2, 3, 4, 5, 6, 7], [0, 1, 2, 3, 4, 5, 6, 7], [0, 1, 2, 3, 4, 5, 6, 7], [0, 1, 2, 3, 4, 5, 6, 7], [0, 1, 2, 3, 4, 5, 6, 7], [0, 1, 2, 3, 4, 5, 6, 7], [0, 1, 2, 3, 4, 5, 6, 7], [0, 1, 2, 3, 4, 5, 6, 7], [0, 1, 2, 3, 4, 5, 6, 7], [0, 1, 2, 3, 4, 5, 6, 7], [0, 1, 2, 3, 4, 5, 6, 7], [0, 1, 2, 3, 4, 5, 6, 7], [0, 1, 2, 3, 4, 5, 6, 7], [0, 1, 2, 3, 4, 5, 6, 7], [0, 1, 2, 3, 4, 5, 6, 7], [0, 1, 2, 3, 4, 5, 6, 7], [0, 1, 2, 3, 4, 5, 6, 7], [0, 1, 2, 3, 4, 5, 6, 7], [0, 1, 2, 3, 4, 5, 6, 7], [0, 1, 2, 3, 4, 5, 6, 7], [0, 1, 2, 3, 4, 5, 6, 7], [0, 1, 2, 3, 4, 5, 6, 7], [0, 1, 2, 3, 4, 5, 6, 7], [0, 1, 2, 3, 4, 5, 6, 7], [0, 1, 2, 3, 4, 5, 6, 7], [0, 1, 2, 3, 4, 5, 6, 7], [0, 1, 2, 3, 4, 5, 6, 7], [0, 1, 2, 3, 4, 5, 6, 7], [0, 1, 2, 3, 4, 5, 6, 7], [0, 1, 2, 3, 4, 5, 6, 7], [0, 1, 2, 3, 4, 5, 6, 7]]",sidecar,True,calib_importance_sep_tail,0
gqa,fullload,FullLoad,1.0,full,n51002,201804642,Which kind of material is the black thing below the artwork made of?,Wood,"[""plastic""]",0.0,10180,2,calib_importance_sep_tail,4,fullload,,364.93835458531976,,,602.4363599717617,607.3546999832615,22.37225999124348,629.726959974505,1124073472,2176,64,,555.661513353698,,,1.0,1.0,null,0.0,,1124073472,0,64,0,1124073472,17563648.0,17563648.0,0.0,,,,,null,,,,0
gqa,layout_prefix_chunk,Layout+Prefix,0.25,chunk,n51002,201804642,Which kind of material is the black thing below the artwork made of?,Wood,"[""plastic""]",0.0,10180,2,calib_importance_sep_tail,4,prefix,0.20588282495737076,156.06829291209579,51.63985281251371,239.6476169815287,40.719946031458676,280.4281860589981,18.928100005723536,299.35628606472164,285212672,512,65,182.14591080322862,0.0,8.0,34,0.23529411764705882,0.2537313432835821,"[0.2537313432835821, 0.2537313432835821, 0.2537313432835821, 0.2537313432835821, 0.2537313432835821, 0.2537313432835821, 0.2537313432835821, 0.2537313432835821, 0.2537313432835821, 0.2537313432835821, 0.2537313432835821, 0.2537313432835821, 0.2537313432835821, 0.2537313432835821, 0.2537313432835821, 0.2537313432835821, 0.2537313432835821, 0.2537313432835821, 0.2537313432835821, 0.2537313432835821, 0.2537313432835821, 0.2537313432835821, 0.2537313432835821, 0.2537313432835821, 0.2537313432835821, 0.2537313432835821, 0.2537313432835821, 0.2537313432835821, 0.2537313432835821, 0.2537313432835821, 0.2537313432835821, 0.2537313432835821]",0.0,256,268435456,16777216,64,1,285212672,4387887.261538462,4194304.0,16777216.0,0,0,0,prefix,"[[0, 1, 2, 3, 4, 5, 6, 7], [0, 1, 2, 3, 4, 5, 6, 7], [0, 1, 2, 3, 4, 5, 6, 7], [0, 1, 2, 3, 4, 5, 6, 7], [0, 1, 2, 3, 4, 5, 6, 7], [0, 1, 2, 3, 4, 5, 6, 7], [0, 1, 2, 3, 4, 5, 6, 7], [0, 1, 2, 3, 4, 5, 6, 7], [0, 1, 2, 3, 4, 5, 6, 7], [0, 1, 2, 3, 4, 5, 6, 7], [0, 1, 2, 3, 4, 5, 6, 7], [0, 1, 2, 3, 4, 5, 6, 7], [0, 1, 2, 3, 4, 5, 6, 7], [0, 1, 2, 3, 4, 5, 6, 7], [0, 1, 2, 3, 4, 5, 6, 7], [0, 1, 2, 3, 4, 5, 6, 7], [0, 1, 2, 3, 4, 5, 6, 7], [0, 1, 2, 3, 4, 5, 6, 7], [0, 1, 2, 3, 4, 5, 6, 7], [0, 1, 2, 3, 4, 5, 6, 7], [0, 1, 2, 3, 4, 5, 6, 7], [0, 1, 2, 3, 4, 5, 6, 7], [0, 1, 2, 3, 4, 5, 6, 7], [0, 1, 2, 3, 4, 5, 6, 7], [0, 1, 2, 3, 4, 5, 6, 7], [0, 1, 2, 3, 4, 5, 6, 7], [0, 1, 2, 3, 4, 5, 6, 7], [0, 1, 2, 3, 4, 5, 6, 7], [0, 1, 2, 3, 4, 5, 6, 7], [0, 1, 2, 3, 4, 5, 6, 7], [0, 1, 2, 3, 4, 5, 6, 7], [0, 1, 2, 3, 4, 5, 6, 7]]",sidecar,True,calib_importance_sep_tail,0
gqa,fullload,FullLoad,1.0,full,n51002,201803838,Which kind of furniture is the pillow on?,Couch,"[""couch""]",1.0,315,3,calib_importance_sep_tail,4,fullload,,387.32794614043087,,,634.9095919867977,639.7996459854767,37.45520208030939,677.2548480657861,1124073472,2176,64,,585.7128063216805,,,1.0,1.0,null,0.0,,1124073472,0,64,0,1124073472,17563648.0,17563648.0,0.0,,,,,null,,,,0
gqa,layout_prefix_chunk,Layout+Prefix,0.25,chunk,n51002,201803838,Which kind of furniture is the pillow on?,Couch,"[""couch""]",1.0,315,3,calib_importance_sep_tail,4,prefix,0.18199917394667864,154.36100610531867,47.815865254960954,231.55505897011608,48.57424006331712,280.19035200122744,37.13336796499789,317.3237199662253,285212672,512,65,177.93786304537207,0.0,8.0,34,0.23529411764705882,0.2537313432835821,"[0.2537313432835821, 0.2537313432835821, 0.2537313432835821, 0.2537313432835821, 0.2537313432835821, 0.2537313432835821, 0.2537313432835821, 0.2537313432835821, 0.2537313432835821, 0.2537313432835821, 0.2537313432835821, 0.2537313432835821, 0.2537313432835821, 0.2537313432835821, 0.2537313432835821, 0.2537313432835821, 0.2537313432835821, 0.2537313432835821, 0.2537313432835821, 0.2537313432835821, 0.2537313432835821, 0.2537313432835821, 0.2537313432835821, 0.2537313432835821, 0.2537313432835821, 0.2537313432835821, 0.2537313432835821, 0.2537313432835821, 0.2537313432835821, 0.2537313432835821, 0.2537313432835821, 0.2537313432835821]",0.0,256,268435456,16777216,64,1,285212672,4387887.261538462,4194304.0,16777216.0,0,0,0,prefix,"[[0, 1, 2, 3, 4, 5, 6, 7], [0, 1, 2, 3, 4, 5, 6, 7], [0, 1, 2, 3, 4, 5, 6, 7], [0, 1, 2, 3, 4, 5, 6, 7], [0, 1, 2, 3, 4, 5, 6, 7], [0, 1, 2, 3, 4, 5, 6, 7], [0, 1, 2, 3, 4, 5, 6, 7], [0, 1, 2, 3, 4, 5, 6, 7], [0, 1, 2, 3, 4, 5, 6, 7], [0, 1, 2, 3, 4, 5, 6, 7], [0, 1, 2, 3, 4, 5, 6, 7], [0, 1, 2, 3, 4, 5, 6, 7], [0, 1, 2, 3, 4, 5, 6, 7], [0, 1, 2, 3, 4, 5, 6, 7], [0, 1, 2, 3, 4, 5, 6, 7], [0, 1, 2, 3, 4, 5, 6, 7], [0, 1, 2, 3, 4, 5, 6, 7], [0, 1, 2, 3, 4, 5, 6, 7], [0, 1, 2, 3, 4, 5, 6, 7], [0, 1, 2, 3, 4, 5, 6, 7], [0, 1, 2, 3, 4, 5, 6, 7], [0, 1, 2, 3, 4, 5, 6, 7], [0, 1, 2, 3, 4, 5, 6, 7], [0, 1, 2, 3, 4, 5, 6, 7], [0, 1, 2, 3, 4, 5, 6, 7], [0, 1, 2, 3, 4, 5, 6, 7], [0, 1, 2, 3, 4, 5, 6, 7], [0, 1, 2, 3, 4, 5, 6, 7], [0, 1, 2, 3, 4, 5, 6, 7], [0, 1, 2, 3, 4, 5, 6, 7], [0, 1, 2, 3, 4, 5, 6, 7], [0, 1, 2, 3, 4, 5, 6, 7]]",sidecar,True,calib_importance_sep_tail,0
gqa,fullload,FullLoad,1.0,full,n51002,201803833,What do you think is on the couch?,Pillow,"[""pillow""]",1.0,349,4,calib_importance_sep_tail,4,fullload,,363.1993767339736,,,599.1534009808674,604.0964209241793,78.87792307883501,682.9743440030143,1124073472,2176,64,,552.8135427739471,,,1.0,1.0,null,0.0,,1124073472,0,64,0,1124073472,17563648.0,17563648.0,0.0,,,,,null,,,,0
gqa,layout_prefix_chunk,Layout+Prefix,0.25,chunk,n51002,201803833,What do you think is on the couch?,Pillow,"[""pillow""]",1.0,349,4,calib_importance_sep_tail,4,prefix,0.22392056416720152,127.66857584938407,53.66696824785322,215.5536849750206,45.70892092306167,261.32127398159355,54.84645604155958,316.1677300231531,285212672,512,65,155.45640350319445,0.0,8.0,34,0.23529411764705882,0.2537313432835821,"[0.2537313432835821, 0.2537313432835821, 0.2537313432835821, 0.2537313432835821, 0.2537313432835821, 0.2537313432835821, 0.2537313432835821, 0.2537313432835821, 0.2537313432835821, 0.2537313432835821, 0.2537313432835821, 0.2537313432835821, 0.2537313432835821, 0.2537313432835821, 0.2537313432835821, 0.2537313432835821, 0.2537313432835821, 0.2537313432835821, 0.2537313432835821, 0.2537313432835821, 0.2537313432835821, 0.2537313432835821, 0.2537313432835821, 0.2537313432835821, 0.2537313432835821, 0.2537313432835821, 0.2537313432835821, 0.2537313432835821, 0.2537313432835821, 0.2537313432835821, 0.2537313432835821, 0.2537313432835821]",0.0,256,268435456,16777216,64,1,285212672,4387887.261538462,4194304.0,16777216.0,0,0,0,prefix,"[[0, 1, 2, 3, 4, 5, 6, 7], [0, 1, 2, 3, 4, 5, 6, 7], [0, 1, 2, 3, 4, 5, 6, 7], [0, 1, 2, 3, 4, 5, 6, 7], [0, 1, 2, 3, 4, 5, 6, 7], [0, 1, 2, 3, 4, 5, 6, 7], [0, 1, 2, 3, 4, 5, 6, 7], [0, 1, 2, 3, 4, 5, 6, 7], [0, 1, 2, 3, 4, 5, 6, 7], [0, 1, 2, 3, 4, 5, 6, 7], [0, 1, 2, 3, 4, 5, 6, 7], [0, 1, 2, 3, 4, 5, 6, 7], [0, 1, 2, 3, 4, 5, 6, 7], [0, 1, 2, 3, 4, 5, 6, 7], [0, 1, 2, 3, 4, 5, 6, 7], [0, 1, 2, 3, 4, 5, 6, 7], [0, 1, 2, 3, 4, 5, 6, 7], [0, 1, 2, 3, 4, 5, 6, 7], [0, 1, 2, 3, 4, 5, 6, 7], [0, 1, 2, 3, 4, 5, 6, 7], [0, 1, 2, 3, 4, 5, 6, 7], [0, 1, 2, 3, 4, 5, 6, 7], [0, 1, 2, 3, 4, 5, 6, 7], [0, 1, 2, 3, 4, 5, 6, 7], [0, 1, 2, 3, 4, 5, 6, 7], [0, 1, 2, 3, 4, 5, 6, 7], [0, 1, 2, 3, 4, 5, 6, 7], [0, 1, 2, 3, 4, 5, 6, 7], [0, 1, 2, 3, 4, 5, 6, 7], [0, 1, 2, 3, 4, 5, 6, 7], [0, 1, 2, 3, 4, 5, 6, 7], [0, 1, 2, 3, 4, 5, 6, 7]]",sidecar,True,calib_importance_sep_tail,0
gqa,fullload,FullLoad,1.0,full,n51002,201803709,What is common to the pillow and the fireplace?,Color,"[""shape""]",0.0,9159,2,calib_importance_sep_tail,4,fullload,,390.59843425638974,,,710.4190279496834,715.3899780241773,19.119273987598717,734.509252011776,1124073472,2176,64,,653.5941860638559,,,1.0,1.0,null,0.0,,1124073472,0,64,0,1124073472,17563648.0,17563648.0,0.0,,,,,null,,,,0
gqa,layout_prefix_chunk,Layout+Prefix,0.25,chunk,n51002,201803709,What is common to the pillow and the fireplace?,Color,"[""shape""]",0.0,9159,2,calib_importance_sep_tail,4,prefix,0.2014320343732834,152.22389379050583,49.50021696276963,232.33773210085928,50.06535304710269,282.46408607810736,19.30013799574226,301.7642240738496,285212672,512,65,176.91264860332012,0.0,8.0,34,0.23529411764705882,0.2537313432835821,"[0.2537313432835821, 0.2537313432835821, 0.2537313432835821, 0.2537313432835821, 0.2537313432835821, 0.2537313432835821, 0.2537313432835821, 0.2537313432835821, 0.2537313432835821, 0.2537313432835821, 0.2537313432835821, 0.2537313432835821, 0.2537313432835821, 0.2537313432835821, 0.2537313432835821, 0.2537313432835821, 0.2537313432835821, 0.2537313432835821, 0.2537313432835821, 0.2537313432835821, 0.2537313432835821, 0.2537313432835821, 0.2537313432835821, 0.2537313432835821, 0.2537313432835821, 0.2537313432835821, 0.2537313432835821, 0.2537313432835821, 0.2537313432835821, 0.2537313432835821, 0.2537313432835821, 0.2537313432835821]",0.0,256,268435456,16777216,64,1,285212672,4387887.261538462,4194304.0,16777216.0,0,0,0,prefix,"[[0, 1, 2, 3, 4, 5, 6, 7], [0, 1, 2, 3, 4, 5, 6, 7], [0, 1, 2, 3, 4, 5, 6, 7], [0, 1, 2, 3, 4, 5, 6, 7], [0, 1, 2, 3, 4, 5, 6, 7], [0, 1, 2, 3, 4, 5, 6, 7], [0, 1, 2, 3, 4, 5, 6, 7], [0, 1, 2, 3, 4, 5, 6, 7], [0, 1, 2, 3, 4, 5, 6, 7], [0, 1, 2, 3, 4, 5, 6, 7], [0, 1, 2, 3, 4, 5, 6, 7], [0, 1, 2, 3, 4, 5, 6, 7], [0, 1, 2, 3, 4, 5, 6, 7], [0, 1, 2, 3, 4, 5, 6, 7], [0, 1, 2, 3, 4, 5, 6, 7], [0, 1, 2, 3, 4, 5, 6, 7], [0, 1, 2, 3, 4, 5, 6, 7], [0, 1, 2, 3, 4, 5, 6, 7], [0, 1, 2, 3, 4, 5, 6, 7], [0, 1, 2, 3, 4, 5, 6, 7], [0, 1, 2, 3, 4, 5, 6, 7], [0, 1, 2, 3, 4, 5, 6, 7], [0, 1, 2, 3, 4, 5, 6, 7], [0, 1, 2, 3, 4, 5, 6, 7], [0, 1, 2, 3, 4, 5, 6, 7], [0, 1, 2, 3, 4, 5, 6, 7], [0, 1, 2, 3, 4, 5, 6, 7], [0, 1, 2, 3, 4, 5, 6, 7], [0, 1, 2, 3, 4, 5, 6, 7], [0, 1, 2, 3, 4, 5, 6, 7], [0, 1, 2, 3, 4, 5, 6, 7], [0, 1, 2, 3, 4, 5, 6, 7]]",sidecar,True,calib_importance_sep_tail,0
gqa,fullload,FullLoad,1.0,full,n244826,20942853,Does the soccer ball look round and red?,No,"[""no""]",1.0,1939,2,calib_importance_sep_tail,4,fullload,,327.22878362983465,,,514.9530579801649,520.1263659400865,19.32897907681763,539.4553450169042,1021313024,1984,64,,473.9561683963984,,,1.0,1.0,null,0.0,,1021313024,0,64,0,1021313024,15958016.0,15958016.0,0.0,,,,,null,,,,0
gqa,layout_prefix_chunk,Layout+Prefix,0.25,chunk,n244826,20942853,Does the soccer ball look round and red?,No,"[""no""]",1.0,1939,2,calib_importance_sep_tail,4,prefix,0.21174841094762087,155.79122269991785,49.990268889814615,237.90452000685036,36.23588802292943,274.18558299541473,19.750897074118257,293.936480069533,283115520,512,65,182.33666091691703,0.0,8.0,31,0.25806451612903225,0.27720739219712526,"[0.27720739219712526, 0.27720739219712526, 0.27720739219712526, 0.27720739219712526, 0.27720739219712526, 0.27720739219712526, 0.27720739219712526, 0.27720739219712526, 0.27720739219712526, 0.27720739219712526, 0.27720739219712526, 0.27720739219712526, 0.27720739219712526, 0.27720739219712526, 0.27720739219712526, 0.27720739219712526, 0.27720739219712526, 0.27720739219712526, 0.27720739219712526, 0.27720739219712526, 0.27720739219712526, 0.27720739219712526, 0.27720739219712526, 0.27720739219712526, 0.27720739219712526, 0.27720739219712526, 0.27720739219712526, 0.27720739219712526, 0.27720739219712526, 0.27720739219712526, 0.27720739219712526, 0.27720739219712526]",0.0,256,268435456,14680064,64,1,283115520,4355623.384615385,4194304.0,14680064.0,0,0,0,prefix,"[[0, 1, 2, 3, 4, 5, 6, 7], [0, 1, 2, 3, 4, 5, 6, 7], [0, 1, 2, 3, 4, 5, 6, 7], [0, 1, 2, 3, 4, 5, 6, 7], [0, 1, 2, 3, 4, 5, 6, 7], [0, 1, 2, 3, 4, 5, 6, 7], [0, 1, 2, 3, 4, 5, 6, 7], [0, 1, 2, 3, 4, 5, 6, 7], [0, 1, 2, 3, 4, 5, 6, 7], [0, 1, 2, 3, 4, 5, 6, 7], [0, 1, 2, 3, 4, 5, 6, 7], [0, 1, 2, 3, 4, 5, 6, 7], [0, 1, 2, 3, 4, 5, 6, 7], [0, 1, 2, 3, 4, 5, 6, 7], [0, 1, 2, 3, 4, 5, 6, 7], [0, 1, 2, 3, 4, 5, 6, 7], [0, 1, 2, 3, 4, 5, 6, 7], [0, 1, 2, 3, 4, 5, 6, 7], [0, 1, 2, 3, 4, 5, 6, 7], [0, 1, 2, 3, 4, 5, 6, 7], [0, 1, 2, 3, 4, 5, 6, 7], [0, 1, 2, 3, 4, 5, 6, 7], [0, 1, 2, 3, 4, 5, 6, 7], [0, 1, 2, 3, 4, 5, 6, 7], [0, 1, 2, 3, 4, 5, 6, 7], [0, 1, 2, 3, 4, 5, 6, 7], [0, 1, 2, 3, 4, 5, 6, 7], [0, 1, 2, 3, 4, 5, 6, 7], [0, 1, 2, 3, 4, 5, 6, 7], [0, 1, 2, 3, 4, 5, 6, 7], [0, 1, 2, 3, 4, 5, 6, 7], [0, 1, 2, 3, 4, 5, 6, 7]]",sidecar,True,calib_importance_sep_tail,0
gqa,fullload,FullLoad,1.0,full,n244826,20942865,Who is the soccer ball in front of?,Girl,"[""soccer player""]",0.0,18620,2,calib_importance_sep_tail,4,fullload,,389.5004470832646,,,601.8811339745298,606.5939050167799,18.784009967930615,625.3779149847105,1021313024,1984,64,,551.0803562356159,,,1.0,1.0,null,0.0,,1021313024,0,64,0,1021313024,15958016.0,15958016.0,0.0,,,,,null,,,,0
gqa,layout_prefix_chunk,Layout+Prefix,0.25,chunk,n244826,20942865,Who is the soccer ball in front of?,Girl,"[""soccer player""]",0.0,18620,2,calib_importance_sep_tail,4,prefix,0.2258330350741744,162.15942497365177,52.537948125973344,248.44365799799562,42.060840991325676,290.56472098454833,18.5715010156855,309.13622200023383,283115520,512,65,190.17478078603745,0.0,8.0,31,0.25806451612903225,0.27720739219712526,"[0.27720739219712526, 0.27720739219712526, 0.27720739219712526, 0.27720739219712526, 0.27720739219712526, 0.27720739219712526, 0.27720739219712526, 0.27720739219712526, 0.27720739219712526, 0.27720739219712526, 0.27720739219712526, 0.27720739219712526, 0.27720739219712526, 0.27720739219712526, 0.27720739219712526, 0.27720739219712526, 0.27720739219712526, 0.27720739219712526, 0.27720739219712526, 0.27720739219712526, 0.27720739219712526, 0.27720739219712526, 0.27720739219712526, 0.27720739219712526, 0.27720739219712526, 0.27720739219712526, 0.27720739219712526, 0.27720739219712526, 0.27720739219712526, 0.27720739219712526, 0.27720739219712526, 0.27720739219712526]",0.0,256,268435456,14680064,64,1,283115520,4355623.384615385,4194304.0,14680064.0,0,0,0,prefix,"[[0, 1, 2, 3, 4, 5, 6, 7], [0, 1, 2, 3, 4, 5, 6, 7], [0, 1, 2, 3, 4, 5, 6, 7], [0, 1, 2, 3, 4, 5, 6, 7], [0, 1, 2, 3, 4, 5, 6, 7], [0, 1, 2, 3, 4, 5, 6, 7], [0, 1, 2, 3, 4, 5, 6, 7], [0, 1, 2, 3, 4, 5, 6, 7], [0, 1, 2, 3, 4, 5, 6, 7], [0, 1, 2, 3, 4, 5, 6, 7], [0, 1, 2, 3, 4, 5, 6, 7], [0, 1, 2, 3, 4, 5, 6, 7], [0, 1, 2, 3, 4, 5, 6, 7], [0, 1, 2, 3, 4, 5, 6, 7], [0, 1, 2, 3, 4, 5, 6, 7], [0, 1, 2, 3, 4, 5, 6, 7], [0, 1, 2, 3, 4, 5, 6, 7], [0, 1, 2, 3, 4, 5, 6, 7], [0, 1, 2, 3, 4, 5, 6, 7], [0, 1, 2, 3, 4, 5, 6, 7], [0, 1, 2, 3, 4, 5, 6, 7], [0, 1, 2, 3, 4, 5, 6, 7], [0, 1, 2, 3, 4, 5, 6, 7], [0, 1, 2, 3, 4, 5, 6, 7], [0, 1, 2, 3, 4, 5, 6, 7], [0, 1, 2, 3, 4, 5, 6, 7], [0, 1, 2, 3, 4, 5, 6, 7], [0, 1, 2, 3, 4, 5, 6, 7], [0, 1, 2, 3, 4, 5, 6, 7], [0, 1, 2, 3, 4, 5, 6, 7], [0, 1, 2, 3, 4, 5, 6, 7], [0, 1, 2, 3, 4, 5, 6, 7]]",sidecar,True,calib_importance_sep_tail,0
gqa,fullload,FullLoad,1.0,full,n244826,20942768,Which place is it?,Field,"[""field""]",1.0,8989,2,calib_importance_sep_tail,4,fullload,,382.4575651669875,,,587.2011679457501,591.842032968998,18.91147904098034,610.7535120099783,1021313024,1984,64,,538.7102901004255,,,1.0,1.0,null,0.0,,1021313024,0,64,0,1021313024,15958016.0,15958016.0,0.0,,,,,null,,,,0
gqa,layout_prefix_chunk,Layout+Prefix,0.25,chunk,n244826,20942768,Which place is it?,Field,"[""field""]",1.0,8989,2,calib_importance_sep_tail,4,prefix,0.22896344307810068,159.5047269947827,52.490997361019254,244.87094290088862,41.36286303400993,286.29408695269376,18.705922993831336,305.0000099465251,283115520,512,65,186.66583916638047,0.0,8.0,31,0.25806451612903225,0.27720739219712526,"[0.27720739219712526, 0.27720739219712526, 0.27720739219712526, 0.27720739219712526, 0.27720739219712526, 0.27720739219712526, 0.27720739219712526, 0.27720739219712526, 0.27720739219712526, 0.27720739219712526, 0.27720739219712526, 0.27720739219712526, 0.27720739219712526, 0.27720739219712526, 0.27720739219712526, 0.27720739219712526, 0.27720739219712526, 0.27720739219712526, 0.27720739219712526, 0.27720739219712526, 0.27720739219712526, 0.27720739219712526, 0.27720739219712526, 0.27720739219712526, 0.27720739219712526, 0.27720739219712526, 0.27720739219712526, 0.27720739219712526, 0.27720739219712526, 0.27720739219712526, 0.27720739219712526, 0.27720739219712526]",0.0,256,268435456,14680064,64,1,283115520,4355623.384615385,4194304.0,14680064.0,0,0,0,prefix,"[[0, 1, 2, 3, 4, 5, 6, 7], [0, 1, 2, 3, 4, 5, 6, 7], [0, 1, 2, 3, 4, 5, 6, 7], [0, 1, 2, 3, 4, 5, 6, 7], [0, 1, 2, 3, 4, 5, 6, 7], [0, 1, 2, 3, 4, 5, 6, 7], [0, 1, 2, 3, 4, 5, 6, 7], [0, 1, 2, 3, 4, 5, 6, 7], [0, 1, 2, 3, 4, 5, 6, 7], [0, 1, 2, 3, 4, 5, 6, 7], [0, 1, 2, 3, 4, 5, 6, 7], [0, 1, 2, 3, 4, 5, 6, 7], [0, 1, 2, 3, 4, 5, 6, 7], [0, 1, 2, 3, 4, 5, 6, 7], [0, 1, 2, 3, 4, 5, 6, 7], [0, 1, 2, 3, 4, 5, 6, 7], [0, 1, 2, 3, 4, 5, 6, 7], [0, 1, 2, 3, 4, 5, 6, 7], [0, 1, 2, 3, 4, 5, 6, 7], [0, 1, 2, 3, 4, 5, 6, 7], [0, 1, 2, 3, 4, 5, 6, 7], [0, 1, 2, 3, 4, 5, 6, 7], [0, 1, 2, 3, 4, 5, 6, 7], [0, 1, 2, 3, 4, 5, 6, 7], [0, 1, 2, 3, 4, 5, 6, 7], [0, 1, 2, 3, 4, 5, 6, 7], [0, 1, 2, 3, 4, 5, 6, 7], [0, 1, 2, 3, 4, 5, 6, 7], [0, 1, 2, 3, 4, 5, 6, 7], [0, 1, 2, 3, 4, 5, 6, 7], [0, 1, 2, 3, 4, 5, 6, 7], [0, 1, 2, 3, 4, 5, 6, 7]]",sidecar,True,calib_importance_sep_tail,0
gqa,fullload,FullLoad,1.0,full,n244826,20942926,Are the shorts small and white?,No,"[""no""]",1.0,1939,2,calib_importance_sep_tail,4,fullload,,403.7230449030176,,,620.9320409689099,625.665453961119,50.787423038855195,676.4528769999743,1021313024,1984,64,,567.1474707778543,,,1.0,1.0,null,0.0,,1021313024,0,64,0,1021313024,15958016.0,15958016.0,0.0,,,,,null,,,,0
gqa,layout_prefix_chunk,Layout+Prefix,0.25,chunk,n244826,20942926,Are the shorts small and white?,No,"[""no""]",1.0,1939,2,calib_importance_sep_tail,4,prefix,0.12397009413689375,127.19532009214163,38.48380141425878,189.2869429429993,35.63834191299975,224.96167896315455,19.064131076447666,244.02581003960222,283115520,512,65,145.62752365600318,0.0,8.0,31,0.25806451612903225,0.27720739219712526,"[0.27720739219712526, 0.27720739219712526, 0.27720739219712526, 0.27720739219712526, 0.27720739219712526, 0.27720739219712526, 0.27720739219712526, 0.27720739219712526, 0.27720739219712526, 0.27720739219712526, 0.27720739219712526, 0.27720739219712526, 0.27720739219712526, 0.27720739219712526, 0.27720739219712526, 0.27720739219712526, 0.27720739219712526, 0.27720739219712526, 0.27720739219712526, 0.27720739219712526, 0.27720739219712526, 0.27720739219712526, 0.27720739219712526, 0.27720739219712526, 0.27720739219712526, 0.27720739219712526, 0.27720739219712526, 0.27720739219712526, 0.27720739219712526, 0.27720739219712526, 0.27720739219712526, 0.27720739219712526]",0.0,256,268435456,14680064,64,1,283115520,4355623.384615385,4194304.0,14680064.0,0,0,0,prefix,"[[0, 1, 2, 3, 4, 5, 6, 7], [0, 1, 2, 3, 4, 5, 6, 7], [0, 1, 2, 3, 4, 5, 6, 7], [0, 1, 2, 3, 4, 5, 6, 7], [0, 1, 2, 3, 4, 5, 6, 7], [0, 1, 2, 3, 4, 5, 6, 7], [0, 1, 2, 3, 4, 5, 6, 7], [0, 1, 2, 3, 4, 5, 6, 7], [0, 1, 2, 3, 4, 5, 6, 7], [0, 1, 2, 3, 4, 5, 6, 7], [0, 1, 2, 3, 4, 5, 6, 7], [0, 1, 2, 3, 4, 5, 6, 7], [0, 1, 2, 3, 4, 5, 6, 7], [0, 1, 2, 3, 4, 5, 6, 7], [0, 1, 2, 3, 4, 5, 6, 7], [0, 1, 2, 3, 4, 5, 6, 7], [0, 1, 2, 3, 4, 5, 6, 7], [0, 1, 2, 3, 4, 5, 6, 7], [0, 1, 2, 3, 4, 5, 6, 7], [0, 1, 2, 3, 4, 5, 6, 7], [0, 1, 2, 3, 4, 5, 6, 7], [0, 1, 2, 3, 4, 5, 6, 7], [0, 1, 2, 3, 4, 5, 6, 7], [0, 1, 2, 3, 4, 5, 6, 7], [0, 1, 2, 3, 4, 5, 6, 7], [0, 1, 2, 3, 4, 5, 6, 7], [0, 1, 2, 3, 4, 5, 6, 7], [0, 1, 2, 3, 4, 5, 6, 7], [0, 1, 2, 3, 4, 5, 6, 7], [0, 1, 2, 3, 4, 5, 6, 7], [0, 1, 2, 3, 4, 5, 6, 7], [0, 1, 2, 3, 4, 5, 6, 7]]",sidecar,True,calib_importance_sep_tail,0
gqa,fullload,FullLoad,1.0,full,n244826,20942902,Who is wearing the shoe?,Girl,"[""soccer player""]",0.0,18620,2,calib_importance_sep_tail,4,fullload,,393.0529949720949,,,633.5781490197405,638.2334689842537,18.944601994007826,657.1780709782615,1021313024,1984,64,,569.9668891029432,,,1.0,1.0,null,0.0,,1021313024,0,64,0,1021313024,15958016.0,15958016.0,0.0,,,,,null,,,,0
gqa,layout_prefix_chunk,Layout+Prefix,0.25,chunk,n244826,20942902,Who is wearing the shoe?,Girl,"[""soccer player""]",0.0,18620,2,calib_importance_sep_tail,4,prefix,0.20944129209965467,155.3473062813282,50.18414871301502,237.25501797161996,41.854463052004576,279.1699420195073,19.099342986010015,298.2692850055173,283115520,512,65,181.44619010854512,0.0,8.0,31,0.25806451612903225,0.27720739219712526,"[0.27720739219712526, 0.27720739219712526, 0.27720739219712526, 0.27720739219712526, 0.27720739219712526, 0.27720739219712526, 0.27720739219712526, 0.27720739219712526, 0.27720739219712526, 0.27720739219712526, 0.27720739219712526, 0.27720739219712526, 0.27720739219712526, 0.27720739219712526, 0.27720739219712526, 0.27720739219712526, 0.27720739219712526, 0.27720739219712526, 0.27720739219712526, 0.27720739219712526, 0.27720739219712526, 0.27720739219712526, 0.27720739219712526, 0.27720739219712526, 0.27720739219712526, 0.27720739219712526, 0.27720739219712526, 0.27720739219712526, 0.27720739219712526, 0.27720739219712526, 0.27720739219712526, 0.27720739219712526]",0.0,256,268435456,14680064,64,1,283115520,4355623.384615385,4194304.0,14680064.0,0,0,0,prefix,"[[0, 1, 2, 3, 4, 5, 6, 7], [0, 1, 2, 3, 4, 5, 6, 7], [0, 1, 2, 3, 4, 5, 6, 7], [0, 1, 2, 3, 4, 5, 6, 7], [0, 1, 2, 3, 4, 5, 6, 7], [0, 1, 2, 3, 4, 5, 6, 7], [0, 1, 2, 3, 4, 5, 6, 7], [0, 1, 2, 3, 4, 5, 6, 7], [0, 1, 2, 3, 4, 5, 6, 7], [0, 1, 2, 3, 4, 5, 6, 7], [0, 1, 2, 3, 4, 5, 6, 7], [0, 1, 2, 3, 4, 5, 6, 7], [0, 1, 2, 3, 4, 5, 6, 7], [0, 1, 2, 3, 4, 5, 6, 7], [0, 1, 2, 3, 4, 5, 6, 7], [0, 1, 2, 3, 4, 5, 6, 7], [0, 1, 2, 3, 4, 5, 6, 7], [0, 1, 2, 3, 4, 5, 6, 7], [0, 1, 2, 3, 4, 5, 6, 7], [0, 1, 2, 3, 4, 5, 6, 7], [0, 1, 2, 3, 4, 5, 6, 7], [0, 1, 2, 3, 4, 5, 6, 7], [0, 1, 2, 3, 4, 5, 6, 7], [0, 1, 2, 3, 4, 5, 6, 7], [0, 1, 2, 3, 4, 5, 6, 7], [0, 1, 2, 3, 4, 5, 6, 7], [0, 1, 2, 3, 4, 5, 6, 7], [0, 1, 2, 3, 4, 5, 6, 7], [0, 1, 2, 3, 4, 5, 6, 7], [0, 1, 2, 3, 4, 5, 6, 7], [0, 1, 2, 3, 4, 5, 6, 7], [0, 1, 2, 3, 4, 5, 6, 7]]",sidecar,True,calib_importance_sep_tail,0
gqa,fullload,FullLoad,1.0,full,n244826,20942887,Who is wearing the headband?,Girl,"[""soccer player""]",0.0,18620,2,calib_importance_sep_tail,4,fullload,,443.21118446532637,,,658.8235140079632,663.5305969975889,19.095475086942315,682.6260720845312,1021313024,1984,64,,604.5667520957068,,,1.0,1.0,null,0.0,,1021313024,0,64,0,1021313024,15958016.0,15958016.0,0.0,,,,,null,,,,0
gqa,layout_prefix_chunk,Layout+Prefix,0.25,chunk,n244826,20942887,Who is wearing the headband?,Girl,"[""soccer player""]",0.0,18620,2,calib_importance_sep_tail,4,prefix,0.18300919327884912,168.42953593004495,49.113849992863834,249.24526398535818,42.30929398909211,291.6146150091663,18.538307049311697,310.152922058478,283115520,512,65,194.45953343529254,0.0,8.0,31,0.25806451612903225,0.27720739219712526,"[0.27720739219712526, 0.27720739219712526, 0.27720739219712526, 0.27720739219712526, 0.27720739219712526, 0.27720739219712526, 0.27720739219712526, 0.27720739219712526, 0.27720739219712526, 0.27720739219712526, 0.27720739219712526, 0.27720739219712526, 0.27720739219712526, 0.27720739219712526, 0.27720739219712526, 0.27720739219712526, 0.27720739219712526, 0.27720739219712526, 0.27720739219712526, 0.27720739219712526, 0.27720739219712526, 0.27720739219712526, 0.27720739219712526, 0.27720739219712526, 0.27720739219712526, 0.27720739219712526, 0.27720739219712526, 0.27720739219712526, 0.27720739219712526, 0.27720739219712526, 0.27720739219712526, 0.27720739219712526]",0.0,256,268435456,14680064,64,1,283115520,4355623.384615385,4194304.0,14680064.0,0,0,0,prefix,"[[0, 1, 2, 3, 4, 5, 6, 7], [0, 1, 2, 3, 4, 5, 6, 7], [0, 1, 2, 3, 4, 5, 6, 7], [0, 1, 2, 3, 4, 5, 6, 7], [0, 1, 2, 3, 4, 5, 6, 7], [0, 1, 2, 3, 4, 5, 6, 7], [0, 1, 2, 3, 4, 5, 6, 7], [0, 1, 2, 3, 4, 5, 6, 7], [0, 1, 2, 3, 4, 5, 6, 7], [0, 1, 2, 3, 4, 5, 6, 7], [0, 1, 2, 3, 4, 5, 6, 7], [0, 1, 2, 3, 4, 5, 6, 7], [0, 1, 2, 3, 4, 5, 6, 7], [0, 1, 2, 3, 4, 5, 6, 7], [0, 1, 2, 3, 4, 5, 6, 7], [0, 1, 2, 3, 4, 5, 6, 7], [0, 1, 2, 3, 4, 5, 6, 7], [0, 1, 2, 3, 4, 5, 6, 7], [0, 1, 2, 3, 4, 5, 6, 7], [0, 1, 2, 3, 4, 5, 6, 7], [0, 1, 2, 3, 4, 5, 6, 7], [0, 1, 2, 3, 4, 5, 6, 7], [0, 1, 2, 3, 4, 5, 6, 7], [0, 1, 2, 3, 4, 5, 6, 7], [0, 1, 2, 3, 4, 5, 6, 7], [0, 1, 2, 3, 4, 5, 6, 7], [0, 1, 2, 3, 4, 5, 6, 7], [0, 1, 2, 3, 4, 5, 6, 7], [0, 1, 2, 3, 4, 5, 6, 7], [0, 1, 2, 3, 4, 5, 6, 7], [0, 1, 2, 3, 4, 5, 6, 7], [0, 1, 2, 3, 4, 5, 6, 7]]",sidecar,True,calib_importance_sep_tail,0
gqa,fullload,FullLoad,1.0,full,n470131,201988103,What shape is the foil?,Round,"[""round""]",1.0,21595,2,calib_importance_sep_tail,4,fullload,,418.082891497761,,,706.1062009306625,711.1329709878191,18.96728400606662,730.1002549938858,1124073472,2176,64,,643.8370968680829,,,1.0,1.0,null,0.0,,1124073472,0,64,0,1124073472,17563648.0,17563648.0,0.0,,,,,null,,,,0
gqa,layout_prefix_chunk,Layout+Prefix,0.25,chunk,n470131,201988103,What shape is the foil?,Round,"[""round""]",1.0,21595,2,calib_importance_sep_tail,4,prefix,0.18327939324080944,161.4414039067924,44.04874029569328,233.21533598937094,39.23018299974501,272.50677393749356,18.383327987976372,290.89010192546993,285212672,512,65,183.47194767557085,0.0,8.0,34,0.23529411764705882,0.2537313432835821,"[0.2537313432835821, 0.2537313432835821, 0.2537313432835821, 0.2537313432835821, 0.2537313432835821, 0.2537313432835821, 0.2537313432835821, 0.2537313432835821, 0.2537313432835821, 0.2537313432835821, 0.2537313432835821, 0.2537313432835821, 0.2537313432835821, 0.2537313432835821, 0.2537313432835821, 0.2537313432835821, 0.2537313432835821, 0.2537313432835821, 0.2537313432835821, 0.2537313432835821, 0.2537313432835821, 0.2537313432835821, 0.2537313432835821, 0.2537313432835821, 0.2537313432835821, 0.2537313432835821, 0.2537313432835821, 0.2537313432835821, 0.2537313432835821, 0.2537313432835821, 0.2537313432835821, 0.2537313432835821]",0.0,256,268435456,16777216,64,1,285212672,4387887.261538462,4194304.0,16777216.0,0,0,0,prefix,"[[0, 1, 2, 3, 4, 5, 6, 7], [0, 1, 2, 3, 4, 5, 6, 7], [0, 1, 2, 3, 4, 5, 6, 7], [0, 1, 2, 3, 4, 5, 6, 7], [0, 1, 2, 3, 4, 5, 6, 7], [0, 1, 2, 3, 4, 5, 6, 7], [0, 1, 2, 3, 4, 5, 6, 7], [0, 1, 2, 3, 4, 5, 6, 7], [0, 1, 2, 3, 4, 5, 6, 7], [0, 1, 2, 3, 4, 5, 6, 7], [0, 1, 2, 3, 4, 5, 6, 7], [0, 1, 2, 3, 4, 5, 6, 7], [0, 1, 2, 3, 4, 5, 6, 7], [0, 1, 2, 3, 4, 5, 6, 7], [0, 1, 2, 3, 4, 5, 6, 7], [0, 1, 2, 3, 4, 5, 6, 7], [0, 1, 2, 3, 4, 5, 6, 7], [0, 1, 2, 3, 4, 5, 6, 7], [0, 1, 2, 3, 4, 5, 6, 7], [0, 1, 2, 3, 4, 5, 6, 7], [0, 1, 2, 3, 4, 5, 6, 7], [0, 1, 2, 3, 4, 5, 6, 7], [0, 1, 2, 3, 4, 5, 6, 7], [0, 1, 2, 3, 4, 5, 6, 7], [0, 1, 2, 3, 4, 5, 6, 7], [0, 1, 2, 3, 4, 5, 6, 7], [0, 1, 2, 3, 4, 5, 6, 7], [0, 1, 2, 3, 4, 5, 6, 7], [0, 1, 2, 3, 4, 5, 6, 7], [0, 1, 2, 3, 4, 5, 6, 7], [0, 1, 2, 3, 4, 5, 6, 7], [0, 1, 2, 3, 4, 5, 6, 7]]",sidecar,True,calib_importance_sep_tail,0
gqa,fullload,FullLoad,1.0,full,n470131,201987684,Is the table that looks yellow dirty or clean?,Dirty,"[""dirty""]",1.0,360,3,calib_importance_sep_tail,4,fullload,,424.1444735089317,,,675.3024199279025,680.3613499505445,37.58794500026852,717.949294950813,1124073472,2176,64,,622.3988181445748,,,1.0,1.0,null,0.0,,1124073472,0,64,0,1124073472,17563648.0,17563648.0,0.0,,,,,null,,,,0
gqa,layout_prefix_chunk,Layout+Prefix,0.25,chunk,n470131,201987684,Is the table that looks yellow dirty or clean?,Dirty,"[""dirty""]",1.0,360,3,calib_importance_sep_tail,4,prefix,0.13741909060627222,178.8860991364345,40.593166602775455,244.97489898931235,37.82097506336868,282.84077998250723,36.73610999248922,319.57688997499645,285212672,512,65,198.72097636107355,0.0,8.0,34,0.23529411764705882,0.2537313432835821,"[0.2537313432835821, 0.2537313432835821, 0.2537313432835821, 0.2537313432835821, 0.2537313432835821, 0.2537313432835821, 0.2537313432835821, 0.2537313432835821, 0.2537313432835821, 0.2537313432835821, 0.2537313432835821, 0.2537313432835821, 0.2537313432835821, 0.2537313432835821, 0.2537313432835821, 0.2537313432835821, 0.2537313432835821, 0.2537313432835821, 0.2537313432835821, 0.2537313432835821, 0.2537313432835821, 0.2537313432835821, 0.2537313432835821, 0.2537313432835821, 0.2537313432835821, 0.2537313432835821, 0.2537313432835821, 0.2537313432835821, 0.2537313432835821, 0.2537313432835821, 0.2537313432835821, 0.2537313432835821]",0.0,256,268435456,16777216,64,1,285212672,4387887.261538462,4194304.0,16777216.0,0,0,0,prefix,"[[0, 1, 2, 3, 4, 5, 6, 7], [0, 1, 2, 3, 4, 5, 6, 7], [0, 1, 2, 3, 4, 5, 6, 7], [0, 1, 2, 3, 4, 5, 6, 7], [0, 1, 2, 3, 4, 5, 6, 7], [0, 1, 2, 3, 4, 5, 6, 7], [0, 1, 2, 3, 4, 5, 6, 7], [0, 1, 2, 3, 4, 5, 6, 7], [0, 1, 2, 3, 4, 5, 6, 7], [0, 1, 2, 3, 4, 5, 6, 7], [0, 1, 2, 3, 4, 5, 6, 7], [0, 1, 2, 3, 4, 5, 6, 7], [0, 1, 2, 3, 4, 5, 6, 7], [0, 1, 2, 3, 4, 5, 6, 7], [0, 1, 2, 3, 4, 5, 6, 7], [0, 1, 2, 3, 4, 5, 6, 7], [0, 1, 2, 3, 4, 5, 6, 7], [0, 1, 2, 3, 4, 5, 6, 7], [0, 1, 2, 3, 4, 5, 6, 7], [0, 1, 2, 3, 4, 5, 6, 7], [0, 1, 2, 3, 4, 5, 6, 7], [0, 1, 2, 3, 4, 5, 6, 7], [0, 1, 2, 3, 4, 5, 6, 7], [0, 1, 2, 3, 4, 5, 6, 7], [0, 1, 2, 3, 4, 5, 6, 7], [0, 1, 2, 3, 4, 5, 6, 7], [0, 1, 2, 3, 4, 5, 6, 7], [0, 1, 2, 3, 4, 5, 6, 7], [0, 1, 2, 3, 4, 5, 6, 7], [0, 1, 2, 3, 4, 5, 6, 7], [0, 1, 2, 3, 4, 5, 6, 7], [0, 1, 2, 3, 4, 5, 6, 7]]",sidecar,True,calib_importance_sep_tail,0
gqa,fullload,FullLoad,1.0,full,n470131,201987969,What rests on the table?,Paper,"[""paper""]",1.0,349,3,calib_importance_sep_tail,4,fullload,,364.5663420902565,,,582.4934470001608,587.4539900105447,37.66559797804803,625.1195879885927,1124073472,2176,64,,540.9122061682865,,,1.0,1.0,null,0.0,,1124073472,0,64,0,1124073472,17563648.0,17563648.0,0.0,,,,,null,,,,0
gqa,layout_prefix_chunk,Layout+Prefix,0.25,chunk,n470131,201987969,What rests on the table?,Paper,"[""paper""]",1.0,349,3,calib_importance_sep_tail,4,prefix,0.2105621388182044,161.85232100542635,51.87612969893962,248.2625860720873,41.28933302126825,289.6136030321941,36.37546603567898,325.98906906787306,285212672,512,65,190.4235971160233,0.0,8.0,34,0.23529411764705882,0.2537313432835821,"[0.2537313432835821, 0.2537313432835821, 0.2537313432835821, 0.2537313432835821, 0.2537313432835821, 0.2537313432835821, 0.2537313432835821, 0.2537313432835821, 0.2537313432835821, 0.2537313432835821, 0.2537313432835821, 0.2537313432835821, 0.2537313432835821, 0.2537313432835821, 0.2537313432835821, 0.2537313432835821, 0.2537313432835821, 0.2537313432835821, 0.2537313432835821, 0.2537313432835821, 0.2537313432835821, 0.2537313432835821, 0.2537313432835821, 0.2537313432835821, 0.2537313432835821, 0.2537313432835821, 0.2537313432835821, 0.2537313432835821, 0.2537313432835821, 0.2537313432835821, 0.2537313432835821, 0.2537313432835821]",0.0,256,268435456,16777216,64,1,285212672,4387887.261538462,4194304.0,16777216.0,0,0,0,prefix,"[[0, 1, 2, 3, 4, 5, 6, 7], [0, 1, 2, 3, 4, 5, 6, 7], [0, 1, 2, 3, 4, 5, 6, 7], [0, 1, 2, 3, 4, 5, 6, 7], [0, 1, 2, 3, 4, 5, 6, 7], [0, 1, 2, 3, 4, 5, 6, 7], [0, 1, 2, 3, 4, 5, 6, 7], [0, 1, 2, 3, 4, 5, 6, 7], [0, 1, 2, 3, 4, 5, 6, 7], [0, 1, 2, 3, 4, 5, 6, 7], [0, 1, 2, 3, 4, 5, 6, 7], [0, 1, 2, 3, 4, 5, 6, 7], [0, 1, 2, 3, 4, 5, 6, 7], [0, 1, 2, 3, 4, 5, 6, 7], [0, 1, 2, 3, 4, 5, 6, 7], [0, 1, 2, 3, 4, 5, 6, 7], [0, 1, 2, 3, 4, 5, 6, 7], [0, 1, 2, 3, 4, 5, 6, 7], [0, 1, 2, 3, 4, 5, 6, 7], [0, 1, 2, 3, 4, 5, 6, 7], [0, 1, 2, 3, 4, 5, 6, 7], [0, 1, 2, 3, 4, 5, 6, 7], [0, 1, 2, 3, 4, 5, 6, 7], [0, 1, 2, 3, 4, 5, 6, 7], [0, 1, 2, 3, 4, 5, 6, 7], [0, 1, 2, 3, 4, 5, 6, 7], [0, 1, 2, 3, 4, 5, 6, 7], [0, 1, 2, 3, 4, 5, 6, 7], [0, 1, 2, 3, 4, 5, 6, 7], [0, 1, 2, 3, 4, 5, 6, 7], [0, 1, 2, 3, 4, 5, 6, 7], [0, 1, 2, 3, 4, 5, 6, 7]]",sidecar,True,calib_importance_sep_tail,0
gqa,fullload,FullLoad,1.0,full,n470131,201987968,What rests on the yellow table?,Paper,"[""paper""]",1.0,349,3,calib_importance_sep_tail,4,fullload,,413.7786130886525,,,655.2183500025421,660.1515180664137,37.847353029064834,697.9988710954785,1124073472,2176,64,,607.6189607847482,,,1.0,1.0,null,0.0,,1124073472,0,64,0,1124073472,17563648.0,17563648.0,0.0,,,,,null,,,,0
gqa,layout_prefix_chunk,Layout+Prefix,0.25,chunk,n470131,201987968,What rests on the yellow table?,Paper,"[""paper""]",1.0,349,3,calib_importance_sep_tail,4,prefix,0.1516076736152172,145.72921849321574,44.73297263029963,218.16296398174018,48.976756050251424,267.19853898976,36.490903003141284,303.68944199290127,285212672,512,65,167.74676402565092,0.0,8.0,34,0.23529411764705882,0.2537313432835821,"[0.2537313432835821, 0.2537313432835821, 0.2537313432835821, 0.2537313432835821, 0.2537313432835821, 0.2537313432835821, 0.2537313432835821, 0.2537313432835821, 0.2537313432835821, 0.2537313432835821, 0.2537313432835821, 0.2537313432835821, 0.2537313432835821, 0.2537313432835821, 0.2537313432835821, 0.2537313432835821, 0.2537313432835821, 0.2537313432835821, 0.2537313432835821, 0.2537313432835821, 0.2537313432835821, 0.2537313432835821, 0.2537313432835821, 0.2537313432835821, 0.2537313432835821, 0.2537313432835821, 0.2537313432835821, 0.2537313432835821, 0.2537313432835821, 0.2537313432835821, 0.2537313432835821, 0.2537313432835821]",0.0,256,268435456,16777216,64,1,285212672,4387887.261538462,4194304.0,16777216.0,0,0,0,prefix,"[[0, 1, 2, 3, 4, 5, 6, 7], [0, 1, 2, 3, 4, 5, 6, 7], [0, 1, 2, 3, 4, 5, 6, 7], [0, 1, 2, 3, 4, 5, 6, 7], [0, 1, 2, 3, 4, 5, 6, 7], [0, 1, 2, 3, 4, 5, 6, 7], [0, 1, 2, 3, 4, 5, 6, 7], [0, 1, 2, 3, 4, 5, 6, 7], [0, 1, 2, 3, 4, 5, 6, 7], [0, 1, 2, 3, 4, 5, 6, 7], [0, 1, 2, 3, 4, 5, 6, 7], [0, 1, 2, 3, 4, 5, 6, 7], [0, 1, 2, 3, 4, 5, 6, 7], [0, 1, 2, 3, 4, 5, 6, 7], [0, 1, 2, 3, 4, 5, 6, 7], [0, 1, 2, 3, 4, 5, 6, 7], [0, 1, 2, 3, 4, 5, 6, 7], [0, 1, 2, 3, 4, 5, 6, 7], [0, 1, 2, 3, 4, 5, 6, 7], [0, 1, 2, 3, 4, 5, 6, 7], [0, 1, 2, 3, 4, 5, 6, 7], [0, 1, 2, 3, 4, 5, 6, 7], [0, 1, 2, 3, 4, 5, 6, 7], [0, 1, 2, 3, 4, 5, 6, 7], [0, 1, 2, 3, 4, 5, 6, 7], [0, 1, 2, 3, 4, 5, 6, 7], [0, 1, 2, 3, 4, 5, 6, 7], [0, 1, 2, 3, 4, 5, 6, 7], [0, 1, 2, 3, 4, 5, 6, 7], [0, 1, 2, 3, 4, 5, 6, 7], [0, 1, 2, 3, 4, 5, 6, 7], [0, 1, 2, 3, 4, 5, 6, 7]]",sidecar,True,calib_importance_sep_tail,0
gqa,fullload,FullLoad,1.0,full,n470131,201987760,Are there cookies that are not baked?,Yes,"[""no""]",0.0,3869,2,calib_importance_sep_tail,4,fullload,,422.91363899130374,,,672.4405488930643,677.4834069656208,18.948635086417198,696.432042052038,1124073472,2176,64,,620.8319130819291,,,1.0,1.0,null,0.0,,1124073472,0,64,0,1124073472,17563648.0,17563648.0,0.0,,,,,null,,,,0
gqa,layout_prefix_chunk,Layout+Prefix,0.25,chunk,n470131,201987760,Are there cookies that are not baked?,Yes,"[""no""]",0.0,3869,2,calib_importance_sep_tail,4,prefix,0.13065885286778212,153.45493447966874,37.36136935185641,215.36337002180517,35.53682996425778,250.93868002295494,18.710475997067988,269.64915602002293,285212672,512,65,172.4374492187053,0.0,8.0,34,0.23529411764705882,0.2537313432835821,"[0.2537313432835821, 0.2537313432835821, 0.2537313432835821, 0.2537313432835821, 0.2537313432835821, 0.2537313432835821, 0.2537313432835821, 0.2537313432835821, 0.2537313432835821, 0.2537313432835821, 0.2537313432835821, 0.2537313432835821, 0.2537313432835821, 0.2537313432835821, 0.2537313432835821, 0.2537313432835821, 0.2537313432835821, 0.2537313432835821, 0.2537313432835821, 0.2537313432835821, 0.2537313432835821, 0.2537313432835821, 0.2537313432835821, 0.2537313432835821, 0.2537313432835821, 0.2537313432835821, 0.2537313432835821, 0.2537313432835821, 0.2537313432835821, 0.2537313432835821, 0.2537313432835821, 0.2537313432835821]",0.0,256,268435456,16777216,64,1,285212672,4387887.261538462,4194304.0,16777216.0,0,0,0,prefix,"[[0, 1, 2, 3, 4, 5, 6, 7], [0, 1, 2, 3, 4, 5, 6, 7], [0, 1, 2, 3, 4, 5, 6, 7], [0, 1, 2, 3, 4, 5, 6, 7], [0, 1, 2, 3, 4, 5, 6, 7], [0, 1, 2, 3, 4, 5, 6, 7], [0, 1, 2, 3, 4, 5, 6, 7], [0, 1, 2, 3, 4, 5, 6, 7], [0, 1, 2, 3, 4, 5, 6, 7], [0, 1, 2, 3, 4, 5, 6, 7], [0, 1, 2, 3, 4, 5, 6, 7], [0, 1, 2, 3, 4, 5, 6, 7], [0, 1, 2, 3, 4, 5, 6, 7], [0, 1, 2, 3, 4, 5, 6, 7], [0, 1, 2, 3, 4, 5, 6, 7], [0, 1, 2, 3, 4, 5, 6, 7], [0, 1, 2, 3, 4, 5, 6, 7], [0, 1, 2, 3, 4, 5, 6, 7], [0, 1, 2, 3, 4, 5, 6, 7], [0, 1, 2, 3, 4, 5, 6, 7], [0, 1, 2, 3, 4, 5, 6, 7], [0, 1, 2, 3, 4, 5, 6, 7], [0, 1, 2, 3, 4, 5, 6, 7], [0, 1, 2, 3, 4, 5, 6, 7], [0, 1, 2, 3, 4, 5, 6, 7], [0, 1, 2, 3, 4, 5, 6, 7], [0, 1, 2, 3, 4, 5, 6, 7], [0, 1, 2, 3, 4, 5, 6, 7], [0, 1, 2, 3, 4, 5, 6, 7], [0, 1, 2, 3, 4, 5, 6, 7], [0, 1, 2, 3, 4, 5, 6, 7], [0, 1, 2, 3, 4, 5, 6, 7]]",sidecar,True,calib_importance_sep_tail,0
gqa,fullload,FullLoad,1.0,full,n470131,201987763,What is in front of the orange thing that is on the wall?,Paper,"[""cookie""]",0.0,349,3,calib_importance_sep_tail,4,fullload,,372.8971553500742,,,594.2009799182415,599.1960369283333,38.3638150524348,637.5598519807681,1124073472,2176,64,,551.0670755757019,,,1.0,1.0,null,0.0,,1124073472,0,64,0,1124073472,17563648.0,17563648.0,0.0,,,,,null,,,,0
gqa,layout_prefix_chunk,Layout+Prefix,0.25,chunk,n470131,201987763,What is in front of the orange thing that is on the wall?,Paper,"[""cookie""]",0.0,349,3,calib_importance_sep_tail,4,prefix,0.13543409295380116,139.93627147283405,39.99604319687933,204.10811889450997,44.28097407799214,248.43194999266416,36.4245199598372,284.85646995250136,285212672,512,65,158.53411972057074,0.0,8.0,34,0.23529411764705882,0.2537313432835821,"[0.2537313432835821, 0.2537313432835821, 0.2537313432835821, 0.2537313432835821, 0.2537313432835821, 0.2537313432835821, 0.2537313432835821, 0.2537313432835821, 0.2537313432835821, 0.2537313432835821, 0.2537313432835821, 0.2537313432835821, 0.2537313432835821, 0.2537313432835821, 0.2537313432835821, 0.2537313432835821, 0.2537313432835821, 0.2537313432835821, 0.2537313432835821, 0.2537313432835821, 0.2537313432835821, 0.2537313432835821, 0.2537313432835821, 0.2537313432835821, 0.2537313432835821, 0.2537313432835821, 0.2537313432835821, 0.2537313432835821, 0.2537313432835821, 0.2537313432835821, 0.2537313432835821, 0.2537313432835821]",0.0,256,268435456,16777216,64,1,285212672,4387887.261538462,4194304.0,16777216.0,0,0,0,prefix,"[[0, 1, 2, 3, 4, 5, 6, 7], [0, 1, 2, 3, 4, 5, 6, 7], [0, 1, 2, 3, 4, 5, 6, 7], [0, 1, 2, 3, 4, 5, 6, 7], [0, 1, 2, 3, 4, 5, 6, 7], [0, 1, 2, 3, 4, 5, 6, 7], [0, 1, 2, 3, 4, 5, 6, 7], [0, 1, 2, 3, 4, 5, 6, 7], [0, 1, 2, 3, 4, 5, 6, 7], [0, 1, 2, 3, 4, 5, 6, 7], [0, 1, 2, 3, 4, 5, 6, 7], [0, 1, 2, 3, 4, 5, 6, 7], [0, 1, 2, 3, 4, 5, 6, 7], [0, 1, 2, 3, 4, 5, 6, 7], [0, 1, 2, 3, 4, 5, 6, 7], [0, 1, 2, 3, 4, 5, 6, 7], [0, 1, 2, 3, 4, 5, 6, 7], [0, 1, 2, 3, 4, 5, 6, 7], [0, 1, 2, 3, 4, 5, 6, 7], [0, 1, 2, 3, 4, 5, 6, 7], [0, 1, 2, 3, 4, 5, 6, 7], [0, 1, 2, 3, 4, 5, 6, 7], [0, 1, 2, 3, 4, 5, 6, 7], [0, 1, 2, 3, 4, 5, 6, 7], [0, 1, 2, 3, 4, 5, 6, 7], [0, 1, 2, 3, 4, 5, 6, 7], [0, 1, 2, 3, 4, 5, 6, 7], [0, 1, 2, 3, 4, 5, 6, 7], [0, 1, 2, 3, 4, 5, 6, 7], [0, 1, 2, 3, 4, 5, 6, 7], [0, 1, 2, 3, 4, 5, 6, 7], [0, 1, 2, 3, 4, 5, 6, 7]]",sidecar,True,calib_importance_sep_tail,0
gqa,fullload,FullLoad,1.0,full,n195249,20482274,Which company is the hat from?,Nike,"[""nike""]",1.0,405,3,calib_importance_sep_tail,4,fullload,,423.1381764402613,,,718.7296319752932,723.5048149013892,37.074264022521675,760.5790789239109,969932800,1856,64,,651.7896848963574,,,1.0,1.0,null,0.0,,969932800,0,64,0,969932800,15155200.0,15155200.0,0.0,,,,,null,,,,0
gqa,layout_prefix_chunk,Layout+Prefix,0.25,chunk,n195249,20482274,Which company is the hat from?,Nike,"[""nike""]",1.0,405,3,calib_importance_sep_tail,4,prefix,0.19322545267641544,141.69409836176783,44.61663542315364,214.70513299573213,42.8286719834432,257.5935609638691,37.559839081950486,295.1534000458196,248512512,448,65,164.69726583454758,0.0,7.0,29,0.2413793103448276,0.2562162162162162,"[0.2562162162162162, 0.2562162162162162, 0.2562162162162162, 0.2562162162162162, 0.2562162162162162, 0.2562162162162162, 0.2562162162162162, 0.2562162162162162, 0.2562162162162162, 0.2562162162162162, 0.2562162162162162, 0.2562162162162162, 0.2562162162162162, 0.2562162162162162, 0.2562162162162162, 0.2562162162162162, 0.2562162162162162, 0.2562162162162162, 0.2562162162162162, 0.2562162162162162, 0.2562162162162162, 0.2562162162162162, 0.2562162162162162, 0.2562162162162162, 0.2562162162162162, 0.2562162162162162, 0.2562162162162162, 0.2562162162162162, 0.2562162162162162, 0.2562162162162162, 0.2562162162162162, 0.2562162162162162]",0.0,224,234881024,13631488,64,1,248512512,3823269.4153846153,3670016.0,13631488.0,0,0,0,prefix,"[[0, 1, 2, 3, 4, 5, 6], [0, 1, 2, 3, 4, 5, 6], [0, 1, 2, 3, 4, 5, 6], [0, 1, 2, 3, 4, 5, 6], [0, 1, 2, 3, 4, 5, 6], [0, 1, 2, 3, 4, 5, 6], [0, 1, 2, 3, 4, 5, 6], [0, 1, 2, 3, 4, 5, 6], [0, 1, 2, 3, 4, 5, 6], [0, 1, 2, 3, 4, 5, 6], [0, 1, 2, 3, 4, 5, 6], [0, 1, 2, 3, 4, 5, 6], [0, 1, 2, 3, 4, 5, 6], [0, 1, 2, 3, 4, 5, 6], [0, 1, 2, 3, 4, 5, 6], [0, 1, 2, 3, 4, 5, 6], [0, 1, 2, 3, 4, 5, 6], [0, 1, 2, 3, 4, 5, 6], [0, 1, 2, 3, 4, 5, 6], [0, 1, 2, 3, 4, 5, 6], [0, 1, 2, 3, 4, 5, 6], [0, 1, 2, 3, 4, 5, 6], [0, 1, 2, 3, 4, 5, 6], [0, 1, 2, 3, 4, 5, 6], [0, 1, 2, 3, 4, 5, 6], [0, 1, 2, 3, 4, 5, 6], [0, 1, 2, 3, 4, 5, 6], [0, 1, 2, 3, 4, 5, 6], [0, 1, 2, 3, 4, 5, 6], [0, 1, 2, 3, 4, 5, 6], [0, 1, 2, 3, 4, 5, 6], [0, 1, 2, 3, 4, 5, 6]]",sidecar,True,calib_importance_sep_tail,0
gqa,fullload,FullLoad,1.0,full,n195249,20482492,Does this woman wear a wetsuit?,No,"[""no""]",1.0,1939,2,calib_importance_sep_tail,4,fullload,,421.9240966485813,,,667.7878010086715,672.4222289631143,30.214332975447178,702.6365619385615,969932800,1856,64,,601.9279088359326,,,1.0,1.0,null,0.0,,969932800,0,64,0,969932800,15155200.0,15155200.0,0.0,,,,,null,,,,0
gqa,layout_prefix_chunk,Layout+Prefix,0.25,chunk,n195249,20482492,Does this woman wear a wetsuit?,No,"[""no""]",1.0,1939,2,calib_importance_sep_tail,4,prefix,0.20917027723044157,176.72156903427094,48.815670888870955,256.0410830192268,55.92354491818696,312.0242520235479,18.529521068558097,330.553773092106,248512512,448,65,201.5859696548432,0.0,7.0,29,0.2413793103448276,0.2562162162162162,"[0.2562162162162162, 0.2562162162162162, 0.2562162162162162, 0.2562162162162162, 0.2562162162162162, 0.2562162162162162, 0.2562162162162162, 0.2562162162162162, 0.2562162162162162, 0.2562162162162162, 0.2562162162162162, 0.2562162162162162, 0.2562162162162162, 0.2562162162162162, 0.2562162162162162, 0.2562162162162162, 0.2562162162162162, 0.2562162162162162, 0.2562162162162162, 0.2562162162162162, 0.2562162162162162, 0.2562162162162162, 0.2562162162162162, 0.2562162162162162, 0.2562162162162162, 0.2562162162162162, 0.2562162162162162, 0.2562162162162162, 0.2562162162162162, 0.2562162162162162, 0.2562162162162162, 0.2562162162162162]",0.0,224,234881024,13631488,64,1,248512512,3823269.4153846153,3670016.0,13631488.0,0,0,0,prefix,"[[0, 1, 2, 3, 4, 5, 6], [0, 1, 2, 3, 4, 5, 6], [0, 1, 2, 3, 4, 5, 6], [0, 1, 2, 3, 4, 5, 6], [0, 1, 2, 3, 4, 5, 6], [0, 1, 2, 3, 4, 5, 6], [0, 1, 2, 3, 4, 5, 6], [0, 1, 2, 3, 4, 5, 6], [0, 1, 2, 3, 4, 5, 6], [0, 1, 2, 3, 4, 5, 6], [0, 1, 2, 3, 4, 5, 6], [0, 1, 2, 3, 4, 5, 6], [0, 1, 2, 3, 4, 5, 6], [0, 1, 2, 3, 4, 5, 6], [0, 1, 2, 3, 4, 5, 6], [0, 1, 2, 3, 4, 5, 6], [0, 1, 2, 3, 4, 5, 6], [0, 1, 2, 3, 4, 5, 6], [0, 1, 2, 3, 4, 5, 6], [0, 1, 2, 3, 4, 5, 6], [0, 1, 2, 3, 4, 5, 6], [0, 1, 2, 3, 4, 5, 6], [0, 1, 2, 3, 4, 5, 6], [0, 1, 2, 3, 4, 5, 6], [0, 1, 2, 3, 4, 5, 6], [0, 1, 2, 3, 4, 5, 6], [0, 1, 2, 3, 4, 5, 6], [0, 1, 2, 3, 4, 5, 6], [0, 1, 2, 3, 4, 5, 6], [0, 1, 2, 3, 4, 5, 6], [0, 1, 2, 3, 4, 5, 6], [0, 1, 2, 3, 4, 5, 6]]",sidecar,True,calib_importance_sep_tail,0
gqa,fullload,FullLoad,1.0,full,n195249,20482257,Does the blue hat have large size?,Yes,"[""no""]",0.0,3869,2,calib_importance_sep_tail,4,fullload,,455.7022472145036,,,696.8081289669499,701.375858974643,18.98085104767233,720.3567100223154,969932800,1856,64,,630.9901480562985,,,1.0,1.0,null,0.0,,969932800,0,64,0,969932800,15155200.0,15155200.0,0.0,,,,,null,,,,0
gqa,layout_prefix_chunk,Layout+Prefix,0.25,chunk,n195249,20482257,Does the blue hat have large size?,Yes,"[""no""]",0.0,3869,2,calib_importance_sep_tail,4,prefix,0.20359118934720755,172.36422304995358,47.963326796889305,250.42759801726788,40.41509795933962,290.9029619768262,18.601320101879537,309.5042820787057,248512512,448,65,196.92701136227697,0.0,7.0,29,0.2413793103448276,0.2562162162162162,"[0.2562162162162162, 0.2562162162162162, 0.2562162162162162, 0.2562162162162162, 0.2562162162162162, 0.2562162162162162, 0.2562162162162162, 0.2562162162162162, 0.2562162162162162, 0.2562162162162162, 0.2562162162162162, 0.2562162162162162, 0.2562162162162162, 0.2562162162162162, 0.2562162162162162, 0.2562162162162162, 0.2562162162162162, 0.2562162162162162, 0.2562162162162162, 0.2562162162162162, 0.2562162162162162, 0.2562162162162162, 0.2562162162162162, 0.2562162162162162, 0.2562162162162162, 0.2562162162162162, 0.2562162162162162, 0.2562162162162162, 0.2562162162162162, 0.2562162162162162, 0.2562162162162162, 0.2562162162162162]",0.0,224,234881024,13631488,64,1,248512512,3823269.4153846153,3670016.0,13631488.0,0,0,0,prefix,"[[0, 1, 2, 3, 4, 5, 6], [0, 1, 2, 3, 4, 5, 6], [0, 1, 2, 3, 4, 5, 6], [0, 1, 2, 3, 4, 5, 6], [0, 1, 2, 3, 4, 5, 6], [0, 1, 2, 3, 4, 5, 6], [0, 1, 2, 3, 4, 5, 6], [0, 1, 2, 3, 4, 5, 6], [0, 1, 2, 3, 4, 5, 6], [0, 1, 2, 3, 4, 5, 6], [0, 1, 2, 3, 4, 5, 6], [0, 1, 2, 3, 4, 5, 6], [0, 1, 2, 3, 4, 5, 6], [0, 1, 2, 3, 4, 5, 6], [0, 1, 2, 3, 4, 5, 6], [0, 1, 2, 3, 4, 5, 6], [0, 1, 2, 3, 4, 5, 6], [0, 1, 2, 3, 4, 5, 6], [0, 1, 2, 3, 4, 5, 6], [0, 1, 2, 3, 4, 5, 6], [0, 1, 2, 3, 4, 5, 6], [0, 1, 2, 3, 4, 5, 6], [0, 1, 2, 3, 4, 5, 6], [0, 1, 2, 3, 4, 5, 6], [0, 1, 2, 3, 4, 5, 6], [0, 1, 2, 3, 4, 5, 6], [0, 1, 2, 3, 4, 5, 6], [0, 1, 2, 3, 4, 5, 6], [0, 1, 2, 3, 4, 5, 6], [0, 1, 2, 3, 4, 5, 6], [0, 1, 2, 3, 4, 5, 6], [0, 1, 2, 3, 4, 5, 6]]",sidecar,True,calib_importance_sep_tail,0
gqa,fullload,FullLoad,1.0,full,n195249,20482531,Does the cotton shirt look dark blue and short?,Yes,"[""yes""]",1.0,3869,2,calib_importance_sep_tail,4,fullload,,415.01315659843385,,,630.61002001632,635.140637983568,18.97002395708114,654.1106619406492,969932800,1856,64,,575.7205978734419,,,1.0,1.0,null,0.0,,969932800,0,64,0,969932800,15155200.0,15155200.0,0.0,,,,,null,,,,0
gqa,layout_prefix_chunk,Layout+Prefix,0.25,chunk,n195249,20482531,Does the cotton shirt look dark blue and short?,Yes,"[""yes""]",1.0,3869,2,calib_importance_sep_tail,4,prefix,0.20611495710909367,161.5470089018345,48.38760674465448,242.24966811016202,47.34457493759692,289.65635504573584,18.609878956340253,308.2662340020761,248512512,448,65,188.28426720574498,0.0,7.0,29,0.2413793103448276,0.2562162162162162,"[0.2562162162162162, 0.2562162162162162, 0.2562162162162162, 0.2562162162162162, 0.2562162162162162, 0.2562162162162162, 0.2562162162162162, 0.2562162162162162, 0.2562162162162162, 0.2562162162162162, 0.2562162162162162, 0.2562162162162162, 0.2562162162162162, 0.2562162162162162, 0.2562162162162162, 0.2562162162162162, 0.2562162162162162, 0.2562162162162162, 0.2562162162162162, 0.2562162162162162, 0.2562162162162162, 0.2562162162162162, 0.2562162162162162, 0.2562162162162162, 0.2562162162162162, 0.2562162162162162, 0.2562162162162162, 0.2562162162162162, 0.2562162162162162, 0.2562162162162162, 0.2562162162162162, 0.2562162162162162]",0.0,224,234881024,13631488,64,1,248512512,3823269.4153846153,3670016.0,13631488.0,0,0,0,prefix,"[[0, 1, 2, 3, 4, 5, 6], [0, 1, 2, 3, 4, 5, 6], [0, 1, 2, 3, 4, 5, 6], [0, 1, 2, 3, 4, 5, 6], [0, 1, 2, 3, 4, 5, 6], [0, 1, 2, 3, 4, 5, 6], [0, 1, 2, 3, 4, 5, 6], [0, 1, 2, 3, 4, 5, 6], [0, 1, 2, 3, 4, 5, 6], [0, 1, 2, 3, 4, 5, 6], [0, 1, 2, 3, 4, 5, 6], [0, 1, 2, 3, 4, 5, 6], [0, 1, 2, 3, 4, 5, 6], [0, 1, 2, 3, 4, 5, 6], [0, 1, 2, 3, 4, 5, 6], [0, 1, 2, 3, 4, 5, 6], [0, 1, 2, 3, 4, 5, 6], [0, 1, 2, 3, 4, 5, 6], [0, 1, 2, 3, 4, 5, 6], [0, 1, 2, 3, 4, 5, 6], [0, 1, 2, 3, 4, 5, 6], [0, 1, 2, 3, 4, 5, 6], [0, 1, 2, 3, 4, 5, 6], [0, 1, 2, 3, 4, 5, 6], [0, 1, 2, 3, 4, 5, 6], [0, 1, 2, 3, 4, 5, 6], [0, 1, 2, 3, 4, 5, 6], [0, 1, 2, 3, 4, 5, 6], [0, 1, 2, 3, 4, 5, 6], [0, 1, 2, 3, 4, 5, 6], [0, 1, 2, 3, 4, 5, 6], [0, 1, 2, 3, 4, 5, 6]]",sidecar,True,calib_importance_sep_tail,0
gqa,fullload,FullLoad,1.0,full,n195249,20482537,What color is the shirt made of cotton?,Blue,"[""dark blue""]",0.0,10924,2,calib_importance_sep_tail,4,fullload,,436.42865237779915,,,671.9568390399218,676.5414190012962,34.8622240126133,711.4036430139095,969932800,1856,64,,607.6269072946161,,,1.0,1.0,null,0.0,,969932800,0,64,0,969932800,15155200.0,15155200.0,0.0,,,,,null,,,,0
gqa,layout_prefix_chunk,Layout+Prefix,0.25,chunk,n195249,20482537,What color is the shirt made of cotton?,Blue,"[""dark blue""]",0.0,10924,2,calib_importance_sep_tail,4,prefix,0.2047843299806118,169.24741840921342,47.73092467803508,246.5359369525686,47.83823201432824,294.4351539481431,18.99028103798628,313.4254349861294,248512512,448,65,193.2908445596695,0.0,7.0,29,0.2413793103448276,0.2562162162162162,"[0.2562162162162162, 0.2562162162162162, 0.2562162162162162, 0.2562162162162162, 0.2562162162162162, 0.2562162162162162, 0.2562162162162162, 0.2562162162162162, 0.2562162162162162, 0.2562162162162162, 0.2562162162162162, 0.2562162162162162, 0.2562162162162162, 0.2562162162162162, 0.2562162162162162, 0.2562162162162162, 0.2562162162162162, 0.2562162162162162, 0.2562162162162162, 0.2562162162162162, 0.2562162162162162, 0.2562162162162162, 0.2562162162162162, 0.2562162162162162, 0.2562162162162162, 0.2562162162162162, 0.2562162162162162, 0.2562162162162162, 0.2562162162162162, 0.2562162162162162, 0.2562162162162162, 0.2562162162162162]",0.0,224,234881024,13631488,64,1,248512512,3823269.4153846153,3670016.0,13631488.0,0,0,0,prefix,"[[0, 1, 2, 3, 4, 5, 6], [0, 1, 2, 3, 4, 5, 6], [0, 1, 2, 3, 4, 5, 6], [0, 1, 2, 3, 4, 5, 6], [0, 1, 2, 3, 4, 5, 6], [0, 1, 2, 3, 4, 5, 6], [0, 1, 2, 3, 4, 5, 6], [0, 1, 2, 3, 4, 5, 6], [0, 1, 2, 3, 4, 5, 6], [0, 1, 2, 3, 4, 5, 6], [0, 1, 2, 3, 4, 5, 6], [0, 1, 2, 3, 4, 5, 6], [0, 1, 2, 3, 4, 5, 6], [0, 1, 2, 3, 4, 5, 6], [0, 1, 2, 3, 4, 5, 6], [0, 1, 2, 3, 4, 5, 6], [0, 1, 2, 3, 4, 5, 6], [0, 1, 2, 3, 4, 5, 6], [0, 1, 2, 3, 4, 5, 6], [0, 1, 2, 3, 4, 5, 6], [0, 1, 2, 3, 4, 5, 6], [0, 1, 2, 3, 4, 5, 6], [0, 1, 2, 3, 4, 5, 6], [0, 1, 2, 3, 4, 5, 6], [0, 1, 2, 3, 4, 5, 6], [0, 1, 2, 3, 4, 5, 6], [0, 1, 2, 3, 4, 5, 6], [0, 1, 2, 3, 4, 5, 6], [0, 1, 2, 3, 4, 5, 6], [0, 1, 2, 3, 4, 5, 6], [0, 1, 2, 3, 4, 5, 6], [0, 1, 2, 3, 4, 5, 6]]",sidecar,True,calib_importance_sep_tail,0
gqa,fullload,FullLoad,1.0,full,n195249,20482514,Is the person that is staring holding the tennis racket?,Yes,"[""yes""]",1.0,3869,2,calib_importance_sep_tail,4,fullload,,453.86528747621924,,,701.9295459613204,706.5728598972782,18.932997016236186,725.5058569135144,969932800,1856,64,,632.6939280843362,,,1.0,1.0,null,0.0,,969932800,0,64,0,969932800,15155200.0,15155200.0,0.0,,,,,null,,,,0
gqa,layout_prefix_chunk,Layout+Prefix,0.25,chunk,n195249,20482514,Is the person that is staring holding the tennis racket?,Yes,"[""yes""]",1.0,3869,2,calib_importance_sep_tail,4,prefix,0.15529000665992498,135.0839267252013,39.86327536404133,198.9139039069414,41.53055895585567,240.5042969621718,18.89954204671085,259.40383900888264,248512512,448,65,153.67559564765543,0.0,7.0,29,0.2413793103448276,0.2562162162162162,"[0.2562162162162162, 0.2562162162162162, 0.2562162162162162, 0.2562162162162162, 0.2562162162162162, 0.2562162162162162, 0.2562162162162162, 0.2562162162162162, 0.2562162162162162, 0.2562162162162162, 0.2562162162162162, 0.2562162162162162, 0.2562162162162162, 0.2562162162162162, 0.2562162162162162, 0.2562162162162162, 0.2562162162162162, 0.2562162162162162, 0.2562162162162162, 0.2562162162162162, 0.2562162162162162, 0.2562162162162162, 0.2562162162162162, 0.2562162162162162, 0.2562162162162162, 0.2562162162162162, 0.2562162162162162, 0.2562162162162162, 0.2562162162162162, 0.2562162162162162, 0.2562162162162162, 0.2562162162162162]",0.0,224,234881024,13631488,64,1,248512512,3823269.4153846153,3670016.0,13631488.0,0,0,0,prefix,"[[0, 1, 2, 3, 4, 5, 6], [0, 1, 2, 3, 4, 5, 6], [0, 1, 2, 3, 4, 5, 6], [0, 1, 2, 3, 4, 5, 6], [0, 1, 2, 3, 4, 5, 6], [0, 1, 2, 3, 4, 5, 6], [0, 1, 2, 3, 4, 5, 6], [0, 1, 2, 3, 4, 5, 6], [0, 1, 2, 3, 4, 5, 6], [0, 1, 2, 3, 4, 5, 6], [0, 1, 2, 3, 4, 5, 6], [0, 1, 2, 3, 4, 5, 6], [0, 1, 2, 3, 4, 5, 6], [0, 1, 2, 3, 4, 5, 6], [0, 1, 2, 3, 4, 5, 6], [0, 1, 2, 3, 4, 5, 6], [0, 1, 2, 3, 4, 5, 6], [0, 1, 2, 3, 4, 5, 6], [0, 1, 2, 3, 4, 5, 6], [0, 1, 2, 3, 4, 5, 6], [0, 1, 2, 3, 4, 5, 6], [0, 1, 2, 3, 4, 5, 6], [0, 1, 2, 3, 4, 5, 6], [0, 1, 2, 3, 4, 5, 6], [0, 1, 2, 3, 4, 5, 6], [0, 1, 2, 3, 4, 5, 6], [0, 1, 2, 3, 4, 5, 6], [0, 1, 2, 3, 4, 5, 6], [0, 1, 2, 3, 4, 5, 6], [0, 1, 2, 3, 4, 5, 6], [0, 1, 2, 3, 4, 5, 6], [0, 1, 2, 3, 4, 5, 6]]",sidecar,True,calib_importance_sep_tail,0
gqa,fullload,FullLoad,1.0,full,n281241,20427658,In front of what is the gentleman?,Picture,"[""picture""]",1.0,28908,2,calib_importance_sep_tail,4,fullload,,354.0599001571536,,,581.7730129929259,586.9029780151322,25.380402919836342,612.2833809349686,1132462080,2176,64,,531.9034911226481,,,1.0,1.0,null,0.0,,1132462080,0,64,0,1132462080,17694720.0,17694720.0,0.0,,,,,null,,,,0
gqa,layout_prefix_chunk,Layout+Prefix,0.25,chunk,n281241,20427658,In front of what is the gentleman?,Painting,"[""picture""]",0.0,349,4,calib_importance_sep_tail,4,prefix,0.23345963563770056,190.73526246938854,53.99888718966395,278.56311795767397,53.82569902576506,332.4565140064806,55.013070930726826,387.4695849372074,293601280,512,65,218.53450976777822,0.0,8.0,34,0.23529411764705882,0.25925925925925924,"[0.25925925925925924, 0.25925925925925924, 0.25925925925925924, 0.25925925925925924, 0.25925925925925924, 0.25925925925925924, 0.25925925925925924, 0.25925925925925924, 0.25925925925925924, 0.25925925925925924, 0.25925925925925924, 0.25925925925925924, 0.25925925925925924, 0.25925925925925924, 0.25925925925925924, 0.25925925925925924, 0.25925925925925924, 0.25925925925925924, 0.25925925925925924, 0.25925925925925924, 0.25925925925925924, 0.25925925925925924, 0.25925925925925924, 0.25925925925925924, 0.25925925925925924, 0.25925925925925924, 0.25925925925925924, 0.25925925925925924, 0.25925925925925924, 0.25925925925925924, 0.25925925925925924, 0.25925925925925924]",0.0,256,268435456,25165824,64,1,293601280,4516942.769230769,4194304.0,25165824.0,0,0,0,prefix,"[[0, 1, 2, 3, 4, 5, 6, 7], [0, 1, 2, 3, 4, 5, 6, 7], [0, 1, 2, 3, 4, 5, 6, 7], [0, 1, 2, 3, 4, 5, 6, 7], [0, 1, 2, 3, 4, 5, 6, 7], [0, 1, 2, 3, 4, 5, 6, 7], [0, 1, 2, 3, 4, 5, 6, 7], [0, 1, 2, 3, 4, 5, 6, 7], [0, 1, 2, 3, 4, 5, 6, 7], [0, 1, 2, 3, 4, 5, 6, 7], [0, 1, 2, 3, 4, 5, 6, 7], [0, 1, 2, 3, 4, 5, 6, 7], [0, 1, 2, 3, 4, 5, 6, 7], [0, 1, 2, 3, 4, 5, 6, 7], [0, 1, 2, 3, 4, 5, 6, 7], [0, 1, 2, 3, 4, 5, 6, 7], [0, 1, 2, 3, 4, 5, 6, 7], [0, 1, 2, 3, 4, 5, 6, 7], [0, 1, 2, 3, 4, 5, 6, 7], [0, 1, 2, 3, 4, 5, 6, 7], [0, 1, 2, 3, 4, 5, 6, 7], [0, 1, 2, 3, 4, 5, 6, 7], [0, 1, 2, 3, 4, 5, 6, 7], [0, 1, 2, 3, 4, 5, 6, 7], [0, 1, 2, 3, 4, 5, 6, 7], [0, 1, 2, 3, 4, 5, 6, 7], [0, 1, 2, 3, 4, 5, 6, 7], [0, 1, 2, 3, 4, 5, 6, 7], [0, 1, 2, 3, 4, 5, 6, 7], [0, 1, 2, 3, 4, 5, 6, 7], [0, 1, 2, 3, 4, 5, 6, 7], [0, 1, 2, 3, 4, 5, 6, 7]]",sidecar,True,calib_importance_sep_tail,0
gqa,fullload,FullLoad,1.0,full,n281241,20427655,Who is in front of the square picture?,Man,"[""gentleman""]",0.0,2315,2,calib_importance_sep_tail,4,fullload,,377.75334785692394,,,632.4499200563878,637.4353870050982,18.97516194730997,656.4105489524081,1132462080,2176,64,,570.0624362798408,,,1.0,1.0,null,0.0,,1132462080,0,64,0,1132462080,17694720.0,17694720.0,0.0,,,,,null,,,,0
gqa,layout_prefix_chunk,Layout+Prefix,0.25,chunk,n281241,20427655,Who is in front of the square picture?,Man,"[""gentleman""]",0.0,2315,2,calib_importance_sep_tail,4,prefix,0.19800884183496237,165.70778843015432,52.56813089363277,251.2878649868071,41.46524902898818,292.81527001876384,18.568678991869092,311.38394901063293,293601280,512,65,192.79961963184178,0.0,8.0,34,0.23529411764705882,0.25925925925925924,"[0.25925925925925924, 0.25925925925925924, 0.25925925925925924, 0.25925925925925924, 0.25925925925925924, 0.25925925925925924, 0.25925925925925924, 0.25925925925925924, 0.25925925925925924, 0.25925925925925924, 0.25925925925925924, 0.25925925925925924, 0.25925925925925924, 0.25925925925925924, 0.25925925925925924, 0.25925925925925924, 0.25925925925925924, 0.25925925925925924, 0.25925925925925924, 0.25925925925925924, 0.25925925925925924, 0.25925925925925924, 0.25925925925925924, 0.25925925925925924, 0.25925925925925924, 0.25925925925925924, 0.25925925925925924, 0.25925925925925924, 0.25925925925925924, 0.25925925925925924, 0.25925925925925924, 0.25925925925925924]",0.0,256,268435456,25165824,64,1,293601280,4516942.769230769,4194304.0,25165824.0,0,0,0,prefix,"[[0, 1, 2, 3, 4, 5, 6, 7], [0, 1, 2, 3, 4, 5, 6, 7], [0, 1, 2, 3, 4, 5, 6, 7], [0, 1, 2, 3, 4, 5, 6, 7], [0, 1, 2, 3, 4, 5, 6, 7], [0, 1, 2, 3, 4, 5, 6, 7], [0, 1, 2, 3, 4, 5, 6, 7], [0, 1, 2, 3, 4, 5, 6, 7], [0, 1, 2, 3, 4, 5, 6, 7], [0, 1, 2, 3, 4, 5, 6, 7], [0, 1, 2, 3, 4, 5, 6, 7], [0, 1, 2, 3, 4, 5, 6, 7], [0, 1, 2, 3, 4, 5, 6, 7], [0, 1, 2, 3, 4, 5, 6, 7], [0, 1, 2, 3, 4, 5, 6, 7], [0, 1, 2, 3, 4, 5, 6, 7], [0, 1, 2, 3, 4, 5, 6, 7], [0, 1, 2, 3, 4, 5, 6, 7], [0, 1, 2, 3, 4, 5, 6, 7], [0, 1, 2, 3, 4, 5, 6, 7], [0, 1, 2, 3, 4, 5, 6, 7], [0, 1, 2, 3, 4, 5, 6, 7], [0, 1, 2, 3, 4, 5, 6, 7], [0, 1, 2, 3, 4, 5, 6, 7], [0, 1, 2, 3, 4, 5, 6, 7], [0, 1, 2, 3, 4, 5, 6, 7], [0, 1, 2, 3, 4, 5, 6, 7], [0, 1, 2, 3, 4, 5, 6, 7], [0, 1, 2, 3, 4, 5, 6, 7], [0, 1, 2, 3, 4, 5, 6, 7], [0, 1, 2, 3, 4, 5, 6, 7], [0, 1, 2, 3, 4, 5, 6, 7]]",sidecar,True,calib_importance_sep_tail,0
gqa,fullload,FullLoad,1.0,full,n281241,20427656,Who is in front of the picture?,Man,"[""gentleman""]",0.0,2315,2,calib_importance_sep_tail,4,fullload,,402.35616103745997,,,645.7227430073544,650.7022399455309,28.33403809927404,679.0362780448049,1132462080,2176,64,,598.7604340771213,,,1.0,1.0,null,0.0,,1132462080,0,64,0,1132462080,17694720.0,17694720.0,0.0,,,,,null,,,,0
gqa,layout_prefix_chunk,Layout+Prefix,0.25,chunk,n281241,20427656,Who is in front of the picture?,Man,"[""gentleman""]",0.0,2315,2,calib_importance_sep_tail,4,prefix,0.19842595793306828,178.00602409988642,51.68136884458363,261.94532704539597,47.285443055443466,309.2937220353633,18.698796979151666,327.992519014515,293601280,512,65,204.39565263222903,0.0,8.0,34,0.23529411764705882,0.25925925925925924,"[0.25925925925925924, 0.25925925925925924, 0.25925925925925924, 0.25925925925925924, 0.25925925925925924, 0.25925925925925924, 0.25925925925925924, 0.25925925925925924, 0.25925925925925924, 0.25925925925925924, 0.25925925925925924, 0.25925925925925924, 0.25925925925925924, 0.25925925925925924, 0.25925925925925924, 0.25925925925925924, 0.25925925925925924, 0.25925925925925924, 0.25925925925925924, 0.25925925925925924, 0.25925925925925924, 0.25925925925925924, 0.25925925925925924, 0.25925925925925924, 0.25925925925925924, 0.25925925925925924, 0.25925925925925924, 0.25925925925925924, 0.25925925925925924, 0.25925925925925924, 0.25925925925925924, 0.25925925925925924]",0.0,256,268435456,25165824,64,1,293601280,4516942.769230769,4194304.0,25165824.0,0,0,0,prefix,"[[0, 1, 2, 3, 4, 5, 6, 7], [0, 1, 2, 3, 4, 5, 6, 7], [0, 1, 2, 3, 4, 5, 6, 7], [0, 1, 2, 3, 4, 5, 6, 7], [0, 1, 2, 3, 4, 5, 6, 7], [0, 1, 2, 3, 4, 5, 6, 7], [0, 1, 2, 3, 4, 5, 6, 7], [0, 1, 2, 3, 4, 5, 6, 7], [0, 1, 2, 3, 4, 5, 6, 7], [0, 1, 2, 3, 4, 5, 6, 7], [0, 1, 2, 3, 4, 5, 6, 7], [0, 1, 2, 3, 4, 5, 6, 7], [0, 1, 2, 3, 4, 5, 6, 7], [0, 1, 2, 3, 4, 5, 6, 7], [0, 1, 2, 3, 4, 5, 6, 7], [0, 1, 2, 3, 4, 5, 6, 7], [0, 1, 2, 3, 4, 5, 6, 7], [0, 1, 2, 3, 4, 5, 6, 7], [0, 1, 2, 3, 4, 5, 6, 7], [0, 1, 2, 3, 4, 5, 6, 7], [0, 1, 2, 3, 4, 5, 6, 7], [0, 1, 2, 3, 4, 5, 6, 7], [0, 1, 2, 3, 4, 5, 6, 7], [0, 1, 2, 3, 4, 5, 6, 7], [0, 1, 2, 3, 4, 5, 6, 7], [0, 1, 2, 3, 4, 5, 6, 7], [0, 1, 2, 3, 4, 5, 6, 7], [0, 1, 2, 3, 4, 5, 6, 7], [0, 1, 2, 3, 4, 5, 6, 7], [0, 1, 2, 3, 4, 5, 6, 7], [0, 1, 2, 3, 4, 5, 6, 7], [0, 1, 2, 3, 4, 5, 6, 7]]",sidecar,True,calib_importance_sep_tail,0
gqa,fullload,FullLoad,1.0,full,n281241,20427461,Is the jacket the same color as the dress shirt?,Yes,"[""yes""]",1.0,3869,2,calib_importance_sep_tail,4,fullload,,393.84049887303263,,,665.1341749820858,670.1645030407235,18.912922008894384,689.0774250496179,1132462080,2176,64,,613.8095149071887,,,1.0,1.0,null,0.0,,1132462080,0,64,0,1132462080,17694720.0,17694720.0,0.0,,,,,null,,,,0
gqa,layout_prefix_chunk,Layout+Prefix,0.25,chunk,n281241,20427461,Is the jacket the same color as the dress shirt?,Yes,"[""yes""]",1.0,3869,2,calib_importance_sep_tail,4,prefix,0.18930959049612284,172.47040709480643,51.90793075598776,259.336948976852,47.57891898043454,306.9768659770489,18.188970047049224,325.1658360240981,293601280,512,65,201.55113376677036,0.0,8.0,34,0.23529411764705882,0.25925925925925924,"[0.25925925925925924, 0.25925925925925924, 0.25925925925925924, 0.25925925925925924, 0.25925925925925924, 0.25925925925925924, 0.25925925925925924, 0.25925925925925924, 0.25925925925925924, 0.25925925925925924, 0.25925925925925924, 0.25925925925925924, 0.25925925925925924, 0.25925925925925924, 0.25925925925925924, 0.25925925925925924, 0.25925925925925924, 0.25925925925925924, 0.25925925925925924, 0.25925925925925924, 0.25925925925925924, 0.25925925925925924, 0.25925925925925924, 0.25925925925925924, 0.25925925925925924, 0.25925925925925924, 0.25925925925925924, 0.25925925925925924, 0.25925925925925924, 0.25925925925925924, 0.25925925925925924, 0.25925925925925924]",0.0,256,268435456,25165824,64,1,293601280,4516942.769230769,4194304.0,25165824.0,0,0,0,prefix,"[[0, 1, 2, 3, 4, 5, 6, 7], [0, 1, 2, 3, 4, 5, 6, 7], [0, 1, 2, 3, 4, 5, 6, 7], [0, 1, 2, 3, 4, 5, 6, 7], [0, 1, 2, 3, 4, 5, 6, 7], [0, 1, 2, 3, 4, 5, 6, 7], [0, 1, 2, 3, 4, 5, 6, 7], [0, 1, 2, 3, 4, 5, 6, 7], [0, 1, 2, 3, 4, 5, 6, 7], [0, 1, 2, 3, 4, 5, 6, 7], [0, 1, 2, 3, 4, 5, 6, 7], [0, 1, 2, 3, 4, 5, 6, 7], [0, 1, 2, 3, 4, 5, 6, 7], [0, 1, 2, 3, 4, 5, 6, 7], [0, 1, 2, 3, 4, 5, 6, 7], [0, 1, 2, 3, 4, 5, 6, 7], [0, 1, 2, 3, 4, 5, 6, 7], [0, 1, 2, 3, 4, 5, 6, 7], [0, 1, 2, 3, 4, 5, 6, 7], [0, 1, 2, 3, 4, 5, 6, 7], [0, 1, 2, 3, 4, 5, 6, 7], [0, 1, 2, 3, 4, 5, 6, 7], [0, 1, 2, 3, 4, 5, 6, 7], [0, 1, 2, 3, 4, 5, 6, 7], [0, 1, 2, 3, 4, 5, 6, 7], [0, 1, 2, 3, 4, 5, 6, 7], [0, 1, 2, 3, 4, 5, 6, 7], [0, 1, 2, 3, 4, 5, 6, 7], [0, 1, 2, 3, 4, 5, 6, 7], [0, 1, 2, 3, 4, 5, 6, 7], [0, 1, 2, 3, 4, 5, 6, 7], [0, 1, 2, 3, 4, 5, 6, 7]]",sidecar,True,calib_importance_sep_tail,0
gqa,fullload,FullLoad,1.0,full,n281241,20427673,Who is wearing a shirt?,Man,"[""gentleman""]",0.0,2315,2,calib_importance_sep_tail,4,fullload,,444.1315997391939,,,717.7172820083797,722.7001499850303,19.003288936801255,741.7034389218315,1132462080,2176,64,,658.1066609360278,,,1.0,1.0,null,0.0,,1132462080,0,64,0,1132462080,17694720.0,17694720.0,0.0,,,,,null,,,,0
gqa,layout_prefix_chunk,Layout+Prefix,0.25,chunk,n281241,20427673,Who is wearing a shirt?,Man,"[""gentleman""]",0.0,2315,2,calib_importance_sep_tail,4,prefix,0.21468428894877434,162.64214576222003,53.619431564584374,249.87535295076668,59.50958491303027,309.4454569509253,18.501618062146008,327.9470750130713,293601280,512,65,190.336057334207,0.0,8.0,34,0.23529411764705882,0.25925925925925924,"[0.25925925925925924, 0.25925925925925924, 0.25925925925925924, 0.25925925925925924, 0.25925925925925924, 0.25925925925925924, 0.25925925925925924, 0.25925925925925924, 0.25925925925925924, 0.25925925925925924, 0.25925925925925924, 0.25925925925925924, 0.25925925925925924, 0.25925925925925924, 0.25925925925925924, 0.25925925925925924, 0.25925925925925924, 0.25925925925925924, 0.25925925925925924, 0.25925925925925924, 0.25925925925925924, 0.25925925925925924, 0.25925925925925924, 0.25925925925925924, 0.25925925925925924, 0.25925925925925924, 0.25925925925925924, 0.25925925925925924, 0.25925925925925924, 0.25925925925925924, 0.25925925925925924, 0.25925925925925924]",0.0,256,268435456,25165824,64,1,293601280,4516942.769230769,4194304.0,25165824.0,0,0,0,prefix,"[[0, 1, 2, 3, 4, 5, 6, 7], [0, 1, 2, 3, 4, 5, 6, 7], [0, 1, 2, 3, 4, 5, 6, 7], [0, 1, 2, 3, 4, 5, 6, 7], [0, 1, 2, 3, 4, 5, 6, 7], [0, 1, 2, 3, 4, 5, 6, 7], [0, 1, 2, 3, 4, 5, 6, 7], [0, 1, 2, 3, 4, 5, 6, 7], [0, 1, 2, 3, 4, 5, 6, 7], [0, 1, 2, 3, 4, 5, 6, 7], [0, 1, 2, 3, 4, 5, 6, 7], [0, 1, 2, 3, 4, 5, 6, 7], [0, 1, 2, 3, 4, 5, 6, 7], [0, 1, 2, 3, 4, 5, 6, 7], [0, 1, 2, 3, 4, 5, 6, 7], [0, 1, 2, 3, 4, 5, 6, 7], [0, 1, 2, 3, 4, 5, 6, 7], [0, 1, 2, 3, 4, 5, 6, 7], [0, 1, 2, 3, 4, 5, 6, 7], [0, 1, 2, 3, 4, 5, 6, 7], [0, 1, 2, 3, 4, 5, 6, 7], [0, 1, 2, 3, 4, 5, 6, 7], [0, 1, 2, 3, 4, 5, 6, 7], [0, 1, 2, 3, 4, 5, 6, 7], [0, 1, 2, 3, 4, 5, 6, 7], [0, 1, 2, 3, 4, 5, 6, 7], [0, 1, 2, 3, 4, 5, 6, 7], [0, 1, 2, 3, 4, 5, 6, 7], [0, 1, 2, 3, 4, 5, 6, 7], [0, 1, 2, 3, 4, 5, 6, 7], [0, 1, 2, 3, 4, 5, 6, 7], [0, 1, 2, 3, 4, 5, 6, 7]]",sidecar,True,calib_importance_sep_tail,0
gqa,fullload,FullLoad,1.0,full,n281241,20427674,Who is wearing the shirt?,Man,"[""gentleman""]",0.0,2315,2,calib_importance_sep_tail,4,fullload,,468.5723474249244,,,731.9604730000719,736.9719609851018,18.890280043706298,755.8622410288081,1132462080,2176,64,,674.2960991105065,,,1.0,1.0,null,0.0,,1132462080,0,64,0,1132462080,17694720.0,17694720.0,0.0,,,,,null,,,,0
gqa,layout_prefix_chunk,Layout+Prefix,0.25,chunk,n281241,20427674,Who is wearing the shirt?,Man,"[""gentleman""]",0.0,2315,2,calib_importance_sep_tail,4,prefix,0.13256492093205452,137.63195602223277,39.86097907181829,201.38119999319315,36.333862924948335,237.75363096501678,19.96164908632636,257.71528005134314,293601280,512,65,155.91001987922937,0.0,8.0,34,0.23529411764705882,0.25925925925925924,"[0.25925925925925924, 0.25925925925925924, 0.25925925925925924, 0.25925925925925924, 0.25925925925925924, 0.25925925925925924, 0.25925925925925924, 0.25925925925925924, 0.25925925925925924, 0.25925925925925924, 0.25925925925925924, 0.25925925925925924, 0.25925925925925924, 0.25925925925925924, 0.25925925925925924, 0.25925925925925924, 0.25925925925925924, 0.25925925925925924, 0.25925925925925924, 0.25925925925925924, 0.25925925925925924, 0.25925925925925924, 0.25925925925925924, 0.25925925925925924, 0.25925925925925924, 0.25925925925925924, 0.25925925925925924, 0.25925925925925924, 0.25925925925925924, 0.25925925925925924, 0.25925925925925924, 0.25925925925925924]",0.0,256,268435456,25165824,64,1,293601280,4516942.769230769,4194304.0,25165824.0,0,0,0,prefix,"[[0, 1, 2, 3, 4, 5, 6, 7], [0, 1, 2, 3, 4, 5, 6, 7], [0, 1, 2, 3, 4, 5, 6, 7], [0, 1, 2, 3, 4, 5, 6, 7], [0, 1, 2, 3, 4, 5, 6, 7], [0, 1, 2, 3, 4, 5, 6, 7], [0, 1, 2, 3, 4, 5, 6, 7], [0, 1, 2, 3, 4, 5, 6, 7], [0, 1, 2, 3, 4, 5, 6, 7], [0, 1, 2, 3, 4, 5, 6, 7], [0, 1, 2, 3, 4, 5, 6, 7], [0, 1, 2, 3, 4, 5, 6, 7], [0, 1, 2, 3, 4, 5, 6, 7], [0, 1, 2, 3, 4, 5, 6, 7], [0, 1, 2, 3, 4, 5, 6, 7], [0, 1, 2, 3, 4, 5, 6, 7], [0, 1, 2, 3, 4, 5, 6, 7], [0, 1, 2, 3, 4, 5, 6, 7], [0, 1, 2, 3, 4, 5, 6, 7], [0, 1, 2, 3, 4, 5, 6, 7], [0, 1, 2, 3, 4, 5, 6, 7], [0, 1, 2, 3, 4, 5, 6, 7], [0, 1, 2, 3, 4, 5, 6, 7], [0, 1, 2, 3, 4, 5, 6, 7], [0, 1, 2, 3, 4, 5, 6, 7], [0, 1, 2, 3, 4, 5, 6, 7], [0, 1, 2, 3, 4, 5, 6, 7], [0, 1, 2, 3, 4, 5, 6, 7], [0, 1, 2, 3, 4, 5, 6, 7], [0, 1, 2, 3, 4, 5, 6, 7], [0, 1, 2, 3, 4, 5, 6, 7], [0, 1, 2, 3, 4, 5, 6, 7]]",sidecar,True,calib_importance_sep_tail,0
gqa,fullload,FullLoad,1.0,full,n90294,20385685,Is the laptop near the charger modern and black?,No,"[""no""]",1.0,1939,2,calib_importance_sep_tail,4,fullload,,443.09753831475973,,,827.9968239367008,833.2614540122449,18.93132901750505,852.19278302975,1226833920,2368,64,,776.4992160955444,,,1.0,1.0,null,0.0,,1226833920,0,64,0,1226833920,19169280.0,19169280.0,0.0,,,,,null,,,,0
gqa,layout_prefix_chunk,Layout+Prefix,0.25,chunk,n90294,20385685,Is the laptop near the charger modern and black?,No,"[""no""]",1.0,1939,2,calib_importance_sep_tail,4,prefix,0.23537746164947748,171.82192695327103,56.944136042147875,268.1579369818792,42.11265698540956,310.33114495221525,19.311030977405608,329.64217592962086,320864256,576,65,204.75534698925912,0.0,9.0,37,0.24324324324324326,0.26153846153846155,"[0.26153846153846155, 0.26153846153846155, 0.26153846153846155, 0.26153846153846155, 0.26153846153846155, 0.26153846153846155, 0.26153846153846155, 0.26153846153846155, 0.26153846153846155, 0.26153846153846155, 0.26153846153846155, 0.26153846153846155, 0.26153846153846155, 0.26153846153846155, 0.26153846153846155, 0.26153846153846155, 0.26153846153846155, 0.26153846153846155, 0.26153846153846155, 0.26153846153846155, 0.26153846153846155, 0.26153846153846155, 0.26153846153846155, 0.26153846153846155, 0.26153846153846155, 0.26153846153846155, 0.26153846153846155, 0.26153846153846155, 0.26153846153846155, 0.26153846153846155, 0.26153846153846155, 0.26153846153846155]",0.0,288,301989888,18874368,64,1,320864256,4936373.169230769,4718592.0,18874368.0,0,0,0,prefix,"[[0, 1, 2, 3, 4, 5, 6, 7, 8], [0, 1, 2, 3, 4, 5, 6, 7, 8], [0, 1, 2, 3, 4, 5, 6, 7, 8], [0, 1, 2, 3, 4, 5, 6, 7, 8], [0, 1, 2, 3, 4, 5, 6, 7, 8], [0, 1, 2, 3, 4, 5, 6, 7, 8], [0, 1, 2, 3, 4, 5, 6, 7, 8], [0, 1, 2, 3, 4, 5, 6, 7, 8], [0, 1, 2, 3, 4, 5, 6, 7, 8], [0, 1, 2, 3, 4, 5, 6, 7, 8], [0, 1, 2, 3, 4, 5, 6, 7, 8], [0, 1, 2, 3, 4, 5, 6, 7, 8], [0, 1, 2, 3, 4, 5, 6, 7, 8], [0, 1, 2, 3, 4, 5, 6, 7, 8], [0, 1, 2, 3, 4, 5, 6, 7, 8], [0, 1, 2, 3, 4, 5, 6, 7, 8], [0, 1, 2, 3, 4, 5, 6, 7, 8], [0, 1, 2, 3, 4, 5, 6, 7, 8], [0, 1, 2, 3, 4, 5, 6, 7, 8], [0, 1, 2, 3, 4, 5, 6, 7, 8], [0, 1, 2, 3, 4, 5, 6, 7, 8], [0, 1, 2, 3, 4, 5, 6, 7, 8], [0, 1, 2, 3, 4, 5, 6, 7, 8], [0, 1, 2, 3, 4, 5, 6, 7, 8], [0, 1, 2, 3, 4, 5, 6, 7, 8], [0, 1, 2, 3, 4, 5, 6, 7, 8], [0, 1, 2, 3, 4, 5, 6, 7, 8], [0, 1, 2, 3, 4, 5, 6, 7, 8], [0, 1, 2, 3, 4, 5, 6, 7, 8], [0, 1, 2, 3, 4, 5, 6, 7, 8], [0, 1, 2, 3, 4, 5, 6, 7, 8], [0, 1, 2, 3, 4, 5, 6, 7, 8]]",sidecar,True,calib_importance_sep_tail,0
gqa,fullload,FullLoad,1.0,full,n90294,20385575,Is the remote to the right or to the left of the book?,Left,"[""right""]",0.0,19941,2,calib_importance_sep_tail,4,fullload,,455.5539668072015,,,774.6606179280207,779.8167539294809,18.855807022191584,798.6725609516725,1226833920,2368,64,,729.6730756061152,,,1.0,1.0,null,0.0,,1226833920,0,64,0,1226833920,19169280.0,19169280.0,0.0,,,,,null,,,,0
gqa,layout_prefix_chunk,Layout+Prefix,0.25,chunk,n90294,20385575,Is the remote to the right or to the left of the book?,Left,"[""right""]",0.0,19941,2,calib_importance_sep_tail,4,prefix,0.21491036750376225,182.63954506255686,56.25415698159486,277.84601505845785,53.77327394671738,331.68080099858344,18.166974070481956,349.8477750690654,320864256,576,65,215.3584270272404,0.0,9.0,37,0.24324324324324326,0.26153846153846155,"[0.26153846153846155, 0.26153846153846155, 0.26153846153846155, 0.26153846153846155, 0.26153846153846155, 0.26153846153846155, 0.26153846153846155, 0.26153846153846155, 0.26153846153846155, 0.26153846153846155, 0.26153846153846155, 0.26153846153846155, 0.26153846153846155, 0.26153846153846155, 0.26153846153846155, 0.26153846153846155, 0.26153846153846155, 0.26153846153846155, 0.26153846153846155, 0.26153846153846155, 0.26153846153846155, 0.26153846153846155, 0.26153846153846155, 0.26153846153846155, 0.26153846153846155, 0.26153846153846155, 0.26153846153846155, 0.26153846153846155, 0.26153846153846155, 0.26153846153846155, 0.26153846153846155, 0.26153846153846155]",0.0,288,301989888,18874368,64,1,320864256,4936373.169230769,4718592.0,18874368.0,0,0,0,prefix,"[[0, 1, 2, 3, 4, 5, 6, 7, 8], [0, 1, 2, 3, 4, 5, 6, 7, 8], [0, 1, 2, 3, 4, 5, 6, 7, 8], [0, 1, 2, 3, 4, 5, 6, 7, 8], [0, 1, 2, 3, 4, 5, 6, 7, 8], [0, 1, 2, 3, 4, 5, 6, 7, 8], [0, 1, 2, 3, 4, 5, 6, 7, 8], [0, 1, 2, 3, 4, 5, 6, 7, 8], [0, 1, 2, 3, 4, 5, 6, 7, 8], [0, 1, 2, 3, 4, 5, 6, 7, 8], [0, 1, 2, 3, 4, 5, 6, 7, 8], [0, 1, 2, 3, 4, 5, 6, 7, 8], [0, 1, 2, 3, 4, 5, 6, 7, 8], [0, 1, 2, 3, 4, 5, 6, 7, 8], [0, 1, 2, 3, 4, 5, 6, 7, 8], [0, 1, 2, 3, 4, 5, 6, 7, 8], [0, 1, 2, 3, 4, 5, 6, 7, 8], [0, 1, 2, 3, 4, 5, 6, 7, 8], [0, 1, 2, 3, 4, 5, 6, 7, 8], [0, 1, 2, 3, 4, 5, 6, 7, 8], [0, 1, 2, 3, 4, 5, 6, 7, 8], [0, 1, 2, 3, 4, 5, 6, 7, 8], [0, 1, 2, 3, 4, 5, 6, 7, 8], [0, 1, 2, 3, 4, 5, 6, 7, 8], [0, 1, 2, 3, 4, 5, 6, 7, 8], [0, 1, 2, 3, 4, 5, 6, 7, 8], [0, 1, 2, 3, 4, 5, 6, 7, 8], [0, 1, 2, 3, 4, 5, 6, 7, 8], [0, 1, 2, 3, 4, 5, 6, 7, 8], [0, 1, 2, 3, 4, 5, 6, 7, 8], [0, 1, 2, 3, 4, 5, 6, 7, 8], [0, 1, 2, 3, 4, 5, 6, 7, 8]]",sidecar,True,calib_importance_sep_tail,0
gqa,fullload,FullLoad,1.0,full,n90294,20385576,Is there any remote control next to the book?,Yes,"[""yes""]",1.0,3869,2,calib_importance_sep_tail,4,fullload,,372.1350602572784,,,588.3383430773392,593.5084230732173,18.923037918284535,612.4314609915018,1226833920,2368,64,,547.621660400182,,,1.0,1.0,null,0.0,,1226833920,0,64,0,1226833920,19169280.0,19169280.0,0.0,,,,,null,,,,0
gqa,layout_prefix_chunk,Layout+Prefix,0.25,chunk,n90294,20385576,Is there any remote control next to the book?,Yes,"[""yes""]",1.0,3869,2,calib_importance_sep_tail,4,prefix,0.2125230384990573,159.10440706647933,51.111791864968836,243.4567550662905,44.032852980308235,287.55249502137303,18.801177036948502,306.35367205832154,320864256,576,65,186.15005374886096,0.0,9.0,37,0.24324324324324326,0.26153846153846155,"[0.26153846153846155, 0.26153846153846155, 0.26153846153846155, 0.26153846153846155, 0.26153846153846155, 0.26153846153846155, 0.26153846153846155, 0.26153846153846155, 0.26153846153846155, 0.26153846153846155, 0.26153846153846155, 0.26153846153846155, 0.26153846153846155, 0.26153846153846155, 0.26153846153846155, 0.26153846153846155, 0.26153846153846155, 0.26153846153846155, 0.26153846153846155, 0.26153846153846155, 0.26153846153846155, 0.26153846153846155, 0.26153846153846155, 0.26153846153846155, 0.26153846153846155, 0.26153846153846155, 0.26153846153846155, 0.26153846153846155, 0.26153846153846155, 0.26153846153846155, 0.26153846153846155, 0.26153846153846155]",0.0,288,301989888,18874368,64,1,320864256,4936373.169230769,4718592.0,18874368.0,0,0,0,prefix,"[[0, 1, 2, 3, 4, 5, 6, 7, 8], [0, 1, 2, 3, 4, 5, 6, 7, 8], [0, 1, 2, 3, 4, 5, 6, 7, 8], [0, 1, 2, 3, 4, 5, 6, 7, 8], [0, 1, 2, 3, 4, 5, 6, 7, 8], [0, 1, 2, 3, 4, 5, 6, 7, 8], [0, 1, 2, 3, 4, 5, 6, 7, 8], [0, 1, 2, 3, 4, 5, 6, 7, 8], [0, 1, 2, 3, 4, 5, 6, 7, 8], [0, 1, 2, 3, 4, 5, 6, 7, 8], [0, 1, 2, 3, 4, 5, 6, 7, 8], [0, 1, 2, 3, 4, 5, 6, 7, 8], [0, 1, 2, 3, 4, 5, 6, 7, 8], [0, 1, 2, 3, 4, 5, 6, 7, 8], [0, 1, 2, 3, 4, 5, 6, 7, 8], [0, 1, 2, 3, 4, 5, 6, 7, 8], [0, 1, 2, 3, 4, 5, 6, 7, 8], [0, 1, 2, 3, 4, 5, 6, 7, 8], [0, 1, 2, 3, 4, 5, 6, 7, 8], [0, 1, 2, 3, 4, 5, 6, 7, 8], [0, 1, 2, 3, 4, 5, 6, 7, 8], [0, 1, 2, 3, 4, 5, 6, 7, 8], [0, 1, 2, 3, 4, 5, 6, 7, 8], [0, 1, 2, 3, 4, 5, 6, 7, 8], [0, 1, 2, 3, 4, 5, 6, 7, 8], [0, 1, 2, 3, 4, 5, 6, 7, 8], [0, 1, 2, 3, 4, 5, 6, 7, 8], [0, 1, 2, 3, 4, 5, 6, 7, 8], [0, 1, 2, 3, 4, 5, 6, 7, 8], [0, 1, 2, 3, 4, 5, 6, 7, 8], [0, 1, 2, 3, 4, 5, 6, 7, 8], [0, 1, 2, 3, 4, 5, 6, 7, 8]]",sidecar,True,calib_importance_sep_tail,0
gqa,fullload,FullLoad,1.0,full,n90294,20385794,Is the white bag made of cloth or leather?,Cloth,"[""cloth""]",1.0,2233,3,calib_importance_sep_tail,4,fullload,,380.89188549201936,,,627.3191299987957,632.5925230048597,71.25845702830702,703.8509800331667,1226833920,2368,64,,576.482527772896,,,1.0,1.0,null,0.0,,1226833920,0,64,0,1226833920,19169280.0,19169280.0,0.0,,,,,null,,,,0
gqa,layout_prefix_chunk,Layout+Prefix,0.25,chunk,n90294,20385794,Is the white bag made of cloth or leather?,Cloth,"[""cloth""]",1.0,2233,3,calib_importance_sep_tail,4,prefix,0.1560684759169817,123.13165399245918,47.05088853370398,198.93511198461056,46.446879976429045,245.42561499401927,36.09254106413573,281.518156058155,320864256,576,65,145.97852784208953,0.0,9.0,37,0.24324324324324326,0.26153846153846155,"[0.26153846153846155, 0.26153846153846155, 0.26153846153846155, 0.26153846153846155, 0.26153846153846155, 0.26153846153846155, 0.26153846153846155, 0.26153846153846155, 0.26153846153846155, 0.26153846153846155, 0.26153846153846155, 0.26153846153846155, 0.26153846153846155, 0.26153846153846155, 0.26153846153846155, 0.26153846153846155, 0.26153846153846155, 0.26153846153846155, 0.26153846153846155, 0.26153846153846155, 0.26153846153846155, 0.26153846153846155, 0.26153846153846155, 0.26153846153846155, 0.26153846153846155, 0.26153846153846155, 0.26153846153846155, 0.26153846153846155, 0.26153846153846155, 0.26153846153846155, 0.26153846153846155, 0.26153846153846155]",0.0,288,301989888,18874368,64,1,320864256,4936373.169230769,4718592.0,18874368.0,0,0,0,prefix,"[[0, 1, 2, 3, 4, 5, 6, 7, 8], [0, 1, 2, 3, 4, 5, 6, 7, 8], [0, 1, 2, 3, 4, 5, 6, 7, 8], [0, 1, 2, 3, 4, 5, 6, 7, 8], [0, 1, 2, 3, 4, 5, 6, 7, 8], [0, 1, 2, 3, 4, 5, 6, 7, 8], [0, 1, 2, 3, 4, 5, 6, 7, 8], [0, 1, 2, 3, 4, 5, 6, 7, 8], [0, 1, 2, 3, 4, 5, 6, 7, 8], [0, 1, 2, 3, 4, 5, 6, 7, 8], [0, 1, 2, 3, 4, 5, 6, 7, 8], [0, 1, 2, 3, 4, 5, 6, 7, 8], [0, 1, 2, 3, 4, 5, 6, 7, 8], [0, 1, 2, 3, 4, 5, 6, 7, 8], [0, 1, 2, 3, 4, 5, 6, 7, 8], [0, 1, 2, 3, 4, 5, 6, 7, 8], [0, 1, 2, 3, 4, 5, 6, 7, 8], [0, 1, 2, 3, 4, 5, 6, 7, 8], [0, 1, 2, 3, 4, 5, 6, 7, 8], [0, 1, 2, 3, 4, 5, 6, 7, 8], [0, 1, 2, 3, 4, 5, 6, 7, 8], [0, 1, 2, 3, 4, 5, 6, 7, 8], [0, 1, 2, 3, 4, 5, 6, 7, 8], [0, 1, 2, 3, 4, 5, 6, 7, 8], [0, 1, 2, 3, 4, 5, 6, 7, 8], [0, 1, 2, 3, 4, 5, 6, 7, 8], [0, 1, 2, 3, 4, 5, 6, 7, 8], [0, 1, 2, 3, 4, 5, 6, 7, 8], [0, 1, 2, 3, 4, 5, 6, 7, 8], [0, 1, 2, 3, 4, 5, 6, 7, 8], [0, 1, 2, 3, 4, 5, 6, 7, 8], [0, 1, 2, 3, 4, 5, 6, 7, 8]]",sidecar,True,calib_importance_sep_tail,0
gqa,fullload,FullLoad,1.0,full,n90294,20385226,Does the book have the same color as the charger?,No,"[""yes""]",0.0,1939,2,calib_importance_sep_tail,4,fullload,,420.8235265687108,,,663.5057909879833,668.701249989681,24.04749800916761,692.7487479988486,1226833920,2368,64,,610.6985358055681,,,1.0,1.0,null,0.0,,1226833920,0,64,0,1226833920,19169280.0,19169280.0,0.0,,,,,null,,,,0
gqa,layout_prefix_chunk,Layout+Prefix,0.25,chunk,n90294,20385226,Does the book have the same color as the charger?,No,"[""yes""]",0.0,1939,2,calib_importance_sep_tail,4,prefix,0.16456539742648602,150.9950520703569,46.36592324823141,225.99184303544462,37.58827701676637,263.62342201173306,18.552416004240513,282.17583801597357,320864256,576,65,173.72098471969366,0.0,9.0,37,0.24324324324324326,0.26153846153846155,"[0.26153846153846155, 0.26153846153846155, 0.26153846153846155, 0.26153846153846155, 0.26153846153846155, 0.26153846153846155, 0.26153846153846155, 0.26153846153846155, 0.26153846153846155, 0.26153846153846155, 0.26153846153846155, 0.26153846153846155, 0.26153846153846155, 0.26153846153846155, 0.26153846153846155, 0.26153846153846155, 0.26153846153846155, 0.26153846153846155, 0.26153846153846155, 0.26153846153846155, 0.26153846153846155, 0.26153846153846155, 0.26153846153846155, 0.26153846153846155, 0.26153846153846155, 0.26153846153846155, 0.26153846153846155, 0.26153846153846155, 0.26153846153846155, 0.26153846153846155, 0.26153846153846155, 0.26153846153846155]",0.0,288,301989888,18874368,64,1,320864256,4936373.169230769,4718592.0,18874368.0,0,0,0,prefix,"[[0, 1, 2, 3, 4, 5, 6, 7, 8], [0, 1, 2, 3, 4, 5, 6, 7, 8], [0, 1, 2, 3, 4, 5, 6, 7, 8], [0, 1, 2, 3, 4, 5, 6, 7, 8], [0, 1, 2, 3, 4, 5, 6, 7, 8], [0, 1, 2, 3, 4, 5, 6, 7, 8], [0, 1, 2, 3, 4, 5, 6, 7, 8], [0, 1, 2, 3, 4, 5, 6, 7, 8], [0, 1, 2, 3, 4, 5, 6, 7, 8], [0, 1, 2, 3, 4, 5, 6, 7, 8], [0, 1, 2, 3, 4, 5, 6, 7, 8], [0, 1, 2, 3, 4, 5, 6, 7, 8], [0, 1, 2, 3, 4, 5, 6, 7, 8], [0, 1, 2, 3, 4, 5, 6, 7, 8], [0, 1, 2, 3, 4, 5, 6, 7, 8], [0, 1, 2, 3, 4, 5, 6, 7, 8], [0, 1, 2, 3, 4, 5, 6, 7, 8], [0, 1, 2, 3, 4, 5, 6, 7, 8], [0, 1, 2, 3, 4, 5, 6, 7, 8], [0, 1, 2, 3, 4, 5, 6, 7, 8], [0, 1, 2, 3, 4, 5, 6, 7, 8], [0, 1, 2, 3, 4, 5, 6, 7, 8], [0, 1, 2, 3, 4, 5, 6, 7, 8], [0, 1, 2, 3, 4, 5, 6, 7, 8], [0, 1, 2, 3, 4, 5, 6, 7, 8], [0, 1, 2, 3, 4, 5, 6, 7, 8], [0, 1, 2, 3, 4, 5, 6, 7, 8], [0, 1, 2, 3, 4, 5, 6, 7, 8], [0, 1, 2, 3, 4, 5, 6, 7, 8], [0, 1, 2, 3, 4, 5, 6, 7, 8], [0, 1, 2, 3, 4, 5, 6, 7, 8], [0, 1, 2, 3, 4, 5, 6, 7, 8]]",sidecar,True,calib_importance_sep_tail,0
gqa,fullload,FullLoad,1.0,full,n90294,20385928,Are both the charger and the calculator made of plastic?,Yes,"[""yes""]",1.0,3869,2,calib_importance_sep_tail,4,fullload,,422.3417247412726,,,687.8639679634944,693.1377309374511,19.06236808281392,712.200099020265,1226833920,2368,64,,632.0019181584939,,,1.0,1.0,null,0.0,,1226833920,0,64,0,1226833920,19169280.0,19169280.0,0.0,,,,,null,,,,0
gqa,layout_prefix_chunk,Layout+Prefix,0.25,chunk,n90294,20385928,Are both the charger and the calculator made of plastic?,Yes,"[""yes""]",1.0,3869,2,calib_importance_sep_tail,4,prefix,0.219639390707016,191.89191702753305,56.35045585222542,284.7164139384404,51.78591900039464,336.5624819416553,19.26366309635341,355.8261450380087,320864256,576,65,222.0386858098209,0.0,9.0,37,0.24324324324324326,0.26153846153846155,"[0.26153846153846155, 0.26153846153846155, 0.26153846153846155, 0.26153846153846155, 0.26153846153846155, 0.26153846153846155, 0.26153846153846155, 0.26153846153846155, 0.26153846153846155, 0.26153846153846155, 0.26153846153846155, 0.26153846153846155, 0.26153846153846155, 0.26153846153846155, 0.26153846153846155, 0.26153846153846155, 0.26153846153846155, 0.26153846153846155, 0.26153846153846155, 0.26153846153846155, 0.26153846153846155, 0.26153846153846155, 0.26153846153846155, 0.26153846153846155, 0.26153846153846155, 0.26153846153846155, 0.26153846153846155, 0.26153846153846155, 0.26153846153846155, 0.26153846153846155, 0.26153846153846155, 0.26153846153846155]",0.0,288,301989888,18874368,64,1,320864256,4936373.169230769,4718592.0,18874368.0,0,0,0,prefix,"[[0, 1, 2, 3, 4, 5, 6, 7, 8], [0, 1, 2, 3, 4, 5, 6, 7, 8], [0, 1, 2, 3, 4, 5, 6, 7, 8], [0, 1, 2, 3, 4, 5, 6, 7, 8], [0, 1, 2, 3, 4, 5, 6, 7, 8], [0, 1, 2, 3, 4, 5, 6, 7, 8], [0, 1, 2, 3, 4, 5, 6, 7, 8], [0, 1, 2, 3, 4, 5, 6, 7, 8], [0, 1, 2, 3, 4, 5, 6, 7, 8], [0, 1, 2, 3, 4, 5, 6, 7, 8], [0, 1, 2, 3, 4, 5, 6, 7, 8], [0, 1, 2, 3, 4, 5, 6, 7, 8], [0, 1, 2, 3, 4, 5, 6, 7, 8], [0, 1, 2, 3, 4, 5, 6, 7, 8], [0, 1, 2, 3, 4, 5, 6, 7, 8], [0, 1, 2, 3, 4, 5, 6, 7, 8], [0, 1, 2, 3, 4, 5, 6, 7, 8], [0, 1, 2, 3, 4, 5, 6, 7, 8], [0, 1, 2, 3, 4, 5, 6, 7, 8], [0, 1, 2, 3, 4, 5, 6, 7, 8], [0, 1, 2, 3, 4, 5, 6, 7, 8], [0, 1, 2, 3, 4, 5, 6, 7, 8], [0, 1, 2, 3, 4, 5, 6, 7, 8], [0, 1, 2, 3, 4, 5, 6, 7, 8], [0, 1, 2, 3, 4, 5, 6, 7, 8], [0, 1, 2, 3, 4, 5, 6, 7, 8], [0, 1, 2, 3, 4, 5, 6, 7, 8], [0, 1, 2, 3, 4, 5, 6, 7, 8], [0, 1, 2, 3, 4, 5, 6, 7, 8], [0, 1, 2, 3, 4, 5, 6, 7, 8], [0, 1, 2, 3, 4, 5, 6, 7, 8], [0, 1, 2, 3, 4, 5, 6, 7, 8]]",sidecar,True,calib_importance_sep_tail,0
gqa,fullload,FullLoad,1.0,full,n16425,20342389,Which color is the bus to the right of the other bus?,White,"[""blue""]",0.0,8037,2,calib_importance_sep_tail,4,fullload,,426.7146596685052,,,691.9387099333107,697.6554479915649,19.213097053579986,716.8685450451449,1278214144,2496,64,,635.7602690113708,,,1.0,1.0,null,0.0,,1278214144,0,64,0,1278214144,19972096.0,19972096.0,0.0,,,,,null,,,,0
gqa,layout_prefix_chunk,Layout+Prefix,0.25,chunk,n16425,20342389,Which color is the bus to the right of the other bus?,White,"[""blue""]",0.0,8037,2,calib_importance_sep_tail,4,prefix,0.1959948567673564,173.80304809194058,48.8119600340724,254.54517907928675,37.96529409009963,292.55636408925056,18.30188895110041,310.858253040351,355467264,640,65,199.72742395475507,0.0,10.0,39,0.2564102564102564,0.2780968006562756,"[0.2780968006562756, 0.2780968006562756, 0.2780968006562756, 0.2780968006562756, 0.2780968006562756, 0.2780968006562756, 0.2780968006562756, 0.2780968006562756, 0.2780968006562756, 0.2780968006562756, 0.2780968006562756, 0.2780968006562756, 0.2780968006562756, 0.2780968006562756, 0.2780968006562756, 0.2780968006562756, 0.2780968006562756, 0.2780968006562756, 0.2780968006562756, 0.2780968006562756, 0.2780968006562756, 0.2780968006562756, 0.2780968006562756, 0.2780968006562756, 0.2780968006562756, 0.2780968006562756, 0.2780968006562756, 0.2780968006562756, 0.2780968006562756, 0.2780968006562756, 0.2780968006562756, 0.2780968006562756]",0.0,320,335544320,19922944,64,1,355467264,5468727.138461539,5242880.0,19922944.0,0,0,0,prefix,"[[0, 1, 2, 3, 4, 5, 6, 7, 8, 9], [0, 1, 2, 3, 4, 5, 6, 7, 8, 9], [0, 1, 2, 3, 4, 5, 6, 7, 8, 9], [0, 1, 2, 3, 4, 5, 6, 7, 8, 9], [0, 1, 2, 3, 4, 5, 6, 7, 8, 9], [0, 1, 2, 3, 4, 5, 6, 7, 8, 9], [0, 1, 2, 3, 4, 5, 6, 7, 8, 9], [0, 1, 2, 3, 4, 5, 6, 7, 8, 9], [0, 1, 2, 3, 4, 5, 6, 7, 8, 9], [0, 1, 2, 3, 4, 5, 6, 7, 8, 9], [0, 1, 2, 3, 4, 5, 6, 7, 8, 9], [0, 1, 2, 3, 4, 5, 6, 7, 8, 9], [0, 1, 2, 3, 4, 5, 6, 7, 8, 9], [0, 1, 2, 3, 4, 5, 6, 7, 8, 9], [0, 1, 2, 3, 4, 5, 6, 7, 8, 9], [0, 1, 2, 3, 4, 5, 6, 7, 8, 9], [0, 1, 2, 3, 4, 5, 6, 7, 8, 9], [0, 1, 2, 3, 4, 5, 6, 7, 8, 9], [0, 1, 2, 3, 4, 5, 6, 7, 8, 9], [0, 1, 2, 3, 4, 5, 6, 7, 8, 9], [0, 1, 2, 3, 4, 5, 6, 7, 8, 9], [0, 1, 2, 3, 4, 5, 6, 7, 8, 9], [0, 1, 2, 3, 4, 5, 6, 7, 8, 9], [0, 1, 2, 3, 4, 5, 6, 7, 8, 9], [0, 1, 2, 3, 4, 5, 6, 7, 8, 9], [0, 1, 2, 3, 4, 5, 6, 7, 8, 9], [0, 1, 2, 3, 4, 5, 6, 7, 8, 9], [0, 1, 2, 3, 4, 5, 6, 7, 8, 9], [0, 1, 2, 3, 4, 5, 6, 7, 8, 9], [0, 1, 2, 3, 4, 5, 6, 7, 8, 9], [0, 1, 2, 3, 4, 5, 6, 7, 8, 9], [0, 1, 2, 3, 4, 5, 6, 7, 8, 9]]",sidecar,True,calib_importance_sep_tail,0
gqa,fullload,FullLoad,1.0,full,n16425,20342508,"What vehicle is the telephone pole behind of, a train or a bus?",Bus,"[""bus""]",1.0,8406,2,calib_importance_sep_tail,4,fullload,,442.948731710203,,,708.9645130326971,714.3510520691052,19.03814193792641,733.3891940070316,1278214144,2496,64,,658.710423973389,,,1.0,1.0,null,0.0,,1278214144,0,64,0,1278214144,19972096.0,19972096.0,0.0,,,,,null,,,,0
gqa,layout_prefix_chunk,Layout+Prefix,0.25,chunk,n16425,20342508,"What vehicle is the telephone pole behind of, a train or a bus?",Bus,"[""bus""]",1.0,8406,2,calib_importance_sep_tail,4,prefix,0.1991457538679242,162.63615200296044,51.14769272040576,246.6017099795863,62.27283598855138,308.93688602373004,18.82047497201711,327.75736099574715,355467264,640,65,189.29534393828362,0.0,10.0,39,0.2564102564102564,0.2780968006562756,"[0.2780968006562756, 0.2780968006562756, 0.2780968006562756, 0.2780968006562756, 0.2780968006562756, 0.2780968006562756, 0.2780968006562756, 0.2780968006562756, 0.2780968006562756, 0.2780968006562756, 0.2780968006562756, 0.2780968006562756, 0.2780968006562756, 0.2780968006562756, 0.2780968006562756, 0.2780968006562756, 0.2780968006562756, 0.2780968006562756, 0.2780968006562756, 0.2780968006562756, 0.2780968006562756, 0.2780968006562756, 0.2780968006562756, 0.2780968006562756, 0.2780968006562756, 0.2780968006562756, 0.2780968006562756, 0.2780968006562756, 0.2780968006562756, 0.2780968006562756, 0.2780968006562756, 0.2780968006562756]",0.0,320,335544320,19922944,64,1,355467264,5468727.138461539,5242880.0,19922944.0,0,0,0,prefix,"[[0, 1, 2, 3, 4, 5, 6, 7, 8, 9], [0, 1, 2, 3, 4, 5, 6, 7, 8, 9], [0, 1, 2, 3, 4, 5, 6, 7, 8, 9], [0, 1, 2, 3, 4, 5, 6, 7, 8, 9], [0, 1, 2, 3, 4, 5, 6, 7, 8, 9], [0, 1, 2, 3, 4, 5, 6, 7, 8, 9], [0, 1, 2, 3, 4, 5, 6, 7, 8, 9], [0, 1, 2, 3, 4, 5, 6, 7, 8, 9], [0, 1, 2, 3, 4, 5, 6, 7, 8, 9], [0, 1, 2, 3, 4, 5, 6, 7, 8, 9], [0, 1, 2, 3, 4, 5, 6, 7, 8, 9], [0, 1, 2, 3, 4, 5, 6, 7, 8, 9], [0, 1, 2, 3, 4, 5, 6, 7, 8, 9], [0, 1, 2, 3, 4, 5, 6, 7, 8, 9], [0, 1, 2, 3, 4, 5, 6, 7, 8, 9], [0, 1, 2, 3, 4, 5, 6, 7, 8, 9], [0, 1, 2, 3, 4, 5, 6, 7, 8, 9], [0, 1, 2, 3, 4, 5, 6, 7, 8, 9], [0, 1, 2, 3, 4, 5, 6, 7, 8, 9], [0, 1, 2, 3, 4, 5, 6, 7, 8, 9], [0, 1, 2, 3, 4, 5, 6, 7, 8, 9], [0, 1, 2, 3, 4, 5, 6, 7, 8, 9], [0, 1, 2, 3, 4, 5, 6, 7, 8, 9], [0, 1, 2, 3, 4, 5, 6, 7, 8, 9], [0, 1, 2, 3, 4, 5, 6, 7, 8, 9], [0, 1, 2, 3, 4, 5, 6, 7, 8, 9], [0, 1, 2, 3, 4, 5, 6, 7, 8, 9], [0, 1, 2, 3, 4, 5, 6, 7, 8, 9], [0, 1, 2, 3, 4, 5, 6, 7, 8, 9], [0, 1, 2, 3, 4, 5, 6, 7, 8, 9], [0, 1, 2, 3, 4, 5, 6, 7, 8, 9], [0, 1, 2, 3, 4, 5, 6, 7, 8, 9]]",sidecar,True,calib_importance_sep_tail,0
gqa,fullload,FullLoad,1.0,full,n16425,20342449,Which kind of vehicle is gold?,Bus,"[""bus""]",1.0,8406,2,calib_importance_sep_tail,4,fullload,,382.6474316883832,,,632.3169450042769,637.6767620677128,19.182871910743415,656.8596339784563,1278214144,2496,64,,585.2448769146577,,,1.0,1.0,null,0.0,,1278214144,0,64,0,1278214144,19972096.0,19972096.0,0.0,,,,,null,,,,0
gqa,layout_prefix_chunk,Layout+Prefix,0.25,chunk,n16425,20342449,Which kind of vehicle is gold?,Bus,"[""bus""]",1.0,8406,2,calib_importance_sep_tail,4,prefix,0.20327512174844742,165.4356678482145,52.82386497128755,252.16232798993587,37.101874011568725,289.30288297124207,18.313479027710855,307.6163619989529,355467264,640,65,193.02285788580775,0.0,10.0,39,0.2564102564102564,0.2780968006562756,"[0.2780968006562756, 0.2780968006562756, 0.2780968006562756, 0.2780968006562756, 0.2780968006562756, 0.2780968006562756, 0.2780968006562756, 0.2780968006562756, 0.2780968006562756, 0.2780968006562756, 0.2780968006562756, 0.2780968006562756, 0.2780968006562756, 0.2780968006562756, 0.2780968006562756, 0.2780968006562756, 0.2780968006562756, 0.2780968006562756, 0.2780968006562756, 0.2780968006562756, 0.2780968006562756, 0.2780968006562756, 0.2780968006562756, 0.2780968006562756, 0.2780968006562756, 0.2780968006562756, 0.2780968006562756, 0.2780968006562756, 0.2780968006562756, 0.2780968006562756, 0.2780968006562756, 0.2780968006562756]",0.0,320,335544320,19922944,64,1,355467264,5468727.138461539,5242880.0,19922944.0,0,0,0,prefix,"[[0, 1, 2, 3, 4, 5, 6, 7, 8, 9], [0, 1, 2, 3, 4, 5, 6, 7, 8, 9], [0, 1, 2, 3, 4, 5, 6, 7, 8, 9], [0, 1, 2, 3, 4, 5, 6, 7, 8, 9], [0, 1, 2, 3, 4, 5, 6, 7, 8, 9], [0, 1, 2, 3, 4, 5, 6, 7, 8, 9], [0, 1, 2, 3, 4, 5, 6, 7, 8, 9], [0, 1, 2, 3, 4, 5, 6, 7, 8, 9], [0, 1, 2, 3, 4, 5, 6, 7, 8, 9], [0, 1, 2, 3, 4, 5, 6, 7, 8, 9], [0, 1, 2, 3, 4, 5, 6, 7, 8, 9], [0, 1, 2, 3, 4, 5, 6, 7, 8, 9], [0, 1, 2, 3, 4, 5, 6, 7, 8, 9], [0, 1, 2, 3, 4, 5, 6, 7, 8, 9], [0, 1, 2, 3, 4, 5, 6, 7, 8, 9], [0, 1, 2, 3, 4, 5, 6, 7, 8, 9], [0, 1, 2, 3, 4, 5, 6, 7, 8, 9], [0, 1, 2, 3, 4, 5, 6, 7, 8, 9], [0, 1, 2, 3, 4, 5, 6, 7, 8, 9], [0, 1, 2, 3, 4, 5, 6, 7, 8, 9], [0, 1, 2, 3, 4, 5, 6, 7, 8, 9], [0, 1, 2, 3, 4, 5, 6, 7, 8, 9], [0, 1, 2, 3, 4, 5, 6, 7, 8, 9], [0, 1, 2, 3, 4, 5, 6, 7, 8, 9], [0, 1, 2, 3, 4, 5, 6, 7, 8, 9], [0, 1, 2, 3, 4, 5, 6, 7, 8, 9], [0, 1, 2, 3, 4, 5, 6, 7, 8, 9], [0, 1, 2, 3, 4, 5, 6, 7, 8, 9], [0, 1, 2, 3, 4, 5, 6, 7, 8, 9], [0, 1, 2, 3, 4, 5, 6, 7, 8, 9], [0, 1, 2, 3, 4, 5, 6, 7, 8, 9], [0, 1, 2, 3, 4, 5, 6, 7, 8, 9]]",sidecar,True,calib_importance_sep_tail,0
gqa,fullload,FullLoad,1.0,full,n16425,20342331,On which side is the person?,Left,"[""left""]",1.0,19941,2,calib_importance_sep_tail,4,fullload,,457.95746019575745,,,730.8760760352015,736.2051940290257,19.343333900906146,755.5485279299319,1278214144,2496,64,,676.7504878807813,,,1.0,1.0,null,0.0,,1278214144,0,64,0,1278214144,19972096.0,19972096.0,0.0,,,,,null,,,,0
gqa,layout_prefix_chunk,Layout+Prefix,0.25,chunk,n16425,20342331,On which side is the person?,Left,"[""left""]",1.0,19941,2,calib_importance_sep_tail,4,prefix,0.25517737958580256,179.42452267743647,60.28371106367558,281.64403804112226,49.789028940722346,331.4949929481372,19.16659902781248,350.6615919759497,355467264,640,65,214.66564969159663,0.0,10.0,39,0.2564102564102564,0.2780968006562756,"[0.2780968006562756, 0.2780968006562756, 0.2780968006562756, 0.2780968006562756, 0.2780968006562756, 0.2780968006562756, 0.2780968006562756, 0.2780968006562756, 0.2780968006562756, 0.2780968006562756, 0.2780968006562756, 0.2780968006562756, 0.2780968006562756, 0.2780968006562756, 0.2780968006562756, 0.2780968006562756, 0.2780968006562756, 0.2780968006562756, 0.2780968006562756, 0.2780968006562756, 0.2780968006562756, 0.2780968006562756, 0.2780968006562756, 0.2780968006562756, 0.2780968006562756, 0.2780968006562756, 0.2780968006562756, 0.2780968006562756, 0.2780968006562756, 0.2780968006562756, 0.2780968006562756, 0.2780968006562756]",0.0,320,335544320,19922944,64,1,355467264,5468727.138461539,5242880.0,19922944.0,0,0,0,prefix,"[[0, 1, 2, 3, 4, 5, 6, 7, 8, 9], [0, 1, 2, 3, 4, 5, 6, 7, 8, 9], [0, 1, 2, 3, 4, 5, 6, 7, 8, 9], [0, 1, 2, 3, 4, 5, 6, 7, 8, 9], [0, 1, 2, 3, 4, 5, 6, 7, 8, 9], [0, 1, 2, 3, 4, 5, 6, 7, 8, 9], [0, 1, 2, 3, 4, 5, 6, 7, 8, 9], [0, 1, 2, 3, 4, 5, 6, 7, 8, 9], [0, 1, 2, 3, 4, 5, 6, 7, 8, 9], [0, 1, 2, 3, 4, 5, 6, 7, 8, 9], [0, 1, 2, 3, 4, 5, 6, 7, 8, 9], [0, 1, 2, 3, 4, 5, 6, 7, 8, 9], [0, 1, 2, 3, 4, 5, 6, 7, 8, 9], [0, 1, 2, 3, 4, 5, 6, 7, 8, 9], [0, 1, 2, 3, 4, 5, 6, 7, 8, 9], [0, 1, 2, 3, 4, 5, 6, 7, 8, 9], [0, 1, 2, 3, 4, 5, 6, 7, 8, 9], [0, 1, 2, 3, 4, 5, 6, 7, 8, 9], [0, 1, 2, 3, 4, 5, 6, 7, 8, 9], [0, 1, 2, 3, 4, 5, 6, 7, 8, 9], [0, 1, 2, 3, 4, 5, 6, 7, 8, 9], [0, 1, 2, 3, 4, 5, 6, 7, 8, 9], [0, 1, 2, 3, 4, 5, 6, 7, 8, 9], [0, 1, 2, 3, 4, 5, 6, 7, 8, 9], [0, 1, 2, 3, 4, 5, 6, 7, 8, 9], [0, 1, 2, 3, 4, 5, 6, 7, 8, 9], [0, 1, 2, 3, 4, 5, 6, 7, 8, 9], [0, 1, 2, 3, 4, 5, 6, 7, 8, 9], [0, 1, 2, 3, 4, 5, 6, 7, 8, 9], [0, 1, 2, 3, 4, 5, 6, 7, 8, 9], [0, 1, 2, 3, 4, 5, 6, 7, 8, 9], [0, 1, 2, 3, 4, 5, 6, 7, 8, 9]]",sidecar,True,calib_importance_sep_tail,0
gqa,fullload,FullLoad,1.0,full,n16425,20342481,What vehicle is in front of the telephone pole?,Bus,"[""bus""]",1.0,8406,2,calib_importance_sep_tail,4,fullload,,459.0255421353504,,,732.9573709284887,738.2874119793996,42.56442410405725,780.8518360834569,1278214144,2496,64,,677.7308590244502,,,1.0,1.0,null,0.0,,1278214144,0,64,0,1278214144,19972096.0,19972096.0,0.0,,,,,null,,,,0
gqa,layout_prefix_chunk,Layout+Prefix,0.25,chunk,n16425,20342481,What vehicle is in front of the telephone pole?,Bus,"[""bus""]",1.0,8406,2,calib_importance_sep_tail,4,prefix,0.22868486121296883,172.20447480212897,54.47201582137495,262.2426300076768,36.71852604020387,299.0104000782594,18.813618924468756,317.82401900272816,355467264,640,65,201.4311234233901,0.0,10.0,39,0.2564102564102564,0.2780968006562756,"[0.2780968006562756, 0.2780968006562756, 0.2780968006562756, 0.2780968006562756, 0.2780968006562756, 0.2780968006562756, 0.2780968006562756, 0.2780968006562756, 0.2780968006562756, 0.2780968006562756, 0.2780968006562756, 0.2780968006562756, 0.2780968006562756, 0.2780968006562756, 0.2780968006562756, 0.2780968006562756, 0.2780968006562756, 0.2780968006562756, 0.2780968006562756, 0.2780968006562756, 0.2780968006562756, 0.2780968006562756, 0.2780968006562756, 0.2780968006562756, 0.2780968006562756, 0.2780968006562756, 0.2780968006562756, 0.2780968006562756, 0.2780968006562756, 0.2780968006562756, 0.2780968006562756, 0.2780968006562756]",0.0,320,335544320,19922944,64,1,355467264,5468727.138461539,5242880.0,19922944.0,0,0,0,prefix,"[[0, 1, 2, 3, 4, 5, 6, 7, 8, 9], [0, 1, 2, 3, 4, 5, 6, 7, 8, 9], [0, 1, 2, 3, 4, 5, 6, 7, 8, 9], [0, 1, 2, 3, 4, 5, 6, 7, 8, 9], [0, 1, 2, 3, 4, 5, 6, 7, 8, 9], [0, 1, 2, 3, 4, 5, 6, 7, 8, 9], [0, 1, 2, 3, 4, 5, 6, 7, 8, 9], [0, 1, 2, 3, 4, 5, 6, 7, 8, 9], [0, 1, 2, 3, 4, 5, 6, 7, 8, 9], [0, 1, 2, 3, 4, 5, 6, 7, 8, 9], [0, 1, 2, 3, 4, 5, 6, 7, 8, 9], [0, 1, 2, 3, 4, 5, 6, 7, 8, 9], [0, 1, 2, 3, 4, 5, 6, 7, 8, 9], [0, 1, 2, 3, 4, 5, 6, 7, 8, 9], [0, 1, 2, 3, 4, 5, 6, 7, 8, 9], [0, 1, 2, 3, 4, 5, 6, 7, 8, 9], [0, 1, 2, 3, 4, 5, 6, 7, 8, 9], [0, 1, 2, 3, 4, 5, 6, 7, 8, 9], [0, 1, 2, 3, 4, 5, 6, 7, 8, 9], [0, 1, 2, 3, 4, 5, 6, 7, 8, 9], [0, 1, 2, 3, 4, 5, 6, 7, 8, 9], [0, 1, 2, 3, 4, 5, 6, 7, 8, 9], [0, 1, 2, 3, 4, 5, 6, 7, 8, 9], [0, 1, 2, 3, 4, 5, 6, 7, 8, 9], [0, 1, 2, 3, 4, 5, 6, 7, 8, 9], [0, 1, 2, 3, 4, 5, 6, 7, 8, 9], [0, 1, 2, 3, 4, 5, 6, 7, 8, 9], [0, 1, 2, 3, 4, 5, 6, 7, 8, 9], [0, 1, 2, 3, 4, 5, 6, 7, 8, 9], [0, 1, 2, 3, 4, 5, 6, 7, 8, 9], [0, 1, 2, 3, 4, 5, 6, 7, 8, 9], [0, 1, 2, 3, 4, 5, 6, 7, 8, 9]]",sidecar,True,calib_importance_sep_tail,0
gqa,fullload,FullLoad,1.0,full,n16425,20342394,Is the bus to the right of the other bus red and large?,No,"[""no""]",1.0,1939,2,calib_importance_sep_tail,4,fullload,,413.1201485870406,,,655.6151349795982,660.9795549884439,27.96612202655524,688.9456770149991,1278214144,2496,64,,608.9352519484237,,,1.0,1.0,null,0.0,,1278214144,0,64,0,1278214144,19972096.0,19972096.0,0.0,,,,,null,,,,0
gqa,layout_prefix_chunk,Layout+Prefix,0.25,chunk,n16425,20342394,Is the bus to the right of the other bus red and large?,No,"[""no""]",1.0,1939,2,calib_importance_sep_tail,4,prefix,0.2723829820752144,198.0506181716919,61.58887001220137,300.13669200707227,49.448471050709486,349.6482080081478,18.47199897747487,368.12020698562264,355467264,640,65,231.86618834733963,0.0,10.0,39,0.2564102564102564,0.2780968006562756,"[0.2780968006562756, 0.2780968006562756, 0.2780968006562756, 0.2780968006562756, 0.2780968006562756, 0.2780968006562756, 0.2780968006562756, 0.2780968006562756, 0.2780968006562756, 0.2780968006562756, 0.2780968006562756, 0.2780968006562756, 0.2780968006562756, 0.2780968006562756, 0.2780968006562756, 0.2780968006562756, 0.2780968006562756, 0.2780968006562756, 0.2780968006562756, 0.2780968006562756, 0.2780968006562756, 0.2780968006562756, 0.2780968006562756, 0.2780968006562756, 0.2780968006562756, 0.2780968006562756, 0.2780968006562756, 0.2780968006562756, 0.2780968006562756, 0.2780968006562756, 0.2780968006562756, 0.2780968006562756]",0.0,320,335544320,19922944,64,1,355467264,5468727.138461539,5242880.0,19922944.0,0,0,0,prefix,"[[0, 1, 2, 3, 4, 5, 6, 7, 8, 9], [0, 1, 2, 3, 4, 5, 6, 7, 8, 9], [0, 1, 2, 3, 4, 5, 6, 7, 8, 9], [0, 1, 2, 3, 4, 5, 6, 7, 8, 9], [0, 1, 2, 3, 4, 5, 6, 7, 8, 9], [0, 1, 2, 3, 4, 5, 6, 7, 8, 9], [0, 1, 2, 3, 4, 5, 6, 7, 8, 9], [0, 1, 2, 3, 4, 5, 6, 7, 8, 9], [0, 1, 2, 3, 4, 5, 6, 7, 8, 9], [0, 1, 2, 3, 4, 5, 6, 7, 8, 9], [0, 1, 2, 3, 4, 5, 6, 7, 8, 9], [0, 1, 2, 3, 4, 5, 6, 7, 8, 9], [0, 1, 2, 3, 4, 5, 6, 7, 8, 9], [0, 1, 2, 3, 4, 5, 6, 7, 8, 9], [0, 1, 2, 3, 4, 5, 6, 7, 8, 9], [0, 1, 2, 3, 4, 5, 6, 7, 8, 9], [0, 1, 2, 3, 4, 5, 6, 7, 8, 9], [0, 1, 2, 3, 4, 5, 6, 7, 8, 9], [0, 1, 2, 3, 4, 5, 6, 7, 8, 9], [0, 1, 2, 3, 4, 5, 6, 7, 8, 9], [0, 1, 2, 3, 4, 5, 6, 7, 8, 9], [0, 1, 2, 3, 4, 5, 6, 7, 8, 9], [0, 1, 2, 3, 4, 5, 6, 7, 8, 9], [0, 1, 2, 3, 4, 5, 6, 7, 8, 9], [0, 1, 2, 3, 4, 5, 6, 7, 8, 9], [0, 1, 2, 3, 4, 5, 6, 7, 8, 9], [0, 1, 2, 3, 4, 5, 6, 7, 8, 9], [0, 1, 2, 3, 4, 5, 6, 7, 8, 9], [0, 1, 2, 3, 4, 5, 6, 7, 8, 9], [0, 1, 2, 3, 4, 5, 6, 7, 8, 9], [0, 1, 2, 3, 4, 5, 6, 7, 8, 9], [0, 1, 2, 3, 4, 5, 6, 7, 8, 9]]",sidecar,True,calib_importance_sep_tail,0
gqa,fullload,FullLoad,1.0,full,n527589,201235880,Who is wearing the earring?,Woman,"[""woman""]",1.0,22712,2,calib_importance_sep_tail,4,fullload,,388.3754040580243,,,638.2161549990997,643.7589159468189,18.93082109745592,662.6897370442748,1226833920,2368,64,,585.3156456723809,,,1.0,1.0,null,0.0,,1226833920,0,64,0,1226833920,19169280.0,19169280.0,0.0,,,,,null,,,,0
gqa,layout_prefix_chunk,Layout+Prefix,0.25,chunk,n527589,201235880,Who is wearing the earring?,Woman,"[""woman""]",1.0,22712,2,calib_importance_sep_tail,4,prefix,0.16544293612241745,156.92267834674567,44.432341936044395,230.41548498440534,36.82859195396304,267.2878729645163,18.281350028701127,285.5692229932174,320864256,576,65,179.95354672893882,0.0,9.0,37,0.24324324324324326,0.26153846153846155,"[0.26153846153846155, 0.26153846153846155, 0.26153846153846155, 0.26153846153846155, 0.26153846153846155, 0.26153846153846155, 0.26153846153846155, 0.26153846153846155, 0.26153846153846155, 0.26153846153846155, 0.26153846153846155, 0.26153846153846155, 0.26153846153846155, 0.26153846153846155, 0.26153846153846155, 0.26153846153846155, 0.26153846153846155, 0.26153846153846155, 0.26153846153846155, 0.26153846153846155, 0.26153846153846155, 0.26153846153846155, 0.26153846153846155, 0.26153846153846155, 0.26153846153846155, 0.26153846153846155, 0.26153846153846155, 0.26153846153846155, 0.26153846153846155, 0.26153846153846155, 0.26153846153846155, 0.26153846153846155]",0.0,288,301989888,18874368,64,1,320864256,4936373.169230769,4718592.0,18874368.0,0,0,0,prefix,"[[0, 1, 2, 3, 4, 5, 6, 7, 8], [0, 1, 2, 3, 4, 5, 6, 7, 8], [0, 1, 2, 3, 4, 5, 6, 7, 8], [0, 1, 2, 3, 4, 5, 6, 7, 8], [0, 1, 2, 3, 4, 5, 6, 7, 8], [0, 1, 2, 3, 4, 5, 6, 7, 8], [0, 1, 2, 3, 4, 5, 6, 7, 8], [0, 1, 2, 3, 4, 5, 6, 7, 8], [0, 1, 2, 3, 4, 5, 6, 7, 8], [0, 1, 2, 3, 4, 5, 6, 7, 8], [0, 1, 2, 3, 4, 5, 6, 7, 8], [0, 1, 2, 3, 4, 5, 6, 7, 8], [0, 1, 2, 3, 4, 5, 6, 7, 8], [0, 1, 2, 3, 4, 5, 6, 7, 8], [0, 1, 2, 3, 4, 5, 6, 7, 8], [0, 1, 2, 3, 4, 5, 6, 7, 8], [0, 1, 2, 3, 4, 5, 6, 7, 8], [0, 1, 2, 3, 4, 5, 6, 7, 8], [0, 1, 2, 3, 4, 5, 6, 7, 8], [0, 1, 2, 3, 4, 5, 6, 7, 8], [0, 1, 2, 3, 4, 5, 6, 7, 8], [0, 1, 2, 3, 4, 5, 6, 7, 8], [0, 1, 2, 3, 4, 5, 6, 7, 8], [0, 1, 2, 3, 4, 5, 6, 7, 8], [0, 1, 2, 3, 4, 5, 6, 7, 8], [0, 1, 2, 3, 4, 5, 6, 7, 8], [0, 1, 2, 3, 4, 5, 6, 7, 8], [0, 1, 2, 3, 4, 5, 6, 7, 8], [0, 1, 2, 3, 4, 5, 6, 7, 8], [0, 1, 2, 3, 4, 5, 6, 7, 8], [0, 1, 2, 3, 4, 5, 6, 7, 8], [0, 1, 2, 3, 4, 5, 6, 7, 8]]",sidecar,True,calib_importance_sep_tail,0
gqa,fullload,FullLoad,1.0,full,n527589,201235578,Does the basket look narrow?,No,"[""no""]",1.0,1939,2,calib_importance_sep_tail,4,fullload,,416.9656172161922,,,666.5891620796174,671.7741730390117,19.74934001918882,691.5235130582005,1226833920,2368,64,,615.8313497435302,,,1.0,1.0,null,0.0,,1226833920,0,64,0,1226833920,19169280.0,19169280.0,0.0,,,,,null,,,,0
gqa,layout_prefix_chunk,Layout+Prefix,0.25,chunk,n527589,201235578,Does the basket look narrow?,No,"[""no""]",1.0,1939,2,calib_importance_sep_tail,4,prefix,0.24230149574577808,186.12486496567726,55.36618176847696,278.8129550172016,41.60677106119692,320.4813500633463,18.739328952506185,339.2206790158525,320864256,576,65,217.0733007369563,0.0,9.0,37,0.24324324324324326,0.26153846153846155,"[0.26153846153846155, 0.26153846153846155, 0.26153846153846155, 0.26153846153846155, 0.26153846153846155, 0.26153846153846155, 0.26153846153846155, 0.26153846153846155, 0.26153846153846155, 0.26153846153846155, 0.26153846153846155, 0.26153846153846155, 0.26153846153846155, 0.26153846153846155, 0.26153846153846155, 0.26153846153846155, 0.26153846153846155, 0.26153846153846155, 0.26153846153846155, 0.26153846153846155, 0.26153846153846155, 0.26153846153846155, 0.26153846153846155, 0.26153846153846155, 0.26153846153846155, 0.26153846153846155, 0.26153846153846155, 0.26153846153846155, 0.26153846153846155, 0.26153846153846155, 0.26153846153846155, 0.26153846153846155]",0.0,288,301989888,18874368,64,1,320864256,4936373.169230769,4718592.0,18874368.0,0,0,0,prefix,"[[0, 1, 2, 3, 4, 5, 6, 7, 8], [0, 1, 2, 3, 4, 5, 6, 7, 8], [0, 1, 2, 3, 4, 5, 6, 7, 8], [0, 1, 2, 3, 4, 5, 6, 7, 8], [0, 1, 2, 3, 4, 5, 6, 7, 8], [0, 1, 2, 3, 4, 5, 6, 7, 8], [0, 1, 2, 3, 4, 5, 6, 7, 8], [0, 1, 2, 3, 4, 5, 6, 7, 8], [0, 1, 2, 3, 4, 5, 6, 7, 8], [0, 1, 2, 3, 4, 5, 6, 7, 8], [0, 1, 2, 3, 4, 5, 6, 7, 8], [0, 1, 2, 3, 4, 5, 6, 7, 8], [0, 1, 2, 3, 4, 5, 6, 7, 8], [0, 1, 2, 3, 4, 5, 6, 7, 8], [0, 1, 2, 3, 4, 5, 6, 7, 8], [0, 1, 2, 3, 4, 5, 6, 7, 8], [0, 1, 2, 3, 4, 5, 6, 7, 8], [0, 1, 2, 3, 4, 5, 6, 7, 8], [0, 1, 2, 3, 4, 5, 6, 7, 8], [0, 1, 2, 3, 4, 5, 6, 7, 8], [0, 1, 2, 3, 4, 5, 6, 7, 8], [0, 1, 2, 3, 4, 5, 6, 7, 8], [0, 1, 2, 3, 4, 5, 6, 7, 8], [0, 1, 2, 3, 4, 5, 6, 7, 8], [0, 1, 2, 3, 4, 5, 6, 7, 8], [0, 1, 2, 3, 4, 5, 6, 7, 8], [0, 1, 2, 3, 4, 5, 6, 7, 8], [0, 1, 2, 3, 4, 5, 6, 7, 8], [0, 1, 2, 3, 4, 5, 6, 7, 8], [0, 1, 2, 3, 4, 5, 6, 7, 8], [0, 1, 2, 3, 4, 5, 6, 7, 8], [0, 1, 2, 3, 4, 5, 6, 7, 8]]",sidecar,True,calib_importance_sep_tail,0
gqa,fullload,FullLoad,1.0,full,n527589,201235768,What is the bag to the left of the shelves called?,Purse,"[""handbag""]",0.0,15247,3,calib_importance_sep_tail,4,fullload,,437.89584189653397,,,721.6305020265281,726.7425709869713,42.15124505572021,768.8938160426915,1226833920,2368,64,,669.6900732349604,,,1.0,1.0,null,0.0,,1226833920,0,64,0,1226833920,19169280.0,19169280.0,0.0,,,,,null,,,,0
gqa,layout_prefix_chunk,Layout+Prefix,0.25,chunk,n527589,201235768,What is the bag to the left of the shelves called?,Purse,"[""handbag""]",0.0,15247,3,calib_importance_sep_tail,4,prefix,0.23421808145940304,166.43438313622028,55.99007417913526,263.21408699732274,41.59885493572801,304.87570900004357,36.664790008217096,341.54049900826067,320864256,576,65,198.3123072423041,0.0,9.0,37,0.24324324324324326,0.26153846153846155,"[0.26153846153846155, 0.26153846153846155, 0.26153846153846155, 0.26153846153846155, 0.26153846153846155, 0.26153846153846155, 0.26153846153846155, 0.26153846153846155, 0.26153846153846155, 0.26153846153846155, 0.26153846153846155, 0.26153846153846155, 0.26153846153846155, 0.26153846153846155, 0.26153846153846155, 0.26153846153846155, 0.26153846153846155, 0.26153846153846155, 0.26153846153846155, 0.26153846153846155, 0.26153846153846155, 0.26153846153846155, 0.26153846153846155, 0.26153846153846155, 0.26153846153846155, 0.26153846153846155, 0.26153846153846155, 0.26153846153846155, 0.26153846153846155, 0.26153846153846155, 0.26153846153846155, 0.26153846153846155]",0.0,288,301989888,18874368,64,1,320864256,4936373.169230769,4718592.0,18874368.0,0,0,0,prefix,"[[0, 1, 2, 3, 4, 5, 6, 7, 8], [0, 1, 2, 3, 4, 5, 6, 7, 8], [0, 1, 2, 3, 4, 5, 6, 7, 8], [0, 1, 2, 3, 4, 5, 6, 7, 8], [0, 1, 2, 3, 4, 5, 6, 7, 8], [0, 1, 2, 3, 4, 5, 6, 7, 8], [0, 1, 2, 3, 4, 5, 6, 7, 8], [0, 1, 2, 3, 4, 5, 6, 7, 8], [0, 1, 2, 3, 4, 5, 6, 7, 8], [0, 1, 2, 3, 4, 5, 6, 7, 8], [0, 1, 2, 3, 4, 5, 6, 7, 8], [0, 1, 2, 3, 4, 5, 6, 7, 8], [0, 1, 2, 3, 4, 5, 6, 7, 8], [0, 1, 2, 3, 4, 5, 6, 7, 8], [0, 1, 2, 3, 4, 5, 6, 7, 8], [0, 1, 2, 3, 4, 5, 6, 7, 8], [0, 1, 2, 3, 4, 5, 6, 7, 8], [0, 1, 2, 3, 4, 5, 6, 7, 8], [0, 1, 2, 3, 4, 5, 6, 7, 8], [0, 1, 2, 3, 4, 5, 6, 7, 8], [0, 1, 2, 3, 4, 5, 6, 7, 8], [0, 1, 2, 3, 4, 5, 6, 7, 8], [0, 1, 2, 3, 4, 5, 6, 7, 8], [0, 1, 2, 3, 4, 5, 6, 7, 8], [0, 1, 2, 3, 4, 5, 6, 7, 8], [0, 1, 2, 3, 4, 5, 6, 7, 8], [0, 1, 2, 3, 4, 5, 6, 7, 8], [0, 1, 2, 3, 4, 5, 6, 7, 8], [0, 1, 2, 3, 4, 5, 6, 7, 8], [0, 1, 2, 3, 4, 5, 6, 7, 8], [0, 1, 2, 3, 4, 5, 6, 7, 8], [0, 1, 2, 3, 4, 5, 6, 7, 8]]",sidecar,True,calib_importance_sep_tail,0
gqa,fullload,FullLoad,1.0,full,n527589,201235672,What are the fruits on top of the basket?,Bananas,"[""bananas""]",1.0,10765,3,calib_importance_sep_tail,4,fullload,,398.1085577979684,,,638.6231899959967,643.8548039877787,37.877092021517456,681.7318960092962,1226833920,2368,64,,588.1863436661661,,,1.0,1.0,null,0.0,,1226833920,0,64,0,1226833920,19169280.0,19169280.0,0.0,,,,,null,,,,0
gqa,layout_prefix_chunk,Layout+Prefix,0.25,chunk,n527589,201235672,What are the fruits on top of the basket?,Bananas,"[""bananas""]",1.0,10765,3,calib_importance_sep_tail,4,prefix,0.2219357993453741,134.87567275296897,54.53833215869963,224.07389990985394,40.179015952162445,264.3151609227061,35.9048000536859,300.21996097639203,320864256,576,65,163.32498914562166,0.0,9.0,37,0.24324324324324326,0.26153846153846155,"[0.26153846153846155, 0.26153846153846155, 0.26153846153846155, 0.26153846153846155, 0.26153846153846155, 0.26153846153846155, 0.26153846153846155, 0.26153846153846155, 0.26153846153846155, 0.26153846153846155, 0.26153846153846155, 0.26153846153846155, 0.26153846153846155, 0.26153846153846155, 0.26153846153846155, 0.26153846153846155, 0.26153846153846155, 0.26153846153846155, 0.26153846153846155, 0.26153846153846155, 0.26153846153846155, 0.26153846153846155, 0.26153846153846155, 0.26153846153846155, 0.26153846153846155, 0.26153846153846155, 0.26153846153846155, 0.26153846153846155, 0.26153846153846155, 0.26153846153846155, 0.26153846153846155, 0.26153846153846155]",0.0,288,301989888,18874368,64,1,320864256,4936373.169230769,4718592.0,18874368.0,0,0,0,prefix,"[[0, 1, 2, 3, 4, 5, 6, 7, 8], [0, 1, 2, 3, 4, 5, 6, 7, 8], [0, 1, 2, 3, 4, 5, 6, 7, 8], [0, 1, 2, 3, 4, 5, 6, 7, 8], [0, 1, 2, 3, 4, 5, 6, 7, 8], [0, 1, 2, 3, 4, 5, 6, 7, 8], [0, 1, 2, 3, 4, 5, 6, 7, 8], [0, 1, 2, 3, 4, 5, 6, 7, 8], [0, 1, 2, 3, 4, 5, 6, 7, 8], [0, 1, 2, 3, 4, 5, 6, 7, 8], [0, 1, 2, 3, 4, 5, 6, 7, 8], [0, 1, 2, 3, 4, 5, 6, 7, 8], [0, 1, 2, 3, 4, 5, 6, 7, 8], [0, 1, 2, 3, 4, 5, 6, 7, 8], [0, 1, 2, 3, 4, 5, 6, 7, 8], [0, 1, 2, 3, 4, 5, 6, 7, 8], [0, 1, 2, 3, 4, 5, 6, 7, 8], [0, 1, 2, 3, 4, 5, 6, 7, 8], [0, 1, 2, 3, 4, 5, 6, 7, 8], [0, 1, 2, 3, 4, 5, 6, 7, 8], [0, 1, 2, 3, 4, 5, 6, 7, 8], [0, 1, 2, 3, 4, 5, 6, 7, 8], [0, 1, 2, 3, 4, 5, 6, 7, 8], [0, 1, 2, 3, 4, 5, 6, 7, 8], [0, 1, 2, 3, 4, 5, 6, 7, 8], [0, 1, 2, 3, 4, 5, 6, 7, 8], [0, 1, 2, 3, 4, 5, 6, 7, 8], [0, 1, 2, 3, 4, 5, 6, 7, 8], [0, 1, 2, 3, 4, 5, 6, 7, 8], [0, 1, 2, 3, 4, 5, 6, 7, 8], [0, 1, 2, 3, 4, 5, 6, 7, 8], [0, 1, 2, 3, 4, 5, 6, 7, 8]]",sidecar,True,calib_importance_sep_tail,0
gqa,fullload,FullLoad,1.0,full,n527589,201235514,On which side of the image are the shelves?,Right,"[""right""]",1.0,10428,2,calib_importance_sep_tail,4,fullload,,414.77285069413483,,,659.4334829133004,664.6055849269032,19.54195706639439,684.1475419932976,1226833920,2368,64,,609.350424958393,,,1.0,1.0,null,0.0,,1226833920,0,64,0,1226833920,19169280.0,19169280.0,0.0,,,,,null,,,,0
gqa,layout_prefix_chunk,Layout+Prefix,0.25,chunk,n527589,201235514,On which side of the image are the shelves?,Left,"[""right""]",0.0,19941,2,calib_importance_sep_tail,4,prefix,0.2166143385693431,168.07725792750716,54.622969939373434,258.2049010088667,37.4691910110414,295.71917001158,19.42451996728778,315.14368997886777,320864256,576,65,197.40120589267462,0.0,9.0,37,0.24324324324324326,0.26153846153846155,"[0.26153846153846155, 0.26153846153846155, 0.26153846153846155, 0.26153846153846155, 0.26153846153846155, 0.26153846153846155, 0.26153846153846155, 0.26153846153846155, 0.26153846153846155, 0.26153846153846155, 0.26153846153846155, 0.26153846153846155, 0.26153846153846155, 0.26153846153846155, 0.26153846153846155, 0.26153846153846155, 0.26153846153846155, 0.26153846153846155, 0.26153846153846155, 0.26153846153846155, 0.26153846153846155, 0.26153846153846155, 0.26153846153846155, 0.26153846153846155, 0.26153846153846155, 0.26153846153846155, 0.26153846153846155, 0.26153846153846155, 0.26153846153846155, 0.26153846153846155, 0.26153846153846155, 0.26153846153846155]",0.0,288,301989888,18874368,64,1,320864256,4936373.169230769,4718592.0,18874368.0,0,0,0,prefix,"[[0, 1, 2, 3, 4, 5, 6, 7, 8], [0, 1, 2, 3, 4, 5, 6, 7, 8], [0, 1, 2, 3, 4, 5, 6, 7, 8], [0, 1, 2, 3, 4, 5, 6, 7, 8], [0, 1, 2, 3, 4, 5, 6, 7, 8], [0, 1, 2, 3, 4, 5, 6, 7, 8], [0, 1, 2, 3, 4, 5, 6, 7, 8], [0, 1, 2, 3, 4, 5, 6, 7, 8], [0, 1, 2, 3, 4, 5, 6, 7, 8], [0, 1, 2, 3, 4, 5, 6, 7, 8], [0, 1, 2, 3, 4, 5, 6, 7, 8], [0, 1, 2, 3, 4, 5, 6, 7, 8], [0, 1, 2, 3, 4, 5, 6, 7, 8], [0, 1, 2, 3, 4, 5, 6, 7, 8], [0, 1, 2, 3, 4, 5, 6, 7, 8], [0, 1, 2, 3, 4, 5, 6, 7, 8], [0, 1, 2, 3, 4, 5, 6, 7, 8], [0, 1, 2, 3, 4, 5, 6, 7, 8], [0, 1, 2, 3, 4, 5, 6, 7, 8], [0, 1, 2, 3, 4, 5, 6, 7, 8], [0, 1, 2, 3, 4, 5, 6, 7, 8], [0, 1, 2, 3, 4, 5, 6, 7, 8], [0, 1, 2, 3, 4, 5, 6, 7, 8], [0, 1, 2, 3, 4, 5, 6, 7, 8], [0, 1, 2, 3, 4, 5, 6, 7, 8], [0, 1, 2, 3, 4, 5, 6, 7, 8], [0, 1, 2, 3, 4, 5, 6, 7, 8], [0, 1, 2, 3, 4, 5, 6, 7, 8], [0, 1, 2, 3, 4, 5, 6, 7, 8], [0, 1, 2, 3, 4, 5, 6, 7, 8], [0, 1, 2, 3, 4, 5, 6, 7, 8], [0, 1, 2, 3, 4, 5, 6, 7, 8]]",sidecar,True,calib_importance_sep_tail,0
gqa,fullload,FullLoad,1.0,full,n527589,201235536,How are the pieces of furniture on top of the floor called?,Shelves,"[""shelves""]",1.0,1383,4,calib_importance_sep_tail,4,fullload,,389.58117680158466,,,648.3915849821642,653.5789819899946,57.30618897359818,710.8851709635928,1226833920,2368,64,,598.228134564124,,,1.0,1.0,null,0.0,,1226833920,0,64,0,1226833920,19169280.0,19169280.0,0.0,,,,,null,,,,0
gqa,layout_prefix_chunk,Layout+Prefix,0.25,chunk,n527589,201235536,How are the pieces of furniture on top of the floor called?,Shelves,"[""shelves""]",1.0,1383,4,calib_importance_sep_tail,4,prefix,0.20281376782804728,142.46898621786386,49.261924577876925,228.17580797709525,43.47370006144047,271.7111910460517,55.47424196265638,327.18543300870806,320864256,576,65,170.10717187076807,0.0,9.0,37,0.24324324324324326,0.26153846153846155,"[0.26153846153846155, 0.26153846153846155, 0.26153846153846155, 0.26153846153846155, 0.26153846153846155, 0.26153846153846155, 0.26153846153846155, 0.26153846153846155, 0.26153846153846155, 0.26153846153846155, 0.26153846153846155, 0.26153846153846155, 0.26153846153846155, 0.26153846153846155, 0.26153846153846155, 0.26153846153846155, 0.26153846153846155, 0.26153846153846155, 0.26153846153846155, 0.26153846153846155, 0.26153846153846155, 0.26153846153846155, 0.26153846153846155, 0.26153846153846155, 0.26153846153846155, 0.26153846153846155, 0.26153846153846155, 0.26153846153846155, 0.26153846153846155, 0.26153846153846155, 0.26153846153846155, 0.26153846153846155]",0.0,288,301989888,18874368,64,1,320864256,4936373.169230769,4718592.0,18874368.0,0,0,0,prefix,"[[0, 1, 2, 3, 4, 5, 6, 7, 8], [0, 1, 2, 3, 4, 5, 6, 7, 8], [0, 1, 2, 3, 4, 5, 6, 7, 8], [0, 1, 2, 3, 4, 5, 6, 7, 8], [0, 1, 2, 3, 4, 5, 6, 7, 8], [0, 1, 2, 3, 4, 5, 6, 7, 8], [0, 1, 2, 3, 4, 5, 6, 7, 8], [0, 1, 2, 3, 4, 5, 6, 7, 8], [0, 1, 2, 3, 4, 5, 6, 7, 8], [0, 1, 2, 3, 4, 5, 6, 7, 8], [0, 1, 2, 3, 4, 5, 6, 7, 8], [0, 1, 2, 3, 4, 5, 6, 7, 8], [0, 1, 2, 3, 4, 5, 6, 7, 8], [0, 1, 2, 3, 4, 5, 6, 7, 8], [0, 1, 2, 3, 4, 5, 6, 7, 8], [0, 1, 2, 3, 4, 5, 6, 7, 8], [0, 1, 2, 3, 4, 5, 6, 7, 8], [0, 1, 2, 3, 4, 5, 6, 7, 8], [0, 1, 2, 3, 4, 5, 6, 7, 8], [0, 1, 2, 3, 4, 5, 6, 7, 8], [0, 1, 2, 3, 4, 5, 6, 7, 8], [0, 1, 2, 3, 4, 5, 6, 7, 8], [0, 1, 2, 3, 4, 5, 6, 7, 8], [0, 1, 2, 3, 4, 5, 6, 7, 8], [0, 1, 2, 3, 4, 5, 6, 7, 8], [0, 1, 2, 3, 4, 5, 6, 7, 8], [0, 1, 2, 3, 4, 5, 6, 7, 8], [0, 1, 2, 3, 4, 5, 6, 7, 8], [0, 1, 2, 3, 4, 5, 6, 7, 8], [0, 1, 2, 3, 4, 5, 6, 7, 8], [0, 1, 2, 3, 4, 5, 6, 7, 8], [0, 1, 2, 3, 4, 5, 6, 7, 8]]",sidecar,True,calib_importance_sep_tail,0
gqa,fullload,FullLoad,1.0,full,n262929,201752972,Which color is the bandana?,Black,"[""dark blue""]",0.0,6054,2,calib_importance_sep_tail,4,fullload,,355.8840309269726,,,600.7357439957559,605.7842229492962,19.462496042251587,625.2467189915478,1132462080,2176,64,,547.9722736636177,,,1.0,1.0,null,0.0,,1132462080,0,64,0,1132462080,17694720.0,17694720.0,0.0,,,,,null,,,,0
gqa,layout_prefix_chunk,Layout+Prefix,0.25,chunk,n262929,201752972,Which color is the bandana?,Pink,"[""dark blue""]",0.0,349,3,calib_importance_sep_tail,4,prefix,0.19894354045391083,150.51986055914313,47.35439631622285,229.31223805062473,36.28360899165273,265.63534105662256,36.97882394772023,302.6141650043428,293601280,512,65,175.87907053530216,0.0,8.0,34,0.23529411764705882,0.25925925925925924,"[0.25925925925925924, 0.25925925925925924, 0.25925925925925924, 0.25925925925925924, 0.25925925925925924, 0.25925925925925924, 0.25925925925925924, 0.25925925925925924, 0.25925925925925924, 0.25925925925925924, 0.25925925925925924, 0.25925925925925924, 0.25925925925925924, 0.25925925925925924, 0.25925925925925924, 0.25925925925925924, 0.25925925925925924, 0.25925925925925924, 0.25925925925925924, 0.25925925925925924, 0.25925925925925924, 0.25925925925925924, 0.25925925925925924, 0.25925925925925924, 0.25925925925925924, 0.25925925925925924, 0.25925925925925924, 0.25925925925925924, 0.25925925925925924, 0.25925925925925924, 0.25925925925925924, 0.25925925925925924]",0.0,256,268435456,25165824,64,1,293601280,4516942.769230769,4194304.0,25165824.0,0,0,0,prefix,"[[0, 1, 2, 3, 4, 5, 6, 7], [0, 1, 2, 3, 4, 5, 6, 7], [0, 1, 2, 3, 4, 5, 6, 7], [0, 1, 2, 3, 4, 5, 6, 7], [0, 1, 2, 3, 4, 5, 6, 7], [0, 1, 2, 3, 4, 5, 6, 7], [0, 1, 2, 3, 4, 5, 6, 7], [0, 1, 2, 3, 4, 5, 6, 7], [0, 1, 2, 3, 4, 5, 6, 7], [0, 1, 2, 3, 4, 5, 6, 7], [0, 1, 2, 3, 4, 5, 6, 7], [0, 1, 2, 3, 4, 5, 6, 7], [0, 1, 2, 3, 4, 5, 6, 7], [0, 1, 2, 3, 4, 5, 6, 7], [0, 1, 2, 3, 4, 5, 6, 7], [0, 1, 2, 3, 4, 5, 6, 7], [0, 1, 2, 3, 4, 5, 6, 7], [0, 1, 2, 3, 4, 5, 6, 7], [0, 1, 2, 3, 4, 5, 6, 7], [0, 1, 2, 3, 4, 5, 6, 7], [0, 1, 2, 3, 4, 5, 6, 7], [0, 1, 2, 3, 4, 5, 6, 7], [0, 1, 2, 3, 4, 5, 6, 7], [0, 1, 2, 3, 4, 5, 6, 7], [0, 1, 2, 3, 4, 5, 6, 7], [0, 1, 2, 3, 4, 5, 6, 7], [0, 1, 2, 3, 4, 5, 6, 7], [0, 1, 2, 3, 4, 5, 6, 7], [0, 1, 2, 3, 4, 5, 6, 7], [0, 1, 2, 3, 4, 5, 6, 7], [0, 1, 2, 3, 4, 5, 6, 7], [0, 1, 2, 3, 4, 5, 6, 7]]",sidecar,True,calib_importance_sep_tail,0
gqa,fullload,FullLoad,1.0,full,n262929,201752809,Do the shoes look dark?,Yes,"[""yes""]",1.0,3869,2,calib_importance_sep_tail,4,fullload,,400.4232961451635,,,647.9567730566487,652.9800550779328,24.65146197937429,677.6315170573071,1132462080,2176,64,,590.0868775788695,,,1.0,1.0,null,0.0,,1132462080,0,64,0,1132462080,17694720.0,17694720.0,0.0,,,,,null,,,,0
gqa,layout_prefix_chunk,Layout+Prefix,0.25,chunk,n262929,201752809,Do the shoes look dark?,Yes,"[""yes""]",1.0,3869,2,calib_importance_sep_tail,4,prefix,0.15983125194907188,150.19406529609114,41.343651711940765,219.76051200181246,35.102294059470296,254.9030730733648,19.607075955718756,274.51014902908355,293601280,512,65,172.8852977976203,0.0,8.0,34,0.23529411764705882,0.25925925925925924,"[0.25925925925925924, 0.25925925925925924, 0.25925925925925924, 0.25925925925925924, 0.25925925925925924, 0.25925925925925924, 0.25925925925925924, 0.25925925925925924, 0.25925925925925924, 0.25925925925925924, 0.25925925925925924, 0.25925925925925924, 0.25925925925925924, 0.25925925925925924, 0.25925925925925924, 0.25925925925925924, 0.25925925925925924, 0.25925925925925924, 0.25925925925925924, 0.25925925925925924, 0.25925925925925924, 0.25925925925925924, 0.25925925925925924, 0.25925925925925924, 0.25925925925925924, 0.25925925925925924, 0.25925925925925924, 0.25925925925925924, 0.25925925925925924, 0.25925925925925924, 0.25925925925925924, 0.25925925925925924]",0.0,256,268435456,25165824,64,1,293601280,4516942.769230769,4194304.0,25165824.0,0,0,0,prefix,"[[0, 1, 2, 3, 4, 5, 6, 7], [0, 1, 2, 3, 4, 5, 6, 7], [0, 1, 2, 3, 4, 5, 6, 7], [0, 1, 2, 3, 4, 5, 6, 7], [0, 1, 2, 3, 4, 5, 6, 7], [0, 1, 2, 3, 4, 5, 6, 7], [0, 1, 2, 3, 4, 5, 6, 7], [0, 1, 2, 3, 4, 5, 6, 7], [0, 1, 2, 3, 4, 5, 6, 7], [0, 1, 2, 3, 4, 5, 6, 7], [0, 1, 2, 3, 4, 5, 6, 7], [0, 1, 2, 3, 4, 5, 6, 7], [0, 1, 2, 3, 4, 5, 6, 7], [0, 1, 2, 3, 4, 5, 6, 7], [0, 1, 2, 3, 4, 5, 6, 7], [0, 1, 2, 3, 4, 5, 6, 7], [0, 1, 2, 3, 4, 5, 6, 7], [0, 1, 2, 3, 4, 5, 6, 7], [0, 1, 2, 3, 4, 5, 6, 7], [0, 1, 2, 3, 4, 5, 6, 7], [0, 1, 2, 3, 4, 5, 6, 7], [0, 1, 2, 3, 4, 5, 6, 7], [0, 1, 2, 3, 4, 5, 6, 7], [0, 1, 2, 3, 4, 5, 6, 7], [0, 1, 2, 3, 4, 5, 6, 7], [0, 1, 2, 3, 4, 5, 6, 7], [0, 1, 2, 3, 4, 5, 6, 7], [0, 1, 2, 3, 4, 5, 6, 7], [0, 1, 2, 3, 4, 5, 6, 7], [0, 1, 2, 3, 4, 5, 6, 7], [0, 1, 2, 3, 4, 5, 6, 7], [0, 1, 2, 3, 4, 5, 6, 7]]",sidecar,True,calib_importance_sep_tail,0
gqa,fullload,FullLoad,1.0,full,n262929,201752899,Is the bag small and dark?,No,"[""no""]",1.0,1939,2,calib_importance_sep_tail,4,fullload,,425.83201988600194,,,680.9504069387913,685.9541320009157,22.233044961467385,708.1871769623831,1132462080,2176,64,,618.6643588589504,,,1.0,1.0,null,0.0,,1132462080,0,64,0,1132462080,17694720.0,17694720.0,0.0,,,,,null,,,,0
gqa,layout_prefix_chunk,Layout+Prefix,0.25,chunk,n262929,201752899,Is the bag small and dark?,Yes,"[""no""]",0.0,3869,2,calib_importance_sep_tail,4,prefix,0.19176024943590164,165.48574902117252,48.925323877483606,245.05959392990917,39.77926296647638,284.89996294956654,18.608313985168934,303.5082769347355,293601280,512,65,190.2148820227012,0.0,8.0,34,0.23529411764705882,0.25925925925925924,"[0.25925925925925924, 0.25925925925925924, 0.25925925925925924, 0.25925925925925924, 0.25925925925925924, 0.25925925925925924, 0.25925925925925924, 0.25925925925925924, 0.25925925925925924, 0.25925925925925924, 0.25925925925925924, 0.25925925925925924, 0.25925925925925924, 0.25925925925925924, 0.25925925925925924, 0.25925925925925924, 0.25925925925925924, 0.25925925925925924, 0.25925925925925924, 0.25925925925925924, 0.25925925925925924, 0.25925925925925924, 0.25925925925925924, 0.25925925925925924, 0.25925925925925924, 0.25925925925925924, 0.25925925925925924, 0.25925925925925924, 0.25925925925925924, 0.25925925925925924, 0.25925925925925924, 0.25925925925925924]",0.0,256,268435456,25165824,64,1,293601280,4516942.769230769,4194304.0,25165824.0,0,0,0,prefix,"[[0, 1, 2, 3, 4, 5, 6, 7], [0, 1, 2, 3, 4, 5, 6, 7], [0, 1, 2, 3, 4, 5, 6, 7], [0, 1, 2, 3, 4, 5, 6, 7], [0, 1, 2, 3, 4, 5, 6, 7], [0, 1, 2, 3, 4, 5, 6, 7], [0, 1, 2, 3, 4, 5, 6, 7], [0, 1, 2, 3, 4, 5, 6, 7], [0, 1, 2, 3, 4, 5, 6, 7], [0, 1, 2, 3, 4, 5, 6, 7], [0, 1, 2, 3, 4, 5, 6, 7], [0, 1, 2, 3, 4, 5, 6, 7], [0, 1, 2, 3, 4, 5, 6, 7], [0, 1, 2, 3, 4, 5, 6, 7], [0, 1, 2, 3, 4, 5, 6, 7], [0, 1, 2, 3, 4, 5, 6, 7], [0, 1, 2, 3, 4, 5, 6, 7], [0, 1, 2, 3, 4, 5, 6, 7], [0, 1, 2, 3, 4, 5, 6, 7], [0, 1, 2, 3, 4, 5, 6, 7], [0, 1, 2, 3, 4, 5, 6, 7], [0, 1, 2, 3, 4, 5, 6, 7], [0, 1, 2, 3, 4, 5, 6, 7], [0, 1, 2, 3, 4, 5, 6, 7], [0, 1, 2, 3, 4, 5, 6, 7], [0, 1, 2, 3, 4, 5, 6, 7], [0, 1, 2, 3, 4, 5, 6, 7], [0, 1, 2, 3, 4, 5, 6, 7], [0, 1, 2, 3, 4, 5, 6, 7], [0, 1, 2, 3, 4, 5, 6, 7], [0, 1, 2, 3, 4, 5, 6, 7], [0, 1, 2, 3, 4, 5, 6, 7]]",sidecar,True,calib_importance_sep_tail,0
gqa,fullload,FullLoad,1.0,full,n262929,201752784,How big is the hat above the tie?,Small,"[""small""]",1.0,18285,2,calib_importance_sep_tail,4,fullload,,363.44033712521195,,,587.1563000837341,592.0915710739791,19.051534007303417,611.1431050812826,1132462080,2176,64,,539.3487573601305,,,1.0,1.0,null,0.0,,1132462080,0,64,0,1132462080,17694720.0,17694720.0,0.0,,,,,null,,,,0
gqa,layout_prefix_chunk,Layout+Prefix,0.25,chunk,n262929,201752784,How big is the hat above the tie?,Small,"[""small""]",1.0,18285,2,calib_importance_sep_tail,4,prefix,0.15371281187981367,155.18606000114232,41.88621509820223,223.0160280596465,35.775635042227805,258.8365550618619,19.093525945208967,277.93008100707084,293601280,512,65,175.4855359904468,0.0,8.0,34,0.23529411764705882,0.25925925925925924,"[0.25925925925925924, 0.25925925925925924, 0.25925925925925924, 0.25925925925925924, 0.25925925925925924, 0.25925925925925924, 0.25925925925925924, 0.25925925925925924, 0.25925925925925924, 0.25925925925925924, 0.25925925925925924, 0.25925925925925924, 0.25925925925925924, 0.25925925925925924, 0.25925925925925924, 0.25925925925925924, 0.25925925925925924, 0.25925925925925924, 0.25925925925925924, 0.25925925925925924, 0.25925925925925924, 0.25925925925925924, 0.25925925925925924, 0.25925925925925924, 0.25925925925925924, 0.25925925925925924, 0.25925925925925924, 0.25925925925925924, 0.25925925925925924, 0.25925925925925924, 0.25925925925925924, 0.25925925925925924]",0.0,256,268435456,25165824,64,1,293601280,4516942.769230769,4194304.0,25165824.0,0,0,0,prefix,"[[0, 1, 2, 3, 4, 5, 6, 7], [0, 1, 2, 3, 4, 5, 6, 7], [0, 1, 2, 3, 4, 5, 6, 7], [0, 1, 2, 3, 4, 5, 6, 7], [0, 1, 2, 3, 4, 5, 6, 7], [0, 1, 2, 3, 4, 5, 6, 7], [0, 1, 2, 3, 4, 5, 6, 7], [0, 1, 2, 3, 4, 5, 6, 7], [0, 1, 2, 3, 4, 5, 6, 7], [0, 1, 2, 3, 4, 5, 6, 7], [0, 1, 2, 3, 4, 5, 6, 7], [0, 1, 2, 3, 4, 5, 6, 7], [0, 1, 2, 3, 4, 5, 6, 7], [0, 1, 2, 3, 4, 5, 6, 7], [0, 1, 2, 3, 4, 5, 6, 7], [0, 1, 2, 3, 4, 5, 6, 7], [0, 1, 2, 3, 4, 5, 6, 7], [0, 1, 2, 3, 4, 5, 6, 7], [0, 1, 2, 3, 4, 5, 6, 7], [0, 1, 2, 3, 4, 5, 6, 7], [0, 1, 2, 3, 4, 5, 6, 7], [0, 1, 2, 3, 4, 5, 6, 7], [0, 1, 2, 3, 4, 5, 6, 7], [0, 1, 2, 3, 4, 5, 6, 7], [0, 1, 2, 3, 4, 5, 6, 7], [0, 1, 2, 3, 4, 5, 6, 7], [0, 1, 2, 3, 4, 5, 6, 7], [0, 1, 2, 3, 4, 5, 6, 7], [0, 1, 2, 3, 4, 5, 6, 7], [0, 1, 2, 3, 4, 5, 6, 7], [0, 1, 2, 3, 4, 5, 6, 7], [0, 1, 2, 3, 4, 5, 6, 7]]",sidecar,True,calib_importance_sep_tail,0
gqa,fullload,FullLoad,1.0,full,n262929,201752760,Do you see a scooter in front of the bag the boy is to the left of?,No,"[""no""]",1.0,1939,2,calib_importance_sep_tail,4,fullload,,341.0875118570402,,,545.5649479990825,550.5213419673964,19.33942607138306,569.8607680387795,1132462080,2176,64,,502.8098449110985,,,1.0,1.0,null,0.0,,1132462080,0,64,0,1132462080,17694720.0,17694720.0,0.0,,,,,null,,,,0
gqa,layout_prefix_chunk,Layout+Prefix,0.25,chunk,n262929,201752760,Do you see a scooter in front of the bag the boy is to the left of?,No,"[""no""]",1.0,1939,2,calib_importance_sep_tail,4,prefix,0.22466620430350304,171.7590360203758,54.81691297609359,260.76600910164416,56.85705807991326,317.6866160938516,18.55980698019266,336.2464230740443,293601280,512,65,199.97030997183174,0.0,8.0,34,0.23529411764705882,0.25925925925925924,"[0.25925925925925924, 0.25925925925925924, 0.25925925925925924, 0.25925925925925924, 0.25925925925925924, 0.25925925925925924, 0.25925925925925924, 0.25925925925925924, 0.25925925925925924, 0.25925925925925924, 0.25925925925925924, 0.25925925925925924, 0.25925925925925924, 0.25925925925925924, 0.25925925925925924, 0.25925925925925924, 0.25925925925925924, 0.25925925925925924, 0.25925925925925924, 0.25925925925925924, 0.25925925925925924, 0.25925925925925924, 0.25925925925925924, 0.25925925925925924, 0.25925925925925924, 0.25925925925925924, 0.25925925925925924, 0.25925925925925924, 0.25925925925925924, 0.25925925925925924, 0.25925925925925924, 0.25925925925925924]",0.0,256,268435456,25165824,64,1,293601280,4516942.769230769,4194304.0,25165824.0,0,0,0,prefix,"[[0, 1, 2, 3, 4, 5, 6, 7], [0, 1, 2, 3, 4, 5, 6, 7], [0, 1, 2, 3, 4, 5, 6, 7], [0, 1, 2, 3, 4, 5, 6, 7], [0, 1, 2, 3, 4, 5, 6, 7], [0, 1, 2, 3, 4, 5, 6, 7], [0, 1, 2, 3, 4, 5, 6, 7], [0, 1, 2, 3, 4, 5, 6, 7], [0, 1, 2, 3, 4, 5, 6, 7], [0, 1, 2, 3, 4, 5, 6, 7], [0, 1, 2, 3, 4, 5, 6, 7], [0, 1, 2, 3, 4, 5, 6, 7], [0, 1, 2, 3, 4, 5, 6, 7], [0, 1, 2, 3, 4, 5, 6, 7], [0, 1, 2, 3, 4, 5, 6, 7], [0, 1, 2, 3, 4, 5, 6, 7], [0, 1, 2, 3, 4, 5, 6, 7], [0, 1, 2, 3, 4, 5, 6, 7], [0, 1, 2, 3, 4, 5, 6, 7], [0, 1, 2, 3, 4, 5, 6, 7], [0, 1, 2, 3, 4, 5, 6, 7], [0, 1, 2, 3, 4, 5, 6, 7], [0, 1, 2, 3, 4, 5, 6, 7], [0, 1, 2, 3, 4, 5, 6, 7], [0, 1, 2, 3, 4, 5, 6, 7], [0, 1, 2, 3, 4, 5, 6, 7], [0, 1, 2, 3, 4, 5, 6, 7], [0, 1, 2, 3, 4, 5, 6, 7], [0, 1, 2, 3, 4, 5, 6, 7], [0, 1, 2, 3, 4, 5, 6, 7], [0, 1, 2, 3, 4, 5, 6, 7], [0, 1, 2, 3, 4, 5, 6, 7]]",sidecar,True,calib_importance_sep_tail,0
gqa,fullload,FullLoad,1.0,full,n262929,201752607,Is the necktie dark?,Yes,"[""yes""]",1.0,3869,2,calib_importance_sep_tail,4,fullload,,398.08619173709303,,,638.1438609678298,643.152616918087,28.79005705472082,671.9426739728078,1132462080,2176,64,,581.242864835076,,,1.0,1.0,null,0.0,,1132462080,0,64,0,1132462080,17694720.0,17694720.0,0.0,,,,,null,,,,0
gqa,layout_prefix_chunk,Layout+Prefix,0.25,chunk,n262929,201752607,Is the necktie dark?,Yes,"[""yes""]",1.0,3869,2,calib_importance_sep_tail,4,prefix,0.18930609803646803,158.97930972278118,47.62634611688554,238.45314793288708,40.85235600359738,279.35678500216454,19.375092932023108,298.73187793418765,293601280,512,65,185.00866822432727,0.0,8.0,34,0.23529411764705882,0.25925925925925924,"[0.25925925925925924, 0.25925925925925924, 0.25925925925925924, 0.25925925925925924, 0.25925925925925924, 0.25925925925925924, 0.25925925925925924, 0.25925925925925924, 0.25925925925925924, 0.25925925925925924, 0.25925925925925924, 0.25925925925925924, 0.25925925925925924, 0.25925925925925924, 0.25925925925925924, 0.25925925925925924, 0.25925925925925924, 0.25925925925925924, 0.25925925925925924, 0.25925925925925924, 0.25925925925925924, 0.25925925925925924, 0.25925925925925924, 0.25925925925925924, 0.25925925925925924, 0.25925925925925924, 0.25925925925925924, 0.25925925925925924, 0.25925925925925924, 0.25925925925925924, 0.25925925925925924, 0.25925925925925924]",0.0,256,268435456,25165824,64,1,293601280,4516942.769230769,4194304.0,25165824.0,0,0,0,prefix,"[[0, 1, 2, 3, 4, 5, 6, 7], [0, 1, 2, 3, 4, 5, 6, 7], [0, 1, 2, 3, 4, 5, 6, 7], [0, 1, 2, 3, 4, 5, 6, 7], [0, 1, 2, 3, 4, 5, 6, 7], [0, 1, 2, 3, 4, 5, 6, 7], [0, 1, 2, 3, 4, 5, 6, 7], [0, 1, 2, 3, 4, 5, 6, 7], [0, 1, 2, 3, 4, 5, 6, 7], [0, 1, 2, 3, 4, 5, 6, 7], [0, 1, 2, 3, 4, 5, 6, 7], [0, 1, 2, 3, 4, 5, 6, 7], [0, 1, 2, 3, 4, 5, 6, 7], [0, 1, 2, 3, 4, 5, 6, 7], [0, 1, 2, 3, 4, 5, 6, 7], [0, 1, 2, 3, 4, 5, 6, 7], [0, 1, 2, 3, 4, 5, 6, 7], [0, 1, 2, 3, 4, 5, 6, 7], [0, 1, 2, 3, 4, 5, 6, 7], [0, 1, 2, 3, 4, 5, 6, 7], [0, 1, 2, 3, 4, 5, 6, 7], [0, 1, 2, 3, 4, 5, 6, 7], [0, 1, 2, 3, 4, 5, 6, 7], [0, 1, 2, 3, 4, 5, 6, 7], [0, 1, 2, 3, 4, 5, 6, 7], [0, 1, 2, 3, 4, 5, 6, 7], [0, 1, 2, 3, 4, 5, 6, 7], [0, 1, 2, 3, 4, 5, 6, 7], [0, 1, 2, 3, 4, 5, 6, 7], [0, 1, 2, 3, 4, 5, 6, 7], [0, 1, 2, 3, 4, 5, 6, 7], [0, 1, 2, 3, 4, 5, 6, 7]]",sidecar,True,calib_importance_sep_tail,0
gqa,fullload,FullLoad,1.0,full,n48494,202116756,Are both the train station and the tunnel made out of the same material?,No,"[""yes""]",0.0,1939,2,calib_importance_sep_tail,4,fullload,,319.70320793334395,,,525.067901937291,529.2963249376044,20.559402066282928,549.8557270038873,767557632,1472,64,,460.14538512099534,,,1.0,1.0,null,0.0,,767557632,0,64,0,767557632,11993088.0,11993088.0,0.0,,,,,null,,,,0
gqa,layout_prefix_chunk,Layout+Prefix,0.25,chunk,n48494,202116756,Are both the train station and the tunnel made out of the same material?,No,"[""yes""]",0.0,1939,2,calib_importance_sep_tail,4,prefix,0.1684677554294467,140.36641805432737,40.84519809111953,205.27425000909716,46.279644942842424,251.61328096874058,18.782158964313567,270.39543993305415,213909504,384,65,159.5265578944236,0.0,6.0,23,0.2608695652173913,0.2786885245901639,"[0.2786885245901639, 0.2786885245901639, 0.2786885245901639, 0.2786885245901639, 0.2786885245901639, 0.2786885245901639, 0.2786885245901639, 0.2786885245901639, 0.2786885245901639, 0.2786885245901639, 0.2786885245901639, 0.2786885245901639, 0.2786885245901639, 0.2786885245901639, 0.2786885245901639, 0.2786885245901639, 0.2786885245901639, 0.2786885245901639, 0.2786885245901639, 0.2786885245901639, 0.2786885245901639, 0.2786885245901639, 0.2786885245901639, 0.2786885245901639, 0.2786885245901639, 0.2786885245901639, 0.2786885245901639, 0.2786885245901639, 0.2786885245901639, 0.2786885245901639, 0.2786885245901639, 0.2786885245901639]",0.0,192,201326592,12582912,64,1,213909504,3290915.446153846,3145728.0,12582912.0,0,0,0,prefix,"[[0, 1, 2, 3, 4, 5], [0, 1, 2, 3, 4, 5], [0, 1, 2, 3, 4, 5], [0, 1, 2, 3, 4, 5], [0, 1, 2, 3, 4, 5], [0, 1, 2, 3, 4, 5], [0, 1, 2, 3, 4, 5], [0, 1, 2, 3, 4, 5], [0, 1, 2, 3, 4, 5], [0, 1, 2, 3, 4, 5], [0, 1, 2, 3, 4, 5], [0, 1, 2, 3, 4, 5], [0, 1, 2, 3, 4, 5], [0, 1, 2, 3, 4, 5], [0, 1, 2, 3, 4, 5], [0, 1, 2, 3, 4, 5], [0, 1, 2, 3, 4, 5], [0, 1, 2, 3, 4, 5], [0, 1, 2, 3, 4, 5], [0, 1, 2, 3, 4, 5], [0, 1, 2, 3, 4, 5], [0, 1, 2, 3, 4, 5], [0, 1, 2, 3, 4, 5], [0, 1, 2, 3, 4, 5], [0, 1, 2, 3, 4, 5], [0, 1, 2, 3, 4, 5], [0, 1, 2, 3, 4, 5], [0, 1, 2, 3, 4, 5], [0, 1, 2, 3, 4, 5], [0, 1, 2, 3, 4, 5], [0, 1, 2, 3, 4, 5], [0, 1, 2, 3, 4, 5]]",sidecar,True,calib_importance_sep_tail,0
gqa,fullload,FullLoad,1.0,full,n48494,202116920,What is the tunnel above the railroad made of?,Concrete,"[""concrete""]",1.0,1281,3,calib_importance_sep_tail,4,fullload,,372.67914158292115,,,578.241067007184,582.3339279741049,39.152221055701375,621.4861490298063,767557632,1472,64,,509.058975847438,,,1.0,1.0,null,0.0,,767557632,0,64,0,767557632,11993088.0,11993088.0,0.0,,,,,null,,,,0
gqa,layout_prefix_chunk,Layout+Prefix,0.25,chunk,n48494,202116920,What is the tunnel above the railroad made of?,Concrete,"[""concrete""]",1.0,1281,3,calib_importance_sep_tail,4,prefix,0.16663805581629276,129.9854296958074,41.66984907351434,195.5878280568868,58.01305000204593,253.6609530216083,37.403517053462565,291.06447007507086,213909504,384,65,148.97465624380857,0.0,6.0,23,0.2608695652173913,0.2786885245901639,"[0.2786885245901639, 0.2786885245901639, 0.2786885245901639, 0.2786885245901639, 0.2786885245901639, 0.2786885245901639, 0.2786885245901639, 0.2786885245901639, 0.2786885245901639, 0.2786885245901639, 0.2786885245901639, 0.2786885245901639, 0.2786885245901639, 0.2786885245901639, 0.2786885245901639, 0.2786885245901639, 0.2786885245901639, 0.2786885245901639, 0.2786885245901639, 0.2786885245901639, 0.2786885245901639, 0.2786885245901639, 0.2786885245901639, 0.2786885245901639, 0.2786885245901639, 0.2786885245901639, 0.2786885245901639, 0.2786885245901639, 0.2786885245901639, 0.2786885245901639, 0.2786885245901639, 0.2786885245901639]",0.0,192,201326592,12582912,64,1,213909504,3290915.446153846,3145728.0,12582912.0,0,0,0,prefix,"[[0, 1, 2, 3, 4, 5], [0, 1, 2, 3, 4, 5], [0, 1, 2, 3, 4, 5], [0, 1, 2, 3, 4, 5], [0, 1, 2, 3, 4, 5], [0, 1, 2, 3, 4, 5], [0, 1, 2, 3, 4, 5], [0, 1, 2, 3, 4, 5], [0, 1, 2, 3, 4, 5], [0, 1, 2, 3, 4, 5], [0, 1, 2, 3, 4, 5], [0, 1, 2, 3, 4, 5], [0, 1, 2, 3, 4, 5], [0, 1, 2, 3, 4, 5], [0, 1, 2, 3, 4, 5], [0, 1, 2, 3, 4, 5], [0, 1, 2, 3, 4, 5], [0, 1, 2, 3, 4, 5], [0, 1, 2, 3, 4, 5], [0, 1, 2, 3, 4, 5], [0, 1, 2, 3, 4, 5], [0, 1, 2, 3, 4, 5], [0, 1, 2, 3, 4, 5], [0, 1, 2, 3, 4, 5], [0, 1, 2, 3, 4, 5], [0, 1, 2, 3, 4, 5], [0, 1, 2, 3, 4, 5], [0, 1, 2, 3, 4, 5], [0, 1, 2, 3, 4, 5], [0, 1, 2, 3, 4, 5], [0, 1, 2, 3, 4, 5], [0, 1, 2, 3, 4, 5]]",sidecar,True,calib_importance_sep_tail,0
gqa,fullload,FullLoad,1.0,full,n48494,202116770,Is the vast sky above the buildings both clear and blue?,Yes,"[""no""]",0.0,3869,2,calib_importance_sep_tail,4,fullload,,333.31403019838035,,,518.9823069376871,523.0804110178724,34.987183986231685,558.0675950041041,767557632,1472,64,,463.1980969570577,,,1.0,1.0,null,0.0,,767557632,0,64,0,767557632,11993088.0,11993088.0,0.0,,,,,null,,,,0
gqa,layout_prefix_chunk,Layout+Prefix,0.25,chunk,n48494,202116770,Is the vast sky above the buildings both clear and blue?,Yes,"[""no""]",0.0,3869,2,calib_importance_sep_tail,4,prefix,0.18166960217058659,154.09219998400658,45.3789570601657,225.70247005205601,46.192466048523784,271.95514703635126,18.697547959163785,290.65269499551505,213909504,384,65,175.2772134495899,0.0,6.0,23,0.2608695652173913,0.2786885245901639,"[0.2786885245901639, 0.2786885245901639, 0.2786885245901639, 0.2786885245901639, 0.2786885245901639, 0.2786885245901639, 0.2786885245901639, 0.2786885245901639, 0.2786885245901639, 0.2786885245901639, 0.2786885245901639, 0.2786885245901639, 0.2786885245901639, 0.2786885245901639, 0.2786885245901639, 0.2786885245901639, 0.2786885245901639, 0.2786885245901639, 0.2786885245901639, 0.2786885245901639, 0.2786885245901639, 0.2786885245901639, 0.2786885245901639, 0.2786885245901639, 0.2786885245901639, 0.2786885245901639, 0.2786885245901639, 0.2786885245901639, 0.2786885245901639, 0.2786885245901639, 0.2786885245901639, 0.2786885245901639]",0.0,192,201326592,12582912,64,1,213909504,3290915.446153846,3145728.0,12582912.0,0,0,0,prefix,"[[0, 1, 2, 3, 4, 5], [0, 1, 2, 3, 4, 5], [0, 1, 2, 3, 4, 5], [0, 1, 2, 3, 4, 5], [0, 1, 2, 3, 4, 5], [0, 1, 2, 3, 4, 5], [0, 1, 2, 3, 4, 5], [0, 1, 2, 3, 4, 5], [0, 1, 2, 3, 4, 5], [0, 1, 2, 3, 4, 5], [0, 1, 2, 3, 4, 5], [0, 1, 2, 3, 4, 5], [0, 1, 2, 3, 4, 5], [0, 1, 2, 3, 4, 5], [0, 1, 2, 3, 4, 5], [0, 1, 2, 3, 4, 5], [0, 1, 2, 3, 4, 5], [0, 1, 2, 3, 4, 5], [0, 1, 2, 3, 4, 5], [0, 1, 2, 3, 4, 5], [0, 1, 2, 3, 4, 5], [0, 1, 2, 3, 4, 5], [0, 1, 2, 3, 4, 5], [0, 1, 2, 3, 4, 5], [0, 1, 2, 3, 4, 5], [0, 1, 2, 3, 4, 5], [0, 1, 2, 3, 4, 5], [0, 1, 2, 3, 4, 5], [0, 1, 2, 3, 4, 5], [0, 1, 2, 3, 4, 5], [0, 1, 2, 3, 4, 5], [0, 1, 2, 3, 4, 5]]",sidecar,True,calib_importance_sep_tail,0
gqa,fullload,FullLoad,1.0,full,n48494,202116964,Is the river low and wavy?,No,"[""no""]",1.0,1939,2,calib_importance_sep_tail,4,fullload,,363.4188488358632,,,576.499761082232,580.6491210823879,24.94904794730246,605.5981690296903,767557632,1472,64,,506.41059514600784,,,1.0,1.0,null,0.0,,767557632,0,64,0,767557632,11993088.0,11993088.0,0.0,,,,,null,,,,0
gqa,layout_prefix_chunk,Layout+Prefix,0.25,chunk,n48494,202116964,Is the river low and wavy?,No,"[""no""]",1.0,1939,2,calib_importance_sep_tail,4,prefix,0.17357675824314356,140.76961332466453,43.46750897821039,209.61092005018145,37.52320900093764,247.18395399395376,19.738241098821163,266.9221950927749,213909504,384,65,161.20887314900756,0.0,6.0,23,0.2608695652173913,0.2786885245901639,"[0.2786885245901639, 0.2786885245901639, 0.2786885245901639, 0.2786885245901639, 0.2786885245901639, 0.2786885245901639, 0.2786885245901639, 0.2786885245901639, 0.2786885245901639, 0.2786885245901639, 0.2786885245901639, 0.2786885245901639, 0.2786885245901639, 0.2786885245901639, 0.2786885245901639, 0.2786885245901639, 0.2786885245901639, 0.2786885245901639, 0.2786885245901639, 0.2786885245901639, 0.2786885245901639, 0.2786885245901639, 0.2786885245901639, 0.2786885245901639, 0.2786885245901639, 0.2786885245901639, 0.2786885245901639, 0.2786885245901639, 0.2786885245901639, 0.2786885245901639, 0.2786885245901639, 0.2786885245901639]",0.0,192,201326592,12582912,64,1,213909504,3290915.446153846,3145728.0,12582912.0,0,0,0,prefix,"[[0, 1, 2, 3, 4, 5], [0, 1, 2, 3, 4, 5], [0, 1, 2, 3, 4, 5], [0, 1, 2, 3, 4, 5], [0, 1, 2, 3, 4, 5], [0, 1, 2, 3, 4, 5], [0, 1, 2, 3, 4, 5], [0, 1, 2, 3, 4, 5], [0, 1, 2, 3, 4, 5], [0, 1, 2, 3, 4, 5], [0, 1, 2, 3, 4, 5], [0, 1, 2, 3, 4, 5], [0, 1, 2, 3, 4, 5], [0, 1, 2, 3, 4, 5], [0, 1, 2, 3, 4, 5], [0, 1, 2, 3, 4, 5], [0, 1, 2, 3, 4, 5], [0, 1, 2, 3, 4, 5], [0, 1, 2, 3, 4, 5], [0, 1, 2, 3, 4, 5], [0, 1, 2, 3, 4, 5], [0, 1, 2, 3, 4, 5], [0, 1, 2, 3, 4, 5], [0, 1, 2, 3, 4, 5], [0, 1, 2, 3, 4, 5], [0, 1, 2, 3, 4, 5], [0, 1, 2, 3, 4, 5], [0, 1, 2, 3, 4, 5], [0, 1, 2, 3, 4, 5], [0, 1, 2, 3, 4, 5], [0, 1, 2, 3, 4, 5], [0, 1, 2, 3, 4, 5]]",sidecar,True,calib_importance_sep_tail,0
gqa,fullload,FullLoad,1.0,full,n48494,202117035,Do you see any wide boat?,No,"[""yes""]",0.0,1939,2,calib_importance_sep_tail,4,fullload,,339.43536155857146,,,538.1900320062414,542.3698299564421,23.964897030964494,566.3347269874066,767557632,1472,64,,477.6425891323015,,,1.0,1.0,null,0.0,,767557632,0,64,0,767557632,11993088.0,11993088.0,0.0,,,,,null,,,,0
gqa,layout_prefix_chunk,Layout+Prefix,0.25,chunk,n48494,202117035,Do you see any wide boat?,No,"[""yes""]",0.0,1939,2,calib_importance_sep_tail,4,prefix,0.1844674116000533,136.41481939703226,45.23523978423327,207.95585808809847,52.26978694554418,260.2842580527067,18.783601000905037,279.06785905361176,213909504,384,65,157.6755935093388,0.0,6.0,23,0.2608695652173913,0.2786885245901639,"[0.2786885245901639, 0.2786885245901639, 0.2786885245901639, 0.2786885245901639, 0.2786885245901639, 0.2786885245901639, 0.2786885245901639, 0.2786885245901639, 0.2786885245901639, 0.2786885245901639, 0.2786885245901639, 0.2786885245901639, 0.2786885245901639, 0.2786885245901639, 0.2786885245901639, 0.2786885245901639, 0.2786885245901639, 0.2786885245901639, 0.2786885245901639, 0.2786885245901639, 0.2786885245901639, 0.2786885245901639, 0.2786885245901639, 0.2786885245901639, 0.2786885245901639, 0.2786885245901639, 0.2786885245901639, 0.2786885245901639, 0.2786885245901639, 0.2786885245901639, 0.2786885245901639, 0.2786885245901639]",0.0,192,201326592,12582912,64,1,213909504,3290915.446153846,3145728.0,12582912.0,0,0,0,prefix,"[[0, 1, 2, 3, 4, 5], [0, 1, 2, 3, 4, 5], [0, 1, 2, 3, 4, 5], [0, 1, 2, 3, 4, 5], [0, 1, 2, 3, 4, 5], [0, 1, 2, 3, 4, 5], [0, 1, 2, 3, 4, 5], [0, 1, 2, 3, 4, 5], [0, 1, 2, 3, 4, 5], [0, 1, 2, 3, 4, 5], [0, 1, 2, 3, 4, 5], [0, 1, 2, 3, 4, 5], [0, 1, 2, 3, 4, 5], [0, 1, 2, 3, 4, 5], [0, 1, 2, 3, 4, 5], [0, 1, 2, 3, 4, 5], [0, 1, 2, 3, 4, 5], [0, 1, 2, 3, 4, 5], [0, 1, 2, 3, 4, 5], [0, 1, 2, 3, 4, 5], [0, 1, 2, 3, 4, 5], [0, 1, 2, 3, 4, 5], [0, 1, 2, 3, 4, 5], [0, 1, 2, 3, 4, 5], [0, 1, 2, 3, 4, 5], [0, 1, 2, 3, 4, 5], [0, 1, 2, 3, 4, 5], [0, 1, 2, 3, 4, 5], [0, 1, 2, 3, 4, 5], [0, 1, 2, 3, 4, 5], [0, 1, 2, 3, 4, 5], [0, 1, 2, 3, 4, 5]]",sidecar,True,calib_importance_sep_tail,0
gqa,fullload,FullLoad,1.0,full,n48494,202116896,What is the vehicle on top of the railroad called?,Train,"[""train""]",1.0,28186,2,calib_importance_sep_tail,4,fullload,,380.7771420106292,,,603.9573790039867,608.0553489737213,24.14785698056221,632.2032059542835,767557632,1472,64,,527.8622040059417,,,1.0,1.0,null,0.0,,767557632,0,64,0,767557632,11993088.0,11993088.0,0.0,,,,,null,,,,0
gqa,layout_prefix_chunk,Layout+Prefix,0.25,chunk,n48494,202116896,What is the vehicle on top of the railroad called?,Train,"[""train""]",1.0,28186,2,calib_importance_sep_tail,4,prefix,0.1622767886146903,122.92618618812412,35.928435157984495,179.75187406409532,45.3899169806391,225.20188300404698,18.607561010867357,243.80944401491433,213909504,384,65,139.05536790844053,0.0,6.0,23,0.2608695652173913,0.2786885245901639,"[0.2786885245901639, 0.2786885245901639, 0.2786885245901639, 0.2786885245901639, 0.2786885245901639, 0.2786885245901639, 0.2786885245901639, 0.2786885245901639, 0.2786885245901639, 0.2786885245901639, 0.2786885245901639, 0.2786885245901639, 0.2786885245901639, 0.2786885245901639, 0.2786885245901639, 0.2786885245901639, 0.2786885245901639, 0.2786885245901639, 0.2786885245901639, 0.2786885245901639, 0.2786885245901639, 0.2786885245901639, 0.2786885245901639, 0.2786885245901639, 0.2786885245901639, 0.2786885245901639, 0.2786885245901639, 0.2786885245901639, 0.2786885245901639, 0.2786885245901639, 0.2786885245901639, 0.2786885245901639]",0.0,192,201326592,12582912,64,1,213909504,3290915.446153846,3145728.0,12582912.0,0,0,0,prefix,"[[0, 1, 2, 3, 4, 5], [0, 1, 2, 3, 4, 5], [0, 1, 2, 3, 4, 5], [0, 1, 2, 3, 4, 5], [0, 1, 2, 3, 4, 5], [0, 1, 2, 3, 4, 5], [0, 1, 2, 3, 4, 5], [0, 1, 2, 3, 4, 5], [0, 1, 2, 3, 4, 5], [0, 1, 2, 3, 4, 5], [0, 1, 2, 3, 4, 5], [0, 1, 2, 3, 4, 5], [0, 1, 2, 3, 4, 5], [0, 1, 2, 3, 4, 5], [0, 1, 2, 3, 4, 5], [0, 1, 2, 3, 4, 5], [0, 1, 2, 3, 4, 5], [0, 1, 2, 3, 4, 5], [0, 1, 2, 3, 4, 5], [0, 1, 2, 3, 4, 5], [0, 1, 2, 3, 4, 5], [0, 1, 2, 3, 4, 5], [0, 1, 2, 3, 4, 5], [0, 1, 2, 3, 4, 5], [0, 1, 2, 3, 4, 5], [0, 1, 2, 3, 4, 5], [0, 1, 2, 3, 4, 5], [0, 1, 2, 3, 4, 5], [0, 1, 2, 3, 4, 5], [0, 1, 2, 3, 4, 5], [0, 1, 2, 3, 4, 5], [0, 1, 2, 3, 4, 5]]",sidecar,True,calib_importance_sep_tail,0
gqa,fullload,FullLoad,1.0,full,n58220,20169718,Are there green hats in the photo?,No,"[""yes""]",0.0,1939,2,calib_importance_sep_tail,4,fullload,,390.44540957547724,,,657.3370830155909,662.5541480025277,24.03506194241345,686.5892099449411,1226833920,2368,64,,599.3852576939389,,,1.0,1.0,null,0.0,,1226833920,0,64,0,1226833920,19169280.0,19169280.0,0.0,,,,,null,,,,0
gqa,layout_prefix_chunk,Layout+Prefix,0.25,chunk,n58220,20169718,Are there green hats in the photo?,No,"[""yes""]",0.0,1939,2,calib_importance_sep_tail,4,prefix,0.18992240075021982,189.66837762854993,45.43777625076473,266.93037699442357,35.8360850950703,302.80616600066423,18.35269690491259,321.1588629055768,320864256,576,65,215.56594013236463,0.0,9.0,37,0.24324324324324326,0.26153846153846155,"[0.26153846153846155, 0.26153846153846155, 0.26153846153846155, 0.26153846153846155, 0.26153846153846155, 0.26153846153846155, 0.26153846153846155, 0.26153846153846155, 0.26153846153846155, 0.26153846153846155, 0.26153846153846155, 0.26153846153846155, 0.26153846153846155, 0.26153846153846155, 0.26153846153846155, 0.26153846153846155, 0.26153846153846155, 0.26153846153846155, 0.26153846153846155, 0.26153846153846155, 0.26153846153846155, 0.26153846153846155, 0.26153846153846155, 0.26153846153846155, 0.26153846153846155, 0.26153846153846155, 0.26153846153846155, 0.26153846153846155, 0.26153846153846155, 0.26153846153846155, 0.26153846153846155, 0.26153846153846155]",0.0,288,301989888,18874368,64,1,320864256,4936373.169230769,4718592.0,18874368.0,0,0,0,prefix,"[[0, 1, 2, 3, 4, 5, 6, 7, 8], [0, 1, 2, 3, 4, 5, 6, 7, 8], [0, 1, 2, 3, 4, 5, 6, 7, 8], [0, 1, 2, 3, 4, 5, 6, 7, 8], [0, 1, 2, 3, 4, 5, 6, 7, 8], [0, 1, 2, 3, 4, 5, 6, 7, 8], [0, 1, 2, 3, 4, 5, 6, 7, 8], [0, 1, 2, 3, 4, 5, 6, 7, 8], [0, 1, 2, 3, 4, 5, 6, 7, 8], [0, 1, 2, 3, 4, 5, 6, 7, 8], [0, 1, 2, 3, 4, 5, 6, 7, 8], [0, 1, 2, 3, 4, 5, 6, 7, 8], [0, 1, 2, 3, 4, 5, 6, 7, 8], [0, 1, 2, 3, 4, 5, 6, 7, 8], [0, 1, 2, 3, 4, 5, 6, 7, 8], [0, 1, 2, 3, 4, 5, 6, 7, 8], [0, 1, 2, 3, 4, 5, 6, 7, 8], [0, 1, 2, 3, 4, 5, 6, 7, 8], [0, 1, 2, 3, 4, 5, 6, 7, 8], [0, 1, 2, 3, 4, 5, 6, 7, 8], [0, 1, 2, 3, 4, 5, 6, 7, 8], [0, 1, 2, 3, 4, 5, 6, 7, 8], [0, 1, 2, 3, 4, 5, 6, 7, 8], [0, 1, 2, 3, 4, 5, 6, 7, 8], [0, 1, 2, 3, 4, 5, 6, 7, 8], [0, 1, 2, 3, 4, 5, 6, 7, 8], [0, 1, 2, 3, 4, 5, 6, 7, 8], [0, 1, 2, 3, 4, 5, 6, 7, 8], [0, 1, 2, 3, 4, 5, 6, 7, 8], [0, 1, 2, 3, 4, 5, 6, 7, 8], [0, 1, 2, 3, 4, 5, 6, 7, 8], [0, 1, 2, 3, 4, 5, 6, 7, 8]]",sidecar,True,calib_importance_sep_tail,0
gqa,fullload,FullLoad,1.0,full,n58220,20169805,Does this flag look red?,No,"[""no""]",1.0,1939,2,calib_importance_sep_tail,4,fullload,,505.70035132113844,,,879.4275789987296,884.665300953202,18.772804993204772,903.4381059464067,1226833920,2368,64,,830.1610177149996,,,1.0,1.0,null,0.0,,1226833920,0,64,0,1226833920,19169280.0,19169280.0,0.0,,,,,null,,,,0
gqa,layout_prefix_chunk,Layout+Prefix,0.25,chunk,n58220,20169805,Does this flag look red?,No,"[""no""]",1.0,1939,2,calib_importance_sep_tail,4,prefix,0.18572888802736998,162.1332922950387,46.03753227274865,240.90112408157438,36.593999015167356,277.53739804029465,19.24045104533434,296.777849085629,320864256,576,65,188.8155274791643,0.0,9.0,37,0.24324324324324326,0.26153846153846155,"[0.26153846153846155, 0.26153846153846155, 0.26153846153846155, 0.26153846153846155, 0.26153846153846155, 0.26153846153846155, 0.26153846153846155, 0.26153846153846155, 0.26153846153846155, 0.26153846153846155, 0.26153846153846155, 0.26153846153846155, 0.26153846153846155, 0.26153846153846155, 0.26153846153846155, 0.26153846153846155, 0.26153846153846155, 0.26153846153846155, 0.26153846153846155, 0.26153846153846155, 0.26153846153846155, 0.26153846153846155, 0.26153846153846155, 0.26153846153846155, 0.26153846153846155, 0.26153846153846155, 0.26153846153846155, 0.26153846153846155, 0.26153846153846155, 0.26153846153846155, 0.26153846153846155, 0.26153846153846155]",0.0,288,301989888,18874368,64,1,320864256,4936373.169230769,4718592.0,18874368.0,0,0,0,prefix,"[[0, 1, 2, 3, 4, 5, 6, 7, 8], [0, 1, 2, 3, 4, 5, 6, 7, 8], [0, 1, 2, 3, 4, 5, 6, 7, 8], [0, 1, 2, 3, 4, 5, 6, 7, 8], [0, 1, 2, 3, 4, 5, 6, 7, 8], [0, 1, 2, 3, 4, 5, 6, 7, 8], [0, 1, 2, 3, 4, 5, 6, 7, 8], [0, 1, 2, 3, 4, 5, 6, 7, 8], [0, 1, 2, 3, 4, 5, 6, 7, 8], [0, 1, 2, 3, 4, 5, 6, 7, 8], [0, 1, 2, 3, 4, 5, 6, 7, 8], [0, 1, 2, 3, 4, 5, 6, 7, 8], [0, 1, 2, 3, 4, 5, 6, 7, 8], [0, 1, 2, 3, 4, 5, 6, 7, 8], [0, 1, 2, 3, 4, 5, 6, 7, 8], [0, 1, 2, 3, 4, 5, 6, 7, 8], [0, 1, 2, 3, 4, 5, 6, 7, 8], [0, 1, 2, 3, 4, 5, 6, 7, 8], [0, 1, 2, 3, 4, 5, 6, 7, 8], [0, 1, 2, 3, 4, 5, 6, 7, 8], [0, 1, 2, 3, 4, 5, 6, 7, 8], [0, 1, 2, 3, 4, 5, 6, 7, 8], [0, 1, 2, 3, 4, 5, 6, 7, 8], [0, 1, 2, 3, 4, 5, 6, 7, 8], [0, 1, 2, 3, 4, 5, 6, 7, 8], [0, 1, 2, 3, 4, 5, 6, 7, 8], [0, 1, 2, 3, 4, 5, 6, 7, 8], [0, 1, 2, 3, 4, 5, 6, 7, 8], [0, 1, 2, 3, 4, 5, 6, 7, 8], [0, 1, 2, 3, 4, 5, 6, 7, 8], [0, 1, 2, 3, 4, 5, 6, 7, 8], [0, 1, 2, 3, 4, 5, 6, 7, 8]]",sidecar,True,calib_importance_sep_tail,0
gqa,fullload,FullLoad,1.0,full,n58220,20169578,Do the hat and the jacket have a different colors?,No,"[""no""]",1.0,1939,2,calib_importance_sep_tail,4,fullload,,377.89816479198635,,,604.308471083641,609.5069970469922,19.188885926268995,628.6958829732612,1226833920,2368,64,,558.5055984556675,,,1.0,1.0,null,0.0,,1226833920,0,64,0,1226833920,19169280.0,19169280.0,0.0,,,,,null,,,,0
gqa,layout_prefix_chunk,Layout+Prefix,0.25,chunk,n58220,20169578,Do the hat and the jacket have a different colors?,No,"[""no""]",1.0,1939,2,calib_importance_sep_tail,4,prefix,0.23396534379571676,167.21093677915633,54.48549194261432,256.864852970466,51.40282097272575,308.3288179477677,18.993120989762247,327.3219389375299,320864256,576,65,196.12021674402058,0.0,9.0,37,0.24324324324324326,0.26153846153846155,"[0.26153846153846155, 0.26153846153846155, 0.26153846153846155, 0.26153846153846155, 0.26153846153846155, 0.26153846153846155, 0.26153846153846155, 0.26153846153846155, 0.26153846153846155, 0.26153846153846155, 0.26153846153846155, 0.26153846153846155, 0.26153846153846155, 0.26153846153846155, 0.26153846153846155, 0.26153846153846155, 0.26153846153846155, 0.26153846153846155, 0.26153846153846155, 0.26153846153846155, 0.26153846153846155, 0.26153846153846155, 0.26153846153846155, 0.26153846153846155, 0.26153846153846155, 0.26153846153846155, 0.26153846153846155, 0.26153846153846155, 0.26153846153846155, 0.26153846153846155, 0.26153846153846155, 0.26153846153846155]",0.0,288,301989888,18874368,64,1,320864256,4936373.169230769,4718592.0,18874368.0,0,0,0,prefix,"[[0, 1, 2, 3, 4, 5, 6, 7, 8], [0, 1, 2, 3, 4, 5, 6, 7, 8], [0, 1, 2, 3, 4, 5, 6, 7, 8], [0, 1, 2, 3, 4, 5, 6, 7, 8], [0, 1, 2, 3, 4, 5, 6, 7, 8], [0, 1, 2, 3, 4, 5, 6, 7, 8], [0, 1, 2, 3, 4, 5, 6, 7, 8], [0, 1, 2, 3, 4, 5, 6, 7, 8], [0, 1, 2, 3, 4, 5, 6, 7, 8], [0, 1, 2, 3, 4, 5, 6, 7, 8], [0, 1, 2, 3, 4, 5, 6, 7, 8], [0, 1, 2, 3, 4, 5, 6, 7, 8], [0, 1, 2, 3, 4, 5, 6, 7, 8], [0, 1, 2, 3, 4, 5, 6, 7, 8], [0, 1, 2, 3, 4, 5, 6, 7, 8], [0, 1, 2, 3, 4, 5, 6, 7, 8], [0, 1, 2, 3, 4, 5, 6, 7, 8], [0, 1, 2, 3, 4, 5, 6, 7, 8], [0, 1, 2, 3, 4, 5, 6, 7, 8], [0, 1, 2, 3, 4, 5, 6, 7, 8], [0, 1, 2, 3, 4, 5, 6, 7, 8], [0, 1, 2, 3, 4, 5, 6, 7, 8], [0, 1, 2, 3, 4, 5, 6, 7, 8], [0, 1, 2, 3, 4, 5, 6, 7, 8], [0, 1, 2, 3, 4, 5, 6, 7, 8], [0, 1, 2, 3, 4, 5, 6, 7, 8], [0, 1, 2, 3, 4, 5, 6, 7, 8], [0, 1, 2, 3, 4, 5, 6, 7, 8], [0, 1, 2, 3, 4, 5, 6, 7, 8], [0, 1, 2, 3, 4, 5, 6, 7, 8], [0, 1, 2, 3, 4, 5, 6, 7, 8], [0, 1, 2, 3, 4, 5, 6, 7, 8]]",sidecar,True,calib_importance_sep_tail,0
gqa,fullload,FullLoad,1.0,full,n58220,20169575,What place was the picture taken at?,Road,"[""road""]",1.0,9321,2,calib_importance_sep_tail,4,fullload,,405.122683965601,,,644.7556799976155,649.9491990543902,23.85331899859011,673.8025180529803,1226833920,2368,64,,594.0617301966995,,,1.0,1.0,null,0.0,,1226833920,0,64,0,1226833920,19169280.0,19169280.0,0.0,,,,,null,,,,0
gqa,layout_prefix_chunk,Layout+Prefix,0.25,chunk,n58220,20169575,What place was the picture taken at?,Street,"[""road""]",0.0,7103,2,calib_importance_sep_tail,4,prefix,0.17201644368469715,148.51413911674172,44.53581210691482,221.55553207267076,37.01708896551281,258.61755199730396,19.868738017976284,278.48629001528025,320864256,576,65,171.11804813612252,0.0,9.0,37,0.24324324324324326,0.26153846153846155,"[0.26153846153846155, 0.26153846153846155, 0.26153846153846155, 0.26153846153846155, 0.26153846153846155, 0.26153846153846155, 0.26153846153846155, 0.26153846153846155, 0.26153846153846155, 0.26153846153846155, 0.26153846153846155, 0.26153846153846155, 0.26153846153846155, 0.26153846153846155, 0.26153846153846155, 0.26153846153846155, 0.26153846153846155, 0.26153846153846155, 0.26153846153846155, 0.26153846153846155, 0.26153846153846155, 0.26153846153846155, 0.26153846153846155, 0.26153846153846155, 0.26153846153846155, 0.26153846153846155, 0.26153846153846155, 0.26153846153846155, 0.26153846153846155, 0.26153846153846155, 0.26153846153846155, 0.26153846153846155]",0.0,288,301989888,18874368,64,1,320864256,4936373.169230769,4718592.0,18874368.0,0,0,0,prefix,"[[0, 1, 2, 3, 4, 5, 6, 7, 8], [0, 1, 2, 3, 4, 5, 6, 7, 8], [0, 1, 2, 3, 4, 5, 6, 7, 8], [0, 1, 2, 3, 4, 5, 6, 7, 8], [0, 1, 2, 3, 4, 5, 6, 7, 8], [0, 1, 2, 3, 4, 5, 6, 7, 8], [0, 1, 2, 3, 4, 5, 6, 7, 8], [0, 1, 2, 3, 4, 5, 6, 7, 8], [0, 1, 2, 3, 4, 5, 6, 7, 8], [0, 1, 2, 3, 4, 5, 6, 7, 8], [0, 1, 2, 3, 4, 5, 6, 7, 8], [0, 1, 2, 3, 4, 5, 6, 7, 8], [0, 1, 2, 3, 4, 5, 6, 7, 8], [0, 1, 2, 3, 4, 5, 6, 7, 8], [0, 1, 2, 3, 4, 5, 6, 7, 8], [0, 1, 2, 3, 4, 5, 6, 7, 8], [0, 1, 2, 3, 4, 5, 6, 7, 8], [0, 1, 2, 3, 4, 5, 6, 7, 8], [0, 1, 2, 3, 4, 5, 6, 7, 8], [0, 1, 2, 3, 4, 5, 6, 7, 8], [0, 1, 2, 3, 4, 5, 6, 7, 8], [0, 1, 2, 3, 4, 5, 6, 7, 8], [0, 1, 2, 3, 4, 5, 6, 7, 8], [0, 1, 2, 3, 4, 5, 6, 7, 8], [0, 1, 2, 3, 4, 5, 6, 7, 8], [0, 1, 2, 3, 4, 5, 6, 7, 8], [0, 1, 2, 3, 4, 5, 6, 7, 8], [0, 1, 2, 3, 4, 5, 6, 7, 8], [0, 1, 2, 3, 4, 5, 6, 7, 8], [0, 1, 2, 3, 4, 5, 6, 7, 8], [0, 1, 2, 3, 4, 5, 6, 7, 8], [0, 1, 2, 3, 4, 5, 6, 7, 8]]",sidecar,True,calib_importance_sep_tail,0
gqa,fullload,FullLoad,1.0,full,n58220,20169793,On which side is the flag?,Left,"[""left""]",1.0,19941,2,calib_importance_sep_tail,4,fullload,,454.8081810353324,,,726.5943889506161,732.0360309677199,18.56381504330784,750.5998460110277,1226833920,2368,64,,671.933330129832,,,1.0,1.0,null,0.0,,1226833920,0,64,0,1226833920,19169280.0,19169280.0,0.0,,,,,null,,,,0
gqa,layout_prefix_chunk,Layout+Prefix,0.25,chunk,n58220,20169793,On which side is the flag?,Left,"[""left""]",1.0,19941,2,calib_importance_sep_tail,4,prefix,0.2282287459820509,177.5455658789724,52.43326968047768,266.26028306782246,46.310515026561916,312.6336990389973,19.267936935648322,331.9016359746456,320864256,576,65,207.61893596500158,0.0,9.0,37,0.24324324324324326,0.26153846153846155,"[0.26153846153846155, 0.26153846153846155, 0.26153846153846155, 0.26153846153846155, 0.26153846153846155, 0.26153846153846155, 0.26153846153846155, 0.26153846153846155, 0.26153846153846155, 0.26153846153846155, 0.26153846153846155, 0.26153846153846155, 0.26153846153846155, 0.26153846153846155, 0.26153846153846155, 0.26153846153846155, 0.26153846153846155, 0.26153846153846155, 0.26153846153846155, 0.26153846153846155, 0.26153846153846155, 0.26153846153846155, 0.26153846153846155, 0.26153846153846155, 0.26153846153846155, 0.26153846153846155, 0.26153846153846155, 0.26153846153846155, 0.26153846153846155, 0.26153846153846155, 0.26153846153846155, 0.26153846153846155]",0.0,288,301989888,18874368,64,1,320864256,4936373.169230769,4718592.0,18874368.0,0,0,0,prefix,"[[0, 1, 2, 3, 4, 5, 6, 7, 8], [0, 1, 2, 3, 4, 5, 6, 7, 8], [0, 1, 2, 3, 4, 5, 6, 7, 8], [0, 1, 2, 3, 4, 5, 6, 7, 8], [0, 1, 2, 3, 4, 5, 6, 7, 8], [0, 1, 2, 3, 4, 5, 6, 7, 8], [0, 1, 2, 3, 4, 5, 6, 7, 8], [0, 1, 2, 3, 4, 5, 6, 7, 8], [0, 1, 2, 3, 4, 5, 6, 7, 8], [0, 1, 2, 3, 4, 5, 6, 7, 8], [0, 1, 2, 3, 4, 5, 6, 7, 8], [0, 1, 2, 3, 4, 5, 6, 7, 8], [0, 1, 2, 3, 4, 5, 6, 7, 8], [0, 1, 2, 3, 4, 5, 6, 7, 8], [0, 1, 2, 3, 4, 5, 6, 7, 8], [0, 1, 2, 3, 4, 5, 6, 7, 8], [0, 1, 2, 3, 4, 5, 6, 7, 8], [0, 1, 2, 3, 4, 5, 6, 7, 8], [0, 1, 2, 3, 4, 5, 6, 7, 8], [0, 1, 2, 3, 4, 5, 6, 7, 8], [0, 1, 2, 3, 4, 5, 6, 7, 8], [0, 1, 2, 3, 4, 5, 6, 7, 8], [0, 1, 2, 3, 4, 5, 6, 7, 8], [0, 1, 2, 3, 4, 5, 6, 7, 8], [0, 1, 2, 3, 4, 5, 6, 7, 8], [0, 1, 2, 3, 4, 5, 6, 7, 8], [0, 1, 2, 3, 4, 5, 6, 7, 8], [0, 1, 2, 3, 4, 5, 6, 7, 8], [0, 1, 2, 3, 4, 5, 6, 7, 8], [0, 1, 2, 3, 4, 5, 6, 7, 8], [0, 1, 2, 3, 4, 5, 6, 7, 8], [0, 1, 2, 3, 4, 5, 6, 7, 8]]",sidecar,True,calib_importance_sep_tail,0
gqa,fullload,FullLoad,1.0,full,n58220,20169796,Does the flag look calm and blue?,No,"[""no""]",1.0,1939,2,calib_importance_sep_tail,4,fullload,,478.08114683721215,,,741.5534000610933,746.8797060428187,19.709457992576063,766.5891640353948,1226833920,2368,64,,685.3542459430173,,,1.0,1.0,null,0.0,,1226833920,0,64,0,1226833920,19169280.0,19169280.0,0.0,,,,,null,,,,0
gqa,layout_prefix_chunk,Layout+Prefix,0.25,chunk,n58220,20169796,Does the flag look calm and blue?,Yes,"[""no""]",0.0,3869,2,calib_importance_sep_tail,4,prefix,0.2225317293778062,170.30085471924394,52.26360389497131,257.19536701217294,40.045702015049756,297.30295098852366,19.000391010195017,316.3033419987187,320864256,576,65,198.76203185413033,0.0,9.0,37,0.24324324324324326,0.26153846153846155,"[0.26153846153846155, 0.26153846153846155, 0.26153846153846155, 0.26153846153846155, 0.26153846153846155, 0.26153846153846155, 0.26153846153846155, 0.26153846153846155, 0.26153846153846155, 0.26153846153846155, 0.26153846153846155, 0.26153846153846155, 0.26153846153846155, 0.26153846153846155, 0.26153846153846155, 0.26153846153846155, 0.26153846153846155, 0.26153846153846155, 0.26153846153846155, 0.26153846153846155, 0.26153846153846155, 0.26153846153846155, 0.26153846153846155, 0.26153846153846155, 0.26153846153846155, 0.26153846153846155, 0.26153846153846155, 0.26153846153846155, 0.26153846153846155, 0.26153846153846155, 0.26153846153846155, 0.26153846153846155]",0.0,288,301989888,18874368,64,1,320864256,4936373.169230769,4718592.0,18874368.0,0,0,0,prefix,"[[0, 1, 2, 3, 4, 5, 6, 7, 8], [0, 1, 2, 3, 4, 5, 6, 7, 8], [0, 1, 2, 3, 4, 5, 6, 7, 8], [0, 1, 2, 3, 4, 5, 6, 7, 8], [0, 1, 2, 3, 4, 5, 6, 7, 8], [0, 1, 2, 3, 4, 5, 6, 7, 8], [0, 1, 2, 3, 4, 5, 6, 7, 8], [0, 1, 2, 3, 4, 5, 6, 7, 8], [0, 1, 2, 3, 4, 5, 6, 7, 8], [0, 1, 2, 3, 4, 5, 6, 7, 8], [0, 1, 2, 3, 4, 5, 6, 7, 8], [0, 1, 2, 3, 4, 5, 6, 7, 8], [0, 1, 2, 3, 4, 5, 6, 7, 8], [0, 1, 2, 3, 4, 5, 6, 7, 8], [0, 1, 2, 3, 4, 5, 6, 7, 8], [0, 1, 2, 3, 4, 5, 6, 7, 8], [0, 1, 2, 3, 4, 5, 6, 7, 8], [0, 1, 2, 3, 4, 5, 6, 7, 8], [0, 1, 2, 3, 4, 5, 6, 7, 8], [0, 1, 2, 3, 4, 5, 6, 7, 8], [0, 1, 2, 3, 4, 5, 6, 7, 8], [0, 1, 2, 3, 4, 5, 6, 7, 8], [0, 1, 2, 3, 4, 5, 6, 7, 8], [0, 1, 2, 3, 4, 5, 6, 7, 8], [0, 1, 2, 3, 4, 5, 6, 7, 8], [0, 1, 2, 3, 4, 5, 6, 7, 8], [0, 1, 2, 3, 4, 5, 6, 7, 8], [0, 1, 2, 3, 4, 5, 6, 7, 8], [0, 1, 2, 3, 4, 5, 6, 7, 8], [0, 1, 2, 3, 4, 5, 6, 7, 8], [0, 1, 2, 3, 4, 5, 6, 7, 8], [0, 1, 2, 3, 4, 5, 6, 7, 8]]",sidecar,True,calib_importance_sep_tail,0
gqa,fullload,FullLoad,1.0,full,n522733,202248865,Which place is it?,Street,"[""street""]",1.0,7103,2,calib_importance_sep_tail,4,fullload,,387.4993654899299,,,632.6213770080358,637.9166339756921,22.92531100101769,660.8419449767098,1226833920,2368,64,,583.8585001183674,,,1.0,1.0,null,0.0,,1226833920,0,64,0,1226833920,19169280.0,19169280.0,0.0,,,,,null,,,,0
gqa,layout_prefix_chunk,Layout+Prefix,0.25,chunk,n522733,202248865,Which place is it?,Street,"[""street""]",1.0,7103,2,calib_importance_sep_tail,4,prefix,0.22144441027194262,131.57917454373091,51.980608608573675,217.49893005471677,36.662464030086994,254.20451303943992,18.46199797000736,272.6665110094473,320864256,576,65,159.37338245566934,0.0,9.0,37,0.24324324324324326,0.26153846153846155,"[0.26153846153846155, 0.26153846153846155, 0.26153846153846155, 0.26153846153846155, 0.26153846153846155, 0.26153846153846155, 0.26153846153846155, 0.26153846153846155, 0.26153846153846155, 0.26153846153846155, 0.26153846153846155, 0.26153846153846155, 0.26153846153846155, 0.26153846153846155, 0.26153846153846155, 0.26153846153846155, 0.26153846153846155, 0.26153846153846155, 0.26153846153846155, 0.26153846153846155, 0.26153846153846155, 0.26153846153846155, 0.26153846153846155, 0.26153846153846155, 0.26153846153846155, 0.26153846153846155, 0.26153846153846155, 0.26153846153846155, 0.26153846153846155, 0.26153846153846155, 0.26153846153846155, 0.26153846153846155]",0.0,288,301989888,18874368,64,1,320864256,4936373.169230769,4718592.0,18874368.0,0,0,0,prefix,"[[0, 1, 2, 3, 4, 5, 6, 7, 8], [0, 1, 2, 3, 4, 5, 6, 7, 8], [0, 1, 2, 3, 4, 5, 6, 7, 8], [0, 1, 2, 3, 4, 5, 6, 7, 8], [0, 1, 2, 3, 4, 5, 6, 7, 8], [0, 1, 2, 3, 4, 5, 6, 7, 8], [0, 1, 2, 3, 4, 5, 6, 7, 8], [0, 1, 2, 3, 4, 5, 6, 7, 8], [0, 1, 2, 3, 4, 5, 6, 7, 8], [0, 1, 2, 3, 4, 5, 6, 7, 8], [0, 1, 2, 3, 4, 5, 6, 7, 8], [0, 1, 2, 3, 4, 5, 6, 7, 8], [0, 1, 2, 3, 4, 5, 6, 7, 8], [0, 1, 2, 3, 4, 5, 6, 7, 8], [0, 1, 2, 3, 4, 5, 6, 7, 8], [0, 1, 2, 3, 4, 5, 6, 7, 8], [0, 1, 2, 3, 4, 5, 6, 7, 8], [0, 1, 2, 3, 4, 5, 6, 7, 8], [0, 1, 2, 3, 4, 5, 6, 7, 8], [0, 1, 2, 3, 4, 5, 6, 7, 8], [0, 1, 2, 3, 4, 5, 6, 7, 8], [0, 1, 2, 3, 4, 5, 6, 7, 8], [0, 1, 2, 3, 4, 5, 6, 7, 8], [0, 1, 2, 3, 4, 5, 6, 7, 8], [0, 1, 2, 3, 4, 5, 6, 7, 8], [0, 1, 2, 3, 4, 5, 6, 7, 8], [0, 1, 2, 3, 4, 5, 6, 7, 8], [0, 1, 2, 3, 4, 5, 6, 7, 8], [0, 1, 2, 3, 4, 5, 6, 7, 8], [0, 1, 2, 3, 4, 5, 6, 7, 8], [0, 1, 2, 3, 4, 5, 6, 7, 8], [0, 1, 2, 3, 4, 5, 6, 7, 8]]",sidecar,True,calib_importance_sep_tail,0
gqa,fullload,FullLoad,1.0,full,n522733,202248864,Where is it?,Street,"[""street""]",1.0,7103,2,calib_importance_sep_tail,4,fullload,,467.51505869906396,,,740.6876239692792,745.9865510463715,19.13371996488422,765.1202710112557,1226833920,2368,64,,687.1406541904435,,,1.0,1.0,null,0.0,,1226833920,0,64,0,1226833920,19169280.0,19169280.0,0.0,,,,,null,,,,0
gqa,layout_prefix_chunk,Layout+Prefix,0.25,chunk,n522733,202248864,Where is it?,Street,"[""street""]",1.0,7103,2,calib_importance_sep_tail,4,prefix,0.22958300542086363,181.0425203293562,54.40101120620966,270.80840698909014,40.181130985729396,311.053154990077,18.253176007419825,329.30633099749684,320864256,576,65,210.0909963482991,0.0,9.0,37,0.24324324324324326,0.26153846153846155,"[0.26153846153846155, 0.26153846153846155, 0.26153846153846155, 0.26153846153846155, 0.26153846153846155, 0.26153846153846155, 0.26153846153846155, 0.26153846153846155, 0.26153846153846155, 0.26153846153846155, 0.26153846153846155, 0.26153846153846155, 0.26153846153846155, 0.26153846153846155, 0.26153846153846155, 0.26153846153846155, 0.26153846153846155, 0.26153846153846155, 0.26153846153846155, 0.26153846153846155, 0.26153846153846155, 0.26153846153846155, 0.26153846153846155, 0.26153846153846155, 0.26153846153846155, 0.26153846153846155, 0.26153846153846155, 0.26153846153846155, 0.26153846153846155, 0.26153846153846155, 0.26153846153846155, 0.26153846153846155]",0.0,288,301989888,18874368,64,1,320864256,4936373.169230769,4718592.0,18874368.0,0,0,0,prefix,"[[0, 1, 2, 3, 4, 5, 6, 7, 8], [0, 1, 2, 3, 4, 5, 6, 7, 8], [0, 1, 2, 3, 4, 5, 6, 7, 8], [0, 1, 2, 3, 4, 5, 6, 7, 8], [0, 1, 2, 3, 4, 5, 6, 7, 8], [0, 1, 2, 3, 4, 5, 6, 7, 8], [0, 1, 2, 3, 4, 5, 6, 7, 8], [0, 1, 2, 3, 4, 5, 6, 7, 8], [0, 1, 2, 3, 4, 5, 6, 7, 8], [0, 1, 2, 3, 4, 5, 6, 7, 8], [0, 1, 2, 3, 4, 5, 6, 7, 8], [0, 1, 2, 3, 4, 5, 6, 7, 8], [0, 1, 2, 3, 4, 5, 6, 7, 8], [0, 1, 2, 3, 4, 5, 6, 7, 8], [0, 1, 2, 3, 4, 5, 6, 7, 8], [0, 1, 2, 3, 4, 5, 6, 7, 8], [0, 1, 2, 3, 4, 5, 6, 7, 8], [0, 1, 2, 3, 4, 5, 6, 7, 8], [0, 1, 2, 3, 4, 5, 6, 7, 8], [0, 1, 2, 3, 4, 5, 6, 7, 8], [0, 1, 2, 3, 4, 5, 6, 7, 8], [0, 1, 2, 3, 4, 5, 6, 7, 8], [0, 1, 2, 3, 4, 5, 6, 7, 8], [0, 1, 2, 3, 4, 5, 6, 7, 8], [0, 1, 2, 3, 4, 5, 6, 7, 8], [0, 1, 2, 3, 4, 5, 6, 7, 8], [0, 1, 2, 3, 4, 5, 6, 7, 8], [0, 1, 2, 3, 4, 5, 6, 7, 8], [0, 1, 2, 3, 4, 5, 6, 7, 8], [0, 1, 2, 3, 4, 5, 6, 7, 8], [0, 1, 2, 3, 4, 5, 6, 7, 8], [0, 1, 2, 3, 4, 5, 6, 7, 8]]",sidecar,True,calib_importance_sep_tail,0
gqa,fullload,FullLoad,1.0,full,n522733,202249061,Does the traffic signal to the left of the signal light look metallic and high?,Yes,"[""yes""]",1.0,3869,2,calib_importance_sep_tail,4,fullload,,475.49598186742514,,,838.588964077644,843.9789840485901,18.83894088678062,862.8179249353707,1226833920,2368,64,,792.7803107304499,,,1.0,1.0,null,0.0,,1226833920,0,64,0,1226833920,19169280.0,19169280.0,0.0,,,,,null,,,,0
gqa,layout_prefix_chunk,Layout+Prefix,0.25,chunk,n522733,202249061,Does the traffic signal to the left of the signal light look metallic and high?,Yes,"[""yes""]",1.0,3869,2,calib_importance_sep_tail,4,prefix,0.1593307824805379,160.763529362157,42.6180885406211,232.09159495308995,38.595539052039385,270.72878496255726,18.83348694536835,289.5622719079256,320864256,576,65,183.645962853916,0.0,9.0,37,0.24324324324324326,0.26153846153846155,"[0.26153846153846155, 0.26153846153846155, 0.26153846153846155, 0.26153846153846155, 0.26153846153846155, 0.26153846153846155, 0.26153846153846155, 0.26153846153846155, 0.26153846153846155, 0.26153846153846155, 0.26153846153846155, 0.26153846153846155, 0.26153846153846155, 0.26153846153846155, 0.26153846153846155, 0.26153846153846155, 0.26153846153846155, 0.26153846153846155, 0.26153846153846155, 0.26153846153846155, 0.26153846153846155, 0.26153846153846155, 0.26153846153846155, 0.26153846153846155, 0.26153846153846155, 0.26153846153846155, 0.26153846153846155, 0.26153846153846155, 0.26153846153846155, 0.26153846153846155, 0.26153846153846155, 0.26153846153846155]",0.0,288,301989888,18874368,64,1,320864256,4936373.169230769,4718592.0,18874368.0,0,0,0,prefix,"[[0, 1, 2, 3, 4, 5, 6, 7, 8], [0, 1, 2, 3, 4, 5, 6, 7, 8], [0, 1, 2, 3, 4, 5, 6, 7, 8], [0, 1, 2, 3, 4, 5, 6, 7, 8], [0, 1, 2, 3, 4, 5, 6, 7, 8], [0, 1, 2, 3, 4, 5, 6, 7, 8], [0, 1, 2, 3, 4, 5, 6, 7, 8], [0, 1, 2, 3, 4, 5, 6, 7, 8], [0, 1, 2, 3, 4, 5, 6, 7, 8], [0, 1, 2, 3, 4, 5, 6, 7, 8], [0, 1, 2, 3, 4, 5, 6, 7, 8], [0, 1, 2, 3, 4, 5, 6, 7, 8], [0, 1, 2, 3, 4, 5, 6, 7, 8], [0, 1, 2, 3, 4, 5, 6, 7, 8], [0, 1, 2, 3, 4, 5, 6, 7, 8], [0, 1, 2, 3, 4, 5, 6, 7, 8], [0, 1, 2, 3, 4, 5, 6, 7, 8], [0, 1, 2, 3, 4, 5, 6, 7, 8], [0, 1, 2, 3, 4, 5, 6, 7, 8], [0, 1, 2, 3, 4, 5, 6, 7, 8], [0, 1, 2, 3, 4, 5, 6, 7, 8], [0, 1, 2, 3, 4, 5, 6, 7, 8], [0, 1, 2, 3, 4, 5, 6, 7, 8], [0, 1, 2, 3, 4, 5, 6, 7, 8], [0, 1, 2, 3, 4, 5, 6, 7, 8], [0, 1, 2, 3, 4, 5, 6, 7, 8], [0, 1, 2, 3, 4, 5, 6, 7, 8], [0, 1, 2, 3, 4, 5, 6, 7, 8], [0, 1, 2, 3, 4, 5, 6, 7, 8], [0, 1, 2, 3, 4, 5, 6, 7, 8], [0, 1, 2, 3, 4, 5, 6, 7, 8], [0, 1, 2, 3, 4, 5, 6, 7, 8]]",sidecar,True,calib_importance_sep_tail,0
gqa,fullload,FullLoad,1.0,full,n522733,202249022,Of what color is the car that is to the right of the other car?,Black,"[""beige""]",0.0,6054,2,calib_importance_sep_tail,4,fullload,,501.7132582142949,,,824.0729250246659,829.2674080003053,23.34134792909026,852.6087559293956,1226833920,2368,64,,772.3502297885716,,,1.0,1.0,null,0.0,,1226833920,0,64,0,1226833920,19169280.0,19169280.0,0.0,,,,,null,,,,0
gqa,layout_prefix_chunk,Layout+Prefix,0.25,chunk,n522733,202249022,Of what color is the car that is to the right of the other car?,Black,"[""beige""]",0.0,6054,2,calib_importance_sep_tail,4,prefix,0.22983166854828596,200.34655812196434,55.17566634807736,298.66860003676265,36.89854801632464,335.6131879845634,18.87800300028175,354.49119098484516,320864256,576,65,234.24978973343968,0.0,9.0,37,0.24324324324324326,0.26153846153846155,"[0.26153846153846155, 0.26153846153846155, 0.26153846153846155, 0.26153846153846155, 0.26153846153846155, 0.26153846153846155, 0.26153846153846155, 0.26153846153846155, 0.26153846153846155, 0.26153846153846155, 0.26153846153846155, 0.26153846153846155, 0.26153846153846155, 0.26153846153846155, 0.26153846153846155, 0.26153846153846155, 0.26153846153846155, 0.26153846153846155, 0.26153846153846155, 0.26153846153846155, 0.26153846153846155, 0.26153846153846155, 0.26153846153846155, 0.26153846153846155, 0.26153846153846155, 0.26153846153846155, 0.26153846153846155, 0.26153846153846155, 0.26153846153846155, 0.26153846153846155, 0.26153846153846155, 0.26153846153846155]",0.0,288,301989888,18874368,64,1,320864256,4936373.169230769,4718592.0,18874368.0,0,0,0,prefix,"[[0, 1, 2, 3, 4, 5, 6, 7, 8], [0, 1, 2, 3, 4, 5, 6, 7, 8], [0, 1, 2, 3, 4, 5, 6, 7, 8], [0, 1, 2, 3, 4, 5, 6, 7, 8], [0, 1, 2, 3, 4, 5, 6, 7, 8], [0, 1, 2, 3, 4, 5, 6, 7, 8], [0, 1, 2, 3, 4, 5, 6, 7, 8], [0, 1, 2, 3, 4, 5, 6, 7, 8], [0, 1, 2, 3, 4, 5, 6, 7, 8], [0, 1, 2, 3, 4, 5, 6, 7, 8], [0, 1, 2, 3, 4, 5, 6, 7, 8], [0, 1, 2, 3, 4, 5, 6, 7, 8], [0, 1, 2, 3, 4, 5, 6, 7, 8], [0, 1, 2, 3, 4, 5, 6, 7, 8], [0, 1, 2, 3, 4, 5, 6, 7, 8], [0, 1, 2, 3, 4, 5, 6, 7, 8], [0, 1, 2, 3, 4, 5, 6, 7, 8], [0, 1, 2, 3, 4, 5, 6, 7, 8], [0, 1, 2, 3, 4, 5, 6, 7, 8], [0, 1, 2, 3, 4, 5, 6, 7, 8], [0, 1, 2, 3, 4, 5, 6, 7, 8], [0, 1, 2, 3, 4, 5, 6, 7, 8], [0, 1, 2, 3, 4, 5, 6, 7, 8], [0, 1, 2, 3, 4, 5, 6, 7, 8], [0, 1, 2, 3, 4, 5, 6, 7, 8], [0, 1, 2, 3, 4, 5, 6, 7, 8], [0, 1, 2, 3, 4, 5, 6, 7, 8], [0, 1, 2, 3, 4, 5, 6, 7, 8], [0, 1, 2, 3, 4, 5, 6, 7, 8], [0, 1, 2, 3, 4, 5, 6, 7, 8], [0, 1, 2, 3, 4, 5, 6, 7, 8], [0, 1, 2, 3, 4, 5, 6, 7, 8]]",sidecar,True,calib_importance_sep_tail,0
gqa,fullload,FullLoad,1.0,full,n522733,202248991,What color is the SUV that is not little?,Black,"[""black""]",1.0,6054,2,calib_importance_sep_tail,4,fullload,,498.48011473659426,,,839.6325870417058,844.8276980780065,25.67077800631523,870.4984760843217,1226833920,2368,64,,790.8242895500734,,,1.0,1.0,null,0.0,,1226833920,0,64,0,1226833920,19169280.0,19169280.0,0.0,,,,,null,,,,0
gqa,layout_prefix_chunk,Layout+Prefix,0.25,chunk,n522733,202248991,What color is the SUV that is not little?,Black,"[""black""]",1.0,6054,2,calib_importance_sep_tail,4,prefix,0.2390923909842968,209.1778804315254,54.71351486630738,300.99243205040693,44.23637001309544,345.2749630669132,18.733946955762804,364.008910022676,320864256,576,65,239.95839105919003,0.0,9.0,37,0.24324324324324326,0.26153846153846155,"[0.26153846153846155, 0.26153846153846155, 0.26153846153846155, 0.26153846153846155, 0.26153846153846155, 0.26153846153846155, 0.26153846153846155, 0.26153846153846155, 0.26153846153846155, 0.26153846153846155, 0.26153846153846155, 0.26153846153846155, 0.26153846153846155, 0.26153846153846155, 0.26153846153846155, 0.26153846153846155, 0.26153846153846155, 0.26153846153846155, 0.26153846153846155, 0.26153846153846155, 0.26153846153846155, 0.26153846153846155, 0.26153846153846155, 0.26153846153846155, 0.26153846153846155, 0.26153846153846155, 0.26153846153846155, 0.26153846153846155, 0.26153846153846155, 0.26153846153846155, 0.26153846153846155, 0.26153846153846155]",0.0,288,301989888,18874368,64,1,320864256,4936373.169230769,4718592.0,18874368.0,0,0,0,prefix,"[[0, 1, 2, 3, 4, 5, 6, 7, 8], [0, 1, 2, 3, 4, 5, 6, 7, 8], [0, 1, 2, 3, 4, 5, 6, 7, 8], [0, 1, 2, 3, 4, 5, 6, 7, 8], [0, 1, 2, 3, 4, 5, 6, 7, 8], [0, 1, 2, 3, 4, 5, 6, 7, 8], [0, 1, 2, 3, 4, 5, 6, 7, 8], [0, 1, 2, 3, 4, 5, 6, 7, 8], [0, 1, 2, 3, 4, 5, 6, 7, 8], [0, 1, 2, 3, 4, 5, 6, 7, 8], [0, 1, 2, 3, 4, 5, 6, 7, 8], [0, 1, 2, 3, 4, 5, 6, 7, 8], [0, 1, 2, 3, 4, 5, 6, 7, 8], [0, 1, 2, 3, 4, 5, 6, 7, 8], [0, 1, 2, 3, 4, 5, 6, 7, 8], [0, 1, 2, 3, 4, 5, 6, 7, 8], [0, 1, 2, 3, 4, 5, 6, 7, 8], [0, 1, 2, 3, 4, 5, 6, 7, 8], [0, 1, 2, 3, 4, 5, 6, 7, 8], [0, 1, 2, 3, 4, 5, 6, 7, 8], [0, 1, 2, 3, 4, 5, 6, 7, 8], [0, 1, 2, 3, 4, 5, 6, 7, 8], [0, 1, 2, 3, 4, 5, 6, 7, 8], [0, 1, 2, 3, 4, 5, 6, 7, 8], [0, 1, 2, 3, 4, 5, 6, 7, 8], [0, 1, 2, 3, 4, 5, 6, 7, 8], [0, 1, 2, 3, 4, 5, 6, 7, 8], [0, 1, 2, 3, 4, 5, 6, 7, 8], [0, 1, 2, 3, 4, 5, 6, 7, 8], [0, 1, 2, 3, 4, 5, 6, 7, 8], [0, 1, 2, 3, 4, 5, 6, 7, 8], [0, 1, 2, 3, 4, 5, 6, 7, 8]]",sidecar,True,calib_importance_sep_tail,0
gqa,fullload,FullLoad,1.0,full,n522733,202248985,Is the SUV that is made of glass black and small?,Yes,"[""no""]",0.0,3869,2,calib_importance_sep_tail,4,fullload,,524.6958826901391,,,878.7205370608717,883.9077879674733,19.18753795325756,903.0953259207308,1226833920,2368,64,,821.1999869672582,,,1.0,1.0,null,0.0,,1226833920,0,64,0,1226833920,19169280.0,19169280.0,0.0,,,,,null,,,,0
gqa,layout_prefix_chunk,Layout+Prefix,0.25,chunk,n522733,202248985,Is the SUV that is made of glass black and small?,Yes,"[""no""]",0.0,3869,2,calib_importance_sep_tail,4,prefix,0.15455507673323154,148.22321839164943,43.456832761876285,224.13215704727918,46.855384949594736,271.0339609766379,19.07658309210092,290.1105440687388,320864256,576,65,172.09791776258498,0.0,9.0,37,0.24324324324324326,0.26153846153846155,"[0.26153846153846155, 0.26153846153846155, 0.26153846153846155, 0.26153846153846155, 0.26153846153846155, 0.26153846153846155, 0.26153846153846155, 0.26153846153846155, 0.26153846153846155, 0.26153846153846155, 0.26153846153846155, 0.26153846153846155, 0.26153846153846155, 0.26153846153846155, 0.26153846153846155, 0.26153846153846155, 0.26153846153846155, 0.26153846153846155, 0.26153846153846155, 0.26153846153846155, 0.26153846153846155, 0.26153846153846155, 0.26153846153846155, 0.26153846153846155, 0.26153846153846155, 0.26153846153846155, 0.26153846153846155, 0.26153846153846155, 0.26153846153846155, 0.26153846153846155, 0.26153846153846155, 0.26153846153846155]",0.0,288,301989888,18874368,64,1,320864256,4936373.169230769,4718592.0,18874368.0,0,0,0,prefix,"[[0, 1, 2, 3, 4, 5, 6, 7, 8], [0, 1, 2, 3, 4, 5, 6, 7, 8], [0, 1, 2, 3, 4, 5, 6, 7, 8], [0, 1, 2, 3, 4, 5, 6, 7, 8], [0, 1, 2, 3, 4, 5, 6, 7, 8], [0, 1, 2, 3, 4, 5, 6, 7, 8], [0, 1, 2, 3, 4, 5, 6, 7, 8], [0, 1, 2, 3, 4, 5, 6, 7, 8], [0, 1, 2, 3, 4, 5, 6, 7, 8], [0, 1, 2, 3, 4, 5, 6, 7, 8], [0, 1, 2, 3, 4, 5, 6, 7, 8], [0, 1, 2, 3, 4, 5, 6, 7, 8], [0, 1, 2, 3, 4, 5, 6, 7, 8], [0, 1, 2, 3, 4, 5, 6, 7, 8], [0, 1, 2, 3, 4, 5, 6, 7, 8], [0, 1, 2, 3, 4, 5, 6, 7, 8], [0, 1, 2, 3, 4, 5, 6, 7, 8], [0, 1, 2, 3, 4, 5, 6, 7, 8], [0, 1, 2, 3, 4, 5, 6, 7, 8], [0, 1, 2, 3, 4, 5, 6, 7, 8], [0, 1, 2, 3, 4, 5, 6, 7, 8], [0, 1, 2, 3, 4, 5, 6, 7, 8], [0, 1, 2, 3, 4, 5, 6, 7, 8], [0, 1, 2, 3, 4, 5, 6, 7, 8], [0, 1, 2, 3, 4, 5, 6, 7, 8], [0, 1, 2, 3, 4, 5, 6, 7, 8], [0, 1, 2, 3, 4, 5, 6, 7, 8], [0, 1, 2, 3, 4, 5, 6, 7, 8], [0, 1, 2, 3, 4, 5, 6, 7, 8], [0, 1, 2, 3, 4, 5, 6, 7, 8], [0, 1, 2, 3, 4, 5, 6, 7, 8], [0, 1, 2, 3, 4, 5, 6, 7, 8]]",sidecar,True,calib_importance_sep_tail,0
gqa,fullload,FullLoad,1.0,full,n199286,201439590,What animal is standing on the green grass?,None,"[""horse""]",0.0,6213,2,calib_importance_sep_tail,4,fullload,,449.4302710518241,,,824.0575339877978,829.2177940020338,20.187170011922717,849.4049640139565,1175453696,2304,64,,769.0545391524211,,,1.0,1.0,null,0.0,,1175453696,0,64,0,1175453696,18366464.0,18366464.0,0.0,,,,,null,,,,0
gqa,layout_prefix_chunk,Layout+Prefix,0.25,chunk,n199286,201439590,What animal is standing on the green grass?,None,"[""horse""]",0.0,6213,2,calib_importance_sep_tail,4,prefix,0.21340977400541306,162.07521117758006,52.42115003056824,249.7401189757511,43.07786899153143,292.87913895677775,18.671786063350737,311.5509250201285,319815680,576,65,191.28779810853302,0.0,9.0,36,0.25,0.272078501338091,"[0.272078501338091, 0.272078501338091, 0.272078501338091, 0.272078501338091, 0.272078501338091, 0.272078501338091, 0.272078501338091, 0.272078501338091, 0.272078501338091, 0.272078501338091, 0.272078501338091, 0.272078501338091, 0.272078501338091, 0.272078501338091, 0.272078501338091, 0.272078501338091, 0.272078501338091, 0.272078501338091, 0.272078501338091, 0.272078501338091, 0.272078501338091, 0.272078501338091, 0.272078501338091, 0.272078501338091, 0.272078501338091, 0.272078501338091, 0.272078501338091, 0.272078501338091, 0.272078501338091, 0.272078501338091, 0.272078501338091, 0.272078501338091]",0.0,288,301989888,17825792,64,1,319815680,4920241.230769231,4718592.0,17825792.0,0,0,0,prefix,"[[0, 1, 2, 3, 4, 5, 6, 7, 8], [0, 1, 2, 3, 4, 5, 6, 7, 8], [0, 1, 2, 3, 4, 5, 6, 7, 8], [0, 1, 2, 3, 4, 5, 6, 7, 8], [0, 1, 2, 3, 4, 5, 6, 7, 8], [0, 1, 2, 3, 4, 5, 6, 7, 8], [0, 1, 2, 3, 4, 5, 6, 7, 8], [0, 1, 2, 3, 4, 5, 6, 7, 8], [0, 1, 2, 3, 4, 5, 6, 7, 8], [0, 1, 2, 3, 4, 5, 6, 7, 8], [0, 1, 2, 3, 4, 5, 6, 7, 8], [0, 1, 2, 3, 4, 5, 6, 7, 8], [0, 1, 2, 3, 4, 5, 6, 7, 8], [0, 1, 2, 3, 4, 5, 6, 7, 8], [0, 1, 2, 3, 4, 5, 6, 7, 8], [0, 1, 2, 3, 4, 5, 6, 7, 8], [0, 1, 2, 3, 4, 5, 6, 7, 8], [0, 1, 2, 3, 4, 5, 6, 7, 8], [0, 1, 2, 3, 4, 5, 6, 7, 8], [0, 1, 2, 3, 4, 5, 6, 7, 8], [0, 1, 2, 3, 4, 5, 6, 7, 8], [0, 1, 2, 3, 4, 5, 6, 7, 8], [0, 1, 2, 3, 4, 5, 6, 7, 8], [0, 1, 2, 3, 4, 5, 6, 7, 8], [0, 1, 2, 3, 4, 5, 6, 7, 8], [0, 1, 2, 3, 4, 5, 6, 7, 8], [0, 1, 2, 3, 4, 5, 6, 7, 8], [0, 1, 2, 3, 4, 5, 6, 7, 8], [0, 1, 2, 3, 4, 5, 6, 7, 8], [0, 1, 2, 3, 4, 5, 6, 7, 8], [0, 1, 2, 3, 4, 5, 6, 7, 8], [0, 1, 2, 3, 4, 5, 6, 7, 8]]",sidecar,True,calib_importance_sep_tail,0
gqa,fullload,FullLoad,1.0,full,n199286,201439451,Is the happy woman on the right side or on the left?,Left,"[""right""]",0.0,19941,2,calib_importance_sep_tail,4,fullload,,487.91711521334946,,,831.7894560750574,836.8451100541279,18.961795954965055,855.8069060090929,1175453696,2304,64,,786.2310772761703,,,1.0,1.0,null,0.0,,1175453696,0,64,0,1175453696,18366464.0,18366464.0,0.0,,,,,null,,,,0
gqa,layout_prefix_chunk,Layout+Prefix,0.25,chunk,n199286,201439451,Is the happy woman on the right side or on the left?,Left,"[""right""]",0.0,19941,2,calib_importance_sep_tail,4,prefix,0.21782482508569956,166.59769928082824,53.01319609861821,255.7059129467234,38.11456693802029,293.8806809252128,19.09251802135259,312.9731989465654,319815680,576,65,196.39768113847822,0.0,9.0,36,0.25,0.272078501338091,"[0.272078501338091, 0.272078501338091, 0.272078501338091, 0.272078501338091, 0.272078501338091, 0.272078501338091, 0.272078501338091, 0.272078501338091, 0.272078501338091, 0.272078501338091, 0.272078501338091, 0.272078501338091, 0.272078501338091, 0.272078501338091, 0.272078501338091, 0.272078501338091, 0.272078501338091, 0.272078501338091, 0.272078501338091, 0.272078501338091, 0.272078501338091, 0.272078501338091, 0.272078501338091, 0.272078501338091, 0.272078501338091, 0.272078501338091, 0.272078501338091, 0.272078501338091, 0.272078501338091, 0.272078501338091, 0.272078501338091, 0.272078501338091]",0.0,288,301989888,17825792,64,1,319815680,4920241.230769231,4718592.0,17825792.0,0,0,0,prefix,"[[0, 1, 2, 3, 4, 5, 6, 7, 8], [0, 1, 2, 3, 4, 5, 6, 7, 8], [0, 1, 2, 3, 4, 5, 6, 7, 8], [0, 1, 2, 3, 4, 5, 6, 7, 8], [0, 1, 2, 3, 4, 5, 6, 7, 8], [0, 1, 2, 3, 4, 5, 6, 7, 8], [0, 1, 2, 3, 4, 5, 6, 7, 8], [0, 1, 2, 3, 4, 5, 6, 7, 8], [0, 1, 2, 3, 4, 5, 6, 7, 8], [0, 1, 2, 3, 4, 5, 6, 7, 8], [0, 1, 2, 3, 4, 5, 6, 7, 8], [0, 1, 2, 3, 4, 5, 6, 7, 8], [0, 1, 2, 3, 4, 5, 6, 7, 8], [0, 1, 2, 3, 4, 5, 6, 7, 8], [0, 1, 2, 3, 4, 5, 6, 7, 8], [0, 1, 2, 3, 4, 5, 6, 7, 8], [0, 1, 2, 3, 4, 5, 6, 7, 8], [0, 1, 2, 3, 4, 5, 6, 7, 8], [0, 1, 2, 3, 4, 5, 6, 7, 8], [0, 1, 2, 3, 4, 5, 6, 7, 8], [0, 1, 2, 3, 4, 5, 6, 7, 8], [0, 1, 2, 3, 4, 5, 6, 7, 8], [0, 1, 2, 3, 4, 5, 6, 7, 8], [0, 1, 2, 3, 4, 5, 6, 7, 8], [0, 1, 2, 3, 4, 5, 6, 7, 8], [0, 1, 2, 3, 4, 5, 6, 7, 8], [0, 1, 2, 3, 4, 5, 6, 7, 8], [0, 1, 2, 3, 4, 5, 6, 7, 8], [0, 1, 2, 3, 4, 5, 6, 7, 8], [0, 1, 2, 3, 4, 5, 6, 7, 8], [0, 1, 2, 3, 4, 5, 6, 7, 8], [0, 1, 2, 3, 4, 5, 6, 7, 8]]",sidecar,True,calib_importance_sep_tail,0
gqa,fullload,FullLoad,1.0,full,n199286,201439531,Is the grass green?,Yes,"[""yes""]",1.0,3869,2,calib_importance_sep_tail,4,fullload,,512.6946410164237,,,878.3322810195386,883.3750319899991,19.738137954846025,903.1131699448451,1175453696,2304,64,,828.7447098409757,,,1.0,1.0,null,0.0,,1175453696,0,64,0,1175453696,18366464.0,18366464.0,0.0,,,,,null,,,,0
gqa,layout_prefix_chunk,Layout+Prefix,0.25,chunk,n199286,201439531,Is the grass green?,Yes,"[""yes""]",1.0,3869,2,calib_importance_sep_tail,4,prefix,0.21889677736908197,167.19426424242556,46.71878938097507,246.2605059845373,35.07624997291714,281.3756869873032,18.644533003680408,300.0202199909836,319815680,576,65,193.51780181750655,0.0,9.0,36,0.25,0.272078501338091,"[0.272078501338091, 0.272078501338091, 0.272078501338091, 0.272078501338091, 0.272078501338091, 0.272078501338091, 0.272078501338091, 0.272078501338091, 0.272078501338091, 0.272078501338091, 0.272078501338091, 0.272078501338091, 0.272078501338091, 0.272078501338091, 0.272078501338091, 0.272078501338091, 0.272078501338091, 0.272078501338091, 0.272078501338091, 0.272078501338091, 0.272078501338091, 0.272078501338091, 0.272078501338091, 0.272078501338091, 0.272078501338091, 0.272078501338091, 0.272078501338091, 0.272078501338091, 0.272078501338091, 0.272078501338091, 0.272078501338091, 0.272078501338091]",0.0,288,301989888,17825792,64,1,319815680,4920241.230769231,4718592.0,17825792.0,0,0,0,prefix,"[[0, 1, 2, 3, 4, 5, 6, 7, 8], [0, 1, 2, 3, 4, 5, 6, 7, 8], [0, 1, 2, 3, 4, 5, 6, 7, 8], [0, 1, 2, 3, 4, 5, 6, 7, 8], [0, 1, 2, 3, 4, 5, 6, 7, 8], [0, 1, 2, 3, 4, 5, 6, 7, 8], [0, 1, 2, 3, 4, 5, 6, 7, 8], [0, 1, 2, 3, 4, 5, 6, 7, 8], [0, 1, 2, 3, 4, 5, 6, 7, 8], [0, 1, 2, 3, 4, 5, 6, 7, 8], [0, 1, 2, 3, 4, 5, 6, 7, 8], [0, 1, 2, 3, 4, 5, 6, 7, 8], [0, 1, 2, 3, 4, 5, 6, 7, 8], [0, 1, 2, 3, 4, 5, 6, 7, 8], [0, 1, 2, 3, 4, 5, 6, 7, 8], [0, 1, 2, 3, 4, 5, 6, 7, 8], [0, 1, 2, 3, 4, 5, 6, 7, 8], [0, 1, 2, 3, 4, 5, 6, 7, 8], [0, 1, 2, 3, 4, 5, 6, 7, 8], [0, 1, 2, 3, 4, 5, 6, 7, 8], [0, 1, 2, 3, 4, 5, 6, 7, 8], [0, 1, 2, 3, 4, 5, 6, 7, 8], [0, 1, 2, 3, 4, 5, 6, 7, 8], [0, 1, 2, 3, 4, 5, 6, 7, 8], [0, 1, 2, 3, 4, 5, 6, 7, 8], [0, 1, 2, 3, 4, 5, 6, 7, 8], [0, 1, 2, 3, 4, 5, 6, 7, 8], [0, 1, 2, 3, 4, 5, 6, 7, 8], [0, 1, 2, 3, 4, 5, 6, 7, 8], [0, 1, 2, 3, 4, 5, 6, 7, 8], [0, 1, 2, 3, 4, 5, 6, 7, 8], [0, 1, 2, 3, 4, 5, 6, 7, 8]]",sidecar,True,calib_importance_sep_tail,0
gqa,fullload,FullLoad,1.0,full,n199286,201439514,Who is wearing a shirt?,No one,"[""woman""]",0.0,1939,3,calib_importance_sep_tail,4,fullload,,463.5364437708631,,,802.1978510078043,807.2744050296023,38.0147029645741,845.2891079941764,1175453696,2304,64,,749.5788425439969,,,1.0,1.0,null,0.0,,1175453696,0,64,0,1175453696,18366464.0,18366464.0,0.0,,,,,null,,,,0
gqa,layout_prefix_chunk,Layout+Prefix,0.25,chunk,n199286,201439514,Who is wearing a shirt?,No one,"[""woman""]",0.0,1939,3,calib_importance_sep_tail,4,prefix,0.14957203529775143,158.31750282086432,41.955551016144454,229.0129279717803,36.352044087834656,265.4046399984509,38.21830393280834,303.6229439312592,319815680,576,65,181.29611131735146,0.0,9.0,36,0.25,0.272078501338091,"[0.272078501338091, 0.272078501338091, 0.272078501338091, 0.272078501338091, 0.272078501338091, 0.272078501338091, 0.272078501338091, 0.272078501338091, 0.272078501338091, 0.272078501338091, 0.272078501338091, 0.272078501338091, 0.272078501338091, 0.272078501338091, 0.272078501338091, 0.272078501338091, 0.272078501338091, 0.272078501338091, 0.272078501338091, 0.272078501338091, 0.272078501338091, 0.272078501338091, 0.272078501338091, 0.272078501338091, 0.272078501338091, 0.272078501338091, 0.272078501338091, 0.272078501338091, 0.272078501338091, 0.272078501338091, 0.272078501338091, 0.272078501338091]",0.0,288,301989888,17825792,64,1,319815680,4920241.230769231,4718592.0,17825792.0,0,0,0,prefix,"[[0, 1, 2, 3, 4, 5, 6, 7, 8], [0, 1, 2, 3, 4, 5, 6, 7, 8], [0, 1, 2, 3, 4, 5, 6, 7, 8], [0, 1, 2, 3, 4, 5, 6, 7, 8], [0, 1, 2, 3, 4, 5, 6, 7, 8], [0, 1, 2, 3, 4, 5, 6, 7, 8], [0, 1, 2, 3, 4, 5, 6, 7, 8], [0, 1, 2, 3, 4, 5, 6, 7, 8], [0, 1, 2, 3, 4, 5, 6, 7, 8], [0, 1, 2, 3, 4, 5, 6, 7, 8], [0, 1, 2, 3, 4, 5, 6, 7, 8], [0, 1, 2, 3, 4, 5, 6, 7, 8], [0, 1, 2, 3, 4, 5, 6, 7, 8], [0, 1, 2, 3, 4, 5, 6, 7, 8], [0, 1, 2, 3, 4, 5, 6, 7, 8], [0, 1, 2, 3, 4, 5, 6, 7, 8], [0, 1, 2, 3, 4, 5, 6, 7, 8], [0, 1, 2, 3, 4, 5, 6, 7, 8], [0, 1, 2, 3, 4, 5, 6, 7, 8], [0, 1, 2, 3, 4, 5, 6, 7, 8], [0, 1, 2, 3, 4, 5, 6, 7, 8], [0, 1, 2, 3, 4, 5, 6, 7, 8], [0, 1, 2, 3, 4, 5, 6, 7, 8], [0, 1, 2, 3, 4, 5, 6, 7, 8], [0, 1, 2, 3, 4, 5, 6, 7, 8], [0, 1, 2, 3, 4, 5, 6, 7, 8], [0, 1, 2, 3, 4, 5, 6, 7, 8], [0, 1, 2, 3, 4, 5, 6, 7, 8], [0, 1, 2, 3, 4, 5, 6, 7, 8], [0, 1, 2, 3, 4, 5, 6, 7, 8], [0, 1, 2, 3, 4, 5, 6, 7, 8], [0, 1, 2, 3, 4, 5, 6, 7, 8]]",sidecar,True,calib_importance_sep_tail,0
gqa,fullload,FullLoad,1.0,full,n199286,201439703,What animal is to the left of the girl?,Chicken,"[""horse""]",0.0,678,3,calib_importance_sep_tail,4,fullload,,447.3221712978557,,,743.0736660026014,748.1763960095122,38.29141706228256,786.4678130717948,1175453696,2304,64,,698.5906332265586,,,1.0,1.0,null,0.0,,1175453696,0,64,0,1175453696,18366464.0,18366464.0,0.0,,,,,null,,,,0
gqa,layout_prefix_chunk,Layout+Prefix,0.25,chunk,n199286,201439703,What animal is to the left of the girl?,Chicken,"[""horse""]",0.0,678,3,calib_importance_sep_tail,4,prefix,0.15500211156904697,156.1620506690815,42.534057749435306,226.41651099547744,36.76856798119843,263.2267120061442,37.56205807439983,300.78877008054405,319815680,576,65,178.26077912468463,0.0,9.0,36,0.25,0.272078501338091,"[0.272078501338091, 0.272078501338091, 0.272078501338091, 0.272078501338091, 0.272078501338091, 0.272078501338091, 0.272078501338091, 0.272078501338091, 0.272078501338091, 0.272078501338091, 0.272078501338091, 0.272078501338091, 0.272078501338091, 0.272078501338091, 0.272078501338091, 0.272078501338091, 0.272078501338091, 0.272078501338091, 0.272078501338091, 0.272078501338091, 0.272078501338091, 0.272078501338091, 0.272078501338091, 0.272078501338091, 0.272078501338091, 0.272078501338091, 0.272078501338091, 0.272078501338091, 0.272078501338091, 0.272078501338091, 0.272078501338091, 0.272078501338091]",0.0,288,301989888,17825792,64,1,319815680,4920241.230769231,4718592.0,17825792.0,0,0,0,prefix,"[[0, 1, 2, 3, 4, 5, 6, 7, 8], [0, 1, 2, 3, 4, 5, 6, 7, 8], [0, 1, 2, 3, 4, 5, 6, 7, 8], [0, 1, 2, 3, 4, 5, 6, 7, 8], [0, 1, 2, 3, 4, 5, 6, 7, 8], [0, 1, 2, 3, 4, 5, 6, 7, 8], [0, 1, 2, 3, 4, 5, 6, 7, 8], [0, 1, 2, 3, 4, 5, 6, 7, 8], [0, 1, 2, 3, 4, 5, 6, 7, 8], [0, 1, 2, 3, 4, 5, 6, 7, 8], [0, 1, 2, 3, 4, 5, 6, 7, 8], [0, 1, 2, 3, 4, 5, 6, 7, 8], [0, 1, 2, 3, 4, 5, 6, 7, 8], [0, 1, 2, 3, 4, 5, 6, 7, 8], [0, 1, 2, 3, 4, 5, 6, 7, 8], [0, 1, 2, 3, 4, 5, 6, 7, 8], [0, 1, 2, 3, 4, 5, 6, 7, 8], [0, 1, 2, 3, 4, 5, 6, 7, 8], [0, 1, 2, 3, 4, 5, 6, 7, 8], [0, 1, 2, 3, 4, 5, 6, 7, 8], [0, 1, 2, 3, 4, 5, 6, 7, 8], [0, 1, 2, 3, 4, 5, 6, 7, 8], [0, 1, 2, 3, 4, 5, 6, 7, 8], [0, 1, 2, 3, 4, 5, 6, 7, 8], [0, 1, 2, 3, 4, 5, 6, 7, 8], [0, 1, 2, 3, 4, 5, 6, 7, 8], [0, 1, 2, 3, 4, 5, 6, 7, 8], [0, 1, 2, 3, 4, 5, 6, 7, 8], [0, 1, 2, 3, 4, 5, 6, 7, 8], [0, 1, 2, 3, 4, 5, 6, 7, 8], [0, 1, 2, 3, 4, 5, 6, 7, 8], [0, 1, 2, 3, 4, 5, 6, 7, 8]]",sidecar,True,calib_importance_sep_tail,0
gqa,fullload,FullLoad,1.0,full,n199286,201439727,Do the shorts have dark color and large size?,No,"[""no""]",1.0,1939,2,calib_importance_sep_tail,4,fullload,,496.1829483509064,,,852.4447210365906,857.514807023108,19.016616977751255,876.5314240008593,1175453696,2304,64,,804.5298308134079,,,1.0,1.0,null,0.0,,1175453696,0,64,0,1175453696,18366464.0,18366464.0,0.0,,,,,null,,,,0
gqa,layout_prefix_chunk,Layout+Prefix,0.25,chunk,n199286,201439727,Do the shorts have dark color and large size?,No,"[""no""]",1.0,1939,2,calib_importance_sep_tail,4,prefix,0.20963570568710566,174.1850102553144,48.87733398936689,255.88363595306873,40.285076946020126,296.22768296394497,18.54994602035731,314.7776289843023,319815680,576,65,201.01438043639064,0.0,9.0,36,0.25,0.272078501338091,"[0.272078501338091, 0.272078501338091, 0.272078501338091, 0.272078501338091, 0.272078501338091, 0.272078501338091, 0.272078501338091, 0.272078501338091, 0.272078501338091, 0.272078501338091, 0.272078501338091, 0.272078501338091, 0.272078501338091, 0.272078501338091, 0.272078501338091, 0.272078501338091, 0.272078501338091, 0.272078501338091, 0.272078501338091, 0.272078501338091, 0.272078501338091, 0.272078501338091, 0.272078501338091, 0.272078501338091, 0.272078501338091, 0.272078501338091, 0.272078501338091, 0.272078501338091, 0.272078501338091, 0.272078501338091, 0.272078501338091, 0.272078501338091]",0.0,288,301989888,17825792,64,1,319815680,4920241.230769231,4718592.0,17825792.0,0,0,0,prefix,"[[0, 1, 2, 3, 4, 5, 6, 7, 8], [0, 1, 2, 3, 4, 5, 6, 7, 8], [0, 1, 2, 3, 4, 5, 6, 7, 8], [0, 1, 2, 3, 4, 5, 6, 7, 8], [0, 1, 2, 3, 4, 5, 6, 7, 8], [0, 1, 2, 3, 4, 5, 6, 7, 8], [0, 1, 2, 3, 4, 5, 6, 7, 8], [0, 1, 2, 3, 4, 5, 6, 7, 8], [0, 1, 2, 3, 4, 5, 6, 7, 8], [0, 1, 2, 3, 4, 5, 6, 7, 8], [0, 1, 2, 3, 4, 5, 6, 7, 8], [0, 1, 2, 3, 4, 5, 6, 7, 8], [0, 1, 2, 3, 4, 5, 6, 7, 8], [0, 1, 2, 3, 4, 5, 6, 7, 8], [0, 1, 2, 3, 4, 5, 6, 7, 8], [0, 1, 2, 3, 4, 5, 6, 7, 8], [0, 1, 2, 3, 4, 5, 6, 7, 8], [0, 1, 2, 3, 4, 5, 6, 7, 8], [0, 1, 2, 3, 4, 5, 6, 7, 8], [0, 1, 2, 3, 4, 5, 6, 7, 8], [0, 1, 2, 3, 4, 5, 6, 7, 8], [0, 1, 2, 3, 4, 5, 6, 7, 8], [0, 1, 2, 3, 4, 5, 6, 7, 8], [0, 1, 2, 3, 4, 5, 6, 7, 8], [0, 1, 2, 3, 4, 5, 6, 7, 8], [0, 1, 2, 3, 4, 5, 6, 7, 8], [0, 1, 2, 3, 4, 5, 6, 7, 8], [0, 1, 2, 3, 4, 5, 6, 7, 8], [0, 1, 2, 3, 4, 5, 6, 7, 8], [0, 1, 2, 3, 4, 5, 6, 7, 8], [0, 1, 2, 3, 4, 5, 6, 7, 8], [0, 1, 2, 3, 4, 5, 6, 7, 8]]",sidecar,True,calib_importance_sep_tail,0
gqa,fullload,FullLoad,1.0,full,n298104,201505104,What color are the mountains next to the ocean?,Green,"[""gray""]",0.0,7646,2,calib_importance_sep_tail,4,fullload,,426.3197999680415,,,756.1680020298809,761.3433849764988,20.392450038343668,781.7358350148425,1132462080,2176,64,,710.2472825208679,,,1.0,1.0,null,0.0,,1132462080,0,64,0,1132462080,17694720.0,17694720.0,0.0,,,,,null,,,,0
gqa,layout_prefix_chunk,Layout+Prefix,0.25,chunk,n298104,201505104,What color are the mountains next to the ocean?,Blue,"[""gray""]",0.0,10924,2,calib_importance_sep_tail,4,prefix,0.24153327103704214,180.13568210881203,55.31210405752063,272.4099010229111,41.59918997902423,314.07059798948467,19.334038021042943,333.4046360105276,293601280,512,65,211.06541017070413,0.0,8.0,34,0.23529411764705882,0.25925925925925924,"[0.25925925925925924, 0.25925925925925924, 0.25925925925925924, 0.25925925925925924, 0.25925925925925924, 0.25925925925925924, 0.25925925925925924, 0.25925925925925924, 0.25925925925925924, 0.25925925925925924, 0.25925925925925924, 0.25925925925925924, 0.25925925925925924, 0.25925925925925924, 0.25925925925925924, 0.25925925925925924, 0.25925925925925924, 0.25925925925925924, 0.25925925925925924, 0.25925925925925924, 0.25925925925925924, 0.25925925925925924, 0.25925925925925924, 0.25925925925925924, 0.25925925925925924, 0.25925925925925924, 0.25925925925925924, 0.25925925925925924, 0.25925925925925924, 0.25925925925925924, 0.25925925925925924, 0.25925925925925924]",0.0,256,268435456,25165824,64,1,293601280,4516942.769230769,4194304.0,25165824.0,0,0,0,prefix,"[[0, 1, 2, 3, 4, 5, 6, 7], [0, 1, 2, 3, 4, 5, 6, 7], [0, 1, 2, 3, 4, 5, 6, 7], [0, 1, 2, 3, 4, 5, 6, 7], [0, 1, 2, 3, 4, 5, 6, 7], [0, 1, 2, 3, 4, 5, 6, 7], [0, 1, 2, 3, 4, 5, 6, 7], [0, 1, 2, 3, 4, 5, 6, 7], [0, 1, 2, 3, 4, 5, 6, 7], [0, 1, 2, 3, 4, 5, 6, 7], [0, 1, 2, 3, 4, 5, 6, 7], [0, 1, 2, 3, 4, 5, 6, 7], [0, 1, 2, 3, 4, 5, 6, 7], [0, 1, 2, 3, 4, 5, 6, 7], [0, 1, 2, 3, 4, 5, 6, 7], [0, 1, 2, 3, 4, 5, 6, 7], [0, 1, 2, 3, 4, 5, 6, 7], [0, 1, 2, 3, 4, 5, 6, 7], [0, 1, 2, 3, 4, 5, 6, 7], [0, 1, 2, 3, 4, 5, 6, 7], [0, 1, 2, 3, 4, 5, 6, 7], [0, 1, 2, 3, 4, 5, 6, 7], [0, 1, 2, 3, 4, 5, 6, 7], [0, 1, 2, 3, 4, 5, 6, 7], [0, 1, 2, 3, 4, 5, 6, 7], [0, 1, 2, 3, 4, 5, 6, 7], [0, 1, 2, 3, 4, 5, 6, 7], [0, 1, 2, 3, 4, 5, 6, 7], [0, 1, 2, 3, 4, 5, 6, 7], [0, 1, 2, 3, 4, 5, 6, 7], [0, 1, 2, 3, 4, 5, 6, 7], [0, 1, 2, 3, 4, 5, 6, 7]]",sidecar,True,calib_importance_sep_tail,0
gqa,fullload,FullLoad,1.0,full,n298104,201505196,How large is the sand?,Small,"[""large""]",0.0,18285,2,calib_importance_sep_tail,4,fullload,,465.7556900056079,,,731.0477669816464,735.9686699928716,23.166946950368583,759.1356169432402,1132462080,2176,64,,672.3396813031286,,,1.0,1.0,null,0.0,,1132462080,0,64,0,1132462080,17694720.0,17694720.0,0.0,,,,,null,,,,0
gqa,layout_prefix_chunk,Layout+Prefix,0.25,chunk,n298104,201505196,How large is the sand?,Large,"[""large""]",1.0,8218,3,calib_importance_sep_tail,4,prefix,0.19170984160155058,171.95849597919732,45.67958181723952,246.86707102227956,45.38896097801626,292.2992060193792,37.198050995357335,329.49725701473653,293601280,512,65,194.79943602345884,0.0,8.0,34,0.23529411764705882,0.25925925925925924,"[0.25925925925925924, 0.25925925925925924, 0.25925925925925924, 0.25925925925925924, 0.25925925925925924, 0.25925925925925924, 0.25925925925925924, 0.25925925925925924, 0.25925925925925924, 0.25925925925925924, 0.25925925925925924, 0.25925925925925924, 0.25925925925925924, 0.25925925925925924, 0.25925925925925924, 0.25925925925925924, 0.25925925925925924, 0.25925925925925924, 0.25925925925925924, 0.25925925925925924, 0.25925925925925924, 0.25925925925925924, 0.25925925925925924, 0.25925925925925924, 0.25925925925925924, 0.25925925925925924, 0.25925925925925924, 0.25925925925925924, 0.25925925925925924, 0.25925925925925924, 0.25925925925925924, 0.25925925925925924]",0.0,256,268435456,25165824,64,1,293601280,4516942.769230769,4194304.0,25165824.0,0,0,0,prefix,"[[0, 1, 2, 3, 4, 5, 6, 7], [0, 1, 2, 3, 4, 5, 6, 7], [0, 1, 2, 3, 4, 5, 6, 7], [0, 1, 2, 3, 4, 5, 6, 7], [0, 1, 2, 3, 4, 5, 6, 7], [0, 1, 2, 3, 4, 5, 6, 7], [0, 1, 2, 3, 4, 5, 6, 7], [0, 1, 2, 3, 4, 5, 6, 7], [0, 1, 2, 3, 4, 5, 6, 7], [0, 1, 2, 3, 4, 5, 6, 7], [0, 1, 2, 3, 4, 5, 6, 7], [0, 1, 2, 3, 4, 5, 6, 7], [0, 1, 2, 3, 4, 5, 6, 7], [0, 1, 2, 3, 4, 5, 6, 7], [0, 1, 2, 3, 4, 5, 6, 7], [0, 1, 2, 3, 4, 5, 6, 7], [0, 1, 2, 3, 4, 5, 6, 7], [0, 1, 2, 3, 4, 5, 6, 7], [0, 1, 2, 3, 4, 5, 6, 7], [0, 1, 2, 3, 4, 5, 6, 7], [0, 1, 2, 3, 4, 5, 6, 7], [0, 1, 2, 3, 4, 5, 6, 7], [0, 1, 2, 3, 4, 5, 6, 7], [0, 1, 2, 3, 4, 5, 6, 7], [0, 1, 2, 3, 4, 5, 6, 7], [0, 1, 2, 3, 4, 5, 6, 7], [0, 1, 2, 3, 4, 5, 6, 7], [0, 1, 2, 3, 4, 5, 6, 7], [0, 1, 2, 3, 4, 5, 6, 7], [0, 1, 2, 3, 4, 5, 6, 7], [0, 1, 2, 3, 4, 5, 6, 7], [0, 1, 2, 3, 4, 5, 6, 7]]",sidecar,True,calib_importance_sep_tail,0
gqa,fullload,FullLoad,1.0,full,n298104,201504797,Does the shirt look short sleeved or long sleeved?,Short sleeved,"[""short sleeved""]",1.0,13899,5,calib_importance_sep_tail,4,fullload,,457.92300056200475,,,784.4785590423271,789.4554210361093,74.74716298747808,864.2025840235874,1132462080,2176,64,,732.0462070638314,,,1.0,1.0,null,0.0,,1132462080,0,64,0,1132462080,17694720.0,17694720.0,0.0,,,,,null,,,,0
gqa,layout_prefix_chunk,Layout+Prefix,0.25,chunk,n298104,201504797,Does the shirt look short sleeved or long sleeved?,Short sleeved,"[""short sleeved""]",1.0,13899,5,calib_importance_sep_tail,4,prefix,0.2407188294455409,138.496725121513,54.96528837829828,230.59458297211677,53.91642893664539,284.5724719809368,71.71146804466844,356.28394002560526,293601280,512,65,169.59302953910083,0.0,8.0,34,0.23529411764705882,0.25925925925925924,"[0.25925925925925924, 0.25925925925925924, 0.25925925925925924, 0.25925925925925924, 0.25925925925925924, 0.25925925925925924, 0.25925925925925924, 0.25925925925925924, 0.25925925925925924, 0.25925925925925924, 0.25925925925925924, 0.25925925925925924, 0.25925925925925924, 0.25925925925925924, 0.25925925925925924, 0.25925925925925924, 0.25925925925925924, 0.25925925925925924, 0.25925925925925924, 0.25925925925925924, 0.25925925925925924, 0.25925925925925924, 0.25925925925925924, 0.25925925925925924, 0.25925925925925924, 0.25925925925925924, 0.25925925925925924, 0.25925925925925924, 0.25925925925925924, 0.25925925925925924, 0.25925925925925924, 0.25925925925925924]",0.0,256,268435456,25165824,64,1,293601280,4516942.769230769,4194304.0,25165824.0,0,0,0,prefix,"[[0, 1, 2, 3, 4, 5, 6, 7], [0, 1, 2, 3, 4, 5, 6, 7], [0, 1, 2, 3, 4, 5, 6, 7], [0, 1, 2, 3, 4, 5, 6, 7], [0, 1, 2, 3, 4, 5, 6, 7], [0, 1, 2, 3, 4, 5, 6, 7], [0, 1, 2, 3, 4, 5, 6, 7], [0, 1, 2, 3, 4, 5, 6, 7], [0, 1, 2, 3, 4, 5, 6, 7], [0, 1, 2, 3, 4, 5, 6, 7], [0, 1, 2, 3, 4, 5, 6, 7], [0, 1, 2, 3, 4, 5, 6, 7], [0, 1, 2, 3, 4, 5, 6, 7], [0, 1, 2, 3, 4, 5, 6, 7], [0, 1, 2, 3, 4, 5, 6, 7], [0, 1, 2, 3, 4, 5, 6, 7], [0, 1, 2, 3, 4, 5, 6, 7], [0, 1, 2, 3, 4, 5, 6, 7], [0, 1, 2, 3, 4, 5, 6, 7], [0, 1, 2, 3, 4, 5, 6, 7], [0, 1, 2, 3, 4, 5, 6, 7], [0, 1, 2, 3, 4, 5, 6, 7], [0, 1, 2, 3, 4, 5, 6, 7], [0, 1, 2, 3, 4, 5, 6, 7], [0, 1, 2, 3, 4, 5, 6, 7], [0, 1, 2, 3, 4, 5, 6, 7], [0, 1, 2, 3, 4, 5, 6, 7], [0, 1, 2, 3, 4, 5, 6, 7], [0, 1, 2, 3, 4, 5, 6, 7], [0, 1, 2, 3, 4, 5, 6, 7], [0, 1, 2, 3, 4, 5, 6, 7], [0, 1, 2, 3, 4, 5, 6, 7]]",sidecar,True,calib_importance_sep_tail,0
gqa,fullload,FullLoad,1.0,full,n298104,201504720,How big is the flower on the surfboard?,Small,"[""small""]",1.0,18285,2,calib_importance_sep_tail,4,fullload,,426.04625248350203,,,750.8032129844651,755.7899550301954,19.03606194537133,774.8260169755667,1132462080,2176,64,,708.1346695777029,,,1.0,1.0,null,0.0,,1132462080,0,64,0,1132462080,17694720.0,17694720.0,0.0,,,,,null,,,,0
gqa,layout_prefix_chunk,Layout+Prefix,0.25,chunk,n298104,201504720,How big is the flower on the surfboard?,Small,"[""small""]",1.0,18285,2,calib_importance_sep_tail,4,prefix,0.22866693325340748,172.28691140189767,54.62134396657348,264.3261229386553,41.28588701132685,305.67432194948196,18.15067103598267,323.82499298546463,293601280,512,65,203.6199893336743,0.0,8.0,34,0.23529411764705882,0.25925925925925924,"[0.25925925925925924, 0.25925925925925924, 0.25925925925925924, 0.25925925925925924, 0.25925925925925924, 0.25925925925925924, 0.25925925925925924, 0.25925925925925924, 0.25925925925925924, 0.25925925925925924, 0.25925925925925924, 0.25925925925925924, 0.25925925925925924, 0.25925925925925924, 0.25925925925925924, 0.25925925925925924, 0.25925925925925924, 0.25925925925925924, 0.25925925925925924, 0.25925925925925924, 0.25925925925925924, 0.25925925925925924, 0.25925925925925924, 0.25925925925925924, 0.25925925925925924, 0.25925925925925924, 0.25925925925925924, 0.25925925925925924, 0.25925925925925924, 0.25925925925925924, 0.25925925925925924, 0.25925925925925924]",0.0,256,268435456,25165824,64,1,293601280,4516942.769230769,4194304.0,25165824.0,0,0,0,prefix,"[[0, 1, 2, 3, 4, 5, 6, 7], [0, 1, 2, 3, 4, 5, 6, 7], [0, 1, 2, 3, 4, 5, 6, 7], [0, 1, 2, 3, 4, 5, 6, 7], [0, 1, 2, 3, 4, 5, 6, 7], [0, 1, 2, 3, 4, 5, 6, 7], [0, 1, 2, 3, 4, 5, 6, 7], [0, 1, 2, 3, 4, 5, 6, 7], [0, 1, 2, 3, 4, 5, 6, 7], [0, 1, 2, 3, 4, 5, 6, 7], [0, 1, 2, 3, 4, 5, 6, 7], [0, 1, 2, 3, 4, 5, 6, 7], [0, 1, 2, 3, 4, 5, 6, 7], [0, 1, 2, 3, 4, 5, 6, 7], [0, 1, 2, 3, 4, 5, 6, 7], [0, 1, 2, 3, 4, 5, 6, 7], [0, 1, 2, 3, 4, 5, 6, 7], [0, 1, 2, 3, 4, 5, 6, 7], [0, 1, 2, 3, 4, 5, 6, 7], [0, 1, 2, 3, 4, 5, 6, 7], [0, 1, 2, 3, 4, 5, 6, 7], [0, 1, 2, 3, 4, 5, 6, 7], [0, 1, 2, 3, 4, 5, 6, 7], [0, 1, 2, 3, 4, 5, 6, 7], [0, 1, 2, 3, 4, 5, 6, 7], [0, 1, 2, 3, 4, 5, 6, 7], [0, 1, 2, 3, 4, 5, 6, 7], [0, 1, 2, 3, 4, 5, 6, 7], [0, 1, 2, 3, 4, 5, 6, 7], [0, 1, 2, 3, 4, 5, 6, 7], [0, 1, 2, 3, 4, 5, 6, 7], [0, 1, 2, 3, 4, 5, 6, 7]]",sidecar,True,calib_importance_sep_tail,0
gqa,fullload,FullLoad,1.0,full,n298104,201504921,What is the thin person standing behind of?,Surfboard,"[""sign""]",0.0,6298,4,calib_importance_sep_tail,4,fullload,,501.9719690317288,,,870.0415389612317,875.0846039038152,56.822195998393,931.9067999022081,1132462080,2176,64,,816.6959892259911,,,1.0,1.0,null,0.0,,1132462080,0,64,0,1132462080,17694720.0,17694720.0,0.0,,,,,null,,,,0
gqa,layout_prefix_chunk,Layout+Prefix,0.25,chunk,n298104,201504921,What is the thin person standing behind of?,Surfboard,"[""sign""]",0.0,6298,4,calib_importance_sep_tail,4,prefix,0.21578639280050993,136.92529685795307,53.607241716235876,226.3939609983936,41.53110599145293,267.98549899831414,55.648198002018034,323.6336970003322,293601280,512,65,166.75801412202418,0.0,8.0,34,0.23529411764705882,0.25925925925925924,"[0.25925925925925924, 0.25925925925925924, 0.25925925925925924, 0.25925925925925924, 0.25925925925925924, 0.25925925925925924, 0.25925925925925924, 0.25925925925925924, 0.25925925925925924, 0.25925925925925924, 0.25925925925925924, 0.25925925925925924, 0.25925925925925924, 0.25925925925925924, 0.25925925925925924, 0.25925925925925924, 0.25925925925925924, 0.25925925925925924, 0.25925925925925924, 0.25925925925925924, 0.25925925925925924, 0.25925925925925924, 0.25925925925925924, 0.25925925925925924, 0.25925925925925924, 0.25925925925925924, 0.25925925925925924, 0.25925925925925924, 0.25925925925925924, 0.25925925925925924, 0.25925925925925924, 0.25925925925925924]",0.0,256,268435456,25165824,64,1,293601280,4516942.769230769,4194304.0,25165824.0,0,0,0,prefix,"[[0, 1, 2, 3, 4, 5, 6, 7], [0, 1, 2, 3, 4, 5, 6, 7], [0, 1, 2, 3, 4, 5, 6, 7], [0, 1, 2, 3, 4, 5, 6, 7], [0, 1, 2, 3, 4, 5, 6, 7], [0, 1, 2, 3, 4, 5, 6, 7], [0, 1, 2, 3, 4, 5, 6, 7], [0, 1, 2, 3, 4, 5, 6, 7], [0, 1, 2, 3, 4, 5, 6, 7], [0, 1, 2, 3, 4, 5, 6, 7], [0, 1, 2, 3, 4, 5, 6, 7], [0, 1, 2, 3, 4, 5, 6, 7], [0, 1, 2, 3, 4, 5, 6, 7], [0, 1, 2, 3, 4, 5, 6, 7], [0, 1, 2, 3, 4, 5, 6, 7], [0, 1, 2, 3, 4, 5, 6, 7], [0, 1, 2, 3, 4, 5, 6, 7], [0, 1, 2, 3, 4, 5, 6, 7], [0, 1, 2, 3, 4, 5, 6, 7], [0, 1, 2, 3, 4, 5, 6, 7], [0, 1, 2, 3, 4, 5, 6, 7], [0, 1, 2, 3, 4, 5, 6, 7], [0, 1, 2, 3, 4, 5, 6, 7], [0, 1, 2, 3, 4, 5, 6, 7], [0, 1, 2, 3, 4, 5, 6, 7], [0, 1, 2, 3, 4, 5, 6, 7], [0, 1, 2, 3, 4, 5, 6, 7], [0, 1, 2, 3, 4, 5, 6, 7], [0, 1, 2, 3, 4, 5, 6, 7], [0, 1, 2, 3, 4, 5, 6, 7], [0, 1, 2, 3, 4, 5, 6, 7], [0, 1, 2, 3, 4, 5, 6, 7]]",sidecar,True,calib_importance_sep_tail,0
gqa,fullload,FullLoad,1.0,full,n298104,201504737,What is on the surfboard behind the sign?,Flower,"[""flower""]",1.0,383,3,calib_importance_sep_tail,4,fullload,,403.8837745320052,,,678.6215230822563,683.5728409932926,38.19675592239946,721.7695969156921,1132462080,2176,64,,636.455100029707,,,1.0,1.0,null,0.0,,1132462080,0,64,0,1132462080,17694720.0,17694720.0,0.0,,,,,null,,,,0
gqa,layout_prefix_chunk,Layout+Prefix,0.25,chunk,n298104,201504737,What is on the surfboard behind the sign?,Flower,"[""flower""]",1.0,383,3,calib_importance_sep_tail,4,prefix,0.2026768634095788,174.77852455340326,49.23960973974317,255.39600697811693,41.69895697850734,297.1573539543897,37.89230599068105,335.04965994507074,293601280,512,65,200.35627577453852,0.0,8.0,34,0.23529411764705882,0.25925925925925924,"[0.25925925925925924, 0.25925925925925924, 0.25925925925925924, 0.25925925925925924, 0.25925925925925924, 0.25925925925925924, 0.25925925925925924, 0.25925925925925924, 0.25925925925925924, 0.25925925925925924, 0.25925925925925924, 0.25925925925925924, 0.25925925925925924, 0.25925925925925924, 0.25925925925925924, 0.25925925925925924, 0.25925925925925924, 0.25925925925925924, 0.25925925925925924, 0.25925925925925924, 0.25925925925925924, 0.25925925925925924, 0.25925925925925924, 0.25925925925925924, 0.25925925925925924, 0.25925925925925924, 0.25925925925925924, 0.25925925925925924, 0.25925925925925924, 0.25925925925925924, 0.25925925925925924, 0.25925925925925924]",0.0,256,268435456,25165824,64,1,293601280,4516942.769230769,4194304.0,25165824.0,0,0,0,prefix,"[[0, 1, 2, 3, 4, 5, 6, 7], [0, 1, 2, 3, 4, 5, 6, 7], [0, 1, 2, 3, 4, 5, 6, 7], [0, 1, 2, 3, 4, 5, 6, 7], [0, 1, 2, 3, 4, 5, 6, 7], [0, 1, 2, 3, 4, 5, 6, 7], [0, 1, 2, 3, 4, 5, 6, 7], [0, 1, 2, 3, 4, 5, 6, 7], [0, 1, 2, 3, 4, 5, 6, 7], [0, 1, 2, 3, 4, 5, 6, 7], [0, 1, 2, 3, 4, 5, 6, 7], [0, 1, 2, 3, 4, 5, 6, 7], [0, 1, 2, 3, 4, 5, 6, 7], [0, 1, 2, 3, 4, 5, 6, 7], [0, 1, 2, 3, 4, 5, 6, 7], [0, 1, 2, 3, 4, 5, 6, 7], [0, 1, 2, 3, 4, 5, 6, 7], [0, 1, 2, 3, 4, 5, 6, 7], [0, 1, 2, 3, 4, 5, 6, 7], [0, 1, 2, 3, 4, 5, 6, 7], [0, 1, 2, 3, 4, 5, 6, 7], [0, 1, 2, 3, 4, 5, 6, 7], [0, 1, 2, 3, 4, 5, 6, 7], [0, 1, 2, 3, 4, 5, 6, 7], [0, 1, 2, 3, 4, 5, 6, 7], [0, 1, 2, 3, 4, 5, 6, 7], [0, 1, 2, 3, 4, 5, 6, 7], [0, 1, 2, 3, 4, 5, 6, 7], [0, 1, 2, 3, 4, 5, 6, 7], [0, 1, 2, 3, 4, 5, 6, 7], [0, 1, 2, 3, 4, 5, 6, 7], [0, 1, 2, 3, 4, 5, 6, 7]]",sidecar,True,calib_importance_sep_tail,0
gqa,fullload,FullLoad,1.0,full,n166008,20240972,Do the customers appear to be waiting?,Yes,"[""yes""]",1.0,3869,2,calib_importance_sep_tail,4,fullload,,512.5851106131449,,,951.1023430386558,956.3067220151424,19.048915011808276,975.3556370269507,1226833920,2368,64,,886.0815727384761,,,1.0,1.0,null,0.0,,1226833920,0,64,0,1226833920,19169280.0,19169280.0,0.0,,,,,null,,,,0
gqa,layout_prefix_chunk,Layout+Prefix,0.25,chunk,n166008,20240972,Do the customers appear to be waiting?,Yes,"[""yes""]",1.0,3869,2,calib_importance_sep_tail,4,prefix,0.23461889941245317,169.66634592972696,55.61143974773586,262.5233749859035,55.06982107181102,317.6546120084822,18.2173679349944,335.8719799434766,320864256,576,65,200.61785529833287,0.0,9.0,37,0.24324324324324326,0.26153846153846155,"[0.26153846153846155, 0.26153846153846155, 0.26153846153846155, 0.26153846153846155, 0.26153846153846155, 0.26153846153846155, 0.26153846153846155, 0.26153846153846155, 0.26153846153846155, 0.26153846153846155, 0.26153846153846155, 0.26153846153846155, 0.26153846153846155, 0.26153846153846155, 0.26153846153846155, 0.26153846153846155, 0.26153846153846155, 0.26153846153846155, 0.26153846153846155, 0.26153846153846155, 0.26153846153846155, 0.26153846153846155, 0.26153846153846155, 0.26153846153846155, 0.26153846153846155, 0.26153846153846155, 0.26153846153846155, 0.26153846153846155, 0.26153846153846155, 0.26153846153846155, 0.26153846153846155, 0.26153846153846155]",0.0,288,301989888,18874368,64,1,320864256,4936373.169230769,4718592.0,18874368.0,0,0,0,prefix,"[[0, 1, 2, 3, 4, 5, 6, 7, 8], [0, 1, 2, 3, 4, 5, 6, 7, 8], [0, 1, 2, 3, 4, 5, 6, 7, 8], [0, 1, 2, 3, 4, 5, 6, 7, 8], [0, 1, 2, 3, 4, 5, 6, 7, 8], [0, 1, 2, 3, 4, 5, 6, 7, 8], [0, 1, 2, 3, 4, 5, 6, 7, 8], [0, 1, 2, 3, 4, 5, 6, 7, 8], [0, 1, 2, 3, 4, 5, 6, 7, 8], [0, 1, 2, 3, 4, 5, 6, 7, 8], [0, 1, 2, 3, 4, 5, 6, 7, 8], [0, 1, 2, 3, 4, 5, 6, 7, 8], [0, 1, 2, 3, 4, 5, 6, 7, 8], [0, 1, 2, 3, 4, 5, 6, 7, 8], [0, 1, 2, 3, 4, 5, 6, 7, 8], [0, 1, 2, 3, 4, 5, 6, 7, 8], [0, 1, 2, 3, 4, 5, 6, 7, 8], [0, 1, 2, 3, 4, 5, 6, 7, 8], [0, 1, 2, 3, 4, 5, 6, 7, 8], [0, 1, 2, 3, 4, 5, 6, 7, 8], [0, 1, 2, 3, 4, 5, 6, 7, 8], [0, 1, 2, 3, 4, 5, 6, 7, 8], [0, 1, 2, 3, 4, 5, 6, 7, 8], [0, 1, 2, 3, 4, 5, 6, 7, 8], [0, 1, 2, 3, 4, 5, 6, 7, 8], [0, 1, 2, 3, 4, 5, 6, 7, 8], [0, 1, 2, 3, 4, 5, 6, 7, 8], [0, 1, 2, 3, 4, 5, 6, 7, 8], [0, 1, 2, 3, 4, 5, 6, 7, 8], [0, 1, 2, 3, 4, 5, 6, 7, 8], [0, 1, 2, 3, 4, 5, 6, 7, 8], [0, 1, 2, 3, 4, 5, 6, 7, 8]]",sidecar,True,calib_importance_sep_tail,0
gqa,fullload,FullLoad,1.0,full,n166008,20240975,Who is waiting?,People,"[""customers""]",0.0,11647,2,calib_importance_sep_tail,4,fullload,,428.8487092126161,,,691.1865950096399,696.3858840754256,19.553642952814698,715.9395270282403,1226833920,2368,64,,643.103881040588,,,1.0,1.0,null,0.0,,1226833920,0,64,0,1226833920,19169280.0,19169280.0,0.0,,,,,null,,,,0
gqa,layout_prefix_chunk,Layout+Prefix,0.25,chunk,n166008,20240975,Who is waiting?,Man,"[""customers""]",0.0,2315,2,calib_importance_sep_tail,4,prefix,0.17869193106889725,162.0202703634277,46.63458373397589,239.5723860245198,42.44087706319988,282.074524089694,18.26323091518134,300.33775500487536,320864256,576,65,186.55026808846742,0.0,9.0,37,0.24324324324324326,0.26153846153846155,"[0.26153846153846155, 0.26153846153846155, 0.26153846153846155, 0.26153846153846155, 0.26153846153846155, 0.26153846153846155, 0.26153846153846155, 0.26153846153846155, 0.26153846153846155, 0.26153846153846155, 0.26153846153846155, 0.26153846153846155, 0.26153846153846155, 0.26153846153846155, 0.26153846153846155, 0.26153846153846155, 0.26153846153846155, 0.26153846153846155, 0.26153846153846155, 0.26153846153846155, 0.26153846153846155, 0.26153846153846155, 0.26153846153846155, 0.26153846153846155, 0.26153846153846155, 0.26153846153846155, 0.26153846153846155, 0.26153846153846155, 0.26153846153846155, 0.26153846153846155, 0.26153846153846155, 0.26153846153846155]",0.0,288,301989888,18874368,64,1,320864256,4936373.169230769,4718592.0,18874368.0,0,0,0,prefix,"[[0, 1, 2, 3, 4, 5, 6, 7, 8], [0, 1, 2, 3, 4, 5, 6, 7, 8], [0, 1, 2, 3, 4, 5, 6, 7, 8], [0, 1, 2, 3, 4, 5, 6, 7, 8], [0, 1, 2, 3, 4, 5, 6, 7, 8], [0, 1, 2, 3, 4, 5, 6, 7, 8], [0, 1, 2, 3, 4, 5, 6, 7, 8], [0, 1, 2, 3, 4, 5, 6, 7, 8], [0, 1, 2, 3, 4, 5, 6, 7, 8], [0, 1, 2, 3, 4, 5, 6, 7, 8], [0, 1, 2, 3, 4, 5, 6, 7, 8], [0, 1, 2, 3, 4, 5, 6, 7, 8], [0, 1, 2, 3, 4, 5, 6, 7, 8], [0, 1, 2, 3, 4, 5, 6, 7, 8], [0, 1, 2, 3, 4, 5, 6, 7, 8], [0, 1, 2, 3, 4, 5, 6, 7, 8], [0, 1, 2, 3, 4, 5, 6, 7, 8], [0, 1, 2, 3, 4, 5, 6, 7, 8], [0, 1, 2, 3, 4, 5, 6, 7, 8], [0, 1, 2, 3, 4, 5, 6, 7, 8], [0, 1, 2, 3, 4, 5, 6, 7, 8], [0, 1, 2, 3, 4, 5, 6, 7, 8], [0, 1, 2, 3, 4, 5, 6, 7, 8], [0, 1, 2, 3, 4, 5, 6, 7, 8], [0, 1, 2, 3, 4, 5, 6, 7, 8], [0, 1, 2, 3, 4, 5, 6, 7, 8], [0, 1, 2, 3, 4, 5, 6, 7, 8], [0, 1, 2, 3, 4, 5, 6, 7, 8], [0, 1, 2, 3, 4, 5, 6, 7, 8], [0, 1, 2, 3, 4, 5, 6, 7, 8], [0, 1, 2, 3, 4, 5, 6, 7, 8], [0, 1, 2, 3, 4, 5, 6, 7, 8]]",sidecar,True,calib_importance_sep_tail,0
gqa,fullload,FullLoad,1.0,full,n166008,20240976,Is there any beer in this photo?,No,"[""no""]",1.0,1939,2,calib_importance_sep_tail,4,fullload,,402.46307279448956,,,655.1369200460613,660.4020899394527,22.638038033619523,683.0401279730722,1226833920,2368,64,,608.8374883402139,,,1.0,1.0,null,0.0,,1226833920,0,64,0,1226833920,19169280.0,19169280.0,0.0,,,,,null,,,,0
gqa,layout_prefix_chunk,Layout+Prefix,0.25,chunk,n166008,20240976,Is there any beer in this photo?,No,"[""no""]",1.0,1939,2,calib_importance_sep_tail,4,prefix,0.2282931236550212,175.0074300216511,54.33071090374142,269.3661379162222,52.05896298866719,321.4861729647964,18.92949896864593,340.41567193344235,320864256,576,65,208.8088452583179,0.0,9.0,37,0.24324324324324326,0.26153846153846155,"[0.26153846153846155, 0.26153846153846155, 0.26153846153846155, 0.26153846153846155, 0.26153846153846155, 0.26153846153846155, 0.26153846153846155, 0.26153846153846155, 0.26153846153846155, 0.26153846153846155, 0.26153846153846155, 0.26153846153846155, 0.26153846153846155, 0.26153846153846155, 0.26153846153846155, 0.26153846153846155, 0.26153846153846155, 0.26153846153846155, 0.26153846153846155, 0.26153846153846155, 0.26153846153846155, 0.26153846153846155, 0.26153846153846155, 0.26153846153846155, 0.26153846153846155, 0.26153846153846155, 0.26153846153846155, 0.26153846153846155, 0.26153846153846155, 0.26153846153846155, 0.26153846153846155, 0.26153846153846155]",0.0,288,301989888,18874368,64,1,320864256,4936373.169230769,4718592.0,18874368.0,0,0,0,prefix,"[[0, 1, 2, 3, 4, 5, 6, 7, 8], [0, 1, 2, 3, 4, 5, 6, 7, 8], [0, 1, 2, 3, 4, 5, 6, 7, 8], [0, 1, 2, 3, 4, 5, 6, 7, 8], [0, 1, 2, 3, 4, 5, 6, 7, 8], [0, 1, 2, 3, 4, 5, 6, 7, 8], [0, 1, 2, 3, 4, 5, 6, 7, 8], [0, 1, 2, 3, 4, 5, 6, 7, 8], [0, 1, 2, 3, 4, 5, 6, 7, 8], [0, 1, 2, 3, 4, 5, 6, 7, 8], [0, 1, 2, 3, 4, 5, 6, 7, 8], [0, 1, 2, 3, 4, 5, 6, 7, 8], [0, 1, 2, 3, 4, 5, 6, 7, 8], [0, 1, 2, 3, 4, 5, 6, 7, 8], [0, 1, 2, 3, 4, 5, 6, 7, 8], [0, 1, 2, 3, 4, 5, 6, 7, 8], [0, 1, 2, 3, 4, 5, 6, 7, 8], [0, 1, 2, 3, 4, 5, 6, 7, 8], [0, 1, 2, 3, 4, 5, 6, 7, 8], [0, 1, 2, 3, 4, 5, 6, 7, 8], [0, 1, 2, 3, 4, 5, 6, 7, 8], [0, 1, 2, 3, 4, 5, 6, 7, 8], [0, 1, 2, 3, 4, 5, 6, 7, 8], [0, 1, 2, 3, 4, 5, 6, 7, 8], [0, 1, 2, 3, 4, 5, 6, 7, 8], [0, 1, 2, 3, 4, 5, 6, 7, 8], [0, 1, 2, 3, 4, 5, 6, 7, 8], [0, 1, 2, 3, 4, 5, 6, 7, 8], [0, 1, 2, 3, 4, 5, 6, 7, 8], [0, 1, 2, 3, 4, 5, 6, 7, 8], [0, 1, 2, 3, 4, 5, 6, 7, 8], [0, 1, 2, 3, 4, 5, 6, 7, 8]]",sidecar,True,calib_importance_sep_tail,0
gqa,fullload,FullLoad,1.0,full,n166008,20240957,What is underneath the glass?,Water,"[""table""]",0.0,13062,2,calib_importance_sep_tail,4,fullload,,471.95981233380735,,,832.6458500232548,837.9072470124811,51.22929101344198,889.1365380259231,1226833920,2368,64,,784.9551795516163,,,1.0,1.0,null,0.0,,1226833920,0,64,0,1226833920,19169280.0,19169280.0,0.0,,,,,null,,,,0
gqa,layout_prefix_chunk,Layout+Prefix,0.25,chunk,n166008,20240957,What is underneath the glass?,Table,"[""table""]",1.0,6137,2,calib_importance_sep_tail,4,prefix,0.19475060980767012,163.130818400532,48.731709131971,244.98483503703028,51.80180096067488,296.84811900369823,18.797529046423733,315.64564805012196,320864256,576,65,190.27357117738575,0.0,9.0,37,0.24324324324324326,0.26153846153846155,"[0.26153846153846155, 0.26153846153846155, 0.26153846153846155, 0.26153846153846155, 0.26153846153846155, 0.26153846153846155, 0.26153846153846155, 0.26153846153846155, 0.26153846153846155, 0.26153846153846155, 0.26153846153846155, 0.26153846153846155, 0.26153846153846155, 0.26153846153846155, 0.26153846153846155, 0.26153846153846155, 0.26153846153846155, 0.26153846153846155, 0.26153846153846155, 0.26153846153846155, 0.26153846153846155, 0.26153846153846155, 0.26153846153846155, 0.26153846153846155, 0.26153846153846155, 0.26153846153846155, 0.26153846153846155, 0.26153846153846155, 0.26153846153846155, 0.26153846153846155, 0.26153846153846155, 0.26153846153846155]",0.0,288,301989888,18874368,64,1,320864256,4936373.169230769,4718592.0,18874368.0,0,0,0,prefix,"[[0, 1, 2, 3, 4, 5, 6, 7, 8], [0, 1, 2, 3, 4, 5, 6, 7, 8], [0, 1, 2, 3, 4, 5, 6, 7, 8], [0, 1, 2, 3, 4, 5, 6, 7, 8], [0, 1, 2, 3, 4, 5, 6, 7, 8], [0, 1, 2, 3, 4, 5, 6, 7, 8], [0, 1, 2, 3, 4, 5, 6, 7, 8], [0, 1, 2, 3, 4, 5, 6, 7, 8], [0, 1, 2, 3, 4, 5, 6, 7, 8], [0, 1, 2, 3, 4, 5, 6, 7, 8], [0, 1, 2, 3, 4, 5, 6, 7, 8], [0, 1, 2, 3, 4, 5, 6, 7, 8], [0, 1, 2, 3, 4, 5, 6, 7, 8], [0, 1, 2, 3, 4, 5, 6, 7, 8], [0, 1, 2, 3, 4, 5, 6, 7, 8], [0, 1, 2, 3, 4, 5, 6, 7, 8], [0, 1, 2, 3, 4, 5, 6, 7, 8], [0, 1, 2, 3, 4, 5, 6, 7, 8], [0, 1, 2, 3, 4, 5, 6, 7, 8], [0, 1, 2, 3, 4, 5, 6, 7, 8], [0, 1, 2, 3, 4, 5, 6, 7, 8], [0, 1, 2, 3, 4, 5, 6, 7, 8], [0, 1, 2, 3, 4, 5, 6, 7, 8], [0, 1, 2, 3, 4, 5, 6, 7, 8], [0, 1, 2, 3, 4, 5, 6, 7, 8], [0, 1, 2, 3, 4, 5, 6, 7, 8], [0, 1, 2, 3, 4, 5, 6, 7, 8], [0, 1, 2, 3, 4, 5, 6, 7, 8], [0, 1, 2, 3, 4, 5, 6, 7, 8], [0, 1, 2, 3, 4, 5, 6, 7, 8], [0, 1, 2, 3, 4, 5, 6, 7, 8], [0, 1, 2, 3, 4, 5, 6, 7, 8]]",sidecar,True,calib_importance_sep_tail,0
gqa,fullload,FullLoad,1.0,full,n166008,20240935,What is the item of furniture underneath the water bottle?,Table,"[""table""]",1.0,6137,2,calib_importance_sep_tail,4,fullload,,424.4932654546574,,,726.0441989637911,731.2319009797648,19.236715976148844,750.4686169559136,1226833920,2368,64,,685.3249861160293,,,1.0,1.0,null,0.0,,1226833920,0,64,0,1226833920,19169280.0,19169280.0,0.0,,,,,null,,,,0
gqa,layout_prefix_chunk,Layout+Prefix,0.25,chunk,n166008,20240935,What is the item of furniture underneath the water bottle?,Table,"[""table""]",1.0,6137,2,calib_importance_sep_tail,4,prefix,0.22395758423954248,179.87572180572897,53.47969336435199,270.89734899345785,41.24025197234005,312.19742400571704,20.66171506885439,332.85913907457143,320864256,576,65,207.9868132714182,0.0,9.0,37,0.24324324324324326,0.26153846153846155,"[0.26153846153846155, 0.26153846153846155, 0.26153846153846155, 0.26153846153846155, 0.26153846153846155, 0.26153846153846155, 0.26153846153846155, 0.26153846153846155, 0.26153846153846155, 0.26153846153846155, 0.26153846153846155, 0.26153846153846155, 0.26153846153846155, 0.26153846153846155, 0.26153846153846155, 0.26153846153846155, 0.26153846153846155, 0.26153846153846155, 0.26153846153846155, 0.26153846153846155, 0.26153846153846155, 0.26153846153846155, 0.26153846153846155, 0.26153846153846155, 0.26153846153846155, 0.26153846153846155, 0.26153846153846155, 0.26153846153846155, 0.26153846153846155, 0.26153846153846155, 0.26153846153846155, 0.26153846153846155]",0.0,288,301989888,18874368,64,1,320864256,4936373.169230769,4718592.0,18874368.0,0,0,0,prefix,"[[0, 1, 2, 3, 4, 5, 6, 7, 8], [0, 1, 2, 3, 4, 5, 6, 7, 8], [0, 1, 2, 3, 4, 5, 6, 7, 8], [0, 1, 2, 3, 4, 5, 6, 7, 8], [0, 1, 2, 3, 4, 5, 6, 7, 8], [0, 1, 2, 3, 4, 5, 6, 7, 8], [0, 1, 2, 3, 4, 5, 6, 7, 8], [0, 1, 2, 3, 4, 5, 6, 7, 8], [0, 1, 2, 3, 4, 5, 6, 7, 8], [0, 1, 2, 3, 4, 5, 6, 7, 8], [0, 1, 2, 3, 4, 5, 6, 7, 8], [0, 1, 2, 3, 4, 5, 6, 7, 8], [0, 1, 2, 3, 4, 5, 6, 7, 8], [0, 1, 2, 3, 4, 5, 6, 7, 8], [0, 1, 2, 3, 4, 5, 6, 7, 8], [0, 1, 2, 3, 4, 5, 6, 7, 8], [0, 1, 2, 3, 4, 5, 6, 7, 8], [0, 1, 2, 3, 4, 5, 6, 7, 8], [0, 1, 2, 3, 4, 5, 6, 7, 8], [0, 1, 2, 3, 4, 5, 6, 7, 8], [0, 1, 2, 3, 4, 5, 6, 7, 8], [0, 1, 2, 3, 4, 5, 6, 7, 8], [0, 1, 2, 3, 4, 5, 6, 7, 8], [0, 1, 2, 3, 4, 5, 6, 7, 8], [0, 1, 2, 3, 4, 5, 6, 7, 8], [0, 1, 2, 3, 4, 5, 6, 7, 8], [0, 1, 2, 3, 4, 5, 6, 7, 8], [0, 1, 2, 3, 4, 5, 6, 7, 8], [0, 1, 2, 3, 4, 5, 6, 7, 8], [0, 1, 2, 3, 4, 5, 6, 7, 8], [0, 1, 2, 3, 4, 5, 6, 7, 8], [0, 1, 2, 3, 4, 5, 6, 7, 8]]",sidecar,True,calib_importance_sep_tail,0
gqa,fullload,FullLoad,1.0,full,n166008,20241047,Who is sitting in front of the water?,Man,"[""man""]",1.0,2315,2,calib_importance_sep_tail,4,fullload,,466.30930178798735,,,829.0362280094996,834.1915820492432,19.207716919481754,853.3992989687249,1226833920,2368,64,,784.0279213851318,,,1.0,1.0,null,0.0,,1226833920,0,64,0,1226833920,19169280.0,19169280.0,0.0,,,,,null,,,,0
gqa,layout_prefix_chunk,Layout+Prefix,0.25,chunk,n166008,20241047,Who is sitting in front of the water?,Man,"[""man""]",1.0,2315,2,calib_importance_sep_tail,4,prefix,0.23181445430964231,174.5996413519606,54.922229959629476,268.06588005274534,42.2575909178704,310.3854130022228,19.689780077897012,330.0751930801198,320864256,576,65,206.83874434325844,0.0,9.0,37,0.24324324324324326,0.26153846153846155,"[0.26153846153846155, 0.26153846153846155, 0.26153846153846155, 0.26153846153846155, 0.26153846153846155, 0.26153846153846155, 0.26153846153846155, 0.26153846153846155, 0.26153846153846155, 0.26153846153846155, 0.26153846153846155, 0.26153846153846155, 0.26153846153846155, 0.26153846153846155, 0.26153846153846155, 0.26153846153846155, 0.26153846153846155, 0.26153846153846155, 0.26153846153846155, 0.26153846153846155, 0.26153846153846155, 0.26153846153846155, 0.26153846153846155, 0.26153846153846155, 0.26153846153846155, 0.26153846153846155, 0.26153846153846155, 0.26153846153846155, 0.26153846153846155, 0.26153846153846155, 0.26153846153846155, 0.26153846153846155]",0.0,288,301989888,18874368,64,1,320864256,4936373.169230769,4718592.0,18874368.0,0,0,0,prefix,"[[0, 1, 2, 3, 4, 5, 6, 7, 8], [0, 1, 2, 3, 4, 5, 6, 7, 8], [0, 1, 2, 3, 4, 5, 6, 7, 8], [0, 1, 2, 3, 4, 5, 6, 7, 8], [0, 1, 2, 3, 4, 5, 6, 7, 8], [0, 1, 2, 3, 4, 5, 6, 7, 8], [0, 1, 2, 3, 4, 5, 6, 7, 8], [0, 1, 2, 3, 4, 5, 6, 7, 8], [0, 1, 2, 3, 4, 5, 6, 7, 8], [0, 1, 2, 3, 4, 5, 6, 7, 8], [0, 1, 2, 3, 4, 5, 6, 7, 8], [0, 1, 2, 3, 4, 5, 6, 7, 8], [0, 1, 2, 3, 4, 5, 6, 7, 8], [0, 1, 2, 3, 4, 5, 6, 7, 8], [0, 1, 2, 3, 4, 5, 6, 7, 8], [0, 1, 2, 3, 4, 5, 6, 7, 8], [0, 1, 2, 3, 4, 5, 6, 7, 8], [0, 1, 2, 3, 4, 5, 6, 7, 8], [0, 1, 2, 3, 4, 5, 6, 7, 8], [0, 1, 2, 3, 4, 5, 6, 7, 8], [0, 1, 2, 3, 4, 5, 6, 7, 8], [0, 1, 2, 3, 4, 5, 6, 7, 8], [0, 1, 2, 3, 4, 5, 6, 7, 8], [0, 1, 2, 3, 4, 5, 6, 7, 8], [0, 1, 2, 3, 4, 5, 6, 7, 8], [0, 1, 2, 3, 4, 5, 6, 7, 8], [0, 1, 2, 3, 4, 5, 6, 7, 8], [0, 1, 2, 3, 4, 5, 6, 7, 8], [0, 1, 2, 3, 4, 5, 6, 7, 8], [0, 1, 2, 3, 4, 5, 6, 7, 8], [0, 1, 2, 3, 4, 5, 6, 7, 8], [0, 1, 2, 3, 4, 5, 6, 7, 8]]",sidecar,True,calib_importance_sep_tail,0
gqa,fullload,FullLoad,1.0,full,n67005,20716952,What is on the bed near the bag?,Pillow,"[""cord""]",0.0,349,4,calib_importance_sep_tail,4,fullload,,428.5723613575101,,,784.6692730672657,790.2489160187542,55.795851978473365,846.0447679972276,1233125376,2368,64,,740.7431723549962,,,1.0,1.0,null,0.0,,1233125376,0,64,0,1233125376,19267584.0,19267584.0,0.0,,,,,null,,,,0
gqa,layout_prefix_chunk,Layout+Prefix,0.25,chunk,n67005,20716952,What is on the bed near the bag?,Pillow,"[""cord""]",0.0,349,4,calib_importance_sep_tail,4,prefix,0.24289137218147516,160.20717995706946,57.13813193142414,257.6880829874426,51.927926018834114,309.68008597847074,56.26818293239921,365.94826891086996,327155712,576,65,194.22065652906895,0.0,9.0,37,0.24324324324324326,0.2653061224489796,"[0.2653061224489796, 0.2653061224489796, 0.2653061224489796, 0.2653061224489796, 0.2653061224489796, 0.2653061224489796, 0.2653061224489796, 0.2653061224489796, 0.2653061224489796, 0.2653061224489796, 0.2653061224489796, 0.2653061224489796, 0.2653061224489796, 0.2653061224489796, 0.2653061224489796, 0.2653061224489796, 0.2653061224489796, 0.2653061224489796, 0.2653061224489796, 0.2653061224489796, 0.2653061224489796, 0.2653061224489796, 0.2653061224489796, 0.2653061224489796, 0.2653061224489796, 0.2653061224489796, 0.2653061224489796, 0.2653061224489796, 0.2653061224489796, 0.2653061224489796, 0.2653061224489796, 0.2653061224489796]",0.0,288,301989888,25165824,64,1,327155712,5033164.8,4718592.0,25165824.0,0,0,0,prefix,"[[0, 1, 2, 3, 4, 5, 6, 7, 8], [0, 1, 2, 3, 4, 5, 6, 7, 8], [0, 1, 2, 3, 4, 5, 6, 7, 8], [0, 1, 2, 3, 4, 5, 6, 7, 8], [0, 1, 2, 3, 4, 5, 6, 7, 8], [0, 1, 2, 3, 4, 5, 6, 7, 8], [0, 1, 2, 3, 4, 5, 6, 7, 8], [0, 1, 2, 3, 4, 5, 6, 7, 8], [0, 1, 2, 3, 4, 5, 6, 7, 8], [0, 1, 2, 3, 4, 5, 6, 7, 8], [0, 1, 2, 3, 4, 5, 6, 7, 8], [0, 1, 2, 3, 4, 5, 6, 7, 8], [0, 1, 2, 3, 4, 5, 6, 7, 8], [0, 1, 2, 3, 4, 5, 6, 7, 8], [0, 1, 2, 3, 4, 5, 6, 7, 8], [0, 1, 2, 3, 4, 5, 6, 7, 8], [0, 1, 2, 3, 4, 5, 6, 7, 8], [0, 1, 2, 3, 4, 5, 6, 7, 8], [0, 1, 2, 3, 4, 5, 6, 7, 8], [0, 1, 2, 3, 4, 5, 6, 7, 8], [0, 1, 2, 3, 4, 5, 6, 7, 8], [0, 1, 2, 3, 4, 5, 6, 7, 8], [0, 1, 2, 3, 4, 5, 6, 7, 8], [0, 1, 2, 3, 4, 5, 6, 7, 8], [0, 1, 2, 3, 4, 5, 6, 7, 8], [0, 1, 2, 3, 4, 5, 6, 7, 8], [0, 1, 2, 3, 4, 5, 6, 7, 8], [0, 1, 2, 3, 4, 5, 6, 7, 8], [0, 1, 2, 3, 4, 5, 6, 7, 8], [0, 1, 2, 3, 4, 5, 6, 7, 8], [0, 1, 2, 3, 4, 5, 6, 7, 8], [0, 1, 2, 3, 4, 5, 6, 7, 8]]",sidecar,True,calib_importance_sep_tail,0
gqa,fullload,FullLoad,1.0,full,n67005,20716953,What is on the bed?,Pillow,"[""cord""]",0.0,349,4,calib_importance_sep_tail,4,fullload,,325.80829481594265,,,544.9942749692127,550.1594010274857,56.20848701801151,606.3678880454972,1233125376,2368,64,,503.2281851163134,,,1.0,1.0,null,0.0,,1233125376,0,64,0,1233125376,19267584.0,19267584.0,0.0,,,,,null,,,,0
gqa,layout_prefix_chunk,Layout+Prefix,0.25,chunk,n67005,20716953,What is on the bed?,Pillow,"[""cord""]",0.0,349,4,calib_importance_sep_tail,4,prefix,0.1911575673148036,137.29370071087033,45.9120332961902,213.5845459997654,36.69137193355709,250.32260292209685,56.68261297978461,307.00521590188146,327155712,576,65,161.73142287880182,0.0,9.0,37,0.24324324324324326,0.2653061224489796,"[0.2653061224489796, 0.2653061224489796, 0.2653061224489796, 0.2653061224489796, 0.2653061224489796, 0.2653061224489796, 0.2653061224489796, 0.2653061224489796, 0.2653061224489796, 0.2653061224489796, 0.2653061224489796, 0.2653061224489796, 0.2653061224489796, 0.2653061224489796, 0.2653061224489796, 0.2653061224489796, 0.2653061224489796, 0.2653061224489796, 0.2653061224489796, 0.2653061224489796, 0.2653061224489796, 0.2653061224489796, 0.2653061224489796, 0.2653061224489796, 0.2653061224489796, 0.2653061224489796, 0.2653061224489796, 0.2653061224489796, 0.2653061224489796, 0.2653061224489796, 0.2653061224489796, 0.2653061224489796]",0.0,288,301989888,25165824,64,1,327155712,5033164.8,4718592.0,25165824.0,0,0,0,prefix,"[[0, 1, 2, 3, 4, 5, 6, 7, 8], [0, 1, 2, 3, 4, 5, 6, 7, 8], [0, 1, 2, 3, 4, 5, 6, 7, 8], [0, 1, 2, 3, 4, 5, 6, 7, 8], [0, 1, 2, 3, 4, 5, 6, 7, 8], [0, 1, 2, 3, 4, 5, 6, 7, 8], [0, 1, 2, 3, 4, 5, 6, 7, 8], [0, 1, 2, 3, 4, 5, 6, 7, 8], [0, 1, 2, 3, 4, 5, 6, 7, 8], [0, 1, 2, 3, 4, 5, 6, 7, 8], [0, 1, 2, 3, 4, 5, 6, 7, 8], [0, 1, 2, 3, 4, 5, 6, 7, 8], [0, 1, 2, 3, 4, 5, 6, 7, 8], [0, 1, 2, 3, 4, 5, 6, 7, 8], [0, 1, 2, 3, 4, 5, 6, 7, 8], [0, 1, 2, 3, 4, 5, 6, 7, 8], [0, 1, 2, 3, 4, 5, 6, 7, 8], [0, 1, 2, 3, 4, 5, 6, 7, 8], [0, 1, 2, 3, 4, 5, 6, 7, 8], [0, 1, 2, 3, 4, 5, 6, 7, 8], [0, 1, 2, 3, 4, 5, 6, 7, 8], [0, 1, 2, 3, 4, 5, 6, 7, 8], [0, 1, 2, 3, 4, 5, 6, 7, 8], [0, 1, 2, 3, 4, 5, 6, 7, 8], [0, 1, 2, 3, 4, 5, 6, 7, 8], [0, 1, 2, 3, 4, 5, 6, 7, 8], [0, 1, 2, 3, 4, 5, 6, 7, 8], [0, 1, 2, 3, 4, 5, 6, 7, 8], [0, 1, 2, 3, 4, 5, 6, 7, 8], [0, 1, 2, 3, 4, 5, 6, 7, 8], [0, 1, 2, 3, 4, 5, 6, 7, 8], [0, 1, 2, 3, 4, 5, 6, 7, 8]]",sidecar,True,calib_importance_sep_tail,0
gqa,fullload,FullLoad,1.0,full,n67005,20716785,What is the item of furniture that is the same color as the cord called?,Bed,"[""bed""]",1.0,14195,2,calib_importance_sep_tail,4,fullload,,427.05473757814616,,,727.7003829367459,732.9257649835199,24.04022100381553,756.9659859873354,1233125376,2368,64,,649.6745209442452,,,1.0,1.0,null,0.0,,1233125376,0,64,0,1233125376,19267584.0,19267584.0,0.0,,,,,null,,,,0
gqa,layout_prefix_chunk,Layout+Prefix,0.25,chunk,n67005,20716785,What is the item of furniture that is the same color as the cord called?,Bed,"[""bed""]",1.0,14195,2,calib_importance_sep_tail,4,prefix,0.21494936663657427,163.71883533429354,51.47714272607118,247.32852901797742,47.694139066152275,295.08467798586935,18.960441928356886,314.04511991422623,327155712,576,65,189.96699701528996,0.0,9.0,37,0.24324324324324326,0.2653061224489796,"[0.2653061224489796, 0.2653061224489796, 0.2653061224489796, 0.2653061224489796, 0.2653061224489796, 0.2653061224489796, 0.2653061224489796, 0.2653061224489796, 0.2653061224489796, 0.2653061224489796, 0.2653061224489796, 0.2653061224489796, 0.2653061224489796, 0.2653061224489796, 0.2653061224489796, 0.2653061224489796, 0.2653061224489796, 0.2653061224489796, 0.2653061224489796, 0.2653061224489796, 0.2653061224489796, 0.2653061224489796, 0.2653061224489796, 0.2653061224489796, 0.2653061224489796, 0.2653061224489796, 0.2653061224489796, 0.2653061224489796, 0.2653061224489796, 0.2653061224489796, 0.2653061224489796, 0.2653061224489796]",0.0,288,301989888,25165824,64,1,327155712,5033164.8,4718592.0,25165824.0,0,0,0,prefix,"[[0, 1, 2, 3, 4, 5, 6, 7, 8], [0, 1, 2, 3, 4, 5, 6, 7, 8], [0, 1, 2, 3, 4, 5, 6, 7, 8], [0, 1, 2, 3, 4, 5, 6, 7, 8], [0, 1, 2, 3, 4, 5, 6, 7, 8], [0, 1, 2, 3, 4, 5, 6, 7, 8], [0, 1, 2, 3, 4, 5, 6, 7, 8], [0, 1, 2, 3, 4, 5, 6, 7, 8], [0, 1, 2, 3, 4, 5, 6, 7, 8], [0, 1, 2, 3, 4, 5, 6, 7, 8], [0, 1, 2, 3, 4, 5, 6, 7, 8], [0, 1, 2, 3, 4, 5, 6, 7, 8], [0, 1, 2, 3, 4, 5, 6, 7, 8], [0, 1, 2, 3, 4, 5, 6, 7, 8], [0, 1, 2, 3, 4, 5, 6, 7, 8], [0, 1, 2, 3, 4, 5, 6, 7, 8], [0, 1, 2, 3, 4, 5, 6, 7, 8], [0, 1, 2, 3, 4, 5, 6, 7, 8], [0, 1, 2, 3, 4, 5, 6, 7, 8], [0, 1, 2, 3, 4, 5, 6, 7, 8], [0, 1, 2, 3, 4, 5, 6, 7, 8], [0, 1, 2, 3, 4, 5, 6, 7, 8], [0, 1, 2, 3, 4, 5, 6, 7, 8], [0, 1, 2, 3, 4, 5, 6, 7, 8], [0, 1, 2, 3, 4, 5, 6, 7, 8], [0, 1, 2, 3, 4, 5, 6, 7, 8], [0, 1, 2, 3, 4, 5, 6, 7, 8], [0, 1, 2, 3, 4, 5, 6, 7, 8], [0, 1, 2, 3, 4, 5, 6, 7, 8], [0, 1, 2, 3, 4, 5, 6, 7, 8], [0, 1, 2, 3, 4, 5, 6, 7, 8], [0, 1, 2, 3, 4, 5, 6, 7, 8]]",sidecar,True,calib_importance_sep_tail,0
gqa,fullload,FullLoad,1.0,full,n67005,20717149,Is the bed white and small?,Yes,"[""no""]",0.0,3869,2,calib_importance_sep_tail,4,fullload,,362.0413294993341,,,590.2259639697149,595.2501050196588,19.216916989535093,614.4670220091939,1233125376,2368,64,,548.7229458522052,,,1.0,1.0,null,0.0,,1233125376,0,64,0,1233125376,19267584.0,19267584.0,0.0,,,,,null,,,,0
gqa,layout_prefix_chunk,Layout+Prefix,0.25,chunk,n67005,20717149,Is the bed white and small?,Yes,"[""no""]",0.0,3869,2,calib_importance_sep_tail,4,prefix,0.21691981237381697,165.9659332362935,53.37677523493767,252.95319606084377,52.62944696005434,305.6453759782016,18.898454029113054,324.5438300073147,327155712,576,65,193.61742387991399,0.0,9.0,37,0.24324324324324326,0.2653061224489796,"[0.2653061224489796, 0.2653061224489796, 0.2653061224489796, 0.2653061224489796, 0.2653061224489796, 0.2653061224489796, 0.2653061224489796, 0.2653061224489796, 0.2653061224489796, 0.2653061224489796, 0.2653061224489796, 0.2653061224489796, 0.2653061224489796, 0.2653061224489796, 0.2653061224489796, 0.2653061224489796, 0.2653061224489796, 0.2653061224489796, 0.2653061224489796, 0.2653061224489796, 0.2653061224489796, 0.2653061224489796, 0.2653061224489796, 0.2653061224489796, 0.2653061224489796, 0.2653061224489796, 0.2653061224489796, 0.2653061224489796, 0.2653061224489796, 0.2653061224489796, 0.2653061224489796, 0.2653061224489796]",0.0,288,301989888,25165824,64,1,327155712,5033164.8,4718592.0,25165824.0,0,0,0,prefix,"[[0, 1, 2, 3, 4, 5, 6, 7, 8], [0, 1, 2, 3, 4, 5, 6, 7, 8], [0, 1, 2, 3, 4, 5, 6, 7, 8], [0, 1, 2, 3, 4, 5, 6, 7, 8], [0, 1, 2, 3, 4, 5, 6, 7, 8], [0, 1, 2, 3, 4, 5, 6, 7, 8], [0, 1, 2, 3, 4, 5, 6, 7, 8], [0, 1, 2, 3, 4, 5, 6, 7, 8], [0, 1, 2, 3, 4, 5, 6, 7, 8], [0, 1, 2, 3, 4, 5, 6, 7, 8], [0, 1, 2, 3, 4, 5, 6, 7, 8], [0, 1, 2, 3, 4, 5, 6, 7, 8], [0, 1, 2, 3, 4, 5, 6, 7, 8], [0, 1, 2, 3, 4, 5, 6, 7, 8], [0, 1, 2, 3, 4, 5, 6, 7, 8], [0, 1, 2, 3, 4, 5, 6, 7, 8], [0, 1, 2, 3, 4, 5, 6, 7, 8], [0, 1, 2, 3, 4, 5, 6, 7, 8], [0, 1, 2, 3, 4, 5, 6, 7, 8], [0, 1, 2, 3, 4, 5, 6, 7, 8], [0, 1, 2, 3, 4, 5, 6, 7, 8], [0, 1, 2, 3, 4, 5, 6, 7, 8], [0, 1, 2, 3, 4, 5, 6, 7, 8], [0, 1, 2, 3, 4, 5, 6, 7, 8], [0, 1, 2, 3, 4, 5, 6, 7, 8], [0, 1, 2, 3, 4, 5, 6, 7, 8], [0, 1, 2, 3, 4, 5, 6, 7, 8], [0, 1, 2, 3, 4, 5, 6, 7, 8], [0, 1, 2, 3, 4, 5, 6, 7, 8], [0, 1, 2, 3, 4, 5, 6, 7, 8], [0, 1, 2, 3, 4, 5, 6, 7, 8], [0, 1, 2, 3, 4, 5, 6, 7, 8]]",sidecar,True,calib_importance_sep_tail,0
gqa,fullload,FullLoad,1.0,full,n67005,20716935,Is the jacket that is made of cotton yellow or gray?,Gray,"[""gray""]",1.0,18956,2,calib_importance_sep_tail,4,fullload,,464.46554898284376,,,809.2799879377708,814.5397009793669,19.005815032869577,833.5455160122365,1233125376,2368,64,,767.3190773930401,,,1.0,1.0,null,0.0,,1233125376,0,64,0,1233125376,19267584.0,19267584.0,0.0,,,,,null,,,,0
gqa,layout_prefix_chunk,Layout+Prefix,0.25,chunk,n67005,20716935,Is the jacket that is made of cotton yellow or gray?,Gray,"[""gray""]",1.0,18956,2,calib_importance_sep_tail,4,prefix,0.1586280995979905,150.11062985286117,43.315860093571246,223.05511601734906,37.334733991883695,260.428830049932,19.338051904924214,279.7668819548562,327155712,576,65,173.90056140720844,0.0,9.0,37,0.24324324324324326,0.2653061224489796,"[0.2653061224489796, 0.2653061224489796, 0.2653061224489796, 0.2653061224489796, 0.2653061224489796, 0.2653061224489796, 0.2653061224489796, 0.2653061224489796, 0.2653061224489796, 0.2653061224489796, 0.2653061224489796, 0.2653061224489796, 0.2653061224489796, 0.2653061224489796, 0.2653061224489796, 0.2653061224489796, 0.2653061224489796, 0.2653061224489796, 0.2653061224489796, 0.2653061224489796, 0.2653061224489796, 0.2653061224489796, 0.2653061224489796, 0.2653061224489796, 0.2653061224489796, 0.2653061224489796, 0.2653061224489796, 0.2653061224489796, 0.2653061224489796, 0.2653061224489796, 0.2653061224489796, 0.2653061224489796]",0.0,288,301989888,25165824,64,1,327155712,5033164.8,4718592.0,25165824.0,0,0,0,prefix,"[[0, 1, 2, 3, 4, 5, 6, 7, 8], [0, 1, 2, 3, 4, 5, 6, 7, 8], [0, 1, 2, 3, 4, 5, 6, 7, 8], [0, 1, 2, 3, 4, 5, 6, 7, 8], [0, 1, 2, 3, 4, 5, 6, 7, 8], [0, 1, 2, 3, 4, 5, 6, 7, 8], [0, 1, 2, 3, 4, 5, 6, 7, 8], [0, 1, 2, 3, 4, 5, 6, 7, 8], [0, 1, 2, 3, 4, 5, 6, 7, 8], [0, 1, 2, 3, 4, 5, 6, 7, 8], [0, 1, 2, 3, 4, 5, 6, 7, 8], [0, 1, 2, 3, 4, 5, 6, 7, 8], [0, 1, 2, 3, 4, 5, 6, 7, 8], [0, 1, 2, 3, 4, 5, 6, 7, 8], [0, 1, 2, 3, 4, 5, 6, 7, 8], [0, 1, 2, 3, 4, 5, 6, 7, 8], [0, 1, 2, 3, 4, 5, 6, 7, 8], [0, 1, 2, 3, 4, 5, 6, 7, 8], [0, 1, 2, 3, 4, 5, 6, 7, 8], [0, 1, 2, 3, 4, 5, 6, 7, 8], [0, 1, 2, 3, 4, 5, 6, 7, 8], [0, 1, 2, 3, 4, 5, 6, 7, 8], [0, 1, 2, 3, 4, 5, 6, 7, 8], [0, 1, 2, 3, 4, 5, 6, 7, 8], [0, 1, 2, 3, 4, 5, 6, 7, 8], [0, 1, 2, 3, 4, 5, 6, 7, 8], [0, 1, 2, 3, 4, 5, 6, 7, 8], [0, 1, 2, 3, 4, 5, 6, 7, 8], [0, 1, 2, 3, 4, 5, 6, 7, 8], [0, 1, 2, 3, 4, 5, 6, 7, 8], [0, 1, 2, 3, 4, 5, 6, 7, 8], [0, 1, 2, 3, 4, 5, 6, 7, 8]]",sidecar,True,calib_importance_sep_tail,0
gqa,fullload,FullLoad,1.0,full,n67005,20716910,What is the woman reflected on?,Mirror,"[""mirror""]",1.0,11612,3,calib_importance_sep_tail,4,fullload,,429.50330825988203,,,738.5029239812866,743.7178009422496,38.572352030314505,782.2901529725641,1233125376,2368,64,,696.1115680169314,,,1.0,1.0,null,0.0,,1233125376,0,64,0,1233125376,19267584.0,19267584.0,0.0,,,,,null,,,,0
gqa,layout_prefix_chunk,Layout+Prefix,0.25,chunk,n67005,20716910,What is the woman reflected on?,Mirror,"[""mirror""]",1.0,11612,3,calib_importance_sep_tail,4,prefix,0.2304598456248641,167.5438474630937,53.31698199734092,257.6561770401895,51.543102017603815,309.26086206454784,36.64887195918709,345.9097340237349,327155712,576,65,198.0522098019719,0.0,9.0,37,0.24324324324324326,0.2653061224489796,"[0.2653061224489796, 0.2653061224489796, 0.2653061224489796, 0.2653061224489796, 0.2653061224489796, 0.2653061224489796, 0.2653061224489796, 0.2653061224489796, 0.2653061224489796, 0.2653061224489796, 0.2653061224489796, 0.2653061224489796, 0.2653061224489796, 0.2653061224489796, 0.2653061224489796, 0.2653061224489796, 0.2653061224489796, 0.2653061224489796, 0.2653061224489796, 0.2653061224489796, 0.2653061224489796, 0.2653061224489796, 0.2653061224489796, 0.2653061224489796, 0.2653061224489796, 0.2653061224489796, 0.2653061224489796, 0.2653061224489796, 0.2653061224489796, 0.2653061224489796, 0.2653061224489796, 0.2653061224489796]",0.0,288,301989888,25165824,64,1,327155712,5033164.8,4718592.0,25165824.0,0,0,0,prefix,"[[0, 1, 2, 3, 4, 5, 6, 7, 8], [0, 1, 2, 3, 4, 5, 6, 7, 8], [0, 1, 2, 3, 4, 5, 6, 7, 8], [0, 1, 2, 3, 4, 5, 6, 7, 8], [0, 1, 2, 3, 4, 5, 6, 7, 8], [0, 1, 2, 3, 4, 5, 6, 7, 8], [0, 1, 2, 3, 4, 5, 6, 7, 8], [0, 1, 2, 3, 4, 5, 6, 7, 8], [0, 1, 2, 3, 4, 5, 6, 7, 8], [0, 1, 2, 3, 4, 5, 6, 7, 8], [0, 1, 2, 3, 4, 5, 6, 7, 8], [0, 1, 2, 3, 4, 5, 6, 7, 8], [0, 1, 2, 3, 4, 5, 6, 7, 8], [0, 1, 2, 3, 4, 5, 6, 7, 8], [0, 1, 2, 3, 4, 5, 6, 7, 8], [0, 1, 2, 3, 4, 5, 6, 7, 8], [0, 1, 2, 3, 4, 5, 6, 7, 8], [0, 1, 2, 3, 4, 5, 6, 7, 8], [0, 1, 2, 3, 4, 5, 6, 7, 8], [0, 1, 2, 3, 4, 5, 6, 7, 8], [0, 1, 2, 3, 4, 5, 6, 7, 8], [0, 1, 2, 3, 4, 5, 6, 7, 8], [0, 1, 2, 3, 4, 5, 6, 7, 8], [0, 1, 2, 3, 4, 5, 6, 7, 8], [0, 1, 2, 3, 4, 5, 6, 7, 8], [0, 1, 2, 3, 4, 5, 6, 7, 8], [0, 1, 2, 3, 4, 5, 6, 7, 8], [0, 1, 2, 3, 4, 5, 6, 7, 8], [0, 1, 2, 3, 4, 5, 6, 7, 8], [0, 1, 2, 3, 4, 5, 6, 7, 8], [0, 1, 2, 3, 4, 5, 6, 7, 8], [0, 1, 2, 3, 4, 5, 6, 7, 8]]",sidecar,True,calib_importance_sep_tail,0
gqa,fullload,FullLoad,1.0,full,n154856,201228066,What is in front of the silver car?,Bench,"[""van""]",0.0,4111,3,calib_importance_sep_tail,4,fullload,,343.43295404687524,,,565.6444788910449,569.7858969215304,42.659609112888575,612.4455060344189,767557632,1472,64,,489.9953940184787,,,1.0,1.0,null,0.0,,767557632,0,64,0,767557632,11993088.0,11993088.0,0.0,,,,,null,,,,0
gqa,layout_prefix_chunk,Layout+Prefix,0.25,chunk,n154856,201228066,What is in front of the silver car?,Bench,"[""van""]",0.0,4111,3,calib_importance_sep_tail,4,prefix,0.19477319438010454,146.61005069501698,43.26697636861354,214.58055509719998,39.472587988711894,254.11370606161654,36.44815995357931,290.56186601519585,213909504,384,65,166.3907259935513,0.0,6.0,23,0.2608695652173913,0.2786885245901639,"[0.2786885245901639, 0.2786885245901639, 0.2786885245901639, 0.2786885245901639, 0.2786885245901639, 0.2786885245901639, 0.2786885245901639, 0.2786885245901639, 0.2786885245901639, 0.2786885245901639, 0.2786885245901639, 0.2786885245901639, 0.2786885245901639, 0.2786885245901639, 0.2786885245901639, 0.2786885245901639, 0.2786885245901639, 0.2786885245901639, 0.2786885245901639, 0.2786885245901639, 0.2786885245901639, 0.2786885245901639, 0.2786885245901639, 0.2786885245901639, 0.2786885245901639, 0.2786885245901639, 0.2786885245901639, 0.2786885245901639, 0.2786885245901639, 0.2786885245901639, 0.2786885245901639, 0.2786885245901639]",0.0,192,201326592,12582912,64,1,213909504,3290915.446153846,3145728.0,12582912.0,0,0,0,prefix,"[[0, 1, 2, 3, 4, 5], [0, 1, 2, 3, 4, 5], [0, 1, 2, 3, 4, 5], [0, 1, 2, 3, 4, 5], [0, 1, 2, 3, 4, 5], [0, 1, 2, 3, 4, 5], [0, 1, 2, 3, 4, 5], [0, 1, 2, 3, 4, 5], [0, 1, 2, 3, 4, 5], [0, 1, 2, 3, 4, 5], [0, 1, 2, 3, 4, 5], [0, 1, 2, 3, 4, 5], [0, 1, 2, 3, 4, 5], [0, 1, 2, 3, 4, 5], [0, 1, 2, 3, 4, 5], [0, 1, 2, 3, 4, 5], [0, 1, 2, 3, 4, 5], [0, 1, 2, 3, 4, 5], [0, 1, 2, 3, 4, 5], [0, 1, 2, 3, 4, 5], [0, 1, 2, 3, 4, 5], [0, 1, 2, 3, 4, 5], [0, 1, 2, 3, 4, 5], [0, 1, 2, 3, 4, 5], [0, 1, 2, 3, 4, 5], [0, 1, 2, 3, 4, 5], [0, 1, 2, 3, 4, 5], [0, 1, 2, 3, 4, 5], [0, 1, 2, 3, 4, 5], [0, 1, 2, 3, 4, 5], [0, 1, 2, 3, 4, 5], [0, 1, 2, 3, 4, 5]]",sidecar,True,calib_importance_sep_tail,0
gqa,fullload,FullLoad,1.0,full,n154856,201228177,Which shape is the glass window?,Rectangular,"[""rectangular""]",1.0,22914,3,calib_importance_sep_tail,4,fullload,,369.4321137154475,,,579.620213015005,583.7207189761102,42.33882995322347,626.0595489293337,767557632,1472,64,,509.27843572571874,,,1.0,1.0,null,0.0,,767557632,0,64,0,767557632,11993088.0,11993088.0,0.0,,,,,null,,,,0
gqa,layout_prefix_chunk,Layout+Prefix,0.25,chunk,n154856,201228177,Which shape is the glass window?,Rectangular,"[""rectangular""]",1.0,22914,3,calib_importance_sep_tail,4,prefix,0.12878573033958673,129.29620314389467,33.919542795047164,182.7627719612792,34.78761704172939,217.59611298330128,38.133759051561356,255.72987203486264,213909504,384,65,144.2023430718109,0.0,6.0,23,0.2608695652173913,0.2786885245901639,"[0.2786885245901639, 0.2786885245901639, 0.2786885245901639, 0.2786885245901639, 0.2786885245901639, 0.2786885245901639, 0.2786885245901639, 0.2786885245901639, 0.2786885245901639, 0.2786885245901639, 0.2786885245901639, 0.2786885245901639, 0.2786885245901639, 0.2786885245901639, 0.2786885245901639, 0.2786885245901639, 0.2786885245901639, 0.2786885245901639, 0.2786885245901639, 0.2786885245901639, 0.2786885245901639, 0.2786885245901639, 0.2786885245901639, 0.2786885245901639, 0.2786885245901639, 0.2786885245901639, 0.2786885245901639, 0.2786885245901639, 0.2786885245901639, 0.2786885245901639, 0.2786885245901639, 0.2786885245901639]",0.0,192,201326592,12582912,64,1,213909504,3290915.446153846,3145728.0,12582912.0,0,0,0,prefix,"[[0, 1, 2, 3, 4, 5], [0, 1, 2, 3, 4, 5], [0, 1, 2, 3, 4, 5], [0, 1, 2, 3, 4, 5], [0, 1, 2, 3, 4, 5], [0, 1, 2, 3, 4, 5], [0, 1, 2, 3, 4, 5], [0, 1, 2, 3, 4, 5], [0, 1, 2, 3, 4, 5], [0, 1, 2, 3, 4, 5], [0, 1, 2, 3, 4, 5], [0, 1, 2, 3, 4, 5], [0, 1, 2, 3, 4, 5], [0, 1, 2, 3, 4, 5], [0, 1, 2, 3, 4, 5], [0, 1, 2, 3, 4, 5], [0, 1, 2, 3, 4, 5], [0, 1, 2, 3, 4, 5], [0, 1, 2, 3, 4, 5], [0, 1, 2, 3, 4, 5], [0, 1, 2, 3, 4, 5], [0, 1, 2, 3, 4, 5], [0, 1, 2, 3, 4, 5], [0, 1, 2, 3, 4, 5], [0, 1, 2, 3, 4, 5], [0, 1, 2, 3, 4, 5], [0, 1, 2, 3, 4, 5], [0, 1, 2, 3, 4, 5], [0, 1, 2, 3, 4, 5], [0, 1, 2, 3, 4, 5], [0, 1, 2, 3, 4, 5], [0, 1, 2, 3, 4, 5]]",sidecar,True,calib_importance_sep_tail,0
gqa,fullload,FullLoad,1.0,full,n154856,201227859,Is the lamp made of the same material as the van?,No,"[""yes""]",0.0,1939,2,calib_importance_sep_tail,4,fullload,,345.60202003922313,,,540.3896149946377,544.4023930467665,24.746070965193212,569.1484640119597,767557632,1472,64,,478.4095272189006,,,1.0,1.0,null,0.0,,767557632,0,64,0,767557632,11993088.0,11993088.0,0.0,,,,,null,,,,0
gqa,layout_prefix_chunk,Layout+Prefix,0.25,chunk,n154856,201227859,Is the lamp made of the same material as the van?,No,"[""yes""]",0.0,1939,2,calib_importance_sep_tail,4,prefix,0.1949869329109788,141.62334031425416,44.148423126898706,211.68269799090922,55.00066897366196,266.7474600020796,18.186731031164527,284.93419103324413,213909504,384,65,162.42209274787456,0.0,6.0,23,0.2608695652173913,0.2786885245901639,"[0.2786885245901639, 0.2786885245901639, 0.2786885245901639, 0.2786885245901639, 0.2786885245901639, 0.2786885245901639, 0.2786885245901639, 0.2786885245901639, 0.2786885245901639, 0.2786885245901639, 0.2786885245901639, 0.2786885245901639, 0.2786885245901639, 0.2786885245901639, 0.2786885245901639, 0.2786885245901639, 0.2786885245901639, 0.2786885245901639, 0.2786885245901639, 0.2786885245901639, 0.2786885245901639, 0.2786885245901639, 0.2786885245901639, 0.2786885245901639, 0.2786885245901639, 0.2786885245901639, 0.2786885245901639, 0.2786885245901639, 0.2786885245901639, 0.2786885245901639, 0.2786885245901639, 0.2786885245901639]",0.0,192,201326592,12582912,64,1,213909504,3290915.446153846,3145728.0,12582912.0,0,0,0,prefix,"[[0, 1, 2, 3, 4, 5], [0, 1, 2, 3, 4, 5], [0, 1, 2, 3, 4, 5], [0, 1, 2, 3, 4, 5], [0, 1, 2, 3, 4, 5], [0, 1, 2, 3, 4, 5], [0, 1, 2, 3, 4, 5], [0, 1, 2, 3, 4, 5], [0, 1, 2, 3, 4, 5], [0, 1, 2, 3, 4, 5], [0, 1, 2, 3, 4, 5], [0, 1, 2, 3, 4, 5], [0, 1, 2, 3, 4, 5], [0, 1, 2, 3, 4, 5], [0, 1, 2, 3, 4, 5], [0, 1, 2, 3, 4, 5], [0, 1, 2, 3, 4, 5], [0, 1, 2, 3, 4, 5], [0, 1, 2, 3, 4, 5], [0, 1, 2, 3, 4, 5], [0, 1, 2, 3, 4, 5], [0, 1, 2, 3, 4, 5], [0, 1, 2, 3, 4, 5], [0, 1, 2, 3, 4, 5], [0, 1, 2, 3, 4, 5], [0, 1, 2, 3, 4, 5], [0, 1, 2, 3, 4, 5], [0, 1, 2, 3, 4, 5], [0, 1, 2, 3, 4, 5], [0, 1, 2, 3, 4, 5], [0, 1, 2, 3, 4, 5], [0, 1, 2, 3, 4, 5]]",sidecar,True,calib_importance_sep_tail,0
gqa,fullload,FullLoad,1.0,full,n154856,201228068,What is the vehicle that that van is in front of?,Car,"[""car""]",1.0,1704,2,calib_importance_sep_tail,4,fullload,,382.29255098849535,,,602.5564880110323,606.6725429845974,19.39644105732441,626.0689840419218,767557632,1472,64,,526.8947066506371,,,1.0,1.0,null,0.0,,767557632,0,64,0,767557632,11993088.0,11993088.0,0.0,,,,,null,,,,0
gqa,layout_prefix_chunk,Layout+Prefix,0.25,chunk,n154856,201228068,What is the vehicle that that van is in front of?,Car,"[""car""]",1.0,1704,2,calib_importance_sep_tail,4,prefix,0.13412605039775372,130.86701626889408,34.673057962208986,186.02880102116615,61.03144201915711,247.11968994233757,18.700940068811178,265.82063001114875,213909504,384,65,146.62919600959867,0.0,6.0,23,0.2608695652173913,0.2786885245901639,"[0.2786885245901639, 0.2786885245901639, 0.2786885245901639, 0.2786885245901639, 0.2786885245901639, 0.2786885245901639, 0.2786885245901639, 0.2786885245901639, 0.2786885245901639, 0.2786885245901639, 0.2786885245901639, 0.2786885245901639, 0.2786885245901639, 0.2786885245901639, 0.2786885245901639, 0.2786885245901639, 0.2786885245901639, 0.2786885245901639, 0.2786885245901639, 0.2786885245901639, 0.2786885245901639, 0.2786885245901639, 0.2786885245901639, 0.2786885245901639, 0.2786885245901639, 0.2786885245901639, 0.2786885245901639, 0.2786885245901639, 0.2786885245901639, 0.2786885245901639, 0.2786885245901639, 0.2786885245901639]",0.0,192,201326592,12582912,64,1,213909504,3290915.446153846,3145728.0,12582912.0,0,0,0,prefix,"[[0, 1, 2, 3, 4, 5], [0, 1, 2, 3, 4, 5], [0, 1, 2, 3, 4, 5], [0, 1, 2, 3, 4, 5], [0, 1, 2, 3, 4, 5], [0, 1, 2, 3, 4, 5], [0, 1, 2, 3, 4, 5], [0, 1, 2, 3, 4, 5], [0, 1, 2, 3, 4, 5], [0, 1, 2, 3, 4, 5], [0, 1, 2, 3, 4, 5], [0, 1, 2, 3, 4, 5], [0, 1, 2, 3, 4, 5], [0, 1, 2, 3, 4, 5], [0, 1, 2, 3, 4, 5], [0, 1, 2, 3, 4, 5], [0, 1, 2, 3, 4, 5], [0, 1, 2, 3, 4, 5], [0, 1, 2, 3, 4, 5], [0, 1, 2, 3, 4, 5], [0, 1, 2, 3, 4, 5], [0, 1, 2, 3, 4, 5], [0, 1, 2, 3, 4, 5], [0, 1, 2, 3, 4, 5], [0, 1, 2, 3, 4, 5], [0, 1, 2, 3, 4, 5], [0, 1, 2, 3, 4, 5], [0, 1, 2, 3, 4, 5], [0, 1, 2, 3, 4, 5], [0, 1, 2, 3, 4, 5], [0, 1, 2, 3, 4, 5], [0, 1, 2, 3, 4, 5]]",sidecar,True,calib_importance_sep_tail,0
gqa,fullload,FullLoad,1.0,full,n154856,201228119,What kind of vehicle isn't black?,Car,"[""van""]",0.0,1704,2,calib_importance_sep_tail,4,fullload,,389.4010130316019,,,594.2410390125588,598.3397989766672,31.1173009686172,629.4570999452844,767557632,1472,64,,527.6634013280272,,,1.0,1.0,null,0.0,,767557632,0,64,0,767557632,11993088.0,11993088.0,0.0,,,,,null,,,,0
gqa,layout_prefix_chunk,Layout+Prefix,0.25,chunk,n154856,201228119,What kind of vehicle isn't black?,Car,"[""van""]",0.0,1704,2,calib_importance_sep_tail,4,prefix,0.18151744734495878,139.00698779616505,42.95466491021216,208.39930092915893,35.581646021455526,244.0256349509582,18.2889070129022,262.3145419638604,213909504,384,65,160.51335888914764,0.0,6.0,23,0.2608695652173913,0.2786885245901639,"[0.2786885245901639, 0.2786885245901639, 0.2786885245901639, 0.2786885245901639, 0.2786885245901639, 0.2786885245901639, 0.2786885245901639, 0.2786885245901639, 0.2786885245901639, 0.2786885245901639, 0.2786885245901639, 0.2786885245901639, 0.2786885245901639, 0.2786885245901639, 0.2786885245901639, 0.2786885245901639, 0.2786885245901639, 0.2786885245901639, 0.2786885245901639, 0.2786885245901639, 0.2786885245901639, 0.2786885245901639, 0.2786885245901639, 0.2786885245901639, 0.2786885245901639, 0.2786885245901639, 0.2786885245901639, 0.2786885245901639, 0.2786885245901639, 0.2786885245901639, 0.2786885245901639, 0.2786885245901639]",0.0,192,201326592,12582912,64,1,213909504,3290915.446153846,3145728.0,12582912.0,0,0,0,prefix,"[[0, 1, 2, 3, 4, 5], [0, 1, 2, 3, 4, 5], [0, 1, 2, 3, 4, 5], [0, 1, 2, 3, 4, 5], [0, 1, 2, 3, 4, 5], [0, 1, 2, 3, 4, 5], [0, 1, 2, 3, 4, 5], [0, 1, 2, 3, 4, 5], [0, 1, 2, 3, 4, 5], [0, 1, 2, 3, 4, 5], [0, 1, 2, 3, 4, 5], [0, 1, 2, 3, 4, 5], [0, 1, 2, 3, 4, 5], [0, 1, 2, 3, 4, 5], [0, 1, 2, 3, 4, 5], [0, 1, 2, 3, 4, 5], [0, 1, 2, 3, 4, 5], [0, 1, 2, 3, 4, 5], [0, 1, 2, 3, 4, 5], [0, 1, 2, 3, 4, 5], [0, 1, 2, 3, 4, 5], [0, 1, 2, 3, 4, 5], [0, 1, 2, 3, 4, 5], [0, 1, 2, 3, 4, 5], [0, 1, 2, 3, 4, 5], [0, 1, 2, 3, 4, 5], [0, 1, 2, 3, 4, 5], [0, 1, 2, 3, 4, 5], [0, 1, 2, 3, 4, 5], [0, 1, 2, 3, 4, 5], [0, 1, 2, 3, 4, 5], [0, 1, 2, 3, 4, 5]]",sidecar,True,calib_importance_sep_tail,0
gqa,fullload,FullLoad,1.0,full,n154856,201228115,What vehicle is black?,Car,"[""car""]",1.0,1704,2,calib_importance_sep_tail,4,fullload,,371.5436515631154,,,593.1547380750999,597.2497439943254,23.57245294842869,620.8221969427541,767557632,1472,64,,517.1774945920333,,,1.0,1.0,null,0.0,,767557632,0,64,0,767557632,11993088.0,11993088.0,0.0,,,,,null,,,,0
gqa,layout_prefix_chunk,Layout+Prefix,0.25,chunk,n154856,201228115,What vehicle is black?,Car,"[""car""]",1.0,1704,2,calib_importance_sep_tail,4,prefix,0.14006812125444412,128.93881078343838,34.156273934058845,183.97670798003674,39.63653999380767,223.67797698825598,18.59597093425691,242.2739479225129,213909504,384,65,145.09296300821006,0.0,6.0,23,0.2608695652173913,0.2786885245901639,"[0.2786885245901639, 0.2786885245901639, 0.2786885245901639, 0.2786885245901639, 0.2786885245901639, 0.2786885245901639, 0.2786885245901639, 0.2786885245901639, 0.2786885245901639, 0.2786885245901639, 0.2786885245901639, 0.2786885245901639, 0.2786885245901639, 0.2786885245901639, 0.2786885245901639, 0.2786885245901639, 0.2786885245901639, 0.2786885245901639, 0.2786885245901639, 0.2786885245901639, 0.2786885245901639, 0.2786885245901639, 0.2786885245901639, 0.2786885245901639, 0.2786885245901639, 0.2786885245901639, 0.2786885245901639, 0.2786885245901639, 0.2786885245901639, 0.2786885245901639, 0.2786885245901639, 0.2786885245901639]",0.0,192,201326592,12582912,64,1,213909504,3290915.446153846,3145728.0,12582912.0,0,0,0,prefix,"[[0, 1, 2, 3, 4, 5], [0, 1, 2, 3, 4, 5], [0, 1, 2, 3, 4, 5], [0, 1, 2, 3, 4, 5], [0, 1, 2, 3, 4, 5], [0, 1, 2, 3, 4, 5], [0, 1, 2, 3, 4, 5], [0, 1, 2, 3, 4, 5], [0, 1, 2, 3, 4, 5], [0, 1, 2, 3, 4, 5], [0, 1, 2, 3, 4, 5], [0, 1, 2, 3, 4, 5], [0, 1, 2, 3, 4, 5], [0, 1, 2, 3, 4, 5], [0, 1, 2, 3, 4, 5], [0, 1, 2, 3, 4, 5], [0, 1, 2, 3, 4, 5], [0, 1, 2, 3, 4, 5], [0, 1, 2, 3, 4, 5], [0, 1, 2, 3, 4, 5], [0, 1, 2, 3, 4, 5], [0, 1, 2, 3, 4, 5], [0, 1, 2, 3, 4, 5], [0, 1, 2, 3, 4, 5], [0, 1, 2, 3, 4, 5], [0, 1, 2, 3, 4, 5], [0, 1, 2, 3, 4, 5], [0, 1, 2, 3, 4, 5], [0, 1, 2, 3, 4, 5], [0, 1, 2, 3, 4, 5], [0, 1, 2, 3, 4, 5], [0, 1, 2, 3, 4, 5]]",sidecar,True,calib_importance_sep_tail,0
gqa,fullload,FullLoad,1.0,full,n567860,201756711,"What kind of fruit is the white kitten playing with, an apple or a banana?",Banana,"[""banana""]",1.0,10765,3,calib_importance_sep_tail,4,fullload,,438.9911371981725,,,804.0889699477702,809.3595139216632,37.202651030384004,846.5621649520472,1226833920,2368,64,,757.7812843956053,,,1.0,1.0,null,0.0,,1226833920,0,64,0,1226833920,19169280.0,19169280.0,0.0,,,,,null,,,,0
gqa,layout_prefix_chunk,Layout+Prefix,0.25,chunk,n567860,201756711,"What kind of fruit is the white kitten playing with, an apple or a banana?",Banana,"[""banana""]",1.0,10765,3,calib_importance_sep_tail,4,prefix,0.2517950488254428,167.23385802470148,57.325527421198785,264.64703993406147,54.683416965417564,319.39195992890745,37.623526994138956,357.0154869230464,320864256,576,65,200.94717456959188,0.0,9.0,37,0.24324324324324326,0.26153846153846155,"[0.26153846153846155, 0.26153846153846155, 0.26153846153846155, 0.26153846153846155, 0.26153846153846155, 0.26153846153846155, 0.26153846153846155, 0.26153846153846155, 0.26153846153846155, 0.26153846153846155, 0.26153846153846155, 0.26153846153846155, 0.26153846153846155, 0.26153846153846155, 0.26153846153846155, 0.26153846153846155, 0.26153846153846155, 0.26153846153846155, 0.26153846153846155, 0.26153846153846155, 0.26153846153846155, 0.26153846153846155, 0.26153846153846155, 0.26153846153846155, 0.26153846153846155, 0.26153846153846155, 0.26153846153846155, 0.26153846153846155, 0.26153846153846155, 0.26153846153846155, 0.26153846153846155, 0.26153846153846155]",0.0,288,301989888,18874368,64,1,320864256,4936373.169230769,4718592.0,18874368.0,0,0,0,prefix,"[[0, 1, 2, 3, 4, 5, 6, 7, 8], [0, 1, 2, 3, 4, 5, 6, 7, 8], [0, 1, 2, 3, 4, 5, 6, 7, 8], [0, 1, 2, 3, 4, 5, 6, 7, 8], [0, 1, 2, 3, 4, 5, 6, 7, 8], [0, 1, 2, 3, 4, 5, 6, 7, 8], [0, 1, 2, 3, 4, 5, 6, 7, 8], [0, 1, 2, 3, 4, 5, 6, 7, 8], [0, 1, 2, 3, 4, 5, 6, 7, 8], [0, 1, 2, 3, 4, 5, 6, 7, 8], [0, 1, 2, 3, 4, 5, 6, 7, 8], [0, 1, 2, 3, 4, 5, 6, 7, 8], [0, 1, 2, 3, 4, 5, 6, 7, 8], [0, 1, 2, 3, 4, 5, 6, 7, 8], [0, 1, 2, 3, 4, 5, 6, 7, 8], [0, 1, 2, 3, 4, 5, 6, 7, 8], [0, 1, 2, 3, 4, 5, 6, 7, 8], [0, 1, 2, 3, 4, 5, 6, 7, 8], [0, 1, 2, 3, 4, 5, 6, 7, 8], [0, 1, 2, 3, 4, 5, 6, 7, 8], [0, 1, 2, 3, 4, 5, 6, 7, 8], [0, 1, 2, 3, 4, 5, 6, 7, 8], [0, 1, 2, 3, 4, 5, 6, 7, 8], [0, 1, 2, 3, 4, 5, 6, 7, 8], [0, 1, 2, 3, 4, 5, 6, 7, 8], [0, 1, 2, 3, 4, 5, 6, 7, 8], [0, 1, 2, 3, 4, 5, 6, 7, 8], [0, 1, 2, 3, 4, 5, 6, 7, 8], [0, 1, 2, 3, 4, 5, 6, 7, 8], [0, 1, 2, 3, 4, 5, 6, 7, 8], [0, 1, 2, 3, 4, 5, 6, 7, 8], [0, 1, 2, 3, 4, 5, 6, 7, 8]]",sidecar,True,calib_importance_sep_tail,0
gqa,fullload,FullLoad,1.0,full,n567860,201756719,What animal is lying on top of the countertop?,Cat,"[""kitten""]",0.0,10459,2,calib_importance_sep_tail,4,fullload,,432.99735174514353,,,754.5302120270208,759.8683980759233,20.157794002443552,780.0261920783669,1226833920,2368,64,,705.3547841496766,,,1.0,1.0,null,0.0,,1226833920,0,64,0,1226833920,19169280.0,19169280.0,0.0,,,,,null,,,,0
gqa,layout_prefix_chunk,Layout+Prefix,0.25,chunk,n567860,201756719,What animal is lying on top of the countertop?,Cat,"[""kitten""]",0.0,10459,2,calib_importance_sep_tail,4,prefix,0.2547558397054672,216.47624869365245,138.23881407734007,446.95196906104684,43.45339199062437,490.474954014644,19.33939103037119,509.8143450450152,320864256,576,65,302.2487391717732,0.0,9.0,37,0.24324324324324326,0.26153846153846155,"[0.26153846153846155, 0.26153846153846155, 0.26153846153846155, 0.26153846153846155, 0.26153846153846155, 0.26153846153846155, 0.26153846153846155, 0.26153846153846155, 0.26153846153846155, 0.26153846153846155, 0.26153846153846155, 0.26153846153846155, 0.26153846153846155, 0.26153846153846155, 0.26153846153846155, 0.26153846153846155, 0.26153846153846155, 0.26153846153846155, 0.26153846153846155, 0.26153846153846155, 0.26153846153846155, 0.26153846153846155, 0.26153846153846155, 0.26153846153846155, 0.26153846153846155, 0.26153846153846155, 0.26153846153846155, 0.26153846153846155, 0.26153846153846155, 0.26153846153846155, 0.26153846153846155, 0.26153846153846155]",0.0,288,301989888,18874368,64,1,320864256,4936373.169230769,4718592.0,18874368.0,0,0,0,prefix,"[[0, 1, 2, 3, 4, 5, 6, 7, 8], [0, 1, 2, 3, 4, 5, 6, 7, 8], [0, 1, 2, 3, 4, 5, 6, 7, 8], [0, 1, 2, 3, 4, 5, 6, 7, 8], [0, 1, 2, 3, 4, 5, 6, 7, 8], [0, 1, 2, 3, 4, 5, 6, 7, 8], [0, 1, 2, 3, 4, 5, 6, 7, 8], [0, 1, 2, 3, 4, 5, 6, 7, 8], [0, 1, 2, 3, 4, 5, 6, 7, 8], [0, 1, 2, 3, 4, 5, 6, 7, 8], [0, 1, 2, 3, 4, 5, 6, 7, 8], [0, 1, 2, 3, 4, 5, 6, 7, 8], [0, 1, 2, 3, 4, 5, 6, 7, 8], [0, 1, 2, 3, 4, 5, 6, 7, 8], [0, 1, 2, 3, 4, 5, 6, 7, 8], [0, 1, 2, 3, 4, 5, 6, 7, 8], [0, 1, 2, 3, 4, 5, 6, 7, 8], [0, 1, 2, 3, 4, 5, 6, 7, 8], [0, 1, 2, 3, 4, 5, 6, 7, 8], [0, 1, 2, 3, 4, 5, 6, 7, 8], [0, 1, 2, 3, 4, 5, 6, 7, 8], [0, 1, 2, 3, 4, 5, 6, 7, 8], [0, 1, 2, 3, 4, 5, 6, 7, 8], [0, 1, 2, 3, 4, 5, 6, 7, 8], [0, 1, 2, 3, 4, 5, 6, 7, 8], [0, 1, 2, 3, 4, 5, 6, 7, 8], [0, 1, 2, 3, 4, 5, 6, 7, 8], [0, 1, 2, 3, 4, 5, 6, 7, 8], [0, 1, 2, 3, 4, 5, 6, 7, 8], [0, 1, 2, 3, 4, 5, 6, 7, 8], [0, 1, 2, 3, 4, 5, 6, 7, 8], [0, 1, 2, 3, 4, 5, 6, 7, 8]]",sidecar,True,calib_importance_sep_tail,0
gqa,fullload,FullLoad,1.0,full,n567860,201756948,What does the banana bunch hang above?,Cat,"[""countertop""]",0.0,10459,2,calib_importance_sep_tail,4,fullload,,462.1098986826837,,,801.5702300472185,807.0536530576646,19.47333593852818,826.5269889961928,1226833920,2368,64,,757.046461571008,,,1.0,1.0,null,0.0,,1226833920,0,64,0,1226833920,19169280.0,19169280.0,0.0,,,,,null,,,,0
gqa,layout_prefix_chunk,Layout+Prefix,0.25,chunk,n567860,201756948,What does the banana bunch hang above?,Cat,"[""countertop""]",0.0,10459,2,calib_importance_sep_tail,4,prefix,0.2207342768087983,164.85670616384596,49.89864211529493,247.119082021527,36.16711497306824,283.335524960421,19.143601995892823,302.47912695631385,320864256,576,65,191.0519398516044,0.0,9.0,37,0.24324324324324326,0.26153846153846155,"[0.26153846153846155, 0.26153846153846155, 0.26153846153846155, 0.26153846153846155, 0.26153846153846155, 0.26153846153846155, 0.26153846153846155, 0.26153846153846155, 0.26153846153846155, 0.26153846153846155, 0.26153846153846155, 0.26153846153846155, 0.26153846153846155, 0.26153846153846155, 0.26153846153846155, 0.26153846153846155, 0.26153846153846155, 0.26153846153846155, 0.26153846153846155, 0.26153846153846155, 0.26153846153846155, 0.26153846153846155, 0.26153846153846155, 0.26153846153846155, 0.26153846153846155, 0.26153846153846155, 0.26153846153846155, 0.26153846153846155, 0.26153846153846155, 0.26153846153846155, 0.26153846153846155, 0.26153846153846155]",0.0,288,301989888,18874368,64,1,320864256,4936373.169230769,4718592.0,18874368.0,0,0,0,prefix,"[[0, 1, 2, 3, 4, 5, 6, 7, 8], [0, 1, 2, 3, 4, 5, 6, 7, 8], [0, 1, 2, 3, 4, 5, 6, 7, 8], [0, 1, 2, 3, 4, 5, 6, 7, 8], [0, 1, 2, 3, 4, 5, 6, 7, 8], [0, 1, 2, 3, 4, 5, 6, 7, 8], [0, 1, 2, 3, 4, 5, 6, 7, 8], [0, 1, 2, 3, 4, 5, 6, 7, 8], [0, 1, 2, 3, 4, 5, 6, 7, 8], [0, 1, 2, 3, 4, 5, 6, 7, 8], [0, 1, 2, 3, 4, 5, 6, 7, 8], [0, 1, 2, 3, 4, 5, 6, 7, 8], [0, 1, 2, 3, 4, 5, 6, 7, 8], [0, 1, 2, 3, 4, 5, 6, 7, 8], [0, 1, 2, 3, 4, 5, 6, 7, 8], [0, 1, 2, 3, 4, 5, 6, 7, 8], [0, 1, 2, 3, 4, 5, 6, 7, 8], [0, 1, 2, 3, 4, 5, 6, 7, 8], [0, 1, 2, 3, 4, 5, 6, 7, 8], [0, 1, 2, 3, 4, 5, 6, 7, 8], [0, 1, 2, 3, 4, 5, 6, 7, 8], [0, 1, 2, 3, 4, 5, 6, 7, 8], [0, 1, 2, 3, 4, 5, 6, 7, 8], [0, 1, 2, 3, 4, 5, 6, 7, 8], [0, 1, 2, 3, 4, 5, 6, 7, 8], [0, 1, 2, 3, 4, 5, 6, 7, 8], [0, 1, 2, 3, 4, 5, 6, 7, 8], [0, 1, 2, 3, 4, 5, 6, 7, 8], [0, 1, 2, 3, 4, 5, 6, 7, 8], [0, 1, 2, 3, 4, 5, 6, 7, 8], [0, 1, 2, 3, 4, 5, 6, 7, 8], [0, 1, 2, 3, 4, 5, 6, 7, 8]]",sidecar,True,calib_importance_sep_tail,0
gqa,fullload,FullLoad,1.0,full,n567860,201756553,What is the animal that is white?,Cat,"[""kitten""]",0.0,10459,2,calib_importance_sep_tail,4,fullload,,421.01728776469827,,,726.2118950020522,731.4291609218344,19.991585984826088,751.4207469066605,1226833920,2368,64,,680.7153872214258,,,1.0,1.0,null,0.0,,1226833920,0,64,0,1226833920,19169280.0,19169280.0,0.0,,,,,null,,,,0
gqa,layout_prefix_chunk,Layout+Prefix,0.25,chunk,n567860,201756553,What is the animal that is white?,Cat,"[""kitten""]",0.0,10459,2,calib_importance_sep_tail,4,prefix,0.2118626143783331,159.93115305900574,51.18226422928274,243.22977510746568,43.98014605976641,287.27002011146396,18.74984090682119,306.01986101828516,320864256,576,65,185.82811881788075,0.0,9.0,37,0.24324324324324326,0.26153846153846155,"[0.26153846153846155, 0.26153846153846155, 0.26153846153846155, 0.26153846153846155, 0.26153846153846155, 0.26153846153846155, 0.26153846153846155, 0.26153846153846155, 0.26153846153846155, 0.26153846153846155, 0.26153846153846155, 0.26153846153846155, 0.26153846153846155, 0.26153846153846155, 0.26153846153846155, 0.26153846153846155, 0.26153846153846155, 0.26153846153846155, 0.26153846153846155, 0.26153846153846155, 0.26153846153846155, 0.26153846153846155, 0.26153846153846155, 0.26153846153846155, 0.26153846153846155, 0.26153846153846155, 0.26153846153846155, 0.26153846153846155, 0.26153846153846155, 0.26153846153846155, 0.26153846153846155, 0.26153846153846155]",0.0,288,301989888,18874368,64,1,320864256,4936373.169230769,4718592.0,18874368.0,0,0,0,prefix,"[[0, 1, 2, 3, 4, 5, 6, 7, 8], [0, 1, 2, 3, 4, 5, 6, 7, 8], [0, 1, 2, 3, 4, 5, 6, 7, 8], [0, 1, 2, 3, 4, 5, 6, 7, 8], [0, 1, 2, 3, 4, 5, 6, 7, 8], [0, 1, 2, 3, 4, 5, 6, 7, 8], [0, 1, 2, 3, 4, 5, 6, 7, 8], [0, 1, 2, 3, 4, 5, 6, 7, 8], [0, 1, 2, 3, 4, 5, 6, 7, 8], [0, 1, 2, 3, 4, 5, 6, 7, 8], [0, 1, 2, 3, 4, 5, 6, 7, 8], [0, 1, 2, 3, 4, 5, 6, 7, 8], [0, 1, 2, 3, 4, 5, 6, 7, 8], [0, 1, 2, 3, 4, 5, 6, 7, 8], [0, 1, 2, 3, 4, 5, 6, 7, 8], [0, 1, 2, 3, 4, 5, 6, 7, 8], [0, 1, 2, 3, 4, 5, 6, 7, 8], [0, 1, 2, 3, 4, 5, 6, 7, 8], [0, 1, 2, 3, 4, 5, 6, 7, 8], [0, 1, 2, 3, 4, 5, 6, 7, 8], [0, 1, 2, 3, 4, 5, 6, 7, 8], [0, 1, 2, 3, 4, 5, 6, 7, 8], [0, 1, 2, 3, 4, 5, 6, 7, 8], [0, 1, 2, 3, 4, 5, 6, 7, 8], [0, 1, 2, 3, 4, 5, 6, 7, 8], [0, 1, 2, 3, 4, 5, 6, 7, 8], [0, 1, 2, 3, 4, 5, 6, 7, 8], [0, 1, 2, 3, 4, 5, 6, 7, 8], [0, 1, 2, 3, 4, 5, 6, 7, 8], [0, 1, 2, 3, 4, 5, 6, 7, 8], [0, 1, 2, 3, 4, 5, 6, 7, 8], [0, 1, 2, 3, 4, 5, 6, 7, 8]]",sidecar,True,calib_importance_sep_tail,0
gqa,fullload,FullLoad,1.0,full,n567860,201756558,What animal is young?,Cat,"[""kitten""]",0.0,10459,2,calib_importance_sep_tail,4,fullload,,475.3893300658092,,,795.7188029540703,800.9550259448588,19.504090072587132,820.4591160174459,1226833920,2368,64,,743.4194426750764,,,1.0,1.0,null,0.0,,1226833920,0,64,0,1226833920,19169280.0,19169280.0,0.0,,,,,null,,,,0
gqa,layout_prefix_chunk,Layout+Prefix,0.25,chunk,n567860,201756558,What animal is young?,Cat,"[""kitten""]",0.0,10459,2,calib_importance_sep_tail,4,prefix,0.20272412803024054,149.6124272234738,45.00124079640955,226.96351096965373,35.51378892734647,262.5166849466041,18.95841001532972,281.4750949619338,320864256,576,65,176.0377228492871,0.0,9.0,37,0.24324324324324326,0.26153846153846155,"[0.26153846153846155, 0.26153846153846155, 0.26153846153846155, 0.26153846153846155, 0.26153846153846155, 0.26153846153846155, 0.26153846153846155, 0.26153846153846155, 0.26153846153846155, 0.26153846153846155, 0.26153846153846155, 0.26153846153846155, 0.26153846153846155, 0.26153846153846155, 0.26153846153846155, 0.26153846153846155, 0.26153846153846155, 0.26153846153846155, 0.26153846153846155, 0.26153846153846155, 0.26153846153846155, 0.26153846153846155, 0.26153846153846155, 0.26153846153846155, 0.26153846153846155, 0.26153846153846155, 0.26153846153846155, 0.26153846153846155, 0.26153846153846155, 0.26153846153846155, 0.26153846153846155, 0.26153846153846155]",0.0,288,301989888,18874368,64,1,320864256,4936373.169230769,4718592.0,18874368.0,0,0,0,prefix,"[[0, 1, 2, 3, 4, 5, 6, 7, 8], [0, 1, 2, 3, 4, 5, 6, 7, 8], [0, 1, 2, 3, 4, 5, 6, 7, 8], [0, 1, 2, 3, 4, 5, 6, 7, 8], [0, 1, 2, 3, 4, 5, 6, 7, 8], [0, 1, 2, 3, 4, 5, 6, 7, 8], [0, 1, 2, 3, 4, 5, 6, 7, 8], [0, 1, 2, 3, 4, 5, 6, 7, 8], [0, 1, 2, 3, 4, 5, 6, 7, 8], [0, 1, 2, 3, 4, 5, 6, 7, 8], [0, 1, 2, 3, 4, 5, 6, 7, 8], [0, 1, 2, 3, 4, 5, 6, 7, 8], [0, 1, 2, 3, 4, 5, 6, 7, 8], [0, 1, 2, 3, 4, 5, 6, 7, 8], [0, 1, 2, 3, 4, 5, 6, 7, 8], [0, 1, 2, 3, 4, 5, 6, 7, 8], [0, 1, 2, 3, 4, 5, 6, 7, 8], [0, 1, 2, 3, 4, 5, 6, 7, 8], [0, 1, 2, 3, 4, 5, 6, 7, 8], [0, 1, 2, 3, 4, 5, 6, 7, 8], [0, 1, 2, 3, 4, 5, 6, 7, 8], [0, 1, 2, 3, 4, 5, 6, 7, 8], [0, 1, 2, 3, 4, 5, 6, 7, 8], [0, 1, 2, 3, 4, 5, 6, 7, 8], [0, 1, 2, 3, 4, 5, 6, 7, 8], [0, 1, 2, 3, 4, 5, 6, 7, 8], [0, 1, 2, 3, 4, 5, 6, 7, 8], [0, 1, 2, 3, 4, 5, 6, 7, 8], [0, 1, 2, 3, 4, 5, 6, 7, 8], [0, 1, 2, 3, 4, 5, 6, 7, 8], [0, 1, 2, 3, 4, 5, 6, 7, 8], [0, 1, 2, 3, 4, 5, 6, 7, 8]]",sidecar,True,calib_importance_sep_tail,0
gqa,fullload,FullLoad,1.0,full,n567860,201756771,Does the yellow fruit look unpeeled and ripe?,No,"[""yes""]",0.0,1939,2,calib_importance_sep_tail,4,fullload,,452.55732419900596,,,785.239162039943,790.4879520647228,18.758047022856772,809.2459990875795,1226833920,2368,64,,739.7749450756237,,,1.0,1.0,null,0.0,,1226833920,0,64,0,1226833920,19169280.0,19169280.0,0.0,,,,,null,,,,0
gqa,layout_prefix_chunk,Layout+Prefix,0.25,chunk,n567860,201756771,Does the yellow fruit look unpeeled and ripe?,No,"[""yes""]",0.0,1939,2,calib_importance_sep_tail,4,prefix,0.17067918088287115,161.74671682529151,43.11782692093402,235.15442700590938,36.1889029154554,271.3829099666327,19.098303047940135,290.48121301457286,320864256,576,65,186.20432273019105,0.0,9.0,37,0.24324324324324326,0.26153846153846155,"[0.26153846153846155, 0.26153846153846155, 0.26153846153846155, 0.26153846153846155, 0.26153846153846155, 0.26153846153846155, 0.26153846153846155, 0.26153846153846155, 0.26153846153846155, 0.26153846153846155, 0.26153846153846155, 0.26153846153846155, 0.26153846153846155, 0.26153846153846155, 0.26153846153846155, 0.26153846153846155, 0.26153846153846155, 0.26153846153846155, 0.26153846153846155, 0.26153846153846155, 0.26153846153846155, 0.26153846153846155, 0.26153846153846155, 0.26153846153846155, 0.26153846153846155, 0.26153846153846155, 0.26153846153846155, 0.26153846153846155, 0.26153846153846155, 0.26153846153846155, 0.26153846153846155, 0.26153846153846155]",0.0,288,301989888,18874368,64,1,320864256,4936373.169230769,4718592.0,18874368.0,0,0,0,prefix,"[[0, 1, 2, 3, 4, 5, 6, 7, 8], [0, 1, 2, 3, 4, 5, 6, 7, 8], [0, 1, 2, 3, 4, 5, 6, 7, 8], [0, 1, 2, 3, 4, 5, 6, 7, 8], [0, 1, 2, 3, 4, 5, 6, 7, 8], [0, 1, 2, 3, 4, 5, 6, 7, 8], [0, 1, 2, 3, 4, 5, 6, 7, 8], [0, 1, 2, 3, 4, 5, 6, 7, 8], [0, 1, 2, 3, 4, 5, 6, 7, 8], [0, 1, 2, 3, 4, 5, 6, 7, 8], [0, 1, 2, 3, 4, 5, 6, 7, 8], [0, 1, 2, 3, 4, 5, 6, 7, 8], [0, 1, 2, 3, 4, 5, 6, 7, 8], [0, 1, 2, 3, 4, 5, 6, 7, 8], [0, 1, 2, 3, 4, 5, 6, 7, 8], [0, 1, 2, 3, 4, 5, 6, 7, 8], [0, 1, 2, 3, 4, 5, 6, 7, 8], [0, 1, 2, 3, 4, 5, 6, 7, 8], [0, 1, 2, 3, 4, 5, 6, 7, 8], [0, 1, 2, 3, 4, 5, 6, 7, 8], [0, 1, 2, 3, 4, 5, 6, 7, 8], [0, 1, 2, 3, 4, 5, 6, 7, 8], [0, 1, 2, 3, 4, 5, 6, 7, 8], [0, 1, 2, 3, 4, 5, 6, 7, 8], [0, 1, 2, 3, 4, 5, 6, 7, 8], [0, 1, 2, 3, 4, 5, 6, 7, 8], [0, 1, 2, 3, 4, 5, 6, 7, 8], [0, 1, 2, 3, 4, 5, 6, 7, 8], [0, 1, 2, 3, 4, 5, 6, 7, 8], [0, 1, 2, 3, 4, 5, 6, 7, 8], [0, 1, 2, 3, 4, 5, 6, 7, 8], [0, 1, 2, 3, 4, 5, 6, 7, 8]]",sidecar,True,calib_importance_sep_tail,0
gqa,fullload,FullLoad,1.0,full,n314171,201548698,What do you think is the alcohol in?,Blender,"[""blender""]",1.0,3164,3,calib_importance_sep_tail,4,fullload,,374.7581092175096,,,624.9691440025344,630.0500460201874,37.631356972269714,667.6814029924572,1132462080,2176,64,,571.320824092254,,,1.0,1.0,null,0.0,,1132462080,0,64,0,1132462080,17694720.0,17694720.0,0.0,,,,,null,,,,0
gqa,layout_prefix_chunk,Layout+Prefix,0.25,chunk,n314171,201548698,What do you think is the alcohol in?,Blender,"[""blender""]",1.0,3164,3,calib_importance_sep_tail,4,prefix,0.23408117704093456,157.80077397357672,54.0281020803377,246.84977403376251,63.688843976706266,310.60205795802176,40.870556025765836,351.4726139837876,293601280,512,65,186.72289326786995,0.0,8.0,34,0.23529411764705882,0.25925925925925924,"[0.25925925925925924, 0.25925925925925924, 0.25925925925925924, 0.25925925925925924, 0.25925925925925924, 0.25925925925925924, 0.25925925925925924, 0.25925925925925924, 0.25925925925925924, 0.25925925925925924, 0.25925925925925924, 0.25925925925925924, 0.25925925925925924, 0.25925925925925924, 0.25925925925925924, 0.25925925925925924, 0.25925925925925924, 0.25925925925925924, 0.25925925925925924, 0.25925925925925924, 0.25925925925925924, 0.25925925925925924, 0.25925925925925924, 0.25925925925925924, 0.25925925925925924, 0.25925925925925924, 0.25925925925925924, 0.25925925925925924, 0.25925925925925924, 0.25925925925925924, 0.25925925925925924, 0.25925925925925924]",0.0,256,268435456,25165824,64,1,293601280,4516942.769230769,4194304.0,25165824.0,0,0,0,prefix,"[[0, 1, 2, 3, 4, 5, 6, 7], [0, 1, 2, 3, 4, 5, 6, 7], [0, 1, 2, 3, 4, 5, 6, 7], [0, 1, 2, 3, 4, 5, 6, 7], [0, 1, 2, 3, 4, 5, 6, 7], [0, 1, 2, 3, 4, 5, 6, 7], [0, 1, 2, 3, 4, 5, 6, 7], [0, 1, 2, 3, 4, 5, 6, 7], [0, 1, 2, 3, 4, 5, 6, 7], [0, 1, 2, 3, 4, 5, 6, 7], [0, 1, 2, 3, 4, 5, 6, 7], [0, 1, 2, 3, 4, 5, 6, 7], [0, 1, 2, 3, 4, 5, 6, 7], [0, 1, 2, 3, 4, 5, 6, 7], [0, 1, 2, 3, 4, 5, 6, 7], [0, 1, 2, 3, 4, 5, 6, 7], [0, 1, 2, 3, 4, 5, 6, 7], [0, 1, 2, 3, 4, 5, 6, 7], [0, 1, 2, 3, 4, 5, 6, 7], [0, 1, 2, 3, 4, 5, 6, 7], [0, 1, 2, 3, 4, 5, 6, 7], [0, 1, 2, 3, 4, 5, 6, 7], [0, 1, 2, 3, 4, 5, 6, 7], [0, 1, 2, 3, 4, 5, 6, 7], [0, 1, 2, 3, 4, 5, 6, 7], [0, 1, 2, 3, 4, 5, 6, 7], [0, 1, 2, 3, 4, 5, 6, 7], [0, 1, 2, 3, 4, 5, 6, 7], [0, 1, 2, 3, 4, 5, 6, 7], [0, 1, 2, 3, 4, 5, 6, 7], [0, 1, 2, 3, 4, 5, 6, 7], [0, 1, 2, 3, 4, 5, 6, 7]]",sidecar,True,calib_importance_sep_tail,0
gqa,fullload,FullLoad,1.0,full,n314171,201549013,Is there a white flag or balloon?,No,"[""no""]",1.0,1939,2,calib_importance_sep_tail,4,fullload,,372.89941939525306,,,610.736571950838,615.7260449836031,19.1753760445863,634.9014210281894,1132462080,2176,64,,561.6787319304422,,,1.0,1.0,null,0.0,,1132462080,0,64,0,1132462080,17694720.0,17694720.0,0.0,,,,,null,,,,0
gqa,layout_prefix_chunk,Layout+Prefix,0.25,chunk,n314171,201549013,Is there a white flag or balloon?,No,"[""no""]",1.0,1939,2,calib_importance_sep_tail,4,prefix,0.23078103549778461,161.67321777902544,51.82188376784325,247.42219899781048,41.136592044495046,288.62057405058295,18.657290958799422,307.27786500938237,293601280,512,65,189.55506035126746,0.0,8.0,34,0.23529411764705882,0.25925925925925924,"[0.25925925925925924, 0.25925925925925924, 0.25925925925925924, 0.25925925925925924, 0.25925925925925924, 0.25925925925925924, 0.25925925925925924, 0.25925925925925924, 0.25925925925925924, 0.25925925925925924, 0.25925925925925924, 0.25925925925925924, 0.25925925925925924, 0.25925925925925924, 0.25925925925925924, 0.25925925925925924, 0.25925925925925924, 0.25925925925925924, 0.25925925925925924, 0.25925925925925924, 0.25925925925925924, 0.25925925925925924, 0.25925925925925924, 0.25925925925925924, 0.25925925925925924, 0.25925925925925924, 0.25925925925925924, 0.25925925925925924, 0.25925925925925924, 0.25925925925925924, 0.25925925925925924, 0.25925925925925924]",0.0,256,268435456,25165824,64,1,293601280,4516942.769230769,4194304.0,25165824.0,0,0,0,prefix,"[[0, 1, 2, 3, 4, 5, 6, 7], [0, 1, 2, 3, 4, 5, 6, 7], [0, 1, 2, 3, 4, 5, 6, 7], [0, 1, 2, 3, 4, 5, 6, 7], [0, 1, 2, 3, 4, 5, 6, 7], [0, 1, 2, 3, 4, 5, 6, 7], [0, 1, 2, 3, 4, 5, 6, 7], [0, 1, 2, 3, 4, 5, 6, 7], [0, 1, 2, 3, 4, 5, 6, 7], [0, 1, 2, 3, 4, 5, 6, 7], [0, 1, 2, 3, 4, 5, 6, 7], [0, 1, 2, 3, 4, 5, 6, 7], [0, 1, 2, 3, 4, 5, 6, 7], [0, 1, 2, 3, 4, 5, 6, 7], [0, 1, 2, 3, 4, 5, 6, 7], [0, 1, 2, 3, 4, 5, 6, 7], [0, 1, 2, 3, 4, 5, 6, 7], [0, 1, 2, 3, 4, 5, 6, 7], [0, 1, 2, 3, 4, 5, 6, 7], [0, 1, 2, 3, 4, 5, 6, 7], [0, 1, 2, 3, 4, 5, 6, 7], [0, 1, 2, 3, 4, 5, 6, 7], [0, 1, 2, 3, 4, 5, 6, 7], [0, 1, 2, 3, 4, 5, 6, 7], [0, 1, 2, 3, 4, 5, 6, 7], [0, 1, 2, 3, 4, 5, 6, 7], [0, 1, 2, 3, 4, 5, 6, 7], [0, 1, 2, 3, 4, 5, 6, 7], [0, 1, 2, 3, 4, 5, 6, 7], [0, 1, 2, 3, 4, 5, 6, 7], [0, 1, 2, 3, 4, 5, 6, 7], [0, 1, 2, 3, 4, 5, 6, 7]]",sidecar,True,calib_importance_sep_tail,0
gqa,fullload,FullLoad,1.0,full,n314171,201548970,Are there any small women or men?,No,"[""no""]",1.0,1939,2,calib_importance_sep_tail,4,fullload,,420.84897914901376,,,721.4392980094999,726.3809370342642,19.4042349467054,745.7851719809696,1132462080,2176,64,,676.3797622406855,,,1.0,1.0,null,0.0,,1132462080,0,64,0,1132462080,17694720.0,17694720.0,0.0,,,,,null,,,,0
gqa,layout_prefix_chunk,Layout+Prefix,0.25,chunk,n314171,201548970,Are there any small women or men?,No,"[""no""]",1.0,1939,2,calib_importance_sep_tail,4,prefix,0.22453581914305687,161.7121659219265,51.16008524782956,247.51554999966174,40.82899692002684,288.4062029188499,18.57288903556764,306.9790919544175,293601280,512,65,190.22381759714335,0.0,8.0,34,0.23529411764705882,0.25925925925925924,"[0.25925925925925924, 0.25925925925925924, 0.25925925925925924, 0.25925925925925924, 0.25925925925925924, 0.25925925925925924, 0.25925925925925924, 0.25925925925925924, 0.25925925925925924, 0.25925925925925924, 0.25925925925925924, 0.25925925925925924, 0.25925925925925924, 0.25925925925925924, 0.25925925925925924, 0.25925925925925924, 0.25925925925925924, 0.25925925925925924, 0.25925925925925924, 0.25925925925925924, 0.25925925925925924, 0.25925925925925924, 0.25925925925925924, 0.25925925925925924, 0.25925925925925924, 0.25925925925925924, 0.25925925925925924, 0.25925925925925924, 0.25925925925925924, 0.25925925925925924, 0.25925925925925924, 0.25925925925925924]",0.0,256,268435456,25165824,64,1,293601280,4516942.769230769,4194304.0,25165824.0,0,0,0,prefix,"[[0, 1, 2, 3, 4, 5, 6, 7], [0, 1, 2, 3, 4, 5, 6, 7], [0, 1, 2, 3, 4, 5, 6, 7], [0, 1, 2, 3, 4, 5, 6, 7], [0, 1, 2, 3, 4, 5, 6, 7], [0, 1, 2, 3, 4, 5, 6, 7], [0, 1, 2, 3, 4, 5, 6, 7], [0, 1, 2, 3, 4, 5, 6, 7], [0, 1, 2, 3, 4, 5, 6, 7], [0, 1, 2, 3, 4, 5, 6, 7], [0, 1, 2, 3, 4, 5, 6, 7], [0, 1, 2, 3, 4, 5, 6, 7], [0, 1, 2, 3, 4, 5, 6, 7], [0, 1, 2, 3, 4, 5, 6, 7], [0, 1, 2, 3, 4, 5, 6, 7], [0, 1, 2, 3, 4, 5, 6, 7], [0, 1, 2, 3, 4, 5, 6, 7], [0, 1, 2, 3, 4, 5, 6, 7], [0, 1, 2, 3, 4, 5, 6, 7], [0, 1, 2, 3, 4, 5, 6, 7], [0, 1, 2, 3, 4, 5, 6, 7], [0, 1, 2, 3, 4, 5, 6, 7], [0, 1, 2, 3, 4, 5, 6, 7], [0, 1, 2, 3, 4, 5, 6, 7], [0, 1, 2, 3, 4, 5, 6, 7], [0, 1, 2, 3, 4, 5, 6, 7], [0, 1, 2, 3, 4, 5, 6, 7], [0, 1, 2, 3, 4, 5, 6, 7], [0, 1, 2, 3, 4, 5, 6, 7], [0, 1, 2, 3, 4, 5, 6, 7], [0, 1, 2, 3, 4, 5, 6, 7], [0, 1, 2, 3, 4, 5, 6, 7]]",sidecar,True,calib_importance_sep_tail,0
gqa,fullload,FullLoad,1.0,full,n314171,201548952,"Which side of the photo is the woman on, the right or the left?",Right,"[""right""]",1.0,10428,2,calib_importance_sep_tail,4,fullload,,474.79571180883795,,,816.7395339114591,821.6704599326476,19.01539007667452,840.6858500093222,1132462080,2176,64,,763.2431666133925,,,1.0,1.0,null,0.0,,1132462080,0,64,0,1132462080,17694720.0,17694720.0,0.0,,,,,null,,,,0
gqa,layout_prefix_chunk,Layout+Prefix,0.25,chunk,n314171,201548952,"Which side of the photo is the woman on, the right or the left?",Right,"[""right""]",1.0,10428,2,calib_importance_sep_tail,4,prefix,0.20267837680876255,147.9648930253461,48.599037574604154,230.56506901048124,43.363832985050976,273.99074705317616,19.18535097502172,293.1760980281979,293601280,512,65,175.58427900075912,0.0,8.0,34,0.23529411764705882,0.25925925925925924,"[0.25925925925925924, 0.25925925925925924, 0.25925925925925924, 0.25925925925925924, 0.25925925925925924, 0.25925925925925924, 0.25925925925925924, 0.25925925925925924, 0.25925925925925924, 0.25925925925925924, 0.25925925925925924, 0.25925925925925924, 0.25925925925925924, 0.25925925925925924, 0.25925925925925924, 0.25925925925925924, 0.25925925925925924, 0.25925925925925924, 0.25925925925925924, 0.25925925925925924, 0.25925925925925924, 0.25925925925925924, 0.25925925925925924, 0.25925925925925924, 0.25925925925925924, 0.25925925925925924, 0.25925925925925924, 0.25925925925925924, 0.25925925925925924, 0.25925925925925924, 0.25925925925925924, 0.25925925925925924]",0.0,256,268435456,25165824,64,1,293601280,4516942.769230769,4194304.0,25165824.0,0,0,0,prefix,"[[0, 1, 2, 3, 4, 5, 6, 7], [0, 1, 2, 3, 4, 5, 6, 7], [0, 1, 2, 3, 4, 5, 6, 7], [0, 1, 2, 3, 4, 5, 6, 7], [0, 1, 2, 3, 4, 5, 6, 7], [0, 1, 2, 3, 4, 5, 6, 7], [0, 1, 2, 3, 4, 5, 6, 7], [0, 1, 2, 3, 4, 5, 6, 7], [0, 1, 2, 3, 4, 5, 6, 7], [0, 1, 2, 3, 4, 5, 6, 7], [0, 1, 2, 3, 4, 5, 6, 7], [0, 1, 2, 3, 4, 5, 6, 7], [0, 1, 2, 3, 4, 5, 6, 7], [0, 1, 2, 3, 4, 5, 6, 7], [0, 1, 2, 3, 4, 5, 6, 7], [0, 1, 2, 3, 4, 5, 6, 7], [0, 1, 2, 3, 4, 5, 6, 7], [0, 1, 2, 3, 4, 5, 6, 7], [0, 1, 2, 3, 4, 5, 6, 7], [0, 1, 2, 3, 4, 5, 6, 7], [0, 1, 2, 3, 4, 5, 6, 7], [0, 1, 2, 3, 4, 5, 6, 7], [0, 1, 2, 3, 4, 5, 6, 7], [0, 1, 2, 3, 4, 5, 6, 7], [0, 1, 2, 3, 4, 5, 6, 7], [0, 1, 2, 3, 4, 5, 6, 7], [0, 1, 2, 3, 4, 5, 6, 7], [0, 1, 2, 3, 4, 5, 6, 7], [0, 1, 2, 3, 4, 5, 6, 7], [0, 1, 2, 3, 4, 5, 6, 7], [0, 1, 2, 3, 4, 5, 6, 7], [0, 1, 2, 3, 4, 5, 6, 7]]",sidecar,True,calib_importance_sep_tail,0
gqa,fullload,FullLoad,1.0,full,n314171,201548929,What is the small room holding?,Shelf,"[""picture""]",0.0,1383,3,calib_importance_sep_tail,4,fullload,,482.5332168256864,,,852.9231870779768,858.1673240987584,39.67351699247956,897.840841091238,1132462080,2176,64,,800.7987878518179,,,1.0,1.0,null,0.0,,1132462080,0,64,0,1132462080,17694720.0,17694720.0,0.0,,,,,null,,,,0
gqa,layout_prefix_chunk,Layout+Prefix,0.25,chunk,n314171,201548929,What is the small room holding?,Blender,"[""picture""]",0.0,3164,3,calib_importance_sep_tail,4,prefix,0.1642212737351656,142.063211183995,41.93794552702457,212.35211903695017,35.38034902885556,247.7796870516613,37.30951400939375,285.08920106105506,293601280,512,65,164.78454787284136,0.0,8.0,34,0.23529411764705882,0.25925925925925924,"[0.25925925925925924, 0.25925925925925924, 0.25925925925925924, 0.25925925925925924, 0.25925925925925924, 0.25925925925925924, 0.25925925925925924, 0.25925925925925924, 0.25925925925925924, 0.25925925925925924, 0.25925925925925924, 0.25925925925925924, 0.25925925925925924, 0.25925925925925924, 0.25925925925925924, 0.25925925925925924, 0.25925925925925924, 0.25925925925925924, 0.25925925925925924, 0.25925925925925924, 0.25925925925925924, 0.25925925925925924, 0.25925925925925924, 0.25925925925925924, 0.25925925925925924, 0.25925925925925924, 0.25925925925925924, 0.25925925925925924, 0.25925925925925924, 0.25925925925925924, 0.25925925925925924, 0.25925925925925924]",0.0,256,268435456,25165824,64,1,293601280,4516942.769230769,4194304.0,25165824.0,0,0,0,prefix,"[[0, 1, 2, 3, 4, 5, 6, 7], [0, 1, 2, 3, 4, 5, 6, 7], [0, 1, 2, 3, 4, 5, 6, 7], [0, 1, 2, 3, 4, 5, 6, 7], [0, 1, 2, 3, 4, 5, 6, 7], [0, 1, 2, 3, 4, 5, 6, 7], [0, 1, 2, 3, 4, 5, 6, 7], [0, 1, 2, 3, 4, 5, 6, 7], [0, 1, 2, 3, 4, 5, 6, 7], [0, 1, 2, 3, 4, 5, 6, 7], [0, 1, 2, 3, 4, 5, 6, 7], [0, 1, 2, 3, 4, 5, 6, 7], [0, 1, 2, 3, 4, 5, 6, 7], [0, 1, 2, 3, 4, 5, 6, 7], [0, 1, 2, 3, 4, 5, 6, 7], [0, 1, 2, 3, 4, 5, 6, 7], [0, 1, 2, 3, 4, 5, 6, 7], [0, 1, 2, 3, 4, 5, 6, 7], [0, 1, 2, 3, 4, 5, 6, 7], [0, 1, 2, 3, 4, 5, 6, 7], [0, 1, 2, 3, 4, 5, 6, 7], [0, 1, 2, 3, 4, 5, 6, 7], [0, 1, 2, 3, 4, 5, 6, 7], [0, 1, 2, 3, 4, 5, 6, 7], [0, 1, 2, 3, 4, 5, 6, 7], [0, 1, 2, 3, 4, 5, 6, 7], [0, 1, 2, 3, 4, 5, 6, 7], [0, 1, 2, 3, 4, 5, 6, 7], [0, 1, 2, 3, 4, 5, 6, 7], [0, 1, 2, 3, 4, 5, 6, 7], [0, 1, 2, 3, 4, 5, 6, 7], [0, 1, 2, 3, 4, 5, 6, 7]]",sidecar,True,calib_importance_sep_tail,0
gqa,fullload,FullLoad,1.0,full,n314171,201548676,Is the drink that is to the right of the blender made of glass?,Yes,"[""yes""]",1.0,3869,2,calib_importance_sep_tail,4,fullload,,438.9478975208476,,,733.6630079662427,738.633144996129,19.640370039269328,758.2735150353983,1132462080,2176,64,,682.2912889765576,,,1.0,1.0,null,0.0,,1132462080,0,64,0,1132462080,17694720.0,17694720.0,0.0,,,,,null,,,,0
gqa,layout_prefix_chunk,Layout+Prefix,0.25,chunk,n314171,201548676,Is the drink that is to the right of the blender made of glass?,Yes,"[""yes""]",1.0,3869,2,calib_importance_sep_tail,4,prefix,0.21089590154588223,158.62657059915364,48.53211110457778,239.81737403664738,42.388322995975614,282.2657770011574,19.075685064308345,301.34146206546575,293601280,512,65,185.38672116119415,0.0,8.0,34,0.23529411764705882,0.25925925925925924,"[0.25925925925925924, 0.25925925925925924, 0.25925925925925924, 0.25925925925925924, 0.25925925925925924, 0.25925925925925924, 0.25925925925925924, 0.25925925925925924, 0.25925925925925924, 0.25925925925925924, 0.25925925925925924, 0.25925925925925924, 0.25925925925925924, 0.25925925925925924, 0.25925925925925924, 0.25925925925925924, 0.25925925925925924, 0.25925925925925924, 0.25925925925925924, 0.25925925925925924, 0.25925925925925924, 0.25925925925925924, 0.25925925925925924, 0.25925925925925924, 0.25925925925925924, 0.25925925925925924, 0.25925925925925924, 0.25925925925925924, 0.25925925925925924, 0.25925925925925924, 0.25925925925925924, 0.25925925925925924]",0.0,256,268435456,25165824,64,1,293601280,4516942.769230769,4194304.0,25165824.0,0,0,0,prefix,"[[0, 1, 2, 3, 4, 5, 6, 7], [0, 1, 2, 3, 4, 5, 6, 7], [0, 1, 2, 3, 4, 5, 6, 7], [0, 1, 2, 3, 4, 5, 6, 7], [0, 1, 2, 3, 4, 5, 6, 7], [0, 1, 2, 3, 4, 5, 6, 7], [0, 1, 2, 3, 4, 5, 6, 7], [0, 1, 2, 3, 4, 5, 6, 7], [0, 1, 2, 3, 4, 5, 6, 7], [0, 1, 2, 3, 4, 5, 6, 7], [0, 1, 2, 3, 4, 5, 6, 7], [0, 1, 2, 3, 4, 5, 6, 7], [0, 1, 2, 3, 4, 5, 6, 7], [0, 1, 2, 3, 4, 5, 6, 7], [0, 1, 2, 3, 4, 5, 6, 7], [0, 1, 2, 3, 4, 5, 6, 7], [0, 1, 2, 3, 4, 5, 6, 7], [0, 1, 2, 3, 4, 5, 6, 7], [0, 1, 2, 3, 4, 5, 6, 7], [0, 1, 2, 3, 4, 5, 6, 7], [0, 1, 2, 3, 4, 5, 6, 7], [0, 1, 2, 3, 4, 5, 6, 7], [0, 1, 2, 3, 4, 5, 6, 7], [0, 1, 2, 3, 4, 5, 6, 7], [0, 1, 2, 3, 4, 5, 6, 7], [0, 1, 2, 3, 4, 5, 6, 7], [0, 1, 2, 3, 4, 5, 6, 7], [0, 1, 2, 3, 4, 5, 6, 7], [0, 1, 2, 3, 4, 5, 6, 7], [0, 1, 2, 3, 4, 5, 6, 7], [0, 1, 2, 3, 4, 5, 6, 7], [0, 1, 2, 3, 4, 5, 6, 7]]",sidecar,True,calib_importance_sep_tail,0
gqa,fullload,FullLoad,1.0,full,n437064,20609470,What is the fork made of?,Metal,"[""metal""]",1.0,24992,2,calib_importance_sep_tail,4,fullload,,354.4258977053687,,,613.471980090253,618.5502740554512,19.114680006168783,637.6649540616199,1124073472,2176,64,,562.9826958756894,,,1.0,1.0,null,0.0,,1124073472,0,64,0,1124073472,17563648.0,17563648.0,0.0,,,,,null,,,,0
gqa,layout_prefix_chunk,Layout+Prefix,0.25,chunk,n437064,20609470,What is the fork made of?,Metal,"[""metal""]",1.0,24992,2,calib_importance_sep_tail,4,prefix,0.195468426682055,141.4305253420025,43.44185907393694,213.97423604503274,35.4022920364514,249.42301504779607,18.810656969435513,268.2336720172316,285212672,512,65,164.39772653393447,0.0,8.0,34,0.23529411764705882,0.2537313432835821,"[0.2537313432835821, 0.2537313432835821, 0.2537313432835821, 0.2537313432835821, 0.2537313432835821, 0.2537313432835821, 0.2537313432835821, 0.2537313432835821, 0.2537313432835821, 0.2537313432835821, 0.2537313432835821, 0.2537313432835821, 0.2537313432835821, 0.2537313432835821, 0.2537313432835821, 0.2537313432835821, 0.2537313432835821, 0.2537313432835821, 0.2537313432835821, 0.2537313432835821, 0.2537313432835821, 0.2537313432835821, 0.2537313432835821, 0.2537313432835821, 0.2537313432835821, 0.2537313432835821, 0.2537313432835821, 0.2537313432835821, 0.2537313432835821, 0.2537313432835821, 0.2537313432835821, 0.2537313432835821]",0.0,256,268435456,16777216,64,1,285212672,4387887.261538462,4194304.0,16777216.0,0,0,0,prefix,"[[0, 1, 2, 3, 4, 5, 6, 7], [0, 1, 2, 3, 4, 5, 6, 7], [0, 1, 2, 3, 4, 5, 6, 7], [0, 1, 2, 3, 4, 5, 6, 7], [0, 1, 2, 3, 4, 5, 6, 7], [0, 1, 2, 3, 4, 5, 6, 7], [0, 1, 2, 3, 4, 5, 6, 7], [0, 1, 2, 3, 4, 5, 6, 7], [0, 1, 2, 3, 4, 5, 6, 7], [0, 1, 2, 3, 4, 5, 6, 7], [0, 1, 2, 3, 4, 5, 6, 7], [0, 1, 2, 3, 4, 5, 6, 7], [0, 1, 2, 3, 4, 5, 6, 7], [0, 1, 2, 3, 4, 5, 6, 7], [0, 1, 2, 3, 4, 5, 6, 7], [0, 1, 2, 3, 4, 5, 6, 7], [0, 1, 2, 3, 4, 5, 6, 7], [0, 1, 2, 3, 4, 5, 6, 7], [0, 1, 2, 3, 4, 5, 6, 7], [0, 1, 2, 3, 4, 5, 6, 7], [0, 1, 2, 3, 4, 5, 6, 7], [0, 1, 2, 3, 4, 5, 6, 7], [0, 1, 2, 3, 4, 5, 6, 7], [0, 1, 2, 3, 4, 5, 6, 7], [0, 1, 2, 3, 4, 5, 6, 7], [0, 1, 2, 3, 4, 5, 6, 7], [0, 1, 2, 3, 4, 5, 6, 7], [0, 1, 2, 3, 4, 5, 6, 7], [0, 1, 2, 3, 4, 5, 6, 7], [0, 1, 2, 3, 4, 5, 6, 7], [0, 1, 2, 3, 4, 5, 6, 7], [0, 1, 2, 3, 4, 5, 6, 7]]",sidecar,True,calib_importance_sep_tail,0
gqa,fullload,FullLoad,1.0,full,n437064,20609567,Is the utensil in front of the cake clean and metallic?,Yes,"[""yes""]",1.0,3869,2,calib_importance_sep_tail,4,fullload,,371.56059709377587,,,604.0501319803298,608.9575940277427,19.901784020476043,628.8593780482188,1124073472,2176,64,,557.9238041536883,,,1.0,1.0,null,0.0,,1124073472,0,64,0,1124073472,17563648.0,17563648.0,0.0,,,,,null,,,,0
gqa,layout_prefix_chunk,Layout+Prefix,0.25,chunk,n437064,20609567,Is the utensil in front of the cake clean and metallic?,Yes,"[""yes""]",1.0,3869,2,calib_importance_sep_tail,4,prefix,0.22234919015318155,155.37744027096778,50.47120607923716,238.17297304049134,37.89605700876564,276.11638500820845,18.670415971428156,294.7868009796366,285212672,512,65,181.79977498948574,0.0,8.0,34,0.23529411764705882,0.2537313432835821,"[0.2537313432835821, 0.2537313432835821, 0.2537313432835821, 0.2537313432835821, 0.2537313432835821, 0.2537313432835821, 0.2537313432835821, 0.2537313432835821, 0.2537313432835821, 0.2537313432835821, 0.2537313432835821, 0.2537313432835821, 0.2537313432835821, 0.2537313432835821, 0.2537313432835821, 0.2537313432835821, 0.2537313432835821, 0.2537313432835821, 0.2537313432835821, 0.2537313432835821, 0.2537313432835821, 0.2537313432835821, 0.2537313432835821, 0.2537313432835821, 0.2537313432835821, 0.2537313432835821, 0.2537313432835821, 0.2537313432835821, 0.2537313432835821, 0.2537313432835821, 0.2537313432835821, 0.2537313432835821]",0.0,256,268435456,16777216,64,1,285212672,4387887.261538462,4194304.0,16777216.0,0,0,0,prefix,"[[0, 1, 2, 3, 4, 5, 6, 7], [0, 1, 2, 3, 4, 5, 6, 7], [0, 1, 2, 3, 4, 5, 6, 7], [0, 1, 2, 3, 4, 5, 6, 7], [0, 1, 2, 3, 4, 5, 6, 7], [0, 1, 2, 3, 4, 5, 6, 7], [0, 1, 2, 3, 4, 5, 6, 7], [0, 1, 2, 3, 4, 5, 6, 7], [0, 1, 2, 3, 4, 5, 6, 7], [0, 1, 2, 3, 4, 5, 6, 7], [0, 1, 2, 3, 4, 5, 6, 7], [0, 1, 2, 3, 4, 5, 6, 7], [0, 1, 2, 3, 4, 5, 6, 7], [0, 1, 2, 3, 4, 5, 6, 7], [0, 1, 2, 3, 4, 5, 6, 7], [0, 1, 2, 3, 4, 5, 6, 7], [0, 1, 2, 3, 4, 5, 6, 7], [0, 1, 2, 3, 4, 5, 6, 7], [0, 1, 2, 3, 4, 5, 6, 7], [0, 1, 2, 3, 4, 5, 6, 7], [0, 1, 2, 3, 4, 5, 6, 7], [0, 1, 2, 3, 4, 5, 6, 7], [0, 1, 2, 3, 4, 5, 6, 7], [0, 1, 2, 3, 4, 5, 6, 7], [0, 1, 2, 3, 4, 5, 6, 7], [0, 1, 2, 3, 4, 5, 6, 7], [0, 1, 2, 3, 4, 5, 6, 7], [0, 1, 2, 3, 4, 5, 6, 7], [0, 1, 2, 3, 4, 5, 6, 7], [0, 1, 2, 3, 4, 5, 6, 7], [0, 1, 2, 3, 4, 5, 6, 7], [0, 1, 2, 3, 4, 5, 6, 7]]",sidecar,True,calib_importance_sep_tail,0
gqa,fullload,FullLoad,1.0,full,n437064,20609355,What is in front of the fruit that the bowl is behind of?,Spoon,"[""whipped cream""]",0.0,24674,3,calib_importance_sep_tail,4,fullload,,372.7545227156952,,,594.232277944684,599.1791679989547,42.90590703021735,642.085075029172,1124073472,2176,64,,550.2170382533222,,,1.0,1.0,null,0.0,,1124073472,0,64,0,1124073472,17563648.0,17563648.0,0.0,,,,,null,,,,0
gqa,layout_prefix_chunk,Layout+Prefix,0.25,chunk,n437064,20609355,What is in front of the fruit that the bowl is behind of?,Spoon,"[""whipped cream""]",0.0,24674,3,calib_importance_sep_tail,4,prefix,0.14366116374731064,128.5230346256867,39.5680321380496,195.01147291157395,34.76046200376004,229.81303790584207,37.37751301378012,267.1905509196222,285212672,512,65,149.98376520816237,0.0,8.0,34,0.23529411764705882,0.2537313432835821,"[0.2537313432835821, 0.2537313432835821, 0.2537313432835821, 0.2537313432835821, 0.2537313432835821, 0.2537313432835821, 0.2537313432835821, 0.2537313432835821, 0.2537313432835821, 0.2537313432835821, 0.2537313432835821, 0.2537313432835821, 0.2537313432835821, 0.2537313432835821, 0.2537313432835821, 0.2537313432835821, 0.2537313432835821, 0.2537313432835821, 0.2537313432835821, 0.2537313432835821, 0.2537313432835821, 0.2537313432835821, 0.2537313432835821, 0.2537313432835821, 0.2537313432835821, 0.2537313432835821, 0.2537313432835821, 0.2537313432835821, 0.2537313432835821, 0.2537313432835821, 0.2537313432835821, 0.2537313432835821]",0.0,256,268435456,16777216,64,1,285212672,4387887.261538462,4194304.0,16777216.0,0,0,0,prefix,"[[0, 1, 2, 3, 4, 5, 6, 7], [0, 1, 2, 3, 4, 5, 6, 7], [0, 1, 2, 3, 4, 5, 6, 7], [0, 1, 2, 3, 4, 5, 6, 7], [0, 1, 2, 3, 4, 5, 6, 7], [0, 1, 2, 3, 4, 5, 6, 7], [0, 1, 2, 3, 4, 5, 6, 7], [0, 1, 2, 3, 4, 5, 6, 7], [0, 1, 2, 3, 4, 5, 6, 7], [0, 1, 2, 3, 4, 5, 6, 7], [0, 1, 2, 3, 4, 5, 6, 7], [0, 1, 2, 3, 4, 5, 6, 7], [0, 1, 2, 3, 4, 5, 6, 7], [0, 1, 2, 3, 4, 5, 6, 7], [0, 1, 2, 3, 4, 5, 6, 7], [0, 1, 2, 3, 4, 5, 6, 7], [0, 1, 2, 3, 4, 5, 6, 7], [0, 1, 2, 3, 4, 5, 6, 7], [0, 1, 2, 3, 4, 5, 6, 7], [0, 1, 2, 3, 4, 5, 6, 7], [0, 1, 2, 3, 4, 5, 6, 7], [0, 1, 2, 3, 4, 5, 6, 7], [0, 1, 2, 3, 4, 5, 6, 7], [0, 1, 2, 3, 4, 5, 6, 7], [0, 1, 2, 3, 4, 5, 6, 7], [0, 1, 2, 3, 4, 5, 6, 7], [0, 1, 2, 3, 4, 5, 6, 7], [0, 1, 2, 3, 4, 5, 6, 7], [0, 1, 2, 3, 4, 5, 6, 7], [0, 1, 2, 3, 4, 5, 6, 7], [0, 1, 2, 3, 4, 5, 6, 7], [0, 1, 2, 3, 4, 5, 6, 7]]",sidecar,True,calib_importance_sep_tail,0
gqa,fullload,FullLoad,1.0,full,n437064,20609358,The whipped cream is in front of what?,Strawberry,"[""strawberry""]",1.0,624,4,calib_importance_sep_tail,4,fullload,,386.94721821229905,,,656.0771430376917,661.071190959774,66.27752096392214,727.3487119236961,1124073472,2176,64,,599.3476660223678,,,1.0,1.0,null,0.0,,1124073472,0,64,0,1124073472,17563648.0,17563648.0,0.0,,,,,null,,,,0
gqa,layout_prefix_chunk,Layout+Prefix,0.25,chunk,n437064,20609358,The whipped cream is in front of what?,Cake,"[""strawberry""]",0.0,315,3,calib_importance_sep_tail,4,prefix,0.1717607956379652,121.29593593999743,44.22158480156213,193.0694809416309,44.30556599982083,237.4391359044239,37.28469705674797,274.72383296117187,285212672,512,65,143.21379258763045,0.0,8.0,34,0.23529411764705882,0.2537313432835821,"[0.2537313432835821, 0.2537313432835821, 0.2537313432835821, 0.2537313432835821, 0.2537313432835821, 0.2537313432835821, 0.2537313432835821, 0.2537313432835821, 0.2537313432835821, 0.2537313432835821, 0.2537313432835821, 0.2537313432835821, 0.2537313432835821, 0.2537313432835821, 0.2537313432835821, 0.2537313432835821, 0.2537313432835821, 0.2537313432835821, 0.2537313432835821, 0.2537313432835821, 0.2537313432835821, 0.2537313432835821, 0.2537313432835821, 0.2537313432835821, 0.2537313432835821, 0.2537313432835821, 0.2537313432835821, 0.2537313432835821, 0.2537313432835821, 0.2537313432835821, 0.2537313432835821, 0.2537313432835821]",0.0,256,268435456,16777216,64,1,285212672,4387887.261538462,4194304.0,16777216.0,0,0,0,prefix,"[[0, 1, 2, 3, 4, 5, 6, 7], [0, 1, 2, 3, 4, 5, 6, 7], [0, 1, 2, 3, 4, 5, 6, 7], [0, 1, 2, 3, 4, 5, 6, 7], [0, 1, 2, 3, 4, 5, 6, 7], [0, 1, 2, 3, 4, 5, 6, 7], [0, 1, 2, 3, 4, 5, 6, 7], [0, 1, 2, 3, 4, 5, 6, 7], [0, 1, 2, 3, 4, 5, 6, 7], [0, 1, 2, 3, 4, 5, 6, 7], [0, 1, 2, 3, 4, 5, 6, 7], [0, 1, 2, 3, 4, 5, 6, 7], [0, 1, 2, 3, 4, 5, 6, 7], [0, 1, 2, 3, 4, 5, 6, 7], [0, 1, 2, 3, 4, 5, 6, 7], [0, 1, 2, 3, 4, 5, 6, 7], [0, 1, 2, 3, 4, 5, 6, 7], [0, 1, 2, 3, 4, 5, 6, 7], [0, 1, 2, 3, 4, 5, 6, 7], [0, 1, 2, 3, 4, 5, 6, 7], [0, 1, 2, 3, 4, 5, 6, 7], [0, 1, 2, 3, 4, 5, 6, 7], [0, 1, 2, 3, 4, 5, 6, 7], [0, 1, 2, 3, 4, 5, 6, 7], [0, 1, 2, 3, 4, 5, 6, 7], [0, 1, 2, 3, 4, 5, 6, 7], [0, 1, 2, 3, 4, 5, 6, 7], [0, 1, 2, 3, 4, 5, 6, 7], [0, 1, 2, 3, 4, 5, 6, 7], [0, 1, 2, 3, 4, 5, 6, 7], [0, 1, 2, 3, 4, 5, 6, 7], [0, 1, 2, 3, 4, 5, 6, 7]]",sidecar,True,calib_importance_sep_tail,0
gqa,fullload,FullLoad,1.0,full,n437064,20609280,Are there both a strawberry and a plate in the picture?,Yes,"[""yes""]",1.0,3869,2,calib_importance_sep_tail,4,fullload,,380.1369909197092,,,625.3440169384703,630.2312558982521,19.68111004680395,649.9123659450561,1124073472,2176,64,,578.1259959330782,,,1.0,1.0,null,0.0,,1124073472,0,64,0,1124073472,17563648.0,17563648.0,0.0,,,,,null,,,,0
gqa,layout_prefix_chunk,Layout+Prefix,0.25,chunk,n437064,20609280,Are there both a strawberry and a plate in the picture?,Yes,"[""yes""]",1.0,3869,2,calib_importance_sep_tail,4,prefix,0.16921188216656446,139.13178071379662,40.50017998088151,205.28921100776643,36.898532998748124,242.22740600816905,18.892811029218137,261.1202170373872,285212672,512,65,159.2145391041413,0.0,8.0,34,0.23529411764705882,0.2537313432835821,"[0.2537313432835821, 0.2537313432835821, 0.2537313432835821, 0.2537313432835821, 0.2537313432835821, 0.2537313432835821, 0.2537313432835821, 0.2537313432835821, 0.2537313432835821, 0.2537313432835821, 0.2537313432835821, 0.2537313432835821, 0.2537313432835821, 0.2537313432835821, 0.2537313432835821, 0.2537313432835821, 0.2537313432835821, 0.2537313432835821, 0.2537313432835821, 0.2537313432835821, 0.2537313432835821, 0.2537313432835821, 0.2537313432835821, 0.2537313432835821, 0.2537313432835821, 0.2537313432835821, 0.2537313432835821, 0.2537313432835821, 0.2537313432835821, 0.2537313432835821, 0.2537313432835821, 0.2537313432835821]",0.0,256,268435456,16777216,64,1,285212672,4387887.261538462,4194304.0,16777216.0,0,0,0,prefix,"[[0, 1, 2, 3, 4, 5, 6, 7], [0, 1, 2, 3, 4, 5, 6, 7], [0, 1, 2, 3, 4, 5, 6, 7], [0, 1, 2, 3, 4, 5, 6, 7], [0, 1, 2, 3, 4, 5, 6, 7], [0, 1, 2, 3, 4, 5, 6, 7], [0, 1, 2, 3, 4, 5, 6, 7], [0, 1, 2, 3, 4, 5, 6, 7], [0, 1, 2, 3, 4, 5, 6, 7], [0, 1, 2, 3, 4, 5, 6, 7], [0, 1, 2, 3, 4, 5, 6, 7], [0, 1, 2, 3, 4, 5, 6, 7], [0, 1, 2, 3, 4, 5, 6, 7], [0, 1, 2, 3, 4, 5, 6, 7], [0, 1, 2, 3, 4, 5, 6, 7], [0, 1, 2, 3, 4, 5, 6, 7], [0, 1, 2, 3, 4, 5, 6, 7], [0, 1, 2, 3, 4, 5, 6, 7], [0, 1, 2, 3, 4, 5, 6, 7], [0, 1, 2, 3, 4, 5, 6, 7], [0, 1, 2, 3, 4, 5, 6, 7], [0, 1, 2, 3, 4, 5, 6, 7], [0, 1, 2, 3, 4, 5, 6, 7], [0, 1, 2, 3, 4, 5, 6, 7], [0, 1, 2, 3, 4, 5, 6, 7], [0, 1, 2, 3, 4, 5, 6, 7], [0, 1, 2, 3, 4, 5, 6, 7], [0, 1, 2, 3, 4, 5, 6, 7], [0, 1, 2, 3, 4, 5, 6, 7], [0, 1, 2, 3, 4, 5, 6, 7], [0, 1, 2, 3, 4, 5, 6, 7], [0, 1, 2, 3, 4, 5, 6, 7]]",sidecar,True,calib_importance_sep_tail,0
gqa,fullload,FullLoad,1.0,full,n437064,20609547,What is the spoon made of?,Metal,"[""metal""]",1.0,24992,2,calib_importance_sep_tail,4,fullload,,377.66055611427873,,,630.2910109516233,635.2367849322036,20.147399976849556,655.3841849090531,1124073472,2176,64,,582.811712869443,,,1.0,1.0,null,0.0,,1124073472,0,64,0,1124073472,17563648.0,17563648.0,0.0,,,,,null,,,,0
gqa,layout_prefix_chunk,Layout+Prefix,0.25,chunk,n437064,20609547,What is the spoon made of?,Metal,"[""metal""]",1.0,24992,2,calib_importance_sep_tail,4,prefix,0.22341881413012743,159.65998475439847,59.062093612737954,252.43582797702402,54.0102319791913,306.5066309645772,18.44964607153088,324.9562770361081,285212672,512,65,187.38619436044246,0.0,8.0,34,0.23529411764705882,0.2537313432835821,"[0.2537313432835821, 0.2537313432835821, 0.2537313432835821, 0.2537313432835821, 0.2537313432835821, 0.2537313432835821, 0.2537313432835821, 0.2537313432835821, 0.2537313432835821, 0.2537313432835821, 0.2537313432835821, 0.2537313432835821, 0.2537313432835821, 0.2537313432835821, 0.2537313432835821, 0.2537313432835821, 0.2537313432835821, 0.2537313432835821, 0.2537313432835821, 0.2537313432835821, 0.2537313432835821, 0.2537313432835821, 0.2537313432835821, 0.2537313432835821, 0.2537313432835821, 0.2537313432835821, 0.2537313432835821, 0.2537313432835821, 0.2537313432835821, 0.2537313432835821, 0.2537313432835821, 0.2537313432835821]",0.0,256,268435456,16777216,64,1,285212672,4387887.261538462,4194304.0,16777216.0,0,0,0,prefix,"[[0, 1, 2, 3, 4, 5, 6, 7], [0, 1, 2, 3, 4, 5, 6, 7], [0, 1, 2, 3, 4, 5, 6, 7], [0, 1, 2, 3, 4, 5, 6, 7], [0, 1, 2, 3, 4, 5, 6, 7], [0, 1, 2, 3, 4, 5, 6, 7], [0, 1, 2, 3, 4, 5, 6, 7], [0, 1, 2, 3, 4, 5, 6, 7], [0, 1, 2, 3, 4, 5, 6, 7], [0, 1, 2, 3, 4, 5, 6, 7], [0, 1, 2, 3, 4, 5, 6, 7], [0, 1, 2, 3, 4, 5, 6, 7], [0, 1, 2, 3, 4, 5, 6, 7], [0, 1, 2, 3, 4, 5, 6, 7], [0, 1, 2, 3, 4, 5, 6, 7], [0, 1, 2, 3, 4, 5, 6, 7], [0, 1, 2, 3, 4, 5, 6, 7], [0, 1, 2, 3, 4, 5, 6, 7], [0, 1, 2, 3, 4, 5, 6, 7], [0, 1, 2, 3, 4, 5, 6, 7], [0, 1, 2, 3, 4, 5, 6, 7], [0, 1, 2, 3, 4, 5, 6, 7], [0, 1, 2, 3, 4, 5, 6, 7], [0, 1, 2, 3, 4, 5, 6, 7], [0, 1, 2, 3, 4, 5, 6, 7], [0, 1, 2, 3, 4, 5, 6, 7], [0, 1, 2, 3, 4, 5, 6, 7], [0, 1, 2, 3, 4, 5, 6, 7], [0, 1, 2, 3, 4, 5, 6, 7], [0, 1, 2, 3, 4, 5, 6, 7], [0, 1, 2, 3, 4, 5, 6, 7], [0, 1, 2, 3, 4, 5, 6, 7]]",sidecar,True,calib_importance_sep_tail,0
gqa,fullload,FullLoad,1.0,full,n498140,2072748,Does the sign have the same color as the grill?,Yes,"[""no""]",0.0,3869,2,calib_importance_sep_tail,4,fullload,,399.7271048137918,,,750.0901520252228,755.114886094816,19.23624600749463,774.3511321023107,1124073472,2176,64,,698.0931086000055,,,1.0,1.0,null,0.0,,1124073472,0,64,0,1124073472,17563648.0,17563648.0,0.0,,,,,null,,,,0
gqa,layout_prefix_chunk,Layout+Prefix,0.25,chunk,n498140,2072748,Does the sign have the same color as the grill?,Yes,"[""no""]",0.0,3869,2,calib_importance_sep_tail,4,prefix,0.2052679192274809,167.1076366910711,49.303562263958156,250.0589929986745,36.75943205598742,286.865302012302,18.39999493677169,305.2652969490737,285212672,512,65,194.9153452878818,0.0,8.0,34,0.23529411764705882,0.2537313432835821,"[0.2537313432835821, 0.2537313432835821, 0.2537313432835821, 0.2537313432835821, 0.2537313432835821, 0.2537313432835821, 0.2537313432835821, 0.2537313432835821, 0.2537313432835821, 0.2537313432835821, 0.2537313432835821, 0.2537313432835821, 0.2537313432835821, 0.2537313432835821, 0.2537313432835821, 0.2537313432835821, 0.2537313432835821, 0.2537313432835821, 0.2537313432835821, 0.2537313432835821, 0.2537313432835821, 0.2537313432835821, 0.2537313432835821, 0.2537313432835821, 0.2537313432835821, 0.2537313432835821, 0.2537313432835821, 0.2537313432835821, 0.2537313432835821, 0.2537313432835821, 0.2537313432835821, 0.2537313432835821]",0.0,256,268435456,16777216,64,1,285212672,4387887.261538462,4194304.0,16777216.0,0,0,0,prefix,"[[0, 1, 2, 3, 4, 5, 6, 7], [0, 1, 2, 3, 4, 5, 6, 7], [0, 1, 2, 3, 4, 5, 6, 7], [0, 1, 2, 3, 4, 5, 6, 7], [0, 1, 2, 3, 4, 5, 6, 7], [0, 1, 2, 3, 4, 5, 6, 7], [0, 1, 2, 3, 4, 5, 6, 7], [0, 1, 2, 3, 4, 5, 6, 7], [0, 1, 2, 3, 4, 5, 6, 7], [0, 1, 2, 3, 4, 5, 6, 7], [0, 1, 2, 3, 4, 5, 6, 7], [0, 1, 2, 3, 4, 5, 6, 7], [0, 1, 2, 3, 4, 5, 6, 7], [0, 1, 2, 3, 4, 5, 6, 7], [0, 1, 2, 3, 4, 5, 6, 7], [0, 1, 2, 3, 4, 5, 6, 7], [0, 1, 2, 3, 4, 5, 6, 7], [0, 1, 2, 3, 4, 5, 6, 7], [0, 1, 2, 3, 4, 5, 6, 7], [0, 1, 2, 3, 4, 5, 6, 7], [0, 1, 2, 3, 4, 5, 6, 7], [0, 1, 2, 3, 4, 5, 6, 7], [0, 1, 2, 3, 4, 5, 6, 7], [0, 1, 2, 3, 4, 5, 6, 7], [0, 1, 2, 3, 4, 5, 6, 7], [0, 1, 2, 3, 4, 5, 6, 7], [0, 1, 2, 3, 4, 5, 6, 7], [0, 1, 2, 3, 4, 5, 6, 7], [0, 1, 2, 3, 4, 5, 6, 7], [0, 1, 2, 3, 4, 5, 6, 7], [0, 1, 2, 3, 4, 5, 6, 7], [0, 1, 2, 3, 4, 5, 6, 7]]",sidecar,True,calib_importance_sep_tail,0
gqa,fullload,FullLoad,1.0,full,n498140,2072741,Do the building and the sign have a different colors?,Yes,"[""no""]",0.0,3869,2,calib_importance_sep_tail,4,fullload,,393.6652021948248,,,651.4804790494964,656.3793690875173,22.80155790504068,679.1809269925579,1124073472,2176,64,,599.083257955499,,,1.0,1.0,null,0.0,,1124073472,0,64,0,1124073472,17563648.0,17563648.0,0.0,,,,,null,,,,0
gqa,layout_prefix_chunk,Layout+Prefix,0.25,chunk,n498140,2072741,Do the building and the sign have a different colors?,Yes,"[""no""]",0.0,3869,2,calib_importance_sep_tail,4,prefix,0.21677440963685513,120.10025011841208,49.02178270276636,200.58510801754892,48.633232014253736,249.28182107396424,18.752238946035504,268.03406001999974,285212672,512,65,145.6036939052865,0.0,8.0,34,0.23529411764705882,0.2537313432835821,"[0.2537313432835821, 0.2537313432835821, 0.2537313432835821, 0.2537313432835821, 0.2537313432835821, 0.2537313432835821, 0.2537313432835821, 0.2537313432835821, 0.2537313432835821, 0.2537313432835821, 0.2537313432835821, 0.2537313432835821, 0.2537313432835821, 0.2537313432835821, 0.2537313432835821, 0.2537313432835821, 0.2537313432835821, 0.2537313432835821, 0.2537313432835821, 0.2537313432835821, 0.2537313432835821, 0.2537313432835821, 0.2537313432835821, 0.2537313432835821, 0.2537313432835821, 0.2537313432835821, 0.2537313432835821, 0.2537313432835821, 0.2537313432835821, 0.2537313432835821, 0.2537313432835821, 0.2537313432835821]",0.0,256,268435456,16777216,64,1,285212672,4387887.261538462,4194304.0,16777216.0,0,0,0,prefix,"[[0, 1, 2, 3, 4, 5, 6, 7], [0, 1, 2, 3, 4, 5, 6, 7], [0, 1, 2, 3, 4, 5, 6, 7], [0, 1, 2, 3, 4, 5, 6, 7], [0, 1, 2, 3, 4, 5, 6, 7], [0, 1, 2, 3, 4, 5, 6, 7], [0, 1, 2, 3, 4, 5, 6, 7], [0, 1, 2, 3, 4, 5, 6, 7], [0, 1, 2, 3, 4, 5, 6, 7], [0, 1, 2, 3, 4, 5, 6, 7], [0, 1, 2, 3, 4, 5, 6, 7], [0, 1, 2, 3, 4, 5, 6, 7], [0, 1, 2, 3, 4, 5, 6, 7], [0, 1, 2, 3, 4, 5, 6, 7], [0, 1, 2, 3, 4, 5, 6, 7], [0, 1, 2, 3, 4, 5, 6, 7], [0, 1, 2, 3, 4, 5, 6, 7], [0, 1, 2, 3, 4, 5, 6, 7], [0, 1, 2, 3, 4, 5, 6, 7], [0, 1, 2, 3, 4, 5, 6, 7], [0, 1, 2, 3, 4, 5, 6, 7], [0, 1, 2, 3, 4, 5, 6, 7], [0, 1, 2, 3, 4, 5, 6, 7], [0, 1, 2, 3, 4, 5, 6, 7], [0, 1, 2, 3, 4, 5, 6, 7], [0, 1, 2, 3, 4, 5, 6, 7], [0, 1, 2, 3, 4, 5, 6, 7], [0, 1, 2, 3, 4, 5, 6, 7], [0, 1, 2, 3, 4, 5, 6, 7], [0, 1, 2, 3, 4, 5, 6, 7], [0, 1, 2, 3, 4, 5, 6, 7], [0, 1, 2, 3, 4, 5, 6, 7]]",sidecar,True,calib_importance_sep_tail,0
gqa,fullload,FullLoad,1.0,full,n498140,2072747,What is common to the streetlight and the grill?,Color,"[""material""]",0.0,9159,2,calib_importance_sep_tail,4,fullload,,366.88283702824265,,,596.6437740717083,601.621933048591,32.75466291233897,634.37659596093,1124073472,2176,64,,551.3088458683342,,,1.0,1.0,null,0.0,,1124073472,0,64,0,1124073472,17563648.0,17563648.0,0.0,,,,,null,,,,0
gqa,layout_prefix_chunk,Layout+Prefix,0.25,chunk,n498140,2072747,What is common to the streetlight and the grill?,Color,"[""material""]",0.0,9159,2,calib_importance_sep_tail,4,prefix,0.13726192992180586,140.66097931936383,40.73533904738724,206.65596204344183,36.86040895991027,243.55750100221485,18.439244013279676,261.9967450154945,285212672,512,65,160.41442845016718,0.0,8.0,34,0.23529411764705882,0.2537313432835821,"[0.2537313432835821, 0.2537313432835821, 0.2537313432835821, 0.2537313432835821, 0.2537313432835821, 0.2537313432835821, 0.2537313432835821, 0.2537313432835821, 0.2537313432835821, 0.2537313432835821, 0.2537313432835821, 0.2537313432835821, 0.2537313432835821, 0.2537313432835821, 0.2537313432835821, 0.2537313432835821, 0.2537313432835821, 0.2537313432835821, 0.2537313432835821, 0.2537313432835821, 0.2537313432835821, 0.2537313432835821, 0.2537313432835821, 0.2537313432835821, 0.2537313432835821, 0.2537313432835821, 0.2537313432835821, 0.2537313432835821, 0.2537313432835821, 0.2537313432835821, 0.2537313432835821, 0.2537313432835821]",0.0,256,268435456,16777216,64,1,285212672,4387887.261538462,4194304.0,16777216.0,0,0,0,prefix,"[[0, 1, 2, 3, 4, 5, 6, 7], [0, 1, 2, 3, 4, 5, 6, 7], [0, 1, 2, 3, 4, 5, 6, 7], [0, 1, 2, 3, 4, 5, 6, 7], [0, 1, 2, 3, 4, 5, 6, 7], [0, 1, 2, 3, 4, 5, 6, 7], [0, 1, 2, 3, 4, 5, 6, 7], [0, 1, 2, 3, 4, 5, 6, 7], [0, 1, 2, 3, 4, 5, 6, 7], [0, 1, 2, 3, 4, 5, 6, 7], [0, 1, 2, 3, 4, 5, 6, 7], [0, 1, 2, 3, 4, 5, 6, 7], [0, 1, 2, 3, 4, 5, 6, 7], [0, 1, 2, 3, 4, 5, 6, 7], [0, 1, 2, 3, 4, 5, 6, 7], [0, 1, 2, 3, 4, 5, 6, 7], [0, 1, 2, 3, 4, 5, 6, 7], [0, 1, 2, 3, 4, 5, 6, 7], [0, 1, 2, 3, 4, 5, 6, 7], [0, 1, 2, 3, 4, 5, 6, 7], [0, 1, 2, 3, 4, 5, 6, 7], [0, 1, 2, 3, 4, 5, 6, 7], [0, 1, 2, 3, 4, 5, 6, 7], [0, 1, 2, 3, 4, 5, 6, 7], [0, 1, 2, 3, 4, 5, 6, 7], [0, 1, 2, 3, 4, 5, 6, 7], [0, 1, 2, 3, 4, 5, 6, 7], [0, 1, 2, 3, 4, 5, 6, 7], [0, 1, 2, 3, 4, 5, 6, 7], [0, 1, 2, 3, 4, 5, 6, 7], [0, 1, 2, 3, 4, 5, 6, 7], [0, 1, 2, 3, 4, 5, 6, 7]]",sidecar,True,calib_importance_sep_tail,0
gqa,fullload,FullLoad,1.0,full,n498140,2072906,Are there windows or doors that are made of wood?,No,"[""no""]",1.0,1939,2,calib_importance_sep_tail,4,fullload,,447.65763368923217,,,704.1391499806195,709.096725913696,20.070496015250683,729.1672219289467,1124073472,2176,64,,652.8237116290256,,,1.0,1.0,null,0.0,,1124073472,0,64,0,1124073472,17563648.0,17563648.0,0.0,,,,,null,,,,0
gqa,layout_prefix_chunk,Layout+Prefix,0.25,chunk,n498140,2072906,Are there windows or doors that are made of wood?,No,"[""no""]",1.0,1939,2,calib_importance_sep_tail,4,prefix,0.18183398060500622,143.42779875732958,44.117665966041386,215.8697049599141,35.377305932343006,251.28764391411096,18.593505024909973,269.88114893902093,285212672,512,65,166.06996965128928,0.0,8.0,34,0.23529411764705882,0.2537313432835821,"[0.2537313432835821, 0.2537313432835821, 0.2537313432835821, 0.2537313432835821, 0.2537313432835821, 0.2537313432835821, 0.2537313432835821, 0.2537313432835821, 0.2537313432835821, 0.2537313432835821, 0.2537313432835821, 0.2537313432835821, 0.2537313432835821, 0.2537313432835821, 0.2537313432835821, 0.2537313432835821, 0.2537313432835821, 0.2537313432835821, 0.2537313432835821, 0.2537313432835821, 0.2537313432835821, 0.2537313432835821, 0.2537313432835821, 0.2537313432835821, 0.2537313432835821, 0.2537313432835821, 0.2537313432835821, 0.2537313432835821, 0.2537313432835821, 0.2537313432835821, 0.2537313432835821, 0.2537313432835821]",0.0,256,268435456,16777216,64,1,285212672,4387887.261538462,4194304.0,16777216.0,0,0,0,prefix,"[[0, 1, 2, 3, 4, 5, 6, 7], [0, 1, 2, 3, 4, 5, 6, 7], [0, 1, 2, 3, 4, 5, 6, 7], [0, 1, 2, 3, 4, 5, 6, 7], [0, 1, 2, 3, 4, 5, 6, 7], [0, 1, 2, 3, 4, 5, 6, 7], [0, 1, 2, 3, 4, 5, 6, 7], [0, 1, 2, 3, 4, 5, 6, 7], [0, 1, 2, 3, 4, 5, 6, 7], [0, 1, 2, 3, 4, 5, 6, 7], [0, 1, 2, 3, 4, 5, 6, 7], [0, 1, 2, 3, 4, 5, 6, 7], [0, 1, 2, 3, 4, 5, 6, 7], [0, 1, 2, 3, 4, 5, 6, 7], [0, 1, 2, 3, 4, 5, 6, 7], [0, 1, 2, 3, 4, 5, 6, 7], [0, 1, 2, 3, 4, 5, 6, 7], [0, 1, 2, 3, 4, 5, 6, 7], [0, 1, 2, 3, 4, 5, 6, 7], [0, 1, 2, 3, 4, 5, 6, 7], [0, 1, 2, 3, 4, 5, 6, 7], [0, 1, 2, 3, 4, 5, 6, 7], [0, 1, 2, 3, 4, 5, 6, 7], [0, 1, 2, 3, 4, 5, 6, 7], [0, 1, 2, 3, 4, 5, 6, 7], [0, 1, 2, 3, 4, 5, 6, 7], [0, 1, 2, 3, 4, 5, 6, 7], [0, 1, 2, 3, 4, 5, 6, 7], [0, 1, 2, 3, 4, 5, 6, 7], [0, 1, 2, 3, 4, 5, 6, 7], [0, 1, 2, 3, 4, 5, 6, 7], [0, 1, 2, 3, 4, 5, 6, 7]]",sidecar,True,calib_importance_sep_tail,0
gqa,fullload,FullLoad,1.0,full,n498140,2072766,Is the chimney high and clean?,Yes,"[""no""]",0.0,3869,2,calib_importance_sep_tail,4,fullload,,349.69972004182637,,,569.3065220257267,574.2160410154611,19.08712205477059,593.3031630702317,1124073472,2176,64,,527.6158739579841,,,1.0,1.0,null,0.0,,1124073472,0,64,0,1124073472,17563648.0,17563648.0,0.0,,,,,null,,,,0
gqa,layout_prefix_chunk,Layout+Prefix,0.25,chunk,n498140,2072766,Is the chimney high and clean?,Yes,"[""no""]",0.0,3869,2,calib_importance_sep_tail,4,prefix,0.20020303782075644,162.19942551106215,48.553950153291225,241.88136297743767,43.009868008084595,284.954069997184,18.575554015114903,303.5296240122989,285212672,512,65,187.40167492069304,0.0,8.0,34,0.23529411764705882,0.2537313432835821,"[0.2537313432835821, 0.2537313432835821, 0.2537313432835821, 0.2537313432835821, 0.2537313432835821, 0.2537313432835821, 0.2537313432835821, 0.2537313432835821, 0.2537313432835821, 0.2537313432835821, 0.2537313432835821, 0.2537313432835821, 0.2537313432835821, 0.2537313432835821, 0.2537313432835821, 0.2537313432835821, 0.2537313432835821, 0.2537313432835821, 0.2537313432835821, 0.2537313432835821, 0.2537313432835821, 0.2537313432835821, 0.2537313432835821, 0.2537313432835821, 0.2537313432835821, 0.2537313432835821, 0.2537313432835821, 0.2537313432835821, 0.2537313432835821, 0.2537313432835821, 0.2537313432835821, 0.2537313432835821]",0.0,256,268435456,16777216,64,1,285212672,4387887.261538462,4194304.0,16777216.0,0,0,0,prefix,"[[0, 1, 2, 3, 4, 5, 6, 7], [0, 1, 2, 3, 4, 5, 6, 7], [0, 1, 2, 3, 4, 5, 6, 7], [0, 1, 2, 3, 4, 5, 6, 7], [0, 1, 2, 3, 4, 5, 6, 7], [0, 1, 2, 3, 4, 5, 6, 7], [0, 1, 2, 3, 4, 5, 6, 7], [0, 1, 2, 3, 4, 5, 6, 7], [0, 1, 2, 3, 4, 5, 6, 7], [0, 1, 2, 3, 4, 5, 6, 7], [0, 1, 2, 3, 4, 5, 6, 7], [0, 1, 2, 3, 4, 5, 6, 7], [0, 1, 2, 3, 4, 5, 6, 7], [0, 1, 2, 3, 4, 5, 6, 7], [0, 1, 2, 3, 4, 5, 6, 7], [0, 1, 2, 3, 4, 5, 6, 7], [0, 1, 2, 3, 4, 5, 6, 7], [0, 1, 2, 3, 4, 5, 6, 7], [0, 1, 2, 3, 4, 5, 6, 7], [0, 1, 2, 3, 4, 5, 6, 7], [0, 1, 2, 3, 4, 5, 6, 7], [0, 1, 2, 3, 4, 5, 6, 7], [0, 1, 2, 3, 4, 5, 6, 7], [0, 1, 2, 3, 4, 5, 6, 7], [0, 1, 2, 3, 4, 5, 6, 7], [0, 1, 2, 3, 4, 5, 6, 7], [0, 1, 2, 3, 4, 5, 6, 7], [0, 1, 2, 3, 4, 5, 6, 7], [0, 1, 2, 3, 4, 5, 6, 7], [0, 1, 2, 3, 4, 5, 6, 7], [0, 1, 2, 3, 4, 5, 6, 7], [0, 1, 2, 3, 4, 5, 6, 7]]",sidecar,True,calib_importance_sep_tail,0
gqa,fullload,FullLoad,1.0,full,n498140,2072761,Are there any mirrors or trays?,No,"[""no""]",1.0,1939,2,calib_importance_sep_tail,4,fullload,,386.31126866675913,,,629.6497440198436,634.560199920088,19.63987702038139,654.2000769404694,1124073472,2176,64,,581.2788336770609,,,1.0,1.0,null,0.0,,1124073472,0,64,0,1124073472,17563648.0,17563648.0,0.0,,,,,null,,,,0
gqa,layout_prefix_chunk,Layout+Prefix,0.25,chunk,n498140,2072761,Are there any mirrors or trays?,No,"[""no""]",1.0,1939,2,calib_importance_sep_tail,4,prefix,0.2085160231217742,171.9094782602042,47.6407480891794,249.7046230128035,42.30654996354133,292.0575540047139,18.651289050467312,310.7088430551812,285212672,512,65,196.1105465888977,0.0,8.0,34,0.23529411764705882,0.2537313432835821,"[0.2537313432835821, 0.2537313432835821, 0.2537313432835821, 0.2537313432835821, 0.2537313432835821, 0.2537313432835821, 0.2537313432835821, 0.2537313432835821, 0.2537313432835821, 0.2537313432835821, 0.2537313432835821, 0.2537313432835821, 0.2537313432835821, 0.2537313432835821, 0.2537313432835821, 0.2537313432835821, 0.2537313432835821, 0.2537313432835821, 0.2537313432835821, 0.2537313432835821, 0.2537313432835821, 0.2537313432835821, 0.2537313432835821, 0.2537313432835821, 0.2537313432835821, 0.2537313432835821, 0.2537313432835821, 0.2537313432835821, 0.2537313432835821, 0.2537313432835821, 0.2537313432835821, 0.2537313432835821]",0.0,256,268435456,16777216,64,1,285212672,4387887.261538462,4194304.0,16777216.0,0,0,0,prefix,"[[0, 1, 2, 3, 4, 5, 6, 7], [0, 1, 2, 3, 4, 5, 6, 7], [0, 1, 2, 3, 4, 5, 6, 7], [0, 1, 2, 3, 4, 5, 6, 7], [0, 1, 2, 3, 4, 5, 6, 7], [0, 1, 2, 3, 4, 5, 6, 7], [0, 1, 2, 3, 4, 5, 6, 7], [0, 1, 2, 3, 4, 5, 6, 7], [0, 1, 2, 3, 4, 5, 6, 7], [0, 1, 2, 3, 4, 5, 6, 7], [0, 1, 2, 3, 4, 5, 6, 7], [0, 1, 2, 3, 4, 5, 6, 7], [0, 1, 2, 3, 4, 5, 6, 7], [0, 1, 2, 3, 4, 5, 6, 7], [0, 1, 2, 3, 4, 5, 6, 7], [0, 1, 2, 3, 4, 5, 6, 7], [0, 1, 2, 3, 4, 5, 6, 7], [0, 1, 2, 3, 4, 5, 6, 7], [0, 1, 2, 3, 4, 5, 6, 7], [0, 1, 2, 3, 4, 5, 6, 7], [0, 1, 2, 3, 4, 5, 6, 7], [0, 1, 2, 3, 4, 5, 6, 7], [0, 1, 2, 3, 4, 5, 6, 7], [0, 1, 2, 3, 4, 5, 6, 7], [0, 1, 2, 3, 4, 5, 6, 7], [0, 1, 2, 3, 4, 5, 6, 7], [0, 1, 2, 3, 4, 5, 6, 7], [0, 1, 2, 3, 4, 5, 6, 7], [0, 1, 2, 3, 4, 5, 6, 7], [0, 1, 2, 3, 4, 5, 6, 7], [0, 1, 2, 3, 4, 5, 6, 7], [0, 1, 2, 3, 4, 5, 6, 7]]",sidecar,True,calib_importance_sep_tail,0
gqa,fullload,FullLoad,1.0,full,n16656,20797834,What is the man in front of?,Tree,"[""tree""]",1.0,15472,2,calib_importance_sep_tail,4,fullload,,445.7497311523184,,,793.946780031547,799.2464120034128,18.831845954991877,818.0782579584047,1226833920,2368,64,,751.3969819992781,,,1.0,1.0,null,0.0,,1226833920,0,64,0,1226833920,19169280.0,19169280.0,0.0,,,,,null,,,,0
gqa,layout_prefix_chunk,Layout+Prefix,0.25,chunk,n16656,20797834,What is the man in front of?,Tree,"[""tree""]",1.0,15472,2,calib_importance_sep_tail,4,prefix,0.2576769329607487,197.6219662465155,57.72575526498258,295.32254906371236,41.797659010626376,337.182556046173,18.291351036168635,355.4739070823416,320864256,576,65,231.2436189968139,0.0,9.0,37,0.24324324324324326,0.26153846153846155,"[0.26153846153846155, 0.26153846153846155, 0.26153846153846155, 0.26153846153846155, 0.26153846153846155, 0.26153846153846155, 0.26153846153846155, 0.26153846153846155, 0.26153846153846155, 0.26153846153846155, 0.26153846153846155, 0.26153846153846155, 0.26153846153846155, 0.26153846153846155, 0.26153846153846155, 0.26153846153846155, 0.26153846153846155, 0.26153846153846155, 0.26153846153846155, 0.26153846153846155, 0.26153846153846155, 0.26153846153846155, 0.26153846153846155, 0.26153846153846155, 0.26153846153846155, 0.26153846153846155, 0.26153846153846155, 0.26153846153846155, 0.26153846153846155, 0.26153846153846155, 0.26153846153846155, 0.26153846153846155]",0.0,288,301989888,18874368,64,1,320864256,4936373.169230769,4718592.0,18874368.0,0,0,0,prefix,"[[0, 1, 2, 3, 4, 5, 6, 7, 8], [0, 1, 2, 3, 4, 5, 6, 7, 8], [0, 1, 2, 3, 4, 5, 6, 7, 8], [0, 1, 2, 3, 4, 5, 6, 7, 8], [0, 1, 2, 3, 4, 5, 6, 7, 8], [0, 1, 2, 3, 4, 5, 6, 7, 8], [0, 1, 2, 3, 4, 5, 6, 7, 8], [0, 1, 2, 3, 4, 5, 6, 7, 8], [0, 1, 2, 3, 4, 5, 6, 7, 8], [0, 1, 2, 3, 4, 5, 6, 7, 8], [0, 1, 2, 3, 4, 5, 6, 7, 8], [0, 1, 2, 3, 4, 5, 6, 7, 8], [0, 1, 2, 3, 4, 5, 6, 7, 8], [0, 1, 2, 3, 4, 5, 6, 7, 8], [0, 1, 2, 3, 4, 5, 6, 7, 8], [0, 1, 2, 3, 4, 5, 6, 7, 8], [0, 1, 2, 3, 4, 5, 6, 7, 8], [0, 1, 2, 3, 4, 5, 6, 7, 8], [0, 1, 2, 3, 4, 5, 6, 7, 8], [0, 1, 2, 3, 4, 5, 6, 7, 8], [0, 1, 2, 3, 4, 5, 6, 7, 8], [0, 1, 2, 3, 4, 5, 6, 7, 8], [0, 1, 2, 3, 4, 5, 6, 7, 8], [0, 1, 2, 3, 4, 5, 6, 7, 8], [0, 1, 2, 3, 4, 5, 6, 7, 8], [0, 1, 2, 3, 4, 5, 6, 7, 8], [0, 1, 2, 3, 4, 5, 6, 7, 8], [0, 1, 2, 3, 4, 5, 6, 7, 8], [0, 1, 2, 3, 4, 5, 6, 7, 8], [0, 1, 2, 3, 4, 5, 6, 7, 8], [0, 1, 2, 3, 4, 5, 6, 7, 8], [0, 1, 2, 3, 4, 5, 6, 7, 8]]",sidecar,True,calib_importance_sep_tail,0
gqa,fullload,FullLoad,1.0,full,n16656,20797661,What animal is the shoe behind of?,Cat,"[""cat""]",1.0,10459,2,calib_importance_sep_tail,4,fullload,,525.6897226208821,,,900.3956529777497,905.5670539382845,18.868174985982478,924.435228924267,1226833920,2368,64,,852.423305157572,,,1.0,1.0,null,0.0,,1226833920,0,64,0,1226833920,19169280.0,19169280.0,0.0,,,,,null,,,,0
gqa,layout_prefix_chunk,Layout+Prefix,0.25,chunk,n16656,20797661,What animal is the shoe behind of?,Cat,"[""cat""]",1.0,10459,2,calib_importance_sep_tail,4,prefix,0.257425126619637,174.0509873488918,57.540459325537086,272.3993370309472,62.86909605842084,335.33069700933993,19.121648045256734,354.45234505459666,320864256,576,65,208.3930984372273,0.0,9.0,37,0.24324324324324326,0.26153846153846155,"[0.26153846153846155, 0.26153846153846155, 0.26153846153846155, 0.26153846153846155, 0.26153846153846155, 0.26153846153846155, 0.26153846153846155, 0.26153846153846155, 0.26153846153846155, 0.26153846153846155, 0.26153846153846155, 0.26153846153846155, 0.26153846153846155, 0.26153846153846155, 0.26153846153846155, 0.26153846153846155, 0.26153846153846155, 0.26153846153846155, 0.26153846153846155, 0.26153846153846155, 0.26153846153846155, 0.26153846153846155, 0.26153846153846155, 0.26153846153846155, 0.26153846153846155, 0.26153846153846155, 0.26153846153846155, 0.26153846153846155, 0.26153846153846155, 0.26153846153846155, 0.26153846153846155, 0.26153846153846155]",0.0,288,301989888,18874368,64,1,320864256,4936373.169230769,4718592.0,18874368.0,0,0,0,prefix,"[[0, 1, 2, 3, 4, 5, 6, 7, 8], [0, 1, 2, 3, 4, 5, 6, 7, 8], [0, 1, 2, 3, 4, 5, 6, 7, 8], [0, 1, 2, 3, 4, 5, 6, 7, 8], [0, 1, 2, 3, 4, 5, 6, 7, 8], [0, 1, 2, 3, 4, 5, 6, 7, 8], [0, 1, 2, 3, 4, 5, 6, 7, 8], [0, 1, 2, 3, 4, 5, 6, 7, 8], [0, 1, 2, 3, 4, 5, 6, 7, 8], [0, 1, 2, 3, 4, 5, 6, 7, 8], [0, 1, 2, 3, 4, 5, 6, 7, 8], [0, 1, 2, 3, 4, 5, 6, 7, 8], [0, 1, 2, 3, 4, 5, 6, 7, 8], [0, 1, 2, 3, 4, 5, 6, 7, 8], [0, 1, 2, 3, 4, 5, 6, 7, 8], [0, 1, 2, 3, 4, 5, 6, 7, 8], [0, 1, 2, 3, 4, 5, 6, 7, 8], [0, 1, 2, 3, 4, 5, 6, 7, 8], [0, 1, 2, 3, 4, 5, 6, 7, 8], [0, 1, 2, 3, 4, 5, 6, 7, 8], [0, 1, 2, 3, 4, 5, 6, 7, 8], [0, 1, 2, 3, 4, 5, 6, 7, 8], [0, 1, 2, 3, 4, 5, 6, 7, 8], [0, 1, 2, 3, 4, 5, 6, 7, 8], [0, 1, 2, 3, 4, 5, 6, 7, 8], [0, 1, 2, 3, 4, 5, 6, 7, 8], [0, 1, 2, 3, 4, 5, 6, 7, 8], [0, 1, 2, 3, 4, 5, 6, 7, 8], [0, 1, 2, 3, 4, 5, 6, 7, 8], [0, 1, 2, 3, 4, 5, 6, 7, 8], [0, 1, 2, 3, 4, 5, 6, 7, 8], [0, 1, 2, 3, 4, 5, 6, 7, 8]]",sidecar,True,calib_importance_sep_tail,0
gqa,fullload,FullLoad,1.0,full,n16656,20797647,What is in front of the animal that is in front of the man?,Shoe,"[""shoe""]",1.0,17550,3,calib_importance_sep_tail,4,fullload,,432.03176464885473,,,704.2004539398476,709.5777919748798,37.343511008657515,746.9213029835373,1226833920,2368,64,,653.2426663907245,,,1.0,1.0,null,0.0,,1226833920,0,64,0,1226833920,19169280.0,19169280.0,0.0,,,,,null,,,,0
gqa,layout_prefix_chunk,Layout+Prefix,0.25,chunk,n16656,20797647,What is in front of the animal that is in front of the man?,Shoe,"[""shoe""]",1.0,17550,3,calib_importance_sep_tail,4,prefix,0.25529880076646805,173.28265076503158,57.886624592356384,272.98001293092966,41.41717101447284,314.4603369291872,36.54373704921454,351.0040739784017,320864256,576,65,208.17414904013276,0.0,9.0,37,0.24324324324324326,0.26153846153846155,"[0.26153846153846155, 0.26153846153846155, 0.26153846153846155, 0.26153846153846155, 0.26153846153846155, 0.26153846153846155, 0.26153846153846155, 0.26153846153846155, 0.26153846153846155, 0.26153846153846155, 0.26153846153846155, 0.26153846153846155, 0.26153846153846155, 0.26153846153846155, 0.26153846153846155, 0.26153846153846155, 0.26153846153846155, 0.26153846153846155, 0.26153846153846155, 0.26153846153846155, 0.26153846153846155, 0.26153846153846155, 0.26153846153846155, 0.26153846153846155, 0.26153846153846155, 0.26153846153846155, 0.26153846153846155, 0.26153846153846155, 0.26153846153846155, 0.26153846153846155, 0.26153846153846155, 0.26153846153846155]",0.0,288,301989888,18874368,64,1,320864256,4936373.169230769,4718592.0,18874368.0,0,0,0,prefix,"[[0, 1, 2, 3, 4, 5, 6, 7, 8], [0, 1, 2, 3, 4, 5, 6, 7, 8], [0, 1, 2, 3, 4, 5, 6, 7, 8], [0, 1, 2, 3, 4, 5, 6, 7, 8], [0, 1, 2, 3, 4, 5, 6, 7, 8], [0, 1, 2, 3, 4, 5, 6, 7, 8], [0, 1, 2, 3, 4, 5, 6, 7, 8], [0, 1, 2, 3, 4, 5, 6, 7, 8], [0, 1, 2, 3, 4, 5, 6, 7, 8], [0, 1, 2, 3, 4, 5, 6, 7, 8], [0, 1, 2, 3, 4, 5, 6, 7, 8], [0, 1, 2, 3, 4, 5, 6, 7, 8], [0, 1, 2, 3, 4, 5, 6, 7, 8], [0, 1, 2, 3, 4, 5, 6, 7, 8], [0, 1, 2, 3, 4, 5, 6, 7, 8], [0, 1, 2, 3, 4, 5, 6, 7, 8], [0, 1, 2, 3, 4, 5, 6, 7, 8], [0, 1, 2, 3, 4, 5, 6, 7, 8], [0, 1, 2, 3, 4, 5, 6, 7, 8], [0, 1, 2, 3, 4, 5, 6, 7, 8], [0, 1, 2, 3, 4, 5, 6, 7, 8], [0, 1, 2, 3, 4, 5, 6, 7, 8], [0, 1, 2, 3, 4, 5, 6, 7, 8], [0, 1, 2, 3, 4, 5, 6, 7, 8], [0, 1, 2, 3, 4, 5, 6, 7, 8], [0, 1, 2, 3, 4, 5, 6, 7, 8], [0, 1, 2, 3, 4, 5, 6, 7, 8], [0, 1, 2, 3, 4, 5, 6, 7, 8], [0, 1, 2, 3, 4, 5, 6, 7, 8], [0, 1, 2, 3, 4, 5, 6, 7, 8], [0, 1, 2, 3, 4, 5, 6, 7, 8], [0, 1, 2, 3, 4, 5, 6, 7, 8]]",sidecar,True,calib_importance_sep_tail,0
gqa,fullload,FullLoad,1.0,full,n16656,20797648,What's in front of the cat?,Shoe,"[""shoe""]",1.0,17550,3,calib_importance_sep_tail,4,fullload,,485.21033488214016,,,855.2562299882993,860.369083005935,36.57920006662607,896.948283072561,1226833920,2368,64,,809.6264102496207,,,1.0,1.0,null,0.0,,1226833920,0,64,0,1226833920,19169280.0,19169280.0,0.0,,,,,null,,,,0
gqa,layout_prefix_chunk,Layout+Prefix,0.25,chunk,n16656,20797648,What's in front of the cat?,Shoe,"[""shoe""]",1.0,17550,3,calib_importance_sep_tail,4,prefix,0.278918188996613,196.1696828948334,56.75081757362932,293.2096120202914,39.72659108694643,332.997668068856,36.94562194868922,369.9432900175452,320864256,576,65,229.82210596092045,0.0,9.0,37,0.24324324324324326,0.26153846153846155,"[0.26153846153846155, 0.26153846153846155, 0.26153846153846155, 0.26153846153846155, 0.26153846153846155, 0.26153846153846155, 0.26153846153846155, 0.26153846153846155, 0.26153846153846155, 0.26153846153846155, 0.26153846153846155, 0.26153846153846155, 0.26153846153846155, 0.26153846153846155, 0.26153846153846155, 0.26153846153846155, 0.26153846153846155, 0.26153846153846155, 0.26153846153846155, 0.26153846153846155, 0.26153846153846155, 0.26153846153846155, 0.26153846153846155, 0.26153846153846155, 0.26153846153846155, 0.26153846153846155, 0.26153846153846155, 0.26153846153846155, 0.26153846153846155, 0.26153846153846155, 0.26153846153846155, 0.26153846153846155]",0.0,288,301989888,18874368,64,1,320864256,4936373.169230769,4718592.0,18874368.0,0,0,0,prefix,"[[0, 1, 2, 3, 4, 5, 6, 7, 8], [0, 1, 2, 3, 4, 5, 6, 7, 8], [0, 1, 2, 3, 4, 5, 6, 7, 8], [0, 1, 2, 3, 4, 5, 6, 7, 8], [0, 1, 2, 3, 4, 5, 6, 7, 8], [0, 1, 2, 3, 4, 5, 6, 7, 8], [0, 1, 2, 3, 4, 5, 6, 7, 8], [0, 1, 2, 3, 4, 5, 6, 7, 8], [0, 1, 2, 3, 4, 5, 6, 7, 8], [0, 1, 2, 3, 4, 5, 6, 7, 8], [0, 1, 2, 3, 4, 5, 6, 7, 8], [0, 1, 2, 3, 4, 5, 6, 7, 8], [0, 1, 2, 3, 4, 5, 6, 7, 8], [0, 1, 2, 3, 4, 5, 6, 7, 8], [0, 1, 2, 3, 4, 5, 6, 7, 8], [0, 1, 2, 3, 4, 5, 6, 7, 8], [0, 1, 2, 3, 4, 5, 6, 7, 8], [0, 1, 2, 3, 4, 5, 6, 7, 8], [0, 1, 2, 3, 4, 5, 6, 7, 8], [0, 1, 2, 3, 4, 5, 6, 7, 8], [0, 1, 2, 3, 4, 5, 6, 7, 8], [0, 1, 2, 3, 4, 5, 6, 7, 8], [0, 1, 2, 3, 4, 5, 6, 7, 8], [0, 1, 2, 3, 4, 5, 6, 7, 8], [0, 1, 2, 3, 4, 5, 6, 7, 8], [0, 1, 2, 3, 4, 5, 6, 7, 8], [0, 1, 2, 3, 4, 5, 6, 7, 8], [0, 1, 2, 3, 4, 5, 6, 7, 8], [0, 1, 2, 3, 4, 5, 6, 7, 8], [0, 1, 2, 3, 4, 5, 6, 7, 8], [0, 1, 2, 3, 4, 5, 6, 7, 8], [0, 1, 2, 3, 4, 5, 6, 7, 8]]",sidecar,True,calib_importance_sep_tail,0
gqa,fullload,FullLoad,1.0,full,n16656,20797581,Is the shirt soft and white?,Yes,"[""yes""]",1.0,3869,2,calib_importance_sep_tail,4,fullload,,486.7693438427523,,,838.9121540822089,844.1376650007442,19.069775938987732,863.2074409397319,1226833920,2368,64,,793.8006871845573,,,1.0,1.0,null,0.0,,1226833920,0,64,0,1226833920,19169280.0,19169280.0,0.0,,,,,null,,,,0
gqa,layout_prefix_chunk,Layout+Prefix,0.25,chunk,n16656,20797581,Is the shirt soft and white?,Yes,"[""yes""]",1.0,3869,2,calib_importance_sep_tail,4,prefix,0.22199098020792007,191.03861006442457,54.13889838382602,282.0649439236149,42.77085792273283,324.89845994859934,18.720734980888665,343.619194929488,320864256,576,65,221.69531998224556,0.0,9.0,37,0.24324324324324326,0.26153846153846155,"[0.26153846153846155, 0.26153846153846155, 0.26153846153846155, 0.26153846153846155, 0.26153846153846155, 0.26153846153846155, 0.26153846153846155, 0.26153846153846155, 0.26153846153846155, 0.26153846153846155, 0.26153846153846155, 0.26153846153846155, 0.26153846153846155, 0.26153846153846155, 0.26153846153846155, 0.26153846153846155, 0.26153846153846155, 0.26153846153846155, 0.26153846153846155, 0.26153846153846155, 0.26153846153846155, 0.26153846153846155, 0.26153846153846155, 0.26153846153846155, 0.26153846153846155, 0.26153846153846155, 0.26153846153846155, 0.26153846153846155, 0.26153846153846155, 0.26153846153846155, 0.26153846153846155, 0.26153846153846155]",0.0,288,301989888,18874368,64,1,320864256,4936373.169230769,4718592.0,18874368.0,0,0,0,prefix,"[[0, 1, 2, 3, 4, 5, 6, 7, 8], [0, 1, 2, 3, 4, 5, 6, 7, 8], [0, 1, 2, 3, 4, 5, 6, 7, 8], [0, 1, 2, 3, 4, 5, 6, 7, 8], [0, 1, 2, 3, 4, 5, 6, 7, 8], [0, 1, 2, 3, 4, 5, 6, 7, 8], [0, 1, 2, 3, 4, 5, 6, 7, 8], [0, 1, 2, 3, 4, 5, 6, 7, 8], [0, 1, 2, 3, 4, 5, 6, 7, 8], [0, 1, 2, 3, 4, 5, 6, 7, 8], [0, 1, 2, 3, 4, 5, 6, 7, 8], [0, 1, 2, 3, 4, 5, 6, 7, 8], [0, 1, 2, 3, 4, 5, 6, 7, 8], [0, 1, 2, 3, 4, 5, 6, 7, 8], [0, 1, 2, 3, 4, 5, 6, 7, 8], [0, 1, 2, 3, 4, 5, 6, 7, 8], [0, 1, 2, 3, 4, 5, 6, 7, 8], [0, 1, 2, 3, 4, 5, 6, 7, 8], [0, 1, 2, 3, 4, 5, 6, 7, 8], [0, 1, 2, 3, 4, 5, 6, 7, 8], [0, 1, 2, 3, 4, 5, 6, 7, 8], [0, 1, 2, 3, 4, 5, 6, 7, 8], [0, 1, 2, 3, 4, 5, 6, 7, 8], [0, 1, 2, 3, 4, 5, 6, 7, 8], [0, 1, 2, 3, 4, 5, 6, 7, 8], [0, 1, 2, 3, 4, 5, 6, 7, 8], [0, 1, 2, 3, 4, 5, 6, 7, 8], [0, 1, 2, 3, 4, 5, 6, 7, 8], [0, 1, 2, 3, 4, 5, 6, 7, 8], [0, 1, 2, 3, 4, 5, 6, 7, 8], [0, 1, 2, 3, 4, 5, 6, 7, 8], [0, 1, 2, 3, 4, 5, 6, 7, 8]]",sidecar,True,calib_importance_sep_tail,0
gqa,fullload,FullLoad,1.0,full,n16656,20797563,Does the sky look orange and bright?,No,"[""no""]",1.0,1939,2,calib_importance_sep_tail,4,fullload,,496.26053508836776,,,845.3678060323,850.6170399487019,20.121740992181003,870.7387809408829,1226833920,2368,64,,797.2415690310299,,,1.0,1.0,null,0.0,,1226833920,0,64,0,1226833920,19169280.0,19169280.0,0.0,,,,,null,,,,0
gqa,layout_prefix_chunk,Layout+Prefix,0.25,chunk,n16656,20797563,Does the sky look orange and bright?,No,"[""no""]",1.0,1939,2,calib_importance_sep_tail,4,prefix,0.24428300093859434,194.71905136015266,57.08673095796257,290.5088929692283,55.87521695997566,346.443968010135,18.809125991538167,365.25309400167316,320864256,576,65,227.1180988755077,0.0,9.0,37,0.24324324324324326,0.26153846153846155,"[0.26153846153846155, 0.26153846153846155, 0.26153846153846155, 0.26153846153846155, 0.26153846153846155, 0.26153846153846155, 0.26153846153846155, 0.26153846153846155, 0.26153846153846155, 0.26153846153846155, 0.26153846153846155, 0.26153846153846155, 0.26153846153846155, 0.26153846153846155, 0.26153846153846155, 0.26153846153846155, 0.26153846153846155, 0.26153846153846155, 0.26153846153846155, 0.26153846153846155, 0.26153846153846155, 0.26153846153846155, 0.26153846153846155, 0.26153846153846155, 0.26153846153846155, 0.26153846153846155, 0.26153846153846155, 0.26153846153846155, 0.26153846153846155, 0.26153846153846155, 0.26153846153846155, 0.26153846153846155]",0.0,288,301989888,18874368,64,1,320864256,4936373.169230769,4718592.0,18874368.0,0,0,0,prefix,"[[0, 1, 2, 3, 4, 5, 6, 7, 8], [0, 1, 2, 3, 4, 5, 6, 7, 8], [0, 1, 2, 3, 4, 5, 6, 7, 8], [0, 1, 2, 3, 4, 5, 6, 7, 8], [0, 1, 2, 3, 4, 5, 6, 7, 8], [0, 1, 2, 3, 4, 5, 6, 7, 8], [0, 1, 2, 3, 4, 5, 6, 7, 8], [0, 1, 2, 3, 4, 5, 6, 7, 8], [0, 1, 2, 3, 4, 5, 6, 7, 8], [0, 1, 2, 3, 4, 5, 6, 7, 8], [0, 1, 2, 3, 4, 5, 6, 7, 8], [0, 1, 2, 3, 4, 5, 6, 7, 8], [0, 1, 2, 3, 4, 5, 6, 7, 8], [0, 1, 2, 3, 4, 5, 6, 7, 8], [0, 1, 2, 3, 4, 5, 6, 7, 8], [0, 1, 2, 3, 4, 5, 6, 7, 8], [0, 1, 2, 3, 4, 5, 6, 7, 8], [0, 1, 2, 3, 4, 5, 6, 7, 8], [0, 1, 2, 3, 4, 5, 6, 7, 8], [0, 1, 2, 3, 4, 5, 6, 7, 8], [0, 1, 2, 3, 4, 5, 6, 7, 8], [0, 1, 2, 3, 4, 5, 6, 7, 8], [0, 1, 2, 3, 4, 5, 6, 7, 8], [0, 1, 2, 3, 4, 5, 6, 7, 8], [0, 1, 2, 3, 4, 5, 6, 7, 8], [0, 1, 2, 3, 4, 5, 6, 7, 8], [0, 1, 2, 3, 4, 5, 6, 7, 8], [0, 1, 2, 3, 4, 5, 6, 7, 8], [0, 1, 2, 3, 4, 5, 6, 7, 8], [0, 1, 2, 3, 4, 5, 6, 7, 8], [0, 1, 2, 3, 4, 5, 6, 7, 8], [0, 1, 2, 3, 4, 5, 6, 7, 8]]",sidecar,True,calib_importance_sep_tail,0
gqa,fullload,FullLoad,1.0,full,n329479,201337154,Do the shoes have white color?,No,"[""yes""]",0.0,1939,2,calib_importance_sep_tail,4,fullload,,448.1795693282038,,,806.1453780392185,811.213755980134,20.260908058844507,831.4746640389785,1132462080,2176,64,,755.9562696842477,,,1.0,1.0,null,0.0,,1132462080,0,64,0,1132462080,17694720.0,17694720.0,0.0,,,,,null,,,,0
gqa,layout_prefix_chunk,Layout+Prefix,0.25,chunk,n329479,201337154,Do the shoes have white color?,No,"[""yes""]",0.0,1939,2,calib_importance_sep_tail,4,prefix,0.24431978818029165,167.91924345307052,54.78644627146423,261.87773200217634,44.285299023613334,306.22391996439546,18.970338045619428,325.1942580100149,293601280,512,65,200.9866968728602,0.0,8.0,34,0.23529411764705882,0.25925925925925924,"[0.25925925925925924, 0.25925925925925924, 0.25925925925925924, 0.25925925925925924, 0.25925925925925924, 0.25925925925925924, 0.25925925925925924, 0.25925925925925924, 0.25925925925925924, 0.25925925925925924, 0.25925925925925924, 0.25925925925925924, 0.25925925925925924, 0.25925925925925924, 0.25925925925925924, 0.25925925925925924, 0.25925925925925924, 0.25925925925925924, 0.25925925925925924, 0.25925925925925924, 0.25925925925925924, 0.25925925925925924, 0.25925925925925924, 0.25925925925925924, 0.25925925925925924, 0.25925925925925924, 0.25925925925925924, 0.25925925925925924, 0.25925925925925924, 0.25925925925925924, 0.25925925925925924, 0.25925925925925924]",0.0,256,268435456,25165824,64,1,293601280,4516942.769230769,4194304.0,25165824.0,0,0,0,prefix,"[[0, 1, 2, 3, 4, 5, 6, 7], [0, 1, 2, 3, 4, 5, 6, 7], [0, 1, 2, 3, 4, 5, 6, 7], [0, 1, 2, 3, 4, 5, 6, 7], [0, 1, 2, 3, 4, 5, 6, 7], [0, 1, 2, 3, 4, 5, 6, 7], [0, 1, 2, 3, 4, 5, 6, 7], [0, 1, 2, 3, 4, 5, 6, 7], [0, 1, 2, 3, 4, 5, 6, 7], [0, 1, 2, 3, 4, 5, 6, 7], [0, 1, 2, 3, 4, 5, 6, 7], [0, 1, 2, 3, 4, 5, 6, 7], [0, 1, 2, 3, 4, 5, 6, 7], [0, 1, 2, 3, 4, 5, 6, 7], [0, 1, 2, 3, 4, 5, 6, 7], [0, 1, 2, 3, 4, 5, 6, 7], [0, 1, 2, 3, 4, 5, 6, 7], [0, 1, 2, 3, 4, 5, 6, 7], [0, 1, 2, 3, 4, 5, 6, 7], [0, 1, 2, 3, 4, 5, 6, 7], [0, 1, 2, 3, 4, 5, 6, 7], [0, 1, 2, 3, 4, 5, 6, 7], [0, 1, 2, 3, 4, 5, 6, 7], [0, 1, 2, 3, 4, 5, 6, 7], [0, 1, 2, 3, 4, 5, 6, 7], [0, 1, 2, 3, 4, 5, 6, 7], [0, 1, 2, 3, 4, 5, 6, 7], [0, 1, 2, 3, 4, 5, 6, 7], [0, 1, 2, 3, 4, 5, 6, 7], [0, 1, 2, 3, 4, 5, 6, 7], [0, 1, 2, 3, 4, 5, 6, 7], [0, 1, 2, 3, 4, 5, 6, 7]]",sidecar,True,calib_importance_sep_tail,0
gqa,fullload,FullLoad,1.0,full,n329479,201336976,What is he jumping off of?,Skateboard,"[""grass""]",0.0,4971,4,calib_importance_sep_tail,4,fullload,,427.8621079865843,,,687.5836360268295,692.5861589843407,54.87255600746721,747.4587149918079,1132462080,2176,64,,635.0981150753796,,,1.0,1.0,null,0.0,,1132462080,0,64,0,1132462080,17694720.0,17694720.0,0.0,,,,,null,,,,0
gqa,layout_prefix_chunk,Layout+Prefix,0.25,chunk,n329479,201336976,What is he jumping off of?,Skateboard,"[""grass""]",0.0,4971,4,calib_importance_sep_tail,4,prefix,0.1999129308387637,147.41702866740525,47.24354494828731,229.9066809937358,36.47077293135226,266.42143598292023,55.65437802579254,322.07581400871277,293601280,512,65,174.53619244042784,0.0,8.0,34,0.23529411764705882,0.25925925925925924,"[0.25925925925925924, 0.25925925925925924, 0.25925925925925924, 0.25925925925925924, 0.25925925925925924, 0.25925925925925924, 0.25925925925925924, 0.25925925925925924, 0.25925925925925924, 0.25925925925925924, 0.25925925925925924, 0.25925925925925924, 0.25925925925925924, 0.25925925925925924, 0.25925925925925924, 0.25925925925925924, 0.25925925925925924, 0.25925925925925924, 0.25925925925925924, 0.25925925925925924, 0.25925925925925924, 0.25925925925925924, 0.25925925925925924, 0.25925925925925924, 0.25925925925925924, 0.25925925925925924, 0.25925925925925924, 0.25925925925925924, 0.25925925925925924, 0.25925925925925924, 0.25925925925925924, 0.25925925925925924]",0.0,256,268435456,25165824,64,1,293601280,4516942.769230769,4194304.0,25165824.0,0,0,0,prefix,"[[0, 1, 2, 3, 4, 5, 6, 7], [0, 1, 2, 3, 4, 5, 6, 7], [0, 1, 2, 3, 4, 5, 6, 7], [0, 1, 2, 3, 4, 5, 6, 7], [0, 1, 2, 3, 4, 5, 6, 7], [0, 1, 2, 3, 4, 5, 6, 7], [0, 1, 2, 3, 4, 5, 6, 7], [0, 1, 2, 3, 4, 5, 6, 7], [0, 1, 2, 3, 4, 5, 6, 7], [0, 1, 2, 3, 4, 5, 6, 7], [0, 1, 2, 3, 4, 5, 6, 7], [0, 1, 2, 3, 4, 5, 6, 7], [0, 1, 2, 3, 4, 5, 6, 7], [0, 1, 2, 3, 4, 5, 6, 7], [0, 1, 2, 3, 4, 5, 6, 7], [0, 1, 2, 3, 4, 5, 6, 7], [0, 1, 2, 3, 4, 5, 6, 7], [0, 1, 2, 3, 4, 5, 6, 7], [0, 1, 2, 3, 4, 5, 6, 7], [0, 1, 2, 3, 4, 5, 6, 7], [0, 1, 2, 3, 4, 5, 6, 7], [0, 1, 2, 3, 4, 5, 6, 7], [0, 1, 2, 3, 4, 5, 6, 7], [0, 1, 2, 3, 4, 5, 6, 7], [0, 1, 2, 3, 4, 5, 6, 7], [0, 1, 2, 3, 4, 5, 6, 7], [0, 1, 2, 3, 4, 5, 6, 7], [0, 1, 2, 3, 4, 5, 6, 7], [0, 1, 2, 3, 4, 5, 6, 7], [0, 1, 2, 3, 4, 5, 6, 7], [0, 1, 2, 3, 4, 5, 6, 7], [0, 1, 2, 3, 4, 5, 6, 7]]",sidecar,True,calib_importance_sep_tail,0
gqa,fullload,FullLoad,1.0,full,n329479,201336956,What is the man using?,Skateboard,"[""skateboard""]",1.0,4971,4,calib_importance_sep_tail,4,fullload,,471.8127017840743,,,817.203427082859,822.2158990101889,60.41768693830818,882.6335859484971,1132462080,2176,64,,761.783730587922,,,1.0,1.0,null,0.0,,1132462080,0,64,0,1132462080,17694720.0,17694720.0,0.0,,,,,null,,,,0
gqa,layout_prefix_chunk,Layout+Prefix,0.25,chunk,n329479,201336956,What is the man using?,Skateboard,"[""skateboard""]",1.0,4971,4,calib_importance_sep_tail,4,prefix,0.20301190670579672,138.82851228117943,48.74296311754733,218.18018308840692,46.28424497786909,264.5260440185666,55.06495898589492,319.5910030044615,293601280,512,65,163.63173944409937,0.0,8.0,34,0.23529411764705882,0.25925925925925924,"[0.25925925925925924, 0.25925925925925924, 0.25925925925925924, 0.25925925925925924, 0.25925925925925924, 0.25925925925925924, 0.25925925925925924, 0.25925925925925924, 0.25925925925925924, 0.25925925925925924, 0.25925925925925924, 0.25925925925925924, 0.25925925925925924, 0.25925925925925924, 0.25925925925925924, 0.25925925925925924, 0.25925925925925924, 0.25925925925925924, 0.25925925925925924, 0.25925925925925924, 0.25925925925925924, 0.25925925925925924, 0.25925925925925924, 0.25925925925925924, 0.25925925925925924, 0.25925925925925924, 0.25925925925925924, 0.25925925925925924, 0.25925925925925924, 0.25925925925925924, 0.25925925925925924, 0.25925925925925924]",0.0,256,268435456,25165824,64,1,293601280,4516942.769230769,4194304.0,25165824.0,0,0,0,prefix,"[[0, 1, 2, 3, 4, 5, 6, 7], [0, 1, 2, 3, 4, 5, 6, 7], [0, 1, 2, 3, 4, 5, 6, 7], [0, 1, 2, 3, 4, 5, 6, 7], [0, 1, 2, 3, 4, 5, 6, 7], [0, 1, 2, 3, 4, 5, 6, 7], [0, 1, 2, 3, 4, 5, 6, 7], [0, 1, 2, 3, 4, 5, 6, 7], [0, 1, 2, 3, 4, 5, 6, 7], [0, 1, 2, 3, 4, 5, 6, 7], [0, 1, 2, 3, 4, 5, 6, 7], [0, 1, 2, 3, 4, 5, 6, 7], [0, 1, 2, 3, 4, 5, 6, 7], [0, 1, 2, 3, 4, 5, 6, 7], [0, 1, 2, 3, 4, 5, 6, 7], [0, 1, 2, 3, 4, 5, 6, 7], [0, 1, 2, 3, 4, 5, 6, 7], [0, 1, 2, 3, 4, 5, 6, 7], [0, 1, 2, 3, 4, 5, 6, 7], [0, 1, 2, 3, 4, 5, 6, 7], [0, 1, 2, 3, 4, 5, 6, 7], [0, 1, 2, 3, 4, 5, 6, 7], [0, 1, 2, 3, 4, 5, 6, 7], [0, 1, 2, 3, 4, 5, 6, 7], [0, 1, 2, 3, 4, 5, 6, 7], [0, 1, 2, 3, 4, 5, 6, 7], [0, 1, 2, 3, 4, 5, 6, 7], [0, 1, 2, 3, 4, 5, 6, 7], [0, 1, 2, 3, 4, 5, 6, 7], [0, 1, 2, 3, 4, 5, 6, 7], [0, 1, 2, 3, 4, 5, 6, 7], [0, 1, 2, 3, 4, 5, 6, 7]]",sidecar,True,calib_importance_sep_tail,0
gqa,fullload,FullLoad,1.0,full,n329479,201336939,What is he in front of?,Bench,"[""bench""]",1.0,4111,3,calib_importance_sep_tail,4,fullload,,511.7339415010065,,,862.8163089742884,867.7579929353669,60.19305007066578,927.9510430060327,1132462080,2176,64,,799.9157406156883,,,1.0,1.0,null,0.0,,1132462080,0,64,0,1132462080,17694720.0,17694720.0,0.0,,,,,null,,,,0
gqa,layout_prefix_chunk,Layout+Prefix,0.25,chunk,n329479,201336939,What is he in front of?,Bench,"[""bench""]",1.0,4111,3,calib_importance_sep_tail,4,prefix,0.21001382265239954,162.94035513419658,49.34548551682383,247.91217991150916,41.06470092665404,289.0391869004816,38.314278004691005,327.3534649051726,293601280,512,65,191.24147982802242,0.0,8.0,34,0.23529411764705882,0.25925925925925924,"[0.25925925925925924, 0.25925925925925924, 0.25925925925925924, 0.25925925925925924, 0.25925925925925924, 0.25925925925925924, 0.25925925925925924, 0.25925925925925924, 0.25925925925925924, 0.25925925925925924, 0.25925925925925924, 0.25925925925925924, 0.25925925925925924, 0.25925925925925924, 0.25925925925925924, 0.25925925925925924, 0.25925925925925924, 0.25925925925925924, 0.25925925925925924, 0.25925925925925924, 0.25925925925925924, 0.25925925925925924, 0.25925925925925924, 0.25925925925925924, 0.25925925925925924, 0.25925925925925924, 0.25925925925925924, 0.25925925925925924, 0.25925925925925924, 0.25925925925925924, 0.25925925925925924, 0.25925925925925924]",0.0,256,268435456,25165824,64,1,293601280,4516942.769230769,4194304.0,25165824.0,0,0,0,prefix,"[[0, 1, 2, 3, 4, 5, 6, 7], [0, 1, 2, 3, 4, 5, 6, 7], [0, 1, 2, 3, 4, 5, 6, 7], [0, 1, 2, 3, 4, 5, 6, 7], [0, 1, 2, 3, 4, 5, 6, 7], [0, 1, 2, 3, 4, 5, 6, 7], [0, 1, 2, 3, 4, 5, 6, 7], [0, 1, 2, 3, 4, 5, 6, 7], [0, 1, 2, 3, 4, 5, 6, 7], [0, 1, 2, 3, 4, 5, 6, 7], [0, 1, 2, 3, 4, 5, 6, 7], [0, 1, 2, 3, 4, 5, 6, 7], [0, 1, 2, 3, 4, 5, 6, 7], [0, 1, 2, 3, 4, 5, 6, 7], [0, 1, 2, 3, 4, 5, 6, 7], [0, 1, 2, 3, 4, 5, 6, 7], [0, 1, 2, 3, 4, 5, 6, 7], [0, 1, 2, 3, 4, 5, 6, 7], [0, 1, 2, 3, 4, 5, 6, 7], [0, 1, 2, 3, 4, 5, 6, 7], [0, 1, 2, 3, 4, 5, 6, 7], [0, 1, 2, 3, 4, 5, 6, 7], [0, 1, 2, 3, 4, 5, 6, 7], [0, 1, 2, 3, 4, 5, 6, 7], [0, 1, 2, 3, 4, 5, 6, 7], [0, 1, 2, 3, 4, 5, 6, 7], [0, 1, 2, 3, 4, 5, 6, 7], [0, 1, 2, 3, 4, 5, 6, 7], [0, 1, 2, 3, 4, 5, 6, 7], [0, 1, 2, 3, 4, 5, 6, 7], [0, 1, 2, 3, 4, 5, 6, 7], [0, 1, 2, 3, 4, 5, 6, 7]]",sidecar,True,calib_importance_sep_tail,0
gqa,fullload,FullLoad,1.0,full,n329479,201336930,What do the bench and the skateboard have in common?,Color,"[""material""]",0.0,9159,2,calib_importance_sep_tail,4,fullload,,526.6386988805607,,,929.7752050915733,934.9300620378926,19.481809926219285,954.4118719641119,1132462080,2176,64,,860.4607554152608,,,1.0,1.0,null,0.0,,1132462080,0,64,0,1132462080,17694720.0,17694720.0,0.0,,,,,null,,,,0
gqa,layout_prefix_chunk,Layout+Prefix,0.25,chunk,n329479,201336930,What do the bench and the skateboard have in common?,Color,"[""material""]",0.0,9159,2,calib_importance_sep_tail,4,prefix,0.23361959028989077,168.676188448444,51.526183378882706,254.54735604580492,36.78008704446256,291.36823606677353,18.653741921298206,310.02197798807174,293601280,512,65,196.93355110939592,0.0,8.0,34,0.23529411764705882,0.25925925925925924,"[0.25925925925925924, 0.25925925925925924, 0.25925925925925924, 0.25925925925925924, 0.25925925925925924, 0.25925925925925924, 0.25925925925925924, 0.25925925925925924, 0.25925925925925924, 0.25925925925925924, 0.25925925925925924, 0.25925925925925924, 0.25925925925925924, 0.25925925925925924, 0.25925925925925924, 0.25925925925925924, 0.25925925925925924, 0.25925925925925924, 0.25925925925925924, 0.25925925925925924, 0.25925925925925924, 0.25925925925925924, 0.25925925925925924, 0.25925925925925924, 0.25925925925925924, 0.25925925925925924, 0.25925925925925924, 0.25925925925925924, 0.25925925925925924, 0.25925925925925924, 0.25925925925925924, 0.25925925925925924]",0.0,256,268435456,25165824,64,1,293601280,4516942.769230769,4194304.0,25165824.0,0,0,0,prefix,"[[0, 1, 2, 3, 4, 5, 6, 7], [0, 1, 2, 3, 4, 5, 6, 7], [0, 1, 2, 3, 4, 5, 6, 7], [0, 1, 2, 3, 4, 5, 6, 7], [0, 1, 2, 3, 4, 5, 6, 7], [0, 1, 2, 3, 4, 5, 6, 7], [0, 1, 2, 3, 4, 5, 6, 7], [0, 1, 2, 3, 4, 5, 6, 7], [0, 1, 2, 3, 4, 5, 6, 7], [0, 1, 2, 3, 4, 5, 6, 7], [0, 1, 2, 3, 4, 5, 6, 7], [0, 1, 2, 3, 4, 5, 6, 7], [0, 1, 2, 3, 4, 5, 6, 7], [0, 1, 2, 3, 4, 5, 6, 7], [0, 1, 2, 3, 4, 5, 6, 7], [0, 1, 2, 3, 4, 5, 6, 7], [0, 1, 2, 3, 4, 5, 6, 7], [0, 1, 2, 3, 4, 5, 6, 7], [0, 1, 2, 3, 4, 5, 6, 7], [0, 1, 2, 3, 4, 5, 6, 7], [0, 1, 2, 3, 4, 5, 6, 7], [0, 1, 2, 3, 4, 5, 6, 7], [0, 1, 2, 3, 4, 5, 6, 7], [0, 1, 2, 3, 4, 5, 6, 7], [0, 1, 2, 3, 4, 5, 6, 7], [0, 1, 2, 3, 4, 5, 6, 7], [0, 1, 2, 3, 4, 5, 6, 7], [0, 1, 2, 3, 4, 5, 6, 7], [0, 1, 2, 3, 4, 5, 6, 7], [0, 1, 2, 3, 4, 5, 6, 7], [0, 1, 2, 3, 4, 5, 6, 7], [0, 1, 2, 3, 4, 5, 6, 7]]",sidecar,True,calib_importance_sep_tail,0
gqa,fullload,FullLoad,1.0,full,n329479,201337043,What are the wheels made of?,Plastic,"[""plastic""]",1.0,1858,3,calib_importance_sep_tail,4,fullload,,368.497199495323,,,588.991810916923,594.0007750177756,37.867684033699334,631.8684590514749,1132462080,2176,64,,546.2255083257332,,,1.0,1.0,null,0.0,,1132462080,0,64,0,1132462080,17694720.0,17694720.0,0.0,,,,,null,,,,0
gqa,layout_prefix_chunk,Layout+Prefix,0.25,chunk,n329479,201337043,What are the wheels made of?,Plastic,"[""plastic""]",1.0,1858,3,calib_importance_sep_tail,4,prefix,0.18799863755702972,150.9215971454978,43.90647413674742,224.94263702537864,46.80234694387764,271.8048309907317,37.484457017853856,309.2892880085856,293601280,512,65,174.85697683878243,0.0,8.0,34,0.23529411764705882,0.25925925925925924,"[0.25925925925925924, 0.25925925925925924, 0.25925925925925924, 0.25925925925925924, 0.25925925925925924, 0.25925925925925924, 0.25925925925925924, 0.25925925925925924, 0.25925925925925924, 0.25925925925925924, 0.25925925925925924, 0.25925925925925924, 0.25925925925925924, 0.25925925925925924, 0.25925925925925924, 0.25925925925925924, 0.25925925925925924, 0.25925925925925924, 0.25925925925925924, 0.25925925925925924, 0.25925925925925924, 0.25925925925925924, 0.25925925925925924, 0.25925925925925924, 0.25925925925925924, 0.25925925925925924, 0.25925925925925924, 0.25925925925925924, 0.25925925925925924, 0.25925925925925924, 0.25925925925925924, 0.25925925925925924]",0.0,256,268435456,25165824,64,1,293601280,4516942.769230769,4194304.0,25165824.0,0,0,0,prefix,"[[0, 1, 2, 3, 4, 5, 6, 7], [0, 1, 2, 3, 4, 5, 6, 7], [0, 1, 2, 3, 4, 5, 6, 7], [0, 1, 2, 3, 4, 5, 6, 7], [0, 1, 2, 3, 4, 5, 6, 7], [0, 1, 2, 3, 4, 5, 6, 7], [0, 1, 2, 3, 4, 5, 6, 7], [0, 1, 2, 3, 4, 5, 6, 7], [0, 1, 2, 3, 4, 5, 6, 7], [0, 1, 2, 3, 4, 5, 6, 7], [0, 1, 2, 3, 4, 5, 6, 7], [0, 1, 2, 3, 4, 5, 6, 7], [0, 1, 2, 3, 4, 5, 6, 7], [0, 1, 2, 3, 4, 5, 6, 7], [0, 1, 2, 3, 4, 5, 6, 7], [0, 1, 2, 3, 4, 5, 6, 7], [0, 1, 2, 3, 4, 5, 6, 7], [0, 1, 2, 3, 4, 5, 6, 7], [0, 1, 2, 3, 4, 5, 6, 7], [0, 1, 2, 3, 4, 5, 6, 7], [0, 1, 2, 3, 4, 5, 6, 7], [0, 1, 2, 3, 4, 5, 6, 7], [0, 1, 2, 3, 4, 5, 6, 7], [0, 1, 2, 3, 4, 5, 6, 7], [0, 1, 2, 3, 4, 5, 6, 7], [0, 1, 2, 3, 4, 5, 6, 7], [0, 1, 2, 3, 4, 5, 6, 7], [0, 1, 2, 3, 4, 5, 6, 7], [0, 1, 2, 3, 4, 5, 6, 7], [0, 1, 2, 3, 4, 5, 6, 7], [0, 1, 2, 3, 4, 5, 6, 7], [0, 1, 2, 3, 4, 5, 6, 7]]",sidecar,True,calib_importance_sep_tail,0
gqa,fullload,FullLoad,1.0,full,n406334,202159012,Are there any people next to the vehicle that is yellow and black?,Yes,"[""yes""]",1.0,3869,2,calib_importance_sep_tail,4,fullload,,347.83598710782826,,,574.3213489186019,579.3726228876039,19.525149022229016,598.897771909833,1124073472,2176,64,,531.7535058129579,,,1.0,1.0,null,0.0,,1124073472,0,64,0,1124073472,17563648.0,17563648.0,0.0,,,,,null,,,,0
gqa,layout_prefix_chunk,Layout+Prefix,0.25,chunk,n406334,202159012,Are there any people next to the vehicle that is yellow and black?,Yes,"[""yes""]",1.0,3869,2,calib_importance_sep_tail,4,prefix,0.1903972588479519,147.27770606987178,46.553876250982285,224.38106895424426,36.83933801949024,261.2621410517022,19.315876998007298,280.5780180497095,285212672,512,65,171.9896587310359,0.0,8.0,34,0.23529411764705882,0.2537313432835821,"[0.2537313432835821, 0.2537313432835821, 0.2537313432835821, 0.2537313432835821, 0.2537313432835821, 0.2537313432835821, 0.2537313432835821, 0.2537313432835821, 0.2537313432835821, 0.2537313432835821, 0.2537313432835821, 0.2537313432835821, 0.2537313432835821, 0.2537313432835821, 0.2537313432835821, 0.2537313432835821, 0.2537313432835821, 0.2537313432835821, 0.2537313432835821, 0.2537313432835821, 0.2537313432835821, 0.2537313432835821, 0.2537313432835821, 0.2537313432835821, 0.2537313432835821, 0.2537313432835821, 0.2537313432835821, 0.2537313432835821, 0.2537313432835821, 0.2537313432835821, 0.2537313432835821, 0.2537313432835821]",0.0,256,268435456,16777216,64,1,285212672,4387887.261538462,4194304.0,16777216.0,0,0,0,prefix,"[[0, 1, 2, 3, 4, 5, 6, 7], [0, 1, 2, 3, 4, 5, 6, 7], [0, 1, 2, 3, 4, 5, 6, 7], [0, 1, 2, 3, 4, 5, 6, 7], [0, 1, 2, 3, 4, 5, 6, 7], [0, 1, 2, 3, 4, 5, 6, 7], [0, 1, 2, 3, 4, 5, 6, 7], [0, 1, 2, 3, 4, 5, 6, 7], [0, 1, 2, 3, 4, 5, 6, 7], [0, 1, 2, 3, 4, 5, 6, 7], [0, 1, 2, 3, 4, 5, 6, 7], [0, 1, 2, 3, 4, 5, 6, 7], [0, 1, 2, 3, 4, 5, 6, 7], [0, 1, 2, 3, 4, 5, 6, 7], [0, 1, 2, 3, 4, 5, 6, 7], [0, 1, 2, 3, 4, 5, 6, 7], [0, 1, 2, 3, 4, 5, 6, 7], [0, 1, 2, 3, 4, 5, 6, 7], [0, 1, 2, 3, 4, 5, 6, 7], [0, 1, 2, 3, 4, 5, 6, 7], [0, 1, 2, 3, 4, 5, 6, 7], [0, 1, 2, 3, 4, 5, 6, 7], [0, 1, 2, 3, 4, 5, 6, 7], [0, 1, 2, 3, 4, 5, 6, 7], [0, 1, 2, 3, 4, 5, 6, 7], [0, 1, 2, 3, 4, 5, 6, 7], [0, 1, 2, 3, 4, 5, 6, 7], [0, 1, 2, 3, 4, 5, 6, 7], [0, 1, 2, 3, 4, 5, 6, 7], [0, 1, 2, 3, 4, 5, 6, 7], [0, 1, 2, 3, 4, 5, 6, 7], [0, 1, 2, 3, 4, 5, 6, 7]]",sidecar,True,calib_importance_sep_tail,0
gqa,fullload,FullLoad,1.0,full,n406334,202159091,On which side of the image are the metal cars?,Left,"[""right""]",0.0,19941,2,calib_importance_sep_tail,4,fullload,,479.5875826384872,,,837.240406894125,842.2311649192125,19.50657006818801,861.7377349874005,1124073472,2176,64,,787.3360470402986,,,1.0,1.0,null,0.0,,1124073472,0,64,0,1124073472,17563648.0,17563648.0,0.0,,,,,null,,,,0
gqa,layout_prefix_chunk,Layout+Prefix,0.25,chunk,n406334,202159091,On which side of the image are the metal cars?,Left,"[""right""]",0.0,19941,2,calib_importance_sep_tail,4,prefix,0.19141181837767363,161.18004685267806,47.641822951845825,240.17753603402525,46.90718196798116,287.14427805971354,18.809130997397006,305.95340905711055,285212672,512,65,186.66510155890137,0.0,8.0,34,0.23529411764705882,0.2537313432835821,"[0.2537313432835821, 0.2537313432835821, 0.2537313432835821, 0.2537313432835821, 0.2537313432835821, 0.2537313432835821, 0.2537313432835821, 0.2537313432835821, 0.2537313432835821, 0.2537313432835821, 0.2537313432835821, 0.2537313432835821, 0.2537313432835821, 0.2537313432835821, 0.2537313432835821, 0.2537313432835821, 0.2537313432835821, 0.2537313432835821, 0.2537313432835821, 0.2537313432835821, 0.2537313432835821, 0.2537313432835821, 0.2537313432835821, 0.2537313432835821, 0.2537313432835821, 0.2537313432835821, 0.2537313432835821, 0.2537313432835821, 0.2537313432835821, 0.2537313432835821, 0.2537313432835821, 0.2537313432835821]",0.0,256,268435456,16777216,64,1,285212672,4387887.261538462,4194304.0,16777216.0,0,0,0,prefix,"[[0, 1, 2, 3, 4, 5, 6, 7], [0, 1, 2, 3, 4, 5, 6, 7], [0, 1, 2, 3, 4, 5, 6, 7], [0, 1, 2, 3, 4, 5, 6, 7], [0, 1, 2, 3, 4, 5, 6, 7], [0, 1, 2, 3, 4, 5, 6, 7], [0, 1, 2, 3, 4, 5, 6, 7], [0, 1, 2, 3, 4, 5, 6, 7], [0, 1, 2, 3, 4, 5, 6, 7], [0, 1, 2, 3, 4, 5, 6, 7], [0, 1, 2, 3, 4, 5, 6, 7], [0, 1, 2, 3, 4, 5, 6, 7], [0, 1, 2, 3, 4, 5, 6, 7], [0, 1, 2, 3, 4, 5, 6, 7], [0, 1, 2, 3, 4, 5, 6, 7], [0, 1, 2, 3, 4, 5, 6, 7], [0, 1, 2, 3, 4, 5, 6, 7], [0, 1, 2, 3, 4, 5, 6, 7], [0, 1, 2, 3, 4, 5, 6, 7], [0, 1, 2, 3, 4, 5, 6, 7], [0, 1, 2, 3, 4, 5, 6, 7], [0, 1, 2, 3, 4, 5, 6, 7], [0, 1, 2, 3, 4, 5, 6, 7], [0, 1, 2, 3, 4, 5, 6, 7], [0, 1, 2, 3, 4, 5, 6, 7], [0, 1, 2, 3, 4, 5, 6, 7], [0, 1, 2, 3, 4, 5, 6, 7], [0, 1, 2, 3, 4, 5, 6, 7], [0, 1, 2, 3, 4, 5, 6, 7], [0, 1, 2, 3, 4, 5, 6, 7], [0, 1, 2, 3, 4, 5, 6, 7], [0, 1, 2, 3, 4, 5, 6, 7]]",sidecar,True,calib_importance_sep_tail,0
gqa,fullload,FullLoad,1.0,full,n406334,202158963,Are the old people on the left or on the right?,Right,"[""right""]",1.0,10428,2,calib_importance_sep_tail,4,fullload,,482.3238238459453,,,833.7086550891399,838.677951018326,22.408697986975312,861.0866490053013,1124073472,2176,64,,765.1022631907836,,,1.0,1.0,null,0.0,,1124073472,0,64,0,1124073472,17563648.0,17563648.0,0.0,,,,,null,,,,0
gqa,layout_prefix_chunk,Layout+Prefix,0.25,chunk,n406334,202158963,Are the old people on the left or on the right?,Right,"[""right""]",1.0,10428,2,calib_importance_sep_tail,4,prefix,0.22962491493672132,171.87518521677703,54.26039011217654,260.1393450750038,47.85868106409907,308.05787607096136,18.637309898622334,326.6951859695837,285212672,512,65,199.75663628429174,0.0,8.0,34,0.23529411764705882,0.2537313432835821,"[0.2537313432835821, 0.2537313432835821, 0.2537313432835821, 0.2537313432835821, 0.2537313432835821, 0.2537313432835821, 0.2537313432835821, 0.2537313432835821, 0.2537313432835821, 0.2537313432835821, 0.2537313432835821, 0.2537313432835821, 0.2537313432835821, 0.2537313432835821, 0.2537313432835821, 0.2537313432835821, 0.2537313432835821, 0.2537313432835821, 0.2537313432835821, 0.2537313432835821, 0.2537313432835821, 0.2537313432835821, 0.2537313432835821, 0.2537313432835821, 0.2537313432835821, 0.2537313432835821, 0.2537313432835821, 0.2537313432835821, 0.2537313432835821, 0.2537313432835821, 0.2537313432835821, 0.2537313432835821]",0.0,256,268435456,16777216,64,1,285212672,4387887.261538462,4194304.0,16777216.0,0,0,0,prefix,"[[0, 1, 2, 3, 4, 5, 6, 7], [0, 1, 2, 3, 4, 5, 6, 7], [0, 1, 2, 3, 4, 5, 6, 7], [0, 1, 2, 3, 4, 5, 6, 7], [0, 1, 2, 3, 4, 5, 6, 7], [0, 1, 2, 3, 4, 5, 6, 7], [0, 1, 2, 3, 4, 5, 6, 7], [0, 1, 2, 3, 4, 5, 6, 7], [0, 1, 2, 3, 4, 5, 6, 7], [0, 1, 2, 3, 4, 5, 6, 7], [0, 1, 2, 3, 4, 5, 6, 7], [0, 1, 2, 3, 4, 5, 6, 7], [0, 1, 2, 3, 4, 5, 6, 7], [0, 1, 2, 3, 4, 5, 6, 7], [0, 1, 2, 3, 4, 5, 6, 7], [0, 1, 2, 3, 4, 5, 6, 7], [0, 1, 2, 3, 4, 5, 6, 7], [0, 1, 2, 3, 4, 5, 6, 7], [0, 1, 2, 3, 4, 5, 6, 7], [0, 1, 2, 3, 4, 5, 6, 7], [0, 1, 2, 3, 4, 5, 6, 7], [0, 1, 2, 3, 4, 5, 6, 7], [0, 1, 2, 3, 4, 5, 6, 7], [0, 1, 2, 3, 4, 5, 6, 7], [0, 1, 2, 3, 4, 5, 6, 7], [0, 1, 2, 3, 4, 5, 6, 7], [0, 1, 2, 3, 4, 5, 6, 7], [0, 1, 2, 3, 4, 5, 6, 7], [0, 1, 2, 3, 4, 5, 6, 7], [0, 1, 2, 3, 4, 5, 6, 7], [0, 1, 2, 3, 4, 5, 6, 7], [0, 1, 2, 3, 4, 5, 6, 7]]",sidecar,True,calib_importance_sep_tail,0
gqa,fullload,FullLoad,1.0,full,n406334,202158771,Are the street lights made of the same material as the cars?,No,"[""yes""]",0.0,1939,2,calib_importance_sep_tail,4,fullload,,372.06540862098336,,,604.6499270014465,609.5882089575753,19.176269066520035,628.7644780240953,1124073472,2176,64,,558.7982863653451,,,1.0,1.0,null,0.0,,1124073472,0,64,0,1124073472,17563648.0,17563648.0,0.0,,,,,null,,,,0
gqa,layout_prefix_chunk,Layout+Prefix,0.25,chunk,n406334,202158771,Are the street lights made of the same material as the cars?,No,"[""yes""]",0.0,1939,2,calib_importance_sep_tail,4,prefix,0.1597380032762885,139.26235248800367,41.705360054038465,206.86585805378854,36.082800943404436,242.99360299482942,18.66341009736061,261.65701309219,285212672,512,65,159.533814759925,0.0,8.0,34,0.23529411764705882,0.2537313432835821,"[0.2537313432835821, 0.2537313432835821, 0.2537313432835821, 0.2537313432835821, 0.2537313432835821, 0.2537313432835821, 0.2537313432835821, 0.2537313432835821, 0.2537313432835821, 0.2537313432835821, 0.2537313432835821, 0.2537313432835821, 0.2537313432835821, 0.2537313432835821, 0.2537313432835821, 0.2537313432835821, 0.2537313432835821, 0.2537313432835821, 0.2537313432835821, 0.2537313432835821, 0.2537313432835821, 0.2537313432835821, 0.2537313432835821, 0.2537313432835821, 0.2537313432835821, 0.2537313432835821, 0.2537313432835821, 0.2537313432835821, 0.2537313432835821, 0.2537313432835821, 0.2537313432835821, 0.2537313432835821]",0.0,256,268435456,16777216,64,1,285212672,4387887.261538462,4194304.0,16777216.0,0,0,0,prefix,"[[0, 1, 2, 3, 4, 5, 6, 7], [0, 1, 2, 3, 4, 5, 6, 7], [0, 1, 2, 3, 4, 5, 6, 7], [0, 1, 2, 3, 4, 5, 6, 7], [0, 1, 2, 3, 4, 5, 6, 7], [0, 1, 2, 3, 4, 5, 6, 7], [0, 1, 2, 3, 4, 5, 6, 7], [0, 1, 2, 3, 4, 5, 6, 7], [0, 1, 2, 3, 4, 5, 6, 7], [0, 1, 2, 3, 4, 5, 6, 7], [0, 1, 2, 3, 4, 5, 6, 7], [0, 1, 2, 3, 4, 5, 6, 7], [0, 1, 2, 3, 4, 5, 6, 7], [0, 1, 2, 3, 4, 5, 6, 7], [0, 1, 2, 3, 4, 5, 6, 7], [0, 1, 2, 3, 4, 5, 6, 7], [0, 1, 2, 3, 4, 5, 6, 7], [0, 1, 2, 3, 4, 5, 6, 7], [0, 1, 2, 3, 4, 5, 6, 7], [0, 1, 2, 3, 4, 5, 6, 7], [0, 1, 2, 3, 4, 5, 6, 7], [0, 1, 2, 3, 4, 5, 6, 7], [0, 1, 2, 3, 4, 5, 6, 7], [0, 1, 2, 3, 4, 5, 6, 7], [0, 1, 2, 3, 4, 5, 6, 7], [0, 1, 2, 3, 4, 5, 6, 7], [0, 1, 2, 3, 4, 5, 6, 7], [0, 1, 2, 3, 4, 5, 6, 7], [0, 1, 2, 3, 4, 5, 6, 7], [0, 1, 2, 3, 4, 5, 6, 7], [0, 1, 2, 3, 4, 5, 6, 7], [0, 1, 2, 3, 4, 5, 6, 7]]",sidecar,True,calib_importance_sep_tail,0
gqa,fullload,FullLoad,1.0,full,n406334,202159121,Which kind of vehicle is in front of the buildings?,Bus,"[""cars""]",0.0,8406,2,calib_importance_sep_tail,4,fullload,,403.8033011602238,,,657.4735239846632,662.4506230000407,19.658594042994082,682.1092170430347,1124073472,2176,64,,606.5062881680205,,,1.0,1.0,null,0.0,,1124073472,0,64,0,1124073472,17563648.0,17563648.0,0.0,,,,,null,,,,0
gqa,layout_prefix_chunk,Layout+Prefix,0.25,chunk,n406334,202159121,Which kind of vehicle is in front of the buildings?,Bus,"[""cars""]",0.0,8406,2,calib_importance_sep_tail,4,prefix,0.16229716129601002,142.43686269037426,41.66665626689792,210.9786570072174,45.428769080899656,256.4678060589358,18.704041955061257,275.1718480139971,285212672,512,65,163.73024100903422,0.0,8.0,34,0.23529411764705882,0.2537313432835821,"[0.2537313432835821, 0.2537313432835821, 0.2537313432835821, 0.2537313432835821, 0.2537313432835821, 0.2537313432835821, 0.2537313432835821, 0.2537313432835821, 0.2537313432835821, 0.2537313432835821, 0.2537313432835821, 0.2537313432835821, 0.2537313432835821, 0.2537313432835821, 0.2537313432835821, 0.2537313432835821, 0.2537313432835821, 0.2537313432835821, 0.2537313432835821, 0.2537313432835821, 0.2537313432835821, 0.2537313432835821, 0.2537313432835821, 0.2537313432835821, 0.2537313432835821, 0.2537313432835821, 0.2537313432835821, 0.2537313432835821, 0.2537313432835821, 0.2537313432835821, 0.2537313432835821, 0.2537313432835821]",0.0,256,268435456,16777216,64,1,285212672,4387887.261538462,4194304.0,16777216.0,0,0,0,prefix,"[[0, 1, 2, 3, 4, 5, 6, 7], [0, 1, 2, 3, 4, 5, 6, 7], [0, 1, 2, 3, 4, 5, 6, 7], [0, 1, 2, 3, 4, 5, 6, 7], [0, 1, 2, 3, 4, 5, 6, 7], [0, 1, 2, 3, 4, 5, 6, 7], [0, 1, 2, 3, 4, 5, 6, 7], [0, 1, 2, 3, 4, 5, 6, 7], [0, 1, 2, 3, 4, 5, 6, 7], [0, 1, 2, 3, 4, 5, 6, 7], [0, 1, 2, 3, 4, 5, 6, 7], [0, 1, 2, 3, 4, 5, 6, 7], [0, 1, 2, 3, 4, 5, 6, 7], [0, 1, 2, 3, 4, 5, 6, 7], [0, 1, 2, 3, 4, 5, 6, 7], [0, 1, 2, 3, 4, 5, 6, 7], [0, 1, 2, 3, 4, 5, 6, 7], [0, 1, 2, 3, 4, 5, 6, 7], [0, 1, 2, 3, 4, 5, 6, 7], [0, 1, 2, 3, 4, 5, 6, 7], [0, 1, 2, 3, 4, 5, 6, 7], [0, 1, 2, 3, 4, 5, 6, 7], [0, 1, 2, 3, 4, 5, 6, 7], [0, 1, 2, 3, 4, 5, 6, 7], [0, 1, 2, 3, 4, 5, 6, 7], [0, 1, 2, 3, 4, 5, 6, 7], [0, 1, 2, 3, 4, 5, 6, 7], [0, 1, 2, 3, 4, 5, 6, 7], [0, 1, 2, 3, 4, 5, 6, 7], [0, 1, 2, 3, 4, 5, 6, 7], [0, 1, 2, 3, 4, 5, 6, 7], [0, 1, 2, 3, 4, 5, 6, 7]]",sidecar,True,calib_importance_sep_tail,0
gqa,fullload,FullLoad,1.0,full,n406334,202158855,Which color is this bus?,Yellow,"[""black""]",0.0,612,3,calib_importance_sep_tail,4,fullload,,398.6432789824903,,,637.7541340189055,642.7208479726687,40.81181902438402,683.5326669970527,1124073472,2176,64,,590.9945294260979,,,1.0,1.0,null,0.0,,1124073472,0,64,0,1124073472,17563648.0,17563648.0,0.0,,,,,null,,,,0
gqa,layout_prefix_chunk,Layout+Prefix,0.25,chunk,n406334,202158855,Which color is this bus?,Yellow,"[""black""]",0.0,612,3,calib_importance_sep_tail,4,prefix,0.22187945432960987,157.75499131996185,53.08023083489388,244.20177494175732,43.35615993477404,287.60458098258823,37.263171980157495,324.8677529627457,285212672,512,65,185.18248619511724,0.0,8.0,34,0.23529411764705882,0.2537313432835821,"[0.2537313432835821, 0.2537313432835821, 0.2537313432835821, 0.2537313432835821, 0.2537313432835821, 0.2537313432835821, 0.2537313432835821, 0.2537313432835821, 0.2537313432835821, 0.2537313432835821, 0.2537313432835821, 0.2537313432835821, 0.2537313432835821, 0.2537313432835821, 0.2537313432835821, 0.2537313432835821, 0.2537313432835821, 0.2537313432835821, 0.2537313432835821, 0.2537313432835821, 0.2537313432835821, 0.2537313432835821, 0.2537313432835821, 0.2537313432835821, 0.2537313432835821, 0.2537313432835821, 0.2537313432835821, 0.2537313432835821, 0.2537313432835821, 0.2537313432835821, 0.2537313432835821, 0.2537313432835821]",0.0,256,268435456,16777216,64,1,285212672,4387887.261538462,4194304.0,16777216.0,0,0,0,prefix,"[[0, 1, 2, 3, 4, 5, 6, 7], [0, 1, 2, 3, 4, 5, 6, 7], [0, 1, 2, 3, 4, 5, 6, 7], [0, 1, 2, 3, 4, 5, 6, 7], [0, 1, 2, 3, 4, 5, 6, 7], [0, 1, 2, 3, 4, 5, 6, 7], [0, 1, 2, 3, 4, 5, 6, 7], [0, 1, 2, 3, 4, 5, 6, 7], [0, 1, 2, 3, 4, 5, 6, 7], [0, 1, 2, 3, 4, 5, 6, 7], [0, 1, 2, 3, 4, 5, 6, 7], [0, 1, 2, 3, 4, 5, 6, 7], [0, 1, 2, 3, 4, 5, 6, 7], [0, 1, 2, 3, 4, 5, 6, 7], [0, 1, 2, 3, 4, 5, 6, 7], [0, 1, 2, 3, 4, 5, 6, 7], [0, 1, 2, 3, 4, 5, 6, 7], [0, 1, 2, 3, 4, 5, 6, 7], [0, 1, 2, 3, 4, 5, 6, 7], [0, 1, 2, 3, 4, 5, 6, 7], [0, 1, 2, 3, 4, 5, 6, 7], [0, 1, 2, 3, 4, 5, 6, 7], [0, 1, 2, 3, 4, 5, 6, 7], [0, 1, 2, 3, 4, 5, 6, 7], [0, 1, 2, 3, 4, 5, 6, 7], [0, 1, 2, 3, 4, 5, 6, 7], [0, 1, 2, 3, 4, 5, 6, 7], [0, 1, 2, 3, 4, 5, 6, 7], [0, 1, 2, 3, 4, 5, 6, 7], [0, 1, 2, 3, 4, 5, 6, 7], [0, 1, 2, 3, 4, 5, 6, 7], [0, 1, 2, 3, 4, 5, 6, 7]]",sidecar,True,calib_importance_sep_tail,0
gqa,fullload,FullLoad,1.0,full,n302387,201711425,Is the box square and brown?,No,"[""yes""]",0.0,1939,2,calib_importance_sep_tail,4,fullload,,459.11784865893424,,,835.0744548952207,842.3838929738849,19.42778204102069,861.8116750149056,1233125376,2368,64,,787.5310772797093,,,1.0,1.0,null,0.0,,1233125376,0,64,0,1233125376,19267584.0,19267584.0,0.0,,,,,null,,,,0
gqa,layout_prefix_chunk,Layout+Prefix,0.25,chunk,n302387,201711425,Is the box square and brown?,No,"[""yes""]",0.0,1939,2,calib_importance_sep_tail,4,prefix,0.2507608151063323,195.02707989886403,58.33343253470957,294.4232829613611,44.2044569645077,338.6893509887159,18.410605029202998,357.0999560179189,327155712,576,65,229.67845911625773,0.0,9.0,37,0.24324324324324326,0.2653061224489796,"[0.2653061224489796, 0.2653061224489796, 0.2653061224489796, 0.2653061224489796, 0.2653061224489796, 0.2653061224489796, 0.2653061224489796, 0.2653061224489796, 0.2653061224489796, 0.2653061224489796, 0.2653061224489796, 0.2653061224489796, 0.2653061224489796, 0.2653061224489796, 0.2653061224489796, 0.2653061224489796, 0.2653061224489796, 0.2653061224489796, 0.2653061224489796, 0.2653061224489796, 0.2653061224489796, 0.2653061224489796, 0.2653061224489796, 0.2653061224489796, 0.2653061224489796, 0.2653061224489796, 0.2653061224489796, 0.2653061224489796, 0.2653061224489796, 0.2653061224489796, 0.2653061224489796, 0.2653061224489796]",0.0,288,301989888,25165824,64,1,327155712,5033164.8,4718592.0,25165824.0,0,0,0,prefix,"[[0, 1, 2, 3, 4, 5, 6, 7, 8], [0, 1, 2, 3, 4, 5, 6, 7, 8], [0, 1, 2, 3, 4, 5, 6, 7, 8], [0, 1, 2, 3, 4, 5, 6, 7, 8], [0, 1, 2, 3, 4, 5, 6, 7, 8], [0, 1, 2, 3, 4, 5, 6, 7, 8], [0, 1, 2, 3, 4, 5, 6, 7, 8], [0, 1, 2, 3, 4, 5, 6, 7, 8], [0, 1, 2, 3, 4, 5, 6, 7, 8], [0, 1, 2, 3, 4, 5, 6, 7, 8], [0, 1, 2, 3, 4, 5, 6, 7, 8], [0, 1, 2, 3, 4, 5, 6, 7, 8], [0, 1, 2, 3, 4, 5, 6, 7, 8], [0, 1, 2, 3, 4, 5, 6, 7, 8], [0, 1, 2, 3, 4, 5, 6, 7, 8], [0, 1, 2, 3, 4, 5, 6, 7, 8], [0, 1, 2, 3, 4, 5, 6, 7, 8], [0, 1, 2, 3, 4, 5, 6, 7, 8], [0, 1, 2, 3, 4, 5, 6, 7, 8], [0, 1, 2, 3, 4, 5, 6, 7, 8], [0, 1, 2, 3, 4, 5, 6, 7, 8], [0, 1, 2, 3, 4, 5, 6, 7, 8], [0, 1, 2, 3, 4, 5, 6, 7, 8], [0, 1, 2, 3, 4, 5, 6, 7, 8], [0, 1, 2, 3, 4, 5, 6, 7, 8], [0, 1, 2, 3, 4, 5, 6, 7, 8], [0, 1, 2, 3, 4, 5, 6, 7, 8], [0, 1, 2, 3, 4, 5, 6, 7, 8], [0, 1, 2, 3, 4, 5, 6, 7, 8], [0, 1, 2, 3, 4, 5, 6, 7, 8], [0, 1, 2, 3, 4, 5, 6, 7, 8], [0, 1, 2, 3, 4, 5, 6, 7, 8]]",sidecar,True,calib_importance_sep_tail,0
gqa,fullload,FullLoad,1.0,full,n302387,201711251,Do you see instruments next to the fireplace?,Yes,"[""yes""]",1.0,3869,2,calib_importance_sep_tail,4,fullload,,529.7634233720601,,,940.4020290821791,945.6199840642512,19.0762149868533,964.6961990511045,1233125376,2368,64,,879.067764384672,,,1.0,1.0,null,0.0,,1233125376,0,64,0,1233125376,19267584.0,19267584.0,0.0,,,,,null,,,,0
gqa,layout_prefix_chunk,Layout+Prefix,0.25,chunk,n302387,201711251,Do you see instruments next to the fireplace?,Yes,"[""yes""]",1.0,3869,2,calib_importance_sep_tail,4,prefix,0.22908300161361694,173.33120189141482,53.70175966527313,263.6689019855112,38.33948902320117,302.0518149714917,18.503592000342906,320.5554069718346,327155712,576,65,203.79905588924885,0.0,9.0,37,0.24324324324324326,0.2653061224489796,"[0.2653061224489796, 0.2653061224489796, 0.2653061224489796, 0.2653061224489796, 0.2653061224489796, 0.2653061224489796, 0.2653061224489796, 0.2653061224489796, 0.2653061224489796, 0.2653061224489796, 0.2653061224489796, 0.2653061224489796, 0.2653061224489796, 0.2653061224489796, 0.2653061224489796, 0.2653061224489796, 0.2653061224489796, 0.2653061224489796, 0.2653061224489796, 0.2653061224489796, 0.2653061224489796, 0.2653061224489796, 0.2653061224489796, 0.2653061224489796, 0.2653061224489796, 0.2653061224489796, 0.2653061224489796, 0.2653061224489796, 0.2653061224489796, 0.2653061224489796, 0.2653061224489796, 0.2653061224489796]",0.0,288,301989888,25165824,64,1,327155712,5033164.8,4718592.0,25165824.0,0,0,0,prefix,"[[0, 1, 2, 3, 4, 5, 6, 7, 8], [0, 1, 2, 3, 4, 5, 6, 7, 8], [0, 1, 2, 3, 4, 5, 6, 7, 8], [0, 1, 2, 3, 4, 5, 6, 7, 8], [0, 1, 2, 3, 4, 5, 6, 7, 8], [0, 1, 2, 3, 4, 5, 6, 7, 8], [0, 1, 2, 3, 4, 5, 6, 7, 8], [0, 1, 2, 3, 4, 5, 6, 7, 8], [0, 1, 2, 3, 4, 5, 6, 7, 8], [0, 1, 2, 3, 4, 5, 6, 7, 8], [0, 1, 2, 3, 4, 5, 6, 7, 8], [0, 1, 2, 3, 4, 5, 6, 7, 8], [0, 1, 2, 3, 4, 5, 6, 7, 8], [0, 1, 2, 3, 4, 5, 6, 7, 8], [0, 1, 2, 3, 4, 5, 6, 7, 8], [0, 1, 2, 3, 4, 5, 6, 7, 8], [0, 1, 2, 3, 4, 5, 6, 7, 8], [0, 1, 2, 3, 4, 5, 6, 7, 8], [0, 1, 2, 3, 4, 5, 6, 7, 8], [0, 1, 2, 3, 4, 5, 6, 7, 8], [0, 1, 2, 3, 4, 5, 6, 7, 8], [0, 1, 2, 3, 4, 5, 6, 7, 8], [0, 1, 2, 3, 4, 5, 6, 7, 8], [0, 1, 2, 3, 4, 5, 6, 7, 8], [0, 1, 2, 3, 4, 5, 6, 7, 8], [0, 1, 2, 3, 4, 5, 6, 7, 8], [0, 1, 2, 3, 4, 5, 6, 7, 8], [0, 1, 2, 3, 4, 5, 6, 7, 8], [0, 1, 2, 3, 4, 5, 6, 7, 8], [0, 1, 2, 3, 4, 5, 6, 7, 8], [0, 1, 2, 3, 4, 5, 6, 7, 8], [0, 1, 2, 3, 4, 5, 6, 7, 8]]",sidecar,True,calib_importance_sep_tail,0
gqa,fullload,FullLoad,1.0,full,n302387,201711211,What is this suitcase on?,Rug,"[""rug""]",1.0,390,3,calib_importance_sep_tail,4,fullload,,406.41072764992714,,,665.1212470605969,670.2712710248306,37.174642900936306,707.445913925767,1233125376,2368,64,,612.0318191824481,,,1.0,1.0,null,0.0,,1233125376,0,64,0,1233125376,19267584.0,19267584.0,0.0,,,,,null,,,,0
gqa,layout_prefix_chunk,Layout+Prefix,0.25,chunk,n302387,201711211,What is this suitcase on?,Rug,"[""rug""]",1.0,390,3,calib_importance_sep_tail,4,prefix,0.17623824533075094,150.78423649538308,46.80147103499621,227.1311329677701,40.673036011867225,267.865285044536,37.67916793003678,305.5444529745728,327155712,576,65,174.43669098429382,0.0,9.0,37,0.24324324324324326,0.2653061224489796,"[0.2653061224489796, 0.2653061224489796, 0.2653061224489796, 0.2653061224489796, 0.2653061224489796, 0.2653061224489796, 0.2653061224489796, 0.2653061224489796, 0.2653061224489796, 0.2653061224489796, 0.2653061224489796, 0.2653061224489796, 0.2653061224489796, 0.2653061224489796, 0.2653061224489796, 0.2653061224489796, 0.2653061224489796, 0.2653061224489796, 0.2653061224489796, 0.2653061224489796, 0.2653061224489796, 0.2653061224489796, 0.2653061224489796, 0.2653061224489796, 0.2653061224489796, 0.2653061224489796, 0.2653061224489796, 0.2653061224489796, 0.2653061224489796, 0.2653061224489796, 0.2653061224489796, 0.2653061224489796]",0.0,288,301989888,25165824,64,1,327155712,5033164.8,4718592.0,25165824.0,0,0,0,prefix,"[[0, 1, 2, 3, 4, 5, 6, 7, 8], [0, 1, 2, 3, 4, 5, 6, 7, 8], [0, 1, 2, 3, 4, 5, 6, 7, 8], [0, 1, 2, 3, 4, 5, 6, 7, 8], [0, 1, 2, 3, 4, 5, 6, 7, 8], [0, 1, 2, 3, 4, 5, 6, 7, 8], [0, 1, 2, 3, 4, 5, 6, 7, 8], [0, 1, 2, 3, 4, 5, 6, 7, 8], [0, 1, 2, 3, 4, 5, 6, 7, 8], [0, 1, 2, 3, 4, 5, 6, 7, 8], [0, 1, 2, 3, 4, 5, 6, 7, 8], [0, 1, 2, 3, 4, 5, 6, 7, 8], [0, 1, 2, 3, 4, 5, 6, 7, 8], [0, 1, 2, 3, 4, 5, 6, 7, 8], [0, 1, 2, 3, 4, 5, 6, 7, 8], [0, 1, 2, 3, 4, 5, 6, 7, 8], [0, 1, 2, 3, 4, 5, 6, 7, 8], [0, 1, 2, 3, 4, 5, 6, 7, 8], [0, 1, 2, 3, 4, 5, 6, 7, 8], [0, 1, 2, 3, 4, 5, 6, 7, 8], [0, 1, 2, 3, 4, 5, 6, 7, 8], [0, 1, 2, 3, 4, 5, 6, 7, 8], [0, 1, 2, 3, 4, 5, 6, 7, 8], [0, 1, 2, 3, 4, 5, 6, 7, 8], [0, 1, 2, 3, 4, 5, 6, 7, 8], [0, 1, 2, 3, 4, 5, 6, 7, 8], [0, 1, 2, 3, 4, 5, 6, 7, 8], [0, 1, 2, 3, 4, 5, 6, 7, 8], [0, 1, 2, 3, 4, 5, 6, 7, 8], [0, 1, 2, 3, 4, 5, 6, 7, 8], [0, 1, 2, 3, 4, 5, 6, 7, 8], [0, 1, 2, 3, 4, 5, 6, 7, 8]]",sidecar,True,calib_importance_sep_tail,0
gqa,fullload,FullLoad,1.0,full,n302387,201711212,What is the suitcase on?,Rug,"[""rug""]",1.0,390,3,calib_importance_sep_tail,4,fullload,,431.3462160062045,,,688.3365160319954,693.5239530866966,37.04513190314174,730.5690849898383,1233125376,2368,64,,640.7047709217295,,,1.0,1.0,null,0.0,,1233125376,0,64,0,1233125376,19267584.0,19267584.0,0.0,,,,,null,,,,0
gqa,layout_prefix_chunk,Layout+Prefix,0.25,chunk,n302387,201711212,What is the suitcase on?,Rug,"[""rug""]",1.0,390,3,calib_importance_sep_tail,4,prefix,0.17677212599664927,164.90383935160935,46.56061693094671,241.22172605711967,35.45538301113993,276.71584009658545,36.67273500468582,313.3885751012713,327155712,576,65,188.75138147268444,0.0,9.0,37,0.24324324324324326,0.2653061224489796,"[0.2653061224489796, 0.2653061224489796, 0.2653061224489796, 0.2653061224489796, 0.2653061224489796, 0.2653061224489796, 0.2653061224489796, 0.2653061224489796, 0.2653061224489796, 0.2653061224489796, 0.2653061224489796, 0.2653061224489796, 0.2653061224489796, 0.2653061224489796, 0.2653061224489796, 0.2653061224489796, 0.2653061224489796, 0.2653061224489796, 0.2653061224489796, 0.2653061224489796, 0.2653061224489796, 0.2653061224489796, 0.2653061224489796, 0.2653061224489796, 0.2653061224489796, 0.2653061224489796, 0.2653061224489796, 0.2653061224489796, 0.2653061224489796, 0.2653061224489796, 0.2653061224489796, 0.2653061224489796]",0.0,288,301989888,25165824,64,1,327155712,5033164.8,4718592.0,25165824.0,0,0,0,prefix,"[[0, 1, 2, 3, 4, 5, 6, 7, 8], [0, 1, 2, 3, 4, 5, 6, 7, 8], [0, 1, 2, 3, 4, 5, 6, 7, 8], [0, 1, 2, 3, 4, 5, 6, 7, 8], [0, 1, 2, 3, 4, 5, 6, 7, 8], [0, 1, 2, 3, 4, 5, 6, 7, 8], [0, 1, 2, 3, 4, 5, 6, 7, 8], [0, 1, 2, 3, 4, 5, 6, 7, 8], [0, 1, 2, 3, 4, 5, 6, 7, 8], [0, 1, 2, 3, 4, 5, 6, 7, 8], [0, 1, 2, 3, 4, 5, 6, 7, 8], [0, 1, 2, 3, 4, 5, 6, 7, 8], [0, 1, 2, 3, 4, 5, 6, 7, 8], [0, 1, 2, 3, 4, 5, 6, 7, 8], [0, 1, 2, 3, 4, 5, 6, 7, 8], [0, 1, 2, 3, 4, 5, 6, 7, 8], [0, 1, 2, 3, 4, 5, 6, 7, 8], [0, 1, 2, 3, 4, 5, 6, 7, 8], [0, 1, 2, 3, 4, 5, 6, 7, 8], [0, 1, 2, 3, 4, 5, 6, 7, 8], [0, 1, 2, 3, 4, 5, 6, 7, 8], [0, 1, 2, 3, 4, 5, 6, 7, 8], [0, 1, 2, 3, 4, 5, 6, 7, 8], [0, 1, 2, 3, 4, 5, 6, 7, 8], [0, 1, 2, 3, 4, 5, 6, 7, 8], [0, 1, 2, 3, 4, 5, 6, 7, 8], [0, 1, 2, 3, 4, 5, 6, 7, 8], [0, 1, 2, 3, 4, 5, 6, 7, 8], [0, 1, 2, 3, 4, 5, 6, 7, 8], [0, 1, 2, 3, 4, 5, 6, 7, 8], [0, 1, 2, 3, 4, 5, 6, 7, 8], [0, 1, 2, 3, 4, 5, 6, 7, 8]]",sidecar,True,calib_importance_sep_tail,0
gqa,fullload,FullLoad,1.0,full,n302387,201711393,On which side of the picture is the square box?,Left,"[""left""]",1.0,19941,2,calib_importance_sep_tail,4,fullload,,515.4094483004883,,,921.1344649083912,926.3782179914415,21.926188026554883,948.3044060179964,1233125376,2368,64,,868.0752139771357,,,1.0,1.0,null,0.0,,1233125376,0,64,0,1233125376,19267584.0,19267584.0,0.0,,,,,null,,,,0
gqa,layout_prefix_chunk,Layout+Prefix,0.25,chunk,n302387,201711393,On which side of the picture is the square box?,Left,"[""left""]",1.0,19941,2,calib_importance_sep_tail,4,prefix,0.24783285334706306,141.41385711263865,53.67258912883699,254.82686306349933,47.62193490751088,302.4957759771496,19.80826200451702,322.3040379816666,327155712,576,65,194.3257903913036,0.0,9.0,37,0.24324324324324326,0.2653061224489796,"[0.2653061224489796, 0.2653061224489796, 0.2653061224489796, 0.2653061224489796, 0.2653061224489796, 0.2653061224489796, 0.2653061224489796, 0.2653061224489796, 0.2653061224489796, 0.2653061224489796, 0.2653061224489796, 0.2653061224489796, 0.2653061224489796, 0.2653061224489796, 0.2653061224489796, 0.2653061224489796, 0.2653061224489796, 0.2653061224489796, 0.2653061224489796, 0.2653061224489796, 0.2653061224489796, 0.2653061224489796, 0.2653061224489796, 0.2653061224489796, 0.2653061224489796, 0.2653061224489796, 0.2653061224489796, 0.2653061224489796, 0.2653061224489796, 0.2653061224489796, 0.2653061224489796, 0.2653061224489796]",0.0,288,301989888,25165824,64,1,327155712,5033164.8,4718592.0,25165824.0,0,0,0,prefix,"[[0, 1, 2, 3, 4, 5, 6, 7, 8], [0, 1, 2, 3, 4, 5, 6, 7, 8], [0, 1, 2, 3, 4, 5, 6, 7, 8], [0, 1, 2, 3, 4, 5, 6, 7, 8], [0, 1, 2, 3, 4, 5, 6, 7, 8], [0, 1, 2, 3, 4, 5, 6, 7, 8], [0, 1, 2, 3, 4, 5, 6, 7, 8], [0, 1, 2, 3, 4, 5, 6, 7, 8], [0, 1, 2, 3, 4, 5, 6, 7, 8], [0, 1, 2, 3, 4, 5, 6, 7, 8], [0, 1, 2, 3, 4, 5, 6, 7, 8], [0, 1, 2, 3, 4, 5, 6, 7, 8], [0, 1, 2, 3, 4, 5, 6, 7, 8], [0, 1, 2, 3, 4, 5, 6, 7, 8], [0, 1, 2, 3, 4, 5, 6, 7, 8], [0, 1, 2, 3, 4, 5, 6, 7, 8], [0, 1, 2, 3, 4, 5, 6, 7, 8], [0, 1, 2, 3, 4, 5, 6, 7, 8], [0, 1, 2, 3, 4, 5, 6, 7, 8], [0, 1, 2, 3, 4, 5, 6, 7, 8], [0, 1, 2, 3, 4, 5, 6, 7, 8], [0, 1, 2, 3, 4, 5, 6, 7, 8], [0, 1, 2, 3, 4, 5, 6, 7, 8], [0, 1, 2, 3, 4, 5, 6, 7, 8], [0, 1, 2, 3, 4, 5, 6, 7, 8], [0, 1, 2, 3, 4, 5, 6, 7, 8], [0, 1, 2, 3, 4, 5, 6, 7, 8], [0, 1, 2, 3, 4, 5, 6, 7, 8], [0, 1, 2, 3, 4, 5, 6, 7, 8], [0, 1, 2, 3, 4, 5, 6, 7, 8], [0, 1, 2, 3, 4, 5, 6, 7, 8], [0, 1, 2, 3, 4, 5, 6, 7, 8]]",sidecar,True,calib_importance_sep_tail,0
gqa,fullload,FullLoad,1.0,full,n302387,201711129,Is the tall shelf on the left?,Yes,"[""yes""]",1.0,3869,2,calib_importance_sep_tail,4,fullload,,537.2552553890273,,,951.1263279709965,956.5935779828578,24.06099298968911,980.6545709725469,1233125376,2368,64,,895.9283872973174,,,1.0,1.0,null,0.0,,1233125376,0,64,0,1233125376,19267584.0,19267584.0,0.0,,,,,null,,,,0
gqa,layout_prefix_chunk,Layout+Prefix,0.25,chunk,n302387,201711129,Is the tall shelf on the left?,Yes,"[""yes""]",1.0,3869,2,calib_importance_sep_tail,4,prefix,0.25172822643071413,176.66084482334554,58.75710863620043,275.80755308736116,49.54257095232606,325.4117750329897,18.52140005212277,343.93317508511245,327155712,576,65,210.69108450319618,0.0,9.0,37,0.24324324324324326,0.2653061224489796,"[0.2653061224489796, 0.2653061224489796, 0.2653061224489796, 0.2653061224489796, 0.2653061224489796, 0.2653061224489796, 0.2653061224489796, 0.2653061224489796, 0.2653061224489796, 0.2653061224489796, 0.2653061224489796, 0.2653061224489796, 0.2653061224489796, 0.2653061224489796, 0.2653061224489796, 0.2653061224489796, 0.2653061224489796, 0.2653061224489796, 0.2653061224489796, 0.2653061224489796, 0.2653061224489796, 0.2653061224489796, 0.2653061224489796, 0.2653061224489796, 0.2653061224489796, 0.2653061224489796, 0.2653061224489796, 0.2653061224489796, 0.2653061224489796, 0.2653061224489796, 0.2653061224489796, 0.2653061224489796]",0.0,288,301989888,25165824,64,1,327155712,5033164.8,4718592.0,25165824.0,0,0,0,prefix,"[[0, 1, 2, 3, 4, 5, 6, 7, 8], [0, 1, 2, 3, 4, 5, 6, 7, 8], [0, 1, 2, 3, 4, 5, 6, 7, 8], [0, 1, 2, 3, 4, 5, 6, 7, 8], [0, 1, 2, 3, 4, 5, 6, 7, 8], [0, 1, 2, 3, 4, 5, 6, 7, 8], [0, 1, 2, 3, 4, 5, 6, 7, 8], [0, 1, 2, 3, 4, 5, 6, 7, 8], [0, 1, 2, 3, 4, 5, 6, 7, 8], [0, 1, 2, 3, 4, 5, 6, 7, 8], [0, 1, 2, 3, 4, 5, 6, 7, 8], [0, 1, 2, 3, 4, 5, 6, 7, 8], [0, 1, 2, 3, 4, 5, 6, 7, 8], [0, 1, 2, 3, 4, 5, 6, 7, 8], [0, 1, 2, 3, 4, 5, 6, 7, 8], [0, 1, 2, 3, 4, 5, 6, 7, 8], [0, 1, 2, 3, 4, 5, 6, 7, 8], [0, 1, 2, 3, 4, 5, 6, 7, 8], [0, 1, 2, 3, 4, 5, 6, 7, 8], [0, 1, 2, 3, 4, 5, 6, 7, 8], [0, 1, 2, 3, 4, 5, 6, 7, 8], [0, 1, 2, 3, 4, 5, 6, 7, 8], [0, 1, 2, 3, 4, 5, 6, 7, 8], [0, 1, 2, 3, 4, 5, 6, 7, 8], [0, 1, 2, 3, 4, 5, 6, 7, 8], [0, 1, 2, 3, 4, 5, 6, 7, 8], [0, 1, 2, 3, 4, 5, 6, 7, 8], [0, 1, 2, 3, 4, 5, 6, 7, 8], [0, 1, 2, 3, 4, 5, 6, 7, 8], [0, 1, 2, 3, 4, 5, 6, 7, 8], [0, 1, 2, 3, 4, 5, 6, 7, 8], [0, 1, 2, 3, 4, 5, 6, 7, 8]]",sidecar,True,calib_importance_sep_tail,0
gqa,fullload,FullLoad,1.0,full,n52544,20982174,Is the blouse long sleeved or short sleeved?,Short sleeved,"[""long sleeved""]",0.0,13899,5,calib_importance_sep_tail,4,fullload,,418.8291729660705,,,768.6392099130899,773.6995778977871,73.88172601349652,847.5813039112836,1132462080,2176,64,,721.197918173857,,,1.0,1.0,null,0.0,,1132462080,0,64,0,1132462080,17694720.0,17694720.0,0.0,,,,,null,,,,0
gqa,layout_prefix_chunk,Layout+Prefix,0.25,chunk,n52544,20982174,Is the blouse long sleeved or short sleeved?,Long sleeved,"[""long sleeved""]",1.0,6242,5,calib_importance_sep_tail,4,prefix,0.22312183864414692,129.0747841121629,52.22098284866661,217.22503402270377,52.545852959156036,269.8307720711455,72.17876694630831,342.0095390174538,293601280,512,65,158.973757061176,0.0,8.0,34,0.23529411764705882,0.25925925925925924,"[0.25925925925925924, 0.25925925925925924, 0.25925925925925924, 0.25925925925925924, 0.25925925925925924, 0.25925925925925924, 0.25925925925925924, 0.25925925925925924, 0.25925925925925924, 0.25925925925925924, 0.25925925925925924, 0.25925925925925924, 0.25925925925925924, 0.25925925925925924, 0.25925925925925924, 0.25925925925925924, 0.25925925925925924, 0.25925925925925924, 0.25925925925925924, 0.25925925925925924, 0.25925925925925924, 0.25925925925925924, 0.25925925925925924, 0.25925925925925924, 0.25925925925925924, 0.25925925925925924, 0.25925925925925924, 0.25925925925925924, 0.25925925925925924, 0.25925925925925924, 0.25925925925925924, 0.25925925925925924]",0.0,256,268435456,25165824,64,1,293601280,4516942.769230769,4194304.0,25165824.0,0,0,0,prefix,"[[0, 1, 2, 3, 4, 5, 6, 7], [0, 1, 2, 3, 4, 5, 6, 7], [0, 1, 2, 3, 4, 5, 6, 7], [0, 1, 2, 3, 4, 5, 6, 7], [0, 1, 2, 3, 4, 5, 6, 7], [0, 1, 2, 3, 4, 5, 6, 7], [0, 1, 2, 3, 4, 5, 6, 7], [0, 1, 2, 3, 4, 5, 6, 7], [0, 1, 2, 3, 4, 5, 6, 7], [0, 1, 2, 3, 4, 5, 6, 7], [0, 1, 2, 3, 4, 5, 6, 7], [0, 1, 2, 3, 4, 5, 6, 7], [0, 1, 2, 3, 4, 5, 6, 7], [0, 1, 2, 3, 4, 5, 6, 7], [0, 1, 2, 3, 4, 5, 6, 7], [0, 1, 2, 3, 4, 5, 6, 7], [0, 1, 2, 3, 4, 5, 6, 7], [0, 1, 2, 3, 4, 5, 6, 7], [0, 1, 2, 3, 4, 5, 6, 7], [0, 1, 2, 3, 4, 5, 6, 7], [0, 1, 2, 3, 4, 5, 6, 7], [0, 1, 2, 3, 4, 5, 6, 7], [0, 1, 2, 3, 4, 5, 6, 7], [0, 1, 2, 3, 4, 5, 6, 7], [0, 1, 2, 3, 4, 5, 6, 7], [0, 1, 2, 3, 4, 5, 6, 7], [0, 1, 2, 3, 4, 5, 6, 7], [0, 1, 2, 3, 4, 5, 6, 7], [0, 1, 2, 3, 4, 5, 6, 7], [0, 1, 2, 3, 4, 5, 6, 7], [0, 1, 2, 3, 4, 5, 6, 7], [0, 1, 2, 3, 4, 5, 6, 7]]",sidecar,True,calib_importance_sep_tail,0
gqa,fullload,FullLoad,1.0,full,n52544,20982179,What color is the blouse?,Black,"[""black""]",1.0,6054,2,calib_importance_sep_tail,4,fullload,,359.80592609848827,,,596.5058670844883,601.5791409881786,19.3065139465034,620.885654934682,1132462080,2176,64,,542.8938042605296,,,1.0,1.0,null,0.0,,1132462080,0,64,0,1132462080,17694720.0,17694720.0,0.0,,,,,null,,,,0
gqa,layout_prefix_chunk,Layout+Prefix,0.25,chunk,n52544,20982179,What color is the blouse?,Red,"[""black""]",0.0,4367,2,calib_importance_sep_tail,4,prefix,0.21658255718648434,168.7474815407768,51.227630116045475,252.66094703692943,40.18707002978772,292.90863906499,19.598171929828823,312.5068109948188,293601280,512,65,195.50147955305874,0.0,8.0,34,0.23529411764705882,0.25925925925925924,"[0.25925925925925924, 0.25925925925925924, 0.25925925925925924, 0.25925925925925924, 0.25925925925925924, 0.25925925925925924, 0.25925925925925924, 0.25925925925925924, 0.25925925925925924, 0.25925925925925924, 0.25925925925925924, 0.25925925925925924, 0.25925925925925924, 0.25925925925925924, 0.25925925925925924, 0.25925925925925924, 0.25925925925925924, 0.25925925925925924, 0.25925925925925924, 0.25925925925925924, 0.25925925925925924, 0.25925925925925924, 0.25925925925925924, 0.25925925925925924, 0.25925925925925924, 0.25925925925925924, 0.25925925925925924, 0.25925925925925924, 0.25925925925925924, 0.25925925925925924, 0.25925925925925924, 0.25925925925925924]",0.0,256,268435456,25165824,64,1,293601280,4516942.769230769,4194304.0,25165824.0,0,0,0,prefix,"[[0, 1, 2, 3, 4, 5, 6, 7], [0, 1, 2, 3, 4, 5, 6, 7], [0, 1, 2, 3, 4, 5, 6, 7], [0, 1, 2, 3, 4, 5, 6, 7], [0, 1, 2, 3, 4, 5, 6, 7], [0, 1, 2, 3, 4, 5, 6, 7], [0, 1, 2, 3, 4, 5, 6, 7], [0, 1, 2, 3, 4, 5, 6, 7], [0, 1, 2, 3, 4, 5, 6, 7], [0, 1, 2, 3, 4, 5, 6, 7], [0, 1, 2, 3, 4, 5, 6, 7], [0, 1, 2, 3, 4, 5, 6, 7], [0, 1, 2, 3, 4, 5, 6, 7], [0, 1, 2, 3, 4, 5, 6, 7], [0, 1, 2, 3, 4, 5, 6, 7], [0, 1, 2, 3, 4, 5, 6, 7], [0, 1, 2, 3, 4, 5, 6, 7], [0, 1, 2, 3, 4, 5, 6, 7], [0, 1, 2, 3, 4, 5, 6, 7], [0, 1, 2, 3, 4, 5, 6, 7], [0, 1, 2, 3, 4, 5, 6, 7], [0, 1, 2, 3, 4, 5, 6, 7], [0, 1, 2, 3, 4, 5, 6, 7], [0, 1, 2, 3, 4, 5, 6, 7], [0, 1, 2, 3, 4, 5, 6, 7], [0, 1, 2, 3, 4, 5, 6, 7], [0, 1, 2, 3, 4, 5, 6, 7], [0, 1, 2, 3, 4, 5, 6, 7], [0, 1, 2, 3, 4, 5, 6, 7], [0, 1, 2, 3, 4, 5, 6, 7], [0, 1, 2, 3, 4, 5, 6, 7], [0, 1, 2, 3, 4, 5, 6, 7]]",sidecar,True,calib_importance_sep_tail,0
gqa,fullload,FullLoad,1.0,full,n52544,20982540,Where is the woman standing?,Table,"[""table""]",1.0,6137,2,calib_importance_sep_tail,4,fullload,,412.2063363902271,,,750.2222689799964,755.3313280222937,19.214959000237286,774.546287022531,1132462080,2176,64,,705.771334702149,,,1.0,1.0,null,0.0,,1132462080,0,64,0,1132462080,17694720.0,17694720.0,0.0,,,,,null,,,,0
gqa,layout_prefix_chunk,Layout+Prefix,0.25,chunk,n52544,20982540,Where is the woman standing?,Table,"[""table""]",1.0,6137,2,calib_importance_sep_tail,4,prefix,0.13894541189074516,148.1335161952302,39.68028805684298,214.98746902216226,37.39396494347602,252.41982098668814,18.9949250780046,271.41474606469274,293601280,512,65,169.8655659565702,0.0,8.0,34,0.23529411764705882,0.25925925925925924,"[0.25925925925925924, 0.25925925925925924, 0.25925925925925924, 0.25925925925925924, 0.25925925925925924, 0.25925925925925924, 0.25925925925925924, 0.25925925925925924, 0.25925925925925924, 0.25925925925925924, 0.25925925925925924, 0.25925925925925924, 0.25925925925925924, 0.25925925925925924, 0.25925925925925924, 0.25925925925925924, 0.25925925925925924, 0.25925925925925924, 0.25925925925925924, 0.25925925925925924, 0.25925925925925924, 0.25925925925925924, 0.25925925925925924, 0.25925925925925924, 0.25925925925925924, 0.25925925925925924, 0.25925925925925924, 0.25925925925925924, 0.25925925925925924, 0.25925925925925924, 0.25925925925925924, 0.25925925925925924]",0.0,256,268435456,25165824,64,1,293601280,4516942.769230769,4194304.0,25165824.0,0,0,0,prefix,"[[0, 1, 2, 3, 4, 5, 6, 7], [0, 1, 2, 3, 4, 5, 6, 7], [0, 1, 2, 3, 4, 5, 6, 7], [0, 1, 2, 3, 4, 5, 6, 7], [0, 1, 2, 3, 4, 5, 6, 7], [0, 1, 2, 3, 4, 5, 6, 7], [0, 1, 2, 3, 4, 5, 6, 7], [0, 1, 2, 3, 4, 5, 6, 7], [0, 1, 2, 3, 4, 5, 6, 7], [0, 1, 2, 3, 4, 5, 6, 7], [0, 1, 2, 3, 4, 5, 6, 7], [0, 1, 2, 3, 4, 5, 6, 7], [0, 1, 2, 3, 4, 5, 6, 7], [0, 1, 2, 3, 4, 5, 6, 7], [0, 1, 2, 3, 4, 5, 6, 7], [0, 1, 2, 3, 4, 5, 6, 7], [0, 1, 2, 3, 4, 5, 6, 7], [0, 1, 2, 3, 4, 5, 6, 7], [0, 1, 2, 3, 4, 5, 6, 7], [0, 1, 2, 3, 4, 5, 6, 7], [0, 1, 2, 3, 4, 5, 6, 7], [0, 1, 2, 3, 4, 5, 6, 7], [0, 1, 2, 3, 4, 5, 6, 7], [0, 1, 2, 3, 4, 5, 6, 7], [0, 1, 2, 3, 4, 5, 6, 7], [0, 1, 2, 3, 4, 5, 6, 7], [0, 1, 2, 3, 4, 5, 6, 7], [0, 1, 2, 3, 4, 5, 6, 7], [0, 1, 2, 3, 4, 5, 6, 7], [0, 1, 2, 3, 4, 5, 6, 7], [0, 1, 2, 3, 4, 5, 6, 7], [0, 1, 2, 3, 4, 5, 6, 7]]",sidecar,True,calib_importance_sep_tail,0
gqa,fullload,FullLoad,1.0,full,n52544,20982544,What kind of furniture is the woman standing at?,Table,"[""table""]",1.0,6137,2,calib_importance_sep_tail,4,fullload,,434.2537873890251,,,766.5660580387339,771.5088340919465,19.143549958243966,790.6523840501904,1132462080,2176,64,,722.3398865899071,,,1.0,1.0,null,0.0,,1132462080,0,64,0,1132462080,17694720.0,17694720.0,0.0,,,,,null,,,,0
gqa,layout_prefix_chunk,Layout+Prefix,0.25,chunk,n52544,20982544,What kind of furniture is the woman standing at?,Table,"[""table""]",1.0,6137,2,calib_importance_sep_tail,4,prefix,0.21051906514912844,167.7502386737615,49.85468869563192,251.7379850614816,63.63550201058388,315.4316790169105,21.290402044542134,336.7220810614526,293601280,512,65,195.9521248936653,0.0,8.0,34,0.23529411764705882,0.25925925925925924,"[0.25925925925925924, 0.25925925925925924, 0.25925925925925924, 0.25925925925925924, 0.25925925925925924, 0.25925925925925924, 0.25925925925925924, 0.25925925925925924, 0.25925925925925924, 0.25925925925925924, 0.25925925925925924, 0.25925925925925924, 0.25925925925925924, 0.25925925925925924, 0.25925925925925924, 0.25925925925925924, 0.25925925925925924, 0.25925925925925924, 0.25925925925925924, 0.25925925925925924, 0.25925925925925924, 0.25925925925925924, 0.25925925925925924, 0.25925925925925924, 0.25925925925925924, 0.25925925925925924, 0.25925925925925924, 0.25925925925925924, 0.25925925925925924, 0.25925925925925924, 0.25925925925925924, 0.25925925925925924]",0.0,256,268435456,25165824,64,1,293601280,4516942.769230769,4194304.0,25165824.0,0,0,0,prefix,"[[0, 1, 2, 3, 4, 5, 6, 7], [0, 1, 2, 3, 4, 5, 6, 7], [0, 1, 2, 3, 4, 5, 6, 7], [0, 1, 2, 3, 4, 5, 6, 7], [0, 1, 2, 3, 4, 5, 6, 7], [0, 1, 2, 3, 4, 5, 6, 7], [0, 1, 2, 3, 4, 5, 6, 7], [0, 1, 2, 3, 4, 5, 6, 7], [0, 1, 2, 3, 4, 5, 6, 7], [0, 1, 2, 3, 4, 5, 6, 7], [0, 1, 2, 3, 4, 5, 6, 7], [0, 1, 2, 3, 4, 5, 6, 7], [0, 1, 2, 3, 4, 5, 6, 7], [0, 1, 2, 3, 4, 5, 6, 7], [0, 1, 2, 3, 4, 5, 6, 7], [0, 1, 2, 3, 4, 5, 6, 7], [0, 1, 2, 3, 4, 5, 6, 7], [0, 1, 2, 3, 4, 5, 6, 7], [0, 1, 2, 3, 4, 5, 6, 7], [0, 1, 2, 3, 4, 5, 6, 7], [0, 1, 2, 3, 4, 5, 6, 7], [0, 1, 2, 3, 4, 5, 6, 7], [0, 1, 2, 3, 4, 5, 6, 7], [0, 1, 2, 3, 4, 5, 6, 7], [0, 1, 2, 3, 4, 5, 6, 7], [0, 1, 2, 3, 4, 5, 6, 7], [0, 1, 2, 3, 4, 5, 6, 7], [0, 1, 2, 3, 4, 5, 6, 7], [0, 1, 2, 3, 4, 5, 6, 7], [0, 1, 2, 3, 4, 5, 6, 7], [0, 1, 2, 3, 4, 5, 6, 7], [0, 1, 2, 3, 4, 5, 6, 7]]",sidecar,True,calib_importance_sep_tail,0
gqa,fullload,FullLoad,1.0,full,n52544,20982158,Which kind of clothing is long sleeved?,Sweater,"[""blouse""]",0.0,317,4,calib_importance_sep_tail,4,fullload,,424.09571167081594,,,760.4364410508424,765.4158290242776,55.35801697988063,820.7738460041583,1132462080,2176,64,,717.461051302962,,,1.0,1.0,null,0.0,,1132462080,0,64,0,1132462080,17694720.0,17694720.0,0.0,,,,,null,,,,0
gqa,layout_prefix_chunk,Layout+Prefix,0.25,chunk,n52544,20982158,Which kind of clothing is long sleeved?,Sweater,"[""blouse""]",0.0,317,4,calib_importance_sep_tail,4,prefix,0.2333211014047265,153.13989005517215,54.9884665524587,244.82505093328655,40.99064995534718,285.88091291021556,54.530102061107755,340.4110149713233,293601280,512,65,183.76234616152942,0.0,8.0,34,0.23529411764705882,0.25925925925925924,"[0.25925925925925924, 0.25925925925925924, 0.25925925925925924, 0.25925925925925924, 0.25925925925925924, 0.25925925925925924, 0.25925925925925924, 0.25925925925925924, 0.25925925925925924, 0.25925925925925924, 0.25925925925925924, 0.25925925925925924, 0.25925925925925924, 0.25925925925925924, 0.25925925925925924, 0.25925925925925924, 0.25925925925925924, 0.25925925925925924, 0.25925925925925924, 0.25925925925925924, 0.25925925925925924, 0.25925925925925924, 0.25925925925925924, 0.25925925925925924, 0.25925925925925924, 0.25925925925925924, 0.25925925925925924, 0.25925925925925924, 0.25925925925925924, 0.25925925925925924, 0.25925925925925924, 0.25925925925925924]",0.0,256,268435456,25165824,64,1,293601280,4516942.769230769,4194304.0,25165824.0,0,0,0,prefix,"[[0, 1, 2, 3, 4, 5, 6, 7], [0, 1, 2, 3, 4, 5, 6, 7], [0, 1, 2, 3, 4, 5, 6, 7], [0, 1, 2, 3, 4, 5, 6, 7], [0, 1, 2, 3, 4, 5, 6, 7], [0, 1, 2, 3, 4, 5, 6, 7], [0, 1, 2, 3, 4, 5, 6, 7], [0, 1, 2, 3, 4, 5, 6, 7], [0, 1, 2, 3, 4, 5, 6, 7], [0, 1, 2, 3, 4, 5, 6, 7], [0, 1, 2, 3, 4, 5, 6, 7], [0, 1, 2, 3, 4, 5, 6, 7], [0, 1, 2, 3, 4, 5, 6, 7], [0, 1, 2, 3, 4, 5, 6, 7], [0, 1, 2, 3, 4, 5, 6, 7], [0, 1, 2, 3, 4, 5, 6, 7], [0, 1, 2, 3, 4, 5, 6, 7], [0, 1, 2, 3, 4, 5, 6, 7], [0, 1, 2, 3, 4, 5, 6, 7], [0, 1, 2, 3, 4, 5, 6, 7], [0, 1, 2, 3, 4, 5, 6, 7], [0, 1, 2, 3, 4, 5, 6, 7], [0, 1, 2, 3, 4, 5, 6, 7], [0, 1, 2, 3, 4, 5, 6, 7], [0, 1, 2, 3, 4, 5, 6, 7], [0, 1, 2, 3, 4, 5, 6, 7], [0, 1, 2, 3, 4, 5, 6, 7], [0, 1, 2, 3, 4, 5, 6, 7], [0, 1, 2, 3, 4, 5, 6, 7], [0, 1, 2, 3, 4, 5, 6, 7], [0, 1, 2, 3, 4, 5, 6, 7], [0, 1, 2, 3, 4, 5, 6, 7]]",sidecar,True,calib_importance_sep_tail,0
gqa,fullload,FullLoad,1.0,full,n52544,20982135,Is the blouse different in color than the name tag?,Yes,"[""yes""]",1.0,3869,2,calib_importance_sep_tail,4,fullload,,443.1612896732986,,,793.4152210364118,798.4614189481363,19.27408203482628,817.7355009829625,1132462080,2176,64,,747.4132147617638,,,1.0,1.0,null,0.0,,1132462080,0,64,0,1132462080,17694720.0,17694720.0,0.0,,,,,null,,,,0
gqa,layout_prefix_chunk,Layout+Prefix,0.25,chunk,n52544,20982135,Is the blouse different in color than the name tag?,Yes,"[""yes""]",1.0,3869,2,calib_importance_sep_tail,4,prefix,0.21051615476608276,159.64935312513262,50.97782099619508,245.49573694821447,42.29331808164716,287.84781403373927,17.97733292914927,305.82514696288854,293601280,512,65,188.6440246598795,0.0,8.0,34,0.23529411764705882,0.25925925925925924,"[0.25925925925925924, 0.25925925925925924, 0.25925925925925924, 0.25925925925925924, 0.25925925925925924, 0.25925925925925924, 0.25925925925925924, 0.25925925925925924, 0.25925925925925924, 0.25925925925925924, 0.25925925925925924, 0.25925925925925924, 0.25925925925925924, 0.25925925925925924, 0.25925925925925924, 0.25925925925925924, 0.25925925925925924, 0.25925925925925924, 0.25925925925925924, 0.25925925925925924, 0.25925925925925924, 0.25925925925925924, 0.25925925925925924, 0.25925925925925924, 0.25925925925925924, 0.25925925925925924, 0.25925925925925924, 0.25925925925925924, 0.25925925925925924, 0.25925925925925924, 0.25925925925925924, 0.25925925925925924]",0.0,256,268435456,25165824,64,1,293601280,4516942.769230769,4194304.0,25165824.0,0,0,0,prefix,"[[0, 1, 2, 3, 4, 5, 6, 7], [0, 1, 2, 3, 4, 5, 6, 7], [0, 1, 2, 3, 4, 5, 6, 7], [0, 1, 2, 3, 4, 5, 6, 7], [0, 1, 2, 3, 4, 5, 6, 7], [0, 1, 2, 3, 4, 5, 6, 7], [0, 1, 2, 3, 4, 5, 6, 7], [0, 1, 2, 3, 4, 5, 6, 7], [0, 1, 2, 3, 4, 5, 6, 7], [0, 1, 2, 3, 4, 5, 6, 7], [0, 1, 2, 3, 4, 5, 6, 7], [0, 1, 2, 3, 4, 5, 6, 7], [0, 1, 2, 3, 4, 5, 6, 7], [0, 1, 2, 3, 4, 5, 6, 7], [0, 1, 2, 3, 4, 5, 6, 7], [0, 1, 2, 3, 4, 5, 6, 7], [0, 1, 2, 3, 4, 5, 6, 7], [0, 1, 2, 3, 4, 5, 6, 7], [0, 1, 2, 3, 4, 5, 6, 7], [0, 1, 2, 3, 4, 5, 6, 7], [0, 1, 2, 3, 4, 5, 6, 7], [0, 1, 2, 3, 4, 5, 6, 7], [0, 1, 2, 3, 4, 5, 6, 7], [0, 1, 2, 3, 4, 5, 6, 7], [0, 1, 2, 3, 4, 5, 6, 7], [0, 1, 2, 3, 4, 5, 6, 7], [0, 1, 2, 3, 4, 5, 6, 7], [0, 1, 2, 3, 4, 5, 6, 7], [0, 1, 2, 3, 4, 5, 6, 7], [0, 1, 2, 3, 4, 5, 6, 7], [0, 1, 2, 3, 4, 5, 6, 7], [0, 1, 2, 3, 4, 5, 6, 7]]",sidecar,True,calib_importance_sep_tail,0
gqa,fullload,FullLoad,1.0,full,n540852,20119029,Is the happy man below the umbrella the woman is holding?,Yes,"[""yes""]",1.0,3869,2,calib_importance_sep_tail,4,fullload,,519.4135839119554,,,937.8624109085649,943.4449869440868,19.6623420342803,963.1073289783671,1384120320,2688,64,,889.4511495018378,,,1.0,1.0,null,0.0,,1384120320,0,64,0,1384120320,21626880.0,21626880.0,0.0,,,,,null,,,,0
gqa,layout_prefix_chunk,Layout+Prefix,0.25,chunk,n540852,20119029,Is the happy man below the umbrella the woman is holding?,Yes,"[""yes""]",1.0,3869,2,calib_importance_sep_tail,4,prefix,0.2559390850365162,196.09561073593795,59.18634601403028,296.28032993059605,38.24923106003553,334.5754649490118,19.388247979804873,353.9637129288167,360710144,640,65,230.38986837491393,0.0,10.0,42,0.23809523809523808,0.2606060606060606,"[0.2606060606060606, 0.2606060606060606, 0.2606060606060606, 0.2606060606060606, 0.2606060606060606, 0.2606060606060606, 0.2606060606060606, 0.2606060606060606, 0.2606060606060606, 0.2606060606060606, 0.2606060606060606, 0.2606060606060606, 0.2606060606060606, 0.2606060606060606, 0.2606060606060606, 0.2606060606060606, 0.2606060606060606, 0.2606060606060606, 0.2606060606060606, 0.2606060606060606, 0.2606060606060606, 0.2606060606060606, 0.2606060606060606, 0.2606060606060606, 0.2606060606060606, 0.2606060606060606, 0.2606060606060606, 0.2606060606060606, 0.2606060606060606, 0.2606060606060606, 0.2606060606060606, 0.2606060606060606]",0.0,320,335544320,25165824,64,1,360710144,5549386.830769231,5242880.0,25165824.0,0,0,0,prefix,"[[0, 1, 2, 3, 4, 5, 6, 7, 8, 9], [0, 1, 2, 3, 4, 5, 6, 7, 8, 9], [0, 1, 2, 3, 4, 5, 6, 7, 8, 9], [0, 1, 2, 3, 4, 5, 6, 7, 8, 9], [0, 1, 2, 3, 4, 5, 6, 7, 8, 9], [0, 1, 2, 3, 4, 5, 6, 7, 8, 9], [0, 1, 2, 3, 4, 5, 6, 7, 8, 9], [0, 1, 2, 3, 4, 5, 6, 7, 8, 9], [0, 1, 2, 3, 4, 5, 6, 7, 8, 9], [0, 1, 2, 3, 4, 5, 6, 7, 8, 9], [0, 1, 2, 3, 4, 5, 6, 7, 8, 9], [0, 1, 2, 3, 4, 5, 6, 7, 8, 9], [0, 1, 2, 3, 4, 5, 6, 7, 8, 9], [0, 1, 2, 3, 4, 5, 6, 7, 8, 9], [0, 1, 2, 3, 4, 5, 6, 7, 8, 9], [0, 1, 2, 3, 4, 5, 6, 7, 8, 9], [0, 1, 2, 3, 4, 5, 6, 7, 8, 9], [0, 1, 2, 3, 4, 5, 6, 7, 8, 9], [0, 1, 2, 3, 4, 5, 6, 7, 8, 9], [0, 1, 2, 3, 4, 5, 6, 7, 8, 9], [0, 1, 2, 3, 4, 5, 6, 7, 8, 9], [0, 1, 2, 3, 4, 5, 6, 7, 8, 9], [0, 1, 2, 3, 4, 5, 6, 7, 8, 9], [0, 1, 2, 3, 4, 5, 6, 7, 8, 9], [0, 1, 2, 3, 4, 5, 6, 7, 8, 9], [0, 1, 2, 3, 4, 5, 6, 7, 8, 9], [0, 1, 2, 3, 4, 5, 6, 7, 8, 9], [0, 1, 2, 3, 4, 5, 6, 7, 8, 9], [0, 1, 2, 3, 4, 5, 6, 7, 8, 9], [0, 1, 2, 3, 4, 5, 6, 7, 8, 9], [0, 1, 2, 3, 4, 5, 6, 7, 8, 9], [0, 1, 2, 3, 4, 5, 6, 7, 8, 9]]",sidecar,True,calib_importance_sep_tail,0
gqa,fullload,FullLoad,1.0,full,n540852,20119041,Who in the image is walking?,People,"[""woman""]",0.0,11647,2,calib_importance_sep_tail,4,fullload,,553.0416588298976,,,965.4006098862737,970.9765119478106,18.907315097749233,989.8838270455599,1384120320,2688,64,,916.475330828689,,,1.0,1.0,null,0.0,,1384120320,0,64,0,1384120320,21626880.0,21626880.0,0.0,,,,,null,,,,0
gqa,layout_prefix_chunk,Layout+Prefix,0.25,chunk,n540852,20119041,Who in the image is walking?,People,"[""woman""]",0.0,11647,2,calib_importance_sep_tail,4,prefix,0.2511540660634637,186.73798255622387,57.201774907298386,283.7425540201366,41.43667104654014,325.22487198002636,18.885159981437027,344.1100319614634,360710144,640,65,219.92492896970361,0.0,10.0,42,0.23809523809523808,0.2606060606060606,"[0.2606060606060606, 0.2606060606060606, 0.2606060606060606, 0.2606060606060606, 0.2606060606060606, 0.2606060606060606, 0.2606060606060606, 0.2606060606060606, 0.2606060606060606, 0.2606060606060606, 0.2606060606060606, 0.2606060606060606, 0.2606060606060606, 0.2606060606060606, 0.2606060606060606, 0.2606060606060606, 0.2606060606060606, 0.2606060606060606, 0.2606060606060606, 0.2606060606060606, 0.2606060606060606, 0.2606060606060606, 0.2606060606060606, 0.2606060606060606, 0.2606060606060606, 0.2606060606060606, 0.2606060606060606, 0.2606060606060606, 0.2606060606060606, 0.2606060606060606, 0.2606060606060606, 0.2606060606060606]",0.0,320,335544320,25165824,64,1,360710144,5549386.830769231,5242880.0,25165824.0,0,0,0,prefix,"[[0, 1, 2, 3, 4, 5, 6, 7, 8, 9], [0, 1, 2, 3, 4, 5, 6, 7, 8, 9], [0, 1, 2, 3, 4, 5, 6, 7, 8, 9], [0, 1, 2, 3, 4, 5, 6, 7, 8, 9], [0, 1, 2, 3, 4, 5, 6, 7, 8, 9], [0, 1, 2, 3, 4, 5, 6, 7, 8, 9], [0, 1, 2, 3, 4, 5, 6, 7, 8, 9], [0, 1, 2, 3, 4, 5, 6, 7, 8, 9], [0, 1, 2, 3, 4, 5, 6, 7, 8, 9], [0, 1, 2, 3, 4, 5, 6, 7, 8, 9], [0, 1, 2, 3, 4, 5, 6, 7, 8, 9], [0, 1, 2, 3, 4, 5, 6, 7, 8, 9], [0, 1, 2, 3, 4, 5, 6, 7, 8, 9], [0, 1, 2, 3, 4, 5, 6, 7, 8, 9], [0, 1, 2, 3, 4, 5, 6, 7, 8, 9], [0, 1, 2, 3, 4, 5, 6, 7, 8, 9], [0, 1, 2, 3, 4, 5, 6, 7, 8, 9], [0, 1, 2, 3, 4, 5, 6, 7, 8, 9], [0, 1, 2, 3, 4, 5, 6, 7, 8, 9], [0, 1, 2, 3, 4, 5, 6, 7, 8, 9], [0, 1, 2, 3, 4, 5, 6, 7, 8, 9], [0, 1, 2, 3, 4, 5, 6, 7, 8, 9], [0, 1, 2, 3, 4, 5, 6, 7, 8, 9], [0, 1, 2, 3, 4, 5, 6, 7, 8, 9], [0, 1, 2, 3, 4, 5, 6, 7, 8, 9], [0, 1, 2, 3, 4, 5, 6, 7, 8, 9], [0, 1, 2, 3, 4, 5, 6, 7, 8, 9], [0, 1, 2, 3, 4, 5, 6, 7, 8, 9], [0, 1, 2, 3, 4, 5, 6, 7, 8, 9], [0, 1, 2, 3, 4, 5, 6, 7, 8, 9], [0, 1, 2, 3, 4, 5, 6, 7, 8, 9], [0, 1, 2, 3, 4, 5, 6, 7, 8, 9]]",sidecar,True,calib_importance_sep_tail,0
gqa,fullload,FullLoad,1.0,full,n540852,20119067,Is the man that is to the right of the woman wearing a suit?,Yes,"[""yes""]",1.0,3869,2,calib_importance_sep_tail,4,fullload,,520.1865353155881,,,904.5922580407932,910.0865010404959,24.797705002129078,934.884206042625,1384120320,2688,64,,858.8895238935947,,,1.0,1.0,null,0.0,,1384120320,0,64,0,1384120320,21626880.0,21626880.0,0.0,,,,,null,,,,0
gqa,layout_prefix_chunk,Layout+Prefix,0.25,chunk,n540852,20119067,Is the man that is to the right of the woman wearing a suit?,Yes,"[""yes""]",1.0,3869,2,calib_importance_sep_tail,4,prefix,0.2730312990024686,196.60000153817236,62.915482791140676,300.40938092861325,42.734612012282014,343.2108199922368,18.502624006941915,361.7134439991787,360710144,640,65,230.57791613973677,0.0,10.0,42,0.23809523809523808,0.2606060606060606,"[0.2606060606060606, 0.2606060606060606, 0.2606060606060606, 0.2606060606060606, 0.2606060606060606, 0.2606060606060606, 0.2606060606060606, 0.2606060606060606, 0.2606060606060606, 0.2606060606060606, 0.2606060606060606, 0.2606060606060606, 0.2606060606060606, 0.2606060606060606, 0.2606060606060606, 0.2606060606060606, 0.2606060606060606, 0.2606060606060606, 0.2606060606060606, 0.2606060606060606, 0.2606060606060606, 0.2606060606060606, 0.2606060606060606, 0.2606060606060606, 0.2606060606060606, 0.2606060606060606, 0.2606060606060606, 0.2606060606060606, 0.2606060606060606, 0.2606060606060606, 0.2606060606060606, 0.2606060606060606]",0.0,320,335544320,25165824,64,1,360710144,5549386.830769231,5242880.0,25165824.0,0,0,0,prefix,"[[0, 1, 2, 3, 4, 5, 6, 7, 8, 9], [0, 1, 2, 3, 4, 5, 6, 7, 8, 9], [0, 1, 2, 3, 4, 5, 6, 7, 8, 9], [0, 1, 2, 3, 4, 5, 6, 7, 8, 9], [0, 1, 2, 3, 4, 5, 6, 7, 8, 9], [0, 1, 2, 3, 4, 5, 6, 7, 8, 9], [0, 1, 2, 3, 4, 5, 6, 7, 8, 9], [0, 1, 2, 3, 4, 5, 6, 7, 8, 9], [0, 1, 2, 3, 4, 5, 6, 7, 8, 9], [0, 1, 2, 3, 4, 5, 6, 7, 8, 9], [0, 1, 2, 3, 4, 5, 6, 7, 8, 9], [0, 1, 2, 3, 4, 5, 6, 7, 8, 9], [0, 1, 2, 3, 4, 5, 6, 7, 8, 9], [0, 1, 2, 3, 4, 5, 6, 7, 8, 9], [0, 1, 2, 3, 4, 5, 6, 7, 8, 9], [0, 1, 2, 3, 4, 5, 6, 7, 8, 9], [0, 1, 2, 3, 4, 5, 6, 7, 8, 9], [0, 1, 2, 3, 4, 5, 6, 7, 8, 9], [0, 1, 2, 3, 4, 5, 6, 7, 8, 9], [0, 1, 2, 3, 4, 5, 6, 7, 8, 9], [0, 1, 2, 3, 4, 5, 6, 7, 8, 9], [0, 1, 2, 3, 4, 5, 6, 7, 8, 9], [0, 1, 2, 3, 4, 5, 6, 7, 8, 9], [0, 1, 2, 3, 4, 5, 6, 7, 8, 9], [0, 1, 2, 3, 4, 5, 6, 7, 8, 9], [0, 1, 2, 3, 4, 5, 6, 7, 8, 9], [0, 1, 2, 3, 4, 5, 6, 7, 8, 9], [0, 1, 2, 3, 4, 5, 6, 7, 8, 9], [0, 1, 2, 3, 4, 5, 6, 7, 8, 9], [0, 1, 2, 3, 4, 5, 6, 7, 8, 9], [0, 1, 2, 3, 4, 5, 6, 7, 8, 9], [0, 1, 2, 3, 4, 5, 6, 7, 8, 9]]",sidecar,True,calib_importance_sep_tail,0
gqa,fullload,FullLoad,1.0,full,n540852,20119066,The man to the right of the woman is wearing what?,Suit,"[""suit""]",1.0,2166,3,calib_importance_sep_tail,4,fullload,,566.7645400390029,,,1002.0094270585105,1007.5669010402635,37.946676020510495,1045.513577060774,1384120320,2688,64,,949.0651743253693,,,1.0,1.0,null,0.0,,1384120320,0,64,0,1384120320,21626880.0,21626880.0,0.0,,,,,null,,,,0
gqa,layout_prefix_chunk,Layout+Prefix,0.25,chunk,n540852,20119066,The man to the right of the woman is wearing what?,Suit,"[""suit""]",1.0,2166,3,calib_importance_sep_tail,4,prefix,0.2405225532129407,161.7336585186422,55.52796251140535,256.17455795872957,58.72065608855337,314.9564740015194,37.20507596153766,352.16154996305704,360710144,640,65,194.07846522517502,0.0,10.0,42,0.23809523809523808,0.2606060606060606,"[0.2606060606060606, 0.2606060606060606, 0.2606060606060606, 0.2606060606060606, 0.2606060606060606, 0.2606060606060606, 0.2606060606060606, 0.2606060606060606, 0.2606060606060606, 0.2606060606060606, 0.2606060606060606, 0.2606060606060606, 0.2606060606060606, 0.2606060606060606, 0.2606060606060606, 0.2606060606060606, 0.2606060606060606, 0.2606060606060606, 0.2606060606060606, 0.2606060606060606, 0.2606060606060606, 0.2606060606060606, 0.2606060606060606, 0.2606060606060606, 0.2606060606060606, 0.2606060606060606, 0.2606060606060606, 0.2606060606060606, 0.2606060606060606, 0.2606060606060606, 0.2606060606060606, 0.2606060606060606]",0.0,320,335544320,25165824,64,1,360710144,5549386.830769231,5242880.0,25165824.0,0,0,0,prefix,"[[0, 1, 2, 3, 4, 5, 6, 7, 8, 9], [0, 1, 2, 3, 4, 5, 6, 7, 8, 9], [0, 1, 2, 3, 4, 5, 6, 7, 8, 9], [0, 1, 2, 3, 4, 5, 6, 7, 8, 9], [0, 1, 2, 3, 4, 5, 6, 7, 8, 9], [0, 1, 2, 3, 4, 5, 6, 7, 8, 9], [0, 1, 2, 3, 4, 5, 6, 7, 8, 9], [0, 1, 2, 3, 4, 5, 6, 7, 8, 9], [0, 1, 2, 3, 4, 5, 6, 7, 8, 9], [0, 1, 2, 3, 4, 5, 6, 7, 8, 9], [0, 1, 2, 3, 4, 5, 6, 7, 8, 9], [0, 1, 2, 3, 4, 5, 6, 7, 8, 9], [0, 1, 2, 3, 4, 5, 6, 7, 8, 9], [0, 1, 2, 3, 4, 5, 6, 7, 8, 9], [0, 1, 2, 3, 4, 5, 6, 7, 8, 9], [0, 1, 2, 3, 4, 5, 6, 7, 8, 9], [0, 1, 2, 3, 4, 5, 6, 7, 8, 9], [0, 1, 2, 3, 4, 5, 6, 7, 8, 9], [0, 1, 2, 3, 4, 5, 6, 7, 8, 9], [0, 1, 2, 3, 4, 5, 6, 7, 8, 9], [0, 1, 2, 3, 4, 5, 6, 7, 8, 9], [0, 1, 2, 3, 4, 5, 6, 7, 8, 9], [0, 1, 2, 3, 4, 5, 6, 7, 8, 9], [0, 1, 2, 3, 4, 5, 6, 7, 8, 9], [0, 1, 2, 3, 4, 5, 6, 7, 8, 9], [0, 1, 2, 3, 4, 5, 6, 7, 8, 9], [0, 1, 2, 3, 4, 5, 6, 7, 8, 9], [0, 1, 2, 3, 4, 5, 6, 7, 8, 9], [0, 1, 2, 3, 4, 5, 6, 7, 8, 9], [0, 1, 2, 3, 4, 5, 6, 7, 8, 9], [0, 1, 2, 3, 4, 5, 6, 7, 8, 9], [0, 1, 2, 3, 4, 5, 6, 7, 8, 9]]",sidecar,True,calib_importance_sep_tail,0
gqa,fullload,FullLoad,1.0,full,n540852,20119174,What is the umbrella to the right of the other umbrella made of?,Plastic,"[""plastic""]",1.0,1858,3,calib_importance_sep_tail,4,fullload,,599.946620175615,,,1081.732184975408,1087.2942430432886,37.39634400699288,1124.6905870502815,1384120320,2688,64,,1022.903653443791,,,1.0,1.0,null,0.0,,1384120320,0,64,0,1384120320,21626880.0,21626880.0,0.0,,,,,null,,,,0
gqa,layout_prefix_chunk,Layout+Prefix,0.25,chunk,n540852,20119174,What is the umbrella to the right of the other umbrella made of?,Plastic,"[""plastic""]",1.0,1858,3,calib_importance_sep_tail,4,prefix,0.1877089962363243,161.05235368013382,49.2081850534305,249.24446595832705,39.57881801761687,288.86881994549185,36.87234898097813,325.74116892647,360710144,640,65,193.7911146087572,0.0,10.0,42,0.23809523809523808,0.2606060606060606,"[0.2606060606060606, 0.2606060606060606, 0.2606060606060606, 0.2606060606060606, 0.2606060606060606, 0.2606060606060606, 0.2606060606060606, 0.2606060606060606, 0.2606060606060606, 0.2606060606060606, 0.2606060606060606, 0.2606060606060606, 0.2606060606060606, 0.2606060606060606, 0.2606060606060606, 0.2606060606060606, 0.2606060606060606, 0.2606060606060606, 0.2606060606060606, 0.2606060606060606, 0.2606060606060606, 0.2606060606060606, 0.2606060606060606, 0.2606060606060606, 0.2606060606060606, 0.2606060606060606, 0.2606060606060606, 0.2606060606060606, 0.2606060606060606, 0.2606060606060606, 0.2606060606060606, 0.2606060606060606]",0.0,320,335544320,25165824,64,1,360710144,5549386.830769231,5242880.0,25165824.0,0,0,0,prefix,"[[0, 1, 2, 3, 4, 5, 6, 7, 8, 9], [0, 1, 2, 3, 4, 5, 6, 7, 8, 9], [0, 1, 2, 3, 4, 5, 6, 7, 8, 9], [0, 1, 2, 3, 4, 5, 6, 7, 8, 9], [0, 1, 2, 3, 4, 5, 6, 7, 8, 9], [0, 1, 2, 3, 4, 5, 6, 7, 8, 9], [0, 1, 2, 3, 4, 5, 6, 7, 8, 9], [0, 1, 2, 3, 4, 5, 6, 7, 8, 9], [0, 1, 2, 3, 4, 5, 6, 7, 8, 9], [0, 1, 2, 3, 4, 5, 6, 7, 8, 9], [0, 1, 2, 3, 4, 5, 6, 7, 8, 9], [0, 1, 2, 3, 4, 5, 6, 7, 8, 9], [0, 1, 2, 3, 4, 5, 6, 7, 8, 9], [0, 1, 2, 3, 4, 5, 6, 7, 8, 9], [0, 1, 2, 3, 4, 5, 6, 7, 8, 9], [0, 1, 2, 3, 4, 5, 6, 7, 8, 9], [0, 1, 2, 3, 4, 5, 6, 7, 8, 9], [0, 1, 2, 3, 4, 5, 6, 7, 8, 9], [0, 1, 2, 3, 4, 5, 6, 7, 8, 9], [0, 1, 2, 3, 4, 5, 6, 7, 8, 9], [0, 1, 2, 3, 4, 5, 6, 7, 8, 9], [0, 1, 2, 3, 4, 5, 6, 7, 8, 9], [0, 1, 2, 3, 4, 5, 6, 7, 8, 9], [0, 1, 2, 3, 4, 5, 6, 7, 8, 9], [0, 1, 2, 3, 4, 5, 6, 7, 8, 9], [0, 1, 2, 3, 4, 5, 6, 7, 8, 9], [0, 1, 2, 3, 4, 5, 6, 7, 8, 9], [0, 1, 2, 3, 4, 5, 6, 7, 8, 9], [0, 1, 2, 3, 4, 5, 6, 7, 8, 9], [0, 1, 2, 3, 4, 5, 6, 7, 8, 9], [0, 1, 2, 3, 4, 5, 6, 7, 8, 9], [0, 1, 2, 3, 4, 5, 6, 7, 8, 9]]",sidecar,True,calib_importance_sep_tail,0
gqa,fullload,FullLoad,1.0,full,n540852,20119135,Is the umbrella in the bottom part of the photo?,No,"[""no""]",1.0,1939,2,calib_importance_sep_tail,4,fullload,,525.5518889753148,,,909.706930979155,915.3538369573653,19.254470011219382,934.6083069685847,1384120320,2688,64,,863.678312744014,,,1.0,1.0,null,0.0,,1384120320,0,64,0,1384120320,21626880.0,21626880.0,0.0,,,,,null,,,,0
gqa,layout_prefix_chunk,Layout+Prefix,0.25,chunk,n540852,20119135,Is the umbrella in the bottom part of the photo?,No,"[""no""]",1.0,1939,2,calib_importance_sep_tail,4,prefix,0.2664258936420083,189.26421587821096,62.63829383533448,295.19704601261765,53.25725395232439,348.5166209284216,18.8300299923867,367.3466509208083,360710144,640,65,225.76729860156775,0.0,10.0,42,0.23809523809523808,0.2606060606060606,"[0.2606060606060606, 0.2606060606060606, 0.2606060606060606, 0.2606060606060606, 0.2606060606060606, 0.2606060606060606, 0.2606060606060606, 0.2606060606060606, 0.2606060606060606, 0.2606060606060606, 0.2606060606060606, 0.2606060606060606, 0.2606060606060606, 0.2606060606060606, 0.2606060606060606, 0.2606060606060606, 0.2606060606060606, 0.2606060606060606, 0.2606060606060606, 0.2606060606060606, 0.2606060606060606, 0.2606060606060606, 0.2606060606060606, 0.2606060606060606, 0.2606060606060606, 0.2606060606060606, 0.2606060606060606, 0.2606060606060606, 0.2606060606060606, 0.2606060606060606, 0.2606060606060606, 0.2606060606060606]",0.0,320,335544320,25165824,64,1,360710144,5549386.830769231,5242880.0,25165824.0,0,0,0,prefix,"[[0, 1, 2, 3, 4, 5, 6, 7, 8, 9], [0, 1, 2, 3, 4, 5, 6, 7, 8, 9], [0, 1, 2, 3, 4, 5, 6, 7, 8, 9], [0, 1, 2, 3, 4, 5, 6, 7, 8, 9], [0, 1, 2, 3, 4, 5, 6, 7, 8, 9], [0, 1, 2, 3, 4, 5, 6, 7, 8, 9], [0, 1, 2, 3, 4, 5, 6, 7, 8, 9], [0, 1, 2, 3, 4, 5, 6, 7, 8, 9], [0, 1, 2, 3, 4, 5, 6, 7, 8, 9], [0, 1, 2, 3, 4, 5, 6, 7, 8, 9], [0, 1, 2, 3, 4, 5, 6, 7, 8, 9], [0, 1, 2, 3, 4, 5, 6, 7, 8, 9], [0, 1, 2, 3, 4, 5, 6, 7, 8, 9], [0, 1, 2, 3, 4, 5, 6, 7, 8, 9], [0, 1, 2, 3, 4, 5, 6, 7, 8, 9], [0, 1, 2, 3, 4, 5, 6, 7, 8, 9], [0, 1, 2, 3, 4, 5, 6, 7, 8, 9], [0, 1, 2, 3, 4, 5, 6, 7, 8, 9], [0, 1, 2, 3, 4, 5, 6, 7, 8, 9], [0, 1, 2, 3, 4, 5, 6, 7, 8, 9], [0, 1, 2, 3, 4, 5, 6, 7, 8, 9], [0, 1, 2, 3, 4, 5, 6, 7, 8, 9], [0, 1, 2, 3, 4, 5, 6, 7, 8, 9], [0, 1, 2, 3, 4, 5, 6, 7, 8, 9], [0, 1, 2, 3, 4, 5, 6, 7, 8, 9], [0, 1, 2, 3, 4, 5, 6, 7, 8, 9], [0, 1, 2, 3, 4, 5, 6, 7, 8, 9], [0, 1, 2, 3, 4, 5, 6, 7, 8, 9], [0, 1, 2, 3, 4, 5, 6, 7, 8, 9], [0, 1, 2, 3, 4, 5, 6, 7, 8, 9], [0, 1, 2, 3, 4, 5, 6, 7, 8, 9], [0, 1, 2, 3, 4, 5, 6, 7, 8, 9]]",sidecar,True,calib_importance_sep_tail,0
gqa,fullload,FullLoad,1.0,full,n234722,20416735,What is the color of the table?,Brown,"[""dark brown""]",0.0,9817,2,calib_importance_sep_tail,4,fullload,,450.61468391213566,,,823.6486009554937,828.9004960097373,19.056146033108234,847.9566420428455,1226833920,2368,64,,777.1360271144658,,,1.0,1.0,null,0.0,,1226833920,0,64,0,1226833920,19169280.0,19169280.0,0.0,,,,,null,,,,0
gqa,layout_prefix_chunk,Layout+Prefix,0.25,chunk,n234722,20416735,What is the color of the table?,Brown,"[""dark brown""]",0.0,9817,2,calib_importance_sep_tail,4,prefix,0.2634850097820163,193.90453328378499,58.82405082229525,293.49488904699683,60.76276698149741,354.31998304557055,18.487590015865862,372.8075730614364,320864256,576,65,228.20872848387808,0.0,9.0,37,0.24324324324324326,0.26153846153846155,"[0.26153846153846155, 0.26153846153846155, 0.26153846153846155, 0.26153846153846155, 0.26153846153846155, 0.26153846153846155, 0.26153846153846155, 0.26153846153846155, 0.26153846153846155, 0.26153846153846155, 0.26153846153846155, 0.26153846153846155, 0.26153846153846155, 0.26153846153846155, 0.26153846153846155, 0.26153846153846155, 0.26153846153846155, 0.26153846153846155, 0.26153846153846155, 0.26153846153846155, 0.26153846153846155, 0.26153846153846155, 0.26153846153846155, 0.26153846153846155, 0.26153846153846155, 0.26153846153846155, 0.26153846153846155, 0.26153846153846155, 0.26153846153846155, 0.26153846153846155, 0.26153846153846155, 0.26153846153846155]",0.0,288,301989888,18874368,64,1,320864256,4936373.169230769,4718592.0,18874368.0,0,0,0,prefix,"[[0, 1, 2, 3, 4, 5, 6, 7, 8], [0, 1, 2, 3, 4, 5, 6, 7, 8], [0, 1, 2, 3, 4, 5, 6, 7, 8], [0, 1, 2, 3, 4, 5, 6, 7, 8], [0, 1, 2, 3, 4, 5, 6, 7, 8], [0, 1, 2, 3, 4, 5, 6, 7, 8], [0, 1, 2, 3, 4, 5, 6, 7, 8], [0, 1, 2, 3, 4, 5, 6, 7, 8], [0, 1, 2, 3, 4, 5, 6, 7, 8], [0, 1, 2, 3, 4, 5, 6, 7, 8], [0, 1, 2, 3, 4, 5, 6, 7, 8], [0, 1, 2, 3, 4, 5, 6, 7, 8], [0, 1, 2, 3, 4, 5, 6, 7, 8], [0, 1, 2, 3, 4, 5, 6, 7, 8], [0, 1, 2, 3, 4, 5, 6, 7, 8], [0, 1, 2, 3, 4, 5, 6, 7, 8], [0, 1, 2, 3, 4, 5, 6, 7, 8], [0, 1, 2, 3, 4, 5, 6, 7, 8], [0, 1, 2, 3, 4, 5, 6, 7, 8], [0, 1, 2, 3, 4, 5, 6, 7, 8], [0, 1, 2, 3, 4, 5, 6, 7, 8], [0, 1, 2, 3, 4, 5, 6, 7, 8], [0, 1, 2, 3, 4, 5, 6, 7, 8], [0, 1, 2, 3, 4, 5, 6, 7, 8], [0, 1, 2, 3, 4, 5, 6, 7, 8], [0, 1, 2, 3, 4, 5, 6, 7, 8], [0, 1, 2, 3, 4, 5, 6, 7, 8], [0, 1, 2, 3, 4, 5, 6, 7, 8], [0, 1, 2, 3, 4, 5, 6, 7, 8], [0, 1, 2, 3, 4, 5, 6, 7, 8], [0, 1, 2, 3, 4, 5, 6, 7, 8], [0, 1, 2, 3, 4, 5, 6, 7, 8]]",sidecar,True,calib_importance_sep_tail,0
gqa,fullload,FullLoad,1.0,full,n234722,20416717,What kind of furniture isn't clean?,Table,"[""chair""]",0.0,6137,2,calib_importance_sep_tail,4,fullload,,445.78825077041984,,,733.2936570746824,738.4969979757443,18.981006927788258,757.4780049035326,1226833920,2368,64,,674.6905351756141,,,1.0,1.0,null,0.0,,1226833920,0,64,0,1226833920,19169280.0,19169280.0,0.0,,,,,null,,,,0
gqa,layout_prefix_chunk,Layout+Prefix,0.25,chunk,n234722,20416717,What kind of furniture isn't clean?,Table,"[""chair""]",0.0,6137,2,calib_importance_sep_tail,4,prefix,0.2483715070411563,148.7359271850437,55.75054872315377,242.4389220541343,42.20419703051448,284.702257020399,19.096598029136658,303.79885504953563,320864256,576,65,180.36113493144512,0.0,9.0,37,0.24324324324324326,0.26153846153846155,"[0.26153846153846155, 0.26153846153846155, 0.26153846153846155, 0.26153846153846155, 0.26153846153846155, 0.26153846153846155, 0.26153846153846155, 0.26153846153846155, 0.26153846153846155, 0.26153846153846155, 0.26153846153846155, 0.26153846153846155, 0.26153846153846155, 0.26153846153846155, 0.26153846153846155, 0.26153846153846155, 0.26153846153846155, 0.26153846153846155, 0.26153846153846155, 0.26153846153846155, 0.26153846153846155, 0.26153846153846155, 0.26153846153846155, 0.26153846153846155, 0.26153846153846155, 0.26153846153846155, 0.26153846153846155, 0.26153846153846155, 0.26153846153846155, 0.26153846153846155, 0.26153846153846155, 0.26153846153846155]",0.0,288,301989888,18874368,64,1,320864256,4936373.169230769,4718592.0,18874368.0,0,0,0,prefix,"[[0, 1, 2, 3, 4, 5, 6, 7, 8], [0, 1, 2, 3, 4, 5, 6, 7, 8], [0, 1, 2, 3, 4, 5, 6, 7, 8], [0, 1, 2, 3, 4, 5, 6, 7, 8], [0, 1, 2, 3, 4, 5, 6, 7, 8], [0, 1, 2, 3, 4, 5, 6, 7, 8], [0, 1, 2, 3, 4, 5, 6, 7, 8], [0, 1, 2, 3, 4, 5, 6, 7, 8], [0, 1, 2, 3, 4, 5, 6, 7, 8], [0, 1, 2, 3, 4, 5, 6, 7, 8], [0, 1, 2, 3, 4, 5, 6, 7, 8], [0, 1, 2, 3, 4, 5, 6, 7, 8], [0, 1, 2, 3, 4, 5, 6, 7, 8], [0, 1, 2, 3, 4, 5, 6, 7, 8], [0, 1, 2, 3, 4, 5, 6, 7, 8], [0, 1, 2, 3, 4, 5, 6, 7, 8], [0, 1, 2, 3, 4, 5, 6, 7, 8], [0, 1, 2, 3, 4, 5, 6, 7, 8], [0, 1, 2, 3, 4, 5, 6, 7, 8], [0, 1, 2, 3, 4, 5, 6, 7, 8], [0, 1, 2, 3, 4, 5, 6, 7, 8], [0, 1, 2, 3, 4, 5, 6, 7, 8], [0, 1, 2, 3, 4, 5, 6, 7, 8], [0, 1, 2, 3, 4, 5, 6, 7, 8], [0, 1, 2, 3, 4, 5, 6, 7, 8], [0, 1, 2, 3, 4, 5, 6, 7, 8], [0, 1, 2, 3, 4, 5, 6, 7, 8], [0, 1, 2, 3, 4, 5, 6, 7, 8], [0, 1, 2, 3, 4, 5, 6, 7, 8], [0, 1, 2, 3, 4, 5, 6, 7, 8], [0, 1, 2, 3, 4, 5, 6, 7, 8], [0, 1, 2, 3, 4, 5, 6, 7, 8]]",sidecar,True,calib_importance_sep_tail,0
gqa,fullload,FullLoad,1.0,full,n234722,20416487,What kind of food is on the pizza?,Sausage,"[""sausage""]",1.0,317,4,calib_importance_sep_tail,4,fullload,,496.244766167365,,,854.6166599262506,859.737828024663,55.18499598838389,914.9228240130469,1226833920,2368,64,,802.3706281092018,,,1.0,1.0,null,0.0,,1226833920,0,64,0,1226833920,19169280.0,19169280.0,0.0,,,,,null,,,,0
gqa,layout_prefix_chunk,Layout+Prefix,0.25,chunk,n234722,20416487,What kind of food is on the pizza?,Sausage,"[""sausage""]",1.0,317,4,calib_importance_sep_tail,4,prefix,0.15876023098826408,158.64947193767875,43.188621988520026,229.26030296366662,37.04316506627947,266.34376402944326,55.154379922896624,321.4981439523399,320864256,576,65,180.3139440016821,0.0,9.0,37,0.24324324324324326,0.26153846153846155,"[0.26153846153846155, 0.26153846153846155, 0.26153846153846155, 0.26153846153846155, 0.26153846153846155, 0.26153846153846155, 0.26153846153846155, 0.26153846153846155, 0.26153846153846155, 0.26153846153846155, 0.26153846153846155, 0.26153846153846155, 0.26153846153846155, 0.26153846153846155, 0.26153846153846155, 0.26153846153846155, 0.26153846153846155, 0.26153846153846155, 0.26153846153846155, 0.26153846153846155, 0.26153846153846155, 0.26153846153846155, 0.26153846153846155, 0.26153846153846155, 0.26153846153846155, 0.26153846153846155, 0.26153846153846155, 0.26153846153846155, 0.26153846153846155, 0.26153846153846155, 0.26153846153846155, 0.26153846153846155]",0.0,288,301989888,18874368,64,1,320864256,4936373.169230769,4718592.0,18874368.0,0,0,0,prefix,"[[0, 1, 2, 3, 4, 5, 6, 7, 8], [0, 1, 2, 3, 4, 5, 6, 7, 8], [0, 1, 2, 3, 4, 5, 6, 7, 8], [0, 1, 2, 3, 4, 5, 6, 7, 8], [0, 1, 2, 3, 4, 5, 6, 7, 8], [0, 1, 2, 3, 4, 5, 6, 7, 8], [0, 1, 2, 3, 4, 5, 6, 7, 8], [0, 1, 2, 3, 4, 5, 6, 7, 8], [0, 1, 2, 3, 4, 5, 6, 7, 8], [0, 1, 2, 3, 4, 5, 6, 7, 8], [0, 1, 2, 3, 4, 5, 6, 7, 8], [0, 1, 2, 3, 4, 5, 6, 7, 8], [0, 1, 2, 3, 4, 5, 6, 7, 8], [0, 1, 2, 3, 4, 5, 6, 7, 8], [0, 1, 2, 3, 4, 5, 6, 7, 8], [0, 1, 2, 3, 4, 5, 6, 7, 8], [0, 1, 2, 3, 4, 5, 6, 7, 8], [0, 1, 2, 3, 4, 5, 6, 7, 8], [0, 1, 2, 3, 4, 5, 6, 7, 8], [0, 1, 2, 3, 4, 5, 6, 7, 8], [0, 1, 2, 3, 4, 5, 6, 7, 8], [0, 1, 2, 3, 4, 5, 6, 7, 8], [0, 1, 2, 3, 4, 5, 6, 7, 8], [0, 1, 2, 3, 4, 5, 6, 7, 8], [0, 1, 2, 3, 4, 5, 6, 7, 8], [0, 1, 2, 3, 4, 5, 6, 7, 8], [0, 1, 2, 3, 4, 5, 6, 7, 8], [0, 1, 2, 3, 4, 5, 6, 7, 8], [0, 1, 2, 3, 4, 5, 6, 7, 8], [0, 1, 2, 3, 4, 5, 6, 7, 8], [0, 1, 2, 3, 4, 5, 6, 7, 8], [0, 1, 2, 3, 4, 5, 6, 7, 8]]",sidecar,True,calib_importance_sep_tail,0
gqa,fullload,FullLoad,1.0,full,n234722,20416562,Which kind of cooking utensil is below the pizza?,Pizza cutter,"[""pan""]",0.0,349,5,calib_importance_sep_tail,4,fullload,,434.7590119577944,,,708.329890971072,713.4845149703324,78.70447705499828,792.1889920253307,1226833920,2368,64,,653.3143481938168,,,1.0,1.0,null,0.0,,1226833920,0,64,0,1226833920,19169280.0,19169280.0,0.0,,,,,null,,,,0
gqa,layout_prefix_chunk,Layout+Prefix,0.25,chunk,n234722,20416562,Which kind of cooking utensil is below the pizza?,Spatula,"[""pan""]",0.0,1706,4,calib_importance_sep_tail,4,prefix,0.22091798018664122,130.74951898306608,54.45570300798863,222.00088703539222,63.55127599090338,285.6209520250559,56.79082695860416,342.41177898366004,320864256,576,65,161.3155462546274,0.0,9.0,37,0.24324324324324326,0.26153846153846155,"[0.26153846153846155, 0.26153846153846155, 0.26153846153846155, 0.26153846153846155, 0.26153846153846155, 0.26153846153846155, 0.26153846153846155, 0.26153846153846155, 0.26153846153846155, 0.26153846153846155, 0.26153846153846155, 0.26153846153846155, 0.26153846153846155, 0.26153846153846155, 0.26153846153846155, 0.26153846153846155, 0.26153846153846155, 0.26153846153846155, 0.26153846153846155, 0.26153846153846155, 0.26153846153846155, 0.26153846153846155, 0.26153846153846155, 0.26153846153846155, 0.26153846153846155, 0.26153846153846155, 0.26153846153846155, 0.26153846153846155, 0.26153846153846155, 0.26153846153846155, 0.26153846153846155, 0.26153846153846155]",0.0,288,301989888,18874368,64,1,320864256,4936373.169230769,4718592.0,18874368.0,0,0,0,prefix,"[[0, 1, 2, 3, 4, 5, 6, 7, 8], [0, 1, 2, 3, 4, 5, 6, 7, 8], [0, 1, 2, 3, 4, 5, 6, 7, 8], [0, 1, 2, 3, 4, 5, 6, 7, 8], [0, 1, 2, 3, 4, 5, 6, 7, 8], [0, 1, 2, 3, 4, 5, 6, 7, 8], [0, 1, 2, 3, 4, 5, 6, 7, 8], [0, 1, 2, 3, 4, 5, 6, 7, 8], [0, 1, 2, 3, 4, 5, 6, 7, 8], [0, 1, 2, 3, 4, 5, 6, 7, 8], [0, 1, 2, 3, 4, 5, 6, 7, 8], [0, 1, 2, 3, 4, 5, 6, 7, 8], [0, 1, 2, 3, 4, 5, 6, 7, 8], [0, 1, 2, 3, 4, 5, 6, 7, 8], [0, 1, 2, 3, 4, 5, 6, 7, 8], [0, 1, 2, 3, 4, 5, 6, 7, 8], [0, 1, 2, 3, 4, 5, 6, 7, 8], [0, 1, 2, 3, 4, 5, 6, 7, 8], [0, 1, 2, 3, 4, 5, 6, 7, 8], [0, 1, 2, 3, 4, 5, 6, 7, 8], [0, 1, 2, 3, 4, 5, 6, 7, 8], [0, 1, 2, 3, 4, 5, 6, 7, 8], [0, 1, 2, 3, 4, 5, 6, 7, 8], [0, 1, 2, 3, 4, 5, 6, 7, 8], [0, 1, 2, 3, 4, 5, 6, 7, 8], [0, 1, 2, 3, 4, 5, 6, 7, 8], [0, 1, 2, 3, 4, 5, 6, 7, 8], [0, 1, 2, 3, 4, 5, 6, 7, 8], [0, 1, 2, 3, 4, 5, 6, 7, 8], [0, 1, 2, 3, 4, 5, 6, 7, 8], [0, 1, 2, 3, 4, 5, 6, 7, 8], [0, 1, 2, 3, 4, 5, 6, 7, 8]]",sidecar,True,calib_importance_sep_tail,0
gqa,fullload,FullLoad,1.0,full,n234722,20416421,Is the sausage in the bottom part or in the top of the photo?,Top,"[""top""]",1.0,7488,2,calib_importance_sep_tail,4,fullload,,564.4083707593381,,,1000.8860959205776,1006.0461360262707,19.077694974839687,1025.1238310011104,1226833920,2368,64,,934.8128086421639,,,1.0,1.0,null,0.0,,1226833920,0,64,0,1226833920,19169280.0,19169280.0,0.0,,,,,null,,,,0
gqa,layout_prefix_chunk,Layout+Prefix,0.25,chunk,n234722,20416421,Is the sausage in the bottom part or in the top of the photo?,Bottom,"[""top""]",0.0,350,3,calib_importance_sep_tail,4,prefix,0.22689718753099442,186.59317551646382,54.13763679098338,276.9544789334759,41.64594900794327,318.6621699715033,38.085241918452084,356.7474118899554,320864256,576,65,216.5933819487691,0.0,9.0,37,0.24324324324324326,0.26153846153846155,"[0.26153846153846155, 0.26153846153846155, 0.26153846153846155, 0.26153846153846155, 0.26153846153846155, 0.26153846153846155, 0.26153846153846155, 0.26153846153846155, 0.26153846153846155, 0.26153846153846155, 0.26153846153846155, 0.26153846153846155, 0.26153846153846155, 0.26153846153846155, 0.26153846153846155, 0.26153846153846155, 0.26153846153846155, 0.26153846153846155, 0.26153846153846155, 0.26153846153846155, 0.26153846153846155, 0.26153846153846155, 0.26153846153846155, 0.26153846153846155, 0.26153846153846155, 0.26153846153846155, 0.26153846153846155, 0.26153846153846155, 0.26153846153846155, 0.26153846153846155, 0.26153846153846155, 0.26153846153846155]",0.0,288,301989888,18874368,64,1,320864256,4936373.169230769,4718592.0,18874368.0,0,0,0,prefix,"[[0, 1, 2, 3, 4, 5, 6, 7, 8], [0, 1, 2, 3, 4, 5, 6, 7, 8], [0, 1, 2, 3, 4, 5, 6, 7, 8], [0, 1, 2, 3, 4, 5, 6, 7, 8], [0, 1, 2, 3, 4, 5, 6, 7, 8], [0, 1, 2, 3, 4, 5, 6, 7, 8], [0, 1, 2, 3, 4, 5, 6, 7, 8], [0, 1, 2, 3, 4, 5, 6, 7, 8], [0, 1, 2, 3, 4, 5, 6, 7, 8], [0, 1, 2, 3, 4, 5, 6, 7, 8], [0, 1, 2, 3, 4, 5, 6, 7, 8], [0, 1, 2, 3, 4, 5, 6, 7, 8], [0, 1, 2, 3, 4, 5, 6, 7, 8], [0, 1, 2, 3, 4, 5, 6, 7, 8], [0, 1, 2, 3, 4, 5, 6, 7, 8], [0, 1, 2, 3, 4, 5, 6, 7, 8], [0, 1, 2, 3, 4, 5, 6, 7, 8], [0, 1, 2, 3, 4, 5, 6, 7, 8], [0, 1, 2, 3, 4, 5, 6, 7, 8], [0, 1, 2, 3, 4, 5, 6, 7, 8], [0, 1, 2, 3, 4, 5, 6, 7, 8], [0, 1, 2, 3, 4, 5, 6, 7, 8], [0, 1, 2, 3, 4, 5, 6, 7, 8], [0, 1, 2, 3, 4, 5, 6, 7, 8], [0, 1, 2, 3, 4, 5, 6, 7, 8], [0, 1, 2, 3, 4, 5, 6, 7, 8], [0, 1, 2, 3, 4, 5, 6, 7, 8], [0, 1, 2, 3, 4, 5, 6, 7, 8], [0, 1, 2, 3, 4, 5, 6, 7, 8], [0, 1, 2, 3, 4, 5, 6, 7, 8], [0, 1, 2, 3, 4, 5, 6, 7, 8], [0, 1, 2, 3, 4, 5, 6, 7, 8]]",sidecar,True,calib_importance_sep_tail,0
gqa,fullload,FullLoad,1.0,full,n234722,20416424,Does the sausage that is to the left of the pan look small and brown?,Yes,"[""yes""]",1.0,3869,2,calib_importance_sep_tail,4,fullload,,520.8582407794893,,,901.3948640786111,906.6603990504518,19.0850798971951,925.7454789476469,1226833920,2368,64,,849.9885044293478,,,1.0,1.0,null,0.0,,1226833920,0,64,0,1226833920,19169280.0,19169280.0,0.0,,,,,null,,,,0
gqa,layout_prefix_chunk,Layout+Prefix,0.25,chunk,n234722,20416424,Does the sausage that is to the left of the pan look small and brown?,Yes,"[""yes""]",1.0,3869,2,calib_importance_sep_tail,4,prefix,0.1911252038553357,168.79015811719,45.509826159104705,244.90849499125034,38.375678937882185,283.3271709969267,18.686363007873297,302.0135340048,320864256,576,65,193.50941921584308,0.0,9.0,37,0.24324324324324326,0.26153846153846155,"[0.26153846153846155, 0.26153846153846155, 0.26153846153846155, 0.26153846153846155, 0.26153846153846155, 0.26153846153846155, 0.26153846153846155, 0.26153846153846155, 0.26153846153846155, 0.26153846153846155, 0.26153846153846155, 0.26153846153846155, 0.26153846153846155, 0.26153846153846155, 0.26153846153846155, 0.26153846153846155, 0.26153846153846155, 0.26153846153846155, 0.26153846153846155, 0.26153846153846155, 0.26153846153846155, 0.26153846153846155, 0.26153846153846155, 0.26153846153846155, 0.26153846153846155, 0.26153846153846155, 0.26153846153846155, 0.26153846153846155, 0.26153846153846155, 0.26153846153846155, 0.26153846153846155, 0.26153846153846155]",0.0,288,301989888,18874368,64,1,320864256,4936373.169230769,4718592.0,18874368.0,0,0,0,prefix,"[[0, 1, 2, 3, 4, 5, 6, 7, 8], [0, 1, 2, 3, 4, 5, 6, 7, 8], [0, 1, 2, 3, 4, 5, 6, 7, 8], [0, 1, 2, 3, 4, 5, 6, 7, 8], [0, 1, 2, 3, 4, 5, 6, 7, 8], [0, 1, 2, 3, 4, 5, 6, 7, 8], [0, 1, 2, 3, 4, 5, 6, 7, 8], [0, 1, 2, 3, 4, 5, 6, 7, 8], [0, 1, 2, 3, 4, 5, 6, 7, 8], [0, 1, 2, 3, 4, 5, 6, 7, 8], [0, 1, 2, 3, 4, 5, 6, 7, 8], [0, 1, 2, 3, 4, 5, 6, 7, 8], [0, 1, 2, 3, 4, 5, 6, 7, 8], [0, 1, 2, 3, 4, 5, 6, 7, 8], [0, 1, 2, 3, 4, 5, 6, 7, 8], [0, 1, 2, 3, 4, 5, 6, 7, 8], [0, 1, 2, 3, 4, 5, 6, 7, 8], [0, 1, 2, 3, 4, 5, 6, 7, 8], [0, 1, 2, 3, 4, 5, 6, 7, 8], [0, 1, 2, 3, 4, 5, 6, 7, 8], [0, 1, 2, 3, 4, 5, 6, 7, 8], [0, 1, 2, 3, 4, 5, 6, 7, 8], [0, 1, 2, 3, 4, 5, 6, 7, 8], [0, 1, 2, 3, 4, 5, 6, 7, 8], [0, 1, 2, 3, 4, 5, 6, 7, 8], [0, 1, 2, 3, 4, 5, 6, 7, 8], [0, 1, 2, 3, 4, 5, 6, 7, 8], [0, 1, 2, 3, 4, 5, 6, 7, 8], [0, 1, 2, 3, 4, 5, 6, 7, 8], [0, 1, 2, 3, 4, 5, 6, 7, 8], [0, 1, 2, 3, 4, 5, 6, 7, 8], [0, 1, 2, 3, 4, 5, 6, 7, 8]]",sidecar,True,calib_importance_sep_tail,0
gqa,fullload,FullLoad,1.0,full,n494918,201185759,What's the boy looking at?,Frisbee,"[""frisbee""]",1.0,383,5,calib_importance_sep_tail,4,fullload,,504.84386074822396,,,901.4489990659058,906.7221890436485,74.94742202106863,981.6696110647172,1233125376,2368,64,,847.5038495380431,,,1.0,1.0,null,0.0,,1233125376,0,64,0,1233125376,19267584.0,19267584.0,0.0,,,,,null,,,,0
gqa,layout_prefix_chunk,Layout+Prefix,0.25,chunk,n494918,201185759,What's the boy looking at?,Frisbee,"[""frisbee""]",1.0,383,5,calib_importance_sep_tail,4,prefix,0.24926802143454552,153.53346592746675,57.36074678134173,251.9173709442839,42.77756402734667,294.75712799467146,73.33060796372592,368.0877359583974,327155712,576,65,188.15144582185894,0.0,9.0,37,0.24324324324324326,0.2653061224489796,"[0.2653061224489796, 0.2653061224489796, 0.2653061224489796, 0.2653061224489796, 0.2653061224489796, 0.2653061224489796, 0.2653061224489796, 0.2653061224489796, 0.2653061224489796, 0.2653061224489796, 0.2653061224489796, 0.2653061224489796, 0.2653061224489796, 0.2653061224489796, 0.2653061224489796, 0.2653061224489796, 0.2653061224489796, 0.2653061224489796, 0.2653061224489796, 0.2653061224489796, 0.2653061224489796, 0.2653061224489796, 0.2653061224489796, 0.2653061224489796, 0.2653061224489796, 0.2653061224489796, 0.2653061224489796, 0.2653061224489796, 0.2653061224489796, 0.2653061224489796, 0.2653061224489796, 0.2653061224489796]",0.0,288,301989888,25165824,64,1,327155712,5033164.8,4718592.0,25165824.0,0,0,0,prefix,"[[0, 1, 2, 3, 4, 5, 6, 7, 8], [0, 1, 2, 3, 4, 5, 6, 7, 8], [0, 1, 2, 3, 4, 5, 6, 7, 8], [0, 1, 2, 3, 4, 5, 6, 7, 8], [0, 1, 2, 3, 4, 5, 6, 7, 8], [0, 1, 2, 3, 4, 5, 6, 7, 8], [0, 1, 2, 3, 4, 5, 6, 7, 8], [0, 1, 2, 3, 4, 5, 6, 7, 8], [0, 1, 2, 3, 4, 5, 6, 7, 8], [0, 1, 2, 3, 4, 5, 6, 7, 8], [0, 1, 2, 3, 4, 5, 6, 7, 8], [0, 1, 2, 3, 4, 5, 6, 7, 8], [0, 1, 2, 3, 4, 5, 6, 7, 8], [0, 1, 2, 3, 4, 5, 6, 7, 8], [0, 1, 2, 3, 4, 5, 6, 7, 8], [0, 1, 2, 3, 4, 5, 6, 7, 8], [0, 1, 2, 3, 4, 5, 6, 7, 8], [0, 1, 2, 3, 4, 5, 6, 7, 8], [0, 1, 2, 3, 4, 5, 6, 7, 8], [0, 1, 2, 3, 4, 5, 6, 7, 8], [0, 1, 2, 3, 4, 5, 6, 7, 8], [0, 1, 2, 3, 4, 5, 6, 7, 8], [0, 1, 2, 3, 4, 5, 6, 7, 8], [0, 1, 2, 3, 4, 5, 6, 7, 8], [0, 1, 2, 3, 4, 5, 6, 7, 8], [0, 1, 2, 3, 4, 5, 6, 7, 8], [0, 1, 2, 3, 4, 5, 6, 7, 8], [0, 1, 2, 3, 4, 5, 6, 7, 8], [0, 1, 2, 3, 4, 5, 6, 7, 8], [0, 1, 2, 3, 4, 5, 6, 7, 8], [0, 1, 2, 3, 4, 5, 6, 7, 8], [0, 1, 2, 3, 4, 5, 6, 7, 8]]",sidecar,True,calib_importance_sep_tail,0
gqa,fullload,FullLoad,1.0,full,n494918,201185941,Are the trees behind a frisbee?,Yes,"[""yes""]",1.0,3869,2,calib_importance_sep_tail,4,fullload,,456.0049115680158,,,803.7973591126502,808.9784330222756,20.061710965819657,829.0401439880952,1233125376,2368,64,,757.4902006890625,,,1.0,1.0,null,0.0,,1233125376,0,64,0,1233125376,19267584.0,19267584.0,0.0,,,,,null,,,,0
gqa,layout_prefix_chunk,Layout+Prefix,0.25,chunk,n494918,201185941,Are the trees behind a frisbee?,Yes,"[""yes""]",1.0,3869,2,calib_importance_sep_tail,4,prefix,0.23349921684712172,175.28955347370356,53.53001900948584,266.73462707549334,44.075650977902114,310.86996698286384,18.512747017666698,329.38271400053054,327155712,576,65,207.28043222334236,0.0,9.0,37,0.24324324324324326,0.2653061224489796,"[0.2653061224489796, 0.2653061224489796, 0.2653061224489796, 0.2653061224489796, 0.2653061224489796, 0.2653061224489796, 0.2653061224489796, 0.2653061224489796, 0.2653061224489796, 0.2653061224489796, 0.2653061224489796, 0.2653061224489796, 0.2653061224489796, 0.2653061224489796, 0.2653061224489796, 0.2653061224489796, 0.2653061224489796, 0.2653061224489796, 0.2653061224489796, 0.2653061224489796, 0.2653061224489796, 0.2653061224489796, 0.2653061224489796, 0.2653061224489796, 0.2653061224489796, 0.2653061224489796, 0.2653061224489796, 0.2653061224489796, 0.2653061224489796, 0.2653061224489796, 0.2653061224489796, 0.2653061224489796]",0.0,288,301989888,25165824,64,1,327155712,5033164.8,4718592.0,25165824.0,0,0,0,prefix,"[[0, 1, 2, 3, 4, 5, 6, 7, 8], [0, 1, 2, 3, 4, 5, 6, 7, 8], [0, 1, 2, 3, 4, 5, 6, 7, 8], [0, 1, 2, 3, 4, 5, 6, 7, 8], [0, 1, 2, 3, 4, 5, 6, 7, 8], [0, 1, 2, 3, 4, 5, 6, 7, 8], [0, 1, 2, 3, 4, 5, 6, 7, 8], [0, 1, 2, 3, 4, 5, 6, 7, 8], [0, 1, 2, 3, 4, 5, 6, 7, 8], [0, 1, 2, 3, 4, 5, 6, 7, 8], [0, 1, 2, 3, 4, 5, 6, 7, 8], [0, 1, 2, 3, 4, 5, 6, 7, 8], [0, 1, 2, 3, 4, 5, 6, 7, 8], [0, 1, 2, 3, 4, 5, 6, 7, 8], [0, 1, 2, 3, 4, 5, 6, 7, 8], [0, 1, 2, 3, 4, 5, 6, 7, 8], [0, 1, 2, 3, 4, 5, 6, 7, 8], [0, 1, 2, 3, 4, 5, 6, 7, 8], [0, 1, 2, 3, 4, 5, 6, 7, 8], [0, 1, 2, 3, 4, 5, 6, 7, 8], [0, 1, 2, 3, 4, 5, 6, 7, 8], [0, 1, 2, 3, 4, 5, 6, 7, 8], [0, 1, 2, 3, 4, 5, 6, 7, 8], [0, 1, 2, 3, 4, 5, 6, 7, 8], [0, 1, 2, 3, 4, 5, 6, 7, 8], [0, 1, 2, 3, 4, 5, 6, 7, 8], [0, 1, 2, 3, 4, 5, 6, 7, 8], [0, 1, 2, 3, 4, 5, 6, 7, 8], [0, 1, 2, 3, 4, 5, 6, 7, 8], [0, 1, 2, 3, 4, 5, 6, 7, 8], [0, 1, 2, 3, 4, 5, 6, 7, 8], [0, 1, 2, 3, 4, 5, 6, 7, 8]]",sidecar,True,calib_importance_sep_tail,0
gqa,fullload,FullLoad,1.0,full,n494918,201185777,Do the shorts made out of cotton look orange and long?,Yes,"[""no""]",0.0,3869,2,calib_importance_sep_tail,4,fullload,,460.75023245066404,,,719.2586789606139,724.2805999703705,19.326208042912185,743.6068080132827,1233125376,2368,64,,669.7069716174155,,,1.0,1.0,null,0.0,,1233125376,0,64,0,1233125376,19267584.0,19267584.0,0.0,,,,,null,,,,0
gqa,layout_prefix_chunk,Layout+Prefix,0.25,chunk,n494918,201185777,Do the shorts made out of cotton look orange and long?,Yes,"[""no""]",0.0,3869,2,calib_importance_sep_tail,4,prefix,0.24853122886270285,196.6830351157114,57.93071142397821,292.0767560135573,52.12891800329089,344.2660110304132,18.926046905107796,363.192057935521,327155712,576,65,227.81754401512444,0.0,9.0,37,0.24324324324324326,0.2653061224489796,"[0.2653061224489796, 0.2653061224489796, 0.2653061224489796, 0.2653061224489796, 0.2653061224489796, 0.2653061224489796, 0.2653061224489796, 0.2653061224489796, 0.2653061224489796, 0.2653061224489796, 0.2653061224489796, 0.2653061224489796, 0.2653061224489796, 0.2653061224489796, 0.2653061224489796, 0.2653061224489796, 0.2653061224489796, 0.2653061224489796, 0.2653061224489796, 0.2653061224489796, 0.2653061224489796, 0.2653061224489796, 0.2653061224489796, 0.2653061224489796, 0.2653061224489796, 0.2653061224489796, 0.2653061224489796, 0.2653061224489796, 0.2653061224489796, 0.2653061224489796, 0.2653061224489796, 0.2653061224489796]",0.0,288,301989888,25165824,64,1,327155712,5033164.8,4718592.0,25165824.0,0,0,0,prefix,"[[0, 1, 2, 3, 4, 5, 6, 7, 8], [0, 1, 2, 3, 4, 5, 6, 7, 8], [0, 1, 2, 3, 4, 5, 6, 7, 8], [0, 1, 2, 3, 4, 5, 6, 7, 8], [0, 1, 2, 3, 4, 5, 6, 7, 8], [0, 1, 2, 3, 4, 5, 6, 7, 8], [0, 1, 2, 3, 4, 5, 6, 7, 8], [0, 1, 2, 3, 4, 5, 6, 7, 8], [0, 1, 2, 3, 4, 5, 6, 7, 8], [0, 1, 2, 3, 4, 5, 6, 7, 8], [0, 1, 2, 3, 4, 5, 6, 7, 8], [0, 1, 2, 3, 4, 5, 6, 7, 8], [0, 1, 2, 3, 4, 5, 6, 7, 8], [0, 1, 2, 3, 4, 5, 6, 7, 8], [0, 1, 2, 3, 4, 5, 6, 7, 8], [0, 1, 2, 3, 4, 5, 6, 7, 8], [0, 1, 2, 3, 4, 5, 6, 7, 8], [0, 1, 2, 3, 4, 5, 6, 7, 8], [0, 1, 2, 3, 4, 5, 6, 7, 8], [0, 1, 2, 3, 4, 5, 6, 7, 8], [0, 1, 2, 3, 4, 5, 6, 7, 8], [0, 1, 2, 3, 4, 5, 6, 7, 8], [0, 1, 2, 3, 4, 5, 6, 7, 8], [0, 1, 2, 3, 4, 5, 6, 7, 8], [0, 1, 2, 3, 4, 5, 6, 7, 8], [0, 1, 2, 3, 4, 5, 6, 7, 8], [0, 1, 2, 3, 4, 5, 6, 7, 8], [0, 1, 2, 3, 4, 5, 6, 7, 8], [0, 1, 2, 3, 4, 5, 6, 7, 8], [0, 1, 2, 3, 4, 5, 6, 7, 8], [0, 1, 2, 3, 4, 5, 6, 7, 8], [0, 1, 2, 3, 4, 5, 6, 7, 8]]",sidecar,True,calib_importance_sep_tail,0
gqa,fullload,FullLoad,1.0,full,n494918,201185793,Do the shorts have short length?,Yes,"[""yes""]",1.0,3869,2,calib_importance_sep_tail,4,fullload,,508.9721210533753,,,879.8214900307357,885.0659570889547,19.277123967185616,904.3430810561404,1233125376,2368,64,,831.2740863766521,,,1.0,1.0,null,0.0,,1233125376,0,64,0,1233125376,19267584.0,19267584.0,0.0,,,,,null,,,,0
gqa,layout_prefix_chunk,Layout+Prefix,0.25,chunk,n494918,201185793,Do the shorts have short length?,Yes,"[""yes""]",1.0,3869,2,calib_importance_sep_tail,4,prefix,0.21756207570433617,165.84113938733935,54.56710048019886,258.23591696098447,57.42154491599649,315.7185409218073,18.626788049004972,334.34532897081226,327155712,576,65,197.47469923458993,0.0,9.0,37,0.24324324324324326,0.2653061224489796,"[0.2653061224489796, 0.2653061224489796, 0.2653061224489796, 0.2653061224489796, 0.2653061224489796, 0.2653061224489796, 0.2653061224489796, 0.2653061224489796, 0.2653061224489796, 0.2653061224489796, 0.2653061224489796, 0.2653061224489796, 0.2653061224489796, 0.2653061224489796, 0.2653061224489796, 0.2653061224489796, 0.2653061224489796, 0.2653061224489796, 0.2653061224489796, 0.2653061224489796, 0.2653061224489796, 0.2653061224489796, 0.2653061224489796, 0.2653061224489796, 0.2653061224489796, 0.2653061224489796, 0.2653061224489796, 0.2653061224489796, 0.2653061224489796, 0.2653061224489796, 0.2653061224489796, 0.2653061224489796]",0.0,288,301989888,25165824,64,1,327155712,5033164.8,4718592.0,25165824.0,0,0,0,prefix,"[[0, 1, 2, 3, 4, 5, 6, 7, 8], [0, 1, 2, 3, 4, 5, 6, 7, 8], [0, 1, 2, 3, 4, 5, 6, 7, 8], [0, 1, 2, 3, 4, 5, 6, 7, 8], [0, 1, 2, 3, 4, 5, 6, 7, 8], [0, 1, 2, 3, 4, 5, 6, 7, 8], [0, 1, 2, 3, 4, 5, 6, 7, 8], [0, 1, 2, 3, 4, 5, 6, 7, 8], [0, 1, 2, 3, 4, 5, 6, 7, 8], [0, 1, 2, 3, 4, 5, 6, 7, 8], [0, 1, 2, 3, 4, 5, 6, 7, 8], [0, 1, 2, 3, 4, 5, 6, 7, 8], [0, 1, 2, 3, 4, 5, 6, 7, 8], [0, 1, 2, 3, 4, 5, 6, 7, 8], [0, 1, 2, 3, 4, 5, 6, 7, 8], [0, 1, 2, 3, 4, 5, 6, 7, 8], [0, 1, 2, 3, 4, 5, 6, 7, 8], [0, 1, 2, 3, 4, 5, 6, 7, 8], [0, 1, 2, 3, 4, 5, 6, 7, 8], [0, 1, 2, 3, 4, 5, 6, 7, 8], [0, 1, 2, 3, 4, 5, 6, 7, 8], [0, 1, 2, 3, 4, 5, 6, 7, 8], [0, 1, 2, 3, 4, 5, 6, 7, 8], [0, 1, 2, 3, 4, 5, 6, 7, 8], [0, 1, 2, 3, 4, 5, 6, 7, 8], [0, 1, 2, 3, 4, 5, 6, 7, 8], [0, 1, 2, 3, 4, 5, 6, 7, 8], [0, 1, 2, 3, 4, 5, 6, 7, 8], [0, 1, 2, 3, 4, 5, 6, 7, 8], [0, 1, 2, 3, 4, 5, 6, 7, 8], [0, 1, 2, 3, 4, 5, 6, 7, 8], [0, 1, 2, 3, 4, 5, 6, 7, 8]]",sidecar,True,calib_importance_sep_tail,0
gqa,fullload,FullLoad,1.0,full,n494918,201185841,What is the color of the frisbee that flies above the ground?,Green,"[""green""]",1.0,7646,2,calib_importance_sep_tail,4,fullload,,572.8509861510247,,,964.1562589677051,969.3659499753267,19.70386493485421,989.0698149101809,1233125376,2368,64,,913.6870148358867,,,1.0,1.0,null,0.0,,1233125376,0,64,0,1233125376,19267584.0,19267584.0,0.0,,,,,null,,,,0
gqa,layout_prefix_chunk,Layout+Prefix,0.25,chunk,n494918,201185841,What is the color of the frisbee that flies above the ground?,Green,"[""green""]",1.0,7646,2,calib_importance_sep_tail,4,prefix,0.2437171060591936,181.91279156599194,57.7144609997049,278.4942389698699,43.010231922380626,321.5658579720184,18.267616047523916,339.83347401954234,327155712,576,65,214.0635271789506,0.0,9.0,37,0.24324324324324326,0.2653061224489796,"[0.2653061224489796, 0.2653061224489796, 0.2653061224489796, 0.2653061224489796, 0.2653061224489796, 0.2653061224489796, 0.2653061224489796, 0.2653061224489796, 0.2653061224489796, 0.2653061224489796, 0.2653061224489796, 0.2653061224489796, 0.2653061224489796, 0.2653061224489796, 0.2653061224489796, 0.2653061224489796, 0.2653061224489796, 0.2653061224489796, 0.2653061224489796, 0.2653061224489796, 0.2653061224489796, 0.2653061224489796, 0.2653061224489796, 0.2653061224489796, 0.2653061224489796, 0.2653061224489796, 0.2653061224489796, 0.2653061224489796, 0.2653061224489796, 0.2653061224489796, 0.2653061224489796, 0.2653061224489796]",0.0,288,301989888,25165824,64,1,327155712,5033164.8,4718592.0,25165824.0,0,0,0,prefix,"[[0, 1, 2, 3, 4, 5, 6, 7, 8], [0, 1, 2, 3, 4, 5, 6, 7, 8], [0, 1, 2, 3, 4, 5, 6, 7, 8], [0, 1, 2, 3, 4, 5, 6, 7, 8], [0, 1, 2, 3, 4, 5, 6, 7, 8], [0, 1, 2, 3, 4, 5, 6, 7, 8], [0, 1, 2, 3, 4, 5, 6, 7, 8], [0, 1, 2, 3, 4, 5, 6, 7, 8], [0, 1, 2, 3, 4, 5, 6, 7, 8], [0, 1, 2, 3, 4, 5, 6, 7, 8], [0, 1, 2, 3, 4, 5, 6, 7, 8], [0, 1, 2, 3, 4, 5, 6, 7, 8], [0, 1, 2, 3, 4, 5, 6, 7, 8], [0, 1, 2, 3, 4, 5, 6, 7, 8], [0, 1, 2, 3, 4, 5, 6, 7, 8], [0, 1, 2, 3, 4, 5, 6, 7, 8], [0, 1, 2, 3, 4, 5, 6, 7, 8], [0, 1, 2, 3, 4, 5, 6, 7, 8], [0, 1, 2, 3, 4, 5, 6, 7, 8], [0, 1, 2, 3, 4, 5, 6, 7, 8], [0, 1, 2, 3, 4, 5, 6, 7, 8], [0, 1, 2, 3, 4, 5, 6, 7, 8], [0, 1, 2, 3, 4, 5, 6, 7, 8], [0, 1, 2, 3, 4, 5, 6, 7, 8], [0, 1, 2, 3, 4, 5, 6, 7, 8], [0, 1, 2, 3, 4, 5, 6, 7, 8], [0, 1, 2, 3, 4, 5, 6, 7, 8], [0, 1, 2, 3, 4, 5, 6, 7, 8], [0, 1, 2, 3, 4, 5, 6, 7, 8], [0, 1, 2, 3, 4, 5, 6, 7, 8], [0, 1, 2, 3, 4, 5, 6, 7, 8], [0, 1, 2, 3, 4, 5, 6, 7, 8]]",sidecar,True,calib_importance_sep_tail,0
gqa,fullload,FullLoad,1.0,full,n494918,201185738,Is the person that is not tall wearing gloves?,No,"[""no""]",1.0,1939,2,calib_importance_sep_tail,4,fullload,,498.8462982000783,,,847.2113700117916,852.366468985565,19.517699955031276,871.8841689405963,1233125376,2368,64,,799.9480641447008,,,1.0,1.0,null,0.0,,1233125376,0,64,0,1233125376,19267584.0,19267584.0,0.0,,,,,null,,,,0
gqa,layout_prefix_chunk,Layout+Prefix,0.25,chunk,n494918,201185738,Is the person that is not tall wearing gloves?,No,"[""no""]",1.0,1939,2,calib_importance_sep_tail,4,prefix,0.2211850369349122,169.41417392808944,54.36864832881838,260.6162989977747,41.66876000817865,302.3460629628971,18.266112077981234,320.61217504087836,327155712,576,65,200.0729445135221,0.0,9.0,37,0.24324324324324326,0.2653061224489796,"[0.2653061224489796, 0.2653061224489796, 0.2653061224489796, 0.2653061224489796, 0.2653061224489796, 0.2653061224489796, 0.2653061224489796, 0.2653061224489796, 0.2653061224489796, 0.2653061224489796, 0.2653061224489796, 0.2653061224489796, 0.2653061224489796, 0.2653061224489796, 0.2653061224489796, 0.2653061224489796, 0.2653061224489796, 0.2653061224489796, 0.2653061224489796, 0.2653061224489796, 0.2653061224489796, 0.2653061224489796, 0.2653061224489796, 0.2653061224489796, 0.2653061224489796, 0.2653061224489796, 0.2653061224489796, 0.2653061224489796, 0.2653061224489796, 0.2653061224489796, 0.2653061224489796, 0.2653061224489796]",0.0,288,301989888,25165824,64,1,327155712,5033164.8,4718592.0,25165824.0,0,0,0,prefix,"[[0, 1, 2, 3, 4, 5, 6, 7, 8], [0, 1, 2, 3, 4, 5, 6, 7, 8], [0, 1, 2, 3, 4, 5, 6, 7, 8], [0, 1, 2, 3, 4, 5, 6, 7, 8], [0, 1, 2, 3, 4, 5, 6, 7, 8], [0, 1, 2, 3, 4, 5, 6, 7, 8], [0, 1, 2, 3, 4, 5, 6, 7, 8], [0, 1, 2, 3, 4, 5, 6, 7, 8], [0, 1, 2, 3, 4, 5, 6, 7, 8], [0, 1, 2, 3, 4, 5, 6, 7, 8], [0, 1, 2, 3, 4, 5, 6, 7, 8], [0, 1, 2, 3, 4, 5, 6, 7, 8], [0, 1, 2, 3, 4, 5, 6, 7, 8], [0, 1, 2, 3, 4, 5, 6, 7, 8], [0, 1, 2, 3, 4, 5, 6, 7, 8], [0, 1, 2, 3, 4, 5, 6, 7, 8], [0, 1, 2, 3, 4, 5, 6, 7, 8], [0, 1, 2, 3, 4, 5, 6, 7, 8], [0, 1, 2, 3, 4, 5, 6, 7, 8], [0, 1, 2, 3, 4, 5, 6, 7, 8], [0, 1, 2, 3, 4, 5, 6, 7, 8], [0, 1, 2, 3, 4, 5, 6, 7, 8], [0, 1, 2, 3, 4, 5, 6, 7, 8], [0, 1, 2, 3, 4, 5, 6, 7, 8], [0, 1, 2, 3, 4, 5, 6, 7, 8], [0, 1, 2, 3, 4, 5, 6, 7, 8], [0, 1, 2, 3, 4, 5, 6, 7, 8], [0, 1, 2, 3, 4, 5, 6, 7, 8], [0, 1, 2, 3, 4, 5, 6, 7, 8], [0, 1, 2, 3, 4, 5, 6, 7, 8], [0, 1, 2, 3, 4, 5, 6, 7, 8], [0, 1, 2, 3, 4, 5, 6, 7, 8]]",sidecar,True,calib_importance_sep_tail,0
