model,phase,arm,image_id,physical_write_id,persistence_ms,os_write_bytes,os_write_calls,N,stored_k,content_retention,activation_ms,D2H_ms,repack_ms,permutation_ms,serialization_ms,write_ms,fsync_ms,hash_and_seal_ms
llava,smoke,fullload,n355567,7c9f19a5-2e4f-4df4-b2b3-d4f0a69ea881,1700.2176870591938,1213767682,106,2112,2112,1.0,587.0073391124606,99.51729979366064,0.0,0,,403.3493991009891,472.0302000641823,630.5056642740965
llava,smoke,A,n355567,81b3c9c7-b425-41c5-b104-6139cb6caf7a,1551.2489140965044,1143557158,78,2112,2112,1.0,556.6179282031953,92.55471685901284,36.58738173544407,0.6005098111927509,47.39882005378604,376.8468317575753,407.6722962781787,576.6280791722238
llava,smoke,B,n355567,280835a6-272a-42da-8cf7-1b183541c9b1,596.1004258133471,296328060,81,2112,528,0.25,156.14172583445907,88.9639644883573,40.568286553025246,0.5817771889269352,10.818677954375744,101.9556699320674,162.56693936884403,178.6475097760558
llava,smoke,fullload,n9181,9c5f5dcc-754c-4172-bae4-bf2df6494500,1793.9387601800263,1338025934,106,2304,2304,1.0,653.1229042448103,107.99214849248528,0.0,0,,452.324949670583,416.01687297225,706.8402580916882
llava,smoke,A,n9181,e0643351-57a1-48ad-a04c-3e9d241f8fc9,1642.5372203812003,1261004016,79,2304,2304,1.0,614.2417551018298,100.50956020131707,41.01283382624388,0.6477129645645618,52.31135617941618,413.2949551567435,387.26531248539686,631.921230815351
llava,smoke,B,n9181,fd388296-28cc-4d6e-a979-2dfe3a5f3167,630.6774979457259,329890890,82,2304,576,0.25,169.65593118220568,95.80637142062187,45.85028486326337,0.6197779439389706,11.716099455952644,110.92787235975266,159.9514284171164,191.58981880173087
llava,smoke,A,n390187,0e5f2564-3788-4155-a1dc-1247b5520843,1646.7271391302347,1210669580,79,2208,2208,1.0,621.0223599337041,136.34698232635856,49.58570655435324,0.6201812066137791,59.24172280356288,413.8508513569832,328.15891318023205,638.3393537253141
llava,smoke,B,n390187,184fa9ca-f8c9-4f89-8a21-d7de647c469c,646.3179150596261,317304351,81,2208,552,0.25,166.20611166581511,99.46522116661072,43.33074018359184,0.5891588516533375,11.231414508074522,109.4770017080009,172.11448401212692,189.7357739508152
llava,smoke,fullload,n390187,0661d254-4141-4dd4-a4be-55eba7e7a196,1637.2557817958295,1284547695,106,2208,2208,1.0,615.0059453211725,104.96614407747984,0.0,0,,421.1589340120554,349.1984927095473,655.4351793602109
llava,smoke,B,n133585,20c6f57f-5071-49b2-94f4-a72bfbc06926,589.4757891073823,296328082,81,2112,528,0.25,160.36797408014536,88.20106741040945,39.25235755741596,0.6053890101611614,10.294877458363771,109.74029032513499,135.2798556908965,194.52018197625875
llava,smoke,fullload,n133585,38766347-3bfc-4b59-b607-c346270c8769,1557.9765788279474,1213767683,106,2112,2112,1.0,595.6517639569938,96.8920262530446,0.0,0,,408.0402962863445,317.11664889007807,640.5579461716115
llava,smoke,A,n133585,cfe1696a-c831-40e8-8bec-79ff1ead4206,2290.0429628789425,1143557153,78,2112,2112,1.0,557.2230517864227,94.84843071550131,39.57226546481252,0.5649179220199585,49.21125201508403,378.10804415494204,1137.7263339236379,575.7427928037941
llava,gqa,fullload,n355567,4e20335a-52b7-4cc7-86b4-4243ebf40fd7,1910.012691281736,1213767683,106,2112,2112,1.0,588.8155200518668,97.09910629317164,0.0,0,,400.27450025081635,671.0945931263268,647.199182305485
llava,gqa,A,n355567,f3584822-332f-492c-b3ff-4c07cd5ac298,2729.503219947219,1143557156,78,2112,2112,1.0,558.4468389861286,92.92708802968264,36.62223136052489,0.5680457688868046,44.88154128193855,370.76412606984377,1589.8215086199343,581.3873652368784
llava,gqa,B,n355567,d0f993a6-0db5-458e-a1be-ea22f1af4d01,760.7457800768316,296328058,81,2112,528,0.25,150.76345996931195,89.99590296298265,40.014099795371294,0.5881078541278839,10.29954943805933,98.2728973031044,335.33563930541277,174.6089099906385
llava,gqa,fullload,n9181,e78ba0d1-b986-49b1-9139-b66c00fd6112,1983.4941998124123,1338025933,106,2304,2304,1.0,641.9206140562892,108.54467703029513,0.0,0,,448.6511396244168,615.1062068529427,695.2326009050012
llava,gqa,A,n9181,f4f9a870-e958-4b2f-b584-d38d9affd77c,1724.6950240805745,1261004016,79,2304,2304,1.0,617.5324590876698,95.46684985980392,40.76745454221964,0.6398363038897514,52.88247624412179,408.53045228868723,481.14082170650363,630.9889550320804
llava,gqa,B,n9181,37fbb51b-3d37-40bb-9bc1-658c2490b658,654.1398200206459,329890886,82,2304,576,0.25,166.50387831032276,95.80954071134329,44.51118176802993,0.6101778708398342,11.934088543057442,111.70001840218902,185.24934723973274,190.66434586420655
llava,gqa,A,n390187,af06192b-eb07-49bc-b691-b1ffb5ec9f3a,2810.692821163684,1210669585,79,2208,2208,1.0,601.5230929479003,92.1969530172646,38.54229627177119,0.6083217449486256,47.29235311970115,403.1245792284608,1590.9893680363894,623.1360561214387
llava,gqa,B,n390187,6af0d9a3-8045-4141-ae8e-f6b385b349fd,679.2492219246924,317304352,81,2208,552,0.25,161.3094499334693,91.94917604327202,42.810384184122086,0.6120889447629452,11.09660742804408,104.87025510519743,221.0649661719799,193.06744122877717
llava,gqa,fullload,n390187,b14a1f92-775e-4d30-b93b-f106db202457,1797.61094879359,1284547694,106,2208,2208,1.0,609.356724191457,101.65384458377957,0.0,0,,416.6664443910122,531.4891883172095,643.0479609407485
llava,gqa,B,n133585,6829a7cb-69eb-44fa-b7ac-26bfd4e9cbb4,693.9905411563814,296328083,81,2112,528,0.25,158.91269780695438,89.50574696063995,39.89287279546261,0.5998150445520878,10.79862890765071,105.04856333136559,246.10551074147224,189.79886267334223
llava,gqa,fullload,n133585,fdf4d5ac-5722-427e-8031-ceef1027c5d7,1876.8458273261786,1213767682,106,2112,2112,1.0,577.0734408870339,98.96471863612533,0.0,0,,398.5095708630979,662.6502750441432,623.0668178759515
llava,gqa,A,n133585,35111cfc-728d-4b47-8a86-8376925855b0,1656.6044087521732,1143557155,78,2112,2112,1.0,552.8796999715269,91.30443586036563,37.851354107260704,0.5963542498648167,47.36624797806144,371.2602281011641,523.9142561331391,570.8994120359421
llava,gqa,fullload,n272098,fb2a4ba8-613d-41e1-8ccb-f0b58e1d8f1d,3549.194752238691,1658895378,107,2880,2880,1.0,800.1287691295147,139.22818889841437,0.0,0,,552.0951496437192,1873.2589576393366,836.2347050569952
llava,gqa,A,n272098,5a416501-4401-4936-a8c6-d4622925709e,2293.683380354196,1563010605,80,2880,2880,1.0,756.304498296231,125.70524774491787,54.28423173725605,0.7720291614532471,68.27612081542611,513.3581990376115,744.495052844286,770.1815068721771
llava,gqa,B,n272098,c48b8118-0ebc-48f2-9f4c-a55add416593,802.4266790598631,405410837,83,2880,720,0.25,211.90560096874833,120.93211943283677,57.75574967265129,0.7475870661437511,15.76196774840355,140.7963722012937,234.76416058838367,216.96655498817563
llava,gqa,fullload,n472825,f637f02e-58f7-4e95-a401-c9571924bb25,2273.9287870936096,1325049606,106,2304,2304,1.0,649.5990711264312,107.66146332025528,0.0,0,,448.54838168248534,917.0117606408894,696.3533367961645
llava,gqa,A,n472825,74e22cf1-d836-4bad-85f9-eb2326dc1485,1919.7143521159887,1248420457,79,2304,2304,1.0,602.9368420131505,95.81709699705243,40.73483124375343,0.6249728612601757,52.56000533699989,408.2606374286115,679.1625926271081,628.9746509864926
llava,gqa,B,n472825,6f57220c-d127-43d3-8fc4-e33011f841b4,625.5278931930661,323598770,81,2304,576,0.25,166.84978315606713,95.489542465657,43.70397236198187,0.6331303156912327,12.022088281810284,106.65614297613502,181.77187535911798,173.28988621011376
llava,gqa,A,n450919,21c2f0f3-9b9c-4c29-bd35-cc524e06128d,2632.1150199510157,1261004016,79,2304,2304,1.0,634.0594878420234,114.33132318779826,47.176200430840254,0.6338641978800297,55.36695150658488,428.3594652079046,1310.7036580331624,657.7873649075627
llava,gqa,B,n450919,b865e263-3604-48b6-9841-d82fe03a97c2,741.7953801341355,329890893,82,2304,576,0.25,171.99499811977148,96.23106615617871,43.39087288826704,0.6555509753525257,11.341417208313942,114.61400194093585,260.86350390687585,194.37659066170454
llava,gqa,fullload,n450919,f593faa9-4b33-4c5d-9a8b-80a7879414e4,2017.5959239713848,1338025936,106,2304,2304,1.0,647.2583999857306,107.5471518561244,0.0,0,,443.3216452598572,705.202798359096,653.8179651834071
llava,gqa,B,n37274,242041b7-eb46-4cdc-a7c2-ed828d8e7efe,1047.934418078512,323598671,81,2304,576,0.25,173.54851914569736,103.03871147334576,45.334442518651485,0.6218696944415569,11.54370466247201,117.79199866577983,551.4196404255927,204.776369035244
llava,gqa,fullload,n37274,0ca2b9a5-02eb-49cf-a043-972e22accae4,2420.472573954612,1325049604,106,2304,2304,1.0,648.2269810512662,109.57778850570321,0.0,0,,446.3149751536548,1088.9733177609742,673.8705658353865
llava,gqa,A,n37274,10f7fb67-23da-4761-920b-6dae75a205eb,1963.533422909677,1248420449,79,2304,2304,1.0,611.3512571901083,115.83982035517693,50.672536715865135,0.6337687373161316,59.575675055384636,409.8626924678683,700.7989585399628,610.5849537998438
llava,gqa,fullload,n293477,000b5cd8-36f5-47a6-b9f0-35474d6671b3,3135.2132451720536,1325049606,106,2304,2304,1.0,657.843979075551,108.34596632048488,0.0,0,,451.1712295934558,1774.154487065971,697.8857438080013
llava,gqa,A,n293477,b866a80a-a675-410c-ad67-6f9deafdbe41,1851.5501213259995,1248420450,79,2304,2304,1.0,618.7511119060218,126.24513171613216,50.9627521969378,0.684098806232214,64.44080220535398,411.2671334296465,548.6693661659956,632.4605289846659
llava,gqa,B,n293477,fb922282-0148-4871-8eb7-e50996655751,643.7162957154214,323598797,81,2304,576,0.25,165.87301809340715,95.6504256464541,42.76711354032159,0.6500477902591228,10.721376165747643,111.29973083734512,181.29975395277143,188.25630890205503
llava,gqa,fullload,n44249,363dcb42-f80f-48a2-a1b7-ed7adb231873,2263.4933441877365,1213767681,106,2112,2112,1.0,606.104105245322,97.78776997700334,0.0,0,,408.1850959919393,1010.6125194579363,650.7852911017835
llava,gqa,A,n44249,37965768-71cb-436d-830f-1e7dda70f70a,1741.4364241994917,1143557157,78,2112,2112,1.0,554.5728970319033,87.79100282117724,34.68861524015665,0.6052860990166664,46.25150095671415,372.53839056938887,601.537142880261,585.2760011330247
llava,gqa,B,n44249,d7e93d3f-201a-4b3e-a3be-41db5617981d,641.1043386906385,296328168,81,2112,528,0.25,152.4726520292461,91.35030768811703,39.61923159658909,0.5758968181908131,9.988381993025541,101.32615407928824,202.78367633000016,178.54258697479963
llava,gqa,A,n331357,5bffa92e-0424-47dc-9749-0b0b3c33f4f6,2485.2519799023867,1091125504,78,2016,2016,1.0,552.7478787116706,87.96197036281228,32.63569250702858,0.5600592121481895,42.48784249648452,373.070094268769,1367.4805271439254,564.3135099671781
llava,gqa,B,n331357,407c183c-35f0-4cc2-850e-ea1c62d88e4f,817.3106391914189,282692842,80,2016,504,0.25,147.3278608173132,85.38418216630816,36.45880566909909,0.5919239483773708,9.122918825596571,97.55910513922572,394.58610909059644,178.74556919559836
llava,gqa,fullload,n331357,4a0c60f4-8b50-4a53-a38f-b4336d7c3e5d,2047.5185681134462,1158126721,106,2016,2016,1.0,546.9917580485344,92.01624803245068,0.0,0,,378.57672153040767,871.0890207439661,591.7208343744278
llava,gqa,B,n51002,5ff9afee-f434-4358-b5ab-3748c4795382,967.0220823027194,296328135,81,2112,528,0.25,159.42412335425615,87.81309425830841,39.107643999159336,0.5842647515237331,9.877217002213001,104.69058016315103,521.1747731082141,191.64504716172814
llava,gqa,fullload,n51002,a3b19c5d-2890-4663-b610-c66faeb6cc6b,2127.4396968074143,1213767682,106,2112,2112,1.0,591.2166498601437,99.49191147461534,0.0,0,,405.7336491532624,896.4573619887233,631.688151974231
llava,gqa,A,n51002,55d1733e-f23f-4271-a5c1-636fa27086e5,1746.720743831247,1143557157,78,2112,2112,1.0,559.7085999324918,91.91596647724509,34.9566787481308,0.615936703979969,46.053852420300245,374.09578217193484,597.4695645272732,584.6072351559997
llava,gqa,fullload,n244826,ea5bc529-693e-4563-8f52-430566095a0f,1924.2536937817931,1102485758,106,1920,1920,1.0,549.1300751455128,84.24499211832881,0.0,0,,376.5456327237189,831.0265694744885,542.6406785845757
llava,gqa,A,n244826,a54305b3-4b99-44a3-83ff-4c65c6e59d65,1589.7566359490156,1038693599,77,1920,1920,1.0,503.1798779964447,84.21774301677942,29.459617100656033,0.53360965102911,39.16082112118602,342.98753505572677,535.9334317035973,541.6795429773629
llava,gqa,B,n244826,64e3e4b5-3b5e-47b6-b358-690b351d1241,585.2749459445477,269057199,79,1920,480,0.25,139.62674606591463,83.06839782744646,33.32325350493193,0.5551320500671864,8.768079802393913,94.48460536077619,204.92119994014502,149.00378417223692
llava,gqa,fullload,n470131,3e832726-c53b-4eb4-959d-86addd25df44,1678.622315172106,1213767682,106,2112,2112,1.0,607.2345222346485,98.80830300971866,0.0,0,,412.21731062978506,437.8520813770592,632.7080400660634
llava,gqa,A,n470131,4c20b6fc-c436-44aa-8f14-0b308811c398,1859.3072942458093,1143557153,78,2112,2112,1.0,558.9084741659462,93.23510946705937,35.319382790476084,0.6064358167350292,45.803184155374765,378.21050034835935,700.4463775083423,588.2824989967048
llava,gqa,B,n470131,ec6abadf-3f83-4caf-bf78-0a528b5726a9,621.234827209264,296328139,81,2112,528,0.25,154.50364584103227,87.6541817560792,38.49548613652587,0.6119869649410248,9.738994296640158,101.62265319377184,182.12865246459842,185.0158958695829
llava,gqa,A,n195249,070113d6-09aa-4365-8902-7df02c74a449,1381.505270022899,986261940,77,1824,1824,1.0,497.64347774907947,86.88655309379101,32.06156427040696,0.5255048163235188,38.588009774684906,341.15170827135444,346.7756840400398,523.0578761547804
llava,gqa,B,n195249,bd0ece3d-f168-42b9-a829-0797aa6a6881,609.8514818586409,255421929,79,1824,456,0.25,133.60763294622302,80.16109745949507,33.3261271007359,0.5167028866708279,8.729255758225918,90.3295106254518,237.1949371881783,148.80686672404408
llava,gqa,fullload,n195249,c8c238de-e5d6-443c-bd3b-4bfe381256fd,1828.4756168723106,1046844796,106,1824,1824,1.0,493.14119666814804,83.47503654658794,0.0,0,,345.4191293567419,775.3645488992333,542.6503708586097
llava,gqa,B,n281241,a0a3b78c-1f6c-4dfd-872e-bef5699ac5f7,650.1034288667142,304717631,81,2112,528,0.25,165.96051212400198,90.1568653061986,38.643164560198784,0.606810674071312,9.493396151810884,110.36578053608537,185.30355161055923,196.48492895066738
llava,gqa,fullload,n281241,fe95642e-4fb5-42d3-9d26-34a45f7c34c5,1705.5722582153976,1231069454,106,2112,2112,1.0,607.6535717584193,98.04159076884389,0.0,0,,409.5770036801696,465.9846117720008,633.5113062523305
llava,gqa,A,n281241,eaff935a-0906-46dc-aa48-79c696d6f35d,2425.3982165828347,1160335150,78,2112,2112,1.0,570.5599719658494,93.58479641377926,34.08949309960008,0.6019612774252892,43.94942428916693,380.616522859782,1291.8208274058998,557.6104922220111
llava,gqa,fullload,n90294,3e08915b-6b2f-4024-b09a-679297539bed,2052.5058368220925,1325049606,106,2304,2304,1.0,658.9410030283034,110.16208119690418,0.0,0,,453.0714685097337,702.1794668398798,684.1158978641033
llava,gqa,A,n90294,1d86edb2-06b6-478d-9123-16dec7a16719,1780.6128966622055,1248420453,79,2304,2304,1.0,614.2085208557546,113.19113941863179,48.479313030838966,0.659978948533535,60.382765252143145,410.6491548009217,518.5698913410306,612.210938706994
llava,gqa,B,n90294,112ee182-4c18-4002-b27b-14d4b209ce8b,1047.2959280014038,323598782,81,2304,576,0.25,165.06720567122102,96.93699516355991,43.881877325475216,0.635604839771986,11.507454328238964,109.01170456781983,571.9324820674956,198.82153905928135
llava,gqa,fullload,n16425,5b78ca43-3c74-4bd4-a2ed-ecde0c012c9f,3287.0832700282335,1380690567,107,2400,2400,1.0,685.7710708864033,113.20581519976258,0.0,0,,469.42755533382297,1887.6834376715124,709.2329720035195
llava,gqa,A,n16425,0cdf3d77-31fd-4a8c-a43b-8b876dcb9ff9,1939.9194647558033,1300852102,79,2400,2400,1.0,642.6296457648277,121.91307358443737,51.46974744275212,0.6689578294754028,65.55172335356474,424.9580381438136,599.0702332928777,660.2003090083599
llava,gqa,B,n16425,51ea2b4b-c830-4fd5-b665-3dff773b1865,691.3078762590885,337234088,82,2400,600,0.25,172.75027791038156,100.90068262070417,45.34930409863591,0.6831898353993893,11.850450653582811,112.82640742138028,202.27804919704795,204.38872324302793
llava,gqa,A,n527589,034ebd6d-fa07-4622-aa1f-74a796283065,1980.8461642824113,1248420457,79,2304,2304,1.0,632.9421661794186,107.88404708728194,47.410144936293364,0.6398260593414307,60.81196991726756,421.372686047107,692.4036759883165,632.9622990451753
llava,gqa,B,n527589,674b325e-73ab-47d1-b7b4-93e7eafe2d14,790.9297258593142,323598679,81,2304,576,0.25,169.1764872521162,95.01142939552665,44.29965419694781,0.6483960896730423,11.486591771245003,111.87557503581047,321.696690749377,192.9642059840262
llava,gqa,fullload,n527589,20407c7d-5c1d-4c84-ab79-411705f918ee,2129.843725822866,1325049607,106,2304,2304,1.0,637.4348769895732,107.39504592493176,0.0,0,,438.58662992715836,813.9434005133808,669.2207413725555
llava,gqa,B,n262929,7f692177-b145-4659-b8c2-c4fb37bb37cd,665.964727755636,304717603,81,2112,528,0.25,161.95079730823636,94.88424938172102,42.13605960831046,0.6013042293488979,11.432527098804712,112.67154989764094,186.36604910716414,197.32104940339923
llava,gqa,fullload,n262929,838dc0ba-8715-4bb1-a91c-3709e0be99da,1719.1589339636266,1231069454,106,2112,2112,1.0,604.4621830806136,98.90914568677545,0.0,0,,413.02805161103606,472.77630353346467,634.131845086813
llava,gqa,A,n262929,da5d6885-55fd-46a3-9007-af5ea0ffd8e5,2221.9599368982017,1160335145,78,2112,2112,1.0,567.9924339056015,92.5953071564436,34.981739707291126,0.635100994259119,44.94515247642994,381.6430913284421,1075.822594575584,568.1820507161319
llava,gqa,fullload,n48494,08a5bead-c7dc-47c0-b259-e8c8f5b6a5e7,1363.0599090829492,830769110,105,1440,1440,1.0,400.25210240855813,64.04009787365794,0.0,0,,283.05691480636597,501.8069907091558,446.4830490760505
llava,gqa,A,n48494,070ee2c9-7a74-45ae-aae5-dcc41f27e53a,1196.1806588806212,782826998,75,1440,1440,1.0,376.1309520341456,65.01021329313517,22.307224571704865,0.44798199087381363,27.981600258499384,258.1854769960046,406.699204351753,403.1191081739962
llava,gqa,B,n48494,afc8aabb-3591-43da-98fa-ec5f6fab224a,441.16709707304835,204026613,77,1440,360,0.25,105.19573977217078,61.927990056574345,24.246494751423597,0.3994470462203026,6.167425308376551,70.8164619281888,135.6041501276195,131.67530205100775
llava,gqa,fullload,n58220,6745d978-e119-4a64-89e3-cf35cf9fb299,3315.5901981517673,1325049605,106,2304,2304,1.0,645.2847868204117,106.99217906221747,0.0,0,,444.840129930526,1979.2985483072698,678.9377299137414
llava,gqa,A,n58220,b00bef4c-2e69-43bb-be61-c85270b809fd,1952.4622918106616,1248420454,79,2304,2304,1.0,611.9628171436489,111.99986282736063,46.56797554343939,0.6540860049426556,59.67170698568225,408.21187384426594,681.9719122722745,627.9383120127022
llava,gqa,B,n58220,534d375d-ae67-462a-9d43-77d29ef0cc92,662.4389849603176,323598779,81,2304,576,0.25,163.54072699323297,96.07875673100352,42.82557312399149,0.6145159713923931,10.675800032913685,111.60143557935953,200.49489056691527,186.8616291321814
llava,gqa,A,n522733,4053d58a-387f-4298-9bb0-e2c56d2e3dce,2157.924856990576,1248420448,79,2304,2304,1.0,629.6103126369417,115.12536462396383,49.47995161637664,0.617950689047575,64.68675192445517,414.2337809316814,842.9998885840178,652.8064180165529
llava,gqa,B,n522733,5f7671ec-0b3b-4666-a515-aca618fe0656,693.140841089189,323598770,81,2304,576,0.25,166.5853140875697,95.26713704690337,43.09180052950978,0.6254180334508419,10.846239048987627,110.87940400466323,220.21049307659268,198.6493426375091
llava,gqa,fullload,n522733,e0c25638-f81f-4edb-bccd-6e88e75ee3ce,1902.8076683171093,1325049607,106,2304,2304,1.0,642.8536153398454,106.74312384799123,0.0,0,,440.7423376105726,628.3101667650044,625.5243150517344
llava,gqa,B,n199286,ba7b71d9-52b3-41fe-8e4a-90052b987a3c,804.807904176414,309963435,81,2208,552,0.25,165.19478196278214,91.84014378115535,40.927841793745756,0.6139790639281273,10.59927511960268,109.84152322635055,343.6639760620892,195.18596911802888
llava,gqa,fullload,n199286,df01d3f5-ef3b-4793-8a3f-8254bfdcd7f4,2435.9488179907203,1269408644,106,2208,2208,1.0,620.8579386584461,106.63691302761436,0.0,0,,420.5102464184165,1161.2683511339128,650.9693930856884
llava,gqa,A,n199286,c97708fa-275f-4015-9de4-eefd5f63ae7a,1824.1495043039322,1195988802,79,2208,2208,1.0,585.3119068779051,111.69781722128391,45.11860106140375,0.6670770235359669,56.45824735984206,391.91586896777153,598.9653649739921,602.3942548781633
llava,gqa,fullload,n298104,88829c41-1a9b-4b19-a7fe-bae7156006a2,2689.1770139336586,1231069455,106,2112,2112,1.0,601.5828801319003,95.87177820503712,0.0,0,,408.9597398415208,1446.3492636568844,638.7995341792703
llava,gqa,A,n298104,2daa4e9c-e030-4f23-99ff-311b82119c2c,1885.455439798534,1160335154,78,2112,2112,1.0,568.1741153821349,92.3085818067193,36.39225335791707,0.5855639465153217,46.2066656909883,379.61719650775194,712.6996861770749,593.7345833517611
llava,gqa,B,n298104,c4ebca73-1f38-4f98-a09f-833ad61bd757,632.3415008373559,304717634,81,2112,528,0.25,156.6562568768859,90.15863202512264,39.207096211612225,0.5842000246047974,10.09574020281434,102.56536165252328,191.08002353459597,179.0716489776969
llava,gqa,fullload,n166008,56bb2500-af20-47c8-829b-23a522a0662f,2601.686591748148,1325049607,106,2304,2304,1.0,641.1872510798275,108.34363987669349,0.0,0,,445.52986416965723,1304.8605546355247,637.6420860178769
llava,gqa,A,n166008,c65efbda-6896-4216-bcec-11ba13c71f7c,2832.4337247759104,1248420454,79,2304,2304,1.0,613.360826857388,110.97711184993386,47.16777103021741,0.6580902263522148,58.26035141944885,407.78621146455407,1549.8111606575549,642.0478112995625
llava,gqa,B,n166008,4f06b10e-185d-4dd4-8f3e-b136ec99fbd2,710.3071580640972,323598696,81,2304,576,0.25,163.7002769857645,95.42828798294067,42.98387560993433,0.6363140419125557,11.220335029065609,107.25401202216744,253.9097829721868,186.48799322545528
llava,gqa,A,n67005,c9125d90-2781-4a9a-ae1d-5ff2c7540ac2,2322.06454873085,1261004017,79,2304,2304,1.0,625.9060432203114,105.42442882433534,46.12167086452246,0.6345952861011028,53.94012946635485,421.0091335698962,1046.072964090854,631.5326038748026
llava,gqa,B,n67005,ce9ad1f5-f817-4801-b60a-d9202b54dc86,903.2219401560724,329890940,82,2304,576,0.25,169.4006510078907,95.98026797175407,43.65003248676658,0.6154468283057213,11.206663679331541,113.47812786698341,418.294679839164,200.9010729379952
llava,gqa,fullload,n67005,7ee191e8-0c2b-42b3-8850-e1062e8a39de,2250.956427305937,1338025934,106,2304,2304,1.0,642.8485726937652,109.0271258726716,0.0,0,,442.1439985744655,925.7990447804332,666.9890210032463
llava,gqa,B,n154856,e4ff1447-099c-45cf-b0d0-34a99bcb2a26,527.1316980943084,204026589,77,1440,360,0.25,110.78923102468252,62.62308405712247,24.060280993580818,0.43949298560619354,6.404170300811529,78.19818751886487,212.71840203553438,131.96054007858038
llava,gqa,fullload,n154856,e9bc8e09-3388-4358-9eee-bf0cc4b83316,1520.033003296703,830769111,105,1440,1440,1.0,397.0243143849075,61.992479022592306,0.0,0,,275.50546592101455,665.6199810095131,449.65626019984484
llava,gqa,A,n154856,b31b54e9-969a-43d1-a106-ba48a8a81c1f,1187.652395106852,782826999,75,1440,1440,1.0,372.6337254047394,65.43739465996623,22.657907102257013,0.44310372322797775,28.552903793752193,256.31089974194765,393.36239779368043,409.2778731137514
llava,gqa,fullload,n567860,16cf878f-f3e5-402d-962e-b6aebec7424f,2328.6804710514843,1325049606,106,2304,2304,1.0,656.763237901032,107.5379941612482,0.0,0,,446.011355612427,997.3706151358783,671.4752539992332
llava,gqa,A,n567860,c55e86f8-2a6b-4392-b9a0-5709db94516f,1817.387533839792,1248420454,79,2304,2304,1.0,610.930432099849,120.33492513000965,50.71528162807226,0.6010280922055244,64.78907959535718,410.2524514310062,521.6769366525114,633.0161863006651
llava,gqa,B,n567860,d912977d-4a2e-4c0f-838b-6cbc0f5bf763,661.7544400505722,323598743,81,2304,576,0.25,164.5877710543573,97.36719727516174,43.88985317200422,0.6245952099561691,11.43163163214922,109.40101277083158,191.7653027921915,194.61116008460522
llava,gqa,fullload,n314171,0115fdb0-7b42-4f15-88d1-23e3e7fcb43b,1660.4980588890612,1231069454,106,2112,2112,1.0,607.104578986764,96.17622010409832,0.0,0,,413.1468632258475,432.68694542348385,618.8219827599823
llava,gqa,A,n314171,64650e3f-ec10-4efd-9814-0e1b5d45f870,1821.0930190980434,1160335149,78,2112,2112,1.0,565.0273482315242,93.71406212449074,37.36490989103913,0.6054108962416649,47.985296696424484,380.92179177328944,665.7350086607039,573.3336317352951
llava,gqa,B,n314171,bd92a9e8-97bd-4c2a-9dd5-b69aa68f05c0,784.1084892861545,304717607,81,2112,528,0.25,154.70240777358413,88.60494568943977,39.24304526299238,0.5873348563909531,10.241412092000246,102.97599108889699,332.6178891584277,190.19998889416456
llava,gqa,A,n437064,328a686f-91bf-425a-8c67-08b5601743ea,1803.5606490448117,1143557155,78,2112,2112,1.0,564.6860608831048,95.74141399934888,43.24701288715005,0.6384020671248436,48.65025216713548,382.734889164567,632.5753759592772,584.5815758220851
llava,gqa,B,n437064,ab197f1a-cb4c-467a-aea9-66dd492f26c6,614.882614929229,296328110,81,2112,528,0.25,153.73489540070295,87.40990236401558,37.28181775659323,0.5836975760757923,9.421664290130138,100.9206804446876,190.87315257638693,177.06067534163594
llava,gqa,fullload,n437064,22226251-69ce-45cd-a138-d22bebbabe6a,3189.3266499973834,1213767682,106,2112,2112,1.0,583.7044180370867,96.80706029757857,0.0,0,,395.7317811436951,1983.3000390790403,618.7715018168092
llava,gqa,B,n498140,b36585ab-a26e-44f6-a8fb-7cf70188eb41,811.2560310401022,296328169,81,2112,528,0.25,159.3188140541315,88.04119098931551,37.96520549803972,0.6288429722189903,9.720596950501204,105.94464559108019,367.0317973010242,190.277268178761
llava,gqa,fullload,n498140,86a2ad34-316e-40ad-9bfd-32e12e47f6f0,2062.7140919677913,1213767683,106,2112,2112,1.0,575.2544738352299,87.6492140814662,0.0,0,,401.79129783064127,865.5049777589738,613.011181820184
llava,gqa,A,n498140,56b4fcd8-19cb-4233-8ee7-6d4b1fb3bd5a,1701.454633846879,1143557158,78,2112,2112,1.0,555.7517372071743,88.00068823620677,33.2423597574234,0.5809459835290909,44.321715366095304,366.23012693598866,590.566043742001,566.0306978970766
llava,gqa,fullload,n16656,6959263b-1136-4a67-9714-fe7c5a68f3ae,2031.8745239637792,1325049605,106,2304,2304,1.0,648.9308369345963,106.36901250109076,0.0,0,,443.9419317059219,690.8595617860556,686.2981510348618
llava,gqa,A,n16656,508d734f-cc6b-494a-8c43-75c423696dae,2367.4043361097574,1248420447,79,2304,2304,1.0,609.937712084502,99.7003405354917,45.953869353979826,0.6548007950186729,59.34184091165662,408.1488414667547,1114.8787797428668,625.1513906754553
llava,gqa,B,n16656,6bf835ce-3b23-4021-a634-cda04ab7d85f,654.6487929299474,323598711,81,2304,576,0.25,163.17734774202108,96.20509576052427,45.00974388793111,0.6459890864789486,11.466968804597855,108.85408660396934,189.42454922944307,187.2314652428031
llava,gqa,fullload,n329479,b6bb440a-07d6-4c88-b4e1-16ee32fbeff9,1645.4276270233095,1231069454,106,2112,2112,1.0,597.8486151434481,91.99878433719277,0.0,0,,412.34872257336974,423.7068174406886,612.9596969112754
llava,gqa,A,n329479,8ea64b48-8d98-40eb-a3e1-fbac51f1cef0,2292.5316598266363,1160335145,78,2112,2112,1.0,565.412166994065,93.0141732096672,35.16328940168023,0.5816128104925156,45.94906559213996,385.13592071831226,1117.840703111142,594.451209064573
llava,gqa,B,n329479,2b94682d-e19c-46ab-9401-79991faae09e,824.3123320862651,304717690,81,2112,528,0.25,156.71850135549903,89.10614298656583,38.495730608701706,0.6258739158511162,9.993537794798613,101.41154145821929,382.47095979750156,183.41766810044646
llava,gqa,A,n406334,de13c309-333e-4a96-8f0f-c6fb80c63668,1744.7199560701847,1143557154,78,2112,2112,1.0,565.5146548524499,87.93576713651419,34.04970280826092,0.565042719244957,43.48601493984461,385.8484420925379,579.9661809578538,599.9793438240886
llava,gqa,B,n406334,8b625ab6-29e9-42cb-8882-c823a7d0491a,630.3252871148288,296328167,81,2112,528,0.25,154.34952778741717,89.33563763275743,37.87066228687763,0.6045559421181679,9.76729765534401,100.05800100043416,196.47228065878153,184.43515012040734
llava,gqa,fullload,n406334,c01da71b-b76e-4918-9c30-d7f9bf4ec27e,1729.4147810898721,1213767683,106,2112,2112,1.0,571.4390822686255,87.42629596963525,0.0,0,,394.2295233719051,543.2784734293818,611.0383761115372
llava,gqa,B,n302387,a4c322dd-7d2b-401c-a0fb-82f0a4dea7b5,916.3668206892908,329890935,82,2304,576,0.25,174.9961618334055,98.45248097553849,45.30941694974899,0.6258678622543812,11.736799497157335,119.13329921662807,419.3900036625564,206.54529286548495
llava,gqa,fullload,n302387,4c588311-ec5d-414f-9000-e420b07b32fd,2646.066629793495,1338025936,106,2304,2304,1.0,650.4874350503087,107.22257988527417,0.0,0,,447.9247839190066,1287.0182925835252,697.2473389469087
llava,gqa,A,n302387,4c33fc70-415c-414a-9dca-39e1e99f797f,1975.961514748633,1261004012,79,2304,2304,1.0,615.615947637707,100.81870993599296,46.28599900752306,0.6435643881559372,57.75544932112098,415.266374591738,707.5055674649775,632.6358960941434
llava,gqa,fullload,n52544,171d35d1-dd30-400c-834c-22a5c305bca9,3111.6642677225173,1231069454,106,2112,2112,1.0,590.5749439261854,91.9295446947217,0.0,0,,409.84714264050126,1866.3702211342752,633.8224248029292
llava,gqa,A,n52544,a036cbfd-82a1-4ae4-9516-a23a865e3645,2034.0898050926626,1160335150,78,2112,2112,1.0,565.0949282571673,91.86252113431692,32.12516009807587,0.6059440784156322,43.50460972636938,371.4710222557187,880.4077096283436,593.0340318009257
llava,gqa,B,n52544,aad55b09-fc80-4f92-9f53-83bcdc3b7af1,625.1600557006896,304717658,81,2112,528,0.25,154.20843428000808,88.1185126490891,37.816730327904224,0.5997796542942524,9.670642204582691,101.69153707101941,189.69739601016045,178.9408577606082
llava,gqa,fullload,n540852,f032cee1-053e-49e1-a171-b7157c05dc98,3498.9290200173855,1498460658,107,2592,2592,1.0,735.129636246711,109.49493898078799,0.0,0,,506.7991311661899,1982.0926333777606,772.8927009738982
llava,gqa,A,n540852,25e9cc78-6105-4768-8a7f-e3f4b466680e,2156.6657167859375,1412007309,79,2592,2592,1.0,688.0920203402638,113.57129411771894,54.373573046177626,0.6913146935403347,67.77399452403188,476.4202148653567,723.1519743800163,704.3846980668604
llava,gqa,B,n540852,3b24ff0f-ee9a-4b9d-91cf-0764235ec6ad,721.2324449792504,367650927,82,2592,648,0.25,185.15280494466424,107.06893261522055,50.83781387656927,0.7220469415187836,13.751726131886244,121.8683049082756,221.08451323583722,191.40732195228338
llava,gqa,A,n234722,10206a20-ea90-4e1c-bd5d-57196d14d826,3964.1706449911,1248420455,79,2304,2304,1.0,623.0387073010206,96.33384644985199,45.647173188626766,0.6515937857329845,60.68769097328186,419.28871674463153,2684.223685413599,643.9110729843378
llava,gqa,B,n234722,9949b135-eb60-446d-a727-dda21cc643c8,848.9540787413716,323598744,81,2304,576,0.25,167.7526943385601,95.64908826723695,44.943973422050476,0.629582442343235,11.587206274271011,108.68654679507017,396.2381253950298,175.55633280426264
llava,gqa,fullload,n234722,5bdfd5d8-2602-42b2-999c-d769c288a902,2797.206799965352,1325049607,106,2304,2304,1.0,636.2797799520195,106.70250095427036,0.0,0,,437.3727533966303,1492.9746771231294,658.089894335717
llava,gqa,B,n494918,2663ba24-1af6-4a1d-8977-0670b5bf68af,871.4264300651848,329890988,82,2304,576,0.25,176.32648581638932,96.84002259746194,44.47838896885514,0.6612907163798809,11.256243102252483,117.17636557295918,381.15577353164554,205.96367679536343
llava,gqa,fullload,n494918,7832af5e-afb5-4d2f-ac9c-6a78a81c4f80,2613.8933300971985,1338025936,106,2304,2304,1.0,647.9148808866739,107.43484692648053,0.0,0,,446.0514918901026,1267.431370448321,684.4718903303146
llava,gqa,A,n494918,1e012bb6-cc74-45ff-9f78-ebb1f177a0e3,1958.0242149531841,1261004018,79,2304,2304,1.0,615.7764550298452,100.80198990181088,45.562732964754105,0.6484417244791985,57.572195306420326,414.1047606244683,685.1563616655767,639.020036906004
llava,mt,fullload,n130464,044a10ad-aa31-4f8a-b316-69d58af1dab6,2635.7541289180517,1325049605,106,2304,2304,1.0,650.9998291730881,107.73066570982337,0.0,0,,444.30531561374664,1286.5640362724662,693.7840259633958
llava,mt,A,n130464,7b57e0c9-7ee1-4eb0-8eb5-c1022d4f69a5,1966.2381270900369,1248420454,79,2304,2304,1.0,612.1670282445848,101.1018818244338,46.60866968333721,0.6374516524374485,59.04557975009084,407.6570849865675,712.7245864830911,625.6469888612628
llava,mt,B,n130464,1753e4e3-c55b-4a36-9530-45516a8b551b,652.3378021083772,323598756,81,2304,576,0.25,163.41887693852186,95.98465263843536,44.71140680834651,0.6069219671189785,11.32267527282238,108.2489020191133,188.44587029889226,187.45713541284204
llava,mt,fullload,n9856,e75570e7-86f1-4e87-a4ca-e5c418bc86d5,3465.955790132284,1231069452,106,2112,2112,1.0,600.2511461265385,92.44294557720423,0.0,0,,416.0968288779259,2201.362431049347,644.4043181836605
llava,mt,A,n9856,d9e667c3-5d2b-4d35-8aa2-67136d00770e,1729.028054047376,1160335148,78,2112,2112,1.0,566.9457237236202,94.40466715022922,33.489204943180084,0.5803671665489674,43.730394449085,379.725047852844,563.454988412559,591.6588851250708
llava,mt,B,n9856,b38e96c3-4ae5-4bd1-8b4f-401b6b8f8837,614.7864302620292,304717646,81,2112,528,0.25,154.9765169620514,88.24529964476824,38.9249543659389,0.6175627931952477,9.758991189301014,103.94636634737253,172.72655805572867,180.6402658112347
llava,mt,A,n470131,b6b586ee-44dc-4727-86a5-742ae555a32f,2695.75182069093,1143557155,78,2112,2112,1.0,569.5541729219258,87.79028384014964,33.7731777690351,0.5819746293127537,43.51058043539524,384.5249218866229,1515.5967213213444,617.3641183413565
llava,mt,B,n470131,a127c64e-190f-4fdb-b4e3-251bde3182da,639.2024750821292,296328136,81,2112,528,0.25,150.82149300724268,87.82523591071367,38.131206296384335,0.5983849987387657,9.80069674551487,100.26388987898827,207.77962915599346,183.26955707743764
llava,mt,fullload,n470131,13ad1ef5-cd66-4d24-864b-38678d69404e,1899.7731977142394,1213767682,106,2112,2112,1.0,572.885048110038,88.40382564812899,0.0,0,,394.28726490586996,711.0671289265156,610.6616272591054
llava,mt,B,n228268,2939e4be-1058-4ef6-b7f8-770921eaae68,634.5043531619012,296328124,81,2112,528,0.25,158.61681709066033,87.77462737634778,38.04253367707133,0.6218659691512585,9.277369361370802,107.92810097336769,187.63427948579192,191.59890618175268
llava,mt,fullload,n228268,2f5f58b1-6966-48d8-8310-8b16febf6154,1690.3298501856625,1213767682,106,2112,2112,1.0,579.4456135481596,93.77987682819366,0.0,0,,399.49954953044653,480.894744861871,618.7290027737617
llava,mt,A,n228268,458285ab-d6be-4bfe-bfea-8a3954df91c4,1551.475611049682,1143557155,78,2112,2112,1.0,558.4895526990294,87.37055817618966,33.56352401897311,0.5845292471349239,44.45545841008425,367.1968802809715,417.39798337221146,588.4165321476758
llava,mt,fullload,n313060,cda6996a-3ef7-4581-8adf-de4686599b72,3103.6766162142158,1658895379,107,2880,2880,1.0,830.4289160296321,137.55026832222939,0.0,0,,563.620338216424,1405.0241829827428,852.4501947686076
llava,mt,A,n313060,8851cb90-14c9-44a0-90ab-33343dd094af,2437.762922141701,1563010611,80,2880,2880,1.0,781.5960771404207,134.42640053108335,67.15715164318681,0.7724128663539886,88.60641345381737,515.9380570985377,843.4072807431221,769.9296860955656
llava,mt,B,n313060,57b741af-d1e2-4a3f-88e6-3d0b6ec5f587,769.6504648774862,405410866,83,2880,720,0.25,204.2351709678769,118.85778279975057,56.45795492455363,0.7803062908351421,14.966247137635946,135.5749568901956,234.4094691798091,193.6927572824061
llava,mt,fullload,n433692,46c9c447-1ed4-4fe5-a12e-ed1f3f8d39b7,2407.1043953299522,1325049607,106,2304,2304,1.0,658.7923681363463,94.84226489439607,0.0,0,,449.42990178242326,1060.2068766020238,706.3227910548449
llava,mt,A,n433692,7af7d314-52db-4b16-b11a-71f867f9e080,1900.1357667148113,1248420450,79,2304,2304,1.0,601.7093556001782,97.2880064509809,44.60507584735751,0.6708879955112934,54.12879399955273,414.29641703143716,637.8270159475505,636.8141998536885
llava,mt,B,n433692,94747379-27fd-416a-b2b4-49260128937a,644.6182960644364,323598724,81,2304,576,0.25,165.10475287213922,95.98698373883963,43.82927995175123,0.6265109404921532,11.180646251887083,108.42763539403677,184.84171340242028,187.18029279261827
llava,mt,A,n483840,f30837c2-3bd5-48ea-b13d-21a4e8b6128a,2820.3547317534685,1248420451,79,2304,2304,1.0,627.1262089721859,95.57885024696589,45.29369715601206,0.6503621116280556,60.16784114763141,420.88863952085376,1529.269427061081,653.4931557253003
llava,mt,B,n483840,a42a47c2-9590-4095-afec-0dd8b5ee0f36,703.3030316233635,323598761,81,2304,576,0.25,166.14976478740573,94.92513164877892,43.875554110854864,0.657299067825079,11.480278335511684,108.83265314623713,238.97313280031085,188.87119879946113
llava,mt,fullload,n483840,f5aa5b24-5884-4dec-bba8-16fc7fc2aa78,1954.8714170232415,1325049606,106,2304,2304,1.0,635.7345478609204,106.54600895941257,0.0,0,,438.14395647495985,634.2338435351849,673.9447610452771
llava,mt,B,n115614,882b9d91-b71b-452a-9a1d-bb363862dafc,876.936542801559,296328151,81,2112,528,0.25,161.17328498512506,90.13585560023785,37.53701550886035,0.6005261093378067,9.740464389324188,108.34171064198017,450.84854681044817,167.86580299958587
llava,mt,fullload,n115614,47eb78f5-1074-49c8-bad4-5007f6763913,2255.3373239934444,1213767681,106,2112,2112,1.0,585.0566392764449,90.97510622814298,0.0,0,,403.39752566069365,1040.36771832034,622.47857125476
llava,mt,A,n115614,37a2de1b-6ff3-4a13-a79e-ef7a45c5ec31,1811.8100692518055,1143557154,78,2112,2112,1.0,559.484486002475,88.32486579194665,34.66660110279918,0.6012138910591602,45.362528413534164,367.2114354558289,678.6714377813041,584.3271124176681
llava,mt,fullload,n59627,5663c3de-2165-4f10-97ac-f43537beda2d,1946.835155133158,1380690568,107,2400,2400,1.0,680.1980952732265,112.85556014627218,0.0,0,,470.46147007495165,523.5167229548097,726.4002389274538
llava,mt,A,n59627,87e6589a-0c5f-4d8d-bae0-abf32eae2a98,1757.9849017784,1300852106,79,2400,2400,1.0,636.5128038451076,104.43199286237359,44.287759345024824,0.6939051672816277,57.63657111674547,429.1895292699337,473.46161492168903,634.3694645911455
llava,mt,B,n59627,d1c57cde-06d6-4794-a822-54744621b574,957.531759981066,337234055,82,2400,600,0.25,170.8637815900147,98.60233450308442,46.16073286160827,0.6578988395631313,11.674839537590742,112.4300523661077,476.6089078038931,195.13461971655488
llava,mt,fullload,n162108,ba609fad-0ff8-4a4c-86fd-c1ee42e46eec,2301.532437093556,1325049605,106,2304,2304,1.0,653.9767310023308,109.02693122625351,0.0,0,,453.92624055966735,929.5746325515211,700.9428013116121
llava,mt,A,n162108,6b40cfc2-7c24-4740-8e3e-6f5559523ac2,1856.771029997617,1248420453,79,2304,2304,1.0,603.2485100440681,102.27150097489357,46.676074620336294,0.6256932392716408,58.89301188290119,414.5686710253358,570.2534355223179,649.3371170945466
llava,mt,B,n162108,e7db7b7a-1750-4634-9d20-06c16ae1a148,628.2430998980999,323598779,81,2304,576,0.25,164.37547514215112,99.35857076197863,44.52688107267022,0.6251786835491657,11.228914838284254,109.17213698849082,191.44467543810606,155.34626692533493
llava,mt,A,n469525,a352751a-f440-4677-b90e-78fb1316e729,2068.4241726994514,1143557152,78,2112,2112,1.0,571.7740650288761,91.63002949208021,37.71716821938753,0.6027068011462688,52.40482371300459,395.65012603998184,910.3357405401766,561.7742817848921
llava,mt,B,n469525,614bcad0-2506-43f6-b85c-0e8aa2acfeea,697.8858611546457,296328058,81,2112,528,0.25,154.1806752793491,87.86337170749903,37.75109350681305,0.5802088417112827,9.675074368715286,102.09342231974006,262.50086491927505,184.94861805811524
llava,mt,fullload,n469525,6cdeed42-b717-4f7c-a052-b67511ae7171,1934.1829889453948,1213767683,106,2112,2112,1.0,571.8509093858302,93.63249875605106,0.0,0,,397.9240106418729,730.8647437021136,613.7622939422727
llava,mt,B,n460556,281896d8-e9e0-4ad5-a864-aa0b083e279e,623.2008356601,323598789,81,2304,576,0.25,174.14573626592755,97.27928275242448,43.3076866902411,0.6725159473717213,11.079186107963324,117.52077750861645,169.5046629756689,167.10509080439806
llava,mt,fullload,n460556,8e585a0d-6289-4676-9168-87b2c9a59f8d,3446.7657171189785,1325049607,106,2304,2304,1.0,650.6886002607644,107.5553884729743,0.0,0,,442.00400868430734,2093.072636052966,699.6727390214801
llava,mt,A,n460556,166a36e2-f7dd-4daf-abcc-3b5f65f2a487,1928.2592702656984,1248420455,79,2304,2304,1.0,599.4778689928353,102.24378807470202,45.7935594022274,0.6415410898625851,57.003362104296684,411.24963061884046,663.1453358568251,634.0024741366506
llava,mt,fullload,n477702,a1401357-b820-478e-be93-8d8e9fcc8d1c,2547.29767376557,1213767683,106,2112,2112,1.0,593.1862005963922,95.4690701328218,0.0,0,,412.8151214681566,1297.0172055065632,637.5445169396698
llava,mt,A,n477702,d9f25603-fcca-40ff-8940-6a41f7b0f8da,1877.5374819524586,1143557154,78,2112,2112,1.0,557.7995348721743,88.47739780321717,34.23487627878785,0.5960357375442982,44.911937322467566,372.8673402220011,740.2277644723654,582.9673008993268
llava,mt,B,n477702,9e991526-f81e-497c-9d4c-90705826d246,644.8295610025525,296328171,81,2112,528,0.25,153.16592482849956,87.55163382738829,38.34375087171793,0.5943500436842442,9.83490189537406,102.51839458942413,217.47038466855884,175.55845296010375
llava,mt,fullload,n302387,1a2f79d8-98ea-479d-8502-c13c7a2d0dd1,2930.7720330543816,1338025936,106,2304,2304,1.0,668.1183320470154,110.62787473201752,0.0,0,,454.15292819961905,1550.3426021896303,705.9190673753619
llava,mt,A,n302387,246a5bba-6767-4d5a-aa08-736583f66321,2022.5388249382377,1261004015,79,2304,2304,1.0,627.4967510253191,103.48421754315495,46.44617671146989,0.6460300646722317,57.661768049001694,416.05470096692443,741.444197949022,641.3748380728066
llava,mt,B,n302387,9ca4d652-8ac0-4320-bde4-1b19abdfa063,895.1800111681223,329890936,82,2304,576,0.25,169.5012031123042,95.49560956656933,45.103348325937986,0.6237397901713848,11.574397794902325,110.09615007787943,427.2124650888145,191.21671887114644
llava,mt,A,n493357,9b0e5d1e-3082-4cc0-b747-9944527f2274,2861.0791261307895,1248420454,79,2304,2304,1.0,634.9686309695244,98.34874514490366,45.34946475178003,0.6225402466952801,59.96242491528392,423.0777435004711,1550.1715317368507,667.7402169443667
llava,mt,B,n493357,f871ca2a-8ac2-44a3-8c8d-a0fce09a9860,746.1063987575471,323598770,81,2304,576,0.25,166.15476785227656,96.91620012745261,43.96294755861163,0.6414931267499924,11.334292590618134,111.34212836623192,267.30844331905246,198.04211519658566
llava,mt,fullload,n493357,b2d87853-a3ae-4667-89d3-b2d01657b44f,2017.8921269252896,1325049607,106,2304,2304,1.0,639.6085163578391,108.39137062430382,0.0,0,,438.66997584700584,693.3740423992276,675.3399441950023
llava,mt,B,n329514,68dd3f4b-0172-4e75-982b-2cfb2692ed1a,1243.7839559279382,282692828,80,2016,504,0.25,153.25623704120517,84.53230699524283,36.98687953874469,0.577965285629034,9.755580220371485,105.299923568964,828.410554677248,166.98777955025434
llava,mt,fullload,n329514,64c3cc0f-7fe1-42b9-8ca1-faf224e146dd,3129.683463834226,1158126721,106,2016,2016,1.0,560.586579144001,87.38314267247915,0.0,0,,380.6399847380817,1926.593130454421,650.3101978451014
llava,mt,A,n329514,8987651c-3c66-4211-a3ce-30dabedc35e5,2334.2488729394972,1091125499,78,2016,2016,1.0,525.1123630441725,83.90742912888527,32.63810696080327,0.5797422491014004,41.17391351610422,355.4541049525142,1193.5792001895607,614.7126080468297
llava,mt,fullload,n275148,222759ee-f691-4490-8b89-fe6644cd8c94,2687.3023440130055,1325049606,106,2304,2304,1.0,659.546559676528,111.4426595158875,0.0,0,,453.89886340126395,1333.9226352982223,680.5908577516675
llava,mt,A,n275148,85723174-64a7-49ba-b827-2c422480d7d4,2867.7364862523973,1248420453,79,2304,2304,1.0,600.3820542246103,101.47794894874096,46.61516845226288,0.6419569253921509,60.18902314826846,412.0781677775085,1591.4387139491737,641.5567388758063
llava,mt,B,n275148,d810655c-4695-43bb-8902-5560c22cbfef,674.3473936803639,323598705,81,2304,576,0.25,164.7031200118363,94.86479451879859,45.04564730450511,0.6558741442859173,11.103047989308834,108.44213236123323,225.9182408452034,172.51025512814522
llava,mt,fullload,n257997,c5af0f89-54d8-4dda-b68e-43173e5c91a2,2768.589770887047,1380690569,107,2400,2400,1.0,681.0981500893831,112.94235521927476,0.0,0,,471.74636740237474,1382.8735034912825,688.8515669852495
llava,mt,A,n257997,aeaa12bc-38e3-4c4b-973d-3a68d7a679dc,3123.884100932628,1300852102,79,2400,2400,1.0,636.1425342038274,105.34908715635538,44.705124106258154,0.6522852927446365,58.639871422201395,430.0760361365974,1821.218581404537,649.1434392519295
llava,mt,B,n257997,bc5d332f-5d85-45a0-9e76-e91ce0f6bbbb,650.1239179633558,337234144,82,2400,600,0.25,170.75559590011835,98.8280875608325,46.110996045172215,0.687458086758852,11.780895292758942,112.54549352452159,185.40355889126658,178.44963120296597
llava,mt,A,n234683,d0a9b8dd-abb0-4dbc-a7f4-f50108b29883,3154.4081368483603,1261004012,79,2304,2304,1.0,636.5182870067656,97.33290085569024,41.97810310870409,0.6306967698037624,57.71160498261452,428.1890238635242,1872.0735176466405,639.9682220071554
llava,mt,B,n234683,227dd73d-ee79-490c-b29b-6dc741b7d095,735.8100893907249,329890908,82,2304,576,0.25,169.28878193721175,97.54887782037258,45.120380353182554,0.6591379642486572,11.53102470561862,113.06938901543617,270.54860116913915,183.33720182999969
llava,mt,fullload,n234683,e64ffe2a-9934-4b6e-a9e9-08e5a9e22719,2086.4707566797733,1338025936,106,2304,2304,1.0,641.9358211569488,98.75408606603742,0.0,0,,444.59322607144713,749.9921573325992,681.8255851976573
llava,mt,B,n410476,480d0580-da47-465f-b173-b07e9d287699,847.582533955574,304717584,81,2112,528,0.25,165.22499732673168,88.48560368642211,38.371752481907606,0.6082230247557163,9.729893412441015,111.23137269169092,395.31274093315005,188.17648012191057
llava,mt,fullload,n410476,b292360e-96fd-4bec-9f52-ae3160972262,2244.5139260962605,1231069455,106,2112,2112,1.0,595.2391508035362,89.05381336808205,0.0,0,,407.8148668631911,1038.6988897807896,608.4557892754674
llava,mt,A,n410476,7d22938b-99bd-4c94-b284-cd132af7472c,2487.921700812876,1160335153,78,2112,2112,1.0,564.6988358348608,93.06760365143418,35.26977961882949,0.5828659050166607,46.152968890964985,381.30789529532194,1319.754319731146,591.5300436317921
llava,mt,fullload,n305495,9785c1d3-604e-4f23-8a70-eb1ab77f80d4,1915.4134229756892,1231069454,106,2112,2112,1.0,605.2817981690168,94.93205090984702,0.0,0,,415.6787325628102,654.998873360455,644.5101909339428
llava,mt,A,n305495,ad105af3-b30d-4e34-baa7-82f149fc64ad,2168.560755904764,1160335151,78,2112,2112,1.0,570.8114472217858,93.50419510155916,33.479955047369,0.620868057012558,44.66913314536214,377.196388784796,989.6737267263234,607.1241106837988
llava,mt,B,n305495,e75ba216-f1d9-4ffb-adf0-18d60624abeb,671.8611759133637,304717647,81,2112,528,0.25,156.72912076115608,88.2537285797298,37.964374758303165,0.5675079300999641,9.75108239799738,102.35241008922458,235.0887036882341,178.86661691591144
llava,mt,fullload,n437192,449777e4-9872-4149-9af8-9c2e29ff5726,2357.221893966198,1231069454,106,2112,2112,1.0,611.7285257205367,89.819076936692,0.0,0,,416.05061339214444,1120.7239315845072,627.7631516568363
llava,mt,A,n437192,4f7148ac-4157-46a0-9312-14ea9800b5ed,2307.3718841187656,1160335150,78,2112,2112,1.0,564.702935051173,92.2549357637763,32.424510922282934,0.5892310291528702,43.37594658136368,379.1153677739203,1141.475117765367,598.6114689148962
llava,mt,B,n437192,83ceecb8-f769-427f-976b-8cb4e601ddad,664.8657061159611,304717608,81,2112,528,0.25,155.71530908346176,89.7466791793704,39.793229661881924,0.5816388875246048,10.241502895951271,103.01245842128992,209.17001832276583,192.54174316301942
llava,mt,A,n481655,e54af96c-457f-4881-860d-d2fb895000f7,1780.062965117395,1248420448,79,2304,2304,1.0,635.3429066948593,97.20910573378205,45.090512838214636,0.6257127970457077,59.51379286125302,425.24717561900616,489.4197229295969,647.3712511360645
llava,mt,B,n481655,77ffa00c-af18-4637-a467-8826e4e85cd3,847.3744508810341,323598557,81,2304,576,0.25,168.7651239335537,103.477927390486,47.3120310343802,0.6726542487740517,11.771935038268566,113.46781253814697,362.19094041734934,191.94786809384823
llava,mt,fullload,n481655,f16361f1-aa98-4792-921a-ac549be281de,2178.3608719706535,1325049606,106,2304,2304,1.0,635.6932921335101,107.26794926449656,0.0,0,,438.1446926854551,870.7677330821753,659.0508022345603
llava,mt,B,n450919,f68980f1-13f1-4b2c-855c-71ff20d205f5,763.8359828852117,329890895,82,2304,576,0.25,177.77798231691122,96.23125707730651,44.96850958094001,0.6723059341311455,11.565135791897774,119.43716881796718,276.69384190812707,200.5468332208693
llava,mt,fullload,n450919,59b0e57a-55d2-48ff-bf3e-d253877311cb,2033.933968283236,1338025935,106,2304,2304,1.0,665.295073762536,98.18474110215902,0.0,0,,448.4041230753064,699.7553925029933,676.7518748529255
llava,mt,A,n450919,5e960bce-0426-4ae9-a777-7b213227ee4e,2531.2734129838645,1261004019,79,2304,2304,1.0,621.40326295048,100.86929565295577,43.36012667044997,0.6387941539287567,55.572174955159426,413.6483729816973,1263.3706191554666,637.360567227006
llava,mt,fullload,n557666,80d063af-ae0b-4bac-a6ea-3ac5272912f3,1739.3515962176025,1213767682,106,2112,2112,1.0,591.978004667908,91.22199239209294,0.0,0,,409.18746311217546,515.7533762976527,624.7209450230002
llava,mt,A,n557666,27cbeba7-455c-4997-8f58-cfd2dd427a75,2355.998470913619,1143557155,78,2112,2112,1.0,557.4921299703419,87.71352237090468,33.911021426320076,0.587336253374815,44.75682694464922,367.69702611491084,1225.2293601632118,583.6591590195894
llava,mt,B,n557666,7c07fb83-5e41-48d7-be10-de7188187a70,616.0698803141713,296328118,81,2112,528,0.25,151.86212491244078,88.23552401736379,37.75055892765522,0.5854787304997444,9.596326854079962,100.50699207931757,208.51576793938875,158.68869377300143
llava,mt,fullload,n256120,74dd6329-7541-4e61-b385-7e5aed0cb38c,2241.217582952231,1213767682,106,2112,2112,1.0,590.1826163753867,93.41603517532349,0.0,0,,406.6731119528413,1014.2823038622737,627.5327201001346
llava,mt,A,n256120,77e739da-0414-4189-8382-2f28ddfb8741,1677.4862613528967,1143557154,78,2112,2112,1.0,547.4498299881816,88.52468011900783,33.540607895702124,0.5678879097104073,45.08797125890851,374.7508218511939,555.0949270837009,567.1326243318617
llava,mt,B,n256120,52ab7c1f-a487-4d75-8df3-4ea29fd2eaf6,726.9112658686936,296328159,81,2112,528,0.25,150.37556877359748,87.66411757096648,38.18657482042909,0.5770130082964897,9.781355503946543,99.33345718309283,305.9919085353613,174.08700939267874
llava,mt,A,n187961,61eded19-5354-4aeb-9fab-0ed1ea7a244c,3149.4961800053716,1248420451,79,2304,2304,1.0,621.9011908397079,101.72937531024218,47.6357564330101,0.6287326104938984,57.68227204680443,425.59283785521984,1847.2416191361845,655.0719998776913
llava,mt,B,n187961,731591a9-458f-4a93-9c31-d25e0725f652,710.9357798472047,323598740,81,2304,576,0.25,166.11341899260879,95.48233635723591,44.07677799463272,0.6426558829843998,11.664331424981356,110.57470738887787,242.25985212251544,189.93793707340956
llava,mt,fullload,n187961,04b7a5f1-864f-403c-9da5-3089112a81e8,1976.3519801199436,1325049607,106,2304,2304,1.0,638.0712548270822,105.22869089618325,0.0,0,,439.8402418009937,668.3072564192116,659.6613489091396
llava,mt,B,n531731,e1cf878e-e0e0-4b25-a17f-b23f750ca800,752.1206261590123,323598650,81,2304,576,0.25,175.59015471488237,95.47884250059724,43.73246897011995,0.6420589052140713,11.170648038387299,118.1598361581564,264.25497559830546,205.99627681076527
llava,mt,fullload,n531731,a14c0930-08be-452d-af98-6df495dfcf9e,2104.754511732608,1325049605,106,2304,2304,1.0,657.3535646311939,107.70575189962983,0.0,0,,442.14897556230426,768.8744873739779,685.9867661260068
llava,mt,A,n531731,8ea304fb-36ee-4a59-9dd5-772597b4e2fd,2354.3415339663625,1248420454,79,2304,2304,1.0,597.481130156666,100.72254948318005,45.747747644782066,0.6347158923745155,57.071748189628124,411.5804862231016,1086.077977437526,638.5052278637886
llava,mt,fullload,n211324,2582b79b-6d81-4914-a61b-49a155414d48,2957.2558822110295,1325049606,106,2304,2304,1.0,657.6225948520005,108.29128324985504,0.0,0,,449.82680259272456,1598.0746960267425,695.9409732371569
llava,mt,A,n211324,6cbaee09-e587-46b1-a43b-e78b96e7f1af,1853.857649024576,1248420453,79,2304,2304,1.0,600.4263069480658,100.28358874842525,45.818728394806385,0.6503993645310402,57.57456040009856,413.03971223533154,598.8670405931771,623.6058808863163
llava,mt,B,n211324,8e5fe0f6-c8ff-4b3e-b138-3a1320886b7a,956.4585261978209,323598741,81,2304,576,0.25,163.01264893263578,96.07842238619924,45.004190877079964,0.6534322164952755,11.421841103583574,109.46366284042597,482.12784994393587,194.68342792242765
llava,mt,fullload,n429961,54bd2f78-480f-4ffa-8026-9d1c890f2f64,3081.6051876172423,1325049606,106,2304,2304,1.0,653.0483779497445,110.91918125748634,0.0,0,,451.7335845157504,1714.9876891635358,695.870527997613
llava,mt,A,n429961,943c27e8-f855-433d-9094-94887d8fa34b,1842.1389269642532,1248420454,79,2304,2304,1.0,599.3372723460197,103.5348423756659,46.20299395173788,0.60601020231843,58.70799394324422,415.8167536370456,586.6406578570604,614.3372892402112
llava,mt,B,n429961,a9da58d0-a2f3-492c-8309-a45510f30941,759.9809276871383,323598732,81,2304,576,0.25,166.13549692556262,99.68070359900594,44.392557349056005,0.6393520161509514,11.6363107226789,116.42080033197999,283.06248039007187,190.62858307734132
llava,mt,A,n88366,9260f4f8-b3db-422e-bde8-24844c7f2a1e,1667.224271222949,1038693597,77,1920,1920,1.0,512.2127588838339,82.14930770918727,32.64001663774252,0.5726898089051247,40.19704833626747,350.6884556263685,605.6902906857431,543.061644770205
llava,mt,B,n88366,8d70c0ad-3d16-4958-ae66-afdf49b0e38d,843.4697189368308,269057227,79,1920,480,0.25,141.53693709522486,80.25578409433365,34.98425427824259,0.5300282500684261,9.013221133500338,94.87709542736411,445.5552459694445,166.89533879980445
llava,mt,fullload,n88366,07fa5ce6-62ae-4b09-8494-0a0dea2ccc58,2191.625399980694,1102485757,106,1920,1920,1.0,519.3927250802517,79.79920832440257,0.0,0,,359.2539387755096,1125.1264996826649,541.8743109330535
llava,mt,B,n522733,9089566d-c112-477b-b85c-1ceaed97e460,818.5316529124975,323598768,81,2304,576,0.25,174.69271877780557,95.73901630938053,43.11456065624952,0.6427289918065071,11.4401550963521,116.79282458499074,331.13114163279533,207.69160892814398
llava,mt,fullload,n522733,d3468f7f-ce22-4860-bcf6-2c2a70723e64,2147.7229120209813,1325049606,106,2304,2304,1.0,637.9157560877502,98.90368999913335,0.0,0,,442.2405599616468,830.3704210557044,672.2143236547709
llava,mt,A,n522733,b2dbed0b-eaba-4eba-b351-e1c878dd48e1,1878.6832676269114,1248420455,79,2304,2304,1.0,601.0301462374628,100.27133161202073,38.757731672376394,0.6460519507527351,50.79399421811104,401.1602117680013,663.5668072849512,605.7949010282755
llava,mt,fullload,n288870,7d36b734-24cf-401b-93d7-6f1b6651010e,2723.0420489795506,1213767682,106,2112,2112,1.0,590.1967259123921,89.61579808965325,0.0,0,,412.8490681760013,1490.3801525942981,628.0393959023058
llava,mt,A,n288870,966ebf24-ce9e-4ee7-b35b-84c91fd5e17b,1834.8222970962524,1143557155,78,2112,2112,1.0,551.7604653723538,93.03786512464285,35.979635547846556,0.5832882598042488,44.756513088941574,374.47166396304965,725.0560116954148,544.4517149589956
llava,mt,B,n288870,0af9ba82-db16-4ce7-811d-d0245339c614,744.4124198518693,296328151,81,2112,528,0.25,151.44277177751064,88.96557707339525,39.58583762869239,0.6022639572620392,10.476992465555668,100.1564608886838,335.2424125187099,157.84821333363652
llava,mt,fullload,n541688,0fecfc48-17ae-4f65-81de-d1dd7c500b88,2924.226919654757,1213767683,106,2112,2112,1.0,590.1713371276855,87.94698817655444,0.0,0,,415.7839925028384,1679.1080902330577,633.9783649891615
llava,mt,A,n541688,b222d96f-cf00-47e5-bea7-e5a377e1a7eb,1711.958214174956,1143557150,78,2112,2112,1.0,549.5589440688491,92.44459588080645,35.87972931563854,0.6048497743904591,44.094502460211515,376.41409831121564,566.3944995030761,579.8716531135142
llava,mt,B,n541688,fc8144d1-1a10-453b-88bf-4cc7a7ac0e5e,600.1583086326718,296328127,81,2112,528,0.25,149.90072092041373,90.29982052743435,39.49254937469959,0.5901758559048176,10.540259536355734,102.15242952108383,187.08565086126328,157.75541588664055
llava,mt,A,n309148,2cd7fb99-94ec-411a-afdb-00457784a67b,2982.1476596407592,1563010610,80,2880,2880,1.0,761.6241769865155,117.9010714404285,52.45073139667511,0.7680701091885567,63.696906901896,523.5913270153105,1409.343735780567,793.4470442123711
llava,mt,B,n309148,731bb3e2-2f84-4704-81f4-bd9ef42c7bc1,859.7809341736138,405410895,83,2880,720,0.25,204.41455719992518,118.88068169355392,55.917274206876755,0.7743262685835361,14.93629440665245,135.03080001100898,288.70658623054624,225.85813608020544
llava,mt,fullload,n309148,2e9ab63b-aa72-4951-8424-ec386a7d0984,2442.4327719025314,1658895379,107,2880,2880,1.0,777.689600829035,122.58556624874473,0.0,0,,543.8672732561827,865.7110659405589,777.3474338464439
llava,mt,B,n449058,186f5309-994f-4480-9d8e-8ae499ce1336,799.8352940194309,337234006,82,2400,600,0.25,181.38506123796105,99.45339756086469,45.61021504923701,0.6515160202980042,12.07034895196557,122.66848096624017,293.18557120859623,213.82371615618467
llava,mt,fullload,n449058,cfd1127c-15da-4224-a16a-b115688bb017,2199.7809261083603,1380690568,107,2400,2400,1.0,661.7335323244333,107.29238670319319,0.0,0,,462.8889514133334,808.7892052717507,701.2357539497316
llava,mt,A,n449058,a1d5ab3e-7d26-4d89-b34a-67b929708a49,1877.1053771488369,1300852107,79,2400,2400,1.0,620.1153551228344,107.88297466933727,42.996475007385015,0.6712912581861019,55.801188573241234,422.91907547041774,592.9982829838991,635.3362989611924
llava,mt,fullload,n489190,4d9c5da9-531f-4591-aab7-24fe3ddb3cc2,1877.170966938138,1213767683,106,2112,2112,1.0,591.3128689862788,89.54864041879773,0.0,0,,409.9620361812413,666.3090698421001,609.9431938491762
llava,mt,A,n489190,0ad57621-6c70-4a7a-aec3-83240aa4f803,2505.6722168810666,1143557151,78,2112,2112,1.0,552.7172978036106,87.89079915732145,36.20210709050298,0.5816337652504444,46.82135256007314,374.19693544507027,1373.8509947434068,573.4305689111352
llava,mt,B,n489190,06f2de80-58e5-4c7c-a3d4-942fc2109557,633.1204622983932,296328150,81,2112,528,0.25,150.37804702296853,88.63875502720475,39.33334816247225,0.5897972732782364,10.30069775879383,100.51333764567971,224.56728853285313,157.2441621683538
llava,mt,fullload,n95369,52fab186-91ae-40a8-8b70-13c03080df7e,2175.5980011075735,1231069453,106,2112,2112,1.0,601.0121200233698,95.1240099966526,0.0,0,,416.6863393038511,912.1469678357244,644.5114677771926
llava,mt,A,n95369,45b63dbc-a44d-4a54-b1bc-dd32e4d5bca6,1636.6463648155332,1160335149,78,2112,2112,1.0,556.9888139143586,92.90044056251645,36.21768020093441,0.5905493162572384,47.11570870131254,376.36122899129987,515.8377219922841,551.312911324203
llava,mt,B,n95369,2216d509-a88d-4e62-aa0e-302e5864f564,711.6378271020949,304717604,81,2112,528,0.25,154.0573090314865,88.74426176771522,40.10126041248441,0.5745762027800083,10.356671642512083,101.25015070661902,279.689394403249,178.0498055741191
llava,mt,A,n195925,dd2a0b5c-253b-433d-a104-acfd18f9a915,1863.8272481039166,1143557157,78,2112,2112,1.0,573.1013230979443,87.95598335564137,37.12000884115696,0.5895909853279591,44.853214640170336,386.8532939814031,715.3434460051358,578.3321219496429
llava,mt,B,n195925,2957dcd7-255f-4261-8c79-42b486e9ed2a,715.6607927754521,296328189,81,2112,528,0.25,152.93251210823655,89.329918846488,39.46208069100976,0.5789091810584068,10.316779837012291,101.18018416687846,304.583425167948,158.870548941195
llava,mt,fullload,n195925,c6c17881-c881-4248-86ec-17a3e3a32667,2270.9387857466936,1213767683,106,2112,2112,1.0,576.3522959314287,89.31430848315358,0.0,0,,398.8477811217308,1075.2627360634506,611.8667093105614
llava,mt,B,n275857,49081003-ab13-4153-903b-f8617112d29a,690.9969430416822,296328136,81,2112,528,0.25,160.50189081579447,90.20853415131569,39.63278420269489,0.6098519079387188,10.396668687462807,110.33394606783986,233.11762884259224,194.75460145622492
llava,mt,fullload,n275857,1297f191-acd3-42f3-aaa7-d5298c59b45a,1957.1167058311403,1213767683,106,2112,2112,1.0,582.0997199043632,93.87494344264269,0.0,0,,406.4255147241056,738.5348547250032,617.8526780568063
llava,mt,A,n275857,f0bafa61-541b-4cb8-bdec-9f3f81bf69be,1884.74861998111,1143557157,78,2112,2112,1.0,550.481375772506,88.89321656897664,37.011530715972185,0.6029191426932812,47.92301682755351,374.81459230184555,763.3526925928891,559.1442086733878
qwen,smoke,fullload,n355567,62a300c3-7391-45c8-91e1-d7c79312df14,127.17326497659087,23271528,59,345,345,1.0,24.738948792219162,7.807789370417595,0.0,0.5806297995150089,1.2176684103906155,7.169634103775024,85.2613472379744,13.009523041546345
qwen,smoke,A,n355567,ba8e86a0-663e-40b6-9014-ab3a1050bd8e,82.07332016900182,23271666,59,345,345,1.0,24.672423023730516,7.650002371519804,0.5960864946246147,0.7788478396832943,1.0605505667626858,7.1148136630654335,39.384881500154734,13.269536197185516
qwen,smoke,B,n355567,a1f16221-5f80-48b8-be3c-5556e48ea4eb,103.06917084380984,6242149,59,345,87,0.25217391304347825,8.966467808932066,7.180849555879831,0.6393217481672764,0.7735202088952065,0.3792662173509598,3.2338397577404976,79.91918362677097,5.202271975576878
qwen,smoke,fullload,n9181,e677530e-4698-43da-b418-2af70edb8d3e,96.13893879577518,26944947,59,391,391,1.0,28.9047509431839,11.515906546264887,0.0,0.6996211595833302,1.7642555758357048,10.836322326213121,41.645397897809744,15.737233683466911
qwen,smoke,A,n9181,ad787694-5c43-40b4-9460-c207f8af4279,85.69038519635797,26945085,59,391,391,1.0,28.682762291282415,9.86211746931076,0.836505088955164,0.851931981742382,1.711942721158266,9.747616946697235,33.98232441395521,14.84833238646388
qwen,smoke,B,n9181,fd24554a-fe14-4578-bbd2-1a76d424eaa5,59.40214032307267,6876701,59,391,98,0.2506393861892583,9.714337065815926,7.506226189434528,0.5980716086924076,0.8919248357415199,0.37022028118371964,3.0957511626183987,35.38076626136899,5.483175627887249
qwen,smoke,A,n390187,53d68a0c-55c0-454e-b9cc-ce7760a0bfbc,91.62452397868037,23273366,59,368,368,1.0,25.945665314793587,7.914492394775152,0.6130984984338284,0.9233430027961731,1.2050159275531769,7.415012922137976,47.39625193178654,13.852415140718222
qwen,smoke,B,n390187,27ac02c0-d50e-445d-b93f-8c6bfef8c0d0,54.12884522229433,6530681,59,368,92,0.25,9.365639183670282,7.746858522295952,0.6968867965042591,0.837947241961956,0.47909049317240715,2.9681501910090446,29.769895132631063,5.690577905625105
qwen,smoke,fullload,n390187,756e49a4-c06b-4e71-ad3c-563d3cc978ff,73.43327114358544,23273230,59,368,368,1.0,25.093531236052513,8.022341411560774,0.0,0.6264150142669678,1.1156592518091202,7.219271268695593,31.274819746613503,13.07306531816721
qwen,smoke,B,n133585,d40b81e3-32e6-4431-9681-0d10d5c76c14,56.23174086213112,6242154,59,345,87,0.25217391304347825,9.632213972508907,9.16704861447215,0.8858139626681805,0.8625746704638004,0.565224327147007,3.5904860123991966,29.264914337545633,5.65120717510581
qwen,smoke,fullload,n133585,cb8155fc-b8ad-4e83-a0b5-6f86161f5a10,75.83008613437414,23271528,59,345,345,1.0,24.943269323557615,7.961554452776909,0.0,0.6001978181302547,1.1788145639002323,7.346598897129297,33.35796436294913,13.282379135489464
qwen,smoke,A,n133585,9d8cab04-2801-4505-a310-e41615103d45,74.89568972960114,23271666,59,345,345,1.0,25.199269875884056,7.955044042319059,0.5779080092906952,0.7802839390933514,1.1759093031287193,7.614093367010355,31.40328172594309,13.058935757726431
qwen,gqa,fullload,n355567,5d0d5ace-ade6-481b-813e-12bbad308d3d,77.08831178024411,23271528,59,345,345,1.0,25.863150134682655,7.7820285223424435,0.0,0.6187879480421543,1.2437645345926285,7.428971119225025,33.791189547628164,14.064772054553032
qwen,gqa,A,n355567,960dc090-3c79-4609-9335-0607d9d22980,75.32521989196539,23271666,59,345,345,1.0,25.03861114382744,7.750124204903841,0.5758362822234631,0.8068499155342579,1.1814325116574764,7.069913670420647,32.26265450939536,13.504324946552515
qwen,gqa,B,n355567,7dd685f9-2c70-4856-a9b6-e5b4616e4ceb,56.333365850150585,6242149,59,345,87,0.25217391304347825,9.432193823158741,6.759559269994497,0.5611665546894073,0.7805880159139633,0.33402489498257637,2.6927590370178223,34.478454384952784,5.245647858828306
qwen,gqa,fullload,n9181,33b26119-5213-4f16-8f81-3632c0281963,81.03391667827964,26944947,59,391,391,1.0,29.2530688457191,8.129345253109932,0.0,0.6610848940908909,1.2780455872416496,8.279322646558285,33.464491833001375,15.61161782592535
qwen,gqa,A,n9181,3e309a9e-5ade-4f9c-926e-fcb8662240dd,88.1368019618094,26945085,59,391,391,1.0,28.377766255289316,10.778723750263453,0.9454395622014999,0.9003058075904846,1.9358331337571144,10.20245673134923,33.74195238575339,15.407778322696686
qwen,gqa,B,n9181,f2f9fc31-51ef-4acb-b367-0d82e855ee8b,62.12096940726042,6876701,59,391,98,0.2506393861892583,9.806997142732143,11.83873089030385,1.1776764877140522,0.8615781553089619,0.7081427611410618,4.263862036168575,27.698419988155365,7.660964969545603
qwen,gqa,A,n390187,75a2b95b-0c45-4800-87a7-2eac6600f452,75.6711820140481,23273367,59,368,368,1.0,25.96995420753956,7.962954230606556,0.6085457280278206,0.8650468662381172,1.196699682623148,7.416380103677511,32.04181091859937,13.318882789462805
qwen,gqa,B,n390187,c747ce7a-2300-4817-9cbb-3c0f2bc520aa,52.92630009353161,6530681,59,368,92,0.25,9.433704894036055,6.971284281462431,0.5844268016517162,0.8187498897314072,0.332515686750412,2.721866127103567,30.456938315182924,5.324766039848328
qwen,gqa,fullload,n390187,3fc70f4c-38e9-465a-9c45-324276938a8e,73.4135340899229,23273230,59,368,368,1.0,24.993410799652338,7.9286000691354275,0.0,0.6010597571730614,1.1529959738254547,7.124945987015963,31.40253107994795,13.049439061433077
qwen,gqa,B,n133585,64670dd2-3775-48a2-b199-dbd0266b08a1,49.03780994936824,6242155,59,345,87,0.25217391304347825,9.504941292107105,6.7148590460419655,0.5666469223797321,0.8477009832859039,0.34345733001828194,2.756391651928425,27.03410806134343,5.298670846968889
qwen,gqa,fullload,n133585,51bcec10-0b1a-429d-9943-6169dbfede16,72.50591507181525,23271528,59,345,345,1.0,25.38612997159362,7.6049393974244595,0.0,0.5905367434024811,1.1502648703753948,7.10510415956378,31.023964285850525,13.088155072182417
qwen,gqa,A,n133585,8c7e6ba5-2703-4cc1-a346-83c43f670a35,80.83873288705945,23271665,59,345,345,1.0,24.97842302545905,7.605323102325201,0.5637938156723976,0.7915073074400425,1.176538411527872,7.027033716440201,38.47768856212497,13.053449336439371
qwen,gqa,fullload,n272098,0433178c-1c2c-4ac3-944d-7ca1f9029aeb,93.05925713852048,30621846,59,484,484,1.0,32.86608634516597,9.947952814400196,0.0,0.7912139408290386,1.6949651762843132,10.300702881067991,34.50177935883403,18.860333133488894
qwen,gqa,A,n272098,1e4a0514-64a3-4062-aa80-d4135f964832,103.76590210944414,30621984,59,484,484,1.0,33.3766401745379,10.55428246036172,0.9273365139961243,1.0707201436161995,1.587351318448782,10.389587376266718,45.350471045821905,17.349473666399717
qwen,gqa,B,n272098,33c30d06-60e2-468f-8a77-24e61341e4d5,55.20053207874298,8202935,59,484,121,0.25,11.208137962967157,8.77134082838893,0.7729888893663883,1.1081844568252563,0.48957904800772667,3.5594613291323185,27.598113287240267,6.053514778614044
qwen,gqa,fullload,n472825,50aa6f9f-b108-4160-a48e-669326b56e65,79.94442386552691,26944947,59,391,391,1.0,29.40793288871646,8.235822431743145,0.0,0.6645661778748035,1.2257574126124382,8.632453624159098,32.17001771554351,15.331065747886896
qwen,gqa,A,n472825,84548455-454e-48db-adc5-7c8a6e374a8e,79.92787007242441,26945085,59,391,391,1.0,28.589011635631323,7.9865725710988045,0.6357282400131226,0.8679982274770737,1.2889900244772434,8.215341717004776,32.398905139416456,14.784844126552343
qwen,gqa,B,n472825,39dda3ca-f8d2-4b28-aaae-9b6cdc18a9c5,63.405083026736975,6876723,59,391,98,0.2506393861892583,9.883674792945385,7.2527434676885605,0.5967803299427032,0.9217197075486183,0.34596119076013565,2.8011887334287167,40.11229518800974,5.452175159007311
qwen,gqa,A,n450919,505d5387-56b3-41ec-8757-0eb36bac2698,74.56001313403249,19595804,59,266,266,1.0,22.09591306746006,6.924156565219164,0.5373586900532246,0.7017017342150211,1.000512856990099,6.525168661028147,36.68767120689154,11.813585180789232
qwen,gqa,B,n450919,673581cb-7f11-40d2-94d6-3d3850336d24,67.04739714041352,5089064,59,266,67,0.2518796992481203,7.953769993036985,7.600553799420595,0.6801155395805836,0.6287507712841034,0.40924735367298126,2.9111658222973347,42.05012694001198,6.733202841132879
qwen,gqa,fullload,n450919,d50d8f20-e486-4eda-bb61-8d4b4d57fa51,66.23569456860423,19595666,59,266,266,1.0,21.200898103415966,6.940715480595827,0.0,0.47988398000597954,0.9843101724982262,6.206796504557133,29.99743865802884,11.308847926557064
qwen,gqa,B,n37274,4868d443-c23b-4c25-be11-c11d986e9c62,57.28525295853615,6876708,59,391,98,0.2506393861892583,10.17427584156394,9.906905237585306,0.974931288510561,0.9034411050379276,0.5958769470453262,4.132572561502457,27.122668456286192,6.017099134624004
qwen,gqa,fullload,n37274,070a2879-0126-4915-84be-4e5f4b032fc2,79.38792509958148,26944947,59,391,391,1.0,29.295947402715683,8.277478162199259,0.0,0.6526508368551731,1.276666298508644,8.256935514509678,32.17654814943671,15.179074835032225
qwen,gqa,A,n37274,e5bccf75-2175-44cb-8ec2-31bcee2a9e13,87.11400395259261,26945085,59,391,391,1.0,28.80427334457636,7.945057470351458,0.6330856122076511,0.9180027991533279,1.2928084470331669,8.060751482844353,39.81540957465768,14.821603428572416
qwen,gqa,fullload,n293477,5125ea3a-1174-4e40-99ee-f8bd1d10fdf5,82.62282190844417,26944947,59,391,391,1.0,29.244847130030394,8.340466301888227,0.0,0.6397119723260403,1.266550738364458,8.87728901579976,33.71113212779164,15.427199192345142
qwen,gqa,A,n293477,c00caa8f-0013-44f3-84a1-951e4e423d5f,86.48495376110077,26945085,59,391,391,1.0,28.104704804718494,7.972790393978357,0.629303976893425,0.8567022159695625,1.2849760241806507,7.981341797858477,39.10433268174529,14.966771006584167
qwen,gqa,B,n293477,2fae5f37-e1b7-4919-b033-36ee07c268f4,56.39823013916612,6876725,59,391,98,0.2506393861892583,9.644926991313696,7.323270663619041,0.6408919580280781,0.9341356344521046,0.3771907649934292,3.145003691315651,31.908880453556776,5.640808027237654
qwen,gqa,fullload,n44249,af7d0a8b-8988-4f67-9c38-c94415ef5b91,73.48745595663786,23271528,59,345,345,1.0,26.029696222394705,7.67678814008832,0.0,0.5843252874910831,1.1633634567260742,7.3654139414429665,31.171800568699837,13.449402991682291
qwen,gqa,A,n44249,62851fa7-48ce-4acf-8895-cab80a495ca3,91.95102890953422,23271665,59,345,345,1.0,24.969125632196665,8.134233299642801,0.6411988288164139,0.8180621080100536,1.0813656263053417,8.62961495295167,46.87018459662795,13.410567305982113
qwen,gqa,B,n44249,acf7cc13-f58c-410f-9760-6c3b56663b88,48.831029795110226,6242163,59,345,87,0.25217391304347825,9.06509393826127,6.914542522281408,0.5827299319207668,0.813616905361414,0.34206733107566833,2.730999607592821,26.701525319367647,5.158320069313049
qwen,gqa,A,n331357,bbfe4205-107c-48f7-89c8-7a366ae26e30,90.6476229429245,23269963,59,322,322,1.0,29.743439983576536,7.331481669098139,0.5660755559802055,0.7781502790749073,1.037514302879572,7.4763791635632515,47.105607111006975,14.273276086896658
qwen,gqa,B,n331357,5a7a2d91-eeb6-4f88-98c4-b331075f0309,49.9621806666255,5896289,59,322,81,0.2515527950310559,8.556900545954704,6.940382532775402,0.6320220418274403,0.7596639916300774,0.36015966907143593,3.2205008901655674,26.592570822685957,5.51695516332984
qwen,gqa,fullload,n331357,2af2a8bf-8178-4271-a5af-a3e780595ec4,95.5612100660801,23269825,59,322,322,1.0,25.67004319280386,8.374320343136787,0.0,0.5429321900010109,1.3198773376643658,7.8714825212955475,51.936549600213766,13.298653066158295
qwen,gqa,B,n51002,d3bb9deb-18ed-4c74-a78e-a07f1d87431d,67.19645112752914,6242165,59,345,87,0.25217391304347825,9.190836921334267,6.700062658637762,0.5727182142436504,0.829154159873724,0.32881181687116623,2.6043877005577087,45.504089910537004,5.197856109589338
qwen,gqa,fullload,n51002,9ec8c53f-e3ae-4e07-9a81-f78d9e3422c4,72.18751590698957,23271528,59,345,345,1.0,25.673232972621918,7.6931556686758995,0.0,0.5888077430427074,1.1778944171965122,7.294937968254089,30.222726054489613,13.264364562928677
qwen,gqa,A,n51002,8124e818-2cf7-4ac3-8445-54f09264b8b3,100.68957693874836,23271666,59,345,345,1.0,24.889433290809393,9.843701496720314,0.8591762743890285,0.7523219101130962,1.6968180425465107,8.83275642991066,51.835931837558746,13.484090100973845
qwen,gqa,fullload,n244826,4564770f-f338-430f-aebe-3fdda4de3e8d,67.64898030087352,19598108,59,299,299,1.0,22.253055591136217,7.235187105834484,0.0,0.5323467776179314,0.9872075170278549,6.434565410017967,30.29819345101714,11.636645998805761
qwen,gqa,A,n244826,030d852f-88ab-4862-9c69-98f225d63109,68.33143485710025,19598246,59,299,299,1.0,22.04346377402544,7.444133050739765,0.5531436763703823,0.6873738020658493,1.0380209423601627,6.342881359159946,30.273270793259144,11.43424492329359
qwen,gqa,B,n244826,5ba09a8d-fc6f-4ecb-883c-a10749a48c83,49.94877288118005,5550403,59,299,75,0.2508361204013378,8.385105058550835,8.126489818096161,0.7583289407193661,0.6956928409636021,0.43327314779162407,3.110482357442379,26.123618241399527,5.038411822170019
qwen,gqa,fullload,n470131,5678a209-062d-45ef-8a7a-c7af4304929c,73.4245809726417,23271528,59,345,345,1.0,26.052351109683514,7.716505788266659,0.0,0.5820430815219879,1.1735823936760426,7.420992478728294,31.029462814331055,13.43620615079999
qwen,gqa,A,n470131,2233422c-82f4-4841-9867-638b64967e77,87.15861523523927,23271666,59,345,345,1.0,25.399026926606894,7.721154950559139,0.5968627519905567,0.7891841232776642,1.1805612593889236,7.167659234255552,44.41861482337117,13.189807068556547
qwen,gqa,B,n470131,85ad6f8a-646d-443b-b4f8-3ea626b4054f,66.46740902215242,6242169,59,345,87,0.25217391304347825,9.073095861822367,6.810628343373537,0.5863294936716557,0.7830117829144001,0.4751165397465229,2.5824783369898796,44.63610798120499,5.12272771447897
qwen,gqa,A,n195249,ca4a3cce-a399-4359-9a3d-c7b3b26a8bfb,78.4168723039329,19598246,59,299,299,1.0,22.543550934642553,7.418888621032238,0.5443277768790722,0.737448688596487,1.0516420006752014,6.569227669388056,39.63197534903884,11.843445245176554
qwen,gqa,B,n195249,e49980ea-99ae-45dd-83f5-ece606fccdf1,45.98636506125331,5550410,59,299,75,0.2508361204013378,8.4910336881876,6.302759982645512,0.5282927304506302,0.7289908826351166,0.2994709648191929,2.444818615913391,25.87409084662795,4.889881704002619
qwen,gqa,fullload,n195249,71476e9e-5981-4bb3-a0e3-eefc2996e4ca,67.07520503550768,19598108,59,299,299,1.0,21.58583700656891,7.145657204091549,0.0,0.5235536955296993,1.03307468816638,6.181507371366024,29.778752475976944,11.999730952084064
qwen,gqa,B,n281241,7f2948b6-564f-4d44-8395-8988c4f7f077,49.85070461407304,6242153,59,345,87,0.25217391304347825,9.489755146205425,6.642828229814768,0.5935663357377052,0.8097677491605282,0.42376434430480003,2.9519028030335903,27.694485615938902,5.277714226394892
qwen,gqa,fullload,n281241,c4cea441-9703-4f0e-9748-4806ff045078,76.48251298815012,23271528,59,345,345,1.0,25.973995216190815,8.110943716019392,0.0,0.5731577984988689,1.1492897756397724,7.53279123455286,33.49945321679115,13.466759119182825
qwen,gqa,A,n281241,01f9222a-e265-49eb-b25c-7f805f40a929,74.57208074629307,23271666,59,345,345,1.0,25.19614202901721,7.950522005558014,0.5795164033770561,0.7788948714733124,1.1796420440077782,7.319346070289612,31.23685857281089,13.287701178342104
qwen,gqa,fullload,n90294,42bfcec0-5fc9-4c97-b67e-de484c90edcc,80.67750977352262,26944947,59,391,391,1.0,29.37583578750491,8.113411255180836,0.0,0.6552017293870449,1.2745405547320843,8.406936656683683,33.14085304737091,15.34935086965561
qwen,gqa,A,n90294,b1a3bb1f-b7b1-44de-88ac-0dacd059a3eb,80.3428441286087,26945084,59,391,391,1.0,28.39306741952896,7.995866239070892,0.6309812888503075,0.8568349294364452,1.2835324741899967,8.152327500283718,32.8171132132411,14.835005160421133
qwen,gqa,B,n90294,c7ac8e30-c9c1-40e4-97df-42f3c675f2ac,54.94952807202935,6876728,59,391,98,0.2506393861892583,9.598596021533012,7.192656397819519,0.638062134385109,0.8594458922743797,0.34230342134833336,2.7919942513108253,31.748931854963303,5.450061056762934
qwen,gqa,fullload,n16425,a6f50c86-5375-455f-98fb-68f4f13577e1,68.6913700774312,19595962,59,270,270,1.0,22.43696805089712,7.092625368386507,0.0,0.49760984256863594,1.0394752025604248,6.522153969854116,31.427355483174324,11.709386948496103
qwen,gqa,A,n16425,8d009110-397b-4c98-b469-0c87e66adf12,75.8551498875022,19596100,59,270,270,1.0,21.925796288996935,10.701058432459831,0.9151496924459934,0.6586480885744095,1.5610982663929462,9.066035971045494,30.407960060983896,11.73865096643567
qwen,gqa,B,n16425,59a3097e-62bb-4651-b158-5f98fcd02219,55.00957230105996,5146750,59,270,68,0.2518518518518518,7.861586753278971,9.602127596735954,0.9474107064306736,0.6468179635703564,0.6394241936504841,3.508742433041334,26.46046318113804,6.773147266358137
qwen,gqa,A,n527589,6a78d837-3c26-4572-bd5c-400bf8a1b1c8,83.63289292901754,19595803,59,266,266,1.0,22.411203011870384,7.241899147629738,0.5337256006896496,0.6648479029536247,0.9746290743350983,6.665581371635199,44.192449655383825,12.656582985073328
qwen,gqa,B,n527589,02ab111a-5a5d-41c8-a426-847e2ee9c530,56.99420673772693,5089078,59,266,67,0.2518796992481203,7.979034911841154,6.274042185395956,0.495291780680418,0.6181998178362846,0.4783188924193382,2.4146162904798985,37.01635403558612,4.929438233375549
qwen,gqa,fullload,n527589,2d23eb8d-0e67-4bc8-8c07-335bcd845f78,80.6102599017322,19595666,59,266,266,1.0,21.842255257070065,11.56623288989067,0.0,0.4798527806997299,1.6144891269505024,9.594081435352564,31.964311841875315,13.714087195694447
qwen,gqa,B,n262929,748d97be-2f08-42a2-a30b-ef0b311c1807,55.24684628471732,6242147,59,345,87,0.25217391304347825,9.506994858384132,6.787274032831192,0.5901549011468887,0.82739582285285,0.4315003752708435,2.8281337581574917,32.960791140794754,5.3146108984947205
qwen,gqa,fullload,n262929,fe2f7b56-19f2-4b49-8aad-e696613132c0,76.34682534262538,23271528,59,345,345,1.0,25.789249688386917,8.107640314847231,0.0,0.593976117670536,1.2372233904898167,7.902765180915594,32.45946625247598,13.879405334591866
qwen,gqa,A,n262929,4a54b252-16b7-4cae-baee-e3d5eced1830,87.19794219359756,23271665,59,345,345,1.0,24.883858859539032,7.719812914729118,0.5837338976562023,0.7573319599032402,1.1914181523025036,7.2105093859136105,44.34453370049596,13.18206312134862
qwen,gqa,fullload,n48494,f5162dc7-d579-43f8-b1c5-d2a36dd59862,70.73727482929826,19596702,59,280,280,1.0,22.134412080049515,7.549080532044172,0.0,0.5043619312345982,1.0633640922605991,6.7097702994942665,31.957270111888647,11.931142304092646
qwen,gqa,A,n48494,b7ba735c-3d16-4b3e-a5b1-b85a2d75569e,68.49122419953346,19596840,59,280,280,1.0,21.352447103708982,7.264946587383747,0.5546757020056248,0.6762840785086155,0.9317435324192047,6.393233314156532,30.70120746269822,11.521284934133291
qwen,gqa,B,n48494,9ed6898b-fced-41d6-8c31-c5f4df4fe163,48.418266233056784,5262194,59,280,70,0.25,8.027573116123676,6.6247060894966125,0.5848021246492863,0.664765015244484,0.32407138496637344,2.843403723090887,26.680787559598684,5.283581092953682
qwen,gqa,fullload,n58220,31d5da49-54e9-4dec-9cd6-4d29cadf4b67,81.25100610777736,26944947,59,391,391,1.0,29.992256313562393,8.37449124082923,0.0,0.6512473337352276,1.2778551317751408,8.39607184752822,33.31773541867733,15.517366118729115
qwen,gqa,A,n58220,2413b7fa-bbfa-4acf-919e-8149333b0e4b,80.40047669783235,26945085,59,391,391,1.0,28.990609105676413,8.179358206689358,0.6061950698494911,0.8839592337608337,1.29408435896039,8.208076003938913,32.53364656120539,14.951708260923624
qwen,gqa,B,n58220,b2e9258a-680f-474b-a3ed-0062351f9084,56.239733938127756,6876721,59,391,98,0.2506393861892583,9.749200195074081,7.198695559054613,0.5886289291083813,0.873146578669548,0.3510778769850731,2.815490122884512,33.00062194466591,5.4597570560872555
qwen,gqa,A,n522733,e18a0d67-3c48-4802-abb5-f85d97a88643,83.92645698040724,26945084,59,391,391,1.0,30.13735730201006,8.141250349581242,0.6015929393470287,0.9354329667985439,1.3278578408062458,8.625656366348267,35.28567450121045,15.304719097912312
qwen,gqa,B,n522733,ce45bb86-dc57-4d90-966d-47c8ab017335,50.17900513485074,6876717,59,391,98,0.2506393861892583,9.91050573065877,7.263930514454842,0.5842349492013454,0.8638710714876652,0.3421329893171787,2.860730979591608,26.8671209923923,5.52779994904995
qwen,gqa,fullload,n522733,11d10937-f7f0-4665-863f-48240ddab960,79.29473696276546,26944947,59,391,391,1.0,28.36594730615616,8.07454064488411,0.0,0.6565903313457966,1.3427482917904854,8.046702947467566,32.376193441450596,15.119656920433044
qwen,gqa,B,n199286,1ba8bfb8-c136-4326-aae5-73f971532988,53.70059935376048,6530681,59,368,92,0.25,9.70368692651391,7.57911242544651,0.6547486409544945,0.8823331445455551,0.5772938020527363,3.4073013812303543,28.619605116546154,5.507295019924641
qwen,gqa,fullload,n199286,2f2f33c3-ee4d-4bb1-a41c-06a2638b9589,75.52513293921947,23273230,59,368,368,1.0,25.850868318229914,7.872764486819506,0.0,0.6352700293064117,1.1473586782813072,7.3470170609653,33.06555515155196,13.374201953411102
qwen,gqa,A,n199286,262c657e-5807-4aa3-9258-9d10fbf7058c,76.96294970810413,23273368,59,368,368,1.0,24.968729820102453,7.550335954874754,0.5816794000566006,0.8803550153970718,1.179746352136135,7.012103218585253,34.64761795476079,12.997415382415056
qwen,gqa,fullload,n298104,bb0fe229-85d1-45f1-861e-79a1766f7d85,77.27857492864132,23271528,59,345,345,1.0,26.03961620479822,8.78799194470048,0.0,0.5728811956942081,1.2867213226854801,8.109609596431255,32.61573379859328,13.548651244491339
qwen,gqa,A,n298104,06725de6-5a54-4c75-9adf-fdb051ca7c1c,77.8878889977932,23271666,59,345,345,1.0,25.817140005528927,7.737440522760153,0.5775378085672855,0.7998780347406864,1.1818911880254745,7.2776032611727715,34.97350309044123,13.210983015596867
qwen,gqa,B,n298104,fe477864-7d41-4548-8a31-bed13bf637a7,49.21708069741726,6242169,59,345,87,0.25217391304347825,9.305652230978012,7.118546403944492,0.6198668852448463,0.75879180803895,0.4851333796977997,2.907196991145611,26.50936134159565,5.192599259316921
qwen,gqa,fullload,n166008,6050d69c-10fc-49fd-9d64-45a129faac1a,69.58197802305222,19595666,59,266,266,1.0,22.292491048574448,6.864729803055525,0.0,0.48779183998703957,0.9664003737270832,6.635161582380533,32.44375949725509,11.820686049759388
qwen,gqa,A,n166008,674cfb4f-3e04-4902-b339-e0c317f7ab31,85.73876786977053,19595804,59,266,266,1.0,21.430903114378452,7.002613972872496,0.5449680611491203,0.6550690159201622,0.9880717843770981,6.383977830410004,48.19458769634366,11.533603072166443
qwen,gqa,B,n166008,a106fa36-ba7f-4bf4-9b92-f5704652e520,69.62444493547082,5089082,59,266,67,0.2518796992481203,7.782988250255585,6.089095026254654,0.4771985113620758,0.6440063007175922,0.4421798512339592,2.2521051578223705,50.223242957144976,4.825328942388296
qwen,gqa,A,n67005,aba0a860-8d2a-43f9-a34d-1b80759c54bb,93.07850012555718,19595804,59,266,266,1.0,22.213838063180447,8.491561282426119,0.7422883063554764,0.6696698255836964,1.2256540358066559,7.80158769339323,49.79711351916194,12.806441634893417
qwen,gqa,B,n67005,f391e26c-5b8a-4a3e-a820-916a5c81bd3f,64.8344592191279,5089080,59,266,67,0.2518796992481203,8.041007909923792,6.085757631808519,0.47046178951859474,0.6022718735039234,0.2886601723730564,2.3002587258815765,45.73494801297784,4.687785170972347
qwen,gqa,fullload,n67005,1337cc04-f418-48fb-884d-971ec1da7a60,67.92952818796039,19595666,59,266,266,1.0,21.240130998194218,6.882687099277973,0.0,0.4614810459315777,0.9758546948432922,6.331328302621841,31.316189095377922,11.585546657443047
qwen,gqa,B,n154856,f69f9597-88b9-446d-91e6-b11a9c6c26a9,57.00170714408159,5262196,59,280,70,0.25,8.322400972247124,6.128229200839996,0.5002943798899651,0.7118401117622852,0.3139297477900982,2.4339016526937485,37.26855991408229,4.808936733752489
qwen,gqa,fullload,n154856,8a431acb-4181-4214-8c96-54873064fa0c,68.52936977520585,19596702,59,280,280,1.0,22.616893984377384,7.288939319550991,0.0,0.49495790153741837,0.9999792091548443,6.528276950120926,31.089133583009243,11.696042027324438
qwen,gqa,A,n154856,a0d6be9f-48a3-4c45-b331-ca9b50acffe4,68.83859820663929,19596840,59,280,280,1.0,22.126364056020975,7.268726825714111,0.5201250314712524,0.6625093519687653,0.9377142414450645,6.30483403801918,31.089712399989367,11.595542076975107
qwen,gqa,fullload,n567860,9d70a3a1-23ab-4263-90b0-da1776b82b35,79.84451111406088,26944947,59,391,391,1.0,29.793103225529194,8.237708825618029,0.0,0.6605568341910839,1.2586405500769615,8.725717663764954,32.06415707245469,15.206343960016966
qwen,gqa,A,n567860,56529d07-6cc8-4e6c-92b6-ec5786c56b2c,81.06627175584435,26945085,59,391,391,1.0,28.599214740097523,8.066859096288681,0.6549246609210968,0.8586440235376358,1.2482334859669209,8.622278925031424,32.87702472880483,14.91019781678915
qwen,gqa,B,n567860,791c02aa-f6fc-4bac-9513-0403c5f8740c,49.40143600106239,6876713,59,391,98,0.2506393861892583,9.609924163669348,7.0583401247859,0.5713333375751972,0.8578207343816757,0.3508809022605419,2.7052098885178566,26.580013800412416,5.433037877082825
qwen,gqa,fullload,n314171,b8c1b31c-7e71-4977-b361-62227583aa1e,74.40114580094814,23273230,59,368,368,1.0,26.336813811212778,7.863553706556559,0.0,0.6471099331974983,1.148467417806387,7.6250010170042515,31.527751591056585,13.47093703225255
qwen,gqa,A,n314171,c9a9e597-0e91-4d04-b21e-542a3780b394,102.77752205729485,23273368,59,368,368,1.0,25.46591404825449,7.857213262468576,0.5960934795439243,0.8544358424842358,1.1958014219999313,7.346558850258589,59.29649155586958,13.446849305182695
qwen,gqa,B,n314171,afa76a0a-a493-473c-aad5-3ae7064fd807,57.29146068915725,6530679,59,368,92,0.25,9.417833760380745,6.818416528403759,0.5488493479788303,0.856081023812294,0.5226447246968746,2.716819290071726,34.95492227375507,5.273092072457075
qwen,gqa,A,n437064,c38ecd78-2669-4f9d-bea4-9f02e864e83b,73.95050209015608,23271666,59,345,345,1.0,25.863510090857744,7.558571640402079,0.562664121389389,0.8226511999964714,1.1659800074994564,7.587259169667959,30.678592156618834,13.472085818648338
qwen,gqa,B,n437064,2fcff2c5-d5bb-4368-88ba-f7f31e9ce0c3,60.47838367521763,6242162,59,345,87,0.25217391304347825,9.196176193654537,6.596773397177458,0.5773692391812801,0.8048070594668388,0.42258482426404953,2.678533550351858,38.86484494432807,5.182445049285889
qwen,gqa,fullload,n437064,46ab6efa-12ba-4dba-a5bc-a3da7703823a,74.57615016028285,23271528,59,345,345,1.0,25.400434620678425,7.752161007374525,0.0,0.584788154810667,1.1625834740698338,7.270060479640961,32.50129381194711,13.268159236758947
qwen,gqa,B,n498140,74d3ed15-3724-4dff-bf20-21cb208fc973,56.95801880210638,6242165,59,345,87,0.25217391304347825,9.245221968740225,7.225483655929565,0.662908423691988,0.815854873508215,0.5724015645682812,3.291543573141098,33.40197214856744,5.214666947722435
qwen,gqa,fullload,n498140,853fb602-744a-4a53-869b-8de0ac78ce33,76.18964184075594,23271528,59,345,345,1.0,25.833155028522015,7.898183073848486,0.0,0.5867290310561657,1.1798609048128128,7.562235929071903,32.942057121545076,13.590639922767878
qwen,gqa,A,n498140,821addab-a1d3-4c42-92a6-f3b321cb3a5b,80.31334588304162,23271666,59,345,345,1.0,25.255380664020777,7.607724983245134,0.590902753174305,0.7680030539631844,1.177954487502575,7.222034502774477,37.65858802944422,13.121541123837233
qwen,gqa,fullload,n16656,f3757fc3-b329-4a6b-ab40-bdbdb056d5c2,83.97749625146389,26946650,59,414,414,1.0,29.59149982780218,9.541272651404142,0.0,0.6662248633801937,1.3658460229635239,9.296298958361149,33.52024359628558,15.5323869548738
qwen,gqa,A,n16656,162bd3bc-18e4-469e-bbe4-41e7bd77e001,95.39184719324112,26946788,59,414,414,1.0,28.836924117058516,11.524512898176908,1.0126717388629913,0.9166402742266655,2.039710059762001,10.474790818989277,34.76867638528347,19.186249934136868
qwen,gqa,B,n16656,1a434abc-250d-4ab8-9d09-8f8335e13326,52.381847985088825,7222587,59,414,104,0.25120772946859904,10.186408180743456,7.809942122548819,0.6738891825079918,0.9108860976994038,0.3839959390461445,3.063648007810116,27.689392678439617,5.642984993755817
qwen,gqa,fullload,n329479,360344b6-cb58-406f-b30c-c463dd8effe5,74.50355775654316,23271528,59,345,345,1.0,25.85210232064128,7.930654101073742,0.0,0.5924347788095474,1.13997096195817,7.808111142367125,31.349585857242346,13.562353327870369
qwen,gqa,A,n329479,9637aad8-b3e3-42bb-a2fc-09b5a67d5635,107.8074430115521,23271666,59,345,345,1.0,24.962622206658125,10.326649062335491,0.8891900070011616,0.7738820277154446,1.752955373376608,9.252549149096012,59.060110710561275,13.426403980702162
qwen,gqa,B,n329479,62eee274-9fe3-4c77-8e00-9f35aa07812c,80.19203273579478,6242181,59,345,87,0.25217391304347825,9.17842099443078,11.187246069312096,1.1187014169991016,0.8084950968623161,0.8695567958056927,4.204633180052042,47.66033357009292,6.759035866707563
qwen,gqa,A,n406334,3dec166d-595b-4b82-ae64-f7e49fb0c4c6,94.03506806120276,23273368,59,368,368,1.0,26.423907838761806,8.289068471640348,0.6177797913551331,0.8934331126511097,1.164355780929327,8.181368000805378,48.68262307718396,13.591158203780651
qwen,gqa,B,n406334,967480dc-15a9-448f-ad04-bc03ab746350,49.71959814429283,6530685,59,368,92,0.25,9.507933165878057,7.034513633698225,0.607567373663187,0.809784047305584,0.550540629774332,2.8310194611549377,26.832967065274715,5.324223078787327
qwen,gqa,fullload,n406334,c597bfda-b450-4ea5-b8ce-158f81ff64fb,89.17210437357426,23273230,59,368,368,1.0,25.391790084540844,7.9790642485022545,0.0,0.6176098249852657,1.1740792542696,7.367440033704042,46.637117862701416,13.237108942121267
qwen,gqa,B,n302387,4147c2a2-b89f-4fb9-9165-f6d5cce3a100,76.26265473663807,6876715,59,391,98,0.2506393861892583,9.975218214094639,11.26089645549655,1.172124408185482,0.8983728475868702,0.5994439125061035,4.445004276931286,42.31491684913635,7.7162738889455795
qwen,gqa,fullload,n302387,2199e4a7-1182-4031-beab-e14484f0a5d0,83.56989035382867,26944947,59,391,391,1.0,29.450712725520134,9.084331337362528,0.0,0.6628911942243576,1.3647284358739853,9.121139533817768,34.40121514722705,15.198392327874899
qwen,gqa,A,n302387,03c593a9-9841-4f47-9f85-c2321c3e7a97,97.12556377053261,26945085,59,391,391,1.0,28.82158476859331,8.420973550528288,0.6897030398249626,0.9068669751286507,1.381486188620329,8.509038481861353,48.502431716769934,14.873902779072523
qwen,gqa,fullload,n52544,3fb06e98-37a7-4820-b888-3c75c7c3fc74,76.25034637749195,23271528,59,345,345,1.0,26.07510006055236,7.992999162524939,0.0,0.5957339890301228,1.1768811382353306,7.653896696865559,33.13462436199188,13.421528041362762
qwen,gqa,A,n52544,f4d7be88-e6f7-4553-be57-58efbf94d414,84.73953418433666,23271666,59,345,345,1.0,25.496136862784624,7.784245535731316,0.5706981755793095,0.7783100008964539,1.2011947110295296,7.303227204829454,41.64417367428541,13.264046981930733
qwen,gqa,B,n52544,80b2a92c-b6f4-4a99-950f-1e78bd8aeb60,60.873657930642366,6242171,59,345,87,0.25217391304347825,9.153790771961212,8.64297989755869,0.7700016722083092,0.7819579914212227,0.6618271581828594,3.225869033485651,35.7864061370492,5.175791680812836
qwen,gqa,fullload,n540852,19dde0e2-a193-41a8-9be8-9c7a46580a8d,94.33186566457152,30620070,59,460,460,1.0,32.99436578527093,11.682580690830946,0.0,0.7355650886893272,2.231837250292301,12.146404944360256,34.5850670710206,17.54076825454831
qwen,gqa,A,n540852,18ee8470-f94e-4401-ac95-acad2c466a4e,85.95756720751524,30620208,59,460,460,1.0,32.054219860583544,8.92986310645938,0.7239272817969322,0.9935330599546432,1.3286136090755463,9.084287565201521,32.83980116248131,16.618243884295225
qwen,gqa,B,n540852,41f06b46-0feb-4a66-944f-3f8c56155604,54.52826805412769,7856963,59,460,115,0.25,10.666682850569487,8.609435055404902,0.7606353610754013,0.9883199818432331,0.4494115710258484,3.3466177992522717,27.92214695364237,5.891317036002874
qwen,gqa,A,n234722,1aafe2ee-06c4-4962-9433-4b43cba34038,83.70022289454937,26945084,59,391,391,1.0,29.808051884174347,8.540816605091095,0.6541158072650433,0.9352518245577812,1.2056538835167885,8.778565097600222,34.12689967080951,15.531891956925392
qwen,gqa,B,n234722,c2792641-e153-4bf7-97d8-73568afa6555,54.613539949059486,6876703,59,391,98,0.2506393861892583,9.879149962216616,7.572053000330925,0.689581036567688,0.8520418778061867,0.3927391953766346,3.5755056887865067,28.95890176296234,5.980827379971743
qwen,gqa,fullload,n234722,433caafa-c120-468a-b5e8-d226dafb1084,84.54981679096818,26944947,59,391,391,1.0,28.64493802189827,8.807789534330368,0.0,0.6443150341510773,1.2041484005749226,10.400841478258371,34.65159656479955,14.893616084009409
qwen,gqa,B,n494918,06c627a6-9147-416c-832b-64de935be03a,54.59268810227513,5089070,59,266,67,0.2518796992481203,8.1700817681849,6.403622217476368,0.5342862568795681,0.6646420806646347,0.4280055873095989,2.8099040500819683,33.81693968549371,4.808264784514904
qwen,gqa,fullload,n494918,20ab73c2-401b-4eed-9c3e-9ab2ee76fc53,69.88158216699958,19595666,59,266,266,1.0,22.279963362962008,6.658407859504223,0.0,0.47356635332107544,0.9728670120239258,6.579224020242691,33.142050728201866,11.775126215070486
qwen,gqa,A,n494918,8006c51a-835d-4ac4-88bf-b140c4e55c18,75.12491475790739,19595803,59,266,266,1.0,21.422637160867453,6.7453160881996155,0.49958936870098114,0.612861942499876,0.9860023856163025,6.329407915472984,38.19651249796152,11.324691586196423
qwen,mt,fullload,n130464,6a6fa3b5-e910-4199-97b6-2adcfdce3167,80.65710496157408,26944947,59,391,391,1.0,30.133267864584923,8.278007619082928,0.0,0.6587873212993145,1.2812656350433826,8.615890983492136,32.835173420608044,15.401698183268309
qwen,mt,A,n130464,81bdf28b-508b-4ab3-b90e-3f37d2093592,82.49442791566253,26945085,59,391,391,1.0,29.15615402162075,9.153306018561125,0.7331217639148235,0.9306208230555058,1.3162246905267239,9.186123963445425,31.807359773665667,15.521823894232512
qwen,mt,B,n130464,9ac7352c-327e-42b7-b217-d4445b1cc76c,62.3238799162209,6876719,59,391,98,0.2506393861892583,9.677163325250149,11.47378096356988,1.1614812538027763,0.9195669554173946,0.6151138804852962,4.496474284678698,28.253434225916862,7.624667137861252
qwen,mt,fullload,n9856,022552b2-e048-4ec1-86db-9434a41df498,84.74659593775868,23271528,59,345,345,1.0,26.257431134581566,7.974207401275635,0.0,0.5907639861106873,1.1681695468723774,7.830813992768526,41.4499188773334,13.537805061787367
qwen,mt,A,n9856,d434f8a3-4c49-4e58-b7cc-eebe78bb3fce,83.77495082095265,23271666,59,345,345,1.0,25.345897767692804,8.073622360825539,0.5999733693897724,0.7967827841639519,1.189101953059435,7.729179225862026,39.56794971600175,13.569310773164034
qwen,mt,B,n9856,c8506cd8-faa8-443d-8414-7c52d2cfa3da,48.82031213492155,6242142,59,345,87,0.25217391304347825,9.260782040655613,6.929747294634581,0.5803182721138,0.7751770317554474,0.5236458964645863,2.890927717089653,26.485281996428967,5.209206137806177
qwen,mt,A,n470131,115ff3df-d5dd-4163-9f73-bd8525c040ca,86.9798338972032,23271666,59,345,345,1.0,27.409751899540424,7.889403961598873,0.5749333649873734,0.8313371799886227,1.2607071548700333,8.17448040470481,41.50774097070098,14.453609008342028
qwen,mt,B,n470131,b7882766-9e55-42bc-96e5-c80ba5f8fd06,61.71916797757149,6242169,59,345,87,0.25217391304347825,9.28846187889576,11.053949128836393,1.1247196234762669,0.770052894949913,1.097609754651785,4.344156943261623,27.890182100236416,7.897433824837208
qwen,mt,fullload,n470131,30b33bf2-1f2d-4e30-ae09-3b2f9f0f7407,80.78643586486578,23271528,59,345,345,1.0,25.442002341151237,9.457044303417206,0.0,0.5787680856883526,1.4073671773076057,8.875078056007624,30.73617722839117,16.51208382099867
qwen,mt,B,n228268,e56e315f-e678-49be-a542-670acc194def,54.97848615050316,6242164,59,345,87,0.25217391304347825,9.70438215881586,7.172333542257547,0.6054649129509926,0.8480646647512913,0.5852701142430305,3.119898494333029,31.26068552955985,5.608963314443827
qwen,mt,fullload,n228268,1507a26c-8232-429c-b67b-a6f5e7b9526c,73.68481205776334,23271528,59,345,345,1.0,26.271990034729242,7.7687459997832775,0.0,0.5757738836109638,1.1252020485699177,7.807923946529627,30.881027691066265,13.431122992187738
qwen,mt,A,n228268,fa53e4e1-626f-4e47-a050-8e5f8813947c,78.49199511110783,23271666,59,345,345,1.0,25.791309773921967,7.794131990522146,0.5600587464869022,0.770282931625843,1.1432953178882599,7.461108732968569,35.5621762573719,13.127542566508055
qwen,mt,fullload,n313060,bc1ed69f-67f7-46cd-8eb4-e1accc1fb110,98.78367418423295,34295192,59,529,529,1.0,37.266863975673914,11.098706163465977,0.0,0.8338890038430691,1.7609787173569202,11.953310575336218,35.96225706860423,19.857772160321474
qwen,mt,A,n313060,1cdef4bf-82e4-47ea-8e46-3a77c32e307f,97.35355293378234,34295329,59,529,529,1.0,36.546651273965836,11.028807610273361,0.8760448545217514,1.1459137313067913,1.8669776618480682,11.513316538184881,35.030812956392765,18.682106398046017
qwen,mt,B,n313060,ebf8d15e-cea8-450f-bb0e-c1b05a5a9b79,62.097427900880575,8894581,59,529,133,0.2514177693761815,11.83974090963602,9.647729806602001,0.9302347898483276,1.178183127194643,0.5093184299767017,3.9452477358281612,32.0190479978919,6.4958808943629265
qwen,mt,fullload,n433692,e810be2b-3c87-49b3-90b2-dcc14dd7c2bc,101.23124113306403,26944947,59,391,391,1.0,30.942022800445557,13.529945630580187,0.0,0.6435099057853222,2.0250934176146984,13.069885317236185,38.514161948114634,18.042108975350857
qwen,mt,A,n433692,89afdff7-dd40-479a-b65d-e4fc5bb903a9,86.50843007490039,26945085,59,391,391,1.0,28.86509709060192,10.007818229496479,0.815847422927618,0.8599292486906052,1.4447206631302834,9.885228704661131,34.00829154998064,15.39933867752552
qwen,mt,B,n433692,6fd16883-880c-48c1-932b-4ce5e4b62b6f,56.69516930356622,6876721,59,391,98,0.2506393861892583,9.940542746335268,8.882606867700815,0.8261241018772125,0.9522079490125179,0.4603192210197449,3.625825047492981,26.82165987789631,7.741442881524563
qwen,mt,A,n483840,3fc37906-e1e3-4740-8e02-3e2f8c52d166,85.11316264048219,26945085,59,391,391,1.0,29.854599852114916,8.602877613157034,0.686293002218008,0.9074411354959011,1.2110872194170952,9.195121470838785,34.28087290376425,16.325723845511675
qwen,mt,B,n483840,49f03a42-0a27-42d9-ae80-ea29a01621db,50.96321413293481,6876729,59,391,98,0.2506393861892583,10.04885695874691,7.221044041216373,0.616392120718956,0.8643860928714275,0.34982385113835335,2.95018358156085,27.433038223534822,5.5634379386901855
qwen,mt,fullload,n483840,d3af2f20-dc90-4890-b156-f2e00ae33ee1,92.37094921991229,26944947,59,391,391,1.0,28.76063110306859,13.178017921745777,0.0,0.6301440298557281,2.000665757805109,12.494917958974838,34.73695553839207,15.468573197722435
qwen,mt,B,n115614,52ce10bc-9e7a-4e59-9291-f936d4f30b54,56.072324980050325,6242168,59,345,87,0.25217391304347825,9.743627160787582,8.159258868545294,0.7127607241272926,0.8545569144189358,0.7049981504678726,3.4085423685610294,30.61185823753476,5.6072198785841465
qwen,mt,fullload,n115614,3963d8e6-f65a-4065-859a-3bc5a15731d3,80.65230585634708,23271528,59,345,345,1.0,26.074685156345367,9.140705689787865,0.0,0.5871611647307873,1.3457294553518295,8.71324259787798,32.109830528497696,15.4339037835598
qwen,mt,A,n115614,bb383a6e-e039-4bd5-a4be-02ae23c455b8,76.84731390327215,23271666,59,345,345,1.0,25.600702967494726,8.769351057708263,0.6539174355566502,0.7462482899427414,1.2897457927465439,8.124776650220156,31.8367057479918,13.247987255454063
qwen,mt,fullload,n59627,4d1eeebd-a304-4607-adcb-9494541337d9,81.85785776004195,26946650,59,414,414,1.0,30.873680021613836,8.521289564669132,0.0,0.7026400417089462,1.270250417292118,8.922701235860586,32.16505376622081,16.346793621778488
qwen,mt,A,n59627,1c94e558-23f7-449a-b92c-26ec131df636,80.45876026153564,26946788,59,414,414,1.0,29.14979914203286,8.344233501702547,0.62197120860219,0.9525129571557045,1.3165296986699104,8.306573610752821,31.993998680263758,14.980411157011986
qwen,mt,B,n59627,ffed3590-1442-40a3-a569-674d44847231,51.25837214291096,7222598,59,414,104,0.25120772946859904,10.141209699213505,7.302046287804842,0.661185011267662,1.00026186555624,0.36761071532964706,3.0189193785190582,27.077347971498966,5.682817660272121
qwen,mt,fullload,n162108,ac81e801-968b-49d9-9e91-90092a248562,90.8029549755156,26944947,59,391,391,1.0,30.78923001885414,10.334429796785116,0.0,0.6472039967775345,1.5632668510079384,10.611813515424728,37.18368383124471,16.52579428628087
qwen,mt,A,n162108,2a56ee9a-f669-451a-b6d6-953f729399f1,98.04084477946162,26945085,59,391,391,1.0,29.190097004175186,13.321870472282171,1.2035109102725983,0.8787908591330051,1.9255010411143303,12.388494797050953,33.75291218981147,19.111887086182833
qwen,mt,B,n162108,d5718bc2-d6dc-4d87-90d8-4b21fe5675ec,50.787830259650946,6876711,59,391,98,0.2506393861892583,9.873786009848118,7.175827864557505,0.625761691480875,0.9182337671518326,0.35671237856149673,2.888760529458523,27.332741767168045,5.558832082897425
qwen,mt,A,n469525,aa176de8-a181-4900-a7f1-ee711b3bef7c,112.5672128982842,23271665,59,345,345,1.0,26.528545655310154,7.970905397087336,0.5760211497545242,0.8427416905760765,1.2626852840185165,8.13269428908825,66.8608620762825,14.542324002832174
qwen,mt,B,n469525,c0c95ce1-73e7-4e68-8f16-a6edc257c39d,72.89965031668544,6242167,59,345,87,0.25217391304347825,9.237886872142553,6.886010989546776,0.5603325553238392,0.7733418606221676,0.5184714682400227,2.8791334480047226,50.17073033377528,5.527693312615156
qwen,mt,fullload,n469525,04b4f868-6a58-479c-8a99-ca40ce1309c8,74.19478381052613,23271528,59,345,345,1.0,25.403733830899,7.733455393463373,0.0,0.5875318311154842,1.1089462786912918,7.514169905334711,31.87136398628354,13.380172196775675
qwen,mt,B,n460556,c0c2990a-76e4-420b-ad6e-d467358d7197,80.02208871766925,6876716,59,391,98,0.2506393861892583,10.630233213305473,11.74087543040514,1.1828173883259296,0.9173844009637833,0.6527649238705635,4.743553698062897,44.306475669145584,8.341873995959759
qwen,mt,fullload,n460556,b6390e74-ac1f-426b-9cdf-e832832d9d08,80.15313604846597,26944947,59,391,391,1.0,29.39027501270175,8.284573443233967,0.0,0.6655869074165821,1.2845145538449287,8.723287843167782,32.123707700520754,15.407238155603409
qwen,mt,A,n460556,b2dd3361-1df4-4789-bb3c-39da8334337d,99.3774188682437,26945085,59,391,391,1.0,28.590918984264135,9.814532473683357,0.8159000426530838,0.8935881778597832,1.416646409779787,9.664298500865698,47.6527470164001,15.171296894550323
qwen,mt,fullload,n477702,e4a940f0-1f9b-49c2-83de-a4c37a37caab,86.2689190544188,23273230,59,368,368,1.0,26.734870858490467,12.778635136783123,0.0,0.6190282292664051,1.9033136777579784,11.27140037715435,32.20934560522437,14.578512869775295
qwen,mt,A,n477702,931303b5-e6a7-44e4-911c-72867fdc316c,86.03201294317842,23273368,59,368,368,1.0,25.76264087110758,10.207451414316893,0.8549122139811516,0.7999162189662457,1.551209483295679,9.673241525888443,35.735887475311756,14.759663958102465
qwen,mt,B,n477702,946be0ff-44fc-419f-b9e2-830c24248b4a,69.26271878182888,6530692,59,368,92,0.25,9.659149218350649,7.066686172038317,0.5835499614477158,0.8837529458105564,0.5485354922711849,3.0878172256052494,46.09308624640107,5.341226235032082
qwen,mt,fullload,n302387,dc7e4eb2-8112-4016-8096-39e045b527c7,83.41423375532031,26944947,59,391,391,1.0,30.40078654885292,8.398831356316805,0.0,0.6434009410440922,1.3594222255051136,9.095041081309319,33.52217981591821,16.612080857157707
qwen,mt,A,n302387,47d054ee-42ff-4f04-9fbc-0d2b8778f0af,84.9049398675561,26945085,59,391,391,1.0,28.495884034782648,8.57994519174099,0.6836364045739174,0.8921511471271515,1.1795000173151493,9.38265211880207,34.67945009469986,15.489368699491024
qwen,mt,B,n302387,f19a662d-ab70-4a35-aaae-ecc7fc6276f2,75.71659469977021,6876715,59,391,98,0.2506393861892583,10.057799983769655,11.202622670680285,1.1161123402416706,0.9073889814317226,0.5953502841293812,4.517530556768179,44.90561503916979,5.792304873466492
qwen,mt,A,n493357,5c2d9388-1b94-4ef8-9a85-4b5979c7f302,93.7305181287229,26945085,59,391,391,1.0,29.621251858770847,8.080847095698118,0.6561875343322754,0.9350827895104885,1.2134630233049393,8.937814272940159,43.740359134972095,16.257941257208586
qwen,mt,B,n493357,2be41736-710f-48f7-a496-4bdd866e82b0,54.55675395205617,6876707,59,391,98,0.2506393861892583,9.95932798832655,8.46926448866725,0.7742336019873619,0.8413600735366344,0.44243456795811653,3.614366054534912,28.617949225008488,5.556528922170401
qwen,mt,fullload,n493357,c6bd3bfa-d832-4b44-9567-dd81bc182c1c,80.82544570788741,26944947,59,391,391,1.0,29.056726023554802,8.196624927222729,0.0,0.6550471298396587,1.2600435875356197,8.564844727516174,33.495931420475245,14.98800702393055
qwen,mt,B,n329514,416201e2-1678-439b-86fa-5ce81cb065a0,65.65360492095351,6242152,59,345,87,0.25217391304347825,9.670719038695097,7.497729733586311,0.6797420792281628,0.830069649964571,0.6167278625071049,3.8190316408872604,39.61378801614046,6.137572228908539
qwen,mt,fullload,n329514,524225d8-4a42-49cb-877d-f2bc64547015,74.08622605726123,23271528,59,345,345,1.0,26.270531117916107,7.808609399944544,0.0,0.6008069030940533,1.1290381662547588,7.76153989136219,30.94691736623645,13.72803095728159
qwen,mt,A,n329514,0617eb85-8299-4b6f-ae0b-107458db3d4c,76.16984518244863,23271664,59,345,345,1.0,25.50123492255807,7.869882043451071,0.5611157976090908,0.779678113758564,1.169024035334587,7.746414747089148,32.45290368795395,13.29695200547576
qwen,mt,fullload,n275148,7e09b1e8-30b7-42d9-b1ad-2cb2b893c20e,85.34710528329015,26944947,59,391,391,1.0,30.740277841687202,8.989679161459208,0.0,0.6690910086035728,1.3711308129131794,9.91846714168787,34.04610278084874,16.268472652882338
qwen,mt,A,n275148,50c56a80-dc27-4c49-9001-b735f88aa48b,80.44727658852935,26945085,59,391,391,1.0,28.96350109949708,8.299847599118948,0.6653238087892532,0.8451957255601883,1.1698915623128414,8.577908854931593,31.789904925972223,15.266918111592531
qwen,mt,B,n275148,8654bcb9-5b28-422f-8928-9264cfb005a2,59.618924744427204,6876709,59,391,98,0.2506393861892583,10.042104870080948,10.73572039604187,1.089661382138729,0.9319121018052101,0.5684993229806423,4.245912190526724,26.637563481926918,7.693495135754347
qwen,mt,fullload,n257997,4acca116-5fa7-4b8a-9c8a-d0f577302091,76.37210981920362,19595962,59,270,270,1.0,23.095803800970316,8.523536380380392,0.0,0.49403170123696327,1.1646575294435024,7.665070705115795,35.05300311371684,12.776416260749102
qwen,mt,A,n257997,8017b803-4e7a-4c2e-9fe3-f4fb446559ea,81.57309517264366,19596099,59,270,270,1.0,22.361814975738525,7.070343010127544,0.5245148204267025,0.6225588731467724,1.011101994663477,6.5873730927705765,42.82983113080263,12.34876923263073
qwen,mt,B,n257997,33853213-4d6c-441b-8a3b-08b27fbee343,62.4768459238112,5146764,59,270,68,0.2518518518518518,7.99111882224679,6.072481162846088,0.4930826835334301,0.615457072854042,0.3987383097410202,2.438402734696865,42.957326862961054,4.710537847131491
qwen,mt,A,n234683,dd8233ba-cbed-4aab-8651-f4c3109b09c2,85.80775884911418,26945085,59,391,391,1.0,29.72872368991375,9.074060712009668,0.7144822739064693,0.9090718813240528,1.2909197248518467,9.587314911186695,33.9997042901814,16.267355997115374
qwen,mt,B,n234683,0e1c835b-9429-474c-9eb0-6865321d18a7,52.87088826298714,6876707,59,391,98,0.2506393861892583,10.140527971088886,7.276768330484629,0.6043785251677036,0.9041633456945419,0.3724130801856518,3.2148300670087337,29.004042968153954,5.5323150008916855
qwen,mt,fullload,n234683,aea914af-861d-4dfa-be79-1d834b8ce753,80.61585016548634,26944947,59,391,391,1.0,28.970771934837103,8.211163338273764,0.0,0.631153117865324,1.2405076995491982,8.427856955677271,33.15722430124879,15.34971408545971
qwen,mt,B,n410476,293274b9-62c2-4a7c-a29f-85b0c3e579d6,50.753358751535416,6242164,59,345,87,0.25217391304347825,9.752331301569939,6.7962235771119595,0.5777338519692421,0.8537783287465572,0.5825082771480083,3.0866842716932297,27.52290852367878,5.625783000141382
qwen,mt,fullload,n410476,31be0a1c-f8f2-44d1-88ae-03f2697eff8d,75.09221928194165,23271528,59,345,345,1.0,26.114185340702534,7.747972384095192,0.0,0.5743731744587421,1.0974062606692314,7.867921143770218,32.1123250760138,13.56943603605032
qwen,mt,A,n410476,f7873329-757d-4bae-b50e-82f1fd4f36e8,88.46226707100868,23271666,59,345,345,1.0,25.83207283169031,7.862079422920942,0.5845227278769016,0.7660957053303719,1.1857012286782265,7.466910872608423,45.351212844252586,13.163588009774685
qwen,mt,fullload,n305495,e6c974b0-fe7c-4f67-a201-306f85a46d84,90.47107677906752,23271528,59,345,345,1.0,27.088190894573927,12.873558327555656,0.0,0.5890419706702232,1.9500483758747578,11.34159928187728,33.56158593669534,16.099289059638977
qwen,mt,A,n305495,4fd4a02f-1be8-4f39-bb5c-3ccb6ae0c8f2,76.82085316628218,23271666,59,345,345,1.0,25.358357932418585,8.2358424551785,0.5959491245448589,0.7830280810594559,1.2179366312921047,7.677339017391205,32.69135020673275,13.357076793909073
qwen,mt,B,n305495,76cac1f4-1538-430c-a1f7-d68a85e1d7c5,49.366293009370565,6242155,59,345,87,0.25217391304347825,9.176096878945827,6.979828234761953,0.5524437874555588,0.773291103541851,0.5115373060107231,2.8225164860486984,27.072951197624207,5.180600099265575
qwen,mt,fullload,n437192,43a3dde4-935f-43cd-9783-dc2baed7cb2c,92.452690936625,23271528,59,345,345,1.0,26.80835174396634,11.71050127595663,0.0,0.5859178490936756,1.788000576198101,10.839121881872416,40.19201872870326,14.69924720004201
qwen,mt,A,n437192,042a1283-eec9-46e4-b758-66164c6fb99e,75.93731302767992,23271666,59,345,345,1.0,25.431686080992222,7.847620639950037,0.5653076805174351,0.7954048924148083,1.2231920845806599,7.4859787710011005,31.755007337778807,14.099978376179934
qwen,mt,B,n437192,9f222e6b-2087-43af-a011-14c4b64dcfd4,58.866772800683975,6242159,59,345,87,0.25217391304347825,9.203766006976366,7.9154944978654385,0.6883605383336544,0.7467749528586864,0.6073666736483574,3.186848945915699,34.785978961735964,5.198297090828419
qwen,mt,A,n481655,f332a89e-49bf-4aa2-934a-dfd64f72df0f,93.3375908061862,26945085,59,391,391,1.0,29.692156240344048,10.009733960032463,0.7871892303228378,0.9538307785987854,1.3942336663603783,10.00095484778285,39.89436849951744,16.18301123380661
qwen,mt,B,n481655,34869210-1bcb-4a66-a080-8c3f0a22801b,51.077916752547026,6876706,59,391,98,0.2506393861892583,10.122936218976974,7.270538713783026,0.574394129216671,0.8532111532986164,0.35371212288737297,3.0328426510095596,27.427750173956156,5.62512781471014
qwen,mt,fullload,n481655,225b3d57-0ff5-4ff2-a141-c9e0c83573a0,85.78747417777777,26944947,59,391,391,1.0,28.507344890385866,9.590345900505781,0.0,0.6571169942617416,1.429073978215456,9.378485381603241,35.78215418383479,15.072550158947706
qwen,mt,B,n450919,cb12e03d-ddb9-42ff-990d-fd13f1c00a11,78.52777419611812,5089063,59,266,67,0.2518796992481203,8.325840812176466,8.937921840697527,0.7907780818641186,0.6910269148647785,0.7720156572759151,3.5052751190960407,53.29452035948634,5.036089103668928
qwen,mt,fullload,n450919,312a9432-053d-46af-b89e-0a8abfae3d33,82.22343912348151,19595666,59,266,266,1.0,22.290353197604418,7.8087663277983665,0.0,0.4906021058559418,1.080456655472517,7.258996367454529,39.05839519575238,15.093879774212837
qwen,mt,A,n450919,44788033-b568-4503-9d0c-510c74079737,83.40222202241421,19595804,59,266,266,1.0,21.934582851827145,9.23381233587861,0.7625985890626907,0.6061787717044353,1.3708234764635563,8.274341933429241,40.60642886906862,11.735640931874514
qwen,mt,fullload,n557666,98e29f3e-bdd4-462a-ab61-1a6191729bb2,82.38466503098607,23271528,59,345,345,1.0,26.396996341645718,9.973485954105854,0.0,0.5948799662292004,1.4417660422623158,9.315202478319407,33.08323910459876,14.320835005491972
qwen,mt,A,n557666,88b0ee7b-e8eb-4e58-ab91-61bc60ff8f74,89.54734308645129,23271665,59,345,345,1.0,25.370511692017317,8.231146261096,0.5888626910746098,0.7655578665435314,1.1520241387188435,7.829099893569946,43.97163167595863,14.747349079698324
qwen,mt,B,n557666,1886d344-a7c1-48af-8666-c4c023709291,48.8270721398294,6242155,59,345,87,0.25217391304347825,9.16589004918933,6.97171688079834,0.5609793588519096,0.7722983136773109,0.5017225630581379,2.815715968608856,26.623090729117393,5.162104032933712
qwen,mt,fullload,n256120,2f2a46cb-fe76-4abe-916e-795c10e149e8,111.99603416025639,23271528,59,345,345,1.0,26.7322501167655,9.090765379369259,0.0,0.5989237688481808,1.3015354052186012,8.508014027029276,65.55476691573858,14.533835928887129
qwen,mt,A,n256120,3745bd7c-21e6-4a2e-92f8-7fdbb4c05249,87.66934461891651,23271665,59,345,345,1.0,25.537852197885513,10.353180579841137,0.8433614857494831,0.7701409049332142,1.6205417923629284,9.24313673749566,38.404332008212805,13.823666144162416
qwen,mt,B,n256120,49624c06-a94b-4e62-9663-0ec0e1496f04,49.412524327635765,6242165,59,345,87,0.25217391304347825,9.077857714146376,7.117225788533688,0.5775978788733482,0.7765870541334152,0.5265399813652039,2.861559856683016,26.658053509891033,5.206903908401728
qwen,mt,A,n187961,880cea1c-dc34-4aa4-a748-5fda68f3b3cb,105.083541944623,26945085,59,391,391,1.0,29.409168753772974,13.598470948636532,1.231012400239706,0.9647230617702007,1.9626002758741379,12.937813065946102,41.552194859832525,17.366698943078518
qwen,mt,B,n187961,10545792-b205-4ef5-8f72-158b1301cf54,51.57450772821903,6876725,59,391,98,0.2506393861892583,10.183874052017927,7.270024158060551,0.6033480167388916,0.8464129641652107,0.3503076732158661,3.1038690358400345,27.882746420800686,5.561932921409607
qwen,mt,fullload,n187961,a44aefbf-6709-4af5-9968-1f8a11a3b08f,86.55063575133681,26944947,59,391,391,1.0,28.859613928943872,8.202606346458197,0.0,0.6456249393522739,1.2762811966240406,8.179401513189077,36.8424104526639,17.76771992444992
qwen,mt,B,n531731,83cf17cc-c967-4c44-b1c9-c9d9699d367c,81.56874822452664,6876705,59,391,98,0.2506393861892583,10.421234648674726,11.813074816018343,1.205188687890768,0.9339191019535065,0.6374213844537735,4.7817290760576725,45.91037007048726,8.236954919993877
qwen,mt,fullload,n531731,d8dc5500-08d4-4192-a42e-4030101c367b,83.26534181833267,26944947,59,391,391,1.0,29.764279257506132,9.156948421150446,0.0,0.639989972114563,1.3545257970690727,9.410008322447538,33.58460450544953,15.401328913867474
qwen,mt,A,n531731,0cf61d9e-e17b-4f64-b1ed-b88c237e6314,82.03963097184896,26945085,59,391,391,1.0,28.718127869069576,8.271692786365747,0.6331340409815311,0.9086881764233112,1.160226296633482,8.446091786026955,33.7765347212553,15.137684065848589
qwen,mt,fullload,n211324,4d0ae546-a1b4-4ecf-9c76-796cc800e26e,86.62099810317159,26944947,59,391,391,1.0,30.74435843154788,10.12373436242342,0.0,0.682012178003788,1.5169130638241768,10.385329835116863,33.428918570280075,16.47686492651701
qwen,mt,A,n211324,1b7f1418-dfc8-467f-8a87-7cf771fd578b,114.23201905563474,26945084,59,391,391,1.0,29.166024178266525,9.25427908077836,0.7509780116379261,0.925782136619091,1.311157364398241,9.264715947210789,63.168831169605255,15.547752846032381
qwen,mt,B,n211324,2a032af7-efde-4843-9b72-1f59a1274642,51.17859784513712,6876711,59,391,98,0.2506393861892583,9.884686674922705,7.202714681625366,0.6103985942900181,0.9389426559209824,0.3533484414219856,2.85511277616024,27.839804533869028,5.501535255461931
qwen,mt,fullload,n429961,1d79a714-1f93-4ef2-a7a1-9f9f8f4409f7,95.10652208700776,26944947,59,391,391,1.0,30.142929404973984,13.670437037944794,0.0,0.6591589190065861,1.959020271897316,12.81945500522852,33.495092298835516,17.095068003982306
qwen,mt,A,n429961,31edc373-d8e0-4caf-8f54-b732a71472d3,82.7524228952825,26945085,59,391,391,1.0,28.721137903630733,9.39538748934865,0.7791896350681782,0.8521829731762409,1.3162242248654366,9.127707686275244,32.21504483371973,15.071315225213766
qwen,mt,B,n429961,a7130595-3f21-42a0-a835-69b8480d6403,54.18530432507396,6876731,59,391,98,0.2506393861892583,9.848587680608034,8.534276857972145,0.7712766528129578,0.8948906324803829,0.4538106732070446,3.4385407343506813,28.518085833638906,5.473263096064329
qwen,mt,A,n88366,93b461ce-f502-4183-958f-7d3be76a3cd0,94.52169900760055,19598246,59,299,299,1.0,22.712588775902987,7.8283436596393585,0.5807229317724705,0.7316838018596172,1.103077083826065,7.1948254480957985,53.58131742104888,12.605464085936546
qwen,mt,B,n88366,5548bd18-d0d8-4398-b595-7a4de36cfc17,58.809956070035696,5550433,59,299,75,0.2508361204013378,8.691506925970316,6.366457790136337,0.5219294689595699,0.6887251511216164,0.4946161061525345,2.6326430961489677,37.99212398007512,5.049209110438824
qwen,mt,fullload,n88366,e17a8b56-27bf-4d57-b3a2-5b861931c7f9,87.57018996402621,19598108,59,299,299,1.0,21.85883466154337,7.296925876289606,0.0,0.5180700682103634,0.9854305535554886,6.5406677313148975,50.19807256758213,11.543334927409887
qwen,mt,B,n522733,6d4a3754-38af-4473-8c53-fd9dee8c6a18,67.88810109719634,6876717,59,391,98,0.2506393861892583,10.451966896653175,11.01644616574049,1.086078118532896,0.9010550566017628,0.6054844707250595,4.467676859349012,37.042209412902594,6.01390702649951
qwen,mt,fullload,n522733,a4f3f3ae-accb-44b9-b9ca-2639ed5f42e8,87.22228417173028,26944947,59,391,391,1.0,29.55032605677843,10.994290467351675,0.0,0.6493418477475643,1.6326666809618473,10.82255644723773,33.67712255567312,15.594583004713058
qwen,mt,A,n522733,8bb772aa-e965-4a56-a2b0-5d0a424e4c6c,84.81107372790575,26945085,59,391,391,1.0,28.35890371352434,9.249959141016006,0.7405546493828297,0.8988049812614918,1.328983809798956,9.284763131290674,34.534384962171316,14.98144119977951
qwen,mt,fullload,n288870,05f073ac-600f-4f07-98d6-0b24027bf835,91.66986681520939,23271528,59,345,345,1.0,26.879108976572752,12.886539567261934,0.0,0.5973977968096733,1.9939364865422249,11.793157085776329,32.654636073857546,17.87142176181078
qwen,mt,A,n288870,887b0708-bfc7-4a39-a5a4-89ec3dd1e346,102.42051584646106,23271666,59,345,345,1.0,25.08165268227458,9.146756026893854,0.7044300436973572,0.7867957465350628,1.370120793581009,8.450838271528482,54.907675832509995,13.567518908530474
qwen,mt,B,n288870,16c39ec5-e407-49a1-8aa7-41f2352655d8,53.25632402673364,6242155,59,345,87,0.25217391304347825,9.204146917909384,8.312729187309742,0.7801679894328117,0.7503381930291653,0.6329664029181004,3.200001548975706,28.633369598537683,5.181047134101391
qwen,mt,fullload,n541688,653b7dce-2bf7-479e-a457-ee47faafd153,91.94251103326678,23271528,59,345,345,1.0,26.871597860008478,8.538265712559223,0.0,0.632415059953928,1.2370692566037178,8.150540292263031,46.57528595998883,14.45197919383645
qwen,mt,A,n541688,144f96fa-5753-47ae-9f5d-98e228a00713,76.77161786705256,23271666,59,345,345,1.0,25.44167824089527,8.268675301223993,0.7050116546452045,0.7935427129268646,1.2740683741867542,7.670988794416189,31.96540242061019,13.735424261540174
qwen,mt,B,n541688,a34973f2-f689-4025-a001-24803775bcf5,56.5273598767817,6242169,59,345,87,0.25217391304347825,9.549615904688835,6.9210403598845005,0.5618883296847343,0.7752999663352966,0.5012513138353825,2.766968682408333,34.31774163618684,5.278687924146652
qwen,mt,A,n309148,f1118c27-f02e-4d7a-9c9b-2ea7013c3bc2,112.83830879256129,34295329,59,529,529,1.0,36.96228703483939,9.748711250722408,0.7929843850433826,1.1754166334867477,1.6691922210156918,11.345790233463049,50.779157783836126,20.108773838728666
qwen,mt,B,n309148,3fa48b87-86f6-4edd-ba3b-81b8fb79593c,55.10996002703905,8894603,59,529,133,0.2514177693761815,11.961016338318586,8.43233335763216,0.7867356762290001,1.1420631781220436,0.4096333868801594,3.6032437346875668,27.176656760275364,6.445793900638819
qwen,mt,fullload,n309148,74ad3604-0dc0-4f52-9a74-f42d0ae15422,91.64096927270293,34295192,59,529,529,1.0,35.4177332483232,9.386178571730852,0.0,0.8423612453043461,1.519284676760435,10.137616191059351,34.213314298540354,18.618719652295113
qwen,mt,B,n449058,8575d2b6-7469-40c3-9dcc-801bc4a72254,62.86973366513848,7222591,59,414,104,0.25120772946859904,10.940371081233025,10.725210420787334,1.04457326233387,0.9606257081031799,0.6021447479724884,4.389552399516106,32.11550274863839,6.175684742629528
qwen,mt,fullload,n449058,9abd8a28-f356-43d4-ae57-82330ad4c64f,84.68521712347865,26946650,59,414,414,1.0,29.38798302784562,9.985611774027348,0.0,0.6774701178073883,1.474443357437849,9.870759211480618,32.99742331728339,15.676628332585096
qwen,mt,A,n449058,5affb783-6a89-4b6e-8102-e0453a5ac347,81.0270207002759,26946788,59,414,414,1.0,28.615427669137716,8.192591834813356,0.630140770226717,0.9430800564587116,1.3024979270994663,8.381042163819075,32.70743181928992,15.16546681523323
qwen,mt,fullload,n489190,c843f08d-202f-4dfe-b287-df57b175beb7,76.59739814698696,23271528,59,345,345,1.0,26.99862513691187,8.083628956228495,0.0,0.6046919152140617,1.1367271654307842,7.942239288240671,32.091306522488594,14.470459427684546
qwen,mt,A,n489190,7fe04bb7-fb1b-476f-b87f-614755687198,75.41033299639821,23271666,59,345,345,1.0,25.434024166315794,7.777857594192028,0.549818854779005,0.7718270644545555,1.133468933403492,7.5906189158558846,31.867594923824072,13.568838126957417
qwen,mt,B,n489190,e41f6415-b9d7-4889-aa4e-1b0e97ee2528,49.86681789159775,6242159,59,345,87,0.25217391304347825,9.130298160016537,6.968843750655651,0.5596596747636795,0.7620691321790218,0.4930226132273674,2.821974456310272,27.591295074671507,5.180752836167812
qwen,mt,fullload,n95369,4e01f8d4-97fd-4b0d-afca-fec8943a22c5,82.88676710799336,23271528,59,345,345,1.0,26.89682599157095,8.731080684810877,0.0,0.5990928038954735,1.325574703514576,8.45484808087349,36.91273462027311,14.464212115854025
qwen,mt,A,n95369,3b2b6b62-ae01-41b9-81d8-bd72156a509d,75.4682319238782,23271666,59,345,345,1.0,25.537419132888317,7.816142402589321,0.5625123158097267,0.7896581664681435,1.2173424474895,7.510113995522261,31.543827150017023,13.755677733570337
qwen,mt,B,n95369,1e7f6b77-00a8-4de1-859a-4f5ad2d633ff,52.17215698212385,6242164,59,345,87,0.25217391304347825,8.983258157968521,8.033581543713808,0.7038661278784275,0.780405942350626,0.6406428292393684,3.2170992344617844,27.240009512752295,5.358446855098009
qwen,mt,A,n195925,57a0947c-86e1-4070-86aa-5ee8164d42b0,78.44605203717947,23271666,59,345,345,1.0,26.71263413503766,8.138539735227823,0.6081745959818363,0.8449181914329529,1.2314789928495884,8.248380851000547,32.595334108918905,14.334079343825579
qwen,mt,B,n195925,dc477ee7-d5a3-4464-bdf8-d96102009362,60.00120611861348,6242165,59,345,87,0.25217391304347825,9.186881128698587,10.871721897274256,1.115760300308466,0.7564369589090347,0.8323900401592255,4.331793636083603,27.179819531738758,7.583910133689642
qwen,mt,fullload,n195925,e6fe7d8e-d7f7-4fe3-a002-584e62d3a5cb,73.61194398254156,23271528,59,345,345,1.0,25.139596313238144,7.670322898775339,0.0,0.6056847050786018,1.134923193603754,7.3346467688679695,31.734817661345005,13.139198999851942
qwen,mt,B,n275857,228565e7-ac4c-4d9b-8393-8f9a41a43c84,54.12626685574651,6242162,59,345,87,0.25217391304347825,9.399211965501308,6.677479017525911,0.556466169655323,0.9033279493451118,0.543803907930851,2.7403379790484905,31.6003174521029,5.50360232591629
qwen,mt,fullload,n275857,2a901784-151a-486c-8591-753a9ac99edd,74.71999432891607,23271528,59,345,345,1.0,25.9102089330554,7.9065789468586445,0.0,0.5908259190618992,1.152790617197752,7.961831521242857,30.915339943021536,14.040703419595957
qwen,mt,A,n275857,427df221-4207-45b2-b177-b28efbe203f1,78.86945875361562,23271666,59,345,345,1.0,25.008660275489092,7.997984066605568,0.5833744071424007,0.7767360657453537,1.1387122794985771,7.866883184760809,35.20583175122738,13.130499050021172
