model,phase,image_id,arm,kind,T1_E2E_ms,persistence_ms,activation_ms,T2_E2E_ms,T3_E2E_ms,T4_E2E_ms,T5_E2E_ms,T6_E2E_ms,total_ms
llava,gqa,n133585,recompute,six independent requests + one-time persistence/activation,515.8908502198756,0.0,0.0,533.9006660506129,496.40675401315093,531.1036021448672,526.2940651737154,516.4454318583012,3120.041369460523
llava,gqa,n154856,recompute,six independent requests + one-time persistence/activation,343.33693608641624,0.0,0.0,346.5882311575115,329.9156688153744,327.88005005568266,324.7781158424914,323.8767199218273,1996.3757218793035
llava,gqa,n16425,recompute,six independent requests + one-time persistence/activation,597.4361188709736,0.0,0.0,598.13821176067,595.8284419029951,588.6615947820246,596.8312742188573,598.1429629027843,3575.038604438305
llava,gqa,n166008,recompute,six independent requests + one-time persistence/activation,574.5636611245573,0.0,0.0,573.3426180668175,567.4116630107164,574.787023011595,548.4039569273591,567.202368285507,3405.7112904265523
llava,gqa,n16656,recompute,six independent requests + one-time persistence/activation,585.542478132993,0.0,0.0,573.9219239912927,564.4299322739244,586.6886731237173,575.6034119985998,583.0040508881211,3469.1904704086483
llava,gqa,n195249,recompute,six independent requests + one-time persistence/activation,443.98739002645016,0.0,0.0,415.8925167284906,426.3557051308453,434.7492870874703,422.9372409172356,412.72125905379653,2556.6433989442885
llava,gqa,n199286,recompute,six independent requests + one-time persistence/activation,518.8706088811159,0.0,0.0,533.2221132703125,527.1680857986212,567.4844072200358,569.4581191055477,543.9759530127048,3260.179287288338
llava,gqa,n234722,recompute,six independent requests + one-time persistence/activation,577.491904143244,0.0,0.0,583.2678759470582,615.9814349375665,608.0261711031199,580.7162132114172,572.0662353560328,3537.5498346984386
llava,gqa,n244826,recompute,six independent requests + one-time persistence/activation,452.41228491067886,0.0,0.0,447.0625747926533,441.92659202963114,441.8716528452933,441.55463902279735,444.69445291906595,2669.52219652012
llava,gqa,n262929,recompute,six independent requests + one-time persistence/activation,534.0359378606081,0.0,0.0,520.0486127287149,515.6592191196978,528.7934890948236,535.2908591739833,508.7397596798837,3142.5678776577115
llava,gqa,n272098,recompute,six independent requests + one-time persistence/activation,772.6294281892478,0.0,0.0,755.9668840840459,766.6303911246359,747.8484059683979,770.1800689101219,770.1781340874732,4583.433312363923
llava,gqa,n281241,recompute,six independent requests + one-time persistence/activation,533.3672291599214,0.0,0.0,539.7144528105855,538.6830782517791,528.9414878934622,533.0851310864091,533.0495201051235,3206.840899307281
llava,gqa,n293477,recompute,six independent requests + one-time persistence/activation,604.0141587145627,0.0,0.0,579.0402498096228,571.6880732215941,578.6083699204028,579.8969720490277,586.2982058897614,3499.5460296049714
llava,gqa,n298104,recompute,six independent requests + one-time persistence/activation,541.3877991959453,0.0,0.0,539.9485030211508,563.8987761922181,504.63382340967655,564.6494999527931,528.6937532946467,3243.2121550664306
llava,gqa,n302387,recompute,six independent requests + one-time persistence/activation,551.992405205965,0.0,0.0,587.583536747843,574.7612002305686,570.6774438731372,548.9418772049248,573.1112132780254,3407.067676540464
llava,gqa,n314171,recompute,six independent requests + one-time persistence/activation,552.6353311724961,0.0,0.0,534.907964989543,533.3930649794638,530.817034188658,537.1581790968776,535.2984652854502,3224.2100397124887
llava,gqa,n329479,recompute,six independent requests + one-time persistence/activation,532.3638641275465,0.0,0.0,571.2984809651971,568.6102560721338,508.4682903252542,536.2071450799704,551.5736830420792,3268.521719612181
llava,gqa,n331357,recompute,six independent requests + one-time persistence/activation,476.712582167238,0.0,0.0,501.865497790277,517.1919190324843,506.1826519668102,514.6535290405154,472.8773608803749,2989.4835408777
llava,gqa,n355567,recompute,six independent requests + one-time persistence/activation,541.0134866833687,0.0,0.0,538.3084248751402,511.5633560344577,530.3893089294434,511.658133007586,576.8419047817588,3209.7746143117547
llava,gqa,n37274,recompute,six independent requests + one-time persistence/activation,590.0248419493437,0.0,0.0,605.0468035973608,578.8152399472892,591.8151428923011,572.8092109784484,572.1215521916747,3510.632791556418
llava,gqa,n390187,recompute,six independent requests + one-time persistence/activation,571.3515859097242,0.0,0.0,548.2857949100435,547.1120672300458,560.6460371054709,522.7244822308421,547.6080877706409,3297.7280551567674
llava,gqa,n406334,recompute,six independent requests + one-time persistence/activation,533.0262780189514,0.0,0.0,493.782099802047,530.5677950382233,530.9851062484086,530.6797809898853,512.740203179419,3131.7812632769346
llava,gqa,n437064,recompute,six independent requests + one-time persistence/activation,492.633615154773,0.0,0.0,531.8210502155125,525.0220499001443,530.0970547832549,530.5498261004686,516.5335480123758,3126.657144166529
llava,gqa,n44249,recompute,six independent requests + one-time persistence/activation,549.1972011514008,0.0,0.0,570.2191283926368,490.3652141802013,508.79926001653075,559.679179918021,531.5259518101811,3209.7859354689717
llava,gqa,n450919,recompute,six independent requests + one-time persistence/activation,588.4817871265113,0.0,0.0,580.1383191719651,547.6338611915708,593.3676147833467,614.2751127481461,577.0066566765308,3500.9033516980708
llava,gqa,n470131,recompute,six independent requests + one-time persistence/activation,493.694128934294,0.0,0.0,536.8510382249951,511.7749962955713,534.9514409899712,518.3904930017889,549.6277729980648,3145.289870444685
llava,gqa,n472825,recompute,six independent requests + one-time persistence/activation,574.6421488001943,0.0,0.0,577.4210207164288,577.4683230556548,597.2130158916116,547.8472500108182,570.6628379411995,3445.254596415907
llava,gqa,n48494,recompute,six independent requests + one-time persistence/activation,330.4686979390681,0.0,0.0,333.40861881151795,328.7252588197589,327.7646549977362,315.96060702577233,336.52883814647794,1972.8566757403314
llava,gqa,n494918,recompute,six independent requests + one-time persistence/activation,631.6149947233498,0.0,0.0,585.7593659311533,587.3475442640483,577.0889758132398,570.3344200737774,576.4799071475863,3528.625207953155
llava,gqa,n498140,recompute,six independent requests + one-time persistence/activation,530.4386899806559,0.0,0.0,498.03064577281475,539.6182420663536,489.4089438021183,517.213212326169,517.8086762316525,3092.518410179764
llava,gqa,n51002,recompute,six independent requests + one-time persistence/activation,516.5695361793041,0.0,0.0,518.6987998895347,535.8935492113233,550.0166309066117,553.5978050902486,530.8511857874691,3205.6275070644915
llava,gqa,n522733,recompute,six independent requests + one-time persistence/activation,575.9589960798621,0.0,0.0,584.7804201766849,579.790233168751,587.3616570606828,549.2104291915894,572.0109371468425,3449.1126728244126
llava,gqa,n52544,recompute,six independent requests + one-time persistence/activation,602.3742221295834,0.0,0.0,516.8806742876768,534.012378193438,505.3424187935889,572.0259812660515,543.5132910497487,3274.1489657200873
llava,gqa,n527589,recompute,six independent requests + one-time persistence/activation,574.386334978044,0.0,0.0,581.822126172483,595.5400657840073,573.5077071003616,575.5782099440694,614.6949604153633,3515.5294043943286
llava,gqa,n540852,recompute,six independent requests + one-time persistence/activation,662.8649048507214,0.0,0.0,627.7687759138644,666.295503731817,676.2958751060069,690.4586520977318,651.8509648740292,3975.5346765741706
llava,gqa,n567860,recompute,six independent requests + one-time persistence/activation,575.5178583785892,0.0,0.0,556.8281779997051,571.0396347567439,577.5754996575415,569.4784312509,578.3474673517048,3428.7870693951845
llava,gqa,n58220,recompute,six independent requests + one-time persistence/activation,570.0654052197933,0.0,0.0,574.8334061354399,578.6779830232263,576.7445499077439,551.9217480905354,576.16848917678,3428.4115815535188
llava,gqa,n67005,recompute,six independent requests + one-time persistence/activation,606.6713761538267,0.0,0.0,615.3917238116264,570.8937342278659,556.499239988625,578.6607000045478,565.7278262078762,3493.844600394368
llava,gqa,n90294,recompute,six independent requests + one-time persistence/activation,556.9050759077072,0.0,0.0,585.7923221774399,578.4074841067195,567.4374918453395,578.3259239979088,586.5574642084539,3453.425762243569
llava,gqa,n9181,recompute,six independent requests + one-time persistence/activation,551.083255559206,0.0,0.0,580.694304779172,572.7166179567575,548.5025988891721,601.8242221325636,581.1989051289856,3436.019904445857
llava,gqa,n133585,fullload,six independent requests + one-time persistence/activation,523.6465781927109,1876.8458273261786,577.0734408870339,658.9776179753244,619.7031941264868,697.8953932411969,689.6328269504011,707.4230848811567,6351.197963580489
llava,gqa,n154856,fullload,six independent requests + one-time persistence/activation,351.9183690659702,1520.033003296703,397.0243143849075,493.27590875327587,420.8949711173773,419.09984638914466,426.9439410418272,422.8316587395966,4452.022012788802
llava,gqa,n16425,fullload,six independent requests + one-time persistence/activation,618.7863000668585,3287.0832700282335,685.7710708864033,836.3476218655705,801.7388922162354,831.7073532380164,794.8559001088142,827.5164696387947,8683.806878048927
llava,gqa,n166008,fullload,six independent requests + one-time persistence/activation,591.9244820252061,2601.686591748148,641.1872510798275,792.0533469878137,809.9645241163671,794.621251989156,783.1503069028258,770.8091991953552,7785.3969540447
llava,gqa,n16656,fullload,six independent requests + one-time persistence/activation,583.1681839190423,2031.8745239637792,648.9308369345963,763.0467270500958,799.9379280954599,820.3141028061509,757.6058739796281,774.8700217343867,7179.748198483139
llava,gqa,n195249,fullload,six independent requests + one-time persistence/activation,452.66917115077376,1828.4756168723106,493.14119666814804,584.7799931652844,545.0072190724313,538.5762020014226,540.4519131407142,557.2589472867548,5540.36025935784
llava,gqa,n199286,fullload,six independent requests + one-time persistence/activation,526.4046518132091,2435.9488179907203,620.8579386584461,729.1470598429441,701.8137956038117,751.1350051499903,736.0918438062072,719.8866391554475,7221.285752020776
llava,gqa,n234722,fullload,six independent requests + one-time persistence/activation,586.6944869048893,2797.206799965352,636.2797799520195,756.0251401737332,688.9978460967541,715.2663012966514,657.978446688503,739.5185339264572,7577.9673350043595
llava,gqa,n244826,fullload,six independent requests + one-time persistence/activation,451.6950254328549,1924.2536937817931,549.1300751455128,659.8852360621095,617.3088997602463,619.7342849336565,619.4988549686968,637.8613403066993,6079.367410391569
llava,gqa,n262929,fullload,six independent requests + one-time persistence/activation,545.883113052696,1719.1589339636266,604.4621830806136,691.9535622000694,661.0089219175279,671.3872039690614,676.7631717957556,685.6268742121756,6256.243964191526
llava,gqa,n272098,fullload,six independent requests + one-time persistence/activation,785.4598616249859,3549.194752238691,800.1287691295147,1126.363068819046,1091.1289150826633,1056.937085930258,1026.061770040542,1068.045221734792,10503.319444600493
llava,gqa,n281241,fullload,six independent requests + one-time persistence/activation,546.2269899435341,1705.5722582153976,607.6535717584193,703.5496421158314,662.3073522932827,676.7944889143109,687.0233109220862,734.2819673940539,6323.409581556916
llava,gqa,n293477,fullload,six independent requests + one-time persistence/activation,605.0006337463856,3135.2132451720536,657.843979075551,1118.1742148473859,1028.0612017959356,1057.984999846667,888.9372241683304,1026.5203369781375,9517.735835630447
llava,gqa,n298104,fullload,six independent requests + one-time persistence/activation,540.8302540890872,2689.1770139336586,601.5828801319003,664.9788618087769,739.9297566153109,642.9785299114883,680.653799790889,665.6360751949251,7225.767171476036
llava,gqa,n302387,fullload,six independent requests + one-time persistence/activation,559.350605122745,2646.066629793495,650.4874350503087,751.0230247862637,712.9122512415051,858.151369728148,767.915359698236,789.9886490777135,7735.895324498415
llava,gqa,n314171,fullload,six independent requests + one-time persistence/activation,571.6962614096701,1660.4980588890612,607.104578986764,659.7286760807037,593.7657193280756,587.654918897897,689.3401849083602,618.3202373795211,5988.108635880053
llava,gqa,n329479,fullload,six independent requests + one-time persistence/activation,550.4892561584711,1645.4276270233095,597.8486151434481,673.1051402166486,648.7658680416644,604.1118879802525,627.3215520195663,624.2408910766244,5971.310837659985
llava,gqa,n331357,fullload,six independent requests + one-time persistence/activation,487.08071978762746,2047.5185681134462,546.9917580485344,623.5749889165163,637.8434621728957,573.8181443884969,622.9641549289227,604.3219920247793,6144.113788381219
llava,gqa,n355567,fullload,six independent requests + one-time persistence/activation,537.3846767470241,1910.012691281736,588.8155200518668,664.7385382093489,646.5696347877383,626.6156770288944,635.3646772913635,655.5901668034494,6265.091582201421
llava,gqa,n37274,fullload,six independent requests + one-time persistence/activation,604.2007519863546,2420.472573954612,648.2269810512662,1074.7841172851622,1084.8412937484682,1071.6238981112838,1067.7354359067976,1066.0769599489868,9037.962011992931
llava,gqa,n390187,fullload,six independent requests + one-time persistence/activation,579.4124812819064,1797.61094879359,609.356724191457,679.7563470900059,632.1314098313451,640.2714708819985,670.6059840507805,664.4808808341622,6273.626246955246
llava,gqa,n406334,fullload,six independent requests + one-time persistence/activation,538.38214231655,1729.4147810898721,571.4390822686255,613.7655316852033,602.926452178508,581.8183687515557,585.5022529140115,604.9179588444531,5828.166570048779
llava,gqa,n437064,fullload,six independent requests + one-time persistence/activation,504.4139139354229,3189.3266499973834,583.7044180370867,624.6391702443361,599.5146599598229,610.2609322406352,590.898958966136,627.2426024079323,7330.001305788755
llava,gqa,n44249,fullload,six independent requests + one-time persistence/activation,565.676118247211,2263.4933441877365,606.104105245322,682.8614701516926,837.9693268798292,645.5367179587483,855.6143627502024,898.4427289105952,7355.698174331337
llava,gqa,n450919,fullload,six independent requests + one-time persistence/activation,598.7361297011375,2017.5959239713848,647.2583999857306,945.8060851320624,914.6951227448881,977.7062251232564,1007.489780895412,990.096537861973,8099.384205415845
llava,gqa,n470131,fullload,six independent requests + one-time persistence/activation,514.2699358984828,1678.622315172106,607.2345222346485,699.2313051596284,706.7218502052128,689.4091162830591,655.4786679334939,683.9828607626259,6234.950573649257
llava,gqa,n472825,fullload,six independent requests + one-time persistence/activation,594.6254087612033,2273.9287870936096,649.5990711264312,913.3510822430253,877.4415673688054,925.8711352013052,828.5153871402144,1107.511536218226,8170.84397515282
llava,gqa,n48494,fullload,six independent requests + one-time persistence/activation,323.4138279221952,1363.0599090829492,400.25210240855813,513.8595481403172,444.11345990374684,467.7897868677974,477.3072451353073,468.1106028147042,4457.906482275575
llava,gqa,n494918,fullload,six independent requests + one-time persistence/activation,643.3914927765727,2613.8933300971985,647.9148808866739,810.4436257854104,729.6723192557693,772.3103412427008,760.4822563007474,734.4410279765725,7712.5492743216455
llava,gqa,n498140,fullload,six independent requests + one-time persistence/activation,537.4480271711946,2062.7140919677913,575.2544738352299,754.9084676429629,616.6246230714023,629.001091234386,612.2868661768734,615.8064133487642,6404.044054448605
llava,gqa,n51002,fullload,six independent requests + one-time persistence/activation,525.9896391071379,2127.4396968074143,591.2166498601437,665.1257141493261,684.4248101115227,693.0420687422156,722.6642719469965,706.7308411933482,6716.633691918105
llava,gqa,n522733,fullload,six independent requests + one-time persistence/activation,583.7019737809896,1902.8076683171093,642.8536153398454,732.8236796893179,729.7598109580576,722.73263707757,730.7477709837258,805.5107011459768,6850.9378572925925
llava,gqa,n52544,fullload,six independent requests + one-time persistence/activation,601.2462419457734,3111.6642677225173,590.5749439261854,664.9106019176543,641.9431027024984,619.2004256881773,671.1833500303328,640.1637340895832,7540.886668022722
llava,gqa,n527589,fullload,six independent requests + one-time persistence/activation,581.2596729956567,2129.843725822866,637.4348769895732,724.7462486848235,720.4963751137257,740.6904813833535,747.1633763052523,781.690277159214,7063.325034454465
llava,gqa,n540852,fullload,six independent requests + one-time persistence/activation,676.4290807768703,3498.9290200173855,735.129636246711,1487.8217512741685,1456.016147043556,1531.1318240128458,1431.432293727994,1332.5922838412225,12149.482036940753
llava,gqa,n567860,fullload,six independent requests + one-time persistence/activation,586.6111582145095,2328.6804710514843,656.763237901032,767.9251050576568,752.6200385764241,751.9852840341628,755.0136549398303,748.3589528128505,7347.95790258795
llava,gqa,n58220,fullload,six independent requests + one-time persistence/activation,585.8712028712034,3315.5901981517673,645.2847868204117,770.4766751267016,756.6192941740155,817.2094780020416,816.9205980375409,820.3538632951677,8528.32609647885
llava,gqa,n67005,fullload,six independent requests + one-time persistence/activation,621.1485089734197,2250.956427305937,642.8485726937652,794.9493089690804,738.1508331745863,745.0951039791107,749.0982692688704,816.896503791213,7359.1435281559825
llava,gqa,n90294,fullload,six independent requests + one-time persistence/activation,557.97971598804,2052.5058368220925,658.9410030283034,793.6063283123076,792.8475877270103,812.8406517207623,777.6585761457682,787.3704419471323,7233.7501416914165
llava,gqa,n9181,fullload,six independent requests + one-time persistence/activation,569.8665929958224,1983.4941998124123,641.9206140562892,760.8062769286335,784.9072688259184,765.7481310889125,1013.073266018182,760.3573948144913,7280.173744540662
llava,gqa,n133585,A,six independent requests + one-time persistence/activation,522.872312925756,1656.6044087521732,552.8796999715269,282.9910572618246,271.4585461653769,264.44003777578473,269.99066723510623,264.2009910196066,4085.437721107155
llava,gqa,n154856,A,six independent requests + one-time persistence/activation,351.65154095739126,1187.652395106852,372.6337254047394,216.07193211093545,198.96678999066353,199.73213225603104,195.28074795380235,192.49494560062885,2914.484209381044
llava,gqa,n16425,A,six independent requests + one-time persistence/activation,608.6275638081133,1939.9194647558033,642.6296457648277,324.15837328881025,260.2608660236001,256.3281347975135,261.56943617388606,259.7022489644587,4553.195733577013
llava,gqa,n166008,A,six independent requests + one-time persistence/activation,586.3290880806744,2832.4337247759104,613.360826857388,288.1972952745855,252.15755915269256,248.87677701190114,253.29571776092052,266.6854946874082,5341.336483601481
llava,gqa,n16656,A,six independent requests + one-time persistence/activation,584.9335459060967,2367.4043361097574,609.937712084502,288.8186830095947,271.10255789011717,274.5020901784301,259.79486387223005,247.7681441232562,4904.261933173984
llava,gqa,n195249,A,six independent requests + one-time persistence/activation,453.4845151938498,1381.505270022899,497.64347774907947,278.8956598378718,241.85767211019993,239.77834498509765,245.38503820076585,240.23033678531647,3578.78031488508
llava,gqa,n199286,A,six independent requests + one-time persistence/activation,524.1614910773933,1824.1495043039322,585.3119068779051,284.99366575852036,240.29305297881365,245.23430922999978,271.42811892554164,254.6211346052587,4230.193183757365
llava,gqa,n234722,A,six independent requests + one-time persistence/activation,586.7947316728532,3964.1706449911,623.0387073010206,285.30116425827146,293.8256389461458,299.52378617599607,261.64787309244275,370.0371631421149,6684.339709579945
llava,gqa,n244826,A,six independent requests + one-time persistence/activation,454.05677193775773,1589.7566359490156,503.1798779964447,286.6655671969056,233.85144118219614,228.88614982366562,226.5434581786394,231.41467105597258,3754.3545733205974
llava,gqa,n262929,A,six independent requests + one-time persistence/activation,537.8398159518838,2221.9599368982017,567.9924339056015,326.4000187627971,266.22891891747713,266.65829261764884,288.01258374005556,255.05835330113769,4730.150354094803
llava,gqa,n272098,A,six independent requests + one-time persistence/activation,774.9349400401115,2293.683380354196,756.304498296231,368.3899622410536,351.23052494600415,343.57250574976206,356.6626962274313,348.6189772374928,5593.397485092282
llava,gqa,n281241,A,six independent requests + one-time persistence/activation,538.7039058841765,2425.3982165828347,570.5599719658494,296.02984338998795,260.60972921550274,255.06362691521645,264.1776679083705,255.65034709870815,4866.193308960646
llava,gqa,n293477,A,six independent requests + one-time persistence/activation,604.4672336429358,1851.5501213259995,618.7511119060218,299.9406880699098,266.8482083827257,261.0808601602912,281.7020998336375,267.72754499688745,4452.067868318409
llava,gqa,n298104,A,six independent requests + one-time persistence/activation,544.4725006818771,1885.455439798534,568.1741153821349,321.9103403389454,306.95842392742634,253.65266483277082,289.8993780836463,285.06225533783436,4455.585118383169
llava,gqa,n302387,A,six independent requests + one-time persistence/activation,561.6361773572862,1975.961514748633,615.615947637707,300.0254570506513,261.0984928905964,260.40561497211456,248.02150577306747,292.8282720968127,4515.592982526869
llava,gqa,n314171,A,six independent requests + one-time persistence/activation,565.1642000302672,1821.0930190980434,565.0273482315242,306.59023113548756,248.0140309780836,251.41568994149566,271.2738770060241,246.88432086259127,4275.462717283517
llava,gqa,n329479,A,six independent requests + one-time persistence/activation,547.7043651044369,2292.5316598266363,565.412166994065,374.7873893007636,305.2672487683594,265.6269040890038,249.23213990405202,270.4655947163701,4871.027468703687
llava,gqa,n331357,A,six independent requests + one-time persistence/activation,487.69546719267964,2485.2519799023867,552.7478787116706,297.91369708254933,264.4580900669098,244.09238807857037,267.9228922352195,240.53210904821754,4840.614502318203
llava,gqa,n355567,A,six independent requests + one-time persistence/activation,541.37715511024,2729.503219947219,558.4468389861286,298.53741079568863,263.11577996239066,260.53170021623373,256.3706529326737,257.81614193692803,5165.698899887502
llava,gqa,n37274,A,six independent requests + one-time persistence/activation,600.6031557917595,1963.533422909677,611.3512571901083,348.0476192198694,274.57779785618186,278.0735632404685,268.58109701424837,266.01519901305437,4610.783112235367
llava,gqa,n390187,A,six independent requests + one-time persistence/activation,580.9792592190206,2810.692821163684,601.5230929479003,358.01753075793386,317.51245306804776,347.0504810102284,287.44888585060835,276.8469643779099,5580.071488395333
llava,gqa,n406334,A,six independent requests + one-time persistence/activation,544.2513446323574,1744.7199560701847,565.5146548524499,272.1841619350016,258.7183229625225,272.79985370114446,255.68856997415423,305.1299750804901,4219.006839208305
llava,gqa,n437064,A,six independent requests + one-time persistence/activation,500.5160509608686,1803.5606490448117,564.6860608831048,296.35655507445335,271.13281236961484,274.0386719815433,265.11959126219153,300.00293580815196,4275.41332738474
llava,gqa,n44249,A,six independent requests + one-time persistence/activation,559.5670179463923,1741.4364241994917,554.5728970319033,345.34823475405574,262.5973862595856,251.11678102985024,299.71200693398714,273.2885628938675,4287.6393110491335
llava,gqa,n450919,A,six independent requests + one-time persistence/activation,599.9084459617734,2632.1150199510157,634.0594878420234,440.27625396847725,306.5227037295699,336.4412058144808,328.4343332052231,282.31042716652155,5560.067877639085
llava,gqa,n470131,A,six independent requests + one-time persistence/activation,504.25130128860474,1859.3072942458093,558.9084741659462,334.82524612918496,261.5903168916702,261.2853110767901,246.28147995099425,262.31401413679123,4288.763437885791
llava,gqa,n472825,A,six independent requests + one-time persistence/activation,580.4525222629309,1919.7143521159887,602.9368420131505,283.94243121147156,290.24434415623546,307.00680799782276,291.44278075546026,274.04477819800377,4549.784858711064
llava,gqa,n48494,A,six independent requests + one-time persistence/activation,327.58271088823676,1196.1806588806212,376.1309520341456,215.20980261266232,205.6880653835833,195.6583997234702,192.88416812196374,195.7054017111659,2905.040159355849
llava,gqa,n494918,A,six independent requests + one-time persistence/activation,639.1851278021932,1958.0242149531841,615.7764550298452,271.8512238934636,254.20764787122607,270.3621541149914,255.48105081543326,295.26690719649196,4560.154781676829
llava,gqa,n498140,A,six independent requests + one-time persistence/activation,543.053216766566,1701.454633846879,555.7517372071743,315.36967400461435,272.6319129578769,236.50751216337085,242.5190475769341,240.90196285396814,4108.189697377384
llava,gqa,n51002,A,six independent requests + one-time persistence/activation,528.9888055995107,1746.720743831247,559.7085999324918,265.5733837746084,241.03117221966386,297.87772381678224,278.5460241138935,262.626176699996,4181.0726299881935
llava,gqa,n522733,A,six independent requests + one-time persistence/activation,587.6673641614616,2157.924856990576,629.6103126369417,295.44413974508643,262.744624633342,254.9570151604712,252.70477309823036,292.92965587228537,4733.982742298394
llava,gqa,n52544,A,six independent requests + one-time persistence/activation,600.5836268886924,2034.0898050926626,565.0949282571673,292.12294705212116,251.28375319764018,249.96977718546987,288.7371061369777,268.26426899060607,4550.146212801337
llava,gqa,n527589,A,six independent requests + one-time persistence/activation,585.1957588456571,1980.8461642824113,632.9421661794186,292.0905780047178,276.723129209131,278.4341159276664,254.74407384172082,295.0709778815508,4596.046964172274
llava,gqa,n540852,A,six independent requests + one-time persistence/activation,673.6532882787287,2156.6657167859375,688.0920203402638,459.0096762403846,356.0411939397454,381.4007961191237,367.04069189727306,397.40155171602964,5479.3049353174865
llava,gqa,n567860,A,six independent requests + one-time persistence/activation,577.4662457406521,1817.387533839792,610.930432099849,305.76988169923425,265.0100109167397,246.36057298630476,249.84263582155108,242.8767359815538,4315.644049085677
llava,gqa,n58220,A,six independent requests + one-time persistence/activation,578.2038732431829,1952.4622918106616,611.9628171436489,249.20947011560202,256.31056632846594,272.6340712979436,273.5503907315433,273.59679620712996,4467.930276878178
llava,gqa,n67005,A,six independent requests + one-time persistence/activation,614.9555421434343,2322.06454873085,625.9060432203114,300.2295531332493,262.6911969855428,258.78042494878173,261.3720539957285,278.37014896795154,4924.36951212585
llava,gqa,n90294,A,six independent requests + one-time persistence/activation,556.5267051570117,1780.6128966622055,614.2085208557546,298.875595908612,272.2853310406208,283.3545091561973,259.0575427748263,251.24613102525473,4316.167232580483
llava,gqa,n9181,A,six independent requests + one-time persistence/activation,556.6118508577347,1724.6950240805745,617.5324590876698,300.83819199353456,253.83833330124617,282.33317099511623,286.54935024678707,265.7066057436168,4288.10498630628
llava,gqa,n133585,B,six independent requests + one-time persistence/activation,523.1429301202297,693.9905411563814,158.91269780695438,261.10410830006003,280.72655480355024,245.13470195233822,261.45426696166396,237.1661951765418,2661.6319962777197
llava,gqa,n154856,B,six independent requests + one-time persistence/activation,357.8982069157064,527.1316980943084,110.78923102468252,223.066798876971,201.5605648048222,202.07269210368395,201.73227600753307,201.63745805621147,2025.888925883919
llava,gqa,n16425,B,six independent requests + one-time persistence/activation,603.7406199611723,691.3078762590885,172.75027791038156,259.24619007855654,254.88038593903184,254.4411662966013,255.48830581828952,248.5279249958694,2740.382747258991
llava,gqa,n166008,B,six independent requests + one-time persistence/activation,580.9394042007625,710.3071580640972,163.7002769857645,248.2411488890648,242.17708315700293,246.0684608668089,248.68877930566669,256.32571429014206,2696.4480257593095
llava,gqa,n16656,B,six independent requests + one-time persistence/activation,581.0297979041934,654.6487929299474,163.17734774202108,247.29334516450763,266.1784333176911,269.1132319159806,248.10172524303198,252.10504699498415,2681.6477212123573
llava,gqa,n195249,B,six independent requests + one-time persistence/activation,453.9387789554894,609.8514818586409,133.60763294622302,254.0464480407536,222.50465210527182,230.7975720614195,223.93208928406239,224.53365102410316,2353.212306275964
llava,gqa,n199286,B,six independent requests + one-time persistence/activation,528.9293169043958,804.807904176414,165.19478196278214,249.5384612120688,248.89995018020272,249.72331384196877,273.9328211173415,246.67209340259433,2767.698642797768
llava,gqa,n234722,B,six independent requests + one-time persistence/activation,582.5680098496377,848.9540787413716,167.7526943385601,265.0424651801586,324.1352317854762,327.3410499095917,270.9946222603321,311.3410980440676,3098.1292501091957
llava,gqa,n244826,B,six independent requests + one-time persistence/activation,450.8082726970315,585.2749459445477,139.62674606591463,221.78881615400314,218.49691588431597,216.83633513748646,218.95686583593488,222.45202120393515,2274.2409189231694
llava,gqa,n262929,B,six independent requests + one-time persistence/activation,544.1400851123035,665.964727755636,161.95079730823636,244.28418884053826,240.99984299391508,259.1902441345155,276.74592984840274,250.11297408491373,2643.388790078461
llava,gqa,n272098,B,six independent requests + one-time persistence/activation,776.7429589293897,802.4266790598631,211.90560096874833,317.92747788131237,345.73423117399216,320.30981918796897,343.809983227402,336.6829100996256,3455.539660528302
llava,gqa,n281241,B,six independent requests + one-time persistence/activation,541.8741060420871,650.1034288667142,165.96051212400198,272.14608108624816,282.31203416362405,251.338095869869,260.3192641399801,250.22402172908187,2674.2775440216064
llava,gqa,n293477,B,six independent requests + one-time persistence/activation,605.0334190949798,643.7162957154214,165.87301809340715,241.0243940539658,236.2637217156589,242.9153653793037,244.2573718726635,265.9563538618386,2645.039939787239
llava,gqa,n298104,B,six independent requests + one-time persistence/activation,540.8140169456601,632.3415008373559,156.6562568768859,250.58929715305567,299.38435135409236,232.32659185305238,266.3202020339668,246.99640506878495,2625.428622122854
llava,gqa,n302387,B,six independent requests + one-time persistence/activation,561.9420451112092,916.3668206892908,174.9961618334055,292.3122448846698,301.5658357180655,312.80860025435686,284.540681168437,294.3067620508373,3138.839151710272
llava,gqa,n314171,B,six independent requests + one-time persistence/activation,559.9206248298287,784.1084892861545,154.70240777358413,228.67557918652892,236.34513979777694,230.60673801228404,247.9702103883028,229.53897388651967,2671.8681631609797
llava,gqa,n329479,B,six independent requests + one-time persistence/activation,540.806578937918,824.3123320862651,156.71850135549903,278.3372411504388,265.7102192752063,250.25860499590635,228.94019586965442,252.1676290780306,2797.2513027489185
llava,gqa,n331357,B,six independent requests + one-time persistence/activation,485.716518945992,817.3106391914189,147.3278608173132,259.73101425915956,255.03122014924884,234.9305860698223,285.0950318388641,262.4199469573796,2747.5628182291985
llava,gqa,n355567,B,six independent requests + one-time persistence/activation,534.4945648685098,760.7457800768316,150.76345996931195,223.58019510284066,223.41007133945823,222.8335370309651,228.97819802165031,224.80905428528786,2569.6148606948555
llava,gqa,n37274,B,six independent requests + one-time persistence/activation,601.0820949450135,1047.934418078512,173.54851914569736,304.00141794234514,268.79654079675674,281.6290492191911,258.329002186656,260.280909948051,3195.6019522622228
llava,gqa,n390187,B,six independent requests + one-time persistence/activation,586.0071838833392,679.2492219246924,161.3094499334693,271.5672957710922,281.97543462738395,267.67458906397223,333.8813707232475,271.899807266891,2853.5643531940877
llava,gqa,n406334,B,six independent requests + one-time persistence/activation,537.0159414596856,630.3252871148288,154.34952778741717,225.881383754313,233.276906888932,238.8796112500131,236.37570766732097,266.84886775910854,2522.953233681619
llava,gqa,n437064,B,six independent requests + one-time persistence/activation,500.2969638444483,614.882614929229,153.73489540070295,239.44051330909133,251.19528826326132,246.8225327320397,228.12827583402395,294.85962307080626,2529.360707383603
llava,gqa,n44249,B,six independent requests + one-time persistence/activation,560.0507841445506,641.1043386906385,152.4726520292461,267.2696500085294,233.35950495675206,238.35004307329655,314.2512058839202,264.92582680657506,2671.7840055935085
llava,gqa,n450919,B,six independent requests + one-time persistence/activation,599.2328627035022,741.7953801341355,171.99499811977148,277.20121666789055,294.6489588357508,321.4063961058855,307.6699562370777,291.62847017869353,3005.5782389827073
llava,gqa,n470131,B,six independent requests + one-time persistence/activation,501.9618240185082,621.234827209264,154.50364584103227,250.9566550143063,247.73622304201126,243.22166293859482,225.10945796966553,247.3393101245165,2492.063606157899
llava,gqa,n472825,B,six independent requests + one-time persistence/activation,582.4815160594881,625.5278931930661,166.84978315606713,245.3371249139309,273.4412527643144,299.5438198558986,271.6633640229702,247.7169781923294,2712.561732158065
llava,gqa,n48494,B,six independent requests + one-time persistence/activation,317.08972761407495,441.16709707304835,105.19573977217078,225.38503678515553,201.9438217394054,206.7932765930891,199.97244188562036,201.39930862933397,1898.9464500918984
llava,gqa,n494918,B,six independent requests + one-time persistence/activation,637.8791388124228,871.4264300651848,176.32648581638932,283.3146429620683,281.4308791421354,317.49574933201075,293.77687675878406,309.05522499233484,3170.7054278813303
llava,gqa,n498140,B,six independent requests + one-time persistence/activation,541.616443078965,811.2560310401022,159.3188140541315,254.45567816495895,259.821989107877,239.67817472293973,243.25550626963377,244.47493674233556,2753.8775731809437
llava,gqa,n51002,B,six independent requests + one-time persistence/activation,528.0989860184491,967.0220823027194,159.42412335425615,261.0323359258473,256.5307370387018,264.6385869011283,281.8472390063107,246.19385786354542,2964.787948410958
llava,gqa,n522733,B,six independent requests + one-time persistence/activation,581.1859611421824,693.140841089189,166.5853140875697,254.08648373559117,278.60175212845206,278.4297592006624,278.9229629561305,281.0857123695314,2812.0387867093086
llava,gqa,n52544,B,six independent requests + one-time persistence/activation,601.5012892894447,625.1600557006896,154.20843428000808,227.80628968030214,231.06684209778905,235.63222913071513,279.3543110601604,255.5942232720554,2610.3236745111644
llava,gqa,n527589,B,six independent requests + one-time persistence/activation,578.0640901066363,790.9297258593142,169.1764872521162,255.2450280636549,285.9206087887287,284.02794199064374,260.6871919706464,289.61939411237836,2913.670468144119
llava,gqa,n540852,B,six independent requests + one-time persistence/activation,671.1938823573291,721.2324449792504,185.15280494466424,404.53622583299875,381.25760992988944,409.86995957791805,380.13826683163643,392.459177877754,3545.8403723314404
llava,gqa,n567860,B,six independent requests + one-time persistence/activation,579.3911986984313,661.7544400505722,164.5877710543573,258.0557856708765,263.820081949234,246.88676837831736,248.17110178992152,246.22059799730778,2668.887745589018
llava,gqa,n58220,B,six independent requests + one-time persistence/activation,575.0241577625275,662.4389849603176,163.54072699323297,250.36010006442666,263.1656117737293,278.3505409024656,283.38351333513856,276.91082283854485,2753.174458630383
llava,gqa,n67005,B,six independent requests + one-time persistence/activation,612.0549254119396,903.2219401560724,169.4006510078907,300.86374189704657,292.86140808835626,268.55260878801346,263.8128357939422,299.7550736181438,3110.523184761405
llava,gqa,n90294,B,six independent requests + one-time persistence/activation,552.69326409325,1047.2959280014038,165.06720567122102,275.93749621883035,277.56629791110754,293.6445972882211,260.34716004505754,253.07334074750543,3125.625289976597
llava,gqa,n9181,B,six independent requests + one-time persistence/activation,555.6678152643144,654.1398200206459,166.50387831032276,246.80607300251722,251.06354290619493,265.81592997536063,271.79306419566274,251.01119000464678,2662.8013136796653
llava,mt,n115614,recompute,MT 3-turn standalone session,528.7393559701741,0.0,0.0,533.6832050234079,509.1005149297416,,,,1571.5230759233236
llava,mt,n130464,recompute,MT 3-turn standalone session,605.5668243207037,0.0,0.0,589.8116328753531,583.4979047067463,,,,1778.8763619028032
llava,mt,n162108,recompute,MT 3-turn standalone session,578.7317799404263,0.0,0.0,572.168911807239,597.4422269500792,,,,1748.3429186977446
llava,mt,n187961,recompute,MT 3-turn standalone session,542.7229958586395,0.0,0.0,580.374978017062,582.1113521233201,,,,1705.2093259990215
llava,mt,n195925,recompute,MT 3-turn standalone session,529.4123427011073,0.0,0.0,530.8122998103499,593.076869379729,,,,1653.3015118911862
llava,mt,n211324,recompute,MT 3-turn standalone session,586.2343469634652,0.0,0.0,577.0411910489202,585.1279320195317,,,,1748.403470031917
llava,mt,n228268,recompute,MT 3-turn standalone session,523.6974963918328,0.0,0.0,551.9375968724489,511.87828509137034,,,,1587.513378355652
llava,mt,n234683,recompute,MT 3-turn standalone session,595.2550610527396,0.0,0.0,574.0359220653772,585.2349610067904,,,,1754.5259441249073
llava,mt,n256120,recompute,MT 3-turn standalone session,499.87158132717013,0.0,0.0,526.5505341812968,530.5042969994247,,,,1556.9264125078917
llava,mt,n257997,recompute,MT 3-turn standalone session,595.5081153661013,0.0,0.0,600.4933547228575,571.3048246689141,,,,1767.3062947578728
llava,mt,n275148,recompute,MT 3-turn standalone session,579.4755639508367,0.0,0.0,592.0178070664406,585.9692632220685,,,,1757.4626342393458
llava,mt,n275857,recompute,MT 3-turn standalone session,500.0007380731404,0.0,0.0,536.7486840113997,519.9895710684359,,,,1556.738993152976
llava,mt,n288870,recompute,MT 3-turn standalone session,538.0562501959503,0.0,0.0,539.0911782160401,510.95196697860956,,,,1588.0993953906
llava,mt,n302387,recompute,MT 3-turn standalone session,615.2921658940613,0.0,0.0,601.646342780441,581.0242029838264,,,,1797.9627116583288
llava,mt,n305495,recompute,MT 3-turn standalone session,514.4946547225118,0.0,0.0,543.924787081778,538.9462979510427,,,,1597.3657397553325
llava,mt,n309148,recompute,MT 3-turn standalone session,744.7363459505141,0.0,0.0,779.1373860090971,758.6462371982634,,,,2282.5199691578746
llava,mt,n313060,recompute,MT 3-turn standalone session,738.8258916325867,0.0,0.0,742.6113593392074,743.7120731920004,,,,2225.1493241637945
llava,mt,n329514,recompute,MT 3-turn standalone session,496.40137515962124,0.0,0.0,486.56729981303215,514.7022111341357,,,,1497.670886106789
llava,mt,n410476,recompute,MT 3-turn standalone session,521.6418472118676,0.0,0.0,537.3209710232913,570.7378997467458,,,,1629.7007179819047
llava,mt,n429961,recompute,MT 3-turn standalone session,631.8755350075662,0.0,0.0,627.0361146889627,620.2994761988521,,,,1879.211125895381
llava,mt,n433692,recompute,MT 3-turn standalone session,542.2949190251529,0.0,0.0,578.8468979299068,584.4091130420566,,,,1705.5509299971163
llava,mt,n437192,recompute,MT 3-turn standalone session,503.2758112065494,0.0,0.0,554.5847448520362,532.8202331438661,,,,1590.6807892024517
llava,mt,n449058,recompute,MT 3-turn standalone session,589.6235266700387,0.0,0.0,593.6420504003763,633.6128171533346,,,,1816.8783942237496
llava,mt,n450919,recompute,MT 3-turn standalone session,577.5292376056314,0.0,0.0,593.9042828977108,621.5577530674636,,,,1792.9912735708058
llava,mt,n460556,recompute,MT 3-turn standalone session,568.1952419690788,0.0,0.0,591.9229607097805,584.8186798393726,,,,1744.9368825182319
llava,mt,n469525,recompute,MT 3-turn standalone session,541.6439562104642,0.0,0.0,530.5328438989818,530.6001310236752,,,,1602.7769311331213
llava,mt,n470131,recompute,MT 3-turn standalone session,523.596334271133,0.0,0.0,555.6101920083165,534.5508689060807,,,,1613.7573951855302
llava,mt,n477702,recompute,MT 3-turn standalone session,556.1933098360896,0.0,0.0,539.4329358823597,533.5824391804636,,,,1629.208684898913
llava,mt,n481655,recompute,MT 3-turn standalone session,567.9168365895748,0.0,0.0,574.3867489509284,584.6495470032096,,,,1726.9531325437129
llava,mt,n483840,recompute,MT 3-turn standalone session,567.2885281965137,0.0,0.0,571.762387175113,568.407776299864,,,,1707.4586916714907
llava,mt,n489190,recompute,MT 3-turn standalone session,539.8878790438175,0.0,0.0,561.3663108088076,541.9030268676579,,,,1643.157216720283
llava,mt,n493357,recompute,MT 3-turn standalone session,547.1241381019354,0.0,0.0,585.1859520189464,584.6986849792302,,,,1717.008775100112
llava,mt,n522733,recompute,MT 3-turn standalone session,577.6819218881428,0.0,0.0,587.423734832555,598.3259826898575,,,,1763.4316394105554
llava,mt,n531731,recompute,MT 3-turn standalone session,574.5700211264193,0.0,0.0,559.0073661878705,592.0797470025718,,,,1725.6571343168616
llava,mt,n541688,recompute,MT 3-turn standalone session,529.2999036610126,0.0,0.0,503.8470048457384,587.1148994192481,,,,1620.2618079259992
llava,mt,n557666,recompute,MT 3-turn standalone session,531.4448992721736,0.0,0.0,537.6652418635786,551.6170836053789,,,,1620.727224741131
llava,mt,n59627,recompute,MT 3-turn standalone session,570.7761500962079,0.0,0.0,628.0528442002833,597.6219465956092,,,,1796.4509408921003
llava,mt,n88366,recompute,MT 3-turn standalone session,437.08806298673153,0.0,0.0,451.8478801473975,447.7855144068599,,,,1336.721457540989
llava,mt,n95369,recompute,MT 3-turn standalone session,526.7870067618787,0.0,0.0,534.5523930154741,533.9352702721953,,,,1595.2746700495481
llava,mt,n9856,recompute,MT 3-turn standalone session,531.419241335243,0.0,0.0,536.5644632838666,515.0593230500817,,,,1583.0430276691914
llava,mt,n115614,fullload,MT 3-turn standalone session,537.3997357673943,2255.3373239934444,585.0566392764449,681.1308180913329,625.1025209203362,,,,4684.027038048953
llava,mt,n130464,fullload,MT 3-turn standalone session,602.0572800189257,2635.7541289180517,650.9998291730881,796.8568848446012,756.0352878645062,,,,5441.703410819173
llava,mt,n162108,fullload,MT 3-turn standalone session,597.5045249797404,2301.532437093556,653.9767310023308,757.6860920526087,765.7977561466396,,,,5076.497541274875
llava,mt,n187961,fullload,MT 3-turn standalone session,549.3708360008895,1976.3519801199436,638.0712548270822,722.8980208747089,661.5983927622437,,,,4548.290484584868
llava,mt,n195925,fullload,MT 3-turn standalone session,539.8052469827235,2270.9387857466936,576.3522959314287,623.6514919437468,638.2562573999166,,,,4649.004078004509
llava,mt,n211324,fullload,MT 3-turn standalone session,582.5666771270335,2957.2558822110295,657.6225948520005,739.8786237463355,774.1965120658278,,,,5711.520290002227
llava,mt,n228268,fullload,MT 3-turn standalone session,530.0380359403789,1690.3298501856625,579.4456135481596,742.1095529571176,615.5849220231175,,,,4157.507974654436
llava,mt,n234683,fullload,MT 3-turn standalone session,602.8402531519532,2086.4707566797733,641.9358211569488,711.3619479350746,656.5089789219201,,,,4699.11775784567
llava,mt,n256120,fullload,MT 3-turn standalone session,515.9137062728405,2241.217582952231,590.1826163753867,700.0106819905341,704.4844459742308,,,,4751.809033565223
llava,mt,n257997,fullload,MT 3-turn standalone session,615.4135782271624,2768.589770887047,681.0981500893831,836.844053119421,784.8832062445581,,,,5686.828758567572
llava,mt,n275148,fullload,MT 3-turn standalone session,583.6393227800727,2687.3023440130055,659.546559676528,727.5572521612048,843.4296227060258,,,,5501.475101336837
llava,mt,n275857,fullload,MT 3-turn standalone session,511.3525199703872,1957.1167058311403,582.0997199043632,643.3127224445343,590.1564327068627,,,,4284.038100857288
llava,mt,n288870,fullload,MT 3-turn standalone session,536.6107928566635,2723.0420489795506,590.1967259123921,676.732084248215,671.8636150471866,,,,5198.445267044008
llava,mt,n302387,fullload,MT 3-turn standalone session,633.2335029728711,2930.7720330543816,668.1183320470154,752.5649648159742,763.3224278688431,,,,5748.011260759085
llava,mt,n305495,fullload,MT 3-turn standalone session,514.3826710991561,1915.4134229756892,605.2817981690168,645.9034020081162,688.0899369716644,,,,4369.071231223643
llava,mt,n309148,fullload,MT 3-turn standalone session,753.642207942903,2442.4327719025314,777.689600829035,898.8239793106914,858.725962229073,,,,5731.314522214234
llava,mt,n313060,fullload,MT 3-turn standalone session,747.6888201199472,3103.6766162142158,830.4289160296321,1030.507231131196,1051.6425650566816,,,,6763.944148551673
llava,mt,n329514,fullload,MT 3-turn standalone session,503.11682000756264,3129.683463834226,560.586579144001,994.6450251154602,857.212052680552,,,,6045.243940781802
llava,mt,n410476,fullload,MT 3-turn standalone session,529.9759241752326,2244.5139260962605,595.2391508035362,760.4233189485967,707.5048899278045,,,,4837.657209951431
llava,mt,n429961,fullload,MT 3-turn standalone session,650.6071891635656,3081.6051876172423,653.0483779497445,814.7208108566701,775.697723031044,,,,5975.679288618267
llava,mt,n433692,fullload,MT 3-turn standalone session,558.8794937357306,2407.1043953299522,658.7923681363463,816.2279361858964,767.0014319010079,,,,5208.0056252889335
llava,mt,n437192,fullload,MT 3-turn standalone session,518.558207899332,2357.221893966198,611.7285257205367,689.9388441815972,674.6022799052298,,,,4852.049751672894
llava,mt,n449058,fullload,MT 3-turn standalone session,601.601934991777,2199.7809261083603,661.7335323244333,783.3241969347,812.706284224987,,,,5059.146874584258
llava,mt,n450919,fullload,MT 3-turn standalone session,584.5042909495533,2033.933968283236,665.295073762536,712.9046581685543,738.1793078966439,,,,4734.8172990605235
llava,mt,n460556,fullload,MT 3-turn standalone session,576.240842230618,3446.7657171189785,650.6886002607644,724.8437721282244,732.0379167795181,,,,6130.576848518103
llava,mt,n469525,fullload,MT 3-turn standalone session,549.4678989052773,1934.1829889453948,571.8509093858302,624.4528233073652,599.9710569158196,,,,4279.925677459687
llava,mt,n470131,fullload,MT 3-turn standalone session,530.6659946218133,1899.7731977142394,572.885048110038,646.5186071582139,580.7566419243813,,,,4230.599489528686
llava,mt,n477702,fullload,MT 3-turn standalone session,557.2413499467075,2547.29767376557,593.1862005963922,658.9788049459457,642.5829473882914,,,,4999.286976642907
llava,mt,n481655,fullload,MT 3-turn standalone session,577.287008985877,2178.3608719706535,635.6932921335101,709.1469247825444,663.3949419483542,,,,4763.883039820939
llava,mt,n483840,fullload,MT 3-turn standalone session,574.6716121211648,1954.8714170232415,635.7345478609204,702.9685219749808,717.1226609498262,,,,4585.368759930134
llava,mt,n489190,fullload,MT 3-turn standalone session,539.7100253030658,1877.170966938138,591.3128689862788,677.1534238941967,669.4267676211894,,,,4354.774052742869
llava,mt,n493357,fullload,MT 3-turn standalone session,553.6113753914833,2017.8921269252896,639.6085163578391,690.0641713291407,685.316969640553,,,,4586.493159644306
llava,mt,n522733,fullload,MT 3-turn standalone session,585.0304700434208,2147.7229120209813,637.9157560877502,733.3017173223197,787.1985258534551,,,,4891.169381327927
llava,mt,n531731,fullload,MT 3-turn standalone session,582.5166320428252,2104.754511732608,657.3535646311939,768.6158139258623,720.9288040176034,,,,4834.169326350093
llava,mt,n541688,fullload,MT 3-turn standalone session,548.3961091376841,2924.226919654757,590.1713371276855,647.5664721801877,739.1292010433972,,,,5449.490039143711
llava,mt,n557666,fullload,MT 3-turn standalone session,533.2595780491829,1739.3515962176025,591.978004667908,663.9592749997973,687.0821299962699,,,,4215.630583930761
llava,mt,n59627,fullload,MT 3-turn standalone session,572.146771941334,1946.835155133158,680.1980952732265,753.4784968011081,817.6254313439131,,,,4770.28395049274
llava,mt,n88366,fullload,MT 3-turn standalone session,443.9213112927973,2191.625399980694,519.3927250802517,621.7522523365915,561.3676523789763,,,,4338.059341069311
llava,mt,n95369,fullload,MT 3-turn standalone session,543.2847910560668,2175.5980011075735,601.0121200233698,682.0738161914051,686.8300749920309,,,,4688.798803370446
llava,mt,n9856,fullload,MT 3-turn standalone session,546.7623169533908,3465.955790132284,600.2511461265385,638.5846422053874,655.0773316994309,,,,5906.631227117032
llava,mt,n115614,A,MT 3-turn standalone session,537.7450701780617,1811.8100692518055,559.484486002475,276.94976795464754,245.40414195507765,,,,3431.3935353420675
llava,mt,n130464,A,MT 3-turn standalone session,599.4326341897249,1966.2381270900369,612.1670282445848,316.04374200105667,262.0004350319505,,,,3755.8819665573537
llava,mt,n162108,A,MT 3-turn standalone session,583.7952070869505,1856.771029997617,603.2485100440681,268.0982621386647,322.0130503177643,,,,3633.9260595850646
llava,mt,n187961,A,MT 3-turn standalone session,553.6685581319034,3149.4961800053716,621.9011908397079,332.120472099632,283.34189113229513,,,,4940.52829220891
llava,mt,n195925,A,MT 3-turn standalone session,535.5686848051846,1863.8272481039166,573.1013230979443,307.3982340283692,321.62612583488226,,,,3601.521615870297
llava,mt,n211324,A,MT 3-turn standalone session,586.2961546517909,1853.857649024576,600.4263069480658,312.033505178988,260.2970381267369,,,,3612.9106539301574
llava,mt,n228268,A,MT 3-turn standalone session,528.4544806927443,1551.475611049682,558.4895526990294,296.12317215651274,245.8828086964786,,,,3180.425625294447
llava,mt,n234683,A,MT 3-turn standalone session,604.922111146152,3154.4081368483603,636.5182870067656,304.76845102384686,273.05687591433525,,,,4973.67386193946
llava,mt,n256120,A,MT 3-turn standalone session,505.37586212158203,1677.4862613528967,547.4498299881816,335.8646188862622,248.7261053174734,,,,3314.902677666396
llava,mt,n257997,A,MT 3-turn standalone session,599.5656647719443,3123.884100932628,636.1425342038274,286.34601505473256,290.62189906835556,,,,4936.560214031488
llava,mt,n275148,A,MT 3-turn standalone session,576.3171426951885,2867.7364862523973,600.3820542246103,286.44525492563844,271.6887821443379,,,,4602.5697202421725
llava,mt,n275857,A,MT 3-turn standalone session,508.2663167268038,1884.74861998111,550.481375772506,305.8538972400129,267.4356265924871,,,,3516.78583631292
llava,mt,n288870,A,MT 3-turn standalone session,535.696042701602,1834.8222970962524,551.7604653723538,265.6980841420591,259.5584043301642,,,,3447.5352936424315
llava,mt,n302387,A,MT 3-turn standalone session,625.029306858778,2022.5388249382377,627.4967510253191,304.70178090035915,289.7048629820347,,,,3869.4715267047286
llava,mt,n305495,A,MT 3-turn standalone session,519.0641637891531,2168.560755904764,570.8114472217858,282.38110337406397,259.9963089451194,,,,3800.813779234886
llava,mt,n309148,A,MT 3-turn standalone session,752.9974640347064,2982.1476596407592,761.6241769865155,433.51268908008933,334.01835709810257,,,,5264.300346840173
llava,mt,n313060,A,MT 3-turn standalone session,742.7666350267828,2437.762922141701,781.5960771404207,323.39526200667024,331.1023316346109,,,,4616.6232279501855
llava,mt,n329514,A,MT 3-turn standalone session,506.3585680909455,2334.2488729394972,525.1123630441725,341.8119251728058,257.05887330695987,,,,3964.590602554381
llava,mt,n410476,A,MT 3-turn standalone session,526.9955941475928,2487.921700812876,564.6988358348608,319.47073014453053,321.8183880671859,,,,4220.905249007046
llava,mt,n429961,A,MT 3-turn standalone session,640.7792922109365,1842.1389269642532,599.3372723460197,369.56229992210865,292.1411315910518,,,,3743.95892303437
llava,mt,n433692,A,MT 3-turn standalone session,549.8136668466032,1900.1357667148113,601.7093556001782,254.4676810503006,247.48572194948792,,,,3553.6121921613812
llava,mt,n437192,A,MT 3-turn standalone session,513.8012198731303,2307.3718841187656,564.702935051173,307.4517669156194,269.7971658781171,,,,3963.1249718368053
llava,mt,n449058,A,MT 3-turn standalone session,596.592865884304,1877.1053771488369,620.1153551228344,314.2832210287452,290.572966914624,,,,3698.6697860993445
llava,mt,n450919,A,MT 3-turn standalone session,583.2658591680229,2531.2734129838645,621.40326295048,296.448219101876,291.5572449564934,,,,4323.947999160737
llava,mt,n460556,A,MT 3-turn standalone session,574.4770290330052,1928.2592702656984,599.4778689928353,297.29508981108665,251.7591710202396,,,,3651.268429122865
llava,mt,n469525,A,MT 3-turn standalone session,556.767086032778,2068.4241726994514,571.7740650288761,307.47029976919293,259.19815991073847,,,,3763.633783441037
llava,mt,n470131,A,MT 3-turn standalone session,535.3168668225408,2695.75182069093,569.5541729219258,323.7419109791517,267.34243892133236,,,,4391.7072103358805
llava,mt,n477702,A,MT 3-turn standalone session,555.1386247389019,1877.5374819524586,557.7995348721743,292.69165080040693,249.06870117411017,,,,3532.235993538052
llava,mt,n481655,A,MT 3-turn standalone session,573.8606359809637,1780.062965117395,635.3429066948593,311.3922760821879,272.12971495464444,,,,3572.7884988300502
llava,mt,n483840,A,MT 3-turn standalone session,578.087829053402,2820.3547317534685,627.1262089721859,309.19755389913917,299.9339341185987,,,,4634.700257796794
llava,mt,n489190,A,MT 3-turn standalone session,535.4027659632266,2505.6722168810666,552.7172978036106,364.95791329070926,299.7122062370181,,,,4258.462400175631
llava,mt,n493357,A,MT 3-turn standalone session,558.5097698494792,2861.0791261307895,634.9686309695244,282.56794763728976,273.01698410883546,,,,4610.142458695918
llava,mt,n522733,A,MT 3-turn standalone session,583.2169568166137,1878.6832676269114,601.0301462374628,289.07323302701116,307.9644199460745,,,,3659.9680236540735
llava,mt,n531731,A,MT 3-turn standalone session,579.8188517801464,2354.3415339663625,597.481130156666,303.7367919459939,254.1044047102332,,,,4089.482712559402
llava,mt,n541688,A,MT 3-turn standalone session,538.2586740888655,1711.958214174956,549.5589440688491,245.8047941327095,339.9783601053059,,,,3385.558986570686
llava,mt,n557666,A,MT 3-turn standalone session,532.3780160397291,2355.998470913619,557.4921299703419,307.9418488778174,292.36305225640535,,,,4046.1735180579126
llava,mt,n59627,A,MT 3-turn standalone session,572.5172078236938,1757.9849017784,636.5128038451076,325.26466622948647,273.0538616888225,,,,3565.33344136551
llava,mt,n88366,A,MT 3-turn standalone session,448.4078921377659,1667.224271222949,512.2127588838339,290.8700192347169,265.1613340713084,,,,3183.876275550574
llava,mt,n95369,A,MT 3-turn standalone session,536.3797321915627,1636.6463648155332,556.9888139143586,313.0474667996168,270.8160728216171,,,,3313.8784505426884
llava,mt,n9856,A,MT 3-turn standalone session,541.4322041906416,1729.028054047376,566.9457237236202,279.3218628503382,259.6335266716778,,,,3376.361371483654
llava,mt,n115614,B,MT 3-turn standalone session,539.4253339618444,876.936542801559,161.17328498512506,240.9743471071124,247.4856749176979,,,,2065.995183773339
llava,mt,n130464,B,MT 3-turn standalone session,603.6490309052169,652.3378021083772,163.41887693852186,269.55684181302786,252.31380108743906,,,,1941.276352852583
llava,mt,n162108,B,MT 3-turn standalone session,585.7539847493172,628.2430998980999,164.37547514215112,271.3258508592844,308.8217950426042,,,,1958.5202056914568
llava,mt,n187961,B,MT 3-turn standalone session,550.0618936493993,710.9357798472047,166.11341899260879,307.7300852164626,274.3788450025022,,,,2009.2200227081776
llava,mt,n195925,B,MT 3-turn standalone session,540.7843412831426,715.6607927754521,152.93251210823655,251.12893618643284,297.17712104320526,,,,1957.6837033964694
llava,mt,n211324,B,MT 3-turn standalone session,580.5396698415279,956.4585261978209,163.01264893263578,259.94445430114865,261.9399828836322,,,,2221.8952821567655
llava,mt,n228268,B,MT 3-turn standalone session,533.3588612265885,634.5043531619012,158.61681709066033,265.11456491425633,248.50690504536033,,,,1840.1015014387667
llava,mt,n234683,B,MT 3-turn standalone session,607.5154906138778,735.8100893907249,169.28878193721175,277.9477690346539,278.44264172017574,,,,2069.004772696644
llava,mt,n256120,B,MT 3-turn standalone session,512.5651289708912,726.9112658686936,150.37556877359748,230.45629588887095,263.6736864224076,,,,1883.981945924461
llava,mt,n257997,B,MT 3-turn standalone session,605.5773100815713,650.1239179633558,170.75559590011835,258.84387316182256,305.4283862002194,,,,1990.7290833070874
llava,mt,n275148,B,MT 3-turn standalone session,579.3284429237247,674.3473936803639,164.7031200118363,261.93664502352476,277.1438732743263,,,,1957.459474913776
llava,mt,n275857,B,MT 3-turn standalone session,509.4580021686852,690.9969430416822,160.50189081579447,266.2592679262161,248.09101317077875,,,,1875.3071171231568
llava,mt,n288870,B,MT 3-turn standalone session,534.39976926893,744.4124198518693,151.44277177751064,246.91685009747744,242.8262708708644,,,,1919.9980818666518
llava,mt,n302387,B,MT 3-turn standalone session,625.1701088622212,895.1800111681223,169.5012031123042,300.15977611765265,255.00756409019232,,,,2245.0186633504927
llava,mt,n305495,B,MT 3-turn standalone session,516.9532760046422,671.8611759133637,156.72912076115608,238.9064971357584,235.92685908079147,,,,1820.376928895712
llava,mt,n309148,B,MT 3-turn standalone session,751.4229319058359,859.7809341736138,204.41455719992518,416.9866661541164,341.75543021410704,,,,2574.3605196475983
llava,mt,n313060,B,MT 3-turn standalone session,741.941865067929,769.6504648774862,204.2351709678769,297.6362658664584,307.9171287827194,,,,2321.38089556247
llava,mt,n329514,B,MT 3-turn standalone session,508.6222691461444,1243.7839559279382,153.25623704120517,306.15573981776834,310.5170573107898,,,,2522.335259243846
llava,mt,n410476,B,MT 3-turn standalone session,532.9798250459135,847.582533955574,165.22499732673168,291.33971966803074,320.30373672023416,,,,2157.430812716484
llava,mt,n429961,B,MT 3-turn standalone session,641.3225322030485,759.9809276871383,166.13549692556262,309.72170596942306,304.9673028290272,,,,2182.1279656141996
llava,mt,n433692,B,MT 3-turn standalone session,549.2602749727666,644.6182960644364,165.10475287213922,253.22236493229866,252.5534788146615,,,,1864.7591676563025
llava,mt,n437192,B,MT 3-turn standalone session,514.4210769794881,664.8657061159611,155.71530908346176,233.3448943682015,255.0720851868391,,,,1823.4190717339516
llava,mt,n449058,B,MT 3-turn standalone session,603.6677649244666,799.8352940194309,181.38506123796105,311.73743214458227,318.08347813785076,,,,2214.7090304642916
llava,mt,n450919,B,MT 3-turn standalone session,588.3424240164459,763.8359828852117,177.77798231691122,263.3752799592912,305.1203438080847,,,,2098.4520129859447
llava,mt,n460556,B,MT 3-turn standalone session,577.5790051557124,623.2008356601,174.14573626592755,275.2455100417137,290.28080590069294,,,,1940.4518930241466
llava,mt,n469525,B,MT 3-turn standalone session,546.2995870038867,697.8858611546457,154.1806752793491,241.40784330666065,228.65767125040293,,,,1868.431637994945
llava,mt,n470131,B,MT 3-turn standalone session,529.3158493004739,639.2024750821292,150.82149300724268,245.55415520444512,231.23292811214924,,,,1796.1269007064402
llava,mt,n477702,B,MT 3-turn standalone session,550.2547943033278,644.8295610025525,153.16592482849956,242.873708717525,235.10511871427298,,,,1826.2291075661778
llava,mt,n481655,B,MT 3-turn standalone session,578.6683647893369,847.3744508810341,168.7651239335537,257.0228511467576,259.86322900280356,,,,2111.694019753486
llava,mt,n483840,B,MT 3-turn standalone session,578.9584061130881,703.3030316233635,166.14976478740573,293.87499624863267,301.9138197414577,,,,2044.2000185139477
llava,mt,n489190,B,MT 3-turn standalone session,538.1710440851748,633.1204622983932,150.37804702296853,300.6527298130095,280.7977539487183,,,,1903.1200371682644
llava,mt,n493357,B,MT 3-turn standalone session,557.9574569128454,746.1063987575471,166.15476785227656,252.4378029629588,268.2670569047332,,,,1990.923483390361
llava,mt,n522733,B,MT 3-turn standalone session,585.3820350021124,818.5316529124975,174.69271877780557,297.269469127059,308.35937475785613,,,,2184.2352505773306
llava,mt,n531731,B,MT 3-turn standalone session,585.1796306669712,752.1206261590123,175.59015471488237,265.59838419780135,273.13605695962906,,,,2051.6248526982963
llava,mt,n541688,B,MT 3-turn standalone session,537.880243267864,600.1583086326718,149.90072092041373,226.2082640081644,343.58704602345824,,,,1857.7345828525722
llava,mt,n557666,B,MT 3-turn standalone session,533.419243991375,616.0698803141713,151.86212491244078,251.53120514005423,270.5224412493408,,,,1823.404895607382
llava,mt,n59627,B,MT 3-turn standalone session,570.0905048288405,957.531759981066,170.8637815900147,276.495442725718,265.7574317418039,,,,2240.738920867443
llava,mt,n88366,B,MT 3-turn standalone session,443.6815632507205,843.4697189368308,141.53693709522486,236.3771772943437,247.3221910186112,,,,1912.387587595731
llava,mt,n95369,B,MT 3-turn standalone session,532.0982588455081,711.6378271020949,154.0573090314865,245.7880387082696,242.28017777204514,,,,1885.8616114594042
llava,mt,n9856,B,MT 3-turn standalone session,541.8776632286608,614.7864302620292,154.9765169620514,227.21919417381287,239.95738895609975,,,,1778.817193582654
qwen,gqa,n133585,recompute,six independent requests + one-time persistence/activation,131.67962338775396,0.0,0.0,131.13551028072834,130.7641132734716,131.02855999022722,130.82631025463343,118.7402792274952,774.1743964143097
qwen,gqa,n154856,recompute,six independent requests + one-time persistence/activation,112.09459602832794,0.0,0.0,111.71035515144467,111.50750098749995,113.07204887270927,111.38413799926639,110.73686880990863,670.5055078491569
qwen,gqa,n16425,recompute,six independent requests + one-time persistence/activation,113.48351929336786,0.0,0.0,112.22248710691929,112.40682192146778,112.70450381562114,112.7270981669426,112.44765296578407,675.9920832701027
qwen,gqa,n166008,recompute,six independent requests + one-time persistence/activation,112.71406710147858,0.0,0.0,128.20274475961924,113.2572591304779,112.29773703962564,113.17131901159883,112.08926094695926,691.7323879897594
qwen,gqa,n16656,recompute,six independent requests + one-time persistence/activation,137.62914203107357,0.0,0.0,137.09038263186812,153.71833881363273,152.44098799303174,136.36358501389623,137.9826427437365,855.2250792272389
qwen,gqa,n195249,recompute,six independent requests + one-time persistence/activation,117.81127797439694,0.0,0.0,117.30786226689816,117.14229406788945,116.50824919342995,120.69773906841874,121.94530200213194,711.4127245731652
qwen,gqa,n199286,recompute,six independent requests + one-time persistence/activation,147.4297270178795,0.0,0.0,132.4908579699695,131.23592967167497,147.07558695226908,240.2500561438501,131.54248893260956,930.0246466882527
qwen,gqa,n234722,recompute,six independent requests + one-time persistence/activation,139.04546480625868,0.0,0.0,137.59076176211238,153.2394182868302,138.61508620902896,137.30137003585696,138.82255414500833,844.6146552450955
qwen,gqa,n244826,recompute,six independent requests + one-time persistence/activation,116.8506289832294,0.0,0.0,116.02797079831362,116.47647712379694,116.78439285606146,115.69692380726337,115.96020869910717,697.796602267772
qwen,gqa,n262929,recompute,six independent requests + one-time persistence/activation,131.85774814337492,0.0,0.0,131.37918524444103,131.21179398149252,131.91612996160984,132.24771991372108,131.48305378854275,790.0956310331821
qwen,gqa,n272098,recompute,six independent requests + one-time persistence/activation,166.9137142598629,0.0,0.0,166.73068795353174,166.56664619222283,151.0717631317675,166.4415542036295,165.61450203880668,983.3388677798212
qwen,gqa,n281241,recompute,six independent requests + one-time persistence/activation,131.2457351014018,0.0,0.0,131.25701621174812,130.9223468415439,130.99503004923463,130.9258178807795,130.5132219567895,785.8591680414975
qwen,gqa,n293477,recompute,six independent requests + one-time persistence/activation,152.91986474767327,0.0,0.0,137.5332521274686,137.5966272316873,137.2039238922298,137.22848379984498,137.70400825887918,840.1861600577831
qwen,gqa,n298104,recompute,six independent requests + one-time persistence/activation,130.54586481302977,0.0,0.0,130.60048688203096,162.1950836852193,130.8160126209259,146.05731097981334,130.91832492500544,831.1330839060247
qwen,gqa,n302387,recompute,six independent requests + one-time persistence/activation,138.52399541065097,0.0,0.0,137.89235707372427,137.51958636566997,137.37433403730392,138.4684913791716,137.30819895863533,827.0869632251561
qwen,gqa,n314171,recompute,six independent requests + one-time persistence/activation,147.84203004091978,0.0,0.0,131.56623393297195,131.62378408014774,132.04672513529658,147.24206179380417,131.83971727266908,822.1605522558093
qwen,gqa,n329479,recompute,six independent requests + one-time persistence/activation,142.66364788636565,0.0,0.0,130.4487530142069,162.90575079619884,130.08306408300996,130.80830220133066,162.24022395908833,859.1497419402003
qwen,gqa,n331357,recompute,six independent requests + one-time persistence/activation,118.6628807336092,0.0,0.0,119.45332773029804,119.22448594123125,118.6050521209836,134.79942129924893,119.16616605594754,729.9113338813186
qwen,gqa,n355567,recompute,six independent requests + one-time persistence/activation,131.5001528710127,0.0,0.0,130.69274090230465,161.66101023554802,130.82383293658495,130.13353385031223,160.56687897071242,845.378149766475
qwen,gqa,n37274,recompute,six independent requests + one-time persistence/activation,153.53630296885967,0.0,0.0,154.8152077011764,137.81592110171914,153.3662648871541,137.36333511769772,137.72415509447455,874.6211868710816
qwen,gqa,n390187,recompute,six independent requests + one-time persistence/activation,147.86482509225607,0.0,0.0,147.50994183123112,132.21606891602278,131.79419795051217,131.8508880212903,131.6699581220746,822.905879933387
qwen,gqa,n406334,recompute,six independent requests + one-time persistence/activation,133.3311703056097,0.0,0.0,131.49512186646461,131.41608517616987,131.7513263784349,132.305805105716,131.64911326020956,791.9486220926046
qwen,gqa,n437064,recompute,six independent requests + one-time persistence/activation,131.36832090094686,0.0,0.0,130.96559327095747,147.36834494397044,147.03216822817922,131.36035483330488,131.7365737631917,819.8313559405506
qwen,gqa,n44249,recompute,six independent requests + one-time persistence/activation,132.30230519548059,0.0,0.0,148.21406127884984,142.94008258730173,132.45240971446037,146.65840193629265,131.81156432256103,834.3788250349462
qwen,gqa,n450919,recompute,six independent requests + one-time persistence/activation,112.2412197291851,0.0,0.0,111.46806506440043,111.41138290986419,142.46118301525712,144.4730032235384,111.5938238799572,733.6486778222024
qwen,gqa,n470131,recompute,six independent requests + one-time persistence/activation,131.8321991711855,0.0,0.0,131.00222405046225,131.7457491531968,132.27781699970365,130.72473974898458,131.1050420626998,788.6877711862326
qwen,gqa,n472825,recompute,six independent requests + one-time persistence/activation,139.84444690868258,0.0,0.0,137.61403132230043,136.73656806349754,168.94643986597657,136.69989118352532,137.3752518557012,857.2166291996837
qwen,gqa,n48494,recompute,six independent requests + one-time persistence/activation,113.23356488719583,0.0,0.0,112.73254128172994,111.83528788387775,113.53308381512761,112.21580300480127,112.4008628539741,675.9511437267065
qwen,gqa,n494918,recompute,six independent requests + one-time persistence/activation,143.67645885795355,0.0,0.0,111.33628757670522,111.12183285877109,110.70852680131793,111.47686140611768,111.28256795927882,699.6025354601443
qwen,gqa,n498140,recompute,six independent requests + one-time persistence/activation,133.02828604355454,0.0,0.0,132.15717719867826,131.491104606539,131.69728266075253,131.564537063241,131.18857704102993,791.1269646137953
qwen,gqa,n51002,recompute,six independent requests + one-time persistence/activation,131.90274871885777,0.0,0.0,132.33965216204524,130.6469668634236,147.04175340011716,146.68717794120312,131.66018202900887,820.2784811146557
qwen,gqa,n522733,recompute,six independent requests + one-time persistence/activation,136.91375823691487,0.0,0.0,136.82212913408875,138.10497103258967,137.9392547532916,137.48544780537486,137.83545140177011,825.1010123640299
qwen,gqa,n52544,recompute,six independent requests + one-time persistence/activation,131.94411899894476,0.0,0.0,131.14372175186872,162.2604876756668,132.17124436050653,162.64755092561245,131.8056397140026,851.9727634266019
qwen,gqa,n527589,recompute,six independent requests + one-time persistence/activation,111.86223430559039,0.0,0.0,112.9944883286953,128.39899770915508,127.59182183071971,111.9342758320272,128.801628947258,721.5834469534457
qwen,gqa,n540852,recompute,six independent requests + one-time persistence/activation,141.29539113491774,0.0,0.0,141.1264599300921,140.5222499743104,139.7015107795596,156.94689098745584,140.44366590678692,860.0361687131226
qwen,gqa,n567860,recompute,six independent requests + one-time persistence/activation,137.75063399225473,0.0,0.0,138.62705137580633,137.54656491801143,138.6003578081727,138.33216717466712,136.7498878389597,827.606663107872
qwen,gqa,n58220,recompute,six independent requests + one-time persistence/activation,136.4436661824584,0.0,0.0,136.16540282964706,136.94857014343143,136.85393193736672,136.2561509013176,136.13320607692003,818.8009280711412
qwen,gqa,n67005,recompute,six independent requests + one-time persistence/activation,111.90979927778244,0.0,0.0,111.73282004892826,111.3721770234406,111.52349784970284,111.14069493487477,111.14524397999048,668.8242331147194
qwen,gqa,n90294,recompute,six independent requests + one-time persistence/activation,137.22464768216014,0.0,0.0,137.2029297053814,136.41826389357448,137.5905890017748,138.25946394354105,136.56989997252822,823.2657941989601
qwen,gqa,n9181,recompute,six independent requests + one-time persistence/activation,137.19489565119147,0.0,0.0,136.77397603169084,136.8484767153859,136.89529988914728,151.99656784534454,136.52446260675788,836.2336787395179
qwen,gqa,n133585,fullload,six independent requests + one-time persistence/activation,131.82070618495345,72.50591507181525,25.38612997159362,83.30881502479315,85.58909595012665,148.36027892306447,119.14642574265599,98.10397494584322,764.2213418148458
qwen,gqa,n154856,fullload,six independent requests + one-time persistence/activation,111.80737800896168,68.52936977520585,22.616893984377384,81.24314388260245,79.99117765575647,90.49604879692197,87.11255434900522,92.65407780185342,634.4506442546844
qwen,gqa,n16425,fullload,six independent requests + one-time persistence/activation,114.01307210326195,68.6913700774312,22.43696805089712,79.34808917343616,79.84292693436146,79.97470395639539,131.65313005447388,79.9593897536397,655.9196501038969
qwen,gqa,n166008,fullload,six independent requests + one-time persistence/activation,113.29224426299334,69.58197802305222,22.292491048574448,105.40325380861759,126.87868112698197,105.33130681142211,80.03894006833434,93.67324598133564,716.4921411313117
qwen,gqa,n16656,fullload,six independent requests + one-time persistence/activation,137.32346706092358,83.97749625146389,29.59149982780218,99.1078526712954,118.90350887551904,118.70134994387627,100.81785079091787,86.60011505708098,775.0231404788792
qwen,gqa,n195249,fullload,six independent requests + one-time persistence/activation,118.17089095711708,67.07520503550768,21.58583700656891,86.54781198129058,88.77771813422441,81.10720803961158,80.84215270355344,109.953623265028,654.0604471229017
qwen,gqa,n199286,fullload,six independent requests + one-time persistence/activation,147.8104069828987,75.52513293921947,25.850868318229914,84.0816660784185,85.9533678740263,101.4567450620234,190.026864875108,83.96992413327098,794.6749762631953
qwen,gqa,n234722,fullload,six independent requests + one-time persistence/activation,138.7245338410139,84.54981679096818,28.64493802189827,85.4547549970448,100.37740785628557,93.85477378964424,88.59509322792292,87.28413796052337,707.4854564853013
qwen,gqa,n244826,fullload,six independent requests + one-time persistence/activation,116.15291889756918,67.64898030087352,22.253055591136217,80.66712180152535,82.94860599562526,94.79582495987415,92.14119799435139,80.2103728055954,636.8180783465505
qwen,gqa,n262929,fullload,six independent requests + one-time persistence/activation,132.03636789694428,76.34682534262538,25.789249688386917,86.0961340367794,85.48322832211852,87.95388927683234,94.61577702313662,87.69920794293284,676.0206795297563
qwen,gqa,n272098,fullload,six independent requests + one-time persistence/activation,167.47205005958676,93.05925713852048,32.86608634516597,104.89993309602141,143.27518828213215,135.85183816030622,115.26346998289227,121.51535879820585,914.2031818628311
qwen,gqa,n281241,fullload,six independent requests + one-time persistence/activation,131.20531709864736,76.48251298815012,25.973995216190815,84.31591792032123,104.55078119412065,87.66521606594324,89.54228973016143,89.1165379434824,688.8525681570172
qwen,gqa,n293477,fullload,six independent requests + one-time persistence/activation,153.04766409099102,82.62282190844417,29.244847130030394,87.37372979521751,93.84012361988425,89.97824182733893,96.97148017585278,86.77371684461832,719.8526253923774
qwen,gqa,n298104,fullload,six independent requests + one-time persistence/activation,131.09547877684236,77.27857492864132,26.03961620479822,87.52444665879011,116.49691220372915,84.05945776030421,121.41537107527256,154.32924078777432,798.2390983961523
qwen,gqa,n302387,fullload,six independent requests + one-time persistence/activation,138.49663827568293,83.56989035382867,29.450712725520134,87.89144922047853,101.80089809000492,101.9643247127533,102.4585273116827,104.31384202092886,749.94628271088
qwen,gqa,n314171,fullload,six independent requests + one-time persistence/activation,148.6544688232243,74.40114580094814,26.336813811212778,118.01187787204981,95.97659017890692,92.86316391080618,98.7958307377994,91.66975785046816,746.7096489854157
qwen,gqa,n329479,fullload,six independent requests + one-time persistence/activation,131.64078816771507,74.50355775654316,25.85210232064128,138.818034902215,138.0350668914616,111.46812094375491,83.18052673712373,119.35699312016368,822.8551908396184
qwen,gqa,n331357,fullload,six independent requests + one-time persistence/activation,119.30590588599443,95.5612100660801,25.67004319280386,83.2081139087677,107.12332371622324,85.74364800006151,126.98353314772248,142.6113690249622,786.2071469426155
qwen,gqa,n355567,fullload,six independent requests + one-time persistence/activation,132.24910013377666,77.08831178024411,25.863150134682655,84.40116187557578,114.86638616770506,83.91036931425333,94.2528611049056,125.39455108344555,738.0258915945888
qwen,gqa,n37274,fullload,six independent requests + one-time persistence/activation,155.20398505032063,79.38792509958148,29.295947402715683,101.00275510922074,86.40360087156296,100.36167921498418,85.04633419215679,88.62889604642987,725.3311229869723
qwen,gqa,n390187,fullload,six independent requests + one-time persistence/activation,147.70387392491102,73.4135340899229,24.993410799652338,102.17497311532497,83.11322377994657,84.02128610759974,82.7442379668355,90.93396179378033,689.0985015779734
qwen,gqa,n406334,fullload,six independent requests + one-time persistence/activation,133.6038513109088,89.17210437357426,25.391790084540844,98.02819089964032,98.81391003727913,85.5152360163629,111.9878850877285,104.49308902025223,747.006056830287
qwen,gqa,n437064,fullload,six independent requests + one-time persistence/activation,131.25764299184084,74.57615016028285,25.400434620678425,86.03604882955551,105.45162204653025,101.11912619322538,91.21113503351808,90.55330092087388,705.6054607965052
qwen,gqa,n44249,fullload,six independent requests + one-time persistence/activation,133.3692166954279,73.48745595663786,26.029696222394705,101.09616303816438,106.1356458812952,112.7812210470438,117.08927992731333,99.53525802120566,769.5239367894828
qwen,gqa,n450919,fullload,six independent requests + one-time persistence/activation,112.47019376605749,66.23569456860423,21.200898103415966,121.9420819543302,107.24860988557339,109.67891803011298,110.22589402273297,81.31555002182722,730.3178403526545
qwen,gqa,n470131,fullload,six independent requests + one-time persistence/activation,132.37174460664392,73.4245809726417,26.052351109683514,84.22671817243099,102.89099719375372,93.20771181955934,84.7572679631412,93.36332697421312,690.2946988120675
qwen,gqa,n472825,fullload,six independent requests + one-time persistence/activation,138.39894393458962,79.94442386552691,29.40793288871646,97.92487090453506,90.89792193844914,116.64182506501675,92.6857041195035,95.35163221880794,741.2532549351454
qwen,gqa,n48494,fullload,six independent requests + one-time persistence/activation,113.278535194695,70.73727482929826,22.134412080049515,80.50580462440848,84.63965635746717,99.19391805306077,93.8180829398334,79.52148979529738,643.82917387411
qwen,gqa,n494918,fullload,six independent requests + one-time persistence/activation,142.01682386919856,69.88158216699958,22.279963362962008,83.56321696192026,79.86052287742496,80.48566104844213,87.13388629257679,85.1699742488563,650.3916308283806
qwen,gqa,n498140,fullload,six independent requests + one-time persistence/activation,132.82647263258696,76.18964184075594,25.833155028522015,85.25989484041929,84.01835197582841,85.86552133783698,85.83315089344978,83.51462008431554,659.3408086337149
qwen,gqa,n51002,fullload,six independent requests + one-time persistence/activation,132.79854878783226,72.18751590698957,25.673232972621918,99.89693900570273,84.48695205152035,102.72225923836231,99.80011498555541,84.14374198764563,701.7093049362302
qwen,gqa,n522733,fullload,six independent requests + one-time persistence/activation,138.21614114567637,79.29473696276546,28.36594730615616,88.35161803290248,86.301458068192,86.50583401322365,87.83383201807737,85.82674618810415,680.6963137350976
qwen,gqa,n52544,fullload,six independent requests + one-time persistence/activation,131.92018400877714,76.25034637749195,26.07510006055236,87.37498708069324,121.70557584613562,86.13956207409501,118.89213183894753,84.02945892885327,732.3873462155461
qwen,gqa,n527589,fullload,six independent requests + one-time persistence/activation,112.14385600760579,80.6102599017322,21.842255257070065,86.3630399107933,99.95257575064898,107.91594721376896,104.28162291646004,113.27758012339473,726.3871370814741
qwen,gqa,n540852,fullload,six independent requests + one-time persistence/activation,141.83064736425877,94.33186566457152,32.99436578527093,89.992371853441,91.63426188752055,87.72960212081671,103.59791992232203,89.80148797854781,731.9125225767493
qwen,gqa,n567860,fullload,six independent requests + one-time persistence/activation,137.66996935009956,79.84451111406088,29.793103225529194,87.2328239493072,95.18845891579986,90.98700527101755,99.97138427570462,86.6188881918788,707.3061442933977
qwen,gqa,n58220,fullload,six independent requests + one-time persistence/activation,138.11106327921152,81.25100610777736,29.992256313562393,86.95326559245586,89.82050186023116,86.4607309922576,85.55902494117618,86.1387262120843,684.2865752987564
qwen,gqa,n67005,fullload,six independent requests + one-time persistence/activation,111.74126993864775,67.92952818796039,21.240130998194218,107.96700278297067,88.3574360050261,79.52495897188783,86.94164408370852,86.6086557507515,650.310626719147
qwen,gqa,n90294,fullload,six independent requests + one-time persistence/activation,137.48127641156316,80.67750977352262,29.37583578750491,86.24044992029667,89.5398217253387,87.78326865285635,86.46533358842134,85.44236794114113,683.0058638006449
qwen,gqa,n9181,fullload,six independent requests + one-time persistence/activation,137.66271201893687,81.03391667827964,29.2530688457191,85.15243325382471,85.60347463935614,85.08636383339763,101.0204222984612,85.49229940399528,690.3046909719706
qwen,gqa,n133585,A,six independent requests + one-time persistence/activation,132.81939225271344,80.83873288705945,24.97842302545905,70.12649904936552,71.86110643669963,105.4217186756432,72.59616162627935,72.04641494899988,630.6884489022195
qwen,gqa,n154856,A,six independent requests + one-time persistence/activation,113.42008924111724,68.83859820663929,22.126364056020975,69.14741173386574,69.0938769839704,75.97806304693222,69.19890688732266,71.90313097089529,559.7064411267638
qwen,gqa,n16425,A,six independent requests + one-time persistence/activation,114.49241498485208,75.8551498875022,21.925796288996935,69.32926876470447,69.32523660361767,69.46250703185797,69.92811197414994,79.35894327238202,569.6774288080633
qwen,gqa,n166008,A,six independent requests + one-time persistence/activation,114.59955526515841,85.73876786977053,21.430903114378452,86.97907906025648,69.61296359077096,72.06652173772454,69.96382819488645,111.71380802989006,632.1054268628359
qwen,gqa,n16656,A,six independent requests + one-time persistence/activation,139.92240419611335,95.39184719324112,28.836924117058516,70.81713574007154,100.04322184249759,85.73338063433766,69.95118875056505,71.14696595817804,661.8430684320629
qwen,gqa,n195249,A,six independent requests + one-time persistence/activation,119.43867802619934,78.4168723039329,22.543550934642553,70.06707089021802,70.05614414811134,69.81958495453,70.66983683034778,69.63420193642378,570.6459400244057
qwen,gqa,n199286,A,six independent requests + one-time persistence/activation,149.09328194335103,76.96294970810413,24.968729820102453,70.01643488183618,74.79329500347376,87.54115691408515,177.19408310949802,69.85158799216151,730.4215193726122
qwen,gqa,n234722,A,six independent requests + one-time persistence/activation,140.8852101303637,83.70022289454937,29.808051884174347,70.73520636186004,101.93934291601181,70.37796080112457,70.13637386262417,70.44160831719637,638.0239771679044
qwen,gqa,n244826,A,six independent requests + one-time persistence/activation,118.09901287779212,68.33143485710025,22.04346377402544,69.93964733555913,90.3774918988347,70.24991698563099,71.42166374251246,69.67392098158598,580.1365524530411
qwen,gqa,n262929,A,six independent requests + one-time persistence/activation,133.09100409969687,87.19794219359756,24.883858859539032,72.02665228396654,70.0330720283091,69.79382317513227,73.90966406092048,72.64966005459428,603.5856767557561
qwen,gqa,n272098,A,six independent requests + one-time persistence/activation,169.1354038193822,103.76590210944414,33.3766401745379,109.10951811820269,85.97486279904842,81.0798560269177,86.15873102098703,125.81170909106731,794.4126231595874
qwen,gqa,n281241,A,six independent requests + one-time persistence/activation,133.14482802525163,74.57208074629307,25.19614202901721,69.8749809525907,79.84249806031585,76.86009909957647,72.97119405120611,72.8149670176208,605.2767899818718
qwen,gqa,n293477,A,six independent requests + one-time persistence/activation,155.71963088586926,86.48495376110077,28.104704804718494,80.3434569388628,74.4189159013331,70.24480495601892,69.93329245597124,69.96716931462288,635.2169290184975
qwen,gqa,n298104,A,six independent requests + one-time persistence/activation,132.6287412084639,77.8878889977932,25.817140005528927,72.51665787771344,100.24884110316634,69.82584111392498,85.75924159958959,69.75012691691518,634.4344788230956
qwen,gqa,n302387,A,six independent requests + one-time persistence/activation,139.7668793797493,97.12556377053261,28.82158476859331,70.79452136531472,79.83379438519478,85.994069930166,70.03730768337846,70.21712372079492,642.5908450037241
qwen,gqa,n314171,A,six independent requests + one-time persistence/activation,149.9977740459144,102.77752205729485,25.46591404825449,71.07855333015323,69.76148812100291,69.81047103181481,99.11229787394404,81.08997391536832,669.0939944237471
qwen,gqa,n329479,A,six independent requests + one-time persistence/activation,132.43390899151564,107.8074430115521,24.962622206658125,91.73837210983038,119.83561189845204,71.06113666668534,70.12598402798176,115.86498795077205,733.8300668634474
qwen,gqa,n331357,A,six independent requests + one-time persistence/activation,121.68821878731251,90.6476229429245,29.743439983576536,70.19602600485086,69.72643779590726,72.5050182081759,109.2594861984253,70.0326319783926,633.7988818995655
qwen,gqa,n355567,A,six independent requests + one-time persistence/activation,132.87827000021935,75.32521989196539,25.03861114382744,70.03701804205775,69.99268708750606,69.07467590644956,69.86370030790567,94.29307794198394,606.5032603219151
qwen,gqa,n37274,A,six independent requests + one-time persistence/activation,155.4895513691008,87.11400395259261,28.80427334457636,85.4075183160603,70.68615686148405,85.3687240742147,69.87574975937605,70.36055019125342,653.1065278686583
qwen,gqa,n390187,A,six independent requests + one-time persistence/activation,150.46212822198868,75.6711820140481,25.96995420753956,88.48151611164212,70.16551028937101,70.51819190382957,70.59718808159232,70.30020980164409,622.1658806316555
qwen,gqa,n406334,A,six independent requests + one-time persistence/activation,133.99676280096173,94.03506806120276,26.423907838761806,72.01458187773824,70.40518522262573,72.38647481426597,86.29221608862281,73.40803928673267,628.9622359909117
qwen,gqa,n437064,A,six independent requests + one-time persistence/activation,133.54996126145124,73.95050209015608,25.863510090857744,70.21958194673061,86.48769604042172,87.08455413579941,71.67477393522859,70.7892500795424,619.6198295801878
qwen,gqa,n44249,A,six independent requests + one-time persistence/activation,134.51911183074117,91.95102890953422,24.969125632196665,84.70009919255972,69.56212129443884,69.37368027865887,89.52164091169834,111.70350620523095,676.3003142550588
qwen,gqa,n450919,A,six independent requests + one-time persistence/activation,113.80024999380112,74.56001313403249,22.09591306746006,71.85614015907049,69.61879413574934,72.3820780403912,100.46451492235065,69.31488076224923,594.0925842151046
qwen,gqa,n470131,A,six independent requests + one-time persistence/activation,133.7626026943326,87.15861523523927,25.399026926606894,69.95832687243819,72.83962005749345,70.64399681985378,70.7462951540947,79.57328902557492,610.0817727856338
qwen,gqa,n472825,A,six independent requests + one-time persistence/activation,139.04067035764456,79.92787007242441,28.589011635631323,69.91511024534702,72.9660838842392,86.28221787512302,80.14915185049176,71.49164797738194,628.3617638982832
qwen,gqa,n48494,A,six independent requests + one-time persistence/activation,115.90326530858874,68.49122419953346,21.352447103708982,69.34918602928519,76.02957496419549,70.16789726912975,69.56458278000355,70.47677366062999,561.3349513150752
qwen,gqa,n494918,A,six independent requests + one-time persistence/activation,144.4015959277749,75.12491475790739,21.422637160867453,69.4578648544848,69.43181110545993,81.32076123729348,68.83430806919932,69.74931014701724,599.7432032600045
qwen,gqa,n498140,A,six independent requests + one-time persistence/activation,133.31864681094885,80.31334588304162,25.255380664020777,69.83170891180634,70.12374000623822,70.7739582285285,70.00491162762046,70.16742462292314,589.7891167551279
qwen,gqa,n51002,A,six independent requests + one-time persistence/activation,133.43383325263858,100.68957693874836,24.889433290809393,69.48139797896147,69.56692412495613,92.31575299054384,69.62971808388829,69.93369199335575,629.9403286539018
qwen,gqa,n522733,A,six independent requests + one-time persistence/activation,138.89591256156564,83.92645698040724,30.13735730201006,72.37777300179005,70.75009122490883,70.64301380887628,82.52152800559998,70.51832508295774,619.7704579681158
qwen,gqa,n52544,A,six independent requests + one-time persistence/activation,133.22209008038044,84.73953418433666,25.496136862784624,125.92079723253846,105.93633214011788,69.96412901207805,70.05577068775892,70.43857127428055,685.7733614742756
qwen,gqa,n527589,A,six independent requests + one-time persistence/activation,115.17397407442331,83.63289292901754,22.411203011870384,71.95495394989848,100.20993230864406,91.22155187651515,79.38550226390362,84.49937496334314,648.4893853776157
qwen,gqa,n540852,A,six independent requests + one-time persistence/activation,142.4182029440999,85.95756720751524,32.054219860583544,85.38139890879393,69.56758070737123,70.40264597162604,97.17221092432737,74.14361741393805,657.0974439382553
qwen,gqa,n567860,A,six independent requests + one-time persistence/activation,139.659414999187,81.06627175584435,28.599214740097523,70.29769197106361,82.53648597747087,82.14398985728621,72.86570407450199,75.33992687240243,632.508700247854
qwen,gqa,n58220,A,six independent requests + one-time persistence/activation,139.18944634497166,80.40047669783235,28.990609105676413,73.248952627182,71.25676702708006,70.36052271723747,70.1894829981029,70.57345006614923,604.2097075842321
qwen,gqa,n67005,A,six independent requests + one-time persistence/activation,114.20551594346762,93.07850012555718,22.213838063180447,71.89836166799068,69.36541711911559,69.76765999570489,80.91147430241108,69.71944402903318,591.1602112464607
qwen,gqa,n90294,A,six independent requests + one-time persistence/activation,139.46434622630477,80.3428441286087,28.39306741952896,108.67530386894941,71.5979477390647,70.11014921590686,70.44917903840542,70.22379525005817,639.256632886827
qwen,gqa,n9181,A,six independent requests + one-time persistence/activation,139.81045596301556,88.1368019618094,28.377766255289316,76.20117627084255,69.9913720600307,70.09258586913347,74.35337780043483,70.35140600055456,617.3149421811104
qwen,gqa,n133585,B,six independent requests + one-time persistence/activation,132.95781193301082,49.03780994936824,9.504941292107105,67.11141997948289,69.12998296320438,67.11711594834924,69.3009439855814,69.17473673820496,533.334762789309
qwen,gqa,n154856,B,six independent requests + one-time persistence/activation,113.4091867133975,57.00170714408159,8.322400972247124,66.02269597351551,65.59178186580539,66.79326388984919,65.9260400570929,67.96370400115848,511.0307806171477
qwen,gqa,n16425,B,six independent requests + one-time persistence/activation,114.00959407910705,55.00957230105996,7.861586753278971,66.5455968119204,65.71038998663425,66.23547431081533,66.1365301348269,65.91639900580049,507.42514338344336
qwen,gqa,n166008,B,six independent requests + one-time persistence/activation,114.65363577008247,69.62444493547082,7.782988250255585,83.00846116617322,65.70607284083962,68.68866318836808,65.65399793908,65.07317768409848,540.1914417743683
qwen,gqa,n16656,B,six independent requests + one-time persistence/activation,139.33445699512959,52.381847985088825,10.186408180743456,68.51664697751403,83.37586699053645,84.1181487776339,67.45730806142092,68.23995197191834,573.6106359399855
qwen,gqa,n195249,B,six independent requests + one-time persistence/activation,119.30442694574594,45.98636506125331,8.4910336881876,66.96570571511984,66.54603499919176,72.51463318243623,66.15341175347567,74.28371580317616,520.2453271485865
qwen,gqa,n199286,B,six independent requests + one-time persistence/activation,148.71799107640982,53.70059935376048,9.70368692651391,67.18539912253618,69.43060597404838,84.58329737186432,176.8081011250615,67.64362612739205,677.7733070775867
qwen,gqa,n234722,B,six independent requests + one-time persistence/activation,140.81710623577237,54.613539949059486,9.879149962216616,69.57183592021465,134.32904100045562,67.10547534748912,66.77313195541501,66.98228884488344,610.0715692155063
qwen,gqa,n244826,B,six independent requests + one-time persistence/activation,118.1399836204946,49.94877288118005,8.385105058550835,73.69236089289188,69.00438107550144,66.27101497724652,68.43501422554255,66.2330724298954,520.1097051613033
qwen,gqa,n262929,B,six independent requests + one-time persistence/activation,134.2046861536801,55.24684628471732,9.506994858384132,69.27348207682371,66.98518292978406,66.78582727909088,67.66493432223797,69.29198605939746,538.9599399641156
qwen,gqa,n272098,B,six independent requests + one-time persistence/activation,168.66377089172602,55.20053207874298,11.208137962967157,135.60395035892725,84.30063212290406,69.135800935328,85.97212517634034,121.77080288529396,731.8557524122298
qwen,gqa,n281241,B,six independent requests + one-time persistence/activation,133.81697703152895,49.85070461407304,9.489755146205425,66.94002402946353,66.9887326657772,67.12490459904075,69.07398998737335,69.57273604348302,532.8578241169453
qwen,gqa,n293477,B,six independent requests + one-time persistence/activation,154.71167722716928,56.39823013916612,9.644926991313696,68.03954998031259,67.8932280279696,67.85668898373842,67.86802085116506,68.28820798546076,560.7005301862955
qwen,gqa,n298104,B,six independent requests + one-time persistence/activation,132.40568805485964,49.21708069741726,9.305652230978012,70.96655433997512,103.5429798066616,66.90206471830606,130.03033585846424,67.0857047662139,629.4560604728758
qwen,gqa,n302387,B,six independent requests + one-time persistence/activation,139.88105580210686,76.26265473663807,9.975218214094639,68.3168601244688,71.07089878991246,71.65771862491965,66.76790490746498,67.25202081725001,571.1843320168555
qwen,gqa,n314171,B,six independent requests + one-time persistence/activation,149.35156470164657,57.29146068915725,9.417833760380745,67.86334095522761,67.61715607717633,66.9773486442864,91.80460497736931,66.83867890387774,577.1619887091219
qwen,gqa,n329479,B,six independent requests + one-time persistence/activation,132.61102186515927,80.19203273579478,9.17842099443078,67.6562711596489,99.61687494069338,66.92581716924906,67.43416003882885,98.84799970313907,622.4625986069441
qwen,gqa,n331357,B,six independent requests + one-time persistence/activation,122.67671106383204,49.9621806666255,8.556900545954704,67.43268994614482,67.24901963025331,68.5919402167201,84.54658882692456,66.61598104983568,535.6320119462907
qwen,gqa,n355567,B,six independent requests + one-time persistence/activation,132.87965580821037,56.333365850150585,9.432193823158741,67.16150417923927,67.30620190501213,66.98102876543999,67.13644787669182,90.58780921623111,557.818207424134
qwen,gqa,n37274,B,six independent requests + one-time persistence/activation,167.20012575387955,57.28525295853615,10.17427584156394,84.13510583341122,68.19147802889347,83.66524195298553,68.31073900684714,68.04559519514441,607.0078145712614
qwen,gqa,n390187,B,six independent requests + one-time persistence/activation,149.06069077551365,52.92630009353161,9.433704894036055,86.04360185563564,67.15878611430526,67.16296868398786,67.23504234105349,67.26224487647414,566.2833396345377
qwen,gqa,n406334,B,six independent requests + one-time persistence/activation,137.76148995384574,49.71959814429283,9.507933165878057,77.40471558645368,67.64867482706904,77.12151203304529,67.31162080541253,69.83648706227541,556.3120315782726
qwen,gqa,n437064,B,six independent requests + one-time persistence/activation,133.12734803184867,60.47838367521763,9.196176193654537,68.26069205999374,116.46262789145112,83.26292596757412,66.28557993099093,66.09903275966644,603.1727665103972
qwen,gqa,n44249,B,six independent requests + one-time persistence/activation,134.18971793726087,48.831029795110226,9.06509393826127,83.09832587838173,67.21842614933848,66.64863741025329,96.20339889079332,68.27364303171635,573.5282730311155
qwen,gqa,n450919,B,six independent requests + one-time persistence/activation,113.36709465831518,67.04739714041352,7.953769993036985,69.08554304391146,65.51839504390955,65.49953995272517,96.68636275455356,65.88690122589469,551.0450038127601
qwen,gqa,n470131,B,six independent requests + one-time persistence/activation,133.53237882256508,66.46740902215242,9.073095861822367,67.14301090687513,69.23410389572382,67.05582281574607,68.36642930284142,67.27204378694296,548.1442944146693
qwen,gqa,n472825,B,six independent requests + one-time persistence/activation,139.39784094691277,63.405083026736975,9.883674792945385,67.95856822282076,71.73916697502136,92.54657430574298,79.48813773691654,68.64795088768005,593.0669968947768
qwen,gqa,n48494,B,six independent requests + one-time persistence/activation,115.81820901483297,48.418266233056784,8.027573116123676,69.66805132105947,66.8621682561934,67.06930371001363,65.39162714034319,65.70353684946895,506.95873564109206
qwen,gqa,n494918,B,six independent requests + one-time persistence/activation,144.57010896876454,54.59268810227513,8.1700817681849,65.66139496862888,67.43300193920732,65.44936215505004,65.026197116822,66.03587605059147,536.9387110695243
qwen,gqa,n498140,B,six independent requests + one-time persistence/activation,133.67292610928416,56.95801880210638,9.245221968740225,67.75477901101112,67.63834320008755,67.31260288506746,67.12377304211259,67.45953299105167,537.1651980094612
qwen,gqa,n51002,B,six independent requests + one-time persistence/activation,134.08597512170672,67.19645112752914,9.190836921334267,67.67019676044583,67.17258878052235,83.43090815469623,74.08661395311356,67.93780392035842,570.7713747397065
qwen,gqa,n522733,B,six independent requests + one-time persistence/activation,138.4245832450688,50.17900513485074,9.91050573065877,70.30661590397358,68.00141092389822,69.1114692017436,68.06138483807445,67.62094097211957,541.6159159503877
qwen,gqa,n52544,B,six independent requests + one-time persistence/activation,133.4789888933301,60.873657930642366,9.153790771961212,69.55563183873892,99.96498096734285,67.06527713686228,104.78979209437966,67.24022701382637,612.1223466470838
qwen,gqa,n527589,B,six independent requests + one-time persistence/activation,113.78591135144234,56.99420673772693,7.979034911841154,68.5444101691246,96.55033703893423,81.8818798288703,65.43746264651418,82.6130392961204,573.7862819805741
qwen,gqa,n540852,B,six independent requests + one-time persistence/activation,143.6206209473312,54.52826805412769,10.666682850569487,84.02184396982193,68.69966024532914,68.42579320073128,101.85803892090917,68.73177597299218,600.5526841618121
qwen,gqa,n567860,B,six independent requests + one-time persistence/activation,140.06714709103107,49.40143600106239,9.609924163669348,67.39225517958403,68.77570413053036,69.61230793967843,70.02127636224031,67.57585611194372,542.4559069797397
qwen,gqa,n58220,B,six independent requests + one-time persistence/activation,139.354492072016,56.239733938127756,9.749200195074081,69.76510211825371,68.46879608929157,67.25593656301498,67.24978191778064,66.98707677423954,545.0701196677983
qwen,gqa,n67005,B,six independent requests + one-time persistence/activation,113.63401729613543,64.8344592191279,8.041007909923792,69.16008098050952,65.30101178213954,75.8439009077847,66.0302066244185,66.05437584221363,528.899060562253
qwen,gqa,n90294,B,six independent requests + one-time persistence/activation,139.82205605134368,54.94952807202935,9.598596021533012,68.95116809755564,68.1189033202827,68.03270988166332,69.00266697630286,67.62576289474964,546.1013913154602
qwen,gqa,n9181,B,six independent requests + one-time persistence/activation,139.15803004056215,62.12096940726042,9.806997142732143,72.8621082380414,68.76247003674507,67.73737678304315,68.35111230611801,67.95663991943002,556.7557038739324
qwen,mt,n115614,recompute,MT 3-turn standalone session,134.32891387492418,0.0,0.0,159.63118569925427,128.67245497182012,,,,422.6325545459986
qwen,mt,n130464,recompute,MT 3-turn standalone session,149.8663150705397,0.0,0.0,134.31648397818208,134.2887100763619,,,,418.4715091250837
qwen,mt,n162108,recompute,MT 3-turn standalone session,134.61163127794862,0.0,0.0,149.59825528785586,150.82496870309114,,,,435.0348552688956
qwen,mt,n187961,recompute,MT 3-turn standalone session,133.78032203763723,0.0,0.0,134.02027683332562,134.1187208890915,,,,401.91931976005435
qwen,mt,n195925,recompute,MT 3-turn standalone session,131.41923490911722,0.0,0.0,128.01175937056541,159.55370105803013,,,,418.98469533771276
qwen,mt,n211324,recompute,MT 3-turn standalone session,135.17721183598042,0.0,0.0,134.17701981961727,134.30696865543723,,,,403.6612003110349
qwen,mt,n228268,recompute,MT 3-turn standalone session,127.62981234118342,0.0,0.0,144.9286979623139,129.09872317686677,,,,401.6572334803641
qwen,mt,n234683,recompute,MT 3-turn standalone session,133.9068664237857,0.0,0.0,134.1394940391183,134.18657518923283,,,,402.2329356521368
qwen,mt,n256120,recompute,MT 3-turn standalone session,128.4186369739473,0.0,0.0,128.73503286391497,128.27235693112016,,,,385.4260267689824
qwen,mt,n257997,recompute,MT 3-turn standalone session,109.94542902335525,0.0,0.0,110.63424730673432,111.44950287416577,,,,332.02917920425534
qwen,mt,n275148,recompute,MT 3-turn standalone session,136.00145978853106,0.0,0.0,134.71385091543198,138.82146310061216,,,,409.5367738045752
qwen,mt,n275857,recompute,MT 3-turn standalone session,130.46864699572325,0.0,0.0,144.81255412101746,129.1557583026588,,,,404.4369594193995
qwen,mt,n288870,recompute,MT 3-turn standalone session,128.56748793274164,0.0,0.0,128.97711293771863,128.45023069530725,,,,385.9948315657675
qwen,mt,n302387,recompute,MT 3-turn standalone session,149.21134570613503,0.0,0.0,133.5893073119223,135.10103337466717,,,,417.9016863927245
qwen,mt,n305495,recompute,MT 3-turn standalone session,127.8972546570003,0.0,0.0,127.28176126256585,128.10717336833477,,,,383.2861892879009
qwen,mt,n309148,recompute,MT 3-turn standalone session,165.11183977127075,0.0,0.0,166.21637996286154,151.95185504853725,,,,483.28007478266954
qwen,mt,n313060,recompute,MT 3-turn standalone session,153.44884665682912,0.0,0.0,150.63513489440084,151.45916678011417,,,,455.5431483313441
qwen,mt,n329514,recompute,MT 3-turn standalone session,137.83464301377535,0.0,0.0,129.37220185995102,129.22581797465682,,,,396.4326628483832
qwen,mt,n410476,recompute,MT 3-turn standalone session,129.14476683363318,0.0,0.0,129.29677218198776,159.77190202102065,,,,418.2134410366416
qwen,mt,n429961,recompute,MT 3-turn standalone session,178.7859620526433,0.0,0.0,164.99109100550413,149.6266769245267,,,,493.4037299826741
qwen,mt,n433692,recompute,MT 3-turn standalone session,134.50533989816904,0.0,0.0,133.37843865156174,133.9009520597756,,,,401.78473060950637
qwen,mt,n437192,recompute,MT 3-turn standalone session,128.41648375615478,0.0,0.0,147.76131324470043,159.6777900122106,,,,435.8555870130658
qwen,mt,n449058,recompute,MT 3-turn standalone session,136.53017161414027,0.0,0.0,150.82541899755597,161.1148868687451,,,,448.47047748044133
qwen,mt,n450919,recompute,MT 3-turn standalone session,111.407320946455,0.0,0.0,110.90184887871146,141.39955304563046,,,,363.7087228707969
qwen,mt,n460556,recompute,MT 3-turn standalone session,134.8867081105709,0.0,0.0,134.34577081352472,133.51905392482877,,,,402.7515328489244
qwen,mt,n469525,recompute,MT 3-turn standalone session,143.66172393783927,0.0,0.0,128.39151686057448,128.53477569296956,,,,400.5880164913833
qwen,mt,n470131,recompute,MT 3-turn standalone session,127.64947768300772,0.0,0.0,144.6657250635326,128.20549495518208,,,,400.5206977017224
qwen,mt,n477702,recompute,MT 3-turn standalone session,150.46720625832677,0.0,0.0,128.6985883489251,129.02683671563864,,,,408.1926313228905
qwen,mt,n481655,recompute,MT 3-turn standalone session,133.6321891285479,0.0,0.0,133.55089398100972,134.1889980249107,,,,401.3720811344683
qwen,mt,n483840,recompute,MT 3-turn standalone session,133.73047579079866,0.0,0.0,149.01057397946715,149.3440130725503,,,,432.0850628428161
qwen,mt,n489190,recompute,MT 3-turn standalone session,129.32486599311233,0.0,0.0,158.6209600791335,128.4182402305305,,,,416.36406630277634
qwen,mt,n493357,recompute,MT 3-turn standalone session,133.90598818659782,0.0,0.0,135.38595521822572,134.77462297305465,,,,404.0665663778782
qwen,mt,n522733,recompute,MT 3-turn standalone session,143.4420351870358,0.0,0.0,135.07302990183234,134.58977593109012,,,,413.10484101995826
qwen,mt,n531731,recompute,MT 3-turn standalone session,134.0339849703014,0.0,0.0,133.8061043061316,149.61562026292086,,,,417.45570953935385
qwen,mt,n541688,recompute,MT 3-turn standalone session,127.89474008604884,0.0,0.0,128.5032806918025,159.09802727401257,,,,415.4960480518639
qwen,mt,n557666,recompute,MT 3-turn standalone session,132.28346081450582,0.0,0.0,127.85903876647353,128.97563725709915,,,,389.1181368380785
qwen,mt,n59627,recompute,MT 3-turn standalone session,136.88342180103064,0.0,0.0,135.22000797092915,141.88819006085396,,,,413.99161983281374
qwen,mt,n88366,recompute,MT 3-turn standalone session,115.60141015797853,0.0,0.0,114.86631212756038,127.34556896612048,,,,357.8132912516594
qwen,mt,n95369,recompute,MT 3-turn standalone session,129.06720535829663,0.0,0.0,127.53595598042011,131.7970040254295,,,,388.40016536414623
qwen,mt,n9856,recompute,MT 3-turn standalone session,128.31148598343134,0.0,0.0,129.97014308348298,128.73187894001603,,,,387.01350800693035
qwen,mt,n115614,fullload,MT 3-turn standalone session,129.7795190475881,80.65230585634708,26.074685156345367,117.9075101390481,90.42918309569359,,,,444.84320329502225
qwen,mt,n130464,fullload,MT 3-turn standalone session,149.17690074071288,80.65710496157408,30.133267864584923,89.42148694768548,91.92052995786071,,,,441.30929047241807
qwen,mt,n162108,fullload,MT 3-turn standalone session,135.67719561979175,90.8029549755156,30.78923001885414,105.3397567011416,107.925642747432,,,,470.5347800627351
qwen,mt,n187961,fullload,MT 3-turn standalone session,134.6503091044724,86.55063575133681,28.859613928943872,101.11606493592262,98.14588027074933,,,,449.32250399142504
qwen,mt,n195925,fullload,MT 3-turn standalone session,128.58329294249415,73.61194398254156,25.139596313238144,87.78789965435863,121.70112831518054,,,,436.823861207813
qwen,mt,n211324,fullload,MT 3-turn standalone session,135.70504123345017,86.62099810317159,30.74435843154788,89.5898318849504,98.7549819983542,,,,441.41521165147424
qwen,mt,n228268,fullload,MT 3-turn standalone session,127.72220093756914,73.68481205776334,26.271990034729242,103.25643001124263,89.9345432408154,,,,420.86997628211975
qwen,mt,n234683,fullload,MT 3-turn standalone session,134.26014920696616,80.61585016548634,28.970771934837103,90.11982707306743,103.81244402378798,,,,437.779042404145
qwen,mt,n256120,fullload,MT 3-turn standalone session,129.03236784040928,111.99603416025639,26.7322501167655,102.39884769544005,105.20499479025602,,,,475.36449460312724
qwen,mt,n257997,fullload,MT 3-turn standalone session,112.05388698726892,76.37210981920362,23.095803800970316,90.45063983649015,96.04038996621966,,,,398.0128304101527
qwen,mt,n275148,fullload,MT 3-turn standalone session,136.20787812396884,85.34710528329015,30.740277841687202,90.8187860623002,93.2634761556983,,,,436.3775234669447
qwen,mt,n275857,fullload,MT 3-turn standalone session,129.1556591168046,74.71999432891607,25.9102089330554,103.2306170091033,90.72344982996583,,,,423.7399292178452
qwen,mt,n288870,fullload,MT 3-turn standalone session,129.16957680135965,91.66986681520939,26.879108976572752,88.92781380563974,102.32513025403023,,,,438.97149665281177
qwen,mt,n302387,fullload,MT 3-turn standalone session,151.61771280691028,83.41423375532031,30.40078654885292,113.3153522387147,103.67700271308422,,,,482.4250880628824
qwen,mt,n305495,fullload,MT 3-turn standalone session,127.8693750500679,90.47107677906752,27.088190894573927,88.66236032918096,97.10043575614691,,,,431.1914388090372
qwen,mt,n309148,fullload,MT 3-turn standalone session,164.66348012909293,91.64096927270293,35.4177332483232,111.92769091576338,96.72720590606332,,,,500.37707947194576
qwen,mt,n313060,fullload,MT 3-turn standalone session,152.62918593361974,98.78367418423295,37.266863975673914,96.50271479040384,97.13436523452401,,,,482.31680411845446
qwen,mt,n329514,fullload,MT 3-turn standalone session,135.38714684545994,74.08622605726123,26.270531117916107,96.90208220854402,130.28805702924728,,,,462.9340432584286
qwen,mt,n410476,fullload,MT 3-turn standalone session,128.95535910502076,75.09221928194165,26.114185340702534,102.87755401805043,127.76057654991746,,,,460.79989429563284
qwen,mt,n429961,fullload,MT 3-turn standalone session,167.46097104623914,95.10652208700776,30.142929404973984,120.28181925415993,120.47682842239738,,,,533.4690702147782
qwen,mt,n433692,fullload,MT 3-turn standalone session,135.78495802357793,101.23124113306403,30.942022800445557,89.42303014919162,92.23309392109513,,,,449.61434602737427
qwen,mt,n437192,fullload,MT 3-turn standalone session,130.07921492680907,92.452690936625,26.80835174396634,102.02976083382964,121.44210934638977,,,,472.81212778761983
qwen,mt,n449058,fullload,MT 3-turn standalone session,136.38482196256518,84.68521712347865,29.38798302784562,105.44329695403576,115.29722297564149,,,,471.1985420435667
qwen,mt,n450919,fullload,MT 3-turn standalone session,111.17635574191809,82.22343912348151,22.290353197604418,123.74193081632257,134.17310593649745,,,,473.60518481582403
qwen,mt,n460556,fullload,MT 3-turn standalone session,133.6435889825225,80.15313604846597,29.39027501270175,89.72499566152692,101.82350315153599,,,,434.7354988567531
qwen,mt,n469525,fullload,MT 3-turn standalone session,143.96438980475068,74.19478381052613,25.403733830899,126.59553717821836,110.40293890982866,,,,480.56138353422284
qwen,mt,n470131,fullload,MT 3-turn standalone session,128.5954574123025,80.78643586486578,25.442002341151237,101.53835732489824,89.30706791579723,,,,425.669320859015
qwen,mt,n477702,fullload,MT 3-turn standalone session,145.03864711150527,86.2689190544188,26.734870858490467,88.39292265474796,104.75566890090704,,,,451.19102858006954
qwen,mt,n481655,fullload,MT 3-turn standalone session,133.356096688658,85.78747417777777,28.507344890385866,89.1930921934545,91.59122873097658,,,,428.4352366812527
qwen,mt,n483840,fullload,MT 3-turn standalone session,133.0712209455669,92.37094921991229,28.76063110306859,104.64063286781311,107.82703384757042,,,,466.6704679839313
qwen,mt,n489190,fullload,MT 3-turn standalone session,133.50912323221564,76.59739814698696,26.99862513691187,121.13518500700593,89.74237507209182,,,,447.9827065952122
qwen,mt,n493357,fullload,MT 3-turn standalone session,138.96752335131168,80.82544570788741,29.056726023554802,99.41499400883913,121.4969726279378,,,,469.7616617195308
qwen,mt,n522733,fullload,MT 3-turn standalone session,134.92688536643982,87.22228417173028,29.55032605677843,113.60694281756878,122.4336652085185,,,,487.7401036210358
qwen,mt,n531731,fullload,MT 3-turn standalone session,133.79547512158751,83.26534181833267,29.764279257506132,88.41773914173245,127.66128219664097,,,,462.90411753579974
qwen,mt,n541688,fullload,MT 3-turn standalone session,130.29819121584296,91.94251103326678,26.871597860008478,97.3539943806827,120.9133230149746,,,,467.3796175047755
qwen,mt,n557666,fullload,MT 3-turn standalone session,129.02579829096794,82.38466503098607,26.396996341645718,88.35420059040189,138.67191458120942,,,,464.83357483521104
qwen,mt,n59627,fullload,MT 3-turn standalone session,136.0657587647438,81.85785776004195,30.873680021613836,90.195348020643,93.08402007445693,,,,432.0766646414995
qwen,mt,n88366,fullload,MT 3-turn standalone session,114.43992983549833,87.57018996402621,21.85883466154337,103.48356375470757,100.41940724477172,,,,427.7719254605472
qwen,mt,n95369,fullload,MT 3-turn standalone session,129.45882184430957,82.88676710799336,26.89682599157095,87.37405063584447,89.45586392655969,,,,416.07232950627804
qwen,mt,n9856,fullload,MT 3-turn standalone session,128.96173307672143,84.74659593775868,26.257431134581566,87.59331004694104,96.65223630145192,,,,424.21130649745464
qwen,mt,n115614,A,MT 3-turn standalone session,129.9964808858931,76.84731390327215,25.600702967494726,73.20041581988335,82.44615700095892,,,,388.09107057750225
qwen,mt,n130464,A,MT 3-turn standalone session,151.80462086573243,82.49442791566253,29.15615402162075,77.8089202940464,77.7682582847774,,,,419.0323813818395
qwen,mt,n162108,A,MT 3-turn standalone session,137.45406130328774,98.04084477946162,29.190097004175186,89.87130178138614,92.05828793346882,,,,446.6145928017795
qwen,mt,n187961,A,MT 3-turn standalone session,137.39207619801164,105.083541944623,29.409168753772974,89.44918075576425,91.98967926204205,,,,453.3236469142139
qwen,mt,n195925,A,MT 3-turn standalone session,130.6920419447124,78.44605203717947,26.71263413503766,73.69789481163025,108.99615613743663,,,,418.5447790659964
qwen,mt,n211324,A,MT 3-turn standalone session,135.94594225287437,114.23201905563474,29.166024178266525,74.49415558949113,97.27235091850162,,,,451.1104919947684
qwen,mt,n228268,A,MT 3-turn standalone session,130.81836886703968,78.49199511110783,25.791309773921967,90.61446413397789,76.0195292532444,,,,401.73566713929176
qwen,mt,n234683,A,MT 3-turn standalone session,136.31904684007168,85.80775884911418,29.72872368991375,75.24428190663457,76.91192207857966,,,,404.01173336431384
qwen,mt,n256120,A,MT 3-turn standalone session,130.717852152884,87.66934461891651,25.537852197885513,73.46886163577437,77.3294041864574,,,,394.7233147919178
qwen,mt,n257997,A,MT 3-turn standalone session,112.45316825807095,81.57309517264366,22.361814975738525,73.14662775024772,75.47137886285782,,,,365.00608501955867
qwen,mt,n275148,A,MT 3-turn standalone session,151.75845986232162,80.44727658852935,28.96350109949708,78.82155803963542,83.46787327900529,,,,423.45866886898875
qwen,mt,n275857,A,MT 3-turn standalone session,130.52818505093455,78.86945875361562,25.008660275489092,89.59608105942607,77.6420347392559,,,,401.64441987872124
qwen,mt,n288870,A,MT 3-turn standalone session,130.51381707191467,102.42051584646106,25.08165268227458,72.82784814015031,88.11739925295115,,,,418.96123299375176
qwen,mt,n302387,A,MT 3-turn standalone session,153.09605281800032,84.9049398675561,28.495884034782648,92.2642219811678,76.34721742942929,,,,435.10831613093615
qwen,mt,n305495,A,MT 3-turn standalone session,129.91919228807092,76.82085316628218,25.358357932418585,73.41009983792901,89.34710267931223,,,,394.8556059040129
qwen,mt,n309148,A,MT 3-turn standalone session,168.29337598755956,112.83830879256129,36.96228703483939,75.70143789052963,79.68322094529867,,,,473.47863065078855
qwen,mt,n313060,A,MT 3-turn standalone session,153.17765902727842,97.35355293378234,36.546651273965836,75.73978276923299,79.41677886992693,,,,442.2344248741865
qwen,mt,n329514,A,MT 3-turn standalone session,131.80809607729316,76.16984518244863,25.50123492255807,73.37281620129943,85.87037865072489,,,,392.72237103432417
qwen,mt,n410476,A,MT 3-turn standalone session,130.19693968817592,88.46226707100868,25.83207283169031,74.23504488542676,126.17860408499837,,,,444.90492856130004
qwen,mt,n429961,A,MT 3-turn standalone session,168.99169003590941,82.7524228952825,28.721137903630733,122.72544810548425,92.2685987316072,,,,495.4592976719141
qwen,mt,n433692,A,MT 3-turn standalone session,137.08488270640373,86.50843007490039,28.86509709060192,73.47785867750645,76.8999271094799,,,,402.8361956588924
qwen,mt,n437192,A,MT 3-turn standalone session,131.69268472120166,75.93731302767992,25.431686080992222,88.28589925542474,106.83806519955397,,,,428.1856482848525
qwen,mt,n449058,A,MT 3-turn standalone session,136.94977294653654,81.0270207002759,28.615427669137716,89.85673869028687,96.40981536358595,,,,432.858775369823
qwen,mt,n450919,A,MT 3-turn standalone session,111.40705877915025,83.40222202241421,21.934582851827145,73.32310173660517,142.1986217610538,,,,432.26558715105057
qwen,mt,n460556,A,MT 3-turn standalone session,135.483224876225,99.3774188682437,28.590918984264135,73.33744177594781,104.62881671264768,,,,441.4178212173283
qwen,mt,n469525,A,MT 3-turn standalone session,147.97031925991178,112.5672128982842,26.528545655310154,73.53394199162722,76.74744399264455,,,,437.3474637977779
qwen,mt,n470131,A,MT 3-turn standalone session,130.17494790256023,86.9798338972032,27.409751899540424,88.72619969770312,75.92225214466453,,,,409.2129855416715
qwen,mt,n477702,A,MT 3-turn standalone session,145.59717802330852,86.03201294317842,25.76264087110758,80.75396297499537,93.82220357656479,,,,431.9679983891547
qwen,mt,n481655,A,MT 3-turn standalone session,136.36291911825538,93.3375908061862,29.692156240344048,74.28740616887808,76.6003499738872,,,,410.2804223075509
qwen,mt,n483840,A,MT 3-turn standalone session,136.81749533861876,85.11316264048219,29.854599852114916,89.45856196805835,92.03665098175406,,,,433.28047078102827
qwen,mt,n489190,A,MT 3-turn standalone session,130.84958912804723,75.41033299639821,25.434024166315794,112.69941180944443,73.82530206814408,,,,418.21866016834974
qwen,mt,n493357,A,MT 3-turn standalone session,136.6865481249988,93.7305181287229,29.621251858770847,80.87137341499329,77.19461293891072,,,,418.10430446639657
qwen,mt,n522733,A,MT 3-turn standalone session,136.579227168113,84.81107372790575,28.35890371352434,76.92852197214961,99.73035380244255,,,,426.40808038413525
qwen,mt,n531731,A,MT 3-turn standalone session,135.55235089734197,82.03963097184896,28.718127869069576,73.47821118310094,117.32388427481055,,,,437.112205196172
qwen,mt,n541688,A,MT 3-turn standalone session,139.10536700859666,76.77161786705256,25.44167824089527,73.29991413280368,106.66291788220406,,,,421.2814951315522
qwen,mt,n557666,A,MT 3-turn standalone session,130.03795966506004,89.54734308645129,25.370511692017317,73.6504471860826,101.78916761651635,,,,420.3954292461276
qwen,mt,n59627,A,MT 3-turn standalone session,137.77533499523997,80.45876026153564,29.14979914203286,110.20815605297685,77.18446012586355,,,,434.7765105776489
qwen,mt,n88366,A,MT 3-turn standalone session,118.14441904425621,94.52169900760055,22.712588775902987,73.48237233236432,75.98276622593403,,,,384.8438453860581
qwen,mt,n95369,A,MT 3-turn standalone session,130.8182473294437,75.4682319238782,25.537419132888317,73.21214256808162,78.42582510784268,,,,383.4618660621345
qwen,mt,n9856,A,MT 3-turn standalone session,130.1821330562234,83.77495082095265,25.345897767692804,81.55718306079507,75.93776099383831,,,,396.79792569950223
qwen,mt,n115614,B,MT 3-turn standalone session,131.8460339680314,56.072324980050325,9.743627160787582,103.8196561858058,76.44073478877544,,,,377.92237708345056
qwen,mt,n130464,B,MT 3-turn standalone session,151.1492128483951,62.3238799162209,9.677163325250149,70.99523581564426,73.78763472661376,,,,367.9331266321242
qwen,mt,n162108,B,MT 3-turn standalone session,136.0793630592525,50.787830259650946,9.873786009848118,86.904336232692,89.75539915263653,,,,373.4007147140801
qwen,mt,n187961,B,MT 3-turn standalone session,135.1176593452692,51.57450772821903,10.183874052017927,87.32749195769429,89.3819429911673,,,,373.58547607436776
qwen,mt,n195925,B,MT 3-turn standalone session,129.9554780125618,60.00120611861348,9.186881128698587,71.1499429307878,105.22651067003608,,,,375.52001886069775
qwen,mt,n211324,B,MT 3-turn standalone session,135.78956527635455,51.17859784513712,9.884686674922705,71.51283882558346,74.4015546515584,,,,342.76724327355623
qwen,mt,n228268,B,MT 3-turn standalone session,132.10005220025778,54.97848615050316,9.70438215881586,121.00067269057035,76.48068480193615,,,,394.2642780020833
qwen,mt,n234683,B,MT 3-turn standalone session,136.37856300920248,52.87088826298714,10.140527971088886,72.36683974042535,74.99407092109323,,,,346.7508899047971
qwen,mt,n256120,B,MT 3-turn standalone session,129.2333137243986,49.412524327635765,9.077857714146376,70.68738574162126,73.27495701611042,,,,331.68603852391243
qwen,mt,n257997,B,MT 3-turn standalone session,111.43613886088133,62.4768459238112,7.99111882224679,69.77405399084091,73.38588824495673,,,,325.06404584273696
qwen,mt,n275148,B,MT 3-turn standalone session,139.3051529303193,59.618924744427204,10.042104870080948,70.76358003541827,73.73470021411777,,,,353.4644627943635
qwen,mt,n275857,B,MT 3-turn standalone session,131.21466431766748,54.12626685574651,9.399211965501308,123.93415439873934,82.35878497362137,,,,401.033082511276
qwen,mt,n288870,B,MT 3-turn standalone session,144.1302211023867,53.25632402673364,9.204146917909384,70.75427984818816,74.0671306848526,,,,351.4121025800705
qwen,mt,n302387,B,MT 3-turn standalone session,151.03424806147814,75.71659469977021,10.057799983769655,71.30799209699035,75.02336008474231,,,,383.13999492675066
qwen,mt,n305495,B,MT 3-turn standalone session,128.85724985972047,49.366293009370565,9.176096878945827,75.35159913823009,73.4411901794374,,,,336.19242906570435
qwen,mt,n309148,B,MT 3-turn standalone session,166.43841890618205,55.10996002703905,11.961016338318586,73.55726603418589,76.7643190920353,,,,383.83098039776087
qwen,mt,n313060,B,MT 3-turn standalone session,153.38019793853164,62.097427900880575,11.83974090963602,72.80052220448852,76.4501541852951,,,,376.56804313883185
qwen,mt,n329514,B,MT 3-turn standalone session,132.08505371585488,65.65360492095351,9.670719038695097,72.16616766527295,83.62948521971703,,,,363.20503056049347
qwen,mt,n410476,B,MT 3-turn standalone session,137.2893271036446,50.753358751535416,9.752331301569939,70.62359200790524,112.52437625080347,,,,380.9429854154587
qwen,mt,n429961,B,MT 3-turn standalone session,166.17254866287112,54.18530432507396,9.848587680608034,103.82001707330346,89.33815406635404,,,,423.3646118082106
qwen,mt,n433692,B,MT 3-turn standalone session,136.1374780535698,56.69516930356622,9.940542746335268,71.92550413310528,75.97610680386424,,,,350.6748010404408
qwen,mt,n437192,B,MT 3-turn standalone session,130.56106679141521,58.866772800683975,9.203766006976366,87.19444973394275,103.34935830906034,,,,389.17541364207864
qwen,mt,n449058,B,MT 3-turn standalone session,139.42942582070827,62.86973366513848,10.940371081233025,125.79005025327206,95.83954233676195,,,,434.8691231571138
qwen,mt,n450919,B,MT 3-turn standalone session,113.19559393450618,78.52777419611812,8.325840812176466,68.70897114276886,119.67743700370193,,,,388.43561708927155
qwen,mt,n460556,B,MT 3-turn standalone session,136.21616130694747,80.02208871766925,10.630233213305473,70.52137888967991,77.62158708646894,,,,375.01144921407104
qwen,mt,n469525,B,MT 3-turn standalone session,145.76306100934744,72.89965031668544,9.237886872142553,72.64993619173765,74.37909301370382,,,,374.9296274036169
qwen,mt,n470131,B,MT 3-turn standalone session,130.11546898633242,61.71916797757149,9.28846187889576,87.11183490231633,76.85359474271536,,,,365.08852848783135
qwen,mt,n477702,B,MT 3-turn standalone session,145.94016270712018,69.26271878182888,9.659149218350649,71.09936699271202,73.79175908863544,,,,369.7531567886472
qwen,mt,n481655,B,MT 3-turn standalone session,136.01208897307515,51.077916752547026,10.122936218976974,72.06549728289247,74.80643969029188,,,,344.0848789177835
qwen,mt,n483840,B,MT 3-turn standalone session,135.30644495040178,50.96321413293481,10.04885695874691,90.29269125312567,127.1152039989829,,,,413.7264112941921
qwen,mt,n489190,B,MT 3-turn standalone session,129.52052662149072,49.86681789159775,9.130298160016537,105.889649130404,70.84033405408263,,,,365.24762585759163
qwen,mt,n493357,B,MT 3-turn standalone session,135.56114956736565,54.55675395205617,9.95932798832655,72.83411826938391,74.39433736726642,,,,347.3056871443987
qwen,mt,n522733,B,MT 3-turn standalone session,137.01134687289596,67.88810109719634,10.451966896653175,73.78574879840016,99.73929403349757,,,,388.8764576986432
qwen,mt,n531731,B,MT 3-turn standalone session,136.59252598881721,81.56874822452664,10.421234648674726,71.8512823805213,97.30407316237688,,,,397.73786440491676
qwen,mt,n541688,B,MT 3-turn standalone session,130.46552101150155,56.5273598767817,9.549615904688835,70.79512299969792,104.53009884804487,,,,371.8677186407149
qwen,mt,n557666,B,MT 3-turn standalone session,129.196897149086,48.8270721398294,9.16589004918933,69.93604591116309,76.53894694522023,,,,333.66485219448805
qwen,mt,n59627,B,MT 3-turn standalone session,137.5759062357247,51.25837214291096,10.141209699213505,71.59210368990898,74.06537514179945,,,,344.6329669095576
qwen,mt,n88366,B,MT 3-turn standalone session,116.01740727201104,58.809956070035696,8.691506925970316,70.86629280820489,72.54145620390773,,,,326.92661928012967
qwen,mt,n95369,B,MT 3-turn standalone session,129.213091917336,52.17215698212385,8.983258157968521,72.1455030143261,73.5860038548708,,,,336.10001392662525
qwen,mt,n9856,B,MT 3-turn standalone session,129.52751200646162,48.82031213492155,9.260782040655613,69.95738483965397,73.17034015432,,,,330.73633117601275
