image_id,layer,budget,n_chunks_total,k,intersection_count,union_count,sd_only_chunk_count,prefix_only_chunk_count,jaccard,prefix_chunk_ids,static_diverse_chunk_ids
n355567,0,0.25,34,8,4,12,4,4,0.3333333333333333,"[0,1,2,3,4,5,6,7]","[0,4,6,7,8,9,11,20]"
n355567,1,0.25,34,8,6,10,2,2,0.6,"[0,1,2,3,4,5,6,7]","[0,1,2,4,6,7,12,33]"
n355567,2,0.25,34,8,5,11,3,3,0.45454545454545453,"[0,1,2,3,4,5,6,7]","[0,1,2,3,7,8,18,33]"
n355567,3,0.25,34,8,6,10,2,2,0.6,"[0,1,2,3,4,5,6,7]","[0,1,2,3,4,7,25,28]"
n355567,4,0.25,34,8,6,10,2,2,0.6,"[0,1,2,3,4,5,6,7]","[0,1,2,3,4,7,27,32]"
n355567,5,0.25,34,8,6,10,2,2,0.6,"[0,1,2,3,4,5,6,7]","[0,1,2,3,4,7,13,27]"
n355567,6,0.25,34,8,6,10,2,2,0.6,"[0,1,2,3,4,5,6,7]","[0,1,3,4,5,6,30,33]"
n355567,7,0.25,34,8,6,10,2,2,0.6,"[0,1,2,3,4,5,6,7]","[0,1,2,3,4,5,28,31]"
n355567,8,0.25,34,8,6,10,2,2,0.6,"[0,1,2,3,4,5,6,7]","[0,1,2,3,4,7,31,33]"
n355567,9,0.25,34,8,6,10,2,2,0.6,"[0,1,2,3,4,5,6,7]","[0,1,2,3,5,6,28,32]"
n355567,10,0.25,34,8,6,10,2,2,0.6,"[0,1,2,3,4,5,6,7]","[0,1,2,3,4,6,28,33]"
n355567,11,0.25,34,8,6,10,2,2,0.6,"[0,1,2,3,4,5,6,7]","[0,2,3,4,5,6,28,31]"
n355567,12,0.25,34,8,6,10,2,2,0.6,"[0,1,2,3,4,5,6,7]","[0,2,3,4,5,7,28,32]"
n355567,13,0.25,34,8,5,11,3,3,0.45454545454545453,"[0,1,2,3,4,5,6,7]","[0,2,3,6,7,11,29,32]"
n355567,14,0.25,34,8,5,11,3,3,0.45454545454545453,"[0,1,2,3,4,5,6,7]","[0,1,2,4,6,11,28,32]"
n355567,15,0.25,34,8,5,11,3,3,0.45454545454545453,"[0,1,2,3,4,5,6,7]","[0,1,2,3,4,8,28,32]"
n355567,16,0.25,34,8,6,10,2,2,0.6,"[0,1,2,3,4,5,6,7]","[0,1,2,3,4,7,26,29]"
n355567,17,0.25,34,8,5,11,3,3,0.45454545454545453,"[0,1,2,3,4,5,6,7]","[0,2,4,5,6,12,27,32]"
n355567,18,0.25,34,8,6,10,2,2,0.6,"[0,1,2,3,4,5,6,7]","[0,1,2,3,4,6,27,32]"
n355567,19,0.25,34,8,6,10,2,2,0.6,"[0,1,2,3,4,5,6,7]","[0,1,2,3,4,5,27,32]"
n355567,20,0.25,34,8,6,10,2,2,0.6,"[0,1,2,3,4,5,6,7]","[0,1,2,3,5,6,21,30]"
n355567,21,0.25,34,8,6,10,2,2,0.6,"[0,1,2,3,4,5,6,7]","[0,1,2,4,5,7,23,30]"
n355567,22,0.25,34,8,6,10,2,2,0.6,"[0,1,2,3,4,5,6,7]","[0,1,2,3,4,5,21,29]"
n355567,23,0.25,34,8,6,10,2,2,0.6,"[0,1,2,3,4,5,6,7]","[0,1,2,3,6,7,22,33]"
n355567,24,0.25,34,8,5,11,3,3,0.45454545454545453,"[0,1,2,3,4,5,6,7]","[0,1,2,3,4,12,19,31]"
n355567,25,0.25,34,8,6,10,2,2,0.6,"[0,1,2,3,4,5,6,7]","[0,1,2,3,4,5,24,27]"
n355567,26,0.25,34,8,6,10,2,2,0.6,"[0,1,2,3,4,5,6,7]","[0,1,2,3,4,5,25,32]"
n355567,27,0.25,34,8,5,11,3,3,0.45454545454545453,"[0,1,2,3,4,5,6,7]","[0,1,2,3,4,8,27,31]"
n355567,28,0.25,34,8,6,10,2,2,0.6,"[0,1,2,3,4,5,6,7]","[0,1,2,3,5,7,28,33]"
n355567,29,0.25,34,8,5,11,3,3,0.45454545454545453,"[0,1,2,3,4,5,6,7]","[0,1,2,3,6,8,27,32]"
n355567,30,0.25,34,8,6,10,2,2,0.6,"[0,1,2,3,4,5,6,7]","[0,1,2,3,5,7,28,33]"
n355567,31,0.25,34,8,6,10,2,2,0.6,"[0,1,2,3,4,5,6,7]","[0,1,2,3,4,7,24,29]"
n9181,0,0.25,37,9,7,11,2,2,0.6363636363636364,"[0,1,2,3,4,5,6,7,8]","[0,3,4,5,6,7,8,11,19]"
n9181,1,0.25,37,9,7,11,2,2,0.6363636363636364,"[0,1,2,3,4,5,6,7,8]","[0,1,2,3,4,6,7,22,35]"
n9181,2,0.25,37,9,7,11,2,2,0.6363636363636364,"[0,1,2,3,4,5,6,7,8]","[0,1,2,3,4,5,6,11,36]"
n9181,3,0.25,37,9,7,11,2,2,0.6363636363636364,"[0,1,2,3,4,5,6,7,8]","[0,1,2,3,4,5,6,22,29]"
n9181,4,0.25,37,9,7,11,2,2,0.6363636363636364,"[0,1,2,3,4,5,6,7,8]","[0,1,2,3,4,5,6,33,36]"
n9181,5,0.25,37,9,7,11,2,2,0.6363636363636364,"[0,1,2,3,4,5,6,7,8]","[0,1,2,3,4,5,7,27,33]"
n9181,6,0.25,37,9,7,11,2,2,0.6363636363636364,"[0,1,2,3,4,5,6,7,8]","[0,1,2,3,4,5,6,31,34]"
n9181,7,0.25,37,9,7,11,2,2,0.6363636363636364,"[0,1,2,3,4,5,6,7,8]","[0,1,2,3,6,7,8,34,36]"
n9181,8,0.25,37,9,7,11,2,2,0.6363636363636364,"[0,1,2,3,4,5,6,7,8]","[0,1,2,3,4,5,6,19,34]"
n9181,9,0.25,37,9,7,11,2,2,0.6363636363636364,"[0,1,2,3,4,5,6,7,8]","[0,1,2,3,4,5,8,29,35]"
n9181,10,0.25,37,9,7,11,2,2,0.6363636363636364,"[0,1,2,3,4,5,6,7,8]","[0,1,2,3,4,6,7,34,36]"
n9181,11,0.25,37,9,7,11,2,2,0.6363636363636364,"[0,1,2,3,4,5,6,7,8]","[0,1,2,4,5,6,7,23,31]"
n9181,12,0.25,37,9,7,11,2,2,0.6363636363636364,"[0,1,2,3,4,5,6,7,8]","[0,1,2,3,4,7,8,28,36]"
n9181,13,0.25,37,9,7,11,2,2,0.6363636363636364,"[0,1,2,3,4,5,6,7,8]","[0,1,2,3,4,5,7,31,36]"
n9181,14,0.25,37,9,6,12,3,3,0.5,"[0,1,2,3,4,5,6,7,8]","[0,1,2,5,7,8,13,28,34]"
n9181,15,0.25,37,9,6,12,3,3,0.5,"[0,1,2,3,4,5,6,7,8]","[0,2,4,5,6,7,9,27,36]"
n9181,16,0.25,37,9,7,11,2,2,0.6363636363636364,"[0,1,2,3,4,5,6,7,8]","[0,1,2,3,4,5,7,31,35]"
n9181,17,0.25,37,9,7,11,2,2,0.6363636363636364,"[0,1,2,3,4,5,6,7,8]","[0,1,2,3,5,6,7,30,35]"
n9181,18,0.25,37,9,7,11,2,2,0.6363636363636364,"[0,1,2,3,4,5,6,7,8]","[0,1,2,3,4,5,7,31,35]"
n9181,19,0.25,37,9,5,13,4,4,0.38461538461538464,"[0,1,2,3,4,5,6,7,8]","[0,1,2,3,5,9,11,31,36]"
n9181,20,0.25,37,9,7,11,2,2,0.6363636363636364,"[0,1,2,3,4,5,6,7,8]","[0,1,2,3,4,5,6,28,35]"
n9181,21,0.25,37,9,7,11,2,2,0.6363636363636364,"[0,1,2,3,4,5,6,7,8]","[0,1,2,3,4,5,7,31,36]"
n9181,22,0.25,37,9,7,11,2,2,0.6363636363636364,"[0,1,2,3,4,5,6,7,8]","[0,1,2,3,4,5,6,29,35]"
n9181,23,0.25,37,9,7,11,2,2,0.6363636363636364,"[0,1,2,3,4,5,6,7,8]","[0,1,2,3,4,6,7,28,36]"
n9181,24,0.25,37,9,7,11,2,2,0.6363636363636364,"[0,1,2,3,4,5,6,7,8]","[0,1,2,3,4,5,7,29,35]"
n9181,25,0.25,37,9,6,12,3,3,0.5,"[0,1,2,3,4,5,6,7,8]","[0,1,2,3,4,7,9,27,35]"
n9181,26,0.25,37,9,7,11,2,2,0.6363636363636364,"[0,1,2,3,4,5,6,7,8]","[0,1,2,3,4,5,8,33,36]"
n9181,27,0.25,37,9,6,12,3,3,0.5,"[0,1,2,3,4,5,6,7,8]","[0,1,2,3,6,7,13,23,36]"
n9181,28,0.25,37,9,6,12,3,3,0.5,"[0,1,2,3,4,5,6,7,8]","[0,1,2,4,6,7,17,34,36]"
n9181,29,0.25,37,9,6,12,3,3,0.5,"[0,1,2,3,4,5,6,7,8]","[0,1,2,3,4,6,19,31,35]"
n9181,30,0.25,37,9,6,12,3,3,0.5,"[0,1,2,3,4,5,6,7,8]","[0,1,2,5,6,7,9,32,35]"
n9181,31,0.25,37,9,7,11,2,2,0.6363636363636364,"[0,1,2,3,4,5,6,7,8]","[0,1,2,3,5,7,8,30,36]"
n390187,0,0.25,36,9,6,12,3,3,0.5,"[0,1,2,3,4,5,6,7,8]","[0,3,4,5,6,8,9,11,14]"
n390187,1,0.25,36,9,7,11,2,2,0.6363636363636364,"[0,1,2,3,4,5,6,7,8]","[0,1,2,3,4,5,6,17,35]"
n390187,2,0.25,36,9,6,12,3,3,0.5,"[0,1,2,3,4,5,6,7,8]","[0,1,2,3,4,5,10,12,35]"
n390187,3,0.25,36,9,6,12,3,3,0.5,"[0,1,2,3,4,5,6,7,8]","[0,1,2,3,4,5,9,22,33]"
n390187,4,0.25,36,9,7,11,2,2,0.6363636363636364,"[0,1,2,3,4,5,6,7,8]","[0,1,2,3,4,5,6,25,33]"
n390187,5,0.25,36,9,7,11,2,2,0.6363636363636364,"[0,1,2,3,4,5,6,7,8]","[0,1,2,3,4,5,6,22,28]"
n390187,6,0.25,36,9,7,11,2,2,0.6363636363636364,"[0,1,2,3,4,5,6,7,8]","[0,1,2,3,4,5,8,18,28]"
n390187,7,0.25,36,9,7,11,2,2,0.6363636363636364,"[0,1,2,3,4,5,6,7,8]","[0,1,2,3,4,5,6,16,31]"
n390187,8,0.25,36,9,7,11,2,2,0.6363636363636364,"[0,1,2,3,4,5,6,7,8]","[0,1,2,3,4,5,6,32,34]"
n390187,9,0.25,36,9,7,11,2,2,0.6363636363636364,"[0,1,2,3,4,5,6,7,8]","[0,1,2,4,5,6,7,24,28]"
n390187,10,0.25,36,9,7,11,2,2,0.6363636363636364,"[0,1,2,3,4,5,6,7,8]","[0,1,2,3,4,5,6,33,35]"
n390187,11,0.25,36,9,7,11,2,2,0.6363636363636364,"[0,1,2,3,4,5,6,7,8]","[0,1,2,3,4,5,6,30,35]"
n390187,12,0.25,36,9,6,12,3,3,0.5,"[0,1,2,3,4,5,6,7,8]","[0,1,2,3,4,6,9,30,33]"
n390187,13,0.25,36,9,7,11,2,2,0.6363636363636364,"[0,1,2,3,4,5,6,7,8]","[0,1,2,3,4,5,6,19,31]"
n390187,14,0.25,36,9,7,11,2,2,0.6363636363636364,"[0,1,2,3,4,5,6,7,8]","[0,1,2,3,4,5,6,24,28]"
n390187,15,0.25,36,9,7,11,2,2,0.6363636363636364,"[0,1,2,3,4,5,6,7,8]","[0,1,2,3,4,5,6,15,27]"
n390187,16,0.25,36,9,7,11,2,2,0.6363636363636364,"[0,1,2,3,4,5,6,7,8]","[0,1,2,3,4,5,6,20,34]"
n390187,17,0.25,36,9,7,11,2,2,0.6363636363636364,"[0,1,2,3,4,5,6,7,8]","[0,1,2,3,4,5,7,19,35]"
n390187,18,0.25,36,9,7,11,2,2,0.6363636363636364,"[0,1,2,3,4,5,6,7,8]","[0,1,2,3,4,5,8,21,35]"
n390187,19,0.25,36,9,7,11,2,2,0.6363636363636364,"[0,1,2,3,4,5,6,7,8]","[0,1,2,3,4,6,7,26,35]"
n390187,20,0.25,36,9,7,11,2,2,0.6363636363636364,"[0,1,2,3,4,5,6,7,8]","[0,1,2,3,4,5,7,19,25]"
n390187,21,0.25,36,9,7,11,2,2,0.6363636363636364,"[0,1,2,3,4,5,6,7,8]","[0,1,2,3,4,5,7,15,21]"
n390187,22,0.25,36,9,7,11,2,2,0.6363636363636364,"[0,1,2,3,4,5,6,7,8]","[0,1,2,3,4,5,6,11,34]"
n390187,23,0.25,36,9,7,11,2,2,0.6363636363636364,"[0,1,2,3,4,5,6,7,8]","[0,1,2,3,4,5,6,20,35]"
n390187,24,0.25,36,9,7,11,2,2,0.6363636363636364,"[0,1,2,3,4,5,6,7,8]","[0,1,2,3,4,5,6,30,35]"
n390187,25,0.25,36,9,7,11,2,2,0.6363636363636364,"[0,1,2,3,4,5,6,7,8]","[0,1,2,3,4,5,6,22,34]"
n390187,26,0.25,36,9,7,11,2,2,0.6363636363636364,"[0,1,2,3,4,5,6,7,8]","[0,1,2,3,4,5,7,30,35]"
n390187,27,0.25,36,9,6,12,3,3,0.5,"[0,1,2,3,4,5,6,7,8]","[0,1,2,4,6,8,11,30,35]"
n390187,28,0.25,36,9,5,13,4,4,0.38461538461538464,"[0,1,2,3,4,5,6,7,8]","[0,1,2,3,7,10,14,31,35]"
n390187,29,0.25,36,9,7,11,2,2,0.6363636363636364,"[0,1,2,3,4,5,6,7,8]","[0,1,2,3,4,5,7,28,35]"
n390187,30,0.25,36,9,5,13,4,4,0.38461538461538464,"[0,1,2,3,4,5,6,7,8]","[0,1,2,3,5,10,11,30,35]"
n390187,31,0.25,36,9,5,13,4,4,0.38461538461538464,"[0,1,2,3,4,5,6,7,8]","[0,1,2,3,6,13,15,29,35]"
n133585,0,0.25,34,8,6,10,2,2,0.6,"[0,1,2,3,4,5,6,7]","[0,2,3,5,6,7,8,10]"
n133585,1,0.25,34,8,5,11,3,3,0.45454545454545453,"[0,1,2,3,4,5,6,7]","[0,1,2,3,4,8,14,33]"
n133585,2,0.25,34,8,6,10,2,2,0.6,"[0,1,2,3,4,5,6,7]","[0,1,2,3,4,5,14,31]"
n133585,3,0.25,34,8,6,10,2,2,0.6,"[0,1,2,3,4,5,6,7]","[0,1,2,3,4,5,19,27]"
n133585,4,0.25,34,8,5,11,3,3,0.45454545454545453,"[0,1,2,3,4,5,6,7]","[0,1,2,3,4,8,26,32]"
n133585,5,0.25,34,8,5,11,3,3,0.45454545454545453,"[0,1,2,3,4,5,6,7]","[0,1,2,3,4,8,26,33]"
n133585,6,0.25,34,8,6,10,2,2,0.6,"[0,1,2,3,4,5,6,7]","[0,1,2,4,5,7,29,33]"
n133585,7,0.25,34,8,6,10,2,2,0.6,"[0,1,2,3,4,5,6,7]","[0,1,2,3,4,5,27,32]"
n133585,8,0.25,34,8,6,10,2,2,0.6,"[0,1,2,3,4,5,6,7]","[0,1,2,4,5,6,21,29]"
n133585,9,0.25,34,8,6,10,2,2,0.6,"[0,1,2,3,4,5,6,7]","[0,1,2,3,4,5,29,33]"
n133585,10,0.25,34,8,6,10,2,2,0.6,"[0,1,2,3,4,5,6,7]","[0,1,2,3,5,6,30,32]"
n133585,11,0.25,34,8,6,10,2,2,0.6,"[0,1,2,3,4,5,6,7]","[0,1,3,5,6,7,19,28]"
n133585,12,0.25,34,8,5,11,3,3,0.45454545454545453,"[0,1,2,3,4,5,6,7]","[0,1,2,3,5,8,23,28]"
n133585,13,0.25,34,8,6,10,2,2,0.6,"[0,1,2,3,4,5,6,7]","[0,1,2,3,4,7,23,29]"
n133585,14,0.25,34,8,6,10,2,2,0.6,"[0,1,2,3,4,5,6,7]","[0,1,2,3,4,7,22,29]"
n133585,15,0.25,34,8,6,10,2,2,0.6,"[0,1,2,3,4,5,6,7]","[0,1,2,3,4,5,24,30]"
n133585,16,0.25,34,8,6,10,2,2,0.6,"[0,1,2,3,4,5,6,7]","[0,1,2,3,4,5,20,27]"
n133585,17,0.25,34,8,6,10,2,2,0.6,"[0,1,2,3,4,5,6,7]","[0,1,2,3,4,5,24,30]"
n133585,18,0.25,34,8,6,10,2,2,0.6,"[0,1,2,3,4,5,6,7]","[0,1,2,3,4,6,28,33]"
n133585,19,0.25,34,8,5,11,3,3,0.45454545454545453,"[0,1,2,3,4,5,6,7]","[0,1,2,3,4,9,24,30]"
n133585,20,0.25,34,8,6,10,2,2,0.6,"[0,1,2,3,4,5,6,7]","[0,1,2,3,5,7,17,30]"
n133585,21,0.25,34,8,6,10,2,2,0.6,"[0,1,2,3,4,5,6,7]","[0,1,2,3,4,5,20,30]"
n133585,22,0.25,34,8,5,11,3,3,0.45454545454545453,"[0,1,2,3,4,5,6,7]","[0,1,2,3,5,8,22,29]"
n133585,23,0.25,34,8,5,11,3,3,0.45454545454545453,"[0,1,2,3,4,5,6,7]","[0,1,2,3,7,8,21,27]"
n133585,24,0.25,34,8,6,10,2,2,0.6,"[0,1,2,3,4,5,6,7]","[0,1,2,3,5,6,20,22]"
n133585,25,0.25,34,8,5,11,3,3,0.45454545454545453,"[0,1,2,3,4,5,6,7]","[0,1,2,3,6,13,32,33]"
n133585,26,0.25,34,8,5,11,3,3,0.45454545454545453,"[0,1,2,3,4,5,6,7]","[0,1,2,3,4,11,26,32]"
n133585,27,0.25,34,8,5,11,3,3,0.45454545454545453,"[0,1,2,3,4,5,6,7]","[0,1,3,5,7,11,30,32]"
n133585,28,0.25,34,8,5,11,3,3,0.45454545454545453,"[0,1,2,3,4,5,6,7]","[0,1,2,3,4,11,27,28]"
n133585,29,0.25,34,8,5,11,3,3,0.45454545454545453,"[0,1,2,3,4,5,6,7]","[0,1,2,4,7,9,25,29]"
n133585,30,0.25,34,8,5,11,3,3,0.45454545454545453,"[0,1,2,3,4,5,6,7]","[0,2,4,5,6,13,27,30]"
n133585,31,0.25,34,8,6,10,2,2,0.6,"[0,1,2,3,4,5,6,7]","[0,1,2,3,4,7,25,32]"
n272098,0,0.25,46,12,9,15,3,3,0.6,"[0,1,2,3,4,5,6,7,8,9,10,11]","[0,1,2,3,4,5,6,7,8,13,22,45]"
n272098,1,0.25,46,12,9,15,3,3,0.6,"[0,1,2,3,4,5,6,7,8,9,10,11]","[0,1,2,3,4,5,6,7,8,22,32,45]"
n272098,2,0.25,46,12,9,15,3,3,0.6,"[0,1,2,3,4,5,6,7,8,9,10,11]","[0,1,2,3,4,5,6,7,9,18,24,44]"
n272098,3,0.25,46,12,9,15,3,3,0.6,"[0,1,2,3,4,5,6,7,8,9,10,11]","[0,1,2,3,4,5,6,8,11,26,35,41]"
n272098,4,0.25,46,12,9,15,3,3,0.6,"[0,1,2,3,4,5,6,7,8,9,10,11]","[0,1,2,3,4,5,7,8,9,33,39,45]"
n272098,5,0.25,46,12,9,15,3,3,0.6,"[0,1,2,3,4,5,6,7,8,9,10,11]","[0,1,2,3,4,5,6,7,8,27,38,44]"
n272098,6,0.25,46,12,9,15,3,3,0.6,"[0,1,2,3,4,5,6,7,8,9,10,11]","[0,1,2,3,4,5,6,7,11,21,36,42]"
n272098,7,0.25,46,12,8,16,4,4,0.5,"[0,1,2,3,4,5,6,7,8,9,10,11]","[0,1,2,3,4,5,6,8,14,37,38,44]"
n272098,8,0.25,46,12,9,15,3,3,0.6,"[0,1,2,3,4,5,6,7,8,9,10,11]","[0,1,2,3,5,6,8,9,10,41,42,45]"
n272098,9,0.25,46,12,8,16,4,4,0.5,"[0,1,2,3,4,5,6,7,8,9,10,11]","[0,1,2,3,5,6,7,8,12,27,32,40]"
n272098,10,0.25,46,12,7,17,5,5,0.4117647058823529,"[0,1,2,3,4,5,6,7,8,9,10,11]","[0,1,2,3,4,8,9,15,17,37,40,44]"
n272098,11,0.25,46,12,8,16,4,4,0.5,"[0,1,2,3,4,5,6,7,8,9,10,11]","[0,1,2,3,4,5,7,8,18,28,38,43]"
n272098,12,0.25,46,12,7,17,5,5,0.4117647058823529,"[0,1,2,3,4,5,6,7,8,9,10,11]","[0,1,2,3,4,6,10,18,21,30,39,44]"
n272098,13,0.25,46,12,6,18,6,6,0.3333333333333333,"[0,1,2,3,4,5,6,7,8,9,10,11]","[0,1,2,3,5,6,16,17,21,25,34,43]"
n272098,14,0.25,46,12,7,17,5,5,0.4117647058823529,"[0,1,2,3,4,5,6,7,8,9,10,11]","[0,2,3,4,5,6,9,17,21,30,41,42]"
n272098,15,0.25,46,12,8,16,4,4,0.5,"[0,1,2,3,4,5,6,7,8,9,10,11]","[0,1,2,3,4,5,6,10,16,35,38,44]"
n272098,16,0.25,46,12,7,17,5,5,0.4117647058823529,"[0,1,2,3,4,5,6,7,8,9,10,11]","[0,1,2,3,4,5,8,16,22,25,40,44]"
n272098,17,0.25,46,12,8,16,4,4,0.5,"[0,1,2,3,4,5,6,7,8,9,10,11]","[0,1,2,3,4,5,6,8,14,22,39,41]"
n272098,18,0.25,46,12,8,16,4,4,0.5,"[0,1,2,3,4,5,6,7,8,9,10,11]","[0,1,2,3,4,7,8,10,18,32,35,44]"
n272098,19,0.25,46,12,7,17,5,5,0.4117647058823529,"[0,1,2,3,4,5,6,7,8,9,10,11]","[0,1,2,3,4,5,6,14,25,33,36,44]"
n272098,20,0.25,46,12,6,18,6,6,0.3333333333333333,"[0,1,2,3,4,5,6,7,8,9,10,11]","[0,1,2,3,4,5,14,16,23,28,34,38]"
n272098,21,0.25,46,12,7,17,5,5,0.4117647058823529,"[0,1,2,3,4,5,6,7,8,9,10,11]","[0,1,2,3,4,5,6,17,20,27,34,38]"
n272098,22,0.25,46,12,8,16,4,4,0.5,"[0,1,2,3,4,5,6,7,8,9,10,11]","[0,1,2,3,4,5,6,7,12,26,29,38]"
n272098,23,0.25,46,12,7,17,5,5,0.4117647058823529,"[0,1,2,3,4,5,6,7,8,9,10,11]","[0,1,5,6,7,9,10,12,29,32,36,41]"
n272098,24,0.25,46,12,9,15,3,3,0.6,"[0,1,2,3,4,5,6,7,8,9,10,11]","[0,1,2,3,4,5,7,8,10,32,35,37]"
n272098,25,0.25,46,12,7,17,5,5,0.4117647058823529,"[0,1,2,3,4,5,6,7,8,9,10,11]","[0,1,2,3,4,7,10,14,15,40,43,45]"
n272098,26,0.25,46,12,8,16,4,4,0.5,"[0,1,2,3,4,5,6,7,8,9,10,11]","[0,1,2,3,4,5,9,11,19,34,39,44]"
n272098,27,0.25,46,12,7,17,5,5,0.4117647058823529,"[0,1,2,3,4,5,6,7,8,9,10,11]","[0,1,4,5,6,7,8,21,24,29,36,45]"
n272098,28,0.25,46,12,6,18,6,6,0.3333333333333333,"[0,1,2,3,4,5,6,7,8,9,10,11]","[0,1,2,4,5,8,16,21,25,41,42,45]"
n272098,29,0.25,46,12,4,20,8,8,0.2,"[0,1,2,3,4,5,6,7,8,9,10,11]","[0,1,2,9,12,15,18,19,23,39,43,45]"
n272098,30,0.25,46,12,7,17,5,5,0.4117647058823529,"[0,1,2,3,4,5,6,7,8,9,10,11]","[0,1,3,4,5,6,11,14,25,35,40,45]"
n272098,31,0.25,46,12,8,16,4,4,0.5,"[0,1,2,3,4,5,6,7,8,9,10,11]","[0,1,2,4,5,6,7,8,14,33,35,43]"
n472825,0,0.25,37,9,4,14,5,5,0.2857142857142857,"[0,1,2,3,4,5,6,7,8]","[0,3,7,8,10,11,12,14,32]"
n472825,1,0.25,37,9,7,11,2,2,0.6363636363636364,"[0,1,2,3,4,5,6,7,8]","[0,1,2,3,4,5,6,13,31]"
n472825,2,0.25,37,9,7,11,2,2,0.6363636363636364,"[0,1,2,3,4,5,6,7,8]","[0,1,2,3,4,5,6,14,32]"
n472825,3,0.25,37,9,7,11,2,2,0.6363636363636364,"[0,1,2,3,4,5,6,7,8]","[0,1,2,3,4,5,8,22,34]"
n472825,4,0.25,37,9,7,11,2,2,0.6363636363636364,"[0,1,2,3,4,5,6,7,8]","[0,1,2,3,4,5,7,30,36]"
n472825,5,0.25,37,9,7,11,2,2,0.6363636363636364,"[0,1,2,3,4,5,6,7,8]","[0,1,2,3,4,5,6,29,33]"
n472825,6,0.25,37,9,7,11,2,2,0.6363636363636364,"[0,1,2,3,4,5,6,7,8]","[0,1,2,3,4,5,8,33,36]"
n472825,7,0.25,37,9,7,11,2,2,0.6363636363636364,"[0,1,2,3,4,5,6,7,8]","[0,1,2,3,4,5,6,32,34]"
n472825,8,0.25,37,9,7,11,2,2,0.6363636363636364,"[0,1,2,3,4,5,6,7,8]","[0,1,2,3,4,5,6,35,36]"
n472825,9,0.25,37,9,6,12,3,3,0.5,"[0,1,2,3,4,5,6,7,8]","[0,1,2,4,5,6,9,33,35]"
n472825,10,0.25,37,9,7,11,2,2,0.6363636363636364,"[0,1,2,3,4,5,6,7,8]","[0,1,2,3,4,5,7,33,36]"
n472825,11,0.25,37,9,7,11,2,2,0.6363636363636364,"[0,1,2,3,4,5,6,7,8]","[0,1,3,4,5,6,7,29,36]"
n472825,12,0.25,37,9,7,11,2,2,0.6363636363636364,"[0,1,2,3,4,5,6,7,8]","[0,1,2,3,4,6,7,24,32]"
n472825,13,0.25,37,9,7,11,2,2,0.6363636363636364,"[0,1,2,3,4,5,6,7,8]","[0,1,2,3,4,5,7,27,36]"
n472825,14,0.25,37,9,6,12,3,3,0.5,"[0,1,2,3,4,5,6,7,8]","[0,1,2,3,5,7,12,35,36]"
n472825,15,0.25,37,9,6,12,3,3,0.5,"[0,1,2,3,4,5,6,7,8]","[0,1,2,3,4,5,9,28,30]"
n472825,16,0.25,37,9,6,12,3,3,0.5,"[0,1,2,3,4,5,6,7,8]","[0,1,2,3,4,5,9,27,32]"
n472825,17,0.25,37,9,7,11,2,2,0.6363636363636364,"[0,1,2,3,4,5,6,7,8]","[0,1,2,3,4,5,6,27,33]"
n472825,18,0.25,37,9,7,11,2,2,0.6363636363636364,"[0,1,2,3,4,5,6,7,8]","[0,1,2,3,4,5,6,31,36]"
n472825,19,0.25,37,9,6,12,3,3,0.5,"[0,1,2,3,4,5,6,7,8]","[0,1,2,3,4,8,13,31,34]"
n472825,20,0.25,37,9,7,11,2,2,0.6363636363636364,"[0,1,2,3,4,5,6,7,8]","[0,1,2,3,4,7,8,31,36]"
n472825,21,0.25,37,9,7,11,2,2,0.6363636363636364,"[0,1,2,3,4,5,6,7,8]","[0,1,2,3,4,6,7,31,32]"
n472825,22,0.25,37,9,6,12,3,3,0.5,"[0,1,2,3,4,5,6,7,8]","[0,1,2,3,4,5,9,28,36]"
n472825,23,0.25,37,9,7,11,2,2,0.6363636363636364,"[0,1,2,3,4,5,6,7,8]","[0,1,2,3,4,5,6,28,36]"
n472825,24,0.25,37,9,7,11,2,2,0.6363636363636364,"[0,1,2,3,4,5,6,7,8]","[0,1,2,3,4,5,8,26,35]"
n472825,25,0.25,37,9,6,12,3,3,0.5,"[0,1,2,3,4,5,6,7,8]","[0,1,2,3,4,6,9,24,29]"
n472825,26,0.25,37,9,7,11,2,2,0.6363636363636364,"[0,1,2,3,4,5,6,7,8]","[0,1,2,3,4,6,7,28,36]"
n472825,27,0.25,37,9,6,12,3,3,0.5,"[0,1,2,3,4,5,6,7,8]","[0,1,3,4,6,7,13,27,33]"
n472825,28,0.25,37,9,7,11,2,2,0.6363636363636364,"[0,1,2,3,4,5,6,7,8]","[0,1,2,4,5,6,8,30,34]"
n472825,29,0.25,37,9,7,11,2,2,0.6363636363636364,"[0,1,2,3,4,5,6,7,8]","[0,1,2,3,4,6,7,33,36]"
n472825,30,0.25,37,9,7,11,2,2,0.6363636363636364,"[0,1,2,3,4,5,6,7,8]","[0,1,2,3,4,5,6,30,36]"
n472825,31,0.25,37,9,6,12,3,3,0.5,"[0,1,2,3,4,5,6,7,8]","[0,1,2,3,4,6,9,17,34]"
n450919,0,0.25,37,9,6,12,3,3,0.5,"[0,1,2,3,4,5,6,7,8]","[0,2,3,5,7,8,9,10,15]"
n450919,1,0.25,37,9,7,11,2,2,0.6363636363636364,"[0,1,2,3,4,5,6,7,8]","[0,1,2,3,4,5,6,31,36]"
n450919,2,0.25,37,9,8,10,1,1,0.8,"[0,1,2,3,4,5,6,7,8]","[0,1,2,3,4,5,6,7,36]"
n450919,3,0.25,37,9,7,11,2,2,0.6363636363636364,"[0,1,2,3,4,5,6,7,8]","[0,1,2,3,4,5,7,24,26]"
n450919,4,0.25,37,9,7,11,2,2,0.6363636363636364,"[0,1,2,3,4,5,6,7,8]","[0,1,2,3,4,5,8,30,32]"
n450919,5,0.25,37,9,7,11,2,2,0.6363636363636364,"[0,1,2,3,4,5,6,7,8]","[0,1,2,3,4,5,8,30,35]"
n450919,6,0.25,37,9,7,11,2,2,0.6363636363636364,"[0,1,2,3,4,5,6,7,8]","[0,1,2,3,4,5,6,28,35]"
n450919,7,0.25,37,9,7,11,2,2,0.6363636363636364,"[0,1,2,3,4,5,6,7,8]","[0,1,2,3,4,5,7,32,35]"
n450919,8,0.25,37,9,7,11,2,2,0.6363636363636364,"[0,1,2,3,4,5,6,7,8]","[0,1,2,3,5,6,7,28,30]"
n450919,9,0.25,37,9,5,13,4,4,0.38461538461538464,"[0,1,2,3,4,5,6,7,8]","[0,1,2,3,4,10,15,31,35]"
n450919,10,0.25,37,9,7,11,2,2,0.6363636363636364,"[0,1,2,3,4,5,6,7,8]","[0,1,2,3,5,6,7,31,35]"
n450919,11,0.25,37,9,6,12,3,3,0.5,"[0,1,2,3,4,5,6,7,8]","[0,1,2,3,4,8,9,29,31]"
n450919,12,0.25,37,9,7,11,2,2,0.6363636363636364,"[0,1,2,3,4,5,6,7,8]","[0,1,2,3,4,7,8,26,32]"
n450919,13,0.25,37,9,7,11,2,2,0.6363636363636364,"[0,1,2,3,4,5,6,7,8]","[0,1,2,3,4,6,7,26,35]"
n450919,14,0.25,37,9,5,13,4,4,0.38461538461538464,"[0,1,2,3,4,5,6,7,8]","[0,1,3,7,8,10,16,28,36]"
n450919,15,0.25,37,9,7,11,2,2,0.6363636363636364,"[0,1,2,3,4,5,6,7,8]","[0,1,2,3,4,5,6,20,36]"
n450919,16,0.25,37,9,7,11,2,2,0.6363636363636364,"[0,1,2,3,4,5,6,7,8]","[0,1,2,3,4,5,6,19,36]"
n450919,17,0.25,37,9,6,12,3,3,0.5,"[0,1,2,3,4,5,6,7,8]","[0,1,2,4,5,7,11,27,34]"
n450919,18,0.25,37,9,7,11,2,2,0.6363636363636364,"[0,1,2,3,4,5,6,7,8]","[0,1,2,3,4,5,6,26,36]"
n450919,19,0.25,37,9,6,12,3,3,0.5,"[0,1,2,3,4,5,6,7,8]","[0,1,2,3,4,5,9,29,35]"
n450919,20,0.25,37,9,7,11,2,2,0.6363636363636364,"[0,1,2,3,4,5,6,7,8]","[0,1,2,3,4,5,6,30,32]"
n450919,21,0.25,37,9,7,11,2,2,0.6363636363636364,"[0,1,2,3,4,5,6,7,8]","[0,1,2,3,5,7,8,29,36]"
n450919,22,0.25,37,9,7,11,2,2,0.6363636363636364,"[0,1,2,3,4,5,6,7,8]","[0,1,2,3,4,5,7,25,34]"
n450919,23,0.25,37,9,5,13,4,4,0.38461538461538464,"[0,1,2,3,4,5,6,7,8]","[0,1,2,3,5,9,11,28,34]"
n450919,24,0.25,37,9,7,11,2,2,0.6363636363636364,"[0,1,2,3,4,5,6,7,8]","[0,1,2,3,4,5,6,31,33]"
n450919,25,0.25,37,9,7,11,2,2,0.6363636363636364,"[0,1,2,3,4,5,6,7,8]","[0,1,2,3,4,5,6,26,36]"
n450919,26,0.25,37,9,7,11,2,2,0.6363636363636364,"[0,1,2,3,4,5,6,7,8]","[0,1,2,3,4,5,6,31,36]"
n450919,27,0.25,37,9,4,14,5,5,0.2857142857142857,"[0,1,2,3,4,5,6,7,8]","[0,1,3,6,9,16,24,27,31]"
n450919,28,0.25,37,9,5,13,4,4,0.38461538461538464,"[0,1,2,3,4,5,6,7,8]","[0,1,2,3,5,10,17,25,34]"
n450919,29,0.25,37,9,6,12,3,3,0.5,"[0,1,2,3,4,5,6,7,8]","[0,1,2,4,5,6,11,30,36]"
n450919,30,0.25,37,9,6,12,3,3,0.5,"[0,1,2,3,4,5,6,7,8]","[0,1,2,3,5,7,11,30,36]"
n450919,31,0.25,37,9,6,12,3,3,0.5,"[0,1,2,3,4,5,6,7,8]","[0,1,2,3,4,6,12,34,35]"
n37274,0,0.25,37,9,6,12,3,3,0.5,"[0,1,2,3,4,5,6,7,8]","[0,2,3,6,7,8,9,19,34]"
n37274,1,0.25,37,9,7,11,2,2,0.6363636363636364,"[0,1,2,3,4,5,6,7,8]","[0,1,2,3,4,6,7,23,36]"
n37274,2,0.25,37,9,7,11,2,2,0.6363636363636364,"[0,1,2,3,4,5,6,7,8]","[0,1,2,3,4,5,6,19,36]"
n37274,3,0.25,37,9,7,11,2,2,0.6363636363636364,"[0,1,2,3,4,5,6,7,8]","[0,1,2,3,4,5,6,27,34]"
n37274,4,0.25,37,9,6,12,3,3,0.5,"[0,1,2,3,4,5,6,7,8]","[0,1,2,3,5,8,9,27,34]"
n37274,5,0.25,37,9,7,11,2,2,0.6363636363636364,"[0,1,2,3,4,5,6,7,8]","[0,1,2,3,4,5,7,29,32]"
n37274,6,0.25,37,9,7,11,2,2,0.6363636363636364,"[0,1,2,3,4,5,6,7,8]","[0,1,2,3,4,5,6,31,34]"
n37274,7,0.25,37,9,7,11,2,2,0.6363636363636364,"[0,1,2,3,4,5,6,7,8]","[0,1,2,3,4,5,6,34,35]"
n37274,8,0.25,37,9,7,11,2,2,0.6363636363636364,"[0,1,2,3,4,5,6,7,8]","[0,1,2,3,4,5,7,34,36]"
n37274,9,0.25,37,9,7,11,2,2,0.6363636363636364,"[0,1,2,3,4,5,6,7,8]","[0,1,2,3,5,6,7,28,32]"
n37274,10,0.25,37,9,7,11,2,2,0.6363636363636364,"[0,1,2,3,4,5,6,7,8]","[0,1,2,3,4,5,6,32,34]"
n37274,11,0.25,37,9,7,11,2,2,0.6363636363636364,"[0,1,2,3,4,5,6,7,8]","[0,1,3,4,5,7,8,21,34]"
n37274,12,0.25,37,9,6,12,3,3,0.5,"[0,1,2,3,4,5,6,7,8]","[0,1,2,3,5,6,9,27,31]"
n37274,13,0.25,37,9,6,12,3,3,0.5,"[0,1,2,3,4,5,6,7,8]","[0,1,3,4,6,8,10,28,35]"
n37274,14,0.25,37,9,6,12,3,3,0.5,"[0,1,2,3,4,5,6,7,8]","[0,1,2,3,4,5,11,21,26]"
n37274,15,0.25,37,9,6,12,3,3,0.5,"[0,1,2,3,4,5,6,7,8]","[0,1,2,3,4,7,9,14,30]"
n37274,16,0.25,37,9,7,11,2,2,0.6363636363636364,"[0,1,2,3,4,5,6,7,8]","[0,1,3,4,5,7,8,27,34]"
n37274,17,0.25,37,9,7,11,2,2,0.6363636363636364,"[0,1,2,3,4,5,6,7,8]","[0,1,2,3,4,7,8,24,36]"
n37274,18,0.25,37,9,5,13,4,4,0.38461538461538464,"[0,1,2,3,4,5,6,7,8]","[0,1,2,3,4,9,14,32,36]"
n37274,19,0.25,37,9,5,13,4,4,0.38461538461538464,"[0,1,2,3,4,5,6,7,8]","[0,1,2,4,8,10,12,26,30]"
n37274,20,0.25,37,9,6,12,3,3,0.5,"[0,1,2,3,4,5,6,7,8]","[0,1,2,3,4,6,9,28,36]"
n37274,21,0.25,37,9,7,11,2,2,0.6363636363636364,"[0,1,2,3,4,5,6,7,8]","[0,1,2,3,4,5,6,27,35]"
n37274,22,0.25,37,9,7,11,2,2,0.6363636363636364,"[0,1,2,3,4,5,6,7,8]","[0,1,3,4,5,6,7,29,34]"
n37274,23,0.25,37,9,7,11,2,2,0.6363636363636364,"[0,1,2,3,4,5,6,7,8]","[0,1,2,3,5,6,8,32,35]"
n37274,24,0.25,37,9,7,11,2,2,0.6363636363636364,"[0,1,2,3,4,5,6,7,8]","[0,1,2,3,4,5,6,30,36]"
n37274,25,0.25,37,9,7,11,2,2,0.6363636363636364,"[0,1,2,3,4,5,6,7,8]","[0,1,2,3,4,5,6,23,31]"
n37274,26,0.25,37,9,7,11,2,2,0.6363636363636364,"[0,1,2,3,4,5,6,7,8]","[0,1,2,3,4,5,6,32,35]"
n37274,27,0.25,37,9,7,11,2,2,0.6363636363636364,"[0,1,2,3,4,5,6,7,8]","[0,1,2,3,4,5,7,35,36]"
n37274,28,0.25,37,9,7,11,2,2,0.6363636363636364,"[0,1,2,3,4,5,6,7,8]","[0,1,2,3,5,6,8,33,34]"
n37274,29,0.25,37,9,7,11,2,2,0.6363636363636364,"[0,1,2,3,4,5,6,7,8]","[0,1,2,3,5,6,7,28,34]"
n37274,30,0.25,37,9,6,12,3,3,0.5,"[0,1,2,3,4,5,6,7,8]","[0,1,3,4,5,7,9,30,33]"
n37274,31,0.25,37,9,6,12,3,3,0.5,"[0,1,2,3,4,5,6,7,8]","[0,1,3,4,5,6,13,34,36]"
n293477,0,0.25,37,9,5,13,4,4,0.38461538461538464,"[0,1,2,3,4,5,6,7,8]","[0,2,3,4,6,12,15,16,17]"
n293477,1,0.25,37,9,7,11,2,2,0.6363636363636364,"[0,1,2,3,4,5,6,7,8]","[0,1,2,3,4,5,6,34,36]"
n293477,2,0.25,37,9,6,12,3,3,0.5,"[0,1,2,3,4,5,6,7,8]","[0,1,2,4,5,6,9,34,35]"
n293477,3,0.25,37,9,6,12,3,3,0.5,"[0,1,2,3,4,5,6,7,8]","[0,1,2,3,5,8,9,30,34]"
n293477,4,0.25,37,9,7,11,2,2,0.6363636363636364,"[0,1,2,3,4,5,6,7,8]","[0,1,2,3,4,5,7,30,32]"
n293477,5,0.25,37,9,6,12,3,3,0.5,"[0,1,2,3,4,5,6,7,8]","[0,1,2,3,4,6,9,29,34]"
n293477,6,0.25,37,9,7,11,2,2,0.6363636363636364,"[0,1,2,3,4,5,6,7,8]","[0,1,2,3,4,5,8,32,34]"
n293477,7,0.25,37,9,7,11,2,2,0.6363636363636364,"[0,1,2,3,4,5,6,7,8]","[0,1,2,3,4,6,8,33,35]"
n293477,8,0.25,37,9,6,12,3,3,0.5,"[0,1,2,3,4,5,6,7,8]","[0,1,2,4,6,8,9,30,35]"
n293477,9,0.25,37,9,7,11,2,2,0.6363636363636364,"[0,1,2,3,4,5,6,7,8]","[0,1,4,5,6,7,8,30,35]"
n293477,10,0.25,37,9,7,11,2,2,0.6363636363636364,"[0,1,2,3,4,5,6,7,8]","[0,1,2,3,4,5,7,33,36]"
n293477,11,0.25,37,9,6,12,3,3,0.5,"[0,1,2,3,4,5,6,7,8]","[0,1,2,4,6,8,16,32,36]"
n293477,12,0.25,37,9,5,13,4,4,0.38461538461538464,"[0,1,2,3,4,5,6,7,8]","[0,1,2,5,8,9,14,31,36]"
n293477,13,0.25,37,9,5,13,4,4,0.38461538461538464,"[0,1,2,3,4,5,6,7,8]","[0,1,2,3,4,9,14,32,36]"
n293477,14,0.25,37,9,5,13,4,4,0.38461538461538464,"[0,1,2,3,4,5,6,7,8]","[0,3,5,6,8,11,12,28,36]"
n293477,15,0.25,37,9,6,12,3,3,0.5,"[0,1,2,3,4,5,6,7,8]","[0,1,2,3,4,8,13,29,35]"
n293477,16,0.25,37,9,6,12,3,3,0.5,"[0,1,2,3,4,5,6,7,8]","[0,1,2,3,4,5,13,27,33]"
n293477,17,0.25,37,9,6,12,3,3,0.5,"[0,1,2,3,4,5,6,7,8]","[0,1,2,3,4,8,12,31,36]"
n293477,18,0.25,37,9,6,12,3,3,0.5,"[0,1,2,3,4,5,6,7,8]","[0,1,2,3,4,7,9,32,36]"
n293477,19,0.25,37,9,7,11,2,2,0.6363636363636364,"[0,1,2,3,4,5,6,7,8]","[0,1,2,3,4,5,6,30,36]"
n293477,20,0.25,37,9,6,12,3,3,0.5,"[0,1,2,3,4,5,6,7,8]","[0,1,2,3,5,6,11,33,36]"
n293477,21,0.25,37,9,6,12,3,3,0.5,"[0,1,2,3,4,5,6,7,8]","[0,1,2,3,4,5,10,28,36]"
n293477,22,0.25,37,9,6,12,3,3,0.5,"[0,1,2,3,4,5,6,7,8]","[0,1,2,3,4,5,9,29,36]"
n293477,23,0.25,37,9,7,11,2,2,0.6363636363636364,"[0,1,2,3,4,5,6,7,8]","[0,1,2,3,4,5,6,28,36]"
n293477,24,0.25,37,9,7,11,2,2,0.6363636363636364,"[0,1,2,3,4,5,6,7,8]","[0,1,2,3,4,5,7,33,34]"
n293477,25,0.25,37,9,7,11,2,2,0.6363636363636364,"[0,1,2,3,4,5,6,7,8]","[0,1,2,3,4,5,8,31,34]"
n293477,26,0.25,37,9,7,11,2,2,0.6363636363636364,"[0,1,2,3,4,5,6,7,8]","[0,1,2,3,6,7,8,30,36]"
n293477,27,0.25,37,9,5,13,4,4,0.38461538461538464,"[0,1,2,3,4,5,6,7,8]","[0,1,2,3,4,9,17,25,36]"
n293477,28,0.25,37,9,6,12,3,3,0.5,"[0,1,2,3,4,5,6,7,8]","[0,1,2,3,5,7,14,34,35]"
n293477,29,0.25,37,9,6,12,3,3,0.5,"[0,1,2,3,4,5,6,7,8]","[0,1,3,4,5,8,16,24,34]"
n293477,30,0.25,37,9,6,12,3,3,0.5,"[0,1,2,3,4,5,6,7,8]","[0,1,2,3,4,5,9,33,36]"
n293477,31,0.25,37,9,6,12,3,3,0.5,"[0,1,2,3,4,5,6,7,8]","[0,1,2,3,4,7,9,32,36]"
n44249,0,0.25,34,8,5,11,3,3,0.45454545454545453,"[0,1,2,3,4,5,6,7]","[0,3,5,6,7,8,11,16]"
n44249,1,0.25,34,8,6,10,2,2,0.6,"[0,1,2,3,4,5,6,7]","[0,1,2,3,4,5,15,33]"
n44249,2,0.25,34,8,6,10,2,2,0.6,"[0,1,2,3,4,5,6,7]","[0,1,2,3,4,7,14,26]"
n44249,3,0.25,34,8,6,10,2,2,0.6,"[0,1,2,3,4,5,6,7]","[0,1,2,3,4,6,24,30]"
n44249,4,0.25,34,8,6,10,2,2,0.6,"[0,1,2,3,4,5,6,7]","[0,1,2,4,5,6,23,29]"
n44249,5,0.25,34,8,6,10,2,2,0.6,"[0,1,2,3,4,5,6,7]","[0,1,2,3,4,6,29,33]"
n44249,6,0.25,34,8,6,10,2,2,0.6,"[0,1,2,3,4,5,6,7]","[0,1,2,3,4,5,27,30]"
n44249,7,0.25,34,8,6,10,2,2,0.6,"[0,1,2,3,4,5,6,7]","[0,1,2,3,4,5,29,32]"
n44249,8,0.25,34,8,6,10,2,2,0.6,"[0,1,2,3,4,5,6,7]","[0,1,2,3,4,6,27,32]"
n44249,9,0.25,34,8,6,10,2,2,0.6,"[0,1,2,3,4,5,6,7]","[0,1,2,4,5,7,27,32]"
n44249,10,0.25,34,8,6,10,2,2,0.6,"[0,1,2,3,4,5,6,7]","[0,1,2,3,4,7,30,33]"
n44249,11,0.25,34,8,6,10,2,2,0.6,"[0,1,2,3,4,5,6,7]","[0,1,2,3,4,6,26,32]"
n44249,12,0.25,34,8,5,11,3,3,0.45454545454545453,"[0,1,2,3,4,5,6,7]","[0,1,2,4,5,9,30,32]"
n44249,13,0.25,34,8,6,10,2,2,0.6,"[0,1,2,3,4,5,6,7]","[0,2,3,4,5,6,24,32]"
n44249,14,0.25,34,8,5,11,3,3,0.45454545454545453,"[0,1,2,3,4,5,6,7]","[0,2,3,5,7,12,31,33]"
n44249,15,0.25,34,8,6,10,2,2,0.6,"[0,1,2,3,4,5,6,7]","[0,1,2,4,6,7,26,31]"
n44249,16,0.25,34,8,6,10,2,2,0.6,"[0,1,2,3,4,5,6,7]","[0,1,2,3,4,5,19,27]"
n44249,17,0.25,34,8,6,10,2,2,0.6,"[0,1,2,3,4,5,6,7]","[0,1,2,3,5,6,25,32]"
n44249,18,0.25,34,8,5,11,3,3,0.45454545454545453,"[0,1,2,3,4,5,6,7]","[0,1,2,3,4,8,25,33]"
n44249,19,0.25,34,8,6,10,2,2,0.6,"[0,1,2,3,4,5,6,7]","[0,1,2,3,4,6,25,32]"
n44249,20,0.25,34,8,5,11,3,3,0.45454545454545453,"[0,1,2,3,4,5,6,7]","[0,1,2,3,4,9,30,32]"
n44249,21,0.25,34,8,6,10,2,2,0.6,"[0,1,2,3,4,5,6,7]","[0,1,2,3,4,6,20,30]"
n44249,22,0.25,34,8,6,10,2,2,0.6,"[0,1,2,3,4,5,6,7]","[0,1,2,3,4,5,31,33]"
n44249,23,0.25,34,8,6,10,2,2,0.6,"[0,1,2,3,4,5,6,7]","[0,1,2,3,4,7,20,25]"
n44249,24,0.25,34,8,6,10,2,2,0.6,"[0,1,2,3,4,5,6,7]","[0,1,2,3,4,5,16,29]"
n44249,25,0.25,34,8,6,10,2,2,0.6,"[0,1,2,3,4,5,6,7]","[0,1,2,3,5,6,16,29]"
n44249,26,0.25,34,8,6,10,2,2,0.6,"[0,1,2,3,4,5,6,7]","[0,1,2,3,4,6,21,32]"
n44249,27,0.25,34,8,5,11,3,3,0.45454545454545453,"[0,1,2,3,4,5,6,7]","[0,1,3,4,7,9,31,33]"
n44249,28,0.25,34,8,5,11,3,3,0.45454545454545453,"[0,1,2,3,4,5,6,7]","[0,1,2,3,4,17,22,32]"
n44249,29,0.25,34,8,5,11,3,3,0.45454545454545453,"[0,1,2,3,4,5,6,7]","[0,1,2,3,5,8,23,31]"
n44249,30,0.25,34,8,5,11,3,3,0.45454545454545453,"[0,1,2,3,4,5,6,7]","[0,1,2,3,4,13,27,30]"
n44249,31,0.25,34,8,5,11,3,3,0.45454545454545453,"[0,1,2,3,4,5,6,7]","[0,1,2,3,5,12,25,33]"
n331357,0,0.25,32,8,6,10,2,2,0.6,"[0,1,2,3,4,5,6,7]","[0,3,4,5,6,7,9,13]"
n331357,1,0.25,32,8,6,10,2,2,0.6,"[0,1,2,3,4,5,6,7]","[0,1,2,3,4,5,11,31]"
n331357,2,0.25,32,8,6,10,2,2,0.6,"[0,1,2,3,4,5,6,7]","[0,1,2,3,5,6,16,18]"
n331357,3,0.25,32,8,6,10,2,2,0.6,"[0,1,2,3,4,5,6,7]","[0,1,2,3,4,5,18,29]"
n331357,4,0.25,32,8,5,11,3,3,0.45454545454545453,"[0,1,2,3,4,5,6,7]","[0,1,2,3,6,8,25,26]"
n331357,5,0.25,32,8,6,10,2,2,0.6,"[0,1,2,3,4,5,6,7]","[0,1,2,3,4,5,23,27]"
n331357,6,0.25,32,8,6,10,2,2,0.6,"[0,1,2,3,4,5,6,7]","[0,1,2,3,4,6,24,31]"
n331357,7,0.25,32,8,6,10,2,2,0.6,"[0,1,2,3,4,5,6,7]","[0,1,2,3,4,5,28,31]"
n331357,8,0.25,32,8,6,10,2,2,0.6,"[0,1,2,3,4,5,6,7]","[0,1,2,3,4,5,29,31]"
n331357,9,0.25,32,8,6,10,2,2,0.6,"[0,1,2,3,4,5,6,7]","[0,1,2,3,5,7,21,28]"
n331357,10,0.25,32,8,6,10,2,2,0.6,"[0,1,2,3,4,5,6,7]","[0,1,2,3,5,7,28,29]"
n331357,11,0.25,32,8,6,10,2,2,0.6,"[0,1,2,3,4,5,6,7]","[0,1,2,4,5,6,27,30]"
n331357,12,0.25,32,8,6,10,2,2,0.6,"[0,1,2,3,4,5,6,7]","[0,1,2,3,4,5,24,28]"
n331357,13,0.25,32,8,6,10,2,2,0.6,"[0,1,2,3,4,5,6,7]","[0,1,2,3,4,5,22,27]"
n331357,14,0.25,32,8,4,12,4,4,0.3333333333333333,"[0,1,2,3,4,5,6,7]","[0,1,3,5,8,12,28,30]"
n331357,15,0.25,32,8,6,10,2,2,0.6,"[0,1,2,3,4,5,6,7]","[0,1,2,4,6,7,21,27]"
n331357,16,0.25,32,8,6,10,2,2,0.6,"[0,1,2,3,4,5,6,7]","[0,1,2,3,5,6,26,31]"
n331357,17,0.25,32,8,6,10,2,2,0.6,"[0,1,2,3,4,5,6,7]","[0,1,2,3,5,6,25,28]"
n331357,18,0.25,32,8,5,11,3,3,0.45454545454545453,"[0,1,2,3,4,5,6,7]","[0,1,2,4,5,8,30,31]"
n331357,19,0.25,32,8,5,11,3,3,0.45454545454545453,"[0,1,2,3,4,5,6,7]","[0,1,2,3,4,8,25,30]"
n331357,20,0.25,32,8,6,10,2,2,0.6,"[0,1,2,3,4,5,6,7]","[0,1,2,3,4,5,28,31]"
n331357,21,0.25,32,8,6,10,2,2,0.6,"[0,1,2,3,4,5,6,7]","[0,1,2,3,4,5,29,31]"
n331357,22,0.25,32,8,6,10,2,2,0.6,"[0,1,2,3,4,5,6,7]","[0,1,2,3,4,5,29,31]"
n331357,23,0.25,32,8,5,11,3,3,0.45454545454545453,"[0,1,2,3,4,5,6,7]","[0,1,2,3,4,8,19,28]"
n331357,24,0.25,32,8,6,10,2,2,0.6,"[0,1,2,3,4,5,6,7]","[0,1,2,3,4,6,27,31]"
n331357,25,0.25,32,8,6,10,2,2,0.6,"[0,1,2,3,4,5,6,7]","[0,1,2,3,4,5,21,27]"
n331357,26,0.25,32,8,6,10,2,2,0.6,"[0,1,2,3,4,5,6,7]","[0,1,2,3,4,6,29,31]"
n331357,27,0.25,32,8,5,11,3,3,0.45454545454545453,"[0,1,2,3,4,5,6,7]","[0,1,2,4,5,9,23,29]"
n331357,28,0.25,32,8,6,10,2,2,0.6,"[0,1,2,3,4,5,6,7]","[0,1,2,4,5,6,21,30]"
n331357,29,0.25,32,8,6,10,2,2,0.6,"[0,1,2,3,4,5,6,7]","[0,1,2,3,4,5,25,29]"
n331357,30,0.25,32,8,5,11,3,3,0.45454545454545453,"[0,1,2,3,4,5,6,7]","[0,1,2,3,6,8,25,30]"
n331357,31,0.25,32,8,5,11,3,3,0.45454545454545453,"[0,1,2,3,4,5,6,7]","[0,1,2,3,4,8,26,28]"
n51002,0,0.25,34,8,6,10,2,2,0.6,"[0,1,2,3,4,5,6,7]","[0,3,4,5,6,7,11,32]"
n51002,1,0.25,34,8,5,11,3,3,0.45454545454545453,"[0,1,2,3,4,5,6,7]","[0,1,2,3,5,8,31,32]"
n51002,2,0.25,34,8,5,11,3,3,0.45454545454545453,"[0,1,2,3,4,5,6,7]","[0,1,3,5,7,8,24,33]"
n51002,3,0.25,34,8,5,11,3,3,0.45454545454545453,"[0,1,2,3,4,5,6,7]","[0,1,2,3,4,8,29,33]"
n51002,4,0.25,34,8,5,11,3,3,0.45454545454545453,"[0,1,2,3,4,5,6,7]","[0,1,2,5,6,11,31,33]"
n51002,5,0.25,34,8,5,11,3,3,0.45454545454545453,"[0,1,2,3,4,5,6,7]","[0,1,3,4,5,8,27,29]"
n51002,6,0.25,34,8,5,11,3,3,0.45454545454545453,"[0,1,2,3,4,5,6,7]","[0,1,2,3,5,10,27,33]"
n51002,7,0.25,34,8,6,10,2,2,0.6,"[0,1,2,3,4,5,6,7]","[0,1,2,3,5,6,28,32]"
n51002,8,0.25,34,8,5,11,3,3,0.45454545454545453,"[0,1,2,3,4,5,6,7]","[0,1,2,3,7,9,27,33]"
n51002,9,0.25,34,8,5,11,3,3,0.45454545454545453,"[0,1,2,3,4,5,6,7]","[0,1,2,4,5,8,27,32]"
n51002,10,0.25,34,8,6,10,2,2,0.6,"[0,1,2,3,4,5,6,7]","[0,1,2,3,4,7,28,32]"
n51002,11,0.25,34,8,5,11,3,3,0.45454545454545453,"[0,1,2,3,4,5,6,7]","[0,1,3,4,6,9,27,33]"
n51002,12,0.25,34,8,6,10,2,2,0.6,"[0,1,2,3,4,5,6,7]","[0,2,3,4,6,7,28,32]"
n51002,13,0.25,34,8,5,11,3,3,0.45454545454545453,"[0,1,2,3,4,5,6,7]","[0,1,3,4,5,8,28,33]"
n51002,14,0.25,34,8,6,10,2,2,0.6,"[0,1,2,3,4,5,6,7]","[0,1,2,3,4,6,28,33]"
n51002,15,0.25,34,8,6,10,2,2,0.6,"[0,1,2,3,4,5,6,7]","[0,1,2,3,4,6,27,33]"
n51002,16,0.25,34,8,6,10,2,2,0.6,"[0,1,2,3,4,5,6,7]","[0,1,2,4,5,6,24,28]"
n51002,17,0.25,34,8,6,10,2,2,0.6,"[0,1,2,3,4,5,6,7]","[0,1,2,3,4,5,27,33]"
n51002,18,0.25,34,8,6,10,2,2,0.6,"[0,1,2,3,4,5,6,7]","[0,1,2,3,4,5,27,33]"
n51002,19,0.25,34,8,6,10,2,2,0.6,"[0,1,2,3,4,5,6,7]","[0,1,2,3,5,7,27,33]"
n51002,20,0.25,34,8,5,11,3,3,0.45454545454545453,"[0,1,2,3,4,5,6,7]","[0,1,2,3,4,9,23,32]"
n51002,21,0.25,34,8,6,10,2,2,0.6,"[0,1,2,3,4,5,6,7]","[0,1,2,3,4,7,23,32]"
n51002,22,0.25,34,8,6,10,2,2,0.6,"[0,1,2,3,4,5,6,7]","[0,1,2,3,4,5,23,32]"
n51002,23,0.25,34,8,6,10,2,2,0.6,"[0,1,2,3,4,5,6,7]","[0,1,2,3,4,5,24,33]"
n51002,24,0.25,34,8,5,11,3,3,0.45454545454545453,"[0,1,2,3,4,5,6,7]","[0,1,2,3,4,9,24,33]"
n51002,25,0.25,34,8,5,11,3,3,0.45454545454545453,"[0,1,2,3,4,5,6,7]","[0,1,2,3,4,8,27,32]"
n51002,26,0.25,34,8,5,11,3,3,0.45454545454545453,"[0,1,2,3,4,5,6,7]","[0,1,2,3,5,11,28,33]"
n51002,27,0.25,34,8,4,12,4,4,0.3333333333333333,"[0,1,2,3,4,5,6,7]","[0,2,3,5,9,11,30,33]"
n51002,28,0.25,34,8,6,10,2,2,0.6,"[0,1,2,3,4,5,6,7]","[0,1,2,3,6,7,29,32]"
n51002,29,0.25,34,8,5,11,3,3,0.45454545454545453,"[0,1,2,3,4,5,6,7]","[0,1,2,3,5,9,29,33]"
n51002,30,0.25,34,8,4,12,4,4,0.3333333333333333,"[0,1,2,3,4,5,6,7]","[0,1,5,6,13,17,29,33]"
n51002,31,0.25,34,8,3,13,5,5,0.23076923076923078,"[0,1,2,3,4,5,6,7]","[0,2,6,8,12,16,28,31]"
n244826,0,0.25,31,8,5,11,3,3,0.45454545454545453,"[0,1,2,3,4,5,6,7]","[0,3,4,5,6,9,11,24]"
n244826,1,0.25,31,8,6,10,2,2,0.6,"[0,1,2,3,4,5,6,7]","[0,1,2,3,5,6,17,28]"
n244826,2,0.25,31,8,6,10,2,2,0.6,"[0,1,2,3,4,5,6,7]","[0,1,2,3,4,5,17,30]"
n244826,3,0.25,31,8,6,10,2,2,0.6,"[0,1,2,3,4,5,6,7]","[0,1,2,3,4,6,17,24]"
n244826,4,0.25,31,8,6,10,2,2,0.6,"[0,1,2,3,4,5,6,7]","[0,1,2,3,4,5,25,29]"
n244826,5,0.25,31,8,6,10,2,2,0.6,"[0,1,2,3,4,5,6,7]","[0,1,2,3,4,6,21,25]"
n244826,6,0.25,31,8,6,10,2,2,0.6,"[0,1,2,3,4,5,6,7]","[0,1,2,3,4,5,23,26]"
n244826,7,0.25,31,8,6,10,2,2,0.6,"[0,1,2,3,4,5,6,7]","[0,1,2,3,4,6,24,28]"
n244826,8,0.25,31,8,6,10,2,2,0.6,"[0,1,2,3,4,5,6,7]","[0,1,2,3,4,6,23,28]"
n244826,9,0.25,31,8,5,11,3,3,0.45454545454545453,"[0,1,2,3,4,5,6,7]","[0,1,3,4,5,8,22,29]"
n244826,10,0.25,31,8,5,11,3,3,0.45454545454545453,"[0,1,2,3,4,5,6,7]","[0,1,2,3,5,9,22,29]"
n244826,11,0.25,31,8,6,10,2,2,0.6,"[0,1,2,3,4,5,6,7]","[0,1,2,3,4,5,19,29]"
n244826,12,0.25,31,8,5,11,3,3,0.45454545454545453,"[0,1,2,3,4,5,6,7]","[0,1,2,3,5,8,23,29]"
n244826,13,0.25,31,8,5,11,3,3,0.45454545454545453,"[0,1,2,3,4,5,6,7]","[0,1,2,3,4,9,22,30]"
n244826,14,0.25,31,8,6,10,2,2,0.6,"[0,1,2,3,4,5,6,7]","[0,1,2,3,4,6,21,28]"
n244826,15,0.25,31,8,6,10,2,2,0.6,"[0,1,2,3,4,5,6,7]","[0,1,2,3,4,6,22,30]"
n244826,16,0.25,31,8,6,10,2,2,0.6,"[0,1,2,3,4,5,6,7]","[0,1,2,3,4,6,18,23]"
n244826,17,0.25,31,8,6,10,2,2,0.6,"[0,1,2,3,4,5,6,7]","[0,1,2,3,4,5,20,30]"
n244826,18,0.25,31,8,6,10,2,2,0.6,"[0,1,2,3,4,5,6,7]","[0,1,2,3,5,7,20,29]"
n244826,19,0.25,31,8,6,10,2,2,0.6,"[0,1,2,3,4,5,6,7]","[0,1,2,3,5,7,22,29]"
n244826,20,0.25,31,8,6,10,2,2,0.6,"[0,1,2,3,4,5,6,7]","[0,1,3,4,5,6,19,29]"
n244826,21,0.25,31,8,6,10,2,2,0.6,"[0,1,2,3,4,5,6,7]","[0,1,2,3,5,7,17,28]"
n244826,22,0.25,31,8,6,10,2,2,0.6,"[0,1,2,3,4,5,6,7]","[0,1,2,3,5,7,17,29]"
n244826,23,0.25,31,8,6,10,2,2,0.6,"[0,1,2,3,4,5,6,7]","[0,1,2,3,4,7,20,29]"
n244826,24,0.25,31,8,5,11,3,3,0.45454545454545453,"[0,1,2,3,4,5,6,7]","[0,1,2,3,4,8,16,28]"
n244826,25,0.25,31,8,6,10,2,2,0.6,"[0,1,2,3,4,5,6,7]","[0,1,2,3,4,5,14,28]"
n244826,26,0.25,31,8,6,10,2,2,0.6,"[0,1,2,3,4,5,6,7]","[0,1,2,3,4,6,18,29]"
n244826,27,0.25,31,8,5,11,3,3,0.45454545454545453,"[0,1,2,3,4,5,6,7]","[0,1,2,3,5,10,23,30]"
n244826,28,0.25,31,8,6,10,2,2,0.6,"[0,1,2,3,4,5,6,7]","[0,1,2,3,4,5,23,29]"
n244826,29,0.25,31,8,6,10,2,2,0.6,"[0,1,2,3,4,5,6,7]","[0,1,2,3,4,5,24,30]"
n244826,30,0.25,31,8,6,10,2,2,0.6,"[0,1,2,3,4,5,6,7]","[0,1,2,3,4,5,23,29]"
n244826,31,0.25,31,8,6,10,2,2,0.6,"[0,1,2,3,4,5,6,7]","[0,1,2,3,4,6,14,26]"
n470131,0,0.25,34,8,5,11,3,3,0.45454545454545453,"[0,1,2,3,4,5,6,7]","[0,3,4,6,7,8,9,22]"
n470131,1,0.25,34,8,6,10,2,2,0.6,"[0,1,2,3,4,5,6,7]","[0,1,2,3,4,6,8,33]"
n470131,2,0.25,34,8,6,10,2,2,0.6,"[0,1,2,3,4,5,6,7]","[0,1,2,3,4,5,13,33]"
n470131,3,0.25,34,8,6,10,2,2,0.6,"[0,1,2,3,4,5,6,7]","[0,1,2,3,4,5,27,30]"
n470131,4,0.25,34,8,6,10,2,2,0.6,"[0,1,2,3,4,5,6,7]","[0,1,2,3,5,7,25,29]"
n470131,5,0.25,34,8,5,11,3,3,0.45454545454545453,"[0,1,2,3,4,5,6,7]","[0,1,2,3,4,8,24,33]"
n470131,6,0.25,34,8,6,10,2,2,0.6,"[0,1,2,3,4,5,6,7]","[0,1,2,3,4,5,26,28]"
n470131,7,0.25,34,8,6,10,2,2,0.6,"[0,1,2,3,4,5,6,7]","[0,1,2,3,4,6,29,31]"
n470131,8,0.25,34,8,5,11,3,3,0.45454545454545453,"[0,1,2,3,4,5,6,7]","[0,1,2,3,4,9,28,32]"
n470131,9,0.25,34,8,6,10,2,2,0.6,"[0,1,2,3,4,5,6,7]","[0,1,2,3,4,6,29,32]"
n470131,10,0.25,34,8,6,10,2,2,0.6,"[0,1,2,3,4,5,6,7]","[0,1,2,3,4,5,29,32]"
n470131,11,0.25,34,8,5,11,3,3,0.45454545454545453,"[0,1,2,3,4,5,6,7]","[0,1,2,3,4,9,29,33]"
n470131,12,0.25,34,8,5,11,3,3,0.45454545454545453,"[0,1,2,3,4,5,6,7]","[0,1,2,4,5,10,29,32]"
n470131,13,0.25,34,8,6,10,2,2,0.6,"[0,1,2,3,4,5,6,7]","[0,1,2,3,5,7,29,33]"
n470131,14,0.25,34,8,5,11,3,3,0.45454545454545453,"[0,1,2,3,4,5,6,7]","[0,1,2,3,4,9,29,33]"
n470131,15,0.25,34,8,6,10,2,2,0.6,"[0,1,2,3,4,5,6,7]","[0,1,2,3,5,6,25,33]"
n470131,16,0.25,34,8,5,11,3,3,0.45454545454545453,"[0,1,2,3,4,5,6,7]","[0,1,2,3,7,12,26,33]"
n470131,17,0.25,34,8,6,10,2,2,0.6,"[0,1,2,3,4,5,6,7]","[0,1,2,3,4,5,29,33]"
n470131,18,0.25,34,8,6,10,2,2,0.6,"[0,1,2,3,4,5,6,7]","[0,1,2,3,4,5,25,32]"
n470131,19,0.25,34,8,5,11,3,3,0.45454545454545453,"[0,1,2,3,4,5,6,7]","[0,1,2,3,6,10,28,33]"
n470131,20,0.25,34,8,6,10,2,2,0.6,"[0,1,2,3,4,5,6,7]","[0,1,2,3,4,7,27,32]"
n470131,21,0.25,34,8,5,11,3,3,0.45454545454545453,"[0,1,2,3,4,5,6,7]","[0,1,2,3,6,9,27,33]"
n470131,22,0.25,34,8,6,10,2,2,0.6,"[0,1,2,3,4,5,6,7]","[0,1,3,4,5,7,26,33]"
n470131,23,0.25,34,8,6,10,2,2,0.6,"[0,1,2,3,4,5,6,7]","[0,1,2,3,5,7,28,33]"
n470131,24,0.25,34,8,6,10,2,2,0.6,"[0,1,2,3,4,5,6,7]","[0,1,2,3,4,5,26,33]"
n470131,25,0.25,34,8,6,10,2,2,0.6,"[0,1,2,3,4,5,6,7]","[0,1,2,3,4,6,17,33]"
n470131,26,0.25,34,8,5,11,3,3,0.45454545454545453,"[0,1,2,3,4,5,6,7]","[0,1,3,4,7,8,25,33]"
n470131,27,0.25,34,8,6,10,2,2,0.6,"[0,1,2,3,4,5,6,7]","[0,1,2,3,4,6,26,33]"
n470131,28,0.25,34,8,5,11,3,3,0.45454545454545453,"[0,1,2,3,4,5,6,7]","[0,1,2,3,6,12,26,28]"
n470131,29,0.25,34,8,6,10,2,2,0.6,"[0,1,2,3,4,5,6,7]","[0,1,2,3,4,6,25,33]"
n470131,30,0.25,34,8,6,10,2,2,0.6,"[0,1,2,3,4,5,6,7]","[0,1,2,3,4,6,30,33]"
n470131,31,0.25,34,8,6,10,2,2,0.6,"[0,1,2,3,4,5,6,7]","[0,1,2,3,5,6,18,30]"
n195249,0,0.25,29,7,4,10,3,3,0.4,"[0,1,2,3,4,5,6]","[0,4,5,6,7,10,11]"
n195249,1,0.25,29,7,5,9,2,2,0.5555555555555556,"[0,1,2,3,4,5,6]","[0,1,2,3,5,17,27]"
n195249,2,0.25,29,7,5,9,2,2,0.5555555555555556,"[0,1,2,3,4,5,6]","[0,1,2,3,4,15,26]"
n195249,3,0.25,29,7,5,9,2,2,0.5555555555555556,"[0,1,2,3,4,5,6]","[0,1,2,3,4,15,23]"
n195249,4,0.25,29,7,5,9,2,2,0.5555555555555556,"[0,1,2,3,4,5,6]","[0,1,2,3,4,18,22]"
n195249,5,0.25,29,7,5,9,2,2,0.5555555555555556,"[0,1,2,3,4,5,6]","[0,1,2,3,5,18,24]"
n195249,6,0.25,29,7,5,9,2,2,0.5555555555555556,"[0,1,2,3,4,5,6]","[0,1,2,3,5,20,22]"
n195249,7,0.25,29,7,4,10,3,3,0.4,"[0,1,2,3,4,5,6]","[0,1,2,4,8,20,26]"
n195249,8,0.25,29,7,4,10,3,3,0.4,"[0,1,2,3,4,5,6]","[0,1,2,3,7,20,26]"
n195249,9,0.25,29,7,5,9,2,2,0.5555555555555556,"[0,1,2,3,4,5,6]","[0,1,2,3,6,20,27]"
n195249,10,0.25,29,7,5,9,2,2,0.5555555555555556,"[0,1,2,3,4,5,6]","[0,1,2,3,5,20,25]"
n195249,11,0.25,29,7,4,10,3,3,0.4,"[0,1,2,3,4,5,6]","[0,1,2,3,7,21,27]"
n195249,12,0.25,29,7,5,9,2,2,0.5555555555555556,"[0,1,2,3,4,5,6]","[0,1,3,5,6,19,28]"
n195249,13,0.25,29,7,5,9,2,2,0.5555555555555556,"[0,1,2,3,4,5,6]","[0,1,2,3,4,21,28]"
n195249,14,0.25,29,7,5,9,2,2,0.5555555555555556,"[0,1,2,3,4,5,6]","[0,1,2,3,4,20,26]"
n195249,15,0.25,29,7,5,9,2,2,0.5555555555555556,"[0,1,2,3,4,5,6]","[0,1,2,3,4,19,27]"
n195249,16,0.25,29,7,5,9,2,2,0.5555555555555556,"[0,1,2,3,4,5,6]","[0,1,2,3,5,19,25]"
n195249,17,0.25,29,7,5,9,2,2,0.5555555555555556,"[0,1,2,3,4,5,6]","[0,1,2,3,5,20,27]"
n195249,18,0.25,29,7,5,9,2,2,0.5555555555555556,"[0,1,2,3,4,5,6]","[0,1,2,3,5,18,26]"
n195249,19,0.25,29,7,5,9,2,2,0.5555555555555556,"[0,1,2,3,4,5,6]","[0,1,2,3,4,18,25]"
n195249,20,0.25,29,7,4,10,3,3,0.4,"[0,1,2,3,4,5,6]","[0,1,2,4,7,16,23]"
n195249,21,0.25,29,7,5,9,2,2,0.5555555555555556,"[0,1,2,3,4,5,6]","[0,1,2,3,5,14,22]"
n195249,22,0.25,29,7,5,9,2,2,0.5555555555555556,"[0,1,2,3,4,5,6]","[0,1,2,3,4,16,23]"
n195249,23,0.25,29,7,5,9,2,2,0.5555555555555556,"[0,1,2,3,4,5,6]","[0,1,2,4,6,17,23]"
n195249,24,0.25,29,7,5,9,2,2,0.5555555555555556,"[0,1,2,3,4,5,6]","[0,1,2,3,4,12,19]"
n195249,25,0.25,29,7,5,9,2,2,0.5555555555555556,"[0,1,2,3,4,5,6]","[0,1,2,5,6,13,24]"
n195249,26,0.25,29,7,5,9,2,2,0.5555555555555556,"[0,1,2,3,4,5,6]","[0,1,2,3,4,16,26]"
n195249,27,0.25,29,7,3,11,4,4,0.2727272727272727,"[0,1,2,3,4,5,6]","[0,4,6,7,9,19,27]"
n195249,28,0.25,29,7,4,10,3,3,0.4,"[0,1,2,3,4,5,6]","[0,2,3,4,10,20,25]"
n195249,29,0.25,29,7,5,9,2,2,0.5555555555555556,"[0,1,2,3,4,5,6]","[0,1,3,4,5,17,28]"
n195249,30,0.25,29,7,4,10,3,3,0.4,"[0,1,2,3,4,5,6]","[0,2,4,6,7,19,24]"
n195249,31,0.25,29,7,4,10,3,3,0.4,"[0,1,2,3,4,5,6]","[0,1,2,3,10,19,23]"
n281241,0,0.25,34,8,4,12,4,4,0.3333333333333333,"[0,1,2,3,4,5,6,7]","[0,3,4,5,9,11,12,21]"
n281241,1,0.25,34,8,6,10,2,2,0.6,"[0,1,2,3,4,5,6,7]","[0,1,2,3,4,5,11,32]"
n281241,2,0.25,34,8,5,11,3,3,0.45454545454545453,"[0,1,2,3,4,5,6,7]","[0,1,3,4,5,8,12,32]"
n281241,3,0.25,34,8,6,10,2,2,0.6,"[0,1,2,3,4,5,6,7]","[0,1,2,3,4,7,31,32]"
n281241,4,0.25,34,8,4,12,4,4,0.3333333333333333,"[0,1,2,3,4,5,6,7]","[0,1,2,3,8,9,25,30]"
n281241,5,0.25,34,8,6,10,2,2,0.6,"[0,1,2,3,4,5,6,7]","[0,1,2,3,4,6,28,33]"
n281241,6,0.25,34,8,5,11,3,3,0.45454545454545453,"[0,1,2,3,4,5,6,7]","[0,1,2,3,4,10,27,33]"
n281241,7,0.25,34,8,5,11,3,3,0.45454545454545453,"[0,1,2,3,4,5,6,7]","[0,1,2,3,4,10,30,32]"
n281241,8,0.25,34,8,6,10,2,2,0.6,"[0,1,2,3,4,5,6,7]","[0,1,2,3,4,5,29,33]"
n281241,9,0.25,34,8,5,11,3,3,0.45454545454545453,"[0,1,2,3,4,5,6,7]","[0,1,2,4,6,8,30,32]"
n281241,10,0.25,34,8,6,10,2,2,0.6,"[0,1,2,3,4,5,6,7]","[0,1,2,3,4,5,29,33]"
n281241,11,0.25,34,8,5,11,3,3,0.45454545454545453,"[0,1,2,3,4,5,6,7]","[0,1,4,5,7,9,26,33]"
n281241,12,0.25,34,8,4,12,4,4,0.3333333333333333,"[0,1,2,3,4,5,6,7]","[0,3,5,7,9,15,27,33]"
n281241,13,0.25,34,8,4,12,4,4,0.3333333333333333,"[0,1,2,3,4,5,6,7]","[0,3,6,7,10,13,30,33]"
n281241,14,0.25,34,8,3,13,5,5,0.23076923076923078,"[0,1,2,3,4,5,6,7]","[0,6,7,9,10,12,24,33]"
n281241,15,0.25,34,8,5,11,3,3,0.45454545454545453,"[0,1,2,3,4,5,6,7]","[0,1,4,5,6,8,28,32]"
n281241,16,0.25,34,8,6,10,2,2,0.6,"[0,1,2,3,4,5,6,7]","[0,3,4,5,6,7,20,33]"
n281241,17,0.25,34,8,4,12,4,4,0.3333333333333333,"[0,1,2,3,4,5,6,7]","[0,3,4,6,10,17,31,33]"
n281241,18,0.25,34,8,4,12,4,4,0.3333333333333333,"[0,1,2,3,4,5,6,7]","[0,2,3,5,8,9,31,33]"
n281241,19,0.25,34,8,4,12,4,4,0.3333333333333333,"[0,1,2,3,4,5,6,7]","[0,1,3,5,8,10,27,33]"
n281241,20,0.25,34,8,5,11,3,3,0.45454545454545453,"[0,1,2,3,4,5,6,7]","[0,1,2,5,7,10,17,32]"
n281241,21,0.25,34,8,5,11,3,3,0.45454545454545453,"[0,1,2,3,4,5,6,7]","[0,1,2,3,4,10,22,33]"
n281241,22,0.25,34,8,6,10,2,2,0.6,"[0,1,2,3,4,5,6,7]","[0,2,3,4,5,7,25,33]"
n281241,23,0.25,34,8,5,11,3,3,0.45454545454545453,"[0,1,2,3,4,5,6,7]","[0,1,2,5,6,11,31,32]"
n281241,24,0.25,34,8,5,11,3,3,0.45454545454545453,"[0,1,2,3,4,5,6,7]","[0,1,2,3,6,11,26,33]"
n281241,25,0.25,34,8,5,11,3,3,0.45454545454545453,"[0,1,2,3,4,5,6,7]","[0,1,2,3,6,14,28,33]"
n281241,26,0.25,34,8,5,11,3,3,0.45454545454545453,"[0,1,2,3,4,5,6,7]","[0,1,3,4,5,8,26,33]"
n281241,27,0.25,34,8,3,13,5,5,0.23076923076923078,"[0,1,2,3,4,5,6,7]","[0,1,3,8,9,11,25,31]"
n281241,28,0.25,34,8,5,11,3,3,0.45454545454545453,"[0,1,2,3,4,5,6,7]","[0,1,2,3,4,13,21,32]"
n281241,29,0.25,34,8,5,11,3,3,0.45454545454545453,"[0,1,2,3,4,5,6,7]","[0,1,3,4,6,11,29,30]"
n281241,30,0.25,34,8,5,11,3,3,0.45454545454545453,"[0,1,2,3,4,5,6,7]","[0,1,3,5,6,15,25,33]"
n281241,31,0.25,34,8,4,12,4,4,0.3333333333333333,"[0,1,2,3,4,5,6,7]","[0,2,4,5,8,17,24,31]"
n90294,0,0.25,37,9,7,11,2,2,0.6363636363636364,"[0,1,2,3,4,5,6,7,8]","[0,2,3,4,5,7,8,12,14]"
n90294,1,0.25,37,9,7,11,2,2,0.6363636363636364,"[0,1,2,3,4,5,6,7,8]","[0,1,2,3,5,6,8,31,36]"
n90294,2,0.25,37,9,6,12,3,3,0.5,"[0,1,2,3,4,5,6,7,8]","[0,2,3,4,7,8,11,24,35]"
n90294,3,0.25,37,9,7,11,2,2,0.6363636363636364,"[0,1,2,3,4,5,6,7,8]","[0,1,2,3,4,5,6,28,36]"
n90294,4,0.25,37,9,6,12,3,3,0.5,"[0,1,2,3,4,5,6,7,8]","[0,1,3,4,5,6,11,32,36]"
n90294,5,0.25,37,9,7,11,2,2,0.6363636363636364,"[0,1,2,3,4,5,6,7,8]","[0,1,3,4,6,7,8,26,33]"
n90294,6,0.25,37,9,6,12,3,3,0.5,"[0,1,2,3,4,5,6,7,8]","[0,1,2,4,5,6,11,32,36]"
n90294,7,0.25,37,9,7,11,2,2,0.6363636363636364,"[0,1,2,3,4,5,6,7,8]","[0,1,2,3,4,5,7,30,35]"
n90294,8,0.25,37,9,7,11,2,2,0.6363636363636364,"[0,1,2,3,4,5,6,7,8]","[0,1,2,3,5,6,8,34,36]"
n90294,9,0.25,37,9,5,13,4,4,0.38461538461538464,"[0,1,2,3,4,5,6,7,8]","[0,1,2,3,7,10,12,28,32]"
n90294,10,0.25,37,9,6,12,3,3,0.5,"[0,1,2,3,4,5,6,7,8]","[0,1,2,3,4,8,9,31,35]"
n90294,11,0.25,37,9,6,12,3,3,0.5,"[0,1,2,3,4,5,6,7,8]","[0,1,2,3,5,8,9,27,34]"
n90294,12,0.25,37,9,5,13,4,4,0.38461538461538464,"[0,1,2,3,4,5,6,7,8]","[0,2,3,4,8,9,11,29,35]"
n90294,13,0.25,37,9,6,12,3,3,0.5,"[0,1,2,3,4,5,6,7,8]","[0,1,2,3,4,8,9,28,34]"
n90294,14,0.25,37,9,7,11,2,2,0.6363636363636364,"[0,1,2,3,4,5,6,7,8]","[0,1,2,3,4,6,8,27,33]"
n90294,15,0.25,37,9,6,12,3,3,0.5,"[0,1,2,3,4,5,6,7,8]","[0,1,2,3,5,6,11,27,34]"
n90294,16,0.25,37,9,7,11,2,2,0.6363636363636364,"[0,1,2,3,4,5,6,7,8]","[0,1,2,3,4,5,6,19,33]"
n90294,17,0.25,37,9,6,12,3,3,0.5,"[0,1,2,3,4,5,6,7,8]","[0,1,2,3,4,5,10,28,34]"
n90294,18,0.25,37,9,5,13,4,4,0.38461538461538464,"[0,1,2,3,4,5,6,7,8]","[0,1,2,4,5,9,10,25,36]"
n90294,19,0.25,37,9,6,12,3,3,0.5,"[0,1,2,3,4,5,6,7,8]","[0,1,2,3,6,8,11,28,35]"
n90294,20,0.25,37,9,6,12,3,3,0.5,"[0,1,2,3,4,5,6,7,8]","[0,1,2,3,6,8,14,27,31]"
n90294,21,0.25,37,9,6,12,3,3,0.5,"[0,1,2,3,4,5,6,7,8]","[0,1,2,3,4,5,13,24,27]"
n90294,22,0.25,37,9,7,11,2,2,0.6363636363636364,"[0,1,2,3,4,5,6,7,8]","[0,1,2,3,5,6,7,27,34]"
n90294,23,0.25,37,9,7,11,2,2,0.6363636363636364,"[0,1,2,3,4,5,6,7,8]","[0,1,2,3,4,5,7,25,35]"
n90294,24,0.25,37,9,7,11,2,2,0.6363636363636364,"[0,1,2,3,4,5,6,7,8]","[0,1,2,3,5,6,8,22,32]"
n90294,25,0.25,37,9,6,12,3,3,0.5,"[0,1,2,3,4,5,6,7,8]","[0,1,2,3,5,7,12,33,34]"
n90294,26,0.25,37,9,7,11,2,2,0.6363636363636364,"[0,1,2,3,4,5,6,7,8]","[0,1,2,3,5,6,7,25,36]"
n90294,27,0.25,37,9,6,12,3,3,0.5,"[0,1,2,3,4,5,6,7,8]","[0,1,2,3,7,8,14,25,34]"
n90294,28,0.25,37,9,6,12,3,3,0.5,"[0,1,2,3,4,5,6,7,8]","[0,1,2,3,4,6,9,31,34]"
n90294,29,0.25,37,9,5,13,4,4,0.38461538461538464,"[0,1,2,3,4,5,6,7,8]","[0,1,2,4,5,12,18,29,36]"
n90294,30,0.25,37,9,5,13,4,4,0.38461538461538464,"[0,1,2,3,4,5,6,7,8]","[0,1,2,4,6,11,12,28,36]"
n90294,31,0.25,37,9,5,13,4,4,0.38461538461538464,"[0,1,2,3,4,5,6,7,8]","[0,1,2,4,7,9,12,28,36]"
n16425,0,0.25,39,10,7,13,3,3,0.5384615384615384,"[0,1,2,3,4,5,6,7,8,9]","[0,2,3,4,5,6,8,10,12,14]"
n16425,1,0.25,39,10,7,13,3,3,0.5384615384615384,"[0,1,2,3,4,5,6,7,8,9]","[0,1,2,3,4,6,7,10,37,38]"
n16425,2,0.25,39,10,8,12,2,2,0.6666666666666666,"[0,1,2,3,4,5,6,7,8,9]","[0,1,2,3,4,6,7,8,36,38]"
n16425,3,0.25,39,10,8,12,2,2,0.6666666666666666,"[0,1,2,3,4,5,6,7,8,9]","[0,1,2,3,4,5,6,7,23,38]"
n16425,4,0.25,39,10,8,12,2,2,0.6666666666666666,"[0,1,2,3,4,5,6,7,8,9]","[0,1,2,3,4,5,6,7,37,38]"
n16425,5,0.25,39,10,8,12,2,2,0.6666666666666666,"[0,1,2,3,4,5,6,7,8,9]","[0,1,2,3,4,6,7,8,35,38]"
n16425,6,0.25,39,10,8,12,2,2,0.6666666666666666,"[0,1,2,3,4,5,6,7,8,9]","[0,1,2,3,4,5,6,9,32,38]"
n16425,7,0.25,39,10,7,13,3,3,0.5384615384615384,"[0,1,2,3,4,5,6,7,8,9]","[0,1,2,3,4,5,8,10,36,38]"
n16425,8,0.25,39,10,8,12,2,2,0.6666666666666666,"[0,1,2,3,4,5,6,7,8,9]","[0,1,2,3,4,5,6,7,31,36]"
n16425,9,0.25,39,10,8,12,2,2,0.6666666666666666,"[0,1,2,3,4,5,6,7,8,9]","[0,1,2,3,4,6,7,9,35,38]"
n16425,10,0.25,39,10,8,12,2,2,0.6666666666666666,"[0,1,2,3,4,5,6,7,8,9]","[0,1,2,3,4,6,8,9,36,38]"
n16425,11,0.25,39,10,6,14,4,4,0.42857142857142855,"[0,1,2,3,4,5,6,7,8,9]","[0,1,2,3,4,7,10,12,32,35]"
n16425,12,0.25,39,10,7,13,3,3,0.5384615384615384,"[0,1,2,3,4,5,6,7,8,9]","[0,1,2,3,5,6,7,12,29,33]"
n16425,13,0.25,39,10,6,14,4,4,0.42857142857142855,"[0,1,2,3,4,5,6,7,8,9]","[0,1,2,3,5,7,10,13,20,31]"
n16425,14,0.25,39,10,7,13,3,3,0.5384615384615384,"[0,1,2,3,4,5,6,7,8,9]","[0,1,2,4,6,8,9,16,25,36]"
n16425,15,0.25,39,10,8,12,2,2,0.6666666666666666,"[0,1,2,3,4,5,6,7,8,9]","[0,1,2,3,4,5,6,8,24,31]"
n16425,16,0.25,39,10,8,12,2,2,0.6666666666666666,"[0,1,2,3,4,5,6,7,8,9]","[0,1,2,3,4,5,6,8,25,33]"
n16425,17,0.25,39,10,8,12,2,2,0.6666666666666666,"[0,1,2,3,4,5,6,7,8,9]","[0,1,2,3,4,5,6,7,33,38]"
n16425,18,0.25,39,10,8,12,2,2,0.6666666666666666,"[0,1,2,3,4,5,6,7,8,9]","[0,1,2,3,4,5,6,8,19,38]"
n16425,19,0.25,39,10,7,13,3,3,0.5384615384615384,"[0,1,2,3,4,5,6,7,8,9]","[0,1,2,3,6,7,9,11,23,38]"
n16425,20,0.25,39,10,7,13,3,3,0.5384615384615384,"[0,1,2,3,4,5,6,7,8,9]","[0,1,2,3,4,5,7,10,22,38]"
n16425,21,0.25,39,10,8,12,2,2,0.6666666666666666,"[0,1,2,3,4,5,6,7,8,9]","[0,1,2,3,4,5,6,8,36,38]"
n16425,22,0.25,39,10,8,12,2,2,0.6666666666666666,"[0,1,2,3,4,5,6,7,8,9]","[0,1,2,3,4,5,6,7,32,34]"
n16425,23,0.25,39,10,8,12,2,2,0.6666666666666666,"[0,1,2,3,4,5,6,7,8,9]","[0,1,2,3,4,5,6,7,36,38]"
n16425,24,0.25,39,10,8,12,2,2,0.6666666666666666,"[0,1,2,3,4,5,6,7,8,9]","[0,1,2,3,4,5,6,7,24,38]"
n16425,25,0.25,39,10,8,12,2,2,0.6666666666666666,"[0,1,2,3,4,5,6,7,8,9]","[0,1,2,3,4,5,6,7,14,38]"
n16425,26,0.25,39,10,8,12,2,2,0.6666666666666666,"[0,1,2,3,4,5,6,7,8,9]","[0,1,2,3,4,5,6,8,29,38]"
n16425,27,0.25,39,10,8,12,2,2,0.6666666666666666,"[0,1,2,3,4,5,6,7,8,9]","[0,1,2,4,5,6,7,8,32,38]"
n16425,28,0.25,39,10,7,13,3,3,0.5384615384615384,"[0,1,2,3,4,5,6,7,8,9]","[0,1,2,3,4,5,8,19,33,38]"
n16425,29,0.25,39,10,7,13,3,3,0.5384615384615384,"[0,1,2,3,4,5,6,7,8,9]","[0,1,2,3,4,5,8,13,37,38]"
n16425,30,0.25,39,10,8,12,2,2,0.6666666666666666,"[0,1,2,3,4,5,6,7,8,9]","[0,1,2,3,4,6,7,8,35,38]"
n16425,31,0.25,39,10,8,12,2,2,0.6666666666666666,"[0,1,2,3,4,5,6,7,8,9]","[0,1,2,3,4,5,6,7,22,38]"
n527589,0,0.25,37,9,5,13,4,4,0.38461538461538464,"[0,1,2,3,4,5,6,7,8]","[0,3,6,7,8,9,10,13,36]"
n527589,1,0.25,37,9,7,11,2,2,0.6363636363636364,"[0,1,2,3,4,5,6,7,8]","[0,1,2,3,4,5,6,13,36]"
n527589,2,0.25,37,9,7,11,2,2,0.6363636363636364,"[0,1,2,3,4,5,6,7,8]","[0,1,3,4,5,6,7,15,36]"
n527589,3,0.25,37,9,6,12,3,3,0.5,"[0,1,2,3,4,5,6,7,8]","[0,1,2,3,4,5,10,30,36]"
n527589,4,0.25,37,9,7,11,2,2,0.6363636363636364,"[0,1,2,3,4,5,6,7,8]","[0,1,2,3,4,6,7,31,36]"
n527589,5,0.25,37,9,7,11,2,2,0.6363636363636364,"[0,1,2,3,4,5,6,7,8]","[0,1,2,3,4,5,6,27,30]"
n527589,6,0.25,37,9,7,11,2,2,0.6363636363636364,"[0,1,2,3,4,5,6,7,8]","[0,1,2,3,4,5,6,31,33]"
n527589,7,0.25,37,9,6,12,3,3,0.5,"[0,1,2,3,4,5,6,7,8]","[0,1,2,3,4,5,9,33,35]"
n527589,8,0.25,37,9,7,11,2,2,0.6363636363636364,"[0,1,2,3,4,5,6,7,8]","[0,1,2,4,5,6,7,35,36]"
n527589,9,0.25,37,9,7,11,2,2,0.6363636363636364,"[0,1,2,3,4,5,6,7,8]","[0,1,2,3,4,5,6,30,34]"
n527589,10,0.25,37,9,7,11,2,2,0.6363636363636364,"[0,1,2,3,4,5,6,7,8]","[0,1,2,3,4,5,7,33,34]"
n527589,11,0.25,37,9,6,12,3,3,0.5,"[0,1,2,3,4,5,6,7,8]","[0,1,2,4,7,8,12,30,34]"
n527589,12,0.25,37,9,6,12,3,3,0.5,"[0,1,2,3,4,5,6,7,8]","[0,1,2,3,5,6,9,31,36]"
n527589,13,0.25,37,9,5,13,4,4,0.38461538461538464,"[0,1,2,3,4,5,6,7,8]","[0,1,2,5,6,9,11,24,36]"
n527589,14,0.25,37,9,6,12,3,3,0.5,"[0,1,2,3,4,5,6,7,8]","[0,1,3,5,6,8,11,27,35]"
n527589,15,0.25,37,9,7,11,2,2,0.6363636363636364,"[0,1,2,3,4,5,6,7,8]","[0,1,2,3,6,7,8,31,36]"
n527589,16,0.25,37,9,7,11,2,2,0.6363636363636364,"[0,1,2,3,4,5,6,7,8]","[0,1,2,3,4,5,6,30,36]"
n527589,17,0.25,37,9,7,11,2,2,0.6363636363636364,"[0,1,2,3,4,5,6,7,8]","[0,1,3,4,5,6,7,28,34]"
n527589,18,0.25,37,9,7,11,2,2,0.6363636363636364,"[0,1,2,3,4,5,6,7,8]","[0,1,2,3,5,6,7,30,34]"
n527589,19,0.25,37,9,6,12,3,3,0.5,"[0,1,2,3,4,5,6,7,8]","[0,1,2,3,4,7,10,30,36]"
n527589,20,0.25,37,9,7,11,2,2,0.6363636363636364,"[0,1,2,3,4,5,6,7,8]","[0,1,2,3,4,5,7,31,36]"
n527589,21,0.25,37,9,7,11,2,2,0.6363636363636364,"[0,1,2,3,4,5,6,7,8]","[0,1,2,3,4,5,6,23,36]"
n527589,22,0.25,37,9,7,11,2,2,0.6363636363636364,"[0,1,2,3,4,5,6,7,8]","[0,1,2,3,4,6,8,29,32]"
n527589,23,0.25,37,9,7,11,2,2,0.6363636363636364,"[0,1,2,3,4,5,6,7,8]","[0,1,2,3,4,5,7,29,36]"
n527589,24,0.25,37,9,7,11,2,2,0.6363636363636364,"[0,1,2,3,4,5,6,7,8]","[0,1,2,3,5,6,7,31,33]"
n527589,25,0.25,37,9,7,11,2,2,0.6363636363636364,"[0,1,2,3,4,5,6,7,8]","[0,1,2,3,4,6,8,34,36]"
n527589,26,0.25,37,9,6,12,3,3,0.5,"[0,1,2,3,4,5,6,7,8]","[0,1,2,3,5,6,12,33,35]"
n527589,27,0.25,37,9,5,13,4,4,0.38461538461538464,"[0,1,2,3,4,5,6,7,8]","[0,1,3,5,8,14,18,35,36]"
n527589,28,0.25,37,9,4,14,5,5,0.2857142857142857,"[0,1,2,3,4,5,6,7,8]","[0,2,3,5,13,16,17,34,36]"
n527589,29,0.25,37,9,6,12,3,3,0.5,"[0,1,2,3,4,5,6,7,8]","[0,1,3,4,5,6,12,34,36]"
n527589,30,0.25,37,9,5,13,4,4,0.38461538461538464,"[0,1,2,3,4,5,6,7,8]","[0,2,3,4,5,10,15,34,36]"
n527589,31,0.25,37,9,5,13,4,4,0.38461538461538464,"[0,1,2,3,4,5,6,7,8]","[0,1,2,3,4,9,10,30,36]"
n262929,0,0.25,34,8,6,10,2,2,0.6,"[0,1,2,3,4,5,6,7]","[0,2,3,4,6,7,8,9]"
n262929,1,0.25,34,8,6,10,2,2,0.6,"[0,1,2,3,4,5,6,7]","[0,1,2,3,6,7,25,32]"
n262929,2,0.25,34,8,6,10,2,2,0.6,"[0,1,2,3,4,5,6,7]","[0,1,2,4,5,6,22,33]"
n262929,3,0.25,34,8,5,11,3,3,0.45454545454545453,"[0,1,2,3,4,5,6,7]","[0,1,2,3,4,8,28,29]"
n262929,4,0.25,34,8,6,10,2,2,0.6,"[0,1,2,3,4,5,6,7]","[0,1,2,3,5,6,28,32]"
n262929,5,0.25,34,8,6,10,2,2,0.6,"[0,1,2,3,4,5,6,7]","[0,1,2,3,4,7,28,32]"
n262929,6,0.25,34,8,6,10,2,2,0.6,"[0,1,2,3,4,5,6,7]","[0,1,2,3,5,6,30,32]"
n262929,7,0.25,34,8,6,10,2,2,0.6,"[0,1,2,3,4,5,6,7]","[0,1,2,3,4,5,31,32]"
n262929,8,0.25,34,8,6,10,2,2,0.6,"[0,1,2,3,4,5,6,7]","[0,1,2,3,4,6,30,32]"
n262929,9,0.25,34,8,5,11,3,3,0.45454545454545453,"[0,1,2,3,4,5,6,7]","[0,1,2,3,4,10,29,33]"
n262929,10,0.25,34,8,6,10,2,2,0.6,"[0,1,2,3,4,5,6,7]","[0,2,3,4,5,7,30,33]"
n262929,11,0.25,34,8,5,11,3,3,0.45454545454545453,"[0,1,2,3,4,5,6,7]","[0,1,3,6,7,10,28,31]"
n262929,12,0.25,34,8,6,10,2,2,0.6,"[0,1,2,3,4,5,6,7]","[0,2,3,4,6,7,28,33]"
n262929,13,0.25,34,8,6,10,2,2,0.6,"[0,1,2,3,4,5,6,7]","[0,2,3,4,6,7,32,33]"
n262929,14,0.25,34,8,4,12,4,4,0.3333333333333333,"[0,1,2,3,4,5,6,7]","[0,1,3,7,9,16,29,31]"
n262929,15,0.25,34,8,5,11,3,3,0.45454545454545453,"[0,1,2,3,4,5,6,7]","[0,1,3,4,5,8,26,33]"
n262929,16,0.25,34,8,5,11,3,3,0.45454545454545453,"[0,1,2,3,4,5,6,7]","[0,2,3,4,6,8,17,27]"
n262929,17,0.25,34,8,6,10,2,2,0.6,"[0,1,2,3,4,5,6,7]","[0,1,2,3,4,5,29,33]"
n262929,18,0.25,34,8,6,10,2,2,0.6,"[0,1,2,3,4,5,6,7]","[0,1,2,3,4,5,23,33]"
n262929,19,0.25,34,8,6,10,2,2,0.6,"[0,1,2,3,4,5,6,7]","[0,1,2,3,4,7,30,33]"
n262929,20,0.25,34,8,5,11,3,3,0.45454545454545453,"[0,1,2,3,4,5,6,7]","[0,1,3,4,6,8,25,33]"
n262929,21,0.25,34,8,6,10,2,2,0.6,"[0,1,2,3,4,5,6,7]","[0,1,3,4,5,7,26,33]"
n262929,22,0.25,34,8,5,11,3,3,0.45454545454545453,"[0,1,2,3,4,5,6,7]","[0,1,3,5,7,8,23,33]"
n262929,23,0.25,34,8,5,11,3,3,0.45454545454545453,"[0,1,2,3,4,5,6,7]","[0,1,2,4,6,9,29,33]"
n262929,24,0.25,34,8,6,10,2,2,0.6,"[0,1,2,3,4,5,6,7]","[0,1,2,3,5,6,26,33]"
n262929,25,0.25,34,8,6,10,2,2,0.6,"[0,1,2,3,4,5,6,7]","[0,1,2,3,4,5,26,32]"
n262929,26,0.25,34,8,6,10,2,2,0.6,"[0,1,2,3,4,5,6,7]","[0,1,2,3,4,7,28,33]"
n262929,27,0.25,34,8,5,11,3,3,0.45454545454545453,"[0,1,2,3,4,5,6,7]","[0,1,2,3,7,10,30,33]"
n262929,28,0.25,34,8,5,11,3,3,0.45454545454545453,"[0,1,2,3,4,5,6,7]","[0,1,2,3,6,9,27,33]"
n262929,29,0.25,34,8,5,11,3,3,0.45454545454545453,"[0,1,2,3,4,5,6,7]","[0,1,2,4,5,19,27,32]"
n262929,30,0.25,34,8,6,10,2,2,0.6,"[0,1,2,3,4,5,6,7]","[0,1,2,3,4,5,29,33]"
n262929,31,0.25,34,8,5,11,3,3,0.45454545454545453,"[0,1,2,3,4,5,6,7]","[0,1,2,6,7,11,28,33]"
n48494,0,0.25,23,6,3,9,3,3,0.3333333333333333,"[0,1,2,3,4,5]","[0,2,3,6,7,22]"
n48494,1,0.25,23,6,4,8,2,2,0.5,"[0,1,2,3,4,5]","[0,1,2,3,7,19]"
n48494,2,0.25,23,6,4,8,2,2,0.5,"[0,1,2,3,4,5]","[0,1,2,5,6,20]"
n48494,3,0.25,23,6,4,8,2,2,0.5,"[0,1,2,3,4,5]","[0,1,2,4,14,22]"
n48494,4,0.25,23,6,4,8,2,2,0.5,"[0,1,2,3,4,5]","[0,1,2,3,14,22]"
n48494,5,0.25,23,6,4,8,2,2,0.5,"[0,1,2,3,4,5]","[0,1,2,3,15,22]"
n48494,6,0.25,23,6,4,8,2,2,0.5,"[0,1,2,3,4,5]","[0,1,2,3,16,21]"
n48494,7,0.25,23,6,4,8,2,2,0.5,"[0,1,2,3,4,5]","[0,1,2,3,20,22]"
n48494,8,0.25,23,6,4,8,2,2,0.5,"[0,1,2,3,4,5]","[0,1,2,3,20,22]"
n48494,9,0.25,23,6,4,8,2,2,0.5,"[0,1,2,3,4,5]","[0,1,2,4,20,21]"
n48494,10,0.25,23,6,3,9,3,3,0.3333333333333333,"[0,1,2,3,4,5]","[0,2,3,6,19,22]"
n48494,11,0.25,23,6,3,9,3,3,0.3333333333333333,"[0,1,2,3,4,5]","[0,2,4,6,15,18]"
n48494,12,0.25,23,6,3,9,3,3,0.3333333333333333,"[0,1,2,3,4,5]","[0,2,3,6,20,22]"
n48494,13,0.25,23,6,4,8,2,2,0.5,"[0,1,2,3,4,5]","[0,1,2,5,16,20]"
n48494,14,0.25,23,6,3,9,3,3,0.3333333333333333,"[0,1,2,3,4,5]","[0,1,3,6,17,22]"
n48494,15,0.25,23,6,4,8,2,2,0.5,"[0,1,2,3,4,5]","[0,2,3,5,18,21]"
n48494,16,0.25,23,6,4,8,2,2,0.5,"[0,1,2,3,4,5]","[0,1,2,5,19,22]"
n48494,17,0.25,23,6,3,9,3,3,0.3333333333333333,"[0,1,2,3,4,5]","[0,1,4,7,18,21]"
n48494,18,0.25,23,6,4,8,2,2,0.5,"[0,1,2,3,4,5]","[0,1,2,4,13,22]"
n48494,19,0.25,23,6,4,8,2,2,0.5,"[0,1,2,3,4,5]","[0,1,2,4,19,22]"
n48494,20,0.25,23,6,4,8,2,2,0.5,"[0,1,2,3,4,5]","[0,1,2,3,15,21]"
n48494,21,0.25,23,6,4,8,2,2,0.5,"[0,1,2,3,4,5]","[0,1,2,3,14,22]"
n48494,22,0.25,23,6,4,8,2,2,0.5,"[0,1,2,3,4,5]","[0,1,2,5,17,22]"
n48494,23,0.25,23,6,4,8,2,2,0.5,"[0,1,2,3,4,5]","[0,1,2,3,18,20]"
n48494,24,0.25,23,6,4,8,2,2,0.5,"[0,1,2,3,4,5]","[0,1,2,3,17,22]"
n48494,25,0.25,23,6,4,8,2,2,0.5,"[0,1,2,3,4,5]","[0,1,3,5,16,21]"
n48494,26,0.25,23,6,4,8,2,2,0.5,"[0,1,2,3,4,5]","[0,1,3,5,20,21]"
n48494,27,0.25,23,6,4,8,2,2,0.5,"[0,1,2,3,4,5]","[0,1,4,5,15,22]"
n48494,28,0.25,23,6,3,9,3,3,0.3333333333333333,"[0,1,2,3,4,5]","[0,1,3,7,19,22]"
n48494,29,0.25,23,6,3,9,3,3,0.3333333333333333,"[0,1,2,3,4,5]","[0,2,3,6,20,22]"
n48494,30,0.25,23,6,3,9,3,3,0.3333333333333333,"[0,1,2,3,4,5]","[0,1,5,7,16,18]"
n48494,31,0.25,23,6,3,9,3,3,0.3333333333333333,"[0,1,2,3,4,5]","[0,3,5,8,17,19]"
n58220,0,0.25,37,9,5,13,4,4,0.38461538461538464,"[0,1,2,3,4,5,6,7,8]","[0,3,4,5,8,10,13,15,16]"
n58220,1,0.25,37,9,7,11,2,2,0.6363636363636364,"[0,1,2,3,4,5,6,7,8]","[0,1,2,3,4,5,6,25,36]"
n58220,2,0.25,37,9,7,11,2,2,0.6363636363636364,"[0,1,2,3,4,5,6,7,8]","[0,1,2,3,4,5,6,13,18]"
n58220,3,0.25,37,9,6,12,3,3,0.5,"[0,1,2,3,4,5,6,7,8]","[0,1,2,3,4,5,14,26,31]"
n58220,4,0.25,37,9,7,11,2,2,0.6363636363636364,"[0,1,2,3,4,5,6,7,8]","[0,1,2,3,5,6,7,27,32]"
n58220,5,0.25,37,9,7,11,2,2,0.6363636363636364,"[0,1,2,3,4,5,6,7,8]","[0,1,2,3,4,5,6,27,31]"
n58220,6,0.25,37,9,6,12,3,3,0.5,"[0,1,2,3,4,5,6,7,8]","[0,2,3,5,6,7,9,30,33]"
n58220,7,0.25,37,9,6,12,3,3,0.5,"[0,1,2,3,4,5,6,7,8]","[0,1,2,3,4,6,9,31,34]"
n58220,8,0.25,37,9,7,11,2,2,0.6363636363636364,"[0,1,2,3,4,5,6,7,8]","[0,1,2,3,4,5,6,30,35]"
n58220,9,0.25,37,9,6,12,3,3,0.5,"[0,1,2,3,4,5,6,7,8]","[0,1,2,4,5,8,10,31,35]"
n58220,10,0.25,37,9,7,11,2,2,0.6363636363636364,"[0,1,2,3,4,5,6,7,8]","[0,1,2,3,5,6,7,31,33]"
n58220,11,0.25,37,9,7,11,2,2,0.6363636363636364,"[0,1,2,3,4,5,6,7,8]","[0,1,2,3,4,6,8,27,36]"
n58220,12,0.25,37,9,5,13,4,4,0.38461538461538464,"[0,1,2,3,4,5,6,7,8]","[0,1,3,4,5,11,13,31,36]"
n58220,13,0.25,37,9,7,11,2,2,0.6363636363636364,"[0,1,2,3,4,5,6,7,8]","[0,1,2,3,4,5,7,29,36]"
n58220,14,0.25,37,9,5,13,4,4,0.38461538461538464,"[0,1,2,3,4,5,6,7,8]","[0,1,2,3,5,9,13,22,34]"
n58220,15,0.25,37,9,6,12,3,3,0.5,"[0,1,2,3,4,5,6,7,8]","[0,1,2,4,5,8,12,28,36]"
n58220,16,0.25,37,9,7,11,2,2,0.6363636363636364,"[0,1,2,3,4,5,6,7,8]","[0,1,2,3,4,5,6,17,31]"
n58220,17,0.25,37,9,7,11,2,2,0.6363636363636364,"[0,1,2,3,4,5,6,7,8]","[0,1,2,3,4,5,8,31,35]"
n58220,18,0.25,37,9,6,12,3,3,0.5,"[0,1,2,3,4,5,6,7,8]","[0,1,2,4,5,6,9,30,36]"
n58220,19,0.25,37,9,7,11,2,2,0.6363636363636364,"[0,1,2,3,4,5,6,7,8]","[0,1,2,3,5,6,7,30,34]"
n58220,20,0.25,37,9,6,12,3,3,0.5,"[0,1,2,3,4,5,6,7,8]","[0,1,2,3,4,7,13,26,31]"
n58220,21,0.25,37,9,7,11,2,2,0.6363636363636364,"[0,1,2,3,4,5,6,7,8]","[0,1,2,3,4,5,6,26,35]"
n58220,22,0.25,37,9,7,11,2,2,0.6363636363636364,"[0,1,2,3,4,5,6,7,8]","[0,1,2,3,5,6,7,27,32]"
n58220,23,0.25,37,9,6,12,3,3,0.5,"[0,1,2,3,4,5,6,7,8]","[0,1,2,3,4,7,10,28,35]"
n58220,24,0.25,37,9,7,11,2,2,0.6363636363636364,"[0,1,2,3,4,5,6,7,8]","[0,1,2,3,4,5,6,24,29]"
n58220,25,0.25,37,9,7,11,2,2,0.6363636363636364,"[0,1,2,3,4,5,6,7,8]","[0,1,2,3,4,5,6,24,33]"
n58220,26,0.25,37,9,6,12,3,3,0.5,"[0,1,2,3,4,5,6,7,8]","[0,1,2,4,5,7,11,27,34]"
n58220,27,0.25,37,9,5,13,4,4,0.38461538461538464,"[0,1,2,3,4,5,6,7,8]","[0,1,4,7,8,11,14,29,34]"
n58220,28,0.25,37,9,6,12,3,3,0.5,"[0,1,2,3,4,5,6,7,8]","[0,1,3,6,7,8,10,32,35]"
n58220,29,0.25,37,9,5,13,4,4,0.38461538461538464,"[0,1,2,3,4,5,6,7,8]","[0,2,3,5,6,10,15,29,36]"
n58220,30,0.25,37,9,6,12,3,3,0.5,"[0,1,2,3,4,5,6,7,8]","[0,1,3,4,7,8,10,30,34]"
n58220,31,0.25,37,9,7,11,2,2,0.6363636363636364,"[0,1,2,3,4,5,6,7,8]","[0,1,2,3,5,6,7,28,36]"
n522733,0,0.25,37,9,7,11,2,2,0.6363636363636364,"[0,1,2,3,4,5,6,7,8]","[0,3,4,5,6,7,8,10,19]"
n522733,1,0.25,37,9,7,11,2,2,0.6363636363636364,"[0,1,2,3,4,5,6,7,8]","[0,1,2,3,4,5,7,12,36]"
n522733,2,0.25,37,9,7,11,2,2,0.6363636363636364,"[0,1,2,3,4,5,6,7,8]","[0,1,2,3,4,5,6,31,36]"
n522733,3,0.25,37,9,7,11,2,2,0.6363636363636364,"[0,1,2,3,4,5,6,7,8]","[0,1,2,3,4,5,6,28,36]"
n522733,4,0.25,37,9,7,11,2,2,0.6363636363636364,"[0,1,2,3,4,5,6,7,8]","[0,1,2,3,4,5,8,32,35]"
n522733,5,0.25,37,9,6,12,3,3,0.5,"[0,1,2,3,4,5,6,7,8]","[0,1,2,3,4,6,9,30,32]"
n522733,6,0.25,37,9,7,11,2,2,0.6363636363636364,"[0,1,2,3,4,5,6,7,8]","[0,1,2,3,4,5,6,29,33]"
n522733,7,0.25,37,9,7,11,2,2,0.6363636363636364,"[0,1,2,3,4,5,6,7,8]","[0,1,2,3,4,5,7,32,36]"
n522733,8,0.25,37,9,7,11,2,2,0.6363636363636364,"[0,1,2,3,4,5,6,7,8]","[0,1,2,3,4,5,6,31,35]"
n522733,9,0.25,37,9,7,11,2,2,0.6363636363636364,"[0,1,2,3,4,5,6,7,8]","[0,1,2,3,4,5,6,28,35]"
n522733,10,0.25,37,9,7,11,2,2,0.6363636363636364,"[0,1,2,3,4,5,6,7,8]","[0,1,2,3,4,5,6,33,36]"
n522733,11,0.25,37,9,7,11,2,2,0.6363636363636364,"[0,1,2,3,4,5,6,7,8]","[0,1,2,3,4,5,8,27,36]"
n522733,12,0.25,37,9,7,11,2,2,0.6363636363636364,"[0,1,2,3,4,5,6,7,8]","[0,1,2,3,4,5,6,27,33]"
n522733,13,0.25,37,9,7,11,2,2,0.6363636363636364,"[0,1,2,3,4,5,6,7,8]","[0,1,2,3,4,7,8,30,35]"
n522733,14,0.25,37,9,6,12,3,3,0.5,"[0,1,2,3,4,5,6,7,8]","[0,1,2,3,4,7,9,26,30]"
n522733,15,0.25,37,9,7,11,2,2,0.6363636363636364,"[0,1,2,3,4,5,6,7,8]","[0,1,2,3,4,6,7,21,34]"
n522733,16,0.25,37,9,7,11,2,2,0.6363636363636364,"[0,1,2,3,4,5,6,7,8]","[0,1,2,3,4,7,8,18,30]"
n522733,17,0.25,37,9,7,11,2,2,0.6363636363636364,"[0,1,2,3,4,5,6,7,8]","[0,1,2,3,4,5,6,27,33]"
n522733,18,0.25,37,9,7,11,2,2,0.6363636363636364,"[0,1,2,3,4,5,6,7,8]","[0,1,2,3,4,5,6,31,36]"
n522733,19,0.25,37,9,7,11,2,2,0.6363636363636364,"[0,1,2,3,4,5,6,7,8]","[0,1,2,3,4,5,6,30,35]"
n522733,20,0.25,37,9,7,11,2,2,0.6363636363636364,"[0,1,2,3,4,5,6,7,8]","[0,1,2,3,4,5,8,19,35]"
n522733,21,0.25,37,9,6,12,3,3,0.5,"[0,1,2,3,4,5,6,7,8]","[0,1,2,3,5,6,9,28,35]"
n522733,22,0.25,37,9,6,12,3,3,0.5,"[0,1,2,3,4,5,6,7,8]","[0,1,2,3,4,5,9,29,36]"
n522733,23,0.25,37,9,7,11,2,2,0.6363636363636364,"[0,1,2,3,4,5,6,7,8]","[0,1,2,3,4,5,7,30,36]"
n522733,24,0.25,37,9,7,11,2,2,0.6363636363636364,"[0,1,2,3,4,5,6,7,8]","[0,1,2,3,4,5,6,18,36]"
n522733,25,0.25,37,9,7,11,2,2,0.6363636363636364,"[0,1,2,3,4,5,6,7,8]","[0,1,2,3,6,7,8,27,36]"
n522733,26,0.25,37,9,7,11,2,2,0.6363636363636364,"[0,1,2,3,4,5,6,7,8]","[0,1,2,3,4,6,7,32,36]"
n522733,27,0.25,37,9,7,11,2,2,0.6363636363636364,"[0,1,2,3,4,5,6,7,8]","[0,1,2,3,5,6,7,35,36]"
n522733,28,0.25,37,9,7,11,2,2,0.6363636363636364,"[0,1,2,3,4,5,6,7,8]","[0,1,2,3,4,5,7,35,36]"
n522733,29,0.25,37,9,7,11,2,2,0.6363636363636364,"[0,1,2,3,4,5,6,7,8]","[0,1,2,3,4,5,7,34,36]"
n522733,30,0.25,37,9,6,12,3,3,0.5,"[0,1,2,3,4,5,6,7,8]","[0,1,2,3,6,7,9,34,36]"
n522733,31,0.25,37,9,6,12,3,3,0.5,"[0,1,2,3,4,5,6,7,8]","[0,1,2,3,5,6,13,34,36]"
n199286,0,0.25,36,9,5,13,4,4,0.38461538461538464,"[0,1,2,3,4,5,6,7,8]","[0,4,5,6,8,9,10,11,25]"
n199286,1,0.25,36,9,7,11,2,2,0.6363636363636364,"[0,1,2,3,4,5,6,7,8]","[0,1,2,3,4,6,8,34,35]"
n199286,2,0.25,36,9,6,12,3,3,0.5,"[0,1,2,3,4,5,6,7,8]","[0,2,3,4,6,7,10,30,35]"
n199286,3,0.25,36,9,6,12,3,3,0.5,"[0,1,2,3,4,5,6,7,8]","[0,1,2,3,5,7,9,30,35]"
n199286,4,0.25,36,9,6,12,3,3,0.5,"[0,1,2,3,4,5,6,7,8]","[0,1,2,3,4,7,10,32,35]"
n199286,5,0.25,36,9,7,11,2,2,0.6363636363636364,"[0,1,2,3,4,5,6,7,8]","[0,1,2,3,4,5,7,32,35]"
n199286,6,0.25,36,9,7,11,2,2,0.6363636363636364,"[0,1,2,3,4,5,6,7,8]","[0,1,2,3,4,5,6,27,32]"
n199286,7,0.25,36,9,7,11,2,2,0.6363636363636364,"[0,1,2,3,4,5,6,7,8]","[0,1,2,3,4,5,6,30,33]"
n199286,8,0.25,36,9,6,12,3,3,0.5,"[0,1,2,3,4,5,6,7,8]","[0,1,2,3,4,5,10,29,31]"
n199286,9,0.25,36,9,6,12,3,3,0.5,"[0,1,2,3,4,5,6,7,8]","[0,2,3,4,5,6,9,30,34]"
n199286,10,0.25,36,9,6,12,3,3,0.5,"[0,1,2,3,4,5,6,7,8]","[0,1,2,3,4,5,9,34,35]"
n199286,11,0.25,36,9,5,13,4,4,0.38461538461538464,"[0,1,2,3,4,5,6,7,8]","[0,1,2,3,4,9,17,28,33]"
n199286,12,0.25,36,9,7,11,2,2,0.6363636363636364,"[0,1,2,3,4,5,6,7,8]","[0,1,3,4,5,6,7,31,34]"
n199286,13,0.25,36,9,7,11,2,2,0.6363636363636364,"[0,1,2,3,4,5,6,7,8]","[0,3,4,5,6,7,8,29,35]"
n199286,14,0.25,36,9,5,13,4,4,0.38461538461538464,"[0,1,2,3,4,5,6,7,8]","[0,1,2,4,5,10,14,26,34]"
n199286,15,0.25,36,9,7,11,2,2,0.6363636363636364,"[0,1,2,3,4,5,6,7,8]","[0,1,2,3,4,5,7,25,30]"
n199286,16,0.25,36,9,7,11,2,2,0.6363636363636364,"[0,1,2,3,4,5,6,7,8]","[0,1,2,3,4,6,7,28,34]"
n199286,17,0.25,36,9,7,11,2,2,0.6363636363636364,"[0,1,2,3,4,5,6,7,8]","[0,1,3,4,5,6,7,33,35]"
n199286,18,0.25,36,9,7,11,2,2,0.6363636363636364,"[0,1,2,3,4,5,6,7,8]","[0,1,2,3,4,5,7,22,34]"
n199286,19,0.25,36,9,7,11,2,2,0.6363636363636364,"[0,1,2,3,4,5,6,7,8]","[0,1,2,3,4,5,6,34,35]"
n199286,20,0.25,36,9,7,11,2,2,0.6363636363636364,"[0,1,2,3,4,5,6,7,8]","[0,1,2,3,4,5,6,24,34]"
n199286,21,0.25,36,9,7,11,2,2,0.6363636363636364,"[0,1,2,3,4,5,6,7,8]","[0,1,2,3,4,5,7,21,34]"
n199286,22,0.25,36,9,7,11,2,2,0.6363636363636364,"[0,1,2,3,4,5,6,7,8]","[0,1,2,3,4,5,8,25,34]"
n199286,23,0.25,36,9,6,12,3,3,0.5,"[0,1,2,3,4,5,6,7,8]","[0,1,2,3,5,6,9,28,34]"
n199286,24,0.25,36,9,7,11,2,2,0.6363636363636364,"[0,1,2,3,4,5,6,7,8]","[0,1,2,3,4,5,6,25,26]"
n199286,25,0.25,36,9,6,12,3,3,0.5,"[0,1,2,3,4,5,6,7,8]","[0,1,2,3,4,6,9,24,35]"
n199286,26,0.25,36,9,7,11,2,2,0.6363636363636364,"[0,1,2,3,4,5,6,7,8]","[0,1,2,3,4,6,8,22,28]"
n199286,27,0.25,36,9,7,11,2,2,0.6363636363636364,"[0,1,2,3,4,5,6,7,8]","[0,1,2,3,4,5,6,28,35]"
n199286,28,0.25,36,9,7,11,2,2,0.6363636363636364,"[0,1,2,3,4,5,6,7,8]","[0,1,2,3,4,5,6,32,35]"
n199286,29,0.25,36,9,7,11,2,2,0.6363636363636364,"[0,1,2,3,4,5,6,7,8]","[0,1,2,3,4,6,7,27,34]"
n199286,30,0.25,36,9,6,12,3,3,0.5,"[0,1,2,3,4,5,6,7,8]","[0,2,3,5,6,7,10,31,35]"
n199286,31,0.25,36,9,5,13,4,4,0.38461538461538464,"[0,1,2,3,4,5,6,7,8]","[0,1,2,3,5,9,10,30,35]"
n298104,0,0.25,34,8,4,12,4,4,0.3333333333333333,"[0,1,2,3,4,5,6,7]","[0,3,4,7,12,15,16,33]"
n298104,1,0.25,34,8,6,10,2,2,0.6,"[0,1,2,3,4,5,6,7]","[0,1,2,3,4,5,11,27]"
n298104,2,0.25,34,8,6,10,2,2,0.6,"[0,1,2,3,4,5,6,7]","[0,1,2,3,5,6,13,15]"
n298104,3,0.25,34,8,6,10,2,2,0.6,"[0,1,2,3,4,5,6,7]","[0,1,2,3,4,6,22,26]"
n298104,4,0.25,34,8,6,10,2,2,0.6,"[0,1,2,3,4,5,6,7]","[0,1,2,3,4,6,21,24]"
n298104,5,0.25,34,8,6,10,2,2,0.6,"[0,1,2,3,4,5,6,7]","[0,1,2,3,4,5,21,26]"
n298104,6,0.25,34,8,6,10,2,2,0.6,"[0,1,2,3,4,5,6,7]","[0,1,2,3,4,7,26,32]"
n298104,7,0.25,34,8,6,10,2,2,0.6,"[0,1,2,3,4,5,6,7]","[0,1,2,3,4,5,28,31]"
n298104,8,0.25,34,8,6,10,2,2,0.6,"[0,1,2,3,4,5,6,7]","[0,1,2,3,4,5,18,30]"
n298104,9,0.25,34,8,6,10,2,2,0.6,"[0,1,2,3,4,5,6,7]","[0,1,2,4,5,6,24,31]"
n298104,10,0.25,34,8,5,11,3,3,0.45454545454545453,"[0,1,2,3,4,5,6,7]","[0,1,3,4,6,8,26,32]"
n298104,11,0.25,34,8,5,11,3,3,0.45454545454545453,"[0,1,2,3,4,5,6,7]","[0,1,3,5,6,11,22,29]"
n298104,12,0.25,34,8,6,10,2,2,0.6,"[0,1,2,3,4,5,6,7]","[0,1,2,3,4,5,21,31]"
n298104,13,0.25,34,8,6,10,2,2,0.6,"[0,1,2,3,4,5,6,7]","[0,1,2,3,4,7,19,31]"
n298104,14,0.25,34,8,5,11,3,3,0.45454545454545453,"[0,1,2,3,4,5,6,7]","[0,1,2,3,4,16,17,25]"
n298104,15,0.25,34,8,5,11,3,3,0.45454545454545453,"[0,1,2,3,4,5,6,7]","[0,1,2,3,4,8,18,31]"
n298104,16,0.25,34,8,5,11,3,3,0.45454545454545453,"[0,1,2,3,4,5,6,7]","[0,1,2,3,5,10,17,24]"
n298104,17,0.25,34,8,5,11,3,3,0.45454545454545453,"[0,1,2,3,4,5,6,7]","[0,1,2,6,7,11,23,33]"
n298104,18,0.25,34,8,6,10,2,2,0.6,"[0,1,2,3,4,5,6,7]","[0,1,2,3,4,5,25,30]"
n298104,19,0.25,34,8,6,10,2,2,0.6,"[0,1,2,3,4,5,6,7]","[0,1,2,4,6,7,24,33]"
n298104,20,0.25,34,8,5,11,3,3,0.45454545454545453,"[0,1,2,3,4,5,6,7]","[0,1,2,3,4,10,23,24]"
n298104,21,0.25,34,8,5,11,3,3,0.45454545454545453,"[0,1,2,3,4,5,6,7]","[0,1,2,4,7,9,17,32]"
n298104,22,0.25,34,8,5,11,3,3,0.45454545454545453,"[0,1,2,3,4,5,6,7]","[0,1,2,3,7,8,16,30]"
n298104,23,0.25,34,8,6,10,2,2,0.6,"[0,1,2,3,4,5,6,7]","[0,1,2,3,4,7,20,33]"
n298104,24,0.25,34,8,4,12,4,4,0.3333333333333333,"[0,1,2,3,4,5,6,7]","[0,1,2,4,9,10,24,31]"
n298104,25,0.25,34,8,4,12,4,4,0.3333333333333333,"[0,1,2,3,4,5,6,7]","[0,1,2,4,8,9,18,26]"
n298104,26,0.25,34,8,6,10,2,2,0.6,"[0,1,2,3,4,5,6,7]","[0,1,2,3,6,7,17,31]"
n298104,27,0.25,34,8,5,11,3,3,0.45454545454545453,"[0,1,2,3,4,5,6,7]","[0,1,2,3,4,9,20,33]"
n298104,28,0.25,34,8,6,10,2,2,0.6,"[0,1,2,3,4,5,6,7]","[0,1,2,3,4,5,22,33]"
n298104,29,0.25,34,8,6,10,2,2,0.6,"[0,1,2,3,4,5,6,7]","[0,1,2,3,4,5,27,30]"
n298104,30,0.25,34,8,6,10,2,2,0.6,"[0,1,2,3,4,5,6,7]","[0,1,2,3,5,6,27,33]"
n298104,31,0.25,34,8,6,10,2,2,0.6,"[0,1,2,3,4,5,6,7]","[0,1,2,3,5,7,19,25]"
n166008,0,0.25,37,9,7,11,2,2,0.6363636363636364,"[0,1,2,3,4,5,6,7,8]","[0,3,4,5,6,7,8,9,36]"
n166008,1,0.25,37,9,7,11,2,2,0.6363636363636364,"[0,1,2,3,4,5,6,7,8]","[0,1,2,3,4,5,8,9,36]"
n166008,2,0.25,37,9,7,11,2,2,0.6363636363636364,"[0,1,2,3,4,5,6,7,8]","[0,1,2,3,4,6,7,11,36]"
n166008,3,0.25,37,9,7,11,2,2,0.6363636363636364,"[0,1,2,3,4,5,6,7,8]","[0,1,2,3,4,5,7,25,32]"
n166008,4,0.25,37,9,7,11,2,2,0.6363636363636364,"[0,1,2,3,4,5,6,7,8]","[0,1,2,3,4,5,6,27,30]"
n166008,5,0.25,37,9,7,11,2,2,0.6363636363636364,"[0,1,2,3,4,5,6,7,8]","[0,1,2,4,6,7,8,25,31]"
n166008,6,0.25,37,9,7,11,2,2,0.6363636363636364,"[0,1,2,3,4,5,6,7,8]","[0,1,2,3,4,5,7,32,34]"
n166008,7,0.25,37,9,7,11,2,2,0.6363636363636364,"[0,1,2,3,4,5,6,7,8]","[0,1,2,3,4,5,7,34,36]"
n166008,8,0.25,37,9,7,11,2,2,0.6363636363636364,"[0,1,2,3,4,5,6,7,8]","[0,1,2,3,4,5,6,35,36]"
n166008,9,0.25,37,9,7,11,2,2,0.6363636363636364,"[0,1,2,3,4,5,6,7,8]","[0,1,2,3,4,6,7,30,34]"
n166008,10,0.25,37,9,7,11,2,2,0.6363636363636364,"[0,1,2,3,4,5,6,7,8]","[0,1,3,4,5,6,8,33,35]"
n166008,11,0.25,37,9,6,12,3,3,0.5,"[0,1,2,3,4,5,6,7,8]","[0,1,2,3,4,5,9,31,36]"
n166008,12,0.25,37,9,6,12,3,3,0.5,"[0,1,2,3,4,5,6,7,8]","[0,1,2,3,6,7,10,34,35]"
n166008,13,0.25,37,9,6,12,3,3,0.5,"[0,1,2,3,4,5,6,7,8]","[0,1,2,3,4,5,16,18,36]"
n166008,14,0.25,37,9,6,12,3,3,0.5,"[0,1,2,3,4,5,6,7,8]","[0,1,2,4,6,8,14,27,36]"
n166008,15,0.25,37,9,6,12,3,3,0.5,"[0,1,2,3,4,5,6,7,8]","[0,1,2,3,4,5,13,22,30]"
n166008,16,0.25,37,9,6,12,3,3,0.5,"[0,1,2,3,4,5,6,7,8]","[0,1,2,3,4,5,11,24,36]"
n166008,17,0.25,37,9,6,12,3,3,0.5,"[0,1,2,3,4,5,6,7,8]","[0,1,2,3,5,6,12,30,33]"
n166008,18,0.25,37,9,6,12,3,3,0.5,"[0,1,2,3,4,5,6,7,8]","[0,1,2,3,4,6,10,32,33]"
n166008,19,0.25,37,9,6,12,3,3,0.5,"[0,1,2,3,4,5,6,7,8]","[0,1,2,3,5,8,11,30,36]"
n166008,20,0.25,37,9,6,12,3,3,0.5,"[0,1,2,3,4,5,6,7,8]","[0,1,2,3,5,6,16,31,36]"
n166008,21,0.25,37,9,7,11,2,2,0.6363636363636364,"[0,1,2,3,4,5,6,7,8]","[0,1,2,3,5,6,7,29,36]"
n166008,22,0.25,37,9,7,11,2,2,0.6363636363636364,"[0,1,2,3,4,5,6,7,8]","[0,1,2,3,4,5,7,34,36]"
n166008,23,0.25,37,9,7,11,2,2,0.6363636363636364,"[0,1,2,3,4,5,6,7,8]","[0,1,2,3,4,5,6,13,35]"
n166008,24,0.25,37,9,6,12,3,3,0.5,"[0,1,2,3,4,5,6,7,8]","[0,1,2,5,6,7,10,34,36]"
n166008,25,0.25,37,9,7,11,2,2,0.6363636363636364,"[0,1,2,3,4,5,6,7,8]","[0,1,2,4,5,6,7,33,36]"
n166008,26,0.25,37,9,7,11,2,2,0.6363636363636364,"[0,1,2,3,4,5,6,7,8]","[0,1,2,3,4,5,8,35,36]"
n166008,27,0.25,37,9,6,12,3,3,0.5,"[0,1,2,3,4,5,6,7,8]","[0,1,3,4,6,7,9,32,34]"
n166008,28,0.25,37,9,5,13,4,4,0.38461538461538464,"[0,1,2,3,4,5,6,7,8]","[0,1,3,5,7,10,12,33,36]"
n166008,29,0.25,37,9,6,12,3,3,0.5,"[0,1,2,3,4,5,6,7,8]","[0,1,2,3,4,6,10,34,36]"
n166008,30,0.25,37,9,6,12,3,3,0.5,"[0,1,2,3,4,5,6,7,8]","[0,1,2,4,6,7,12,29,35]"
n166008,31,0.25,37,9,7,11,2,2,0.6363636363636364,"[0,1,2,3,4,5,6,7,8]","[0,1,2,3,4,5,7,28,36]"
n67005,0,0.25,37,9,6,12,3,3,0.5,"[0,1,2,3,4,5,6,7,8]","[0,2,3,4,6,8,10,12,18]"
n67005,1,0.25,37,9,7,11,2,2,0.6363636363636364,"[0,1,2,3,4,5,6,7,8]","[0,1,2,3,4,5,7,30,36]"
n67005,2,0.25,37,9,7,11,2,2,0.6363636363636364,"[0,1,2,3,4,5,6,7,8]","[0,1,2,3,4,5,6,27,31]"
n67005,3,0.25,37,9,7,11,2,2,0.6363636363636364,"[0,1,2,3,4,5,6,7,8]","[0,1,2,3,4,5,7,23,35]"
n67005,4,0.25,37,9,7,11,2,2,0.6363636363636364,"[0,1,2,3,4,5,6,7,8]","[0,1,2,3,4,5,6,27,33]"
n67005,5,0.25,37,9,5,13,4,4,0.38461538461538464,"[0,1,2,3,4,5,6,7,8]","[0,1,2,3,6,9,10,31,32]"
n67005,6,0.25,37,9,7,11,2,2,0.6363636363636364,"[0,1,2,3,4,5,6,7,8]","[0,1,2,3,4,5,6,26,33]"
n67005,7,0.25,37,9,7,11,2,2,0.6363636363636364,"[0,1,2,3,4,5,6,7,8]","[0,1,2,3,4,6,7,31,35]"
n67005,8,0.25,37,9,7,11,2,2,0.6363636363636364,"[0,1,2,3,4,5,6,7,8]","[0,1,2,3,4,5,7,25,34]"
n67005,9,0.25,37,9,6,12,3,3,0.5,"[0,1,2,3,4,5,6,7,8]","[0,1,2,3,5,6,10,31,35]"
n67005,10,0.25,37,9,7,11,2,2,0.6363636363636364,"[0,1,2,3,4,5,6,7,8]","[0,1,2,3,4,7,8,34,36]"
n67005,11,0.25,37,9,6,12,3,3,0.5,"[0,1,2,3,4,5,6,7,8]","[0,1,2,3,4,7,9,32,36]"
n67005,12,0.25,37,9,7,11,2,2,0.6363636363636364,"[0,1,2,3,4,5,6,7,8]","[0,1,2,3,4,5,8,28,35]"
n67005,13,0.25,37,9,6,12,3,3,0.5,"[0,1,2,3,4,5,6,7,8]","[0,1,2,3,4,6,9,27,36]"
n67005,14,0.25,37,9,6,12,3,3,0.5,"[0,1,2,3,4,5,6,7,8]","[0,1,2,3,5,7,11,32,36]"
n67005,15,0.25,37,9,6,12,3,3,0.5,"[0,1,2,3,4,5,6,7,8]","[0,1,2,3,4,5,14,26,33]"
n67005,16,0.25,37,9,7,11,2,2,0.6363636363636364,"[0,1,2,3,4,5,6,7,8]","[0,1,2,3,4,6,7,21,29]"
n67005,17,0.25,37,9,6,12,3,3,0.5,"[0,1,2,3,4,5,6,7,8]","[0,1,2,3,4,6,12,27,34]"
n67005,18,0.25,37,9,6,12,3,3,0.5,"[0,1,2,3,4,5,6,7,8]","[0,1,2,3,4,7,12,32,35]"
n67005,19,0.25,37,9,6,12,3,3,0.5,"[0,1,2,3,4,5,6,7,8]","[0,1,2,3,5,8,11,30,35]"
n67005,20,0.25,37,9,6,12,3,3,0.5,"[0,1,2,3,4,5,6,7,8]","[0,1,2,3,5,7,12,26,34]"
n67005,21,0.25,37,9,7,11,2,2,0.6363636363636364,"[0,1,2,3,4,5,6,7,8]","[0,1,2,3,4,5,7,24,36]"
n67005,22,0.25,37,9,7,11,2,2,0.6363636363636364,"[0,1,2,3,4,5,6,7,8]","[0,1,2,3,4,5,6,25,32]"
n67005,23,0.25,37,9,6,12,3,3,0.5,"[0,1,2,3,4,5,6,7,8]","[0,1,2,3,4,5,14,33,35]"
n67005,24,0.25,37,9,7,11,2,2,0.6363636363636364,"[0,1,2,3,4,5,6,7,8]","[0,1,2,3,4,5,6,23,36]"
n67005,25,0.25,37,9,7,11,2,2,0.6363636363636364,"[0,1,2,3,4,5,6,7,8]","[0,1,2,3,4,5,6,29,35]"
n67005,26,0.25,37,9,7,11,2,2,0.6363636363636364,"[0,1,2,3,4,5,6,7,8]","[0,1,2,3,4,6,7,22,36]"
n67005,27,0.25,37,9,6,12,3,3,0.5,"[0,1,2,3,4,5,6,7,8]","[0,1,2,3,5,7,9,27,34]"
n67005,28,0.25,37,9,7,11,2,2,0.6363636363636364,"[0,1,2,3,4,5,6,7,8]","[0,1,2,3,5,6,8,29,32]"
n67005,29,0.25,37,9,6,12,3,3,0.5,"[0,1,2,3,4,5,6,7,8]","[0,1,2,4,6,8,10,29,36]"
n67005,30,0.25,37,9,6,12,3,3,0.5,"[0,1,2,3,4,5,6,7,8]","[0,1,2,3,5,6,9,34,36]"
n67005,31,0.25,37,9,7,11,2,2,0.6363636363636364,"[0,1,2,3,4,5,6,7,8]","[0,1,2,3,4,5,7,17,36]"
n154856,0,0.25,23,6,4,8,2,2,0.5,"[0,1,2,3,4,5]","[0,2,3,5,6,10]"
n154856,1,0.25,23,6,4,8,2,2,0.5,"[0,1,2,3,4,5]","[0,2,3,4,14,22]"
n154856,2,0.25,23,6,4,8,2,2,0.5,"[0,1,2,3,4,5]","[0,2,3,5,7,22]"
n154856,3,0.25,23,6,4,8,2,2,0.5,"[0,1,2,3,4,5]","[0,1,2,5,19,21]"
n154856,4,0.25,23,6,4,8,2,2,0.5,"[0,1,2,3,4,5]","[0,1,2,4,20,22]"
n154856,5,0.25,23,6,4,8,2,2,0.5,"[0,1,2,3,4,5]","[0,1,3,4,12,20]"
n154856,6,0.25,23,6,4,8,2,2,0.5,"[0,1,2,3,4,5]","[0,1,2,3,13,21]"
n154856,7,0.25,23,6,4,8,2,2,0.5,"[0,1,2,3,4,5]","[0,1,2,4,20,22]"
n154856,8,0.25,23,6,4,8,2,2,0.5,"[0,1,2,3,4,5]","[0,1,2,3,20,22]"
n154856,9,0.25,23,6,3,9,3,3,0.3333333333333333,"[0,1,2,3,4,5]","[0,1,2,7,20,22]"
n154856,10,0.25,23,6,3,9,3,3,0.3333333333333333,"[0,1,2,3,4,5]","[0,1,2,7,21,22]"
n154856,11,0.25,23,6,3,9,3,3,0.3333333333333333,"[0,1,2,3,4,5]","[0,1,2,7,20,22]"
n154856,12,0.25,23,6,3,9,3,3,0.3333333333333333,"[0,1,2,3,4,5]","[0,1,5,6,20,22]"
n154856,13,0.25,23,6,4,8,2,2,0.5,"[0,1,2,3,4,5]","[0,1,2,4,21,22]"
n154856,14,0.25,23,6,3,9,3,3,0.3333333333333333,"[0,1,2,3,4,5]","[0,1,3,8,21,22]"
n154856,15,0.25,23,6,4,8,2,2,0.5,"[0,1,2,3,4,5]","[0,1,2,5,19,22]"
n154856,16,0.25,23,6,4,8,2,2,0.5,"[0,1,2,3,4,5]","[0,2,3,5,18,20]"
n154856,17,0.25,23,6,4,8,2,2,0.5,"[0,1,2,3,4,5]","[0,1,2,3,18,22]"
n154856,18,0.25,23,6,4,8,2,2,0.5,"[0,1,2,3,4,5]","[0,1,2,5,15,21]"
n154856,19,0.25,23,6,4,8,2,2,0.5,"[0,1,2,3,4,5]","[0,1,2,3,19,22]"
n154856,20,0.25,23,6,4,8,2,2,0.5,"[0,1,2,3,4,5]","[0,1,2,4,16,21]"
n154856,21,0.25,23,6,4,8,2,2,0.5,"[0,1,2,3,4,5]","[0,1,2,4,17,20]"
n154856,22,0.25,23,6,3,9,3,3,0.3333333333333333,"[0,1,2,3,4,5]","[0,1,2,6,18,22]"
n154856,23,0.25,23,6,4,8,2,2,0.5,"[0,1,2,3,4,5]","[0,1,2,4,14,21]"
n154856,24,0.25,23,6,3,9,3,3,0.3333333333333333,"[0,1,2,3,4,5]","[0,1,2,6,16,22]"
n154856,25,0.25,23,6,4,8,2,2,0.5,"[0,1,2,3,4,5]","[0,1,2,4,16,19]"
n154856,26,0.25,23,6,4,8,2,2,0.5,"[0,1,2,3,4,5]","[0,1,2,4,15,21]"
n154856,27,0.25,23,6,3,9,3,3,0.3333333333333333,"[0,1,2,3,4,5]","[0,1,2,8,16,21]"
n154856,28,0.25,23,6,3,9,3,3,0.3333333333333333,"[0,1,2,3,4,5]","[0,1,5,6,18,21]"
n154856,29,0.25,23,6,3,9,3,3,0.3333333333333333,"[0,1,2,3,4,5]","[0,1,3,6,19,22]"
n154856,30,0.25,23,6,3,9,3,3,0.3333333333333333,"[0,1,2,3,4,5]","[0,1,3,8,19,22]"
n154856,31,0.25,23,6,3,9,3,3,0.3333333333333333,"[0,1,2,3,4,5]","[0,2,3,8,18,21]"
n567860,0,0.25,37,9,5,13,4,4,0.38461538461538464,"[0,1,2,3,4,5,6,7,8]","[0,1,3,4,5,9,11,15,19]"
n567860,1,0.25,37,9,7,11,2,2,0.6363636363636364,"[0,1,2,3,4,5,6,7,8]","[0,1,2,3,4,5,6,14,36]"
n567860,2,0.25,37,9,7,11,2,2,0.6363636363636364,"[0,1,2,3,4,5,6,7,8]","[0,1,2,3,4,5,7,12,36]"
n567860,3,0.25,37,9,7,11,2,2,0.6363636363636364,"[0,1,2,3,4,5,6,7,8]","[0,1,2,3,4,5,7,23,34]"
n567860,4,0.25,37,9,7,11,2,2,0.6363636363636364,"[0,1,2,3,4,5,6,7,8]","[0,1,2,3,4,5,6,33,35]"
n567860,5,0.25,37,9,7,11,2,2,0.6363636363636364,"[0,1,2,3,4,5,6,7,8]","[0,1,2,3,4,5,6,20,28]"
n567860,6,0.25,37,9,7,11,2,2,0.6363636363636364,"[0,1,2,3,4,5,6,7,8]","[0,1,2,3,4,6,7,30,33]"
n567860,7,0.25,37,9,7,11,2,2,0.6363636363636364,"[0,1,2,3,4,5,6,7,8]","[0,1,2,3,4,5,7,31,36]"
n567860,8,0.25,37,9,7,11,2,2,0.6363636363636364,"[0,1,2,3,4,5,6,7,8]","[0,1,2,3,4,5,6,26,35]"
n567860,9,0.25,37,9,7,11,2,2,0.6363636363636364,"[0,1,2,3,4,5,6,7,8]","[0,1,2,3,4,5,6,23,35]"
n567860,10,0.25,37,9,7,11,2,2,0.6363636363636364,"[0,1,2,3,4,5,6,7,8]","[0,1,2,3,4,5,6,29,35]"
n567860,11,0.25,37,9,7,11,2,2,0.6363636363636364,"[0,1,2,3,4,5,6,7,8]","[0,1,2,3,4,5,7,23,33]"
n567860,12,0.25,37,9,5,13,4,4,0.38461538461538464,"[0,1,2,3,4,5,6,7,8]","[0,1,2,3,4,9,11,26,35]"
n567860,13,0.25,37,9,7,11,2,2,0.6363636363636364,"[0,1,2,3,4,5,6,7,8]","[0,1,2,3,4,6,7,30,36]"
n567860,14,0.25,37,9,5,13,4,4,0.38461538461538464,"[0,1,2,3,4,5,6,7,8]","[0,2,3,5,7,9,12,31,36]"
n567860,15,0.25,37,9,6,12,3,3,0.5,"[0,1,2,3,4,5,6,7,8]","[0,1,2,4,5,6,12,26,31]"
n567860,16,0.25,37,9,7,11,2,2,0.6363636363636364,"[0,1,2,3,4,5,6,7,8]","[0,1,2,5,6,7,8,18,29]"
n567860,17,0.25,37,9,7,11,2,2,0.6363636363636364,"[0,1,2,3,4,5,6,7,8]","[0,1,2,3,5,7,8,25,34]"
n567860,18,0.25,37,9,7,11,2,2,0.6363636363636364,"[0,1,2,3,4,5,6,7,8]","[0,1,3,4,6,7,8,23,35]"
n567860,19,0.25,37,9,6,12,3,3,0.5,"[0,1,2,3,4,5,6,7,8]","[0,1,2,3,4,7,10,27,35]"
n567860,20,0.25,37,9,7,11,2,2,0.6363636363636364,"[0,1,2,3,4,5,6,7,8]","[0,1,2,3,4,5,8,18,31]"
n567860,21,0.25,37,9,6,12,3,3,0.5,"[0,1,2,3,4,5,6,7,8]","[0,2,3,4,5,7,12,25,36]"
n567860,22,0.25,37,9,6,12,3,3,0.5,"[0,1,2,3,4,5,6,7,8]","[0,1,2,3,4,6,9,17,35]"
n567860,23,0.25,37,9,6,12,3,3,0.5,"[0,1,2,3,4,5,6,7,8]","[0,1,2,3,4,5,15,34,36]"
n567860,24,0.25,37,9,6,12,3,3,0.5,"[0,1,2,3,4,5,6,7,8]","[0,1,2,3,4,5,9,21,27]"
n567860,25,0.25,37,9,7,11,2,2,0.6363636363636364,"[0,1,2,3,4,5,6,7,8]","[0,1,2,3,4,5,6,12,35]"
n567860,26,0.25,37,9,6,12,3,3,0.5,"[0,1,2,3,4,5,6,7,8]","[0,1,3,4,5,6,14,30,33]"
n567860,27,0.25,37,9,5,13,4,4,0.38461538461538464,"[0,1,2,3,4,5,6,7,8]","[0,1,2,3,4,10,19,28,32]"
n567860,28,0.25,37,9,5,13,4,4,0.38461538461538464,"[0,1,2,3,4,5,6,7,8]","[0,1,2,3,5,15,16,29,35]"
n567860,29,0.25,37,9,6,12,3,3,0.5,"[0,1,2,3,4,5,6,7,8]","[0,1,2,3,4,5,9,27,32]"
n567860,30,0.25,37,9,6,12,3,3,0.5,"[0,1,2,3,4,5,6,7,8]","[0,1,2,3,4,8,9,25,36]"
n567860,31,0.25,37,9,6,12,3,3,0.5,"[0,1,2,3,4,5,6,7,8]","[0,1,2,3,5,6,9,33,36]"
n314171,0,0.25,34,8,5,11,3,3,0.45454545454545453,"[0,1,2,3,4,5,6,7]","[0,3,4,6,7,11,12,33]"
n314171,1,0.25,34,8,6,10,2,2,0.6,"[0,1,2,3,4,5,6,7]","[0,1,2,3,4,5,32,33]"
n314171,2,0.25,34,8,6,10,2,2,0.6,"[0,1,2,3,4,5,6,7]","[0,1,2,3,4,5,12,16]"
n314171,3,0.25,34,8,6,10,2,2,0.6,"[0,1,2,3,4,5,6,7]","[0,1,2,3,4,5,26,32]"
n314171,4,0.25,34,8,5,11,3,3,0.45454545454545453,"[0,1,2,3,4,5,6,7]","[0,1,2,3,4,8,21,27]"
n314171,5,0.25,34,8,6,10,2,2,0.6,"[0,1,2,3,4,5,6,7]","[0,1,2,3,4,5,25,32]"
n314171,6,0.25,34,8,6,10,2,2,0.6,"[0,1,2,3,4,5,6,7]","[0,1,2,3,4,7,28,33]"
n314171,7,0.25,34,8,5,11,3,3,0.45454545454545453,"[0,1,2,3,4,5,6,7]","[0,1,2,3,4,9,29,33]"
n314171,8,0.25,34,8,6,10,2,2,0.6,"[0,1,2,3,4,5,6,7]","[0,1,2,3,4,6,28,32]"
n314171,9,0.25,34,8,5,11,3,3,0.45454545454545453,"[0,1,2,3,4,5,6,7]","[0,1,2,3,4,15,27,31]"
n314171,10,0.25,34,8,6,10,2,2,0.6,"[0,1,2,3,4,5,6,7]","[0,1,2,3,4,5,28,33]"
n314171,11,0.25,34,8,6,10,2,2,0.6,"[0,1,2,3,4,5,6,7]","[0,1,2,3,5,6,26,29]"
n314171,12,0.25,34,8,6,10,2,2,0.6,"[0,1,2,3,4,5,6,7]","[0,1,2,3,4,5,31,32]"
n314171,13,0.25,34,8,6,10,2,2,0.6,"[0,1,2,3,4,5,6,7]","[0,1,2,3,4,5,23,33]"
n314171,14,0.25,34,8,4,12,4,4,0.3333333333333333,"[0,1,2,3,4,5,6,7]","[0,1,2,4,9,10,18,28]"
n314171,15,0.25,34,8,5,11,3,3,0.45454545454545453,"[0,1,2,3,4,5,6,7]","[0,1,2,3,5,12,27,31]"
n314171,16,0.25,34,8,6,10,2,2,0.6,"[0,1,2,3,4,5,6,7]","[0,1,2,3,4,5,21,24]"
n314171,17,0.25,34,8,6,10,2,2,0.6,"[0,1,2,3,4,5,6,7]","[0,1,2,3,4,5,25,29]"
n314171,18,0.25,34,8,5,11,3,3,0.45454545454545453,"[0,1,2,3,4,5,6,7]","[0,1,2,4,5,9,25,33]"
n314171,19,0.25,34,8,6,10,2,2,0.6,"[0,1,2,3,4,5,6,7]","[0,1,2,3,4,6,29,31]"
n314171,20,0.25,34,8,5,11,3,3,0.45454545454545453,"[0,1,2,3,4,5,6,7]","[0,1,2,3,4,12,23,30]"
n314171,21,0.25,34,8,5,11,3,3,0.45454545454545453,"[0,1,2,3,4,5,6,7]","[0,1,2,3,5,11,25,33]"
n314171,22,0.25,34,8,5,11,3,3,0.45454545454545453,"[0,1,2,3,4,5,6,7]","[0,1,2,3,4,10,26,31]"
n314171,23,0.25,34,8,4,12,4,4,0.3333333333333333,"[0,1,2,3,4,5,6,7]","[0,1,2,3,12,16,30,33]"
n314171,24,0.25,34,8,6,10,2,2,0.6,"[0,1,2,3,4,5,6,7]","[0,1,2,3,4,5,22,27]"
n314171,25,0.25,34,8,6,10,2,2,0.6,"[0,1,2,3,4,5,6,7]","[0,1,2,3,4,5,26,33]"
n314171,26,0.25,34,8,5,11,3,3,0.45454545454545453,"[0,1,2,3,4,5,6,7]","[0,1,2,3,4,21,24,33]"
n314171,27,0.25,34,8,5,11,3,3,0.45454545454545453,"[0,1,2,3,4,5,6,7]","[0,1,2,4,5,11,22,32]"
n314171,28,0.25,34,8,5,11,3,3,0.45454545454545453,"[0,1,2,3,4,5,6,7]","[0,1,2,4,6,8,29,32]"
n314171,29,0.25,34,8,4,12,4,4,0.3333333333333333,"[0,1,2,3,4,5,6,7]","[0,1,2,4,8,12,28,33]"
n314171,30,0.25,34,8,6,10,2,2,0.6,"[0,1,2,3,4,5,6,7]","[0,1,2,3,4,6,23,33]"
n314171,31,0.25,34,8,6,10,2,2,0.6,"[0,1,2,3,4,5,6,7]","[0,1,3,4,6,7,27,28]"
n437064,0,0.25,34,8,4,12,4,4,0.3333333333333333,"[0,1,2,3,4,5,6,7]","[0,3,5,7,8,11,12,33]"
n437064,1,0.25,34,8,6,10,2,2,0.6,"[0,1,2,3,4,5,6,7]","[0,1,2,3,4,5,19,32]"
n437064,2,0.25,34,8,6,10,2,2,0.6,"[0,1,2,3,4,5,6,7]","[0,1,2,3,4,7,15,29]"
n437064,3,0.25,34,8,5,11,3,3,0.45454545454545453,"[0,1,2,3,4,5,6,7]","[0,1,2,3,4,8,32,33]"
n437064,4,0.25,34,8,5,11,3,3,0.45454545454545453,"[0,1,2,3,4,5,6,7]","[0,1,2,3,4,9,31,33]"
n437064,5,0.25,34,8,6,10,2,2,0.6,"[0,1,2,3,4,5,6,7]","[0,1,2,3,4,6,27,33]"
n437064,6,0.25,34,8,6,10,2,2,0.6,"[0,1,2,3,4,5,6,7]","[0,1,2,3,6,7,25,31]"
n437064,7,0.25,34,8,5,11,3,3,0.45454545454545453,"[0,1,2,3,4,5,6,7]","[0,1,2,3,5,8,30,32]"
n437064,8,0.25,34,8,5,11,3,3,0.45454545454545453,"[0,1,2,3,4,5,6,7]","[0,1,4,6,7,10,25,32]"
n437064,9,0.25,34,8,6,10,2,2,0.6,"[0,1,2,3,4,5,6,7]","[0,1,2,3,4,5,28,31]"
n437064,10,0.25,34,8,5,11,3,3,0.45454545454545453,"[0,1,2,3,4,5,6,7]","[0,1,2,4,7,9,29,32]"
n437064,11,0.25,34,8,3,13,5,5,0.23076923076923078,"[0,1,2,3,4,5,6,7]","[0,1,2,8,12,13,29,33]"
n437064,12,0.25,34,8,5,11,3,3,0.45454545454545453,"[0,1,2,3,4,5,6,7]","[0,1,3,5,6,11,27,32]"
n437064,13,0.25,34,8,4,12,4,4,0.3333333333333333,"[0,1,2,3,4,5,6,7]","[0,3,4,7,8,12,28,32]"
n437064,14,0.25,34,8,5,11,3,3,0.45454545454545453,"[0,1,2,3,4,5,6,7]","[0,1,2,4,6,10,29,32]"
n437064,15,0.25,34,8,6,10,2,2,0.6,"[0,1,2,3,4,5,6,7]","[0,2,3,5,6,7,24,33]"
n437064,16,0.25,34,8,5,11,3,3,0.45454545454545453,"[0,1,2,3,4,5,6,7]","[0,2,3,5,6,11,29,32]"
n437064,17,0.25,34,8,6,10,2,2,0.6,"[0,1,2,3,4,5,6,7]","[0,1,2,4,5,6,29,32]"
n437064,18,0.25,34,8,6,10,2,2,0.6,"[0,1,2,3,4,5,6,7]","[0,1,2,4,5,7,26,32]"
n437064,19,0.25,34,8,6,10,2,2,0.6,"[0,1,2,3,4,5,6,7]","[0,1,2,3,4,6,26,33]"
n437064,20,0.25,34,8,6,10,2,2,0.6,"[0,1,2,3,4,5,6,7]","[0,1,2,3,4,7,22,31]"
n437064,21,0.25,34,8,6,10,2,2,0.6,"[0,1,2,3,4,5,6,7]","[0,1,2,3,4,5,23,31]"
n437064,22,0.25,34,8,6,10,2,2,0.6,"[0,1,2,3,4,5,6,7]","[0,1,2,3,5,6,26,33]"
n437064,23,0.25,34,8,6,10,2,2,0.6,"[0,1,2,3,4,5,6,7]","[0,1,2,3,6,7,19,33]"
n437064,24,0.25,34,8,6,10,2,2,0.6,"[0,1,2,3,4,5,6,7]","[0,1,2,3,4,5,19,30]"
n437064,25,0.25,34,8,6,10,2,2,0.6,"[0,1,2,3,4,5,6,7]","[0,1,2,3,4,5,25,32]"
n437064,26,0.25,34,8,6,10,2,2,0.6,"[0,1,2,3,4,5,6,7]","[0,1,2,3,4,5,27,33]"
n437064,27,0.25,34,8,6,10,2,2,0.6,"[0,1,2,3,4,5,6,7]","[0,1,2,3,4,5,24,25]"
n437064,28,0.25,34,8,6,10,2,2,0.6,"[0,1,2,3,4,5,6,7]","[0,1,2,4,5,6,29,30]"
n437064,29,0.25,34,8,4,12,4,4,0.3333333333333333,"[0,1,2,3,4,5,6,7]","[0,2,3,6,8,14,28,32]"
n437064,30,0.25,34,8,5,11,3,3,0.45454545454545453,"[0,1,2,3,4,5,6,7]","[0,1,2,3,4,13,29,32]"
n437064,31,0.25,34,8,4,12,4,4,0.3333333333333333,"[0,1,2,3,4,5,6,7]","[0,1,2,7,9,12,29,32]"
n498140,0,0.25,34,8,5,11,3,3,0.45454545454545453,"[0,1,2,3,4,5,6,7]","[0,1,2,3,4,8,12,33]"
n498140,1,0.25,34,8,6,10,2,2,0.6,"[0,1,2,3,4,5,6,7]","[0,1,2,3,4,6,24,31]"
n498140,2,0.25,34,8,5,11,3,3,0.45454545454545453,"[0,1,2,3,4,5,6,7]","[0,1,2,3,4,8,16,33]"
n498140,3,0.25,34,8,6,10,2,2,0.6,"[0,1,2,3,4,5,6,7]","[0,1,2,3,5,7,24,31]"
n498140,4,0.25,34,8,5,11,3,3,0.45454545454545453,"[0,1,2,3,4,5,6,7]","[0,1,2,3,4,8,27,33]"
n498140,5,0.25,34,8,6,10,2,2,0.6,"[0,1,2,3,4,5,6,7]","[0,1,2,3,4,5,31,33]"
n498140,6,0.25,34,8,6,10,2,2,0.6,"[0,1,2,3,4,5,6,7]","[0,1,2,3,5,6,29,33]"
n498140,7,0.25,34,8,6,10,2,2,0.6,"[0,1,2,3,4,5,6,7]","[0,1,2,3,4,5,31,33]"
n498140,8,0.25,34,8,6,10,2,2,0.6,"[0,1,2,3,4,5,6,7]","[0,1,2,3,5,7,32,33]"
n498140,9,0.25,34,8,6,10,2,2,0.6,"[0,1,2,3,4,5,6,7]","[0,1,2,3,4,5,32,33]"
n498140,10,0.25,34,8,6,10,2,2,0.6,"[0,1,2,3,4,5,6,7]","[0,1,2,3,4,5,30,33]"
n498140,11,0.25,34,8,6,10,2,2,0.6,"[0,1,2,3,4,5,6,7]","[0,1,2,3,4,6,29,33]"
n498140,12,0.25,34,8,6,10,2,2,0.6,"[0,1,2,3,4,5,6,7]","[0,1,2,3,4,5,31,33]"
n498140,13,0.25,34,8,6,10,2,2,0.6,"[0,1,2,3,4,5,6,7]","[0,1,2,3,5,6,31,33]"
n498140,14,0.25,34,8,6,10,2,2,0.6,"[0,1,2,3,4,5,6,7]","[0,1,2,3,4,5,29,30]"
n498140,15,0.25,34,8,6,10,2,2,0.6,"[0,1,2,3,4,5,6,7]","[0,1,2,3,5,7,31,33]"
n498140,16,0.25,34,8,6,10,2,2,0.6,"[0,1,2,3,4,5,6,7]","[0,1,2,3,4,7,22,23]"
n498140,17,0.25,34,8,6,10,2,2,0.6,"[0,1,2,3,4,5,6,7]","[0,1,2,3,4,7,27,33]"
n498140,18,0.25,34,8,6,10,2,2,0.6,"[0,1,2,3,4,5,6,7]","[0,1,2,3,4,5,29,33]"
n498140,19,0.25,34,8,5,11,3,3,0.45454545454545453,"[0,1,2,3,4,5,6,7]","[0,1,2,3,4,8,29,33]"
n498140,20,0.25,34,8,6,10,2,2,0.6,"[0,1,2,3,4,5,6,7]","[0,1,2,3,5,6,23,32]"
n498140,21,0.25,34,8,6,10,2,2,0.6,"[0,1,2,3,4,5,6,7]","[0,1,2,3,4,6,24,33]"
n498140,22,0.25,34,8,6,10,2,2,0.6,"[0,1,2,3,4,5,6,7]","[0,1,2,3,4,7,22,33]"
n498140,23,0.25,34,8,5,11,3,3,0.45454545454545453,"[0,1,2,3,4,5,6,7]","[0,1,2,3,4,9,32,33]"
n498140,24,0.25,34,8,5,11,3,3,0.45454545454545453,"[0,1,2,3,4,5,6,7]","[0,1,2,4,5,8,19,33]"
n498140,25,0.25,34,8,6,10,2,2,0.6,"[0,1,2,3,4,5,6,7]","[0,1,2,3,5,7,15,33]"
n498140,26,0.25,34,8,5,11,3,3,0.45454545454545453,"[0,1,2,3,4,5,6,7]","[0,1,2,3,4,8,29,33]"
n498140,27,0.25,34,8,4,12,4,4,0.3333333333333333,"[0,1,2,3,4,5,6,7]","[0,1,3,7,8,12,31,33]"
n498140,28,0.25,34,8,6,10,2,2,0.6,"[0,1,2,3,4,5,6,7]","[0,1,2,3,5,7,29,33]"
n498140,29,0.25,34,8,5,11,3,3,0.45454545454545453,"[0,1,2,3,4,5,6,7]","[0,1,2,3,4,15,32,33]"
n498140,30,0.25,34,8,3,13,5,5,0.23076923076923078,"[0,1,2,3,4,5,6,7]","[0,1,4,8,9,14,32,33]"
n498140,31,0.25,34,8,5,11,3,3,0.45454545454545453,"[0,1,2,3,4,5,6,7]","[0,1,2,3,5,14,27,32]"
n16656,0,0.25,37,9,6,12,3,3,0.5,"[0,1,2,3,4,5,6,7,8]","[0,2,3,5,7,8,10,11,23]"
n16656,1,0.25,37,9,7,11,2,2,0.6363636363636364,"[0,1,2,3,4,5,6,7,8]","[0,1,2,3,4,5,6,32,36]"
n16656,2,0.25,37,9,7,11,2,2,0.6363636363636364,"[0,1,2,3,4,5,6,7,8]","[0,1,2,3,4,6,7,20,36]"
n16656,3,0.25,37,9,7,11,2,2,0.6363636363636364,"[0,1,2,3,4,5,6,7,8]","[0,1,2,3,4,5,6,25,33]"
n16656,4,0.25,37,9,7,11,2,2,0.6363636363636364,"[0,1,2,3,4,5,6,7,8]","[0,1,2,3,4,6,7,29,32]"
n16656,5,0.25,37,9,7,11,2,2,0.6363636363636364,"[0,1,2,3,4,5,6,7,8]","[0,1,2,3,5,6,7,31,33]"
n16656,6,0.25,37,9,7,11,2,2,0.6363636363636364,"[0,1,2,3,4,5,6,7,8]","[0,1,2,3,4,6,7,32,36]"
n16656,7,0.25,37,9,6,12,3,3,0.5,"[0,1,2,3,4,5,6,7,8]","[0,1,2,3,4,8,9,31,35]"
n16656,8,0.25,37,9,7,11,2,2,0.6363636363636364,"[0,1,2,3,4,5,6,7,8]","[0,1,2,4,5,6,8,28,34]"
n16656,9,0.25,37,9,6,12,3,3,0.5,"[0,1,2,3,4,5,6,7,8]","[0,1,2,3,4,8,11,29,34]"
n16656,10,0.25,37,9,6,12,3,3,0.5,"[0,1,2,3,4,5,6,7,8]","[0,1,3,4,6,8,11,31,36]"
n16656,11,0.25,37,9,5,13,4,4,0.38461538461538464,"[0,1,2,3,4,5,6,7,8]","[0,1,2,6,7,14,16,30,36]"
n16656,12,0.25,37,9,6,12,3,3,0.5,"[0,1,2,3,4,5,6,7,8]","[0,1,2,3,4,7,18,30,36]"
n16656,13,0.25,37,9,6,12,3,3,0.5,"[0,1,2,3,4,5,6,7,8]","[0,1,3,5,6,8,16,29,36]"
n16656,14,0.25,37,9,4,14,5,5,0.2857142857142857,"[0,1,2,3,4,5,6,7,8]","[0,3,7,8,9,11,12,32,36]"
n16656,15,0.25,37,9,7,11,2,2,0.6363636363636364,"[0,1,2,3,4,5,6,7,8]","[0,1,2,3,5,6,7,29,36]"
n16656,16,0.25,37,9,7,11,2,2,0.6363636363636364,"[0,1,2,3,4,5,6,7,8]","[0,1,2,3,4,5,6,21,34]"
n16656,17,0.25,37,9,6,12,3,3,0.5,"[0,1,2,3,4,5,6,7,8]","[0,1,2,3,4,8,16,34,36]"
n16656,18,0.25,37,9,6,12,3,3,0.5,"[0,1,2,3,4,5,6,7,8]","[0,1,2,3,4,5,12,27,34]"
n16656,19,0.25,37,9,7,11,2,2,0.6363636363636364,"[0,1,2,3,4,5,6,7,8]","[0,1,2,3,4,5,6,28,36]"
n16656,20,0.25,37,9,6,12,3,3,0.5,"[0,1,2,3,4,5,6,7,8]","[0,1,2,3,4,6,9,27,34]"
n16656,21,0.25,37,9,7,11,2,2,0.6363636363636364,"[0,1,2,3,4,5,6,7,8]","[0,1,2,3,4,6,8,16,30]"
n16656,22,0.25,37,9,7,11,2,2,0.6363636363636364,"[0,1,2,3,4,5,6,7,8]","[0,1,2,3,4,6,7,27,30]"
n16656,23,0.25,37,9,5,13,4,4,0.38461538461538464,"[0,1,2,3,4,5,6,7,8]","[0,1,2,3,6,11,12,33,34]"
n16656,24,0.25,37,9,6,12,3,3,0.5,"[0,1,2,3,4,5,6,7,8]","[0,1,2,3,6,7,15,32,36]"
n16656,25,0.25,37,9,6,12,3,3,0.5,"[0,1,2,3,4,5,6,7,8]","[0,1,2,3,4,6,10,28,30]"
n16656,26,0.25,37,9,7,11,2,2,0.6363636363636364,"[0,1,2,3,4,5,6,7,8]","[0,1,2,3,5,7,8,27,36]"
n16656,27,0.25,37,9,4,14,5,5,0.2857142857142857,"[0,1,2,3,4,5,6,7,8]","[0,2,5,6,9,10,11,12,36]"
n16656,28,0.25,37,9,6,12,3,3,0.5,"[0,1,2,3,4,5,6,7,8]","[0,1,2,3,4,5,14,27,34]"
n16656,29,0.25,37,9,7,11,2,2,0.6363636363636364,"[0,1,2,3,4,5,6,7,8]","[0,1,2,3,4,5,6,28,30]"
n16656,30,0.25,37,9,6,12,3,3,0.5,"[0,1,2,3,4,5,6,7,8]","[0,1,2,3,4,7,10,31,36]"
n16656,31,0.25,37,9,6,12,3,3,0.5,"[0,1,2,3,4,5,6,7,8]","[0,1,2,3,4,7,10,33,35]"
n329479,0,0.25,34,8,5,11,3,3,0.45454545454545453,"[0,1,2,3,4,5,6,7]","[0,4,5,6,7,8,9,22]"
n329479,1,0.25,34,8,6,10,2,2,0.6,"[0,1,2,3,4,5,6,7]","[0,1,2,3,4,5,8,33]"
n329479,2,0.25,34,8,6,10,2,2,0.6,"[0,1,2,3,4,5,6,7]","[0,1,2,3,4,7,30,33]"
n329479,3,0.25,34,8,6,10,2,2,0.6,"[0,1,2,3,4,5,6,7]","[0,1,2,3,4,6,21,33]"
n329479,4,0.25,34,8,5,11,3,3,0.45454545454545453,"[0,1,2,3,4,5,6,7]","[0,1,2,3,4,9,23,29]"
n329479,5,0.25,34,8,6,10,2,2,0.6,"[0,1,2,3,4,5,6,7]","[0,1,2,3,4,5,28,32]"
n329479,6,0.25,34,8,6,10,2,2,0.6,"[0,1,2,3,4,5,6,7]","[0,1,2,3,4,5,31,33]"
n329479,7,0.25,34,8,6,10,2,2,0.6,"[0,1,2,3,4,5,6,7]","[0,1,2,3,4,6,29,32]"
n329479,8,0.25,34,8,6,10,2,2,0.6,"[0,1,2,3,4,5,6,7]","[0,1,2,3,4,5,29,31]"
n329479,9,0.25,34,8,6,10,2,2,0.6,"[0,1,2,3,4,5,6,7]","[0,1,2,3,4,6,25,31]"
n329479,10,0.25,34,8,6,10,2,2,0.6,"[0,1,2,3,4,5,6,7]","[0,1,2,3,4,5,30,33]"
n329479,11,0.25,34,8,6,10,2,2,0.6,"[0,1,2,3,4,5,6,7]","[0,1,2,3,5,6,18,29]"
n329479,12,0.25,34,8,6,10,2,2,0.6,"[0,1,2,3,4,5,6,7]","[0,1,2,3,4,5,30,33]"
n329479,13,0.25,34,8,6,10,2,2,0.6,"[0,1,2,3,4,5,6,7]","[0,1,2,3,4,5,26,33]"
n329479,14,0.25,34,8,6,10,2,2,0.6,"[0,1,2,3,4,5,6,7]","[0,1,2,4,5,6,27,33]"
n329479,15,0.25,34,8,6,10,2,2,0.6,"[0,1,2,3,4,5,6,7]","[0,1,2,3,4,5,30,33]"
n329479,16,0.25,34,8,6,10,2,2,0.6,"[0,1,2,3,4,5,6,7]","[0,1,3,4,5,6,20,33]"
n329479,17,0.25,34,8,6,10,2,2,0.6,"[0,1,2,3,4,5,6,7]","[0,1,2,4,5,6,28,33]"
n329479,18,0.25,34,8,6,10,2,2,0.6,"[0,1,2,3,4,5,6,7]","[0,1,2,3,4,7,30,32]"
n329479,19,0.25,34,8,6,10,2,2,0.6,"[0,1,2,3,4,5,6,7]","[0,1,2,3,4,5,28,33]"
n329479,20,0.25,34,8,6,10,2,2,0.6,"[0,1,2,3,4,5,6,7]","[0,1,2,3,4,5,21,31]"
n329479,21,0.25,34,8,6,10,2,2,0.6,"[0,1,2,3,4,5,6,7]","[0,1,2,3,4,5,24,32]"
n329479,22,0.25,34,8,6,10,2,2,0.6,"[0,1,2,3,4,5,6,7]","[0,1,2,4,5,7,27,33]"
n329479,23,0.25,34,8,4,12,4,4,0.3333333333333333,"[0,1,2,3,4,5,6,7]","[0,1,2,3,8,9,21,33]"
n329479,24,0.25,34,8,6,10,2,2,0.6,"[0,1,2,3,4,5,6,7]","[0,1,2,3,4,7,21,33]"
n329479,25,0.25,34,8,6,10,2,2,0.6,"[0,1,2,3,4,5,6,7]","[0,1,2,3,4,5,26,32]"
n329479,26,0.25,34,8,6,10,2,2,0.6,"[0,1,2,3,4,5,6,7]","[0,1,2,3,4,5,22,33]"
n329479,27,0.25,34,8,5,11,3,3,0.45454545454545453,"[0,1,2,3,4,5,6,7]","[0,1,2,3,4,8,27,30]"
n329479,28,0.25,34,8,5,11,3,3,0.45454545454545453,"[0,1,2,3,4,5,6,7]","[0,1,2,3,4,9,27,32]"
n329479,29,0.25,34,8,6,10,2,2,0.6,"[0,1,2,3,4,5,6,7]","[0,1,2,3,4,5,27,32]"
n329479,30,0.25,34,8,5,11,3,3,0.45454545454545453,"[0,1,2,3,4,5,6,7]","[0,1,2,5,6,8,28,33]"
n329479,31,0.25,34,8,6,10,2,2,0.6,"[0,1,2,3,4,5,6,7]","[0,1,2,3,5,6,28,33]"
n406334,0,0.25,34,8,5,11,3,3,0.45454545454545453,"[0,1,2,3,4,5,6,7]","[0,2,3,5,6,8,13,26]"
n406334,1,0.25,34,8,6,10,2,2,0.6,"[0,1,2,3,4,5,6,7]","[0,1,2,3,4,5,13,33]"
n406334,2,0.25,34,8,5,11,3,3,0.45454545454545453,"[0,1,2,3,4,5,6,7]","[0,1,2,4,5,8,15,33]"
n406334,3,0.25,34,8,6,10,2,2,0.6,"[0,1,2,3,4,5,6,7]","[0,1,2,3,4,6,25,32]"
n406334,4,0.25,34,8,6,10,2,2,0.6,"[0,1,2,3,4,5,6,7]","[0,1,2,3,4,6,25,28]"
n406334,5,0.25,34,8,6,10,2,2,0.6,"[0,1,2,3,4,5,6,7]","[0,1,2,3,4,5,24,30]"
n406334,6,0.25,34,8,6,10,2,2,0.6,"[0,1,2,3,4,5,6,7]","[0,1,2,3,4,5,26,31]"
n406334,7,0.25,34,8,6,10,2,2,0.6,"[0,1,2,3,4,5,6,7]","[0,1,3,4,5,6,29,32]"
n406334,8,0.25,34,8,6,10,2,2,0.6,"[0,1,2,3,4,5,6,7]","[0,1,2,3,4,5,28,32]"
n406334,9,0.25,34,8,6,10,2,2,0.6,"[0,1,2,3,4,5,6,7]","[0,1,2,3,4,6,28,31]"
n406334,10,0.25,34,8,5,11,3,3,0.45454545454545453,"[0,1,2,3,4,5,6,7]","[0,1,2,3,7,8,28,31]"
n406334,11,0.25,34,8,6,10,2,2,0.6,"[0,1,2,3,4,5,6,7]","[0,1,2,3,4,7,28,33]"
n406334,12,0.25,34,8,6,10,2,2,0.6,"[0,1,2,3,4,5,6,7]","[0,1,3,4,5,7,29,33]"
n406334,13,0.25,34,8,6,10,2,2,0.6,"[0,1,2,3,4,5,6,7]","[0,1,2,3,5,7,29,33]"
n406334,14,0.25,34,8,5,11,3,3,0.45454545454545453,"[0,1,2,3,4,5,6,7]","[0,1,2,4,6,16,24,32]"
n406334,15,0.25,34,8,4,12,4,4,0.3333333333333333,"[0,1,2,3,4,5,6,7]","[0,1,2,3,9,11,27,32]"
n406334,16,0.25,34,8,4,12,4,4,0.3333333333333333,"[0,1,2,3,4,5,6,7]","[0,1,2,4,8,10,26,33]"
n406334,17,0.25,34,8,5,11,3,3,0.45454545454545453,"[0,1,2,3,4,5,6,7]","[0,1,2,3,6,12,27,33]"
n406334,18,0.25,34,8,5,11,3,3,0.45454545454545453,"[0,1,2,3,4,5,6,7]","[0,1,2,3,7,8,26,31]"
n406334,19,0.25,34,8,5,11,3,3,0.45454545454545453,"[0,1,2,3,4,5,6,7]","[0,1,3,5,7,8,25,33]"
n406334,20,0.25,34,8,6,10,2,2,0.6,"[0,1,2,3,4,5,6,7]","[0,1,2,3,4,7,23,30]"
n406334,21,0.25,34,8,6,10,2,2,0.6,"[0,1,2,3,4,5,6,7]","[0,1,2,3,4,6,21,33]"
n406334,22,0.25,34,8,5,11,3,3,0.45454545454545453,"[0,1,2,3,4,5,6,7]","[0,1,2,3,5,9,21,28]"
n406334,23,0.25,34,8,6,10,2,2,0.6,"[0,1,2,3,4,5,6,7]","[0,1,2,3,6,7,23,32]"
n406334,24,0.25,34,8,6,10,2,2,0.6,"[0,1,2,3,4,5,6,7]","[0,1,2,3,4,5,20,26]"
n406334,25,0.25,34,8,6,10,2,2,0.6,"[0,1,2,3,4,5,6,7]","[0,1,2,3,4,5,21,33]"
n406334,26,0.25,34,8,5,11,3,3,0.45454545454545453,"[0,1,2,3,4,5,6,7]","[0,1,2,3,4,8,26,30]"
n406334,27,0.25,34,8,5,11,3,3,0.45454545454545453,"[0,1,2,3,4,5,6,7]","[0,1,2,5,6,11,29,33]"
n406334,28,0.25,34,8,6,10,2,2,0.6,"[0,1,2,3,4,5,6,7]","[0,1,3,4,5,6,27,32]"
n406334,29,0.25,34,8,6,10,2,2,0.6,"[0,1,2,3,4,5,6,7]","[0,1,2,3,5,6,28,32]"
n406334,30,0.25,34,8,6,10,2,2,0.6,"[0,1,2,3,4,5,6,7]","[0,2,3,4,5,7,23,33]"
n406334,31,0.25,34,8,6,10,2,2,0.6,"[0,1,2,3,4,5,6,7]","[0,1,2,3,4,7,18,33]"
n302387,0,0.25,37,9,5,13,4,4,0.38461538461538464,"[0,1,2,3,4,5,6,7,8]","[0,3,6,7,8,10,12,15,34]"
n302387,1,0.25,37,9,7,11,2,2,0.6363636363636364,"[0,1,2,3,4,5,6,7,8]","[0,1,2,3,4,5,8,29,36]"
n302387,2,0.25,37,9,7,11,2,2,0.6363636363636364,"[0,1,2,3,4,5,6,7,8]","[0,1,2,3,4,5,6,13,32]"
n302387,3,0.25,37,9,7,11,2,2,0.6363636363636364,"[0,1,2,3,4,5,6,7,8]","[0,1,2,3,4,5,6,29,30]"
n302387,4,0.25,37,9,7,11,2,2,0.6363636363636364,"[0,1,2,3,4,5,6,7,8]","[0,1,2,3,5,7,8,24,32]"
n302387,5,0.25,37,9,7,11,2,2,0.6363636363636364,"[0,1,2,3,4,5,6,7,8]","[0,1,2,3,4,5,8,28,32]"
n302387,6,0.25,37,9,7,11,2,2,0.6363636363636364,"[0,1,2,3,4,5,6,7,8]","[0,1,2,3,4,5,8,29,33]"
n302387,7,0.25,37,9,7,11,2,2,0.6363636363636364,"[0,1,2,3,4,5,6,7,8]","[0,1,2,3,4,5,8,31,35]"
n302387,8,0.25,37,9,5,13,4,4,0.38461538461538464,"[0,1,2,3,4,5,6,7,8]","[0,1,2,4,5,9,10,30,35]"
n302387,9,0.25,37,9,7,11,2,2,0.6363636363636364,"[0,1,2,3,4,5,6,7,8]","[0,1,2,3,4,6,7,30,35]"
n302387,10,0.25,37,9,7,11,2,2,0.6363636363636364,"[0,1,2,3,4,5,6,7,8]","[0,1,2,3,4,5,7,29,36]"
n302387,11,0.25,37,9,6,12,3,3,0.5,"[0,1,2,3,4,5,6,7,8]","[0,1,2,3,5,6,9,26,34]"
n302387,12,0.25,37,9,6,12,3,3,0.5,"[0,1,2,3,4,5,6,7,8]","[0,2,3,4,5,7,11,27,34]"
n302387,13,0.25,37,9,6,12,3,3,0.5,"[0,1,2,3,4,5,6,7,8]","[0,1,2,3,4,7,18,25,35]"
n302387,14,0.25,37,9,6,12,3,3,0.5,"[0,1,2,3,4,5,6,7,8]","[0,1,2,3,5,6,9,25,34]"
n302387,15,0.25,37,9,6,12,3,3,0.5,"[0,1,2,3,4,5,6,7,8]","[0,1,2,3,4,6,16,28,32]"
n302387,16,0.25,37,9,7,11,2,2,0.6363636363636364,"[0,1,2,3,4,5,6,7,8]","[0,1,2,3,4,5,8,30,33]"
n302387,17,0.25,37,9,7,11,2,2,0.6363636363636364,"[0,1,2,3,4,5,6,7,8]","[0,1,2,3,5,6,8,30,36]"
n302387,18,0.25,37,9,6,12,3,3,0.5,"[0,1,2,3,4,5,6,7,8]","[0,1,2,3,5,7,9,30,34]"
n302387,19,0.25,37,9,7,11,2,2,0.6363636363636364,"[0,1,2,3,4,5,6,7,8]","[0,1,2,3,6,7,8,28,36]"
n302387,20,0.25,37,9,6,12,3,3,0.5,"[0,1,2,3,4,5,6,7,8]","[0,1,2,3,4,7,9,27,36]"
n302387,21,0.25,37,9,7,11,2,2,0.6363636363636364,"[0,1,2,3,4,5,6,7,8]","[0,1,2,3,4,6,7,27,35]"
n302387,22,0.25,37,9,6,12,3,3,0.5,"[0,1,2,3,4,5,6,7,8]","[0,1,2,3,4,7,9,27,32]"
n302387,23,0.25,37,9,6,12,3,3,0.5,"[0,1,2,3,4,5,6,7,8]","[0,1,2,3,4,5,12,26,33]"
n302387,24,0.25,37,9,7,11,2,2,0.6363636363636364,"[0,1,2,3,4,5,6,7,8]","[0,1,2,3,4,5,6,29,36]"
n302387,25,0.25,37,9,6,12,3,3,0.5,"[0,1,2,3,4,5,6,7,8]","[0,2,3,4,5,8,10,20,35]"
n302387,26,0.25,37,9,6,12,3,3,0.5,"[0,1,2,3,4,5,6,7,8]","[0,1,2,3,4,5,12,23,35]"
n302387,27,0.25,37,9,6,12,3,3,0.5,"[0,1,2,3,4,5,6,7,8]","[0,1,2,3,4,6,13,23,36]"
n302387,28,0.25,37,9,6,12,3,3,0.5,"[0,1,2,3,4,5,6,7,8]","[0,1,2,3,4,7,18,22,33]"
n302387,29,0.25,37,9,6,12,3,3,0.5,"[0,1,2,3,4,5,6,7,8]","[0,1,2,3,4,6,13,26,34]"
n302387,30,0.25,37,9,4,14,5,5,0.2857142857142857,"[0,1,2,3,4,5,6,7,8]","[0,1,2,4,10,13,21,30,35]"
n302387,31,0.25,37,9,5,13,4,4,0.38461538461538464,"[0,1,2,3,4,5,6,7,8]","[0,2,4,7,8,9,23,25,32]"
n52544,0,0.25,34,8,6,10,2,2,0.6,"[0,1,2,3,4,5,6,7]","[0,1,2,3,4,5,13,17]"
n52544,1,0.25,34,8,6,10,2,2,0.6,"[0,1,2,3,4,5,6,7]","[0,1,2,3,4,5,11,30]"
n52544,2,0.25,34,8,5,11,3,3,0.45454545454545453,"[0,1,2,3,4,5,6,7]","[0,1,2,3,6,10,13,19]"
n52544,3,0.25,34,8,5,11,3,3,0.45454545454545453,"[0,1,2,3,4,5,6,7]","[0,1,2,3,5,9,23,25]"
n52544,4,0.25,34,8,6,10,2,2,0.6,"[0,1,2,3,4,5,6,7]","[0,1,2,4,5,6,25,29]"
n52544,5,0.25,34,8,5,11,3,3,0.45454545454545453,"[0,1,2,3,4,5,6,7]","[0,1,2,3,5,9,26,31]"
n52544,6,0.25,34,8,5,11,3,3,0.45454545454545453,"[0,1,2,3,4,5,6,7]","[0,1,2,3,4,8,29,30]"
n52544,7,0.25,34,8,6,10,2,2,0.6,"[0,1,2,3,4,5,6,7]","[0,1,2,3,4,6,29,31]"
n52544,8,0.25,34,8,5,11,3,3,0.45454545454545453,"[0,1,2,3,4,5,6,7]","[0,1,2,3,7,10,28,32]"
n52544,9,0.25,34,8,5,11,3,3,0.45454545454545453,"[0,1,2,3,4,5,6,7]","[0,1,2,3,5,8,26,30]"
n52544,10,0.25,34,8,5,11,3,3,0.45454545454545453,"[0,1,2,3,4,5,6,7]","[0,1,2,3,5,10,29,32]"
n52544,11,0.25,34,8,5,11,3,3,0.45454545454545453,"[0,1,2,3,4,5,6,7]","[0,1,2,5,6,12,28,31]"
n52544,12,0.25,34,8,5,11,3,3,0.45454545454545453,"[0,1,2,3,4,5,6,7]","[0,1,2,3,6,16,29,32]"
n52544,13,0.25,34,8,5,11,3,3,0.45454545454545453,"[0,1,2,3,4,5,6,7]","[0,1,3,4,5,9,30,33]"
n52544,14,0.25,34,8,5,11,3,3,0.45454545454545453,"[0,1,2,3,4,5,6,7]","[0,2,4,6,7,11,28,30]"
n52544,15,0.25,34,8,5,11,3,3,0.45454545454545453,"[0,1,2,3,4,5,6,7]","[0,1,2,3,4,11,23,33]"
n52544,16,0.25,34,8,6,10,2,2,0.6,"[0,1,2,3,4,5,6,7]","[0,1,2,3,5,6,22,33]"
n52544,17,0.25,34,8,5,11,3,3,0.45454545454545453,"[0,1,2,3,4,5,6,7]","[0,1,2,4,5,9,26,33]"
n52544,18,0.25,34,8,5,11,3,3,0.45454545454545453,"[0,1,2,3,4,5,6,7]","[0,1,2,3,4,16,30,33]"
n52544,19,0.25,34,8,6,10,2,2,0.6,"[0,1,2,3,4,5,6,7]","[0,1,2,3,5,6,26,33]"
n52544,20,0.25,34,8,6,10,2,2,0.6,"[0,1,2,3,4,5,6,7]","[0,1,2,3,4,5,31,32]"
n52544,21,0.25,34,8,5,11,3,3,0.45454545454545453,"[0,1,2,3,4,5,6,7]","[0,1,2,4,5,8,23,32]"
n52544,22,0.25,34,8,5,11,3,3,0.45454545454545453,"[0,1,2,3,4,5,6,7]","[0,1,2,3,5,10,27,28]"
n52544,23,0.25,34,8,5,11,3,3,0.45454545454545453,"[0,1,2,3,4,5,6,7]","[0,1,2,3,6,9,27,32]"
n52544,24,0.25,34,8,6,10,2,2,0.6,"[0,1,2,3,4,5,6,7]","[0,1,2,3,4,6,23,33]"
n52544,25,0.25,34,8,5,11,3,3,0.45454545454545453,"[0,1,2,3,4,5,6,7]","[0,1,2,3,5,9,17,33]"
n52544,26,0.25,34,8,5,11,3,3,0.45454545454545453,"[0,1,2,3,4,5,6,7]","[0,1,2,3,7,11,27,29]"
n52544,27,0.25,34,8,3,13,5,5,0.23076923076923078,"[0,1,2,3,4,5,6,7]","[0,1,2,8,10,11,24,28]"
n52544,28,0.25,34,8,5,11,3,3,0.45454545454545453,"[0,1,2,3,4,5,6,7]","[0,1,2,3,5,10,23,30]"
n52544,29,0.25,34,8,6,10,2,2,0.6,"[0,1,2,3,4,5,6,7]","[0,1,2,3,5,6,24,33]"
n52544,30,0.25,34,8,5,11,3,3,0.45454545454545453,"[0,1,2,3,4,5,6,7]","[0,1,2,3,4,9,29,32]"
n52544,31,0.25,34,8,6,10,2,2,0.6,"[0,1,2,3,4,5,6,7]","[0,1,2,3,4,5,22,32]"
n540852,0,0.25,42,10,5,15,5,5,0.3333333333333333,"[0,1,2,3,4,5,6,7,8,9]","[0,2,4,6,7,10,12,14,16,41]"
n540852,1,0.25,42,10,8,12,2,2,0.6666666666666666,"[0,1,2,3,4,5,6,7,8,9]","[0,1,2,3,4,5,6,7,29,41]"
n540852,2,0.25,42,10,7,13,3,3,0.5384615384615384,"[0,1,2,3,4,5,6,7,8,9]","[0,1,2,3,4,5,8,10,39,41]"
n540852,3,0.25,42,10,7,13,3,3,0.5384615384615384,"[0,1,2,3,4,5,6,7,8,9]","[0,1,2,3,4,5,7,12,22,41]"
n540852,4,0.25,42,10,7,13,3,3,0.5384615384615384,"[0,1,2,3,4,5,6,7,8,9]","[0,1,2,3,4,6,9,14,30,32]"
n540852,5,0.25,42,10,7,13,3,3,0.5384615384615384,"[0,1,2,3,4,5,6,7,8,9]","[0,1,2,3,4,5,9,12,31,34]"
n540852,6,0.25,42,10,8,12,2,2,0.6666666666666666,"[0,1,2,3,4,5,6,7,8,9]","[0,1,2,3,4,5,8,9,31,37]"
n540852,7,0.25,42,10,7,13,3,3,0.5384615384615384,"[0,1,2,3,4,5,6,7,8,9]","[0,1,2,4,5,6,7,10,28,39]"
n540852,8,0.25,42,10,7,13,3,3,0.5384615384615384,"[0,1,2,3,4,5,6,7,8,9]","[0,1,2,3,5,6,8,11,31,36]"
n540852,9,0.25,42,10,5,15,5,5,0.3333333333333333,"[0,1,2,3,4,5,6,7,8,9]","[0,1,4,5,8,11,12,13,36,39]"
n540852,10,0.25,42,10,7,13,3,3,0.5384615384615384,"[0,1,2,3,4,5,6,7,8,9]","[0,1,2,3,4,7,8,11,34,40]"
n540852,11,0.25,42,10,7,13,3,3,0.5384615384615384,"[0,1,2,3,4,5,6,7,8,9]","[0,1,2,3,4,7,8,16,26,36]"
n540852,12,0.25,42,10,6,14,4,4,0.42857142857142855,"[0,1,2,3,4,5,6,7,8,9]","[0,1,2,3,5,7,12,22,31,36]"
n540852,13,0.25,42,10,7,13,3,3,0.5384615384615384,"[0,1,2,3,4,5,6,7,8,9]","[0,1,2,3,5,7,8,10,22,35]"
n540852,14,0.25,42,10,7,13,3,3,0.5384615384615384,"[0,1,2,3,4,5,6,7,8,9]","[0,2,3,4,5,6,9,14,31,39]"
n540852,15,0.25,42,10,7,13,3,3,0.5384615384615384,"[0,1,2,3,4,5,6,7,8,9]","[0,1,2,3,4,6,8,25,37,39]"
n540852,16,0.25,42,10,6,14,4,4,0.42857142857142855,"[0,1,2,3,4,5,6,7,8,9]","[0,1,2,3,4,5,10,14,31,32]"
n540852,17,0.25,42,10,8,12,2,2,0.6666666666666666,"[0,1,2,3,4,5,6,7,8,9]","[0,1,2,3,4,5,6,8,24,38]"
n540852,18,0.25,42,10,7,13,3,3,0.5384615384615384,"[0,1,2,3,4,5,6,7,8,9]","[0,1,2,3,4,5,6,11,38,41]"
n540852,19,0.25,42,10,7,13,3,3,0.5384615384615384,"[0,1,2,3,4,5,6,7,8,9]","[0,1,2,3,4,5,6,17,27,35]"
n540852,20,0.25,42,10,7,13,3,3,0.5384615384615384,"[0,1,2,3,4,5,6,7,8,9]","[0,1,2,3,4,5,6,19,32,36]"
n540852,21,0.25,42,10,7,13,3,3,0.5384615384615384,"[0,1,2,3,4,5,6,7,8,9]","[0,1,2,3,4,5,7,19,34,40]"
n540852,22,0.25,42,10,8,12,2,2,0.6666666666666666,"[0,1,2,3,4,5,6,7,8,9]","[0,1,2,3,4,5,8,9,21,33]"
n540852,23,0.25,42,10,7,13,3,3,0.5384615384615384,"[0,1,2,3,4,5,6,7,8,9]","[0,1,2,3,6,7,8,10,18,29]"
n540852,24,0.25,42,10,7,13,3,3,0.5384615384615384,"[0,1,2,3,4,5,6,7,8,9]","[0,1,2,3,4,6,8,23,29,34]"
n540852,25,0.25,42,10,8,12,2,2,0.6666666666666666,"[0,1,2,3,4,5,6,7,8,9]","[0,1,2,3,4,6,8,9,20,33]"
n540852,26,0.25,42,10,6,14,4,4,0.42857142857142855,"[0,1,2,3,4,5,6,7,8,9]","[0,1,2,3,4,6,14,22,33,41]"
n540852,27,0.25,42,10,8,12,2,2,0.6666666666666666,"[0,1,2,3,4,5,6,7,8,9]","[0,1,2,3,4,5,6,9,37,41]"
n540852,28,0.25,42,10,7,13,3,3,0.5384615384615384,"[0,1,2,3,4,5,6,7,8,9]","[0,1,2,3,4,5,7,19,39,40]"
n540852,29,0.25,42,10,8,12,2,2,0.6666666666666666,"[0,1,2,3,4,5,6,7,8,9]","[0,1,2,3,4,5,7,9,38,41]"
n540852,30,0.25,42,10,6,14,4,4,0.42857142857142855,"[0,1,2,3,4,5,6,7,8,9]","[0,1,3,5,7,8,10,11,39,41]"
n540852,31,0.25,42,10,8,12,2,2,0.6666666666666666,"[0,1,2,3,4,5,6,7,8,9]","[0,1,2,3,4,5,6,7,37,41]"
n234722,0,0.25,37,9,7,11,2,2,0.6363636363636364,"[0,1,2,3,4,5,6,7,8]","[0,2,3,5,6,7,8,9,11]"
n234722,1,0.25,37,9,6,12,3,3,0.5,"[0,1,2,3,4,5,6,7,8]","[0,1,2,3,4,5,10,28,35]"
n234722,2,0.25,37,9,6,12,3,3,0.5,"[0,1,2,3,4,5,6,7,8]","[0,1,2,3,4,6,10,33,36]"
n234722,3,0.25,37,9,7,11,2,2,0.6363636363636364,"[0,1,2,3,4,5,6,7,8]","[0,1,2,3,4,5,7,28,36]"
n234722,4,0.25,37,9,7,11,2,2,0.6363636363636364,"[0,1,2,3,4,5,6,7,8]","[0,1,2,3,4,6,8,27,36]"
n234722,5,0.25,37,9,7,11,2,2,0.6363636363636364,"[0,1,2,3,4,5,6,7,8]","[0,1,2,3,5,7,8,32,35]"
n234722,6,0.25,37,9,7,11,2,2,0.6363636363636364,"[0,1,2,3,4,5,6,7,8]","[0,1,2,3,4,5,6,29,33]"
n234722,7,0.25,37,9,7,11,2,2,0.6363636363636364,"[0,1,2,3,4,5,6,7,8]","[0,1,2,3,4,5,8,35,36]"
n234722,8,0.25,37,9,7,11,2,2,0.6363636363636364,"[0,1,2,3,4,5,6,7,8]","[0,1,2,3,4,5,8,34,35]"
n234722,9,0.25,37,9,7,11,2,2,0.6363636363636364,"[0,1,2,3,4,5,6,7,8]","[0,1,2,3,4,5,8,33,35]"
n234722,10,0.25,37,9,7,11,2,2,0.6363636363636364,"[0,1,2,3,4,5,6,7,8]","[0,1,2,3,4,5,6,34,35]"
n234722,11,0.25,37,9,7,11,2,2,0.6363636363636364,"[0,1,2,3,4,5,6,7,8]","[0,1,2,3,4,6,7,33,36]"
n234722,12,0.25,37,9,6,12,3,3,0.5,"[0,1,2,3,4,5,6,7,8]","[0,1,3,4,5,8,9,33,36]"
n234722,13,0.25,37,9,7,11,2,2,0.6363636363636364,"[0,1,2,3,4,5,6,7,8]","[0,1,2,3,4,5,6,31,35]"
n234722,14,0.25,37,9,7,11,2,2,0.6363636363636364,"[0,1,2,3,4,5,6,7,8]","[0,2,3,4,5,7,8,25,35]"
n234722,15,0.25,37,9,6,12,3,3,0.5,"[0,1,2,3,4,5,6,7,8]","[0,1,2,3,5,8,10,30,35]"
n234722,16,0.25,37,9,6,12,3,3,0.5,"[0,1,2,3,4,5,6,7,8]","[0,1,2,3,6,8,10,29,32]"
n234722,17,0.25,37,9,7,11,2,2,0.6363636363636364,"[0,1,2,3,4,5,6,7,8]","[0,1,2,3,4,5,7,30,35]"
n234722,18,0.25,37,9,6,12,3,3,0.5,"[0,1,2,3,4,5,6,7,8]","[0,1,2,3,4,8,9,34,35]"
n234722,19,0.25,37,9,7,11,2,2,0.6363636363636364,"[0,1,2,3,4,5,6,7,8]","[0,1,2,3,4,5,8,25,32]"
n234722,20,0.25,37,9,7,11,2,2,0.6363636363636364,"[0,1,2,3,4,5,6,7,8]","[0,1,2,3,4,5,7,25,34]"
n234722,21,0.25,37,9,7,11,2,2,0.6363636363636364,"[0,1,2,3,4,5,6,7,8]","[0,1,2,3,4,5,6,33,35]"
n234722,22,0.25,37,9,7,11,2,2,0.6363636363636364,"[0,1,2,3,4,5,6,7,8]","[0,1,2,3,4,5,8,30,35]"
n234722,23,0.25,37,9,7,11,2,2,0.6363636363636364,"[0,1,2,3,4,5,6,7,8]","[0,1,2,4,5,6,8,27,36]"
n234722,24,0.25,37,9,7,11,2,2,0.6363636363636364,"[0,1,2,3,4,5,6,7,8]","[0,1,2,3,4,6,7,27,35]"
n234722,25,0.25,37,9,7,11,2,2,0.6363636363636364,"[0,1,2,3,4,5,6,7,8]","[0,1,2,3,5,6,7,17,35]"
n234722,26,0.25,37,9,7,11,2,2,0.6363636363636364,"[0,1,2,3,4,5,6,7,8]","[0,1,2,3,4,5,6,27,35]"
n234722,27,0.25,37,9,5,13,4,4,0.38461538461538464,"[0,1,2,3,4,5,6,7,8]","[0,1,2,3,4,9,10,28,36]"
n234722,28,0.25,37,9,6,12,3,3,0.5,"[0,1,2,3,4,5,6,7,8]","[0,1,3,4,6,8,13,31,36]"
n234722,29,0.25,37,9,6,12,3,3,0.5,"[0,1,2,3,4,5,6,7,8]","[0,1,2,3,4,5,9,32,36]"
n234722,30,0.25,37,9,4,14,5,5,0.2857142857142857,"[0,1,2,3,4,5,6,7,8]","[0,3,4,5,11,15,16,31,36]"
n234722,31,0.25,37,9,5,13,4,4,0.38461538461538464,"[0,1,2,3,4,5,6,7,8]","[0,1,2,3,5,9,12,32,33]"
n494918,0,0.25,37,9,5,13,4,4,0.38461538461538464,"[0,1,2,3,4,5,6,7,8]","[0,1,4,5,8,12,14,15,19]"
n494918,1,0.25,37,9,7,11,2,2,0.6363636363636364,"[0,1,2,3,4,5,6,7,8]","[0,1,2,3,4,5,6,9,36]"
n494918,2,0.25,37,9,6,12,3,3,0.5,"[0,1,2,3,4,5,6,7,8]","[0,2,3,4,6,8,10,11,36]"
n494918,3,0.25,37,9,7,11,2,2,0.6363636363636364,"[0,1,2,3,4,5,6,7,8]","[0,1,2,3,4,6,7,19,31]"
n494918,4,0.25,37,9,7,11,2,2,0.6363636363636364,"[0,1,2,3,4,5,6,7,8]","[0,1,2,3,4,6,8,32,33]"
n494918,5,0.25,37,9,7,11,2,2,0.6363636363636364,"[0,1,2,3,4,5,6,7,8]","[0,1,2,3,4,5,7,31,35]"
n494918,6,0.25,37,9,7,11,2,2,0.6363636363636364,"[0,1,2,3,4,5,6,7,8]","[0,1,2,3,4,5,6,28,32]"
n494918,7,0.25,37,9,7,11,2,2,0.6363636363636364,"[0,1,2,3,4,5,6,7,8]","[0,1,2,3,4,5,6,30,35]"
n494918,8,0.25,37,9,7,11,2,2,0.6363636363636364,"[0,1,2,3,4,5,6,7,8]","[0,1,2,3,4,5,7,29,34]"
n494918,9,0.25,37,9,7,11,2,2,0.6363636363636364,"[0,1,2,3,4,5,6,7,8]","[0,1,2,3,4,5,6,18,33]"
n494918,10,0.25,37,9,7,11,2,2,0.6363636363636364,"[0,1,2,3,4,5,6,7,8]","[0,1,2,3,4,5,7,33,36]"
n494918,11,0.25,37,9,7,11,2,2,0.6363636363636364,"[0,1,2,3,4,5,6,7,8]","[0,1,2,3,4,5,8,20,30]"
n494918,12,0.25,37,9,7,11,2,2,0.6363636363636364,"[0,1,2,3,4,5,6,7,8]","[0,1,2,3,4,6,7,23,36]"
n494918,13,0.25,37,9,7,11,2,2,0.6363636363636364,"[0,1,2,3,4,5,6,7,8]","[0,1,2,3,4,5,7,21,35]"
n494918,14,0.25,37,9,6,12,3,3,0.5,"[0,1,2,3,4,5,6,7,8]","[0,1,2,4,5,6,10,26,35]"
n494918,15,0.25,37,9,7,11,2,2,0.6363636363636364,"[0,1,2,3,4,5,6,7,8]","[0,1,2,3,4,5,6,20,35]"
n494918,16,0.25,37,9,5,13,4,4,0.38461538461538464,"[0,1,2,3,4,5,6,7,8]","[0,1,2,4,7,9,13,27,29]"
n494918,17,0.25,37,9,6,12,3,3,0.5,"[0,1,2,3,4,5,6,7,8]","[0,1,2,3,4,6,9,27,35]"
n494918,18,0.25,37,9,7,11,2,2,0.6363636363636364,"[0,1,2,3,4,5,6,7,8]","[0,1,2,3,4,5,6,22,35]"
n494918,19,0.25,37,9,5,13,4,4,0.38461538461538464,"[0,1,2,3,4,5,6,7,8]","[0,1,2,4,5,10,12,21,33]"
n494918,20,0.25,37,9,6,12,3,3,0.5,"[0,1,2,3,4,5,6,7,8]","[0,1,2,4,5,8,10,24,33]"
n494918,21,0.25,37,9,6,12,3,3,0.5,"[0,1,2,3,4,5,6,7,8]","[0,1,2,3,6,7,10,28,33]"
n494918,22,0.25,37,9,6,12,3,3,0.5,"[0,1,2,3,4,5,6,7,8]","[0,1,2,3,5,6,11,31,33]"
n494918,23,0.25,37,9,6,12,3,3,0.5,"[0,1,2,3,4,5,6,7,8]","[0,1,2,3,4,6,9,27,36]"
n494918,24,0.25,37,9,7,11,2,2,0.6363636363636364,"[0,1,2,3,4,5,6,7,8]","[0,1,2,3,4,5,7,28,36]"
n494918,25,0.25,37,9,7,11,2,2,0.6363636363636364,"[0,1,2,3,4,5,6,7,8]","[0,1,2,3,4,5,6,31,33]"
n494918,26,0.25,37,9,7,11,2,2,0.6363636363636364,"[0,1,2,3,4,5,6,7,8]","[0,1,2,3,4,6,7,31,35]"
n494918,27,0.25,37,9,6,12,3,3,0.5,"[0,1,2,3,4,5,6,7,8]","[0,1,2,3,5,8,9,28,30]"
n494918,28,0.25,37,9,6,12,3,3,0.5,"[0,1,2,3,4,5,6,7,8]","[0,1,2,3,5,6,11,28,34]"
n494918,29,0.25,37,9,7,11,2,2,0.6363636363636364,"[0,1,2,3,4,5,6,7,8]","[0,1,2,3,4,5,8,21,35]"
n494918,30,0.25,37,9,6,12,3,3,0.5,"[0,1,2,3,4,5,6,7,8]","[0,1,2,3,4,6,12,28,36]"
n494918,31,0.25,37,9,6,12,3,3,0.5,"[0,1,2,3,4,5,6,7,8]","[0,1,2,3,4,7,9,30,34]"
n355567,0,0.5,34,17,14,20,3,3,0.7,"[0,1,2,3,4,5,6,7,8,9,10,11,12,13,14,15,16]","[0,1,4,5,6,7,8,9,10,11,12,14,15,16,18,20,33]"
n355567,1,0.5,34,17,14,20,3,3,0.7,"[0,1,2,3,4,5,6,7,8,9,10,11,12,13,14,15,16]","[0,1,2,3,4,5,6,7,8,9,12,13,15,16,24,29,33]"
n355567,2,0.5,34,17,13,21,4,4,0.6190476190476191,"[0,1,2,3,4,5,6,7,8,9,10,11,12,13,14,15,16]","[0,1,2,3,4,5,6,7,8,9,10,11,13,18,22,32,33]"
n355567,3,0.5,34,17,13,21,4,4,0.6190476190476191,"[0,1,2,3,4,5,6,7,8,9,10,11,12,13,14,15,16]","[0,1,2,3,4,5,6,7,8,9,10,11,13,19,25,32,33]"
n355567,4,0.5,34,17,13,21,4,4,0.6190476190476191,"[0,1,2,3,4,5,6,7,8,9,10,11,12,13,14,15,16]","[0,1,2,3,4,5,6,7,8,9,10,11,13,23,26,32,33]"
n355567,5,0.5,34,17,14,20,3,3,0.7,"[0,1,2,3,4,5,6,7,8,9,10,11,12,13,14,15,16]","[0,1,2,3,4,5,6,7,8,9,10,11,12,13,27,30,33]"
n355567,6,0.5,34,17,13,21,4,4,0.6190476190476191,"[0,1,2,3,4,5,6,7,8,9,10,11,12,13,14,15,16]","[0,1,2,3,4,5,6,7,8,9,10,11,12,25,30,31,33]"
n355567,7,0.5,34,17,13,21,4,4,0.6190476190476191,"[0,1,2,3,4,5,6,7,8,9,10,11,12,13,14,15,16]","[0,1,2,3,4,5,6,7,8,9,10,11,13,21,28,30,31]"
n355567,8,0.5,34,17,13,21,4,4,0.6190476190476191,"[0,1,2,3,4,5,6,7,8,9,10,11,12,13,14,15,16]","[0,1,2,3,4,5,6,7,8,9,10,11,13,27,30,31,33]"
n355567,9,0.5,34,17,13,21,4,4,0.6190476190476191,"[0,1,2,3,4,5,6,7,8,9,10,11,12,13,14,15,16]","[0,1,2,3,4,5,6,7,8,9,10,11,13,27,28,32,33]"
n355567,10,0.5,34,17,13,21,4,4,0.6190476190476191,"[0,1,2,3,4,5,6,7,8,9,10,11,12,13,14,15,16]","[0,1,2,3,4,5,6,7,8,9,10,11,14,25,28,29,33]"
n355567,11,0.5,34,17,13,21,4,4,0.6190476190476191,"[0,1,2,3,4,5,6,7,8,9,10,11,12,13,14,15,16]","[0,1,2,3,4,5,6,7,8,9,10,11,12,26,28,29,31]"
n355567,12,0.5,34,17,13,21,4,4,0.6190476190476191,"[0,1,2,3,4,5,6,7,8,9,10,11,12,13,14,15,16]","[0,1,2,3,4,5,6,7,8,9,10,11,13,23,28,30,32]"
n355567,13,0.5,34,17,13,21,4,4,0.6190476190476191,"[0,1,2,3,4,5,6,7,8,9,10,11,12,13,14,15,16]","[0,1,2,3,4,5,6,7,8,9,10,11,12,24,29,30,32]"
n355567,14,0.5,34,17,13,21,4,4,0.6190476190476191,"[0,1,2,3,4,5,6,7,8,9,10,11,12,13,14,15,16]","[0,1,2,3,4,5,6,7,8,9,10,11,12,22,28,30,32]"
n355567,15,0.5,34,17,13,21,4,4,0.6190476190476191,"[0,1,2,3,4,5,6,7,8,9,10,11,12,13,14,15,16]","[0,1,2,3,4,5,6,7,8,9,10,11,12,24,28,30,32]"
n355567,16,0.5,34,17,13,21,4,4,0.6190476190476191,"[0,1,2,3,4,5,6,7,8,9,10,11,12,13,14,15,16]","[0,1,2,3,4,5,6,7,8,9,10,11,15,21,26,27,29]"
n355567,17,0.5,34,17,13,21,4,4,0.6190476190476191,"[0,1,2,3,4,5,6,7,8,9,10,11,12,13,14,15,16]","[0,1,2,3,4,5,6,7,8,9,10,11,12,23,27,30,32]"
n355567,18,0.5,34,17,13,21,4,4,0.6190476190476191,"[0,1,2,3,4,5,6,7,8,9,10,11,12,13,14,15,16]","[0,1,2,3,4,5,6,7,8,9,10,11,12,26,27,32,33]"
n355567,19,0.5,34,17,13,21,4,4,0.6190476190476191,"[0,1,2,3,4,5,6,7,8,9,10,11,12,13,14,15,16]","[0,1,2,3,4,5,6,7,8,9,10,11,12,20,27,28,32]"
n355567,20,0.5,34,17,13,21,4,4,0.6190476190476191,"[0,1,2,3,4,5,6,7,8,9,10,11,12,13,14,15,16]","[0,1,2,3,4,5,6,7,8,9,11,12,15,23,26,28,30]"
n355567,21,0.5,34,17,13,21,4,4,0.6190476190476191,"[0,1,2,3,4,5,6,7,8,9,10,11,12,13,14,15,16]","[0,1,2,3,4,5,6,7,8,9,10,11,12,23,24,30,31]"
n355567,22,0.5,34,17,13,21,4,4,0.6190476190476191,"[0,1,2,3,4,5,6,7,8,9,10,11,12,13,14,15,16]","[0,1,2,3,4,5,6,7,8,9,10,11,12,20,23,29,30]"
n355567,23,0.5,34,17,13,21,4,4,0.6190476190476191,"[0,1,2,3,4,5,6,7,8,9,10,11,12,13,14,15,16]","[0,1,2,3,4,5,6,7,8,9,10,11,14,22,29,30,33]"
n355567,24,0.5,34,17,13,21,4,4,0.6190476190476191,"[0,1,2,3,4,5,6,7,8,9,10,11,12,13,14,15,16]","[0,1,2,3,4,5,6,7,8,9,10,11,12,17,19,24,31]"
n355567,25,0.5,34,17,13,21,4,4,0.6190476190476191,"[0,1,2,3,4,5,6,7,8,9,10,11,12,13,14,15,16]","[0,1,2,3,4,5,6,7,8,9,10,12,14,22,25,27,33]"
n355567,26,0.5,34,17,12,22,5,5,0.5454545454545454,"[0,1,2,3,4,5,6,7,8,9,10,11,12,13,14,15,16]","[0,1,2,3,4,5,6,7,8,9,10,11,17,21,26,32,33]"
n355567,27,0.5,34,17,13,21,4,4,0.6190476190476191,"[0,1,2,3,4,5,6,7,8,9,10,11,12,13,14,15,16]","[0,1,2,3,4,5,6,7,8,9,10,11,12,27,29,30,31]"
n355567,28,0.5,34,17,12,22,5,5,0.5454545454545454,"[0,1,2,3,4,5,6,7,8,9,10,11,12,13,14,15,16]","[0,1,2,3,4,5,6,7,8,9,10,12,19,28,29,31,33]"
n355567,29,0.5,34,17,12,22,5,5,0.5454545454545454,"[0,1,2,3,4,5,6,7,8,9,10,11,12,13,14,15,16]","[0,1,2,3,4,5,6,7,8,9,10,13,17,24,27,29,32]"
n355567,30,0.5,34,17,13,21,4,4,0.6190476190476191,"[0,1,2,3,4,5,6,7,8,9,10,11,12,13,14,15,16]","[0,1,2,3,4,5,6,7,8,9,10,11,14,24,27,29,33]"
n355567,31,0.5,34,17,13,21,4,4,0.6190476190476191,"[0,1,2,3,4,5,6,7,8,9,10,11,12,13,14,15,16]","[0,1,2,3,4,5,6,7,8,9,10,13,15,23,26,29,33]"
n9181,0,0.5,37,18,15,21,3,3,0.7142857142857143,"[0,1,2,3,4,5,6,7,8,9,10,11,12,13,14,15,16,17]","[0,1,3,4,5,6,7,8,9,10,11,12,13,14,15,20,30,35]"
n9181,1,0.5,37,18,13,23,5,5,0.5652173913043478,"[0,1,2,3,4,5,6,7,8,9,10,11,12,13,14,15,16,17]","[0,1,2,3,4,5,6,7,8,9,10,11,13,18,29,31,33,35]"
n9181,2,0.5,37,18,14,22,4,4,0.6363636363636364,"[0,1,2,3,4,5,6,7,8,9,10,11,12,13,14,15,16,17]","[0,1,2,3,4,5,6,7,8,9,11,12,13,14,18,20,31,36]"
n9181,3,0.5,37,18,14,22,4,4,0.6363636363636364,"[0,1,2,3,4,5,6,7,8,9,10,11,12,13,14,15,16,17]","[0,1,2,3,4,5,6,7,8,9,10,11,13,14,29,31,34,36]"
n9181,4,0.5,37,18,13,23,5,5,0.5652173913043478,"[0,1,2,3,4,5,6,7,8,9,10,11,12,13,14,15,16,17]","[0,1,2,3,4,5,6,7,8,9,10,12,17,20,28,33,35,36]"
n9181,5,0.5,37,18,13,23,5,5,0.5652173913043478,"[0,1,2,3,4,5,6,7,8,9,10,11,12,13,14,15,16,17]","[0,1,2,3,4,5,6,7,8,9,10,11,12,19,33,34,35,36]"
n9181,6,0.5,37,18,14,22,4,4,0.6363636363636364,"[0,1,2,3,4,5,6,7,8,9,10,11,12,13,14,15,16,17]","[0,1,2,3,4,5,6,7,9,10,11,13,15,16,19,30,33,34]"
n9181,7,0.5,37,18,14,22,4,4,0.6363636363636364,"[0,1,2,3,4,5,6,7,8,9,10,11,12,13,14,15,16,17]","[0,1,2,3,4,5,6,7,8,9,10,11,13,15,22,32,34,36]"
n9181,8,0.5,37,18,14,22,4,4,0.6363636363636364,"[0,1,2,3,4,5,6,7,8,9,10,11,12,13,14,15,16,17]","[0,1,2,3,4,5,6,7,8,9,10,12,13,14,28,30,34,35]"
n9181,9,0.5,37,18,14,22,4,4,0.6363636363636364,"[0,1,2,3,4,5,6,7,8,9,10,11,12,13,14,15,16,17]","[0,1,2,3,4,5,7,8,9,10,11,13,14,16,27,33,35,36]"
n9181,10,0.5,37,18,14,22,4,4,0.6363636363636364,"[0,1,2,3,4,5,6,7,8,9,10,11,12,13,14,15,16,17]","[0,1,2,3,4,5,6,7,8,9,10,12,13,16,27,34,35,36]"
n9181,11,0.5,37,18,14,22,4,4,0.6363636363636364,"[0,1,2,3,4,5,6,7,8,9,10,11,12,13,14,15,16,17]","[0,1,2,3,4,5,6,7,9,10,12,13,15,16,21,24,31,33]"
n9181,12,0.5,37,18,14,22,4,4,0.6363636363636364,"[0,1,2,3,4,5,6,7,8,9,10,11,12,13,14,15,16,17]","[0,1,2,3,4,5,6,7,8,9,10,11,12,13,21,31,35,36]"
n9181,13,0.5,37,18,14,22,4,4,0.6363636363636364,"[0,1,2,3,4,5,6,7,8,9,10,11,12,13,14,15,16,17]","[0,1,2,3,4,5,6,7,8,9,10,11,12,15,22,31,33,36]"
n9181,14,0.5,37,18,13,23,5,5,0.5652173913043478,"[0,1,2,3,4,5,6,7,8,9,10,11,12,13,14,15,16,17]","[0,1,2,3,4,5,6,7,8,9,10,12,13,18,22,28,33,34]"
n9181,15,0.5,37,18,14,22,4,4,0.6363636363636364,"[0,1,2,3,4,5,6,7,8,9,10,11,12,13,14,15,16,17]","[0,1,2,3,4,5,6,7,8,9,10,11,12,17,28,33,34,36]"
n9181,16,0.5,37,18,13,23,5,5,0.5652173913043478,"[0,1,2,3,4,5,6,7,8,9,10,11,12,13,14,15,16,17]","[0,1,2,3,4,5,7,8,9,10,11,13,14,18,31,33,35,36]"
n9181,17,0.5,37,18,14,22,4,4,0.6363636363636364,"[0,1,2,3,4,5,6,7,8,9,10,11,12,13,14,15,16,17]","[0,1,2,3,4,5,6,7,8,10,11,12,14,15,28,31,34,35]"
n9181,18,0.5,37,18,14,22,4,4,0.6363636363636364,"[0,1,2,3,4,5,6,7,8,9,10,11,12,13,14,15,16,17]","[0,1,2,3,4,5,6,7,8,9,10,11,16,17,27,31,33,35]"
n9181,19,0.5,37,18,14,22,4,4,0.6363636363636364,"[0,1,2,3,4,5,6,7,8,9,10,11,12,13,14,15,16,17]","[0,1,2,3,4,5,6,9,10,11,12,13,14,15,27,31,32,36]"
n9181,20,0.5,37,18,13,23,5,5,0.5652173913043478,"[0,1,2,3,4,5,6,7,8,9,10,11,12,13,14,15,16,17]","[0,1,2,3,4,5,6,7,8,9,10,12,17,18,21,27,34,35]"
n9181,21,0.5,37,18,13,23,5,5,0.5652173913043478,"[0,1,2,3,4,5,6,7,8,9,10,11,12,13,14,15,16,17]","[0,1,2,3,4,5,6,7,8,9,10,12,13,19,24,34,35,36]"
n9181,22,0.5,37,18,14,22,4,4,0.6363636363636364,"[0,1,2,3,4,5,6,7,8,9,10,11,12,13,14,15,16,17]","[0,1,2,3,4,5,6,7,8,9,10,11,12,14,18,29,30,35]"
n9181,23,0.5,37,18,14,22,4,4,0.6363636363636364,"[0,1,2,3,4,5,6,7,8,9,10,11,12,13,14,15,16,17]","[0,1,2,3,4,5,6,7,8,9,10,11,12,14,32,33,35,36]"
n9181,24,0.5,37,18,14,22,4,4,0.6363636363636364,"[0,1,2,3,4,5,6,7,8,9,10,11,12,13,14,15,16,17]","[0,1,2,3,4,5,6,7,8,9,10,11,12,14,24,27,35,36]"
n9181,25,0.5,37,18,13,23,5,5,0.5652173913043478,"[0,1,2,3,4,5,6,7,8,9,10,11,12,13,14,15,16,17]","[0,1,2,3,4,5,6,7,8,9,10,11,16,18,21,26,33,35]"
n9181,26,0.5,37,18,14,22,4,4,0.6363636363636364,"[0,1,2,3,4,5,6,7,8,9,10,11,12,13,14,15,16,17]","[0,1,2,3,4,5,6,7,8,9,10,11,12,15,28,33,34,36]"
n9181,27,0.5,37,18,13,23,5,5,0.5652173913043478,"[0,1,2,3,4,5,6,7,8,9,10,11,12,13,14,15,16,17]","[0,1,2,3,5,6,7,8,9,10,11,12,13,20,26,27,29,36]"
n9181,28,0.5,37,18,14,22,4,4,0.6363636363636364,"[0,1,2,3,4,5,6,7,8,9,10,11,12,13,14,15,16,17]","[0,1,2,3,4,5,6,7,9,10,11,12,13,17,32,34,35,36]"
n9181,29,0.5,37,18,13,23,5,5,0.5652173913043478,"[0,1,2,3,4,5,6,7,8,9,10,11,12,13,14,15,16,17]","[0,1,2,3,4,5,6,7,8,10,11,12,15,19,24,31,32,35]"
n9181,30,0.5,37,18,14,22,4,4,0.6363636363636364,"[0,1,2,3,4,5,6,7,8,9,10,11,12,13,14,15,16,17]","[0,1,2,3,4,5,6,7,8,9,10,12,15,16,19,32,33,35]"
n9181,31,0.5,37,18,14,22,4,4,0.6363636363636364,"[0,1,2,3,4,5,6,7,8,9,10,11,12,13,14,15,16,17]","[0,1,2,3,4,5,6,7,8,9,10,11,12,16,27,30,33,36]"
n390187,0,0.5,36,18,16,20,2,2,0.8,"[0,1,2,3,4,5,6,7,8,9,10,11,12,13,14,15,16,17]","[0,2,3,4,5,6,7,8,9,10,11,12,13,14,15,16,32,35]"
n390187,1,0.5,36,18,15,21,3,3,0.7142857142857143,"[0,1,2,3,4,5,6,7,8,9,10,11,12,13,14,15,16,17]","[0,1,2,3,4,5,6,7,8,9,10,11,13,14,16,30,31,34]"
n390187,2,0.5,36,18,14,22,4,4,0.6363636363636364,"[0,1,2,3,4,5,6,7,8,9,10,11,12,13,14,15,16,17]","[0,1,2,3,4,5,6,7,8,9,10,11,12,14,25,31,32,35]"
n390187,3,0.5,36,18,14,22,4,4,0.6363636363636364,"[0,1,2,3,4,5,6,7,8,9,10,11,12,13,14,15,16,17]","[0,1,2,3,4,5,6,7,8,9,10,11,12,13,21,22,34,35]"
n390187,4,0.5,36,18,14,22,4,4,0.6363636363636364,"[0,1,2,3,4,5,6,7,8,9,10,11,12,13,14,15,16,17]","[0,1,2,3,4,5,6,7,8,9,10,11,12,14,21,25,34,35]"
n390187,5,0.5,36,18,14,22,4,4,0.6363636363636364,"[0,1,2,3,4,5,6,7,8,9,10,11,12,13,14,15,16,17]","[0,1,2,3,4,5,6,7,8,9,10,11,12,15,23,28,31,35]"
n390187,6,0.5,36,18,14,22,4,4,0.6363636363636364,"[0,1,2,3,4,5,6,7,8,9,10,11,12,13,14,15,16,17]","[0,1,2,3,4,5,6,7,8,9,10,11,12,13,26,27,28,35]"
n390187,7,0.5,36,18,15,21,3,3,0.7142857142857143,"[0,1,2,3,4,5,6,7,8,9,10,11,12,13,14,15,16,17]","[0,1,2,3,4,5,6,7,8,9,10,11,12,15,16,26,30,31]"
n390187,8,0.5,36,18,14,22,4,4,0.6363636363636364,"[0,1,2,3,4,5,6,7,8,9,10,11,12,13,14,15,16,17]","[0,1,2,3,4,5,6,7,8,9,10,11,14,16,29,32,33,34]"
n390187,9,0.5,36,18,14,22,4,4,0.6363636363636364,"[0,1,2,3,4,5,6,7,8,9,10,11,12,13,14,15,16,17]","[0,1,2,3,4,5,6,7,8,9,10,11,12,13,28,29,31,33]"
n390187,10,0.5,36,18,14,22,4,4,0.6363636363636364,"[0,1,2,3,4,5,6,7,8,9,10,11,12,13,14,15,16,17]","[0,1,2,3,4,5,6,7,8,9,10,11,12,14,25,30,33,35]"
n390187,11,0.5,36,18,14,22,4,4,0.6363636363636364,"[0,1,2,3,4,5,6,7,8,9,10,11,12,13,14,15,16,17]","[0,1,2,3,4,5,6,7,8,9,10,11,12,13,29,30,31,34]"
n390187,12,0.5,36,18,14,22,4,4,0.6363636363636364,"[0,1,2,3,4,5,6,7,8,9,10,11,12,13,14,15,16,17]","[0,1,2,3,4,5,6,7,8,9,10,11,12,14,31,32,33,35]"
n390187,13,0.5,36,18,14,22,4,4,0.6363636363636364,"[0,1,2,3,4,5,6,7,8,9,10,11,12,13,14,15,16,17]","[0,1,2,3,4,5,6,7,8,9,10,11,13,15,31,32,33,35]"
n390187,14,0.5,36,18,14,22,4,4,0.6363636363636364,"[0,1,2,3,4,5,6,7,8,9,10,11,12,13,14,15,16,17]","[0,1,2,3,4,5,6,7,8,9,10,11,12,14,21,28,34,35]"
n390187,15,0.5,36,18,15,21,3,3,0.7142857142857143,"[0,1,2,3,4,5,6,7,8,9,10,11,12,13,14,15,16,17]","[0,1,2,3,4,5,6,7,8,9,10,11,13,14,15,23,27,35]"
n390187,16,0.5,36,18,14,22,4,4,0.6363636363636364,"[0,1,2,3,4,5,6,7,8,9,10,11,12,13,14,15,16,17]","[0,1,2,3,4,5,6,7,8,9,10,11,12,17,20,29,34,35]"
n390187,17,0.5,36,18,15,21,3,3,0.7142857142857143,"[0,1,2,3,4,5,6,7,8,9,10,11,12,13,14,15,16,17]","[0,1,2,3,4,5,6,7,8,9,10,11,13,14,17,27,29,35]"
n390187,18,0.5,36,18,15,21,3,3,0.7142857142857143,"[0,1,2,3,4,5,6,7,8,9,10,11,12,13,14,15,16,17]","[0,1,2,3,4,5,6,7,8,9,10,11,12,13,15,25,30,35]"
n390187,19,0.5,36,18,14,22,4,4,0.6363636363636364,"[0,1,2,3,4,5,6,7,8,9,10,11,12,13,14,15,16,17]","[0,1,2,3,4,5,6,7,8,9,10,11,13,15,25,31,32,35]"
n390187,20,0.5,36,18,15,21,3,3,0.7142857142857143,"[0,1,2,3,4,5,6,7,8,9,10,11,12,13,14,15,16,17]","[0,1,2,3,4,5,6,7,8,10,11,12,13,14,16,29,30,35]"
n390187,21,0.5,36,18,14,22,4,4,0.6363636363636364,"[0,1,2,3,4,5,6,7,8,9,10,11,12,13,14,15,16,17]","[0,1,2,3,4,5,6,7,8,9,10,11,12,13,21,29,31,35]"
n390187,22,0.5,36,18,14,22,4,4,0.6363636363636364,"[0,1,2,3,4,5,6,7,8,9,10,11,12,13,14,15,16,17]","[0,1,2,3,4,5,6,7,8,9,10,11,12,16,19,31,34,35]"
n390187,23,0.5,36,18,14,22,4,4,0.6363636363636364,"[0,1,2,3,4,5,6,7,8,9,10,11,12,13,14,15,16,17]","[0,1,2,3,4,5,6,7,8,9,10,12,13,16,22,25,32,35]"
n390187,24,0.5,36,18,13,23,5,5,0.5652173913043478,"[0,1,2,3,4,5,6,7,8,9,10,11,12,13,14,15,16,17]","[0,1,2,3,4,5,6,7,8,9,10,11,14,19,20,32,34,35]"
n390187,25,0.5,36,18,13,23,5,5,0.5652173913043478,"[0,1,2,3,4,5,6,7,8,9,10,11,12,13,14,15,16,17]","[0,1,2,3,4,5,6,7,8,9,13,16,17,21,28,31,34,35]"
n390187,26,0.5,36,18,14,22,4,4,0.6363636363636364,"[0,1,2,3,4,5,6,7,8,9,10,11,12,13,14,15,16,17]","[0,1,2,3,4,5,6,7,8,9,10,11,12,15,28,31,32,35]"
n390187,27,0.5,36,18,14,22,4,4,0.6363636363636364,"[0,1,2,3,4,5,6,7,8,9,10,11,12,13,14,15,16,17]","[0,1,2,3,4,5,6,8,9,11,12,13,14,17,18,30,33,35]"
n390187,28,0.5,36,18,13,23,5,5,0.5652173913043478,"[0,1,2,3,4,5,6,7,8,9,10,11,12,13,14,15,16,17]","[0,1,2,3,4,5,6,7,8,9,10,12,14,22,26,30,31,35]"
n390187,29,0.5,36,18,14,22,4,4,0.6363636363636364,"[0,1,2,3,4,5,6,7,8,9,10,11,12,13,14,15,16,17]","[0,1,2,3,4,5,6,7,8,9,10,11,13,15,26,30,34,35]"
n390187,30,0.5,36,18,14,22,4,4,0.6363636363636364,"[0,1,2,3,4,5,6,7,8,9,10,11,12,13,14,15,16,17]","[0,1,2,3,4,5,7,8,9,10,11,12,15,16,28,29,34,35]"
n390187,31,0.5,36,18,14,22,4,4,0.6363636363636364,"[0,1,2,3,4,5,6,7,8,9,10,11,12,13,14,15,16,17]","[0,1,2,3,4,5,6,7,8,9,10,11,13,15,25,27,29,35]"
n133585,0,0.5,34,17,14,20,3,3,0.7,"[0,1,2,3,4,5,6,7,8,9,10,11,12,13,14,15,16]","[0,1,2,3,4,5,6,7,8,9,10,11,12,15,17,28,32]"
n133585,1,0.5,34,17,14,20,3,3,0.7,"[0,1,2,3,4,5,6,7,8,9,10,11,12,13,14,15,16]","[0,1,2,3,4,5,6,7,8,9,10,11,14,15,18,30,32]"
n133585,2,0.5,34,17,14,20,3,3,0.7,"[0,1,2,3,4,5,6,7,8,9,10,11,12,13,14,15,16]","[0,1,2,3,4,5,6,7,8,9,10,11,12,14,26,31,33]"
n133585,3,0.5,34,17,14,20,3,3,0.7,"[0,1,2,3,4,5,6,7,8,9,10,11,12,13,14,15,16]","[0,1,2,3,4,5,6,7,8,9,10,11,12,14,19,31,33]"
n133585,4,0.5,34,17,13,21,4,4,0.6190476190476191,"[0,1,2,3,4,5,6,7,8,9,10,11,12,13,14,15,16]","[0,1,2,3,4,5,6,7,8,9,10,11,12,20,24,26,31]"
n133585,5,0.5,34,17,13,21,4,4,0.6190476190476191,"[0,1,2,3,4,5,6,7,8,9,10,11,12,13,14,15,16]","[0,1,2,3,4,5,6,7,8,9,10,14,15,19,26,31,33]"
n133585,6,0.5,34,17,13,21,4,4,0.6190476190476191,"[0,1,2,3,4,5,6,7,8,9,10,11,12,13,14,15,16]","[0,1,2,3,4,5,6,7,8,9,11,13,14,18,25,28,29]"
n133585,7,0.5,34,17,13,21,4,4,0.6190476190476191,"[0,1,2,3,4,5,6,7,8,9,10,11,12,13,14,15,16]","[0,1,2,3,4,5,6,7,8,9,10,11,12,21,25,30,32]"
n133585,8,0.5,34,17,13,21,4,4,0.6190476190476191,"[0,1,2,3,4,5,6,7,8,9,10,11,12,13,14,15,16]","[0,1,2,3,4,5,6,7,8,9,10,13,14,25,29,30,33]"
n133585,9,0.5,34,17,13,21,4,4,0.6190476190476191,"[0,1,2,3,4,5,6,7,8,9,10,11,12,13,14,15,16]","[0,1,2,3,4,5,6,7,8,9,10,13,15,23,27,29,32]"
n133585,10,0.5,34,17,13,21,4,4,0.6190476190476191,"[0,1,2,3,4,5,6,7,8,9,10,11,12,13,14,15,16]","[0,1,2,3,4,5,6,7,8,9,10,12,15,22,30,32,33]"
n133585,11,0.5,34,17,12,22,5,5,0.5454545454545454,"[0,1,2,3,4,5,6,7,8,9,10,11,12,13,14,15,16]","[0,1,2,3,4,5,6,7,8,9,10,12,17,19,27,28,33]"
n133585,12,0.5,34,17,13,21,4,4,0.6190476190476191,"[0,1,2,3,4,5,6,7,8,9,10,11,12,13,14,15,16]","[0,1,2,3,4,5,6,7,8,9,11,12,14,22,27,28,33]"
n133585,13,0.5,34,17,13,21,4,4,0.6190476190476191,"[0,1,2,3,4,5,6,7,8,9,10,11,12,13,14,15,16]","[0,1,2,3,4,5,6,7,8,9,10,12,14,23,29,32,33]"
n133585,14,0.5,34,17,13,21,4,4,0.6190476190476191,"[0,1,2,3,4,5,6,7,8,9,10,11,12,13,14,15,16]","[0,1,2,3,4,5,6,7,8,9,11,12,15,20,29,30,32]"
n133585,15,0.5,34,17,13,21,4,4,0.6190476190476191,"[0,1,2,3,4,5,6,7,8,9,10,11,12,13,14,15,16]","[0,1,2,3,4,5,6,7,8,11,12,13,14,20,30,31,33]"
n133585,16,0.5,34,17,12,22,5,5,0.5454545454545454,"[0,1,2,3,4,5,6,7,8,9,10,11,12,13,14,15,16]","[0,1,2,3,4,5,7,8,9,10,11,16,18,20,27,31,33]"
n133585,17,0.5,34,17,13,21,4,4,0.6190476190476191,"[0,1,2,3,4,5,6,7,8,9,10,11,12,13,14,15,16]","[0,1,2,3,4,5,6,7,8,9,11,12,13,21,26,30,32]"
n133585,18,0.5,34,17,13,21,4,4,0.6190476190476191,"[0,1,2,3,4,5,6,7,8,9,10,11,12,13,14,15,16]","[0,1,2,3,4,5,6,7,8,10,11,12,13,21,27,32,33]"
n133585,19,0.5,34,17,13,21,4,4,0.6190476190476191,"[0,1,2,3,4,5,6,7,8,9,10,11,12,13,14,15,16]","[0,1,2,3,4,5,6,7,8,9,10,11,12,22,24,30,32]"
n133585,20,0.5,34,17,13,21,4,4,0.6190476190476191,"[0,1,2,3,4,5,6,7,8,9,10,11,12,13,14,15,16]","[0,1,2,3,4,5,6,7,8,9,11,12,14,19,26,27,30]"
n133585,21,0.5,34,17,13,21,4,4,0.6190476190476191,"[0,1,2,3,4,5,6,7,8,9,10,11,12,13,14,15,16]","[0,1,2,3,4,5,6,7,8,9,10,11,16,23,25,30,31]"
n133585,22,0.5,34,17,13,21,4,4,0.6190476190476191,"[0,1,2,3,4,5,6,7,8,9,10,11,12,13,14,15,16]","[0,1,2,3,4,5,6,7,8,9,11,12,13,22,25,29,31]"
n133585,23,0.5,34,17,13,21,4,4,0.6190476190476191,"[0,1,2,3,4,5,6,7,8,9,10,11,12,13,14,15,16]","[0,1,2,3,4,5,6,7,8,9,10,11,12,19,25,27,33]"
n133585,24,0.5,34,17,14,20,3,3,0.7,"[0,1,2,3,4,5,6,7,8,9,10,11,12,13,14,15,16]","[0,1,2,3,4,5,6,7,8,10,12,13,15,16,20,23,31]"
n133585,25,0.5,34,17,13,21,4,4,0.6190476190476191,"[0,1,2,3,4,5,6,7,8,9,10,11,12,13,14,15,16]","[0,1,2,3,4,5,6,7,8,9,10,11,13,19,29,32,33]"
n133585,26,0.5,34,17,12,22,5,5,0.5454545454545454,"[0,1,2,3,4,5,6,7,8,9,10,11,12,13,14,15,16]","[0,1,2,3,4,5,6,8,9,11,13,15,17,20,23,25,32]"
n133585,27,0.5,34,17,11,23,6,6,0.4782608695652174,"[0,1,2,3,4,5,6,7,8,9,10,11,12,13,14,15,16]","[0,1,2,3,4,5,6,7,8,10,11,17,25,30,31,32,33]"
n133585,28,0.5,34,17,13,21,4,4,0.6190476190476191,"[0,1,2,3,4,5,6,7,8,9,10,11,12,13,14,15,16]","[0,1,2,3,4,5,6,7,8,9,11,14,16,26,27,28,33]"
n133585,29,0.5,34,17,12,22,5,5,0.5454545454545454,"[0,1,2,3,4,5,6,7,8,9,10,11,12,13,14,15,16]","[0,1,2,3,4,5,6,7,8,9,10,11,17,22,26,29,33]"
n133585,30,0.5,34,17,12,22,5,5,0.5454545454545454,"[0,1,2,3,4,5,6,7,8,9,10,11,12,13,14,15,16]","[0,1,2,3,4,5,6,8,9,10,13,14,25,26,27,30,33]"
n133585,31,0.5,34,17,13,21,4,4,0.6190476190476191,"[0,1,2,3,4,5,6,7,8,9,10,11,12,13,14,15,16]","[0,1,2,3,4,5,6,7,8,9,10,12,13,20,25,32,33]"
n272098,0,0.5,46,23,18,28,5,5,0.6428571428571429,"[0,1,2,3,4,5,6,7,8,9,10,11,12,13,14,15,16,17,18,19,20,21,22]","[0,1,2,3,4,5,6,7,8,9,11,12,13,14,15,16,18,21,23,24,25,38,45]"
n272098,1,0.5,46,23,17,29,6,6,0.5862068965517241,"[0,1,2,3,4,5,6,7,8,9,10,11,12,13,14,15,16,17,18,19,20,21,22]","[0,1,2,3,4,5,6,7,8,9,10,11,12,15,17,19,20,30,31,32,37,43,45]"
n272098,2,0.5,46,23,17,29,6,6,0.5862068965517241,"[0,1,2,3,4,5,6,7,8,9,10,11,12,13,14,15,16,17,18,19,20,21,22]","[0,1,2,3,4,5,6,7,8,9,10,11,12,13,14,15,16,27,28,30,34,42,45]"
n272098,3,0.5,46,23,17,29,6,6,0.5862068965517241,"[0,1,2,3,4,5,6,7,8,9,10,11,12,13,14,15,16,17,18,19,20,21,22]","[0,1,2,3,4,5,6,7,8,9,10,11,12,13,15,17,19,25,26,29,34,41,45]"
n272098,4,0.5,46,23,17,29,6,6,0.5862068965517241,"[0,1,2,3,4,5,6,7,8,9,10,11,12,13,14,15,16,17,18,19,20,21,22]","[0,1,2,3,4,5,6,7,8,9,10,11,12,14,16,17,18,25,26,33,39,40,45]"
n272098,5,0.5,46,23,18,28,5,5,0.6428571428571429,"[0,1,2,3,4,5,6,7,8,9,10,11,12,13,14,15,16,17,18,19,20,21,22]","[0,1,2,3,4,5,6,7,8,9,10,11,12,13,15,16,17,22,29,30,38,42,45]"
n272098,6,0.5,46,23,17,29,6,6,0.5862068965517241,"[0,1,2,3,4,5,6,7,8,9,10,11,12,13,14,15,16,17,18,19,20,21,22]","[0,1,2,3,4,5,6,7,8,9,10,11,12,13,14,15,17,32,35,40,42,43,44]"
n272098,7,0.5,46,23,17,29,6,6,0.5862068965517241,"[0,1,2,3,4,5,6,7,8,9,10,11,12,13,14,15,16,17,18,19,20,21,22]","[0,1,2,3,4,5,6,7,8,9,10,11,12,14,16,18,22,26,29,38,43,44,45]"
n272098,8,0.5,46,23,17,29,6,6,0.5862068965517241,"[0,1,2,3,4,5,6,7,8,9,10,11,12,13,14,15,16,17,18,19,20,21,22]","[0,1,2,3,4,5,6,7,8,9,10,11,12,13,14,15,16,25,32,40,41,42,45]"
n272098,9,0.5,46,23,16,30,7,7,0.5333333333333333,"[0,1,2,3,4,5,6,7,8,9,10,11,12,13,14,15,16,17,18,19,20,21,22]","[0,1,2,3,4,5,6,7,8,9,10,11,12,13,15,18,23,28,33,37,38,40,45]"
n272098,10,0.5,46,23,17,29,6,6,0.5862068965517241,"[0,1,2,3,4,5,6,7,8,9,10,11,12,13,14,15,16,17,18,19,20,21,22]","[0,1,2,3,4,5,6,7,8,9,10,11,12,13,15,17,21,32,34,38,40,44,45]"
n272098,11,0.5,46,23,16,30,7,7,0.5333333333333333,"[0,1,2,3,4,5,6,7,8,9,10,11,12,13,14,15,16,17,18,19,20,21,22]","[0,1,2,3,4,5,6,7,8,10,11,15,16,17,18,22,25,28,31,34,36,38,43]"
n272098,12,0.5,46,23,16,30,7,7,0.5333333333333333,"[0,1,2,3,4,5,6,7,8,9,10,11,12,13,14,15,16,17,18,19,20,21,22]","[0,1,2,3,4,6,7,8,9,10,13,14,15,18,21,22,24,25,29,30,35,39,44]"
n272098,13,0.5,46,23,17,29,6,6,0.5862068965517241,"[0,1,2,3,4,5,6,7,8,9,10,11,12,13,14,15,16,17,18,19,20,21,22]","[0,1,2,3,4,5,6,7,8,9,10,11,13,16,17,19,21,25,31,34,41,43,45]"
n272098,14,0.5,46,23,17,29,6,6,0.5862068965517241,"[0,1,2,3,4,5,6,7,8,9,10,11,12,13,14,15,16,17,18,19,20,21,22]","[0,1,2,3,4,5,6,8,9,10,11,12,15,17,18,19,21,30,41,42,43,44,45]"
n272098,15,0.5,46,23,16,30,7,7,0.5333333333333333,"[0,1,2,3,4,5,6,7,8,9,10,11,12,13,14,15,16,17,18,19,20,21,22]","[0,1,2,3,4,5,6,7,8,9,10,12,13,16,18,22,24,25,33,35,38,41,45]"
n272098,16,0.5,46,23,15,31,8,8,0.4838709677419355,"[0,1,2,3,4,5,6,7,8,9,10,11,12,13,14,15,16,17,18,19,20,21,22]","[0,1,2,3,4,5,6,7,8,9,11,15,18,21,22,25,30,33,34,37,40,44,45]"
n272098,17,0.5,46,23,16,30,7,7,0.5333333333333333,"[0,1,2,3,4,5,6,7,8,9,10,11,12,13,14,15,16,17,18,19,20,21,22]","[0,1,2,3,4,5,6,7,8,9,13,14,15,19,20,22,24,31,34,39,41,43,45]"
n272098,18,0.5,46,23,16,30,7,7,0.5333333333333333,"[0,1,2,3,4,5,6,7,8,9,10,11,12,13,14,15,16,17,18,19,20,21,22]","[0,1,2,3,4,5,7,8,9,10,12,13,17,18,19,22,23,28,29,30,37,44,45]"
n272098,19,0.5,46,23,15,31,8,8,0.4838709677419355,"[0,1,2,3,4,5,6,7,8,9,10,11,12,13,14,15,16,17,18,19,20,21,22]","[0,1,2,3,4,5,6,7,8,9,10,11,13,14,22,25,26,30,37,38,39,44,45]"
n272098,20,0.5,46,23,16,30,7,7,0.5333333333333333,"[0,1,2,3,4,5,6,7,8,9,10,11,12,13,14,15,16,17,18,19,20,21,22]","[0,1,2,3,4,5,6,7,8,9,11,12,14,18,19,22,23,28,29,34,36,38,45]"
n272098,21,0.5,46,23,17,29,6,6,0.5862068965517241,"[0,1,2,3,4,5,6,7,8,9,10,11,12,13,14,15,16,17,18,19,20,21,22]","[0,1,2,3,4,5,6,7,8,9,10,11,13,14,17,20,22,26,35,37,38,41,45]"
n272098,22,0.5,46,23,14,32,9,9,0.4375,"[0,1,2,3,4,5,6,7,8,9,10,11,12,13,14,15,16,17,18,19,20,21,22]","[0,1,2,3,4,5,6,7,8,12,13,14,15,22,23,29,30,36,37,38,42,43,45]"
n272098,23,0.5,46,23,16,30,7,7,0.5333333333333333,"[0,1,2,3,4,5,6,7,8,9,10,11,12,13,14,15,16,17,18,19,20,21,22]","[0,1,2,3,4,5,6,7,8,9,10,13,18,19,20,21,25,29,32,36,40,43,45]"
n272098,24,0.5,46,23,14,32,9,9,0.4375,"[0,1,2,3,4,5,6,7,8,9,10,11,12,13,14,15,16,17,18,19,20,21,22]","[0,1,2,3,4,5,7,8,9,10,13,14,16,22,23,25,26,28,35,39,43,44,45]"
n272098,25,0.5,46,23,17,29,6,6,0.5862068965517241,"[0,1,2,3,4,5,6,7,8,9,10,11,12,13,14,15,16,17,18,19,20,21,22]","[0,1,2,3,4,5,6,7,8,10,12,13,14,15,16,18,19,34,39,40,41,44,45]"
n272098,26,0.5,46,23,16,30,7,7,0.5333333333333333,"[0,1,2,3,4,5,6,7,8,9,10,11,12,13,14,15,16,17,18,19,20,21,22]","[0,1,2,3,4,5,6,7,9,11,12,15,17,19,20,22,23,34,35,38,42,44,45]"
n272098,27,0.5,46,23,16,30,7,7,0.5333333333333333,"[0,1,2,3,4,5,6,7,8,9,10,11,12,13,14,15,16,17,18,19,20,21,22]","[0,1,2,3,4,5,6,7,8,9,10,12,13,16,18,21,24,29,31,34,38,43,45]"
n272098,28,0.5,46,23,15,31,8,8,0.4838709677419355,"[0,1,2,3,4,5,6,7,8,9,10,11,12,13,14,15,16,17,18,19,20,21,22]","[0,1,2,3,4,5,6,7,8,9,11,16,18,19,21,23,25,30,32,41,42,44,45]"
n272098,29,0.5,46,23,16,30,7,7,0.5333333333333333,"[0,1,2,3,4,5,6,7,8,9,10,11,12,13,14,15,16,17,18,19,20,21,22]","[0,1,2,3,4,5,6,7,8,9,11,12,13,15,18,19,23,26,28,39,42,43,45]"
n272098,30,0.5,46,23,15,31,8,8,0.4838709677419355,"[0,1,2,3,4,5,6,7,8,9,10,11,12,13,14,15,16,17,18,19,20,21,22]","[0,1,2,3,4,5,6,7,8,9,11,12,13,14,18,23,25,34,40,41,42,44,45]"
n272098,31,0.5,46,23,16,30,7,7,0.5333333333333333,"[0,1,2,3,4,5,6,7,8,9,10,11,12,13,14,15,16,17,18,19,20,21,22]","[0,1,2,3,4,5,6,7,8,10,11,12,14,16,18,21,23,33,35,38,39,41,43]"
n472825,0,0.5,37,18,15,21,3,3,0.7142857142857143,"[0,1,2,3,4,5,6,7,8,9,10,11,12,13,14,15,16,17]","[0,1,3,4,6,7,8,9,10,11,12,13,14,15,16,18,32,36]"
n472825,1,0.5,37,18,15,21,3,3,0.7142857142857143,"[0,1,2,3,4,5,6,7,8,9,10,11,12,13,14,15,16,17]","[0,1,2,3,4,5,6,7,8,9,10,12,13,15,17,22,31,34]"
n472825,2,0.5,37,18,14,22,4,4,0.6363636363636364,"[0,1,2,3,4,5,6,7,8,9,10,11,12,13,14,15,16,17]","[0,1,2,3,4,5,6,7,8,9,10,11,14,16,22,26,35,36]"
n472825,3,0.5,37,18,14,22,4,4,0.6363636363636364,"[0,1,2,3,4,5,6,7,8,9,10,11,12,13,14,15,16,17]","[0,1,2,3,4,5,6,7,8,9,10,11,14,15,22,23,34,36]"
n472825,4,0.5,37,18,14,22,4,4,0.6363636363636364,"[0,1,2,3,4,5,6,7,8,9,10,11,12,13,14,15,16,17]","[0,1,2,3,4,5,6,7,8,9,11,12,14,15,30,33,34,36]"
n472825,5,0.5,37,18,14,22,4,4,0.6363636363636364,"[0,1,2,3,4,5,6,7,8,9,10,11,12,13,14,15,16,17]","[0,1,2,3,4,5,6,7,8,9,10,11,12,14,27,31,32,33]"
n472825,6,0.5,37,18,14,22,4,4,0.6363636363636364,"[0,1,2,3,4,5,6,7,8,9,10,11,12,13,14,15,16,17]","[0,1,2,3,4,5,6,7,8,9,10,11,13,14,30,33,34,35]"
n472825,7,0.5,37,18,13,23,5,5,0.5652173913043478,"[0,1,2,3,4,5,6,7,8,9,10,11,12,13,14,15,16,17]","[0,1,2,3,4,5,6,7,9,10,11,13,16,18,31,32,34,36]"
n472825,8,0.5,37,18,14,22,4,4,0.6363636363636364,"[0,1,2,3,4,5,6,7,8,9,10,11,12,13,14,15,16,17]","[0,1,2,3,4,5,6,7,8,9,10,11,14,15,28,33,34,35]"
n472825,9,0.5,37,18,13,23,5,5,0.5652173913043478,"[0,1,2,3,4,5,6,7,8,9,10,11,12,13,14,15,16,17]","[0,1,2,3,4,5,6,7,9,10,11,12,13,18,21,31,33,35]"
n472825,10,0.5,37,18,14,22,4,4,0.6363636363636364,"[0,1,2,3,4,5,6,7,8,9,10,11,12,13,14,15,16,17]","[0,1,2,3,4,5,6,7,8,9,10,12,13,17,23,31,33,36]"
n472825,11,0.5,37,18,14,22,4,4,0.6363636363636364,"[0,1,2,3,4,5,6,7,8,9,10,11,12,13,14,15,16,17]","[0,1,2,3,4,5,6,7,8,9,10,11,12,14,31,34,35,36]"
n472825,12,0.5,37,18,14,22,4,4,0.6363636363636364,"[0,1,2,3,4,5,6,7,8,9,10,11,12,13,14,15,16,17]","[0,1,2,3,4,5,6,7,8,9,10,11,13,17,30,31,32,36]"
n472825,13,0.5,37,18,14,22,4,4,0.6363636363636364,"[0,1,2,3,4,5,6,7,8,9,10,11,12,13,14,15,16,17]","[0,1,2,3,4,5,6,7,8,9,10,11,12,14,29,31,34,36]"
n472825,14,0.5,37,18,14,22,4,4,0.6363636363636364,"[0,1,2,3,4,5,6,7,8,9,10,11,12,13,14,15,16,17]","[0,1,2,3,4,5,6,7,9,10,11,12,13,15,26,30,35,36]"
n472825,15,0.5,37,18,15,21,3,3,0.7142857142857143,"[0,1,2,3,4,5,6,7,8,9,10,11,12,13,14,15,16,17]","[0,1,2,3,4,5,6,7,8,9,10,11,12,14,16,28,29,34]"
n472825,16,0.5,37,18,13,23,5,5,0.5652173913043478,"[0,1,2,3,4,5,6,7,8,9,10,11,12,13,14,15,16,17]","[0,1,2,3,4,5,6,7,8,9,10,11,12,19,22,32,33,36]"
n472825,17,0.5,37,18,14,22,4,4,0.6363636363636364,"[0,1,2,3,4,5,6,7,8,9,10,11,12,13,14,15,16,17]","[0,1,2,3,4,5,6,7,8,9,10,12,13,17,26,31,35,36]"
n472825,18,0.5,37,18,14,22,4,4,0.6363636363636364,"[0,1,2,3,4,5,6,7,8,9,10,11,12,13,14,15,16,17]","[0,1,2,3,4,5,6,7,8,9,10,11,12,13,18,32,35,36]"
n472825,19,0.5,37,18,14,22,4,4,0.6363636363636364,"[0,1,2,3,4,5,6,7,8,9,10,11,12,13,14,15,16,17]","[0,1,2,3,4,5,6,7,8,9,10,11,12,13,28,31,32,34]"
n472825,20,0.5,37,18,14,22,4,4,0.6363636363636364,"[0,1,2,3,4,5,6,7,8,9,10,11,12,13,14,15,16,17]","[0,1,2,3,4,5,6,7,8,9,10,11,12,16,25,26,31,36]"
n472825,21,0.5,37,18,14,22,4,4,0.6363636363636364,"[0,1,2,3,4,5,6,7,8,9,10,11,12,13,14,15,16,17]","[0,1,2,3,4,5,6,7,8,9,10,11,12,15,29,31,32,36]"
n472825,22,0.5,37,18,13,23,5,5,0.5652173913043478,"[0,1,2,3,4,5,6,7,8,9,10,11,12,13,14,15,16,17]","[0,1,2,3,4,5,6,7,8,9,11,12,15,18,27,28,32,36]"
n472825,23,0.5,37,18,14,22,4,4,0.6363636363636364,"[0,1,2,3,4,5,6,7,8,9,10,11,12,13,14,15,16,17]","[0,1,2,3,4,5,6,7,8,9,10,11,12,15,28,30,34,36]"
n472825,24,0.5,37,18,14,22,4,4,0.6363636363636364,"[0,1,2,3,4,5,6,7,8,9,10,11,12,13,14,15,16,17]","[0,1,2,3,4,5,6,7,8,9,10,11,12,13,26,31,34,36]"
n472825,25,0.5,37,18,15,21,3,3,0.7142857142857143,"[0,1,2,3,4,5,6,7,8,9,10,11,12,13,14,15,16,17]","[0,1,2,3,4,5,6,7,8,9,10,11,12,13,15,24,35,36]"
n472825,26,0.5,37,18,14,22,4,4,0.6363636363636364,"[0,1,2,3,4,5,6,7,8,9,10,11,12,13,14,15,16,17]","[0,1,2,3,4,5,6,7,8,9,10,11,12,14,28,30,34,36]"
n472825,27,0.5,37,18,14,22,4,4,0.6363636363636364,"[0,1,2,3,4,5,6,7,8,9,10,11,12,13,14,15,16,17]","[0,1,2,3,4,5,6,7,8,9,10,11,12,13,18,27,28,36]"
n472825,28,0.5,37,18,14,22,4,4,0.6363636363636364,"[0,1,2,3,4,5,6,7,8,9,10,11,12,13,14,15,16,17]","[0,1,2,3,4,5,6,7,8,9,11,12,14,17,30,31,34,36]"
n472825,29,0.5,37,18,14,22,4,4,0.6363636363636364,"[0,1,2,3,4,5,6,7,8,9,10,11,12,13,14,15,16,17]","[0,1,2,3,4,5,6,7,8,11,12,13,16,17,23,28,31,36]"
n472825,30,0.5,37,18,14,22,4,4,0.6363636363636364,"[0,1,2,3,4,5,6,7,8,9,10,11,12,13,14,15,16,17]","[0,1,2,3,4,5,6,7,8,9,10,11,14,17,22,30,31,36]"
n472825,31,0.5,37,18,15,21,3,3,0.7142857142857143,"[0,1,2,3,4,5,6,7,8,9,10,11,12,13,14,15,16,17]","[0,1,2,3,4,5,6,7,8,9,10,11,12,13,17,33,34,35]"
n450919,0,0.5,37,18,16,20,2,2,0.8,"[0,1,2,3,4,5,6,7,8,9,10,11,12,13,14,15,16,17]","[0,1,2,3,5,6,7,8,9,10,11,12,14,15,16,17,23,36]"
n450919,1,0.5,37,18,14,22,4,4,0.6363636363636364,"[0,1,2,3,4,5,6,7,8,9,10,11,12,13,14,15,16,17]","[0,1,2,3,4,5,6,7,8,9,10,11,12,13,22,28,31,36]"
n450919,2,0.5,37,18,14,22,4,4,0.6363636363636364,"[0,1,2,3,4,5,6,7,8,9,10,11,12,13,14,15,16,17]","[0,1,2,3,4,5,6,7,8,10,11,12,13,14,18,21,31,36]"
n450919,3,0.5,37,18,14,22,4,4,0.6363636363636364,"[0,1,2,3,4,5,6,7,8,9,10,11,12,13,14,15,16,17]","[0,1,2,3,4,5,6,7,8,9,10,11,12,16,20,24,35,36]"
n450919,4,0.5,37,18,14,22,4,4,0.6363636363636364,"[0,1,2,3,4,5,6,7,8,9,10,11,12,13,14,15,16,17]","[0,1,2,3,4,5,6,7,8,9,10,11,13,16,20,30,32,36]"
n450919,5,0.5,37,18,14,22,4,4,0.6363636363636364,"[0,1,2,3,4,5,6,7,8,9,10,11,12,13,14,15,16,17]","[0,1,2,3,4,5,6,7,8,9,12,14,15,17,25,27,30,36]"
n450919,6,0.5,37,18,14,22,4,4,0.6363636363636364,"[0,1,2,3,4,5,6,7,8,9,10,11,12,13,14,15,16,17]","[0,1,2,3,4,5,6,7,8,9,10,11,12,13,30,32,35,36]"
n450919,7,0.5,37,18,14,22,4,4,0.6363636363636364,"[0,1,2,3,4,5,6,7,8,9,10,11,12,13,14,15,16,17]","[0,1,2,3,4,5,6,7,8,9,10,11,12,14,31,32,35,36]"
n450919,8,0.5,37,18,14,22,4,4,0.6363636363636364,"[0,1,2,3,4,5,6,7,8,9,10,11,12,13,14,15,16,17]","[0,1,2,3,4,5,6,7,8,9,10,11,13,16,30,32,35,36]"
n450919,9,0.5,37,18,13,23,5,5,0.5652173913043478,"[0,1,2,3,4,5,6,7,8,9,10,11,12,13,14,15,16,17]","[0,1,2,3,4,5,7,8,9,10,11,12,15,20,28,33,35,36]"
n450919,10,0.5,37,18,13,23,5,5,0.5652173913043478,"[0,1,2,3,4,5,6,7,8,9,10,11,12,13,14,15,16,17]","[0,1,2,3,4,5,6,7,8,9,10,11,13,18,30,32,34,35]"
n450919,11,0.5,37,18,14,22,4,4,0.6363636363636364,"[0,1,2,3,4,5,6,7,8,9,10,11,12,13,14,15,16,17]","[0,1,2,3,4,5,6,7,8,9,10,11,13,16,24,29,30,31]"
n450919,12,0.5,37,18,13,23,5,5,0.5652173913043478,"[0,1,2,3,4,5,6,7,8,9,10,11,12,13,14,15,16,17]","[0,1,2,3,4,5,6,7,8,9,11,13,14,20,26,30,32,36]"
n450919,13,0.5,37,18,13,23,5,5,0.5652173913043478,"[0,1,2,3,4,5,6,7,8,9,10,11,12,13,14,15,16,17]","[0,1,2,3,4,5,6,7,8,10,12,13,16,18,20,26,32,36]"
n450919,14,0.5,37,18,14,22,4,4,0.6363636363636364,"[0,1,2,3,4,5,6,7,8,9,10,11,12,13,14,15,16,17]","[0,1,2,3,4,5,7,8,10,11,13,14,16,17,23,28,33,36]"
n450919,15,0.5,37,18,13,23,5,5,0.5652173913043478,"[0,1,2,3,4,5,6,7,8,9,10,11,12,13,14,15,16,17]","[0,1,2,3,4,5,6,8,10,12,13,15,16,18,25,32,34,36]"
n450919,16,0.5,37,18,13,23,5,5,0.5652173913043478,"[0,1,2,3,4,5,6,7,8,9,10,11,12,13,14,15,16,17]","[0,1,2,3,4,5,6,7,8,9,10,11,15,19,20,31,35,36]"
n450919,17,0.5,37,18,13,23,5,5,0.5652173913043478,"[0,1,2,3,4,5,6,7,8,9,10,11,12,13,14,15,16,17]","[0,1,2,3,4,5,6,7,9,10,11,14,15,20,27,28,32,34]"
n450919,18,0.5,37,18,13,23,5,5,0.5652173913043478,"[0,1,2,3,4,5,6,7,8,9,10,11,12,13,14,15,16,17]","[0,1,2,3,4,5,6,7,8,9,11,12,13,20,26,31,34,36]"
n450919,19,0.5,37,18,12,24,6,6,0.5,"[0,1,2,3,4,5,6,7,8,9,10,11,12,13,14,15,16,17]","[0,1,2,3,4,5,6,7,9,10,11,12,18,24,30,32,35,36]"
n450919,20,0.5,37,18,13,23,5,5,0.5652173913043478,"[0,1,2,3,4,5,6,7,8,9,10,11,12,13,14,15,16,17]","[0,1,2,3,4,5,6,7,8,11,12,13,17,21,30,31,32,33]"
n450919,21,0.5,37,18,14,22,4,4,0.6363636363636364,"[0,1,2,3,4,5,6,7,8,9,10,11,12,13,14,15,16,17]","[0,1,2,3,4,5,6,7,8,9,11,13,14,15,27,29,32,36]"
n450919,22,0.5,37,18,13,23,5,5,0.5652173913043478,"[0,1,2,3,4,5,6,7,8,9,10,11,12,13,14,15,16,17]","[0,1,2,3,4,5,6,7,8,9,10,12,14,18,29,32,33,34]"
n450919,23,0.5,37,18,13,23,5,5,0.5652173913043478,"[0,1,2,3,4,5,6,7,8,9,10,11,12,13,14,15,16,17]","[0,1,2,3,4,5,6,7,8,9,11,13,14,18,26,28,34,36]"
n450919,24,0.5,37,18,14,22,4,4,0.6363636363636364,"[0,1,2,3,4,5,6,7,8,9,10,11,12,13,14,15,16,17]","[0,1,2,3,4,5,6,7,8,10,11,13,15,17,22,31,33,34]"
n450919,25,0.5,37,18,13,23,5,5,0.5652173913043478,"[0,1,2,3,4,5,6,7,8,9,10,11,12,13,14,15,16,17]","[0,1,2,3,4,5,6,7,8,9,10,11,17,20,31,32,34,36]"
n450919,26,0.5,37,18,14,22,4,4,0.6363636363636364,"[0,1,2,3,4,5,6,7,8,9,10,11,12,13,14,15,16,17]","[0,1,2,3,4,5,6,7,8,9,10,13,15,16,26,29,33,36]"
n450919,27,0.5,37,18,11,25,7,7,0.44,"[0,1,2,3,4,5,6,7,8,9,10,11,12,13,14,15,16,17]","[0,1,2,3,6,8,9,11,12,14,16,20,24,28,30,31,32,36]"
n450919,28,0.5,37,18,14,22,4,4,0.6363636363636364,"[0,1,2,3,4,5,6,7,8,9,10,11,12,13,14,15,16,17]","[0,1,2,3,4,5,6,9,10,12,13,14,15,17,19,32,34,36]"
n450919,29,0.5,37,18,12,24,6,6,0.5,"[0,1,2,3,4,5,6,7,8,9,10,11,12,13,14,15,16,17]","[0,1,2,3,4,5,6,7,9,11,12,14,19,23,29,30,32,36]"
n450919,30,0.5,37,18,11,25,7,7,0.44,"[0,1,2,3,4,5,6,7,8,9,10,11,12,13,14,15,16,17]","[0,1,2,3,4,5,7,8,9,11,12,18,20,24,29,30,33,36]"
n450919,31,0.5,37,18,12,24,6,6,0.5,"[0,1,2,3,4,5,6,7,8,9,10,11,12,13,14,15,16,17]","[0,1,2,3,4,5,6,7,8,11,12,15,19,20,26,29,33,35]"
n37274,0,0.5,37,18,15,21,3,3,0.7142857142857143,"[0,1,2,3,4,5,6,7,8,9,10,11,12,13,14,15,16,17]","[0,1,2,3,4,5,6,7,8,9,10,12,13,14,17,27,28,34]"
n37274,1,0.5,37,18,14,22,4,4,0.6363636363636364,"[0,1,2,3,4,5,6,7,8,9,10,11,12,13,14,15,16,17]","[0,1,2,3,4,5,6,7,8,10,11,12,13,16,25,27,35,36]"
n37274,2,0.5,37,18,14,22,4,4,0.6363636363636364,"[0,1,2,3,4,5,6,7,8,9,10,11,12,13,14,15,16,17]","[0,1,2,3,4,5,6,7,8,9,10,11,12,15,19,20,35,36]"
n37274,3,0.5,37,18,13,23,5,5,0.5652173913043478,"[0,1,2,3,4,5,6,7,8,9,10,11,12,13,14,15,16,17]","[0,1,2,3,4,5,6,7,8,9,14,15,17,18,20,27,34,36]"
n37274,4,0.5,37,18,14,22,4,4,0.6363636363636364,"[0,1,2,3,4,5,6,7,8,9,10,11,12,13,14,15,16,17]","[0,1,2,3,4,5,6,7,8,9,10,11,12,13,28,34,35,36]"
n37274,5,0.5,37,18,14,22,4,4,0.6363636363636364,"[0,1,2,3,4,5,6,7,8,9,10,11,12,13,14,15,16,17]","[0,1,2,3,4,5,6,7,8,9,10,11,12,16,28,32,34,35]"
n37274,6,0.5,37,18,14,22,4,4,0.6363636363636364,"[0,1,2,3,4,5,6,7,8,9,10,11,12,13,14,15,16,17]","[0,1,2,3,4,5,6,7,8,9,10,11,12,15,30,34,35,36]"
n37274,7,0.5,37,18,14,22,4,4,0.6363636363636364,"[0,1,2,3,4,5,6,7,8,9,10,11,12,13,14,15,16,17]","[0,1,2,3,4,5,6,7,8,9,10,11,12,16,22,32,35,36]"
n37274,8,0.5,37,18,13,23,5,5,0.5652173913043478,"[0,1,2,3,4,5,6,7,8,9,10,11,12,13,14,15,16,17]","[0,1,2,3,4,5,6,7,8,9,11,15,16,18,29,32,34,36]"
n37274,9,0.5,37,18,15,21,3,3,0.7142857142857143,"[0,1,2,3,4,5,6,7,8,9,10,11,12,13,14,15,16,17]","[0,1,2,3,4,5,6,7,8,9,12,13,14,15,17,24,31,32]"
n37274,10,0.5,37,18,14,22,4,4,0.6363636363636364,"[0,1,2,3,4,5,6,7,8,9,10,11,12,13,14,15,16,17]","[0,1,2,3,4,5,6,7,8,9,10,11,12,13,31,32,33,34]"
n37274,11,0.5,37,18,14,22,4,4,0.6363636363636364,"[0,1,2,3,4,5,6,7,8,9,10,11,12,13,14,15,16,17]","[0,1,2,3,4,5,6,7,8,9,10,11,12,15,21,25,34,36]"
n37274,12,0.5,37,18,14,22,4,4,0.6363636363636364,"[0,1,2,3,4,5,6,7,8,9,10,11,12,13,14,15,16,17]","[0,1,2,3,4,5,6,7,8,9,10,11,16,17,29,30,31,36]"
n37274,13,0.5,37,18,14,22,4,4,0.6363636363636364,"[0,1,2,3,4,5,6,7,8,9,10,11,12,13,14,15,16,17]","[0,1,2,3,4,5,6,7,8,9,10,11,12,13,27,28,32,36]"
n37274,14,0.5,37,18,14,22,4,4,0.6363636363636364,"[0,1,2,3,4,5,6,7,8,9,10,11,12,13,14,15,16,17]","[0,1,2,3,4,5,8,9,10,11,12,13,16,17,18,21,32,36]"
n37274,15,0.5,37,18,14,22,4,4,0.6363636363636364,"[0,1,2,3,4,5,6,7,8,9,10,11,12,13,14,15,16,17]","[0,1,2,3,4,5,6,7,8,9,10,12,13,16,19,26,30,35]"
n37274,16,0.5,37,18,14,22,4,4,0.6363636363636364,"[0,1,2,3,4,5,6,7,8,9,10,11,12,13,14,15,16,17]","[0,1,2,3,4,5,7,8,9,10,11,13,16,17,21,27,30,36]"
n37274,17,0.5,37,18,14,22,4,4,0.6363636363636364,"[0,1,2,3,4,5,6,7,8,9,10,11,12,13,14,15,16,17]","[0,1,2,3,4,5,6,7,8,9,10,11,13,15,23,24,35,36]"
n37274,18,0.5,37,18,14,22,4,4,0.6363636363636364,"[0,1,2,3,4,5,6,7,8,9,10,11,12,13,14,15,16,17]","[0,1,2,3,4,5,6,7,8,9,10,12,13,14,27,28,33,36]"
n37274,19,0.5,37,18,14,22,4,4,0.6363636363636364,"[0,1,2,3,4,5,6,7,8,9,10,11,12,13,14,15,16,17]","[0,1,2,3,4,5,6,7,8,10,11,12,13,14,26,30,31,36]"
n37274,20,0.5,37,18,14,22,4,4,0.6363636363636364,"[0,1,2,3,4,5,6,7,8,9,10,11,12,13,14,15,16,17]","[0,1,2,3,4,5,6,7,8,9,11,12,14,16,19,21,28,36]"
n37274,21,0.5,37,18,14,22,4,4,0.6363636363636364,"[0,1,2,3,4,5,6,7,8,9,10,11,12,13,14,15,16,17]","[0,1,2,3,4,5,6,7,8,9,10,12,13,17,18,26,27,36]"
n37274,22,0.5,37,18,14,22,4,4,0.6363636363636364,"[0,1,2,3,4,5,6,7,8,9,10,11,12,13,14,15,16,17]","[0,1,2,3,4,5,6,7,8,9,10,14,15,16,29,31,35,36]"
n37274,23,0.5,37,18,13,23,5,5,0.5652173913043478,"[0,1,2,3,4,5,6,7,8,9,10,11,12,13,14,15,16,17]","[0,1,2,3,4,5,6,8,10,12,13,15,16,18,30,32,35,36]"
n37274,24,0.5,37,18,14,22,4,4,0.6363636363636364,"[0,1,2,3,4,5,6,7,8,9,10,11,12,13,14,15,16,17]","[0,1,2,3,4,5,6,7,8,9,10,14,15,16,26,28,30,36]"
n37274,25,0.5,37,18,14,22,4,4,0.6363636363636364,"[0,1,2,3,4,5,6,7,8,9,10,11,12,13,14,15,16,17]","[0,1,2,3,4,5,6,7,8,9,11,12,14,15,22,23,30,36]"
n37274,26,0.5,37,18,14,22,4,4,0.6363636363636364,"[0,1,2,3,4,5,6,7,8,9,10,11,12,13,14,15,16,17]","[0,1,2,3,4,5,6,7,8,10,12,13,15,16,30,31,35,36]"
n37274,27,0.5,37,18,13,23,5,5,0.5652173913043478,"[0,1,2,3,4,5,6,7,8,9,10,11,12,13,14,15,16,17]","[0,1,2,3,4,5,6,7,8,9,10,13,14,19,25,34,35,36]"
n37274,28,0.5,37,18,14,22,4,4,0.6363636363636364,"[0,1,2,3,4,5,6,7,8,9,10,11,12,13,14,15,16,17]","[0,1,2,3,4,5,6,7,8,9,11,12,13,17,24,33,34,36]"
n37274,29,0.5,37,18,14,22,4,4,0.6363636363636364,"[0,1,2,3,4,5,6,7,8,9,10,11,12,13,14,15,16,17]","[0,1,2,3,4,5,6,7,8,11,12,13,16,17,18,30,34,36]"
n37274,30,0.5,37,18,12,24,6,6,0.5,"[0,1,2,3,4,5,6,7,8,9,10,11,12,13,14,15,16,17]","[0,1,2,3,4,5,6,7,8,9,10,17,19,22,27,28,33,36]"
n37274,31,0.5,37,18,14,22,4,4,0.6363636363636364,"[0,1,2,3,4,5,6,7,8,9,10,11,12,13,14,15,16,17]","[0,1,2,3,4,5,6,7,8,9,10,11,12,13,32,34,35,36]"
n293477,0,0.5,37,18,16,20,2,2,0.8,"[0,1,2,3,4,5,6,7,8,9,10,11,12,13,14,15,16,17]","[0,1,2,3,4,5,6,8,9,10,11,12,14,15,16,17,19,35]"
n293477,1,0.5,37,18,14,22,4,4,0.6363636363636364,"[0,1,2,3,4,5,6,7,8,9,10,11,12,13,14,15,16,17]","[0,1,2,3,4,5,6,7,8,9,10,12,13,15,25,30,34,36]"
n293477,2,0.5,37,18,13,23,5,5,0.5652173913043478,"[0,1,2,3,4,5,6,7,8,9,10,11,12,13,14,15,16,17]","[0,1,2,3,4,5,6,7,8,9,10,11,16,21,22,32,35,36]"
n293477,3,0.5,37,18,14,22,4,4,0.6363636363636364,"[0,1,2,3,4,5,6,7,8,9,10,11,12,13,14,15,16,17]","[0,1,2,3,4,5,6,7,8,9,10,11,12,13,25,30,33,34]"
n293477,4,0.5,37,18,14,22,4,4,0.6363636363636364,"[0,1,2,3,4,5,6,7,8,9,10,11,12,13,14,15,16,17]","[0,1,2,3,4,5,6,7,8,9,10,11,14,15,26,30,31,32]"
n293477,5,0.5,37,18,13,23,5,5,0.5652173913043478,"[0,1,2,3,4,5,6,7,8,9,10,11,12,13,14,15,16,17]","[0,1,2,3,4,5,6,7,8,9,10,11,13,20,28,30,34,35]"
n293477,6,0.5,37,18,14,22,4,4,0.6363636363636364,"[0,1,2,3,4,5,6,7,8,9,10,11,12,13,14,15,16,17]","[0,1,2,3,4,5,6,7,8,9,10,11,13,15,29,31,32,34]"
n293477,7,0.5,37,18,14,22,4,4,0.6363636363636364,"[0,1,2,3,4,5,6,7,8,9,10,11,12,13,14,15,16,17]","[0,1,2,3,4,5,6,7,8,9,12,13,16,17,30,33,35,36]"
n293477,8,0.5,37,18,13,23,5,5,0.5652173913043478,"[0,1,2,3,4,5,6,7,8,9,10,11,12,13,14,15,16,17]","[0,1,2,3,4,5,6,7,8,9,10,11,12,18,20,30,33,35]"
n293477,9,0.5,37,18,13,23,5,5,0.5652173913043478,"[0,1,2,3,4,5,6,7,8,9,10,11,12,13,14,15,16,17]","[0,1,2,3,4,5,6,7,8,9,10,11,14,19,31,33,35,36]"
n293477,10,0.5,37,18,14,22,4,4,0.6363636363636364,"[0,1,2,3,4,5,6,7,8,9,10,11,12,13,14,15,16,17]","[0,1,2,3,4,5,6,7,8,9,10,11,13,15,25,33,34,36]"
n293477,11,0.5,37,18,14,22,4,4,0.6363636363636364,"[0,1,2,3,4,5,6,7,8,9,10,11,12,13,14,15,16,17]","[0,1,2,3,4,5,6,7,8,9,10,13,16,17,25,32,33,36]"
n293477,12,0.5,37,18,12,24,6,6,0.5,"[0,1,2,3,4,5,6,7,8,9,10,11,12,13,14,15,16,17]","[0,1,2,5,7,8,9,13,14,15,16,17,18,22,29,32,33,36]"
n293477,13,0.5,37,18,12,24,6,6,0.5,"[0,1,2,3,4,5,6,7,8,9,10,11,12,13,14,15,16,17]","[0,1,2,3,4,5,6,7,9,10,14,15,20,21,29,31,35,36]"
n293477,14,0.5,37,18,12,24,6,6,0.5,"[0,1,2,3,4,5,6,7,8,9,10,11,12,13,14,15,16,17]","[0,2,3,4,5,6,7,8,9,11,12,14,18,25,26,31,33,36]"
n293477,15,0.5,37,18,14,22,4,4,0.6363636363636364,"[0,1,2,3,4,5,6,7,8,9,10,11,12,13,14,15,16,17]","[0,1,2,3,4,5,6,7,8,9,12,13,15,17,20,29,33,35]"
n293477,16,0.5,37,18,12,24,6,6,0.5,"[0,1,2,3,4,5,6,7,8,9,10,11,12,13,14,15,16,17]","[0,1,2,3,4,5,6,7,11,12,13,14,19,20,21,24,33,34]"
n293477,17,0.5,37,18,12,24,6,6,0.5,"[0,1,2,3,4,5,6,7,8,9,10,11,12,13,14,15,16,17]","[0,1,2,3,4,5,6,8,11,12,14,16,19,20,30,34,35,36]"
n293477,18,0.5,37,18,14,22,4,4,0.6363636363636364,"[0,1,2,3,4,5,6,7,8,9,10,11,12,13,14,15,16,17]","[0,1,2,3,4,5,6,7,8,9,10,11,15,17,25,32,33,36]"
n293477,19,0.5,37,18,13,23,5,5,0.5652173913043478,"[0,1,2,3,4,5,6,7,8,9,10,11,12,13,14,15,16,17]","[0,1,2,3,4,5,6,7,9,10,11,12,13,20,27,30,34,36]"
n293477,20,0.5,37,18,14,22,4,4,0.6363636363636364,"[0,1,2,3,4,5,6,7,8,9,10,11,12,13,14,15,16,17]","[0,1,2,3,4,5,6,7,8,9,10,11,13,16,24,27,33,36]"
n293477,21,0.5,37,18,14,22,4,4,0.6363636363636364,"[0,1,2,3,4,5,6,7,8,9,10,11,12,13,14,15,16,17]","[0,1,2,3,4,5,6,7,8,9,10,11,12,16,20,30,34,36]"
n293477,22,0.5,37,18,14,22,4,4,0.6363636363636364,"[0,1,2,3,4,5,6,7,8,9,10,11,12,13,14,15,16,17]","[0,1,2,3,4,5,6,7,8,9,10,12,13,15,27,30,32,36]"
n293477,23,0.5,37,18,13,23,5,5,0.5652173913043478,"[0,1,2,3,4,5,6,7,8,9,10,11,12,13,14,15,16,17]","[0,1,2,3,4,5,6,7,8,9,11,12,15,18,20,34,35,36]"
n293477,24,0.5,37,18,14,22,4,4,0.6363636363636364,"[0,1,2,3,4,5,6,7,8,9,10,11,12,13,14,15,16,17]","[0,1,2,3,4,5,6,7,8,9,10,12,14,16,25,29,33,34]"
n293477,25,0.5,37,18,13,23,5,5,0.5652173913043478,"[0,1,2,3,4,5,6,7,8,9,10,11,12,13,14,15,16,17]","[0,1,2,3,4,5,6,7,8,9,11,12,14,18,33,34,35,36]"
n293477,26,0.5,37,18,14,22,4,4,0.6363636363636364,"[0,1,2,3,4,5,6,7,8,9,10,11,12,13,14,15,16,17]","[0,1,2,3,4,5,6,7,8,9,10,11,12,13,26,30,33,36]"
n293477,27,0.5,37,18,14,22,4,4,0.6363636363636364,"[0,1,2,3,4,5,6,7,8,9,10,11,12,13,14,15,16,17]","[0,1,2,3,4,5,6,7,8,9,10,11,13,17,32,33,35,36]"
n293477,28,0.5,37,18,13,23,5,5,0.5652173913043478,"[0,1,2,3,4,5,6,7,8,9,10,11,12,13,14,15,16,17]","[0,1,2,3,4,5,6,7,8,9,11,13,14,18,30,34,35,36]"
n293477,29,0.5,37,18,13,23,5,5,0.5652173913043478,"[0,1,2,3,4,5,6,7,8,9,10,11,12,13,14,15,16,17]","[0,1,2,3,4,5,6,7,8,10,11,12,16,22,24,27,34,35]"
n293477,30,0.5,37,18,13,23,5,5,0.5652173913043478,"[0,1,2,3,4,5,6,7,8,9,10,11,12,13,14,15,16,17]","[0,1,2,3,4,5,6,7,8,9,10,12,13,21,29,31,35,36]"
n293477,31,0.5,37,18,14,22,4,4,0.6363636363636364,"[0,1,2,3,4,5,6,7,8,9,10,11,12,13,14,15,16,17]","[0,1,2,3,4,5,6,7,8,9,10,12,16,17,25,30,32,36]"
n44249,0,0.5,34,17,14,20,3,3,0.7,"[0,1,2,3,4,5,6,7,8,9,10,11,12,13,14,15,16]","[0,2,3,5,6,7,8,9,11,12,13,14,15,16,22,26,33]"
n44249,1,0.5,34,17,13,21,4,4,0.6190476190476191,"[0,1,2,3,4,5,6,7,8,9,10,11,12,13,14,15,16]","[0,1,2,3,4,5,6,7,8,9,10,11,14,20,24,30,33]"
n44249,2,0.5,34,17,13,21,4,4,0.6190476190476191,"[0,1,2,3,4,5,6,7,8,9,10,11,12,13,14,15,16]","[0,1,2,3,4,5,6,7,8,9,12,13,14,17,18,32,33]"
n44249,3,0.5,34,17,13,21,4,4,0.6190476190476191,"[0,1,2,3,4,5,6,7,8,9,10,11,12,13,14,15,16]","[0,1,2,3,4,5,6,7,8,9,10,11,12,24,26,31,33]"
n44249,4,0.5,34,17,13,21,4,4,0.6190476190476191,"[0,1,2,3,4,5,6,7,8,9,10,11,12,13,14,15,16]","[0,1,2,3,4,5,6,7,8,10,13,14,15,28,29,32,33]"
n44249,5,0.5,34,17,13,21,4,4,0.6190476190476191,"[0,1,2,3,4,5,6,7,8,9,10,11,12,13,14,15,16]","[0,1,2,3,4,5,6,7,8,9,10,11,12,22,24,29,33]"
n44249,6,0.5,34,17,13,21,4,4,0.6190476190476191,"[0,1,2,3,4,5,6,7,8,9,10,11,12,13,14,15,16]","[0,1,2,3,4,5,6,7,8,9,10,11,13,19,27,28,30]"
n44249,7,0.5,34,17,13,21,4,4,0.6190476190476191,"[0,1,2,3,4,5,6,7,8,9,10,11,12,13,14,15,16]","[0,1,2,3,4,5,6,7,8,10,11,12,13,28,29,31,32]"
n44249,8,0.5,34,17,13,21,4,4,0.6190476190476191,"[0,1,2,3,4,5,6,7,8,9,10,11,12,13,14,15,16]","[0,1,2,3,4,5,6,7,8,9,10,11,14,22,28,30,32]"
n44249,9,0.5,34,17,13,21,4,4,0.6190476190476191,"[0,1,2,3,4,5,6,7,8,9,10,11,12,13,14,15,16]","[0,1,2,3,4,5,6,7,8,9,10,11,13,20,26,29,32]"
n44249,10,0.5,34,17,13,21,4,4,0.6190476190476191,"[0,1,2,3,4,5,6,7,8,9,10,11,12,13,14,15,16]","[0,1,2,3,4,5,6,7,8,9,10,11,12,23,30,31,33]"
n44249,11,0.5,34,17,13,21,4,4,0.6190476190476191,"[0,1,2,3,4,5,6,7,8,9,10,11,12,13,14,15,16]","[0,1,2,3,4,5,6,7,8,9,10,11,12,19,25,30,32]"
n44249,12,0.5,34,17,13,21,4,4,0.6190476190476191,"[0,1,2,3,4,5,6,7,8,9,10,11,12,13,14,15,16]","[0,1,2,3,4,5,6,7,8,9,10,11,12,22,25,30,32]"
n44249,13,0.5,34,17,13,21,4,4,0.6190476190476191,"[0,1,2,3,4,5,6,7,8,9,10,11,12,13,14,15,16]","[0,1,2,3,4,5,6,7,8,10,12,14,16,20,23,28,32]"
n44249,14,0.5,34,17,13,21,4,4,0.6190476190476191,"[0,1,2,3,4,5,6,7,8,9,10,11,12,13,14,15,16]","[0,1,2,3,4,5,6,7,10,11,12,14,16,25,28,30,33]"
n44249,15,0.5,34,17,13,21,4,4,0.6190476190476191,"[0,1,2,3,4,5,6,7,8,9,10,11,12,13,14,15,16]","[0,1,2,3,4,5,6,7,8,10,11,12,14,21,28,31,32]"
n44249,16,0.5,34,17,13,21,4,4,0.6190476190476191,"[0,1,2,3,4,5,6,7,8,9,10,11,12,13,14,15,16]","[0,1,2,3,4,5,6,7,8,9,10,13,14,22,23,27,30]"
n44249,17,0.5,34,17,13,21,4,4,0.6190476190476191,"[0,1,2,3,4,5,6,7,8,9,10,11,12,13,14,15,16]","[0,1,2,3,4,5,6,8,9,10,11,12,13,22,26,29,32]"
n44249,18,0.5,34,17,13,21,4,4,0.6190476190476191,"[0,1,2,3,4,5,6,7,8,9,10,11,12,13,14,15,16]","[0,1,2,3,4,5,6,7,8,9,12,13,15,19,25,29,33]"
n44249,19,0.5,34,17,13,21,4,4,0.6190476190476191,"[0,1,2,3,4,5,6,7,8,9,10,11,12,13,14,15,16]","[0,1,2,3,4,5,6,7,8,9,10,11,15,24,29,30,32]"
n44249,20,0.5,34,17,13,21,4,4,0.6190476190476191,"[0,1,2,3,4,5,6,7,8,9,10,11,12,13,14,15,16]","[0,1,2,3,4,5,6,7,8,9,10,11,15,18,28,30,33]"
n44249,21,0.5,34,17,13,21,4,4,0.6190476190476191,"[0,1,2,3,4,5,6,7,8,9,10,11,12,13,14,15,16]","[0,1,2,3,4,5,6,7,8,9,10,11,12,21,26,29,30]"
n44249,22,0.5,34,17,13,21,4,4,0.6190476190476191,"[0,1,2,3,4,5,6,7,8,9,10,11,12,13,14,15,16]","[0,1,2,3,4,5,6,7,8,10,11,12,13,21,27,31,33]"
n44249,23,0.5,34,17,12,22,5,5,0.5454545454545454,"[0,1,2,3,4,5,6,7,8,9,10,11,12,13,14,15,16]","[0,1,2,3,4,5,6,7,8,9,12,13,19,25,27,32,33]"
n44249,24,0.5,34,17,13,21,4,4,0.6190476190476191,"[0,1,2,3,4,5,6,7,8,9,10,11,12,13,14,15,16]","[0,1,2,3,4,5,6,7,8,9,10,11,16,25,29,32,33]"
n44249,25,0.5,34,17,13,21,4,4,0.6190476190476191,"[0,1,2,3,4,5,6,7,8,9,10,11,12,13,14,15,16]","[0,1,2,3,4,5,6,7,8,9,11,14,15,17,21,29,33]"
n44249,26,0.5,34,17,13,21,4,4,0.6190476190476191,"[0,1,2,3,4,5,6,7,8,9,10,11,12,13,14,15,16]","[0,1,2,3,4,5,6,7,8,9,10,11,13,18,26,32,33]"
n44249,27,0.5,34,17,11,23,6,6,0.4782608695652174,"[0,1,2,3,4,5,6,7,8,9,10,11,12,13,14,15,16]","[0,1,2,3,4,5,6,7,9,10,14,17,19,24,28,29,31]"
n44249,28,0.5,34,17,11,23,6,6,0.4782608695652174,"[0,1,2,3,4,5,6,7,8,9,10,11,12,13,14,15,16]","[0,1,2,3,4,6,7,8,9,13,14,17,19,25,30,32,33]"
n44249,29,0.5,34,17,12,22,5,5,0.5454545454545454,"[0,1,2,3,4,5,6,7,8,9,10,11,12,13,14,15,16]","[0,1,2,3,4,5,6,7,8,9,12,14,17,24,29,31,33]"
n44249,30,0.5,34,17,12,22,5,5,0.5454545454545454,"[0,1,2,3,4,5,6,7,8,9,10,11,12,13,14,15,16]","[0,1,2,3,4,7,9,10,11,13,15,16,19,26,28,30,33]"
n44249,31,0.5,34,17,13,21,4,4,0.6190476190476191,"[0,1,2,3,4,5,6,7,8,9,10,11,12,13,14,15,16]","[0,1,2,3,4,5,6,7,8,9,12,13,16,18,25,26,33]"
n331357,0,0.5,32,16,15,17,1,1,0.8823529411764706,"[0,1,2,3,4,5,6,7,8,9,10,11,12,13,14,15]","[0,1,2,3,4,5,6,7,9,10,11,12,13,14,15,31]"
n331357,1,0.5,32,16,12,20,4,4,0.6,"[0,1,2,3,4,5,6,7,8,9,10,11,12,13,14,15]","[0,1,2,3,4,5,6,7,8,9,11,12,18,20,28,31]"
n331357,2,0.5,32,16,12,20,4,4,0.6,"[0,1,2,3,4,5,6,7,8,9,10,11,12,13,14,15]","[0,1,2,3,4,5,6,7,8,9,10,14,17,22,26,30]"
n331357,3,0.5,32,16,12,20,4,4,0.6,"[0,1,2,3,4,5,6,7,8,9,10,11,12,13,14,15]","[0,1,2,3,4,5,6,7,8,9,10,13,18,21,23,31]"
n331357,4,0.5,32,16,12,20,4,4,0.6,"[0,1,2,3,4,5,6,7,8,9,10,11,12,13,14,15]","[0,1,2,3,4,5,6,7,8,9,10,12,21,25,29,30]"
n331357,5,0.5,32,16,12,20,4,4,0.6,"[0,1,2,3,4,5,6,7,8,9,10,11,12,13,14,15]","[0,1,2,3,4,5,6,7,8,9,10,11,18,19,23,31]"
n331357,6,0.5,32,16,12,20,4,4,0.6,"[0,1,2,3,4,5,6,7,8,9,10,11,12,13,14,15]","[0,1,2,3,4,5,6,7,8,9,10,11,23,25,30,31]"
n331357,7,0.5,32,16,12,20,4,4,0.6,"[0,1,2,3,4,5,6,7,8,9,10,11,12,13,14,15]","[0,1,2,3,4,5,6,7,8,9,11,12,27,28,30,31]"
n331357,8,0.5,32,16,12,20,4,4,0.6,"[0,1,2,3,4,5,6,7,8,9,10,11,12,13,14,15]","[0,1,2,3,4,5,6,7,8,9,10,13,22,27,29,31]"
n331357,9,0.5,32,16,12,20,4,4,0.6,"[0,1,2,3,4,5,6,7,8,9,10,11,12,13,14,15]","[0,1,2,3,4,5,6,7,8,9,11,14,19,23,25,28]"
n331357,10,0.5,32,16,12,20,4,4,0.6,"[0,1,2,3,4,5,6,7,8,9,10,11,12,13,14,15]","[0,1,2,3,4,5,6,7,8,9,10,14,21,28,29,31]"
n331357,11,0.5,32,16,12,20,4,4,0.6,"[0,1,2,3,4,5,6,7,8,9,10,11,12,13,14,15]","[0,1,2,3,4,5,6,7,8,10,11,15,22,27,28,31]"
n331357,12,0.5,32,16,12,20,4,4,0.6,"[0,1,2,3,4,5,6,7,8,9,10,11,12,13,14,15]","[0,1,2,3,4,5,6,7,8,10,11,13,25,27,28,30]"
n331357,13,0.5,32,16,12,20,4,4,0.6,"[0,1,2,3,4,5,6,7,8,9,10,11,12,13,14,15]","[0,1,2,3,4,5,6,7,9,10,11,13,22,24,26,27]"
n331357,14,0.5,32,16,12,20,4,4,0.6,"[0,1,2,3,4,5,6,7,8,9,10,11,12,13,14,15]","[0,1,2,3,4,5,6,7,8,10,11,12,23,27,28,30]"
n331357,15,0.5,32,16,12,20,4,4,0.6,"[0,1,2,3,4,5,6,7,8,9,10,11,12,13,14,15]","[0,1,2,3,4,5,6,7,8,9,10,13,23,24,27,31]"
n331357,16,0.5,32,16,12,20,4,4,0.6,"[0,1,2,3,4,5,6,7,8,9,10,11,12,13,14,15]","[0,1,2,3,4,5,6,7,8,9,10,14,17,26,28,31]"
n331357,17,0.5,32,16,12,20,4,4,0.6,"[0,1,2,3,4,5,6,7,8,9,10,11,12,13,14,15]","[0,1,2,3,4,5,6,7,8,9,10,12,21,25,28,31]"
n331357,18,0.5,32,16,12,20,4,4,0.6,"[0,1,2,3,4,5,6,7,8,9,10,11,12,13,14,15]","[0,1,2,3,4,5,6,7,8,9,11,13,21,28,30,31]"
n331357,19,0.5,32,16,12,20,4,4,0.6,"[0,1,2,3,4,5,6,7,8,9,10,11,12,13,14,15]","[0,1,2,3,4,5,6,7,8,10,12,15,24,26,30,31]"
n331357,20,0.5,32,16,11,21,5,5,0.5238095238095238,"[0,1,2,3,4,5,6,7,8,9,10,11,12,13,14,15]","[0,1,2,3,4,5,6,7,8,10,15,16,24,28,30,31]"
n331357,21,0.5,32,16,11,21,5,5,0.5238095238095238,"[0,1,2,3,4,5,6,7,8,9,10,11,12,13,14,15]","[0,1,2,3,4,5,6,7,9,10,15,16,21,23,28,29]"
n331357,22,0.5,32,16,12,20,4,4,0.6,"[0,1,2,3,4,5,6,7,8,9,10,11,12,13,14,15]","[0,1,2,3,4,5,6,7,8,9,10,13,23,28,29,31]"
n331357,23,0.5,32,16,12,20,4,4,0.6,"[0,1,2,3,4,5,6,7,8,9,10,11,12,13,14,15]","[0,1,2,3,4,5,6,7,8,9,11,13,18,22,25,28]"
n331357,24,0.5,32,16,11,21,5,5,0.5238095238095238,"[0,1,2,3,4,5,6,7,8,9,10,11,12,13,14,15]","[0,1,2,3,4,5,6,7,8,10,11,17,21,22,27,31]"
n331357,25,0.5,32,16,12,20,4,4,0.6,"[0,1,2,3,4,5,6,7,8,9,10,11,12,13,14,15]","[0,1,2,3,4,5,6,7,8,9,12,15,22,23,25,27]"
n331357,26,0.5,32,16,12,20,4,4,0.6,"[0,1,2,3,4,5,6,7,8,9,10,11,12,13,14,15]","[0,1,2,3,4,5,6,7,8,9,11,14,22,27,28,29]"
n331357,27,0.5,32,16,12,20,4,4,0.6,"[0,1,2,3,4,5,6,7,8,9,10,11,12,13,14,15]","[0,1,2,3,4,5,6,7,8,9,11,12,18,23,29,31]"
n331357,28,0.5,32,16,12,20,4,4,0.6,"[0,1,2,3,4,5,6,7,8,9,10,11,12,13,14,15]","[0,1,2,3,4,5,6,7,8,9,10,11,21,24,26,30]"
n331357,29,0.5,32,16,12,20,4,4,0.6,"[0,1,2,3,4,5,6,7,8,9,10,11,12,13,14,15]","[0,1,2,3,4,5,6,7,8,11,12,13,20,23,26,29]"
n331357,30,0.5,32,16,12,20,4,4,0.6,"[0,1,2,3,4,5,6,7,8,9,10,11,12,13,14,15]","[0,1,2,3,4,5,6,7,8,9,10,11,21,22,28,30]"
n331357,31,0.5,32,16,12,20,4,4,0.6,"[0,1,2,3,4,5,6,7,8,9,10,11,12,13,14,15]","[0,1,2,3,4,5,7,8,9,10,11,14,19,26,28,31]"
n51002,0,0.5,34,17,13,21,4,4,0.6190476190476191,"[0,1,2,3,4,5,6,7,8,9,10,11,12,13,14,15,16]","[0,3,4,5,6,7,8,9,11,12,13,15,16,17,20,31,32]"
n51002,1,0.5,34,17,14,20,3,3,0.7,"[0,1,2,3,4,5,6,7,8,9,10,11,12,13,14,15,16]","[0,1,2,3,4,5,6,7,8,9,10,11,12,14,26,29,31]"
n51002,2,0.5,34,17,13,21,4,4,0.6190476190476191,"[0,1,2,3,4,5,6,7,8,9,10,11,12,13,14,15,16]","[0,1,2,3,4,5,6,7,8,10,12,13,16,24,28,31,33]"
n51002,3,0.5,34,17,13,21,4,4,0.6190476190476191,"[0,1,2,3,4,5,6,7,8,9,10,11,12,13,14,15,16]","[0,1,2,3,4,5,6,7,8,10,11,12,15,27,29,32,33]"
n51002,4,0.5,34,17,13,21,4,4,0.6190476190476191,"[0,1,2,3,4,5,6,7,8,9,10,11,12,13,14,15,16]","[0,1,2,3,4,5,6,7,8,9,10,11,13,24,30,31,33]"
n51002,5,0.5,34,17,13,21,4,4,0.6190476190476191,"[0,1,2,3,4,5,6,7,8,9,10,11,12,13,14,15,16]","[0,1,2,3,4,5,6,7,8,9,10,11,13,24,29,30,33]"
n51002,6,0.5,34,17,13,21,4,4,0.6190476190476191,"[0,1,2,3,4,5,6,7,8,9,10,11,12,13,14,15,16]","[0,1,2,3,4,5,6,7,8,9,10,11,14,26,27,28,33]"
n51002,7,0.5,34,17,13,21,4,4,0.6190476190476191,"[0,1,2,3,4,5,6,7,8,9,10,11,12,13,14,15,16]","[0,1,2,3,4,5,6,7,8,9,10,11,14,27,28,29,32]"
n51002,8,0.5,34,17,12,22,5,5,0.5454545454545454,"[0,1,2,3,4,5,6,7,8,9,10,11,12,13,14,15,16]","[0,1,2,3,4,5,6,7,9,10,11,14,18,25,27,29,33]"
n51002,9,0.5,34,17,13,21,4,4,0.6190476190476191,"[0,1,2,3,4,5,6,7,8,9,10,11,12,13,14,15,16]","[0,1,2,3,4,5,6,8,9,10,11,13,15,25,27,29,32]"
n51002,10,0.5,34,17,12,22,5,5,0.5454545454545454,"[0,1,2,3,4,5,6,7,8,9,10,11,12,13,14,15,16]","[0,1,2,3,4,5,6,7,9,10,12,13,17,27,29,31,32]"
n51002,11,0.5,34,17,13,21,4,4,0.6190476190476191,"[0,1,2,3,4,5,6,7,8,9,10,11,12,13,14,15,16]","[0,1,2,3,4,5,6,7,8,9,10,11,13,23,27,30,33]"
n51002,12,0.5,34,17,13,21,4,4,0.6190476190476191,"[0,1,2,3,4,5,6,7,8,9,10,11,12,13,14,15,16]","[0,1,2,3,4,5,6,7,9,10,11,14,15,27,29,31,32]"
n51002,13,0.5,34,17,12,22,5,5,0.5454545454545454,"[0,1,2,3,4,5,6,7,8,9,10,11,12,13,14,15,16]","[0,1,2,3,4,5,6,7,8,9,10,16,19,26,28,30,33]"
n51002,14,0.5,34,17,13,21,4,4,0.6190476190476191,"[0,1,2,3,4,5,6,7,8,9,10,11,12,13,14,15,16]","[0,1,2,3,4,5,6,7,8,9,10,11,15,26,28,32,33]"
n51002,15,0.5,34,17,13,21,4,4,0.6190476190476191,"[0,1,2,3,4,5,6,7,8,9,10,11,12,13,14,15,16]","[0,1,2,3,4,5,6,7,9,10,12,13,14,26,29,31,33]"
n51002,16,0.5,34,17,13,21,4,4,0.6190476190476191,"[0,1,2,3,4,5,6,7,8,9,10,11,12,13,14,15,16]","[0,1,2,3,4,5,6,7,8,9,10,11,12,22,24,28,33]"
n51002,17,0.5,34,17,13,21,4,4,0.6190476190476191,"[0,1,2,3,4,5,6,7,8,9,10,11,12,13,14,15,16]","[0,1,2,3,4,5,6,7,8,9,10,11,12,19,27,30,33]"
n51002,18,0.5,34,17,12,22,5,5,0.5454545454545454,"[0,1,2,3,4,5,6,7,8,9,10,11,12,13,14,15,16]","[0,1,2,3,4,5,6,7,9,10,11,13,18,26,28,31,33]"
n51002,19,0.5,34,17,13,21,4,4,0.6190476190476191,"[0,1,2,3,4,5,6,7,8,9,10,11,12,13,14,15,16]","[0,1,2,3,4,5,6,7,8,9,10,11,14,22,27,29,33]"
n51002,20,0.5,34,17,13,21,4,4,0.6190476190476191,"[0,1,2,3,4,5,6,7,8,9,10,11,12,13,14,15,16]","[0,1,2,3,4,5,6,7,8,9,10,12,15,24,25,30,32]"
n51002,21,0.5,34,17,12,22,5,5,0.5454545454545454,"[0,1,2,3,4,5,6,7,8,9,10,11,12,13,14,15,16]","[0,1,2,3,4,5,6,7,8,9,11,16,17,21,25,30,32]"
n51002,22,0.5,34,17,13,21,4,4,0.6190476190476191,"[0,1,2,3,4,5,6,7,8,9,10,11,12,13,14,15,16]","[0,1,2,3,4,5,7,8,9,10,12,14,15,22,26,27,32]"
n51002,23,0.5,34,17,12,22,5,5,0.5454545454545454,"[0,1,2,3,4,5,6,7,8,9,10,11,12,13,14,15,16]","[0,1,2,3,4,5,6,7,8,10,11,14,17,27,29,30,33]"
n51002,24,0.5,34,17,13,21,4,4,0.6190476190476191,"[0,1,2,3,4,5,6,7,8,9,10,11,12,13,14,15,16]","[0,1,2,3,4,5,6,7,8,9,10,11,13,22,24,30,33]"
n51002,25,0.5,34,17,13,21,4,4,0.6190476190476191,"[0,1,2,3,4,5,6,7,8,9,10,11,12,13,14,15,16]","[0,1,2,3,4,5,6,7,8,11,12,13,14,20,29,30,32]"
n51002,26,0.5,34,17,13,21,4,4,0.6190476190476191,"[0,1,2,3,4,5,6,7,8,9,10,11,12,13,14,15,16]","[0,1,2,3,4,5,6,7,8,11,12,15,16,23,30,32,33]"
n51002,27,0.5,34,17,10,24,7,7,0.4166666666666667,"[0,1,2,3,4,5,6,7,8,9,10,11,12,13,14,15,16]","[0,1,2,3,4,5,8,9,11,13,18,19,20,29,30,31,33]"
n51002,28,0.5,34,17,11,23,6,6,0.4782608695652174,"[0,1,2,3,4,5,6,7,8,9,10,11,12,13,14,15,16]","[0,1,2,3,4,5,6,7,8,11,13,17,21,28,29,31,32]"
n51002,29,0.5,34,17,13,21,4,4,0.6190476190476191,"[0,1,2,3,4,5,6,7,8,9,10,11,12,13,14,15,16]","[0,1,2,3,4,5,6,7,8,9,11,12,16,22,29,31,33]"
n51002,30,0.5,34,17,10,24,7,7,0.4166666666666667,"[0,1,2,3,4,5,6,7,8,9,10,11,12,13,14,15,16]","[0,1,2,3,5,6,9,11,12,13,17,18,20,27,29,32,33]"
n51002,31,0.5,34,17,11,23,6,6,0.4782608695652174,"[0,1,2,3,4,5,6,7,8,9,10,11,12,13,14,15,16]","[0,1,2,4,6,8,10,11,12,15,16,17,18,24,27,29,31]"
n244826,0,0.5,31,16,12,20,4,4,0.6,"[0,1,2,3,4,5,6,7,8,9,10,11,12,13,14,15]","[0,1,3,4,5,6,7,8,9,11,12,15,16,20,23,24]"
n244826,1,0.5,31,16,12,20,4,4,0.6,"[0,1,2,3,4,5,6,7,8,9,10,11,12,13,14,15]","[0,1,2,3,4,5,6,7,8,9,10,15,17,22,24,30]"
n244826,2,0.5,31,16,12,20,4,4,0.6,"[0,1,2,3,4,5,6,7,8,9,10,11,12,13,14,15]","[0,1,2,3,4,5,6,7,8,9,11,13,17,22,29,30]"
n244826,3,0.5,31,16,12,20,4,4,0.6,"[0,1,2,3,4,5,6,7,8,9,10,11,12,13,14,15]","[0,1,2,3,4,5,6,7,8,9,10,11,17,24,28,30]"
n244826,4,0.5,31,16,12,20,4,4,0.6,"[0,1,2,3,4,5,6,7,8,9,10,11,12,13,14,15]","[0,1,2,3,4,5,6,7,8,9,10,11,20,25,26,29]"
n244826,5,0.5,31,16,12,20,4,4,0.6,"[0,1,2,3,4,5,6,7,8,9,10,11,12,13,14,15]","[0,1,2,3,4,5,6,7,8,9,11,13,21,25,28,30]"
n244826,6,0.5,31,16,12,20,4,4,0.6,"[0,1,2,3,4,5,6,7,8,9,10,11,12,13,14,15]","[0,1,2,3,4,5,6,7,8,9,10,11,17,23,24,26]"
n244826,7,0.5,31,16,12,20,4,4,0.6,"[0,1,2,3,4,5,6,7,8,9,10,11,12,13,14,15]","[0,1,2,3,4,5,6,7,8,10,11,12,19,24,26,28]"
n244826,8,0.5,31,16,12,20,4,4,0.6,"[0,1,2,3,4,5,6,7,8,9,10,11,12,13,14,15]","[0,1,2,3,4,5,6,7,8,10,11,12,18,23,24,28]"
n244826,9,0.5,31,16,12,20,4,4,0.6,"[0,1,2,3,4,5,6,7,8,9,10,11,12,13,14,15]","[0,1,2,3,4,5,6,7,8,10,11,12,20,23,25,29]"
n244826,10,0.5,31,16,12,20,4,4,0.6,"[0,1,2,3,4,5,6,7,8,9,10,11,12,13,14,15]","[0,1,2,3,4,5,6,7,8,9,12,13,19,22,26,29]"
n244826,11,0.5,31,16,12,20,4,4,0.6,"[0,1,2,3,4,5,6,7,8,9,10,11,12,13,14,15]","[0,1,2,3,4,5,6,7,8,9,10,13,17,22,24,29]"
n244826,12,0.5,31,16,12,20,4,4,0.6,"[0,1,2,3,4,5,6,7,8,9,10,11,12,13,14,15]","[0,1,2,3,4,5,6,7,8,9,10,13,20,23,27,29]"
n244826,13,0.5,31,16,12,20,4,4,0.6,"[0,1,2,3,4,5,6,7,8,9,10,11,12,13,14,15]","[0,1,2,3,4,5,6,8,9,10,12,13,19,25,27,30]"
n244826,14,0.5,31,16,12,20,4,4,0.6,"[0,1,2,3,4,5,6,7,8,9,10,11,12,13,14,15]","[0,1,2,3,4,5,6,8,9,10,11,12,18,23,26,28]"
n244826,15,0.5,31,16,12,20,4,4,0.6,"[0,1,2,3,4,5,6,7,8,9,10,11,12,13,14,15]","[0,1,2,3,4,5,6,7,8,9,11,14,18,22,29,30]"
n244826,16,0.5,31,16,12,20,4,4,0.6,"[0,1,2,3,4,5,6,7,8,9,10,11,12,13,14,15]","[0,1,2,3,4,5,6,7,8,9,11,13,16,17,21,23]"
n244826,17,0.5,31,16,12,20,4,4,0.6,"[0,1,2,3,4,5,6,7,8,9,10,11,12,13,14,15]","[0,1,2,3,4,5,6,7,8,9,11,12,16,21,28,30]"
n244826,18,0.5,31,16,13,19,3,3,0.6842105263157895,"[0,1,2,3,4,5,6,7,8,9,10,11,12,13,14,15]","[0,1,2,3,4,5,6,7,8,9,10,11,15,21,24,29]"
n244826,19,0.5,31,16,12,20,4,4,0.6,"[0,1,2,3,4,5,6,7,8,9,10,11,12,13,14,15]","[0,1,2,3,5,6,7,8,9,10,11,12,17,22,27,29]"
n244826,20,0.5,31,16,12,20,4,4,0.6,"[0,1,2,3,4,5,6,7,8,9,10,11,12,13,14,15]","[0,1,2,3,4,5,6,7,8,9,10,13,17,18,29,30]"
n244826,21,0.5,31,16,12,20,4,4,0.6,"[0,1,2,3,4,5,6,7,8,9,10,11,12,13,14,15]","[0,1,2,3,4,5,6,7,8,10,14,15,16,17,28,30]"
n244826,22,0.5,31,16,13,19,3,3,0.6842105263157895,"[0,1,2,3,4,5,6,7,8,9,10,11,12,13,14,15]","[0,1,2,3,4,5,6,7,8,9,10,12,14,17,28,29]"
n244826,23,0.5,31,16,13,19,3,3,0.6842105263157895,"[0,1,2,3,4,5,6,7,8,9,10,11,12,13,14,15]","[0,1,2,3,4,5,6,7,8,9,10,13,14,17,28,29]"
n244826,24,0.5,31,16,12,20,4,4,0.6,"[0,1,2,3,4,5,6,7,8,9,10,11,12,13,14,15]","[0,1,2,3,4,5,6,7,8,9,11,14,16,19,22,28]"
n244826,25,0.5,31,16,12,20,4,4,0.6,"[0,1,2,3,4,5,6,7,8,9,10,11,12,13,14,15]","[0,1,2,3,4,5,6,7,8,9,10,12,16,20,26,28]"
n244826,26,0.5,31,16,13,19,3,3,0.6842105263157895,"[0,1,2,3,4,5,6,7,8,9,10,11,12,13,14,15]","[0,1,2,3,4,5,6,7,8,9,10,12,15,19,26,29]"
n244826,27,0.5,31,16,12,20,4,4,0.6,"[0,1,2,3,4,5,6,7,8,9,10,11,12,13,14,15]","[0,1,2,3,4,5,6,7,8,10,11,15,16,26,29,30]"
n244826,28,0.5,31,16,12,20,4,4,0.6,"[0,1,2,3,4,5,6,7,8,9,10,11,12,13,14,15]","[0,1,2,3,4,5,6,7,8,9,10,11,17,24,29,30]"
n244826,29,0.5,31,16,12,20,4,4,0.6,"[0,1,2,3,4,5,6,7,8,9,10,11,12,13,14,15]","[0,1,2,3,4,5,6,7,8,10,11,12,17,24,26,30]"
n244826,30,0.5,31,16,12,20,4,4,0.6,"[0,1,2,3,4,5,6,7,8,9,10,11,12,13,14,15]","[0,1,2,3,4,5,6,7,8,9,10,11,17,22,28,29]"
n244826,31,0.5,31,16,12,20,4,4,0.6,"[0,1,2,3,4,5,6,7,8,9,10,11,12,13,14,15]","[0,1,2,3,4,5,6,7,8,9,11,12,18,26,27,30]"
n470131,0,0.5,34,17,14,20,3,3,0.7,"[0,1,2,3,4,5,6,7,8,9,10,11,12,13,14,15,16]","[0,1,3,4,5,6,7,8,9,10,11,12,13,14,17,22,33]"
n470131,1,0.5,34,17,14,20,3,3,0.7,"[0,1,2,3,4,5,6,7,8,9,10,11,12,13,14,15,16]","[0,1,2,3,4,5,6,7,8,9,10,11,12,13,27,31,33]"
n470131,2,0.5,34,17,14,20,3,3,0.7,"[0,1,2,3,4,5,6,7,8,9,10,11,12,13,14,15,16]","[0,1,2,3,4,5,6,7,8,9,10,11,13,15,27,31,33]"
n470131,3,0.5,34,17,13,21,4,4,0.6190476190476191,"[0,1,2,3,4,5,6,7,8,9,10,11,12,13,14,15,16]","[0,1,2,3,4,5,6,7,8,9,10,11,13,18,20,27,28]"
n470131,4,0.5,34,17,13,21,4,4,0.6190476190476191,"[0,1,2,3,4,5,6,7,8,9,10,11,12,13,14,15,16]","[0,1,2,3,4,5,6,7,8,10,11,14,15,23,25,27,29]"
n470131,5,0.5,34,17,13,21,4,4,0.6190476190476191,"[0,1,2,3,4,5,6,7,8,9,10,11,12,13,14,15,16]","[0,1,2,3,4,5,6,7,8,9,10,11,12,24,25,28,33]"
n470131,6,0.5,34,17,13,21,4,4,0.6190476190476191,"[0,1,2,3,4,5,6,7,8,9,10,11,12,13,14,15,16]","[0,1,2,3,4,5,6,7,8,9,10,11,12,25,26,28,29]"
n470131,7,0.5,34,17,13,21,4,4,0.6190476190476191,"[0,1,2,3,4,5,6,7,8,9,10,11,12,13,14,15,16]","[0,1,2,3,4,5,6,7,8,9,10,13,14,26,29,30,31]"
n470131,8,0.5,34,17,13,21,4,4,0.6190476190476191,"[0,1,2,3,4,5,6,7,8,9,10,11,12,13,14,15,16]","[0,1,2,3,4,5,6,7,8,9,10,11,12,27,28,29,32]"
n470131,9,0.5,34,17,13,21,4,4,0.6190476190476191,"[0,1,2,3,4,5,6,7,8,9,10,11,12,13,14,15,16]","[0,1,2,3,4,5,6,7,8,9,10,11,14,27,29,30,32]"
n470131,10,0.5,34,17,13,21,4,4,0.6190476190476191,"[0,1,2,3,4,5,6,7,8,9,10,11,12,13,14,15,16]","[0,1,2,3,4,5,6,7,8,9,10,11,13,24,29,30,32]"
n470131,11,0.5,34,17,13,21,4,4,0.6190476190476191,"[0,1,2,3,4,5,6,7,8,9,10,11,12,13,14,15,16]","[0,1,2,3,4,5,6,7,8,9,11,14,16,24,29,31,33]"
n470131,12,0.5,34,17,13,21,4,4,0.6190476190476191,"[0,1,2,3,4,5,6,7,8,9,10,11,12,13,14,15,16]","[0,1,2,3,4,5,6,7,8,9,10,11,12,28,29,31,32]"
n470131,13,0.5,34,17,13,21,4,4,0.6190476190476191,"[0,1,2,3,4,5,6,7,8,9,10,11,12,13,14,15,16]","[0,1,2,3,4,5,6,7,8,9,11,12,14,28,29,32,33]"
n470131,14,0.5,34,17,12,22,5,5,0.5454545454545454,"[0,1,2,3,4,5,6,7,8,9,10,11,12,13,14,15,16]","[0,1,2,3,4,6,7,8,9,10,12,13,17,24,29,31,33]"
n470131,15,0.5,34,17,13,21,4,4,0.6190476190476191,"[0,1,2,3,4,5,6,7,8,9,10,11,12,13,14,15,16]","[0,1,2,3,4,5,6,7,8,10,13,14,16,22,28,30,33]"
n470131,16,0.5,34,17,13,21,4,4,0.6190476190476191,"[0,1,2,3,4,5,6,7,8,9,10,11,12,13,14,15,16]","[0,1,2,3,4,5,6,7,8,9,10,12,15,20,26,28,33]"
n470131,17,0.5,34,17,13,21,4,4,0.6190476190476191,"[0,1,2,3,4,5,6,7,8,9,10,11,12,13,14,15,16]","[0,1,2,3,4,5,6,7,8,9,10,11,13,23,29,31,33]"
n470131,18,0.5,34,17,13,21,4,4,0.6190476190476191,"[0,1,2,3,4,5,6,7,8,9,10,11,12,13,14,15,16]","[0,1,2,3,4,5,6,7,8,9,10,11,13,19,23,31,32]"
n470131,19,0.5,34,17,13,21,4,4,0.6190476190476191,"[0,1,2,3,4,5,6,7,8,9,10,11,12,13,14,15,16]","[0,1,2,3,4,5,6,7,8,9,10,11,12,25,28,31,33]"
n470131,20,0.5,34,17,14,20,3,3,0.7,"[0,1,2,3,4,5,6,7,8,9,10,11,12,13,14,15,16]","[0,1,2,3,4,5,7,8,9,10,11,12,13,15,21,29,32]"
n470131,21,0.5,34,17,13,21,4,4,0.6190476190476191,"[0,1,2,3,4,5,6,7,8,9,10,11,12,13,14,15,16]","[0,1,2,3,4,5,6,7,8,9,10,13,16,22,25,30,33]"
n470131,22,0.5,34,17,12,22,5,5,0.5454545454545454,"[0,1,2,3,4,5,6,7,8,9,10,11,12,13,14,15,16]","[0,1,2,3,4,5,6,7,8,9,11,13,20,21,23,29,33]"
n470131,23,0.5,34,17,13,21,4,4,0.6190476190476191,"[0,1,2,3,4,5,6,7,8,9,10,11,12,13,14,15,16]","[0,1,2,3,4,5,6,7,8,10,11,12,13,27,28,32,33]"
n470131,24,0.5,34,17,12,22,5,5,0.5454545454545454,"[0,1,2,3,4,5,6,7,8,9,10,11,12,13,14,15,16]","[0,1,2,3,4,5,6,7,8,9,10,14,17,22,25,32,33]"
n470131,25,0.5,34,17,13,21,4,4,0.6190476190476191,"[0,1,2,3,4,5,6,7,8,9,10,11,12,13,14,15,16]","[0,1,2,3,4,5,6,7,10,11,12,13,14,22,27,28,33]"
n470131,26,0.5,34,17,13,21,4,4,0.6190476190476191,"[0,1,2,3,4,5,6,7,8,9,10,11,12,13,14,15,16]","[0,1,2,3,4,5,6,7,8,9,10,11,12,23,28,29,33]"
n470131,27,0.5,34,17,13,21,4,4,0.6190476190476191,"[0,1,2,3,4,5,6,7,8,9,10,11,12,13,14,15,16]","[0,1,2,3,4,5,6,7,10,11,12,13,14,24,26,31,33]"
n470131,28,0.5,34,17,13,21,4,4,0.6190476190476191,"[0,1,2,3,4,5,6,7,8,9,10,11,12,13,14,15,16]","[0,1,2,3,4,5,6,7,8,9,10,12,14,26,27,28,33]"
n470131,29,0.5,34,17,13,21,4,4,0.6190476190476191,"[0,1,2,3,4,5,6,7,8,9,10,11,12,13,14,15,16]","[0,1,2,3,4,5,6,7,8,9,10,11,13,22,25,31,33]"
n470131,30,0.5,34,17,13,21,4,4,0.6190476190476191,"[0,1,2,3,4,5,6,7,8,9,10,11,12,13,14,15,16]","[0,1,2,3,4,5,6,7,8,10,11,12,14,26,31,32,33]"
n470131,31,0.5,34,17,14,20,3,3,0.7,"[0,1,2,3,4,5,6,7,8,9,10,11,12,13,14,15,16]","[0,1,2,3,4,5,6,7,8,9,10,12,14,16,26,30,33]"
n195249,0,0.5,29,14,12,16,2,2,0.75,"[0,1,2,3,4,5,6,7,8,9,10,11,12,13]","[0,1,4,5,6,7,8,9,10,11,12,13,16,23]"
n195249,1,0.5,29,14,11,17,3,3,0.6470588235294118,"[0,1,2,3,4,5,6,7,8,9,10,11,12,13]","[0,1,2,3,4,5,6,7,8,9,11,17,24,28]"
n195249,2,0.5,29,14,11,17,3,3,0.6470588235294118,"[0,1,2,3,4,5,6,7,8,9,10,11,12,13]","[0,1,2,3,4,5,6,7,8,10,13,15,21,26]"
n195249,3,0.5,29,14,10,18,4,4,0.5555555555555556,"[0,1,2,3,4,5,6,7,8,9,10,11,12,13]","[0,1,2,3,4,5,6,7,8,9,15,21,23,28]"
n195249,4,0.5,29,14,10,18,4,4,0.5555555555555556,"[0,1,2,3,4,5,6,7,8,9,10,11,12,13]","[0,1,2,3,4,5,7,8,9,10,17,18,19,22]"
n195249,5,0.5,29,14,10,18,4,4,0.5555555555555556,"[0,1,2,3,4,5,6,7,8,9,10,11,12,13]","[0,1,2,3,4,5,7,8,9,10,18,20,24,26]"
n195249,6,0.5,29,14,10,18,4,4,0.5555555555555556,"[0,1,2,3,4,5,6,7,8,9,10,11,12,13]","[0,1,2,3,4,5,6,7,9,11,20,21,22,28]"
n195249,7,0.5,29,14,10,18,4,4,0.5555555555555556,"[0,1,2,3,4,5,6,7,8,9,10,11,12,13]","[0,1,2,3,4,5,6,7,8,10,15,20,22,26]"
n195249,8,0.5,29,14,10,18,4,4,0.5555555555555556,"[0,1,2,3,4,5,6,7,8,9,10,11,12,13]","[0,1,2,3,4,5,6,7,8,9,17,19,21,26]"
n195249,9,0.5,29,14,10,18,4,4,0.5555555555555556,"[0,1,2,3,4,5,6,7,8,9,10,11,12,13]","[0,1,2,3,4,5,6,7,8,10,19,21,24,27]"
n195249,10,0.5,29,14,10,18,4,4,0.5555555555555556,"[0,1,2,3,4,5,6,7,8,9,10,11,12,13]","[0,1,2,3,4,5,6,7,9,10,16,21,23,25]"
n195249,11,0.5,29,14,10,18,4,4,0.5555555555555556,"[0,1,2,3,4,5,6,7,8,9,10,11,12,13]","[0,1,2,3,4,5,6,7,9,12,19,21,27,28]"
n195249,12,0.5,29,14,10,18,4,4,0.5555555555555556,"[0,1,2,3,4,5,6,7,8,9,10,11,12,13]","[0,1,2,3,4,5,6,7,9,11,17,21,24,28]"
n195249,13,0.5,29,14,10,18,4,4,0.5555555555555556,"[0,1,2,3,4,5,6,7,8,9,10,11,12,13]","[0,1,2,3,4,6,7,8,9,11,19,21,23,28]"
n195249,14,0.5,29,14,10,18,4,4,0.5555555555555556,"[0,1,2,3,4,5,6,7,8,9,10,11,12,13]","[0,1,2,3,4,5,6,7,9,11,17,19,23,26]"
n195249,15,0.5,29,14,10,18,4,4,0.5555555555555556,"[0,1,2,3,4,5,6,7,8,9,10,11,12,13]","[0,1,2,3,4,5,7,8,9,12,16,20,23,27]"
n195249,16,0.5,29,14,11,17,3,3,0.6470588235294118,"[0,1,2,3,4,5,6,7,8,9,10,11,12,13]","[0,1,2,3,4,5,6,7,8,9,11,18,22,25]"
n195249,17,0.5,29,14,10,18,4,4,0.5555555555555556,"[0,1,2,3,4,5,6,7,8,9,10,11,12,13]","[0,1,2,3,4,5,6,7,8,10,17,20,22,27]"
n195249,18,0.5,29,14,10,18,4,4,0.5555555555555556,"[0,1,2,3,4,5,6,7,8,9,10,11,12,13]","[0,1,2,3,4,5,6,8,9,12,15,18,20,26]"
n195249,19,0.5,29,14,11,17,3,3,0.6470588235294118,"[0,1,2,3,4,5,6,7,8,9,10,11,12,13]","[0,1,2,3,4,5,6,7,8,10,13,16,19,25]"
n195249,20,0.5,29,14,10,18,4,4,0.5555555555555556,"[0,1,2,3,4,5,6,7,8,9,10,11,12,13]","[0,1,2,3,4,5,6,7,9,10,17,18,19,23]"
n195249,21,0.5,29,14,10,18,4,4,0.5555555555555556,"[0,1,2,3,4,5,6,7,8,9,10,11,12,13]","[0,1,2,3,4,5,7,8,9,10,14,17,20,22]"
n195249,22,0.5,29,14,10,18,4,4,0.5555555555555556,"[0,1,2,3,4,5,6,7,8,9,10,11,12,13]","[0,1,2,3,4,5,7,8,9,11,16,20,22,23]"
n195249,23,0.5,29,14,10,18,4,4,0.5555555555555556,"[0,1,2,3,4,5,6,7,8,9,10,11,12,13]","[0,1,2,3,4,5,6,7,8,9,15,18,23,26]"
n195249,24,0.5,29,14,11,17,3,3,0.6470588235294118,"[0,1,2,3,4,5,6,7,8,9,10,11,12,13]","[0,1,2,3,4,5,6,7,10,11,12,19,23,28]"
n195249,25,0.5,29,14,10,18,4,4,0.5555555555555556,"[0,1,2,3,4,5,6,7,8,9,10,11,12,13]","[0,1,2,3,4,5,6,7,10,11,16,21,23,24]"
n195249,26,0.5,29,14,10,18,4,4,0.5555555555555556,"[0,1,2,3,4,5,6,7,8,9,10,11,12,13]","[0,1,2,3,4,5,6,7,9,11,18,19,26,28]"
n195249,27,0.5,29,14,10,18,4,4,0.5555555555555556,"[0,1,2,3,4,5,6,7,8,9,10,11,12,13]","[0,1,2,3,4,6,7,8,9,11,16,19,26,27]"
n195249,28,0.5,29,14,10,18,4,4,0.5555555555555556,"[0,1,2,3,4,5,6,7,8,9,10,11,12,13]","[0,1,2,3,4,5,6,7,8,10,17,21,25,27]"
n195249,29,0.5,29,14,10,18,4,4,0.5555555555555556,"[0,1,2,3,4,5,6,7,8,9,10,11,12,13]","[0,1,2,3,4,5,6,7,8,9,18,19,22,28]"
n195249,30,0.5,29,14,10,18,4,4,0.5555555555555556,"[0,1,2,3,4,5,6,7,8,9,10,11,12,13]","[0,1,2,4,5,6,7,8,9,10,16,19,22,24]"
n195249,31,0.5,29,14,11,17,3,3,0.6470588235294118,"[0,1,2,3,4,5,6,7,8,9,10,11,12,13]","[0,1,2,3,4,5,8,10,11,12,13,16,23,28]"
n281241,0,0.5,34,17,15,19,2,2,0.7894736842105263,"[0,1,2,3,4,5,6,7,8,9,10,11,12,13,14,15,16]","[0,1,3,4,5,6,7,8,9,10,11,12,13,14,16,21,33]"
n281241,1,0.5,34,17,12,22,5,5,0.5454545454545454,"[0,1,2,3,4,5,6,7,8,9,10,11,12,13,14,15,16]","[0,1,2,3,4,5,6,7,8,10,11,15,17,19,20,28,33]"
n281241,2,0.5,34,17,13,21,4,4,0.6190476190476191,"[0,1,2,3,4,5,6,7,8,9,10,11,12,13,14,15,16]","[0,1,2,3,4,5,6,7,8,9,10,11,12,17,25,30,33]"
n281241,3,0.5,34,17,13,21,4,4,0.6190476190476191,"[0,1,2,3,4,5,6,7,8,9,10,11,12,13,14,15,16]","[0,1,2,3,4,5,6,7,8,9,10,11,12,19,31,32,33]"
n281241,4,0.5,34,17,12,22,5,5,0.5454545454545454,"[0,1,2,3,4,5,6,7,8,9,10,11,12,13,14,15,16]","[0,1,2,3,5,6,7,8,9,10,11,12,17,25,26,28,30]"
n281241,5,0.5,34,17,13,21,4,4,0.6190476190476191,"[0,1,2,3,4,5,6,7,8,9,10,11,12,13,14,15,16]","[0,1,2,3,4,5,6,7,8,9,10,12,13,25,29,32,33]"
n281241,6,0.5,34,17,13,21,4,4,0.6190476190476191,"[0,1,2,3,4,5,6,7,8,9,10,11,12,13,14,15,16]","[0,1,2,3,4,5,6,7,8,10,12,15,16,26,27,29,33]"
n281241,7,0.5,34,17,13,21,4,4,0.6190476190476191,"[0,1,2,3,4,5,6,7,8,9,10,11,12,13,14,15,16]","[0,1,2,3,4,5,6,7,8,9,10,12,14,27,29,30,32]"
n281241,8,0.5,34,17,13,21,4,4,0.6190476190476191,"[0,1,2,3,4,5,6,7,8,9,10,11,12,13,14,15,16]","[0,1,2,3,4,5,6,7,8,9,10,11,12,27,29,31,33]"
n281241,9,0.5,34,17,13,21,4,4,0.6190476190476191,"[0,1,2,3,4,5,6,7,8,9,10,11,12,13,14,15,16]","[0,1,2,3,4,5,6,7,8,9,10,11,13,27,30,32,33]"
n281241,10,0.5,34,17,13,21,4,4,0.6190476190476191,"[0,1,2,3,4,5,6,7,8,9,10,11,12,13,14,15,16]","[0,1,2,3,4,5,6,7,8,9,10,11,12,25,27,30,33]"
n281241,11,0.5,34,17,13,21,4,4,0.6190476190476191,"[0,1,2,3,4,5,6,7,8,9,10,11,12,13,14,15,16]","[0,1,2,3,4,5,6,7,8,9,10,12,13,23,27,28,33]"
n281241,12,0.5,34,17,12,22,5,5,0.5454545454545454,"[0,1,2,3,4,5,6,7,8,9,10,11,12,13,14,15,16]","[0,3,4,5,6,7,8,9,12,14,15,16,22,25,28,30,33]"
n281241,13,0.5,34,17,12,22,5,5,0.5454545454545454,"[0,1,2,3,4,5,6,7,8,9,10,11,12,13,14,15,16]","[0,2,3,4,5,6,7,9,10,11,13,14,17,22,26,32,33]"
n281241,14,0.5,34,17,10,24,7,7,0.4166666666666667,"[0,1,2,3,4,5,6,7,8,9,10,11,12,13,14,15,16]","[0,3,6,7,8,9,10,11,12,14,17,18,22,25,29,32,33]"
n281241,15,0.5,34,17,11,23,6,6,0.4782608695652174,"[0,1,2,3,4,5,6,7,8,9,10,11,12,13,14,15,16]","[0,1,2,3,4,5,6,8,11,12,13,18,20,25,28,31,32]"
n281241,16,0.5,34,17,13,21,4,4,0.6190476190476191,"[0,1,2,3,4,5,6,7,8,9,10,11,12,13,14,15,16]","[0,1,2,3,4,5,6,7,8,10,12,14,15,18,25,32,33]"
n281241,17,0.5,34,17,12,22,5,5,0.5454545454545454,"[0,1,2,3,4,5,6,7,8,9,10,11,12,13,14,15,16]","[0,1,3,4,5,6,7,8,9,10,13,15,17,23,31,32,33]"
n281241,18,0.5,34,17,13,21,4,4,0.6190476190476191,"[0,1,2,3,4,5,6,7,8,9,10,11,12,13,14,15,16]","[0,1,2,3,4,5,6,7,8,9,11,15,16,20,25,30,33]"
n281241,19,0.5,34,17,13,21,4,4,0.6190476190476191,"[0,1,2,3,4,5,6,7,8,9,10,11,12,13,14,15,16]","[0,1,3,4,5,6,7,8,10,11,12,13,14,24,26,27,33]"
n281241,20,0.5,34,17,13,21,4,4,0.6190476190476191,"[0,1,2,3,4,5,6,7,8,9,10,11,12,13,14,15,16]","[0,1,2,3,4,5,6,7,8,9,10,11,13,22,27,29,32]"
n281241,21,0.5,34,17,13,21,4,4,0.6190476190476191,"[0,1,2,3,4,5,6,7,8,9,10,11,12,13,14,15,16]","[0,1,2,3,4,5,6,7,8,9,10,13,15,22,23,31,33]"
n281241,22,0.5,34,17,12,22,5,5,0.5454545454545454,"[0,1,2,3,4,5,6,7,8,9,10,11,12,13,14,15,16]","[0,1,2,3,4,5,7,8,9,10,12,15,17,20,24,29,33]"
n281241,23,0.5,34,17,14,20,3,3,0.7,"[0,1,2,3,4,5,6,7,8,9,10,11,12,13,14,15,16]","[0,1,2,3,4,5,6,7,8,9,11,12,14,16,26,31,32]"
n281241,24,0.5,34,17,13,21,4,4,0.6190476190476191,"[0,1,2,3,4,5,6,7,8,9,10,11,12,13,14,15,16]","[0,1,2,3,4,5,6,7,8,9,11,12,15,22,26,30,33]"
n281241,25,0.5,34,17,13,21,4,4,0.6190476190476191,"[0,1,2,3,4,5,6,7,8,9,10,11,12,13,14,15,16]","[0,1,2,3,4,5,6,7,8,9,10,13,14,26,27,31,33]"
n281241,26,0.5,34,17,12,22,5,5,0.5454545454545454,"[0,1,2,3,4,5,6,7,8,9,10,11,12,13,14,15,16]","[0,1,2,3,4,5,6,7,8,9,10,14,18,23,29,31,33]"
n281241,27,0.5,34,17,12,22,5,5,0.5454545454545454,"[0,1,2,3,4,5,6,7,8,9,10,11,12,13,14,15,16]","[0,1,2,3,5,8,9,10,11,13,15,16,17,25,30,31,33]"
n281241,28,0.5,34,17,12,22,5,5,0.5454545454545454,"[0,1,2,3,4,5,6,7,8,9,10,11,12,13,14,15,16]","[0,1,2,3,4,5,7,8,11,13,15,16,20,22,26,32,33]"
n281241,29,0.5,34,17,12,22,5,5,0.5454545454545454,"[0,1,2,3,4,5,6,7,8,9,10,11,12,13,14,15,16]","[0,1,3,4,5,6,7,8,9,10,11,14,18,26,30,31,32]"
n281241,30,0.5,34,17,13,21,4,4,0.6190476190476191,"[0,1,2,3,4,5,6,7,8,9,10,11,12,13,14,15,16]","[0,1,2,3,5,6,8,9,10,12,13,14,15,20,25,32,33]"
n281241,31,0.5,34,17,12,22,5,5,0.5454545454545454,"[0,1,2,3,4,5,6,7,8,9,10,11,12,13,14,15,16]","[0,1,2,3,4,5,6,7,8,10,12,15,17,24,30,31,33]"
n90294,0,0.5,37,18,15,21,3,3,0.7142857142857143,"[0,1,2,3,4,5,6,7,8,9,10,11,12,13,14,15,16,17]","[0,1,2,3,4,5,6,7,8,9,10,12,13,14,15,18,32,36]"
n90294,1,0.5,37,18,14,22,4,4,0.6363636363636364,"[0,1,2,3,4,5,6,7,8,9,10,11,12,13,14,15,16,17]","[0,1,2,3,4,5,6,7,8,9,10,11,12,14,21,31,33,36]"
n90294,2,0.5,37,18,14,22,4,4,0.6363636363636364,"[0,1,2,3,4,5,6,7,8,9,10,11,12,13,14,15,16,17]","[0,1,2,3,4,5,6,7,8,9,10,11,14,15,24,32,35,36]"
n90294,3,0.5,37,18,14,22,4,4,0.6363636363636364,"[0,1,2,3,4,5,6,7,8,9,10,11,12,13,14,15,16,17]","[0,1,2,3,4,5,6,7,8,9,10,11,13,17,23,28,34,36]"
n90294,4,0.5,37,18,14,22,4,4,0.6363636363636364,"[0,1,2,3,4,5,6,7,8,9,10,11,12,13,14,15,16,17]","[0,1,2,3,4,5,6,7,9,10,11,12,14,15,24,32,34,36]"
n90294,5,0.5,37,18,15,21,3,3,0.7142857142857143,"[0,1,2,3,4,5,6,7,8,9,10,11,12,13,14,15,16,17]","[0,1,2,3,4,5,6,7,8,9,10,11,12,13,15,26,33,35]"
n90294,6,0.5,37,18,14,22,4,4,0.6363636363636364,"[0,1,2,3,4,5,6,7,8,9,10,11,12,13,14,15,16,17]","[0,1,2,3,4,5,6,7,8,9,10,11,12,16,27,32,33,36]"
n90294,7,0.5,37,18,14,22,4,4,0.6363636363636364,"[0,1,2,3,4,5,6,7,8,9,10,11,12,13,14,15,16,17]","[0,1,2,3,4,5,6,7,8,9,10,11,12,14,23,30,32,35]"
n90294,8,0.5,37,18,14,22,4,4,0.6363636363636364,"[0,1,2,3,4,5,6,7,8,9,10,11,12,13,14,15,16,17]","[0,1,2,3,4,5,6,7,8,9,10,11,12,14,25,34,35,36]"
n90294,9,0.5,37,18,13,23,5,5,0.5652173913043478,"[0,1,2,3,4,5,6,7,8,9,10,11,12,13,14,15,16,17]","[0,1,2,3,5,6,7,8,9,10,12,13,15,18,24,28,32,35]"
n90294,10,0.5,37,18,13,23,5,5,0.5652173913043478,"[0,1,2,3,4,5,6,7,8,9,10,11,12,13,14,15,16,17]","[0,1,2,3,4,5,7,8,9,10,11,12,14,20,30,32,34,35]"
n90294,11,0.5,37,18,13,23,5,5,0.5652173913043478,"[0,1,2,3,4,5,6,7,8,9,10,11,12,13,14,15,16,17]","[0,1,2,3,4,5,7,8,9,10,11,13,15,18,26,32,34,36]"
n90294,12,0.5,37,18,14,22,4,4,0.6363636363636364,"[0,1,2,3,4,5,6,7,8,9,10,11,12,13,14,15,16,17]","[0,1,2,3,4,5,7,8,9,11,12,13,14,15,30,32,34,35]"
n90294,13,0.5,37,18,13,23,5,5,0.5652173913043478,"[0,1,2,3,4,5,6,7,8,9,10,11,12,13,14,15,16,17]","[0,1,2,3,4,5,6,7,8,9,10,11,14,21,26,28,32,34]"
n90294,14,0.5,37,18,13,23,5,5,0.5652173913043478,"[0,1,2,3,4,5,6,7,8,9,10,11,12,13,14,15,16,17]","[0,1,2,3,4,5,6,8,11,12,15,16,17,23,27,28,32,33]"
n90294,15,0.5,37,18,13,23,5,5,0.5652173913043478,"[0,1,2,3,4,5,6,7,8,9,10,11,12,13,14,15,16,17]","[0,1,2,3,5,6,7,9,10,11,12,13,14,21,25,28,33,34]"
n90294,16,0.5,37,18,14,22,4,4,0.6363636363636364,"[0,1,2,3,4,5,6,7,8,9,10,11,12,13,14,15,16,17]","[0,1,2,3,4,5,6,7,8,9,10,11,12,17,18,19,25,33]"
n90294,17,0.5,37,18,14,22,4,4,0.6363636363636364,"[0,1,2,3,4,5,6,7,8,9,10,11,12,13,14,15,16,17]","[0,1,2,3,4,5,6,7,8,9,10,11,12,15,25,27,32,34]"
n90294,18,0.5,37,18,13,23,5,5,0.5652173913043478,"[0,1,2,3,4,5,6,7,8,9,10,11,12,13,14,15,16,17]","[0,1,2,3,4,5,6,7,8,9,10,11,12,19,24,26,31,36]"
n90294,19,0.5,37,18,14,22,4,4,0.6363636363636364,"[0,1,2,3,4,5,6,7,8,9,10,11,12,13,14,15,16,17]","[0,1,2,3,4,5,6,8,10,11,13,14,15,16,25,28,32,35]"
n90294,20,0.5,37,18,14,22,4,4,0.6363636363636364,"[0,1,2,3,4,5,6,7,8,9,10,11,12,13,14,15,16,17]","[0,1,2,3,4,5,6,7,8,9,13,14,15,17,18,27,31,36]"
n90294,21,0.5,37,18,15,21,3,3,0.7142857142857143,"[0,1,2,3,4,5,6,7,8,9,10,11,12,13,14,15,16,17]","[0,1,2,3,4,5,6,7,8,9,10,11,13,14,15,24,27,34]"
n90294,22,0.5,37,18,13,23,5,5,0.5652173913043478,"[0,1,2,3,4,5,6,7,8,9,10,11,12,13,14,15,16,17]","[0,1,2,3,4,5,6,7,8,9,11,12,13,19,25,27,34,36]"
n90294,23,0.5,37,18,14,22,4,4,0.6363636363636364,"[0,1,2,3,4,5,6,7,8,9,10,11,12,13,14,15,16,17]","[0,1,2,3,4,5,6,7,8,9,11,12,14,15,24,28,30,35]"
n90294,24,0.5,37,18,14,22,4,4,0.6363636363636364,"[0,1,2,3,4,5,6,7,8,9,10,11,12,13,14,15,16,17]","[0,1,2,3,4,5,6,7,8,9,10,12,14,15,22,27,32,33]"
n90294,25,0.5,37,18,14,22,4,4,0.6363636363636364,"[0,1,2,3,4,5,6,7,8,9,10,11,12,13,14,15,16,17]","[0,1,2,3,4,5,6,7,8,9,10,11,12,13,20,32,33,34]"
n90294,26,0.5,37,18,14,22,4,4,0.6363636363636364,"[0,1,2,3,4,5,6,7,8,9,10,11,12,13,14,15,16,17]","[0,1,2,3,4,5,6,7,8,10,11,12,13,14,24,27,32,36]"
n90294,27,0.5,37,18,14,22,4,4,0.6363636363636364,"[0,1,2,3,4,5,6,7,8,9,10,11,12,13,14,15,16,17]","[0,1,2,3,4,5,6,7,8,10,11,12,13,14,24,31,34,35]"
n90294,28,0.5,37,18,13,23,5,5,0.5652173913043478,"[0,1,2,3,4,5,6,7,8,9,10,11,12,13,14,15,16,17]","[0,1,2,3,4,5,6,8,9,11,12,15,17,19,28,30,31,34]"
n90294,29,0.5,37,18,13,23,5,5,0.5652173913043478,"[0,1,2,3,4,5,6,7,8,9,10,11,12,13,14,15,16,17]","[0,1,2,3,4,5,6,7,8,9,11,12,13,18,27,29,31,36]"
n90294,30,0.5,37,18,13,23,5,5,0.5652173913043478,"[0,1,2,3,4,5,6,7,8,9,10,11,12,13,14,15,16,17]","[0,1,2,3,4,5,6,8,9,10,11,12,16,18,31,32,34,36]"
n90294,31,0.5,37,18,14,22,4,4,0.6363636363636364,"[0,1,2,3,4,5,6,7,8,9,10,11,12,13,14,15,16,17]","[0,1,2,3,4,5,6,7,9,10,11,12,16,17,26,30,34,36]"
n16425,0,0.5,39,20,16,24,4,4,0.6666666666666666,"[0,1,2,3,4,5,6,7,8,9,10,11,12,13,14,15,16,17,18,19]","[0,1,2,3,4,5,6,7,8,9,10,11,12,13,14,15,21,31,37,38]"
n16425,1,0.5,39,20,15,25,5,5,0.6,"[0,1,2,3,4,5,6,7,8,9,10,11,12,13,14,15,16,17,18,19]","[0,1,2,3,4,5,6,7,8,9,10,11,12,13,17,20,26,34,37,38]"
n16425,2,0.5,39,20,16,24,4,4,0.6666666666666666,"[0,1,2,3,4,5,6,7,8,9,10,11,12,13,14,15,16,17,18,19]","[0,1,2,3,4,5,6,7,8,9,10,12,13,14,15,18,22,25,36,38]"
n16425,3,0.5,39,20,15,25,5,5,0.6,"[0,1,2,3,4,5,6,7,8,9,10,11,12,13,14,15,16,17,18,19]","[0,1,2,3,4,5,6,7,8,9,10,11,12,13,14,23,27,32,37,38]"
n16425,4,0.5,39,20,15,25,5,5,0.6,"[0,1,2,3,4,5,6,7,8,9,10,11,12,13,14,15,16,17,18,19]","[0,1,2,3,4,5,6,7,8,9,10,11,12,14,15,26,30,36,37,38]"
n16425,5,0.5,39,20,15,25,5,5,0.6,"[0,1,2,3,4,5,6,7,8,9,10,11,12,13,14,15,16,17,18,19]","[0,1,2,3,4,5,6,7,8,9,10,11,12,13,14,26,31,35,37,38]"
n16425,6,0.5,39,20,15,25,5,5,0.6,"[0,1,2,3,4,5,6,7,8,9,10,11,12,13,14,15,16,17,18,19]","[0,1,2,3,4,5,6,7,8,9,10,11,12,14,16,29,32,33,34,38]"
n16425,7,0.5,39,20,15,25,5,5,0.6,"[0,1,2,3,4,5,6,7,8,9,10,11,12,13,14,15,16,17,18,19]","[0,1,2,3,4,5,6,7,8,9,10,11,13,15,16,32,35,36,37,38]"
n16425,8,0.5,39,20,16,24,4,4,0.6666666666666666,"[0,1,2,3,4,5,6,7,8,9,10,11,12,13,14,15,16,17,18,19]","[0,1,2,3,4,5,6,7,8,9,10,11,12,13,14,18,32,33,36,38]"
n16425,9,0.5,39,20,15,25,5,5,0.6,"[0,1,2,3,4,5,6,7,8,9,10,11,12,13,14,15,16,17,18,19]","[0,1,2,3,4,5,6,7,8,9,10,11,13,16,18,27,30,35,36,38]"
n16425,10,0.5,39,20,15,25,5,5,0.6,"[0,1,2,3,4,5,6,7,8,9,10,11,12,13,14,15,16,17,18,19]","[0,1,2,3,4,5,6,7,8,9,11,12,14,15,18,31,34,36,37,38]"
n16425,11,0.5,39,20,15,25,5,5,0.6,"[0,1,2,3,4,5,6,7,8,9,10,11,12,13,14,15,16,17,18,19]","[0,1,2,3,4,5,6,7,8,9,10,11,12,13,17,25,32,35,36,38]"
n16425,12,0.5,39,20,15,25,5,5,0.6,"[0,1,2,3,4,5,6,7,8,9,10,11,12,13,14,15,16,17,18,19]","[0,1,2,3,4,5,6,7,8,10,11,12,13,14,15,29,31,33,37,38]"
n16425,13,0.5,39,20,15,25,5,5,0.6,"[0,1,2,3,4,5,6,7,8,9,10,11,12,13,14,15,16,17,18,19]","[0,1,2,3,4,5,6,7,8,10,13,14,16,17,18,20,28,36,37,38]"
n16425,14,0.5,39,20,16,24,4,4,0.6666666666666666,"[0,1,2,3,4,5,6,7,8,9,10,11,12,13,14,15,16,17,18,19]","[0,1,2,3,4,5,6,7,8,9,10,12,14,15,16,17,25,29,36,38]"
n16425,15,0.5,39,20,14,26,6,6,0.5384615384615384,"[0,1,2,3,4,5,6,7,8,9,10,11,12,13,14,15,16,17,18,19]","[0,1,2,3,4,5,6,7,8,9,10,11,15,17,22,23,24,35,37,38]"
n16425,16,0.5,39,20,15,25,5,5,0.6,"[0,1,2,3,4,5,6,7,8,9,10,11,12,13,14,15,16,17,18,19]","[0,1,2,3,4,5,6,7,8,9,10,12,16,18,19,20,29,34,36,38]"
n16425,17,0.5,39,20,16,24,4,4,0.6666666666666666,"[0,1,2,3,4,5,6,7,8,9,10,11,12,13,14,15,16,17,18,19]","[0,1,2,3,4,5,6,7,8,9,10,11,12,14,15,17,33,35,37,38]"
n16425,18,0.5,39,20,16,24,4,4,0.6666666666666666,"[0,1,2,3,4,5,6,7,8,9,10,11,12,13,14,15,16,17,18,19]","[0,1,2,3,4,5,6,7,8,9,10,11,13,14,15,19,20,30,36,38]"
n16425,19,0.5,39,20,15,25,5,5,0.6,"[0,1,2,3,4,5,6,7,8,9,10,11,12,13,14,15,16,17,18,19]","[0,1,2,3,4,5,6,7,8,9,10,11,12,14,16,20,33,36,37,38]"
n16425,20,0.5,39,20,15,25,5,5,0.6,"[0,1,2,3,4,5,6,7,8,9,10,11,12,13,14,15,16,17,18,19]","[0,1,2,3,4,5,6,7,8,9,10,11,13,14,16,22,34,36,37,38]"
n16425,21,0.5,39,20,15,25,5,5,0.6,"[0,1,2,3,4,5,6,7,8,9,10,11,12,13,14,15,16,17,18,19]","[0,1,2,3,4,5,6,7,8,9,10,11,13,15,19,21,30,33,36,38]"
n16425,22,0.5,39,20,15,25,5,5,0.6,"[0,1,2,3,4,5,6,7,8,9,10,11,12,13,14,15,16,17,18,19]","[0,1,2,3,4,5,6,7,8,9,12,13,14,16,17,25,30,34,37,38]"
n16425,23,0.5,39,20,15,25,5,5,0.6,"[0,1,2,3,4,5,6,7,8,9,10,11,12,13,14,15,16,17,18,19]","[0,1,2,3,4,5,6,7,8,9,10,14,15,16,17,22,28,34,37,38]"
n16425,24,0.5,39,20,14,26,6,6,0.5384615384615384,"[0,1,2,3,4,5,6,7,8,9,10,11,12,13,14,15,16,17,18,19]","[0,1,2,3,4,5,6,7,8,9,10,15,16,17,20,25,31,33,37,38]"
n16425,25,0.5,39,20,13,27,7,7,0.48148148148148145,"[0,1,2,3,4,5,6,7,8,9,10,11,12,13,14,15,16,17,18,19]","[0,1,2,3,4,5,6,7,8,9,11,12,15,23,25,31,33,36,37,38]"
n16425,26,0.5,39,20,15,25,5,5,0.6,"[0,1,2,3,4,5,6,7,8,9,10,11,12,13,14,15,16,17,18,19]","[0,1,2,3,4,5,6,7,8,9,10,11,13,15,17,24,34,36,37,38]"
n16425,27,0.5,39,20,14,26,6,6,0.5384615384615384,"[0,1,2,3,4,5,6,7,8,9,10,11,12,13,14,15,16,17,18,19]","[0,1,2,3,4,5,6,7,8,9,10,14,16,17,21,30,32,35,37,38]"
n16425,28,0.5,39,20,14,26,6,6,0.5384615384615384,"[0,1,2,3,4,5,6,7,8,9,10,11,12,13,14,15,16,17,18,19]","[0,1,2,3,4,5,6,7,8,9,10,11,16,19,24,29,33,36,37,38]"
n16425,29,0.5,39,20,15,25,5,5,0.6,"[0,1,2,3,4,5,6,7,8,9,10,11,12,13,14,15,16,17,18,19]","[0,1,2,3,4,5,6,7,8,10,11,12,13,15,19,31,33,35,37,38]"
n16425,30,0.5,39,20,16,24,4,4,0.6666666666666666,"[0,1,2,3,4,5,6,7,8,9,10,11,12,13,14,15,16,17,18,19]","[0,1,2,3,4,5,6,7,8,10,11,12,14,15,16,17,20,35,37,38]"
n16425,31,0.5,39,20,14,26,6,6,0.5384615384615384,"[0,1,2,3,4,5,6,7,8,9,10,11,12,13,14,15,16,17,18,19]","[0,1,2,3,4,5,6,7,8,9,10,11,12,13,23,31,35,36,37,38]"
n527589,0,0.5,37,18,14,22,4,4,0.6363636363636364,"[0,1,2,3,4,5,6,7,8,9,10,11,12,13,14,15,16,17]","[0,1,3,6,7,8,9,10,11,12,13,14,16,17,20,25,35,36]"
n527589,1,0.5,37,18,15,21,3,3,0.7142857142857143,"[0,1,2,3,4,5,6,7,8,9,10,11,12,13,14,15,16,17]","[0,1,2,3,4,5,6,7,8,9,10,11,13,14,15,32,35,36]"
n527589,2,0.5,37,18,15,21,3,3,0.7142857142857143,"[0,1,2,3,4,5,6,7,8,9,10,11,12,13,14,15,16,17]","[0,1,2,3,4,5,6,7,8,9,10,11,12,14,15,32,34,36]"
n527589,3,0.5,37,18,14,22,4,4,0.6363636363636364,"[0,1,2,3,4,5,6,7,8,9,10,11,12,13,14,15,16,17]","[0,1,2,3,4,5,6,7,8,9,10,11,12,13,24,30,32,36]"
n527589,4,0.5,37,18,14,22,4,4,0.6363636363636364,"[0,1,2,3,4,5,6,7,8,9,10,11,12,13,14,15,16,17]","[0,1,2,3,4,5,6,7,8,9,10,12,13,15,25,31,33,36]"
n527589,5,0.5,37,18,14,22,4,4,0.6363636363636364,"[0,1,2,3,4,5,6,7,8,9,10,11,12,13,14,15,16,17]","[0,1,2,3,4,5,6,7,8,9,10,11,12,13,25,30,31,36]"
n527589,6,0.5,37,18,14,22,4,4,0.6363636363636364,"[0,1,2,3,4,5,6,7,8,9,10,11,12,13,14,15,16,17]","[0,1,2,3,4,5,6,7,8,9,10,11,12,14,28,33,34,36]"
n527589,7,0.5,37,18,14,22,4,4,0.6363636363636364,"[0,1,2,3,4,5,6,7,8,9,10,11,12,13,14,15,16,17]","[0,1,2,3,4,5,6,7,8,9,10,11,13,16,30,33,35,36]"
n527589,8,0.5,37,18,14,22,4,4,0.6363636363636364,"[0,1,2,3,4,5,6,7,8,9,10,11,12,13,14,15,16,17]","[0,1,2,3,4,5,6,7,8,9,11,12,13,14,28,33,35,36]"
n527589,9,0.5,37,18,14,22,4,4,0.6363636363636364,"[0,1,2,3,4,5,6,7,8,9,10,11,12,13,14,15,16,17]","[0,1,2,3,4,5,6,7,8,9,10,12,15,17,28,31,34,35]"
n527589,10,0.5,37,18,14,22,4,4,0.6363636363636364,"[0,1,2,3,4,5,6,7,8,9,10,11,12,13,14,15,16,17]","[0,1,2,3,4,5,6,7,8,9,10,11,13,14,27,33,34,35]"
n527589,11,0.5,37,18,14,22,4,4,0.6363636363636364,"[0,1,2,3,4,5,6,7,8,9,10,11,12,13,14,15,16,17]","[0,1,2,3,4,5,6,7,8,9,10,12,14,16,27,31,33,34]"
n527589,12,0.5,37,18,13,23,5,5,0.5652173913043478,"[0,1,2,3,4,5,6,7,8,9,10,11,12,13,14,15,16,17]","[0,1,2,3,4,5,6,7,8,9,10,11,14,19,26,32,33,36]"
n527589,13,0.5,37,18,14,22,4,4,0.6363636363636364,"[0,1,2,3,4,5,6,7,8,9,10,11,12,13,14,15,16,17]","[0,1,2,3,4,5,6,7,8,9,10,11,14,17,22,24,35,36]"
n527589,14,0.5,37,18,13,23,5,5,0.5652173913043478,"[0,1,2,3,4,5,6,7,8,9,10,11,12,13,14,15,16,17]","[0,1,2,3,4,5,6,7,8,9,10,11,15,18,28,29,34,35]"
n527589,15,0.5,37,18,13,23,5,5,0.5652173913043478,"[0,1,2,3,4,5,6,7,8,9,10,11,12,13,14,15,16,17]","[0,1,2,3,4,5,6,7,8,9,10,15,16,19,25,29,33,36]"
n527589,16,0.5,37,18,12,24,6,6,0.5,"[0,1,2,3,4,5,6,7,8,9,10,11,12,13,14,15,16,17]","[0,1,2,3,4,5,6,7,8,9,11,17,20,23,25,26,34,36]"
n527589,17,0.5,37,18,12,24,6,6,0.5,"[0,1,2,3,4,5,6,7,8,9,10,11,12,13,14,15,16,17]","[0,1,2,3,4,5,6,7,8,9,10,13,18,19,26,32,34,36]"
n527589,18,0.5,37,18,13,23,5,5,0.5652173913043478,"[0,1,2,3,4,5,6,7,8,9,10,11,12,13,14,15,16,17]","[0,1,2,3,4,5,6,7,8,9,10,13,15,18,26,30,34,35]"
n527589,19,0.5,37,18,14,22,4,4,0.6363636363636364,"[0,1,2,3,4,5,6,7,8,9,10,11,12,13,14,15,16,17]","[0,1,2,3,4,5,6,7,8,9,10,11,14,15,28,30,32,36]"
n527589,20,0.5,37,18,14,22,4,4,0.6363636363636364,"[0,1,2,3,4,5,6,7,8,9,10,11,12,13,14,15,16,17]","[0,1,2,3,4,5,6,7,8,9,10,12,13,14,22,29,30,36]"
n527589,21,0.5,37,18,13,23,5,5,0.5652173913043478,"[0,1,2,3,4,5,6,7,8,9,10,11,12,13,14,15,16,17]","[0,1,2,3,4,5,6,7,9,10,11,14,16,23,24,29,32,36]"
n527589,22,0.5,37,18,14,22,4,4,0.6363636363636364,"[0,1,2,3,4,5,6,7,8,9,10,11,12,13,14,15,16,17]","[0,1,2,3,4,5,6,7,8,9,11,12,14,17,23,28,32,34]"
n527589,23,0.5,37,18,13,23,5,5,0.5652173913043478,"[0,1,2,3,4,5,6,7,8,9,10,11,12,13,14,15,16,17]","[0,1,2,3,4,5,6,7,8,10,12,13,15,19,22,26,32,36]"
n527589,24,0.5,37,18,14,22,4,4,0.6363636363636364,"[0,1,2,3,4,5,6,7,8,9,10,11,12,13,14,15,16,17]","[0,1,2,3,4,5,6,7,8,9,10,11,15,17,28,29,31,33]"
n527589,25,0.5,37,18,14,22,4,4,0.6363636363636364,"[0,1,2,3,4,5,6,7,8,9,10,11,12,13,14,15,16,17]","[0,1,2,3,4,5,6,7,8,9,10,12,15,17,28,29,33,36]"
n527589,26,0.5,37,18,13,23,5,5,0.5652173913043478,"[0,1,2,3,4,5,6,7,8,9,10,11,12,13,14,15,16,17]","[0,1,2,3,4,5,6,7,9,10,12,13,14,26,29,33,34,35]"
n527589,27,0.5,37,18,13,23,5,5,0.5652173913043478,"[0,1,2,3,4,5,6,7,8,9,10,11,12,13,14,15,16,17]","[0,1,2,3,4,5,8,9,10,11,12,14,16,18,31,34,35,36]"
n527589,28,0.5,37,18,13,23,5,5,0.5652173913043478,"[0,1,2,3,4,5,6,7,8,9,10,11,12,13,14,15,16,17]","[0,1,2,3,4,5,6,7,11,12,13,16,17,23,30,33,34,36]"
n527589,29,0.5,37,18,12,24,6,6,0.5,"[0,1,2,3,4,5,6,7,8,9,10,11,12,13,14,15,16,17]","[0,1,2,3,4,5,6,7,8,12,13,15,18,19,31,34,35,36]"
n527589,30,0.5,37,18,12,24,6,6,0.5,"[0,1,2,3,4,5,6,7,8,9,10,11,12,13,14,15,16,17]","[0,1,2,3,4,5,6,8,9,10,15,17,21,24,29,32,33,36]"
n527589,31,0.5,37,18,13,23,5,5,0.5652173913043478,"[0,1,2,3,4,5,6,7,8,9,10,11,12,13,14,15,16,17]","[0,1,2,3,4,6,7,8,9,10,11,13,15,23,30,31,35,36]"
n262929,0,0.5,34,17,14,20,3,3,0.7,"[0,1,2,3,4,5,6,7,8,9,10,11,12,13,14,15,16]","[0,1,2,3,4,5,6,7,8,9,10,11,14,16,17,20,33]"
n262929,1,0.5,34,17,13,21,4,4,0.6190476190476191,"[0,1,2,3,4,5,6,7,8,9,10,11,12,13,14,15,16]","[0,1,2,3,4,5,6,7,8,9,10,11,13,21,27,29,33]"
n262929,2,0.5,34,17,13,21,4,4,0.6190476190476191,"[0,1,2,3,4,5,6,7,8,9,10,11,12,13,14,15,16]","[0,1,2,3,4,5,6,7,8,9,10,11,14,23,26,32,33]"
n262929,3,0.5,34,17,12,22,5,5,0.5454545454545454,"[0,1,2,3,4,5,6,7,8,9,10,11,12,13,14,15,16]","[0,1,2,3,4,5,6,7,8,10,13,15,17,29,30,32,33]"
n262929,4,0.5,34,17,13,21,4,4,0.6190476190476191,"[0,1,2,3,4,5,6,7,8,9,10,11,12,13,14,15,16]","[0,1,2,3,4,5,6,7,8,9,10,11,12,25,28,31,32]"
n262929,5,0.5,34,17,13,21,4,4,0.6190476190476191,"[0,1,2,3,4,5,6,7,8,9,10,11,12,13,14,15,16]","[0,1,2,3,4,5,6,7,8,9,10,12,13,28,29,31,32]"
n262929,6,0.5,34,17,13,21,4,4,0.6190476190476191,"[0,1,2,3,4,5,6,7,8,9,10,11,12,13,14,15,16]","[0,1,2,3,4,5,6,7,8,9,10,12,16,30,31,32,33]"
n262929,7,0.5,34,17,13,21,4,4,0.6190476190476191,"[0,1,2,3,4,5,6,7,8,9,10,11,12,13,14,15,16]","[0,1,2,3,4,5,6,7,8,9,10,11,12,21,30,31,32]"
n262929,8,0.5,34,17,13,21,4,4,0.6190476190476191,"[0,1,2,3,4,5,6,7,8,9,10,11,12,13,14,15,16]","[0,1,2,3,4,5,6,7,8,9,10,11,12,24,30,31,32]"
n262929,9,0.5,34,17,13,21,4,4,0.6190476190476191,"[0,1,2,3,4,5,6,7,8,9,10,11,12,13,14,15,16]","[0,1,2,3,4,5,6,7,8,10,11,12,14,23,26,30,33]"
n262929,10,0.5,34,17,13,21,4,4,0.6190476190476191,"[0,1,2,3,4,5,6,7,8,9,10,11,12,13,14,15,16]","[0,1,2,3,4,5,6,7,8,9,10,11,13,25,30,31,33]"
n262929,11,0.5,34,17,13,21,4,4,0.6190476190476191,"[0,1,2,3,4,5,6,7,8,9,10,11,12,13,14,15,16]","[0,1,2,3,4,6,7,8,9,10,12,14,15,20,29,31,33]"
n262929,12,0.5,34,17,12,22,5,5,0.5454545454545454,"[0,1,2,3,4,5,6,7,8,9,10,11,12,13,14,15,16]","[0,2,3,4,5,6,7,8,9,10,11,13,17,27,30,31,33]"
n262929,13,0.5,34,17,11,23,6,6,0.4782608695652174,"[0,1,2,3,4,5,6,7,8,9,10,11,12,13,14,15,16]","[0,2,3,4,5,6,7,8,9,10,16,17,21,22,31,32,33]"
n262929,14,0.5,34,17,12,22,5,5,0.5454545454545454,"[0,1,2,3,4,5,6,7,8,9,10,11,12,13,14,15,16]","[0,1,2,3,4,6,7,8,9,10,13,16,19,24,29,30,31]"
n262929,15,0.5,34,17,13,21,4,4,0.6190476190476191,"[0,1,2,3,4,5,6,7,8,9,10,11,12,13,14,15,16]","[0,1,2,3,4,5,6,7,8,9,10,15,16,23,28,31,33]"
n262929,16,0.5,34,17,13,21,4,4,0.6190476190476191,"[0,1,2,3,4,5,6,7,8,9,10,11,12,13,14,15,16]","[0,1,2,3,4,5,6,7,8,9,10,11,14,18,22,27,30]"
n262929,17,0.5,34,17,13,21,4,4,0.6190476190476191,"[0,1,2,3,4,5,6,7,8,9,10,11,12,13,14,15,16]","[0,1,2,3,4,5,6,7,8,10,11,12,15,22,29,31,33]"
n262929,18,0.5,34,17,13,21,4,4,0.6190476190476191,"[0,1,2,3,4,5,6,7,8,9,10,11,12,13,14,15,16]","[0,1,2,3,4,5,6,7,8,9,10,11,14,22,25,31,33]"
n262929,19,0.5,34,17,13,21,4,4,0.6190476190476191,"[0,1,2,3,4,5,6,7,8,9,10,11,12,13,14,15,16]","[0,1,2,3,4,5,6,7,8,9,10,12,13,24,28,32,33]"
n262929,20,0.5,34,17,13,21,4,4,0.6190476190476191,"[0,1,2,3,4,5,6,7,8,9,10,11,12,13,14,15,16]","[0,1,2,3,4,5,6,7,8,9,10,11,12,17,25,32,33]"
n262929,21,0.5,34,17,13,21,4,4,0.6190476190476191,"[0,1,2,3,4,5,6,7,8,9,10,11,12,13,14,15,16]","[0,1,2,3,4,5,6,7,8,9,10,11,13,20,28,31,33]"
n262929,22,0.5,34,17,13,21,4,4,0.6190476190476191,"[0,1,2,3,4,5,6,7,8,9,10,11,12,13,14,15,16]","[0,1,2,3,4,5,6,7,8,9,10,11,14,24,28,30,33]"
n262929,23,0.5,34,17,13,21,4,4,0.6190476190476191,"[0,1,2,3,4,5,6,7,8,9,10,11,12,13,14,15,16]","[0,1,2,3,4,5,6,8,9,10,12,13,15,19,25,31,33]"
n262929,24,0.5,34,17,13,21,4,4,0.6190476190476191,"[0,1,2,3,4,5,6,7,8,9,10,11,12,13,14,15,16]","[0,1,2,3,4,5,6,7,8,9,10,11,15,20,27,31,33]"
n262929,25,0.5,34,17,11,23,6,6,0.4782608695652174,"[0,1,2,3,4,5,6,7,8,9,10,11,12,13,14,15,16]","[0,1,2,3,4,5,6,7,9,14,16,17,20,27,28,30,32]"
n262929,26,0.5,34,17,12,22,5,5,0.5454545454545454,"[0,1,2,3,4,5,6,7,8,9,10,11,12,13,14,15,16]","[0,1,2,3,4,5,6,7,8,9,14,15,19,28,31,32,33]"
n262929,27,0.5,34,17,11,23,6,6,0.4782608695652174,"[0,1,2,3,4,5,6,7,8,9,10,11,12,13,14,15,16]","[0,1,2,3,4,5,6,7,8,10,15,18,22,28,30,32,33]"
n262929,28,0.5,34,17,12,22,5,5,0.5454545454545454,"[0,1,2,3,4,5,6,7,8,9,10,11,12,13,14,15,16]","[0,1,2,3,4,5,6,7,8,9,13,15,19,23,26,30,33]"
n262929,29,0.5,34,17,11,23,6,6,0.4782608695652174,"[0,1,2,3,4,5,6,7,8,9,10,11,12,13,14,15,16]","[0,1,2,3,4,5,6,7,9,10,13,17,19,27,28,32,33]"
n262929,30,0.5,34,17,13,21,4,4,0.6190476190476191,"[0,1,2,3,4,5,6,7,8,9,10,11,12,13,14,15,16]","[0,1,2,3,4,5,7,8,9,10,11,12,14,26,27,30,33]"
n262929,31,0.5,34,17,13,21,4,4,0.6190476190476191,"[0,1,2,3,4,5,6,7,8,9,10,11,12,13,14,15,16]","[0,1,2,3,4,5,6,7,8,9,11,15,16,18,24,30,33]"
n48494,0,0.5,23,12,11,13,1,1,0.8461538461538461,"[0,1,2,3,4,5,6,7,8,9,10,11]","[0,1,2,3,4,5,6,7,8,9,10,22]"
n48494,1,0.5,23,12,9,15,3,3,0.6,"[0,1,2,3,4,5,6,7,8,9,10,11]","[0,1,2,3,4,5,6,7,8,16,17,22]"
n48494,2,0.5,23,12,9,15,3,3,0.6,"[0,1,2,3,4,5,6,7,8,9,10,11]","[0,1,2,3,4,5,6,7,11,16,20,22]"
n48494,3,0.5,23,12,9,15,3,3,0.6,"[0,1,2,3,4,5,6,7,8,9,10,11]","[0,1,2,3,4,5,6,7,11,13,15,22]"
n48494,4,0.5,23,12,9,15,3,3,0.6,"[0,1,2,3,4,5,6,7,8,9,10,11]","[0,1,2,3,4,5,6,7,9,14,21,22]"
n48494,5,0.5,23,12,9,15,3,3,0.6,"[0,1,2,3,4,5,6,7,8,9,10,11]","[0,1,2,3,4,5,6,7,8,16,21,22]"
n48494,6,0.5,23,12,9,15,3,3,0.6,"[0,1,2,3,4,5,6,7,8,9,10,11]","[0,1,2,3,4,5,6,7,8,16,18,21]"
n48494,7,0.5,23,12,9,15,3,3,0.6,"[0,1,2,3,4,5,6,7,8,9,10,11]","[0,1,2,3,4,5,6,7,8,16,20,22]"
n48494,8,0.5,23,12,9,15,3,3,0.6,"[0,1,2,3,4,5,6,7,8,9,10,11]","[0,1,2,3,4,5,6,7,8,20,21,22]"
n48494,9,0.5,23,12,9,15,3,3,0.6,"[0,1,2,3,4,5,6,7,8,9,10,11]","[0,1,2,3,4,5,6,7,9,17,19,21]"
n48494,10,0.5,23,12,9,15,3,3,0.6,"[0,1,2,3,4,5,6,7,8,9,10,11]","[0,1,2,3,4,5,6,7,8,18,19,22]"
n48494,11,0.5,23,12,9,15,3,3,0.6,"[0,1,2,3,4,5,6,7,8,9,10,11]","[0,1,2,3,4,5,6,7,8,15,18,22]"
n48494,12,0.5,23,12,9,15,3,3,0.6,"[0,1,2,3,4,5,6,7,8,9,10,11]","[0,1,2,3,4,5,6,7,11,14,20,22]"
n48494,13,0.5,23,12,9,15,3,3,0.6,"[0,1,2,3,4,5,6,7,8,9,10,11]","[0,1,2,3,4,5,6,7,9,18,19,20]"
n48494,14,0.5,23,12,9,15,3,3,0.6,"[0,1,2,3,4,5,6,7,8,9,10,11]","[0,1,2,3,4,5,6,7,8,12,17,21]"
n48494,15,0.5,23,12,9,15,3,3,0.6,"[0,1,2,3,4,5,6,7,8,9,10,11]","[0,1,2,3,4,5,6,7,8,19,21,22]"
n48494,16,0.5,23,12,9,15,3,3,0.6,"[0,1,2,3,4,5,6,7,8,9,10,11]","[0,1,2,3,4,5,6,7,9,12,19,22]"
n48494,17,0.5,23,12,9,15,3,3,0.6,"[0,1,2,3,4,5,6,7,8,9,10,11]","[0,1,2,3,4,5,6,7,9,18,21,22]"
n48494,18,0.5,23,12,9,15,3,3,0.6,"[0,1,2,3,4,5,6,7,8,9,10,11]","[0,1,2,3,4,5,6,7,10,13,14,22]"
n48494,19,0.5,23,12,9,15,3,3,0.6,"[0,1,2,3,4,5,6,7,8,9,10,11]","[0,1,2,3,4,5,6,7,9,15,18,21]"
n48494,20,0.5,23,12,10,14,2,2,0.7142857142857143,"[0,1,2,3,4,5,6,7,8,9,10,11]","[0,1,2,3,4,5,6,8,10,11,17,21]"
n48494,21,0.5,23,12,9,15,3,3,0.6,"[0,1,2,3,4,5,6,7,8,9,10,11]","[0,1,2,3,4,5,6,7,9,12,17,22]"
n48494,22,0.5,23,12,9,15,3,3,0.6,"[0,1,2,3,4,5,6,7,8,9,10,11]","[0,1,2,3,4,5,6,7,9,14,19,22]"
n48494,23,0.5,23,12,9,15,3,3,0.6,"[0,1,2,3,4,5,6,7,8,9,10,11]","[0,1,2,3,4,5,6,8,11,13,20,21]"
n48494,24,0.5,23,12,9,15,3,3,0.6,"[0,1,2,3,4,5,6,7,8,9,10,11]","[0,1,2,3,4,5,6,8,10,18,19,22]"
n48494,25,0.5,23,12,9,15,3,3,0.6,"[0,1,2,3,4,5,6,7,8,9,10,11]","[0,1,2,3,4,5,6,7,9,17,21,22]"
n48494,26,0.5,23,12,9,15,3,3,0.6,"[0,1,2,3,4,5,6,7,8,9,10,11]","[0,1,2,3,4,5,6,7,8,13,20,21]"
n48494,27,0.5,23,12,9,15,3,3,0.6,"[0,1,2,3,4,5,6,7,8,9,10,11]","[0,1,2,3,4,5,6,7,9,17,18,22]"
n48494,28,0.5,23,12,9,15,3,3,0.6,"[0,1,2,3,4,5,6,7,8,9,10,11]","[0,1,2,3,4,5,6,7,10,16,20,22]"
n48494,29,0.5,23,12,8,16,4,4,0.5,"[0,1,2,3,4,5,6,7,8,9,10,11]","[0,1,2,3,6,7,8,9,12,17,21,22]"
n48494,30,0.5,23,12,9,15,3,3,0.6,"[0,1,2,3,4,5,6,7,8,9,10,11]","[0,1,2,3,5,6,7,8,9,16,18,22]"
n48494,31,0.5,23,12,9,15,3,3,0.6,"[0,1,2,3,4,5,6,7,8,9,10,11]","[0,1,3,4,5,6,7,8,9,17,19,21]"
n58220,0,0.5,37,18,14,22,4,4,0.6363636363636364,"[0,1,2,3,4,5,6,7,8,9,10,11,12,13,14,15,16,17]","[0,3,4,5,6,7,8,10,11,12,13,15,16,17,18,19,35,36]"
n58220,1,0.5,37,18,14,22,4,4,0.6363636363636364,"[0,1,2,3,4,5,6,7,8,9,10,11,12,13,14,15,16,17]","[0,1,2,3,4,5,6,7,8,9,10,11,13,17,25,27,32,36]"
n58220,2,0.5,37,18,13,23,5,5,0.5652173913043478,"[0,1,2,3,4,5,6,7,8,9,10,11,12,13,14,15,16,17]","[0,1,2,3,4,5,6,7,8,9,11,12,13,18,19,30,35,36]"
n58220,3,0.5,37,18,14,22,4,4,0.6363636363636364,"[0,1,2,3,4,5,6,7,8,9,10,11,12,13,14,15,16,17]","[0,1,2,3,4,5,6,7,8,9,10,11,12,14,26,31,34,36]"
n58220,4,0.5,37,18,14,22,4,4,0.6363636363636364,"[0,1,2,3,4,5,6,7,8,9,10,11,12,13,14,15,16,17]","[0,1,2,3,4,5,6,7,8,9,10,11,12,13,22,27,32,34]"
n58220,5,0.5,37,18,14,22,4,4,0.6363636363636364,"[0,1,2,3,4,5,6,7,8,9,10,11,12,13,14,15,16,17]","[0,1,2,3,4,5,6,7,8,9,10,11,12,15,18,27,30,31]"
n58220,6,0.5,37,18,14,22,4,4,0.6363636363636364,"[0,1,2,3,4,5,6,7,8,9,10,11,12,13,14,15,16,17]","[0,1,2,3,4,5,6,7,8,9,10,11,13,15,28,30,33,35]"
n58220,7,0.5,37,18,14,22,4,4,0.6363636363636364,"[0,1,2,3,4,5,6,7,8,9,10,11,12,13,14,15,16,17]","[0,1,2,3,4,5,6,7,8,9,10,11,13,16,30,31,32,34]"
n58220,8,0.5,37,18,14,22,4,4,0.6363636363636364,"[0,1,2,3,4,5,6,7,8,9,10,11,12,13,14,15,16,17]","[0,1,2,3,4,5,6,7,8,9,10,11,12,15,27,30,32,35]"
n58220,9,0.5,37,18,14,22,4,4,0.6363636363636364,"[0,1,2,3,4,5,6,7,8,9,10,11,12,13,14,15,16,17]","[0,1,2,3,4,5,6,7,8,9,10,11,12,14,27,31,35,36]"
n58220,10,0.5,37,18,14,22,4,4,0.6363636363636364,"[0,1,2,3,4,5,6,7,8,9,10,11,12,13,14,15,16,17]","[0,1,2,3,4,5,6,7,8,9,10,11,14,15,25,31,33,36]"
n58220,11,0.5,37,18,13,23,5,5,0.5652173913043478,"[0,1,2,3,4,5,6,7,8,9,10,11,12,13,14,15,16,17]","[0,1,2,3,4,5,6,7,8,9,12,13,15,18,26,27,31,36]"
n58220,12,0.5,37,18,13,23,5,5,0.5652173913043478,"[0,1,2,3,4,5,6,7,8,9,10,11,12,13,14,15,16,17]","[0,1,2,3,4,5,6,7,8,11,13,15,16,18,28,31,34,36]"
n58220,13,0.5,37,18,14,22,4,4,0.6363636363636364,"[0,1,2,3,4,5,6,7,8,9,10,11,12,13,14,15,16,17]","[0,1,2,3,4,5,6,7,8,10,11,12,13,14,28,31,32,36]"
n58220,14,0.5,37,18,13,23,5,5,0.5652173913043478,"[0,1,2,3,4,5,6,7,8,9,10,11,12,13,14,15,16,17]","[0,1,2,3,4,5,6,7,8,9,13,14,16,20,24,26,31,34]"
n58220,15,0.5,37,18,13,23,5,5,0.5652173913043478,"[0,1,2,3,4,5,6,7,8,9,10,11,12,13,14,15,16,17]","[0,1,2,3,4,5,6,7,8,10,12,13,15,18,27,28,32,36]"
n58220,16,0.5,37,18,14,22,4,4,0.6363636363636364,"[0,1,2,3,4,5,6,7,8,9,10,11,12,13,14,15,16,17]","[0,1,2,3,4,5,6,7,9,10,11,13,14,17,18,23,24,31]"
n58220,17,0.5,37,18,14,22,4,4,0.6363636363636364,"[0,1,2,3,4,5,6,7,8,9,10,11,12,13,14,15,16,17]","[0,1,2,3,4,5,6,7,8,9,10,11,12,15,28,31,32,35]"
n58220,18,0.5,37,18,14,22,4,4,0.6363636363636364,"[0,1,2,3,4,5,6,7,8,9,10,11,12,13,14,15,16,17]","[0,1,2,3,4,5,6,7,9,10,11,12,15,16,27,31,33,36]"
n58220,19,0.5,37,18,14,22,4,4,0.6363636363636364,"[0,1,2,3,4,5,6,7,8,9,10,11,12,13,14,15,16,17]","[0,1,2,3,4,5,6,7,8,9,10,11,12,16,30,31,33,34]"
n58220,20,0.5,37,18,13,23,5,5,0.5652173913043478,"[0,1,2,3,4,5,6,7,8,9,10,11,12,13,14,15,16,17]","[0,1,2,3,4,5,6,7,8,11,12,13,15,19,27,30,31,36]"
n58220,21,0.5,37,18,14,22,4,4,0.6363636363636364,"[0,1,2,3,4,5,6,7,8,9,10,11,12,13,14,15,16,17]","[0,1,2,3,4,5,6,7,8,9,11,13,14,15,24,27,35,36]"
n58220,22,0.5,37,18,12,24,6,6,0.5,"[0,1,2,3,4,5,6,7,8,9,10,11,12,13,14,15,16,17]","[0,1,2,3,4,5,6,7,8,9,10,11,18,19,27,29,30,32]"
n58220,23,0.5,37,18,13,23,5,5,0.5652173913043478,"[0,1,2,3,4,5,6,7,8,9,10,11,12,13,14,15,16,17]","[0,1,2,3,4,5,6,7,8,9,10,14,15,19,27,30,35,36]"
n58220,24,0.5,37,18,14,22,4,4,0.6363636363636364,"[0,1,2,3,4,5,6,7,8,9,10,11,12,13,14,15,16,17]","[0,1,2,3,4,5,6,7,8,9,10,11,13,14,20,24,29,36]"
n58220,25,0.5,37,18,14,22,4,4,0.6363636363636364,"[0,1,2,3,4,5,6,7,8,9,10,11,12,13,14,15,16,17]","[0,1,2,3,4,5,6,7,8,9,10,12,13,17,18,25,27,33]"
n58220,26,0.5,37,18,14,22,4,4,0.6363636363636364,"[0,1,2,3,4,5,6,7,8,9,10,11,12,13,14,15,16,17]","[0,1,2,3,4,5,6,7,8,10,11,12,14,16,26,28,32,34]"
n58220,27,0.5,37,18,14,22,4,4,0.6363636363636364,"[0,1,2,3,4,5,6,7,8,9,10,11,12,13,14,15,16,17]","[0,1,2,4,5,6,7,8,10,11,13,14,15,16,26,28,30,34]"
n58220,28,0.5,37,18,13,23,5,5,0.5652173913043478,"[0,1,2,3,4,5,6,7,8,9,10,11,12,13,14,15,16,17]","[0,1,2,3,4,6,7,8,10,13,14,16,17,20,28,32,35,36]"
n58220,29,0.5,37,18,12,24,6,6,0.5,"[0,1,2,3,4,5,6,7,8,9,10,11,12,13,14,15,16,17]","[0,1,2,3,4,5,6,10,12,13,15,16,18,20,29,30,34,36]"
n58220,30,0.5,37,18,12,24,6,6,0.5,"[0,1,2,3,4,5,6,7,8,9,10,11,12,13,14,15,16,17]","[0,1,3,4,5,7,8,9,10,12,13,14,19,23,29,30,33,34]"
n58220,31,0.5,37,18,12,24,6,6,0.5,"[0,1,2,3,4,5,6,7,8,9,10,11,12,13,14,15,16,17]","[0,1,2,3,4,5,6,7,8,9,11,14,21,23,29,30,35,36]"
n522733,0,0.5,37,18,16,20,2,2,0.8,"[0,1,2,3,4,5,6,7,8,9,10,11,12,13,14,15,16,17]","[0,1,2,3,4,5,6,7,8,9,10,11,13,14,16,17,18,36]"
n522733,1,0.5,37,18,14,22,4,4,0.6363636363636364,"[0,1,2,3,4,5,6,7,8,9,10,11,12,13,14,15,16,17]","[0,1,2,3,4,5,6,7,8,9,10,11,12,14,22,28,35,36]"
n522733,2,0.5,37,18,14,22,4,4,0.6363636363636364,"[0,1,2,3,4,5,6,7,8,9,10,11,12,13,14,15,16,17]","[0,1,2,3,4,5,6,7,8,9,10,11,12,13,19,26,35,36]"
n522733,3,0.5,37,18,14,22,4,4,0.6363636363636364,"[0,1,2,3,4,5,6,7,8,9,10,11,12,13,14,15,16,17]","[0,1,2,3,4,5,6,7,8,9,10,11,12,13,26,28,32,36]"
n522733,4,0.5,37,18,14,22,4,4,0.6363636363636364,"[0,1,2,3,4,5,6,7,8,9,10,11,12,13,14,15,16,17]","[0,1,2,3,4,5,6,7,8,9,10,11,12,13,18,29,32,35]"
n522733,5,0.5,37,18,14,22,4,4,0.6363636363636364,"[0,1,2,3,4,5,6,7,8,9,10,11,12,13,14,15,16,17]","[0,1,2,3,4,5,6,7,8,9,10,11,12,13,21,29,32,36]"
n522733,6,0.5,37,18,14,22,4,4,0.6363636363636364,"[0,1,2,3,4,5,6,7,8,9,10,11,12,13,14,15,16,17]","[0,1,2,3,4,5,6,7,8,9,10,11,12,14,29,31,33,35]"
n522733,7,0.5,37,18,14,22,4,4,0.6363636363636364,"[0,1,2,3,4,5,6,7,8,9,10,11,12,13,14,15,16,17]","[0,1,2,3,4,5,6,7,8,9,10,12,13,15,30,32,34,36]"
n522733,8,0.5,37,18,14,22,4,4,0.6363636363636364,"[0,1,2,3,4,5,6,7,8,9,10,11,12,13,14,15,16,17]","[0,1,2,3,4,5,6,7,8,9,10,11,13,17,29,31,34,35]"
n522733,9,0.5,37,18,14,22,4,4,0.6363636363636364,"[0,1,2,3,4,5,6,7,8,9,10,11,12,13,14,15,16,17]","[0,1,2,3,4,5,6,7,8,9,10,11,12,13,31,32,35,36]"
n522733,10,0.5,37,18,14,22,4,4,0.6363636363636364,"[0,1,2,3,4,5,6,7,8,9,10,11,12,13,14,15,16,17]","[0,1,2,3,4,5,6,7,8,9,10,11,12,14,33,34,35,36]"
n522733,11,0.5,37,18,13,23,5,5,0.5652173913043478,"[0,1,2,3,4,5,6,7,8,9,10,11,12,13,14,15,16,17]","[0,1,2,3,4,5,6,7,8,9,10,11,13,19,27,33,35,36]"
n522733,12,0.5,37,18,14,22,4,4,0.6363636363636364,"[0,1,2,3,4,5,6,7,8,9,10,11,12,13,14,15,16,17]","[0,1,2,3,4,5,6,7,8,9,10,11,12,13,20,26,30,33]"
n522733,13,0.5,37,18,14,22,4,4,0.6363636363636364,"[0,1,2,3,4,5,6,7,8,9,10,11,12,13,14,15,16,17]","[0,1,2,3,4,5,6,7,8,9,10,11,12,13,27,33,34,35]"
n522733,14,0.5,37,18,13,23,5,5,0.5652173913043478,"[0,1,2,3,4,5,6,7,8,9,10,11,12,13,14,15,16,17]","[0,1,2,3,4,5,6,7,8,9,10,11,15,18,22,24,30,33]"
n522733,15,0.5,37,18,14,22,4,4,0.6363636363636364,"[0,1,2,3,4,5,6,7,8,9,10,11,12,13,14,15,16,17]","[0,1,2,3,4,5,6,7,8,9,10,11,12,13,20,27,33,34]"
n522733,16,0.5,37,18,14,22,4,4,0.6363636363636364,"[0,1,2,3,4,5,6,7,8,9,10,11,12,13,14,15,16,17]","[0,1,2,3,4,5,6,7,8,9,10,12,14,15,21,30,33,34]"
n522733,17,0.5,37,18,15,21,3,3,0.7142857142857143,"[0,1,2,3,4,5,6,7,8,9,10,11,12,13,14,15,16,17]","[0,1,2,3,4,5,6,7,8,9,10,11,12,13,14,23,33,34]"
n522733,18,0.5,37,18,14,22,4,4,0.6363636363636364,"[0,1,2,3,4,5,6,7,8,9,10,11,12,13,14,15,16,17]","[0,1,2,3,4,5,6,7,8,9,10,11,12,15,30,33,34,36]"
n522733,19,0.5,37,18,13,23,5,5,0.5652173913043478,"[0,1,2,3,4,5,6,7,8,9,10,11,12,13,14,15,16,17]","[0,1,2,3,4,5,6,7,8,9,10,11,13,21,23,31,33,35]"
n522733,20,0.5,37,18,14,22,4,4,0.6363636363636364,"[0,1,2,3,4,5,6,7,8,9,10,11,12,13,14,15,16,17]","[0,1,2,3,4,5,6,7,8,9,10,11,12,14,19,30,34,35]"
n522733,21,0.5,37,18,14,22,4,4,0.6363636363636364,"[0,1,2,3,4,5,6,7,8,9,10,11,12,13,14,15,16,17]","[0,1,2,3,4,5,6,7,8,9,10,11,12,13,29,30,32,35]"
n522733,22,0.5,37,18,13,23,5,5,0.5652173913043478,"[0,1,2,3,4,5,6,7,8,9,10,11,12,13,14,15,16,17]","[0,1,2,3,4,5,6,7,8,9,10,12,16,19,29,30,32,36]"
n522733,23,0.5,37,18,13,23,5,5,0.5652173913043478,"[0,1,2,3,4,5,6,7,8,9,10,11,12,13,14,15,16,17]","[0,1,2,3,4,5,6,7,8,9,10,13,14,22,29,32,35,36]"
n522733,24,0.5,37,18,14,22,4,4,0.6363636363636364,"[0,1,2,3,4,5,6,7,8,9,10,11,12,13,14,15,16,17]","[0,1,2,3,4,5,6,7,8,9,10,11,12,14,27,30,33,36]"
n522733,25,0.5,37,18,13,23,5,5,0.5652173913043478,"[0,1,2,3,4,5,6,7,8,9,10,11,12,13,14,15,16,17]","[0,1,2,3,4,5,6,7,8,9,10,11,13,18,19,28,35,36]"
n522733,26,0.5,37,18,13,23,5,5,0.5652173913043478,"[0,1,2,3,4,5,6,7,8,9,10,11,12,13,14,15,16,17]","[0,1,2,3,4,5,6,7,8,9,10,11,13,21,32,34,35,36]"
n522733,27,0.5,37,18,14,22,4,4,0.6363636363636364,"[0,1,2,3,4,5,6,7,8,9,10,11,12,13,14,15,16,17]","[0,1,2,3,4,5,6,7,8,9,11,12,13,14,32,34,35,36]"
n522733,28,0.5,37,18,13,23,5,5,0.5652173913043478,"[0,1,2,3,4,5,6,7,8,9,10,11,12,13,14,15,16,17]","[0,1,2,3,4,5,6,7,9,11,12,15,16,18,30,34,35,36]"
n522733,29,0.5,37,18,11,25,7,7,0.44,"[0,1,2,3,4,5,6,7,8,9,10,11,12,13,14,15,16,17]","[0,1,2,3,4,5,6,7,8,10,12,18,20,24,32,34,35,36]"
n522733,30,0.5,37,18,14,22,4,4,0.6363636363636364,"[0,1,2,3,4,5,6,7,8,9,10,11,12,13,14,15,16,17]","[0,1,2,3,4,5,6,7,9,11,12,14,15,16,33,34,35,36]"
n522733,31,0.5,37,18,13,23,5,5,0.5652173913043478,"[0,1,2,3,4,5,6,7,8,9,10,11,12,13,14,15,16,17]","[0,1,2,3,4,5,6,8,9,11,13,14,17,27,32,33,34,36]"
n199286,0,0.5,36,18,15,21,3,3,0.7142857142857143,"[0,1,2,3,4,5,6,7,8,9,10,11,12,13,14,15,16,17]","[0,2,3,4,5,6,7,8,9,10,11,12,13,14,15,25,34,35]"
n199286,1,0.5,36,18,14,22,4,4,0.6363636363636364,"[0,1,2,3,4,5,6,7,8,9,10,11,12,13,14,15,16,17]","[0,1,2,3,4,5,6,7,8,9,10,11,13,14,21,30,34,35]"
n199286,2,0.5,36,18,14,22,4,4,0.6363636363636364,"[0,1,2,3,4,5,6,7,8,9,10,11,12,13,14,15,16,17]","[0,1,2,3,4,5,6,7,8,9,10,11,12,15,27,30,34,35]"
n199286,3,0.5,36,18,14,22,4,4,0.6363636363636364,"[0,1,2,3,4,5,6,7,8,9,10,11,12,13,14,15,16,17]","[0,1,2,3,4,5,6,7,8,9,10,11,12,13,26,30,34,35]"
n199286,4,0.5,36,18,14,22,4,4,0.6363636363636364,"[0,1,2,3,4,5,6,7,8,9,10,11,12,13,14,15,16,17]","[0,1,2,3,4,5,6,7,8,9,10,11,13,15,29,31,32,35]"
n199286,5,0.5,36,18,14,22,4,4,0.6363636363636364,"[0,1,2,3,4,5,6,7,8,9,10,11,12,13,14,15,16,17]","[0,1,2,3,4,5,6,7,8,9,10,11,13,15,27,32,34,35]"
n199286,6,0.5,36,18,14,22,4,4,0.6363636363636364,"[0,1,2,3,4,5,6,7,8,9,10,11,12,13,14,15,16,17]","[0,1,2,3,4,5,6,7,8,9,10,11,12,13,28,29,32,35]"
n199286,7,0.5,36,18,14,22,4,4,0.6363636363636364,"[0,1,2,3,4,5,6,7,8,9,10,11,12,13,14,15,16,17]","[0,1,2,3,4,5,6,7,8,9,10,11,12,13,30,31,33,35]"
n199286,8,0.5,36,18,14,22,4,4,0.6363636363636364,"[0,1,2,3,4,5,6,7,8,9,10,11,12,13,14,15,16,17]","[0,1,2,3,4,5,6,7,8,9,10,11,12,13,27,29,31,35]"
n199286,9,0.5,36,18,14,22,4,4,0.6363636363636364,"[0,1,2,3,4,5,6,7,8,9,10,11,12,13,14,15,16,17]","[0,2,3,4,5,6,7,9,10,11,12,14,16,17,24,30,34,35]"
n199286,10,0.5,36,18,14,22,4,4,0.6363636363636364,"[0,1,2,3,4,5,6,7,8,9,10,11,12,13,14,15,16,17]","[0,1,2,3,4,5,6,7,8,9,10,11,12,13,28,32,34,35]"
n199286,11,0.5,36,18,12,24,6,6,0.5,"[0,1,2,3,4,5,6,7,8,9,10,11,12,13,14,15,16,17]","[0,1,2,3,4,5,7,9,11,13,16,17,19,21,23,27,33,35]"
n199286,12,0.5,36,18,13,23,5,5,0.5652173913043478,"[0,1,2,3,4,5,6,7,8,9,10,11,12,13,14,15,16,17]","[0,1,2,3,4,5,6,7,8,9,11,13,16,18,27,29,34,35]"
n199286,13,0.5,36,18,14,22,4,4,0.6363636363636364,"[0,1,2,3,4,5,6,7,8,9,10,11,12,13,14,15,16,17]","[0,1,2,3,4,5,6,7,8,9,10,11,14,15,25,33,34,35]"
n199286,14,0.5,36,18,13,23,5,5,0.5652173913043478,"[0,1,2,3,4,5,6,7,8,9,10,11,12,13,14,15,16,17]","[0,1,2,4,5,6,8,10,11,12,13,14,17,18,26,28,34,35]"
n199286,15,0.5,36,18,14,22,4,4,0.6363636363636364,"[0,1,2,3,4,5,6,7,8,9,10,11,12,13,14,15,16,17]","[0,1,2,3,4,5,6,7,8,9,10,12,14,15,24,29,30,35]"
n199286,16,0.5,36,18,14,22,4,4,0.6363636363636364,"[0,1,2,3,4,5,6,7,8,9,10,11,12,13,14,15,16,17]","[0,1,2,3,4,5,6,7,8,9,10,11,12,16,20,28,34,35]"
n199286,17,0.5,36,18,14,22,4,4,0.6363636363636364,"[0,1,2,3,4,5,6,7,8,9,10,11,12,13,14,15,16,17]","[0,1,2,3,4,5,6,7,8,9,10,11,12,14,21,25,33,35]"
n199286,18,0.5,36,18,14,22,4,4,0.6363636363636364,"[0,1,2,3,4,5,6,7,8,9,10,11,12,13,14,15,16,17]","[0,1,2,3,4,5,6,7,8,9,11,12,14,16,28,32,34,35]"
n199286,19,0.5,36,18,14,22,4,4,0.6363636363636364,"[0,1,2,3,4,5,6,7,8,9,10,11,12,13,14,15,16,17]","[0,1,2,3,4,5,6,7,8,9,10,11,12,13,26,28,34,35]"
n199286,20,0.5,36,18,14,22,4,4,0.6363636363636364,"[0,1,2,3,4,5,6,7,8,9,10,11,12,13,14,15,16,17]","[0,1,2,3,4,5,6,7,8,9,10,11,12,13,26,33,34,35]"
n199286,21,0.5,36,18,14,22,4,4,0.6363636363636364,"[0,1,2,3,4,5,6,7,8,9,10,11,12,13,14,15,16,17]","[0,1,2,3,4,5,6,7,8,9,11,12,14,15,19,25,34,35]"
n199286,22,0.5,36,18,14,22,4,4,0.6363636363636364,"[0,1,2,3,4,5,6,7,8,9,10,11,12,13,14,15,16,17]","[0,1,2,3,4,5,6,8,9,10,11,12,15,16,26,30,34,35]"
n199286,23,0.5,36,18,14,22,4,4,0.6363636363636364,"[0,1,2,3,4,5,6,7,8,9,10,11,12,13,14,15,16,17]","[0,1,2,3,4,5,6,7,8,9,10,11,13,16,28,30,34,35]"
n199286,24,0.5,36,18,14,22,4,4,0.6363636363636364,"[0,1,2,3,4,5,6,7,8,9,10,11,12,13,14,15,16,17]","[0,1,2,3,4,5,6,7,8,9,10,11,12,14,25,27,34,35]"
n199286,25,0.5,36,18,14,22,4,4,0.6363636363636364,"[0,1,2,3,4,5,6,7,8,9,10,11,12,13,14,15,16,17]","[0,1,2,3,4,5,6,7,8,9,10,11,15,17,19,24,32,35]"
n199286,26,0.5,36,18,14,22,4,4,0.6363636363636364,"[0,1,2,3,4,5,6,7,8,9,10,11,12,13,14,15,16,17]","[0,1,2,3,4,5,6,7,8,9,10,11,14,17,25,28,30,35]"
n199286,27,0.5,36,18,13,23,5,5,0.5652173913043478,"[0,1,2,3,4,5,6,7,8,9,10,11,12,13,14,15,16,17]","[0,1,2,3,4,5,6,7,8,9,10,12,16,19,20,28,33,35]"
n199286,28,0.5,36,18,12,24,6,6,0.5,"[0,1,2,3,4,5,6,7,8,9,10,11,12,13,14,15,16,17]","[0,1,2,3,4,5,6,7,8,9,10,13,20,21,25,27,34,35]"
n199286,29,0.5,36,18,14,22,4,4,0.6363636363636364,"[0,1,2,3,4,5,6,7,8,9,10,11,12,13,14,15,16,17]","[0,1,2,3,4,5,6,7,8,9,10,11,12,15,28,31,34,35]"
n199286,30,0.5,36,18,12,24,6,6,0.5,"[0,1,2,3,4,5,6,7,8,9,10,11,12,13,14,15,16,17]","[0,1,2,3,4,5,6,7,10,11,14,15,20,22,25,31,33,35]"
n199286,31,0.5,36,18,14,22,4,4,0.6363636363636364,"[0,1,2,3,4,5,6,7,8,9,10,11,12,13,14,15,16,17]","[0,1,2,3,4,5,6,7,8,9,10,11,12,16,19,30,34,35]"
n298104,0,0.5,34,17,14,20,3,3,0.7,"[0,1,2,3,4,5,6,7,8,9,10,11,12,13,14,15,16]","[0,1,3,4,5,7,8,9,10,12,13,14,15,16,17,32,33]"
n298104,1,0.5,34,17,13,21,4,4,0.6190476190476191,"[0,1,2,3,4,5,6,7,8,9,10,11,12,13,14,15,16]","[0,1,2,3,4,5,6,7,8,9,10,11,12,22,23,32,33]"
n298104,2,0.5,34,17,14,20,3,3,0.7,"[0,1,2,3,4,5,6,7,8,9,10,11,12,13,14,15,16]","[0,1,2,3,4,5,6,7,8,9,10,11,12,13,17,30,32]"
n298104,3,0.5,34,17,13,21,4,4,0.6190476190476191,"[0,1,2,3,4,5,6,7,8,9,10,11,12,13,14,15,16]","[0,1,2,3,4,5,6,7,8,9,10,11,12,21,22,29,30]"
n298104,4,0.5,34,17,13,21,4,4,0.6190476190476191,"[0,1,2,3,4,5,6,7,8,9,10,11,12,13,14,15,16]","[0,1,2,3,4,5,6,7,8,9,10,11,15,19,24,31,33]"
n298104,5,0.5,34,17,13,21,4,4,0.6190476190476191,"[0,1,2,3,4,5,6,7,8,9,10,11,12,13,14,15,16]","[0,1,2,3,4,5,6,7,8,9,10,11,12,21,25,26,33]"
n298104,6,0.5,34,17,13,21,4,4,0.6190476190476191,"[0,1,2,3,4,5,6,7,8,9,10,11,12,13,14,15,16]","[0,1,2,3,4,5,6,7,8,9,10,11,13,21,26,27,32]"
n298104,7,0.5,34,17,13,21,4,4,0.6190476190476191,"[0,1,2,3,4,5,6,7,8,9,10,11,12,13,14,15,16]","[0,1,2,3,4,5,6,7,8,9,10,11,13,21,29,30,31]"
n298104,8,0.5,34,17,13,21,4,4,0.6190476190476191,"[0,1,2,3,4,5,6,7,8,9,10,11,12,13,14,15,16]","[0,1,2,3,4,5,6,7,8,9,10,11,12,18,25,27,30]"
n298104,9,0.5,34,17,13,21,4,4,0.6190476190476191,"[0,1,2,3,4,5,6,7,8,9,10,11,12,13,14,15,16]","[0,1,2,3,4,5,6,7,8,9,11,13,14,20,26,27,31]"
n298104,10,0.5,34,17,13,21,4,4,0.6190476190476191,"[0,1,2,3,4,5,6,7,8,9,10,11,12,13,14,15,16]","[0,1,2,3,4,5,6,7,8,10,11,13,14,25,29,31,32]"
n298104,11,0.5,34,17,12,22,5,5,0.5454545454545454,"[0,1,2,3,4,5,6,7,8,9,10,11,12,13,14,15,16]","[0,1,2,3,4,5,6,7,8,9,10,11,17,20,25,26,29]"
n298104,12,0.5,34,17,13,21,4,4,0.6190476190476191,"[0,1,2,3,4,5,6,7,8,9,10,11,12,13,14,15,16]","[0,1,2,3,4,5,6,7,8,11,12,14,16,19,25,30,31]"
n298104,13,0.5,34,17,13,21,4,4,0.6190476190476191,"[0,1,2,3,4,5,6,7,8,9,10,11,12,13,14,15,16]","[0,1,2,3,4,5,7,8,10,11,12,13,16,20,26,30,31]"
n298104,14,0.5,34,17,13,21,4,4,0.6190476190476191,"[0,1,2,3,4,5,6,7,8,9,10,11,12,13,14,15,16]","[0,1,2,3,4,5,7,10,11,12,14,15,16,17,19,25,31]"
n298104,15,0.5,34,17,13,21,4,4,0.6190476190476191,"[0,1,2,3,4,5,6,7,8,9,10,11,12,13,14,15,16]","[0,1,2,3,4,5,6,7,8,10,11,13,16,18,29,30,31]"
n298104,16,0.5,34,17,12,22,5,5,0.5454545454545454,"[0,1,2,3,4,5,6,7,8,9,10,11,12,13,14,15,16]","[0,1,2,3,4,5,6,7,10,11,13,14,18,19,24,25,30]"
n298104,17,0.5,34,17,12,22,5,5,0.5454545454545454,"[0,1,2,3,4,5,6,7,8,9,10,11,12,13,14,15,16]","[0,1,2,3,5,6,7,9,11,12,13,16,18,20,23,32,33]"
n298104,18,0.5,34,17,13,21,4,4,0.6190476190476191,"[0,1,2,3,4,5,6,7,8,9,10,11,12,13,14,15,16]","[0,1,2,3,4,5,6,7,8,9,10,11,13,17,19,28,30]"
n298104,19,0.5,34,17,13,21,4,4,0.6190476190476191,"[0,1,2,3,4,5,6,7,8,9,10,11,12,13,14,15,16]","[0,1,2,3,4,6,7,8,9,11,12,13,14,21,25,27,33]"
n298104,20,0.5,34,17,14,20,3,3,0.7,"[0,1,2,3,4,5,6,7,8,9,10,11,12,13,14,15,16]","[0,1,2,3,4,6,7,8,9,10,12,13,14,16,23,24,33]"
n298104,21,0.5,34,17,14,20,3,3,0.7,"[0,1,2,3,4,5,6,7,8,9,10,11,12,13,14,15,16]","[0,1,2,3,4,5,6,7,8,9,10,12,13,15,21,30,32]"
n298104,22,0.5,34,17,14,20,3,3,0.7,"[0,1,2,3,4,5,6,7,8,9,10,11,12,13,14,15,16]","[0,1,2,3,4,5,6,7,8,9,10,12,14,15,22,28,30]"
n298104,23,0.5,34,17,14,20,3,3,0.7,"[0,1,2,3,4,5,6,7,8,9,10,11,12,13,14,15,16]","[0,1,2,3,4,5,6,7,8,9,10,12,14,16,17,21,33]"
n298104,24,0.5,34,17,14,20,3,3,0.7,"[0,1,2,3,4,5,6,7,8,9,10,11,12,13,14,15,16]","[0,1,2,3,4,5,7,9,10,11,12,14,15,16,23,29,31]"
n298104,25,0.5,34,17,14,20,3,3,0.7,"[0,1,2,3,4,5,6,7,8,9,10,11,12,13,14,15,16]","[0,1,2,3,4,5,6,7,8,9,11,13,14,15,17,18,24]"
n298104,26,0.5,34,17,14,20,3,3,0.7,"[0,1,2,3,4,5,6,7,8,9,10,11,12,13,14,15,16]","[0,1,2,3,4,5,6,7,8,9,10,11,13,14,26,28,31]"
n298104,27,0.5,34,17,12,22,5,5,0.5454545454545454,"[0,1,2,3,4,5,6,7,8,9,10,11,12,13,14,15,16]","[0,1,2,3,4,5,6,7,8,9,10,13,17,23,31,32,33]"
n298104,28,0.5,34,17,12,22,5,5,0.5454545454545454,"[0,1,2,3,4,5,6,7,8,9,10,11,12,13,14,15,16]","[0,1,2,3,4,5,6,7,8,10,11,12,20,24,26,28,33]"
n298104,29,0.5,34,17,13,21,4,4,0.6190476190476191,"[0,1,2,3,4,5,6,7,8,9,10,11,12,13,14,15,16]","[0,1,2,3,4,5,6,7,9,10,11,12,15,18,23,29,30]"
n298104,30,0.5,34,17,13,21,4,4,0.6190476190476191,"[0,1,2,3,4,5,6,7,8,9,10,11,12,13,14,15,16]","[0,1,2,3,4,5,6,7,8,9,10,12,14,17,28,32,33]"
n298104,31,0.5,34,17,13,21,4,4,0.6190476190476191,"[0,1,2,3,4,5,6,7,8,9,10,11,12,13,14,15,16]","[0,1,2,3,4,5,6,7,8,9,10,12,14,25,26,29,30]"
n166008,0,0.5,37,18,16,20,2,2,0.8,"[0,1,2,3,4,5,6,7,8,9,10,11,12,13,14,15,16,17]","[0,1,2,3,4,5,6,7,8,9,10,11,12,13,14,15,33,36]"
n166008,1,0.5,37,18,14,22,4,4,0.6363636363636364,"[0,1,2,3,4,5,6,7,8,9,10,11,12,13,14,15,16,17]","[0,1,2,3,4,5,6,7,8,9,10,11,15,17,19,24,28,34]"
n166008,2,0.5,37,18,15,21,3,3,0.7142857142857143,"[0,1,2,3,4,5,6,7,8,9,10,11,12,13,14,15,16,17]","[0,1,2,3,4,5,6,7,8,9,10,11,12,13,15,19,28,36]"
n166008,3,0.5,37,18,14,22,4,4,0.6363636363636364,"[0,1,2,3,4,5,6,7,8,9,10,11,12,13,14,15,16,17]","[0,1,2,3,4,5,6,7,8,9,10,11,12,16,22,25,30,31]"
n166008,4,0.5,37,18,14,22,4,4,0.6363636363636364,"[0,1,2,3,4,5,6,7,8,9,10,11,12,13,14,15,16,17]","[0,1,2,3,4,5,6,7,8,9,10,12,13,14,26,29,33,36]"
n166008,5,0.5,37,18,14,22,4,4,0.6363636363636364,"[0,1,2,3,4,5,6,7,8,9,10,11,12,13,14,15,16,17]","[0,1,2,3,4,5,6,7,8,9,10,11,15,16,26,27,31,36]"
n166008,6,0.5,37,18,14,22,4,4,0.6363636363636364,"[0,1,2,3,4,5,6,7,8,9,10,11,12,13,14,15,16,17]","[0,1,2,3,4,5,6,7,8,9,10,11,12,15,30,32,34,36]"
n166008,7,0.5,37,18,14,22,4,4,0.6363636363636364,"[0,1,2,3,4,5,6,7,8,9,10,11,12,13,14,15,16,17]","[0,1,2,3,4,5,6,7,8,9,11,13,15,16,31,34,35,36]"
n166008,8,0.5,37,18,13,23,5,5,0.5652173913043478,"[0,1,2,3,4,5,6,7,8,9,10,11,12,13,14,15,16,17]","[0,1,2,3,4,5,6,7,8,10,12,13,15,22,32,34,35,36]"
n166008,9,0.5,37,18,13,23,5,5,0.5652173913043478,"[0,1,2,3,4,5,6,7,8,9,10,11,12,13,14,15,16,17]","[0,1,2,3,4,5,6,7,8,11,14,16,17,22,29,34,35,36]"
n166008,10,0.5,37,18,14,22,4,4,0.6363636363636364,"[0,1,2,3,4,5,6,7,8,9,10,11,12,13,14,15,16,17]","[0,1,2,3,4,5,6,7,8,10,11,12,14,17,21,32,35,36]"
n166008,11,0.5,37,18,13,23,5,5,0.5652173913043478,"[0,1,2,3,4,5,6,7,8,9,10,11,12,13,14,15,16,17]","[0,1,2,3,4,5,6,7,8,9,11,12,13,20,29,31,32,36]"
n166008,12,0.5,37,18,13,23,5,5,0.5652173913043478,"[0,1,2,3,4,5,6,7,8,9,10,11,12,13,14,15,16,17]","[0,1,2,3,4,5,6,7,8,10,11,13,14,18,21,28,34,35]"
n166008,13,0.5,37,18,12,24,6,6,0.5,"[0,1,2,3,4,5,6,7,8,9,10,11,12,13,14,15,16,17]","[0,1,2,3,4,5,6,7,9,10,14,15,18,26,29,33,35,36]"
n166008,14,0.5,37,18,13,23,5,5,0.5652173913043478,"[0,1,2,3,4,5,6,7,8,9,10,11,12,13,14,15,16,17]","[0,1,2,3,4,5,6,7,8,9,11,14,15,23,27,30,32,36]"
n166008,15,0.5,37,18,14,22,4,4,0.6363636363636364,"[0,1,2,3,4,5,6,7,8,9,10,11,12,13,14,15,16,17]","[0,1,2,3,4,5,6,7,8,10,11,12,13,15,28,30,35,36]"
n166008,16,0.5,37,18,15,21,3,3,0.7142857142857143,"[0,1,2,3,4,5,6,7,8,9,10,11,12,13,14,15,16,17]","[0,1,2,3,4,5,8,9,10,11,12,13,14,15,17,24,26,36]"
n166008,17,0.5,37,18,14,22,4,4,0.6363636363636364,"[0,1,2,3,4,5,6,7,8,9,10,11,12,13,14,15,16,17]","[0,1,2,3,4,5,6,7,8,9,12,13,14,15,23,30,33,36]"
n166008,18,0.5,37,18,14,22,4,4,0.6363636363636364,"[0,1,2,3,4,5,6,7,8,9,10,11,12,13,14,15,16,17]","[0,1,2,3,4,5,6,7,8,9,10,15,16,17,29,30,31,33]"
n166008,19,0.5,37,18,13,23,5,5,0.5652173913043478,"[0,1,2,3,4,5,6,7,8,9,10,11,12,13,14,15,16,17]","[0,1,2,3,4,5,6,7,8,9,11,13,14,22,29,31,35,36]"
n166008,20,0.5,37,18,13,23,5,5,0.5652173913043478,"[0,1,2,3,4,5,6,7,8,9,10,11,12,13,14,15,16,17]","[0,1,2,3,4,5,6,7,8,9,11,13,16,21,22,24,34,36]"
n166008,21,0.5,37,18,14,22,4,4,0.6363636363636364,"[0,1,2,3,4,5,6,7,8,9,10,11,12,13,14,15,16,17]","[0,1,2,3,4,5,6,7,8,9,10,11,13,14,23,29,32,36]"
n166008,22,0.5,37,18,15,21,3,3,0.7142857142857143,"[0,1,2,3,4,5,6,7,8,9,10,11,12,13,14,15,16,17]","[0,1,2,3,4,5,6,7,8,9,10,11,12,14,15,26,34,36]"
n166008,23,0.5,37,18,14,22,4,4,0.6363636363636364,"[0,1,2,3,4,5,6,7,8,9,10,11,12,13,14,15,16,17]","[0,1,2,3,4,5,6,7,9,10,11,12,13,17,21,26,31,36]"
n166008,24,0.5,37,18,14,22,4,4,0.6363636363636364,"[0,1,2,3,4,5,6,7,8,9,10,11,12,13,14,15,16,17]","[0,1,2,3,4,5,6,7,8,10,11,13,14,15,22,33,34,36]"
n166008,25,0.5,37,18,13,23,5,5,0.5652173913043478,"[0,1,2,3,4,5,6,7,8,9,10,11,12,13,14,15,16,17]","[0,1,2,3,4,5,6,7,8,9,10,13,15,18,28,32,35,36]"
n166008,26,0.5,37,18,13,23,5,5,0.5652173913043478,"[0,1,2,3,4,5,6,7,8,9,10,11,12,13,14,15,16,17]","[0,1,2,3,4,5,6,7,8,9,10,11,13,18,30,31,35,36]"
n166008,27,0.5,37,18,14,22,4,4,0.6363636363636364,"[0,1,2,3,4,5,6,7,8,9,10,11,12,13,14,15,16,17]","[0,1,2,3,4,5,6,7,8,9,10,11,12,17,26,32,34,36]"
n166008,28,0.5,37,18,15,21,3,3,0.7142857142857143,"[0,1,2,3,4,5,6,7,8,9,10,11,12,13,14,15,16,17]","[0,1,2,3,4,5,6,7,8,10,11,12,13,14,16,32,33,36]"
n166008,29,0.5,37,18,12,24,6,6,0.5,"[0,1,2,3,4,5,6,7,8,9,10,11,12,13,14,15,16,17]","[0,1,2,3,4,5,6,8,9,10,12,15,18,23,30,32,34,36]"
n166008,30,0.5,37,18,13,23,5,5,0.5652173913043478,"[0,1,2,3,4,5,6,7,8,9,10,11,12,13,14,15,16,17]","[0,1,2,3,4,5,6,7,8,9,12,14,17,18,29,30,35,36]"
n166008,31,0.5,37,18,13,23,5,5,0.5652173913043478,"[0,1,2,3,4,5,6,7,8,9,10,11,12,13,14,15,16,17]","[0,1,2,3,4,5,6,7,8,9,10,11,12,25,31,32,35,36]"
n67005,0,0.5,37,18,16,20,2,2,0.8,"[0,1,2,3,4,5,6,7,8,9,10,11,12,13,14,15,16,17]","[0,1,2,3,4,5,6,8,9,10,11,12,13,14,16,17,35,36]"
n67005,1,0.5,37,18,14,22,4,4,0.6363636363636364,"[0,1,2,3,4,5,6,7,8,9,10,11,12,13,14,15,16,17]","[0,1,2,3,4,5,6,7,8,9,10,11,12,14,27,32,33,36]"
n67005,2,0.5,37,18,13,23,5,5,0.5652173913043478,"[0,1,2,3,4,5,6,7,8,9,10,11,12,13,14,15,16,17]","[0,1,2,3,4,5,6,7,8,9,10,11,15,19,29,31,34,36]"
n67005,3,0.5,37,18,13,23,5,5,0.5652173913043478,"[0,1,2,3,4,5,6,7,8,9,10,11,12,13,14,15,16,17]","[0,1,2,3,4,5,6,7,8,9,10,11,14,18,23,30,33,36]"
n67005,4,0.5,37,18,14,22,4,4,0.6363636363636364,"[0,1,2,3,4,5,6,7,8,9,10,11,12,13,14,15,16,17]","[0,1,2,3,4,5,6,7,8,9,11,12,13,15,19,28,29,33]"
n67005,5,0.5,37,18,13,23,5,5,0.5652173913043478,"[0,1,2,3,4,5,6,7,8,9,10,11,12,13,14,15,16,17]","[0,1,2,3,4,5,6,7,8,9,10,12,13,19,20,31,32,33]"
n67005,6,0.5,37,18,14,22,4,4,0.6363636363636364,"[0,1,2,3,4,5,6,7,8,9,10,11,12,13,14,15,16,17]","[0,1,2,3,4,5,6,7,8,10,11,12,13,14,26,32,33,36]"
n67005,7,0.5,37,18,14,22,4,4,0.6363636363636364,"[0,1,2,3,4,5,6,7,8,9,10,11,12,13,14,15,16,17]","[0,1,2,3,4,5,6,7,8,9,10,11,12,14,29,32,35,36]"
n67005,8,0.5,37,18,14,22,4,4,0.6363636363636364,"[0,1,2,3,4,5,6,7,8,9,10,11,12,13,14,15,16,17]","[0,1,2,3,4,5,6,7,8,9,10,11,12,13,24,27,29,34]"
n67005,9,0.5,37,18,13,23,5,5,0.5652173913043478,"[0,1,2,3,4,5,6,7,8,9,10,11,12,13,14,15,16,17]","[0,1,2,3,4,5,6,7,8,9,10,11,17,18,30,31,35,36]"
n67005,10,0.5,37,18,14,22,4,4,0.6363636363636364,"[0,1,2,3,4,5,6,7,8,9,10,11,12,13,14,15,16,17]","[0,1,2,3,4,5,6,7,8,9,10,11,12,14,28,34,35,36]"
n67005,11,0.5,37,18,14,22,4,4,0.6363636363636364,"[0,1,2,3,4,5,6,7,8,9,10,11,12,13,14,15,16,17]","[0,1,2,3,4,5,6,7,8,9,10,11,12,17,29,31,34,36]"
n67005,12,0.5,37,18,14,22,4,4,0.6363636363636364,"[0,1,2,3,4,5,6,7,8,9,10,11,12,13,14,15,16,17]","[0,1,2,3,4,5,6,7,8,9,11,12,14,15,25,32,34,35]"
n67005,13,0.5,37,18,14,22,4,4,0.6363636363636364,"[0,1,2,3,4,5,6,7,8,9,10,11,12,13,14,15,16,17]","[0,1,2,3,4,5,6,7,8,9,10,11,13,15,29,34,35,36]"
n67005,14,0.5,37,18,13,23,5,5,0.5652173913043478,"[0,1,2,3,4,5,6,7,8,9,10,11,12,13,14,15,16,17]","[0,1,2,3,4,5,6,7,8,9,11,12,13,18,24,33,35,36]"
n67005,15,0.5,37,18,13,23,5,5,0.5652173913043478,"[0,1,2,3,4,5,6,7,8,9,10,11,12,13,14,15,16,17]","[0,1,2,3,4,5,6,7,8,9,11,12,14,18,21,26,33,34]"
n67005,16,0.5,37,18,14,22,4,4,0.6363636363636364,"[0,1,2,3,4,5,6,7,8,9,10,11,12,13,14,15,16,17]","[0,1,2,3,4,5,6,7,8,9,10,11,13,15,18,29,33,36]"
n67005,17,0.5,37,18,14,22,4,4,0.6363636363636364,"[0,1,2,3,4,5,6,7,8,9,10,11,12,13,14,15,16,17]","[0,1,2,3,4,5,6,7,8,9,10,12,13,15,25,28,33,34]"
n67005,18,0.5,37,18,13,23,5,5,0.5652173913043478,"[0,1,2,3,4,5,6,7,8,9,10,11,12,13,14,15,16,17]","[0,1,2,3,4,5,6,7,9,10,11,12,15,18,24,25,34,35]"
n67005,19,0.5,37,18,13,23,5,5,0.5652173913043478,"[0,1,2,3,4,5,6,7,8,9,10,11,12,13,14,15,16,17]","[0,1,2,3,4,5,6,7,8,9,10,11,12,19,24,31,35,36]"
n67005,20,0.5,37,18,12,24,6,6,0.5,"[0,1,2,3,4,5,6,7,8,9,10,11,12,13,14,15,16,17]","[0,1,2,3,4,5,6,7,9,12,15,17,19,20,26,33,34,36]"
n67005,21,0.5,37,18,14,22,4,4,0.6363636363636364,"[0,1,2,3,4,5,6,7,8,9,10,11,12,13,14,15,16,17]","[0,1,2,3,4,5,6,7,9,10,11,14,16,17,20,25,31,36]"
n67005,22,0.5,37,18,13,23,5,5,0.5652173913043478,"[0,1,2,3,4,5,6,7,8,9,10,11,12,13,14,15,16,17]","[0,1,2,3,4,5,6,7,8,10,11,12,14,20,25,29,32,35]"
n67005,23,0.5,37,18,13,23,5,5,0.5652173913043478,"[0,1,2,3,4,5,6,7,8,9,10,11,12,13,14,15,16,17]","[0,1,2,3,4,5,6,7,8,9,11,13,14,27,30,34,35,36]"
n67005,24,0.5,37,18,12,24,6,6,0.5,"[0,1,2,3,4,5,6,7,8,9,10,11,12,13,14,15,16,17]","[0,1,2,3,4,5,6,7,8,9,11,14,19,20,21,26,33,36]"
n67005,25,0.5,37,18,14,22,4,4,0.6363636363636364,"[0,1,2,3,4,5,6,7,8,9,10,11,12,13,14,15,16,17]","[0,1,2,3,4,5,6,7,8,9,10,11,12,17,22,28,34,35]"
n67005,26,0.5,37,18,13,23,5,5,0.5652173913043478,"[0,1,2,3,4,5,6,7,8,9,10,11,12,13,14,15,16,17]","[0,1,2,3,4,5,6,7,8,9,11,12,14,19,27,31,35,36]"
n67005,27,0.5,37,18,12,24,6,6,0.5,"[0,1,2,3,4,5,6,7,8,9,10,11,12,13,14,15,16,17]","[0,1,2,3,4,5,7,8,9,10,11,14,18,20,27,31,33,34]"
n67005,28,0.5,37,18,13,23,5,5,0.5652173913043478,"[0,1,2,3,4,5,6,7,8,9,10,11,12,13,14,15,16,17]","[0,1,2,3,4,5,6,7,8,11,12,14,16,22,31,32,34,36]"
n67005,29,0.5,37,18,13,23,5,5,0.5652173913043478,"[0,1,2,3,4,5,6,7,8,9,10,11,12,13,14,15,16,17]","[0,1,2,3,4,5,6,7,8,10,11,12,17,19,30,34,35,36]"
n67005,30,0.5,37,18,14,22,4,4,0.6363636363636364,"[0,1,2,3,4,5,6,7,8,9,10,11,12,13,14,15,16,17]","[0,1,2,3,4,5,6,7,8,9,10,11,12,14,29,30,31,36]"
n67005,31,0.5,37,18,13,23,5,5,0.5652173913043478,"[0,1,2,3,4,5,6,7,8,9,10,11,12,13,14,15,16,17]","[0,1,2,3,4,5,6,7,8,9,11,12,17,18,22,32,35,36]"
n154856,0,0.5,23,12,11,13,1,1,0.8461538461538461,"[0,1,2,3,4,5,6,7,8,9,10,11]","[0,1,2,3,5,6,7,8,9,10,11,22]"
n154856,1,0.5,23,12,9,15,3,3,0.6,"[0,1,2,3,4,5,6,7,8,9,10,11]","[0,1,2,3,4,5,6,7,8,14,15,22]"
n154856,2,0.5,23,12,10,14,2,2,0.7142857142857143,"[0,1,2,3,4,5,6,7,8,9,10,11]","[0,2,3,4,5,6,7,8,9,10,19,22]"
n154856,3,0.5,23,12,9,15,3,3,0.6,"[0,1,2,3,4,5,6,7,8,9,10,11]","[0,1,2,3,4,5,6,7,9,19,20,22]"
n154856,4,0.5,23,12,9,15,3,3,0.6,"[0,1,2,3,4,5,6,7,8,9,10,11]","[0,1,2,3,4,5,6,7,11,18,20,21]"
n154856,5,0.5,23,12,8,16,4,4,0.5,"[0,1,2,3,4,5,6,7,8,9,10,11]","[0,1,2,3,4,5,7,9,12,18,20,22]"
n154856,6,0.5,23,12,9,15,3,3,0.6,"[0,1,2,3,4,5,6,7,8,9,10,11]","[0,1,2,3,4,5,6,7,8,13,20,21]"
n154856,7,0.5,23,12,9,15,3,3,0.6,"[0,1,2,3,4,5,6,7,8,9,10,11]","[0,1,2,3,4,5,6,7,9,20,21,22]"
n154856,8,0.5,23,12,9,15,3,3,0.6,"[0,1,2,3,4,5,6,7,8,9,10,11]","[0,1,2,3,4,5,6,7,8,20,21,22]"
n154856,9,0.5,23,12,9,15,3,3,0.6,"[0,1,2,3,4,5,6,7,8,9,10,11]","[0,1,2,3,4,5,6,7,9,20,21,22]"
n154856,10,0.5,23,12,9,15,3,3,0.6,"[0,1,2,3,4,5,6,7,8,9,10,11]","[0,1,2,3,4,5,6,7,8,17,21,22]"
n154856,11,0.5,23,12,9,15,3,3,0.6,"[0,1,2,3,4,5,6,7,8,9,10,11]","[0,1,2,4,6,7,8,9,11,20,21,22]"
n154856,12,0.5,23,12,9,15,3,3,0.6,"[0,1,2,3,4,5,6,7,8,9,10,11]","[0,1,2,3,4,5,6,9,10,20,21,22]"
n154856,13,0.5,23,12,9,15,3,3,0.6,"[0,1,2,3,4,5,6,7,8,9,10,11]","[0,1,2,3,4,7,8,10,11,20,21,22]"
n154856,14,0.5,23,12,8,16,4,4,0.5,"[0,1,2,3,4,5,6,7,8,9,10,11]","[0,1,2,3,4,5,8,11,12,17,21,22]"
n154856,15,0.5,23,12,9,15,3,3,0.6,"[0,1,2,3,4,5,6,7,8,9,10,11]","[0,1,2,3,4,5,7,8,10,19,20,22]"
n154856,16,0.5,23,12,9,15,3,3,0.6,"[0,1,2,3,4,5,6,7,8,9,10,11]","[0,1,2,3,4,5,6,7,10,15,18,20]"
n154856,17,0.5,23,12,9,15,3,3,0.6,"[0,1,2,3,4,5,6,7,8,9,10,11]","[0,1,2,3,4,5,6,8,9,17,19,22]"
n154856,18,0.5,23,12,9,15,3,3,0.6,"[0,1,2,3,4,5,6,7,8,9,10,11]","[0,1,2,3,4,5,6,9,10,17,18,21]"
n154856,19,0.5,23,12,9,15,3,3,0.6,"[0,1,2,3,4,5,6,7,8,9,10,11]","[0,1,2,3,4,6,7,8,9,17,19,22]"
n154856,20,0.5,23,12,9,15,3,3,0.6,"[0,1,2,3,4,5,6,7,8,9,10,11]","[0,1,2,3,4,5,6,7,8,13,18,21]"
n154856,21,0.5,23,12,9,15,3,3,0.6,"[0,1,2,3,4,5,6,7,8,9,10,11]","[0,1,2,3,4,5,6,7,8,12,17,20]"
n154856,22,0.5,23,12,9,15,3,3,0.6,"[0,1,2,3,4,5,6,7,8,9,10,11]","[0,1,2,3,4,5,6,7,8,18,21,22]"
n154856,23,0.5,23,12,9,15,3,3,0.6,"[0,1,2,3,4,5,6,7,8,9,10,11]","[0,1,2,3,4,5,6,7,8,13,19,21]"
n154856,24,0.5,23,12,9,15,3,3,0.6,"[0,1,2,3,4,5,6,7,8,9,10,11]","[0,1,2,3,4,5,6,7,9,13,17,22]"
n154856,25,0.5,23,12,9,15,3,3,0.6,"[0,1,2,3,4,5,6,7,8,9,10,11]","[0,1,2,3,4,5,6,7,8,14,16,22]"
n154856,26,0.5,23,12,9,15,3,3,0.6,"[0,1,2,3,4,5,6,7,8,9,10,11]","[0,1,2,3,4,5,6,7,10,15,21,22]"
n154856,27,0.5,23,12,9,15,3,3,0.6,"[0,1,2,3,4,5,6,7,8,9,10,11]","[0,1,2,3,4,5,6,7,8,14,16,22]"
n154856,28,0.5,23,12,9,15,3,3,0.6,"[0,1,2,3,4,5,6,7,8,9,10,11]","[0,1,2,3,4,5,6,7,8,18,20,21]"
n154856,29,0.5,23,12,9,15,3,3,0.6,"[0,1,2,3,4,5,6,7,8,9,10,11]","[0,1,2,3,4,5,6,7,9,17,19,22]"
n154856,30,0.5,23,12,9,15,3,3,0.6,"[0,1,2,3,4,5,6,7,8,9,10,11]","[0,1,3,4,5,6,7,8,10,15,19,22]"
n154856,31,0.5,23,12,9,15,3,3,0.6,"[0,1,2,3,4,5,6,7,8,9,10,11]","[0,1,2,3,4,5,8,9,10,17,18,21]"
n567860,0,0.5,37,18,15,21,3,3,0.7142857142857143,"[0,1,2,3,4,5,6,7,8,9,10,11,12,13,14,15,16,17]","[0,1,3,4,5,6,7,8,9,10,11,13,14,15,17,19,27,36]"
n567860,1,0.5,37,18,15,21,3,3,0.7142857142857143,"[0,1,2,3,4,5,6,7,8,9,10,11,12,13,14,15,16,17]","[0,1,2,3,4,5,6,7,8,9,10,11,12,13,14,27,32,36]"
n567860,2,0.5,37,18,14,22,4,4,0.6363636363636364,"[0,1,2,3,4,5,6,7,8,9,10,11,12,13,14,15,16,17]","[0,1,2,3,4,5,6,7,8,9,10,11,12,13,27,29,35,36]"
n567860,3,0.5,37,18,14,22,4,4,0.6363636363636364,"[0,1,2,3,4,5,6,7,8,9,10,11,12,13,14,15,16,17]","[0,1,2,3,4,5,6,7,8,9,10,11,13,14,23,28,32,36]"
n567860,4,0.5,37,18,14,22,4,4,0.6363636363636364,"[0,1,2,3,4,5,6,7,8,9,10,11,12,13,14,15,16,17]","[0,1,2,3,4,5,6,7,8,9,10,11,13,16,24,33,35,36]"
n567860,5,0.5,37,18,14,22,4,4,0.6363636363636364,"[0,1,2,3,4,5,6,7,8,9,10,11,12,13,14,15,16,17]","[0,1,2,3,4,5,6,7,8,9,11,12,13,14,25,28,34,36]"
n567860,6,0.5,37,18,14,22,4,4,0.6363636363636364,"[0,1,2,3,4,5,6,7,8,9,10,11,12,13,14,15,16,17]","[0,1,2,3,4,5,6,7,8,9,11,12,13,14,31,33,34,36]"
n567860,7,0.5,37,18,14,22,4,4,0.6363636363636364,"[0,1,2,3,4,5,6,7,8,9,10,11,12,13,14,15,16,17]","[0,1,2,3,4,5,6,7,8,9,10,11,13,14,23,31,33,36]"
n567860,8,0.5,37,18,14,22,4,4,0.6363636363636364,"[0,1,2,3,4,5,6,7,8,9,10,11,12,13,14,15,16,17]","[0,1,2,3,4,5,6,7,8,9,10,11,12,15,25,30,35,36]"
n567860,9,0.5,37,18,14,22,4,4,0.6363636363636364,"[0,1,2,3,4,5,6,7,8,9,10,11,12,13,14,15,16,17]","[0,1,2,3,4,5,6,7,8,9,10,12,13,17,26,30,35,36]"
n567860,10,0.5,37,18,14,22,4,4,0.6363636363636364,"[0,1,2,3,4,5,6,7,8,9,10,11,12,13,14,15,16,17]","[0,1,2,3,4,5,6,7,8,9,10,11,13,14,26,31,33,35]"
n567860,11,0.5,37,18,14,22,4,4,0.6363636363636364,"[0,1,2,3,4,5,6,7,8,9,10,11,12,13,14,15,16,17]","[0,1,2,3,4,5,6,7,8,9,10,12,14,17,25,33,35,36]"
n567860,12,0.5,37,18,14,22,4,4,0.6363636363636364,"[0,1,2,3,4,5,6,7,8,9,10,11,12,13,14,15,16,17]","[0,1,2,3,4,5,7,8,9,10,11,12,13,16,22,27,35,36]"
n567860,13,0.5,37,18,14,22,4,4,0.6363636363636364,"[0,1,2,3,4,5,6,7,8,9,10,11,12,13,14,15,16,17]","[0,1,2,3,4,5,6,7,8,9,10,11,12,17,19,32,33,36]"
n567860,14,0.5,37,18,13,23,5,5,0.5652173913043478,"[0,1,2,3,4,5,6,7,8,9,10,11,12,13,14,15,16,17]","[0,2,3,4,5,7,8,9,11,12,13,14,15,18,28,29,31,36]"
n567860,15,0.5,37,18,14,22,4,4,0.6363636363636364,"[0,1,2,3,4,5,6,7,8,9,10,11,12,13,14,15,16,17]","[0,1,2,3,4,5,6,8,11,12,13,14,16,17,24,29,31,35]"
n567860,16,0.5,37,18,14,22,4,4,0.6363636363636364,"[0,1,2,3,4,5,6,7,8,9,10,11,12,13,14,15,16,17]","[0,1,2,3,4,5,6,7,8,9,10,11,12,13,18,20,29,35]"
n567860,17,0.5,37,18,14,22,4,4,0.6363636363636364,"[0,1,2,3,4,5,6,7,8,9,10,11,12,13,14,15,16,17]","[0,1,2,3,4,5,6,7,8,9,11,12,13,16,19,26,28,34]"
n567860,18,0.5,37,18,14,22,4,4,0.6363636363636364,"[0,1,2,3,4,5,6,7,8,9,10,11,12,13,14,15,16,17]","[0,1,2,3,4,5,6,7,8,9,10,11,12,16,21,28,34,35]"
n567860,19,0.5,37,18,14,22,4,4,0.6363636363636364,"[0,1,2,3,4,5,6,7,8,9,10,11,12,13,14,15,16,17]","[0,1,2,3,4,5,6,7,8,9,10,11,12,17,23,28,35,36]"
n567860,20,0.5,37,18,14,22,4,4,0.6363636363636364,"[0,1,2,3,4,5,6,7,8,9,10,11,12,13,14,15,16,17]","[0,1,2,3,4,5,6,7,8,9,10,11,12,13,19,27,31,34]"
n567860,21,0.5,37,18,14,22,4,4,0.6363636363636364,"[0,1,2,3,4,5,6,7,8,9,10,11,12,13,14,15,16,17]","[0,1,2,3,4,5,6,7,8,9,10,12,16,17,24,26,35,36]"
n567860,22,0.5,37,18,13,23,5,5,0.5652173913043478,"[0,1,2,3,4,5,6,7,8,9,10,11,12,13,14,15,16,17]","[0,1,2,3,4,5,6,7,8,9,10,11,16,20,24,31,35,36]"
n567860,23,0.5,37,18,14,22,4,4,0.6363636363636364,"[0,1,2,3,4,5,6,7,8,9,10,11,12,13,14,15,16,17]","[0,1,2,3,4,5,6,7,8,10,11,12,14,15,23,26,34,36]"
n567860,24,0.5,37,18,14,22,4,4,0.6363636363636364,"[0,1,2,3,4,5,6,7,8,9,10,11,12,13,14,15,16,17]","[0,1,2,3,4,5,6,7,8,9,10,11,13,14,22,23,27,34]"
n567860,25,0.5,37,18,13,23,5,5,0.5652173913043478,"[0,1,2,3,4,5,6,7,8,9,10,11,12,13,14,15,16,17]","[0,1,2,3,4,5,6,8,9,10,11,12,14,18,23,24,34,35]"
n567860,26,0.5,37,18,14,22,4,4,0.6363636363636364,"[0,1,2,3,4,5,6,7,8,9,10,11,12,13,14,15,16,17]","[0,1,2,3,4,5,6,7,8,9,10,11,14,15,27,30,33,36]"
n567860,27,0.5,37,18,12,24,6,6,0.5,"[0,1,2,3,4,5,6,7,8,9,10,11,12,13,14,15,16,17]","[0,1,2,3,4,5,6,8,10,12,13,14,19,21,25,28,32,35]"
n567860,28,0.5,37,18,12,24,6,6,0.5,"[0,1,2,3,4,5,6,7,8,9,10,11,12,13,14,15,16,17]","[0,1,2,3,4,5,6,7,8,13,15,16,18,23,30,32,34,35]"
n567860,29,0.5,37,18,14,22,4,4,0.6363636363636364,"[0,1,2,3,4,5,6,7,8,9,10,11,12,13,14,15,16,17]","[0,1,2,3,4,5,7,8,9,11,12,13,15,17,24,27,32,36]"
n567860,30,0.5,37,18,14,22,4,4,0.6363636363636364,"[0,1,2,3,4,5,6,7,8,9,10,11,12,13,14,15,16,17]","[0,1,2,3,4,5,6,7,8,9,12,14,16,17,26,31,33,36]"
n567860,31,0.5,37,18,14,22,4,4,0.6363636363636364,"[0,1,2,3,4,5,6,7,8,9,10,11,12,13,14,15,16,17]","[0,1,2,3,4,5,6,8,9,11,13,15,16,17,18,22,33,36]"
n314171,0,0.5,34,17,15,19,2,2,0.7894736842105263,"[0,1,2,3,4,5,6,7,8,9,10,11,12,13,14,15,16]","[0,1,2,3,4,6,7,8,9,10,11,12,13,14,16,26,33]"
n314171,1,0.5,34,17,13,21,4,4,0.6190476190476191,"[0,1,2,3,4,5,6,7,8,9,10,11,12,13,14,15,16]","[0,1,2,3,4,5,6,7,8,9,10,11,12,23,27,32,33]"
n314171,2,0.5,34,17,13,21,4,4,0.6190476190476191,"[0,1,2,3,4,5,6,7,8,9,10,11,12,13,14,15,16]","[0,1,2,3,4,5,6,7,8,9,10,12,14,19,31,32,33]"
n314171,3,0.5,34,17,14,20,3,3,0.7,"[0,1,2,3,4,5,6,7,8,9,10,11,12,13,14,15,16]","[0,1,2,3,4,5,6,7,8,9,10,11,12,14,31,32,33]"
n314171,4,0.5,34,17,13,21,4,4,0.6190476190476191,"[0,1,2,3,4,5,6,7,8,9,10,11,12,13,14,15,16]","[0,1,2,3,4,5,6,7,8,9,10,11,12,20,27,30,31]"
n314171,5,0.5,34,17,13,21,4,4,0.6190476190476191,"[0,1,2,3,4,5,6,7,8,9,10,11,12,13,14,15,16]","[0,1,2,3,4,5,6,7,8,9,11,13,14,20,23,27,32]"
n314171,6,0.5,34,17,13,21,4,4,0.6190476190476191,"[0,1,2,3,4,5,6,7,8,9,10,11,12,13,14,15,16]","[0,1,2,3,4,5,6,7,9,10,11,12,14,24,28,31,33]"
n314171,7,0.5,34,17,13,21,4,4,0.6190476190476191,"[0,1,2,3,4,5,6,7,8,9,10,11,12,13,14,15,16]","[0,1,2,3,4,5,6,8,9,10,12,13,15,27,30,31,33]"
n314171,8,0.5,34,17,12,22,5,5,0.5454545454545454,"[0,1,2,3,4,5,6,7,8,9,10,11,12,13,14,15,16]","[0,1,2,3,4,5,6,7,11,12,14,16,18,27,28,29,32]"
n314171,9,0.5,34,17,13,21,4,4,0.6190476190476191,"[0,1,2,3,4,5,6,7,8,9,10,11,12,13,14,15,16]","[0,1,2,3,4,5,6,7,9,12,13,15,16,24,26,29,31]"
n314171,10,0.5,34,17,11,23,6,6,0.4782608695652174,"[0,1,2,3,4,5,6,7,8,9,10,11,12,13,14,15,16]","[0,1,2,3,4,5,6,10,11,12,15,21,24,26,29,31,33]"
n314171,11,0.5,34,17,12,22,5,5,0.5454545454545454,"[0,1,2,3,4,5,6,7,8,9,10,11,12,13,14,15,16]","[0,1,2,3,4,5,6,7,9,10,13,14,21,28,29,31,33]"
n314171,12,0.5,34,17,12,22,5,5,0.5454545454545454,"[0,1,2,3,4,5,6,7,8,9,10,11,12,13,14,15,16]","[0,1,2,3,4,5,6,7,8,9,11,13,20,22,27,30,32]"
n314171,13,0.5,34,17,11,23,6,6,0.4782608695652174,"[0,1,2,3,4,5,6,7,8,9,10,11,12,13,14,15,16]","[0,1,2,3,4,5,6,7,9,12,14,21,23,26,29,31,33]"
n314171,14,0.5,34,17,12,22,5,5,0.5454545454545454,"[0,1,2,3,4,5,6,7,8,9,10,11,12,13,14,15,16]","[0,1,2,3,4,5,6,7,9,10,14,16,20,24,26,28,31]"
n314171,15,0.5,34,17,11,23,6,6,0.4782608695652174,"[0,1,2,3,4,5,6,7,8,9,10,11,12,13,14,15,16]","[0,1,2,3,4,5,6,7,9,11,12,17,18,22,24,31,33]"
n314171,16,0.5,34,17,13,21,4,4,0.6190476190476191,"[0,1,2,3,4,5,6,7,8,9,10,11,12,13,14,15,16]","[0,1,2,3,4,5,6,8,10,11,12,15,16,21,24,28,30]"
n314171,17,0.5,34,17,13,21,4,4,0.6190476190476191,"[0,1,2,3,4,5,6,7,8,9,10,11,12,13,14,15,16]","[0,1,2,3,4,5,6,9,10,11,12,14,15,17,27,29,31]"
n314171,18,0.5,34,17,13,21,4,4,0.6190476190476191,"[0,1,2,3,4,5,6,7,8,9,10,11,12,13,14,15,16]","[0,1,2,3,4,5,6,7,8,9,10,12,13,22,26,28,33]"
n314171,19,0.5,34,17,13,21,4,4,0.6190476190476191,"[0,1,2,3,4,5,6,7,8,9,10,11,12,13,14,15,16]","[0,1,2,3,4,5,6,7,8,11,14,15,16,25,29,30,31]"
n314171,20,0.5,34,17,12,22,5,5,0.5454545454545454,"[0,1,2,3,4,5,6,7,8,9,10,11,12,13,14,15,16]","[0,1,2,3,4,5,6,9,12,13,14,15,19,21,28,32,33]"
n314171,21,0.5,34,17,11,23,6,6,0.4782608695652174,"[0,1,2,3,4,5,6,7,8,9,10,11,12,13,14,15,16]","[0,1,2,3,4,5,8,10,11,15,16,17,19,23,28,30,33]"
n314171,22,0.5,34,17,13,21,4,4,0.6190476190476191,"[0,1,2,3,4,5,6,7,8,9,10,11,12,13,14,15,16]","[0,1,2,3,4,5,6,7,9,10,11,13,16,21,26,29,31]"
n314171,23,0.5,34,17,12,22,5,5,0.5454545454545454,"[0,1,2,3,4,5,6,7,8,9,10,11,12,13,14,15,16]","[0,1,2,3,4,5,6,7,8,9,12,16,17,26,27,31,33]"
n314171,24,0.5,34,17,12,22,5,5,0.5454545454545454,"[0,1,2,3,4,5,6,7,8,9,10,11,12,13,14,15,16]","[0,1,2,3,4,5,7,8,11,13,14,15,19,22,27,30,32]"
n314171,25,0.5,34,17,12,22,5,5,0.5454545454545454,"[0,1,2,3,4,5,6,7,8,9,10,11,12,13,14,15,16]","[0,1,2,3,4,5,6,7,8,10,11,14,21,27,28,32,33]"
n314171,26,0.5,34,17,12,22,5,5,0.5454545454545454,"[0,1,2,3,4,5,6,7,8,9,10,11,12,13,14,15,16]","[0,1,2,3,4,6,7,9,10,13,14,16,21,24,26,28,33]"
n314171,27,0.5,34,17,11,23,6,6,0.4782608695652174,"[0,1,2,3,4,5,6,7,8,9,10,11,12,13,14,15,16]","[0,1,2,3,4,5,6,7,8,9,11,17,18,22,25,28,33]"
n314171,28,0.5,34,17,11,23,6,6,0.4782608695652174,"[0,1,2,3,4,5,6,7,8,9,10,11,12,13,14,15,16]","[0,1,2,3,4,5,6,8,10,11,14,23,24,29,30,32,33]"
n314171,29,0.5,34,17,12,22,5,5,0.5454545454545454,"[0,1,2,3,4,5,6,7,8,9,10,11,12,13,14,15,16]","[0,1,2,4,5,7,8,9,11,12,14,16,19,21,31,32,33]"
n314171,30,0.5,34,17,12,22,5,5,0.5454545454545454,"[0,1,2,3,4,5,6,7,8,9,10,11,12,13,14,15,16]","[0,1,2,3,4,5,6,8,9,11,13,15,19,23,28,30,33]"
n314171,31,0.5,34,17,12,22,5,5,0.5454545454545454,"[0,1,2,3,4,5,6,7,8,9,10,11,12,13,14,15,16]","[0,1,2,3,4,5,6,7,8,11,14,15,20,25,28,29,33]"
n437064,0,0.5,34,17,15,19,2,2,0.7894736842105263,"[0,1,2,3,4,5,6,7,8,9,10,11,12,13,14,15,16]","[0,1,2,3,5,7,8,9,10,11,12,13,14,15,16,31,32]"
n437064,1,0.5,34,17,13,21,4,4,0.6190476190476191,"[0,1,2,3,4,5,6,7,8,9,10,11,12,13,14,15,16]","[0,1,2,3,4,5,6,7,8,9,11,12,13,23,28,29,32]"
n437064,2,0.5,34,17,14,20,3,3,0.7,"[0,1,2,3,4,5,6,7,8,9,10,11,12,13,14,15,16]","[0,1,2,3,4,5,6,7,8,9,10,11,13,15,17,29,33]"
n437064,3,0.5,34,17,13,21,4,4,0.6190476190476191,"[0,1,2,3,4,5,6,7,8,9,10,11,12,13,14,15,16]","[0,1,2,3,4,5,6,7,8,9,10,13,15,20,21,32,33]"
n437064,4,0.5,34,17,13,21,4,4,0.6190476190476191,"[0,1,2,3,4,5,6,7,8,9,10,11,12,13,14,15,16]","[0,1,2,3,4,5,6,7,9,10,11,12,13,24,25,31,33]"
n437064,5,0.5,34,17,13,21,4,4,0.6190476190476191,"[0,1,2,3,4,5,6,7,8,9,10,11,12,13,14,15,16]","[0,1,2,3,4,5,6,7,8,9,10,13,14,27,28,32,33]"
n437064,6,0.5,34,17,13,21,4,4,0.6190476190476191,"[0,1,2,3,4,5,6,7,8,9,10,11,12,13,14,15,16]","[0,1,2,3,4,5,6,7,8,10,11,12,13,24,27,31,33]"
n437064,7,0.5,34,17,13,21,4,4,0.6190476190476191,"[0,1,2,3,4,5,6,7,8,9,10,11,12,13,14,15,16]","[0,1,2,3,4,5,6,7,8,9,10,11,12,24,30,32,33]"
n437064,8,0.5,34,17,13,21,4,4,0.6190476190476191,"[0,1,2,3,4,5,6,7,8,9,10,11,12,13,14,15,16]","[0,1,2,3,4,5,6,7,8,9,10,11,12,26,29,30,32]"
n437064,9,0.5,34,17,13,21,4,4,0.6190476190476191,"[0,1,2,3,4,5,6,7,8,9,10,11,12,13,14,15,16]","[0,1,2,3,4,5,6,7,8,9,10,11,13,25,29,30,31]"
n437064,10,0.5,34,17,13,21,4,4,0.6190476190476191,"[0,1,2,3,4,5,6,7,8,9,10,11,12,13,14,15,16]","[0,1,2,3,4,5,6,7,8,9,10,11,12,23,29,31,32]"
n437064,11,0.5,34,17,12,22,5,5,0.5454545454545454,"[0,1,2,3,4,5,6,7,8,9,10,11,12,13,14,15,16]","[0,1,2,4,6,8,10,11,12,13,14,16,17,23,29,31,33]"
n437064,12,0.5,34,17,13,21,4,4,0.6190476190476191,"[0,1,2,3,4,5,6,7,8,9,10,11,12,13,14,15,16]","[0,1,2,3,5,6,7,8,9,11,13,15,16,20,26,29,32]"
n437064,13,0.5,34,17,13,21,4,4,0.6190476190476191,"[0,1,2,3,4,5,6,7,8,9,10,11,12,13,14,15,16]","[0,1,2,3,4,5,6,7,8,9,10,12,13,23,28,30,32]"
n437064,14,0.5,34,17,12,22,5,5,0.5454545454545454,"[0,1,2,3,4,5,6,7,8,9,10,11,12,13,14,15,16]","[0,1,2,4,6,7,8,9,10,11,12,14,19,23,28,30,32]"
n437064,15,0.5,34,17,13,21,4,4,0.6190476190476191,"[0,1,2,3,4,5,6,7,8,9,10,11,12,13,14,15,16]","[0,1,2,3,5,6,7,8,9,11,13,14,15,21,24,30,33]"
n437064,16,0.5,34,17,13,21,4,4,0.6190476190476191,"[0,1,2,3,4,5,6,7,8,9,10,11,12,13,14,15,16]","[0,1,2,3,4,5,6,7,8,9,10,11,13,20,25,32,33]"
n437064,17,0.5,34,17,13,21,4,4,0.6190476190476191,"[0,1,2,3,4,5,6,7,8,9,10,11,12,13,14,15,16]","[0,1,2,3,4,5,6,7,8,9,10,11,13,19,29,30,32]"
n437064,18,0.5,34,17,13,21,4,4,0.6190476190476191,"[0,1,2,3,4,5,6,7,8,9,10,11,12,13,14,15,16]","[0,1,2,3,4,5,6,7,8,9,11,12,13,21,27,28,32]"
n437064,19,0.5,34,17,13,21,4,4,0.6190476190476191,"[0,1,2,3,4,5,6,7,8,9,10,11,12,13,14,15,16]","[0,1,2,3,4,5,6,7,8,9,10,11,12,24,26,30,33]"
n437064,20,0.5,34,17,13,21,4,4,0.6190476190476191,"[0,1,2,3,4,5,6,7,8,9,10,11,12,13,14,15,16]","[0,1,2,3,4,5,6,7,8,9,10,11,12,20,28,31,33]"
n437064,21,0.5,34,17,12,22,5,5,0.5454545454545454,"[0,1,2,3,4,5,6,7,8,9,10,11,12,13,14,15,16]","[0,1,2,3,4,5,6,7,8,9,11,12,19,22,28,31,33]"
n437064,22,0.5,34,17,13,21,4,4,0.6190476190476191,"[0,1,2,3,4,5,6,7,8,9,10,11,12,13,14,15,16]","[0,1,2,3,4,5,6,7,8,9,10,11,13,19,26,32,33]"
n437064,23,0.5,34,17,13,21,4,4,0.6190476190476191,"[0,1,2,3,4,5,6,7,8,9,10,11,12,13,14,15,16]","[0,1,2,3,4,5,6,7,8,9,10,11,12,21,26,31,33]"
n437064,24,0.5,34,17,13,21,4,4,0.6190476190476191,"[0,1,2,3,4,5,6,7,8,9,10,11,12,13,14,15,16]","[0,1,2,3,4,5,6,7,8,9,10,11,12,18,25,30,33]"
n437064,25,0.5,34,17,13,21,4,4,0.6190476190476191,"[0,1,2,3,4,5,6,7,8,9,10,11,12,13,14,15,16]","[0,1,2,3,4,5,6,7,8,9,10,12,14,19,30,32,33]"
n437064,26,0.5,34,17,13,21,4,4,0.6190476190476191,"[0,1,2,3,4,5,6,7,8,9,10,11,12,13,14,15,16]","[0,1,2,3,4,5,6,7,8,9,10,11,15,24,30,32,33]"
n437064,27,0.5,34,17,13,21,4,4,0.6190476190476191,"[0,1,2,3,4,5,6,7,8,9,10,11,12,13,14,15,16]","[0,1,2,3,4,5,6,11,12,13,14,15,16,24,25,31,33]"
n437064,28,0.5,34,17,13,21,4,4,0.6190476190476191,"[0,1,2,3,4,5,6,7,8,9,10,11,12,13,14,15,16]","[0,1,2,3,4,5,6,7,8,11,12,13,16,17,29,30,33]"
n437064,29,0.5,34,17,13,21,4,4,0.6190476190476191,"[0,1,2,3,4,5,6,7,8,9,10,11,12,13,14,15,16]","[0,1,2,3,4,5,6,7,8,9,10,11,14,24,25,30,32]"
n437064,30,0.5,34,17,11,23,6,6,0.4782608695652174,"[0,1,2,3,4,5,6,7,8,9,10,11,12,13,14,15,16]","[0,1,2,3,4,5,6,7,12,13,15,18,19,29,30,31,32]"
n437064,31,0.5,34,17,12,22,5,5,0.5454545454545454,"[0,1,2,3,4,5,6,7,8,9,10,11,12,13,14,15,16]","[0,1,2,3,4,6,7,8,9,10,12,16,21,29,30,31,32]"
n498140,0,0.5,34,17,14,20,3,3,0.7,"[0,1,2,3,4,5,6,7,8,9,10,11,12,13,14,15,16]","[0,1,2,3,4,5,6,7,8,9,10,11,12,14,24,27,33]"
n498140,1,0.5,34,17,13,21,4,4,0.6190476190476191,"[0,1,2,3,4,5,6,7,8,9,10,11,12,13,14,15,16]","[0,1,2,3,4,5,6,7,8,9,10,12,13,24,30,31,32]"
n498140,2,0.5,34,17,14,20,3,3,0.7,"[0,1,2,3,4,5,6,7,8,9,10,11,12,13,14,15,16]","[0,1,2,3,4,5,6,7,8,9,10,11,13,14,29,32,33]"
n498140,3,0.5,34,17,14,20,3,3,0.7,"[0,1,2,3,4,5,6,7,8,9,10,11,12,13,14,15,16]","[0,1,2,3,4,5,6,7,8,9,10,12,15,16,29,30,31]"
n498140,4,0.5,34,17,13,21,4,4,0.6190476190476191,"[0,1,2,3,4,5,6,7,8,9,10,11,12,13,14,15,16]","[0,1,2,3,4,5,6,7,8,9,10,11,12,26,28,29,33]"
n498140,5,0.5,34,17,13,21,4,4,0.6190476190476191,"[0,1,2,3,4,5,6,7,8,9,10,11,12,13,14,15,16]","[0,1,2,3,4,5,6,7,8,9,10,12,13,27,31,32,33]"
n498140,6,0.5,34,17,13,21,4,4,0.6190476190476191,"[0,1,2,3,4,5,6,7,8,9,10,11,12,13,14,15,16]","[0,1,2,3,4,5,6,7,8,9,10,11,12,28,29,30,33]"
n498140,7,0.5,34,17,13,21,4,4,0.6190476190476191,"[0,1,2,3,4,5,6,7,8,9,10,11,12,13,14,15,16]","[0,1,2,3,4,5,6,7,8,10,11,12,15,30,31,32,33]"
n498140,8,0.5,34,17,13,21,4,4,0.6190476190476191,"[0,1,2,3,4,5,6,7,8,9,10,11,12,13,14,15,16]","[0,1,2,3,4,5,6,7,9,10,12,13,14,29,30,32,33]"
n498140,9,0.5,34,17,12,22,5,5,0.5454545454545454,"[0,1,2,3,4,5,6,7,8,9,10,11,12,13,14,15,16]","[0,1,2,3,4,5,6,7,8,10,11,12,19,22,29,32,33]"
n498140,10,0.5,34,17,13,21,4,4,0.6190476190476191,"[0,1,2,3,4,5,6,7,8,9,10,11,12,13,14,15,16]","[0,1,2,3,4,5,6,7,8,9,10,11,13,23,29,31,33]"
n498140,11,0.5,34,17,13,21,4,4,0.6190476190476191,"[0,1,2,3,4,5,6,7,8,9,10,11,12,13,14,15,16]","[0,1,2,3,4,5,6,7,8,9,11,12,13,28,31,32,33]"
n498140,12,0.5,34,17,12,22,5,5,0.5454545454545454,"[0,1,2,3,4,5,6,7,8,9,10,11,12,13,14,15,16]","[0,1,2,3,4,5,6,7,8,9,11,14,20,27,28,32,33]"
n498140,13,0.5,34,17,11,23,6,6,0.4782608695652174,"[0,1,2,3,4,5,6,7,8,9,10,11,12,13,14,15,16]","[0,1,2,3,4,5,6,7,8,12,14,17,19,26,29,32,33]"
n498140,14,0.5,34,17,11,23,6,6,0.4782608695652174,"[0,1,2,3,4,5,6,7,8,9,10,11,12,13,14,15,16]","[0,1,2,3,4,5,6,7,8,13,15,18,19,28,29,30,33]"
n498140,15,0.5,34,17,13,21,4,4,0.6190476190476191,"[0,1,2,3,4,5,6,7,8,9,10,11,12,13,14,15,16]","[0,1,2,3,4,5,6,7,9,11,12,13,14,17,29,31,33]"
n498140,16,0.5,34,17,12,22,5,5,0.5454545454545454,"[0,1,2,3,4,5,6,7,8,9,10,11,12,13,14,15,16]","[0,1,2,3,4,5,7,8,10,11,12,15,19,20,22,27,31]"
n498140,17,0.5,34,17,12,22,5,5,0.5454545454545454,"[0,1,2,3,4,5,6,7,8,9,10,11,12,13,14,15,16]","[0,1,2,3,4,6,7,8,10,11,15,16,17,19,29,30,33]"
n498140,18,0.5,34,17,12,22,5,5,0.5454545454545454,"[0,1,2,3,4,5,6,7,8,9,10,11,12,13,14,15,16]","[0,1,2,3,4,5,6,7,10,11,13,14,19,29,31,32,33]"
n498140,19,0.5,34,17,12,22,5,5,0.5454545454545454,"[0,1,2,3,4,5,6,7,8,9,10,11,12,13,14,15,16]","[0,1,2,3,4,5,7,8,9,10,11,15,17,26,29,30,33]"
n498140,20,0.5,34,17,14,20,3,3,0.7,"[0,1,2,3,4,5,6,7,8,9,10,11,12,13,14,15,16]","[0,1,2,3,4,5,6,7,8,10,12,13,14,15,29,31,32]"
n498140,21,0.5,34,17,13,21,4,4,0.6190476190476191,"[0,1,2,3,4,5,6,7,8,9,10,11,12,13,14,15,16]","[0,1,2,3,4,5,6,7,9,10,11,13,16,27,31,32,33]"
n498140,22,0.5,34,17,12,22,5,5,0.5454545454545454,"[0,1,2,3,4,5,6,7,8,9,10,11,12,13,14,15,16]","[0,1,2,3,4,5,6,7,8,10,11,13,19,22,24,30,33]"
n498140,23,0.5,34,17,13,21,4,4,0.6190476190476191,"[0,1,2,3,4,5,6,7,8,9,10,11,12,13,14,15,16]","[0,1,2,3,4,5,6,7,8,9,14,15,16,26,30,31,33]"
n498140,24,0.5,34,17,12,22,5,5,0.5454545454545454,"[0,1,2,3,4,5,6,7,8,9,10,11,12,13,14,15,16]","[0,1,2,4,5,6,8,9,10,11,12,15,17,19,28,31,33]"
n498140,25,0.5,34,17,12,22,5,5,0.5454545454545454,"[0,1,2,3,4,5,6,7,8,9,10,11,12,13,14,15,16]","[0,1,2,3,4,5,7,8,9,10,11,16,19,25,29,30,33]"
n498140,26,0.5,34,17,13,21,4,4,0.6190476190476191,"[0,1,2,3,4,5,6,7,8,9,10,11,12,13,14,15,16]","[0,1,2,3,4,5,6,8,9,10,12,13,15,20,30,31,33]"
n498140,27,0.5,34,17,12,22,5,5,0.5454545454545454,"[0,1,2,3,4,5,6,7,8,9,10,11,12,13,14,15,16]","[0,1,3,4,5,6,7,8,9,11,12,13,18,29,31,32,33]"
n498140,28,0.5,34,17,13,21,4,4,0.6190476190476191,"[0,1,2,3,4,5,6,7,8,9,10,11,12,13,14,15,16]","[0,1,2,3,4,5,6,7,8,9,11,13,15,25,29,32,33]"
n498140,29,0.5,34,17,12,22,5,5,0.5454545454545454,"[0,1,2,3,4,5,6,7,8,9,10,11,12,13,14,15,16]","[0,1,2,3,4,5,6,7,8,12,15,16,21,26,29,32,33]"
n498140,30,0.5,34,17,12,22,5,5,0.5454545454545454,"[0,1,2,3,4,5,6,7,8,9,10,11,12,13,14,15,16]","[0,1,2,3,4,5,6,7,8,9,12,14,18,20,30,32,33]"
n498140,31,0.5,34,17,10,24,7,7,0.4166666666666667,"[0,1,2,3,4,5,6,7,8,9,10,11,12,13,14,15,16]","[0,1,2,3,5,6,8,9,10,14,18,20,22,27,28,32,33]"
n16656,0,0.5,37,18,15,21,3,3,0.7142857142857143,"[0,1,2,3,4,5,6,7,8,9,10,11,12,13,14,15,16,17]","[0,1,2,3,5,6,7,8,9,10,11,12,13,14,15,19,31,34]"
n16656,1,0.5,37,18,14,22,4,4,0.6363636363636364,"[0,1,2,3,4,5,6,7,8,9,10,11,12,13,14,15,16,17]","[0,1,2,3,4,5,6,7,8,9,10,12,13,15,24,32,34,36]"
n16656,2,0.5,37,18,14,22,4,4,0.6363636363636364,"[0,1,2,3,4,5,6,7,8,9,10,11,12,13,14,15,16,17]","[0,1,2,3,4,5,6,7,8,9,10,11,13,14,20,29,34,36]"
n16656,3,0.5,37,18,14,22,4,4,0.6363636363636364,"[0,1,2,3,4,5,6,7,8,9,10,11,12,13,14,15,16,17]","[0,1,2,3,4,5,6,7,8,9,10,11,12,13,19,25,33,36]"
n16656,4,0.5,37,18,14,22,4,4,0.6363636363636364,"[0,1,2,3,4,5,6,7,8,9,10,11,12,13,14,15,16,17]","[0,1,2,3,4,5,6,7,8,9,10,11,12,14,29,32,35,36]"
n16656,5,0.5,37,18,14,22,4,4,0.6363636363636364,"[0,1,2,3,4,5,6,7,8,9,10,11,12,13,14,15,16,17]","[0,1,2,3,4,5,6,7,8,10,11,12,13,14,30,31,33,36]"
n16656,6,0.5,37,18,14,22,4,4,0.6363636363636364,"[0,1,2,3,4,5,6,7,8,9,10,11,12,13,14,15,16,17]","[0,1,2,3,4,5,6,7,8,9,10,11,12,13,29,32,33,36]"
n16656,7,0.5,37,18,14,22,4,4,0.6363636363636364,"[0,1,2,3,4,5,6,7,8,9,10,11,12,13,14,15,16,17]","[0,1,2,3,4,5,6,7,8,9,10,11,13,14,30,32,33,35]"
n16656,8,0.5,37,18,14,22,4,4,0.6363636363636364,"[0,1,2,3,4,5,6,7,8,9,10,11,12,13,14,15,16,17]","[0,1,2,3,4,5,6,7,8,9,11,12,13,15,27,28,29,34]"
n16656,9,0.5,37,18,13,23,5,5,0.5652173913043478,"[0,1,2,3,4,5,6,7,8,9,10,11,12,13,14,15,16,17]","[0,1,2,3,4,6,7,8,9,11,14,15,16,20,30,31,34,35]"
n16656,10,0.5,37,18,14,22,4,4,0.6363636363636364,"[0,1,2,3,4,5,6,7,8,9,10,11,12,13,14,15,16,17]","[0,1,2,3,4,5,6,8,9,10,11,12,13,16,29,31,32,36]"
n16656,11,0.5,37,18,14,22,4,4,0.6363636363636364,"[0,1,2,3,4,5,6,7,8,9,10,11,12,13,14,15,16,17]","[0,1,2,3,4,6,7,8,10,11,12,13,14,16,26,32,34,36]"
n16656,12,0.5,37,18,13,23,5,5,0.5652173913043478,"[0,1,2,3,4,5,6,7,8,9,10,11,12,13,14,15,16,17]","[0,1,2,3,4,5,6,7,9,11,12,13,15,18,24,30,31,36]"
n16656,13,0.5,37,18,13,23,5,5,0.5652173913043478,"[0,1,2,3,4,5,6,7,8,9,10,11,12,13,14,15,16,17]","[0,1,2,3,4,5,6,7,8,10,11,16,17,22,30,31,35,36]"
n16656,14,0.5,37,18,14,22,4,4,0.6363636363636364,"[0,1,2,3,4,5,6,7,8,9,10,11,12,13,14,15,16,17]","[0,1,3,5,6,7,8,9,10,11,12,13,14,17,23,28,31,36]"
n16656,15,0.5,37,18,14,22,4,4,0.6363636363636364,"[0,1,2,3,4,5,6,7,8,9,10,11,12,13,14,15,16,17]","[0,1,2,3,4,5,6,7,8,11,13,14,15,17,20,33,35,36]"
n16656,16,0.5,37,18,14,22,4,4,0.6363636363636364,"[0,1,2,3,4,5,6,7,8,9,10,11,12,13,14,15,16,17]","[0,1,2,3,4,5,6,7,8,9,10,12,14,15,23,27,34,36]"
n16656,17,0.5,37,18,13,23,5,5,0.5652173913043478,"[0,1,2,3,4,5,6,7,8,9,10,11,12,13,14,15,16,17]","[0,1,2,3,4,5,6,7,8,9,14,15,16,19,22,32,34,36]"
n16656,18,0.5,37,18,13,23,5,5,0.5652173913043478,"[0,1,2,3,4,5,6,7,8,9,10,11,12,13,14,15,16,17]","[0,1,2,3,4,5,6,7,8,9,11,12,13,22,27,28,34,35]"
n16656,19,0.5,37,18,14,22,4,4,0.6363636363636364,"[0,1,2,3,4,5,6,7,8,9,10,11,12,13,14,15,16,17]","[0,1,2,3,4,5,6,7,8,10,11,12,15,16,24,27,32,36]"
n16656,20,0.5,37,18,13,23,5,5,0.5652173913043478,"[0,1,2,3,4,5,6,7,8,9,10,11,12,13,14,15,16,17]","[0,1,2,3,4,5,6,7,8,9,10,11,14,19,20,28,34,36]"
n16656,21,0.5,37,18,13,23,5,5,0.5652173913043478,"[0,1,2,3,4,5,6,7,8,9,10,11,12,13,14,15,16,17]","[0,1,2,3,4,5,6,7,8,9,11,12,13,18,24,29,30,36]"
n16656,22,0.5,37,18,14,22,4,4,0.6363636363636364,"[0,1,2,3,4,5,6,7,8,9,10,11,12,13,14,15,16,17]","[0,1,2,3,4,5,6,7,8,9,11,12,14,17,27,30,35,36]"
n16656,23,0.5,37,18,13,23,5,5,0.5652173913043478,"[0,1,2,3,4,5,6,7,8,9,10,11,12,13,14,15,16,17]","[0,1,2,3,4,5,6,7,8,9,11,12,17,20,25,30,33,34]"
n16656,24,0.5,37,18,14,22,4,4,0.6363636363636364,"[0,1,2,3,4,5,6,7,8,9,10,11,12,13,14,15,16,17]","[0,1,2,3,4,5,6,7,8,9,10,12,15,16,23,31,32,36]"
n16656,25,0.5,37,18,13,23,5,5,0.5652173913043478,"[0,1,2,3,4,5,6,7,8,9,10,11,12,13,14,15,16,17]","[0,1,2,3,4,5,6,7,8,9,10,11,13,20,28,29,30,35]"
n16656,26,0.5,37,18,13,23,5,5,0.5652173913043478,"[0,1,2,3,4,5,6,7,8,9,10,11,12,13,14,15,16,17]","[0,1,2,3,4,5,6,7,8,9,11,14,16,24,28,33,34,36]"
n16656,27,0.5,37,18,14,22,4,4,0.6363636363636364,"[0,1,2,3,4,5,6,7,8,9,10,11,12,13,14,15,16,17]","[0,1,2,3,4,5,6,8,9,10,11,12,14,15,19,28,34,36]"
n16656,28,0.5,37,18,13,23,5,5,0.5652173913043478,"[0,1,2,3,4,5,6,7,8,9,10,11,12,13,14,15,16,17]","[0,1,2,3,4,5,6,7,8,9,10,14,15,18,26,28,34,35]"
n16656,29,0.5,37,18,12,24,6,6,0.5,"[0,1,2,3,4,5,6,7,8,9,10,11,12,13,14,15,16,17]","[0,1,2,3,4,5,6,7,8,9,10,14,18,23,28,29,30,35]"
n16656,30,0.5,37,18,14,22,4,4,0.6363636363636364,"[0,1,2,3,4,5,6,7,8,9,10,11,12,13,14,15,16,17]","[0,1,2,3,4,6,7,8,9,10,11,15,16,17,30,32,34,36]"
n16656,31,0.5,37,18,14,22,4,4,0.6363636363636364,"[0,1,2,3,4,5,6,7,8,9,10,11,12,13,14,15,16,17]","[0,1,2,3,4,5,6,7,8,9,10,12,16,17,27,30,33,35]"
n329479,0,0.5,34,17,15,19,2,2,0.7894736842105263,"[0,1,2,3,4,5,6,7,8,9,10,11,12,13,14,15,16]","[0,1,2,4,5,6,7,8,9,10,11,12,13,14,15,17,33]"
n329479,1,0.5,34,17,13,21,4,4,0.6190476190476191,"[0,1,2,3,4,5,6,7,8,9,10,11,12,13,14,15,16]","[0,1,2,3,4,5,6,7,8,9,10,11,12,22,23,25,33]"
n329479,2,0.5,34,17,14,20,3,3,0.7,"[0,1,2,3,4,5,6,7,8,9,10,11,12,13,14,15,16]","[0,1,2,3,4,5,6,7,8,9,10,14,15,16,20,30,33]"
n329479,3,0.5,34,17,13,21,4,4,0.6190476190476191,"[0,1,2,3,4,5,6,7,8,9,10,11,12,13,14,15,16]","[0,1,2,3,4,5,6,7,8,9,10,11,13,21,23,32,33]"
n329479,4,0.5,34,17,13,21,4,4,0.6190476190476191,"[0,1,2,3,4,5,6,7,8,9,10,11,12,13,14,15,16]","[0,1,2,3,4,5,6,7,8,9,10,11,12,25,29,32,33]"
n329479,5,0.5,34,17,13,21,4,4,0.6190476190476191,"[0,1,2,3,4,5,6,7,8,9,10,11,12,13,14,15,16]","[0,1,2,3,4,5,6,7,8,9,10,11,12,27,28,32,33]"
n329479,6,0.5,34,17,13,21,4,4,0.6190476190476191,"[0,1,2,3,4,5,6,7,8,9,10,11,12,13,14,15,16]","[0,1,2,3,4,5,6,7,8,9,10,11,13,28,29,31,33]"
n329479,7,0.5,34,17,13,21,4,4,0.6190476190476191,"[0,1,2,3,4,5,6,7,8,9,10,11,12,13,14,15,16]","[0,1,2,3,4,5,6,7,8,9,10,11,14,24,29,30,32]"
n329479,8,0.5,34,17,13,21,4,4,0.6190476190476191,"[0,1,2,3,4,5,6,7,8,9,10,11,12,13,14,15,16]","[0,1,2,3,4,5,6,7,8,9,10,11,13,27,28,30,31]"
n329479,9,0.5,34,17,13,21,4,4,0.6190476190476191,"[0,1,2,3,4,5,6,7,8,9,10,11,12,13,14,15,16]","[0,1,2,3,4,5,6,7,8,9,10,11,16,25,26,31,32]"
n329479,10,0.5,34,17,13,21,4,4,0.6190476190476191,"[0,1,2,3,4,5,6,7,8,9,10,11,12,13,14,15,16]","[0,1,2,3,4,5,6,7,8,9,10,11,13,23,30,31,33]"
n329479,11,0.5,34,17,14,20,3,3,0.7,"[0,1,2,3,4,5,6,7,8,9,10,11,12,13,14,15,16]","[0,1,2,3,4,5,6,7,8,9,10,11,12,16,25,27,29]"
n329479,12,0.5,34,17,13,21,4,4,0.6190476190476191,"[0,1,2,3,4,5,6,7,8,9,10,11,12,13,14,15,16]","[0,1,2,3,4,5,6,7,8,9,10,11,14,28,30,31,33]"
n329479,13,0.5,34,17,13,21,4,4,0.6190476190476191,"[0,1,2,3,4,5,6,7,8,9,10,11,12,13,14,15,16]","[0,1,2,3,4,5,6,7,8,9,10,11,12,22,31,32,33]"
n329479,14,0.5,34,17,13,21,4,4,0.6190476190476191,"[0,1,2,3,4,5,6,7,8,9,10,11,12,13,14,15,16]","[0,1,2,3,4,5,6,7,8,9,10,12,13,22,31,32,33]"
n329479,15,0.5,34,17,13,21,4,4,0.6190476190476191,"[0,1,2,3,4,5,6,7,8,9,10,11,12,13,14,15,16]","[0,1,2,3,4,5,6,7,8,9,10,11,12,23,29,32,33]"
n329479,16,0.5,34,17,13,21,4,4,0.6190476190476191,"[0,1,2,3,4,5,6,7,8,9,10,11,12,13,14,15,16]","[0,1,2,3,4,5,6,7,8,9,11,12,14,22,24,26,33]"
n329479,17,0.5,34,17,13,21,4,4,0.6190476190476191,"[0,1,2,3,4,5,6,7,8,9,10,11,12,13,14,15,16]","[0,1,2,3,4,5,6,7,8,9,10,11,15,25,29,31,33]"
n329479,18,0.5,34,17,13,21,4,4,0.6190476190476191,"[0,1,2,3,4,5,6,7,8,9,10,11,12,13,14,15,16]","[0,1,2,3,4,5,6,7,8,9,10,11,13,25,26,32,33]"
n329479,19,0.5,34,17,12,22,5,5,0.5454545454545454,"[0,1,2,3,4,5,6,7,8,9,10,11,12,13,14,15,16]","[0,1,2,3,4,5,6,7,8,9,10,14,18,23,26,27,33]"
n329479,20,0.5,34,17,13,21,4,4,0.6190476190476191,"[0,1,2,3,4,5,6,7,8,9,10,11,12,13,14,15,16]","[0,1,2,3,4,5,6,7,8,9,10,11,16,23,25,30,31]"
n329479,21,0.5,34,17,12,22,5,5,0.5454545454545454,"[0,1,2,3,4,5,6,7,8,9,10,11,12,13,14,15,16]","[0,1,2,3,4,5,6,7,8,9,10,12,17,25,27,30,32]"
n329479,22,0.5,34,17,13,21,4,4,0.6190476190476191,"[0,1,2,3,4,5,6,7,8,9,10,11,12,13,14,15,16]","[0,1,2,3,4,5,6,7,8,9,10,11,15,20,27,28,33]"
n329479,23,0.5,34,17,13,21,4,4,0.6190476190476191,"[0,1,2,3,4,5,6,7,8,9,10,11,12,13,14,15,16]","[0,1,2,3,4,5,6,7,8,9,10,11,15,21,28,32,33]"
n329479,24,0.5,34,17,13,21,4,4,0.6190476190476191,"[0,1,2,3,4,5,6,7,8,9,10,11,12,13,14,15,16]","[0,1,2,3,4,5,6,7,8,9,10,12,13,26,28,31,33]"
n329479,25,0.5,34,17,13,21,4,4,0.6190476190476191,"[0,1,2,3,4,5,6,7,8,9,10,11,12,13,14,15,16]","[0,1,2,3,4,5,6,7,8,9,10,11,14,20,27,32,33]"
n329479,26,0.5,34,17,13,21,4,4,0.6190476190476191,"[0,1,2,3,4,5,6,7,8,9,10,11,12,13,14,15,16]","[0,1,2,3,4,5,6,7,8,9,10,13,16,24,29,31,33]"
n329479,27,0.5,34,17,12,22,5,5,0.5454545454545454,"[0,1,2,3,4,5,6,7,8,9,10,11,12,13,14,15,16]","[0,1,2,3,4,5,6,7,8,9,10,12,18,21,28,30,31]"
n329479,28,0.5,34,17,13,21,4,4,0.6190476190476191,"[0,1,2,3,4,5,6,7,8,9,10,11,12,13,14,15,16]","[0,1,2,3,4,5,6,7,8,9,10,11,12,22,30,31,32]"
n329479,29,0.5,34,17,13,21,4,4,0.6190476190476191,"[0,1,2,3,4,5,6,7,8,9,10,11,12,13,14,15,16]","[0,1,2,3,4,5,6,7,8,9,10,11,15,18,28,30,32]"
n329479,30,0.5,34,17,11,23,6,6,0.4782608695652174,"[0,1,2,3,4,5,6,7,8,9,10,11,12,13,14,15,16]","[0,1,2,3,4,5,6,7,8,9,12,17,20,24,30,31,33]"
n329479,31,0.5,34,17,13,21,4,4,0.6190476190476191,"[0,1,2,3,4,5,6,7,8,9,10,11,12,13,14,15,16]","[0,1,2,3,4,5,6,7,8,9,10,11,12,22,28,32,33]"
n406334,0,0.5,34,17,14,20,3,3,0.7,"[0,1,2,3,4,5,6,7,8,9,10,11,12,13,14,15,16]","[0,1,2,3,5,6,7,8,9,11,13,14,15,16,17,26,33]"
n406334,1,0.5,34,17,14,20,3,3,0.7,"[0,1,2,3,4,5,6,7,8,9,10,11,12,13,14,15,16]","[0,1,2,3,4,5,6,7,8,9,10,11,12,16,29,32,33]"
n406334,2,0.5,34,17,14,20,3,3,0.7,"[0,1,2,3,4,5,6,7,8,9,10,11,12,13,14,15,16]","[0,1,2,3,4,5,6,7,8,9,10,11,13,15,21,32,33]"
n406334,3,0.5,34,17,13,21,4,4,0.6190476190476191,"[0,1,2,3,4,5,6,7,8,9,10,11,12,13,14,15,16]","[0,1,2,3,4,5,6,7,8,9,10,12,13,23,25,32,33]"
n406334,4,0.5,34,17,13,21,4,4,0.6190476190476191,"[0,1,2,3,4,5,6,7,8,9,10,11,12,13,14,15,16]","[0,1,2,3,4,5,6,7,8,9,10,11,13,23,25,28,32]"
n406334,5,0.5,34,17,13,21,4,4,0.6190476190476191,"[0,1,2,3,4,5,6,7,8,9,10,11,12,13,14,15,16]","[0,1,2,3,4,5,6,7,8,9,11,12,14,24,27,30,32]"
n406334,6,0.5,34,17,13,21,4,4,0.6190476190476191,"[0,1,2,3,4,5,6,7,8,9,10,11,12,13,14,15,16]","[0,1,2,3,4,5,6,7,8,10,11,12,14,26,28,31,33]"
n406334,7,0.5,34,17,13,21,4,4,0.6190476190476191,"[0,1,2,3,4,5,6,7,8,9,10,11,12,13,14,15,16]","[0,1,2,3,4,5,6,7,8,9,11,12,14,27,28,29,32]"
n406334,8,0.5,34,17,13,21,4,4,0.6190476190476191,"[0,1,2,3,4,5,6,7,8,9,10,11,12,13,14,15,16]","[0,1,2,3,4,5,6,7,8,9,10,11,12,27,28,32,33]"
n406334,9,0.5,34,17,13,21,4,4,0.6190476190476191,"[0,1,2,3,4,5,6,7,8,9,10,11,12,13,14,15,16]","[0,1,2,3,4,5,6,7,8,9,11,12,13,28,29,30,31]"
n406334,10,0.5,34,17,13,21,4,4,0.6190476190476191,"[0,1,2,3,4,5,6,7,8,9,10,11,12,13,14,15,16]","[0,1,2,3,4,5,6,7,8,10,11,12,15,28,29,30,31]"
n406334,11,0.5,34,17,13,21,4,4,0.6190476190476191,"[0,1,2,3,4,5,6,7,8,9,10,11,12,13,14,15,16]","[0,1,2,3,4,5,6,7,8,10,11,12,13,26,28,30,33]"
n406334,12,0.5,34,17,12,22,5,5,0.5454545454545454,"[0,1,2,3,4,5,6,7,8,9,10,11,12,13,14,15,16]","[0,1,2,3,4,5,6,7,8,9,11,13,21,28,29,31,33]"
n406334,13,0.5,34,17,13,21,4,4,0.6190476190476191,"[0,1,2,3,4,5,6,7,8,9,10,11,12,13,14,15,16]","[0,1,2,3,4,5,6,7,8,11,12,13,15,26,28,31,33]"
n406334,14,0.5,34,17,11,23,6,6,0.4782608695652174,"[0,1,2,3,4,5,6,7,8,9,10,11,12,13,14,15,16]","[0,1,2,3,4,5,6,7,9,15,16,18,19,24,25,27,32]"
n406334,15,0.5,34,17,13,21,4,4,0.6190476190476191,"[0,1,2,3,4,5,6,7,8,9,10,11,12,13,14,15,16]","[0,1,2,3,4,5,7,8,9,10,11,12,14,22,27,30,32]"
n406334,16,0.5,34,17,13,21,4,4,0.6190476190476191,"[0,1,2,3,4,5,6,7,8,9,10,11,12,13,14,15,16]","[0,1,2,3,4,5,6,7,8,9,10,13,14,17,26,29,33]"
n406334,17,0.5,34,17,13,21,4,4,0.6190476190476191,"[0,1,2,3,4,5,6,7,8,9,10,11,12,13,14,15,16]","[0,1,2,3,4,5,6,7,9,10,12,13,15,26,27,30,33]"
n406334,18,0.5,34,17,13,21,4,4,0.6190476190476191,"[0,1,2,3,4,5,6,7,8,9,10,11,12,13,14,15,16]","[0,1,2,3,4,5,6,7,8,9,11,13,14,20,28,29,31]"
n406334,19,0.5,34,17,13,21,4,4,0.6190476190476191,"[0,1,2,3,4,5,6,7,8,9,10,11,12,13,14,15,16]","[0,1,2,3,4,5,6,7,8,9,10,12,14,22,25,28,33]"
n406334,20,0.5,34,17,12,22,5,5,0.5454545454545454,"[0,1,2,3,4,5,6,7,8,9,10,11,12,13,14,15,16]","[0,1,2,3,4,5,6,7,8,9,11,13,17,21,25,30,31]"
n406334,21,0.5,34,17,13,21,4,4,0.6190476190476191,"[0,1,2,3,4,5,6,7,8,9,10,11,12,13,14,15,16]","[0,1,2,3,4,5,6,7,8,9,10,11,14,19,28,31,33]"
n406334,22,0.5,34,17,13,21,4,4,0.6190476190476191,"[0,1,2,3,4,5,6,7,8,9,10,11,12,13,14,15,16]","[0,1,2,3,4,5,6,8,9,10,11,12,15,22,24,27,28]"
n406334,23,0.5,34,17,13,21,4,4,0.6190476190476191,"[0,1,2,3,4,5,6,7,8,9,10,11,12,13,14,15,16]","[0,1,2,3,4,5,6,7,8,9,10,13,16,25,26,32,33]"
n406334,24,0.5,34,17,14,20,3,3,0.7,"[0,1,2,3,4,5,6,7,8,9,10,11,12,13,14,15,16]","[0,1,2,3,4,5,6,7,8,9,10,13,14,15,23,26,30]"
n406334,25,0.5,34,17,13,21,4,4,0.6190476190476191,"[0,1,2,3,4,5,6,7,8,9,10,11,12,13,14,15,16]","[0,1,2,3,4,5,6,7,8,9,10,11,12,21,23,30,33]"
n406334,26,0.5,34,17,12,22,5,5,0.5454545454545454,"[0,1,2,3,4,5,6,7,8,9,10,11,12,13,14,15,16]","[0,1,2,3,4,5,6,7,8,9,10,12,17,24,29,30,33]"
n406334,27,0.5,34,17,12,22,5,5,0.5454545454545454,"[0,1,2,3,4,5,6,7,8,9,10,11,12,13,14,15,16]","[0,1,2,3,4,5,6,7,8,9,11,15,18,26,29,30,33]"
n406334,28,0.5,34,17,12,22,5,5,0.5454545454545454,"[0,1,2,3,4,5,6,7,8,9,10,11,12,13,14,15,16]","[0,1,2,3,4,5,6,9,10,11,12,14,17,26,30,31,32]"
n406334,29,0.5,34,17,13,21,4,4,0.6190476190476191,"[0,1,2,3,4,5,6,7,8,9,10,11,12,13,14,15,16]","[0,1,2,3,4,5,6,7,8,10,13,14,15,25,29,32,33]"
n406334,30,0.5,34,17,13,21,4,4,0.6190476190476191,"[0,1,2,3,4,5,6,7,8,9,10,11,12,13,14,15,16]","[0,1,2,3,4,5,6,7,8,10,11,12,13,22,23,29,33]"
n406334,31,0.5,34,17,12,22,5,5,0.5454545454545454,"[0,1,2,3,4,5,6,7,8,9,10,11,12,13,14,15,16]","[0,1,2,3,4,5,6,7,8,9,11,13,19,23,25,30,33]"
n302387,0,0.5,37,18,14,22,4,4,0.6363636363636364,"[0,1,2,3,4,5,6,7,8,9,10,11,12,13,14,15,16,17]","[0,1,3,5,6,7,8,9,10,11,12,14,15,17,18,19,22,34]"
n302387,1,0.5,37,18,14,22,4,4,0.6363636363636364,"[0,1,2,3,4,5,6,7,8,9,10,11,12,13,14,15,16,17]","[0,1,2,3,4,5,6,7,8,9,10,11,12,13,21,28,33,36]"
n302387,2,0.5,37,18,14,22,4,4,0.6363636363636364,"[0,1,2,3,4,5,6,7,8,9,10,11,12,13,14,15,16,17]","[0,1,2,3,4,5,6,7,8,9,10,11,12,14,21,32,33,36]"
n302387,3,0.5,37,18,14,22,4,4,0.6363636363636364,"[0,1,2,3,4,5,6,7,8,9,10,11,12,13,14,15,16,17]","[0,1,2,3,4,5,6,7,8,9,10,11,12,13,21,29,30,36]"
n302387,4,0.5,37,18,14,22,4,4,0.6363636363636364,"[0,1,2,3,4,5,6,7,8,9,10,11,12,13,14,15,16,17]","[0,1,2,3,4,5,6,7,8,9,10,11,12,14,20,28,30,32]"
n302387,5,0.5,37,18,14,22,4,4,0.6363636363636364,"[0,1,2,3,4,5,6,7,8,9,10,11,12,13,14,15,16,17]","[0,1,2,3,4,5,6,7,8,9,10,11,13,14,25,28,32,33]"
n302387,6,0.5,37,18,14,22,4,4,0.6363636363636364,"[0,1,2,3,4,5,6,7,8,9,10,11,12,13,14,15,16,17]","[0,1,2,3,4,5,6,7,8,9,10,11,13,14,22,30,33,36]"
n302387,7,0.5,37,18,14,22,4,4,0.6363636363636364,"[0,1,2,3,4,5,6,7,8,9,10,11,12,13,14,15,16,17]","[0,1,2,3,4,5,6,7,8,9,10,11,12,14,29,31,33,35]"
n302387,8,0.5,37,18,13,23,5,5,0.5652173913043478,"[0,1,2,3,4,5,6,7,8,9,10,11,12,13,14,15,16,17]","[0,1,2,3,4,5,6,7,8,9,10,11,14,18,26,30,35,36]"
n302387,9,0.5,37,18,13,23,5,5,0.5652173913043478,"[0,1,2,3,4,5,6,7,8,9,10,11,12,13,14,15,16,17]","[0,1,2,3,4,5,6,7,8,9,10,11,14,18,27,32,35,36]"
n302387,10,0.5,37,18,14,22,4,4,0.6363636363636364,"[0,1,2,3,4,5,6,7,8,9,10,11,12,13,14,15,16,17]","[0,1,2,3,4,5,6,7,8,9,10,11,12,14,26,32,34,36]"
n302387,11,0.5,37,18,13,23,5,5,0.5652173913043478,"[0,1,2,3,4,5,6,7,8,9,10,11,12,13,14,15,16,17]","[0,1,2,3,4,5,6,7,8,9,10,11,13,19,27,30,33,34]"
n302387,12,0.5,37,18,12,24,6,6,0.5,"[0,1,2,3,4,5,6,7,8,9,10,11,12,13,14,15,16,17]","[0,1,2,3,4,5,6,7,9,11,13,17,18,21,28,29,31,34]"
n302387,13,0.5,37,18,13,23,5,5,0.5652173913043478,"[0,1,2,3,4,5,6,7,8,9,10,11,12,13,14,15,16,17]","[0,1,2,3,4,5,6,7,8,10,11,12,13,18,25,26,34,35]"
n302387,14,0.5,37,18,12,24,6,6,0.5,"[0,1,2,3,4,5,6,7,8,9,10,11,12,13,14,15,16,17]","[0,1,2,3,5,6,8,9,12,14,15,16,20,21,25,29,34,36]"
n302387,15,0.5,37,18,14,22,4,4,0.6363636363636364,"[0,1,2,3,4,5,6,7,8,9,10,11,12,13,14,15,16,17]","[0,1,2,3,4,5,6,7,8,10,12,13,14,16,18,28,30,32]"
n302387,16,0.5,37,18,14,22,4,4,0.6363636363636364,"[0,1,2,3,4,5,6,7,8,9,10,11,12,13,14,15,16,17]","[0,1,2,3,4,5,6,7,8,9,10,11,14,15,22,26,33,36]"
n302387,17,0.5,37,18,14,22,4,4,0.6363636363636364,"[0,1,2,3,4,5,6,7,8,9,10,11,12,13,14,15,16,17]","[0,1,2,3,4,5,6,7,8,9,10,12,15,16,23,32,34,36]"
n302387,18,0.5,37,18,14,22,4,4,0.6363636363636364,"[0,1,2,3,4,5,6,7,8,9,10,11,12,13,14,15,16,17]","[0,1,2,3,4,5,6,7,9,10,11,12,16,17,18,28,32,34]"
n302387,19,0.5,37,18,14,22,4,4,0.6363636363636364,"[0,1,2,3,4,5,6,7,8,9,10,11,12,13,14,15,16,17]","[0,1,2,3,4,5,6,7,8,9,10,11,12,13,25,27,33,36]"
n302387,20,0.5,37,18,14,22,4,4,0.6363636363636364,"[0,1,2,3,4,5,6,7,8,9,10,11,12,13,14,15,16,17]","[0,1,2,3,4,5,6,7,8,9,10,12,15,16,24,28,29,36]"
n302387,21,0.5,37,18,15,21,3,3,0.7142857142857143,"[0,1,2,3,4,5,6,7,8,9,10,11,12,13,14,15,16,17]","[0,1,2,3,4,5,6,7,8,9,10,11,12,14,17,25,28,35]"
n302387,22,0.5,37,18,14,22,4,4,0.6363636363636364,"[0,1,2,3,4,5,6,7,8,9,10,11,12,13,14,15,16,17]","[0,1,2,3,4,5,6,7,8,9,10,11,13,16,25,26,32,34]"
n302387,23,0.5,37,18,13,23,5,5,0.5652173913043478,"[0,1,2,3,4,5,6,7,8,9,10,11,12,13,14,15,16,17]","[0,1,2,3,4,5,6,7,8,9,12,14,17,20,21,26,32,33]"
n302387,24,0.5,37,18,15,21,3,3,0.7142857142857143,"[0,1,2,3,4,5,6,7,8,9,10,11,12,13,14,15,16,17]","[0,1,2,3,4,5,6,7,8,9,10,11,12,13,16,21,23,36]"
n302387,25,0.5,37,18,14,22,4,4,0.6363636363636364,"[0,1,2,3,4,5,6,7,8,9,10,11,12,13,14,15,16,17]","[0,1,2,3,4,5,6,7,8,9,10,11,12,15,20,22,34,35]"
n302387,26,0.5,37,18,13,23,5,5,0.5652173913043478,"[0,1,2,3,4,5,6,7,8,9,10,11,12,13,14,15,16,17]","[0,1,2,3,4,5,6,7,8,9,10,12,13,19,24,27,35,36]"
n302387,27,0.5,37,18,13,23,5,5,0.5652173913043478,"[0,1,2,3,4,5,6,7,8,9,10,11,12,13,14,15,16,17]","[0,1,2,3,4,5,6,7,10,11,12,13,17,23,28,31,35,36]"
n302387,28,0.5,37,18,13,23,5,5,0.5652173913043478,"[0,1,2,3,4,5,6,7,8,9,10,11,12,13,14,15,16,17]","[0,1,2,3,4,5,7,8,9,10,13,15,16,18,22,31,33,36]"
n302387,29,0.5,37,18,14,22,4,4,0.6363636363636364,"[0,1,2,3,4,5,6,7,8,9,10,11,12,13,14,15,16,17]","[0,1,2,3,4,5,6,7,8,9,11,12,13,15,26,29,34,36]"
n302387,30,0.5,37,18,10,26,8,8,0.38461538461538464,"[0,1,2,3,4,5,6,7,8,9,10,11,12,13,14,15,16,17]","[0,1,2,3,4,5,10,11,13,17,18,20,21,29,30,32,33,34]"
n302387,31,0.5,37,18,13,23,5,5,0.5652173913043478,"[0,1,2,3,4,5,6,7,8,9,10,11,12,13,14,15,16,17]","[0,1,2,4,7,8,9,10,11,12,13,15,17,18,25,29,32,36]"
n52544,0,0.5,34,17,13,21,4,4,0.6190476190476191,"[0,1,2,3,4,5,6,7,8,9,10,11,12,13,14,15,16]","[0,1,2,3,4,5,7,8,9,13,14,15,16,17,23,30,33]"
n52544,1,0.5,34,17,13,21,4,4,0.6190476190476191,"[0,1,2,3,4,5,6,7,8,9,10,11,12,13,14,15,16]","[0,1,2,3,4,5,6,7,8,9,10,12,13,22,28,30,33]"
n52544,2,0.5,34,17,15,19,2,2,0.7894736842105263,"[0,1,2,3,4,5,6,7,8,9,10,11,12,13,14,15,16]","[0,1,2,3,4,5,6,7,8,9,10,11,12,13,14,28,31]"
n52544,3,0.5,34,17,13,21,4,4,0.6190476190476191,"[0,1,2,3,4,5,6,7,8,9,10,11,12,13,14,15,16]","[0,1,2,3,4,5,6,7,8,9,10,11,14,18,25,29,33]"
n52544,4,0.5,34,17,13,21,4,4,0.6190476190476191,"[0,1,2,3,4,5,6,7,8,9,10,11,12,13,14,15,16]","[0,1,2,3,4,5,6,7,8,9,12,14,15,22,25,26,29]"
n52544,5,0.5,34,17,13,21,4,4,0.6190476190476191,"[0,1,2,3,4,5,6,7,8,9,10,11,12,13,14,15,16]","[0,1,2,3,4,5,7,8,9,10,11,12,13,25,26,28,31]"
n52544,6,0.5,34,17,13,21,4,4,0.6190476190476191,"[0,1,2,3,4,5,6,7,8,9,10,11,12,13,14,15,16]","[0,1,2,3,4,5,6,7,8,9,10,11,13,28,29,30,33]"
n52544,7,0.5,34,17,13,21,4,4,0.6190476190476191,"[0,1,2,3,4,5,6,7,8,9,10,11,12,13,14,15,16]","[0,1,2,3,4,5,6,7,8,10,11,15,16,27,29,30,31]"
n52544,8,0.5,34,17,12,22,5,5,0.5454545454545454,"[0,1,2,3,4,5,6,7,8,9,10,11,12,13,14,15,16]","[0,1,2,3,4,6,7,8,10,11,12,14,19,27,29,31,32]"
n52544,9,0.5,34,17,12,22,5,5,0.5454545454545454,"[0,1,2,3,4,5,6,7,8,9,10,11,12,13,14,15,16]","[0,1,2,3,4,5,8,9,11,12,14,16,23,27,28,29,30]"
n52544,10,0.5,34,17,12,22,5,5,0.5454545454545454,"[0,1,2,3,4,5,6,7,8,9,10,11,12,13,14,15,16]","[0,1,2,3,4,5,6,7,9,10,11,14,22,28,30,32,33]"
n52544,11,0.5,34,17,12,22,5,5,0.5454545454545454,"[0,1,2,3,4,5,6,7,8,9,10,11,12,13,14,15,16]","[0,1,2,3,4,5,6,7,9,10,12,13,17,28,29,31,33]"
n52544,12,0.5,34,17,12,22,5,5,0.5454545454545454,"[0,1,2,3,4,5,6,7,8,9,10,11,12,13,14,15,16]","[0,1,2,3,4,6,9,10,12,13,15,16,19,26,29,31,32]"
n52544,13,0.5,34,17,12,22,5,5,0.5454545454545454,"[0,1,2,3,4,5,6,7,8,9,10,11,12,13,14,15,16]","[0,1,2,3,4,5,6,7,8,9,11,15,19,22,28,29,33]"
n52544,14,0.5,34,17,13,21,4,4,0.6190476190476191,"[0,1,2,3,4,5,6,7,8,9,10,11,12,13,14,15,16]","[0,2,3,4,5,6,7,8,10,11,12,14,16,23,26,28,31]"
n52544,15,0.5,34,17,12,22,5,5,0.5454545454545454,"[0,1,2,3,4,5,6,7,8,9,10,11,12,13,14,15,16]","[0,1,2,3,4,5,7,8,11,12,13,14,17,23,25,28,33]"
n52544,16,0.5,34,17,11,23,6,6,0.4782608695652174,"[0,1,2,3,4,5,6,7,8,9,10,11,12,13,14,15,16]","[0,1,2,3,4,5,6,7,8,9,10,17,18,24,28,32,33]"
n52544,17,0.5,34,17,13,21,4,4,0.6190476190476191,"[0,1,2,3,4,5,6,7,8,9,10,11,12,13,14,15,16]","[0,1,2,3,4,5,6,8,9,10,11,12,14,23,26,29,33]"
n52544,18,0.5,34,17,11,23,6,6,0.4782608695652174,"[0,1,2,3,4,5,6,7,8,9,10,11,12,13,14,15,16]","[0,1,2,3,4,5,6,7,9,12,16,17,18,23,30,31,33]"
n52544,19,0.5,34,17,11,23,6,6,0.4782608695652174,"[0,1,2,3,4,5,6,7,8,9,10,11,12,13,14,15,16]","[0,1,2,3,4,5,6,7,8,10,16,18,22,26,27,29,33]"
n52544,20,0.5,34,17,13,21,4,4,0.6190476190476191,"[0,1,2,3,4,5,6,7,8,9,10,11,12,13,14,15,16]","[0,1,2,3,4,5,6,7,9,10,11,12,14,21,25,29,32]"
n52544,21,0.5,34,17,13,21,4,4,0.6190476190476191,"[0,1,2,3,4,5,6,7,8,9,10,11,12,13,14,15,16]","[0,1,2,3,4,5,6,7,8,9,10,11,14,19,26,31,32]"
n52544,22,0.5,34,17,12,22,5,5,0.5454545454545454,"[0,1,2,3,4,5,6,7,8,9,10,11,12,13,14,15,16]","[0,1,2,3,4,5,6,8,9,10,11,15,20,25,27,29,32]"
n52544,23,0.5,34,17,12,22,5,5,0.5454545454545454,"[0,1,2,3,4,5,6,7,8,9,10,11,12,13,14,15,16]","[0,1,2,3,4,5,6,8,9,11,12,13,23,26,27,29,32]"
n52544,24,0.5,34,17,13,21,4,4,0.6190476190476191,"[0,1,2,3,4,5,6,7,8,9,10,11,12,13,14,15,16]","[0,1,2,3,4,5,6,8,9,10,11,12,14,19,22,28,33]"
n52544,25,0.5,34,17,13,21,4,4,0.6190476190476191,"[0,1,2,3,4,5,6,7,8,9,10,11,12,13,14,15,16]","[0,1,2,3,4,5,6,7,8,9,10,11,12,17,30,32,33]"
n52544,26,0.5,34,17,13,21,4,4,0.6190476190476191,"[0,1,2,3,4,5,6,7,8,9,10,11,12,13,14,15,16]","[0,1,2,3,4,5,6,7,8,9,11,13,15,22,27,28,29]"
n52544,27,0.5,34,17,13,21,4,4,0.6190476190476191,"[0,1,2,3,4,5,6,7,8,9,10,11,12,13,14,15,16]","[0,1,2,3,6,7,8,9,10,11,12,14,15,18,22,28,33]"
n52544,28,0.5,34,17,13,21,4,4,0.6190476190476191,"[0,1,2,3,4,5,6,7,8,9,10,11,12,13,14,15,16]","[0,1,2,3,4,5,6,8,10,12,13,14,16,19,23,30,33]"
n52544,29,0.5,34,17,13,21,4,4,0.6190476190476191,"[0,1,2,3,4,5,6,7,8,9,10,11,12,13,14,15,16]","[0,1,2,3,4,5,6,7,8,10,12,13,14,21,24,29,33]"
n52544,30,0.5,34,17,13,21,4,4,0.6190476190476191,"[0,1,2,3,4,5,6,7,8,9,10,11,12,13,14,15,16]","[0,1,2,3,4,5,6,8,9,11,12,13,16,21,31,32,33]"
n52544,31,0.5,34,17,12,22,5,5,0.5454545454545454,"[0,1,2,3,4,5,6,7,8,9,10,11,12,13,14,15,16]","[0,1,2,3,4,5,6,8,10,12,13,14,20,26,28,31,32]"
n540852,0,0.5,42,21,18,24,3,3,0.75,"[0,1,2,3,4,5,6,7,8,9,10,11,12,13,14,15,16,17,18,19,20]","[0,1,2,3,4,5,6,7,8,10,11,12,13,14,15,16,17,19,25,36,41]"
n540852,1,0.5,42,21,16,26,5,5,0.6153846153846154,"[0,1,2,3,4,5,6,7,8,9,10,11,12,13,14,15,16,17,18,19,20]","[0,1,2,3,4,5,6,7,8,9,10,11,12,13,14,15,22,30,31,39,41]"
n540852,2,0.5,42,21,16,26,5,5,0.6153846153846154,"[0,1,2,3,4,5,6,7,8,9,10,11,12,13,14,15,16,17,18,19,20]","[0,1,2,3,4,5,6,7,8,9,10,11,12,13,15,16,22,26,30,39,41]"
n540852,3,0.5,42,21,16,26,5,5,0.6153846153846154,"[0,1,2,3,4,5,6,7,8,9,10,11,12,13,14,15,16,17,18,19,20]","[0,1,2,3,4,5,6,7,8,9,10,11,12,13,16,18,22,27,34,38,41]"
n540852,4,0.5,42,21,16,26,5,5,0.6153846153846154,"[0,1,2,3,4,5,6,7,8,9,10,11,12,13,14,15,16,17,18,19,20]","[0,1,2,3,4,5,6,7,8,9,10,11,12,14,16,19,30,32,39,40,41]"
n540852,5,0.5,42,21,16,26,5,5,0.6153846153846154,"[0,1,2,3,4,5,6,7,8,9,10,11,12,13,14,15,16,17,18,19,20]","[0,1,2,3,4,5,6,8,9,10,11,12,15,17,18,19,30,31,34,39,41]"
n540852,6,0.5,42,21,16,26,5,5,0.6153846153846154,"[0,1,2,3,4,5,6,7,8,9,10,11,12,13,14,15,16,17,18,19,20]","[0,1,2,3,4,5,6,8,9,10,11,12,13,16,17,19,34,37,39,40,41]"
n540852,7,0.5,42,21,16,26,5,5,0.6153846153846154,"[0,1,2,3,4,5,6,7,8,9,10,11,12,13,14,15,16,17,18,19,20]","[0,1,2,4,5,6,7,8,10,11,12,13,15,16,17,18,29,33,39,40,41]"
n540852,8,0.5,42,21,17,25,4,4,0.68,"[0,1,2,3,4,5,6,7,8,9,10,11,12,13,14,15,16,17,18,19,20]","[0,1,2,3,4,5,6,7,8,9,10,11,12,13,14,17,20,31,36,37,41]"
n540852,9,0.5,42,21,15,27,6,6,0.5555555555555556,"[0,1,2,3,4,5,6,7,8,9,10,11,12,13,14,15,16,17,18,19,20]","[0,1,2,3,4,5,6,7,8,9,11,12,13,15,19,23,29,31,35,36,41]"
n540852,10,0.5,42,21,15,27,6,6,0.5555555555555556,"[0,1,2,3,4,5,6,7,8,9,10,11,12,13,14,15,16,17,18,19,20]","[0,1,2,3,4,5,6,7,8,9,10,11,12,18,19,21,35,37,39,40,41]"
n540852,11,0.5,42,21,14,28,7,7,0.5,"[0,1,2,3,4,5,6,7,8,9,10,11,12,13,14,15,16,17,18,19,20]","[0,1,2,3,4,5,6,7,8,10,12,16,17,18,21,23,27,35,36,39,41]"
n540852,12,0.5,42,21,14,28,7,7,0.5,"[0,1,2,3,4,5,6,7,8,9,10,11,12,13,14,15,16,17,18,19,20]","[0,1,2,3,5,6,7,8,9,10,12,15,18,19,22,23,25,32,34,36,41]"
n540852,13,0.5,42,21,14,28,7,7,0.5,"[0,1,2,3,4,5,6,7,8,9,10,11,12,13,14,15,16,17,18,19,20]","[0,1,2,3,5,6,7,8,9,10,11,12,16,20,23,30,31,35,36,37,41]"
n540852,14,0.5,42,21,13,29,8,8,0.4482758620689655,"[0,1,2,3,4,5,6,7,8,9,10,11,12,13,14,15,16,17,18,19,20]","[0,1,2,3,4,5,6,8,9,13,14,16,19,21,22,23,31,33,34,39,41]"
n540852,15,0.5,42,21,14,28,7,7,0.5,"[0,1,2,3,4,5,6,7,8,9,10,11,12,13,14,15,16,17,18,19,20]","[0,1,2,3,4,5,6,7,8,9,10,12,13,17,21,25,36,37,38,40,41]"
n540852,16,0.5,42,21,16,26,5,5,0.6153846153846154,"[0,1,2,3,4,5,6,7,8,9,10,11,12,13,14,15,16,17,18,19,20]","[0,1,2,3,4,5,6,7,8,10,11,13,14,15,16,20,26,28,32,35,41]"
n540852,17,0.5,42,21,16,26,5,5,0.6153846153846154,"[0,1,2,3,4,5,6,7,8,9,10,11,12,13,14,15,16,17,18,19,20]","[0,1,2,3,4,5,6,8,9,10,11,12,13,14,16,18,23,36,38,39,41]"
n540852,18,0.5,42,21,16,26,5,5,0.6153846153846154,"[0,1,2,3,4,5,6,7,8,9,10,11,12,13,14,15,16,17,18,19,20]","[0,1,2,3,4,5,6,7,8,10,11,12,13,14,15,18,23,34,38,39,41]"
n540852,19,0.5,42,21,15,27,6,6,0.5555555555555556,"[0,1,2,3,4,5,6,7,8,9,10,11,12,13,14,15,16,17,18,19,20]","[0,1,2,3,4,5,6,7,8,12,13,14,15,17,20,21,24,27,35,38,41]"
n540852,20,0.5,42,21,16,26,5,5,0.6153846153846154,"[0,1,2,3,4,5,6,7,8,9,10,11,12,13,14,15,16,17,18,19,20]","[0,1,2,3,4,5,6,7,8,9,10,11,16,17,18,19,23,30,32,36,40]"
n540852,21,0.5,42,21,14,28,7,7,0.5,"[0,1,2,3,4,5,6,7,8,9,10,11,12,13,14,15,16,17,18,19,20]","[0,1,2,3,4,5,6,7,8,9,11,15,19,20,21,22,31,34,36,39,41]"
n540852,22,0.5,42,21,14,28,7,7,0.5,"[0,1,2,3,4,5,6,7,8,9,10,11,12,13,14,15,16,17,18,19,20]","[0,1,2,3,4,5,6,7,8,9,12,17,18,19,21,24,25,33,38,40,41]"
n540852,23,0.5,42,21,14,28,7,7,0.5,"[0,1,2,3,4,5,6,7,8,9,10,11,12,13,14,15,16,17,18,19,20]","[0,1,2,3,4,5,6,7,8,10,11,12,14,18,21,24,28,29,31,40,41]"
n540852,24,0.5,42,21,14,28,7,7,0.5,"[0,1,2,3,4,5,6,7,8,9,10,11,12,13,14,15,16,17,18,19,20]","[0,1,2,3,4,5,6,7,8,9,10,11,16,18,22,23,28,32,34,40,41]"
n540852,25,0.5,42,21,14,28,7,7,0.5,"[0,1,2,3,4,5,6,7,8,9,10,11,12,13,14,15,16,17,18,19,20]","[0,1,2,3,4,5,6,8,9,11,15,16,17,18,23,27,33,36,37,40,41]"
n540852,26,0.5,42,21,15,27,6,6,0.5555555555555556,"[0,1,2,3,4,5,6,7,8,9,10,11,12,13,14,15,16,17,18,19,20]","[0,1,2,3,4,5,6,7,8,9,11,12,14,17,19,22,23,27,34,36,41]"
n540852,27,0.5,42,21,16,26,5,5,0.6153846153846154,"[0,1,2,3,4,5,6,7,8,9,10,11,12,13,14,15,16,17,18,19,20]","[0,1,2,3,4,5,6,7,9,10,12,13,14,17,18,20,34,35,36,37,41]"
n540852,28,0.5,42,21,15,27,6,6,0.5555555555555556,"[0,1,2,3,4,5,6,7,8,9,10,11,12,13,14,15,16,17,18,19,20]","[0,1,2,3,4,5,6,7,8,9,10,11,16,19,20,24,29,36,39,40,41]"
n540852,29,0.5,42,21,15,27,6,6,0.5555555555555556,"[0,1,2,3,4,5,6,7,8,9,10,11,12,13,14,15,16,17,18,19,20]","[0,1,2,3,4,5,6,7,9,13,14,16,17,19,20,26,28,36,39,40,41]"
n540852,30,0.5,42,21,13,29,8,8,0.4482758620689655,"[0,1,2,3,4,5,6,7,8,9,10,11,12,13,14,15,16,17,18,19,20]","[0,1,3,4,5,6,7,8,9,10,11,15,18,21,25,30,32,37,39,40,41]"
n540852,31,0.5,42,21,16,26,5,5,0.6153846153846154,"[0,1,2,3,4,5,6,7,8,9,10,11,12,13,14,15,16,17,18,19,20]","[0,1,2,3,4,5,6,7,8,10,11,12,15,16,17,18,22,32,35,39,41]"
n234722,0,0.5,37,18,17,19,1,1,0.8947368421052632,"[0,1,2,3,4,5,6,7,8,9,10,11,12,13,14,15,16,17]","[0,1,2,3,4,5,6,7,8,9,10,11,12,13,14,15,16,36]"
n234722,1,0.5,37,18,15,21,3,3,0.7142857142857143,"[0,1,2,3,4,5,6,7,8,9,10,11,12,13,14,15,16,17]","[0,1,2,3,4,5,6,7,8,9,10,11,12,13,16,27,34,35]"
n234722,2,0.5,37,18,14,22,4,4,0.6363636363636364,"[0,1,2,3,4,5,6,7,8,9,10,11,12,13,14,15,16,17]","[0,1,2,3,4,5,6,7,8,9,10,15,16,17,20,33,35,36]"
n234722,3,0.5,37,18,14,22,4,4,0.6363636363636364,"[0,1,2,3,4,5,6,7,8,9,10,11,12,13,14,15,16,17]","[0,1,2,3,4,5,6,7,8,9,10,11,12,14,20,29,32,36]"
n234722,4,0.5,37,18,14,22,4,4,0.6363636363636364,"[0,1,2,3,4,5,6,7,8,9,10,11,12,13,14,15,16,17]","[0,1,2,3,4,5,6,7,8,9,10,11,12,13,29,32,35,36]"
n234722,5,0.5,37,18,14,22,4,4,0.6363636363636364,"[0,1,2,3,4,5,6,7,8,9,10,11,12,13,14,15,16,17]","[0,1,2,3,4,5,6,7,8,9,10,11,12,16,24,32,35,36]"
n234722,6,0.5,37,18,15,21,3,3,0.7142857142857143,"[0,1,2,3,4,5,6,7,8,9,10,11,12,13,14,15,16,17]","[0,1,2,3,4,5,6,7,8,9,10,11,12,13,17,31,33,36]"
n234722,7,0.5,37,18,14,22,4,4,0.6363636363636364,"[0,1,2,3,4,5,6,7,8,9,10,11,12,13,14,15,16,17]","[0,1,2,3,4,5,6,7,8,9,11,12,13,14,19,34,35,36]"
n234722,8,0.5,37,18,13,23,5,5,0.5652173913043478,"[0,1,2,3,4,5,6,7,8,9,10,11,12,13,14,15,16,17]","[0,1,2,3,4,5,6,7,8,9,10,11,14,21,33,34,35,36]"
n234722,9,0.5,37,18,14,22,4,4,0.6363636363636364,"[0,1,2,3,4,5,6,7,8,9,10,11,12,13,14,15,16,17]","[0,1,2,3,4,5,6,7,8,9,10,11,12,13,29,33,34,35]"
n234722,10,0.5,37,18,14,22,4,4,0.6363636363636364,"[0,1,2,3,4,5,6,7,8,9,10,11,12,13,14,15,16,17]","[0,1,2,3,4,5,6,7,8,9,10,11,12,13,20,28,34,35]"
n234722,11,0.5,37,18,14,22,4,4,0.6363636363636364,"[0,1,2,3,4,5,6,7,8,9,10,11,12,13,14,15,16,17]","[0,1,2,3,4,5,6,7,8,9,11,12,13,15,22,30,33,35]"
n234722,12,0.5,37,18,14,22,4,4,0.6363636363636364,"[0,1,2,3,4,5,6,7,8,9,10,11,12,13,14,15,16,17]","[0,1,2,3,4,5,6,7,8,9,10,11,12,13,24,31,33,35]"
n234722,13,0.5,37,18,13,23,5,5,0.5652173913043478,"[0,1,2,3,4,5,6,7,8,9,10,11,12,13,14,15,16,17]","[0,1,2,3,4,5,6,7,9,11,12,14,17,19,24,31,33,36]"
n234722,14,0.5,37,18,13,23,5,5,0.5652173913043478,"[0,1,2,3,4,5,6,7,8,9,10,11,12,13,14,15,16,17]","[0,1,2,3,4,5,6,7,8,9,10,11,15,18,25,27,28,36]"
n234722,15,0.5,37,18,14,22,4,4,0.6363636363636364,"[0,1,2,3,4,5,6,7,8,9,10,11,12,13,14,15,16,17]","[0,1,2,3,4,5,6,7,8,9,10,11,12,15,20,27,32,35]"
n234722,16,0.5,37,18,12,24,6,6,0.5,"[0,1,2,3,4,5,6,7,8,9,10,11,12,13,14,15,16,17]","[0,1,2,3,4,6,7,8,9,10,11,12,18,22,24,26,34,35]"
n234722,17,0.5,37,18,14,22,4,4,0.6363636363636364,"[0,1,2,3,4,5,6,7,8,9,10,11,12,13,14,15,16,17]","[0,1,2,3,4,5,6,7,8,9,10,11,15,16,23,25,30,36]"
n234722,18,0.5,37,18,13,23,5,5,0.5652173913043478,"[0,1,2,3,4,5,6,7,8,9,10,11,12,13,14,15,16,17]","[0,1,2,3,4,5,7,8,9,10,11,12,14,19,23,25,34,35]"
n234722,19,0.5,37,18,14,22,4,4,0.6363636363636364,"[0,1,2,3,4,5,6,7,8,9,10,11,12,13,14,15,16,17]","[0,1,2,3,4,5,6,7,8,9,11,12,13,14,19,28,32,36]"
n234722,20,0.5,37,18,14,22,4,4,0.6363636363636364,"[0,1,2,3,4,5,6,7,8,9,10,11,12,13,14,15,16,17]","[0,1,2,3,4,5,6,7,8,10,11,12,13,15,25,28,35,36]"
n234722,21,0.5,37,18,14,22,4,4,0.6363636363636364,"[0,1,2,3,4,5,6,7,8,9,10,11,12,13,14,15,16,17]","[0,1,2,3,4,5,6,7,8,9,10,12,13,15,18,24,33,36]"
n234722,22,0.5,37,18,14,22,4,4,0.6363636363636364,"[0,1,2,3,4,5,6,7,8,9,10,11,12,13,14,15,16,17]","[0,1,2,3,4,5,6,7,8,9,10,12,14,16,19,30,35,36]"
n234722,23,0.5,37,18,13,23,5,5,0.5652173913043478,"[0,1,2,3,4,5,6,7,8,9,10,11,12,13,14,15,16,17]","[0,1,2,3,4,5,6,7,8,9,10,12,14,25,26,27,35,36]"
n234722,24,0.5,37,18,15,21,3,3,0.7142857142857143,"[0,1,2,3,4,5,6,7,8,9,10,11,12,13,14,15,16,17]","[0,1,2,3,4,5,6,7,8,9,12,13,15,16,17,31,34,35]"
n234722,25,0.5,37,18,12,24,6,6,0.5,"[0,1,2,3,4,5,6,7,8,9,10,11,12,13,14,15,16,17]","[0,1,2,3,4,5,6,7,9,10,11,17,21,22,25,32,33,36]"
n234722,26,0.5,37,18,14,22,4,4,0.6363636363636364,"[0,1,2,3,4,5,6,7,8,9,10,11,12,13,14,15,16,17]","[0,1,2,3,4,5,6,7,8,9,10,11,12,13,19,24,33,35]"
n234722,27,0.5,37,18,13,23,5,5,0.5652173913043478,"[0,1,2,3,4,5,6,7,8,9,10,11,12,13,14,15,16,17]","[0,1,2,3,4,6,7,8,9,10,13,15,16,18,28,30,32,36]"
n234722,28,0.5,37,18,14,22,4,4,0.6363636363636364,"[0,1,2,3,4,5,6,7,8,9,10,11,12,13,14,15,16,17]","[0,1,3,4,5,6,7,8,9,10,11,12,13,15,28,30,31,36]"
n234722,29,0.5,37,18,14,22,4,4,0.6363636363636364,"[0,1,2,3,4,5,6,7,8,9,10,11,12,13,14,15,16,17]","[0,1,2,3,4,5,6,7,8,9,10,11,12,13,27,29,32,36]"
n234722,30,0.5,37,18,14,22,4,4,0.6363636363636364,"[0,1,2,3,4,5,6,7,8,9,10,11,12,13,14,15,16,17]","[0,1,3,4,5,6,8,9,10,11,13,14,15,16,27,29,34,35]"
n234722,31,0.5,37,18,14,22,4,4,0.6363636363636364,"[0,1,2,3,4,5,6,7,8,9,10,11,12,13,14,15,16,17]","[0,1,2,3,4,5,6,7,8,9,10,11,12,13,24,31,32,33]"
n494918,0,0.5,37,18,15,21,3,3,0.7142857142857143,"[0,1,2,3,4,5,6,7,8,9,10,11,12,13,14,15,16,17]","[0,1,3,4,5,6,7,8,10,11,12,13,14,15,16,18,33,36]"
n494918,1,0.5,37,18,15,21,3,3,0.7142857142857143,"[0,1,2,3,4,5,6,7,8,9,10,11,12,13,14,15,16,17]","[0,1,2,3,4,5,6,7,8,9,10,11,12,14,15,30,32,36]"
n494918,2,0.5,37,18,14,22,4,4,0.6363636363636364,"[0,1,2,3,4,5,6,7,8,9,10,11,12,13,14,15,16,17]","[0,1,2,3,4,5,6,7,8,9,10,11,12,15,22,32,35,36]"
n494918,3,0.5,37,18,14,22,4,4,0.6363636363636364,"[0,1,2,3,4,5,6,7,8,9,10,11,12,13,14,15,16,17]","[0,1,2,3,4,5,6,7,8,9,10,11,12,15,19,25,33,36]"
n494918,4,0.5,37,18,14,22,4,4,0.6363636363636364,"[0,1,2,3,4,5,6,7,8,9,10,11,12,13,14,15,16,17]","[0,1,2,3,4,5,6,7,8,9,10,11,12,13,31,32,35,36]"
n494918,5,0.5,37,18,14,22,4,4,0.6363636363636364,"[0,1,2,3,4,5,6,7,8,9,10,11,12,13,14,15,16,17]","[0,1,2,3,4,5,6,7,8,9,10,11,12,13,31,34,35,36]"
n494918,6,0.5,37,18,14,22,4,4,0.6363636363636364,"[0,1,2,3,4,5,6,7,8,9,10,11,12,13,14,15,16,17]","[0,1,2,3,4,5,6,7,8,9,10,11,12,13,28,32,35,36]"
n494918,7,0.5,37,18,14,22,4,4,0.6363636363636364,"[0,1,2,3,4,5,6,7,8,9,10,11,12,13,14,15,16,17]","[0,1,2,3,4,5,6,7,8,9,10,11,12,13,28,30,33,35]"
n494918,8,0.5,37,18,14,22,4,4,0.6363636363636364,"[0,1,2,3,4,5,6,7,8,9,10,11,12,13,14,15,16,17]","[0,1,2,3,4,5,6,7,8,9,10,11,12,16,24,25,30,34]"
n494918,9,0.5,37,18,14,22,4,4,0.6363636363636364,"[0,1,2,3,4,5,6,7,8,9,10,11,12,13,14,15,16,17]","[0,1,2,3,4,5,6,7,8,9,10,11,12,14,30,31,33,34]"
n494918,10,0.5,37,18,13,23,5,5,0.5652173913043478,"[0,1,2,3,4,5,6,7,8,9,10,11,12,13,14,15,16,17]","[0,1,2,3,4,5,6,7,8,9,10,11,13,20,21,27,33,36]"
n494918,11,0.5,37,18,15,21,3,3,0.7142857142857143,"[0,1,2,3,4,5,6,7,8,9,10,11,12,13,14,15,16,17]","[0,1,2,3,4,5,6,7,8,9,10,11,13,15,17,30,31,35]"
n494918,12,0.5,37,18,14,22,4,4,0.6363636363636364,"[0,1,2,3,4,5,6,7,8,9,10,11,12,13,14,15,16,17]","[0,1,2,3,4,5,6,7,8,9,10,12,15,16,21,22,32,36]"
n494918,13,0.5,37,18,13,23,5,5,0.5652173913043478,"[0,1,2,3,4,5,6,7,8,9,10,11,12,13,14,15,16,17]","[0,1,2,3,4,5,6,7,8,9,10,14,16,19,27,30,34,35]"
n494918,14,0.5,37,18,14,22,4,4,0.6363636363636364,"[0,1,2,3,4,5,6,7,8,9,10,11,12,13,14,15,16,17]","[0,1,2,3,4,5,6,7,8,9,10,11,12,14,19,28,30,35]"
n494918,15,0.5,37,18,14,22,4,4,0.6363636363636364,"[0,1,2,3,4,5,6,7,8,9,10,11,12,13,14,15,16,17]","[0,1,2,3,4,5,6,7,8,9,11,12,14,17,25,30,35,36]"
n494918,16,0.5,37,18,13,23,5,5,0.5652173913043478,"[0,1,2,3,4,5,6,7,8,9,10,11,12,13,14,15,16,17]","[0,1,2,3,4,5,6,7,9,13,14,15,16,21,29,32,33,36]"
n494918,17,0.5,37,18,14,22,4,4,0.6363636363636364,"[0,1,2,3,4,5,6,7,8,9,10,11,12,13,14,15,16,17]","[0,1,2,3,4,5,6,7,8,9,10,11,12,16,28,29,35,36]"
n494918,18,0.5,37,18,14,22,4,4,0.6363636363636364,"[0,1,2,3,4,5,6,7,8,9,10,11,12,13,14,15,16,17]","[0,1,2,3,4,5,6,7,8,9,10,11,15,16,19,23,31,35]"
n494918,19,0.5,37,18,14,22,4,4,0.6363636363636364,"[0,1,2,3,4,5,6,7,8,9,10,11,12,13,14,15,16,17]","[0,1,2,3,4,5,6,7,8,9,10,11,12,14,18,25,28,33]"
n494918,20,0.5,37,18,15,21,3,3,0.7142857142857143,"[0,1,2,3,4,5,6,7,8,9,10,11,12,13,14,15,16,17]","[0,1,2,3,4,5,6,7,8,9,10,12,14,16,17,18,28,33]"
n494918,21,0.5,37,18,15,21,3,3,0.7142857142857143,"[0,1,2,3,4,5,6,7,8,9,10,11,12,13,14,15,16,17]","[0,1,2,3,4,5,6,7,8,9,10,11,12,16,17,28,33,35]"
n494918,22,0.5,37,18,13,23,5,5,0.5652173913043478,"[0,1,2,3,4,5,6,7,8,9,10,11,12,13,14,15,16,17]","[0,1,2,3,4,5,6,7,8,9,10,11,14,18,25,29,32,33]"
n494918,23,0.5,37,18,13,23,5,5,0.5652173913043478,"[0,1,2,3,4,5,6,7,8,9,10,11,12,13,14,15,16,17]","[0,1,2,3,4,5,6,7,8,9,10,11,16,19,29,30,32,36]"
n494918,24,0.5,37,18,15,21,3,3,0.7142857142857143,"[0,1,2,3,4,5,6,7,8,9,10,11,12,13,14,15,16,17]","[0,1,2,3,4,5,6,7,8,9,10,11,12,13,15,18,33,36]"
n494918,25,0.5,37,18,14,22,4,4,0.6363636363636364,"[0,1,2,3,4,5,6,7,8,9,10,11,12,13,14,15,16,17]","[0,1,2,3,4,5,6,7,8,9,10,11,12,14,31,32,33,36]"
n494918,26,0.5,37,18,14,22,4,4,0.6363636363636364,"[0,1,2,3,4,5,6,7,8,9,10,11,12,13,14,15,16,17]","[0,1,2,3,4,5,6,7,8,9,10,11,13,14,23,32,34,35]"
n494918,27,0.5,37,18,14,22,4,4,0.6363636363636364,"[0,1,2,3,4,5,6,7,8,9,10,11,12,13,14,15,16,17]","[0,1,2,3,4,5,6,7,8,9,10,11,12,16,24,25,30,35]"
n494918,28,0.5,37,18,13,23,5,5,0.5652173913043478,"[0,1,2,3,4,5,6,7,8,9,10,11,12,13,14,15,16,17]","[0,1,2,3,4,5,6,7,8,9,11,12,13,19,28,31,34,35]"
n494918,29,0.5,37,18,14,22,4,4,0.6363636363636364,"[0,1,2,3,4,5,6,7,8,9,10,11,12,13,14,15,16,17]","[0,1,2,3,4,5,6,7,8,9,10,11,12,16,23,27,35,36]"
n494918,30,0.5,37,18,14,22,4,4,0.6363636363636364,"[0,1,2,3,4,5,6,7,8,9,10,11,12,13,14,15,16,17]","[0,1,2,3,4,5,6,7,8,9,10,12,15,17,18,28,33,36]"
n494918,31,0.5,37,18,13,23,5,5,0.5652173913043478,"[0,1,2,3,4,5,6,7,8,9,10,11,12,13,14,15,16,17]","[0,1,2,3,4,5,6,7,8,9,11,14,16,18,24,29,31,34]"
