dataset,method_key,method,retention,retention_kind,image_id,question_id,question,prediction,ground_truth,correct,first_token_id,generated_tokens,physical_layout,calibration_questions,retrieval,selector_ms,ssd_read_ms,scatter_ms,prepare_ms,prefill_ms,ttft_ms,decode_ms,e2e_latency_ms,ssd_read_bytes,ssd_read_chunks,ssd_preads,chunk_io_ms,hook_ms,n_chunks_selected,n_chunks_total,touched_chunk_fraction,logical_kv_ratio,logical_kv_ratio_per_layer,fallback_rate,normal_chunk_count_total,normal_kv_read_bytes,separator_read_bytes,normal_kv_preads,separator_preads,total_actual_pread_bytes,mean_bytes_per_pread,normal_mean_bytes_per_pread,separator_mean_bytes_per_pread,static_score_calls,query_score_calls,diversity_calls,selection_mode,selected_chunk_ids_per_layer,separator_policy,reordered_prefix_store_validated,validated_prefix_layout,n_raters
gqa,fullload,FullLoad,1.0,full,n355567,201751701,Is the clock to the right of the lady near the tennis ball?,Yes,"[""yes""]",1.0,3869,2,raster,0,fullload,,436.05155078694224,,,985.4586899746209,993.8450250774622,24.313558940775692,1018.1585840182379,1124073472,2176,64,,647.7455208078027,,,1.0,1.0,null,0.0,,1124073472,0,64,0,1124073472,17563648.0,17563648.0,0.0,,,,,null,,,,0
gqa,layout_prefix_chunk,Layout+Prefix,0.25,chunk,n355567,201751701,Is the clock to the right of the lady near the tennis ball?,The image shows a tennis match in progress. The player in the foreground is,"[""yes""]",0.0,450,16,raster,0,prefix,0.2194480039179325,169.50316075235605,47.559679951518774,248.86044999584556,37.17511799186468,286.08190291561186,269.22717108391225,555.3090739995241,285212672,512,65,194.75634745322168,0.0,8.0,34,0.23529411764705882,0.2537313432835821,"[0.2537313432835821, 0.2537313432835821, 0.2537313432835821, 0.2537313432835821, 0.2537313432835821, 0.2537313432835821, 0.2537313432835821, 0.2537313432835821, 0.2537313432835821, 0.2537313432835821, 0.2537313432835821, 0.2537313432835821, 0.2537313432835821, 0.2537313432835821, 0.2537313432835821, 0.2537313432835821, 0.2537313432835821, 0.2537313432835821, 0.2537313432835821, 0.2537313432835821, 0.2537313432835821, 0.2537313432835821, 0.2537313432835821, 0.2537313432835821, 0.2537313432835821, 0.2537313432835821, 0.2537313432835821, 0.2537313432835821, 0.2537313432835821, 0.2537313432835821, 0.2537313432835821, 0.2537313432835821]",0.0,256,268435456,16777216,64,1,285212672,4387887.261538462,4194304.0,16777216.0,0,0,0,prefix,"[[0, 1, 2, 3, 4, 5, 6, 7], [0, 1, 2, 3, 4, 5, 6, 7], [0, 1, 2, 3, 4, 5, 6, 7], [0, 1, 2, 3, 4, 5, 6, 7], [0, 1, 2, 3, 4, 5, 6, 7], [0, 1, 2, 3, 4, 5, 6, 7], [0, 1, 2, 3, 4, 5, 6, 7], [0, 1, 2, 3, 4, 5, 6, 7], [0, 1, 2, 3, 4, 5, 6, 7], [0, 1, 2, 3, 4, 5, 6, 7], [0, 1, 2, 3, 4, 5, 6, 7], [0, 1, 2, 3, 4, 5, 6, 7], [0, 1, 2, 3, 4, 5, 6, 7], [0, 1, 2, 3, 4, 5, 6, 7], [0, 1, 2, 3, 4, 5, 6, 7], [0, 1, 2, 3, 4, 5, 6, 7], [0, 1, 2, 3, 4, 5, 6, 7], [0, 1, 2, 3, 4, 5, 6, 7], [0, 1, 2, 3, 4, 5, 6, 7], [0, 1, 2, 3, 4, 5, 6, 7], [0, 1, 2, 3, 4, 5, 6, 7], [0, 1, 2, 3, 4, 5, 6, 7], [0, 1, 2, 3, 4, 5, 6, 7], [0, 1, 2, 3, 4, 5, 6, 7], [0, 1, 2, 3, 4, 5, 6, 7], [0, 1, 2, 3, 4, 5, 6, 7], [0, 1, 2, 3, 4, 5, 6, 7], [0, 1, 2, 3, 4, 5, 6, 7], [0, 1, 2, 3, 4, 5, 6, 7], [0, 1, 2, 3, 4, 5, 6, 7], [0, 1, 2, 3, 4, 5, 6, 7], [0, 1, 2, 3, 4, 5, 6, 7]]",sidecar,True,raster,0
gqa,fullload,FullLoad,1.0,full,n355567,201751740,Does the person to the left of the lady look happy and modern?,Yes,"[""yes""]",1.0,3869,2,raster,0,fullload,,392.6034508040175,,,628.7651179591194,633.4763509221375,19.093747017905116,652.5700979400426,1124073472,2176,64,,581.0043752426282,,,1.0,1.0,null,0.0,,1124073472,0,64,0,1124073472,17563648.0,17563648.0,0.0,,,,,null,,,,0
gqa,layout_prefix_chunk,Layout+Prefix,0.25,chunk,n355567,201751740,Does the person to the left of the lady look happy and modern?,The image shows a tennis match in progress. The player in the foreground is,"[""yes""]",0.0,450,16,raster,0,prefix,0.16286864411085844,146.99330483563244,40.00351007562131,212.0643889065832,36.80735593661666,248.9197339164093,268.50146905053407,517.4212029669434,285212672,512,65,166.6444552829489,0.0,8.0,34,0.23529411764705882,0.2537313432835821,"[0.2537313432835821, 0.2537313432835821, 0.2537313432835821, 0.2537313432835821, 0.2537313432835821, 0.2537313432835821, 0.2537313432835821, 0.2537313432835821, 0.2537313432835821, 0.2537313432835821, 0.2537313432835821, 0.2537313432835821, 0.2537313432835821, 0.2537313432835821, 0.2537313432835821, 0.2537313432835821, 0.2537313432835821, 0.2537313432835821, 0.2537313432835821, 0.2537313432835821, 0.2537313432835821, 0.2537313432835821, 0.2537313432835821, 0.2537313432835821, 0.2537313432835821, 0.2537313432835821, 0.2537313432835821, 0.2537313432835821, 0.2537313432835821, 0.2537313432835821, 0.2537313432835821, 0.2537313432835821]",0.0,256,268435456,16777216,64,1,285212672,4387887.261538462,4194304.0,16777216.0,0,0,0,prefix,"[[0, 1, 2, 3, 4, 5, 6, 7], [0, 1, 2, 3, 4, 5, 6, 7], [0, 1, 2, 3, 4, 5, 6, 7], [0, 1, 2, 3, 4, 5, 6, 7], [0, 1, 2, 3, 4, 5, 6, 7], [0, 1, 2, 3, 4, 5, 6, 7], [0, 1, 2, 3, 4, 5, 6, 7], [0, 1, 2, 3, 4, 5, 6, 7], [0, 1, 2, 3, 4, 5, 6, 7], [0, 1, 2, 3, 4, 5, 6, 7], [0, 1, 2, 3, 4, 5, 6, 7], [0, 1, 2, 3, 4, 5, 6, 7], [0, 1, 2, 3, 4, 5, 6, 7], [0, 1, 2, 3, 4, 5, 6, 7], [0, 1, 2, 3, 4, 5, 6, 7], [0, 1, 2, 3, 4, 5, 6, 7], [0, 1, 2, 3, 4, 5, 6, 7], [0, 1, 2, 3, 4, 5, 6, 7], [0, 1, 2, 3, 4, 5, 6, 7], [0, 1, 2, 3, 4, 5, 6, 7], [0, 1, 2, 3, 4, 5, 6, 7], [0, 1, 2, 3, 4, 5, 6, 7], [0, 1, 2, 3, 4, 5, 6, 7], [0, 1, 2, 3, 4, 5, 6, 7], [0, 1, 2, 3, 4, 5, 6, 7], [0, 1, 2, 3, 4, 5, 6, 7], [0, 1, 2, 3, 4, 5, 6, 7], [0, 1, 2, 3, 4, 5, 6, 7], [0, 1, 2, 3, 4, 5, 6, 7], [0, 1, 2, 3, 4, 5, 6, 7], [0, 1, 2, 3, 4, 5, 6, 7], [0, 1, 2, 3, 4, 5, 6, 7]]",sidecar,True,raster,0
gqa,fullload,FullLoad,1.0,full,n355567,201751873,How large is the wire net?,Large,"[""small""]",0.0,8218,3,raster,0,fullload,,460.59406956192106,,,705.3480229806155,709.9368469789624,40.99918599240482,750.9360329713672,1124073472,2176,64,,655.5584784364328,,,1.0,1.0,null,0.0,,1124073472,0,64,0,1124073472,17563648.0,17563648.0,0.0,,,,,null,,,,0
gqa,layout_prefix_chunk,Layout+Prefix,0.25,chunk,n355567,201751873,How large is the wire net?,The image shows a tennis match in progress. The player in the foreground is,"[""small""]",0.0,450,16,raster,0,prefix,0.1537709031254053,155.41980136185884,39.82737218029797,219.64297303929925,33.950834069401026,253.63485305570066,271.84779895469546,525.4826520103961,285212672,512,65,174.55861123744398,0.0,8.0,34,0.23529411764705882,0.2537313432835821,"[0.2537313432835821, 0.2537313432835821, 0.2537313432835821, 0.2537313432835821, 0.2537313432835821, 0.2537313432835821, 0.2537313432835821, 0.2537313432835821, 0.2537313432835821, 0.2537313432835821, 0.2537313432835821, 0.2537313432835821, 0.2537313432835821, 0.2537313432835821, 0.2537313432835821, 0.2537313432835821, 0.2537313432835821, 0.2537313432835821, 0.2537313432835821, 0.2537313432835821, 0.2537313432835821, 0.2537313432835821, 0.2537313432835821, 0.2537313432835821, 0.2537313432835821, 0.2537313432835821, 0.2537313432835821, 0.2537313432835821, 0.2537313432835821, 0.2537313432835821, 0.2537313432835821, 0.2537313432835821]",0.0,256,268435456,16777216,64,1,285212672,4387887.261538462,4194304.0,16777216.0,0,0,0,prefix,"[[0, 1, 2, 3, 4, 5, 6, 7], [0, 1, 2, 3, 4, 5, 6, 7], [0, 1, 2, 3, 4, 5, 6, 7], [0, 1, 2, 3, 4, 5, 6, 7], [0, 1, 2, 3, 4, 5, 6, 7], [0, 1, 2, 3, 4, 5, 6, 7], [0, 1, 2, 3, 4, 5, 6, 7], [0, 1, 2, 3, 4, 5, 6, 7], [0, 1, 2, 3, 4, 5, 6, 7], [0, 1, 2, 3, 4, 5, 6, 7], [0, 1, 2, 3, 4, 5, 6, 7], [0, 1, 2, 3, 4, 5, 6, 7], [0, 1, 2, 3, 4, 5, 6, 7], [0, 1, 2, 3, 4, 5, 6, 7], [0, 1, 2, 3, 4, 5, 6, 7], [0, 1, 2, 3, 4, 5, 6, 7], [0, 1, 2, 3, 4, 5, 6, 7], [0, 1, 2, 3, 4, 5, 6, 7], [0, 1, 2, 3, 4, 5, 6, 7], [0, 1, 2, 3, 4, 5, 6, 7], [0, 1, 2, 3, 4, 5, 6, 7], [0, 1, 2, 3, 4, 5, 6, 7], [0, 1, 2, 3, 4, 5, 6, 7], [0, 1, 2, 3, 4, 5, 6, 7], [0, 1, 2, 3, 4, 5, 6, 7], [0, 1, 2, 3, 4, 5, 6, 7], [0, 1, 2, 3, 4, 5, 6, 7], [0, 1, 2, 3, 4, 5, 6, 7], [0, 1, 2, 3, 4, 5, 6, 7], [0, 1, 2, 3, 4, 5, 6, 7], [0, 1, 2, 3, 4, 5, 6, 7], [0, 1, 2, 3, 4, 5, 6, 7]]",sidecar,True,raster,0
gqa,fullload,FullLoad,1.0,full,n355567,201751760,What is the color of the lady that is about to hit the tennis ball?,White,"[""blond""]",0.0,8037,2,raster,0,fullload,,435.1581410737708,,,710.8605479588732,715.4710249742493,19.175317022018135,734.6463419962674,1124073472,2176,64,,653.2510967226699,,,1.0,1.0,null,0.0,,1124073472,0,64,0,1124073472,17563648.0,17563648.0,0.0,,,,,null,,,,0
gqa,layout_prefix_chunk,Layout+Prefix,0.25,chunk,n355567,201751760,What is the color of the lady that is about to hit the tennis ball?,The image shows a tennis match in progress. The player in the foreground is,"[""blond""]",0.0,450,16,raster,0,prefix,0.22011494729667902,163.09328086208552,47.37394384574145,240.24119705427438,56.28175497986376,296.5859069954604,266.74556906800717,563.3314760634676,285212672,512,65,187.2438892023638,0.0,8.0,34,0.23529411764705882,0.2537313432835821,"[0.2537313432835821, 0.2537313432835821, 0.2537313432835821, 0.2537313432835821, 0.2537313432835821, 0.2537313432835821, 0.2537313432835821, 0.2537313432835821, 0.2537313432835821, 0.2537313432835821, 0.2537313432835821, 0.2537313432835821, 0.2537313432835821, 0.2537313432835821, 0.2537313432835821, 0.2537313432835821, 0.2537313432835821, 0.2537313432835821, 0.2537313432835821, 0.2537313432835821, 0.2537313432835821, 0.2537313432835821, 0.2537313432835821, 0.2537313432835821, 0.2537313432835821, 0.2537313432835821, 0.2537313432835821, 0.2537313432835821, 0.2537313432835821, 0.2537313432835821, 0.2537313432835821, 0.2537313432835821]",0.0,256,268435456,16777216,64,1,285212672,4387887.261538462,4194304.0,16777216.0,0,0,0,prefix,"[[0, 1, 2, 3, 4, 5, 6, 7], [0, 1, 2, 3, 4, 5, 6, 7], [0, 1, 2, 3, 4, 5, 6, 7], [0, 1, 2, 3, 4, 5, 6, 7], [0, 1, 2, 3, 4, 5, 6, 7], [0, 1, 2, 3, 4, 5, 6, 7], [0, 1, 2, 3, 4, 5, 6, 7], [0, 1, 2, 3, 4, 5, 6, 7], [0, 1, 2, 3, 4, 5, 6, 7], [0, 1, 2, 3, 4, 5, 6, 7], [0, 1, 2, 3, 4, 5, 6, 7], [0, 1, 2, 3, 4, 5, 6, 7], [0, 1, 2, 3, 4, 5, 6, 7], [0, 1, 2, 3, 4, 5, 6, 7], [0, 1, 2, 3, 4, 5, 6, 7], [0, 1, 2, 3, 4, 5, 6, 7], [0, 1, 2, 3, 4, 5, 6, 7], [0, 1, 2, 3, 4, 5, 6, 7], [0, 1, 2, 3, 4, 5, 6, 7], [0, 1, 2, 3, 4, 5, 6, 7], [0, 1, 2, 3, 4, 5, 6, 7], [0, 1, 2, 3, 4, 5, 6, 7], [0, 1, 2, 3, 4, 5, 6, 7], [0, 1, 2, 3, 4, 5, 6, 7], [0, 1, 2, 3, 4, 5, 6, 7], [0, 1, 2, 3, 4, 5, 6, 7], [0, 1, 2, 3, 4, 5, 6, 7], [0, 1, 2, 3, 4, 5, 6, 7], [0, 1, 2, 3, 4, 5, 6, 7], [0, 1, 2, 3, 4, 5, 6, 7], [0, 1, 2, 3, 4, 5, 6, 7], [0, 1, 2, 3, 4, 5, 6, 7]]",sidecar,True,raster,0
gqa,fullload,FullLoad,1.0,full,n355567,201751862,Is the tennis net rectangular and small?,No,"[""yes""]",0.0,1939,2,raster,0,fullload,,428.47975238692015,,,697.1376499859616,701.9137579482049,18.93754897173494,720.8513069199398,1124073472,2176,64,,638.7352931778878,,,1.0,1.0,null,0.0,,1124073472,0,64,0,1124073472,17563648.0,17563648.0,0.0,,,,,null,,,,0
gqa,layout_prefix_chunk,Layout+Prefix,0.25,chunk,n355567,201751862,Is the tennis net rectangular and small?,The image shows a tennis match in progress. The player in the foreground is,"[""yes""]",0.0,450,16,raster,0,prefix,0.15852064825594425,156.4665356418118,40.1922530727461,221.4457489317283,34.52982800081372,256.02315296418965,277.62186096515507,533.6450139293447,285212672,512,65,175.94303481746465,0.0,8.0,34,0.23529411764705882,0.2537313432835821,"[0.2537313432835821, 0.2537313432835821, 0.2537313432835821, 0.2537313432835821, 0.2537313432835821, 0.2537313432835821, 0.2537313432835821, 0.2537313432835821, 0.2537313432835821, 0.2537313432835821, 0.2537313432835821, 0.2537313432835821, 0.2537313432835821, 0.2537313432835821, 0.2537313432835821, 0.2537313432835821, 0.2537313432835821, 0.2537313432835821, 0.2537313432835821, 0.2537313432835821, 0.2537313432835821, 0.2537313432835821, 0.2537313432835821, 0.2537313432835821, 0.2537313432835821, 0.2537313432835821, 0.2537313432835821, 0.2537313432835821, 0.2537313432835821, 0.2537313432835821, 0.2537313432835821, 0.2537313432835821]",0.0,256,268435456,16777216,64,1,285212672,4387887.261538462,4194304.0,16777216.0,0,0,0,prefix,"[[0, 1, 2, 3, 4, 5, 6, 7], [0, 1, 2, 3, 4, 5, 6, 7], [0, 1, 2, 3, 4, 5, 6, 7], [0, 1, 2, 3, 4, 5, 6, 7], [0, 1, 2, 3, 4, 5, 6, 7], [0, 1, 2, 3, 4, 5, 6, 7], [0, 1, 2, 3, 4, 5, 6, 7], [0, 1, 2, 3, 4, 5, 6, 7], [0, 1, 2, 3, 4, 5, 6, 7], [0, 1, 2, 3, 4, 5, 6, 7], [0, 1, 2, 3, 4, 5, 6, 7], [0, 1, 2, 3, 4, 5, 6, 7], [0, 1, 2, 3, 4, 5, 6, 7], [0, 1, 2, 3, 4, 5, 6, 7], [0, 1, 2, 3, 4, 5, 6, 7], [0, 1, 2, 3, 4, 5, 6, 7], [0, 1, 2, 3, 4, 5, 6, 7], [0, 1, 2, 3, 4, 5, 6, 7], [0, 1, 2, 3, 4, 5, 6, 7], [0, 1, 2, 3, 4, 5, 6, 7], [0, 1, 2, 3, 4, 5, 6, 7], [0, 1, 2, 3, 4, 5, 6, 7], [0, 1, 2, 3, 4, 5, 6, 7], [0, 1, 2, 3, 4, 5, 6, 7], [0, 1, 2, 3, 4, 5, 6, 7], [0, 1, 2, 3, 4, 5, 6, 7], [0, 1, 2, 3, 4, 5, 6, 7], [0, 1, 2, 3, 4, 5, 6, 7], [0, 1, 2, 3, 4, 5, 6, 7], [0, 1, 2, 3, 4, 5, 6, 7], [0, 1, 2, 3, 4, 5, 6, 7], [0, 1, 2, 3, 4, 5, 6, 7]]",sidecar,True,raster,0
gqa,fullload,FullLoad,1.0,full,n355567,201751594,What is the lady that is not antique playing with?,Racket,"[""tennis ball""]",0.0,390,4,raster,0,fullload,,429.2919470462948,,,690.0655679637566,694.7080820100382,54.95164799503982,749.659730005078,1124073472,2176,64,,634.0027425903827,,,1.0,1.0,null,0.0,,1124073472,0,64,0,1124073472,17563648.0,17563648.0,0.0,,,,,null,,,,0
gqa,layout_prefix_chunk,Layout+Prefix,0.25,chunk,n355567,201751594,What is the lady that is not antique playing with?,The image shows a tennis match in progress. The player in the foreground is,"[""tennis ball""]",0.0,450,16,raster,0,prefix,0.18846814054995775,177.8893624432385,41.120232082903385,244.4808710133657,38.90032600611448,283.42879901174456,266.02296403143555,549.4517630431801,285212672,512,65,197.84213043749332,0.0,8.0,34,0.23529411764705882,0.2537313432835821,"[0.2537313432835821, 0.2537313432835821, 0.2537313432835821, 0.2537313432835821, 0.2537313432835821, 0.2537313432835821, 0.2537313432835821, 0.2537313432835821, 0.2537313432835821, 0.2537313432835821, 0.2537313432835821, 0.2537313432835821, 0.2537313432835821, 0.2537313432835821, 0.2537313432835821, 0.2537313432835821, 0.2537313432835821, 0.2537313432835821, 0.2537313432835821, 0.2537313432835821, 0.2537313432835821, 0.2537313432835821, 0.2537313432835821, 0.2537313432835821, 0.2537313432835821, 0.2537313432835821, 0.2537313432835821, 0.2537313432835821, 0.2537313432835821, 0.2537313432835821, 0.2537313432835821, 0.2537313432835821]",0.0,256,268435456,16777216,64,1,285212672,4387887.261538462,4194304.0,16777216.0,0,0,0,prefix,"[[0, 1, 2, 3, 4, 5, 6, 7], [0, 1, 2, 3, 4, 5, 6, 7], [0, 1, 2, 3, 4, 5, 6, 7], [0, 1, 2, 3, 4, 5, 6, 7], [0, 1, 2, 3, 4, 5, 6, 7], [0, 1, 2, 3, 4, 5, 6, 7], [0, 1, 2, 3, 4, 5, 6, 7], [0, 1, 2, 3, 4, 5, 6, 7], [0, 1, 2, 3, 4, 5, 6, 7], [0, 1, 2, 3, 4, 5, 6, 7], [0, 1, 2, 3, 4, 5, 6, 7], [0, 1, 2, 3, 4, 5, 6, 7], [0, 1, 2, 3, 4, 5, 6, 7], [0, 1, 2, 3, 4, 5, 6, 7], [0, 1, 2, 3, 4, 5, 6, 7], [0, 1, 2, 3, 4, 5, 6, 7], [0, 1, 2, 3, 4, 5, 6, 7], [0, 1, 2, 3, 4, 5, 6, 7], [0, 1, 2, 3, 4, 5, 6, 7], [0, 1, 2, 3, 4, 5, 6, 7], [0, 1, 2, 3, 4, 5, 6, 7], [0, 1, 2, 3, 4, 5, 6, 7], [0, 1, 2, 3, 4, 5, 6, 7], [0, 1, 2, 3, 4, 5, 6, 7], [0, 1, 2, 3, 4, 5, 6, 7], [0, 1, 2, 3, 4, 5, 6, 7], [0, 1, 2, 3, 4, 5, 6, 7], [0, 1, 2, 3, 4, 5, 6, 7], [0, 1, 2, 3, 4, 5, 6, 7], [0, 1, 2, 3, 4, 5, 6, 7], [0, 1, 2, 3, 4, 5, 6, 7], [0, 1, 2, 3, 4, 5, 6, 7]]",sidecar,True,raster,0
gqa,fullload,FullLoad,1.0,full,n9181,20929611,Is the brown cowboy hat below the small sign?,Yes,"[""yes""]",1.0,3869,2,raster,0,fullload,,578.6976397503167,,,927.4823089363053,932.5283060315996,23.63316703122109,956.1614730628207,1233125376,2368,64,,880.5785708827898,,,1.0,1.0,null,0.0,,1233125376,0,64,0,1233125376,19267584.0,19267584.0,0.0,,,,,null,,,,0
gqa,layout_prefix_chunk,Layout+Prefix,0.25,chunk,n9181,20929611,Is the brown cowboy hat below the small sign?,The image shows a group of people standing around a red motorcycle. The motor,"[""yes""]",0.0,450,16,raster,0,prefix,0.22434117272496223,154.43941787816584,51.580272149294615,243.14890592359006,49.43602601997554,292.64588095247746,266.2843760335818,558.9302569860592,327155712,576,65,185.64647575840354,0.0,9.0,37,0.24324324324324326,0.2653061224489796,"[0.2653061224489796, 0.2653061224489796, 0.2653061224489796, 0.2653061224489796, 0.2653061224489796, 0.2653061224489796, 0.2653061224489796, 0.2653061224489796, 0.2653061224489796, 0.2653061224489796, 0.2653061224489796, 0.2653061224489796, 0.2653061224489796, 0.2653061224489796, 0.2653061224489796, 0.2653061224489796, 0.2653061224489796, 0.2653061224489796, 0.2653061224489796, 0.2653061224489796, 0.2653061224489796, 0.2653061224489796, 0.2653061224489796, 0.2653061224489796, 0.2653061224489796, 0.2653061224489796, 0.2653061224489796, 0.2653061224489796, 0.2653061224489796, 0.2653061224489796, 0.2653061224489796, 0.2653061224489796]",0.0,288,301989888,25165824,64,1,327155712,5033164.8,4718592.0,25165824.0,0,0,0,prefix,"[[0, 1, 2, 3, 4, 5, 6, 7, 8], [0, 1, 2, 3, 4, 5, 6, 7, 8], [0, 1, 2, 3, 4, 5, 6, 7, 8], [0, 1, 2, 3, 4, 5, 6, 7, 8], [0, 1, 2, 3, 4, 5, 6, 7, 8], [0, 1, 2, 3, 4, 5, 6, 7, 8], [0, 1, 2, 3, 4, 5, 6, 7, 8], [0, 1, 2, 3, 4, 5, 6, 7, 8], [0, 1, 2, 3, 4, 5, 6, 7, 8], [0, 1, 2, 3, 4, 5, 6, 7, 8], [0, 1, 2, 3, 4, 5, 6, 7, 8], [0, 1, 2, 3, 4, 5, 6, 7, 8], [0, 1, 2, 3, 4, 5, 6, 7, 8], [0, 1, 2, 3, 4, 5, 6, 7, 8], [0, 1, 2, 3, 4, 5, 6, 7, 8], [0, 1, 2, 3, 4, 5, 6, 7, 8], [0, 1, 2, 3, 4, 5, 6, 7, 8], [0, 1, 2, 3, 4, 5, 6, 7, 8], [0, 1, 2, 3, 4, 5, 6, 7, 8], [0, 1, 2, 3, 4, 5, 6, 7, 8], [0, 1, 2, 3, 4, 5, 6, 7, 8], [0, 1, 2, 3, 4, 5, 6, 7, 8], [0, 1, 2, 3, 4, 5, 6, 7, 8], [0, 1, 2, 3, 4, 5, 6, 7, 8], [0, 1, 2, 3, 4, 5, 6, 7, 8], [0, 1, 2, 3, 4, 5, 6, 7, 8], [0, 1, 2, 3, 4, 5, 6, 7, 8], [0, 1, 2, 3, 4, 5, 6, 7, 8], [0, 1, 2, 3, 4, 5, 6, 7, 8], [0, 1, 2, 3, 4, 5, 6, 7, 8], [0, 1, 2, 3, 4, 5, 6, 7, 8], [0, 1, 2, 3, 4, 5, 6, 7, 8]]",sidecar,True,raster,0
gqa,fullload,FullLoad,1.0,full,n9181,20929389,Is the motorcycle near the jacket black and metallic?,No,"[""no""]",1.0,1939,2,raster,0,fullload,,540.9259521402419,,,923.0067430762574,927.8915850445628,18.672534031793475,946.5641190763563,1233125376,2368,64,,868.9218962099403,,,1.0,1.0,null,0.0,,1233125376,0,64,0,1233125376,19267584.0,19267584.0,0.0,,,,,null,,,,0
gqa,layout_prefix_chunk,Layout+Prefix,0.25,chunk,n9181,20929389,Is the motorcycle near the jacket black and metallic?,Yes,"[""no""]",0.0,3869,2,raster,0,prefix,0.2052671043202281,153.52341707330197,45.14597717206925,230.83434905856848,43.976265005767345,274.85735004302114,18.721346044912934,293.5786960879341,327155712,576,65,179.99098205473274,0.0,9.0,37,0.24324324324324326,0.2653061224489796,"[0.2653061224489796, 0.2653061224489796, 0.2653061224489796, 0.2653061224489796, 0.2653061224489796, 0.2653061224489796, 0.2653061224489796, 0.2653061224489796, 0.2653061224489796, 0.2653061224489796, 0.2653061224489796, 0.2653061224489796, 0.2653061224489796, 0.2653061224489796, 0.2653061224489796, 0.2653061224489796, 0.2653061224489796, 0.2653061224489796, 0.2653061224489796, 0.2653061224489796, 0.2653061224489796, 0.2653061224489796, 0.2653061224489796, 0.2653061224489796, 0.2653061224489796, 0.2653061224489796, 0.2653061224489796, 0.2653061224489796, 0.2653061224489796, 0.2653061224489796, 0.2653061224489796, 0.2653061224489796]",0.0,288,301989888,25165824,64,1,327155712,5033164.8,4718592.0,25165824.0,0,0,0,prefix,"[[0, 1, 2, 3, 4, 5, 6, 7, 8], [0, 1, 2, 3, 4, 5, 6, 7, 8], [0, 1, 2, 3, 4, 5, 6, 7, 8], [0, 1, 2, 3, 4, 5, 6, 7, 8], [0, 1, 2, 3, 4, 5, 6, 7, 8], [0, 1, 2, 3, 4, 5, 6, 7, 8], [0, 1, 2, 3, 4, 5, 6, 7, 8], [0, 1, 2, 3, 4, 5, 6, 7, 8], [0, 1, 2, 3, 4, 5, 6, 7, 8], [0, 1, 2, 3, 4, 5, 6, 7, 8], [0, 1, 2, 3, 4, 5, 6, 7, 8], [0, 1, 2, 3, 4, 5, 6, 7, 8], [0, 1, 2, 3, 4, 5, 6, 7, 8], [0, 1, 2, 3, 4, 5, 6, 7, 8], [0, 1, 2, 3, 4, 5, 6, 7, 8], [0, 1, 2, 3, 4, 5, 6, 7, 8], [0, 1, 2, 3, 4, 5, 6, 7, 8], [0, 1, 2, 3, 4, 5, 6, 7, 8], [0, 1, 2, 3, 4, 5, 6, 7, 8], [0, 1, 2, 3, 4, 5, 6, 7, 8], [0, 1, 2, 3, 4, 5, 6, 7, 8], [0, 1, 2, 3, 4, 5, 6, 7, 8], [0, 1, 2, 3, 4, 5, 6, 7, 8], [0, 1, 2, 3, 4, 5, 6, 7, 8], [0, 1, 2, 3, 4, 5, 6, 7, 8], [0, 1, 2, 3, 4, 5, 6, 7, 8], [0, 1, 2, 3, 4, 5, 6, 7, 8], [0, 1, 2, 3, 4, 5, 6, 7, 8], [0, 1, 2, 3, 4, 5, 6, 7, 8], [0, 1, 2, 3, 4, 5, 6, 7, 8], [0, 1, 2, 3, 4, 5, 6, 7, 8], [0, 1, 2, 3, 4, 5, 6, 7, 8]]",sidecar,True,raster,0
gqa,fullload,FullLoad,1.0,full,n9181,20929384,Is the motorcycle on the right part?,No,"[""no""]",1.0,1939,2,raster,0,fullload,,435.8429965795949,,,747.3764780443162,752.2500670747831,18.726796959526837,770.97686403431,1233125376,2368,64,,703.9934737840667,,,1.0,1.0,null,0.0,,1233125376,0,64,0,1233125376,19267584.0,19267584.0,0.0,,,,,null,,,,0
gqa,layout_prefix_chunk,Layout+Prefix,0.25,chunk,n9181,20929384,Is the motorcycle on the right part?,The image shows a group of people standing around a red motorcycle. The motor,"[""no""]",0.0,450,16,raster,0,prefix,0.24658278562128544,166.65381600614637,52.73674940690398,255.39166701491922,50.67128594964743,306.12410604953766,269.9963799677789,576.1204860173166,327155712,576,65,196.3261440396309,0.0,9.0,37,0.24324324324324326,0.2653061224489796,"[0.2653061224489796, 0.2653061224489796, 0.2653061224489796, 0.2653061224489796, 0.2653061224489796, 0.2653061224489796, 0.2653061224489796, 0.2653061224489796, 0.2653061224489796, 0.2653061224489796, 0.2653061224489796, 0.2653061224489796, 0.2653061224489796, 0.2653061224489796, 0.2653061224489796, 0.2653061224489796, 0.2653061224489796, 0.2653061224489796, 0.2653061224489796, 0.2653061224489796, 0.2653061224489796, 0.2653061224489796, 0.2653061224489796, 0.2653061224489796, 0.2653061224489796, 0.2653061224489796, 0.2653061224489796, 0.2653061224489796, 0.2653061224489796, 0.2653061224489796, 0.2653061224489796, 0.2653061224489796]",0.0,288,301989888,25165824,64,1,327155712,5033164.8,4718592.0,25165824.0,0,0,0,prefix,"[[0, 1, 2, 3, 4, 5, 6, 7, 8], [0, 1, 2, 3, 4, 5, 6, 7, 8], [0, 1, 2, 3, 4, 5, 6, 7, 8], [0, 1, 2, 3, 4, 5, 6, 7, 8], [0, 1, 2, 3, 4, 5, 6, 7, 8], [0, 1, 2, 3, 4, 5, 6, 7, 8], [0, 1, 2, 3, 4, 5, 6, 7, 8], [0, 1, 2, 3, 4, 5, 6, 7, 8], [0, 1, 2, 3, 4, 5, 6, 7, 8], [0, 1, 2, 3, 4, 5, 6, 7, 8], [0, 1, 2, 3, 4, 5, 6, 7, 8], [0, 1, 2, 3, 4, 5, 6, 7, 8], [0, 1, 2, 3, 4, 5, 6, 7, 8], [0, 1, 2, 3, 4, 5, 6, 7, 8], [0, 1, 2, 3, 4, 5, 6, 7, 8], [0, 1, 2, 3, 4, 5, 6, 7, 8], [0, 1, 2, 3, 4, 5, 6, 7, 8], [0, 1, 2, 3, 4, 5, 6, 7, 8], [0, 1, 2, 3, 4, 5, 6, 7, 8], [0, 1, 2, 3, 4, 5, 6, 7, 8], [0, 1, 2, 3, 4, 5, 6, 7, 8], [0, 1, 2, 3, 4, 5, 6, 7, 8], [0, 1, 2, 3, 4, 5, 6, 7, 8], [0, 1, 2, 3, 4, 5, 6, 7, 8], [0, 1, 2, 3, 4, 5, 6, 7, 8], [0, 1, 2, 3, 4, 5, 6, 7, 8], [0, 1, 2, 3, 4, 5, 6, 7, 8], [0, 1, 2, 3, 4, 5, 6, 7, 8], [0, 1, 2, 3, 4, 5, 6, 7, 8], [0, 1, 2, 3, 4, 5, 6, 7, 8], [0, 1, 2, 3, 4, 5, 6, 7, 8], [0, 1, 2, 3, 4, 5, 6, 7, 8]]",sidecar,True,raster,0
gqa,fullload,FullLoad,1.0,full,n9181,20929555,What's the wheelchair in front of?,Building,"[""vest""]",0.0,17166,2,raster,0,fullload,,539.6704940358177,,,891.8983190087602,896.7428440228105,18.913988023996353,915.6568320468068,1233125376,2368,64,,841.4501248626038,,,1.0,1.0,null,0.0,,1233125376,0,64,0,1233125376,19267584.0,19267584.0,0.0,,,,,null,,,,0
gqa,layout_prefix_chunk,Layout+Prefix,0.25,chunk,n9181,20929555,What's the wheelchair in front of?,The image shows a group of people standing around a red motorcycle. The motor,"[""vest""]",0.0,450,16,raster,0,prefix,0.25509612169116735,181.13086838275194,54.563379380851984,273.5289599513635,41.69668001122773,315.2870759367943,270.76825802214444,586.0553339589387,327155712,576,65,212.86844601854682,0.0,9.0,37,0.24324324324324326,0.2653061224489796,"[0.2653061224489796, 0.2653061224489796, 0.2653061224489796, 0.2653061224489796, 0.2653061224489796, 0.2653061224489796, 0.2653061224489796, 0.2653061224489796, 0.2653061224489796, 0.2653061224489796, 0.2653061224489796, 0.2653061224489796, 0.2653061224489796, 0.2653061224489796, 0.2653061224489796, 0.2653061224489796, 0.2653061224489796, 0.2653061224489796, 0.2653061224489796, 0.2653061224489796, 0.2653061224489796, 0.2653061224489796, 0.2653061224489796, 0.2653061224489796, 0.2653061224489796, 0.2653061224489796, 0.2653061224489796, 0.2653061224489796, 0.2653061224489796, 0.2653061224489796, 0.2653061224489796, 0.2653061224489796]",0.0,288,301989888,25165824,64,1,327155712,5033164.8,4718592.0,25165824.0,0,0,0,prefix,"[[0, 1, 2, 3, 4, 5, 6, 7, 8], [0, 1, 2, 3, 4, 5, 6, 7, 8], [0, 1, 2, 3, 4, 5, 6, 7, 8], [0, 1, 2, 3, 4, 5, 6, 7, 8], [0, 1, 2, 3, 4, 5, 6, 7, 8], [0, 1, 2, 3, 4, 5, 6, 7, 8], [0, 1, 2, 3, 4, 5, 6, 7, 8], [0, 1, 2, 3, 4, 5, 6, 7, 8], [0, 1, 2, 3, 4, 5, 6, 7, 8], [0, 1, 2, 3, 4, 5, 6, 7, 8], [0, 1, 2, 3, 4, 5, 6, 7, 8], [0, 1, 2, 3, 4, 5, 6, 7, 8], [0, 1, 2, 3, 4, 5, 6, 7, 8], [0, 1, 2, 3, 4, 5, 6, 7, 8], [0, 1, 2, 3, 4, 5, 6, 7, 8], [0, 1, 2, 3, 4, 5, 6, 7, 8], [0, 1, 2, 3, 4, 5, 6, 7, 8], [0, 1, 2, 3, 4, 5, 6, 7, 8], [0, 1, 2, 3, 4, 5, 6, 7, 8], [0, 1, 2, 3, 4, 5, 6, 7, 8], [0, 1, 2, 3, 4, 5, 6, 7, 8], [0, 1, 2, 3, 4, 5, 6, 7, 8], [0, 1, 2, 3, 4, 5, 6, 7, 8], [0, 1, 2, 3, 4, 5, 6, 7, 8], [0, 1, 2, 3, 4, 5, 6, 7, 8], [0, 1, 2, 3, 4, 5, 6, 7, 8], [0, 1, 2, 3, 4, 5, 6, 7, 8], [0, 1, 2, 3, 4, 5, 6, 7, 8], [0, 1, 2, 3, 4, 5, 6, 7, 8], [0, 1, 2, 3, 4, 5, 6, 7, 8], [0, 1, 2, 3, 4, 5, 6, 7, 8], [0, 1, 2, 3, 4, 5, 6, 7, 8]]",sidecar,True,raster,0
gqa,fullload,FullLoad,1.0,full,n9181,20929553,What is in front of the vest?,Motorcycle,"[""wheelchair""]",0.0,16843,3,raster,0,fullload,,484.1184417018667,,,814.6291149314493,819.4944389397278,36.938656005077064,856.4330949448049,1233125376,2368,64,,769.1169099416584,,,1.0,1.0,null,0.0,,1233125376,0,64,0,1233125376,19267584.0,19267584.0,0.0,,,,,null,,,,0
gqa,layout_prefix_chunk,Layout+Prefix,0.25,chunk,n9181,20929553,What is in front of the vest?,The image shows a red motorcycle parked on the side of a road.,"[""wheelchair""]",0.0,450,16,raster,0,prefix,0.21941028535366058,149.32758593931794,47.10407927632332,228.91608497593552,35.75989103410393,264.72300896421075,269.1632369533181,533.8862459175289,327155712,576,65,175.98708881996572,0.0,9.0,37,0.24324324324324326,0.2653061224489796,"[0.2653061224489796, 0.2653061224489796, 0.2653061224489796, 0.2653061224489796, 0.2653061224489796, 0.2653061224489796, 0.2653061224489796, 0.2653061224489796, 0.2653061224489796, 0.2653061224489796, 0.2653061224489796, 0.2653061224489796, 0.2653061224489796, 0.2653061224489796, 0.2653061224489796, 0.2653061224489796, 0.2653061224489796, 0.2653061224489796, 0.2653061224489796, 0.2653061224489796, 0.2653061224489796, 0.2653061224489796, 0.2653061224489796, 0.2653061224489796, 0.2653061224489796, 0.2653061224489796, 0.2653061224489796, 0.2653061224489796, 0.2653061224489796, 0.2653061224489796, 0.2653061224489796, 0.2653061224489796]",0.0,288,301989888,25165824,64,1,327155712,5033164.8,4718592.0,25165824.0,0,0,0,prefix,"[[0, 1, 2, 3, 4, 5, 6, 7, 8], [0, 1, 2, 3, 4, 5, 6, 7, 8], [0, 1, 2, 3, 4, 5, 6, 7, 8], [0, 1, 2, 3, 4, 5, 6, 7, 8], [0, 1, 2, 3, 4, 5, 6, 7, 8], [0, 1, 2, 3, 4, 5, 6, 7, 8], [0, 1, 2, 3, 4, 5, 6, 7, 8], [0, 1, 2, 3, 4, 5, 6, 7, 8], [0, 1, 2, 3, 4, 5, 6, 7, 8], [0, 1, 2, 3, 4, 5, 6, 7, 8], [0, 1, 2, 3, 4, 5, 6, 7, 8], [0, 1, 2, 3, 4, 5, 6, 7, 8], [0, 1, 2, 3, 4, 5, 6, 7, 8], [0, 1, 2, 3, 4, 5, 6, 7, 8], [0, 1, 2, 3, 4, 5, 6, 7, 8], [0, 1, 2, 3, 4, 5, 6, 7, 8], [0, 1, 2, 3, 4, 5, 6, 7, 8], [0, 1, 2, 3, 4, 5, 6, 7, 8], [0, 1, 2, 3, 4, 5, 6, 7, 8], [0, 1, 2, 3, 4, 5, 6, 7, 8], [0, 1, 2, 3, 4, 5, 6, 7, 8], [0, 1, 2, 3, 4, 5, 6, 7, 8], [0, 1, 2, 3, 4, 5, 6, 7, 8], [0, 1, 2, 3, 4, 5, 6, 7, 8], [0, 1, 2, 3, 4, 5, 6, 7, 8], [0, 1, 2, 3, 4, 5, 6, 7, 8], [0, 1, 2, 3, 4, 5, 6, 7, 8], [0, 1, 2, 3, 4, 5, 6, 7, 8], [0, 1, 2, 3, 4, 5, 6, 7, 8], [0, 1, 2, 3, 4, 5, 6, 7, 8], [0, 1, 2, 3, 4, 5, 6, 7, 8], [0, 1, 2, 3, 4, 5, 6, 7, 8]]",sidecar,True,raster,0
gqa,fullload,FullLoad,1.0,full,n9181,20929280,Is the motorbike made of the same material as the sign?,No,"[""yes""]",0.0,1939,2,raster,0,fullload,,511.8878431385383,,,877.4755659978837,882.3919650167227,23.859880049712956,906.2518450664356,1233125376,2368,64,,822.1639791736379,,,1.0,1.0,null,0.0,,1233125376,0,64,0,1233125376,19267584.0,19267584.0,0.0,,,,,null,,,,0
gqa,layout_prefix_chunk,Layout+Prefix,0.25,chunk,n9181,20929280,Is the motorbike made of the same material as the sign?,The motorcycle in the image is a Harley-Davidson.,"[""yes""]",0.0,450,15,raster,0,prefix,0.2185360062867403,164.10043637733907,48.684375011362135,245.80929894000292,36.453910055570304,282.3095429921523,249.0490690106526,531.3586120028049,327155712,576,65,191.32114038802683,0.0,9.0,37,0.24324324324324326,0.2653061224489796,"[0.2653061224489796, 0.2653061224489796, 0.2653061224489796, 0.2653061224489796, 0.2653061224489796, 0.2653061224489796, 0.2653061224489796, 0.2653061224489796, 0.2653061224489796, 0.2653061224489796, 0.2653061224489796, 0.2653061224489796, 0.2653061224489796, 0.2653061224489796, 0.2653061224489796, 0.2653061224489796, 0.2653061224489796, 0.2653061224489796, 0.2653061224489796, 0.2653061224489796, 0.2653061224489796, 0.2653061224489796, 0.2653061224489796, 0.2653061224489796, 0.2653061224489796, 0.2653061224489796, 0.2653061224489796, 0.2653061224489796, 0.2653061224489796, 0.2653061224489796, 0.2653061224489796, 0.2653061224489796]",0.0,288,301989888,25165824,64,1,327155712,5033164.8,4718592.0,25165824.0,0,0,0,prefix,"[[0, 1, 2, 3, 4, 5, 6, 7, 8], [0, 1, 2, 3, 4, 5, 6, 7, 8], [0, 1, 2, 3, 4, 5, 6, 7, 8], [0, 1, 2, 3, 4, 5, 6, 7, 8], [0, 1, 2, 3, 4, 5, 6, 7, 8], [0, 1, 2, 3, 4, 5, 6, 7, 8], [0, 1, 2, 3, 4, 5, 6, 7, 8], [0, 1, 2, 3, 4, 5, 6, 7, 8], [0, 1, 2, 3, 4, 5, 6, 7, 8], [0, 1, 2, 3, 4, 5, 6, 7, 8], [0, 1, 2, 3, 4, 5, 6, 7, 8], [0, 1, 2, 3, 4, 5, 6, 7, 8], [0, 1, 2, 3, 4, 5, 6, 7, 8], [0, 1, 2, 3, 4, 5, 6, 7, 8], [0, 1, 2, 3, 4, 5, 6, 7, 8], [0, 1, 2, 3, 4, 5, 6, 7, 8], [0, 1, 2, 3, 4, 5, 6, 7, 8], [0, 1, 2, 3, 4, 5, 6, 7, 8], [0, 1, 2, 3, 4, 5, 6, 7, 8], [0, 1, 2, 3, 4, 5, 6, 7, 8], [0, 1, 2, 3, 4, 5, 6, 7, 8], [0, 1, 2, 3, 4, 5, 6, 7, 8], [0, 1, 2, 3, 4, 5, 6, 7, 8], [0, 1, 2, 3, 4, 5, 6, 7, 8], [0, 1, 2, 3, 4, 5, 6, 7, 8], [0, 1, 2, 3, 4, 5, 6, 7, 8], [0, 1, 2, 3, 4, 5, 6, 7, 8], [0, 1, 2, 3, 4, 5, 6, 7, 8], [0, 1, 2, 3, 4, 5, 6, 7, 8], [0, 1, 2, 3, 4, 5, 6, 7, 8], [0, 1, 2, 3, 4, 5, 6, 7, 8], [0, 1, 2, 3, 4, 5, 6, 7, 8]]",sidecar,True,raster,0
gqa,fullload,FullLoad,1.0,full,n390187,201861403,What's the person riding?,Motorcycle,"[""motorcycle""]",1.0,16843,3,raster,0,fullload,,455.2197133889422,,,790.0521249976009,795.0124010676518,36.853982019238174,831.86638308689,1182793728,2304,64,,745.5758320866153,,,1.0,1.0,null,0.0,,1182793728,0,64,0,1182793728,18481152.0,18481152.0,0.0,,,,,null,,,,0
gqa,layout_prefix_chunk,Layout+Prefix,0.25,chunk,n390187,201861403,What's the person riding?,The person in the image is wearing a black and red motorcycle jacket,"[""motorcycle""]",0.0,450,16,raster,0,prefix,0.25991618167608976,176.1807189323008,54.24026248510927,268.3142089517787,37.292283959686756,305.6546519510448,271.9054160406813,577.5600679917261,327155712,576,65,208.19580601528287,0.0,9.0,36,0.25,0.2765957446808511,"[0.2765957446808511, 0.2765957446808511, 0.2765957446808511, 0.2765957446808511, 0.2765957446808511, 0.2765957446808511, 0.2765957446808511, 0.2765957446808511, 0.2765957446808511, 0.2765957446808511, 0.2765957446808511, 0.2765957446808511, 0.2765957446808511, 0.2765957446808511, 0.2765957446808511, 0.2765957446808511, 0.2765957446808511, 0.2765957446808511, 0.2765957446808511, 0.2765957446808511, 0.2765957446808511, 0.2765957446808511, 0.2765957446808511, 0.2765957446808511, 0.2765957446808511, 0.2765957446808511, 0.2765957446808511, 0.2765957446808511, 0.2765957446808511, 0.2765957446808511, 0.2765957446808511, 0.2765957446808511]",0.0,288,301989888,25165824,64,1,327155712,5033164.8,4718592.0,25165824.0,0,0,0,prefix,"[[0, 1, 2, 3, 4, 5, 6, 7, 8], [0, 1, 2, 3, 4, 5, 6, 7, 8], [0, 1, 2, 3, 4, 5, 6, 7, 8], [0, 1, 2, 3, 4, 5, 6, 7, 8], [0, 1, 2, 3, 4, 5, 6, 7, 8], [0, 1, 2, 3, 4, 5, 6, 7, 8], [0, 1, 2, 3, 4, 5, 6, 7, 8], [0, 1, 2, 3, 4, 5, 6, 7, 8], [0, 1, 2, 3, 4, 5, 6, 7, 8], [0, 1, 2, 3, 4, 5, 6, 7, 8], [0, 1, 2, 3, 4, 5, 6, 7, 8], [0, 1, 2, 3, 4, 5, 6, 7, 8], [0, 1, 2, 3, 4, 5, 6, 7, 8], [0, 1, 2, 3, 4, 5, 6, 7, 8], [0, 1, 2, 3, 4, 5, 6, 7, 8], [0, 1, 2, 3, 4, 5, 6, 7, 8], [0, 1, 2, 3, 4, 5, 6, 7, 8], [0, 1, 2, 3, 4, 5, 6, 7, 8], [0, 1, 2, 3, 4, 5, 6, 7, 8], [0, 1, 2, 3, 4, 5, 6, 7, 8], [0, 1, 2, 3, 4, 5, 6, 7, 8], [0, 1, 2, 3, 4, 5, 6, 7, 8], [0, 1, 2, 3, 4, 5, 6, 7, 8], [0, 1, 2, 3, 4, 5, 6, 7, 8], [0, 1, 2, 3, 4, 5, 6, 7, 8], [0, 1, 2, 3, 4, 5, 6, 7, 8], [0, 1, 2, 3, 4, 5, 6, 7, 8], [0, 1, 2, 3, 4, 5, 6, 7, 8], [0, 1, 2, 3, 4, 5, 6, 7, 8], [0, 1, 2, 3, 4, 5, 6, 7, 8], [0, 1, 2, 3, 4, 5, 6, 7, 8], [0, 1, 2, 3, 4, 5, 6, 7, 8]]",sidecar,True,raster,0
gqa,fullload,FullLoad,1.0,full,n390187,201861402,The person is riding what?,Motorcycle,"[""motorcycle""]",1.0,16843,3,raster,0,fullload,,416.9323818059638,,,749.5034099556506,754.30043193046,37.50549303367734,791.8059249641374,1182793728,2304,64,,703.9004303514957,,,1.0,1.0,null,0.0,,1182793728,0,64,0,1182793728,18481152.0,18481152.0,0.0,,,,,null,,,,0
gqa,layout_prefix_chunk,Layout+Prefix,0.25,chunk,n390187,201861402,The person is riding what?,The person in the image is wearing a black and red motorcycle jacket,"[""motorcycle""]",0.0,450,16,raster,0,prefix,0.21458219271153212,167.89483022876084,47.706170938909054,248.04951704572886,34.21502897981554,282.3065429693088,267.4390710890293,549.7456140583381,327155712,576,65,194.59120417013764,0.0,9.0,36,0.25,0.2765957446808511,"[0.2765957446808511, 0.2765957446808511, 0.2765957446808511, 0.2765957446808511, 0.2765957446808511, 0.2765957446808511, 0.2765957446808511, 0.2765957446808511, 0.2765957446808511, 0.2765957446808511, 0.2765957446808511, 0.2765957446808511, 0.2765957446808511, 0.2765957446808511, 0.2765957446808511, 0.2765957446808511, 0.2765957446808511, 0.2765957446808511, 0.2765957446808511, 0.2765957446808511, 0.2765957446808511, 0.2765957446808511, 0.2765957446808511, 0.2765957446808511, 0.2765957446808511, 0.2765957446808511, 0.2765957446808511, 0.2765957446808511, 0.2765957446808511, 0.2765957446808511, 0.2765957446808511, 0.2765957446808511]",0.0,288,301989888,25165824,64,1,327155712,5033164.8,4718592.0,25165824.0,0,0,0,prefix,"[[0, 1, 2, 3, 4, 5, 6, 7, 8], [0, 1, 2, 3, 4, 5, 6, 7, 8], [0, 1, 2, 3, 4, 5, 6, 7, 8], [0, 1, 2, 3, 4, 5, 6, 7, 8], [0, 1, 2, 3, 4, 5, 6, 7, 8], [0, 1, 2, 3, 4, 5, 6, 7, 8], [0, 1, 2, 3, 4, 5, 6, 7, 8], [0, 1, 2, 3, 4, 5, 6, 7, 8], [0, 1, 2, 3, 4, 5, 6, 7, 8], [0, 1, 2, 3, 4, 5, 6, 7, 8], [0, 1, 2, 3, 4, 5, 6, 7, 8], [0, 1, 2, 3, 4, 5, 6, 7, 8], [0, 1, 2, 3, 4, 5, 6, 7, 8], [0, 1, 2, 3, 4, 5, 6, 7, 8], [0, 1, 2, 3, 4, 5, 6, 7, 8], [0, 1, 2, 3, 4, 5, 6, 7, 8], [0, 1, 2, 3, 4, 5, 6, 7, 8], [0, 1, 2, 3, 4, 5, 6, 7, 8], [0, 1, 2, 3, 4, 5, 6, 7, 8], [0, 1, 2, 3, 4, 5, 6, 7, 8], [0, 1, 2, 3, 4, 5, 6, 7, 8], [0, 1, 2, 3, 4, 5, 6, 7, 8], [0, 1, 2, 3, 4, 5, 6, 7, 8], [0, 1, 2, 3, 4, 5, 6, 7, 8], [0, 1, 2, 3, 4, 5, 6, 7, 8], [0, 1, 2, 3, 4, 5, 6, 7, 8], [0, 1, 2, 3, 4, 5, 6, 7, 8], [0, 1, 2, 3, 4, 5, 6, 7, 8], [0, 1, 2, 3, 4, 5, 6, 7, 8], [0, 1, 2, 3, 4, 5, 6, 7, 8], [0, 1, 2, 3, 4, 5, 6, 7, 8], [0, 1, 2, 3, 4, 5, 6, 7, 8]]",sidecar,True,raster,0
gqa,fullload,FullLoad,1.0,full,n390187,201861409,Is the person wearing a glove?,No,"[""yes""]",0.0,1939,2,raster,0,fullload,,484.4828505301848,,,839.907577028498,844.6562519529834,19.235139014199376,863.8913909671828,1182793728,2304,64,,787.2180187841877,,,1.0,1.0,null,0.0,,1182793728,0,64,0,1182793728,18481152.0,18481152.0,0.0,,,,,null,,,,0
gqa,layout_prefix_chunk,Layout+Prefix,0.25,chunk,n390187,201861409,Is the person wearing a glove?,The image shows a person riding a motorcycle. The rider is we,"[""yes""]",0.0,450,16,raster,0,prefix,0.2305380767211318,157.09150454495102,48.24827576521784,238.81053505465388,34.45555502548814,273.30833103042096,268.4939110185951,541.8022420490161,327155712,576,65,184.61564206518233,0.0,9.0,36,0.25,0.2765957446808511,"[0.2765957446808511, 0.2765957446808511, 0.2765957446808511, 0.2765957446808511, 0.2765957446808511, 0.2765957446808511, 0.2765957446808511, 0.2765957446808511, 0.2765957446808511, 0.2765957446808511, 0.2765957446808511, 0.2765957446808511, 0.2765957446808511, 0.2765957446808511, 0.2765957446808511, 0.2765957446808511, 0.2765957446808511, 0.2765957446808511, 0.2765957446808511, 0.2765957446808511, 0.2765957446808511, 0.2765957446808511, 0.2765957446808511, 0.2765957446808511, 0.2765957446808511, 0.2765957446808511, 0.2765957446808511, 0.2765957446808511, 0.2765957446808511, 0.2765957446808511, 0.2765957446808511, 0.2765957446808511]",0.0,288,301989888,25165824,64,1,327155712,5033164.8,4718592.0,25165824.0,0,0,0,prefix,"[[0, 1, 2, 3, 4, 5, 6, 7, 8], [0, 1, 2, 3, 4, 5, 6, 7, 8], [0, 1, 2, 3, 4, 5, 6, 7, 8], [0, 1, 2, 3, 4, 5, 6, 7, 8], [0, 1, 2, 3, 4, 5, 6, 7, 8], [0, 1, 2, 3, 4, 5, 6, 7, 8], [0, 1, 2, 3, 4, 5, 6, 7, 8], [0, 1, 2, 3, 4, 5, 6, 7, 8], [0, 1, 2, 3, 4, 5, 6, 7, 8], [0, 1, 2, 3, 4, 5, 6, 7, 8], [0, 1, 2, 3, 4, 5, 6, 7, 8], [0, 1, 2, 3, 4, 5, 6, 7, 8], [0, 1, 2, 3, 4, 5, 6, 7, 8], [0, 1, 2, 3, 4, 5, 6, 7, 8], [0, 1, 2, 3, 4, 5, 6, 7, 8], [0, 1, 2, 3, 4, 5, 6, 7, 8], [0, 1, 2, 3, 4, 5, 6, 7, 8], [0, 1, 2, 3, 4, 5, 6, 7, 8], [0, 1, 2, 3, 4, 5, 6, 7, 8], [0, 1, 2, 3, 4, 5, 6, 7, 8], [0, 1, 2, 3, 4, 5, 6, 7, 8], [0, 1, 2, 3, 4, 5, 6, 7, 8], [0, 1, 2, 3, 4, 5, 6, 7, 8], [0, 1, 2, 3, 4, 5, 6, 7, 8], [0, 1, 2, 3, 4, 5, 6, 7, 8], [0, 1, 2, 3, 4, 5, 6, 7, 8], [0, 1, 2, 3, 4, 5, 6, 7, 8], [0, 1, 2, 3, 4, 5, 6, 7, 8], [0, 1, 2, 3, 4, 5, 6, 7, 8], [0, 1, 2, 3, 4, 5, 6, 7, 8], [0, 1, 2, 3, 4, 5, 6, 7, 8], [0, 1, 2, 3, 4, 5, 6, 7, 8]]",sidecar,True,raster,0
gqa,fullload,FullLoad,1.0,full,n390187,201861267,Does the mirror to the left of the person look brown and small?,No,"[""no""]",1.0,1939,2,raster,0,fullload,,454.0637369500473,,,771.5008410159498,776.2527610175312,19.46385798510164,795.7166190026328,1182793728,2304,64,,718.5647670412436,,,1.0,1.0,null,0.0,,1182793728,0,64,0,1182793728,18481152.0,18481152.0,0.0,,,,,null,,,,0
gqa,layout_prefix_chunk,Layout+Prefix,0.25,chunk,n390187,201861267,Does the mirror to the left of the person look brown and small?,The image shows a person riding a motorcycle. The rider is we,"[""no""]",0.0,450,16,raster,0,prefix,0.2593632088974118,134.58577159326524,55.314402910880744,228.3045529620722,36.10073495656252,264.45194298867136,268.63831805530936,533.0902610439807,327155712,576,65,167.0642433455214,0.0,9.0,36,0.25,0.2765957446808511,"[0.2765957446808511, 0.2765957446808511, 0.2765957446808511, 0.2765957446808511, 0.2765957446808511, 0.2765957446808511, 0.2765957446808511, 0.2765957446808511, 0.2765957446808511, 0.2765957446808511, 0.2765957446808511, 0.2765957446808511, 0.2765957446808511, 0.2765957446808511, 0.2765957446808511, 0.2765957446808511, 0.2765957446808511, 0.2765957446808511, 0.2765957446808511, 0.2765957446808511, 0.2765957446808511, 0.2765957446808511, 0.2765957446808511, 0.2765957446808511, 0.2765957446808511, 0.2765957446808511, 0.2765957446808511, 0.2765957446808511, 0.2765957446808511, 0.2765957446808511, 0.2765957446808511, 0.2765957446808511]",0.0,288,301989888,25165824,64,1,327155712,5033164.8,4718592.0,25165824.0,0,0,0,prefix,"[[0, 1, 2, 3, 4, 5, 6, 7, 8], [0, 1, 2, 3, 4, 5, 6, 7, 8], [0, 1, 2, 3, 4, 5, 6, 7, 8], [0, 1, 2, 3, 4, 5, 6, 7, 8], [0, 1, 2, 3, 4, 5, 6, 7, 8], [0, 1, 2, 3, 4, 5, 6, 7, 8], [0, 1, 2, 3, 4, 5, 6, 7, 8], [0, 1, 2, 3, 4, 5, 6, 7, 8], [0, 1, 2, 3, 4, 5, 6, 7, 8], [0, 1, 2, 3, 4, 5, 6, 7, 8], [0, 1, 2, 3, 4, 5, 6, 7, 8], [0, 1, 2, 3, 4, 5, 6, 7, 8], [0, 1, 2, 3, 4, 5, 6, 7, 8], [0, 1, 2, 3, 4, 5, 6, 7, 8], [0, 1, 2, 3, 4, 5, 6, 7, 8], [0, 1, 2, 3, 4, 5, 6, 7, 8], [0, 1, 2, 3, 4, 5, 6, 7, 8], [0, 1, 2, 3, 4, 5, 6, 7, 8], [0, 1, 2, 3, 4, 5, 6, 7, 8], [0, 1, 2, 3, 4, 5, 6, 7, 8], [0, 1, 2, 3, 4, 5, 6, 7, 8], [0, 1, 2, 3, 4, 5, 6, 7, 8], [0, 1, 2, 3, 4, 5, 6, 7, 8], [0, 1, 2, 3, 4, 5, 6, 7, 8], [0, 1, 2, 3, 4, 5, 6, 7, 8], [0, 1, 2, 3, 4, 5, 6, 7, 8], [0, 1, 2, 3, 4, 5, 6, 7, 8], [0, 1, 2, 3, 4, 5, 6, 7, 8], [0, 1, 2, 3, 4, 5, 6, 7, 8], [0, 1, 2, 3, 4, 5, 6, 7, 8], [0, 1, 2, 3, 4, 5, 6, 7, 8], [0, 1, 2, 3, 4, 5, 6, 7, 8]]",sidecar,True,raster,0
gqa,fullload,FullLoad,1.0,full,n390187,201861586,What is the color of the dirty sneakers?,Gray,"[""gray""]",1.0,18956,2,raster,0,fullload,,457.7851730864495,,,727.0328510785475,732.0224629947916,18.969657947309315,750.9921209421009,1182793728,2304,64,,670.1898477040231,,,1.0,1.0,null,0.0,,1182793728,0,64,0,1182793728,18481152.0,18481152.0,0.0,,,,,null,,,,0
gqa,layout_prefix_chunk,Layout+Prefix,0.25,chunk,n390187,201861586,What is the color of the dirty sneakers?,The image shows a person riding a motorcycle. The rider is we,"[""gray""]",0.0,450,16,raster,0,prefix,0.19468413665890694,159.479015506804,44.635815313085914,234.87093800213188,46.06616997625679,280.98550997674465,268.6225660145283,549.6080759912729,327155712,576,65,184.37981291208416,0.0,9.0,36,0.25,0.2765957446808511,"[0.2765957446808511, 0.2765957446808511, 0.2765957446808511, 0.2765957446808511, 0.2765957446808511, 0.2765957446808511, 0.2765957446808511, 0.2765957446808511, 0.2765957446808511, 0.2765957446808511, 0.2765957446808511, 0.2765957446808511, 0.2765957446808511, 0.2765957446808511, 0.2765957446808511, 0.2765957446808511, 0.2765957446808511, 0.2765957446808511, 0.2765957446808511, 0.2765957446808511, 0.2765957446808511, 0.2765957446808511, 0.2765957446808511, 0.2765957446808511, 0.2765957446808511, 0.2765957446808511, 0.2765957446808511, 0.2765957446808511, 0.2765957446808511, 0.2765957446808511, 0.2765957446808511, 0.2765957446808511]",0.0,288,301989888,25165824,64,1,327155712,5033164.8,4718592.0,25165824.0,0,0,0,prefix,"[[0, 1, 2, 3, 4, 5, 6, 7, 8], [0, 1, 2, 3, 4, 5, 6, 7, 8], [0, 1, 2, 3, 4, 5, 6, 7, 8], [0, 1, 2, 3, 4, 5, 6, 7, 8], [0, 1, 2, 3, 4, 5, 6, 7, 8], [0, 1, 2, 3, 4, 5, 6, 7, 8], [0, 1, 2, 3, 4, 5, 6, 7, 8], [0, 1, 2, 3, 4, 5, 6, 7, 8], [0, 1, 2, 3, 4, 5, 6, 7, 8], [0, 1, 2, 3, 4, 5, 6, 7, 8], [0, 1, 2, 3, 4, 5, 6, 7, 8], [0, 1, 2, 3, 4, 5, 6, 7, 8], [0, 1, 2, 3, 4, 5, 6, 7, 8], [0, 1, 2, 3, 4, 5, 6, 7, 8], [0, 1, 2, 3, 4, 5, 6, 7, 8], [0, 1, 2, 3, 4, 5, 6, 7, 8], [0, 1, 2, 3, 4, 5, 6, 7, 8], [0, 1, 2, 3, 4, 5, 6, 7, 8], [0, 1, 2, 3, 4, 5, 6, 7, 8], [0, 1, 2, 3, 4, 5, 6, 7, 8], [0, 1, 2, 3, 4, 5, 6, 7, 8], [0, 1, 2, 3, 4, 5, 6, 7, 8], [0, 1, 2, 3, 4, 5, 6, 7, 8], [0, 1, 2, 3, 4, 5, 6, 7, 8], [0, 1, 2, 3, 4, 5, 6, 7, 8], [0, 1, 2, 3, 4, 5, 6, 7, 8], [0, 1, 2, 3, 4, 5, 6, 7, 8], [0, 1, 2, 3, 4, 5, 6, 7, 8], [0, 1, 2, 3, 4, 5, 6, 7, 8], [0, 1, 2, 3, 4, 5, 6, 7, 8], [0, 1, 2, 3, 4, 5, 6, 7, 8], [0, 1, 2, 3, 4, 5, 6, 7, 8]]",sidecar,True,raster,0
gqa,fullload,FullLoad,1.0,full,n390187,201861325,Is the small mirror on the motorcycle?,Yes,"[""yes""]",1.0,3869,2,raster,0,fullload,,455.33012913074344,,,783.9489050675184,788.787355995737,19.56866099499166,808.3560169907287,1182793728,2304,64,,736.6255390224978,,,1.0,1.0,null,0.0,,1182793728,0,64,0,1182793728,18481152.0,18481152.0,0.0,,,,,null,,,,0
gqa,layout_prefix_chunk,Layout+Prefix,0.25,chunk,n390187,201861325,Is the small mirror on the motorcycle?,The image shows a person riding a motorcycle. The rider is we,"[""yes""]",0.0,450,16,raster,0,prefix,0.28532184660434723,183.21999779436737,56.34457350242883,278.353817993775,63.62584396265447,342.0421410119161,268.03522906266153,610.0773700745776,327155712,576,65,215.9385601989925,0.0,9.0,36,0.25,0.2765957446808511,"[0.2765957446808511, 0.2765957446808511, 0.2765957446808511, 0.2765957446808511, 0.2765957446808511, 0.2765957446808511, 0.2765957446808511, 0.2765957446808511, 0.2765957446808511, 0.2765957446808511, 0.2765957446808511, 0.2765957446808511, 0.2765957446808511, 0.2765957446808511, 0.2765957446808511, 0.2765957446808511, 0.2765957446808511, 0.2765957446808511, 0.2765957446808511, 0.2765957446808511, 0.2765957446808511, 0.2765957446808511, 0.2765957446808511, 0.2765957446808511, 0.2765957446808511, 0.2765957446808511, 0.2765957446808511, 0.2765957446808511, 0.2765957446808511, 0.2765957446808511, 0.2765957446808511, 0.2765957446808511]",0.0,288,301989888,25165824,64,1,327155712,5033164.8,4718592.0,25165824.0,0,0,0,prefix,"[[0, 1, 2, 3, 4, 5, 6, 7, 8], [0, 1, 2, 3, 4, 5, 6, 7, 8], [0, 1, 2, 3, 4, 5, 6, 7, 8], [0, 1, 2, 3, 4, 5, 6, 7, 8], [0, 1, 2, 3, 4, 5, 6, 7, 8], [0, 1, 2, 3, 4, 5, 6, 7, 8], [0, 1, 2, 3, 4, 5, 6, 7, 8], [0, 1, 2, 3, 4, 5, 6, 7, 8], [0, 1, 2, 3, 4, 5, 6, 7, 8], [0, 1, 2, 3, 4, 5, 6, 7, 8], [0, 1, 2, 3, 4, 5, 6, 7, 8], [0, 1, 2, 3, 4, 5, 6, 7, 8], [0, 1, 2, 3, 4, 5, 6, 7, 8], [0, 1, 2, 3, 4, 5, 6, 7, 8], [0, 1, 2, 3, 4, 5, 6, 7, 8], [0, 1, 2, 3, 4, 5, 6, 7, 8], [0, 1, 2, 3, 4, 5, 6, 7, 8], [0, 1, 2, 3, 4, 5, 6, 7, 8], [0, 1, 2, 3, 4, 5, 6, 7, 8], [0, 1, 2, 3, 4, 5, 6, 7, 8], [0, 1, 2, 3, 4, 5, 6, 7, 8], [0, 1, 2, 3, 4, 5, 6, 7, 8], [0, 1, 2, 3, 4, 5, 6, 7, 8], [0, 1, 2, 3, 4, 5, 6, 7, 8], [0, 1, 2, 3, 4, 5, 6, 7, 8], [0, 1, 2, 3, 4, 5, 6, 7, 8], [0, 1, 2, 3, 4, 5, 6, 7, 8], [0, 1, 2, 3, 4, 5, 6, 7, 8], [0, 1, 2, 3, 4, 5, 6, 7, 8], [0, 1, 2, 3, 4, 5, 6, 7, 8], [0, 1, 2, 3, 4, 5, 6, 7, 8], [0, 1, 2, 3, 4, 5, 6, 7, 8]]",sidecar,True,raster,0
gqa,fullload,FullLoad,1.0,full,n133585,202108008,What is the color of the hat?,Blue,"[""blue""]",1.0,10924,2,raster,0,fullload,,451.36822282802314,,,742.6542619941756,747.4304089555517,23.938187048770487,771.3685960043222,1124073472,2176,64,,679.1551269125193,,,1.0,1.0,null,0.0,,1124073472,0,64,0,1124073472,17563648.0,17563648.0,0.0,,,,,null,,,,0
gqa,layout_prefix_chunk,Layout+Prefix,0.25,chunk,n133585,202108008,What is the color of the hat?,The image shows three young people on a sidewalk. The person in the for,"[""blue""]",0.0,450,16,raster,0,prefix,0.23996864911168814,160.6018984457478,49.9635151354596,242.8288470255211,52.03852499835193,294.92927296087146,275.26904200203717,570.1983149629086,285212672,512,65,187.04719503875822,0.0,8.0,34,0.23529411764705882,0.2537313432835821,"[0.2537313432835821, 0.2537313432835821, 0.2537313432835821, 0.2537313432835821, 0.2537313432835821, 0.2537313432835821, 0.2537313432835821, 0.2537313432835821, 0.2537313432835821, 0.2537313432835821, 0.2537313432835821, 0.2537313432835821, 0.2537313432835821, 0.2537313432835821, 0.2537313432835821, 0.2537313432835821, 0.2537313432835821, 0.2537313432835821, 0.2537313432835821, 0.2537313432835821, 0.2537313432835821, 0.2537313432835821, 0.2537313432835821, 0.2537313432835821, 0.2537313432835821, 0.2537313432835821, 0.2537313432835821, 0.2537313432835821, 0.2537313432835821, 0.2537313432835821, 0.2537313432835821, 0.2537313432835821]",0.0,256,268435456,16777216,64,1,285212672,4387887.261538462,4194304.0,16777216.0,0,0,0,prefix,"[[0, 1, 2, 3, 4, 5, 6, 7], [0, 1, 2, 3, 4, 5, 6, 7], [0, 1, 2, 3, 4, 5, 6, 7], [0, 1, 2, 3, 4, 5, 6, 7], [0, 1, 2, 3, 4, 5, 6, 7], [0, 1, 2, 3, 4, 5, 6, 7], [0, 1, 2, 3, 4, 5, 6, 7], [0, 1, 2, 3, 4, 5, 6, 7], [0, 1, 2, 3, 4, 5, 6, 7], [0, 1, 2, 3, 4, 5, 6, 7], [0, 1, 2, 3, 4, 5, 6, 7], [0, 1, 2, 3, 4, 5, 6, 7], [0, 1, 2, 3, 4, 5, 6, 7], [0, 1, 2, 3, 4, 5, 6, 7], [0, 1, 2, 3, 4, 5, 6, 7], [0, 1, 2, 3, 4, 5, 6, 7], [0, 1, 2, 3, 4, 5, 6, 7], [0, 1, 2, 3, 4, 5, 6, 7], [0, 1, 2, 3, 4, 5, 6, 7], [0, 1, 2, 3, 4, 5, 6, 7], [0, 1, 2, 3, 4, 5, 6, 7], [0, 1, 2, 3, 4, 5, 6, 7], [0, 1, 2, 3, 4, 5, 6, 7], [0, 1, 2, 3, 4, 5, 6, 7], [0, 1, 2, 3, 4, 5, 6, 7], [0, 1, 2, 3, 4, 5, 6, 7], [0, 1, 2, 3, 4, 5, 6, 7], [0, 1, 2, 3, 4, 5, 6, 7], [0, 1, 2, 3, 4, 5, 6, 7], [0, 1, 2, 3, 4, 5, 6, 7], [0, 1, 2, 3, 4, 5, 6, 7], [0, 1, 2, 3, 4, 5, 6, 7]]",sidecar,True,raster,0
gqa,fullload,FullLoad,1.0,full,n133585,202107840,Are there any boys to the right of the fat person?,Yes,"[""yes""]",1.0,3869,2,raster,0,fullload,,376.94774626288563,,,619.6987540461123,624.3790050502867,19.728204933926463,644.1072099842131,1124073472,2176,64,,574.7153190895915,,,1.0,1.0,null,0.0,,1124073472,0,64,0,1124073472,17563648.0,17563648.0,0.0,,,,,null,,,,0
gqa,layout_prefix_chunk,Layout+Prefix,0.25,chunk,n133585,202107840,Are there any boys to the right of the fat person?,The image shows three individuals on a sidewalk. The person in the foreground,"[""yes""]",0.0,450,16,raster,0,prefix,0.20191213116049767,157.44142851326615,43.67633629590273,228.43365895096213,43.73202193528414,272.2276129061356,270.6863640341908,542.9139769403264,285212672,512,65,179.18967246077955,0.0,8.0,34,0.23529411764705882,0.2537313432835821,"[0.2537313432835821, 0.2537313432835821, 0.2537313432835821, 0.2537313432835821, 0.2537313432835821, 0.2537313432835821, 0.2537313432835821, 0.2537313432835821, 0.2537313432835821, 0.2537313432835821, 0.2537313432835821, 0.2537313432835821, 0.2537313432835821, 0.2537313432835821, 0.2537313432835821, 0.2537313432835821, 0.2537313432835821, 0.2537313432835821, 0.2537313432835821, 0.2537313432835821, 0.2537313432835821, 0.2537313432835821, 0.2537313432835821, 0.2537313432835821, 0.2537313432835821, 0.2537313432835821, 0.2537313432835821, 0.2537313432835821, 0.2537313432835821, 0.2537313432835821, 0.2537313432835821, 0.2537313432835821]",0.0,256,268435456,16777216,64,1,285212672,4387887.261538462,4194304.0,16777216.0,0,0,0,prefix,"[[0, 1, 2, 3, 4, 5, 6, 7], [0, 1, 2, 3, 4, 5, 6, 7], [0, 1, 2, 3, 4, 5, 6, 7], [0, 1, 2, 3, 4, 5, 6, 7], [0, 1, 2, 3, 4, 5, 6, 7], [0, 1, 2, 3, 4, 5, 6, 7], [0, 1, 2, 3, 4, 5, 6, 7], [0, 1, 2, 3, 4, 5, 6, 7], [0, 1, 2, 3, 4, 5, 6, 7], [0, 1, 2, 3, 4, 5, 6, 7], [0, 1, 2, 3, 4, 5, 6, 7], [0, 1, 2, 3, 4, 5, 6, 7], [0, 1, 2, 3, 4, 5, 6, 7], [0, 1, 2, 3, 4, 5, 6, 7], [0, 1, 2, 3, 4, 5, 6, 7], [0, 1, 2, 3, 4, 5, 6, 7], [0, 1, 2, 3, 4, 5, 6, 7], [0, 1, 2, 3, 4, 5, 6, 7], [0, 1, 2, 3, 4, 5, 6, 7], [0, 1, 2, 3, 4, 5, 6, 7], [0, 1, 2, 3, 4, 5, 6, 7], [0, 1, 2, 3, 4, 5, 6, 7], [0, 1, 2, 3, 4, 5, 6, 7], [0, 1, 2, 3, 4, 5, 6, 7], [0, 1, 2, 3, 4, 5, 6, 7], [0, 1, 2, 3, 4, 5, 6, 7], [0, 1, 2, 3, 4, 5, 6, 7], [0, 1, 2, 3, 4, 5, 6, 7], [0, 1, 2, 3, 4, 5, 6, 7], [0, 1, 2, 3, 4, 5, 6, 7], [0, 1, 2, 3, 4, 5, 6, 7], [0, 1, 2, 3, 4, 5, 6, 7]]",sidecar,True,raster,0
gqa,fullload,FullLoad,1.0,full,n133585,202107827,Who wears a shirt?,Boy,"[""boy""]",1.0,16231,2,raster,0,fullload,,415.09004833642393,,,671.7154419748113,676.3658019481227,19.143279059790075,695.5090810079128,1124073472,2176,64,,617.3489617649466,,,1.0,1.0,null,0.0,,1124073472,0,64,0,1124073472,17563648.0,17563648.0,0.0,,,,,null,,,,0
gqa,layout_prefix_chunk,Layout+Prefix,0.25,chunk,n133585,202107827,Who wears a shirt?,The image shows three young people on a sidewalk. The person in the for,"[""boy""]",0.0,450,16,raster,0,prefix,0.26097928639501333,158.6660532047972,50.89462921023369,242.81528091523796,34.268095972947776,277.1308139199391,268.2254770770669,545.356290997006,285212672,512,65,185.93983014579862,0.0,8.0,34,0.23529411764705882,0.2537313432835821,"[0.2537313432835821, 0.2537313432835821, 0.2537313432835821, 0.2537313432835821, 0.2537313432835821, 0.2537313432835821, 0.2537313432835821, 0.2537313432835821, 0.2537313432835821, 0.2537313432835821, 0.2537313432835821, 0.2537313432835821, 0.2537313432835821, 0.2537313432835821, 0.2537313432835821, 0.2537313432835821, 0.2537313432835821, 0.2537313432835821, 0.2537313432835821, 0.2537313432835821, 0.2537313432835821, 0.2537313432835821, 0.2537313432835821, 0.2537313432835821, 0.2537313432835821, 0.2537313432835821, 0.2537313432835821, 0.2537313432835821, 0.2537313432835821, 0.2537313432835821, 0.2537313432835821, 0.2537313432835821]",0.0,256,268435456,16777216,64,1,285212672,4387887.261538462,4194304.0,16777216.0,0,0,0,prefix,"[[0, 1, 2, 3, 4, 5, 6, 7], [0, 1, 2, 3, 4, 5, 6, 7], [0, 1, 2, 3, 4, 5, 6, 7], [0, 1, 2, 3, 4, 5, 6, 7], [0, 1, 2, 3, 4, 5, 6, 7], [0, 1, 2, 3, 4, 5, 6, 7], [0, 1, 2, 3, 4, 5, 6, 7], [0, 1, 2, 3, 4, 5, 6, 7], [0, 1, 2, 3, 4, 5, 6, 7], [0, 1, 2, 3, 4, 5, 6, 7], [0, 1, 2, 3, 4, 5, 6, 7], [0, 1, 2, 3, 4, 5, 6, 7], [0, 1, 2, 3, 4, 5, 6, 7], [0, 1, 2, 3, 4, 5, 6, 7], [0, 1, 2, 3, 4, 5, 6, 7], [0, 1, 2, 3, 4, 5, 6, 7], [0, 1, 2, 3, 4, 5, 6, 7], [0, 1, 2, 3, 4, 5, 6, 7], [0, 1, 2, 3, 4, 5, 6, 7], [0, 1, 2, 3, 4, 5, 6, 7], [0, 1, 2, 3, 4, 5, 6, 7], [0, 1, 2, 3, 4, 5, 6, 7], [0, 1, 2, 3, 4, 5, 6, 7], [0, 1, 2, 3, 4, 5, 6, 7], [0, 1, 2, 3, 4, 5, 6, 7], [0, 1, 2, 3, 4, 5, 6, 7], [0, 1, 2, 3, 4, 5, 6, 7], [0, 1, 2, 3, 4, 5, 6, 7], [0, 1, 2, 3, 4, 5, 6, 7], [0, 1, 2, 3, 4, 5, 6, 7], [0, 1, 2, 3, 4, 5, 6, 7], [0, 1, 2, 3, 4, 5, 6, 7]]",sidecar,True,raster,0
gqa,fullload,FullLoad,1.0,full,n133585,202107931,Is the person to the left of the boy wearing jeans?,No,"[""no""]",1.0,1939,2,raster,0,fullload,,387.96897942665964,,,624.2954620392993,628.9173980476335,19.388910965062678,648.3063090126961,1124073472,2176,64,,578.306628856808,,,1.0,1.0,null,0.0,,1124073472,0,64,0,1124073472,17563648.0,17563648.0,0.0,,,,,null,,,,0
gqa,layout_prefix_chunk,Layout+Prefix,0.25,chunk,n133585,202107931,Is the person to the left of the boy wearing jeans?,The image shows three young people on a sidewalk. The person in the for,"[""no""]",0.0,450,16,raster,0,prefix,0.21302001550793648,161.35159390978515,45.76310224365443,235.10715703014284,59.613641002215445,294.76735298521817,277.7159869438037,572.4833399290219,285212672,512,65,183.75301698688418,0.0,8.0,34,0.23529411764705882,0.2537313432835821,"[0.2537313432835821, 0.2537313432835821, 0.2537313432835821, 0.2537313432835821, 0.2537313432835821, 0.2537313432835821, 0.2537313432835821, 0.2537313432835821, 0.2537313432835821, 0.2537313432835821, 0.2537313432835821, 0.2537313432835821, 0.2537313432835821, 0.2537313432835821, 0.2537313432835821, 0.2537313432835821, 0.2537313432835821, 0.2537313432835821, 0.2537313432835821, 0.2537313432835821, 0.2537313432835821, 0.2537313432835821, 0.2537313432835821, 0.2537313432835821, 0.2537313432835821, 0.2537313432835821, 0.2537313432835821, 0.2537313432835821, 0.2537313432835821, 0.2537313432835821, 0.2537313432835821, 0.2537313432835821]",0.0,256,268435456,16777216,64,1,285212672,4387887.261538462,4194304.0,16777216.0,0,0,0,prefix,"[[0, 1, 2, 3, 4, 5, 6, 7], [0, 1, 2, 3, 4, 5, 6, 7], [0, 1, 2, 3, 4, 5, 6, 7], [0, 1, 2, 3, 4, 5, 6, 7], [0, 1, 2, 3, 4, 5, 6, 7], [0, 1, 2, 3, 4, 5, 6, 7], [0, 1, 2, 3, 4, 5, 6, 7], [0, 1, 2, 3, 4, 5, 6, 7], [0, 1, 2, 3, 4, 5, 6, 7], [0, 1, 2, 3, 4, 5, 6, 7], [0, 1, 2, 3, 4, 5, 6, 7], [0, 1, 2, 3, 4, 5, 6, 7], [0, 1, 2, 3, 4, 5, 6, 7], [0, 1, 2, 3, 4, 5, 6, 7], [0, 1, 2, 3, 4, 5, 6, 7], [0, 1, 2, 3, 4, 5, 6, 7], [0, 1, 2, 3, 4, 5, 6, 7], [0, 1, 2, 3, 4, 5, 6, 7], [0, 1, 2, 3, 4, 5, 6, 7], [0, 1, 2, 3, 4, 5, 6, 7], [0, 1, 2, 3, 4, 5, 6, 7], [0, 1, 2, 3, 4, 5, 6, 7], [0, 1, 2, 3, 4, 5, 6, 7], [0, 1, 2, 3, 4, 5, 6, 7], [0, 1, 2, 3, 4, 5, 6, 7], [0, 1, 2, 3, 4, 5, 6, 7], [0, 1, 2, 3, 4, 5, 6, 7], [0, 1, 2, 3, 4, 5, 6, 7], [0, 1, 2, 3, 4, 5, 6, 7], [0, 1, 2, 3, 4, 5, 6, 7], [0, 1, 2, 3, 4, 5, 6, 7], [0, 1, 2, 3, 4, 5, 6, 7]]",sidecar,True,raster,0
gqa,fullload,FullLoad,1.0,full,n133585,202107938,Is the fat person to the right or to the left of the boy that is wearing pants?,Right,"[""left""]",0.0,10428,2,raster,0,fullload,,432.24897782783955,,,709.9582699593157,714.6397120086476,49.07624609768391,763.7159581063315,1124073472,2176,64,,646.8391290400177,,,1.0,1.0,null,0.0,,1124073472,0,64,0,1124073472,17563648.0,17563648.0,0.0,,,,,null,,,,0
gqa,layout_prefix_chunk,Layout+Prefix,0.25,chunk,n133585,202107938,Is the fat person to the right or to the left of the boy that is wearing pants?,The boy on the right is wearing a blue beanie and a black tank,"[""left""]",0.0,450,16,raster,0,prefix,0.23764371871948242,186.13421730697155,51.129782921634614,269.3200500216335,42.175117996521294,311.56083510722965,267.0046509010717,578.5654860083014,285212672,512,65,212.36731426324695,0.0,8.0,34,0.23529411764705882,0.2537313432835821,"[0.2537313432835821, 0.2537313432835821, 0.2537313432835821, 0.2537313432835821, 0.2537313432835821, 0.2537313432835821, 0.2537313432835821, 0.2537313432835821, 0.2537313432835821, 0.2537313432835821, 0.2537313432835821, 0.2537313432835821, 0.2537313432835821, 0.2537313432835821, 0.2537313432835821, 0.2537313432835821, 0.2537313432835821, 0.2537313432835821, 0.2537313432835821, 0.2537313432835821, 0.2537313432835821, 0.2537313432835821, 0.2537313432835821, 0.2537313432835821, 0.2537313432835821, 0.2537313432835821, 0.2537313432835821, 0.2537313432835821, 0.2537313432835821, 0.2537313432835821, 0.2537313432835821, 0.2537313432835821]",0.0,256,268435456,16777216,64,1,285212672,4387887.261538462,4194304.0,16777216.0,0,0,0,prefix,"[[0, 1, 2, 3, 4, 5, 6, 7], [0, 1, 2, 3, 4, 5, 6, 7], [0, 1, 2, 3, 4, 5, 6, 7], [0, 1, 2, 3, 4, 5, 6, 7], [0, 1, 2, 3, 4, 5, 6, 7], [0, 1, 2, 3, 4, 5, 6, 7], [0, 1, 2, 3, 4, 5, 6, 7], [0, 1, 2, 3, 4, 5, 6, 7], [0, 1, 2, 3, 4, 5, 6, 7], [0, 1, 2, 3, 4, 5, 6, 7], [0, 1, 2, 3, 4, 5, 6, 7], [0, 1, 2, 3, 4, 5, 6, 7], [0, 1, 2, 3, 4, 5, 6, 7], [0, 1, 2, 3, 4, 5, 6, 7], [0, 1, 2, 3, 4, 5, 6, 7], [0, 1, 2, 3, 4, 5, 6, 7], [0, 1, 2, 3, 4, 5, 6, 7], [0, 1, 2, 3, 4, 5, 6, 7], [0, 1, 2, 3, 4, 5, 6, 7], [0, 1, 2, 3, 4, 5, 6, 7], [0, 1, 2, 3, 4, 5, 6, 7], [0, 1, 2, 3, 4, 5, 6, 7], [0, 1, 2, 3, 4, 5, 6, 7], [0, 1, 2, 3, 4, 5, 6, 7], [0, 1, 2, 3, 4, 5, 6, 7], [0, 1, 2, 3, 4, 5, 6, 7], [0, 1, 2, 3, 4, 5, 6, 7], [0, 1, 2, 3, 4, 5, 6, 7], [0, 1, 2, 3, 4, 5, 6, 7], [0, 1, 2, 3, 4, 5, 6, 7], [0, 1, 2, 3, 4, 5, 6, 7], [0, 1, 2, 3, 4, 5, 6, 7]]",sidecar,True,raster,0
gqa,fullload,FullLoad,1.0,full,n133585,202107808,Who is standing?,Boy,"[""boy""]",1.0,16231,2,raster,0,fullload,,419.3707308731973,,,668.1679680477828,672.8901020251215,19.067854969762266,691.9579569948837,1124073472,2176,64,,617.278755409643,,,1.0,1.0,null,0.0,,1124073472,0,64,0,1124073472,17563648.0,17563648.0,0.0,,,,,null,,,,0
gqa,layout_prefix_chunk,Layout+Prefix,0.25,chunk,n133585,202107808,Who is standing?,The image shows three young people on a sidewalk. The person in the for,"[""boy""]",0.0,450,16,raster,0,prefix,0.30430941842496395,166.97704489342868,48.014790867455304,248.5629509901628,37.36100497189909,285.97837197594345,289.93231209460646,575.9106840705499,285212672,512,65,194.2263167584315,0.0,8.0,34,0.23529411764705882,0.2537313432835821,"[0.2537313432835821, 0.2537313432835821, 0.2537313432835821, 0.2537313432835821, 0.2537313432835821, 0.2537313432835821, 0.2537313432835821, 0.2537313432835821, 0.2537313432835821, 0.2537313432835821, 0.2537313432835821, 0.2537313432835821, 0.2537313432835821, 0.2537313432835821, 0.2537313432835821, 0.2537313432835821, 0.2537313432835821, 0.2537313432835821, 0.2537313432835821, 0.2537313432835821, 0.2537313432835821, 0.2537313432835821, 0.2537313432835821, 0.2537313432835821, 0.2537313432835821, 0.2537313432835821, 0.2537313432835821, 0.2537313432835821, 0.2537313432835821, 0.2537313432835821, 0.2537313432835821, 0.2537313432835821]",0.0,256,268435456,16777216,64,1,285212672,4387887.261538462,4194304.0,16777216.0,0,0,0,prefix,"[[0, 1, 2, 3, 4, 5, 6, 7], [0, 1, 2, 3, 4, 5, 6, 7], [0, 1, 2, 3, 4, 5, 6, 7], [0, 1, 2, 3, 4, 5, 6, 7], [0, 1, 2, 3, 4, 5, 6, 7], [0, 1, 2, 3, 4, 5, 6, 7], [0, 1, 2, 3, 4, 5, 6, 7], [0, 1, 2, 3, 4, 5, 6, 7], [0, 1, 2, 3, 4, 5, 6, 7], [0, 1, 2, 3, 4, 5, 6, 7], [0, 1, 2, 3, 4, 5, 6, 7], [0, 1, 2, 3, 4, 5, 6, 7], [0, 1, 2, 3, 4, 5, 6, 7], [0, 1, 2, 3, 4, 5, 6, 7], [0, 1, 2, 3, 4, 5, 6, 7], [0, 1, 2, 3, 4, 5, 6, 7], [0, 1, 2, 3, 4, 5, 6, 7], [0, 1, 2, 3, 4, 5, 6, 7], [0, 1, 2, 3, 4, 5, 6, 7], [0, 1, 2, 3, 4, 5, 6, 7], [0, 1, 2, 3, 4, 5, 6, 7], [0, 1, 2, 3, 4, 5, 6, 7], [0, 1, 2, 3, 4, 5, 6, 7], [0, 1, 2, 3, 4, 5, 6, 7], [0, 1, 2, 3, 4, 5, 6, 7], [0, 1, 2, 3, 4, 5, 6, 7], [0, 1, 2, 3, 4, 5, 6, 7], [0, 1, 2, 3, 4, 5, 6, 7], [0, 1, 2, 3, 4, 5, 6, 7], [0, 1, 2, 3, 4, 5, 6, 7], [0, 1, 2, 3, 4, 5, 6, 7], [0, 1, 2, 3, 4, 5, 6, 7]]",sidecar,True,raster,0
gqa,fullload,FullLoad,1.0,full,n272098,201535625,How is that food called?,Donut,"[""donuts""]",0.0,3872,3,raster,0,fullload,,549.0133597049862,,,960.4219939792529,966.1036689067259,37.92452404741198,1004.0281929541379,1535115264,2944,64,,885.2147937286645,,,1.0,1.0,null,0.0,,1535115264,0,64,0,1535115264,23986176.0,23986176.0,0.0,,,,,null,,,,0
gqa,layout_prefix_chunk,Layout+Prefix,0.25,chunk,n272098,201535625,How is that food called?,The woman in the image is smiling and holding a box of Krispy,"[""donuts""]",0.0,450,16,raster,0,prefix,0.32156112138181925,178.61060053110123,69.7599130216986,296.16467701271176,58.57738305348903,354.8066630028188,268.7373119406402,623.543974943459,427819008,768,65,219.14179192390293,0.0,12.0,46,0.2608695652173913,0.2776639344262295,"[0.2776639344262295, 0.2776639344262295, 0.2776639344262295, 0.2776639344262295, 0.2776639344262295, 0.2776639344262295, 0.2776639344262295, 0.2776639344262295, 0.2776639344262295, 0.2776639344262295, 0.2776639344262295, 0.2776639344262295, 0.2776639344262295, 0.2776639344262295, 0.2776639344262295, 0.2776639344262295, 0.2776639344262295, 0.2776639344262295, 0.2776639344262295, 0.2776639344262295, 0.2776639344262295, 0.2776639344262295, 0.2776639344262295, 0.2776639344262295, 0.2776639344262295, 0.2776639344262295, 0.2776639344262295, 0.2776639344262295, 0.2776639344262295, 0.2776639344262295, 0.2776639344262295, 0.2776639344262295]",0.0,384,402653184,25165824,64,1,427819008,6581830.892307692,6291456.0,25165824.0,0,0,0,prefix,"[[0, 1, 2, 3, 4, 5, 6, 7, 8, 9, 10, 11], [0, 1, 2, 3, 4, 5, 6, 7, 8, 9, 10, 11], [0, 1, 2, 3, 4, 5, 6, 7, 8, 9, 10, 11], [0, 1, 2, 3, 4, 5, 6, 7, 8, 9, 10, 11], [0, 1, 2, 3, 4, 5, 6, 7, 8, 9, 10, 11], [0, 1, 2, 3, 4, 5, 6, 7, 8, 9, 10, 11], [0, 1, 2, 3, 4, 5, 6, 7, 8, 9, 10, 11], [0, 1, 2, 3, 4, 5, 6, 7, 8, 9, 10, 11], [0, 1, 2, 3, 4, 5, 6, 7, 8, 9, 10, 11], [0, 1, 2, 3, 4, 5, 6, 7, 8, 9, 10, 11], [0, 1, 2, 3, 4, 5, 6, 7, 8, 9, 10, 11], [0, 1, 2, 3, 4, 5, 6, 7, 8, 9, 10, 11], [0, 1, 2, 3, 4, 5, 6, 7, 8, 9, 10, 11], [0, 1, 2, 3, 4, 5, 6, 7, 8, 9, 10, 11], [0, 1, 2, 3, 4, 5, 6, 7, 8, 9, 10, 11], [0, 1, 2, 3, 4, 5, 6, 7, 8, 9, 10, 11], [0, 1, 2, 3, 4, 5, 6, 7, 8, 9, 10, 11], [0, 1, 2, 3, 4, 5, 6, 7, 8, 9, 10, 11], [0, 1, 2, 3, 4, 5, 6, 7, 8, 9, 10, 11], [0, 1, 2, 3, 4, 5, 6, 7, 8, 9, 10, 11], [0, 1, 2, 3, 4, 5, 6, 7, 8, 9, 10, 11], [0, 1, 2, 3, 4, 5, 6, 7, 8, 9, 10, 11], [0, 1, 2, 3, 4, 5, 6, 7, 8, 9, 10, 11], [0, 1, 2, 3, 4, 5, 6, 7, 8, 9, 10, 11], [0, 1, 2, 3, 4, 5, 6, 7, 8, 9, 10, 11], [0, 1, 2, 3, 4, 5, 6, 7, 8, 9, 10, 11], [0, 1, 2, 3, 4, 5, 6, 7, 8, 9, 10, 11], [0, 1, 2, 3, 4, 5, 6, 7, 8, 9, 10, 11], [0, 1, 2, 3, 4, 5, 6, 7, 8, 9, 10, 11], [0, 1, 2, 3, 4, 5, 6, 7, 8, 9, 10, 11], [0, 1, 2, 3, 4, 5, 6, 7, 8, 9, 10, 11], [0, 1, 2, 3, 4, 5, 6, 7, 8, 9, 10, 11]]",sidecar,True,raster,0
gqa,fullload,FullLoad,1.0,full,n272098,201535624,What kind of baked good is it?,Donut,"[""donuts""]",0.0,3872,3,raster,0,fullload,,498.3963337726891,,,815.8498379634693,821.3568240171298,37.87854907568544,859.2353730928153,1535115264,2944,64,,769.0140760969371,,,1.0,1.0,null,0.0,,1535115264,0,64,0,1535115264,23986176.0,23986176.0,0.0,,,,,null,,,,0
gqa,layout_prefix_chunk,Layout+Prefix,0.25,chunk,n272098,201535624,What kind of baked good is it?,The woman in the image is smiling and holding a box of Krispy,"[""donuts""]",0.0,450,16,raster,0,prefix,0.35497115459293127,227.9843247961253,69.530994980596,347.3700530594215,36.59539599902928,384.02068603318185,271.5781410224736,655.5988270556554,427819008,768,65,270.63651906792074,0.0,12.0,46,0.2608695652173913,0.2776639344262295,"[0.2776639344262295, 0.2776639344262295, 0.2776639344262295, 0.2776639344262295, 0.2776639344262295, 0.2776639344262295, 0.2776639344262295, 0.2776639344262295, 0.2776639344262295, 0.2776639344262295, 0.2776639344262295, 0.2776639344262295, 0.2776639344262295, 0.2776639344262295, 0.2776639344262295, 0.2776639344262295, 0.2776639344262295, 0.2776639344262295, 0.2776639344262295, 0.2776639344262295, 0.2776639344262295, 0.2776639344262295, 0.2776639344262295, 0.2776639344262295, 0.2776639344262295, 0.2776639344262295, 0.2776639344262295, 0.2776639344262295, 0.2776639344262295, 0.2776639344262295, 0.2776639344262295, 0.2776639344262295]",0.0,384,402653184,25165824,64,1,427819008,6581830.892307692,6291456.0,25165824.0,0,0,0,prefix,"[[0, 1, 2, 3, 4, 5, 6, 7, 8, 9, 10, 11], [0, 1, 2, 3, 4, 5, 6, 7, 8, 9, 10, 11], [0, 1, 2, 3, 4, 5, 6, 7, 8, 9, 10, 11], [0, 1, 2, 3, 4, 5, 6, 7, 8, 9, 10, 11], [0, 1, 2, 3, 4, 5, 6, 7, 8, 9, 10, 11], [0, 1, 2, 3, 4, 5, 6, 7, 8, 9, 10, 11], [0, 1, 2, 3, 4, 5, 6, 7, 8, 9, 10, 11], [0, 1, 2, 3, 4, 5, 6, 7, 8, 9, 10, 11], [0, 1, 2, 3, 4, 5, 6, 7, 8, 9, 10, 11], [0, 1, 2, 3, 4, 5, 6, 7, 8, 9, 10, 11], [0, 1, 2, 3, 4, 5, 6, 7, 8, 9, 10, 11], [0, 1, 2, 3, 4, 5, 6, 7, 8, 9, 10, 11], [0, 1, 2, 3, 4, 5, 6, 7, 8, 9, 10, 11], [0, 1, 2, 3, 4, 5, 6, 7, 8, 9, 10, 11], [0, 1, 2, 3, 4, 5, 6, 7, 8, 9, 10, 11], [0, 1, 2, 3, 4, 5, 6, 7, 8, 9, 10, 11], [0, 1, 2, 3, 4, 5, 6, 7, 8, 9, 10, 11], [0, 1, 2, 3, 4, 5, 6, 7, 8, 9, 10, 11], [0, 1, 2, 3, 4, 5, 6, 7, 8, 9, 10, 11], [0, 1, 2, 3, 4, 5, 6, 7, 8, 9, 10, 11], [0, 1, 2, 3, 4, 5, 6, 7, 8, 9, 10, 11], [0, 1, 2, 3, 4, 5, 6, 7, 8, 9, 10, 11], [0, 1, 2, 3, 4, 5, 6, 7, 8, 9, 10, 11], [0, 1, 2, 3, 4, 5, 6, 7, 8, 9, 10, 11], [0, 1, 2, 3, 4, 5, 6, 7, 8, 9, 10, 11], [0, 1, 2, 3, 4, 5, 6, 7, 8, 9, 10, 11], [0, 1, 2, 3, 4, 5, 6, 7, 8, 9, 10, 11], [0, 1, 2, 3, 4, 5, 6, 7, 8, 9, 10, 11], [0, 1, 2, 3, 4, 5, 6, 7, 8, 9, 10, 11], [0, 1, 2, 3, 4, 5, 6, 7, 8, 9, 10, 11], [0, 1, 2, 3, 4, 5, 6, 7, 8, 9, 10, 11], [0, 1, 2, 3, 4, 5, 6, 7, 8, 9, 10, 11]]",sidecar,True,raster,0
gqa,fullload,FullLoad,1.0,full,n272098,201535627,How is the glazed food called?,Donut,"[""donuts""]",0.0,3872,3,raster,0,fullload,,536.5249272435904,,,869.9578030500561,875.463797012344,41.84527590405196,917.309072916396,1535115264,2944,64,,821.2728501530364,,,1.0,1.0,null,0.0,,1535115264,0,64,0,1535115264,23986176.0,23986176.0,0.0,,,,,null,,,,0
gqa,layout_prefix_chunk,Layout+Prefix,0.25,chunk,n272098,201535627,How is the glazed food called?,The woman in the image is smiling and holding a box of Krispy,"[""donuts""]",0.0,450,16,raster,0,prefix,0.33002905547618866,228.11683861073107,66.71987019944936,339.47902102954686,42.07091999705881,381.6127619938925,268.35779601242393,649.9705580063164,427819008,768,65,265.740369213745,0.0,12.0,46,0.2608695652173913,0.2776639344262295,"[0.2776639344262295, 0.2776639344262295, 0.2776639344262295, 0.2776639344262295, 0.2776639344262295, 0.2776639344262295, 0.2776639344262295, 0.2776639344262295, 0.2776639344262295, 0.2776639344262295, 0.2776639344262295, 0.2776639344262295, 0.2776639344262295, 0.2776639344262295, 0.2776639344262295, 0.2776639344262295, 0.2776639344262295, 0.2776639344262295, 0.2776639344262295, 0.2776639344262295, 0.2776639344262295, 0.2776639344262295, 0.2776639344262295, 0.2776639344262295, 0.2776639344262295, 0.2776639344262295, 0.2776639344262295, 0.2776639344262295, 0.2776639344262295, 0.2776639344262295, 0.2776639344262295, 0.2776639344262295]",0.0,384,402653184,25165824,64,1,427819008,6581830.892307692,6291456.0,25165824.0,0,0,0,prefix,"[[0, 1, 2, 3, 4, 5, 6, 7, 8, 9, 10, 11], [0, 1, 2, 3, 4, 5, 6, 7, 8, 9, 10, 11], [0, 1, 2, 3, 4, 5, 6, 7, 8, 9, 10, 11], [0, 1, 2, 3, 4, 5, 6, 7, 8, 9, 10, 11], [0, 1, 2, 3, 4, 5, 6, 7, 8, 9, 10, 11], [0, 1, 2, 3, 4, 5, 6, 7, 8, 9, 10, 11], [0, 1, 2, 3, 4, 5, 6, 7, 8, 9, 10, 11], [0, 1, 2, 3, 4, 5, 6, 7, 8, 9, 10, 11], [0, 1, 2, 3, 4, 5, 6, 7, 8, 9, 10, 11], [0, 1, 2, 3, 4, 5, 6, 7, 8, 9, 10, 11], [0, 1, 2, 3, 4, 5, 6, 7, 8, 9, 10, 11], [0, 1, 2, 3, 4, 5, 6, 7, 8, 9, 10, 11], [0, 1, 2, 3, 4, 5, 6, 7, 8, 9, 10, 11], [0, 1, 2, 3, 4, 5, 6, 7, 8, 9, 10, 11], [0, 1, 2, 3, 4, 5, 6, 7, 8, 9, 10, 11], [0, 1, 2, 3, 4, 5, 6, 7, 8, 9, 10, 11], [0, 1, 2, 3, 4, 5, 6, 7, 8, 9, 10, 11], [0, 1, 2, 3, 4, 5, 6, 7, 8, 9, 10, 11], [0, 1, 2, 3, 4, 5, 6, 7, 8, 9, 10, 11], [0, 1, 2, 3, 4, 5, 6, 7, 8, 9, 10, 11], [0, 1, 2, 3, 4, 5, 6, 7, 8, 9, 10, 11], [0, 1, 2, 3, 4, 5, 6, 7, 8, 9, 10, 11], [0, 1, 2, 3, 4, 5, 6, 7, 8, 9, 10, 11], [0, 1, 2, 3, 4, 5, 6, 7, 8, 9, 10, 11], [0, 1, 2, 3, 4, 5, 6, 7, 8, 9, 10, 11], [0, 1, 2, 3, 4, 5, 6, 7, 8, 9, 10, 11], [0, 1, 2, 3, 4, 5, 6, 7, 8, 9, 10, 11], [0, 1, 2, 3, 4, 5, 6, 7, 8, 9, 10, 11], [0, 1, 2, 3, 4, 5, 6, 7, 8, 9, 10, 11], [0, 1, 2, 3, 4, 5, 6, 7, 8, 9, 10, 11], [0, 1, 2, 3, 4, 5, 6, 7, 8, 9, 10, 11], [0, 1, 2, 3, 4, 5, 6, 7, 8, 9, 10, 11]]",sidecar,True,raster,0
gqa,fullload,FullLoad,1.0,full,n272098,201535605,Is the box different in color than the hat?,Yes,"[""no""]",0.0,3869,2,raster,0,fullload,,585.4136180132627,,,978.6327619804069,984.1132839210331,50.79048604238778,1034.903769963421,1535115264,2944,64,,917.8361321100965,,,1.0,1.0,null,0.0,,1535115264,0,64,0,1535115264,23986176.0,23986176.0,0.0,,,,,null,,,,0
gqa,layout_prefix_chunk,Layout+Prefix,0.25,chunk,n272098,201535605,Is the box different in color than the hat?,The woman in the image is smiling and holding a box of Krispy,"[""no""]",0.0,450,16,raster,0,prefix,0.30777405481785536,200.15873468946666,62.5512870028615,308.5978929884732,63.38842900004238,372.04989697784185,269.3799149710685,641.4298119489104,427819008,768,65,239.03412802610546,0.0,12.0,46,0.2608695652173913,0.2776639344262295,"[0.2776639344262295, 0.2776639344262295, 0.2776639344262295, 0.2776639344262295, 0.2776639344262295, 0.2776639344262295, 0.2776639344262295, 0.2776639344262295, 0.2776639344262295, 0.2776639344262295, 0.2776639344262295, 0.2776639344262295, 0.2776639344262295, 0.2776639344262295, 0.2776639344262295, 0.2776639344262295, 0.2776639344262295, 0.2776639344262295, 0.2776639344262295, 0.2776639344262295, 0.2776639344262295, 0.2776639344262295, 0.2776639344262295, 0.2776639344262295, 0.2776639344262295, 0.2776639344262295, 0.2776639344262295, 0.2776639344262295, 0.2776639344262295, 0.2776639344262295, 0.2776639344262295, 0.2776639344262295]",0.0,384,402653184,25165824,64,1,427819008,6581830.892307692,6291456.0,25165824.0,0,0,0,prefix,"[[0, 1, 2, 3, 4, 5, 6, 7, 8, 9, 10, 11], [0, 1, 2, 3, 4, 5, 6, 7, 8, 9, 10, 11], [0, 1, 2, 3, 4, 5, 6, 7, 8, 9, 10, 11], [0, 1, 2, 3, 4, 5, 6, 7, 8, 9, 10, 11], [0, 1, 2, 3, 4, 5, 6, 7, 8, 9, 10, 11], [0, 1, 2, 3, 4, 5, 6, 7, 8, 9, 10, 11], [0, 1, 2, 3, 4, 5, 6, 7, 8, 9, 10, 11], [0, 1, 2, 3, 4, 5, 6, 7, 8, 9, 10, 11], [0, 1, 2, 3, 4, 5, 6, 7, 8, 9, 10, 11], [0, 1, 2, 3, 4, 5, 6, 7, 8, 9, 10, 11], [0, 1, 2, 3, 4, 5, 6, 7, 8, 9, 10, 11], [0, 1, 2, 3, 4, 5, 6, 7, 8, 9, 10, 11], [0, 1, 2, 3, 4, 5, 6, 7, 8, 9, 10, 11], [0, 1, 2, 3, 4, 5, 6, 7, 8, 9, 10, 11], [0, 1, 2, 3, 4, 5, 6, 7, 8, 9, 10, 11], [0, 1, 2, 3, 4, 5, 6, 7, 8, 9, 10, 11], [0, 1, 2, 3, 4, 5, 6, 7, 8, 9, 10, 11], [0, 1, 2, 3, 4, 5, 6, 7, 8, 9, 10, 11], [0, 1, 2, 3, 4, 5, 6, 7, 8, 9, 10, 11], [0, 1, 2, 3, 4, 5, 6, 7, 8, 9, 10, 11], [0, 1, 2, 3, 4, 5, 6, 7, 8, 9, 10, 11], [0, 1, 2, 3, 4, 5, 6, 7, 8, 9, 10, 11], [0, 1, 2, 3, 4, 5, 6, 7, 8, 9, 10, 11], [0, 1, 2, 3, 4, 5, 6, 7, 8, 9, 10, 11], [0, 1, 2, 3, 4, 5, 6, 7, 8, 9, 10, 11], [0, 1, 2, 3, 4, 5, 6, 7, 8, 9, 10, 11], [0, 1, 2, 3, 4, 5, 6, 7, 8, 9, 10, 11], [0, 1, 2, 3, 4, 5, 6, 7, 8, 9, 10, 11], [0, 1, 2, 3, 4, 5, 6, 7, 8, 9, 10, 11], [0, 1, 2, 3, 4, 5, 6, 7, 8, 9, 10, 11], [0, 1, 2, 3, 4, 5, 6, 7, 8, 9, 10, 11], [0, 1, 2, 3, 4, 5, 6, 7, 8, 9, 10, 11]]",sidecar,True,raster,0
gqa,fullload,FullLoad,1.0,full,n272098,201535661,"How do the food to the left of the rope look, white or dark brown?",Dark brown,"[""dark brown""]",1.0,15317,3,raster,0,fullload,,542.0211259042844,,,896.2747600162402,901.8424389651045,50.87459099013358,952.7170299552381,1535115264,2944,64,,844.0038581611589,,,1.0,1.0,null,0.0,,1535115264,0,64,0,1535115264,23986176.0,23986176.0,0.0,,,,,null,,,,0
gqa,layout_prefix_chunk,Layout+Prefix,0.25,chunk,n272098,201535661,"How do the food to the left of the rope look, white or dark brown?",The girl is smiling.,"[""dark brown""]",0.0,450,7,raster,0,prefix,0.3236295888200402,202.51394377555698,63.512629945762455,311.13587401341647,63.34160501137376,374.542695004493,120.06749992724508,494.6101949317381,427819008,768,65,240.68541883025318,0.0,12.0,46,0.2608695652173913,0.2776639344262295,"[0.2776639344262295, 0.2776639344262295, 0.2776639344262295, 0.2776639344262295, 0.2776639344262295, 0.2776639344262295, 0.2776639344262295, 0.2776639344262295, 0.2776639344262295, 0.2776639344262295, 0.2776639344262295, 0.2776639344262295, 0.2776639344262295, 0.2776639344262295, 0.2776639344262295, 0.2776639344262295, 0.2776639344262295, 0.2776639344262295, 0.2776639344262295, 0.2776639344262295, 0.2776639344262295, 0.2776639344262295, 0.2776639344262295, 0.2776639344262295, 0.2776639344262295, 0.2776639344262295, 0.2776639344262295, 0.2776639344262295, 0.2776639344262295, 0.2776639344262295, 0.2776639344262295, 0.2776639344262295]",0.0,384,402653184,25165824,64,1,427819008,6581830.892307692,6291456.0,25165824.0,0,0,0,prefix,"[[0, 1, 2, 3, 4, 5, 6, 7, 8, 9, 10, 11], [0, 1, 2, 3, 4, 5, 6, 7, 8, 9, 10, 11], [0, 1, 2, 3, 4, 5, 6, 7, 8, 9, 10, 11], [0, 1, 2, 3, 4, 5, 6, 7, 8, 9, 10, 11], [0, 1, 2, 3, 4, 5, 6, 7, 8, 9, 10, 11], [0, 1, 2, 3, 4, 5, 6, 7, 8, 9, 10, 11], [0, 1, 2, 3, 4, 5, 6, 7, 8, 9, 10, 11], [0, 1, 2, 3, 4, 5, 6, 7, 8, 9, 10, 11], [0, 1, 2, 3, 4, 5, 6, 7, 8, 9, 10, 11], [0, 1, 2, 3, 4, 5, 6, 7, 8, 9, 10, 11], [0, 1, 2, 3, 4, 5, 6, 7, 8, 9, 10, 11], [0, 1, 2, 3, 4, 5, 6, 7, 8, 9, 10, 11], [0, 1, 2, 3, 4, 5, 6, 7, 8, 9, 10, 11], [0, 1, 2, 3, 4, 5, 6, 7, 8, 9, 10, 11], [0, 1, 2, 3, 4, 5, 6, 7, 8, 9, 10, 11], [0, 1, 2, 3, 4, 5, 6, 7, 8, 9, 10, 11], [0, 1, 2, 3, 4, 5, 6, 7, 8, 9, 10, 11], [0, 1, 2, 3, 4, 5, 6, 7, 8, 9, 10, 11], [0, 1, 2, 3, 4, 5, 6, 7, 8, 9, 10, 11], [0, 1, 2, 3, 4, 5, 6, 7, 8, 9, 10, 11], [0, 1, 2, 3, 4, 5, 6, 7, 8, 9, 10, 11], [0, 1, 2, 3, 4, 5, 6, 7, 8, 9, 10, 11], [0, 1, 2, 3, 4, 5, 6, 7, 8, 9, 10, 11], [0, 1, 2, 3, 4, 5, 6, 7, 8, 9, 10, 11], [0, 1, 2, 3, 4, 5, 6, 7, 8, 9, 10, 11], [0, 1, 2, 3, 4, 5, 6, 7, 8, 9, 10, 11], [0, 1, 2, 3, 4, 5, 6, 7, 8, 9, 10, 11], [0, 1, 2, 3, 4, 5, 6, 7, 8, 9, 10, 11], [0, 1, 2, 3, 4, 5, 6, 7, 8, 9, 10, 11], [0, 1, 2, 3, 4, 5, 6, 7, 8, 9, 10, 11], [0, 1, 2, 3, 4, 5, 6, 7, 8, 9, 10, 11], [0, 1, 2, 3, 4, 5, 6, 7, 8, 9, 10, 11]]",sidecar,True,raster,0
gqa,fullload,FullLoad,1.0,full,n272098,201535640,What food is frosted?,Donut,"[""donuts""]",0.0,3872,3,raster,0,fullload,,515.8922031987458,,,839.5039800088853,845.1073379255831,37.5699270516634,882.6772649772465,1535115264,2944,64,,791.3274695165455,,,1.0,1.0,null,0.0,,1535115264,0,64,0,1535115264,23986176.0,23986176.0,0.0,,,,,null,,,,0
gqa,layout_prefix_chunk,Layout+Prefix,0.25,chunk,n272098,201535640,What food is frosted?,The image shows a person holding a box of Krispy Kreme dough,"[""donuts""]",0.0,450,16,raster,0,prefix,0.3146741073578596,171.25717061571777,66.16698787547648,283.044641953893,37.34086197800934,320.43474493548274,273.4573760535568,593.8921209890395,427819008,768,65,209.76659993175417,0.0,12.0,46,0.2608695652173913,0.2776639344262295,"[0.2776639344262295, 0.2776639344262295, 0.2776639344262295, 0.2776639344262295, 0.2776639344262295, 0.2776639344262295, 0.2776639344262295, 0.2776639344262295, 0.2776639344262295, 0.2776639344262295, 0.2776639344262295, 0.2776639344262295, 0.2776639344262295, 0.2776639344262295, 0.2776639344262295, 0.2776639344262295, 0.2776639344262295, 0.2776639344262295, 0.2776639344262295, 0.2776639344262295, 0.2776639344262295, 0.2776639344262295, 0.2776639344262295, 0.2776639344262295, 0.2776639344262295, 0.2776639344262295, 0.2776639344262295, 0.2776639344262295, 0.2776639344262295, 0.2776639344262295, 0.2776639344262295, 0.2776639344262295]",0.0,384,402653184,25165824,64,1,427819008,6581830.892307692,6291456.0,25165824.0,0,0,0,prefix,"[[0, 1, 2, 3, 4, 5, 6, 7, 8, 9, 10, 11], [0, 1, 2, 3, 4, 5, 6, 7, 8, 9, 10, 11], [0, 1, 2, 3, 4, 5, 6, 7, 8, 9, 10, 11], [0, 1, 2, 3, 4, 5, 6, 7, 8, 9, 10, 11], [0, 1, 2, 3, 4, 5, 6, 7, 8, 9, 10, 11], [0, 1, 2, 3, 4, 5, 6, 7, 8, 9, 10, 11], [0, 1, 2, 3, 4, 5, 6, 7, 8, 9, 10, 11], [0, 1, 2, 3, 4, 5, 6, 7, 8, 9, 10, 11], [0, 1, 2, 3, 4, 5, 6, 7, 8, 9, 10, 11], [0, 1, 2, 3, 4, 5, 6, 7, 8, 9, 10, 11], [0, 1, 2, 3, 4, 5, 6, 7, 8, 9, 10, 11], [0, 1, 2, 3, 4, 5, 6, 7, 8, 9, 10, 11], [0, 1, 2, 3, 4, 5, 6, 7, 8, 9, 10, 11], [0, 1, 2, 3, 4, 5, 6, 7, 8, 9, 10, 11], [0, 1, 2, 3, 4, 5, 6, 7, 8, 9, 10, 11], [0, 1, 2, 3, 4, 5, 6, 7, 8, 9, 10, 11], [0, 1, 2, 3, 4, 5, 6, 7, 8, 9, 10, 11], [0, 1, 2, 3, 4, 5, 6, 7, 8, 9, 10, 11], [0, 1, 2, 3, 4, 5, 6, 7, 8, 9, 10, 11], [0, 1, 2, 3, 4, 5, 6, 7, 8, 9, 10, 11], [0, 1, 2, 3, 4, 5, 6, 7, 8, 9, 10, 11], [0, 1, 2, 3, 4, 5, 6, 7, 8, 9, 10, 11], [0, 1, 2, 3, 4, 5, 6, 7, 8, 9, 10, 11], [0, 1, 2, 3, 4, 5, 6, 7, 8, 9, 10, 11], [0, 1, 2, 3, 4, 5, 6, 7, 8, 9, 10, 11], [0, 1, 2, 3, 4, 5, 6, 7, 8, 9, 10, 11], [0, 1, 2, 3, 4, 5, 6, 7, 8, 9, 10, 11], [0, 1, 2, 3, 4, 5, 6, 7, 8, 9, 10, 11], [0, 1, 2, 3, 4, 5, 6, 7, 8, 9, 10, 11], [0, 1, 2, 3, 4, 5, 6, 7, 8, 9, 10, 11], [0, 1, 2, 3, 4, 5, 6, 7, 8, 9, 10, 11], [0, 1, 2, 3, 4, 5, 6, 7, 8, 9, 10, 11]]",sidecar,True,raster,0
gqa,fullload,FullLoad,1.0,full,n472825,202101069,What is the gender of the skateboarder to the right of the lamp?,Male,"[""female""]",0.0,27208,2,raster,0,fullload,,464.24737956840545,,,791.3667350076139,796.3031489634886,19.32529709301889,815.6284460565075,1226833920,2368,64,,747.6214467315003,,,1.0,1.0,null,0.0,,1226833920,0,64,0,1226833920,19169280.0,19169280.0,0.0,,,,,null,,,,0
gqa,layout_prefix_chunk,Layout+Prefix,0.25,chunk,n472825,202101069,What is the gender of the skateboarder to the right of the lamp?,The image shows two individuals performing a skateboarding trick on a stair,"[""female""]",0.0,450,16,raster,0,prefix,0.2822120441123843,176.65784852579236,55.85966643411666,270.4694449203089,41.45114996936172,311.98310491163284,269.7230300400406,581.7061349516734,320864256,576,65,208.46704486757517,0.0,9.0,37,0.24324324324324326,0.26153846153846155,"[0.26153846153846155, 0.26153846153846155, 0.26153846153846155, 0.26153846153846155, 0.26153846153846155, 0.26153846153846155, 0.26153846153846155, 0.26153846153846155, 0.26153846153846155, 0.26153846153846155, 0.26153846153846155, 0.26153846153846155, 0.26153846153846155, 0.26153846153846155, 0.26153846153846155, 0.26153846153846155, 0.26153846153846155, 0.26153846153846155, 0.26153846153846155, 0.26153846153846155, 0.26153846153846155, 0.26153846153846155, 0.26153846153846155, 0.26153846153846155, 0.26153846153846155, 0.26153846153846155, 0.26153846153846155, 0.26153846153846155, 0.26153846153846155, 0.26153846153846155, 0.26153846153846155, 0.26153846153846155]",0.0,288,301989888,18874368,64,1,320864256,4936373.169230769,4718592.0,18874368.0,0,0,0,prefix,"[[0, 1, 2, 3, 4, 5, 6, 7, 8], [0, 1, 2, 3, 4, 5, 6, 7, 8], [0, 1, 2, 3, 4, 5, 6, 7, 8], [0, 1, 2, 3, 4, 5, 6, 7, 8], [0, 1, 2, 3, 4, 5, 6, 7, 8], [0, 1, 2, 3, 4, 5, 6, 7, 8], [0, 1, 2, 3, 4, 5, 6, 7, 8], [0, 1, 2, 3, 4, 5, 6, 7, 8], [0, 1, 2, 3, 4, 5, 6, 7, 8], [0, 1, 2, 3, 4, 5, 6, 7, 8], [0, 1, 2, 3, 4, 5, 6, 7, 8], [0, 1, 2, 3, 4, 5, 6, 7, 8], [0, 1, 2, 3, 4, 5, 6, 7, 8], [0, 1, 2, 3, 4, 5, 6, 7, 8], [0, 1, 2, 3, 4, 5, 6, 7, 8], [0, 1, 2, 3, 4, 5, 6, 7, 8], [0, 1, 2, 3, 4, 5, 6, 7, 8], [0, 1, 2, 3, 4, 5, 6, 7, 8], [0, 1, 2, 3, 4, 5, 6, 7, 8], [0, 1, 2, 3, 4, 5, 6, 7, 8], [0, 1, 2, 3, 4, 5, 6, 7, 8], [0, 1, 2, 3, 4, 5, 6, 7, 8], [0, 1, 2, 3, 4, 5, 6, 7, 8], [0, 1, 2, 3, 4, 5, 6, 7, 8], [0, 1, 2, 3, 4, 5, 6, 7, 8], [0, 1, 2, 3, 4, 5, 6, 7, 8], [0, 1, 2, 3, 4, 5, 6, 7, 8], [0, 1, 2, 3, 4, 5, 6, 7, 8], [0, 1, 2, 3, 4, 5, 6, 7, 8], [0, 1, 2, 3, 4, 5, 6, 7, 8], [0, 1, 2, 3, 4, 5, 6, 7, 8], [0, 1, 2, 3, 4, 5, 6, 7, 8]]",sidecar,True,raster,0
gqa,fullload,FullLoad,1.0,full,n472825,202101167,Who is riding on a skateboard?,Boy,"[""skateboarder""]",0.0,16231,2,raster,0,fullload,,455.2218886092305,,,777.0665269345045,781.8761579692364,18.892335006967187,800.7684929762036,1226833920,2368,64,,735.3346602758393,,,1.0,1.0,null,0.0,,1226833920,0,64,0,1226833920,19169280.0,19169280.0,0.0,,,,,null,,,,0
gqa,layout_prefix_chunk,Layout+Prefix,0.25,chunk,n472825,202101167,Who is riding on a skateboard?,The image shows two individuals performing a skateboarding trick on a stair,"[""skateboarder""]",0.0,450,16,raster,0,prefix,0.16857986338436604,150.68910049740225,43.64490881562233,223.42795808799565,63.87146399356425,287.3626670334488,273.9122200291604,561.2748870626092,320864256,576,65,174.1152370814234,0.0,9.0,37,0.24324324324324326,0.26153846153846155,"[0.26153846153846155, 0.26153846153846155, 0.26153846153846155, 0.26153846153846155, 0.26153846153846155, 0.26153846153846155, 0.26153846153846155, 0.26153846153846155, 0.26153846153846155, 0.26153846153846155, 0.26153846153846155, 0.26153846153846155, 0.26153846153846155, 0.26153846153846155, 0.26153846153846155, 0.26153846153846155, 0.26153846153846155, 0.26153846153846155, 0.26153846153846155, 0.26153846153846155, 0.26153846153846155, 0.26153846153846155, 0.26153846153846155, 0.26153846153846155, 0.26153846153846155, 0.26153846153846155, 0.26153846153846155, 0.26153846153846155, 0.26153846153846155, 0.26153846153846155, 0.26153846153846155, 0.26153846153846155]",0.0,288,301989888,18874368,64,1,320864256,4936373.169230769,4718592.0,18874368.0,0,0,0,prefix,"[[0, 1, 2, 3, 4, 5, 6, 7, 8], [0, 1, 2, 3, 4, 5, 6, 7, 8], [0, 1, 2, 3, 4, 5, 6, 7, 8], [0, 1, 2, 3, 4, 5, 6, 7, 8], [0, 1, 2, 3, 4, 5, 6, 7, 8], [0, 1, 2, 3, 4, 5, 6, 7, 8], [0, 1, 2, 3, 4, 5, 6, 7, 8], [0, 1, 2, 3, 4, 5, 6, 7, 8], [0, 1, 2, 3, 4, 5, 6, 7, 8], [0, 1, 2, 3, 4, 5, 6, 7, 8], [0, 1, 2, 3, 4, 5, 6, 7, 8], [0, 1, 2, 3, 4, 5, 6, 7, 8], [0, 1, 2, 3, 4, 5, 6, 7, 8], [0, 1, 2, 3, 4, 5, 6, 7, 8], [0, 1, 2, 3, 4, 5, 6, 7, 8], [0, 1, 2, 3, 4, 5, 6, 7, 8], [0, 1, 2, 3, 4, 5, 6, 7, 8], [0, 1, 2, 3, 4, 5, 6, 7, 8], [0, 1, 2, 3, 4, 5, 6, 7, 8], [0, 1, 2, 3, 4, 5, 6, 7, 8], [0, 1, 2, 3, 4, 5, 6, 7, 8], [0, 1, 2, 3, 4, 5, 6, 7, 8], [0, 1, 2, 3, 4, 5, 6, 7, 8], [0, 1, 2, 3, 4, 5, 6, 7, 8], [0, 1, 2, 3, 4, 5, 6, 7, 8], [0, 1, 2, 3, 4, 5, 6, 7, 8], [0, 1, 2, 3, 4, 5, 6, 7, 8], [0, 1, 2, 3, 4, 5, 6, 7, 8], [0, 1, 2, 3, 4, 5, 6, 7, 8], [0, 1, 2, 3, 4, 5, 6, 7, 8], [0, 1, 2, 3, 4, 5, 6, 7, 8], [0, 1, 2, 3, 4, 5, 6, 7, 8]]",sidecar,True,raster,0
gqa,fullload,FullLoad,1.0,full,n472825,202101162,Who is wearing the jeans?,Boy,"[""skateboarder""]",0.0,16231,2,raster,0,fullload,,465.1679302332923,,,800.7575139636174,805.5939549813047,18.891070038080215,824.4850250193849,1226833920,2368,64,,757.002190221101,,,1.0,1.0,null,0.0,,1226833920,0,64,0,1226833920,19169280.0,19169280.0,0.0,,,,,null,,,,0
gqa,layout_prefix_chunk,Layout+Prefix,0.25,chunk,n472825,202101162,Who is wearing the jeans?,The image shows two individuals performing a skateboarding trick on a stair,"[""skateboarder""]",0.0,450,16,raster,0,prefix,0.25072041898965836,179.69619762152433,54.851568304002285,273.3172319130972,45.381305972114205,318.7607969157398,268.5774089768529,587.3382058925927,320864256,576,65,212.30227896012366,0.0,9.0,37,0.24324324324324326,0.26153846153846155,"[0.26153846153846155, 0.26153846153846155, 0.26153846153846155, 0.26153846153846155, 0.26153846153846155, 0.26153846153846155, 0.26153846153846155, 0.26153846153846155, 0.26153846153846155, 0.26153846153846155, 0.26153846153846155, 0.26153846153846155, 0.26153846153846155, 0.26153846153846155, 0.26153846153846155, 0.26153846153846155, 0.26153846153846155, 0.26153846153846155, 0.26153846153846155, 0.26153846153846155, 0.26153846153846155, 0.26153846153846155, 0.26153846153846155, 0.26153846153846155, 0.26153846153846155, 0.26153846153846155, 0.26153846153846155, 0.26153846153846155, 0.26153846153846155, 0.26153846153846155, 0.26153846153846155, 0.26153846153846155]",0.0,288,301989888,18874368,64,1,320864256,4936373.169230769,4718592.0,18874368.0,0,0,0,prefix,"[[0, 1, 2, 3, 4, 5, 6, 7, 8], [0, 1, 2, 3, 4, 5, 6, 7, 8], [0, 1, 2, 3, 4, 5, 6, 7, 8], [0, 1, 2, 3, 4, 5, 6, 7, 8], [0, 1, 2, 3, 4, 5, 6, 7, 8], [0, 1, 2, 3, 4, 5, 6, 7, 8], [0, 1, 2, 3, 4, 5, 6, 7, 8], [0, 1, 2, 3, 4, 5, 6, 7, 8], [0, 1, 2, 3, 4, 5, 6, 7, 8], [0, 1, 2, 3, 4, 5, 6, 7, 8], [0, 1, 2, 3, 4, 5, 6, 7, 8], [0, 1, 2, 3, 4, 5, 6, 7, 8], [0, 1, 2, 3, 4, 5, 6, 7, 8], [0, 1, 2, 3, 4, 5, 6, 7, 8], [0, 1, 2, 3, 4, 5, 6, 7, 8], [0, 1, 2, 3, 4, 5, 6, 7, 8], [0, 1, 2, 3, 4, 5, 6, 7, 8], [0, 1, 2, 3, 4, 5, 6, 7, 8], [0, 1, 2, 3, 4, 5, 6, 7, 8], [0, 1, 2, 3, 4, 5, 6, 7, 8], [0, 1, 2, 3, 4, 5, 6, 7, 8], [0, 1, 2, 3, 4, 5, 6, 7, 8], [0, 1, 2, 3, 4, 5, 6, 7, 8], [0, 1, 2, 3, 4, 5, 6, 7, 8], [0, 1, 2, 3, 4, 5, 6, 7, 8], [0, 1, 2, 3, 4, 5, 6, 7, 8], [0, 1, 2, 3, 4, 5, 6, 7, 8], [0, 1, 2, 3, 4, 5, 6, 7, 8], [0, 1, 2, 3, 4, 5, 6, 7, 8], [0, 1, 2, 3, 4, 5, 6, 7, 8], [0, 1, 2, 3, 4, 5, 6, 7, 8], [0, 1, 2, 3, 4, 5, 6, 7, 8]]",sidecar,True,raster,0
gqa,fullload,FullLoad,1.0,full,n472825,202101163,What is the skateboarder that is not female wearing?,Jeans,"[""jeans""]",1.0,2581,3,raster,0,fullload,,441.320254933089,,,732.6834759442136,737.5288419425488,37.52765501849353,775.0564969610423,1226833920,2368,64,,678.7930821301416,,,1.0,1.0,null,0.0,,1226833920,0,64,0,1226833920,19169280.0,19169280.0,0.0,,,,,null,,,,0
gqa,layout_prefix_chunk,Layout+Prefix,0.25,chunk,n472825,202101163,What is the skateboarder that is not female wearing?,The image shows two individuals performing a skateboarding trick on a stair,"[""jeans""]",0.0,450,16,raster,0,prefix,0.24478777777403593,174.45913515985012,55.53560226690024,267.9045930271968,41.29415797069669,309.26260398700833,272.6728920824826,581.9354960694909,320864256,576,65,206.3051686855033,0.0,9.0,37,0.24324324324324326,0.26153846153846155,"[0.26153846153846155, 0.26153846153846155, 0.26153846153846155, 0.26153846153846155, 0.26153846153846155, 0.26153846153846155, 0.26153846153846155, 0.26153846153846155, 0.26153846153846155, 0.26153846153846155, 0.26153846153846155, 0.26153846153846155, 0.26153846153846155, 0.26153846153846155, 0.26153846153846155, 0.26153846153846155, 0.26153846153846155, 0.26153846153846155, 0.26153846153846155, 0.26153846153846155, 0.26153846153846155, 0.26153846153846155, 0.26153846153846155, 0.26153846153846155, 0.26153846153846155, 0.26153846153846155, 0.26153846153846155, 0.26153846153846155, 0.26153846153846155, 0.26153846153846155, 0.26153846153846155, 0.26153846153846155]",0.0,288,301989888,18874368,64,1,320864256,4936373.169230769,4718592.0,18874368.0,0,0,0,prefix,"[[0, 1, 2, 3, 4, 5, 6, 7, 8], [0, 1, 2, 3, 4, 5, 6, 7, 8], [0, 1, 2, 3, 4, 5, 6, 7, 8], [0, 1, 2, 3, 4, 5, 6, 7, 8], [0, 1, 2, 3, 4, 5, 6, 7, 8], [0, 1, 2, 3, 4, 5, 6, 7, 8], [0, 1, 2, 3, 4, 5, 6, 7, 8], [0, 1, 2, 3, 4, 5, 6, 7, 8], [0, 1, 2, 3, 4, 5, 6, 7, 8], [0, 1, 2, 3, 4, 5, 6, 7, 8], [0, 1, 2, 3, 4, 5, 6, 7, 8], [0, 1, 2, 3, 4, 5, 6, 7, 8], [0, 1, 2, 3, 4, 5, 6, 7, 8], [0, 1, 2, 3, 4, 5, 6, 7, 8], [0, 1, 2, 3, 4, 5, 6, 7, 8], [0, 1, 2, 3, 4, 5, 6, 7, 8], [0, 1, 2, 3, 4, 5, 6, 7, 8], [0, 1, 2, 3, 4, 5, 6, 7, 8], [0, 1, 2, 3, 4, 5, 6, 7, 8], [0, 1, 2, 3, 4, 5, 6, 7, 8], [0, 1, 2, 3, 4, 5, 6, 7, 8], [0, 1, 2, 3, 4, 5, 6, 7, 8], [0, 1, 2, 3, 4, 5, 6, 7, 8], [0, 1, 2, 3, 4, 5, 6, 7, 8], [0, 1, 2, 3, 4, 5, 6, 7, 8], [0, 1, 2, 3, 4, 5, 6, 7, 8], [0, 1, 2, 3, 4, 5, 6, 7, 8], [0, 1, 2, 3, 4, 5, 6, 7, 8], [0, 1, 2, 3, 4, 5, 6, 7, 8], [0, 1, 2, 3, 4, 5, 6, 7, 8], [0, 1, 2, 3, 4, 5, 6, 7, 8], [0, 1, 2, 3, 4, 5, 6, 7, 8]]",sidecar,True,raster,0
gqa,fullload,FullLoad,1.0,full,n472825,202101161,Who is wearing jeans?,Boy,"[""skateboarder""]",0.0,16231,2,raster,0,fullload,,487.15112498030066,,,844.9054539669305,850.0064699910581,18.997463979758322,869.0039339708164,1226833920,2368,64,,796.9878434669226,,,1.0,1.0,null,0.0,,1226833920,0,64,0,1226833920,19169280.0,19169280.0,0.0,,,,,null,,,,0
gqa,layout_prefix_chunk,Layout+Prefix,0.25,chunk,n472825,202101161,Who is wearing jeans?,The image shows two individuals performing a skateboarding trick on a stair,"[""skateboarder""]",0.0,450,16,raster,0,prefix,0.16354105900973082,148.95346958655864,42.99668420571834,219.9523450108245,34.45630404166877,254.4616509694606,274.856697069481,529.3183480389416,320864256,576,65,171.4402079815045,0.0,9.0,37,0.24324324324324326,0.26153846153846155,"[0.26153846153846155, 0.26153846153846155, 0.26153846153846155, 0.26153846153846155, 0.26153846153846155, 0.26153846153846155, 0.26153846153846155, 0.26153846153846155, 0.26153846153846155, 0.26153846153846155, 0.26153846153846155, 0.26153846153846155, 0.26153846153846155, 0.26153846153846155, 0.26153846153846155, 0.26153846153846155, 0.26153846153846155, 0.26153846153846155, 0.26153846153846155, 0.26153846153846155, 0.26153846153846155, 0.26153846153846155, 0.26153846153846155, 0.26153846153846155, 0.26153846153846155, 0.26153846153846155, 0.26153846153846155, 0.26153846153846155, 0.26153846153846155, 0.26153846153846155, 0.26153846153846155, 0.26153846153846155]",0.0,288,301989888,18874368,64,1,320864256,4936373.169230769,4718592.0,18874368.0,0,0,0,prefix,"[[0, 1, 2, 3, 4, 5, 6, 7, 8], [0, 1, 2, 3, 4, 5, 6, 7, 8], [0, 1, 2, 3, 4, 5, 6, 7, 8], [0, 1, 2, 3, 4, 5, 6, 7, 8], [0, 1, 2, 3, 4, 5, 6, 7, 8], [0, 1, 2, 3, 4, 5, 6, 7, 8], [0, 1, 2, 3, 4, 5, 6, 7, 8], [0, 1, 2, 3, 4, 5, 6, 7, 8], [0, 1, 2, 3, 4, 5, 6, 7, 8], [0, 1, 2, 3, 4, 5, 6, 7, 8], [0, 1, 2, 3, 4, 5, 6, 7, 8], [0, 1, 2, 3, 4, 5, 6, 7, 8], [0, 1, 2, 3, 4, 5, 6, 7, 8], [0, 1, 2, 3, 4, 5, 6, 7, 8], [0, 1, 2, 3, 4, 5, 6, 7, 8], [0, 1, 2, 3, 4, 5, 6, 7, 8], [0, 1, 2, 3, 4, 5, 6, 7, 8], [0, 1, 2, 3, 4, 5, 6, 7, 8], [0, 1, 2, 3, 4, 5, 6, 7, 8], [0, 1, 2, 3, 4, 5, 6, 7, 8], [0, 1, 2, 3, 4, 5, 6, 7, 8], [0, 1, 2, 3, 4, 5, 6, 7, 8], [0, 1, 2, 3, 4, 5, 6, 7, 8], [0, 1, 2, 3, 4, 5, 6, 7, 8], [0, 1, 2, 3, 4, 5, 6, 7, 8], [0, 1, 2, 3, 4, 5, 6, 7, 8], [0, 1, 2, 3, 4, 5, 6, 7, 8], [0, 1, 2, 3, 4, 5, 6, 7, 8], [0, 1, 2, 3, 4, 5, 6, 7, 8], [0, 1, 2, 3, 4, 5, 6, 7, 8], [0, 1, 2, 3, 4, 5, 6, 7, 8], [0, 1, 2, 3, 4, 5, 6, 7, 8]]",sidecar,True,raster,0
gqa,fullload,FullLoad,1.0,full,n472825,202101149,Do you see a skateboarder that is not female?,Yes,"[""yes""]",1.0,3869,2,raster,0,fullload,,441.34468922857195,,,753.2331940019503,758.057406055741,18.867673934437335,776.9250799901783,1226833920,2368,64,,709.851237013936,,,1.0,1.0,null,0.0,,1226833920,0,64,0,1226833920,19169280.0,19169280.0,0.0,,,,,null,,,,0
gqa,layout_prefix_chunk,Layout+Prefix,0.25,chunk,n472825,202101149,Do you see a skateboarder that is not female?,The image shows two individuals performing a skateboarding trick on a stair,"[""yes""]",0.0,450,16,raster,0,prefix,0.1681946450844407,149.94723198469728,43.35883411113173,223.30369998235255,35.023216041736305,258.3693650085479,269.6947189979255,528.0640840064734,320864256,576,65,174.3612859863788,0.0,9.0,37,0.24324324324324326,0.26153846153846155,"[0.26153846153846155, 0.26153846153846155, 0.26153846153846155, 0.26153846153846155, 0.26153846153846155, 0.26153846153846155, 0.26153846153846155, 0.26153846153846155, 0.26153846153846155, 0.26153846153846155, 0.26153846153846155, 0.26153846153846155, 0.26153846153846155, 0.26153846153846155, 0.26153846153846155, 0.26153846153846155, 0.26153846153846155, 0.26153846153846155, 0.26153846153846155, 0.26153846153846155, 0.26153846153846155, 0.26153846153846155, 0.26153846153846155, 0.26153846153846155, 0.26153846153846155, 0.26153846153846155, 0.26153846153846155, 0.26153846153846155, 0.26153846153846155, 0.26153846153846155, 0.26153846153846155, 0.26153846153846155]",0.0,288,301989888,18874368,64,1,320864256,4936373.169230769,4718592.0,18874368.0,0,0,0,prefix,"[[0, 1, 2, 3, 4, 5, 6, 7, 8], [0, 1, 2, 3, 4, 5, 6, 7, 8], [0, 1, 2, 3, 4, 5, 6, 7, 8], [0, 1, 2, 3, 4, 5, 6, 7, 8], [0, 1, 2, 3, 4, 5, 6, 7, 8], [0, 1, 2, 3, 4, 5, 6, 7, 8], [0, 1, 2, 3, 4, 5, 6, 7, 8], [0, 1, 2, 3, 4, 5, 6, 7, 8], [0, 1, 2, 3, 4, 5, 6, 7, 8], [0, 1, 2, 3, 4, 5, 6, 7, 8], [0, 1, 2, 3, 4, 5, 6, 7, 8], [0, 1, 2, 3, 4, 5, 6, 7, 8], [0, 1, 2, 3, 4, 5, 6, 7, 8], [0, 1, 2, 3, 4, 5, 6, 7, 8], [0, 1, 2, 3, 4, 5, 6, 7, 8], [0, 1, 2, 3, 4, 5, 6, 7, 8], [0, 1, 2, 3, 4, 5, 6, 7, 8], [0, 1, 2, 3, 4, 5, 6, 7, 8], [0, 1, 2, 3, 4, 5, 6, 7, 8], [0, 1, 2, 3, 4, 5, 6, 7, 8], [0, 1, 2, 3, 4, 5, 6, 7, 8], [0, 1, 2, 3, 4, 5, 6, 7, 8], [0, 1, 2, 3, 4, 5, 6, 7, 8], [0, 1, 2, 3, 4, 5, 6, 7, 8], [0, 1, 2, 3, 4, 5, 6, 7, 8], [0, 1, 2, 3, 4, 5, 6, 7, 8], [0, 1, 2, 3, 4, 5, 6, 7, 8], [0, 1, 2, 3, 4, 5, 6, 7, 8], [0, 1, 2, 3, 4, 5, 6, 7, 8], [0, 1, 2, 3, 4, 5, 6, 7, 8], [0, 1, 2, 3, 4, 5, 6, 7, 8], [0, 1, 2, 3, 4, 5, 6, 7, 8]]",sidecar,True,raster,0
gqa,fullload,FullLoad,1.0,full,n450919,2093976,How clean is the mud near the grass?,Dirty,"[""dirty""]",1.0,360,3,raster,0,fullload,,481.2878450611606,,,823.6553480383009,828.7415930535644,37.06362994853407,865.8052230020985,1233125376,2368,64,,776.3550200033933,,,1.0,1.0,null,0.0,,1233125376,0,64,0,1233125376,19267584.0,19267584.0,0.0,,,,,null,,,,0
gqa,layout_prefix_chunk,Layout+Prefix,0.25,chunk,n450919,2093976,How clean is the mud near the grass?,The giraffe is sitting on the ground.,"[""dirty""]",0.0,450,11,raster,0,prefix,0.1958470093086362,194.7012812597677,48.60501363873482,276.3181970221922,59.59525401704013,335.97510994877666,179.49624208267778,515.4713520314544,327155712,576,65,221.94266424048692,0.0,9.0,37,0.24324324324324326,0.2653061224489796,"[0.2653061224489796, 0.2653061224489796, 0.2653061224489796, 0.2653061224489796, 0.2653061224489796, 0.2653061224489796, 0.2653061224489796, 0.2653061224489796, 0.2653061224489796, 0.2653061224489796, 0.2653061224489796, 0.2653061224489796, 0.2653061224489796, 0.2653061224489796, 0.2653061224489796, 0.2653061224489796, 0.2653061224489796, 0.2653061224489796, 0.2653061224489796, 0.2653061224489796, 0.2653061224489796, 0.2653061224489796, 0.2653061224489796, 0.2653061224489796, 0.2653061224489796, 0.2653061224489796, 0.2653061224489796, 0.2653061224489796, 0.2653061224489796, 0.2653061224489796, 0.2653061224489796, 0.2653061224489796]",0.0,288,301989888,25165824,64,1,327155712,5033164.8,4718592.0,25165824.0,0,0,0,prefix,"[[0, 1, 2, 3, 4, 5, 6, 7, 8], [0, 1, 2, 3, 4, 5, 6, 7, 8], [0, 1, 2, 3, 4, 5, 6, 7, 8], [0, 1, 2, 3, 4, 5, 6, 7, 8], [0, 1, 2, 3, 4, 5, 6, 7, 8], [0, 1, 2, 3, 4, 5, 6, 7, 8], [0, 1, 2, 3, 4, 5, 6, 7, 8], [0, 1, 2, 3, 4, 5, 6, 7, 8], [0, 1, 2, 3, 4, 5, 6, 7, 8], [0, 1, 2, 3, 4, 5, 6, 7, 8], [0, 1, 2, 3, 4, 5, 6, 7, 8], [0, 1, 2, 3, 4, 5, 6, 7, 8], [0, 1, 2, 3, 4, 5, 6, 7, 8], [0, 1, 2, 3, 4, 5, 6, 7, 8], [0, 1, 2, 3, 4, 5, 6, 7, 8], [0, 1, 2, 3, 4, 5, 6, 7, 8], [0, 1, 2, 3, 4, 5, 6, 7, 8], [0, 1, 2, 3, 4, 5, 6, 7, 8], [0, 1, 2, 3, 4, 5, 6, 7, 8], [0, 1, 2, 3, 4, 5, 6, 7, 8], [0, 1, 2, 3, 4, 5, 6, 7, 8], [0, 1, 2, 3, 4, 5, 6, 7, 8], [0, 1, 2, 3, 4, 5, 6, 7, 8], [0, 1, 2, 3, 4, 5, 6, 7, 8], [0, 1, 2, 3, 4, 5, 6, 7, 8], [0, 1, 2, 3, 4, 5, 6, 7, 8], [0, 1, 2, 3, 4, 5, 6, 7, 8], [0, 1, 2, 3, 4, 5, 6, 7, 8], [0, 1, 2, 3, 4, 5, 6, 7, 8], [0, 1, 2, 3, 4, 5, 6, 7, 8], [0, 1, 2, 3, 4, 5, 6, 7, 8], [0, 1, 2, 3, 4, 5, 6, 7, 8]]",sidecar,True,raster,0
gqa,fullload,FullLoad,1.0,full,n450919,2093757,The hat is what size?,Large,"[""small""]",0.0,8218,3,raster,0,fullload,,527.6700189569965,,,917.4887230619788,922.3473860183731,45.85480294190347,968.2021889602765,1233125376,2368,64,,863.2121391128749,,,1.0,1.0,null,0.0,,1233125376,0,64,0,1233125376,19267584.0,19267584.0,0.0,,,,,null,,,,0
gqa,layout_prefix_chunk,Layout+Prefix,0.25,chunk,n450919,2093757,The hat is what size?,The giraffe in the image is standing on a grassy area with a,"[""small""]",0.0,450,16,raster,0,prefix,0.2403769176453352,188.94993315916508,54.25543989986181,281.7173609510064,52.03833989799023,333.8187038898468,268.870365107432,602.6890689972788,327155712,576,65,221.44909971393645,0.0,9.0,37,0.24324324324324326,0.2653061224489796,"[0.2653061224489796, 0.2653061224489796, 0.2653061224489796, 0.2653061224489796, 0.2653061224489796, 0.2653061224489796, 0.2653061224489796, 0.2653061224489796, 0.2653061224489796, 0.2653061224489796, 0.2653061224489796, 0.2653061224489796, 0.2653061224489796, 0.2653061224489796, 0.2653061224489796, 0.2653061224489796, 0.2653061224489796, 0.2653061224489796, 0.2653061224489796, 0.2653061224489796, 0.2653061224489796, 0.2653061224489796, 0.2653061224489796, 0.2653061224489796, 0.2653061224489796, 0.2653061224489796, 0.2653061224489796, 0.2653061224489796, 0.2653061224489796, 0.2653061224489796, 0.2653061224489796, 0.2653061224489796]",0.0,288,301989888,25165824,64,1,327155712,5033164.8,4718592.0,25165824.0,0,0,0,prefix,"[[0, 1, 2, 3, 4, 5, 6, 7, 8], [0, 1, 2, 3, 4, 5, 6, 7, 8], [0, 1, 2, 3, 4, 5, 6, 7, 8], [0, 1, 2, 3, 4, 5, 6, 7, 8], [0, 1, 2, 3, 4, 5, 6, 7, 8], [0, 1, 2, 3, 4, 5, 6, 7, 8], [0, 1, 2, 3, 4, 5, 6, 7, 8], [0, 1, 2, 3, 4, 5, 6, 7, 8], [0, 1, 2, 3, 4, 5, 6, 7, 8], [0, 1, 2, 3, 4, 5, 6, 7, 8], [0, 1, 2, 3, 4, 5, 6, 7, 8], [0, 1, 2, 3, 4, 5, 6, 7, 8], [0, 1, 2, 3, 4, 5, 6, 7, 8], [0, 1, 2, 3, 4, 5, 6, 7, 8], [0, 1, 2, 3, 4, 5, 6, 7, 8], [0, 1, 2, 3, 4, 5, 6, 7, 8], [0, 1, 2, 3, 4, 5, 6, 7, 8], [0, 1, 2, 3, 4, 5, 6, 7, 8], [0, 1, 2, 3, 4, 5, 6, 7, 8], [0, 1, 2, 3, 4, 5, 6, 7, 8], [0, 1, 2, 3, 4, 5, 6, 7, 8], [0, 1, 2, 3, 4, 5, 6, 7, 8], [0, 1, 2, 3, 4, 5, 6, 7, 8], [0, 1, 2, 3, 4, 5, 6, 7, 8], [0, 1, 2, 3, 4, 5, 6, 7, 8], [0, 1, 2, 3, 4, 5, 6, 7, 8], [0, 1, 2, 3, 4, 5, 6, 7, 8], [0, 1, 2, 3, 4, 5, 6, 7, 8], [0, 1, 2, 3, 4, 5, 6, 7, 8], [0, 1, 2, 3, 4, 5, 6, 7, 8], [0, 1, 2, 3, 4, 5, 6, 7, 8], [0, 1, 2, 3, 4, 5, 6, 7, 8]]",sidecar,True,raster,0
gqa,fullload,FullLoad,1.0,full,n450919,2093752,Is the hat blue and small?,No,"[""no""]",1.0,1939,2,raster,0,fullload,,434.686420368962,,,711.2068770220503,716.0457340069115,19.24694806803018,735.2926820749417,1233125376,2368,64,,658.5021750070155,,,1.0,1.0,null,0.0,,1233125376,0,64,0,1233125376,19267584.0,19267584.0,0.0,,,,,null,,,,0
gqa,layout_prefix_chunk,Layout+Prefix,0.25,chunk,n450919,2093752,Is the hat blue and small?,The giraffe in the image is lying down on a grassy area.,"[""no""]",0.0,450,16,raster,0,prefix,0.21360989194363356,164.29095820058137,53.17243153695017,253.6049489863217,55.88520807214081,309.5516830217093,269.59881093353033,579.1504939552397,327155712,576,65,194.55587794072926,0.0,9.0,37,0.24324324324324326,0.2653061224489796,"[0.2653061224489796, 0.2653061224489796, 0.2653061224489796, 0.2653061224489796, 0.2653061224489796, 0.2653061224489796, 0.2653061224489796, 0.2653061224489796, 0.2653061224489796, 0.2653061224489796, 0.2653061224489796, 0.2653061224489796, 0.2653061224489796, 0.2653061224489796, 0.2653061224489796, 0.2653061224489796, 0.2653061224489796, 0.2653061224489796, 0.2653061224489796, 0.2653061224489796, 0.2653061224489796, 0.2653061224489796, 0.2653061224489796, 0.2653061224489796, 0.2653061224489796, 0.2653061224489796, 0.2653061224489796, 0.2653061224489796, 0.2653061224489796, 0.2653061224489796, 0.2653061224489796, 0.2653061224489796]",0.0,288,301989888,25165824,64,1,327155712,5033164.8,4718592.0,25165824.0,0,0,0,prefix,"[[0, 1, 2, 3, 4, 5, 6, 7, 8], [0, 1, 2, 3, 4, 5, 6, 7, 8], [0, 1, 2, 3, 4, 5, 6, 7, 8], [0, 1, 2, 3, 4, 5, 6, 7, 8], [0, 1, 2, 3, 4, 5, 6, 7, 8], [0, 1, 2, 3, 4, 5, 6, 7, 8], [0, 1, 2, 3, 4, 5, 6, 7, 8], [0, 1, 2, 3, 4, 5, 6, 7, 8], [0, 1, 2, 3, 4, 5, 6, 7, 8], [0, 1, 2, 3, 4, 5, 6, 7, 8], [0, 1, 2, 3, 4, 5, 6, 7, 8], [0, 1, 2, 3, 4, 5, 6, 7, 8], [0, 1, 2, 3, 4, 5, 6, 7, 8], [0, 1, 2, 3, 4, 5, 6, 7, 8], [0, 1, 2, 3, 4, 5, 6, 7, 8], [0, 1, 2, 3, 4, 5, 6, 7, 8], [0, 1, 2, 3, 4, 5, 6, 7, 8], [0, 1, 2, 3, 4, 5, 6, 7, 8], [0, 1, 2, 3, 4, 5, 6, 7, 8], [0, 1, 2, 3, 4, 5, 6, 7, 8], [0, 1, 2, 3, 4, 5, 6, 7, 8], [0, 1, 2, 3, 4, 5, 6, 7, 8], [0, 1, 2, 3, 4, 5, 6, 7, 8], [0, 1, 2, 3, 4, 5, 6, 7, 8], [0, 1, 2, 3, 4, 5, 6, 7, 8], [0, 1, 2, 3, 4, 5, 6, 7, 8], [0, 1, 2, 3, 4, 5, 6, 7, 8], [0, 1, 2, 3, 4, 5, 6, 7, 8], [0, 1, 2, 3, 4, 5, 6, 7, 8], [0, 1, 2, 3, 4, 5, 6, 7, 8], [0, 1, 2, 3, 4, 5, 6, 7, 8], [0, 1, 2, 3, 4, 5, 6, 7, 8]]",sidecar,True,raster,0
gqa,fullload,FullLoad,1.0,full,n450919,2093912,What animal is in the mud?,Giraffe,"[""giraffe""]",1.0,402,4,raster,0,fullload,,480.8800572063774,,,825.7779170526192,830.6227839784697,54.30857604369521,884.9313600221649,1233125376,2368,64,,780.0521265016869,,,1.0,1.0,null,0.0,,1233125376,0,64,0,1233125376,19267584.0,19267584.0,0.0,,,,,null,,,,0
gqa,layout_prefix_chunk,Layout+Prefix,0.25,chunk,n450919,2093912,What animal is in the mud?,The giraffe in the image is lying down on the ground.,"[""giraffe""]",1.0,450,15,raster,0,prefix,0.25475164875388145,189.18695766478777,57.70265229512006,287.8756549907848,62.25924508180469,350.1977740088478,255.25806995574385,605.4558439645916,327155712,576,65,224.03412428684533,0.0,9.0,37,0.24324324324324326,0.2653061224489796,"[0.2653061224489796, 0.2653061224489796, 0.2653061224489796, 0.2653061224489796, 0.2653061224489796, 0.2653061224489796, 0.2653061224489796, 0.2653061224489796, 0.2653061224489796, 0.2653061224489796, 0.2653061224489796, 0.2653061224489796, 0.2653061224489796, 0.2653061224489796, 0.2653061224489796, 0.2653061224489796, 0.2653061224489796, 0.2653061224489796, 0.2653061224489796, 0.2653061224489796, 0.2653061224489796, 0.2653061224489796, 0.2653061224489796, 0.2653061224489796, 0.2653061224489796, 0.2653061224489796, 0.2653061224489796, 0.2653061224489796, 0.2653061224489796, 0.2653061224489796, 0.2653061224489796, 0.2653061224489796]",0.0,288,301989888,25165824,64,1,327155712,5033164.8,4718592.0,25165824.0,0,0,0,prefix,"[[0, 1, 2, 3, 4, 5, 6, 7, 8], [0, 1, 2, 3, 4, 5, 6, 7, 8], [0, 1, 2, 3, 4, 5, 6, 7, 8], [0, 1, 2, 3, 4, 5, 6, 7, 8], [0, 1, 2, 3, 4, 5, 6, 7, 8], [0, 1, 2, 3, 4, 5, 6, 7, 8], [0, 1, 2, 3, 4, 5, 6, 7, 8], [0, 1, 2, 3, 4, 5, 6, 7, 8], [0, 1, 2, 3, 4, 5, 6, 7, 8], [0, 1, 2, 3, 4, 5, 6, 7, 8], [0, 1, 2, 3, 4, 5, 6, 7, 8], [0, 1, 2, 3, 4, 5, 6, 7, 8], [0, 1, 2, 3, 4, 5, 6, 7, 8], [0, 1, 2, 3, 4, 5, 6, 7, 8], [0, 1, 2, 3, 4, 5, 6, 7, 8], [0, 1, 2, 3, 4, 5, 6, 7, 8], [0, 1, 2, 3, 4, 5, 6, 7, 8], [0, 1, 2, 3, 4, 5, 6, 7, 8], [0, 1, 2, 3, 4, 5, 6, 7, 8], [0, 1, 2, 3, 4, 5, 6, 7, 8], [0, 1, 2, 3, 4, 5, 6, 7, 8], [0, 1, 2, 3, 4, 5, 6, 7, 8], [0, 1, 2, 3, 4, 5, 6, 7, 8], [0, 1, 2, 3, 4, 5, 6, 7, 8], [0, 1, 2, 3, 4, 5, 6, 7, 8], [0, 1, 2, 3, 4, 5, 6, 7, 8], [0, 1, 2, 3, 4, 5, 6, 7, 8], [0, 1, 2, 3, 4, 5, 6, 7, 8], [0, 1, 2, 3, 4, 5, 6, 7, 8], [0, 1, 2, 3, 4, 5, 6, 7, 8], [0, 1, 2, 3, 4, 5, 6, 7, 8], [0, 1, 2, 3, 4, 5, 6, 7, 8]]",sidecar,True,raster,0
gqa,fullload,FullLoad,1.0,full,n450919,2093911,What animal is in the brown mud?,Giraffe,"[""giraffe""]",1.0,402,4,raster,0,fullload,,480.0884631695226,,,827.9573100153357,832.8400020254776,54.92560495622456,887.7656069817021,1233125376,2368,64,,782.4414169881493,,,1.0,1.0,null,0.0,,1233125376,0,64,0,1233125376,19267584.0,19267584.0,0.0,,,,,null,,,,0
gqa,layout_prefix_chunk,Layout+Prefix,0.25,chunk,n450919,2093911,What animal is in the brown mud?,The giraffe is sitting on the ground.,"[""giraffe""]",1.0,450,11,raster,0,prefix,0.18838164396584034,170.54800945334136,47.27106320206076,250.0427960185334,39.533959003165364,289.6381909959018,184.4710489967838,474.1092399926856,327155712,576,65,196.9921998679638,0.0,9.0,37,0.24324324324324326,0.2653061224489796,"[0.2653061224489796, 0.2653061224489796, 0.2653061224489796, 0.2653061224489796, 0.2653061224489796, 0.2653061224489796, 0.2653061224489796, 0.2653061224489796, 0.2653061224489796, 0.2653061224489796, 0.2653061224489796, 0.2653061224489796, 0.2653061224489796, 0.2653061224489796, 0.2653061224489796, 0.2653061224489796, 0.2653061224489796, 0.2653061224489796, 0.2653061224489796, 0.2653061224489796, 0.2653061224489796, 0.2653061224489796, 0.2653061224489796, 0.2653061224489796, 0.2653061224489796, 0.2653061224489796, 0.2653061224489796, 0.2653061224489796, 0.2653061224489796, 0.2653061224489796, 0.2653061224489796, 0.2653061224489796]",0.0,288,301989888,25165824,64,1,327155712,5033164.8,4718592.0,25165824.0,0,0,0,prefix,"[[0, 1, 2, 3, 4, 5, 6, 7, 8], [0, 1, 2, 3, 4, 5, 6, 7, 8], [0, 1, 2, 3, 4, 5, 6, 7, 8], [0, 1, 2, 3, 4, 5, 6, 7, 8], [0, 1, 2, 3, 4, 5, 6, 7, 8], [0, 1, 2, 3, 4, 5, 6, 7, 8], [0, 1, 2, 3, 4, 5, 6, 7, 8], [0, 1, 2, 3, 4, 5, 6, 7, 8], [0, 1, 2, 3, 4, 5, 6, 7, 8], [0, 1, 2, 3, 4, 5, 6, 7, 8], [0, 1, 2, 3, 4, 5, 6, 7, 8], [0, 1, 2, 3, 4, 5, 6, 7, 8], [0, 1, 2, 3, 4, 5, 6, 7, 8], [0, 1, 2, 3, 4, 5, 6, 7, 8], [0, 1, 2, 3, 4, 5, 6, 7, 8], [0, 1, 2, 3, 4, 5, 6, 7, 8], [0, 1, 2, 3, 4, 5, 6, 7, 8], [0, 1, 2, 3, 4, 5, 6, 7, 8], [0, 1, 2, 3, 4, 5, 6, 7, 8], [0, 1, 2, 3, 4, 5, 6, 7, 8], [0, 1, 2, 3, 4, 5, 6, 7, 8], [0, 1, 2, 3, 4, 5, 6, 7, 8], [0, 1, 2, 3, 4, 5, 6, 7, 8], [0, 1, 2, 3, 4, 5, 6, 7, 8], [0, 1, 2, 3, 4, 5, 6, 7, 8], [0, 1, 2, 3, 4, 5, 6, 7, 8], [0, 1, 2, 3, 4, 5, 6, 7, 8], [0, 1, 2, 3, 4, 5, 6, 7, 8], [0, 1, 2, 3, 4, 5, 6, 7, 8], [0, 1, 2, 3, 4, 5, 6, 7, 8], [0, 1, 2, 3, 4, 5, 6, 7, 8], [0, 1, 2, 3, 4, 5, 6, 7, 8]]",sidecar,True,raster,0
gqa,fullload,FullLoad,1.0,full,n450919,2093918,Is there an elephant in the mud?,No,"[""no""]",1.0,1939,2,raster,0,fullload,,481.1782460892573,,,834.5229389378801,839.3959859386086,18.889331026002765,858.2853169646114,1233125376,2368,64,,787.3226281953976,,,1.0,1.0,null,0.0,,1233125376,0,64,0,1233125376,19267584.0,19267584.0,0.0,,,,,null,,,,0
gqa,layout_prefix_chunk,Layout+Prefix,0.25,chunk,n450919,2093918,Is there an elephant in the mud?,The giraffe in the image is lying down on a grassy area.,"[""no""]",0.0,450,16,raster,0,prefix,0.2537970431149006,172.77789453510195,56.841177749447525,269.0086610382423,43.085294077172875,312.15673009864986,268.8345449278131,580.991275026463,327155712,576,65,206.0962652321905,0.0,9.0,37,0.24324324324324326,0.2653061224489796,"[0.2653061224489796, 0.2653061224489796, 0.2653061224489796, 0.2653061224489796, 0.2653061224489796, 0.2653061224489796, 0.2653061224489796, 0.2653061224489796, 0.2653061224489796, 0.2653061224489796, 0.2653061224489796, 0.2653061224489796, 0.2653061224489796, 0.2653061224489796, 0.2653061224489796, 0.2653061224489796, 0.2653061224489796, 0.2653061224489796, 0.2653061224489796, 0.2653061224489796, 0.2653061224489796, 0.2653061224489796, 0.2653061224489796, 0.2653061224489796, 0.2653061224489796, 0.2653061224489796, 0.2653061224489796, 0.2653061224489796, 0.2653061224489796, 0.2653061224489796, 0.2653061224489796, 0.2653061224489796]",0.0,288,301989888,25165824,64,1,327155712,5033164.8,4718592.0,25165824.0,0,0,0,prefix,"[[0, 1, 2, 3, 4, 5, 6, 7, 8], [0, 1, 2, 3, 4, 5, 6, 7, 8], [0, 1, 2, 3, 4, 5, 6, 7, 8], [0, 1, 2, 3, 4, 5, 6, 7, 8], [0, 1, 2, 3, 4, 5, 6, 7, 8], [0, 1, 2, 3, 4, 5, 6, 7, 8], [0, 1, 2, 3, 4, 5, 6, 7, 8], [0, 1, 2, 3, 4, 5, 6, 7, 8], [0, 1, 2, 3, 4, 5, 6, 7, 8], [0, 1, 2, 3, 4, 5, 6, 7, 8], [0, 1, 2, 3, 4, 5, 6, 7, 8], [0, 1, 2, 3, 4, 5, 6, 7, 8], [0, 1, 2, 3, 4, 5, 6, 7, 8], [0, 1, 2, 3, 4, 5, 6, 7, 8], [0, 1, 2, 3, 4, 5, 6, 7, 8], [0, 1, 2, 3, 4, 5, 6, 7, 8], [0, 1, 2, 3, 4, 5, 6, 7, 8], [0, 1, 2, 3, 4, 5, 6, 7, 8], [0, 1, 2, 3, 4, 5, 6, 7, 8], [0, 1, 2, 3, 4, 5, 6, 7, 8], [0, 1, 2, 3, 4, 5, 6, 7, 8], [0, 1, 2, 3, 4, 5, 6, 7, 8], [0, 1, 2, 3, 4, 5, 6, 7, 8], [0, 1, 2, 3, 4, 5, 6, 7, 8], [0, 1, 2, 3, 4, 5, 6, 7, 8], [0, 1, 2, 3, 4, 5, 6, 7, 8], [0, 1, 2, 3, 4, 5, 6, 7, 8], [0, 1, 2, 3, 4, 5, 6, 7, 8], [0, 1, 2, 3, 4, 5, 6, 7, 8], [0, 1, 2, 3, 4, 5, 6, 7, 8], [0, 1, 2, 3, 4, 5, 6, 7, 8], [0, 1, 2, 3, 4, 5, 6, 7, 8]]",sidecar,True,raster,0
gqa,fullload,FullLoad,1.0,full,n37274,202144724,What is sitting atop the crate?,Blender,"[""blender""]",1.0,3164,3,raster,0,fullload,,458.45917880069464,,,823.1656060088426,828.3068540040404,37.18902706168592,865.4958810657263,1226833920,2368,64,,755.8729776646942,,,1.0,1.0,null,0.0,,1226833920,0,64,0,1226833920,19169280.0,19169280.0,0.0,,,,,null,,,,0
gqa,layout_prefix_chunk,Layout+Prefix,0.25,chunk,n37274,202144724,What is sitting atop the crate?,The man in the foreground is holding a glass of beer and appears to,"[""blender""]",0.0,450,16,raster,0,prefix,0.17113913781940937,177.98285349272192,44.481958262622356,253.97933390922844,48.90596598852426,302.9325199313462,270.0208789901808,572.953398921527,320864256,576,65,203.65845400374383,0.0,9.0,37,0.24324324324324326,0.26153846153846155,"[0.26153846153846155, 0.26153846153846155, 0.26153846153846155, 0.26153846153846155, 0.26153846153846155, 0.26153846153846155, 0.26153846153846155, 0.26153846153846155, 0.26153846153846155, 0.26153846153846155, 0.26153846153846155, 0.26153846153846155, 0.26153846153846155, 0.26153846153846155, 0.26153846153846155, 0.26153846153846155, 0.26153846153846155, 0.26153846153846155, 0.26153846153846155, 0.26153846153846155, 0.26153846153846155, 0.26153846153846155, 0.26153846153846155, 0.26153846153846155, 0.26153846153846155, 0.26153846153846155, 0.26153846153846155, 0.26153846153846155, 0.26153846153846155, 0.26153846153846155, 0.26153846153846155, 0.26153846153846155]",0.0,288,301989888,18874368,64,1,320864256,4936373.169230769,4718592.0,18874368.0,0,0,0,prefix,"[[0, 1, 2, 3, 4, 5, 6, 7, 8], [0, 1, 2, 3, 4, 5, 6, 7, 8], [0, 1, 2, 3, 4, 5, 6, 7, 8], [0, 1, 2, 3, 4, 5, 6, 7, 8], [0, 1, 2, 3, 4, 5, 6, 7, 8], [0, 1, 2, 3, 4, 5, 6, 7, 8], [0, 1, 2, 3, 4, 5, 6, 7, 8], [0, 1, 2, 3, 4, 5, 6, 7, 8], [0, 1, 2, 3, 4, 5, 6, 7, 8], [0, 1, 2, 3, 4, 5, 6, 7, 8], [0, 1, 2, 3, 4, 5, 6, 7, 8], [0, 1, 2, 3, 4, 5, 6, 7, 8], [0, 1, 2, 3, 4, 5, 6, 7, 8], [0, 1, 2, 3, 4, 5, 6, 7, 8], [0, 1, 2, 3, 4, 5, 6, 7, 8], [0, 1, 2, 3, 4, 5, 6, 7, 8], [0, 1, 2, 3, 4, 5, 6, 7, 8], [0, 1, 2, 3, 4, 5, 6, 7, 8], [0, 1, 2, 3, 4, 5, 6, 7, 8], [0, 1, 2, 3, 4, 5, 6, 7, 8], [0, 1, 2, 3, 4, 5, 6, 7, 8], [0, 1, 2, 3, 4, 5, 6, 7, 8], [0, 1, 2, 3, 4, 5, 6, 7, 8], [0, 1, 2, 3, 4, 5, 6, 7, 8], [0, 1, 2, 3, 4, 5, 6, 7, 8], [0, 1, 2, 3, 4, 5, 6, 7, 8], [0, 1, 2, 3, 4, 5, 6, 7, 8], [0, 1, 2, 3, 4, 5, 6, 7, 8], [0, 1, 2, 3, 4, 5, 6, 7, 8], [0, 1, 2, 3, 4, 5, 6, 7, 8], [0, 1, 2, 3, 4, 5, 6, 7, 8], [0, 1, 2, 3, 4, 5, 6, 7, 8]]",sidecar,True,raster,0
gqa,fullload,FullLoad,1.0,full,n37274,202144703,What appliance is right of the liquor?,Blender,"[""blender""]",1.0,3164,3,raster,0,fullload,,479.9589451868087,,,825.7090951083228,830.6562420912087,37.583364988677204,868.2396070798859,1226833920,2368,64,,780.0399528350681,,,1.0,1.0,null,0.0,,1226833920,0,64,0,1226833920,19169280.0,19169280.0,0.0,,,,,null,,,,0
gqa,layout_prefix_chunk,Layout+Prefix,0.25,chunk,n37274,202144703,What appliance is right of the liquor?,The man in the foreground is holding a beer bottle and appears to,"[""blender""]",0.0,450,16,raster,0,prefix,0.1845848746597767,162.86272916477174,47.87289013620466,241.97055806871504,63.73589299619198,305.7683380320668,269.28931404836476,575.0576520804316,320864256,576,65,188.38366586714983,0.0,9.0,37,0.24324324324324326,0.26153846153846155,"[0.26153846153846155, 0.26153846153846155, 0.26153846153846155, 0.26153846153846155, 0.26153846153846155, 0.26153846153846155, 0.26153846153846155, 0.26153846153846155, 0.26153846153846155, 0.26153846153846155, 0.26153846153846155, 0.26153846153846155, 0.26153846153846155, 0.26153846153846155, 0.26153846153846155, 0.26153846153846155, 0.26153846153846155, 0.26153846153846155, 0.26153846153846155, 0.26153846153846155, 0.26153846153846155, 0.26153846153846155, 0.26153846153846155, 0.26153846153846155, 0.26153846153846155, 0.26153846153846155, 0.26153846153846155, 0.26153846153846155, 0.26153846153846155, 0.26153846153846155, 0.26153846153846155, 0.26153846153846155]",0.0,288,301989888,18874368,64,1,320864256,4936373.169230769,4718592.0,18874368.0,0,0,0,prefix,"[[0, 1, 2, 3, 4, 5, 6, 7, 8], [0, 1, 2, 3, 4, 5, 6, 7, 8], [0, 1, 2, 3, 4, 5, 6, 7, 8], [0, 1, 2, 3, 4, 5, 6, 7, 8], [0, 1, 2, 3, 4, 5, 6, 7, 8], [0, 1, 2, 3, 4, 5, 6, 7, 8], [0, 1, 2, 3, 4, 5, 6, 7, 8], [0, 1, 2, 3, 4, 5, 6, 7, 8], [0, 1, 2, 3, 4, 5, 6, 7, 8], [0, 1, 2, 3, 4, 5, 6, 7, 8], [0, 1, 2, 3, 4, 5, 6, 7, 8], [0, 1, 2, 3, 4, 5, 6, 7, 8], [0, 1, 2, 3, 4, 5, 6, 7, 8], [0, 1, 2, 3, 4, 5, 6, 7, 8], [0, 1, 2, 3, 4, 5, 6, 7, 8], [0, 1, 2, 3, 4, 5, 6, 7, 8], [0, 1, 2, 3, 4, 5, 6, 7, 8], [0, 1, 2, 3, 4, 5, 6, 7, 8], [0, 1, 2, 3, 4, 5, 6, 7, 8], [0, 1, 2, 3, 4, 5, 6, 7, 8], [0, 1, 2, 3, 4, 5, 6, 7, 8], [0, 1, 2, 3, 4, 5, 6, 7, 8], [0, 1, 2, 3, 4, 5, 6, 7, 8], [0, 1, 2, 3, 4, 5, 6, 7, 8], [0, 1, 2, 3, 4, 5, 6, 7, 8], [0, 1, 2, 3, 4, 5, 6, 7, 8], [0, 1, 2, 3, 4, 5, 6, 7, 8], [0, 1, 2, 3, 4, 5, 6, 7, 8], [0, 1, 2, 3, 4, 5, 6, 7, 8], [0, 1, 2, 3, 4, 5, 6, 7, 8], [0, 1, 2, 3, 4, 5, 6, 7, 8], [0, 1, 2, 3, 4, 5, 6, 7, 8]]",sidecar,True,raster,0
gqa,fullload,FullLoad,1.0,full,n37274,202144680,Which side is the blender on?,Right,"[""right""]",1.0,10428,2,raster,0,fullload,,488.0293654277921,,,844.6628359379247,849.6677880175412,19.112949026748538,868.7807370442897,1226833920,2368,64,,796.7007353436202,,,1.0,1.0,null,0.0,,1226833920,0,64,0,1226833920,19169280.0,19169280.0,0.0,,,,,null,,,,0
gqa,layout_prefix_chunk,Layout+Prefix,0.25,chunk,n37274,202144680,Which side is the blender on?,The man is holding a beer bottle in his hand and appears to be,"[""right""]",0.0,450,16,raster,0,prefix,0.17338944599032402,147.82380044925958,43.2898219441995,219.38751498237252,34.592255018651485,254.02204901911318,273.08781491592526,527.1098639350384,320864256,576,65,170.52407609298825,0.0,9.0,37,0.24324324324324326,0.26153846153846155,"[0.26153846153846155, 0.26153846153846155, 0.26153846153846155, 0.26153846153846155, 0.26153846153846155, 0.26153846153846155, 0.26153846153846155, 0.26153846153846155, 0.26153846153846155, 0.26153846153846155, 0.26153846153846155, 0.26153846153846155, 0.26153846153846155, 0.26153846153846155, 0.26153846153846155, 0.26153846153846155, 0.26153846153846155, 0.26153846153846155, 0.26153846153846155, 0.26153846153846155, 0.26153846153846155, 0.26153846153846155, 0.26153846153846155, 0.26153846153846155, 0.26153846153846155, 0.26153846153846155, 0.26153846153846155, 0.26153846153846155, 0.26153846153846155, 0.26153846153846155, 0.26153846153846155, 0.26153846153846155]",0.0,288,301989888,18874368,64,1,320864256,4936373.169230769,4718592.0,18874368.0,0,0,0,prefix,"[[0, 1, 2, 3, 4, 5, 6, 7, 8], [0, 1, 2, 3, 4, 5, 6, 7, 8], [0, 1, 2, 3, 4, 5, 6, 7, 8], [0, 1, 2, 3, 4, 5, 6, 7, 8], [0, 1, 2, 3, 4, 5, 6, 7, 8], [0, 1, 2, 3, 4, 5, 6, 7, 8], [0, 1, 2, 3, 4, 5, 6, 7, 8], [0, 1, 2, 3, 4, 5, 6, 7, 8], [0, 1, 2, 3, 4, 5, 6, 7, 8], [0, 1, 2, 3, 4, 5, 6, 7, 8], [0, 1, 2, 3, 4, 5, 6, 7, 8], [0, 1, 2, 3, 4, 5, 6, 7, 8], [0, 1, 2, 3, 4, 5, 6, 7, 8], [0, 1, 2, 3, 4, 5, 6, 7, 8], [0, 1, 2, 3, 4, 5, 6, 7, 8], [0, 1, 2, 3, 4, 5, 6, 7, 8], [0, 1, 2, 3, 4, 5, 6, 7, 8], [0, 1, 2, 3, 4, 5, 6, 7, 8], [0, 1, 2, 3, 4, 5, 6, 7, 8], [0, 1, 2, 3, 4, 5, 6, 7, 8], [0, 1, 2, 3, 4, 5, 6, 7, 8], [0, 1, 2, 3, 4, 5, 6, 7, 8], [0, 1, 2, 3, 4, 5, 6, 7, 8], [0, 1, 2, 3, 4, 5, 6, 7, 8], [0, 1, 2, 3, 4, 5, 6, 7, 8], [0, 1, 2, 3, 4, 5, 6, 7, 8], [0, 1, 2, 3, 4, 5, 6, 7, 8], [0, 1, 2, 3, 4, 5, 6, 7, 8], [0, 1, 2, 3, 4, 5, 6, 7, 8], [0, 1, 2, 3, 4, 5, 6, 7, 8], [0, 1, 2, 3, 4, 5, 6, 7, 8], [0, 1, 2, 3, 4, 5, 6, 7, 8]]",sidecar,True,raster,0
gqa,fullload,FullLoad,1.0,full,n37274,202144681,What is the appliance to the right of the man that is in front of the bicycle?,Blender,"[""blender""]",1.0,3164,3,raster,0,fullload,,456.13849139772356,,,791.8769550742581,796.839255024679,38.095404976047575,834.9346600007266,1226833920,2368,64,,748.5381065635011,,,1.0,1.0,null,0.0,,1226833920,0,64,0,1226833920,19169280.0,19169280.0,0.0,,,,,null,,,,0
gqa,layout_prefix_chunk,Layout+Prefix,0.25,chunk,n37274,202144681,What is the appliance to the right of the man that is in front of the bicycle?,Toaster,"[""blender""]",0.0,1763,3,raster,0,prefix,0.16990886069834232,182.19218926969916,44.31945423129946,256.81784888729453,37.504744017496705,294.36872398946434,37.28860092815012,331.65732491761446,320864256,576,65,206.88979618716985,0.0,9.0,37,0.24324324324324326,0.26153846153846155,"[0.26153846153846155, 0.26153846153846155, 0.26153846153846155, 0.26153846153846155, 0.26153846153846155, 0.26153846153846155, 0.26153846153846155, 0.26153846153846155, 0.26153846153846155, 0.26153846153846155, 0.26153846153846155, 0.26153846153846155, 0.26153846153846155, 0.26153846153846155, 0.26153846153846155, 0.26153846153846155, 0.26153846153846155, 0.26153846153846155, 0.26153846153846155, 0.26153846153846155, 0.26153846153846155, 0.26153846153846155, 0.26153846153846155, 0.26153846153846155, 0.26153846153846155, 0.26153846153846155, 0.26153846153846155, 0.26153846153846155, 0.26153846153846155, 0.26153846153846155, 0.26153846153846155, 0.26153846153846155]",0.0,288,301989888,18874368,64,1,320864256,4936373.169230769,4718592.0,18874368.0,0,0,0,prefix,"[[0, 1, 2, 3, 4, 5, 6, 7, 8], [0, 1, 2, 3, 4, 5, 6, 7, 8], [0, 1, 2, 3, 4, 5, 6, 7, 8], [0, 1, 2, 3, 4, 5, 6, 7, 8], [0, 1, 2, 3, 4, 5, 6, 7, 8], [0, 1, 2, 3, 4, 5, 6, 7, 8], [0, 1, 2, 3, 4, 5, 6, 7, 8], [0, 1, 2, 3, 4, 5, 6, 7, 8], [0, 1, 2, 3, 4, 5, 6, 7, 8], [0, 1, 2, 3, 4, 5, 6, 7, 8], [0, 1, 2, 3, 4, 5, 6, 7, 8], [0, 1, 2, 3, 4, 5, 6, 7, 8], [0, 1, 2, 3, 4, 5, 6, 7, 8], [0, 1, 2, 3, 4, 5, 6, 7, 8], [0, 1, 2, 3, 4, 5, 6, 7, 8], [0, 1, 2, 3, 4, 5, 6, 7, 8], [0, 1, 2, 3, 4, 5, 6, 7, 8], [0, 1, 2, 3, 4, 5, 6, 7, 8], [0, 1, 2, 3, 4, 5, 6, 7, 8], [0, 1, 2, 3, 4, 5, 6, 7, 8], [0, 1, 2, 3, 4, 5, 6, 7, 8], [0, 1, 2, 3, 4, 5, 6, 7, 8], [0, 1, 2, 3, 4, 5, 6, 7, 8], [0, 1, 2, 3, 4, 5, 6, 7, 8], [0, 1, 2, 3, 4, 5, 6, 7, 8], [0, 1, 2, 3, 4, 5, 6, 7, 8], [0, 1, 2, 3, 4, 5, 6, 7, 8], [0, 1, 2, 3, 4, 5, 6, 7, 8], [0, 1, 2, 3, 4, 5, 6, 7, 8], [0, 1, 2, 3, 4, 5, 6, 7, 8], [0, 1, 2, 3, 4, 5, 6, 7, 8], [0, 1, 2, 3, 4, 5, 6, 7, 8]]",sidecar,True,raster,0
gqa,fullload,FullLoad,1.0,full,n37274,202144469,Is the man that is to the left of the liquor wearing gloves?,No,"[""no""]",1.0,1939,2,raster,0,fullload,,458.3457326516509,,,803.7806389620528,808.683029958047,18.951646983623505,827.6346769416705,1226833920,2368,64,,759.2548256507143,,,1.0,1.0,null,0.0,,1226833920,0,64,0,1226833920,19169280.0,19169280.0,0.0,,,,,null,,,,0
gqa,layout_prefix_chunk,Layout+Prefix,0.25,chunk,n37274,202144469,Is the man that is to the left of the liquor wearing gloves?,Yes,"[""no""]",0.0,3869,2,raster,0,prefix,0.14151085633784533,151.45196742378175,42.50828316435218,223.52852206677198,38.217669003643095,261.78751001134515,18.701903987675905,280.48941399902105,320864256,576,65,175.09156372398138,0.0,9.0,37,0.24324324324324326,0.26153846153846155,"[0.26153846153846155, 0.26153846153846155, 0.26153846153846155, 0.26153846153846155, 0.26153846153846155, 0.26153846153846155, 0.26153846153846155, 0.26153846153846155, 0.26153846153846155, 0.26153846153846155, 0.26153846153846155, 0.26153846153846155, 0.26153846153846155, 0.26153846153846155, 0.26153846153846155, 0.26153846153846155, 0.26153846153846155, 0.26153846153846155, 0.26153846153846155, 0.26153846153846155, 0.26153846153846155, 0.26153846153846155, 0.26153846153846155, 0.26153846153846155, 0.26153846153846155, 0.26153846153846155, 0.26153846153846155, 0.26153846153846155, 0.26153846153846155, 0.26153846153846155, 0.26153846153846155, 0.26153846153846155]",0.0,288,301989888,18874368,64,1,320864256,4936373.169230769,4718592.0,18874368.0,0,0,0,prefix,"[[0, 1, 2, 3, 4, 5, 6, 7, 8], [0, 1, 2, 3, 4, 5, 6, 7, 8], [0, 1, 2, 3, 4, 5, 6, 7, 8], [0, 1, 2, 3, 4, 5, 6, 7, 8], [0, 1, 2, 3, 4, 5, 6, 7, 8], [0, 1, 2, 3, 4, 5, 6, 7, 8], [0, 1, 2, 3, 4, 5, 6, 7, 8], [0, 1, 2, 3, 4, 5, 6, 7, 8], [0, 1, 2, 3, 4, 5, 6, 7, 8], [0, 1, 2, 3, 4, 5, 6, 7, 8], [0, 1, 2, 3, 4, 5, 6, 7, 8], [0, 1, 2, 3, 4, 5, 6, 7, 8], [0, 1, 2, 3, 4, 5, 6, 7, 8], [0, 1, 2, 3, 4, 5, 6, 7, 8], [0, 1, 2, 3, 4, 5, 6, 7, 8], [0, 1, 2, 3, 4, 5, 6, 7, 8], [0, 1, 2, 3, 4, 5, 6, 7, 8], [0, 1, 2, 3, 4, 5, 6, 7, 8], [0, 1, 2, 3, 4, 5, 6, 7, 8], [0, 1, 2, 3, 4, 5, 6, 7, 8], [0, 1, 2, 3, 4, 5, 6, 7, 8], [0, 1, 2, 3, 4, 5, 6, 7, 8], [0, 1, 2, 3, 4, 5, 6, 7, 8], [0, 1, 2, 3, 4, 5, 6, 7, 8], [0, 1, 2, 3, 4, 5, 6, 7, 8], [0, 1, 2, 3, 4, 5, 6, 7, 8], [0, 1, 2, 3, 4, 5, 6, 7, 8], [0, 1, 2, 3, 4, 5, 6, 7, 8], [0, 1, 2, 3, 4, 5, 6, 7, 8], [0, 1, 2, 3, 4, 5, 6, 7, 8], [0, 1, 2, 3, 4, 5, 6, 7, 8], [0, 1, 2, 3, 4, 5, 6, 7, 8]]",sidecar,True,raster,0
gqa,fullload,FullLoad,1.0,full,n37274,202144325,What do the watch and the bicycle have in common?,Color,"[""material""]",0.0,9159,2,raster,0,fullload,,473.815860459581,,,822.6710599847138,827.7987649198622,18.975011073052883,846.773775992915,1226833920,2368,64,,775.280894478783,,,1.0,1.0,null,0.0,,1226833920,0,64,0,1226833920,19169280.0,19169280.0,0.0,,,,,null,,,,0
gqa,layout_prefix_chunk,Layout+Prefix,0.25,chunk,n37274,202144325,What do the watch and the bicycle have in common?,The man is holding a beer bottle and pouring it into a bl,"[""material""]",0.0,450,16,raster,0,prefix,0.14888308942317963,151.1271633207798,43.16219873726368,224.6503559872508,36.52765299193561,261.22703799046576,270.5206939717755,531.7477319622412,320864256,576,65,175.08497973904014,0.0,9.0,37,0.24324324324324326,0.26153846153846155,"[0.26153846153846155, 0.26153846153846155, 0.26153846153846155, 0.26153846153846155, 0.26153846153846155, 0.26153846153846155, 0.26153846153846155, 0.26153846153846155, 0.26153846153846155, 0.26153846153846155, 0.26153846153846155, 0.26153846153846155, 0.26153846153846155, 0.26153846153846155, 0.26153846153846155, 0.26153846153846155, 0.26153846153846155, 0.26153846153846155, 0.26153846153846155, 0.26153846153846155, 0.26153846153846155, 0.26153846153846155, 0.26153846153846155, 0.26153846153846155, 0.26153846153846155, 0.26153846153846155, 0.26153846153846155, 0.26153846153846155, 0.26153846153846155, 0.26153846153846155, 0.26153846153846155, 0.26153846153846155]",0.0,288,301989888,18874368,64,1,320864256,4936373.169230769,4718592.0,18874368.0,0,0,0,prefix,"[[0, 1, 2, 3, 4, 5, 6, 7, 8], [0, 1, 2, 3, 4, 5, 6, 7, 8], [0, 1, 2, 3, 4, 5, 6, 7, 8], [0, 1, 2, 3, 4, 5, 6, 7, 8], [0, 1, 2, 3, 4, 5, 6, 7, 8], [0, 1, 2, 3, 4, 5, 6, 7, 8], [0, 1, 2, 3, 4, 5, 6, 7, 8], [0, 1, 2, 3, 4, 5, 6, 7, 8], [0, 1, 2, 3, 4, 5, 6, 7, 8], [0, 1, 2, 3, 4, 5, 6, 7, 8], [0, 1, 2, 3, 4, 5, 6, 7, 8], [0, 1, 2, 3, 4, 5, 6, 7, 8], [0, 1, 2, 3, 4, 5, 6, 7, 8], [0, 1, 2, 3, 4, 5, 6, 7, 8], [0, 1, 2, 3, 4, 5, 6, 7, 8], [0, 1, 2, 3, 4, 5, 6, 7, 8], [0, 1, 2, 3, 4, 5, 6, 7, 8], [0, 1, 2, 3, 4, 5, 6, 7, 8], [0, 1, 2, 3, 4, 5, 6, 7, 8], [0, 1, 2, 3, 4, 5, 6, 7, 8], [0, 1, 2, 3, 4, 5, 6, 7, 8], [0, 1, 2, 3, 4, 5, 6, 7, 8], [0, 1, 2, 3, 4, 5, 6, 7, 8], [0, 1, 2, 3, 4, 5, 6, 7, 8], [0, 1, 2, 3, 4, 5, 6, 7, 8], [0, 1, 2, 3, 4, 5, 6, 7, 8], [0, 1, 2, 3, 4, 5, 6, 7, 8], [0, 1, 2, 3, 4, 5, 6, 7, 8], [0, 1, 2, 3, 4, 5, 6, 7, 8], [0, 1, 2, 3, 4, 5, 6, 7, 8], [0, 1, 2, 3, 4, 5, 6, 7, 8], [0, 1, 2, 3, 4, 5, 6, 7, 8]]",sidecar,True,raster,0
gqa,fullload,FullLoad,1.0,full,n293477,20856909,Which kind of bag is green?,Purse,"[""purse""]",1.0,15247,3,raster,0,fullload,,518.9838003134355,,,906.9971430581063,911.9606639724225,37.0576239656657,949.0182879380882,1226833920,2368,64,,860.5604990152642,,,1.0,1.0,null,0.0,,1226833920,0,64,0,1226833920,19169280.0,19169280.0,0.0,,,,,null,,,,0
gqa,layout_prefix_chunk,Layout+Prefix,0.25,chunk,n293477,20856909,Which kind of bag is green?,The image shows a variety of personal items scattered on a bed. It includes a,"[""purse""]",0.0,450,16,raster,0,prefix,0.2725080121308565,204.22157610300928,57.330862269736826,302.3887089220807,47.35561192501336,349.8061759164557,269.6936799911782,619.4998559076339,320864256,576,65,238.83535841014236,0.0,9.0,37,0.24324324324324326,0.26153846153846155,"[0.26153846153846155, 0.26153846153846155, 0.26153846153846155, 0.26153846153846155, 0.26153846153846155, 0.26153846153846155, 0.26153846153846155, 0.26153846153846155, 0.26153846153846155, 0.26153846153846155, 0.26153846153846155, 0.26153846153846155, 0.26153846153846155, 0.26153846153846155, 0.26153846153846155, 0.26153846153846155, 0.26153846153846155, 0.26153846153846155, 0.26153846153846155, 0.26153846153846155, 0.26153846153846155, 0.26153846153846155, 0.26153846153846155, 0.26153846153846155, 0.26153846153846155, 0.26153846153846155, 0.26153846153846155, 0.26153846153846155, 0.26153846153846155, 0.26153846153846155, 0.26153846153846155, 0.26153846153846155]",0.0,288,301989888,18874368,64,1,320864256,4936373.169230769,4718592.0,18874368.0,0,0,0,prefix,"[[0, 1, 2, 3, 4, 5, 6, 7, 8], [0, 1, 2, 3, 4, 5, 6, 7, 8], [0, 1, 2, 3, 4, 5, 6, 7, 8], [0, 1, 2, 3, 4, 5, 6, 7, 8], [0, 1, 2, 3, 4, 5, 6, 7, 8], [0, 1, 2, 3, 4, 5, 6, 7, 8], [0, 1, 2, 3, 4, 5, 6, 7, 8], [0, 1, 2, 3, 4, 5, 6, 7, 8], [0, 1, 2, 3, 4, 5, 6, 7, 8], [0, 1, 2, 3, 4, 5, 6, 7, 8], [0, 1, 2, 3, 4, 5, 6, 7, 8], [0, 1, 2, 3, 4, 5, 6, 7, 8], [0, 1, 2, 3, 4, 5, 6, 7, 8], [0, 1, 2, 3, 4, 5, 6, 7, 8], [0, 1, 2, 3, 4, 5, 6, 7, 8], [0, 1, 2, 3, 4, 5, 6, 7, 8], [0, 1, 2, 3, 4, 5, 6, 7, 8], [0, 1, 2, 3, 4, 5, 6, 7, 8], [0, 1, 2, 3, 4, 5, 6, 7, 8], [0, 1, 2, 3, 4, 5, 6, 7, 8], [0, 1, 2, 3, 4, 5, 6, 7, 8], [0, 1, 2, 3, 4, 5, 6, 7, 8], [0, 1, 2, 3, 4, 5, 6, 7, 8], [0, 1, 2, 3, 4, 5, 6, 7, 8], [0, 1, 2, 3, 4, 5, 6, 7, 8], [0, 1, 2, 3, 4, 5, 6, 7, 8], [0, 1, 2, 3, 4, 5, 6, 7, 8], [0, 1, 2, 3, 4, 5, 6, 7, 8], [0, 1, 2, 3, 4, 5, 6, 7, 8], [0, 1, 2, 3, 4, 5, 6, 7, 8], [0, 1, 2, 3, 4, 5, 6, 7, 8], [0, 1, 2, 3, 4, 5, 6, 7, 8]]",sidecar,True,raster,0
gqa,fullload,FullLoad,1.0,full,n293477,20856756,What is the item of furniture called?,Bed,"[""bed""]",1.0,14195,2,raster,0,fullload,,533.0690627451986,,,925.1126711023971,930.0221960293129,19.113771966658533,949.1359679959714,1226833920,2368,64,,871.4396898867562,,,1.0,1.0,null,0.0,,1226833920,0,64,0,1226833920,19169280.0,19169280.0,0.0,,,,,null,,,,0
gqa,layout_prefix_chunk,Layout+Prefix,0.25,chunk,n293477,20856756,What is the item of furniture called?,The image shows a bed with various items scattered on it. It appears to be,"[""bed""]",0.0,450,16,raster,0,prefix,0.268666772171855,176.7969026695937,57.51395795959979,275.1588090322912,39.43558700848371,314.6570360986516,271.874196943827,586.5312330424786,320864256,576,65,211.44595241639763,0.0,9.0,37,0.24324324324324326,0.26153846153846155,"[0.26153846153846155, 0.26153846153846155, 0.26153846153846155, 0.26153846153846155, 0.26153846153846155, 0.26153846153846155, 0.26153846153846155, 0.26153846153846155, 0.26153846153846155, 0.26153846153846155, 0.26153846153846155, 0.26153846153846155, 0.26153846153846155, 0.26153846153846155, 0.26153846153846155, 0.26153846153846155, 0.26153846153846155, 0.26153846153846155, 0.26153846153846155, 0.26153846153846155, 0.26153846153846155, 0.26153846153846155, 0.26153846153846155, 0.26153846153846155, 0.26153846153846155, 0.26153846153846155, 0.26153846153846155, 0.26153846153846155, 0.26153846153846155, 0.26153846153846155, 0.26153846153846155, 0.26153846153846155]",0.0,288,301989888,18874368,64,1,320864256,4936373.169230769,4718592.0,18874368.0,0,0,0,prefix,"[[0, 1, 2, 3, 4, 5, 6, 7, 8], [0, 1, 2, 3, 4, 5, 6, 7, 8], [0, 1, 2, 3, 4, 5, 6, 7, 8], [0, 1, 2, 3, 4, 5, 6, 7, 8], [0, 1, 2, 3, 4, 5, 6, 7, 8], [0, 1, 2, 3, 4, 5, 6, 7, 8], [0, 1, 2, 3, 4, 5, 6, 7, 8], [0, 1, 2, 3, 4, 5, 6, 7, 8], [0, 1, 2, 3, 4, 5, 6, 7, 8], [0, 1, 2, 3, 4, 5, 6, 7, 8], [0, 1, 2, 3, 4, 5, 6, 7, 8], [0, 1, 2, 3, 4, 5, 6, 7, 8], [0, 1, 2, 3, 4, 5, 6, 7, 8], [0, 1, 2, 3, 4, 5, 6, 7, 8], [0, 1, 2, 3, 4, 5, 6, 7, 8], [0, 1, 2, 3, 4, 5, 6, 7, 8], [0, 1, 2, 3, 4, 5, 6, 7, 8], [0, 1, 2, 3, 4, 5, 6, 7, 8], [0, 1, 2, 3, 4, 5, 6, 7, 8], [0, 1, 2, 3, 4, 5, 6, 7, 8], [0, 1, 2, 3, 4, 5, 6, 7, 8], [0, 1, 2, 3, 4, 5, 6, 7, 8], [0, 1, 2, 3, 4, 5, 6, 7, 8], [0, 1, 2, 3, 4, 5, 6, 7, 8], [0, 1, 2, 3, 4, 5, 6, 7, 8], [0, 1, 2, 3, 4, 5, 6, 7, 8], [0, 1, 2, 3, 4, 5, 6, 7, 8], [0, 1, 2, 3, 4, 5, 6, 7, 8], [0, 1, 2, 3, 4, 5, 6, 7, 8], [0, 1, 2, 3, 4, 5, 6, 7, 8], [0, 1, 2, 3, 4, 5, 6, 7, 8], [0, 1, 2, 3, 4, 5, 6, 7, 8]]",sidecar,True,raster,0
gqa,fullload,FullLoad,1.0,full,n293477,20856758,Which kind of furniture is it?,Bed,"[""bed""]",1.0,14195,2,raster,0,fullload,,485.4206705931574,,,826.9367950269952,831.7633280530572,19.753323984332383,851.5166520373896,1226833920,2368,64,,782.5361714931205,,,1.0,1.0,null,0.0,,1226833920,0,64,0,1226833920,19169280.0,19169280.0,0.0,,,,,null,,,,0
gqa,layout_prefix_chunk,Layout+Prefix,0.25,chunk,n293477,20856758,Which kind of furniture is it?,The image shows a collection of personal items scattered on a bed. It includes a,"[""bed""]",0.0,450,16,raster,0,prefix,0.24872797075659037,171.60749156028032,53.50408283993602,261.2723360070959,41.00825102068484,302.3432570043951,273.977180942893,576.3204379472882,320864256,576,65,201.82431826833636,0.0,9.0,37,0.24324324324324326,0.26153846153846155,"[0.26153846153846155, 0.26153846153846155, 0.26153846153846155, 0.26153846153846155, 0.26153846153846155, 0.26153846153846155, 0.26153846153846155, 0.26153846153846155, 0.26153846153846155, 0.26153846153846155, 0.26153846153846155, 0.26153846153846155, 0.26153846153846155, 0.26153846153846155, 0.26153846153846155, 0.26153846153846155, 0.26153846153846155, 0.26153846153846155, 0.26153846153846155, 0.26153846153846155, 0.26153846153846155, 0.26153846153846155, 0.26153846153846155, 0.26153846153846155, 0.26153846153846155, 0.26153846153846155, 0.26153846153846155, 0.26153846153846155, 0.26153846153846155, 0.26153846153846155, 0.26153846153846155, 0.26153846153846155]",0.0,288,301989888,18874368,64,1,320864256,4936373.169230769,4718592.0,18874368.0,0,0,0,prefix,"[[0, 1, 2, 3, 4, 5, 6, 7, 8], [0, 1, 2, 3, 4, 5, 6, 7, 8], [0, 1, 2, 3, 4, 5, 6, 7, 8], [0, 1, 2, 3, 4, 5, 6, 7, 8], [0, 1, 2, 3, 4, 5, 6, 7, 8], [0, 1, 2, 3, 4, 5, 6, 7, 8], [0, 1, 2, 3, 4, 5, 6, 7, 8], [0, 1, 2, 3, 4, 5, 6, 7, 8], [0, 1, 2, 3, 4, 5, 6, 7, 8], [0, 1, 2, 3, 4, 5, 6, 7, 8], [0, 1, 2, 3, 4, 5, 6, 7, 8], [0, 1, 2, 3, 4, 5, 6, 7, 8], [0, 1, 2, 3, 4, 5, 6, 7, 8], [0, 1, 2, 3, 4, 5, 6, 7, 8], [0, 1, 2, 3, 4, 5, 6, 7, 8], [0, 1, 2, 3, 4, 5, 6, 7, 8], [0, 1, 2, 3, 4, 5, 6, 7, 8], [0, 1, 2, 3, 4, 5, 6, 7, 8], [0, 1, 2, 3, 4, 5, 6, 7, 8], [0, 1, 2, 3, 4, 5, 6, 7, 8], [0, 1, 2, 3, 4, 5, 6, 7, 8], [0, 1, 2, 3, 4, 5, 6, 7, 8], [0, 1, 2, 3, 4, 5, 6, 7, 8], [0, 1, 2, 3, 4, 5, 6, 7, 8], [0, 1, 2, 3, 4, 5, 6, 7, 8], [0, 1, 2, 3, 4, 5, 6, 7, 8], [0, 1, 2, 3, 4, 5, 6, 7, 8], [0, 1, 2, 3, 4, 5, 6, 7, 8], [0, 1, 2, 3, 4, 5, 6, 7, 8], [0, 1, 2, 3, 4, 5, 6, 7, 8], [0, 1, 2, 3, 4, 5, 6, 7, 8], [0, 1, 2, 3, 4, 5, 6, 7, 8]]",sidecar,True,raster,0
gqa,fullload,FullLoad,1.0,full,n293477,20856731,Is the wallet lying on top of a desk?,No,"[""no""]",1.0,1939,2,raster,0,fullload,,513.5132562136278,,,883.8003720156848,888.6298330035061,40.07702192757279,928.7068549310789,1226833920,2368,64,,834.4831988215446,,,1.0,1.0,null,0.0,,1226833920,0,64,0,1226833920,19169280.0,19169280.0,0.0,,,,,null,,,,0
gqa,layout_prefix_chunk,Layout+Prefix,0.25,chunk,n293477,20856731,Is the wallet lying on top of a desk?,The image shows a collection of personal items scattered on a bed. It includes various,"[""no""]",0.0,450,16,raster,0,prefix,0.2257603919133544,196.09750364907086,53.21068922057748,285.6328629422933,42.08970407489687,327.78704399243,273.92149495426565,601.7085389466956,320864256,576,65,226.42627719324082,0.0,9.0,37,0.24324324324324326,0.26153846153846155,"[0.26153846153846155, 0.26153846153846155, 0.26153846153846155, 0.26153846153846155, 0.26153846153846155, 0.26153846153846155, 0.26153846153846155, 0.26153846153846155, 0.26153846153846155, 0.26153846153846155, 0.26153846153846155, 0.26153846153846155, 0.26153846153846155, 0.26153846153846155, 0.26153846153846155, 0.26153846153846155, 0.26153846153846155, 0.26153846153846155, 0.26153846153846155, 0.26153846153846155, 0.26153846153846155, 0.26153846153846155, 0.26153846153846155, 0.26153846153846155, 0.26153846153846155, 0.26153846153846155, 0.26153846153846155, 0.26153846153846155, 0.26153846153846155, 0.26153846153846155, 0.26153846153846155, 0.26153846153846155]",0.0,288,301989888,18874368,64,1,320864256,4936373.169230769,4718592.0,18874368.0,0,0,0,prefix,"[[0, 1, 2, 3, 4, 5, 6, 7, 8], [0, 1, 2, 3, 4, 5, 6, 7, 8], [0, 1, 2, 3, 4, 5, 6, 7, 8], [0, 1, 2, 3, 4, 5, 6, 7, 8], [0, 1, 2, 3, 4, 5, 6, 7, 8], [0, 1, 2, 3, 4, 5, 6, 7, 8], [0, 1, 2, 3, 4, 5, 6, 7, 8], [0, 1, 2, 3, 4, 5, 6, 7, 8], [0, 1, 2, 3, 4, 5, 6, 7, 8], [0, 1, 2, 3, 4, 5, 6, 7, 8], [0, 1, 2, 3, 4, 5, 6, 7, 8], [0, 1, 2, 3, 4, 5, 6, 7, 8], [0, 1, 2, 3, 4, 5, 6, 7, 8], [0, 1, 2, 3, 4, 5, 6, 7, 8], [0, 1, 2, 3, 4, 5, 6, 7, 8], [0, 1, 2, 3, 4, 5, 6, 7, 8], [0, 1, 2, 3, 4, 5, 6, 7, 8], [0, 1, 2, 3, 4, 5, 6, 7, 8], [0, 1, 2, 3, 4, 5, 6, 7, 8], [0, 1, 2, 3, 4, 5, 6, 7, 8], [0, 1, 2, 3, 4, 5, 6, 7, 8], [0, 1, 2, 3, 4, 5, 6, 7, 8], [0, 1, 2, 3, 4, 5, 6, 7, 8], [0, 1, 2, 3, 4, 5, 6, 7, 8], [0, 1, 2, 3, 4, 5, 6, 7, 8], [0, 1, 2, 3, 4, 5, 6, 7, 8], [0, 1, 2, 3, 4, 5, 6, 7, 8], [0, 1, 2, 3, 4, 5, 6, 7, 8], [0, 1, 2, 3, 4, 5, 6, 7, 8], [0, 1, 2, 3, 4, 5, 6, 7, 8], [0, 1, 2, 3, 4, 5, 6, 7, 8], [0, 1, 2, 3, 4, 5, 6, 7, 8]]",sidecar,True,raster,0
gqa,fullload,FullLoad,1.0,full,n293477,20857065,What is the color of the pens that are lying on top of the bed?,Blue,"[""white""]",0.0,10924,2,raster,0,fullload,,462.2320242924616,,,749.4842349551618,754.4162139529362,18.867295002564788,773.283508955501,1226833920,2368,64,,694.0242783166468,,,1.0,1.0,null,0.0,,1226833920,0,64,0,1226833920,19169280.0,19169280.0,0.0,,,,,null,,,,0
gqa,layout_prefix_chunk,Layout+Prefix,0.25,chunk,n293477,20857065,What is the color of the pens that are lying on top of the bed?,The image shows a collection of personal items scattered on a bed. It includes various,"[""white""]",0.0,450,16,raster,0,prefix,0.20685105118900537,160.0082367658615,47.860678751021624,239.2694599693641,41.31919296924025,280.6532019749284,269.3247460993007,549.9779480742291,320864256,576,65,185.44711207505316,0.0,9.0,37,0.24324324324324326,0.26153846153846155,"[0.26153846153846155, 0.26153846153846155, 0.26153846153846155, 0.26153846153846155, 0.26153846153846155, 0.26153846153846155, 0.26153846153846155, 0.26153846153846155, 0.26153846153846155, 0.26153846153846155, 0.26153846153846155, 0.26153846153846155, 0.26153846153846155, 0.26153846153846155, 0.26153846153846155, 0.26153846153846155, 0.26153846153846155, 0.26153846153846155, 0.26153846153846155, 0.26153846153846155, 0.26153846153846155, 0.26153846153846155, 0.26153846153846155, 0.26153846153846155, 0.26153846153846155, 0.26153846153846155, 0.26153846153846155, 0.26153846153846155, 0.26153846153846155, 0.26153846153846155, 0.26153846153846155, 0.26153846153846155]",0.0,288,301989888,18874368,64,1,320864256,4936373.169230769,4718592.0,18874368.0,0,0,0,prefix,"[[0, 1, 2, 3, 4, 5, 6, 7, 8], [0, 1, 2, 3, 4, 5, 6, 7, 8], [0, 1, 2, 3, 4, 5, 6, 7, 8], [0, 1, 2, 3, 4, 5, 6, 7, 8], [0, 1, 2, 3, 4, 5, 6, 7, 8], [0, 1, 2, 3, 4, 5, 6, 7, 8], [0, 1, 2, 3, 4, 5, 6, 7, 8], [0, 1, 2, 3, 4, 5, 6, 7, 8], [0, 1, 2, 3, 4, 5, 6, 7, 8], [0, 1, 2, 3, 4, 5, 6, 7, 8], [0, 1, 2, 3, 4, 5, 6, 7, 8], [0, 1, 2, 3, 4, 5, 6, 7, 8], [0, 1, 2, 3, 4, 5, 6, 7, 8], [0, 1, 2, 3, 4, 5, 6, 7, 8], [0, 1, 2, 3, 4, 5, 6, 7, 8], [0, 1, 2, 3, 4, 5, 6, 7, 8], [0, 1, 2, 3, 4, 5, 6, 7, 8], [0, 1, 2, 3, 4, 5, 6, 7, 8], [0, 1, 2, 3, 4, 5, 6, 7, 8], [0, 1, 2, 3, 4, 5, 6, 7, 8], [0, 1, 2, 3, 4, 5, 6, 7, 8], [0, 1, 2, 3, 4, 5, 6, 7, 8], [0, 1, 2, 3, 4, 5, 6, 7, 8], [0, 1, 2, 3, 4, 5, 6, 7, 8], [0, 1, 2, 3, 4, 5, 6, 7, 8], [0, 1, 2, 3, 4, 5, 6, 7, 8], [0, 1, 2, 3, 4, 5, 6, 7, 8], [0, 1, 2, 3, 4, 5, 6, 7, 8], [0, 1, 2, 3, 4, 5, 6, 7, 8], [0, 1, 2, 3, 4, 5, 6, 7, 8], [0, 1, 2, 3, 4, 5, 6, 7, 8], [0, 1, 2, 3, 4, 5, 6, 7, 8]]",sidecar,True,raster,0
gqa,fullload,FullLoad,1.0,full,n293477,20857040,Are there either wood spoons or knives?,No,"[""no""]",1.0,1939,2,raster,0,fullload,,504.2350892908871,,,854.0926850400865,858.909121947363,18.741087056696415,877.6502090040594,1226833920,2368,64,,809.7124001942575,,,1.0,1.0,null,0.0,,1226833920,0,64,0,1226833920,19169280.0,19169280.0,0.0,,,,,null,,,,0
gqa,layout_prefix_chunk,Layout+Prefix,0.25,chunk,n293477,20857040,Are there either wood spoons or knives?,The image shows a collection of personal items scattered on a bed. It appears to,"[""no""]",0.0,450,16,raster,0,prefix,0.266580143943429,171.75057681743056,55.871648830361664,264.94091795757413,39.49380305130035,304.48680999688804,275.2694769296795,579.7562869265676,320864256,576,65,203.02685082424432,0.0,9.0,37,0.24324324324324326,0.26153846153846155,"[0.26153846153846155, 0.26153846153846155, 0.26153846153846155, 0.26153846153846155, 0.26153846153846155, 0.26153846153846155, 0.26153846153846155, 0.26153846153846155, 0.26153846153846155, 0.26153846153846155, 0.26153846153846155, 0.26153846153846155, 0.26153846153846155, 0.26153846153846155, 0.26153846153846155, 0.26153846153846155, 0.26153846153846155, 0.26153846153846155, 0.26153846153846155, 0.26153846153846155, 0.26153846153846155, 0.26153846153846155, 0.26153846153846155, 0.26153846153846155, 0.26153846153846155, 0.26153846153846155, 0.26153846153846155, 0.26153846153846155, 0.26153846153846155, 0.26153846153846155, 0.26153846153846155, 0.26153846153846155]",0.0,288,301989888,18874368,64,1,320864256,4936373.169230769,4718592.0,18874368.0,0,0,0,prefix,"[[0, 1, 2, 3, 4, 5, 6, 7, 8], [0, 1, 2, 3, 4, 5, 6, 7, 8], [0, 1, 2, 3, 4, 5, 6, 7, 8], [0, 1, 2, 3, 4, 5, 6, 7, 8], [0, 1, 2, 3, 4, 5, 6, 7, 8], [0, 1, 2, 3, 4, 5, 6, 7, 8], [0, 1, 2, 3, 4, 5, 6, 7, 8], [0, 1, 2, 3, 4, 5, 6, 7, 8], [0, 1, 2, 3, 4, 5, 6, 7, 8], [0, 1, 2, 3, 4, 5, 6, 7, 8], [0, 1, 2, 3, 4, 5, 6, 7, 8], [0, 1, 2, 3, 4, 5, 6, 7, 8], [0, 1, 2, 3, 4, 5, 6, 7, 8], [0, 1, 2, 3, 4, 5, 6, 7, 8], [0, 1, 2, 3, 4, 5, 6, 7, 8], [0, 1, 2, 3, 4, 5, 6, 7, 8], [0, 1, 2, 3, 4, 5, 6, 7, 8], [0, 1, 2, 3, 4, 5, 6, 7, 8], [0, 1, 2, 3, 4, 5, 6, 7, 8], [0, 1, 2, 3, 4, 5, 6, 7, 8], [0, 1, 2, 3, 4, 5, 6, 7, 8], [0, 1, 2, 3, 4, 5, 6, 7, 8], [0, 1, 2, 3, 4, 5, 6, 7, 8], [0, 1, 2, 3, 4, 5, 6, 7, 8], [0, 1, 2, 3, 4, 5, 6, 7, 8], [0, 1, 2, 3, 4, 5, 6, 7, 8], [0, 1, 2, 3, 4, 5, 6, 7, 8], [0, 1, 2, 3, 4, 5, 6, 7, 8], [0, 1, 2, 3, 4, 5, 6, 7, 8], [0, 1, 2, 3, 4, 5, 6, 7, 8], [0, 1, 2, 3, 4, 5, 6, 7, 8], [0, 1, 2, 3, 4, 5, 6, 7, 8]]",sidecar,True,raster,0
gqa,fullload,FullLoad,1.0,full,n44249,20935919,Are the green trees lush or leafless?,Lush,"[""lush""]",1.0,365,3,raster,0,fullload,,354.9986892612651,,,575.2091950271279,579.9315579934046,37.341558025218546,617.2731160186231,1124073472,2176,64,,533.142322441563,,,1.0,1.0,null,0.0,,1124073472,0,64,0,1124073472,17563648.0,17563648.0,0.0,,,,,null,,,,0
gqa,layout_prefix_chunk,Layout+Prefix,0.25,chunk,n44249,20935919,Are the green trees lush or leafless?,The image shows a group of people riding an elephant. The ele,"[""lush""]",0.0,450,16,raster,0,prefix,0.14318549074232578,135.00121666584164,39.44806638173759,199.8219060478732,59.72947902046144,259.5966380322352,278.11595296952873,537.7125910017639,285212672,512,65,154.93968094233423,0.0,8.0,34,0.23529411764705882,0.2537313432835821,"[0.2537313432835821, 0.2537313432835821, 0.2537313432835821, 0.2537313432835821, 0.2537313432835821, 0.2537313432835821, 0.2537313432835821, 0.2537313432835821, 0.2537313432835821, 0.2537313432835821, 0.2537313432835821, 0.2537313432835821, 0.2537313432835821, 0.2537313432835821, 0.2537313432835821, 0.2537313432835821, 0.2537313432835821, 0.2537313432835821, 0.2537313432835821, 0.2537313432835821, 0.2537313432835821, 0.2537313432835821, 0.2537313432835821, 0.2537313432835821, 0.2537313432835821, 0.2537313432835821, 0.2537313432835821, 0.2537313432835821, 0.2537313432835821, 0.2537313432835821, 0.2537313432835821, 0.2537313432835821]",0.0,256,268435456,16777216,64,1,285212672,4387887.261538462,4194304.0,16777216.0,0,0,0,prefix,"[[0, 1, 2, 3, 4, 5, 6, 7], [0, 1, 2, 3, 4, 5, 6, 7], [0, 1, 2, 3, 4, 5, 6, 7], [0, 1, 2, 3, 4, 5, 6, 7], [0, 1, 2, 3, 4, 5, 6, 7], [0, 1, 2, 3, 4, 5, 6, 7], [0, 1, 2, 3, 4, 5, 6, 7], [0, 1, 2, 3, 4, 5, 6, 7], [0, 1, 2, 3, 4, 5, 6, 7], [0, 1, 2, 3, 4, 5, 6, 7], [0, 1, 2, 3, 4, 5, 6, 7], [0, 1, 2, 3, 4, 5, 6, 7], [0, 1, 2, 3, 4, 5, 6, 7], [0, 1, 2, 3, 4, 5, 6, 7], [0, 1, 2, 3, 4, 5, 6, 7], [0, 1, 2, 3, 4, 5, 6, 7], [0, 1, 2, 3, 4, 5, 6, 7], [0, 1, 2, 3, 4, 5, 6, 7], [0, 1, 2, 3, 4, 5, 6, 7], [0, 1, 2, 3, 4, 5, 6, 7], [0, 1, 2, 3, 4, 5, 6, 7], [0, 1, 2, 3, 4, 5, 6, 7], [0, 1, 2, 3, 4, 5, 6, 7], [0, 1, 2, 3, 4, 5, 6, 7], [0, 1, 2, 3, 4, 5, 6, 7], [0, 1, 2, 3, 4, 5, 6, 7], [0, 1, 2, 3, 4, 5, 6, 7], [0, 1, 2, 3, 4, 5, 6, 7], [0, 1, 2, 3, 4, 5, 6, 7], [0, 1, 2, 3, 4, 5, 6, 7], [0, 1, 2, 3, 4, 5, 6, 7], [0, 1, 2, 3, 4, 5, 6, 7]]",sidecar,True,raster,0
gqa,fullload,FullLoad,1.0,full,n44249,20935938,"What kind of animal are the trees behind of, a sheep or an elephant?",Elephant,"[""elephant""]",1.0,8317,4,raster,0,fullload,,354.6340639004484,,,571.5439670020714,576.2224020436406,56.078013963997364,632.300416007638,1124073472,2176,64,,529.544108081609,,,1.0,1.0,null,0.0,,1124073472,0,64,0,1124073472,17563648.0,17563648.0,0.0,,,,,null,,,,0
gqa,layout_prefix_chunk,Layout+Prefix,0.25,chunk,n44249,20935938,"What kind of animal are the trees behind of, a sheep or an elephant?",The image shows a group of people riding an elephant. The ele,"[""elephant""]",0.0,450,16,raster,0,prefix,0.21188613027334213,179.5440810965374,52.99945827573538,265.9724139375612,49.10540301352739,315.14284992590547,268.2415050221607,583.3843549480662,285212672,512,65,207.28127320762724,0.0,8.0,34,0.23529411764705882,0.2537313432835821,"[0.2537313432835821, 0.2537313432835821, 0.2537313432835821, 0.2537313432835821, 0.2537313432835821, 0.2537313432835821, 0.2537313432835821, 0.2537313432835821, 0.2537313432835821, 0.2537313432835821, 0.2537313432835821, 0.2537313432835821, 0.2537313432835821, 0.2537313432835821, 0.2537313432835821, 0.2537313432835821, 0.2537313432835821, 0.2537313432835821, 0.2537313432835821, 0.2537313432835821, 0.2537313432835821, 0.2537313432835821, 0.2537313432835821, 0.2537313432835821, 0.2537313432835821, 0.2537313432835821, 0.2537313432835821, 0.2537313432835821, 0.2537313432835821, 0.2537313432835821, 0.2537313432835821, 0.2537313432835821]",0.0,256,268435456,16777216,64,1,285212672,4387887.261538462,4194304.0,16777216.0,0,0,0,prefix,"[[0, 1, 2, 3, 4, 5, 6, 7], [0, 1, 2, 3, 4, 5, 6, 7], [0, 1, 2, 3, 4, 5, 6, 7], [0, 1, 2, 3, 4, 5, 6, 7], [0, 1, 2, 3, 4, 5, 6, 7], [0, 1, 2, 3, 4, 5, 6, 7], [0, 1, 2, 3, 4, 5, 6, 7], [0, 1, 2, 3, 4, 5, 6, 7], [0, 1, 2, 3, 4, 5, 6, 7], [0, 1, 2, 3, 4, 5, 6, 7], [0, 1, 2, 3, 4, 5, 6, 7], [0, 1, 2, 3, 4, 5, 6, 7], [0, 1, 2, 3, 4, 5, 6, 7], [0, 1, 2, 3, 4, 5, 6, 7], [0, 1, 2, 3, 4, 5, 6, 7], [0, 1, 2, 3, 4, 5, 6, 7], [0, 1, 2, 3, 4, 5, 6, 7], [0, 1, 2, 3, 4, 5, 6, 7], [0, 1, 2, 3, 4, 5, 6, 7], [0, 1, 2, 3, 4, 5, 6, 7], [0, 1, 2, 3, 4, 5, 6, 7], [0, 1, 2, 3, 4, 5, 6, 7], [0, 1, 2, 3, 4, 5, 6, 7], [0, 1, 2, 3, 4, 5, 6, 7], [0, 1, 2, 3, 4, 5, 6, 7], [0, 1, 2, 3, 4, 5, 6, 7], [0, 1, 2, 3, 4, 5, 6, 7], [0, 1, 2, 3, 4, 5, 6, 7], [0, 1, 2, 3, 4, 5, 6, 7], [0, 1, 2, 3, 4, 5, 6, 7], [0, 1, 2, 3, 4, 5, 6, 7], [0, 1, 2, 3, 4, 5, 6, 7]]",sidecar,True,raster,0
gqa,fullload,FullLoad,1.0,full,n44249,20935990,Does the animal beside the fence have small size?,No,"[""no""]",1.0,1939,2,raster,0,fullload,,409.3302226392552,,,667.9886840283871,672.76285297703,50.76769401784986,723.5305469948798,1124073472,2176,64,,614.6666891872883,,,1.0,1.0,null,0.0,,1124073472,0,64,0,1124073472,17563648.0,17563648.0,0.0,,,,,null,,,,0
gqa,layout_prefix_chunk,Layout+Prefix,0.25,chunk,n44249,20935990,Does the animal beside the fence have small size?,The image shows a group of people riding an elephant. The ele,"[""no""]",0.0,450,16,raster,0,prefix,0.2236447762697935,176.90854950342327,52.74712946265936,263.03155603818595,41.957507957704365,305.0499319797382,272.9868780588731,578.0368100386113,285212672,512,65,204.56072979141027,0.0,8.0,34,0.23529411764705882,0.2537313432835821,"[0.2537313432835821, 0.2537313432835821, 0.2537313432835821, 0.2537313432835821, 0.2537313432835821, 0.2537313432835821, 0.2537313432835821, 0.2537313432835821, 0.2537313432835821, 0.2537313432835821, 0.2537313432835821, 0.2537313432835821, 0.2537313432835821, 0.2537313432835821, 0.2537313432835821, 0.2537313432835821, 0.2537313432835821, 0.2537313432835821, 0.2537313432835821, 0.2537313432835821, 0.2537313432835821, 0.2537313432835821, 0.2537313432835821, 0.2537313432835821, 0.2537313432835821, 0.2537313432835821, 0.2537313432835821, 0.2537313432835821, 0.2537313432835821, 0.2537313432835821, 0.2537313432835821, 0.2537313432835821]",0.0,256,268435456,16777216,64,1,285212672,4387887.261538462,4194304.0,16777216.0,0,0,0,prefix,"[[0, 1, 2, 3, 4, 5, 6, 7], [0, 1, 2, 3, 4, 5, 6, 7], [0, 1, 2, 3, 4, 5, 6, 7], [0, 1, 2, 3, 4, 5, 6, 7], [0, 1, 2, 3, 4, 5, 6, 7], [0, 1, 2, 3, 4, 5, 6, 7], [0, 1, 2, 3, 4, 5, 6, 7], [0, 1, 2, 3, 4, 5, 6, 7], [0, 1, 2, 3, 4, 5, 6, 7], [0, 1, 2, 3, 4, 5, 6, 7], [0, 1, 2, 3, 4, 5, 6, 7], [0, 1, 2, 3, 4, 5, 6, 7], [0, 1, 2, 3, 4, 5, 6, 7], [0, 1, 2, 3, 4, 5, 6, 7], [0, 1, 2, 3, 4, 5, 6, 7], [0, 1, 2, 3, 4, 5, 6, 7], [0, 1, 2, 3, 4, 5, 6, 7], [0, 1, 2, 3, 4, 5, 6, 7], [0, 1, 2, 3, 4, 5, 6, 7], [0, 1, 2, 3, 4, 5, 6, 7], [0, 1, 2, 3, 4, 5, 6, 7], [0, 1, 2, 3, 4, 5, 6, 7], [0, 1, 2, 3, 4, 5, 6, 7], [0, 1, 2, 3, 4, 5, 6, 7], [0, 1, 2, 3, 4, 5, 6, 7], [0, 1, 2, 3, 4, 5, 6, 7], [0, 1, 2, 3, 4, 5, 6, 7], [0, 1, 2, 3, 4, 5, 6, 7], [0, 1, 2, 3, 4, 5, 6, 7], [0, 1, 2, 3, 4, 5, 6, 7], [0, 1, 2, 3, 4, 5, 6, 7], [0, 1, 2, 3, 4, 5, 6, 7]]",sidecar,True,raster,0
gqa,fullload,FullLoad,1.0,full,n44249,20936256,Is the woman to the right or to the left of the heavy person?,Left,"[""left""]",1.0,19941,2,raster,0,fullload,,387.47253420297056,,,629.3821670114994,634.0422990033403,19.052754039876163,653.0950530432165,1124073472,2176,64,,582.1882822783664,,,1.0,1.0,null,0.0,,1124073472,0,64,0,1124073472,17563648.0,17563648.0,0.0,,,,,null,,,,0
gqa,layout_prefix_chunk,Layout+Prefix,0.25,chunk,n44249,20936256,Is the woman to the right or to the left of the heavy person?,The image shows a group of people riding an elephant. The ele,"[""left""]",0.0,450,16,raster,0,prefix,0.21865195594727993,156.11582656856626,50.254392670467496,238.08438307605684,45.567751047201455,283.71541609521955,269.6391649078578,553.3545810030773,285212672,512,65,182.13433679193258,0.0,8.0,34,0.23529411764705882,0.2537313432835821,"[0.2537313432835821, 0.2537313432835821, 0.2537313432835821, 0.2537313432835821, 0.2537313432835821, 0.2537313432835821, 0.2537313432835821, 0.2537313432835821, 0.2537313432835821, 0.2537313432835821, 0.2537313432835821, 0.2537313432835821, 0.2537313432835821, 0.2537313432835821, 0.2537313432835821, 0.2537313432835821, 0.2537313432835821, 0.2537313432835821, 0.2537313432835821, 0.2537313432835821, 0.2537313432835821, 0.2537313432835821, 0.2537313432835821, 0.2537313432835821, 0.2537313432835821, 0.2537313432835821, 0.2537313432835821, 0.2537313432835821, 0.2537313432835821, 0.2537313432835821, 0.2537313432835821, 0.2537313432835821]",0.0,256,268435456,16777216,64,1,285212672,4387887.261538462,4194304.0,16777216.0,0,0,0,prefix,"[[0, 1, 2, 3, 4, 5, 6, 7], [0, 1, 2, 3, 4, 5, 6, 7], [0, 1, 2, 3, 4, 5, 6, 7], [0, 1, 2, 3, 4, 5, 6, 7], [0, 1, 2, 3, 4, 5, 6, 7], [0, 1, 2, 3, 4, 5, 6, 7], [0, 1, 2, 3, 4, 5, 6, 7], [0, 1, 2, 3, 4, 5, 6, 7], [0, 1, 2, 3, 4, 5, 6, 7], [0, 1, 2, 3, 4, 5, 6, 7], [0, 1, 2, 3, 4, 5, 6, 7], [0, 1, 2, 3, 4, 5, 6, 7], [0, 1, 2, 3, 4, 5, 6, 7], [0, 1, 2, 3, 4, 5, 6, 7], [0, 1, 2, 3, 4, 5, 6, 7], [0, 1, 2, 3, 4, 5, 6, 7], [0, 1, 2, 3, 4, 5, 6, 7], [0, 1, 2, 3, 4, 5, 6, 7], [0, 1, 2, 3, 4, 5, 6, 7], [0, 1, 2, 3, 4, 5, 6, 7], [0, 1, 2, 3, 4, 5, 6, 7], [0, 1, 2, 3, 4, 5, 6, 7], [0, 1, 2, 3, 4, 5, 6, 7], [0, 1, 2, 3, 4, 5, 6, 7], [0, 1, 2, 3, 4, 5, 6, 7], [0, 1, 2, 3, 4, 5, 6, 7], [0, 1, 2, 3, 4, 5, 6, 7], [0, 1, 2, 3, 4, 5, 6, 7], [0, 1, 2, 3, 4, 5, 6, 7], [0, 1, 2, 3, 4, 5, 6, 7], [0, 1, 2, 3, 4, 5, 6, 7], [0, 1, 2, 3, 4, 5, 6, 7]]",sidecar,True,raster,0
gqa,fullload,FullLoad,1.0,full,n44249,20936230,Which kind of animal is the woman on?,Elephant,"[""elephant""]",1.0,8317,4,raster,0,fullload,,451.2439009267837,,,740.4876429354772,745.196163887158,54.67275204136968,799.8689159285277,1124073472,2176,64,,676.2237857328728,,,1.0,1.0,null,0.0,,1124073472,0,64,0,1124073472,17563648.0,17563648.0,0.0,,,,,null,,,,0
gqa,layout_prefix_chunk,Layout+Prefix,0.25,chunk,n44249,20936230,Which kind of animal is the woman on?,The image shows a group of people riding an elephant. The ele,"[""elephant""]",0.0,450,16,raster,0,prefix,0.17826072871685028,159.63496768381447,41.96689685340971,227.85337595269084,45.580700039863586,273.49605900235474,270.7511580083519,544.2472170107067,285212672,512,65,180.5040902690962,0.0,8.0,34,0.23529411764705882,0.2537313432835821,"[0.2537313432835821, 0.2537313432835821, 0.2537313432835821, 0.2537313432835821, 0.2537313432835821, 0.2537313432835821, 0.2537313432835821, 0.2537313432835821, 0.2537313432835821, 0.2537313432835821, 0.2537313432835821, 0.2537313432835821, 0.2537313432835821, 0.2537313432835821, 0.2537313432835821, 0.2537313432835821, 0.2537313432835821, 0.2537313432835821, 0.2537313432835821, 0.2537313432835821, 0.2537313432835821, 0.2537313432835821, 0.2537313432835821, 0.2537313432835821, 0.2537313432835821, 0.2537313432835821, 0.2537313432835821, 0.2537313432835821, 0.2537313432835821, 0.2537313432835821, 0.2537313432835821, 0.2537313432835821]",0.0,256,268435456,16777216,64,1,285212672,4387887.261538462,4194304.0,16777216.0,0,0,0,prefix,"[[0, 1, 2, 3, 4, 5, 6, 7], [0, 1, 2, 3, 4, 5, 6, 7], [0, 1, 2, 3, 4, 5, 6, 7], [0, 1, 2, 3, 4, 5, 6, 7], [0, 1, 2, 3, 4, 5, 6, 7], [0, 1, 2, 3, 4, 5, 6, 7], [0, 1, 2, 3, 4, 5, 6, 7], [0, 1, 2, 3, 4, 5, 6, 7], [0, 1, 2, 3, 4, 5, 6, 7], [0, 1, 2, 3, 4, 5, 6, 7], [0, 1, 2, 3, 4, 5, 6, 7], [0, 1, 2, 3, 4, 5, 6, 7], [0, 1, 2, 3, 4, 5, 6, 7], [0, 1, 2, 3, 4, 5, 6, 7], [0, 1, 2, 3, 4, 5, 6, 7], [0, 1, 2, 3, 4, 5, 6, 7], [0, 1, 2, 3, 4, 5, 6, 7], [0, 1, 2, 3, 4, 5, 6, 7], [0, 1, 2, 3, 4, 5, 6, 7], [0, 1, 2, 3, 4, 5, 6, 7], [0, 1, 2, 3, 4, 5, 6, 7], [0, 1, 2, 3, 4, 5, 6, 7], [0, 1, 2, 3, 4, 5, 6, 7], [0, 1, 2, 3, 4, 5, 6, 7], [0, 1, 2, 3, 4, 5, 6, 7], [0, 1, 2, 3, 4, 5, 6, 7], [0, 1, 2, 3, 4, 5, 6, 7], [0, 1, 2, 3, 4, 5, 6, 7], [0, 1, 2, 3, 4, 5, 6, 7], [0, 1, 2, 3, 4, 5, 6, 7], [0, 1, 2, 3, 4, 5, 6, 7], [0, 1, 2, 3, 4, 5, 6, 7]]",sidecar,True,raster,0
gqa,fullload,FullLoad,1.0,full,n44249,20936214,Does the woman to the left of the man appear to be sitting?,Yes,"[""yes""]",1.0,3869,2,raster,0,fullload,,380.84628619253635,,,625.1235159579664,629.79156000074,21.77810005377978,651.5696600545198,1124073472,2176,64,,575.2849890850484,,,1.0,1.0,null,0.0,,1124073472,0,64,0,1124073472,17563648.0,17563648.0,0.0,,,,,null,,,,0
gqa,layout_prefix_chunk,Layout+Prefix,0.25,chunk,n44249,20936214,Does the woman to the left of the man appear to be sitting?,The image shows a group of people riding an elephant. The ele,"[""yes""]",0.0,450,16,raster,0,prefix,0.20865409169346094,153.30525871831924,50.297779496759176,235.0618119817227,40.515619912184775,275.63930000178516,267.7852320484817,543.4245320502669,285212672,512,65,179.07243687659502,0.0,8.0,34,0.23529411764705882,0.2537313432835821,"[0.2537313432835821, 0.2537313432835821, 0.2537313432835821, 0.2537313432835821, 0.2537313432835821, 0.2537313432835821, 0.2537313432835821, 0.2537313432835821, 0.2537313432835821, 0.2537313432835821, 0.2537313432835821, 0.2537313432835821, 0.2537313432835821, 0.2537313432835821, 0.2537313432835821, 0.2537313432835821, 0.2537313432835821, 0.2537313432835821, 0.2537313432835821, 0.2537313432835821, 0.2537313432835821, 0.2537313432835821, 0.2537313432835821, 0.2537313432835821, 0.2537313432835821, 0.2537313432835821, 0.2537313432835821, 0.2537313432835821, 0.2537313432835821, 0.2537313432835821, 0.2537313432835821, 0.2537313432835821]",0.0,256,268435456,16777216,64,1,285212672,4387887.261538462,4194304.0,16777216.0,0,0,0,prefix,"[[0, 1, 2, 3, 4, 5, 6, 7], [0, 1, 2, 3, 4, 5, 6, 7], [0, 1, 2, 3, 4, 5, 6, 7], [0, 1, 2, 3, 4, 5, 6, 7], [0, 1, 2, 3, 4, 5, 6, 7], [0, 1, 2, 3, 4, 5, 6, 7], [0, 1, 2, 3, 4, 5, 6, 7], [0, 1, 2, 3, 4, 5, 6, 7], [0, 1, 2, 3, 4, 5, 6, 7], [0, 1, 2, 3, 4, 5, 6, 7], [0, 1, 2, 3, 4, 5, 6, 7], [0, 1, 2, 3, 4, 5, 6, 7], [0, 1, 2, 3, 4, 5, 6, 7], [0, 1, 2, 3, 4, 5, 6, 7], [0, 1, 2, 3, 4, 5, 6, 7], [0, 1, 2, 3, 4, 5, 6, 7], [0, 1, 2, 3, 4, 5, 6, 7], [0, 1, 2, 3, 4, 5, 6, 7], [0, 1, 2, 3, 4, 5, 6, 7], [0, 1, 2, 3, 4, 5, 6, 7], [0, 1, 2, 3, 4, 5, 6, 7], [0, 1, 2, 3, 4, 5, 6, 7], [0, 1, 2, 3, 4, 5, 6, 7], [0, 1, 2, 3, 4, 5, 6, 7], [0, 1, 2, 3, 4, 5, 6, 7], [0, 1, 2, 3, 4, 5, 6, 7], [0, 1, 2, 3, 4, 5, 6, 7], [0, 1, 2, 3, 4, 5, 6, 7], [0, 1, 2, 3, 4, 5, 6, 7], [0, 1, 2, 3, 4, 5, 6, 7], [0, 1, 2, 3, 4, 5, 6, 7], [0, 1, 2, 3, 4, 5, 6, 7]]",sidecar,True,raster,0
gqa,fullload,FullLoad,1.0,full,n331357,201404246,The small animal is drinking from who?,Cow,"[""mother""]",0.0,21638,2,raster,0,fullload,,448.0499087367207,,,693.9337080111727,698.6592680914328,23.14849989488721,721.80776798632,1072693248,2048,64,,634.1249259421602,,,1.0,1.0,null,0.0,,1072693248,0,64,0,1072693248,16760832.0,16760832.0,0.0,,,,,null,,,,0
gqa,layout_prefix_chunk,Layout+Prefix,0.25,chunk,n331357,201404246,The small animal is drinking from who?,The image shows a rural landscape with a variety of animals grazing in a field,"[""mother""]",0.0,450,16,raster,0,prefix,0.2260395558550954,162.66950324643403,52.05707543063909,247.63904698193073,46.051147975958884,293.7532300129533,267.21814495977014,560.9713749727234,284164096,512,65,189.90308279171586,0.0,8.0,32,0.25,0.2649071358748778,"[0.2649071358748778, 0.2649071358748778, 0.2649071358748778, 0.2649071358748778, 0.2649071358748778, 0.2649071358748778, 0.2649071358748778, 0.2649071358748778, 0.2649071358748778, 0.2649071358748778, 0.2649071358748778, 0.2649071358748778, 0.2649071358748778, 0.2649071358748778, 0.2649071358748778, 0.2649071358748778, 0.2649071358748778, 0.2649071358748778, 0.2649071358748778, 0.2649071358748778, 0.2649071358748778, 0.2649071358748778, 0.2649071358748778, 0.2649071358748778, 0.2649071358748778, 0.2649071358748778, 0.2649071358748778, 0.2649071358748778, 0.2649071358748778, 0.2649071358748778, 0.2649071358748778, 0.2649071358748778]",0.0,256,268435456,15728640,64,1,284164096,4371755.323076923,4194304.0,15728640.0,0,0,0,prefix,"[[0, 1, 2, 3, 4, 5, 6, 7], [0, 1, 2, 3, 4, 5, 6, 7], [0, 1, 2, 3, 4, 5, 6, 7], [0, 1, 2, 3, 4, 5, 6, 7], [0, 1, 2, 3, 4, 5, 6, 7], [0, 1, 2, 3, 4, 5, 6, 7], [0, 1, 2, 3, 4, 5, 6, 7], [0, 1, 2, 3, 4, 5, 6, 7], [0, 1, 2, 3, 4, 5, 6, 7], [0, 1, 2, 3, 4, 5, 6, 7], [0, 1, 2, 3, 4, 5, 6, 7], [0, 1, 2, 3, 4, 5, 6, 7], [0, 1, 2, 3, 4, 5, 6, 7], [0, 1, 2, 3, 4, 5, 6, 7], [0, 1, 2, 3, 4, 5, 6, 7], [0, 1, 2, 3, 4, 5, 6, 7], [0, 1, 2, 3, 4, 5, 6, 7], [0, 1, 2, 3, 4, 5, 6, 7], [0, 1, 2, 3, 4, 5, 6, 7], [0, 1, 2, 3, 4, 5, 6, 7], [0, 1, 2, 3, 4, 5, 6, 7], [0, 1, 2, 3, 4, 5, 6, 7], [0, 1, 2, 3, 4, 5, 6, 7], [0, 1, 2, 3, 4, 5, 6, 7], [0, 1, 2, 3, 4, 5, 6, 7], [0, 1, 2, 3, 4, 5, 6, 7], [0, 1, 2, 3, 4, 5, 6, 7], [0, 1, 2, 3, 4, 5, 6, 7], [0, 1, 2, 3, 4, 5, 6, 7], [0, 1, 2, 3, 4, 5, 6, 7], [0, 1, 2, 3, 4, 5, 6, 7], [0, 1, 2, 3, 4, 5, 6, 7]]",sidecar,True,raster,0
gqa,fullload,FullLoad,1.0,full,n331357,201404241,What animal is drinking from the mother?,Calf,"[""calf""]",1.0,3037,3,raster,0,fullload,,429.2965041240677,,,657.3482250096276,661.8961269268766,44.733363087289035,706.6294900141656,1072693248,2048,64,,602.3032892262563,,,1.0,1.0,null,0.0,,1072693248,0,64,0,1072693248,16760832.0,16760832.0,0.0,,,,,null,,,,0
gqa,layout_prefix_chunk,Layout+Prefix,0.25,chunk,n331357,201404241,What animal is drinking from the mother?,The image shows a rural landscape with a variety of animals grazing in a field,"[""calf""]",0.0,450,16,raster,0,prefix,0.211224309168756,156.06871515046805,49.34634501114488,236.24895396642387,40.382780018262565,276.6961130546406,270.67284390795976,547.3689569626004,284164096,512,65,181.30960559938103,0.0,8.0,32,0.25,0.2649071358748778,"[0.2649071358748778, 0.2649071358748778, 0.2649071358748778, 0.2649071358748778, 0.2649071358748778, 0.2649071358748778, 0.2649071358748778, 0.2649071358748778, 0.2649071358748778, 0.2649071358748778, 0.2649071358748778, 0.2649071358748778, 0.2649071358748778, 0.2649071358748778, 0.2649071358748778, 0.2649071358748778, 0.2649071358748778, 0.2649071358748778, 0.2649071358748778, 0.2649071358748778, 0.2649071358748778, 0.2649071358748778, 0.2649071358748778, 0.2649071358748778, 0.2649071358748778, 0.2649071358748778, 0.2649071358748778, 0.2649071358748778, 0.2649071358748778, 0.2649071358748778, 0.2649071358748778, 0.2649071358748778]",0.0,256,268435456,15728640,64,1,284164096,4371755.323076923,4194304.0,15728640.0,0,0,0,prefix,"[[0, 1, 2, 3, 4, 5, 6, 7], [0, 1, 2, 3, 4, 5, 6, 7], [0, 1, 2, 3, 4, 5, 6, 7], [0, 1, 2, 3, 4, 5, 6, 7], [0, 1, 2, 3, 4, 5, 6, 7], [0, 1, 2, 3, 4, 5, 6, 7], [0, 1, 2, 3, 4, 5, 6, 7], [0, 1, 2, 3, 4, 5, 6, 7], [0, 1, 2, 3, 4, 5, 6, 7], [0, 1, 2, 3, 4, 5, 6, 7], [0, 1, 2, 3, 4, 5, 6, 7], [0, 1, 2, 3, 4, 5, 6, 7], [0, 1, 2, 3, 4, 5, 6, 7], [0, 1, 2, 3, 4, 5, 6, 7], [0, 1, 2, 3, 4, 5, 6, 7], [0, 1, 2, 3, 4, 5, 6, 7], [0, 1, 2, 3, 4, 5, 6, 7], [0, 1, 2, 3, 4, 5, 6, 7], [0, 1, 2, 3, 4, 5, 6, 7], [0, 1, 2, 3, 4, 5, 6, 7], [0, 1, 2, 3, 4, 5, 6, 7], [0, 1, 2, 3, 4, 5, 6, 7], [0, 1, 2, 3, 4, 5, 6, 7], [0, 1, 2, 3, 4, 5, 6, 7], [0, 1, 2, 3, 4, 5, 6, 7], [0, 1, 2, 3, 4, 5, 6, 7], [0, 1, 2, 3, 4, 5, 6, 7], [0, 1, 2, 3, 4, 5, 6, 7], [0, 1, 2, 3, 4, 5, 6, 7], [0, 1, 2, 3, 4, 5, 6, 7], [0, 1, 2, 3, 4, 5, 6, 7], [0, 1, 2, 3, 4, 5, 6, 7]]",sidecar,True,raster,0
gqa,fullload,FullLoad,1.0,full,n331357,201404242,What is the animal that is drinking from the mom that is not small?,Calf,"[""calf""]",1.0,3037,3,raster,0,fullload,,441.91891117952764,,,667.6961239427328,672.2113470314071,40.781234041787684,712.9925810731947,1072693248,2048,64,,613.2242964813486,,,1.0,1.0,null,0.0,,1072693248,0,64,0,1072693248,16760832.0,16760832.0,0.0,,,,,null,,,,0
gqa,layout_prefix_chunk,Layout+Prefix,0.25,chunk,n331357,201404242,What is the animal that is drinking from the mom that is not small?,The image shows a pastoral scene with a variety of cows grazing in,"[""calf""]",0.0,450,16,raster,0,prefix,0.17950090114027262,150.9090323233977,44.18426426127553,221.92136500962079,42.611027020029724,264.5939710782841,269.0675229532644,533.6614940315485,284164096,512,65,172.3878988996148,0.0,8.0,32,0.25,0.2649071358748778,"[0.2649071358748778, 0.2649071358748778, 0.2649071358748778, 0.2649071358748778, 0.2649071358748778, 0.2649071358748778, 0.2649071358748778, 0.2649071358748778, 0.2649071358748778, 0.2649071358748778, 0.2649071358748778, 0.2649071358748778, 0.2649071358748778, 0.2649071358748778, 0.2649071358748778, 0.2649071358748778, 0.2649071358748778, 0.2649071358748778, 0.2649071358748778, 0.2649071358748778, 0.2649071358748778, 0.2649071358748778, 0.2649071358748778, 0.2649071358748778, 0.2649071358748778, 0.2649071358748778, 0.2649071358748778, 0.2649071358748778, 0.2649071358748778, 0.2649071358748778, 0.2649071358748778, 0.2649071358748778]",0.0,256,268435456,15728640,64,1,284164096,4371755.323076923,4194304.0,15728640.0,0,0,0,prefix,"[[0, 1, 2, 3, 4, 5, 6, 7], [0, 1, 2, 3, 4, 5, 6, 7], [0, 1, 2, 3, 4, 5, 6, 7], [0, 1, 2, 3, 4, 5, 6, 7], [0, 1, 2, 3, 4, 5, 6, 7], [0, 1, 2, 3, 4, 5, 6, 7], [0, 1, 2, 3, 4, 5, 6, 7], [0, 1, 2, 3, 4, 5, 6, 7], [0, 1, 2, 3, 4, 5, 6, 7], [0, 1, 2, 3, 4, 5, 6, 7], [0, 1, 2, 3, 4, 5, 6, 7], [0, 1, 2, 3, 4, 5, 6, 7], [0, 1, 2, 3, 4, 5, 6, 7], [0, 1, 2, 3, 4, 5, 6, 7], [0, 1, 2, 3, 4, 5, 6, 7], [0, 1, 2, 3, 4, 5, 6, 7], [0, 1, 2, 3, 4, 5, 6, 7], [0, 1, 2, 3, 4, 5, 6, 7], [0, 1, 2, 3, 4, 5, 6, 7], [0, 1, 2, 3, 4, 5, 6, 7], [0, 1, 2, 3, 4, 5, 6, 7], [0, 1, 2, 3, 4, 5, 6, 7], [0, 1, 2, 3, 4, 5, 6, 7], [0, 1, 2, 3, 4, 5, 6, 7], [0, 1, 2, 3, 4, 5, 6, 7], [0, 1, 2, 3, 4, 5, 6, 7], [0, 1, 2, 3, 4, 5, 6, 7], [0, 1, 2, 3, 4, 5, 6, 7], [0, 1, 2, 3, 4, 5, 6, 7], [0, 1, 2, 3, 4, 5, 6, 7], [0, 1, 2, 3, 4, 5, 6, 7], [0, 1, 2, 3, 4, 5, 6, 7]]",sidecar,True,raster,0
gqa,fullload,FullLoad,1.0,full,n331357,201404284,Who is standing?,Cow,"[""mother""]",0.0,21638,2,raster,0,fullload,,426.85396189335734,,,639.4511070102453,644.041352905333,24.450347060337663,668.4916999656707,1072693248,2048,64,,589.6106217987835,,,1.0,1.0,null,0.0,,1072693248,0,64,0,1072693248,16760832.0,16760832.0,0.0,,,,,null,,,,0
gqa,layout_prefix_chunk,Layout+Prefix,0.25,chunk,n331357,201404284,Who is standing?,The image shows a rural landscape with a variety of animals grazing in a field,"[""mother""]",0.0,450,16,raster,0,prefix,0.22010516840964556,159.25547876395285,50.73467595502734,241.68947094585747,47.379572060890496,289.13035499863327,271.41770103480667,560.5480560334399,284164096,512,65,185.01589982770383,0.0,8.0,32,0.25,0.2649071358748778,"[0.2649071358748778, 0.2649071358748778, 0.2649071358748778, 0.2649071358748778, 0.2649071358748778, 0.2649071358748778, 0.2649071358748778, 0.2649071358748778, 0.2649071358748778, 0.2649071358748778, 0.2649071358748778, 0.2649071358748778, 0.2649071358748778, 0.2649071358748778, 0.2649071358748778, 0.2649071358748778, 0.2649071358748778, 0.2649071358748778, 0.2649071358748778, 0.2649071358748778, 0.2649071358748778, 0.2649071358748778, 0.2649071358748778, 0.2649071358748778, 0.2649071358748778, 0.2649071358748778, 0.2649071358748778, 0.2649071358748778, 0.2649071358748778, 0.2649071358748778, 0.2649071358748778, 0.2649071358748778]",0.0,256,268435456,15728640,64,1,284164096,4371755.323076923,4194304.0,15728640.0,0,0,0,prefix,"[[0, 1, 2, 3, 4, 5, 6, 7], [0, 1, 2, 3, 4, 5, 6, 7], [0, 1, 2, 3, 4, 5, 6, 7], [0, 1, 2, 3, 4, 5, 6, 7], [0, 1, 2, 3, 4, 5, 6, 7], [0, 1, 2, 3, 4, 5, 6, 7], [0, 1, 2, 3, 4, 5, 6, 7], [0, 1, 2, 3, 4, 5, 6, 7], [0, 1, 2, 3, 4, 5, 6, 7], [0, 1, 2, 3, 4, 5, 6, 7], [0, 1, 2, 3, 4, 5, 6, 7], [0, 1, 2, 3, 4, 5, 6, 7], [0, 1, 2, 3, 4, 5, 6, 7], [0, 1, 2, 3, 4, 5, 6, 7], [0, 1, 2, 3, 4, 5, 6, 7], [0, 1, 2, 3, 4, 5, 6, 7], [0, 1, 2, 3, 4, 5, 6, 7], [0, 1, 2, 3, 4, 5, 6, 7], [0, 1, 2, 3, 4, 5, 6, 7], [0, 1, 2, 3, 4, 5, 6, 7], [0, 1, 2, 3, 4, 5, 6, 7], [0, 1, 2, 3, 4, 5, 6, 7], [0, 1, 2, 3, 4, 5, 6, 7], [0, 1, 2, 3, 4, 5, 6, 7], [0, 1, 2, 3, 4, 5, 6, 7], [0, 1, 2, 3, 4, 5, 6, 7], [0, 1, 2, 3, 4, 5, 6, 7], [0, 1, 2, 3, 4, 5, 6, 7], [0, 1, 2, 3, 4, 5, 6, 7], [0, 1, 2, 3, 4, 5, 6, 7], [0, 1, 2, 3, 4, 5, 6, 7], [0, 1, 2, 3, 4, 5, 6, 7]]",sidecar,True,raster,0
gqa,fullload,FullLoad,1.0,full,n331357,201403947,How's the weather?,Sunny,"[""cloudless""]",0.0,8991,3,raster,0,fullload,,449.73049324471503,,,679.5715080806985,684.0774330776185,37.47286798898131,721.5503010665998,1072693248,2048,64,,621.0561541374773,,,1.0,1.0,null,0.0,,1072693248,0,64,0,1072693248,16760832.0,16760832.0,0.0,,,,,null,,,,0
gqa,layout_prefix_chunk,Layout+Prefix,0.25,chunk,n331357,201403947,How's the weather?,The image shows a rural landscape with a variety of animals grazing in a field,"[""cloudless""]",0.0,450,16,raster,0,prefix,0.19521708600223064,156.9042595801875,48.828233731910586,236.4355119643733,49.30414108093828,285.80011904705316,268.96944793406874,554.7695669811219,284164096,512,65,182.05201905220747,0.0,8.0,32,0.25,0.2649071358748778,"[0.2649071358748778, 0.2649071358748778, 0.2649071358748778, 0.2649071358748778, 0.2649071358748778, 0.2649071358748778, 0.2649071358748778, 0.2649071358748778, 0.2649071358748778, 0.2649071358748778, 0.2649071358748778, 0.2649071358748778, 0.2649071358748778, 0.2649071358748778, 0.2649071358748778, 0.2649071358748778, 0.2649071358748778, 0.2649071358748778, 0.2649071358748778, 0.2649071358748778, 0.2649071358748778, 0.2649071358748778, 0.2649071358748778, 0.2649071358748778, 0.2649071358748778, 0.2649071358748778, 0.2649071358748778, 0.2649071358748778, 0.2649071358748778, 0.2649071358748778, 0.2649071358748778, 0.2649071358748778]",0.0,256,268435456,15728640,64,1,284164096,4371755.323076923,4194304.0,15728640.0,0,0,0,prefix,"[[0, 1, 2, 3, 4, 5, 6, 7], [0, 1, 2, 3, 4, 5, 6, 7], [0, 1, 2, 3, 4, 5, 6, 7], [0, 1, 2, 3, 4, 5, 6, 7], [0, 1, 2, 3, 4, 5, 6, 7], [0, 1, 2, 3, 4, 5, 6, 7], [0, 1, 2, 3, 4, 5, 6, 7], [0, 1, 2, 3, 4, 5, 6, 7], [0, 1, 2, 3, 4, 5, 6, 7], [0, 1, 2, 3, 4, 5, 6, 7], [0, 1, 2, 3, 4, 5, 6, 7], [0, 1, 2, 3, 4, 5, 6, 7], [0, 1, 2, 3, 4, 5, 6, 7], [0, 1, 2, 3, 4, 5, 6, 7], [0, 1, 2, 3, 4, 5, 6, 7], [0, 1, 2, 3, 4, 5, 6, 7], [0, 1, 2, 3, 4, 5, 6, 7], [0, 1, 2, 3, 4, 5, 6, 7], [0, 1, 2, 3, 4, 5, 6, 7], [0, 1, 2, 3, 4, 5, 6, 7], [0, 1, 2, 3, 4, 5, 6, 7], [0, 1, 2, 3, 4, 5, 6, 7], [0, 1, 2, 3, 4, 5, 6, 7], [0, 1, 2, 3, 4, 5, 6, 7], [0, 1, 2, 3, 4, 5, 6, 7], [0, 1, 2, 3, 4, 5, 6, 7], [0, 1, 2, 3, 4, 5, 6, 7], [0, 1, 2, 3, 4, 5, 6, 7], [0, 1, 2, 3, 4, 5, 6, 7], [0, 1, 2, 3, 4, 5, 6, 7], [0, 1, 2, 3, 4, 5, 6, 7], [0, 1, 2, 3, 4, 5, 6, 7]]",sidecar,True,raster,0
gqa,fullload,FullLoad,1.0,full,n331357,201404178,Is the small calf in the bottom part of the image?,Yes,"[""yes""]",1.0,3869,2,raster,0,fullload,,447.89304479490966,,,682.1964599657804,686.7626960156485,18.930274061858654,705.6929700775072,1072693248,2048,64,,621.6140718897805,,,1.0,1.0,null,0.0,,1072693248,0,64,0,1072693248,16760832.0,16760832.0,0.0,,,,,null,,,,0
gqa,layout_prefix_chunk,Layout+Prefix,0.25,chunk,n331357,201404178,Is the small calf in the bottom part of the image?,The image shows a rural landscape with a variety of animals grazing in a field,"[""yes""]",0.0,450,16,raster,0,prefix,0.20602322183549404,152.94566564261913,48.01197838969529,230.79398507252336,59.27432794123888,290.13136797584593,282.5856340350583,572.7170020109043,284164096,512,65,177.1915351273492,0.0,8.0,32,0.25,0.2649071358748778,"[0.2649071358748778, 0.2649071358748778, 0.2649071358748778, 0.2649071358748778, 0.2649071358748778, 0.2649071358748778, 0.2649071358748778, 0.2649071358748778, 0.2649071358748778, 0.2649071358748778, 0.2649071358748778, 0.2649071358748778, 0.2649071358748778, 0.2649071358748778, 0.2649071358748778, 0.2649071358748778, 0.2649071358748778, 0.2649071358748778, 0.2649071358748778, 0.2649071358748778, 0.2649071358748778, 0.2649071358748778, 0.2649071358748778, 0.2649071358748778, 0.2649071358748778, 0.2649071358748778, 0.2649071358748778, 0.2649071358748778, 0.2649071358748778, 0.2649071358748778, 0.2649071358748778, 0.2649071358748778]",0.0,256,268435456,15728640,64,1,284164096,4371755.323076923,4194304.0,15728640.0,0,0,0,prefix,"[[0, 1, 2, 3, 4, 5, 6, 7], [0, 1, 2, 3, 4, 5, 6, 7], [0, 1, 2, 3, 4, 5, 6, 7], [0, 1, 2, 3, 4, 5, 6, 7], [0, 1, 2, 3, 4, 5, 6, 7], [0, 1, 2, 3, 4, 5, 6, 7], [0, 1, 2, 3, 4, 5, 6, 7], [0, 1, 2, 3, 4, 5, 6, 7], [0, 1, 2, 3, 4, 5, 6, 7], [0, 1, 2, 3, 4, 5, 6, 7], [0, 1, 2, 3, 4, 5, 6, 7], [0, 1, 2, 3, 4, 5, 6, 7], [0, 1, 2, 3, 4, 5, 6, 7], [0, 1, 2, 3, 4, 5, 6, 7], [0, 1, 2, 3, 4, 5, 6, 7], [0, 1, 2, 3, 4, 5, 6, 7], [0, 1, 2, 3, 4, 5, 6, 7], [0, 1, 2, 3, 4, 5, 6, 7], [0, 1, 2, 3, 4, 5, 6, 7], [0, 1, 2, 3, 4, 5, 6, 7], [0, 1, 2, 3, 4, 5, 6, 7], [0, 1, 2, 3, 4, 5, 6, 7], [0, 1, 2, 3, 4, 5, 6, 7], [0, 1, 2, 3, 4, 5, 6, 7], [0, 1, 2, 3, 4, 5, 6, 7], [0, 1, 2, 3, 4, 5, 6, 7], [0, 1, 2, 3, 4, 5, 6, 7], [0, 1, 2, 3, 4, 5, 6, 7], [0, 1, 2, 3, 4, 5, 6, 7], [0, 1, 2, 3, 4, 5, 6, 7], [0, 1, 2, 3, 4, 5, 6, 7], [0, 1, 2, 3, 4, 5, 6, 7]]",sidecar,True,raster,0
gqa,fullload,FullLoad,1.0,full,n51002,201804661,What device is below the artwork?,Television,"[""television""]",1.0,22417,2,raster,0,fullload,,348.9503964083269,,,563.6924849823117,568.516533006914,31.13785805180669,599.6543910587206,1124073472,2176,64,,516.9478597817943,,,1.0,1.0,null,0.0,,1124073472,0,64,0,1124073472,17563648.0,17563648.0,0.0,,,,,null,,,,0
gqa,layout_prefix_chunk,Layout+Prefix,0.25,chunk,n51002,201804661,What device is below the artwork?,The image shows a modern living room with a variety of furniture and decor.,"[""television""]",0.0,450,16,raster,0,prefix,0.19548018462955952,120.63662626314908,49.34125591535121,200.88636793661863,40.963139035739005,241.91360000986606,273.76968797761947,515.6832879874855,285212672,512,65,145.93419432640076,0.0,8.0,34,0.23529411764705882,0.2537313432835821,"[0.2537313432835821, 0.2537313432835821, 0.2537313432835821, 0.2537313432835821, 0.2537313432835821, 0.2537313432835821, 0.2537313432835821, 0.2537313432835821, 0.2537313432835821, 0.2537313432835821, 0.2537313432835821, 0.2537313432835821, 0.2537313432835821, 0.2537313432835821, 0.2537313432835821, 0.2537313432835821, 0.2537313432835821, 0.2537313432835821, 0.2537313432835821, 0.2537313432835821, 0.2537313432835821, 0.2537313432835821, 0.2537313432835821, 0.2537313432835821, 0.2537313432835821, 0.2537313432835821, 0.2537313432835821, 0.2537313432835821, 0.2537313432835821, 0.2537313432835821, 0.2537313432835821, 0.2537313432835821]",0.0,256,268435456,16777216,64,1,285212672,4387887.261538462,4194304.0,16777216.0,0,0,0,prefix,"[[0, 1, 2, 3, 4, 5, 6, 7], [0, 1, 2, 3, 4, 5, 6, 7], [0, 1, 2, 3, 4, 5, 6, 7], [0, 1, 2, 3, 4, 5, 6, 7], [0, 1, 2, 3, 4, 5, 6, 7], [0, 1, 2, 3, 4, 5, 6, 7], [0, 1, 2, 3, 4, 5, 6, 7], [0, 1, 2, 3, 4, 5, 6, 7], [0, 1, 2, 3, 4, 5, 6, 7], [0, 1, 2, 3, 4, 5, 6, 7], [0, 1, 2, 3, 4, 5, 6, 7], [0, 1, 2, 3, 4, 5, 6, 7], [0, 1, 2, 3, 4, 5, 6, 7], [0, 1, 2, 3, 4, 5, 6, 7], [0, 1, 2, 3, 4, 5, 6, 7], [0, 1, 2, 3, 4, 5, 6, 7], [0, 1, 2, 3, 4, 5, 6, 7], [0, 1, 2, 3, 4, 5, 6, 7], [0, 1, 2, 3, 4, 5, 6, 7], [0, 1, 2, 3, 4, 5, 6, 7], [0, 1, 2, 3, 4, 5, 6, 7], [0, 1, 2, 3, 4, 5, 6, 7], [0, 1, 2, 3, 4, 5, 6, 7], [0, 1, 2, 3, 4, 5, 6, 7], [0, 1, 2, 3, 4, 5, 6, 7], [0, 1, 2, 3, 4, 5, 6, 7], [0, 1, 2, 3, 4, 5, 6, 7], [0, 1, 2, 3, 4, 5, 6, 7], [0, 1, 2, 3, 4, 5, 6, 7], [0, 1, 2, 3, 4, 5, 6, 7], [0, 1, 2, 3, 4, 5, 6, 7], [0, 1, 2, 3, 4, 5, 6, 7]]",sidecar,True,raster,0
gqa,fullload,FullLoad,1.0,full,n51002,201804477,Does that fireplace appear to be on?,No,"[""yes""]",0.0,1939,2,raster,0,fullload,,357.5117790605873,,,576.6349140321836,581.2687709694728,30.018331948667765,611.2871029181406,1124073472,2176,64,,529.6221177559346,,,1.0,1.0,null,0.0,,1124073472,0,64,0,1124073472,17563648.0,17563648.0,0.0,,,,,null,,,,0
gqa,layout_prefix_chunk,Layout+Prefix,0.25,chunk,n51002,201804477,Does that fireplace appear to be on?,The image shows a modern living room with a variety of furniture and decor.,"[""yes""]",0.0,450,16,raster,0,prefix,0.23772800341248512,153.77583436202258,50.95639172941446,237.5205309363082,43.60610293224454,281.1892229365185,268.16984999459237,549.3590729311109,285212672,512,65,180.76885293703526,0.0,8.0,34,0.23529411764705882,0.2537313432835821,"[0.2537313432835821, 0.2537313432835821, 0.2537313432835821, 0.2537313432835821, 0.2537313432835821, 0.2537313432835821, 0.2537313432835821, 0.2537313432835821, 0.2537313432835821, 0.2537313432835821, 0.2537313432835821, 0.2537313432835821, 0.2537313432835821, 0.2537313432835821, 0.2537313432835821, 0.2537313432835821, 0.2537313432835821, 0.2537313432835821, 0.2537313432835821, 0.2537313432835821, 0.2537313432835821, 0.2537313432835821, 0.2537313432835821, 0.2537313432835821, 0.2537313432835821, 0.2537313432835821, 0.2537313432835821, 0.2537313432835821, 0.2537313432835821, 0.2537313432835821, 0.2537313432835821, 0.2537313432835821]",0.0,256,268435456,16777216,64,1,285212672,4387887.261538462,4194304.0,16777216.0,0,0,0,prefix,"[[0, 1, 2, 3, 4, 5, 6, 7], [0, 1, 2, 3, 4, 5, 6, 7], [0, 1, 2, 3, 4, 5, 6, 7], [0, 1, 2, 3, 4, 5, 6, 7], [0, 1, 2, 3, 4, 5, 6, 7], [0, 1, 2, 3, 4, 5, 6, 7], [0, 1, 2, 3, 4, 5, 6, 7], [0, 1, 2, 3, 4, 5, 6, 7], [0, 1, 2, 3, 4, 5, 6, 7], [0, 1, 2, 3, 4, 5, 6, 7], [0, 1, 2, 3, 4, 5, 6, 7], [0, 1, 2, 3, 4, 5, 6, 7], [0, 1, 2, 3, 4, 5, 6, 7], [0, 1, 2, 3, 4, 5, 6, 7], [0, 1, 2, 3, 4, 5, 6, 7], [0, 1, 2, 3, 4, 5, 6, 7], [0, 1, 2, 3, 4, 5, 6, 7], [0, 1, 2, 3, 4, 5, 6, 7], [0, 1, 2, 3, 4, 5, 6, 7], [0, 1, 2, 3, 4, 5, 6, 7], [0, 1, 2, 3, 4, 5, 6, 7], [0, 1, 2, 3, 4, 5, 6, 7], [0, 1, 2, 3, 4, 5, 6, 7], [0, 1, 2, 3, 4, 5, 6, 7], [0, 1, 2, 3, 4, 5, 6, 7], [0, 1, 2, 3, 4, 5, 6, 7], [0, 1, 2, 3, 4, 5, 6, 7], [0, 1, 2, 3, 4, 5, 6, 7], [0, 1, 2, 3, 4, 5, 6, 7], [0, 1, 2, 3, 4, 5, 6, 7], [0, 1, 2, 3, 4, 5, 6, 7], [0, 1, 2, 3, 4, 5, 6, 7]]",sidecar,True,raster,0
gqa,fullload,FullLoad,1.0,full,n51002,201804642,Which kind of material is the black thing below the artwork made of?,Wood,"[""plastic""]",0.0,10180,2,raster,0,fullload,,352.2137897089124,,,566.0900310613215,570.77059103176,20.02470300067216,590.7952940324321,1124073472,2176,64,,522.4643490510061,,,1.0,1.0,null,0.0,,1124073472,0,64,0,1124073472,17563648.0,17563648.0,0.0,,,,,null,,,,0
gqa,layout_prefix_chunk,Layout+Prefix,0.25,chunk,n51002,201804642,Which kind of material is the black thing below the artwork made of?,The image shows a modern living room with a variety of furniture and decor.,"[""plastic""]",0.0,450,16,raster,0,prefix,0.22856902796775103,151.38909209053963,50.59018195606768,232.3367220815271,54.80960197746754,287.2096630744636,276.2136650271714,563.423328101635,285212672,512,65,176.04901094455272,0.0,8.0,34,0.23529411764705882,0.2537313432835821,"[0.2537313432835821, 0.2537313432835821, 0.2537313432835821, 0.2537313432835821, 0.2537313432835821, 0.2537313432835821, 0.2537313432835821, 0.2537313432835821, 0.2537313432835821, 0.2537313432835821, 0.2537313432835821, 0.2537313432835821, 0.2537313432835821, 0.2537313432835821, 0.2537313432835821, 0.2537313432835821, 0.2537313432835821, 0.2537313432835821, 0.2537313432835821, 0.2537313432835821, 0.2537313432835821, 0.2537313432835821, 0.2537313432835821, 0.2537313432835821, 0.2537313432835821, 0.2537313432835821, 0.2537313432835821, 0.2537313432835821, 0.2537313432835821, 0.2537313432835821, 0.2537313432835821, 0.2537313432835821]",0.0,256,268435456,16777216,64,1,285212672,4387887.261538462,4194304.0,16777216.0,0,0,0,prefix,"[[0, 1, 2, 3, 4, 5, 6, 7], [0, 1, 2, 3, 4, 5, 6, 7], [0, 1, 2, 3, 4, 5, 6, 7], [0, 1, 2, 3, 4, 5, 6, 7], [0, 1, 2, 3, 4, 5, 6, 7], [0, 1, 2, 3, 4, 5, 6, 7], [0, 1, 2, 3, 4, 5, 6, 7], [0, 1, 2, 3, 4, 5, 6, 7], [0, 1, 2, 3, 4, 5, 6, 7], [0, 1, 2, 3, 4, 5, 6, 7], [0, 1, 2, 3, 4, 5, 6, 7], [0, 1, 2, 3, 4, 5, 6, 7], [0, 1, 2, 3, 4, 5, 6, 7], [0, 1, 2, 3, 4, 5, 6, 7], [0, 1, 2, 3, 4, 5, 6, 7], [0, 1, 2, 3, 4, 5, 6, 7], [0, 1, 2, 3, 4, 5, 6, 7], [0, 1, 2, 3, 4, 5, 6, 7], [0, 1, 2, 3, 4, 5, 6, 7], [0, 1, 2, 3, 4, 5, 6, 7], [0, 1, 2, 3, 4, 5, 6, 7], [0, 1, 2, 3, 4, 5, 6, 7], [0, 1, 2, 3, 4, 5, 6, 7], [0, 1, 2, 3, 4, 5, 6, 7], [0, 1, 2, 3, 4, 5, 6, 7], [0, 1, 2, 3, 4, 5, 6, 7], [0, 1, 2, 3, 4, 5, 6, 7], [0, 1, 2, 3, 4, 5, 6, 7], [0, 1, 2, 3, 4, 5, 6, 7], [0, 1, 2, 3, 4, 5, 6, 7], [0, 1, 2, 3, 4, 5, 6, 7], [0, 1, 2, 3, 4, 5, 6, 7]]",sidecar,True,raster,0
gqa,fullload,FullLoad,1.0,full,n51002,201803838,Which kind of furniture is the pillow on?,Couch,"[""couch""]",1.0,315,3,raster,0,fullload,,337.325458182022,,,540.1888129999861,544.895377010107,37.05427295062691,581.949649960734,1124073472,2176,64,,499.43933612667024,,,1.0,1.0,null,0.0,,1124073472,0,64,0,1124073472,17563648.0,17563648.0,0.0,,,,,null,,,,0
gqa,layout_prefix_chunk,Layout+Prefix,0.25,chunk,n51002,201803838,Which kind of furniture is the pillow on?,The image shows a modern living room with a variety of furniture and decor.,"[""couch""]",0.0,450,16,raster,0,prefix,0.23652322124689817,136.51128706987947,47.52430017106235,238.51786204613745,50.01503194216639,288.5798419592902,267.9582580458373,556.5381000051275,285212672,512,65,185.15934806782752,0.0,8.0,34,0.23529411764705882,0.2537313432835821,"[0.2537313432835821, 0.2537313432835821, 0.2537313432835821, 0.2537313432835821, 0.2537313432835821, 0.2537313432835821, 0.2537313432835821, 0.2537313432835821, 0.2537313432835821, 0.2537313432835821, 0.2537313432835821, 0.2537313432835821, 0.2537313432835821, 0.2537313432835821, 0.2537313432835821, 0.2537313432835821, 0.2537313432835821, 0.2537313432835821, 0.2537313432835821, 0.2537313432835821, 0.2537313432835821, 0.2537313432835821, 0.2537313432835821, 0.2537313432835821, 0.2537313432835821, 0.2537313432835821, 0.2537313432835821, 0.2537313432835821, 0.2537313432835821, 0.2537313432835821, 0.2537313432835821, 0.2537313432835821]",0.0,256,268435456,16777216,64,1,285212672,4387887.261538462,4194304.0,16777216.0,0,0,0,prefix,"[[0, 1, 2, 3, 4, 5, 6, 7], [0, 1, 2, 3, 4, 5, 6, 7], [0, 1, 2, 3, 4, 5, 6, 7], [0, 1, 2, 3, 4, 5, 6, 7], [0, 1, 2, 3, 4, 5, 6, 7], [0, 1, 2, 3, 4, 5, 6, 7], [0, 1, 2, 3, 4, 5, 6, 7], [0, 1, 2, 3, 4, 5, 6, 7], [0, 1, 2, 3, 4, 5, 6, 7], [0, 1, 2, 3, 4, 5, 6, 7], [0, 1, 2, 3, 4, 5, 6, 7], [0, 1, 2, 3, 4, 5, 6, 7], [0, 1, 2, 3, 4, 5, 6, 7], [0, 1, 2, 3, 4, 5, 6, 7], [0, 1, 2, 3, 4, 5, 6, 7], [0, 1, 2, 3, 4, 5, 6, 7], [0, 1, 2, 3, 4, 5, 6, 7], [0, 1, 2, 3, 4, 5, 6, 7], [0, 1, 2, 3, 4, 5, 6, 7], [0, 1, 2, 3, 4, 5, 6, 7], [0, 1, 2, 3, 4, 5, 6, 7], [0, 1, 2, 3, 4, 5, 6, 7], [0, 1, 2, 3, 4, 5, 6, 7], [0, 1, 2, 3, 4, 5, 6, 7], [0, 1, 2, 3, 4, 5, 6, 7], [0, 1, 2, 3, 4, 5, 6, 7], [0, 1, 2, 3, 4, 5, 6, 7], [0, 1, 2, 3, 4, 5, 6, 7], [0, 1, 2, 3, 4, 5, 6, 7], [0, 1, 2, 3, 4, 5, 6, 7], [0, 1, 2, 3, 4, 5, 6, 7], [0, 1, 2, 3, 4, 5, 6, 7]]",sidecar,True,raster,0
gqa,fullload,FullLoad,1.0,full,n51002,201803833,What do you think is on the couch?,Pillow,"[""pillow""]",1.0,349,4,raster,0,fullload,,348.8595252856612,,,566.5929300012067,571.3654520222917,76.97952701710165,648.3449790393934,1124073472,2176,64,,521.1141399340704,,,1.0,1.0,null,0.0,,1124073472,0,64,0,1124073472,17563648.0,17563648.0,0.0,,,,,null,,,,0
gqa,layout_prefix_chunk,Layout+Prefix,0.25,chunk,n51002,201803833,What do you think is on the couch?,The image shows a modern living room with a variety of furniture and decor.,"[""pillow""]",0.0,450,16,raster,0,prefix,0.221640570089221,153.4429348539561,50.65054923761636,235.85964494850487,47.76764602866024,283.6904269643128,273.29156501218677,556.9819919764996,285212672,512,65,179.46508817840368,0.0,8.0,34,0.23529411764705882,0.2537313432835821,"[0.2537313432835821, 0.2537313432835821, 0.2537313432835821, 0.2537313432835821, 0.2537313432835821, 0.2537313432835821, 0.2537313432835821, 0.2537313432835821, 0.2537313432835821, 0.2537313432835821, 0.2537313432835821, 0.2537313432835821, 0.2537313432835821, 0.2537313432835821, 0.2537313432835821, 0.2537313432835821, 0.2537313432835821, 0.2537313432835821, 0.2537313432835821, 0.2537313432835821, 0.2537313432835821, 0.2537313432835821, 0.2537313432835821, 0.2537313432835821, 0.2537313432835821, 0.2537313432835821, 0.2537313432835821, 0.2537313432835821, 0.2537313432835821, 0.2537313432835821, 0.2537313432835821, 0.2537313432835821]",0.0,256,268435456,16777216,64,1,285212672,4387887.261538462,4194304.0,16777216.0,0,0,0,prefix,"[[0, 1, 2, 3, 4, 5, 6, 7], [0, 1, 2, 3, 4, 5, 6, 7], [0, 1, 2, 3, 4, 5, 6, 7], [0, 1, 2, 3, 4, 5, 6, 7], [0, 1, 2, 3, 4, 5, 6, 7], [0, 1, 2, 3, 4, 5, 6, 7], [0, 1, 2, 3, 4, 5, 6, 7], [0, 1, 2, 3, 4, 5, 6, 7], [0, 1, 2, 3, 4, 5, 6, 7], [0, 1, 2, 3, 4, 5, 6, 7], [0, 1, 2, 3, 4, 5, 6, 7], [0, 1, 2, 3, 4, 5, 6, 7], [0, 1, 2, 3, 4, 5, 6, 7], [0, 1, 2, 3, 4, 5, 6, 7], [0, 1, 2, 3, 4, 5, 6, 7], [0, 1, 2, 3, 4, 5, 6, 7], [0, 1, 2, 3, 4, 5, 6, 7], [0, 1, 2, 3, 4, 5, 6, 7], [0, 1, 2, 3, 4, 5, 6, 7], [0, 1, 2, 3, 4, 5, 6, 7], [0, 1, 2, 3, 4, 5, 6, 7], [0, 1, 2, 3, 4, 5, 6, 7], [0, 1, 2, 3, 4, 5, 6, 7], [0, 1, 2, 3, 4, 5, 6, 7], [0, 1, 2, 3, 4, 5, 6, 7], [0, 1, 2, 3, 4, 5, 6, 7], [0, 1, 2, 3, 4, 5, 6, 7], [0, 1, 2, 3, 4, 5, 6, 7], [0, 1, 2, 3, 4, 5, 6, 7], [0, 1, 2, 3, 4, 5, 6, 7], [0, 1, 2, 3, 4, 5, 6, 7], [0, 1, 2, 3, 4, 5, 6, 7]]",sidecar,True,raster,0
gqa,fullload,FullLoad,1.0,full,n51002,201803709,What is common to the pillow and the fireplace?,Color,"[""shape""]",0.0,9159,2,raster,0,fullload,,438.1534978747368,,,791.2023990647867,795.8071649773046,19.010865013115108,814.8180299904197,1124073472,2176,64,,741.9240467716008,,,1.0,1.0,null,0.0,,1124073472,0,64,0,1124073472,17563648.0,17563648.0,0.0,,,,,null,,,,0
gqa,layout_prefix_chunk,Layout+Prefix,0.25,chunk,n51002,201803709,What is common to the pillow and the fireplace?,The image shows a modern living room with a variety of furniture and decor.,"[""shape""]",0.0,450,16,raster,0,prefix,0.22542185615748167,156.80894569959491,52.490511909127235,242.51875502523035,40.01103597693145,282.59197308216244,269.44812992587686,552.0401030080393,285212672,512,65,183.94766584970057,0.0,8.0,34,0.23529411764705882,0.2537313432835821,"[0.2537313432835821, 0.2537313432835821, 0.2537313432835821, 0.2537313432835821, 0.2537313432835821, 0.2537313432835821, 0.2537313432835821, 0.2537313432835821, 0.2537313432835821, 0.2537313432835821, 0.2537313432835821, 0.2537313432835821, 0.2537313432835821, 0.2537313432835821, 0.2537313432835821, 0.2537313432835821, 0.2537313432835821, 0.2537313432835821, 0.2537313432835821, 0.2537313432835821, 0.2537313432835821, 0.2537313432835821, 0.2537313432835821, 0.2537313432835821, 0.2537313432835821, 0.2537313432835821, 0.2537313432835821, 0.2537313432835821, 0.2537313432835821, 0.2537313432835821, 0.2537313432835821, 0.2537313432835821]",0.0,256,268435456,16777216,64,1,285212672,4387887.261538462,4194304.0,16777216.0,0,0,0,prefix,"[[0, 1, 2, 3, 4, 5, 6, 7], [0, 1, 2, 3, 4, 5, 6, 7], [0, 1, 2, 3, 4, 5, 6, 7], [0, 1, 2, 3, 4, 5, 6, 7], [0, 1, 2, 3, 4, 5, 6, 7], [0, 1, 2, 3, 4, 5, 6, 7], [0, 1, 2, 3, 4, 5, 6, 7], [0, 1, 2, 3, 4, 5, 6, 7], [0, 1, 2, 3, 4, 5, 6, 7], [0, 1, 2, 3, 4, 5, 6, 7], [0, 1, 2, 3, 4, 5, 6, 7], [0, 1, 2, 3, 4, 5, 6, 7], [0, 1, 2, 3, 4, 5, 6, 7], [0, 1, 2, 3, 4, 5, 6, 7], [0, 1, 2, 3, 4, 5, 6, 7], [0, 1, 2, 3, 4, 5, 6, 7], [0, 1, 2, 3, 4, 5, 6, 7], [0, 1, 2, 3, 4, 5, 6, 7], [0, 1, 2, 3, 4, 5, 6, 7], [0, 1, 2, 3, 4, 5, 6, 7], [0, 1, 2, 3, 4, 5, 6, 7], [0, 1, 2, 3, 4, 5, 6, 7], [0, 1, 2, 3, 4, 5, 6, 7], [0, 1, 2, 3, 4, 5, 6, 7], [0, 1, 2, 3, 4, 5, 6, 7], [0, 1, 2, 3, 4, 5, 6, 7], [0, 1, 2, 3, 4, 5, 6, 7], [0, 1, 2, 3, 4, 5, 6, 7], [0, 1, 2, 3, 4, 5, 6, 7], [0, 1, 2, 3, 4, 5, 6, 7], [0, 1, 2, 3, 4, 5, 6, 7], [0, 1, 2, 3, 4, 5, 6, 7]]",sidecar,True,raster,0
gqa,fullload,FullLoad,1.0,full,n244826,20942853,Does the soccer ball look round and red?,No,"[""no""]",1.0,1939,2,raster,0,fullload,,404.1671206941828,,,619.549758033827,624.0145290503278,19.37580993399024,643.3903389843181,1021313024,1984,64,,567.9498185636476,,,1.0,1.0,null,0.0,,1021313024,0,64,0,1021313024,15958016.0,15958016.0,0.0,,,,,null,,,,0
gqa,layout_prefix_chunk,Layout+Prefix,0.25,chunk,n244826,20942853,Does the soccer ball look round and red?,The image shows a group of young women playing soccer on a field. The,"[""no""]",0.0,450,16,raster,0,prefix,0.1529107103124261,104.19019346591085,39.48966204188764,169.62286410853267,34.9439790006727,204.61161306593567,270.98086301703006,475.59247608296573,283115520,512,65,124.94200188666582,0.0,8.0,31,0.25806451612903225,0.27720739219712526,"[0.27720739219712526, 0.27720739219712526, 0.27720739219712526, 0.27720739219712526, 0.27720739219712526, 0.27720739219712526, 0.27720739219712526, 0.27720739219712526, 0.27720739219712526, 0.27720739219712526, 0.27720739219712526, 0.27720739219712526, 0.27720739219712526, 0.27720739219712526, 0.27720739219712526, 0.27720739219712526, 0.27720739219712526, 0.27720739219712526, 0.27720739219712526, 0.27720739219712526, 0.27720739219712526, 0.27720739219712526, 0.27720739219712526, 0.27720739219712526, 0.27720739219712526, 0.27720739219712526, 0.27720739219712526, 0.27720739219712526, 0.27720739219712526, 0.27720739219712526, 0.27720739219712526, 0.27720739219712526]",0.0,256,268435456,14680064,64,1,283115520,4355623.384615385,4194304.0,14680064.0,0,0,0,prefix,"[[0, 1, 2, 3, 4, 5, 6, 7], [0, 1, 2, 3, 4, 5, 6, 7], [0, 1, 2, 3, 4, 5, 6, 7], [0, 1, 2, 3, 4, 5, 6, 7], [0, 1, 2, 3, 4, 5, 6, 7], [0, 1, 2, 3, 4, 5, 6, 7], [0, 1, 2, 3, 4, 5, 6, 7], [0, 1, 2, 3, 4, 5, 6, 7], [0, 1, 2, 3, 4, 5, 6, 7], [0, 1, 2, 3, 4, 5, 6, 7], [0, 1, 2, 3, 4, 5, 6, 7], [0, 1, 2, 3, 4, 5, 6, 7], [0, 1, 2, 3, 4, 5, 6, 7], [0, 1, 2, 3, 4, 5, 6, 7], [0, 1, 2, 3, 4, 5, 6, 7], [0, 1, 2, 3, 4, 5, 6, 7], [0, 1, 2, 3, 4, 5, 6, 7], [0, 1, 2, 3, 4, 5, 6, 7], [0, 1, 2, 3, 4, 5, 6, 7], [0, 1, 2, 3, 4, 5, 6, 7], [0, 1, 2, 3, 4, 5, 6, 7], [0, 1, 2, 3, 4, 5, 6, 7], [0, 1, 2, 3, 4, 5, 6, 7], [0, 1, 2, 3, 4, 5, 6, 7], [0, 1, 2, 3, 4, 5, 6, 7], [0, 1, 2, 3, 4, 5, 6, 7], [0, 1, 2, 3, 4, 5, 6, 7], [0, 1, 2, 3, 4, 5, 6, 7], [0, 1, 2, 3, 4, 5, 6, 7], [0, 1, 2, 3, 4, 5, 6, 7], [0, 1, 2, 3, 4, 5, 6, 7], [0, 1, 2, 3, 4, 5, 6, 7]]",sidecar,True,raster,0
gqa,fullload,FullLoad,1.0,full,n244826,20942865,Who is the soccer ball in front of?,Girl,"[""soccer player""]",0.0,18620,2,raster,0,fullload,,397.11111050564796,,,615.8838090486825,620.3225100180134,22.60765398386866,642.9301640018821,1021313024,1984,64,,562.560890452005,,,1.0,1.0,null,0.0,,1021313024,0,64,0,1021313024,15958016.0,15958016.0,0.0,,,,,null,,,,0
gqa,layout_prefix_chunk,Layout+Prefix,0.25,chunk,n244826,20942865,Who is the soccer ball in front of?,The image shows a group of young women playing soccer on a field. The,"[""soccer player""]",0.0,450,16,raster,0,prefix,0.18174119759351015,139.77136358153075,42.182263918221,208.45886995084584,34.65516900178045,243.1555069051683,272.4896860308945,515.6451929360628,283115520,512,65,161.1434060614556,0.0,8.0,31,0.25806451612903225,0.27720739219712526,"[0.27720739219712526, 0.27720739219712526, 0.27720739219712526, 0.27720739219712526, 0.27720739219712526, 0.27720739219712526, 0.27720739219712526, 0.27720739219712526, 0.27720739219712526, 0.27720739219712526, 0.27720739219712526, 0.27720739219712526, 0.27720739219712526, 0.27720739219712526, 0.27720739219712526, 0.27720739219712526, 0.27720739219712526, 0.27720739219712526, 0.27720739219712526, 0.27720739219712526, 0.27720739219712526, 0.27720739219712526, 0.27720739219712526, 0.27720739219712526, 0.27720739219712526, 0.27720739219712526, 0.27720739219712526, 0.27720739219712526, 0.27720739219712526, 0.27720739219712526, 0.27720739219712526, 0.27720739219712526]",0.0,256,268435456,14680064,64,1,283115520,4355623.384615385,4194304.0,14680064.0,0,0,0,prefix,"[[0, 1, 2, 3, 4, 5, 6, 7], [0, 1, 2, 3, 4, 5, 6, 7], [0, 1, 2, 3, 4, 5, 6, 7], [0, 1, 2, 3, 4, 5, 6, 7], [0, 1, 2, 3, 4, 5, 6, 7], [0, 1, 2, 3, 4, 5, 6, 7], [0, 1, 2, 3, 4, 5, 6, 7], [0, 1, 2, 3, 4, 5, 6, 7], [0, 1, 2, 3, 4, 5, 6, 7], [0, 1, 2, 3, 4, 5, 6, 7], [0, 1, 2, 3, 4, 5, 6, 7], [0, 1, 2, 3, 4, 5, 6, 7], [0, 1, 2, 3, 4, 5, 6, 7], [0, 1, 2, 3, 4, 5, 6, 7], [0, 1, 2, 3, 4, 5, 6, 7], [0, 1, 2, 3, 4, 5, 6, 7], [0, 1, 2, 3, 4, 5, 6, 7], [0, 1, 2, 3, 4, 5, 6, 7], [0, 1, 2, 3, 4, 5, 6, 7], [0, 1, 2, 3, 4, 5, 6, 7], [0, 1, 2, 3, 4, 5, 6, 7], [0, 1, 2, 3, 4, 5, 6, 7], [0, 1, 2, 3, 4, 5, 6, 7], [0, 1, 2, 3, 4, 5, 6, 7], [0, 1, 2, 3, 4, 5, 6, 7], [0, 1, 2, 3, 4, 5, 6, 7], [0, 1, 2, 3, 4, 5, 6, 7], [0, 1, 2, 3, 4, 5, 6, 7], [0, 1, 2, 3, 4, 5, 6, 7], [0, 1, 2, 3, 4, 5, 6, 7], [0, 1, 2, 3, 4, 5, 6, 7], [0, 1, 2, 3, 4, 5, 6, 7]]",sidecar,True,raster,0
gqa,fullload,FullLoad,1.0,full,n244826,20942768,Which place is it?,Field,"[""field""]",1.0,8989,2,raster,0,fullload,,397.5700548617169,,,615.2664589462802,619.6809558896348,29.027766082435846,648.7087219720706,1021313024,1984,64,,563.8868059031665,,,1.0,1.0,null,0.0,,1021313024,0,64,0,1021313024,15958016.0,15958016.0,0.0,,,,,null,,,,0
gqa,layout_prefix_chunk,Layout+Prefix,0.25,chunk,n244826,20942768,Which place is it?,The image shows a group of young women playing soccer on a field. The,"[""field""]",0.0,450,16,raster,0,prefix,0.23897318169474602,154.6796531183645,52.64485708903521,241.09468702226877,41.55891202390194,282.7152069658041,270.6435030559078,553.3587100217119,283115520,512,65,182.75419936981052,0.0,8.0,31,0.25806451612903225,0.27720739219712526,"[0.27720739219712526, 0.27720739219712526, 0.27720739219712526, 0.27720739219712526, 0.27720739219712526, 0.27720739219712526, 0.27720739219712526, 0.27720739219712526, 0.27720739219712526, 0.27720739219712526, 0.27720739219712526, 0.27720739219712526, 0.27720739219712526, 0.27720739219712526, 0.27720739219712526, 0.27720739219712526, 0.27720739219712526, 0.27720739219712526, 0.27720739219712526, 0.27720739219712526, 0.27720739219712526, 0.27720739219712526, 0.27720739219712526, 0.27720739219712526, 0.27720739219712526, 0.27720739219712526, 0.27720739219712526, 0.27720739219712526, 0.27720739219712526, 0.27720739219712526, 0.27720739219712526, 0.27720739219712526]",0.0,256,268435456,14680064,64,1,283115520,4355623.384615385,4194304.0,14680064.0,0,0,0,prefix,"[[0, 1, 2, 3, 4, 5, 6, 7], [0, 1, 2, 3, 4, 5, 6, 7], [0, 1, 2, 3, 4, 5, 6, 7], [0, 1, 2, 3, 4, 5, 6, 7], [0, 1, 2, 3, 4, 5, 6, 7], [0, 1, 2, 3, 4, 5, 6, 7], [0, 1, 2, 3, 4, 5, 6, 7], [0, 1, 2, 3, 4, 5, 6, 7], [0, 1, 2, 3, 4, 5, 6, 7], [0, 1, 2, 3, 4, 5, 6, 7], [0, 1, 2, 3, 4, 5, 6, 7], [0, 1, 2, 3, 4, 5, 6, 7], [0, 1, 2, 3, 4, 5, 6, 7], [0, 1, 2, 3, 4, 5, 6, 7], [0, 1, 2, 3, 4, 5, 6, 7], [0, 1, 2, 3, 4, 5, 6, 7], [0, 1, 2, 3, 4, 5, 6, 7], [0, 1, 2, 3, 4, 5, 6, 7], [0, 1, 2, 3, 4, 5, 6, 7], [0, 1, 2, 3, 4, 5, 6, 7], [0, 1, 2, 3, 4, 5, 6, 7], [0, 1, 2, 3, 4, 5, 6, 7], [0, 1, 2, 3, 4, 5, 6, 7], [0, 1, 2, 3, 4, 5, 6, 7], [0, 1, 2, 3, 4, 5, 6, 7], [0, 1, 2, 3, 4, 5, 6, 7], [0, 1, 2, 3, 4, 5, 6, 7], [0, 1, 2, 3, 4, 5, 6, 7], [0, 1, 2, 3, 4, 5, 6, 7], [0, 1, 2, 3, 4, 5, 6, 7], [0, 1, 2, 3, 4, 5, 6, 7], [0, 1, 2, 3, 4, 5, 6, 7]]",sidecar,True,raster,0
gqa,fullload,FullLoad,1.0,full,n244826,20942926,Are the shorts small and white?,No,"[""no""]",1.0,1939,2,raster,0,fullload,,411.62182146217674,,,635.7581240590662,640.2155490359291,19.099620985798538,659.3151700217277,1021313024,1984,64,,581.3630851916969,,,1.0,1.0,null,0.0,,1021313024,0,64,0,1021313024,15958016.0,15958016.0,0.0,,,,,null,,,,0
gqa,layout_prefix_chunk,Layout+Prefix,0.25,chunk,n244826,20942926,Are the shorts small and white?,The image shows a group of young women playing soccer on a field. The,"[""no""]",0.0,450,16,raster,0,prefix,0.15786895528435707,139.54725011717528,39.34578108601272,202.64189306180924,36.16299293935299,238.85192500893027,274.90003895945847,513.7519639683887,283115520,512,65,158.20567519403994,0.0,8.0,31,0.25806451612903225,0.27720739219712526,"[0.27720739219712526, 0.27720739219712526, 0.27720739219712526, 0.27720739219712526, 0.27720739219712526, 0.27720739219712526, 0.27720739219712526, 0.27720739219712526, 0.27720739219712526, 0.27720739219712526, 0.27720739219712526, 0.27720739219712526, 0.27720739219712526, 0.27720739219712526, 0.27720739219712526, 0.27720739219712526, 0.27720739219712526, 0.27720739219712526, 0.27720739219712526, 0.27720739219712526, 0.27720739219712526, 0.27720739219712526, 0.27720739219712526, 0.27720739219712526, 0.27720739219712526, 0.27720739219712526, 0.27720739219712526, 0.27720739219712526, 0.27720739219712526, 0.27720739219712526, 0.27720739219712526, 0.27720739219712526]",0.0,256,268435456,14680064,64,1,283115520,4355623.384615385,4194304.0,14680064.0,0,0,0,prefix,"[[0, 1, 2, 3, 4, 5, 6, 7], [0, 1, 2, 3, 4, 5, 6, 7], [0, 1, 2, 3, 4, 5, 6, 7], [0, 1, 2, 3, 4, 5, 6, 7], [0, 1, 2, 3, 4, 5, 6, 7], [0, 1, 2, 3, 4, 5, 6, 7], [0, 1, 2, 3, 4, 5, 6, 7], [0, 1, 2, 3, 4, 5, 6, 7], [0, 1, 2, 3, 4, 5, 6, 7], [0, 1, 2, 3, 4, 5, 6, 7], [0, 1, 2, 3, 4, 5, 6, 7], [0, 1, 2, 3, 4, 5, 6, 7], [0, 1, 2, 3, 4, 5, 6, 7], [0, 1, 2, 3, 4, 5, 6, 7], [0, 1, 2, 3, 4, 5, 6, 7], [0, 1, 2, 3, 4, 5, 6, 7], [0, 1, 2, 3, 4, 5, 6, 7], [0, 1, 2, 3, 4, 5, 6, 7], [0, 1, 2, 3, 4, 5, 6, 7], [0, 1, 2, 3, 4, 5, 6, 7], [0, 1, 2, 3, 4, 5, 6, 7], [0, 1, 2, 3, 4, 5, 6, 7], [0, 1, 2, 3, 4, 5, 6, 7], [0, 1, 2, 3, 4, 5, 6, 7], [0, 1, 2, 3, 4, 5, 6, 7], [0, 1, 2, 3, 4, 5, 6, 7], [0, 1, 2, 3, 4, 5, 6, 7], [0, 1, 2, 3, 4, 5, 6, 7], [0, 1, 2, 3, 4, 5, 6, 7], [0, 1, 2, 3, 4, 5, 6, 7], [0, 1, 2, 3, 4, 5, 6, 7], [0, 1, 2, 3, 4, 5, 6, 7]]",sidecar,True,raster,0
gqa,fullload,FullLoad,1.0,full,n244826,20942902,Who is wearing the shoe?,Girl,"[""soccer player""]",0.0,18620,2,raster,0,fullload,,435.4762438451871,,,678.5248119849712,682.9551679547876,19.340223050676286,702.2953910054639,1021313024,1984,64,,615.8965204376727,,,1.0,1.0,null,0.0,,1021313024,0,64,0,1021313024,15958016.0,15958016.0,0.0,,,,,null,,,,0
gqa,layout_prefix_chunk,Layout+Prefix,0.25,chunk,n244826,20942902,Who is wearing the shoe?,The image shows a group of young women playing soccer on a field. The,"[""soccer player""]",0.0,450,16,raster,0,prefix,0.1902541844174266,146.2585792178288,45.59111408889294,219.99413496814668,40.1666690595448,260.2088369894773,268.6277269385755,528.8365639280528,283115520,512,65,169.0686063375324,0.0,8.0,31,0.25806451612903225,0.27720739219712526,"[0.27720739219712526, 0.27720739219712526, 0.27720739219712526, 0.27720739219712526, 0.27720739219712526, 0.27720739219712526, 0.27720739219712526, 0.27720739219712526, 0.27720739219712526, 0.27720739219712526, 0.27720739219712526, 0.27720739219712526, 0.27720739219712526, 0.27720739219712526, 0.27720739219712526, 0.27720739219712526, 0.27720739219712526, 0.27720739219712526, 0.27720739219712526, 0.27720739219712526, 0.27720739219712526, 0.27720739219712526, 0.27720739219712526, 0.27720739219712526, 0.27720739219712526, 0.27720739219712526, 0.27720739219712526, 0.27720739219712526, 0.27720739219712526, 0.27720739219712526, 0.27720739219712526, 0.27720739219712526]",0.0,256,268435456,14680064,64,1,283115520,4355623.384615385,4194304.0,14680064.0,0,0,0,prefix,"[[0, 1, 2, 3, 4, 5, 6, 7], [0, 1, 2, 3, 4, 5, 6, 7], [0, 1, 2, 3, 4, 5, 6, 7], [0, 1, 2, 3, 4, 5, 6, 7], [0, 1, 2, 3, 4, 5, 6, 7], [0, 1, 2, 3, 4, 5, 6, 7], [0, 1, 2, 3, 4, 5, 6, 7], [0, 1, 2, 3, 4, 5, 6, 7], [0, 1, 2, 3, 4, 5, 6, 7], [0, 1, 2, 3, 4, 5, 6, 7], [0, 1, 2, 3, 4, 5, 6, 7], [0, 1, 2, 3, 4, 5, 6, 7], [0, 1, 2, 3, 4, 5, 6, 7], [0, 1, 2, 3, 4, 5, 6, 7], [0, 1, 2, 3, 4, 5, 6, 7], [0, 1, 2, 3, 4, 5, 6, 7], [0, 1, 2, 3, 4, 5, 6, 7], [0, 1, 2, 3, 4, 5, 6, 7], [0, 1, 2, 3, 4, 5, 6, 7], [0, 1, 2, 3, 4, 5, 6, 7], [0, 1, 2, 3, 4, 5, 6, 7], [0, 1, 2, 3, 4, 5, 6, 7], [0, 1, 2, 3, 4, 5, 6, 7], [0, 1, 2, 3, 4, 5, 6, 7], [0, 1, 2, 3, 4, 5, 6, 7], [0, 1, 2, 3, 4, 5, 6, 7], [0, 1, 2, 3, 4, 5, 6, 7], [0, 1, 2, 3, 4, 5, 6, 7], [0, 1, 2, 3, 4, 5, 6, 7], [0, 1, 2, 3, 4, 5, 6, 7], [0, 1, 2, 3, 4, 5, 6, 7], [0, 1, 2, 3, 4, 5, 6, 7]]",sidecar,True,raster,0
gqa,fullload,FullLoad,1.0,full,n244826,20942887,Who is wearing the headband?,Girl,"[""soccer player""]",0.0,18620,2,raster,0,fullload,,385.65172313246876,,,626.6780321020633,631.1388059984893,19.324196968227625,650.4630029667169,1021313024,1984,64,,564.8201043950394,,,1.0,1.0,null,0.0,,1021313024,0,64,0,1021313024,15958016.0,15958016.0,0.0,,,,,null,,,,0
gqa,layout_prefix_chunk,Layout+Prefix,0.25,chunk,n244826,20942887,Who is wearing the headband?,The image shows a group of young women playing soccer on a field. The,"[""soccer player""]",0.0,450,16,raster,0,prefix,0.2144260797649622,153.5049076192081,49.60441496223211,234.3239780748263,41.47556400857866,275.84696002304554,274.8838170664385,550.730777089484,283115520,512,65,179.27642154973,0.0,8.0,31,0.25806451612903225,0.27720739219712526,"[0.27720739219712526, 0.27720739219712526, 0.27720739219712526, 0.27720739219712526, 0.27720739219712526, 0.27720739219712526, 0.27720739219712526, 0.27720739219712526, 0.27720739219712526, 0.27720739219712526, 0.27720739219712526, 0.27720739219712526, 0.27720739219712526, 0.27720739219712526, 0.27720739219712526, 0.27720739219712526, 0.27720739219712526, 0.27720739219712526, 0.27720739219712526, 0.27720739219712526, 0.27720739219712526, 0.27720739219712526, 0.27720739219712526, 0.27720739219712526, 0.27720739219712526, 0.27720739219712526, 0.27720739219712526, 0.27720739219712526, 0.27720739219712526, 0.27720739219712526, 0.27720739219712526, 0.27720739219712526]",0.0,256,268435456,14680064,64,1,283115520,4355623.384615385,4194304.0,14680064.0,0,0,0,prefix,"[[0, 1, 2, 3, 4, 5, 6, 7], [0, 1, 2, 3, 4, 5, 6, 7], [0, 1, 2, 3, 4, 5, 6, 7], [0, 1, 2, 3, 4, 5, 6, 7], [0, 1, 2, 3, 4, 5, 6, 7], [0, 1, 2, 3, 4, 5, 6, 7], [0, 1, 2, 3, 4, 5, 6, 7], [0, 1, 2, 3, 4, 5, 6, 7], [0, 1, 2, 3, 4, 5, 6, 7], [0, 1, 2, 3, 4, 5, 6, 7], [0, 1, 2, 3, 4, 5, 6, 7], [0, 1, 2, 3, 4, 5, 6, 7], [0, 1, 2, 3, 4, 5, 6, 7], [0, 1, 2, 3, 4, 5, 6, 7], [0, 1, 2, 3, 4, 5, 6, 7], [0, 1, 2, 3, 4, 5, 6, 7], [0, 1, 2, 3, 4, 5, 6, 7], [0, 1, 2, 3, 4, 5, 6, 7], [0, 1, 2, 3, 4, 5, 6, 7], [0, 1, 2, 3, 4, 5, 6, 7], [0, 1, 2, 3, 4, 5, 6, 7], [0, 1, 2, 3, 4, 5, 6, 7], [0, 1, 2, 3, 4, 5, 6, 7], [0, 1, 2, 3, 4, 5, 6, 7], [0, 1, 2, 3, 4, 5, 6, 7], [0, 1, 2, 3, 4, 5, 6, 7], [0, 1, 2, 3, 4, 5, 6, 7], [0, 1, 2, 3, 4, 5, 6, 7], [0, 1, 2, 3, 4, 5, 6, 7], [0, 1, 2, 3, 4, 5, 6, 7], [0, 1, 2, 3, 4, 5, 6, 7], [0, 1, 2, 3, 4, 5, 6, 7]]",sidecar,True,raster,0
gqa,fullload,FullLoad,1.0,full,n470131,201988103,What shape is the foil?,Round,"[""round""]",1.0,21595,2,raster,0,fullload,,452.55888055544347,,,787.733559962362,792.4310929374769,18.87809601612389,811.3091889536008,1124073472,2176,64,,741.6055835783482,,,1.0,1.0,null,0.0,,1124073472,0,64,0,1124073472,17563648.0,17563648.0,0.0,,,,,null,,,,0
gqa,layout_prefix_chunk,Layout+Prefix,0.25,chunk,n470131,201988103,What shape is the foil?,The image shows a clear plastic container with several sandwiches inside. Each,"[""round""]",0.0,450,16,raster,0,prefix,0.15822658315300941,206.63288235664368,40.41541391052306,272.5026459665969,35.947212018072605,308.4928289754316,272.9942100122571,581.4870389876887,285212672,512,65,226.71409393660724,0.0,8.0,34,0.23529411764705882,0.2537313432835821,"[0.2537313432835821, 0.2537313432835821, 0.2537313432835821, 0.2537313432835821, 0.2537313432835821, 0.2537313432835821, 0.2537313432835821, 0.2537313432835821, 0.2537313432835821, 0.2537313432835821, 0.2537313432835821, 0.2537313432835821, 0.2537313432835821, 0.2537313432835821, 0.2537313432835821, 0.2537313432835821, 0.2537313432835821, 0.2537313432835821, 0.2537313432835821, 0.2537313432835821, 0.2537313432835821, 0.2537313432835821, 0.2537313432835821, 0.2537313432835821, 0.2537313432835821, 0.2537313432835821, 0.2537313432835821, 0.2537313432835821, 0.2537313432835821, 0.2537313432835821, 0.2537313432835821, 0.2537313432835821]",0.0,256,268435456,16777216,64,1,285212672,4387887.261538462,4194304.0,16777216.0,0,0,0,prefix,"[[0, 1, 2, 3, 4, 5, 6, 7], [0, 1, 2, 3, 4, 5, 6, 7], [0, 1, 2, 3, 4, 5, 6, 7], [0, 1, 2, 3, 4, 5, 6, 7], [0, 1, 2, 3, 4, 5, 6, 7], [0, 1, 2, 3, 4, 5, 6, 7], [0, 1, 2, 3, 4, 5, 6, 7], [0, 1, 2, 3, 4, 5, 6, 7], [0, 1, 2, 3, 4, 5, 6, 7], [0, 1, 2, 3, 4, 5, 6, 7], [0, 1, 2, 3, 4, 5, 6, 7], [0, 1, 2, 3, 4, 5, 6, 7], [0, 1, 2, 3, 4, 5, 6, 7], [0, 1, 2, 3, 4, 5, 6, 7], [0, 1, 2, 3, 4, 5, 6, 7], [0, 1, 2, 3, 4, 5, 6, 7], [0, 1, 2, 3, 4, 5, 6, 7], [0, 1, 2, 3, 4, 5, 6, 7], [0, 1, 2, 3, 4, 5, 6, 7], [0, 1, 2, 3, 4, 5, 6, 7], [0, 1, 2, 3, 4, 5, 6, 7], [0, 1, 2, 3, 4, 5, 6, 7], [0, 1, 2, 3, 4, 5, 6, 7], [0, 1, 2, 3, 4, 5, 6, 7], [0, 1, 2, 3, 4, 5, 6, 7], [0, 1, 2, 3, 4, 5, 6, 7], [0, 1, 2, 3, 4, 5, 6, 7], [0, 1, 2, 3, 4, 5, 6, 7], [0, 1, 2, 3, 4, 5, 6, 7], [0, 1, 2, 3, 4, 5, 6, 7], [0, 1, 2, 3, 4, 5, 6, 7], [0, 1, 2, 3, 4, 5, 6, 7]]",sidecar,True,raster,0
gqa,fullload,FullLoad,1.0,full,n470131,201987684,Is the table that looks yellow dirty or clean?,Dirty,"[""dirty""]",1.0,360,3,raster,0,fullload,,378.33798059727997,,,592.284330050461,597.0468310406432,37.56443504244089,634.611266083084,1124073472,2176,64,,546.6568431584165,,,1.0,1.0,null,0.0,,1124073472,0,64,0,1124073472,17563648.0,17563648.0,0.0,,,,,null,,,,0
gqa,layout_prefix_chunk,Layout+Prefix,0.25,chunk,n470131,201987684,Is the table that looks yellow dirty or clean?,The image shows a clear plastic container with several sandwiches inside. Each,"[""dirty""]",0.0,450,16,raster,0,prefix,0.20030327141284943,184.4790147151798,47.45143814943731,263.35322007071227,40.88997293729335,304.3073680019006,272.053895983845,576.3612639857456,285212672,512,65,210.04357398487628,0.0,8.0,34,0.23529411764705882,0.2537313432835821,"[0.2537313432835821, 0.2537313432835821, 0.2537313432835821, 0.2537313432835821, 0.2537313432835821, 0.2537313432835821, 0.2537313432835821, 0.2537313432835821, 0.2537313432835821, 0.2537313432835821, 0.2537313432835821, 0.2537313432835821, 0.2537313432835821, 0.2537313432835821, 0.2537313432835821, 0.2537313432835821, 0.2537313432835821, 0.2537313432835821, 0.2537313432835821, 0.2537313432835821, 0.2537313432835821, 0.2537313432835821, 0.2537313432835821, 0.2537313432835821, 0.2537313432835821, 0.2537313432835821, 0.2537313432835821, 0.2537313432835821, 0.2537313432835821, 0.2537313432835821, 0.2537313432835821, 0.2537313432835821]",0.0,256,268435456,16777216,64,1,285212672,4387887.261538462,4194304.0,16777216.0,0,0,0,prefix,"[[0, 1, 2, 3, 4, 5, 6, 7], [0, 1, 2, 3, 4, 5, 6, 7], [0, 1, 2, 3, 4, 5, 6, 7], [0, 1, 2, 3, 4, 5, 6, 7], [0, 1, 2, 3, 4, 5, 6, 7], [0, 1, 2, 3, 4, 5, 6, 7], [0, 1, 2, 3, 4, 5, 6, 7], [0, 1, 2, 3, 4, 5, 6, 7], [0, 1, 2, 3, 4, 5, 6, 7], [0, 1, 2, 3, 4, 5, 6, 7], [0, 1, 2, 3, 4, 5, 6, 7], [0, 1, 2, 3, 4, 5, 6, 7], [0, 1, 2, 3, 4, 5, 6, 7], [0, 1, 2, 3, 4, 5, 6, 7], [0, 1, 2, 3, 4, 5, 6, 7], [0, 1, 2, 3, 4, 5, 6, 7], [0, 1, 2, 3, 4, 5, 6, 7], [0, 1, 2, 3, 4, 5, 6, 7], [0, 1, 2, 3, 4, 5, 6, 7], [0, 1, 2, 3, 4, 5, 6, 7], [0, 1, 2, 3, 4, 5, 6, 7], [0, 1, 2, 3, 4, 5, 6, 7], [0, 1, 2, 3, 4, 5, 6, 7], [0, 1, 2, 3, 4, 5, 6, 7], [0, 1, 2, 3, 4, 5, 6, 7], [0, 1, 2, 3, 4, 5, 6, 7], [0, 1, 2, 3, 4, 5, 6, 7], [0, 1, 2, 3, 4, 5, 6, 7], [0, 1, 2, 3, 4, 5, 6, 7], [0, 1, 2, 3, 4, 5, 6, 7], [0, 1, 2, 3, 4, 5, 6, 7], [0, 1, 2, 3, 4, 5, 6, 7]]",sidecar,True,raster,0
gqa,fullload,FullLoad,1.0,full,n470131,201987969,What rests on the table?,Paper,"[""paper""]",1.0,349,3,raster,0,fullload,,441.57379784155637,,,677.7556880842894,682.4829080142081,38.69083197787404,721.1737399920821,1124073472,2176,64,,625.4416609881446,,,1.0,1.0,null,0.0,,1124073472,0,64,0,1124073472,17563648.0,17563648.0,0.0,,,,,null,,,,0
gqa,layout_prefix_chunk,Layout+Prefix,0.25,chunk,n470131,201987969,What rests on the table?,The image shows a clear plastic container with several sandwiches inside. Each,"[""paper""]",0.0,450,16,raster,0,prefix,0.21348835434764624,183.66577196866274,52.4204756366089,270.5281979870051,38.973340997472405,309.5625010319054,270.26946493424475,579.8319659661502,285212672,512,65,212.3218938941136,0.0,8.0,34,0.23529411764705882,0.2537313432835821,"[0.2537313432835821, 0.2537313432835821, 0.2537313432835821, 0.2537313432835821, 0.2537313432835821, 0.2537313432835821, 0.2537313432835821, 0.2537313432835821, 0.2537313432835821, 0.2537313432835821, 0.2537313432835821, 0.2537313432835821, 0.2537313432835821, 0.2537313432835821, 0.2537313432835821, 0.2537313432835821, 0.2537313432835821, 0.2537313432835821, 0.2537313432835821, 0.2537313432835821, 0.2537313432835821, 0.2537313432835821, 0.2537313432835821, 0.2537313432835821, 0.2537313432835821, 0.2537313432835821, 0.2537313432835821, 0.2537313432835821, 0.2537313432835821, 0.2537313432835821, 0.2537313432835821, 0.2537313432835821]",0.0,256,268435456,16777216,64,1,285212672,4387887.261538462,4194304.0,16777216.0,0,0,0,prefix,"[[0, 1, 2, 3, 4, 5, 6, 7], [0, 1, 2, 3, 4, 5, 6, 7], [0, 1, 2, 3, 4, 5, 6, 7], [0, 1, 2, 3, 4, 5, 6, 7], [0, 1, 2, 3, 4, 5, 6, 7], [0, 1, 2, 3, 4, 5, 6, 7], [0, 1, 2, 3, 4, 5, 6, 7], [0, 1, 2, 3, 4, 5, 6, 7], [0, 1, 2, 3, 4, 5, 6, 7], [0, 1, 2, 3, 4, 5, 6, 7], [0, 1, 2, 3, 4, 5, 6, 7], [0, 1, 2, 3, 4, 5, 6, 7], [0, 1, 2, 3, 4, 5, 6, 7], [0, 1, 2, 3, 4, 5, 6, 7], [0, 1, 2, 3, 4, 5, 6, 7], [0, 1, 2, 3, 4, 5, 6, 7], [0, 1, 2, 3, 4, 5, 6, 7], [0, 1, 2, 3, 4, 5, 6, 7], [0, 1, 2, 3, 4, 5, 6, 7], [0, 1, 2, 3, 4, 5, 6, 7], [0, 1, 2, 3, 4, 5, 6, 7], [0, 1, 2, 3, 4, 5, 6, 7], [0, 1, 2, 3, 4, 5, 6, 7], [0, 1, 2, 3, 4, 5, 6, 7], [0, 1, 2, 3, 4, 5, 6, 7], [0, 1, 2, 3, 4, 5, 6, 7], [0, 1, 2, 3, 4, 5, 6, 7], [0, 1, 2, 3, 4, 5, 6, 7], [0, 1, 2, 3, 4, 5, 6, 7], [0, 1, 2, 3, 4, 5, 6, 7], [0, 1, 2, 3, 4, 5, 6, 7], [0, 1, 2, 3, 4, 5, 6, 7]]",sidecar,True,raster,0
gqa,fullload,FullLoad,1.0,full,n470131,201987968,What rests on the yellow table?,Paper,"[""paper""]",1.0,349,3,raster,0,fullload,,366.40268634073436,,,603.7562260171399,608.3471860038117,37.5900799408555,645.9372659446672,1124073472,2176,64,,550.6896284641698,,,1.0,1.0,null,0.0,,1124073472,0,64,0,1124073472,17563648.0,17563648.0,0.0,,,,,null,,,,0
gqa,layout_prefix_chunk,Layout+Prefix,0.25,chunk,n470131,201987968,What rests on the yellow table?,The image shows a clear plastic container with several sandwiches inside. Each,"[""paper""]",0.0,450,16,raster,0,prefix,0.22675341460853815,155.101747950539,52.27938061580062,240.47116795554757,39.998639025725424,280.5332239950076,272.2306599607691,552.7638839557767,285212672,512,65,182.39606590941548,0.0,8.0,34,0.23529411764705882,0.2537313432835821,"[0.2537313432835821, 0.2537313432835821, 0.2537313432835821, 0.2537313432835821, 0.2537313432835821, 0.2537313432835821, 0.2537313432835821, 0.2537313432835821, 0.2537313432835821, 0.2537313432835821, 0.2537313432835821, 0.2537313432835821, 0.2537313432835821, 0.2537313432835821, 0.2537313432835821, 0.2537313432835821, 0.2537313432835821, 0.2537313432835821, 0.2537313432835821, 0.2537313432835821, 0.2537313432835821, 0.2537313432835821, 0.2537313432835821, 0.2537313432835821, 0.2537313432835821, 0.2537313432835821, 0.2537313432835821, 0.2537313432835821, 0.2537313432835821, 0.2537313432835821, 0.2537313432835821, 0.2537313432835821]",0.0,256,268435456,16777216,64,1,285212672,4387887.261538462,4194304.0,16777216.0,0,0,0,prefix,"[[0, 1, 2, 3, 4, 5, 6, 7], [0, 1, 2, 3, 4, 5, 6, 7], [0, 1, 2, 3, 4, 5, 6, 7], [0, 1, 2, 3, 4, 5, 6, 7], [0, 1, 2, 3, 4, 5, 6, 7], [0, 1, 2, 3, 4, 5, 6, 7], [0, 1, 2, 3, 4, 5, 6, 7], [0, 1, 2, 3, 4, 5, 6, 7], [0, 1, 2, 3, 4, 5, 6, 7], [0, 1, 2, 3, 4, 5, 6, 7], [0, 1, 2, 3, 4, 5, 6, 7], [0, 1, 2, 3, 4, 5, 6, 7], [0, 1, 2, 3, 4, 5, 6, 7], [0, 1, 2, 3, 4, 5, 6, 7], [0, 1, 2, 3, 4, 5, 6, 7], [0, 1, 2, 3, 4, 5, 6, 7], [0, 1, 2, 3, 4, 5, 6, 7], [0, 1, 2, 3, 4, 5, 6, 7], [0, 1, 2, 3, 4, 5, 6, 7], [0, 1, 2, 3, 4, 5, 6, 7], [0, 1, 2, 3, 4, 5, 6, 7], [0, 1, 2, 3, 4, 5, 6, 7], [0, 1, 2, 3, 4, 5, 6, 7], [0, 1, 2, 3, 4, 5, 6, 7], [0, 1, 2, 3, 4, 5, 6, 7], [0, 1, 2, 3, 4, 5, 6, 7], [0, 1, 2, 3, 4, 5, 6, 7], [0, 1, 2, 3, 4, 5, 6, 7], [0, 1, 2, 3, 4, 5, 6, 7], [0, 1, 2, 3, 4, 5, 6, 7], [0, 1, 2, 3, 4, 5, 6, 7], [0, 1, 2, 3, 4, 5, 6, 7]]",sidecar,True,raster,0
gqa,fullload,FullLoad,1.0,full,n470131,201987760,Are there cookies that are not baked?,Yes,"[""no""]",0.0,3869,2,raster,0,fullload,,466.6596092283726,,,720.3804900636896,725.0042880186811,43.95556997042149,768.9598579891026,1124073472,2176,64,,660.9340291470289,,,1.0,1.0,null,0.0,,1124073472,0,64,0,1124073472,17563648.0,17563648.0,0.0,,,,,null,,,,0
gqa,layout_prefix_chunk,Layout+Prefix,0.25,chunk,n470131,201987760,Are there cookies that are not baked?,The image shows a clear plastic container with several sandwiches inside. Each,"[""no""]",0.0,450,16,raster,0,prefix,0.16681011766195297,217.10457059089094,40.32468213699758,282.7650759136304,34.25412194337696,317.0597739517689,272.45303604286164,589.5128099946305,285212672,512,65,237.05524113029242,0.0,8.0,34,0.23529411764705882,0.2537313432835821,"[0.2537313432835821, 0.2537313432835821, 0.2537313432835821, 0.2537313432835821, 0.2537313432835821, 0.2537313432835821, 0.2537313432835821, 0.2537313432835821, 0.2537313432835821, 0.2537313432835821, 0.2537313432835821, 0.2537313432835821, 0.2537313432835821, 0.2537313432835821, 0.2537313432835821, 0.2537313432835821, 0.2537313432835821, 0.2537313432835821, 0.2537313432835821, 0.2537313432835821, 0.2537313432835821, 0.2537313432835821, 0.2537313432835821, 0.2537313432835821, 0.2537313432835821, 0.2537313432835821, 0.2537313432835821, 0.2537313432835821, 0.2537313432835821, 0.2537313432835821, 0.2537313432835821, 0.2537313432835821]",0.0,256,268435456,16777216,64,1,285212672,4387887.261538462,4194304.0,16777216.0,0,0,0,prefix,"[[0, 1, 2, 3, 4, 5, 6, 7], [0, 1, 2, 3, 4, 5, 6, 7], [0, 1, 2, 3, 4, 5, 6, 7], [0, 1, 2, 3, 4, 5, 6, 7], [0, 1, 2, 3, 4, 5, 6, 7], [0, 1, 2, 3, 4, 5, 6, 7], [0, 1, 2, 3, 4, 5, 6, 7], [0, 1, 2, 3, 4, 5, 6, 7], [0, 1, 2, 3, 4, 5, 6, 7], [0, 1, 2, 3, 4, 5, 6, 7], [0, 1, 2, 3, 4, 5, 6, 7], [0, 1, 2, 3, 4, 5, 6, 7], [0, 1, 2, 3, 4, 5, 6, 7], [0, 1, 2, 3, 4, 5, 6, 7], [0, 1, 2, 3, 4, 5, 6, 7], [0, 1, 2, 3, 4, 5, 6, 7], [0, 1, 2, 3, 4, 5, 6, 7], [0, 1, 2, 3, 4, 5, 6, 7], [0, 1, 2, 3, 4, 5, 6, 7], [0, 1, 2, 3, 4, 5, 6, 7], [0, 1, 2, 3, 4, 5, 6, 7], [0, 1, 2, 3, 4, 5, 6, 7], [0, 1, 2, 3, 4, 5, 6, 7], [0, 1, 2, 3, 4, 5, 6, 7], [0, 1, 2, 3, 4, 5, 6, 7], [0, 1, 2, 3, 4, 5, 6, 7], [0, 1, 2, 3, 4, 5, 6, 7], [0, 1, 2, 3, 4, 5, 6, 7], [0, 1, 2, 3, 4, 5, 6, 7], [0, 1, 2, 3, 4, 5, 6, 7], [0, 1, 2, 3, 4, 5, 6, 7], [0, 1, 2, 3, 4, 5, 6, 7]]",sidecar,True,raster,0
gqa,fullload,FullLoad,1.0,full,n470131,201987763,What is in front of the orange thing that is on the wall?,Paper,"[""cookie""]",0.0,349,3,raster,0,fullload,,447.1164046553895,,,773.9281529793516,778.5197930643335,37.07857301924378,815.5983660835773,1124073472,2176,64,,730.4315088549629,,,1.0,1.0,null,0.0,,1124073472,0,64,0,1124073472,17563648.0,17563648.0,0.0,,,,,null,,,,0
gqa,layout_prefix_chunk,Layout+Prefix,0.25,chunk,n470131,201987763,What is in front of the orange thing that is on the wall?,The image shows a clear plastic container with several sandwiches inside. Each,"[""cookie""]",0.0,450,16,raster,0,prefix,0.2331096911802888,156.36925061699003,53.20303654298186,243.07202198542655,42.99644194543362,286.1339459195733,267.8804330062121,554.0143789257854,285212672,512,65,184.1612111311406,0.0,8.0,34,0.23529411764705882,0.2537313432835821,"[0.2537313432835821, 0.2537313432835821, 0.2537313432835821, 0.2537313432835821, 0.2537313432835821, 0.2537313432835821, 0.2537313432835821, 0.2537313432835821, 0.2537313432835821, 0.2537313432835821, 0.2537313432835821, 0.2537313432835821, 0.2537313432835821, 0.2537313432835821, 0.2537313432835821, 0.2537313432835821, 0.2537313432835821, 0.2537313432835821, 0.2537313432835821, 0.2537313432835821, 0.2537313432835821, 0.2537313432835821, 0.2537313432835821, 0.2537313432835821, 0.2537313432835821, 0.2537313432835821, 0.2537313432835821, 0.2537313432835821, 0.2537313432835821, 0.2537313432835821, 0.2537313432835821, 0.2537313432835821]",0.0,256,268435456,16777216,64,1,285212672,4387887.261538462,4194304.0,16777216.0,0,0,0,prefix,"[[0, 1, 2, 3, 4, 5, 6, 7], [0, 1, 2, 3, 4, 5, 6, 7], [0, 1, 2, 3, 4, 5, 6, 7], [0, 1, 2, 3, 4, 5, 6, 7], [0, 1, 2, 3, 4, 5, 6, 7], [0, 1, 2, 3, 4, 5, 6, 7], [0, 1, 2, 3, 4, 5, 6, 7], [0, 1, 2, 3, 4, 5, 6, 7], [0, 1, 2, 3, 4, 5, 6, 7], [0, 1, 2, 3, 4, 5, 6, 7], [0, 1, 2, 3, 4, 5, 6, 7], [0, 1, 2, 3, 4, 5, 6, 7], [0, 1, 2, 3, 4, 5, 6, 7], [0, 1, 2, 3, 4, 5, 6, 7], [0, 1, 2, 3, 4, 5, 6, 7], [0, 1, 2, 3, 4, 5, 6, 7], [0, 1, 2, 3, 4, 5, 6, 7], [0, 1, 2, 3, 4, 5, 6, 7], [0, 1, 2, 3, 4, 5, 6, 7], [0, 1, 2, 3, 4, 5, 6, 7], [0, 1, 2, 3, 4, 5, 6, 7], [0, 1, 2, 3, 4, 5, 6, 7], [0, 1, 2, 3, 4, 5, 6, 7], [0, 1, 2, 3, 4, 5, 6, 7], [0, 1, 2, 3, 4, 5, 6, 7], [0, 1, 2, 3, 4, 5, 6, 7], [0, 1, 2, 3, 4, 5, 6, 7], [0, 1, 2, 3, 4, 5, 6, 7], [0, 1, 2, 3, 4, 5, 6, 7], [0, 1, 2, 3, 4, 5, 6, 7], [0, 1, 2, 3, 4, 5, 6, 7], [0, 1, 2, 3, 4, 5, 6, 7]]",sidecar,True,raster,0
gqa,fullload,FullLoad,1.0,full,n195249,20482274,Which company is the hat from?,Nike,"[""nike""]",1.0,405,3,raster,0,fullload,,396.65269025135785,,,598.4890980180353,602.8284250060096,38.34044898394495,641.1688739899546,969932800,1856,64,,549.3940812302753,,,1.0,1.0,null,0.0,,969932800,0,64,0,969932800,15155200.0,15155200.0,0.0,,,,,null,,,,0
gqa,layout_prefix_chunk,Layout+Prefix,0.25,chunk,n195249,20482274,Which company is the hat from?,The woman is wearing a blue visor and a blue tank top.,"[""nike""]",0.0,450,16,raster,0,prefix,0.16673293430358171,158.9947686297819,41.1029402166605,225.03404307644814,41.86707199551165,266.96196803823113,269.2334440071136,536.1954120453447,248512512,448,65,178.88085823506117,0.0,7.0,29,0.2413793103448276,0.2562162162162162,"[0.2562162162162162, 0.2562162162162162, 0.2562162162162162, 0.2562162162162162, 0.2562162162162162, 0.2562162162162162, 0.2562162162162162, 0.2562162162162162, 0.2562162162162162, 0.2562162162162162, 0.2562162162162162, 0.2562162162162162, 0.2562162162162162, 0.2562162162162162, 0.2562162162162162, 0.2562162162162162, 0.2562162162162162, 0.2562162162162162, 0.2562162162162162, 0.2562162162162162, 0.2562162162162162, 0.2562162162162162, 0.2562162162162162, 0.2562162162162162, 0.2562162162162162, 0.2562162162162162, 0.2562162162162162, 0.2562162162162162, 0.2562162162162162, 0.2562162162162162, 0.2562162162162162, 0.2562162162162162]",0.0,224,234881024,13631488,64,1,248512512,3823269.4153846153,3670016.0,13631488.0,0,0,0,prefix,"[[0, 1, 2, 3, 4, 5, 6], [0, 1, 2, 3, 4, 5, 6], [0, 1, 2, 3, 4, 5, 6], [0, 1, 2, 3, 4, 5, 6], [0, 1, 2, 3, 4, 5, 6], [0, 1, 2, 3, 4, 5, 6], [0, 1, 2, 3, 4, 5, 6], [0, 1, 2, 3, 4, 5, 6], [0, 1, 2, 3, 4, 5, 6], [0, 1, 2, 3, 4, 5, 6], [0, 1, 2, 3, 4, 5, 6], [0, 1, 2, 3, 4, 5, 6], [0, 1, 2, 3, 4, 5, 6], [0, 1, 2, 3, 4, 5, 6], [0, 1, 2, 3, 4, 5, 6], [0, 1, 2, 3, 4, 5, 6], [0, 1, 2, 3, 4, 5, 6], [0, 1, 2, 3, 4, 5, 6], [0, 1, 2, 3, 4, 5, 6], [0, 1, 2, 3, 4, 5, 6], [0, 1, 2, 3, 4, 5, 6], [0, 1, 2, 3, 4, 5, 6], [0, 1, 2, 3, 4, 5, 6], [0, 1, 2, 3, 4, 5, 6], [0, 1, 2, 3, 4, 5, 6], [0, 1, 2, 3, 4, 5, 6], [0, 1, 2, 3, 4, 5, 6], [0, 1, 2, 3, 4, 5, 6], [0, 1, 2, 3, 4, 5, 6], [0, 1, 2, 3, 4, 5, 6], [0, 1, 2, 3, 4, 5, 6], [0, 1, 2, 3, 4, 5, 6]]",sidecar,True,raster,0
gqa,fullload,FullLoad,1.0,full,n195249,20482492,Does this woman wear a wetsuit?,No,"[""no""]",1.0,1939,2,raster,0,fullload,,412.4964199727401,,,616.6881090030074,621.0383540019393,19.584655994549394,640.6230099964887,969932800,1856,64,,566.6797802550718,,,1.0,1.0,null,0.0,,969932800,0,64,0,969932800,15155200.0,15155200.0,0.0,,,,,null,,,,0
gqa,layout_prefix_chunk,Layout+Prefix,0.25,chunk,n195249,20482492,Does this woman wear a wetsuit?,The woman in the image is wearing a blue visor and a blue tank,"[""no""]",0.0,450,16,raster,0,prefix,0.19520241767168045,157.92636503465474,43.29658707138151,227.73817204870284,38.653165102005005,266.45611110143363,270.28937393333763,536.7454850347713,248512512,448,65,179.0531106526032,0.0,7.0,29,0.2413793103448276,0.2562162162162162,"[0.2562162162162162, 0.2562162162162162, 0.2562162162162162, 0.2562162162162162, 0.2562162162162162, 0.2562162162162162, 0.2562162162162162, 0.2562162162162162, 0.2562162162162162, 0.2562162162162162, 0.2562162162162162, 0.2562162162162162, 0.2562162162162162, 0.2562162162162162, 0.2562162162162162, 0.2562162162162162, 0.2562162162162162, 0.2562162162162162, 0.2562162162162162, 0.2562162162162162, 0.2562162162162162, 0.2562162162162162, 0.2562162162162162, 0.2562162162162162, 0.2562162162162162, 0.2562162162162162, 0.2562162162162162, 0.2562162162162162, 0.2562162162162162, 0.2562162162162162, 0.2562162162162162, 0.2562162162162162]",0.0,224,234881024,13631488,64,1,248512512,3823269.4153846153,3670016.0,13631488.0,0,0,0,prefix,"[[0, 1, 2, 3, 4, 5, 6], [0, 1, 2, 3, 4, 5, 6], [0, 1, 2, 3, 4, 5, 6], [0, 1, 2, 3, 4, 5, 6], [0, 1, 2, 3, 4, 5, 6], [0, 1, 2, 3, 4, 5, 6], [0, 1, 2, 3, 4, 5, 6], [0, 1, 2, 3, 4, 5, 6], [0, 1, 2, 3, 4, 5, 6], [0, 1, 2, 3, 4, 5, 6], [0, 1, 2, 3, 4, 5, 6], [0, 1, 2, 3, 4, 5, 6], [0, 1, 2, 3, 4, 5, 6], [0, 1, 2, 3, 4, 5, 6], [0, 1, 2, 3, 4, 5, 6], [0, 1, 2, 3, 4, 5, 6], [0, 1, 2, 3, 4, 5, 6], [0, 1, 2, 3, 4, 5, 6], [0, 1, 2, 3, 4, 5, 6], [0, 1, 2, 3, 4, 5, 6], [0, 1, 2, 3, 4, 5, 6], [0, 1, 2, 3, 4, 5, 6], [0, 1, 2, 3, 4, 5, 6], [0, 1, 2, 3, 4, 5, 6], [0, 1, 2, 3, 4, 5, 6], [0, 1, 2, 3, 4, 5, 6], [0, 1, 2, 3, 4, 5, 6], [0, 1, 2, 3, 4, 5, 6], [0, 1, 2, 3, 4, 5, 6], [0, 1, 2, 3, 4, 5, 6], [0, 1, 2, 3, 4, 5, 6], [0, 1, 2, 3, 4, 5, 6]]",sidecar,True,raster,0
gqa,fullload,FullLoad,1.0,full,n195249,20482257,Does the blue hat have large size?,Yes,"[""no""]",0.0,3869,2,raster,0,fullload,,382.12859351187944,,,564.7648680023849,569.1051949979737,19.18459904845804,588.2897940464318,969932800,1856,64,,522.5056090857834,,,1.0,1.0,null,0.0,,969932800,0,64,0,969932800,15155200.0,15155200.0,0.0,,,,,null,,,,0
gqa,layout_prefix_chunk,Layout+Prefix,0.25,chunk,n195249,20482257,Does the blue hat have large size?,The woman in the image is wearing a blue visor and a blue tank,"[""no""]",0.0,450,16,raster,0,prefix,0.2140742726624012,143.2969548041001,47.91930445935577,221.43354499712586,55.911847040988505,277.4063490796834,273.490855935961,550.8972050156444,248512512,448,65,168.1012943154201,0.0,7.0,29,0.2413793103448276,0.2562162162162162,"[0.2562162162162162, 0.2562162162162162, 0.2562162162162162, 0.2562162162162162, 0.2562162162162162, 0.2562162162162162, 0.2562162162162162, 0.2562162162162162, 0.2562162162162162, 0.2562162162162162, 0.2562162162162162, 0.2562162162162162, 0.2562162162162162, 0.2562162162162162, 0.2562162162162162, 0.2562162162162162, 0.2562162162162162, 0.2562162162162162, 0.2562162162162162, 0.2562162162162162, 0.2562162162162162, 0.2562162162162162, 0.2562162162162162, 0.2562162162162162, 0.2562162162162162, 0.2562162162162162, 0.2562162162162162, 0.2562162162162162, 0.2562162162162162, 0.2562162162162162, 0.2562162162162162, 0.2562162162162162]",0.0,224,234881024,13631488,64,1,248512512,3823269.4153846153,3670016.0,13631488.0,0,0,0,prefix,"[[0, 1, 2, 3, 4, 5, 6], [0, 1, 2, 3, 4, 5, 6], [0, 1, 2, 3, 4, 5, 6], [0, 1, 2, 3, 4, 5, 6], [0, 1, 2, 3, 4, 5, 6], [0, 1, 2, 3, 4, 5, 6], [0, 1, 2, 3, 4, 5, 6], [0, 1, 2, 3, 4, 5, 6], [0, 1, 2, 3, 4, 5, 6], [0, 1, 2, 3, 4, 5, 6], [0, 1, 2, 3, 4, 5, 6], [0, 1, 2, 3, 4, 5, 6], [0, 1, 2, 3, 4, 5, 6], [0, 1, 2, 3, 4, 5, 6], [0, 1, 2, 3, 4, 5, 6], [0, 1, 2, 3, 4, 5, 6], [0, 1, 2, 3, 4, 5, 6], [0, 1, 2, 3, 4, 5, 6], [0, 1, 2, 3, 4, 5, 6], [0, 1, 2, 3, 4, 5, 6], [0, 1, 2, 3, 4, 5, 6], [0, 1, 2, 3, 4, 5, 6], [0, 1, 2, 3, 4, 5, 6], [0, 1, 2, 3, 4, 5, 6], [0, 1, 2, 3, 4, 5, 6], [0, 1, 2, 3, 4, 5, 6], [0, 1, 2, 3, 4, 5, 6], [0, 1, 2, 3, 4, 5, 6], [0, 1, 2, 3, 4, 5, 6], [0, 1, 2, 3, 4, 5, 6], [0, 1, 2, 3, 4, 5, 6], [0, 1, 2, 3, 4, 5, 6]]",sidecar,True,raster,0
gqa,fullload,FullLoad,1.0,full,n195249,20482531,Does the cotton shirt look dark blue and short?,Yes,"[""yes""]",1.0,3869,2,raster,0,fullload,,398.4415896702558,,,631.6460919333622,635.9319009352475,24.454559083096683,660.3864600183442,969932800,1856,64,,566.6482385713607,,,1.0,1.0,null,0.0,,969932800,0,64,0,969932800,15155200.0,15155200.0,0.0,,,,,null,,,,0
gqa,layout_prefix_chunk,Layout+Prefix,0.25,chunk,n195249,20482531,Does the cotton shirt look dark blue and short?,The woman in the image is wearing a blue visor and a blue tank,"[""yes""]",0.0,450,16,raster,0,prefix,0.19990757573395967,163.42008078936487,45.47391796950251,237.9834830062464,38.61791605595499,276.6474160598591,269.837221945636,546.4846380054951,248512512,448,65,187.1549712959677,0.0,7.0,29,0.2413793103448276,0.2562162162162162,"[0.2562162162162162, 0.2562162162162162, 0.2562162162162162, 0.2562162162162162, 0.2562162162162162, 0.2562162162162162, 0.2562162162162162, 0.2562162162162162, 0.2562162162162162, 0.2562162162162162, 0.2562162162162162, 0.2562162162162162, 0.2562162162162162, 0.2562162162162162, 0.2562162162162162, 0.2562162162162162, 0.2562162162162162, 0.2562162162162162, 0.2562162162162162, 0.2562162162162162, 0.2562162162162162, 0.2562162162162162, 0.2562162162162162, 0.2562162162162162, 0.2562162162162162, 0.2562162162162162, 0.2562162162162162, 0.2562162162162162, 0.2562162162162162, 0.2562162162162162, 0.2562162162162162, 0.2562162162162162]",0.0,224,234881024,13631488,64,1,248512512,3823269.4153846153,3670016.0,13631488.0,0,0,0,prefix,"[[0, 1, 2, 3, 4, 5, 6], [0, 1, 2, 3, 4, 5, 6], [0, 1, 2, 3, 4, 5, 6], [0, 1, 2, 3, 4, 5, 6], [0, 1, 2, 3, 4, 5, 6], [0, 1, 2, 3, 4, 5, 6], [0, 1, 2, 3, 4, 5, 6], [0, 1, 2, 3, 4, 5, 6], [0, 1, 2, 3, 4, 5, 6], [0, 1, 2, 3, 4, 5, 6], [0, 1, 2, 3, 4, 5, 6], [0, 1, 2, 3, 4, 5, 6], [0, 1, 2, 3, 4, 5, 6], [0, 1, 2, 3, 4, 5, 6], [0, 1, 2, 3, 4, 5, 6], [0, 1, 2, 3, 4, 5, 6], [0, 1, 2, 3, 4, 5, 6], [0, 1, 2, 3, 4, 5, 6], [0, 1, 2, 3, 4, 5, 6], [0, 1, 2, 3, 4, 5, 6], [0, 1, 2, 3, 4, 5, 6], [0, 1, 2, 3, 4, 5, 6], [0, 1, 2, 3, 4, 5, 6], [0, 1, 2, 3, 4, 5, 6], [0, 1, 2, 3, 4, 5, 6], [0, 1, 2, 3, 4, 5, 6], [0, 1, 2, 3, 4, 5, 6], [0, 1, 2, 3, 4, 5, 6], [0, 1, 2, 3, 4, 5, 6], [0, 1, 2, 3, 4, 5, 6], [0, 1, 2, 3, 4, 5, 6], [0, 1, 2, 3, 4, 5, 6]]",sidecar,True,raster,0
gqa,fullload,FullLoad,1.0,full,n195249,20482537,What color is the shirt made of cotton?,Blue,"[""dark blue""]",0.0,10924,2,raster,0,fullload,,458.50463409442455,,,678.9196629542857,683.3106150152162,19.219381036236882,702.529996051453,969932800,1856,64,,619.8287837905809,,,1.0,1.0,null,0.0,,969932800,0,64,0,969932800,15155200.0,15155200.0,0.0,,,,,null,,,,0
gqa,layout_prefix_chunk,Layout+Prefix,0.25,chunk,n195249,20482537,What color is the shirt made of cotton?,The woman in the image is wearing a blue visor and a blue tank,"[""dark blue""]",0.0,450,16,raster,0,prefix,0.17001014202833176,151.84694598428905,40.63925601076335,217.48612506780773,38.84340694639832,256.3914560014382,271.1031991057098,527.494655107148,248512512,448,65,171.5925009921193,0.0,7.0,29,0.2413793103448276,0.2562162162162162,"[0.2562162162162162, 0.2562162162162162, 0.2562162162162162, 0.2562162162162162, 0.2562162162162162, 0.2562162162162162, 0.2562162162162162, 0.2562162162162162, 0.2562162162162162, 0.2562162162162162, 0.2562162162162162, 0.2562162162162162, 0.2562162162162162, 0.2562162162162162, 0.2562162162162162, 0.2562162162162162, 0.2562162162162162, 0.2562162162162162, 0.2562162162162162, 0.2562162162162162, 0.2562162162162162, 0.2562162162162162, 0.2562162162162162, 0.2562162162162162, 0.2562162162162162, 0.2562162162162162, 0.2562162162162162, 0.2562162162162162, 0.2562162162162162, 0.2562162162162162, 0.2562162162162162, 0.2562162162162162]",0.0,224,234881024,13631488,64,1,248512512,3823269.4153846153,3670016.0,13631488.0,0,0,0,prefix,"[[0, 1, 2, 3, 4, 5, 6], [0, 1, 2, 3, 4, 5, 6], [0, 1, 2, 3, 4, 5, 6], [0, 1, 2, 3, 4, 5, 6], [0, 1, 2, 3, 4, 5, 6], [0, 1, 2, 3, 4, 5, 6], [0, 1, 2, 3, 4, 5, 6], [0, 1, 2, 3, 4, 5, 6], [0, 1, 2, 3, 4, 5, 6], [0, 1, 2, 3, 4, 5, 6], [0, 1, 2, 3, 4, 5, 6], [0, 1, 2, 3, 4, 5, 6], [0, 1, 2, 3, 4, 5, 6], [0, 1, 2, 3, 4, 5, 6], [0, 1, 2, 3, 4, 5, 6], [0, 1, 2, 3, 4, 5, 6], [0, 1, 2, 3, 4, 5, 6], [0, 1, 2, 3, 4, 5, 6], [0, 1, 2, 3, 4, 5, 6], [0, 1, 2, 3, 4, 5, 6], [0, 1, 2, 3, 4, 5, 6], [0, 1, 2, 3, 4, 5, 6], [0, 1, 2, 3, 4, 5, 6], [0, 1, 2, 3, 4, 5, 6], [0, 1, 2, 3, 4, 5, 6], [0, 1, 2, 3, 4, 5, 6], [0, 1, 2, 3, 4, 5, 6], [0, 1, 2, 3, 4, 5, 6], [0, 1, 2, 3, 4, 5, 6], [0, 1, 2, 3, 4, 5, 6], [0, 1, 2, 3, 4, 5, 6], [0, 1, 2, 3, 4, 5, 6]]",sidecar,True,raster,0
gqa,fullload,FullLoad,1.0,full,n195249,20482514,Is the person that is staring holding the tennis racket?,Yes,"[""yes""]",1.0,3869,2,raster,0,fullload,,419.57252414431423,,,636.3315699854866,640.5840229708701,23.53426709305495,664.1182900639251,969932800,1856,64,,578.923977795057,,,1.0,1.0,null,0.0,,969932800,0,64,0,969932800,15155200.0,15155200.0,0.0,,,,,null,,,,0
gqa,layout_prefix_chunk,Layout+Prefix,0.25,chunk,n195249,20482514,Is the person that is staring holding the tennis racket?,The woman in the image is wearing a blue visor and a blue tank,"[""yes""]",0.0,450,16,raster,0,prefix,0.2114472445100546,156.03097202256322,48.57298475690186,234.37753203324974,52.76237893849611,287.2033999301493,274.3923000525683,561.5956999827176,248512512,448,65,180.44654512777925,0.0,7.0,29,0.2413793103448276,0.2562162162162162,"[0.2562162162162162, 0.2562162162162162, 0.2562162162162162, 0.2562162162162162, 0.2562162162162162, 0.2562162162162162, 0.2562162162162162, 0.2562162162162162, 0.2562162162162162, 0.2562162162162162, 0.2562162162162162, 0.2562162162162162, 0.2562162162162162, 0.2562162162162162, 0.2562162162162162, 0.2562162162162162, 0.2562162162162162, 0.2562162162162162, 0.2562162162162162, 0.2562162162162162, 0.2562162162162162, 0.2562162162162162, 0.2562162162162162, 0.2562162162162162, 0.2562162162162162, 0.2562162162162162, 0.2562162162162162, 0.2562162162162162, 0.2562162162162162, 0.2562162162162162, 0.2562162162162162, 0.2562162162162162]",0.0,224,234881024,13631488,64,1,248512512,3823269.4153846153,3670016.0,13631488.0,0,0,0,prefix,"[[0, 1, 2, 3, 4, 5, 6], [0, 1, 2, 3, 4, 5, 6], [0, 1, 2, 3, 4, 5, 6], [0, 1, 2, 3, 4, 5, 6], [0, 1, 2, 3, 4, 5, 6], [0, 1, 2, 3, 4, 5, 6], [0, 1, 2, 3, 4, 5, 6], [0, 1, 2, 3, 4, 5, 6], [0, 1, 2, 3, 4, 5, 6], [0, 1, 2, 3, 4, 5, 6], [0, 1, 2, 3, 4, 5, 6], [0, 1, 2, 3, 4, 5, 6], [0, 1, 2, 3, 4, 5, 6], [0, 1, 2, 3, 4, 5, 6], [0, 1, 2, 3, 4, 5, 6], [0, 1, 2, 3, 4, 5, 6], [0, 1, 2, 3, 4, 5, 6], [0, 1, 2, 3, 4, 5, 6], [0, 1, 2, 3, 4, 5, 6], [0, 1, 2, 3, 4, 5, 6], [0, 1, 2, 3, 4, 5, 6], [0, 1, 2, 3, 4, 5, 6], [0, 1, 2, 3, 4, 5, 6], [0, 1, 2, 3, 4, 5, 6], [0, 1, 2, 3, 4, 5, 6], [0, 1, 2, 3, 4, 5, 6], [0, 1, 2, 3, 4, 5, 6], [0, 1, 2, 3, 4, 5, 6], [0, 1, 2, 3, 4, 5, 6], [0, 1, 2, 3, 4, 5, 6], [0, 1, 2, 3, 4, 5, 6], [0, 1, 2, 3, 4, 5, 6]]",sidecar,True,raster,0
gqa,fullload,FullLoad,1.0,full,n281241,20427658,In front of what is the gentleman?,Picture,"[""picture""]",1.0,28908,2,raster,0,fullload,,409.9503888282925,,,647.6878980174661,652.4021769873798,19.18343105353415,671.5856080409139,1132462080,2176,64,,598.8060421077535,,,1.0,1.0,null,0.0,,1132462080,0,64,0,1132462080,17694720.0,17694720.0,0.0,,,,,null,,,,0
gqa,layout_prefix_chunk,Layout+Prefix,0.25,chunk,n281241,20427658,In front of what is the gentleman?,The image shows two men sitting in what appears to be an office or meeting room,"[""picture""]",0.0,450,16,raster,0,prefix,0.22511801216751337,163.3240383816883,53.548376192338765,251.82194297667593,52.71362001076341,304.5978210866451,275.5200839601457,580.1179050467908,293601280,512,65,192.52936367411166,0.0,8.0,34,0.23529411764705882,0.25925925925925924,"[0.25925925925925924, 0.25925925925925924, 0.25925925925925924, 0.25925925925925924, 0.25925925925925924, 0.25925925925925924, 0.25925925925925924, 0.25925925925925924, 0.25925925925925924, 0.25925925925925924, 0.25925925925925924, 0.25925925925925924, 0.25925925925925924, 0.25925925925925924, 0.25925925925925924, 0.25925925925925924, 0.25925925925925924, 0.25925925925925924, 0.25925925925925924, 0.25925925925925924, 0.25925925925925924, 0.25925925925925924, 0.25925925925925924, 0.25925925925925924, 0.25925925925925924, 0.25925925925925924, 0.25925925925925924, 0.25925925925925924, 0.25925925925925924, 0.25925925925925924, 0.25925925925925924, 0.25925925925925924]",0.0,256,268435456,25165824,64,1,293601280,4516942.769230769,4194304.0,25165824.0,0,0,0,prefix,"[[0, 1, 2, 3, 4, 5, 6, 7], [0, 1, 2, 3, 4, 5, 6, 7], [0, 1, 2, 3, 4, 5, 6, 7], [0, 1, 2, 3, 4, 5, 6, 7], [0, 1, 2, 3, 4, 5, 6, 7], [0, 1, 2, 3, 4, 5, 6, 7], [0, 1, 2, 3, 4, 5, 6, 7], [0, 1, 2, 3, 4, 5, 6, 7], [0, 1, 2, 3, 4, 5, 6, 7], [0, 1, 2, 3, 4, 5, 6, 7], [0, 1, 2, 3, 4, 5, 6, 7], [0, 1, 2, 3, 4, 5, 6, 7], [0, 1, 2, 3, 4, 5, 6, 7], [0, 1, 2, 3, 4, 5, 6, 7], [0, 1, 2, 3, 4, 5, 6, 7], [0, 1, 2, 3, 4, 5, 6, 7], [0, 1, 2, 3, 4, 5, 6, 7], [0, 1, 2, 3, 4, 5, 6, 7], [0, 1, 2, 3, 4, 5, 6, 7], [0, 1, 2, 3, 4, 5, 6, 7], [0, 1, 2, 3, 4, 5, 6, 7], [0, 1, 2, 3, 4, 5, 6, 7], [0, 1, 2, 3, 4, 5, 6, 7], [0, 1, 2, 3, 4, 5, 6, 7], [0, 1, 2, 3, 4, 5, 6, 7], [0, 1, 2, 3, 4, 5, 6, 7], [0, 1, 2, 3, 4, 5, 6, 7], [0, 1, 2, 3, 4, 5, 6, 7], [0, 1, 2, 3, 4, 5, 6, 7], [0, 1, 2, 3, 4, 5, 6, 7], [0, 1, 2, 3, 4, 5, 6, 7], [0, 1, 2, 3, 4, 5, 6, 7]]",sidecar,True,raster,0
gqa,fullload,FullLoad,1.0,full,n281241,20427655,Who is in front of the square picture?,Man,"[""gentleman""]",0.0,2315,2,raster,0,fullload,,402.40546071436256,,,622.6918050087988,627.428318024613,29.565860982984304,656.9941790075973,1132462080,2176,64,,575.8756240829825,,,1.0,1.0,null,0.0,,1132462080,0,64,0,1132462080,17694720.0,17694720.0,0.0,,,,,null,,,,0
gqa,layout_prefix_chunk,Layout+Prefix,0.25,chunk,n281241,20427655,Who is in front of the square picture?,The image shows two men sitting in what appears to be an office or meeting room,"[""gentleman""]",0.0,450,16,raster,0,prefix,0.20748830866068602,174.80899568181485,50.28020602185279,258.51207703817636,58.41055896598846,316.9867140240967,282.38956397399306,599.3762779980898,293601280,512,65,202.65067170839757,0.0,8.0,34,0.23529411764705882,0.25925925925925924,"[0.25925925925925924, 0.25925925925925924, 0.25925925925925924, 0.25925925925925924, 0.25925925925925924, 0.25925925925925924, 0.25925925925925924, 0.25925925925925924, 0.25925925925925924, 0.25925925925925924, 0.25925925925925924, 0.25925925925925924, 0.25925925925925924, 0.25925925925925924, 0.25925925925925924, 0.25925925925925924, 0.25925925925925924, 0.25925925925925924, 0.25925925925925924, 0.25925925925925924, 0.25925925925925924, 0.25925925925925924, 0.25925925925925924, 0.25925925925925924, 0.25925925925925924, 0.25925925925925924, 0.25925925925925924, 0.25925925925925924, 0.25925925925925924, 0.25925925925925924, 0.25925925925925924, 0.25925925925925924]",0.0,256,268435456,25165824,64,1,293601280,4516942.769230769,4194304.0,25165824.0,0,0,0,prefix,"[[0, 1, 2, 3, 4, 5, 6, 7], [0, 1, 2, 3, 4, 5, 6, 7], [0, 1, 2, 3, 4, 5, 6, 7], [0, 1, 2, 3, 4, 5, 6, 7], [0, 1, 2, 3, 4, 5, 6, 7], [0, 1, 2, 3, 4, 5, 6, 7], [0, 1, 2, 3, 4, 5, 6, 7], [0, 1, 2, 3, 4, 5, 6, 7], [0, 1, 2, 3, 4, 5, 6, 7], [0, 1, 2, 3, 4, 5, 6, 7], [0, 1, 2, 3, 4, 5, 6, 7], [0, 1, 2, 3, 4, 5, 6, 7], [0, 1, 2, 3, 4, 5, 6, 7], [0, 1, 2, 3, 4, 5, 6, 7], [0, 1, 2, 3, 4, 5, 6, 7], [0, 1, 2, 3, 4, 5, 6, 7], [0, 1, 2, 3, 4, 5, 6, 7], [0, 1, 2, 3, 4, 5, 6, 7], [0, 1, 2, 3, 4, 5, 6, 7], [0, 1, 2, 3, 4, 5, 6, 7], [0, 1, 2, 3, 4, 5, 6, 7], [0, 1, 2, 3, 4, 5, 6, 7], [0, 1, 2, 3, 4, 5, 6, 7], [0, 1, 2, 3, 4, 5, 6, 7], [0, 1, 2, 3, 4, 5, 6, 7], [0, 1, 2, 3, 4, 5, 6, 7], [0, 1, 2, 3, 4, 5, 6, 7], [0, 1, 2, 3, 4, 5, 6, 7], [0, 1, 2, 3, 4, 5, 6, 7], [0, 1, 2, 3, 4, 5, 6, 7], [0, 1, 2, 3, 4, 5, 6, 7], [0, 1, 2, 3, 4, 5, 6, 7]]",sidecar,True,raster,0
gqa,fullload,FullLoad,1.0,full,n281241,20427656,Who is in front of the picture?,Man,"[""gentleman""]",0.0,2315,2,raster,0,fullload,,422.7323033846915,,,653.8121909834445,658.5024989908561,21.555095911026,680.0575949018821,1132462080,2176,64,,604.9895398318768,,,1.0,1.0,null,0.0,,1132462080,0,64,0,1132462080,17694720.0,17694720.0,0.0,,,,,null,,,,0
gqa,layout_prefix_chunk,Layout+Prefix,0.25,chunk,n281241,20427656,Who is in front of the picture?,The image shows two men sitting in what appears to be an office or meeting room,"[""gentleman""]",0.0,450,16,raster,0,prefix,0.22256514057517052,153.5933488048613,49.97461393941194,235.36079900804907,43.08515402954072,278.5092919366434,273.86663702782243,552.3759289644659,293601280,512,65,179.70818222966045,0.0,8.0,34,0.23529411764705882,0.25925925925925924,"[0.25925925925925924, 0.25925925925925924, 0.25925925925925924, 0.25925925925925924, 0.25925925925925924, 0.25925925925925924, 0.25925925925925924, 0.25925925925925924, 0.25925925925925924, 0.25925925925925924, 0.25925925925925924, 0.25925925925925924, 0.25925925925925924, 0.25925925925925924, 0.25925925925925924, 0.25925925925925924, 0.25925925925925924, 0.25925925925925924, 0.25925925925925924, 0.25925925925925924, 0.25925925925925924, 0.25925925925925924, 0.25925925925925924, 0.25925925925925924, 0.25925925925925924, 0.25925925925925924, 0.25925925925925924, 0.25925925925925924, 0.25925925925925924, 0.25925925925925924, 0.25925925925925924, 0.25925925925925924]",0.0,256,268435456,25165824,64,1,293601280,4516942.769230769,4194304.0,25165824.0,0,0,0,prefix,"[[0, 1, 2, 3, 4, 5, 6, 7], [0, 1, 2, 3, 4, 5, 6, 7], [0, 1, 2, 3, 4, 5, 6, 7], [0, 1, 2, 3, 4, 5, 6, 7], [0, 1, 2, 3, 4, 5, 6, 7], [0, 1, 2, 3, 4, 5, 6, 7], [0, 1, 2, 3, 4, 5, 6, 7], [0, 1, 2, 3, 4, 5, 6, 7], [0, 1, 2, 3, 4, 5, 6, 7], [0, 1, 2, 3, 4, 5, 6, 7], [0, 1, 2, 3, 4, 5, 6, 7], [0, 1, 2, 3, 4, 5, 6, 7], [0, 1, 2, 3, 4, 5, 6, 7], [0, 1, 2, 3, 4, 5, 6, 7], [0, 1, 2, 3, 4, 5, 6, 7], [0, 1, 2, 3, 4, 5, 6, 7], [0, 1, 2, 3, 4, 5, 6, 7], [0, 1, 2, 3, 4, 5, 6, 7], [0, 1, 2, 3, 4, 5, 6, 7], [0, 1, 2, 3, 4, 5, 6, 7], [0, 1, 2, 3, 4, 5, 6, 7], [0, 1, 2, 3, 4, 5, 6, 7], [0, 1, 2, 3, 4, 5, 6, 7], [0, 1, 2, 3, 4, 5, 6, 7], [0, 1, 2, 3, 4, 5, 6, 7], [0, 1, 2, 3, 4, 5, 6, 7], [0, 1, 2, 3, 4, 5, 6, 7], [0, 1, 2, 3, 4, 5, 6, 7], [0, 1, 2, 3, 4, 5, 6, 7], [0, 1, 2, 3, 4, 5, 6, 7], [0, 1, 2, 3, 4, 5, 6, 7], [0, 1, 2, 3, 4, 5, 6, 7]]",sidecar,True,raster,0
gqa,fullload,FullLoad,1.0,full,n281241,20427461,Is the jacket the same color as the dress shirt?,Yes,"[""yes""]",1.0,3869,2,raster,0,fullload,,409.6229235874489,,,643.5138669330627,648.153566988185,19.052788033150136,667.2063550213352,1132462080,2176,64,,593.241453752853,,,1.0,1.0,null,0.0,,1132462080,0,64,0,1132462080,17694720.0,17694720.0,0.0,,,,,null,,,,0
gqa,layout_prefix_chunk,Layout+Prefix,0.25,chunk,n281241,20427461,Is the jacket the same color as the dress shirt?,"The man in the foreground is wearing a suit and tie, while the","[""yes""]",0.0,450,16,raster,0,prefix,0.23978680837899446,162.7848531352356,53.287716466002166,251.28780491650105,42.89518191944808,294.24623993691057,272.575271083042,566.8215110199526,293601280,512,65,192.21386301796883,0.0,8.0,34,0.23529411764705882,0.25925925925925924,"[0.25925925925925924, 0.25925925925925924, 0.25925925925925924, 0.25925925925925924, 0.25925925925925924, 0.25925925925925924, 0.25925925925925924, 0.25925925925925924, 0.25925925925925924, 0.25925925925925924, 0.25925925925925924, 0.25925925925925924, 0.25925925925925924, 0.25925925925925924, 0.25925925925925924, 0.25925925925925924, 0.25925925925925924, 0.25925925925925924, 0.25925925925925924, 0.25925925925925924, 0.25925925925925924, 0.25925925925925924, 0.25925925925925924, 0.25925925925925924, 0.25925925925925924, 0.25925925925925924, 0.25925925925925924, 0.25925925925925924, 0.25925925925925924, 0.25925925925925924, 0.25925925925925924, 0.25925925925925924]",0.0,256,268435456,25165824,64,1,293601280,4516942.769230769,4194304.0,25165824.0,0,0,0,prefix,"[[0, 1, 2, 3, 4, 5, 6, 7], [0, 1, 2, 3, 4, 5, 6, 7], [0, 1, 2, 3, 4, 5, 6, 7], [0, 1, 2, 3, 4, 5, 6, 7], [0, 1, 2, 3, 4, 5, 6, 7], [0, 1, 2, 3, 4, 5, 6, 7], [0, 1, 2, 3, 4, 5, 6, 7], [0, 1, 2, 3, 4, 5, 6, 7], [0, 1, 2, 3, 4, 5, 6, 7], [0, 1, 2, 3, 4, 5, 6, 7], [0, 1, 2, 3, 4, 5, 6, 7], [0, 1, 2, 3, 4, 5, 6, 7], [0, 1, 2, 3, 4, 5, 6, 7], [0, 1, 2, 3, 4, 5, 6, 7], [0, 1, 2, 3, 4, 5, 6, 7], [0, 1, 2, 3, 4, 5, 6, 7], [0, 1, 2, 3, 4, 5, 6, 7], [0, 1, 2, 3, 4, 5, 6, 7], [0, 1, 2, 3, 4, 5, 6, 7], [0, 1, 2, 3, 4, 5, 6, 7], [0, 1, 2, 3, 4, 5, 6, 7], [0, 1, 2, 3, 4, 5, 6, 7], [0, 1, 2, 3, 4, 5, 6, 7], [0, 1, 2, 3, 4, 5, 6, 7], [0, 1, 2, 3, 4, 5, 6, 7], [0, 1, 2, 3, 4, 5, 6, 7], [0, 1, 2, 3, 4, 5, 6, 7], [0, 1, 2, 3, 4, 5, 6, 7], [0, 1, 2, 3, 4, 5, 6, 7], [0, 1, 2, 3, 4, 5, 6, 7], [0, 1, 2, 3, 4, 5, 6, 7], [0, 1, 2, 3, 4, 5, 6, 7]]",sidecar,True,raster,0
gqa,fullload,FullLoad,1.0,full,n281241,20427673,Who is wearing a shirt?,Man,"[""gentleman""]",0.0,2315,2,raster,0,fullload,,377.49249464832246,,,598.6929490463808,603.3180729718879,19.207741948775947,622.5258149206638,1132462080,2176,64,,558.0744381295517,,,1.0,1.0,null,0.0,,1132462080,0,64,0,1132462080,17694720.0,17694720.0,0.0,,,,,null,,,,0
gqa,layout_prefix_chunk,Layout+Prefix,0.25,chunk,n281241,20427673,Who is wearing a shirt?,"The man on the left is wearing a suit and tie, and the man","[""gentleman""]",0.0,450,16,raster,0,prefix,0.1673207152634859,155.88960179593414,40.72655504569411,226.61573300138116,35.07610596716404,261.7335750255734,273.3326079323888,535.0661829579622,293601280,512,65,178.82324405945837,0.0,8.0,34,0.23529411764705882,0.25925925925925924,"[0.25925925925925924, 0.25925925925925924, 0.25925925925925924, 0.25925925925925924, 0.25925925925925924, 0.25925925925925924, 0.25925925925925924, 0.25925925925925924, 0.25925925925925924, 0.25925925925925924, 0.25925925925925924, 0.25925925925925924, 0.25925925925925924, 0.25925925925925924, 0.25925925925925924, 0.25925925925925924, 0.25925925925925924, 0.25925925925925924, 0.25925925925925924, 0.25925925925925924, 0.25925925925925924, 0.25925925925925924, 0.25925925925925924, 0.25925925925925924, 0.25925925925925924, 0.25925925925925924, 0.25925925925925924, 0.25925925925925924, 0.25925925925925924, 0.25925925925925924, 0.25925925925925924, 0.25925925925925924]",0.0,256,268435456,25165824,64,1,293601280,4516942.769230769,4194304.0,25165824.0,0,0,0,prefix,"[[0, 1, 2, 3, 4, 5, 6, 7], [0, 1, 2, 3, 4, 5, 6, 7], [0, 1, 2, 3, 4, 5, 6, 7], [0, 1, 2, 3, 4, 5, 6, 7], [0, 1, 2, 3, 4, 5, 6, 7], [0, 1, 2, 3, 4, 5, 6, 7], [0, 1, 2, 3, 4, 5, 6, 7], [0, 1, 2, 3, 4, 5, 6, 7], [0, 1, 2, 3, 4, 5, 6, 7], [0, 1, 2, 3, 4, 5, 6, 7], [0, 1, 2, 3, 4, 5, 6, 7], [0, 1, 2, 3, 4, 5, 6, 7], [0, 1, 2, 3, 4, 5, 6, 7], [0, 1, 2, 3, 4, 5, 6, 7], [0, 1, 2, 3, 4, 5, 6, 7], [0, 1, 2, 3, 4, 5, 6, 7], [0, 1, 2, 3, 4, 5, 6, 7], [0, 1, 2, 3, 4, 5, 6, 7], [0, 1, 2, 3, 4, 5, 6, 7], [0, 1, 2, 3, 4, 5, 6, 7], [0, 1, 2, 3, 4, 5, 6, 7], [0, 1, 2, 3, 4, 5, 6, 7], [0, 1, 2, 3, 4, 5, 6, 7], [0, 1, 2, 3, 4, 5, 6, 7], [0, 1, 2, 3, 4, 5, 6, 7], [0, 1, 2, 3, 4, 5, 6, 7], [0, 1, 2, 3, 4, 5, 6, 7], [0, 1, 2, 3, 4, 5, 6, 7], [0, 1, 2, 3, 4, 5, 6, 7], [0, 1, 2, 3, 4, 5, 6, 7], [0, 1, 2, 3, 4, 5, 6, 7], [0, 1, 2, 3, 4, 5, 6, 7]]",sidecar,True,raster,0
gqa,fullload,FullLoad,1.0,full,n281241,20427674,Who is wearing the shirt?,Man,"[""gentleman""]",0.0,2315,2,raster,0,fullload,,425.95545412041247,,,658.8398689636961,663.4733480168507,19.062058068811893,682.5354060856625,1132462080,2176,64,,608.8861621683463,,,1.0,1.0,null,0.0,,1132462080,0,64,0,1132462080,17694720.0,17694720.0,0.0,,,,,null,,,,0
gqa,layout_prefix_chunk,Layout+Prefix,0.25,chunk,n281241,20427674,Who is wearing the shirt?,The man on the left is wearing a black suit with a colorful tie,"[""gentleman""]",0.0,450,16,raster,0,prefix,0.1496264012530446,151.77162014879286,40.03912641201168,217.59343601297587,35.09765607304871,252.73410708177835,280.1363669568673,532.8704740386456,293601280,512,65,172.26366535760462,0.0,8.0,34,0.23529411764705882,0.25925925925925924,"[0.25925925925925924, 0.25925925925925924, 0.25925925925925924, 0.25925925925925924, 0.25925925925925924, 0.25925925925925924, 0.25925925925925924, 0.25925925925925924, 0.25925925925925924, 0.25925925925925924, 0.25925925925925924, 0.25925925925925924, 0.25925925925925924, 0.25925925925925924, 0.25925925925925924, 0.25925925925925924, 0.25925925925925924, 0.25925925925925924, 0.25925925925925924, 0.25925925925925924, 0.25925925925925924, 0.25925925925925924, 0.25925925925925924, 0.25925925925925924, 0.25925925925925924, 0.25925925925925924, 0.25925925925925924, 0.25925925925925924, 0.25925925925925924, 0.25925925925925924, 0.25925925925925924, 0.25925925925925924]",0.0,256,268435456,25165824,64,1,293601280,4516942.769230769,4194304.0,25165824.0,0,0,0,prefix,"[[0, 1, 2, 3, 4, 5, 6, 7], [0, 1, 2, 3, 4, 5, 6, 7], [0, 1, 2, 3, 4, 5, 6, 7], [0, 1, 2, 3, 4, 5, 6, 7], [0, 1, 2, 3, 4, 5, 6, 7], [0, 1, 2, 3, 4, 5, 6, 7], [0, 1, 2, 3, 4, 5, 6, 7], [0, 1, 2, 3, 4, 5, 6, 7], [0, 1, 2, 3, 4, 5, 6, 7], [0, 1, 2, 3, 4, 5, 6, 7], [0, 1, 2, 3, 4, 5, 6, 7], [0, 1, 2, 3, 4, 5, 6, 7], [0, 1, 2, 3, 4, 5, 6, 7], [0, 1, 2, 3, 4, 5, 6, 7], [0, 1, 2, 3, 4, 5, 6, 7], [0, 1, 2, 3, 4, 5, 6, 7], [0, 1, 2, 3, 4, 5, 6, 7], [0, 1, 2, 3, 4, 5, 6, 7], [0, 1, 2, 3, 4, 5, 6, 7], [0, 1, 2, 3, 4, 5, 6, 7], [0, 1, 2, 3, 4, 5, 6, 7], [0, 1, 2, 3, 4, 5, 6, 7], [0, 1, 2, 3, 4, 5, 6, 7], [0, 1, 2, 3, 4, 5, 6, 7], [0, 1, 2, 3, 4, 5, 6, 7], [0, 1, 2, 3, 4, 5, 6, 7], [0, 1, 2, 3, 4, 5, 6, 7], [0, 1, 2, 3, 4, 5, 6, 7], [0, 1, 2, 3, 4, 5, 6, 7], [0, 1, 2, 3, 4, 5, 6, 7], [0, 1, 2, 3, 4, 5, 6, 7], [0, 1, 2, 3, 4, 5, 6, 7]]",sidecar,True,raster,0
gqa,fullload,FullLoad,1.0,full,n90294,20385685,Is the laptop near the charger modern and black?,No,"[""no""]",1.0,1939,2,raster,0,fullload,,468.77792896702886,,,719.4863400654867,725.240595987998,19.27857694681734,744.5191729348153,1226833920,2368,64,,668.2440234581009,,,1.0,1.0,null,0.0,,1226833920,0,64,0,1226833920,19169280.0,19169280.0,0.0,,,,,null,,,,0
gqa,layout_prefix_chunk,Layout+Prefix,0.25,chunk,n90294,20385685,Is the laptop near the charger modern and black?,The image shows a collection of items laid out on a surface. From left to,"[""no""]",0.0,450,16,raster,0,prefix,0.22863037884235382,179.35261398088187,52.427840419113636,268.08723399881274,36.72212199307978,304.8589089885354,272.8225060272962,577.6814150158316,320864256,576,65,209.65554099529982,0.0,9.0,37,0.24324324324324326,0.26153846153846155,"[0.26153846153846155, 0.26153846153846155, 0.26153846153846155, 0.26153846153846155, 0.26153846153846155, 0.26153846153846155, 0.26153846153846155, 0.26153846153846155, 0.26153846153846155, 0.26153846153846155, 0.26153846153846155, 0.26153846153846155, 0.26153846153846155, 0.26153846153846155, 0.26153846153846155, 0.26153846153846155, 0.26153846153846155, 0.26153846153846155, 0.26153846153846155, 0.26153846153846155, 0.26153846153846155, 0.26153846153846155, 0.26153846153846155, 0.26153846153846155, 0.26153846153846155, 0.26153846153846155, 0.26153846153846155, 0.26153846153846155, 0.26153846153846155, 0.26153846153846155, 0.26153846153846155, 0.26153846153846155]",0.0,288,301989888,18874368,64,1,320864256,4936373.169230769,4718592.0,18874368.0,0,0,0,prefix,"[[0, 1, 2, 3, 4, 5, 6, 7, 8], [0, 1, 2, 3, 4, 5, 6, 7, 8], [0, 1, 2, 3, 4, 5, 6, 7, 8], [0, 1, 2, 3, 4, 5, 6, 7, 8], [0, 1, 2, 3, 4, 5, 6, 7, 8], [0, 1, 2, 3, 4, 5, 6, 7, 8], [0, 1, 2, 3, 4, 5, 6, 7, 8], [0, 1, 2, 3, 4, 5, 6, 7, 8], [0, 1, 2, 3, 4, 5, 6, 7, 8], [0, 1, 2, 3, 4, 5, 6, 7, 8], [0, 1, 2, 3, 4, 5, 6, 7, 8], [0, 1, 2, 3, 4, 5, 6, 7, 8], [0, 1, 2, 3, 4, 5, 6, 7, 8], [0, 1, 2, 3, 4, 5, 6, 7, 8], [0, 1, 2, 3, 4, 5, 6, 7, 8], [0, 1, 2, 3, 4, 5, 6, 7, 8], [0, 1, 2, 3, 4, 5, 6, 7, 8], [0, 1, 2, 3, 4, 5, 6, 7, 8], [0, 1, 2, 3, 4, 5, 6, 7, 8], [0, 1, 2, 3, 4, 5, 6, 7, 8], [0, 1, 2, 3, 4, 5, 6, 7, 8], [0, 1, 2, 3, 4, 5, 6, 7, 8], [0, 1, 2, 3, 4, 5, 6, 7, 8], [0, 1, 2, 3, 4, 5, 6, 7, 8], [0, 1, 2, 3, 4, 5, 6, 7, 8], [0, 1, 2, 3, 4, 5, 6, 7, 8], [0, 1, 2, 3, 4, 5, 6, 7, 8], [0, 1, 2, 3, 4, 5, 6, 7, 8], [0, 1, 2, 3, 4, 5, 6, 7, 8], [0, 1, 2, 3, 4, 5, 6, 7, 8], [0, 1, 2, 3, 4, 5, 6, 7, 8], [0, 1, 2, 3, 4, 5, 6, 7, 8]]",sidecar,True,raster,0
gqa,fullload,FullLoad,1.0,full,n90294,20385575,Is the remote to the right or to the left of the book?,Left,"[""right""]",0.0,19941,2,raster,0,fullload,,488.35288756527007,,,797.6884689414874,802.6350009022281,24.00153607595712,826.6365369781852,1226833920,2368,64,,746.5077536180615,,,1.0,1.0,null,0.0,,1226833920,0,64,0,1226833920,19169280.0,19169280.0,0.0,,,,,null,,,,0
gqa,layout_prefix_chunk,Layout+Prefix,0.25,chunk,n90294,20385575,Is the remote to the right or to the left of the book?,The image shows a collection of items laid out on the ground. From left to,"[""right""]",0.0,450,16,raster,0,prefix,0.24980574380606413,193.51204158738256,55.60586869250983,287.4550139531493,49.82713295612484,337.3465589247644,271.3479259982705,608.6944849230349,320864256,576,65,225.76275782193989,0.0,9.0,37,0.24324324324324326,0.26153846153846155,"[0.26153846153846155, 0.26153846153846155, 0.26153846153846155, 0.26153846153846155, 0.26153846153846155, 0.26153846153846155, 0.26153846153846155, 0.26153846153846155, 0.26153846153846155, 0.26153846153846155, 0.26153846153846155, 0.26153846153846155, 0.26153846153846155, 0.26153846153846155, 0.26153846153846155, 0.26153846153846155, 0.26153846153846155, 0.26153846153846155, 0.26153846153846155, 0.26153846153846155, 0.26153846153846155, 0.26153846153846155, 0.26153846153846155, 0.26153846153846155, 0.26153846153846155, 0.26153846153846155, 0.26153846153846155, 0.26153846153846155, 0.26153846153846155, 0.26153846153846155, 0.26153846153846155, 0.26153846153846155]",0.0,288,301989888,18874368,64,1,320864256,4936373.169230769,4718592.0,18874368.0,0,0,0,prefix,"[[0, 1, 2, 3, 4, 5, 6, 7, 8], [0, 1, 2, 3, 4, 5, 6, 7, 8], [0, 1, 2, 3, 4, 5, 6, 7, 8], [0, 1, 2, 3, 4, 5, 6, 7, 8], [0, 1, 2, 3, 4, 5, 6, 7, 8], [0, 1, 2, 3, 4, 5, 6, 7, 8], [0, 1, 2, 3, 4, 5, 6, 7, 8], [0, 1, 2, 3, 4, 5, 6, 7, 8], [0, 1, 2, 3, 4, 5, 6, 7, 8], [0, 1, 2, 3, 4, 5, 6, 7, 8], [0, 1, 2, 3, 4, 5, 6, 7, 8], [0, 1, 2, 3, 4, 5, 6, 7, 8], [0, 1, 2, 3, 4, 5, 6, 7, 8], [0, 1, 2, 3, 4, 5, 6, 7, 8], [0, 1, 2, 3, 4, 5, 6, 7, 8], [0, 1, 2, 3, 4, 5, 6, 7, 8], [0, 1, 2, 3, 4, 5, 6, 7, 8], [0, 1, 2, 3, 4, 5, 6, 7, 8], [0, 1, 2, 3, 4, 5, 6, 7, 8], [0, 1, 2, 3, 4, 5, 6, 7, 8], [0, 1, 2, 3, 4, 5, 6, 7, 8], [0, 1, 2, 3, 4, 5, 6, 7, 8], [0, 1, 2, 3, 4, 5, 6, 7, 8], [0, 1, 2, 3, 4, 5, 6, 7, 8], [0, 1, 2, 3, 4, 5, 6, 7, 8], [0, 1, 2, 3, 4, 5, 6, 7, 8], [0, 1, 2, 3, 4, 5, 6, 7, 8], [0, 1, 2, 3, 4, 5, 6, 7, 8], [0, 1, 2, 3, 4, 5, 6, 7, 8], [0, 1, 2, 3, 4, 5, 6, 7, 8], [0, 1, 2, 3, 4, 5, 6, 7, 8], [0, 1, 2, 3, 4, 5, 6, 7, 8]]",sidecar,True,raster,0
gqa,fullload,FullLoad,1.0,full,n90294,20385576,Is there any remote control next to the book?,Yes,"[""yes""]",1.0,3869,2,raster,0,fullload,,511.017000884749,,,808.1314279697835,813.0530909402296,19.544114009477198,832.5972049497068,1226833920,2368,64,,748.0654327664524,,,1.0,1.0,null,0.0,,1226833920,0,64,0,1226833920,19169280.0,19169280.0,0.0,,,,,null,,,,0
gqa,layout_prefix_chunk,Layout+Prefix,0.25,chunk,n90294,20385576,Is there any remote control next to the book?,The image shows a collection of items laid out on the ground. From left to,"[""yes""]",0.0,450,16,raster,0,prefix,0.22866111248731613,183.79118060693145,53.049450856633484,272.4837629357353,46.30007699597627,318.84785601869226,271.5293279616162,590.3771839803085,320864256,576,65,213.5014405939728,0.0,9.0,37,0.24324324324324326,0.26153846153846155,"[0.26153846153846155, 0.26153846153846155, 0.26153846153846155, 0.26153846153846155, 0.26153846153846155, 0.26153846153846155, 0.26153846153846155, 0.26153846153846155, 0.26153846153846155, 0.26153846153846155, 0.26153846153846155, 0.26153846153846155, 0.26153846153846155, 0.26153846153846155, 0.26153846153846155, 0.26153846153846155, 0.26153846153846155, 0.26153846153846155, 0.26153846153846155, 0.26153846153846155, 0.26153846153846155, 0.26153846153846155, 0.26153846153846155, 0.26153846153846155, 0.26153846153846155, 0.26153846153846155, 0.26153846153846155, 0.26153846153846155, 0.26153846153846155, 0.26153846153846155, 0.26153846153846155, 0.26153846153846155]",0.0,288,301989888,18874368,64,1,320864256,4936373.169230769,4718592.0,18874368.0,0,0,0,prefix,"[[0, 1, 2, 3, 4, 5, 6, 7, 8], [0, 1, 2, 3, 4, 5, 6, 7, 8], [0, 1, 2, 3, 4, 5, 6, 7, 8], [0, 1, 2, 3, 4, 5, 6, 7, 8], [0, 1, 2, 3, 4, 5, 6, 7, 8], [0, 1, 2, 3, 4, 5, 6, 7, 8], [0, 1, 2, 3, 4, 5, 6, 7, 8], [0, 1, 2, 3, 4, 5, 6, 7, 8], [0, 1, 2, 3, 4, 5, 6, 7, 8], [0, 1, 2, 3, 4, 5, 6, 7, 8], [0, 1, 2, 3, 4, 5, 6, 7, 8], [0, 1, 2, 3, 4, 5, 6, 7, 8], [0, 1, 2, 3, 4, 5, 6, 7, 8], [0, 1, 2, 3, 4, 5, 6, 7, 8], [0, 1, 2, 3, 4, 5, 6, 7, 8], [0, 1, 2, 3, 4, 5, 6, 7, 8], [0, 1, 2, 3, 4, 5, 6, 7, 8], [0, 1, 2, 3, 4, 5, 6, 7, 8], [0, 1, 2, 3, 4, 5, 6, 7, 8], [0, 1, 2, 3, 4, 5, 6, 7, 8], [0, 1, 2, 3, 4, 5, 6, 7, 8], [0, 1, 2, 3, 4, 5, 6, 7, 8], [0, 1, 2, 3, 4, 5, 6, 7, 8], [0, 1, 2, 3, 4, 5, 6, 7, 8], [0, 1, 2, 3, 4, 5, 6, 7, 8], [0, 1, 2, 3, 4, 5, 6, 7, 8], [0, 1, 2, 3, 4, 5, 6, 7, 8], [0, 1, 2, 3, 4, 5, 6, 7, 8], [0, 1, 2, 3, 4, 5, 6, 7, 8], [0, 1, 2, 3, 4, 5, 6, 7, 8], [0, 1, 2, 3, 4, 5, 6, 7, 8], [0, 1, 2, 3, 4, 5, 6, 7, 8]]",sidecar,True,raster,0
gqa,fullload,FullLoad,1.0,full,n90294,20385794,Is the white bag made of cloth or leather?,Cloth,"[""cloth""]",1.0,2233,3,raster,0,fullload,,534.2465216526762,,,874.9289970146492,879.739195923321,37.352296989411116,917.0914929127321,1226833920,2368,64,,831.8592575378716,,,1.0,1.0,null,0.0,,1226833920,0,64,0,1226833920,19169280.0,19169280.0,0.0,,,,,null,,,,0
gqa,layout_prefix_chunk,Layout+Prefix,0.25,chunk,n90294,20385794,Is the white bag made of cloth or leather?,The image shows a collection of items laid out on a surface. From left to,"[""cloth""]",0.0,450,16,raster,0,prefix,0.28795492835342884,216.42044524196535,57.24508687853813,314.03634406160563,40.94000603072345,355.0479750847444,267.8098368924111,622.8578119771555,320864256,576,65,250.63828902784735,0.0,9.0,37,0.24324324324324326,0.26153846153846155,"[0.26153846153846155, 0.26153846153846155, 0.26153846153846155, 0.26153846153846155, 0.26153846153846155, 0.26153846153846155, 0.26153846153846155, 0.26153846153846155, 0.26153846153846155, 0.26153846153846155, 0.26153846153846155, 0.26153846153846155, 0.26153846153846155, 0.26153846153846155, 0.26153846153846155, 0.26153846153846155, 0.26153846153846155, 0.26153846153846155, 0.26153846153846155, 0.26153846153846155, 0.26153846153846155, 0.26153846153846155, 0.26153846153846155, 0.26153846153846155, 0.26153846153846155, 0.26153846153846155, 0.26153846153846155, 0.26153846153846155, 0.26153846153846155, 0.26153846153846155, 0.26153846153846155, 0.26153846153846155]",0.0,288,301989888,18874368,64,1,320864256,4936373.169230769,4718592.0,18874368.0,0,0,0,prefix,"[[0, 1, 2, 3, 4, 5, 6, 7, 8], [0, 1, 2, 3, 4, 5, 6, 7, 8], [0, 1, 2, 3, 4, 5, 6, 7, 8], [0, 1, 2, 3, 4, 5, 6, 7, 8], [0, 1, 2, 3, 4, 5, 6, 7, 8], [0, 1, 2, 3, 4, 5, 6, 7, 8], [0, 1, 2, 3, 4, 5, 6, 7, 8], [0, 1, 2, 3, 4, 5, 6, 7, 8], [0, 1, 2, 3, 4, 5, 6, 7, 8], [0, 1, 2, 3, 4, 5, 6, 7, 8], [0, 1, 2, 3, 4, 5, 6, 7, 8], [0, 1, 2, 3, 4, 5, 6, 7, 8], [0, 1, 2, 3, 4, 5, 6, 7, 8], [0, 1, 2, 3, 4, 5, 6, 7, 8], [0, 1, 2, 3, 4, 5, 6, 7, 8], [0, 1, 2, 3, 4, 5, 6, 7, 8], [0, 1, 2, 3, 4, 5, 6, 7, 8], [0, 1, 2, 3, 4, 5, 6, 7, 8], [0, 1, 2, 3, 4, 5, 6, 7, 8], [0, 1, 2, 3, 4, 5, 6, 7, 8], [0, 1, 2, 3, 4, 5, 6, 7, 8], [0, 1, 2, 3, 4, 5, 6, 7, 8], [0, 1, 2, 3, 4, 5, 6, 7, 8], [0, 1, 2, 3, 4, 5, 6, 7, 8], [0, 1, 2, 3, 4, 5, 6, 7, 8], [0, 1, 2, 3, 4, 5, 6, 7, 8], [0, 1, 2, 3, 4, 5, 6, 7, 8], [0, 1, 2, 3, 4, 5, 6, 7, 8], [0, 1, 2, 3, 4, 5, 6, 7, 8], [0, 1, 2, 3, 4, 5, 6, 7, 8], [0, 1, 2, 3, 4, 5, 6, 7, 8], [0, 1, 2, 3, 4, 5, 6, 7, 8]]",sidecar,True,raster,0
gqa,fullload,FullLoad,1.0,full,n90294,20385226,Does the book have the same color as the charger?,No,"[""yes""]",0.0,1939,2,raster,0,fullload,,519.2099057603627,,,862.7910410286859,867.6111960085109,19.154435954988003,886.7656319634989,1226833920,2368,64,,820.017454912886,,,1.0,1.0,null,0.0,,1226833920,0,64,0,1226833920,19169280.0,19169280.0,0.0,,,,,null,,,,0
gqa,layout_prefix_chunk,Layout+Prefix,0.25,chunk,n90294,20385226,Does the book have the same color as the charger?,"The image shows a collection of items laid out on a surface, which appears to","[""yes""]",0.0,450,16,raster,0,prefix,0.184372765943408,168.47170563414693,49.168941914103925,249.5832359418273,43.774430989287794,293.40491397306323,269.75934905931354,563.1642630323768,320864256,576,65,194.68024279922247,0.0,9.0,37,0.24324324324324326,0.26153846153846155,"[0.26153846153846155, 0.26153846153846155, 0.26153846153846155, 0.26153846153846155, 0.26153846153846155, 0.26153846153846155, 0.26153846153846155, 0.26153846153846155, 0.26153846153846155, 0.26153846153846155, 0.26153846153846155, 0.26153846153846155, 0.26153846153846155, 0.26153846153846155, 0.26153846153846155, 0.26153846153846155, 0.26153846153846155, 0.26153846153846155, 0.26153846153846155, 0.26153846153846155, 0.26153846153846155, 0.26153846153846155, 0.26153846153846155, 0.26153846153846155, 0.26153846153846155, 0.26153846153846155, 0.26153846153846155, 0.26153846153846155, 0.26153846153846155, 0.26153846153846155, 0.26153846153846155, 0.26153846153846155]",0.0,288,301989888,18874368,64,1,320864256,4936373.169230769,4718592.0,18874368.0,0,0,0,prefix,"[[0, 1, 2, 3, 4, 5, 6, 7, 8], [0, 1, 2, 3, 4, 5, 6, 7, 8], [0, 1, 2, 3, 4, 5, 6, 7, 8], [0, 1, 2, 3, 4, 5, 6, 7, 8], [0, 1, 2, 3, 4, 5, 6, 7, 8], [0, 1, 2, 3, 4, 5, 6, 7, 8], [0, 1, 2, 3, 4, 5, 6, 7, 8], [0, 1, 2, 3, 4, 5, 6, 7, 8], [0, 1, 2, 3, 4, 5, 6, 7, 8], [0, 1, 2, 3, 4, 5, 6, 7, 8], [0, 1, 2, 3, 4, 5, 6, 7, 8], [0, 1, 2, 3, 4, 5, 6, 7, 8], [0, 1, 2, 3, 4, 5, 6, 7, 8], [0, 1, 2, 3, 4, 5, 6, 7, 8], [0, 1, 2, 3, 4, 5, 6, 7, 8], [0, 1, 2, 3, 4, 5, 6, 7, 8], [0, 1, 2, 3, 4, 5, 6, 7, 8], [0, 1, 2, 3, 4, 5, 6, 7, 8], [0, 1, 2, 3, 4, 5, 6, 7, 8], [0, 1, 2, 3, 4, 5, 6, 7, 8], [0, 1, 2, 3, 4, 5, 6, 7, 8], [0, 1, 2, 3, 4, 5, 6, 7, 8], [0, 1, 2, 3, 4, 5, 6, 7, 8], [0, 1, 2, 3, 4, 5, 6, 7, 8], [0, 1, 2, 3, 4, 5, 6, 7, 8], [0, 1, 2, 3, 4, 5, 6, 7, 8], [0, 1, 2, 3, 4, 5, 6, 7, 8], [0, 1, 2, 3, 4, 5, 6, 7, 8], [0, 1, 2, 3, 4, 5, 6, 7, 8], [0, 1, 2, 3, 4, 5, 6, 7, 8], [0, 1, 2, 3, 4, 5, 6, 7, 8], [0, 1, 2, 3, 4, 5, 6, 7, 8]]",sidecar,True,raster,0
gqa,fullload,FullLoad,1.0,full,n90294,20385928,Are both the charger and the calculator made of plastic?,Yes,"[""yes""]",1.0,3869,2,raster,0,fullload,,500.4486293764785,,,843.82807998918,848.6771719763055,19.39185697119683,868.0690289475024,1226833920,2368,64,,798.7156797898933,,,1.0,1.0,null,0.0,,1226833920,0,64,0,1226833920,19169280.0,19169280.0,0.0,,,,,null,,,,0
gqa,layout_prefix_chunk,Layout+Prefix,0.25,chunk,n90294,20385928,Are both the charger and the calculator made of plastic?,"The image shows a collection of items laid out on a surface, which appears to","[""yes""]",0.0,450,16,raster,0,prefix,0.18821447156369686,151.8351179547608,44.56623608712107,226.5493089798838,36.07257397379726,262.6621749950573,269.0071410033852,531.6693159984425,320864256,576,65,176.28962907474488,0.0,9.0,37,0.24324324324324326,0.26153846153846155,"[0.26153846153846155, 0.26153846153846155, 0.26153846153846155, 0.26153846153846155, 0.26153846153846155, 0.26153846153846155, 0.26153846153846155, 0.26153846153846155, 0.26153846153846155, 0.26153846153846155, 0.26153846153846155, 0.26153846153846155, 0.26153846153846155, 0.26153846153846155, 0.26153846153846155, 0.26153846153846155, 0.26153846153846155, 0.26153846153846155, 0.26153846153846155, 0.26153846153846155, 0.26153846153846155, 0.26153846153846155, 0.26153846153846155, 0.26153846153846155, 0.26153846153846155, 0.26153846153846155, 0.26153846153846155, 0.26153846153846155, 0.26153846153846155, 0.26153846153846155, 0.26153846153846155, 0.26153846153846155]",0.0,288,301989888,18874368,64,1,320864256,4936373.169230769,4718592.0,18874368.0,0,0,0,prefix,"[[0, 1, 2, 3, 4, 5, 6, 7, 8], [0, 1, 2, 3, 4, 5, 6, 7, 8], [0, 1, 2, 3, 4, 5, 6, 7, 8], [0, 1, 2, 3, 4, 5, 6, 7, 8], [0, 1, 2, 3, 4, 5, 6, 7, 8], [0, 1, 2, 3, 4, 5, 6, 7, 8], [0, 1, 2, 3, 4, 5, 6, 7, 8], [0, 1, 2, 3, 4, 5, 6, 7, 8], [0, 1, 2, 3, 4, 5, 6, 7, 8], [0, 1, 2, 3, 4, 5, 6, 7, 8], [0, 1, 2, 3, 4, 5, 6, 7, 8], [0, 1, 2, 3, 4, 5, 6, 7, 8], [0, 1, 2, 3, 4, 5, 6, 7, 8], [0, 1, 2, 3, 4, 5, 6, 7, 8], [0, 1, 2, 3, 4, 5, 6, 7, 8], [0, 1, 2, 3, 4, 5, 6, 7, 8], [0, 1, 2, 3, 4, 5, 6, 7, 8], [0, 1, 2, 3, 4, 5, 6, 7, 8], [0, 1, 2, 3, 4, 5, 6, 7, 8], [0, 1, 2, 3, 4, 5, 6, 7, 8], [0, 1, 2, 3, 4, 5, 6, 7, 8], [0, 1, 2, 3, 4, 5, 6, 7, 8], [0, 1, 2, 3, 4, 5, 6, 7, 8], [0, 1, 2, 3, 4, 5, 6, 7, 8], [0, 1, 2, 3, 4, 5, 6, 7, 8], [0, 1, 2, 3, 4, 5, 6, 7, 8], [0, 1, 2, 3, 4, 5, 6, 7, 8], [0, 1, 2, 3, 4, 5, 6, 7, 8], [0, 1, 2, 3, 4, 5, 6, 7, 8], [0, 1, 2, 3, 4, 5, 6, 7, 8], [0, 1, 2, 3, 4, 5, 6, 7, 8], [0, 1, 2, 3, 4, 5, 6, 7, 8]]",sidecar,True,raster,0
gqa,fullload,FullLoad,1.0,full,n16425,20342389,Which color is the bus to the right of the other bus?,White,"[""blue""]",0.0,8037,2,raster,0,fullload,,539.6184301935136,,,904.8633750062436,909.8970919148996,19.12720303516835,929.024294950068,1278214144,2496,64,,859.7437399439514,,,1.0,1.0,null,0.0,,1278214144,0,64,0,1278214144,19972096.0,19972096.0,0.0,,,,,null,,,,0
gqa,layout_prefix_chunk,Layout+Prefix,0.25,chunk,n16425,20342389,Which color is the bus to the right of the other bus?,The image shows a street scene with several buses parked along the side of,"[""blue""]",0.0,450,16,raster,0,prefix,0.22724282462149858,142.37593242432922,53.34760353434831,232.16380400117487,47.95642103999853,280.18332400824875,269.3422599695623,549.525583977811,355467264,640,65,172.85111569799483,0.0,10.0,39,0.2564102564102564,0.2776866283839213,"[0.2776866283839213, 0.2776866283839213, 0.2776866283839213, 0.2776866283839213, 0.2776866283839213, 0.2776866283839213, 0.2776866283839213, 0.2776866283839213, 0.2776866283839213, 0.2776866283839213, 0.2776866283839213, 0.2776866283839213, 0.2776866283839213, 0.2776866283839213, 0.2776866283839213, 0.2776866283839213, 0.2776866283839213, 0.2776866283839213, 0.2776866283839213, 0.2776866283839213, 0.2776866283839213, 0.2776866283839213, 0.2776866283839213, 0.2776866283839213, 0.2776866283839213, 0.2776866283839213, 0.2776866283839213, 0.2776866283839213, 0.2776866283839213, 0.2776866283839213, 0.2776866283839213, 0.2776866283839213]",0.0,320,335544320,19922944,64,1,355467264,5468727.138461539,5242880.0,19922944.0,0,0,0,prefix,"[[0, 1, 2, 3, 4, 5, 6, 7, 8, 9], [0, 1, 2, 3, 4, 5, 6, 7, 8, 9], [0, 1, 2, 3, 4, 5, 6, 7, 8, 9], [0, 1, 2, 3, 4, 5, 6, 7, 8, 9], [0, 1, 2, 3, 4, 5, 6, 7, 8, 9], [0, 1, 2, 3, 4, 5, 6, 7, 8, 9], [0, 1, 2, 3, 4, 5, 6, 7, 8, 9], [0, 1, 2, 3, 4, 5, 6, 7, 8, 9], [0, 1, 2, 3, 4, 5, 6, 7, 8, 9], [0, 1, 2, 3, 4, 5, 6, 7, 8, 9], [0, 1, 2, 3, 4, 5, 6, 7, 8, 9], [0, 1, 2, 3, 4, 5, 6, 7, 8, 9], [0, 1, 2, 3, 4, 5, 6, 7, 8, 9], [0, 1, 2, 3, 4, 5, 6, 7, 8, 9], [0, 1, 2, 3, 4, 5, 6, 7, 8, 9], [0, 1, 2, 3, 4, 5, 6, 7, 8, 9], [0, 1, 2, 3, 4, 5, 6, 7, 8, 9], [0, 1, 2, 3, 4, 5, 6, 7, 8, 9], [0, 1, 2, 3, 4, 5, 6, 7, 8, 9], [0, 1, 2, 3, 4, 5, 6, 7, 8, 9], [0, 1, 2, 3, 4, 5, 6, 7, 8, 9], [0, 1, 2, 3, 4, 5, 6, 7, 8, 9], [0, 1, 2, 3, 4, 5, 6, 7, 8, 9], [0, 1, 2, 3, 4, 5, 6, 7, 8, 9], [0, 1, 2, 3, 4, 5, 6, 7, 8, 9], [0, 1, 2, 3, 4, 5, 6, 7, 8, 9], [0, 1, 2, 3, 4, 5, 6, 7, 8, 9], [0, 1, 2, 3, 4, 5, 6, 7, 8, 9], [0, 1, 2, 3, 4, 5, 6, 7, 8, 9], [0, 1, 2, 3, 4, 5, 6, 7, 8, 9], [0, 1, 2, 3, 4, 5, 6, 7, 8, 9], [0, 1, 2, 3, 4, 5, 6, 7, 8, 9]]",sidecar,True,raster,0
gqa,fullload,FullLoad,1.0,full,n16425,20342508,"What vehicle is the telephone pole behind of, a train or a bus?",Bus,"[""bus""]",1.0,8406,2,raster,0,fullload,,535.502155777067,,,900.3478829981759,905.340681085363,18.9697869354859,924.3104680208489,1278214144,2496,64,,855.3254079306498,,,1.0,1.0,null,0.0,,1278214144,0,64,0,1278214144,19972096.0,19972096.0,0.0,,,,,null,,,,0
gqa,layout_prefix_chunk,Layout+Prefix,0.25,chunk,n16425,20342508,"What vehicle is the telephone pole behind of, a train or a bus?",The image shows a street scene with several buses parked along the side of,"[""bus""]",0.0,450,16,raster,0,prefix,0.17198373097926378,173.13661007210612,46.6182385571301,248.6633830703795,35.68728000391275,284.39364198129624,268.6541290022433,553.0477709835395,355467264,640,65,196.21891260612756,0.0,10.0,39,0.2564102564102564,0.2776866283839213,"[0.2776866283839213, 0.2776866283839213, 0.2776866283839213, 0.2776866283839213, 0.2776866283839213, 0.2776866283839213, 0.2776866283839213, 0.2776866283839213, 0.2776866283839213, 0.2776866283839213, 0.2776866283839213, 0.2776866283839213, 0.2776866283839213, 0.2776866283839213, 0.2776866283839213, 0.2776866283839213, 0.2776866283839213, 0.2776866283839213, 0.2776866283839213, 0.2776866283839213, 0.2776866283839213, 0.2776866283839213, 0.2776866283839213, 0.2776866283839213, 0.2776866283839213, 0.2776866283839213, 0.2776866283839213, 0.2776866283839213, 0.2776866283839213, 0.2776866283839213, 0.2776866283839213, 0.2776866283839213]",0.0,320,335544320,19922944,64,1,355467264,5468727.138461539,5242880.0,19922944.0,0,0,0,prefix,"[[0, 1, 2, 3, 4, 5, 6, 7, 8, 9], [0, 1, 2, 3, 4, 5, 6, 7, 8, 9], [0, 1, 2, 3, 4, 5, 6, 7, 8, 9], [0, 1, 2, 3, 4, 5, 6, 7, 8, 9], [0, 1, 2, 3, 4, 5, 6, 7, 8, 9], [0, 1, 2, 3, 4, 5, 6, 7, 8, 9], [0, 1, 2, 3, 4, 5, 6, 7, 8, 9], [0, 1, 2, 3, 4, 5, 6, 7, 8, 9], [0, 1, 2, 3, 4, 5, 6, 7, 8, 9], [0, 1, 2, 3, 4, 5, 6, 7, 8, 9], [0, 1, 2, 3, 4, 5, 6, 7, 8, 9], [0, 1, 2, 3, 4, 5, 6, 7, 8, 9], [0, 1, 2, 3, 4, 5, 6, 7, 8, 9], [0, 1, 2, 3, 4, 5, 6, 7, 8, 9], [0, 1, 2, 3, 4, 5, 6, 7, 8, 9], [0, 1, 2, 3, 4, 5, 6, 7, 8, 9], [0, 1, 2, 3, 4, 5, 6, 7, 8, 9], [0, 1, 2, 3, 4, 5, 6, 7, 8, 9], [0, 1, 2, 3, 4, 5, 6, 7, 8, 9], [0, 1, 2, 3, 4, 5, 6, 7, 8, 9], [0, 1, 2, 3, 4, 5, 6, 7, 8, 9], [0, 1, 2, 3, 4, 5, 6, 7, 8, 9], [0, 1, 2, 3, 4, 5, 6, 7, 8, 9], [0, 1, 2, 3, 4, 5, 6, 7, 8, 9], [0, 1, 2, 3, 4, 5, 6, 7, 8, 9], [0, 1, 2, 3, 4, 5, 6, 7, 8, 9], [0, 1, 2, 3, 4, 5, 6, 7, 8, 9], [0, 1, 2, 3, 4, 5, 6, 7, 8, 9], [0, 1, 2, 3, 4, 5, 6, 7, 8, 9], [0, 1, 2, 3, 4, 5, 6, 7, 8, 9], [0, 1, 2, 3, 4, 5, 6, 7, 8, 9], [0, 1, 2, 3, 4, 5, 6, 7, 8, 9]]",sidecar,True,raster,0
gqa,fullload,FullLoad,1.0,full,n16425,20342449,Which kind of vehicle is gold?,Bus,"[""bus""]",1.0,8406,2,raster,0,fullload,,551.8869422376156,,,927.8850819682702,932.9730860190466,18.949054996483028,951.9221410155296,1278214144,2496,64,,879.7991254832596,,,1.0,1.0,null,0.0,,1278214144,0,64,0,1278214144,19972096.0,19972096.0,0.0,,,,,null,,,,0
gqa,layout_prefix_chunk,Layout+Prefix,0.25,chunk,n16425,20342449,Which kind of vehicle is gold?,The image shows a street scene with several buses parked along the side of,"[""bus""]",0.0,450,16,raster,0,prefix,0.1681483117863536,158.73197524342686,45.73778505437076,234.95134699624032,35.75098898727447,270.74623794760555,272.17710099648684,542.9233389440924,355467264,640,65,183.55956487357616,0.0,10.0,39,0.2564102564102564,0.2776866283839213,"[0.2776866283839213, 0.2776866283839213, 0.2776866283839213, 0.2776866283839213, 0.2776866283839213, 0.2776866283839213, 0.2776866283839213, 0.2776866283839213, 0.2776866283839213, 0.2776866283839213, 0.2776866283839213, 0.2776866283839213, 0.2776866283839213, 0.2776866283839213, 0.2776866283839213, 0.2776866283839213, 0.2776866283839213, 0.2776866283839213, 0.2776866283839213, 0.2776866283839213, 0.2776866283839213, 0.2776866283839213, 0.2776866283839213, 0.2776866283839213, 0.2776866283839213, 0.2776866283839213, 0.2776866283839213, 0.2776866283839213, 0.2776866283839213, 0.2776866283839213, 0.2776866283839213, 0.2776866283839213]",0.0,320,335544320,19922944,64,1,355467264,5468727.138461539,5242880.0,19922944.0,0,0,0,prefix,"[[0, 1, 2, 3, 4, 5, 6, 7, 8, 9], [0, 1, 2, 3, 4, 5, 6, 7, 8, 9], [0, 1, 2, 3, 4, 5, 6, 7, 8, 9], [0, 1, 2, 3, 4, 5, 6, 7, 8, 9], [0, 1, 2, 3, 4, 5, 6, 7, 8, 9], [0, 1, 2, 3, 4, 5, 6, 7, 8, 9], [0, 1, 2, 3, 4, 5, 6, 7, 8, 9], [0, 1, 2, 3, 4, 5, 6, 7, 8, 9], [0, 1, 2, 3, 4, 5, 6, 7, 8, 9], [0, 1, 2, 3, 4, 5, 6, 7, 8, 9], [0, 1, 2, 3, 4, 5, 6, 7, 8, 9], [0, 1, 2, 3, 4, 5, 6, 7, 8, 9], [0, 1, 2, 3, 4, 5, 6, 7, 8, 9], [0, 1, 2, 3, 4, 5, 6, 7, 8, 9], [0, 1, 2, 3, 4, 5, 6, 7, 8, 9], [0, 1, 2, 3, 4, 5, 6, 7, 8, 9], [0, 1, 2, 3, 4, 5, 6, 7, 8, 9], [0, 1, 2, 3, 4, 5, 6, 7, 8, 9], [0, 1, 2, 3, 4, 5, 6, 7, 8, 9], [0, 1, 2, 3, 4, 5, 6, 7, 8, 9], [0, 1, 2, 3, 4, 5, 6, 7, 8, 9], [0, 1, 2, 3, 4, 5, 6, 7, 8, 9], [0, 1, 2, 3, 4, 5, 6, 7, 8, 9], [0, 1, 2, 3, 4, 5, 6, 7, 8, 9], [0, 1, 2, 3, 4, 5, 6, 7, 8, 9], [0, 1, 2, 3, 4, 5, 6, 7, 8, 9], [0, 1, 2, 3, 4, 5, 6, 7, 8, 9], [0, 1, 2, 3, 4, 5, 6, 7, 8, 9], [0, 1, 2, 3, 4, 5, 6, 7, 8, 9], [0, 1, 2, 3, 4, 5, 6, 7, 8, 9], [0, 1, 2, 3, 4, 5, 6, 7, 8, 9], [0, 1, 2, 3, 4, 5, 6, 7, 8, 9]]",sidecar,True,raster,0
gqa,fullload,FullLoad,1.0,full,n16425,20342331,On which side is the person?,Left,"[""left""]",1.0,19941,2,raster,0,fullload,,553.4027938265353,,,912.7759300172329,917.7037939662114,18.77169101499021,936.4754849812016,1278214144,2496,64,,867.480679647997,,,1.0,1.0,null,0.0,,1278214144,0,64,0,1278214144,19972096.0,19972096.0,0.0,,,,,null,,,,0
gqa,layout_prefix_chunk,Layout+Prefix,0.25,chunk,n16425,20342331,On which side is the person?,The image shows a street scene with several buses parked along the side of,"[""left""]",0.0,450,16,raster,0,prefix,0.21450326312333345,171.52255668770522,48.24172682128847,251.81840790901333,34.69913301523775,286.56034695450217,273.8280820194632,560.3884289739653,355467264,640,65,197.7524667745456,0.0,10.0,39,0.2564102564102564,0.2776866283839213,"[0.2776866283839213, 0.2776866283839213, 0.2776866283839213, 0.2776866283839213, 0.2776866283839213, 0.2776866283839213, 0.2776866283839213, 0.2776866283839213, 0.2776866283839213, 0.2776866283839213, 0.2776866283839213, 0.2776866283839213, 0.2776866283839213, 0.2776866283839213, 0.2776866283839213, 0.2776866283839213, 0.2776866283839213, 0.2776866283839213, 0.2776866283839213, 0.2776866283839213, 0.2776866283839213, 0.2776866283839213, 0.2776866283839213, 0.2776866283839213, 0.2776866283839213, 0.2776866283839213, 0.2776866283839213, 0.2776866283839213, 0.2776866283839213, 0.2776866283839213, 0.2776866283839213, 0.2776866283839213]",0.0,320,335544320,19922944,64,1,355467264,5468727.138461539,5242880.0,19922944.0,0,0,0,prefix,"[[0, 1, 2, 3, 4, 5, 6, 7, 8, 9], [0, 1, 2, 3, 4, 5, 6, 7, 8, 9], [0, 1, 2, 3, 4, 5, 6, 7, 8, 9], [0, 1, 2, 3, 4, 5, 6, 7, 8, 9], [0, 1, 2, 3, 4, 5, 6, 7, 8, 9], [0, 1, 2, 3, 4, 5, 6, 7, 8, 9], [0, 1, 2, 3, 4, 5, 6, 7, 8, 9], [0, 1, 2, 3, 4, 5, 6, 7, 8, 9], [0, 1, 2, 3, 4, 5, 6, 7, 8, 9], [0, 1, 2, 3, 4, 5, 6, 7, 8, 9], [0, 1, 2, 3, 4, 5, 6, 7, 8, 9], [0, 1, 2, 3, 4, 5, 6, 7, 8, 9], [0, 1, 2, 3, 4, 5, 6, 7, 8, 9], [0, 1, 2, 3, 4, 5, 6, 7, 8, 9], [0, 1, 2, 3, 4, 5, 6, 7, 8, 9], [0, 1, 2, 3, 4, 5, 6, 7, 8, 9], [0, 1, 2, 3, 4, 5, 6, 7, 8, 9], [0, 1, 2, 3, 4, 5, 6, 7, 8, 9], [0, 1, 2, 3, 4, 5, 6, 7, 8, 9], [0, 1, 2, 3, 4, 5, 6, 7, 8, 9], [0, 1, 2, 3, 4, 5, 6, 7, 8, 9], [0, 1, 2, 3, 4, 5, 6, 7, 8, 9], [0, 1, 2, 3, 4, 5, 6, 7, 8, 9], [0, 1, 2, 3, 4, 5, 6, 7, 8, 9], [0, 1, 2, 3, 4, 5, 6, 7, 8, 9], [0, 1, 2, 3, 4, 5, 6, 7, 8, 9], [0, 1, 2, 3, 4, 5, 6, 7, 8, 9], [0, 1, 2, 3, 4, 5, 6, 7, 8, 9], [0, 1, 2, 3, 4, 5, 6, 7, 8, 9], [0, 1, 2, 3, 4, 5, 6, 7, 8, 9], [0, 1, 2, 3, 4, 5, 6, 7, 8, 9], [0, 1, 2, 3, 4, 5, 6, 7, 8, 9]]",sidecar,True,raster,0
gqa,fullload,FullLoad,1.0,full,n16425,20342481,What vehicle is in front of the telephone pole?,Bus,"[""bus""]",1.0,8406,2,raster,0,fullload,,567.4280476523563,,,958.4073330042884,963.3856170112267,18.916720990091562,982.3023380013183,1278214144,2496,64,,905.7107040425763,,,1.0,1.0,null,0.0,,1278214144,0,64,0,1278214144,19972096.0,19972096.0,0.0,,,,,null,,,,0
gqa,layout_prefix_chunk,Layout+Prefix,0.25,chunk,n16425,20342481,What vehicle is in front of the telephone pole?,The image shows a street scene with several buses parked along the side of,"[""bus""]",0.0,450,16,raster,0,prefix,0.18122198525816202,158.24260597582906,46.17038881406188,235.2816859493032,35.12008301913738,270.44547197874635,272.5959860254079,543.0414580041543,355467264,640,65,183.43128450214863,0.0,10.0,39,0.2564102564102564,0.2776866283839213,"[0.2776866283839213, 0.2776866283839213, 0.2776866283839213, 0.2776866283839213, 0.2776866283839213, 0.2776866283839213, 0.2776866283839213, 0.2776866283839213, 0.2776866283839213, 0.2776866283839213, 0.2776866283839213, 0.2776866283839213, 0.2776866283839213, 0.2776866283839213, 0.2776866283839213, 0.2776866283839213, 0.2776866283839213, 0.2776866283839213, 0.2776866283839213, 0.2776866283839213, 0.2776866283839213, 0.2776866283839213, 0.2776866283839213, 0.2776866283839213, 0.2776866283839213, 0.2776866283839213, 0.2776866283839213, 0.2776866283839213, 0.2776866283839213, 0.2776866283839213, 0.2776866283839213, 0.2776866283839213]",0.0,320,335544320,19922944,64,1,355467264,5468727.138461539,5242880.0,19922944.0,0,0,0,prefix,"[[0, 1, 2, 3, 4, 5, 6, 7, 8, 9], [0, 1, 2, 3, 4, 5, 6, 7, 8, 9], [0, 1, 2, 3, 4, 5, 6, 7, 8, 9], [0, 1, 2, 3, 4, 5, 6, 7, 8, 9], [0, 1, 2, 3, 4, 5, 6, 7, 8, 9], [0, 1, 2, 3, 4, 5, 6, 7, 8, 9], [0, 1, 2, 3, 4, 5, 6, 7, 8, 9], [0, 1, 2, 3, 4, 5, 6, 7, 8, 9], [0, 1, 2, 3, 4, 5, 6, 7, 8, 9], [0, 1, 2, 3, 4, 5, 6, 7, 8, 9], [0, 1, 2, 3, 4, 5, 6, 7, 8, 9], [0, 1, 2, 3, 4, 5, 6, 7, 8, 9], [0, 1, 2, 3, 4, 5, 6, 7, 8, 9], [0, 1, 2, 3, 4, 5, 6, 7, 8, 9], [0, 1, 2, 3, 4, 5, 6, 7, 8, 9], [0, 1, 2, 3, 4, 5, 6, 7, 8, 9], [0, 1, 2, 3, 4, 5, 6, 7, 8, 9], [0, 1, 2, 3, 4, 5, 6, 7, 8, 9], [0, 1, 2, 3, 4, 5, 6, 7, 8, 9], [0, 1, 2, 3, 4, 5, 6, 7, 8, 9], [0, 1, 2, 3, 4, 5, 6, 7, 8, 9], [0, 1, 2, 3, 4, 5, 6, 7, 8, 9], [0, 1, 2, 3, 4, 5, 6, 7, 8, 9], [0, 1, 2, 3, 4, 5, 6, 7, 8, 9], [0, 1, 2, 3, 4, 5, 6, 7, 8, 9], [0, 1, 2, 3, 4, 5, 6, 7, 8, 9], [0, 1, 2, 3, 4, 5, 6, 7, 8, 9], [0, 1, 2, 3, 4, 5, 6, 7, 8, 9], [0, 1, 2, 3, 4, 5, 6, 7, 8, 9], [0, 1, 2, 3, 4, 5, 6, 7, 8, 9], [0, 1, 2, 3, 4, 5, 6, 7, 8, 9], [0, 1, 2, 3, 4, 5, 6, 7, 8, 9]]",sidecar,True,raster,0
gqa,fullload,FullLoad,1.0,full,n16425,20342394,Is the bus to the right of the other bus red and large?,No,"[""no""]",1.0,1939,2,raster,0,fullload,,565.7622991129756,,,933.3974430337548,938.3252920815721,19.321611966006458,957.6469040475786,1278214144,2496,64,,886.531847063452,,,1.0,1.0,null,0.0,,1278214144,0,64,0,1278214144,19972096.0,19972096.0,0.0,,,,,null,,,,0
gqa,layout_prefix_chunk,Layout+Prefix,0.25,chunk,n16425,20342394,Is the bus to the right of the other bus red and large?,The image shows a street scene with several buses parked along the side of,"[""no""]",0.0,450,16,raster,0,prefix,0.24195422884076834,185.34449057187885,54.658351466059685,278.3896860200912,41.86371201649308,320.3009719727561,275.06384800653905,595.3648199792951,355467264,640,65,216.9396352255717,0.0,10.0,39,0.2564102564102564,0.2776866283839213,"[0.2776866283839213, 0.2776866283839213, 0.2776866283839213, 0.2776866283839213, 0.2776866283839213, 0.2776866283839213, 0.2776866283839213, 0.2776866283839213, 0.2776866283839213, 0.2776866283839213, 0.2776866283839213, 0.2776866283839213, 0.2776866283839213, 0.2776866283839213, 0.2776866283839213, 0.2776866283839213, 0.2776866283839213, 0.2776866283839213, 0.2776866283839213, 0.2776866283839213, 0.2776866283839213, 0.2776866283839213, 0.2776866283839213, 0.2776866283839213, 0.2776866283839213, 0.2776866283839213, 0.2776866283839213, 0.2776866283839213, 0.2776866283839213, 0.2776866283839213, 0.2776866283839213, 0.2776866283839213]",0.0,320,335544320,19922944,64,1,355467264,5468727.138461539,5242880.0,19922944.0,0,0,0,prefix,"[[0, 1, 2, 3, 4, 5, 6, 7, 8, 9], [0, 1, 2, 3, 4, 5, 6, 7, 8, 9], [0, 1, 2, 3, 4, 5, 6, 7, 8, 9], [0, 1, 2, 3, 4, 5, 6, 7, 8, 9], [0, 1, 2, 3, 4, 5, 6, 7, 8, 9], [0, 1, 2, 3, 4, 5, 6, 7, 8, 9], [0, 1, 2, 3, 4, 5, 6, 7, 8, 9], [0, 1, 2, 3, 4, 5, 6, 7, 8, 9], [0, 1, 2, 3, 4, 5, 6, 7, 8, 9], [0, 1, 2, 3, 4, 5, 6, 7, 8, 9], [0, 1, 2, 3, 4, 5, 6, 7, 8, 9], [0, 1, 2, 3, 4, 5, 6, 7, 8, 9], [0, 1, 2, 3, 4, 5, 6, 7, 8, 9], [0, 1, 2, 3, 4, 5, 6, 7, 8, 9], [0, 1, 2, 3, 4, 5, 6, 7, 8, 9], [0, 1, 2, 3, 4, 5, 6, 7, 8, 9], [0, 1, 2, 3, 4, 5, 6, 7, 8, 9], [0, 1, 2, 3, 4, 5, 6, 7, 8, 9], [0, 1, 2, 3, 4, 5, 6, 7, 8, 9], [0, 1, 2, 3, 4, 5, 6, 7, 8, 9], [0, 1, 2, 3, 4, 5, 6, 7, 8, 9], [0, 1, 2, 3, 4, 5, 6, 7, 8, 9], [0, 1, 2, 3, 4, 5, 6, 7, 8, 9], [0, 1, 2, 3, 4, 5, 6, 7, 8, 9], [0, 1, 2, 3, 4, 5, 6, 7, 8, 9], [0, 1, 2, 3, 4, 5, 6, 7, 8, 9], [0, 1, 2, 3, 4, 5, 6, 7, 8, 9], [0, 1, 2, 3, 4, 5, 6, 7, 8, 9], [0, 1, 2, 3, 4, 5, 6, 7, 8, 9], [0, 1, 2, 3, 4, 5, 6, 7, 8, 9], [0, 1, 2, 3, 4, 5, 6, 7, 8, 9], [0, 1, 2, 3, 4, 5, 6, 7, 8, 9]]",sidecar,True,raster,0
gqa,fullload,FullLoad,1.0,full,n527589,201235880,Who is wearing the earring?,Woman,"[""woman""]",1.0,22712,2,raster,0,fullload,,526.2179559795186,,,882.4997938936576,887.5412279739976,19.223522045649588,906.7647500196472,1226833920,2368,64,,834.6452708356082,,,1.0,1.0,null,0.0,,1226833920,0,64,0,1226833920,19169280.0,19169280.0,0.0,,,,,null,,,,0
gqa,layout_prefix_chunk,Layout+Prefix,0.25,chunk,n527589,201235880,Who is wearing the earring?,"The woman in the foreground is leaning over a basket of bananas,","[""woman""]",1.0,450,16,raster,0,prefix,0.17552566714584827,179.19463536236435,42.96841681934893,250.8403779938817,39.514985983259976,290.4001959832385,269.3747840821743,559.7749800654128,320864256,576,65,201.8001409014687,0.0,9.0,37,0.24324324324324326,0.26153846153846155,"[0.26153846153846155, 0.26153846153846155, 0.26153846153846155, 0.26153846153846155, 0.26153846153846155, 0.26153846153846155, 0.26153846153846155, 0.26153846153846155, 0.26153846153846155, 0.26153846153846155, 0.26153846153846155, 0.26153846153846155, 0.26153846153846155, 0.26153846153846155, 0.26153846153846155, 0.26153846153846155, 0.26153846153846155, 0.26153846153846155, 0.26153846153846155, 0.26153846153846155, 0.26153846153846155, 0.26153846153846155, 0.26153846153846155, 0.26153846153846155, 0.26153846153846155, 0.26153846153846155, 0.26153846153846155, 0.26153846153846155, 0.26153846153846155, 0.26153846153846155, 0.26153846153846155, 0.26153846153846155]",0.0,288,301989888,18874368,64,1,320864256,4936373.169230769,4718592.0,18874368.0,0,0,0,prefix,"[[0, 1, 2, 3, 4, 5, 6, 7, 8], [0, 1, 2, 3, 4, 5, 6, 7, 8], [0, 1, 2, 3, 4, 5, 6, 7, 8], [0, 1, 2, 3, 4, 5, 6, 7, 8], [0, 1, 2, 3, 4, 5, 6, 7, 8], [0, 1, 2, 3, 4, 5, 6, 7, 8], [0, 1, 2, 3, 4, 5, 6, 7, 8], [0, 1, 2, 3, 4, 5, 6, 7, 8], [0, 1, 2, 3, 4, 5, 6, 7, 8], [0, 1, 2, 3, 4, 5, 6, 7, 8], [0, 1, 2, 3, 4, 5, 6, 7, 8], [0, 1, 2, 3, 4, 5, 6, 7, 8], [0, 1, 2, 3, 4, 5, 6, 7, 8], [0, 1, 2, 3, 4, 5, 6, 7, 8], [0, 1, 2, 3, 4, 5, 6, 7, 8], [0, 1, 2, 3, 4, 5, 6, 7, 8], [0, 1, 2, 3, 4, 5, 6, 7, 8], [0, 1, 2, 3, 4, 5, 6, 7, 8], [0, 1, 2, 3, 4, 5, 6, 7, 8], [0, 1, 2, 3, 4, 5, 6, 7, 8], [0, 1, 2, 3, 4, 5, 6, 7, 8], [0, 1, 2, 3, 4, 5, 6, 7, 8], [0, 1, 2, 3, 4, 5, 6, 7, 8], [0, 1, 2, 3, 4, 5, 6, 7, 8], [0, 1, 2, 3, 4, 5, 6, 7, 8], [0, 1, 2, 3, 4, 5, 6, 7, 8], [0, 1, 2, 3, 4, 5, 6, 7, 8], [0, 1, 2, 3, 4, 5, 6, 7, 8], [0, 1, 2, 3, 4, 5, 6, 7, 8], [0, 1, 2, 3, 4, 5, 6, 7, 8], [0, 1, 2, 3, 4, 5, 6, 7, 8], [0, 1, 2, 3, 4, 5, 6, 7, 8]]",sidecar,True,raster,0
gqa,fullload,FullLoad,1.0,full,n527589,201235578,Does the basket look narrow?,No,"[""no""]",1.0,1939,2,raster,0,fullload,,506.72297237906605,,,847.0813130261377,851.9803689559922,19.087798078544438,871.0681670345366,1226833920,2368,64,,802.3240990005434,,,1.0,1.0,null,0.0,,1226833920,0,64,0,1226833920,19169280.0,19169280.0,0.0,,,,,null,,,,0
gqa,layout_prefix_chunk,Layout+Prefix,0.25,chunk,n527589,201235578,Does the basket look narrow?,The woman in the foreground is leaning over a large basket of bananas,"[""no""]",0.0,450,16,raster,0,prefix,0.17747131641954184,157.40976191591471,43.93736517522484,230.6170460069552,35.66481196321547,266.3286089664325,270.4256880097091,536.7542969761416,320864256,576,65,181.01184605620801,0.0,9.0,37,0.24324324324324326,0.26153846153846155,"[0.26153846153846155, 0.26153846153846155, 0.26153846153846155, 0.26153846153846155, 0.26153846153846155, 0.26153846153846155, 0.26153846153846155, 0.26153846153846155, 0.26153846153846155, 0.26153846153846155, 0.26153846153846155, 0.26153846153846155, 0.26153846153846155, 0.26153846153846155, 0.26153846153846155, 0.26153846153846155, 0.26153846153846155, 0.26153846153846155, 0.26153846153846155, 0.26153846153846155, 0.26153846153846155, 0.26153846153846155, 0.26153846153846155, 0.26153846153846155, 0.26153846153846155, 0.26153846153846155, 0.26153846153846155, 0.26153846153846155, 0.26153846153846155, 0.26153846153846155, 0.26153846153846155, 0.26153846153846155]",0.0,288,301989888,18874368,64,1,320864256,4936373.169230769,4718592.0,18874368.0,0,0,0,prefix,"[[0, 1, 2, 3, 4, 5, 6, 7, 8], [0, 1, 2, 3, 4, 5, 6, 7, 8], [0, 1, 2, 3, 4, 5, 6, 7, 8], [0, 1, 2, 3, 4, 5, 6, 7, 8], [0, 1, 2, 3, 4, 5, 6, 7, 8], [0, 1, 2, 3, 4, 5, 6, 7, 8], [0, 1, 2, 3, 4, 5, 6, 7, 8], [0, 1, 2, 3, 4, 5, 6, 7, 8], [0, 1, 2, 3, 4, 5, 6, 7, 8], [0, 1, 2, 3, 4, 5, 6, 7, 8], [0, 1, 2, 3, 4, 5, 6, 7, 8], [0, 1, 2, 3, 4, 5, 6, 7, 8], [0, 1, 2, 3, 4, 5, 6, 7, 8], [0, 1, 2, 3, 4, 5, 6, 7, 8], [0, 1, 2, 3, 4, 5, 6, 7, 8], [0, 1, 2, 3, 4, 5, 6, 7, 8], [0, 1, 2, 3, 4, 5, 6, 7, 8], [0, 1, 2, 3, 4, 5, 6, 7, 8], [0, 1, 2, 3, 4, 5, 6, 7, 8], [0, 1, 2, 3, 4, 5, 6, 7, 8], [0, 1, 2, 3, 4, 5, 6, 7, 8], [0, 1, 2, 3, 4, 5, 6, 7, 8], [0, 1, 2, 3, 4, 5, 6, 7, 8], [0, 1, 2, 3, 4, 5, 6, 7, 8], [0, 1, 2, 3, 4, 5, 6, 7, 8], [0, 1, 2, 3, 4, 5, 6, 7, 8], [0, 1, 2, 3, 4, 5, 6, 7, 8], [0, 1, 2, 3, 4, 5, 6, 7, 8], [0, 1, 2, 3, 4, 5, 6, 7, 8], [0, 1, 2, 3, 4, 5, 6, 7, 8], [0, 1, 2, 3, 4, 5, 6, 7, 8], [0, 1, 2, 3, 4, 5, 6, 7, 8]]",sidecar,True,raster,0
gqa,fullload,FullLoad,1.0,full,n527589,201235768,What is the bag to the left of the shelves called?,Purse,"[""handbag""]",0.0,15247,3,raster,0,fullload,,518.7201286898926,,,871.8901780666783,876.6991540323943,37.11731289513409,913.8164669275284,1226833920,2368,64,,825.3181477775797,,,1.0,1.0,null,0.0,,1226833920,0,64,0,1226833920,19169280.0,19169280.0,0.0,,,,,null,,,,0
gqa,layout_prefix_chunk,Layout+Prefix,0.25,chunk,n527589,201235768,What is the bag to the left of the shelves called?,The image shows a woman standing in front of a display of bananas. She,"[""handbag""]",0.0,450,16,raster,0,prefix,0.14170596841722727,192.62382842134684,42.04493609722704,262.32203911058605,36.13595198839903,298.5003530047834,273.8200630992651,572.3204161040485,320864256,576,65,214.82862590346485,0.0,9.0,37,0.24324324324324326,0.26153846153846155,"[0.26153846153846155, 0.26153846153846155, 0.26153846153846155, 0.26153846153846155, 0.26153846153846155, 0.26153846153846155, 0.26153846153846155, 0.26153846153846155, 0.26153846153846155, 0.26153846153846155, 0.26153846153846155, 0.26153846153846155, 0.26153846153846155, 0.26153846153846155, 0.26153846153846155, 0.26153846153846155, 0.26153846153846155, 0.26153846153846155, 0.26153846153846155, 0.26153846153846155, 0.26153846153846155, 0.26153846153846155, 0.26153846153846155, 0.26153846153846155, 0.26153846153846155, 0.26153846153846155, 0.26153846153846155, 0.26153846153846155, 0.26153846153846155, 0.26153846153846155, 0.26153846153846155, 0.26153846153846155]",0.0,288,301989888,18874368,64,1,320864256,4936373.169230769,4718592.0,18874368.0,0,0,0,prefix,"[[0, 1, 2, 3, 4, 5, 6, 7, 8], [0, 1, 2, 3, 4, 5, 6, 7, 8], [0, 1, 2, 3, 4, 5, 6, 7, 8], [0, 1, 2, 3, 4, 5, 6, 7, 8], [0, 1, 2, 3, 4, 5, 6, 7, 8], [0, 1, 2, 3, 4, 5, 6, 7, 8], [0, 1, 2, 3, 4, 5, 6, 7, 8], [0, 1, 2, 3, 4, 5, 6, 7, 8], [0, 1, 2, 3, 4, 5, 6, 7, 8], [0, 1, 2, 3, 4, 5, 6, 7, 8], [0, 1, 2, 3, 4, 5, 6, 7, 8], [0, 1, 2, 3, 4, 5, 6, 7, 8], [0, 1, 2, 3, 4, 5, 6, 7, 8], [0, 1, 2, 3, 4, 5, 6, 7, 8], [0, 1, 2, 3, 4, 5, 6, 7, 8], [0, 1, 2, 3, 4, 5, 6, 7, 8], [0, 1, 2, 3, 4, 5, 6, 7, 8], [0, 1, 2, 3, 4, 5, 6, 7, 8], [0, 1, 2, 3, 4, 5, 6, 7, 8], [0, 1, 2, 3, 4, 5, 6, 7, 8], [0, 1, 2, 3, 4, 5, 6, 7, 8], [0, 1, 2, 3, 4, 5, 6, 7, 8], [0, 1, 2, 3, 4, 5, 6, 7, 8], [0, 1, 2, 3, 4, 5, 6, 7, 8], [0, 1, 2, 3, 4, 5, 6, 7, 8], [0, 1, 2, 3, 4, 5, 6, 7, 8], [0, 1, 2, 3, 4, 5, 6, 7, 8], [0, 1, 2, 3, 4, 5, 6, 7, 8], [0, 1, 2, 3, 4, 5, 6, 7, 8], [0, 1, 2, 3, 4, 5, 6, 7, 8], [0, 1, 2, 3, 4, 5, 6, 7, 8], [0, 1, 2, 3, 4, 5, 6, 7, 8]]",sidecar,True,raster,0
gqa,fullload,FullLoad,1.0,full,n527589,201235672,What are the fruits on top of the basket?,Bananas,"[""bananas""]",1.0,10765,3,raster,0,fullload,,521.896775928326,,,885.9532020287588,890.8135920064524,38.85200992226601,929.6656019287184,1226833920,2368,64,,833.819221239537,,,1.0,1.0,null,0.0,,1226833920,0,64,0,1226833920,19169280.0,19169280.0,0.0,,,,,null,,,,0
gqa,layout_prefix_chunk,Layout+Prefix,0.25,chunk,n527589,201235672,What are the fruits on top of the basket?,"The woman in the image is leaning over a display of bananas, seem","[""bananas""]",0.0,450,16,raster,0,prefix,0.2270790282636881,202.63578672893345,51.05793208349496,288.5679960018024,50.938219064846635,339.5700301043689,273.30786490347236,612.8778950078413,320864256,576,65,231.65957489982247,0.0,9.0,37,0.24324324324324326,0.26153846153846155,"[0.26153846153846155, 0.26153846153846155, 0.26153846153846155, 0.26153846153846155, 0.26153846153846155, 0.26153846153846155, 0.26153846153846155, 0.26153846153846155, 0.26153846153846155, 0.26153846153846155, 0.26153846153846155, 0.26153846153846155, 0.26153846153846155, 0.26153846153846155, 0.26153846153846155, 0.26153846153846155, 0.26153846153846155, 0.26153846153846155, 0.26153846153846155, 0.26153846153846155, 0.26153846153846155, 0.26153846153846155, 0.26153846153846155, 0.26153846153846155, 0.26153846153846155, 0.26153846153846155, 0.26153846153846155, 0.26153846153846155, 0.26153846153846155, 0.26153846153846155, 0.26153846153846155, 0.26153846153846155]",0.0,288,301989888,18874368,64,1,320864256,4936373.169230769,4718592.0,18874368.0,0,0,0,prefix,"[[0, 1, 2, 3, 4, 5, 6, 7, 8], [0, 1, 2, 3, 4, 5, 6, 7, 8], [0, 1, 2, 3, 4, 5, 6, 7, 8], [0, 1, 2, 3, 4, 5, 6, 7, 8], [0, 1, 2, 3, 4, 5, 6, 7, 8], [0, 1, 2, 3, 4, 5, 6, 7, 8], [0, 1, 2, 3, 4, 5, 6, 7, 8], [0, 1, 2, 3, 4, 5, 6, 7, 8], [0, 1, 2, 3, 4, 5, 6, 7, 8], [0, 1, 2, 3, 4, 5, 6, 7, 8], [0, 1, 2, 3, 4, 5, 6, 7, 8], [0, 1, 2, 3, 4, 5, 6, 7, 8], [0, 1, 2, 3, 4, 5, 6, 7, 8], [0, 1, 2, 3, 4, 5, 6, 7, 8], [0, 1, 2, 3, 4, 5, 6, 7, 8], [0, 1, 2, 3, 4, 5, 6, 7, 8], [0, 1, 2, 3, 4, 5, 6, 7, 8], [0, 1, 2, 3, 4, 5, 6, 7, 8], [0, 1, 2, 3, 4, 5, 6, 7, 8], [0, 1, 2, 3, 4, 5, 6, 7, 8], [0, 1, 2, 3, 4, 5, 6, 7, 8], [0, 1, 2, 3, 4, 5, 6, 7, 8], [0, 1, 2, 3, 4, 5, 6, 7, 8], [0, 1, 2, 3, 4, 5, 6, 7, 8], [0, 1, 2, 3, 4, 5, 6, 7, 8], [0, 1, 2, 3, 4, 5, 6, 7, 8], [0, 1, 2, 3, 4, 5, 6, 7, 8], [0, 1, 2, 3, 4, 5, 6, 7, 8], [0, 1, 2, 3, 4, 5, 6, 7, 8], [0, 1, 2, 3, 4, 5, 6, 7, 8], [0, 1, 2, 3, 4, 5, 6, 7, 8], [0, 1, 2, 3, 4, 5, 6, 7, 8]]",sidecar,True,raster,0
gqa,fullload,FullLoad,1.0,full,n527589,201235514,On which side of the image are the shelves?,Right,"[""right""]",1.0,10428,2,raster,0,fullload,,546.8156059505418,,,901.1192690813914,906.0046460945159,19.10921197850257,925.1138580730185,1226833920,2368,64,,856.3982642954215,,,1.0,1.0,null,0.0,,1226833920,0,64,0,1226833920,19169280.0,19169280.0,0.0,,,,,null,,,,0
gqa,layout_prefix_chunk,Layout+Prefix,0.25,chunk,n527589,201235514,On which side of the image are the shelves?,The image shows a woman standing in front of a display of bananas. She,"[""right""]",0.0,450,16,raster,0,prefix,0.22388016805052757,177.64829262159765,54.21969760209322,269.2881990224123,41.02157207671553,310.37075305357575,272.36636297311634,582.7371160266921,320864256,576,65,209.1106140287593,0.0,9.0,37,0.24324324324324326,0.26153846153846155,"[0.26153846153846155, 0.26153846153846155, 0.26153846153846155, 0.26153846153846155, 0.26153846153846155, 0.26153846153846155, 0.26153846153846155, 0.26153846153846155, 0.26153846153846155, 0.26153846153846155, 0.26153846153846155, 0.26153846153846155, 0.26153846153846155, 0.26153846153846155, 0.26153846153846155, 0.26153846153846155, 0.26153846153846155, 0.26153846153846155, 0.26153846153846155, 0.26153846153846155, 0.26153846153846155, 0.26153846153846155, 0.26153846153846155, 0.26153846153846155, 0.26153846153846155, 0.26153846153846155, 0.26153846153846155, 0.26153846153846155, 0.26153846153846155, 0.26153846153846155, 0.26153846153846155, 0.26153846153846155]",0.0,288,301989888,18874368,64,1,320864256,4936373.169230769,4718592.0,18874368.0,0,0,0,prefix,"[[0, 1, 2, 3, 4, 5, 6, 7, 8], [0, 1, 2, 3, 4, 5, 6, 7, 8], [0, 1, 2, 3, 4, 5, 6, 7, 8], [0, 1, 2, 3, 4, 5, 6, 7, 8], [0, 1, 2, 3, 4, 5, 6, 7, 8], [0, 1, 2, 3, 4, 5, 6, 7, 8], [0, 1, 2, 3, 4, 5, 6, 7, 8], [0, 1, 2, 3, 4, 5, 6, 7, 8], [0, 1, 2, 3, 4, 5, 6, 7, 8], [0, 1, 2, 3, 4, 5, 6, 7, 8], [0, 1, 2, 3, 4, 5, 6, 7, 8], [0, 1, 2, 3, 4, 5, 6, 7, 8], [0, 1, 2, 3, 4, 5, 6, 7, 8], [0, 1, 2, 3, 4, 5, 6, 7, 8], [0, 1, 2, 3, 4, 5, 6, 7, 8], [0, 1, 2, 3, 4, 5, 6, 7, 8], [0, 1, 2, 3, 4, 5, 6, 7, 8], [0, 1, 2, 3, 4, 5, 6, 7, 8], [0, 1, 2, 3, 4, 5, 6, 7, 8], [0, 1, 2, 3, 4, 5, 6, 7, 8], [0, 1, 2, 3, 4, 5, 6, 7, 8], [0, 1, 2, 3, 4, 5, 6, 7, 8], [0, 1, 2, 3, 4, 5, 6, 7, 8], [0, 1, 2, 3, 4, 5, 6, 7, 8], [0, 1, 2, 3, 4, 5, 6, 7, 8], [0, 1, 2, 3, 4, 5, 6, 7, 8], [0, 1, 2, 3, 4, 5, 6, 7, 8], [0, 1, 2, 3, 4, 5, 6, 7, 8], [0, 1, 2, 3, 4, 5, 6, 7, 8], [0, 1, 2, 3, 4, 5, 6, 7, 8], [0, 1, 2, 3, 4, 5, 6, 7, 8], [0, 1, 2, 3, 4, 5, 6, 7, 8]]",sidecar,True,raster,0
gqa,fullload,FullLoad,1.0,full,n527589,201235536,How are the pieces of furniture on top of the floor called?,Shelves,"[""shelves""]",1.0,1383,4,raster,0,fullload,,518.266745377332,,,872.6785349426791,877.583064022474,55.09945400990546,932.6825180323794,1226833920,2368,64,,825.6560500012711,,,1.0,1.0,null,0.0,,1226833920,0,64,0,1226833920,19169280.0,19169280.0,0.0,,,,,null,,,,0
gqa,layout_prefix_chunk,Layout+Prefix,0.25,chunk,n527589,201235536,How are the pieces of furniture on top of the floor called?,"The woman in the image is leaning over a display of bananas, seem","[""shelves""]",0.0,450,16,raster,0,prefix,0.17576117534190416,176.82013160083443,43.00003172829747,248.861663043499,36.124708014540374,285.0301470607519,276.7228949815035,561.7530420422554,320864256,576,65,200.31588978599757,0.0,9.0,37,0.24324324324324326,0.26153846153846155,"[0.26153846153846155, 0.26153846153846155, 0.26153846153846155, 0.26153846153846155, 0.26153846153846155, 0.26153846153846155, 0.26153846153846155, 0.26153846153846155, 0.26153846153846155, 0.26153846153846155, 0.26153846153846155, 0.26153846153846155, 0.26153846153846155, 0.26153846153846155, 0.26153846153846155, 0.26153846153846155, 0.26153846153846155, 0.26153846153846155, 0.26153846153846155, 0.26153846153846155, 0.26153846153846155, 0.26153846153846155, 0.26153846153846155, 0.26153846153846155, 0.26153846153846155, 0.26153846153846155, 0.26153846153846155, 0.26153846153846155, 0.26153846153846155, 0.26153846153846155, 0.26153846153846155, 0.26153846153846155]",0.0,288,301989888,18874368,64,1,320864256,4936373.169230769,4718592.0,18874368.0,0,0,0,prefix,"[[0, 1, 2, 3, 4, 5, 6, 7, 8], [0, 1, 2, 3, 4, 5, 6, 7, 8], [0, 1, 2, 3, 4, 5, 6, 7, 8], [0, 1, 2, 3, 4, 5, 6, 7, 8], [0, 1, 2, 3, 4, 5, 6, 7, 8], [0, 1, 2, 3, 4, 5, 6, 7, 8], [0, 1, 2, 3, 4, 5, 6, 7, 8], [0, 1, 2, 3, 4, 5, 6, 7, 8], [0, 1, 2, 3, 4, 5, 6, 7, 8], [0, 1, 2, 3, 4, 5, 6, 7, 8], [0, 1, 2, 3, 4, 5, 6, 7, 8], [0, 1, 2, 3, 4, 5, 6, 7, 8], [0, 1, 2, 3, 4, 5, 6, 7, 8], [0, 1, 2, 3, 4, 5, 6, 7, 8], [0, 1, 2, 3, 4, 5, 6, 7, 8], [0, 1, 2, 3, 4, 5, 6, 7, 8], [0, 1, 2, 3, 4, 5, 6, 7, 8], [0, 1, 2, 3, 4, 5, 6, 7, 8], [0, 1, 2, 3, 4, 5, 6, 7, 8], [0, 1, 2, 3, 4, 5, 6, 7, 8], [0, 1, 2, 3, 4, 5, 6, 7, 8], [0, 1, 2, 3, 4, 5, 6, 7, 8], [0, 1, 2, 3, 4, 5, 6, 7, 8], [0, 1, 2, 3, 4, 5, 6, 7, 8], [0, 1, 2, 3, 4, 5, 6, 7, 8], [0, 1, 2, 3, 4, 5, 6, 7, 8], [0, 1, 2, 3, 4, 5, 6, 7, 8], [0, 1, 2, 3, 4, 5, 6, 7, 8], [0, 1, 2, 3, 4, 5, 6, 7, 8], [0, 1, 2, 3, 4, 5, 6, 7, 8], [0, 1, 2, 3, 4, 5, 6, 7, 8], [0, 1, 2, 3, 4, 5, 6, 7, 8]]",sidecar,True,raster,0
gqa,fullload,FullLoad,1.0,full,n262929,201752972,Which color is the bandana?,Black,"[""dark blue""]",0.0,6054,2,raster,0,fullload,,476.0431230533868,,,822.4517670460045,827.2719560191035,18.72327597811818,845.9952319972217,1132462080,2176,64,,776.0136179858819,,,1.0,1.0,null,0.0,,1132462080,0,64,0,1132462080,17694720.0,17694720.0,0.0,,,,,null,,,,0
gqa,layout_prefix_chunk,Layout+Prefix,0.25,chunk,n262929,201752972,Which color is the bandana?,The image shows a young child riding a tricycle. The child is,"[""dark blue""]",0.0,450,16,raster,0,prefix,0.174430082552135,155.89134686160833,43.99914899840951,229.4235669542104,38.003894966095686,267.47596298810095,275.03940800670534,542.5153709948063,293601280,512,65,179.60097966715693,0.0,8.0,34,0.23529411764705882,0.25925925925925924,"[0.25925925925925924, 0.25925925925925924, 0.25925925925925924, 0.25925925925925924, 0.25925925925925924, 0.25925925925925924, 0.25925925925925924, 0.25925925925925924, 0.25925925925925924, 0.25925925925925924, 0.25925925925925924, 0.25925925925925924, 0.25925925925925924, 0.25925925925925924, 0.25925925925925924, 0.25925925925925924, 0.25925925925925924, 0.25925925925925924, 0.25925925925925924, 0.25925925925925924, 0.25925925925925924, 0.25925925925925924, 0.25925925925925924, 0.25925925925925924, 0.25925925925925924, 0.25925925925925924, 0.25925925925925924, 0.25925925925925924, 0.25925925925925924, 0.25925925925925924, 0.25925925925925924, 0.25925925925925924]",0.0,256,268435456,25165824,64,1,293601280,4516942.769230769,4194304.0,25165824.0,0,0,0,prefix,"[[0, 1, 2, 3, 4, 5, 6, 7], [0, 1, 2, 3, 4, 5, 6, 7], [0, 1, 2, 3, 4, 5, 6, 7], [0, 1, 2, 3, 4, 5, 6, 7], [0, 1, 2, 3, 4, 5, 6, 7], [0, 1, 2, 3, 4, 5, 6, 7], [0, 1, 2, 3, 4, 5, 6, 7], [0, 1, 2, 3, 4, 5, 6, 7], [0, 1, 2, 3, 4, 5, 6, 7], [0, 1, 2, 3, 4, 5, 6, 7], [0, 1, 2, 3, 4, 5, 6, 7], [0, 1, 2, 3, 4, 5, 6, 7], [0, 1, 2, 3, 4, 5, 6, 7], [0, 1, 2, 3, 4, 5, 6, 7], [0, 1, 2, 3, 4, 5, 6, 7], [0, 1, 2, 3, 4, 5, 6, 7], [0, 1, 2, 3, 4, 5, 6, 7], [0, 1, 2, 3, 4, 5, 6, 7], [0, 1, 2, 3, 4, 5, 6, 7], [0, 1, 2, 3, 4, 5, 6, 7], [0, 1, 2, 3, 4, 5, 6, 7], [0, 1, 2, 3, 4, 5, 6, 7], [0, 1, 2, 3, 4, 5, 6, 7], [0, 1, 2, 3, 4, 5, 6, 7], [0, 1, 2, 3, 4, 5, 6, 7], [0, 1, 2, 3, 4, 5, 6, 7], [0, 1, 2, 3, 4, 5, 6, 7], [0, 1, 2, 3, 4, 5, 6, 7], [0, 1, 2, 3, 4, 5, 6, 7], [0, 1, 2, 3, 4, 5, 6, 7], [0, 1, 2, 3, 4, 5, 6, 7], [0, 1, 2, 3, 4, 5, 6, 7]]",sidecar,True,raster,0
gqa,fullload,FullLoad,1.0,full,n262929,201752809,Do the shoes look dark?,Yes,"[""yes""]",1.0,3869,2,raster,0,fullload,,505.88282849639654,,,877.2503369254991,881.9826019462198,18.646708107553422,900.6293100537732,1132462080,2176,64,,827.076411806047,,,1.0,1.0,null,0.0,,1132462080,0,64,0,1132462080,17694720.0,17694720.0,0.0,,,,,null,,,,0
gqa,layout_prefix_chunk,Layout+Prefix,0.25,chunk,n262929,201752809,Do the shoes look dark?,The image shows a young child riding a tricycle. The child is,"[""yes""]",0.0,450,16,raster,0,prefix,0.21093070972710848,171.11470305826515,52.69856983795762,259.54034202732146,40.78811209183186,300.39230501279235,271.9066540012136,572.298959014006,293601280,512,65,201.09445438720286,0.0,8.0,34,0.23529411764705882,0.25925925925925924,"[0.25925925925925924, 0.25925925925925924, 0.25925925925925924, 0.25925925925925924, 0.25925925925925924, 0.25925925925925924, 0.25925925925925924, 0.25925925925925924, 0.25925925925925924, 0.25925925925925924, 0.25925925925925924, 0.25925925925925924, 0.25925925925925924, 0.25925925925925924, 0.25925925925925924, 0.25925925925925924, 0.25925925925925924, 0.25925925925925924, 0.25925925925925924, 0.25925925925925924, 0.25925925925925924, 0.25925925925925924, 0.25925925925925924, 0.25925925925925924, 0.25925925925925924, 0.25925925925925924, 0.25925925925925924, 0.25925925925925924, 0.25925925925925924, 0.25925925925925924, 0.25925925925925924, 0.25925925925925924]",0.0,256,268435456,25165824,64,1,293601280,4516942.769230769,4194304.0,25165824.0,0,0,0,prefix,"[[0, 1, 2, 3, 4, 5, 6, 7], [0, 1, 2, 3, 4, 5, 6, 7], [0, 1, 2, 3, 4, 5, 6, 7], [0, 1, 2, 3, 4, 5, 6, 7], [0, 1, 2, 3, 4, 5, 6, 7], [0, 1, 2, 3, 4, 5, 6, 7], [0, 1, 2, 3, 4, 5, 6, 7], [0, 1, 2, 3, 4, 5, 6, 7], [0, 1, 2, 3, 4, 5, 6, 7], [0, 1, 2, 3, 4, 5, 6, 7], [0, 1, 2, 3, 4, 5, 6, 7], [0, 1, 2, 3, 4, 5, 6, 7], [0, 1, 2, 3, 4, 5, 6, 7], [0, 1, 2, 3, 4, 5, 6, 7], [0, 1, 2, 3, 4, 5, 6, 7], [0, 1, 2, 3, 4, 5, 6, 7], [0, 1, 2, 3, 4, 5, 6, 7], [0, 1, 2, 3, 4, 5, 6, 7], [0, 1, 2, 3, 4, 5, 6, 7], [0, 1, 2, 3, 4, 5, 6, 7], [0, 1, 2, 3, 4, 5, 6, 7], [0, 1, 2, 3, 4, 5, 6, 7], [0, 1, 2, 3, 4, 5, 6, 7], [0, 1, 2, 3, 4, 5, 6, 7], [0, 1, 2, 3, 4, 5, 6, 7], [0, 1, 2, 3, 4, 5, 6, 7], [0, 1, 2, 3, 4, 5, 6, 7], [0, 1, 2, 3, 4, 5, 6, 7], [0, 1, 2, 3, 4, 5, 6, 7], [0, 1, 2, 3, 4, 5, 6, 7], [0, 1, 2, 3, 4, 5, 6, 7], [0, 1, 2, 3, 4, 5, 6, 7]]",sidecar,True,raster,0
gqa,fullload,FullLoad,1.0,full,n262929,201752899,Is the bag small and dark?,No,"[""no""]",1.0,1939,2,raster,0,fullload,,465.5398811446503,,,800.0022380147129,804.7073149355128,19.37184704001993,824.0791619755328,1132462080,2176,64,,757.0504399482161,,,1.0,1.0,null,0.0,,1132462080,0,64,0,1132462080,17694720.0,17694720.0,0.0,,,,,null,,,,0
gqa,layout_prefix_chunk,Layout+Prefix,0.25,chunk,n262929,201752899,Is the bag small and dark?,The image shows a young child riding a tricycle. The child is,"[""no""]",0.0,450,16,raster,0,prefix,0.2061721170321107,161.05995432008058,46.285865595564246,238.6569830123335,39.828469045460224,278.5485020140186,280.1500849891454,558.698587003164,293601280,512,65,186.7472871672362,0.0,8.0,34,0.23529411764705882,0.25925925925925924,"[0.25925925925925924, 0.25925925925925924, 0.25925925925925924, 0.25925925925925924, 0.25925925925925924, 0.25925925925925924, 0.25925925925925924, 0.25925925925925924, 0.25925925925925924, 0.25925925925925924, 0.25925925925925924, 0.25925925925925924, 0.25925925925925924, 0.25925925925925924, 0.25925925925925924, 0.25925925925925924, 0.25925925925925924, 0.25925925925925924, 0.25925925925925924, 0.25925925925925924, 0.25925925925925924, 0.25925925925925924, 0.25925925925925924, 0.25925925925925924, 0.25925925925925924, 0.25925925925925924, 0.25925925925925924, 0.25925925925925924, 0.25925925925925924, 0.25925925925925924, 0.25925925925925924, 0.25925925925925924]",0.0,256,268435456,25165824,64,1,293601280,4516942.769230769,4194304.0,25165824.0,0,0,0,prefix,"[[0, 1, 2, 3, 4, 5, 6, 7], [0, 1, 2, 3, 4, 5, 6, 7], [0, 1, 2, 3, 4, 5, 6, 7], [0, 1, 2, 3, 4, 5, 6, 7], [0, 1, 2, 3, 4, 5, 6, 7], [0, 1, 2, 3, 4, 5, 6, 7], [0, 1, 2, 3, 4, 5, 6, 7], [0, 1, 2, 3, 4, 5, 6, 7], [0, 1, 2, 3, 4, 5, 6, 7], [0, 1, 2, 3, 4, 5, 6, 7], [0, 1, 2, 3, 4, 5, 6, 7], [0, 1, 2, 3, 4, 5, 6, 7], [0, 1, 2, 3, 4, 5, 6, 7], [0, 1, 2, 3, 4, 5, 6, 7], [0, 1, 2, 3, 4, 5, 6, 7], [0, 1, 2, 3, 4, 5, 6, 7], [0, 1, 2, 3, 4, 5, 6, 7], [0, 1, 2, 3, 4, 5, 6, 7], [0, 1, 2, 3, 4, 5, 6, 7], [0, 1, 2, 3, 4, 5, 6, 7], [0, 1, 2, 3, 4, 5, 6, 7], [0, 1, 2, 3, 4, 5, 6, 7], [0, 1, 2, 3, 4, 5, 6, 7], [0, 1, 2, 3, 4, 5, 6, 7], [0, 1, 2, 3, 4, 5, 6, 7], [0, 1, 2, 3, 4, 5, 6, 7], [0, 1, 2, 3, 4, 5, 6, 7], [0, 1, 2, 3, 4, 5, 6, 7], [0, 1, 2, 3, 4, 5, 6, 7], [0, 1, 2, 3, 4, 5, 6, 7], [0, 1, 2, 3, 4, 5, 6, 7], [0, 1, 2, 3, 4, 5, 6, 7]]",sidecar,True,raster,0
gqa,fullload,FullLoad,1.0,full,n262929,201752784,How big is the hat above the tie?,Small,"[""small""]",1.0,18285,2,raster,0,fullload,,428.43862995505333,,,717.4585569882765,722.1958779264241,23.37301499210298,745.5688929185271,1132462080,2176,64,,672.3003211664036,,,1.0,1.0,null,0.0,,1132462080,0,64,0,1132462080,17694720.0,17694720.0,0.0,,,,,null,,,,0
gqa,layout_prefix_chunk,Layout+Prefix,0.25,chunk,n262929,201752784,How big is the hat above the tie?,The image shows a young child riding a tricycle. The child is,"[""small""]",0.0,450,16,raster,0,prefix,0.16029749531298876,145.06458106916398,41.7060770560056,213.3935400051996,43.86614903341979,257.306186016649,270.2700919471681,527.5762779638171,293601280,512,65,166.34903918020427,0.0,8.0,34,0.23529411764705882,0.25925925925925924,"[0.25925925925925924, 0.25925925925925924, 0.25925925925925924, 0.25925925925925924, 0.25925925925925924, 0.25925925925925924, 0.25925925925925924, 0.25925925925925924, 0.25925925925925924, 0.25925925925925924, 0.25925925925925924, 0.25925925925925924, 0.25925925925925924, 0.25925925925925924, 0.25925925925925924, 0.25925925925925924, 0.25925925925925924, 0.25925925925925924, 0.25925925925925924, 0.25925925925925924, 0.25925925925925924, 0.25925925925925924, 0.25925925925925924, 0.25925925925925924, 0.25925925925925924, 0.25925925925925924, 0.25925925925925924, 0.25925925925925924, 0.25925925925925924, 0.25925925925925924, 0.25925925925925924, 0.25925925925925924]",0.0,256,268435456,25165824,64,1,293601280,4516942.769230769,4194304.0,25165824.0,0,0,0,prefix,"[[0, 1, 2, 3, 4, 5, 6, 7], [0, 1, 2, 3, 4, 5, 6, 7], [0, 1, 2, 3, 4, 5, 6, 7], [0, 1, 2, 3, 4, 5, 6, 7], [0, 1, 2, 3, 4, 5, 6, 7], [0, 1, 2, 3, 4, 5, 6, 7], [0, 1, 2, 3, 4, 5, 6, 7], [0, 1, 2, 3, 4, 5, 6, 7], [0, 1, 2, 3, 4, 5, 6, 7], [0, 1, 2, 3, 4, 5, 6, 7], [0, 1, 2, 3, 4, 5, 6, 7], [0, 1, 2, 3, 4, 5, 6, 7], [0, 1, 2, 3, 4, 5, 6, 7], [0, 1, 2, 3, 4, 5, 6, 7], [0, 1, 2, 3, 4, 5, 6, 7], [0, 1, 2, 3, 4, 5, 6, 7], [0, 1, 2, 3, 4, 5, 6, 7], [0, 1, 2, 3, 4, 5, 6, 7], [0, 1, 2, 3, 4, 5, 6, 7], [0, 1, 2, 3, 4, 5, 6, 7], [0, 1, 2, 3, 4, 5, 6, 7], [0, 1, 2, 3, 4, 5, 6, 7], [0, 1, 2, 3, 4, 5, 6, 7], [0, 1, 2, 3, 4, 5, 6, 7], [0, 1, 2, 3, 4, 5, 6, 7], [0, 1, 2, 3, 4, 5, 6, 7], [0, 1, 2, 3, 4, 5, 6, 7], [0, 1, 2, 3, 4, 5, 6, 7], [0, 1, 2, 3, 4, 5, 6, 7], [0, 1, 2, 3, 4, 5, 6, 7], [0, 1, 2, 3, 4, 5, 6, 7], [0, 1, 2, 3, 4, 5, 6, 7]]",sidecar,True,raster,0
gqa,fullload,FullLoad,1.0,full,n262929,201752760,Do you see a scooter in front of the bag the boy is to the left of?,No,"[""no""]",1.0,1939,2,raster,0,fullload,,478.2795364735648,,,814.005543012172,818.6334010679275,19.37244297005236,838.0058440379798,1132462080,2176,64,,762.8910169005394,,,1.0,1.0,null,0.0,,1132462080,0,64,0,1132462080,17694720.0,17694720.0,0.0,,,,,null,,,,0
gqa,layout_prefix_chunk,Layout+Prefix,0.25,chunk,n262929,201752760,Do you see a scooter in front of the bag the boy is to the left of?,The boy is riding a tricycle.,"[""no""]",0.0,450,11,raster,0,prefix,0.1549149164929986,112.89611470419914,41.441983077675104,182.27160908281803,60.1248349994421,242.45851207524538,182.6695599593222,425.1280720345676,293601280,512,65,135.47921052668244,0.0,8.0,34,0.23529411764705882,0.25925925925925924,"[0.25925925925925924, 0.25925925925925924, 0.25925925925925924, 0.25925925925925924, 0.25925925925925924, 0.25925925925925924, 0.25925925925925924, 0.25925925925925924, 0.25925925925925924, 0.25925925925925924, 0.25925925925925924, 0.25925925925925924, 0.25925925925925924, 0.25925925925925924, 0.25925925925925924, 0.25925925925925924, 0.25925925925925924, 0.25925925925925924, 0.25925925925925924, 0.25925925925925924, 0.25925925925925924, 0.25925925925925924, 0.25925925925925924, 0.25925925925925924, 0.25925925925925924, 0.25925925925925924, 0.25925925925925924, 0.25925925925925924, 0.25925925925925924, 0.25925925925925924, 0.25925925925925924, 0.25925925925925924]",0.0,256,268435456,25165824,64,1,293601280,4516942.769230769,4194304.0,25165824.0,0,0,0,prefix,"[[0, 1, 2, 3, 4, 5, 6, 7], [0, 1, 2, 3, 4, 5, 6, 7], [0, 1, 2, 3, 4, 5, 6, 7], [0, 1, 2, 3, 4, 5, 6, 7], [0, 1, 2, 3, 4, 5, 6, 7], [0, 1, 2, 3, 4, 5, 6, 7], [0, 1, 2, 3, 4, 5, 6, 7], [0, 1, 2, 3, 4, 5, 6, 7], [0, 1, 2, 3, 4, 5, 6, 7], [0, 1, 2, 3, 4, 5, 6, 7], [0, 1, 2, 3, 4, 5, 6, 7], [0, 1, 2, 3, 4, 5, 6, 7], [0, 1, 2, 3, 4, 5, 6, 7], [0, 1, 2, 3, 4, 5, 6, 7], [0, 1, 2, 3, 4, 5, 6, 7], [0, 1, 2, 3, 4, 5, 6, 7], [0, 1, 2, 3, 4, 5, 6, 7], [0, 1, 2, 3, 4, 5, 6, 7], [0, 1, 2, 3, 4, 5, 6, 7], [0, 1, 2, 3, 4, 5, 6, 7], [0, 1, 2, 3, 4, 5, 6, 7], [0, 1, 2, 3, 4, 5, 6, 7], [0, 1, 2, 3, 4, 5, 6, 7], [0, 1, 2, 3, 4, 5, 6, 7], [0, 1, 2, 3, 4, 5, 6, 7], [0, 1, 2, 3, 4, 5, 6, 7], [0, 1, 2, 3, 4, 5, 6, 7], [0, 1, 2, 3, 4, 5, 6, 7], [0, 1, 2, 3, 4, 5, 6, 7], [0, 1, 2, 3, 4, 5, 6, 7], [0, 1, 2, 3, 4, 5, 6, 7], [0, 1, 2, 3, 4, 5, 6, 7]]",sidecar,True,raster,0
gqa,fullload,FullLoad,1.0,full,n262929,201752607,Is the necktie dark?,Yes,"[""yes""]",1.0,3869,2,raster,0,fullload,,435.46657625120133,,,785.3279479313642,790.00142600853,19.84311908017844,809.8445450887084,1132462080,2176,64,,737.7744608093053,,,1.0,1.0,null,0.0,,1132462080,0,64,0,1132462080,17694720.0,17694720.0,0.0,,,,,null,,,,0
gqa,layout_prefix_chunk,Layout+Prefix,0.25,chunk,n262929,201752607,Is the necktie dark?,The image shows a young child riding a tricycle. The child is,"[""yes""]",0.0,450,16,raster,0,prefix,0.2125226892530918,172.16486588586122,53.47613454796374,261.86835195403546,46.68712709099054,308.6178220110014,272.27311895694584,580.8909409679472,293601280,512,65,202.66981679014862,0.0,8.0,34,0.23529411764705882,0.25925925925925924,"[0.25925925925925924, 0.25925925925925924, 0.25925925925925924, 0.25925925925925924, 0.25925925925925924, 0.25925925925925924, 0.25925925925925924, 0.25925925925925924, 0.25925925925925924, 0.25925925925925924, 0.25925925925925924, 0.25925925925925924, 0.25925925925925924, 0.25925925925925924, 0.25925925925925924, 0.25925925925925924, 0.25925925925925924, 0.25925925925925924, 0.25925925925925924, 0.25925925925925924, 0.25925925925925924, 0.25925925925925924, 0.25925925925925924, 0.25925925925925924, 0.25925925925925924, 0.25925925925925924, 0.25925925925925924, 0.25925925925925924, 0.25925925925925924, 0.25925925925925924, 0.25925925925925924, 0.25925925925925924]",0.0,256,268435456,25165824,64,1,293601280,4516942.769230769,4194304.0,25165824.0,0,0,0,prefix,"[[0, 1, 2, 3, 4, 5, 6, 7], [0, 1, 2, 3, 4, 5, 6, 7], [0, 1, 2, 3, 4, 5, 6, 7], [0, 1, 2, 3, 4, 5, 6, 7], [0, 1, 2, 3, 4, 5, 6, 7], [0, 1, 2, 3, 4, 5, 6, 7], [0, 1, 2, 3, 4, 5, 6, 7], [0, 1, 2, 3, 4, 5, 6, 7], [0, 1, 2, 3, 4, 5, 6, 7], [0, 1, 2, 3, 4, 5, 6, 7], [0, 1, 2, 3, 4, 5, 6, 7], [0, 1, 2, 3, 4, 5, 6, 7], [0, 1, 2, 3, 4, 5, 6, 7], [0, 1, 2, 3, 4, 5, 6, 7], [0, 1, 2, 3, 4, 5, 6, 7], [0, 1, 2, 3, 4, 5, 6, 7], [0, 1, 2, 3, 4, 5, 6, 7], [0, 1, 2, 3, 4, 5, 6, 7], [0, 1, 2, 3, 4, 5, 6, 7], [0, 1, 2, 3, 4, 5, 6, 7], [0, 1, 2, 3, 4, 5, 6, 7], [0, 1, 2, 3, 4, 5, 6, 7], [0, 1, 2, 3, 4, 5, 6, 7], [0, 1, 2, 3, 4, 5, 6, 7], [0, 1, 2, 3, 4, 5, 6, 7], [0, 1, 2, 3, 4, 5, 6, 7], [0, 1, 2, 3, 4, 5, 6, 7], [0, 1, 2, 3, 4, 5, 6, 7], [0, 1, 2, 3, 4, 5, 6, 7], [0, 1, 2, 3, 4, 5, 6, 7], [0, 1, 2, 3, 4, 5, 6, 7], [0, 1, 2, 3, 4, 5, 6, 7]]",sidecar,True,raster,0
gqa,fullload,FullLoad,1.0,full,n48494,202116756,Are both the train station and the tunnel made out of the same material?,No,"[""yes""]",0.0,1939,2,raster,0,fullload,,387.86525931209326,,,606.5641860477626,610.4820760665461,33.75404595863074,644.2361220251769,767557632,1472,64,,529.6426510903984,,,1.0,1.0,null,0.0,,767557632,0,64,0,767557632,11993088.0,11993088.0,0.0,,,,,null,,,,0
gqa,layout_prefix_chunk,Layout+Prefix,0.25,chunk,n48494,202116756,Are both the train station and the tunnel made out of the same material?,Yes,"[""yes""]",1.0,3869,2,raster,0,prefix,0.1512415474280715,131.58396282233298,33.27701974194497,185.11738197412342,32.42576902266592,217.58403501007706,18.830977962352335,236.4150129724294,213909504,384,65,147.3679319024086,0.0,6.0,23,0.2608695652173913,0.2786885245901639,"[0.2786885245901639, 0.2786885245901639, 0.2786885245901639, 0.2786885245901639, 0.2786885245901639, 0.2786885245901639, 0.2786885245901639, 0.2786885245901639, 0.2786885245901639, 0.2786885245901639, 0.2786885245901639, 0.2786885245901639, 0.2786885245901639, 0.2786885245901639, 0.2786885245901639, 0.2786885245901639, 0.2786885245901639, 0.2786885245901639, 0.2786885245901639, 0.2786885245901639, 0.2786885245901639, 0.2786885245901639, 0.2786885245901639, 0.2786885245901639, 0.2786885245901639, 0.2786885245901639, 0.2786885245901639, 0.2786885245901639, 0.2786885245901639, 0.2786885245901639, 0.2786885245901639, 0.2786885245901639]",0.0,192,201326592,12582912,64,1,213909504,3290915.446153846,3145728.0,12582912.0,0,0,0,prefix,"[[0, 1, 2, 3, 4, 5], [0, 1, 2, 3, 4, 5], [0, 1, 2, 3, 4, 5], [0, 1, 2, 3, 4, 5], [0, 1, 2, 3, 4, 5], [0, 1, 2, 3, 4, 5], [0, 1, 2, 3, 4, 5], [0, 1, 2, 3, 4, 5], [0, 1, 2, 3, 4, 5], [0, 1, 2, 3, 4, 5], [0, 1, 2, 3, 4, 5], [0, 1, 2, 3, 4, 5], [0, 1, 2, 3, 4, 5], [0, 1, 2, 3, 4, 5], [0, 1, 2, 3, 4, 5], [0, 1, 2, 3, 4, 5], [0, 1, 2, 3, 4, 5], [0, 1, 2, 3, 4, 5], [0, 1, 2, 3, 4, 5], [0, 1, 2, 3, 4, 5], [0, 1, 2, 3, 4, 5], [0, 1, 2, 3, 4, 5], [0, 1, 2, 3, 4, 5], [0, 1, 2, 3, 4, 5], [0, 1, 2, 3, 4, 5], [0, 1, 2, 3, 4, 5], [0, 1, 2, 3, 4, 5], [0, 1, 2, 3, 4, 5], [0, 1, 2, 3, 4, 5], [0, 1, 2, 3, 4, 5], [0, 1, 2, 3, 4, 5], [0, 1, 2, 3, 4, 5]]",sidecar,True,raster,0
gqa,fullload,FullLoad,1.0,full,n48494,202116920,What is the tunnel above the railroad made of?,Concrete,"[""concrete""]",1.0,1281,3,raster,0,fullload,,349.2231908021495,,,549.0896849660203,552.9228139203042,50.45882402919233,603.3816379494965,767557632,1472,64,,481.3170060515404,,,1.0,1.0,null,0.0,,767557632,0,64,0,767557632,11993088.0,11993088.0,0.0,,,,,null,,,,0
gqa,layout_prefix_chunk,Layout+Prefix,0.25,chunk,n48494,202116920,What is the tunnel above the railroad made of?,The image shows a cityscape with a river running through it. There are,"[""concrete""]",0.0,450,16,raster,0,prefix,0.1374108251184225,133.06396768894047,35.02118249889463,188.64219903480262,55.08796195499599,243.79391700495034,268.866959027946,512.6608760328963,213909504,384,65,149.01101333089173,0.0,6.0,23,0.2608695652173913,0.2786885245901639,"[0.2786885245901639, 0.2786885245901639, 0.2786885245901639, 0.2786885245901639, 0.2786885245901639, 0.2786885245901639, 0.2786885245901639, 0.2786885245901639, 0.2786885245901639, 0.2786885245901639, 0.2786885245901639, 0.2786885245901639, 0.2786885245901639, 0.2786885245901639, 0.2786885245901639, 0.2786885245901639, 0.2786885245901639, 0.2786885245901639, 0.2786885245901639, 0.2786885245901639, 0.2786885245901639, 0.2786885245901639, 0.2786885245901639, 0.2786885245901639, 0.2786885245901639, 0.2786885245901639, 0.2786885245901639, 0.2786885245901639, 0.2786885245901639, 0.2786885245901639, 0.2786885245901639, 0.2786885245901639]",0.0,192,201326592,12582912,64,1,213909504,3290915.446153846,3145728.0,12582912.0,0,0,0,prefix,"[[0, 1, 2, 3, 4, 5], [0, 1, 2, 3, 4, 5], [0, 1, 2, 3, 4, 5], [0, 1, 2, 3, 4, 5], [0, 1, 2, 3, 4, 5], [0, 1, 2, 3, 4, 5], [0, 1, 2, 3, 4, 5], [0, 1, 2, 3, 4, 5], [0, 1, 2, 3, 4, 5], [0, 1, 2, 3, 4, 5], [0, 1, 2, 3, 4, 5], [0, 1, 2, 3, 4, 5], [0, 1, 2, 3, 4, 5], [0, 1, 2, 3, 4, 5], [0, 1, 2, 3, 4, 5], [0, 1, 2, 3, 4, 5], [0, 1, 2, 3, 4, 5], [0, 1, 2, 3, 4, 5], [0, 1, 2, 3, 4, 5], [0, 1, 2, 3, 4, 5], [0, 1, 2, 3, 4, 5], [0, 1, 2, 3, 4, 5], [0, 1, 2, 3, 4, 5], [0, 1, 2, 3, 4, 5], [0, 1, 2, 3, 4, 5], [0, 1, 2, 3, 4, 5], [0, 1, 2, 3, 4, 5], [0, 1, 2, 3, 4, 5], [0, 1, 2, 3, 4, 5], [0, 1, 2, 3, 4, 5], [0, 1, 2, 3, 4, 5], [0, 1, 2, 3, 4, 5]]",sidecar,True,raster,0
gqa,fullload,FullLoad,1.0,full,n48494,202116770,Is the vast sky above the buildings both clear and blue?,Yes,"[""no""]",0.0,3869,2,raster,0,fullload,,344.0148117952049,,,521.445385995321,525.3186210757121,19.082326907664537,544.4009479833767,767557632,1472,64,,466.2666058866307,,,1.0,1.0,null,0.0,,767557632,0,64,0,767557632,11993088.0,11993088.0,0.0,,,,,null,,,,0
gqa,layout_prefix_chunk,Layout+Prefix,0.25,chunk,n48494,202116770,Is the vast sky above the buildings both clear and blue?,The image shows a cityscape with a river running through it. There are,"[""no""]",0.0,450,16,raster,0,prefix,0.137514085508883,125.60757377650589,30.969805782660842,176.3990600593388,33.80509000271559,210.2477380540222,274.72064294852316,484.96838100254536,213909504,384,65,140.97978617064655,0.0,6.0,23,0.2608695652173913,0.2786885245901639,"[0.2786885245901639, 0.2786885245901639, 0.2786885245901639, 0.2786885245901639, 0.2786885245901639, 0.2786885245901639, 0.2786885245901639, 0.2786885245901639, 0.2786885245901639, 0.2786885245901639, 0.2786885245901639, 0.2786885245901639, 0.2786885245901639, 0.2786885245901639, 0.2786885245901639, 0.2786885245901639, 0.2786885245901639, 0.2786885245901639, 0.2786885245901639, 0.2786885245901639, 0.2786885245901639, 0.2786885245901639, 0.2786885245901639, 0.2786885245901639, 0.2786885245901639, 0.2786885245901639, 0.2786885245901639, 0.2786885245901639, 0.2786885245901639, 0.2786885245901639, 0.2786885245901639, 0.2786885245901639]",0.0,192,201326592,12582912,64,1,213909504,3290915.446153846,3145728.0,12582912.0,0,0,0,prefix,"[[0, 1, 2, 3, 4, 5], [0, 1, 2, 3, 4, 5], [0, 1, 2, 3, 4, 5], [0, 1, 2, 3, 4, 5], [0, 1, 2, 3, 4, 5], [0, 1, 2, 3, 4, 5], [0, 1, 2, 3, 4, 5], [0, 1, 2, 3, 4, 5], [0, 1, 2, 3, 4, 5], [0, 1, 2, 3, 4, 5], [0, 1, 2, 3, 4, 5], [0, 1, 2, 3, 4, 5], [0, 1, 2, 3, 4, 5], [0, 1, 2, 3, 4, 5], [0, 1, 2, 3, 4, 5], [0, 1, 2, 3, 4, 5], [0, 1, 2, 3, 4, 5], [0, 1, 2, 3, 4, 5], [0, 1, 2, 3, 4, 5], [0, 1, 2, 3, 4, 5], [0, 1, 2, 3, 4, 5], [0, 1, 2, 3, 4, 5], [0, 1, 2, 3, 4, 5], [0, 1, 2, 3, 4, 5], [0, 1, 2, 3, 4, 5], [0, 1, 2, 3, 4, 5], [0, 1, 2, 3, 4, 5], [0, 1, 2, 3, 4, 5], [0, 1, 2, 3, 4, 5], [0, 1, 2, 3, 4, 5], [0, 1, 2, 3, 4, 5], [0, 1, 2, 3, 4, 5]]",sidecar,True,raster,0
gqa,fullload,FullLoad,1.0,full,n48494,202116964,Is the river low and wavy?,No,"[""no""]",1.0,1939,2,raster,0,fullload,,372.3934496520087,,,581.106016994454,584.9912030389532,46.72190803103149,631.7131110699847,767557632,1472,64,,507.72218487691134,,,1.0,1.0,null,0.0,,767557632,0,64,0,767557632,11993088.0,11993088.0,0.0,,,,,null,,,,0
gqa,layout_prefix_chunk,Layout+Prefix,0.25,chunk,n48494,202116964,Is the river low and wavy?,The image shows a bustling cityscape with a river running through it,"[""no""]",0.0,450,16,raster,0,prefix,0.14832289889454842,132.81899131834507,33.0596265848726,185.97364495508373,35.76137498021126,221.77979804109782,270.1940379338339,491.9738359749317,213909504,384,65,148.3501767506823,0.0,6.0,23,0.2608695652173913,0.2786885245901639,"[0.2786885245901639, 0.2786885245901639, 0.2786885245901639, 0.2786885245901639, 0.2786885245901639, 0.2786885245901639, 0.2786885245901639, 0.2786885245901639, 0.2786885245901639, 0.2786885245901639, 0.2786885245901639, 0.2786885245901639, 0.2786885245901639, 0.2786885245901639, 0.2786885245901639, 0.2786885245901639, 0.2786885245901639, 0.2786885245901639, 0.2786885245901639, 0.2786885245901639, 0.2786885245901639, 0.2786885245901639, 0.2786885245901639, 0.2786885245901639, 0.2786885245901639, 0.2786885245901639, 0.2786885245901639, 0.2786885245901639, 0.2786885245901639, 0.2786885245901639, 0.2786885245901639, 0.2786885245901639]",0.0,192,201326592,12582912,64,1,213909504,3290915.446153846,3145728.0,12582912.0,0,0,0,prefix,"[[0, 1, 2, 3, 4, 5], [0, 1, 2, 3, 4, 5], [0, 1, 2, 3, 4, 5], [0, 1, 2, 3, 4, 5], [0, 1, 2, 3, 4, 5], [0, 1, 2, 3, 4, 5], [0, 1, 2, 3, 4, 5], [0, 1, 2, 3, 4, 5], [0, 1, 2, 3, 4, 5], [0, 1, 2, 3, 4, 5], [0, 1, 2, 3, 4, 5], [0, 1, 2, 3, 4, 5], [0, 1, 2, 3, 4, 5], [0, 1, 2, 3, 4, 5], [0, 1, 2, 3, 4, 5], [0, 1, 2, 3, 4, 5], [0, 1, 2, 3, 4, 5], [0, 1, 2, 3, 4, 5], [0, 1, 2, 3, 4, 5], [0, 1, 2, 3, 4, 5], [0, 1, 2, 3, 4, 5], [0, 1, 2, 3, 4, 5], [0, 1, 2, 3, 4, 5], [0, 1, 2, 3, 4, 5], [0, 1, 2, 3, 4, 5], [0, 1, 2, 3, 4, 5], [0, 1, 2, 3, 4, 5], [0, 1, 2, 3, 4, 5], [0, 1, 2, 3, 4, 5], [0, 1, 2, 3, 4, 5], [0, 1, 2, 3, 4, 5], [0, 1, 2, 3, 4, 5]]",sidecar,True,raster,0
gqa,fullload,FullLoad,1.0,full,n48494,202117035,Do you see any wide boat?,No,"[""yes""]",0.0,1939,2,raster,0,fullload,,365.73176411911845,,,567.5912579754367,571.4993110159412,44.738393975421786,616.237704991363,767557632,1472,64,,498.19631793070585,,,1.0,1.0,null,0.0,,767557632,0,64,0,767557632,11993088.0,11993088.0,0.0,,,,,null,,,,0
gqa,layout_prefix_chunk,Layout+Prefix,0.25,chunk,n48494,202117035,Do you see any wide boat?,The image shows a cityscape with a river running through it. There are,"[""yes""]",0.0,450,16,raster,0,prefix,0.15611702110618353,126.47813628427684,38.4384497301653,187.2652219608426,39.81922601815313,227.1455239970237,267.89028802886605,495.03581202588975,213909504,384,65,144.0928450319916,0.0,6.0,23,0.2608695652173913,0.2786885245901639,"[0.2786885245901639, 0.2786885245901639, 0.2786885245901639, 0.2786885245901639, 0.2786885245901639, 0.2786885245901639, 0.2786885245901639, 0.2786885245901639, 0.2786885245901639, 0.2786885245901639, 0.2786885245901639, 0.2786885245901639, 0.2786885245901639, 0.2786885245901639, 0.2786885245901639, 0.2786885245901639, 0.2786885245901639, 0.2786885245901639, 0.2786885245901639, 0.2786885245901639, 0.2786885245901639, 0.2786885245901639, 0.2786885245901639, 0.2786885245901639, 0.2786885245901639, 0.2786885245901639, 0.2786885245901639, 0.2786885245901639, 0.2786885245901639, 0.2786885245901639, 0.2786885245901639, 0.2786885245901639]",0.0,192,201326592,12582912,64,1,213909504,3290915.446153846,3145728.0,12582912.0,0,0,0,prefix,"[[0, 1, 2, 3, 4, 5], [0, 1, 2, 3, 4, 5], [0, 1, 2, 3, 4, 5], [0, 1, 2, 3, 4, 5], [0, 1, 2, 3, 4, 5], [0, 1, 2, 3, 4, 5], [0, 1, 2, 3, 4, 5], [0, 1, 2, 3, 4, 5], [0, 1, 2, 3, 4, 5], [0, 1, 2, 3, 4, 5], [0, 1, 2, 3, 4, 5], [0, 1, 2, 3, 4, 5], [0, 1, 2, 3, 4, 5], [0, 1, 2, 3, 4, 5], [0, 1, 2, 3, 4, 5], [0, 1, 2, 3, 4, 5], [0, 1, 2, 3, 4, 5], [0, 1, 2, 3, 4, 5], [0, 1, 2, 3, 4, 5], [0, 1, 2, 3, 4, 5], [0, 1, 2, 3, 4, 5], [0, 1, 2, 3, 4, 5], [0, 1, 2, 3, 4, 5], [0, 1, 2, 3, 4, 5], [0, 1, 2, 3, 4, 5], [0, 1, 2, 3, 4, 5], [0, 1, 2, 3, 4, 5], [0, 1, 2, 3, 4, 5], [0, 1, 2, 3, 4, 5], [0, 1, 2, 3, 4, 5], [0, 1, 2, 3, 4, 5], [0, 1, 2, 3, 4, 5]]",sidecar,True,raster,0
gqa,fullload,FullLoad,1.0,full,n48494,202116896,What is the vehicle on top of the railroad called?,Train,"[""train""]",1.0,28186,2,raster,0,fullload,,371.8488236190751,,,579.0001330897212,582.9493030905724,28.939218958839774,611.8885220494121,767557632,1472,64,,506.23734784312546,,,1.0,1.0,null,0.0,,767557632,0,64,0,767557632,11993088.0,11993088.0,0.0,,,,,null,,,,0
gqa,layout_prefix_chunk,Layout+Prefix,0.25,chunk,n48494,202116896,What is the vehicle on top of the railroad called?,The image shows a cityscape with a river running through it. There are,"[""train""]",0.0,450,16,raster,0,prefix,0.1478586345911026,125.09236193727702,36.53677098918706,182.55726003553718,47.659730073064566,230.2782750921324,269.6976679144427,499.9759430065751,213909504,384,65,141.3844337221235,0.0,6.0,23,0.2608695652173913,0.2786885245901639,"[0.2786885245901639, 0.2786885245901639, 0.2786885245901639, 0.2786885245901639, 0.2786885245901639, 0.2786885245901639, 0.2786885245901639, 0.2786885245901639, 0.2786885245901639, 0.2786885245901639, 0.2786885245901639, 0.2786885245901639, 0.2786885245901639, 0.2786885245901639, 0.2786885245901639, 0.2786885245901639, 0.2786885245901639, 0.2786885245901639, 0.2786885245901639, 0.2786885245901639, 0.2786885245901639, 0.2786885245901639, 0.2786885245901639, 0.2786885245901639, 0.2786885245901639, 0.2786885245901639, 0.2786885245901639, 0.2786885245901639, 0.2786885245901639, 0.2786885245901639, 0.2786885245901639, 0.2786885245901639]",0.0,192,201326592,12582912,64,1,213909504,3290915.446153846,3145728.0,12582912.0,0,0,0,prefix,"[[0, 1, 2, 3, 4, 5], [0, 1, 2, 3, 4, 5], [0, 1, 2, 3, 4, 5], [0, 1, 2, 3, 4, 5], [0, 1, 2, 3, 4, 5], [0, 1, 2, 3, 4, 5], [0, 1, 2, 3, 4, 5], [0, 1, 2, 3, 4, 5], [0, 1, 2, 3, 4, 5], [0, 1, 2, 3, 4, 5], [0, 1, 2, 3, 4, 5], [0, 1, 2, 3, 4, 5], [0, 1, 2, 3, 4, 5], [0, 1, 2, 3, 4, 5], [0, 1, 2, 3, 4, 5], [0, 1, 2, 3, 4, 5], [0, 1, 2, 3, 4, 5], [0, 1, 2, 3, 4, 5], [0, 1, 2, 3, 4, 5], [0, 1, 2, 3, 4, 5], [0, 1, 2, 3, 4, 5], [0, 1, 2, 3, 4, 5], [0, 1, 2, 3, 4, 5], [0, 1, 2, 3, 4, 5], [0, 1, 2, 3, 4, 5], [0, 1, 2, 3, 4, 5], [0, 1, 2, 3, 4, 5], [0, 1, 2, 3, 4, 5], [0, 1, 2, 3, 4, 5], [0, 1, 2, 3, 4, 5], [0, 1, 2, 3, 4, 5], [0, 1, 2, 3, 4, 5]]",sidecar,True,raster,0
gqa,fullload,FullLoad,1.0,full,n58220,20169718,Are there green hats in the photo?,No,"[""yes""]",0.0,1939,2,raster,0,fullload,,492.2487591393292,,,743.4434009483084,748.6229729838669,19.22273705713451,767.8457100410014,1226833920,2368,64,,690.3852899558842,,,1.0,1.0,null,0.0,,1226833920,0,64,0,1226833920,19169280.0,19169280.0,0.0,,,,,null,,,,0
gqa,layout_prefix_chunk,Layout+Prefix,0.25,chunk,n58220,20169718,Are there green hats in the photo?,The man in the image is smiling and appears to be in a good m,"[""yes""]",0.0,450,16,raster,0,prefix,0.2197189023718238,172.6500279037282,51.99194478336722,259.36779903713614,45.357214054092765,304.78724802378565,276.0314849438146,580.8187329676002,320864256,576,65,201.47402945440263,0.0,9.0,37,0.24324324324324326,0.26153846153846155,"[0.26153846153846155, 0.26153846153846155, 0.26153846153846155, 0.26153846153846155, 0.26153846153846155, 0.26153846153846155, 0.26153846153846155, 0.26153846153846155, 0.26153846153846155, 0.26153846153846155, 0.26153846153846155, 0.26153846153846155, 0.26153846153846155, 0.26153846153846155, 0.26153846153846155, 0.26153846153846155, 0.26153846153846155, 0.26153846153846155, 0.26153846153846155, 0.26153846153846155, 0.26153846153846155, 0.26153846153846155, 0.26153846153846155, 0.26153846153846155, 0.26153846153846155, 0.26153846153846155, 0.26153846153846155, 0.26153846153846155, 0.26153846153846155, 0.26153846153846155, 0.26153846153846155, 0.26153846153846155]",0.0,288,301989888,18874368,64,1,320864256,4936373.169230769,4718592.0,18874368.0,0,0,0,prefix,"[[0, 1, 2, 3, 4, 5, 6, 7, 8], [0, 1, 2, 3, 4, 5, 6, 7, 8], [0, 1, 2, 3, 4, 5, 6, 7, 8], [0, 1, 2, 3, 4, 5, 6, 7, 8], [0, 1, 2, 3, 4, 5, 6, 7, 8], [0, 1, 2, 3, 4, 5, 6, 7, 8], [0, 1, 2, 3, 4, 5, 6, 7, 8], [0, 1, 2, 3, 4, 5, 6, 7, 8], [0, 1, 2, 3, 4, 5, 6, 7, 8], [0, 1, 2, 3, 4, 5, 6, 7, 8], [0, 1, 2, 3, 4, 5, 6, 7, 8], [0, 1, 2, 3, 4, 5, 6, 7, 8], [0, 1, 2, 3, 4, 5, 6, 7, 8], [0, 1, 2, 3, 4, 5, 6, 7, 8], [0, 1, 2, 3, 4, 5, 6, 7, 8], [0, 1, 2, 3, 4, 5, 6, 7, 8], [0, 1, 2, 3, 4, 5, 6, 7, 8], [0, 1, 2, 3, 4, 5, 6, 7, 8], [0, 1, 2, 3, 4, 5, 6, 7, 8], [0, 1, 2, 3, 4, 5, 6, 7, 8], [0, 1, 2, 3, 4, 5, 6, 7, 8], [0, 1, 2, 3, 4, 5, 6, 7, 8], [0, 1, 2, 3, 4, 5, 6, 7, 8], [0, 1, 2, 3, 4, 5, 6, 7, 8], [0, 1, 2, 3, 4, 5, 6, 7, 8], [0, 1, 2, 3, 4, 5, 6, 7, 8], [0, 1, 2, 3, 4, 5, 6, 7, 8], [0, 1, 2, 3, 4, 5, 6, 7, 8], [0, 1, 2, 3, 4, 5, 6, 7, 8], [0, 1, 2, 3, 4, 5, 6, 7, 8], [0, 1, 2, 3, 4, 5, 6, 7, 8], [0, 1, 2, 3, 4, 5, 6, 7, 8]]",sidecar,True,raster,0
gqa,fullload,FullLoad,1.0,full,n58220,20169805,Does this flag look red?,No,"[""no""]",1.0,1939,2,raster,0,fullload,,552.085087983869,,,900.6704250350595,905.5864539695904,19.206929951906204,924.7933839214966,1226833920,2368,64,,855.8757071150467,,,1.0,1.0,null,0.0,,1226833920,0,64,0,1226833920,19169280.0,19169280.0,0.0,,,,,null,,,,0
gqa,layout_prefix_chunk,Layout+Prefix,0.25,chunk,n58220,20169805,Does this flag look red?,The man in the image is smiling and appears to be wearing a green,"[""no""]",0.0,450,16,raster,0,prefix,0.214523752219975,167.7068192511797,50.10216950904578,252.7404020074755,47.445185016840696,300.2519030123949,270.97318693995476,571.2250899523497,320864256,576,65,196.80669764056802,0.0,9.0,37,0.24324324324324326,0.26153846153846155,"[0.26153846153846155, 0.26153846153846155, 0.26153846153846155, 0.26153846153846155, 0.26153846153846155, 0.26153846153846155, 0.26153846153846155, 0.26153846153846155, 0.26153846153846155, 0.26153846153846155, 0.26153846153846155, 0.26153846153846155, 0.26153846153846155, 0.26153846153846155, 0.26153846153846155, 0.26153846153846155, 0.26153846153846155, 0.26153846153846155, 0.26153846153846155, 0.26153846153846155, 0.26153846153846155, 0.26153846153846155, 0.26153846153846155, 0.26153846153846155, 0.26153846153846155, 0.26153846153846155, 0.26153846153846155, 0.26153846153846155, 0.26153846153846155, 0.26153846153846155, 0.26153846153846155, 0.26153846153846155]",0.0,288,301989888,18874368,64,1,320864256,4936373.169230769,4718592.0,18874368.0,0,0,0,prefix,"[[0, 1, 2, 3, 4, 5, 6, 7, 8], [0, 1, 2, 3, 4, 5, 6, 7, 8], [0, 1, 2, 3, 4, 5, 6, 7, 8], [0, 1, 2, 3, 4, 5, 6, 7, 8], [0, 1, 2, 3, 4, 5, 6, 7, 8], [0, 1, 2, 3, 4, 5, 6, 7, 8], [0, 1, 2, 3, 4, 5, 6, 7, 8], [0, 1, 2, 3, 4, 5, 6, 7, 8], [0, 1, 2, 3, 4, 5, 6, 7, 8], [0, 1, 2, 3, 4, 5, 6, 7, 8], [0, 1, 2, 3, 4, 5, 6, 7, 8], [0, 1, 2, 3, 4, 5, 6, 7, 8], [0, 1, 2, 3, 4, 5, 6, 7, 8], [0, 1, 2, 3, 4, 5, 6, 7, 8], [0, 1, 2, 3, 4, 5, 6, 7, 8], [0, 1, 2, 3, 4, 5, 6, 7, 8], [0, 1, 2, 3, 4, 5, 6, 7, 8], [0, 1, 2, 3, 4, 5, 6, 7, 8], [0, 1, 2, 3, 4, 5, 6, 7, 8], [0, 1, 2, 3, 4, 5, 6, 7, 8], [0, 1, 2, 3, 4, 5, 6, 7, 8], [0, 1, 2, 3, 4, 5, 6, 7, 8], [0, 1, 2, 3, 4, 5, 6, 7, 8], [0, 1, 2, 3, 4, 5, 6, 7, 8], [0, 1, 2, 3, 4, 5, 6, 7, 8], [0, 1, 2, 3, 4, 5, 6, 7, 8], [0, 1, 2, 3, 4, 5, 6, 7, 8], [0, 1, 2, 3, 4, 5, 6, 7, 8], [0, 1, 2, 3, 4, 5, 6, 7, 8], [0, 1, 2, 3, 4, 5, 6, 7, 8], [0, 1, 2, 3, 4, 5, 6, 7, 8], [0, 1, 2, 3, 4, 5, 6, 7, 8]]",sidecar,True,raster,0
gqa,fullload,FullLoad,1.0,full,n58220,20169578,Do the hat and the jacket have a different colors?,No,"[""no""]",1.0,1939,2,raster,0,fullload,,553.1861816998571,,,899.9535929178819,904.8132169991732,19.358678022399545,924.1718950215727,1226833920,2368,64,,856.5071308985353,,,1.0,1.0,null,0.0,,1226833920,0,64,0,1226833920,19169280.0,19169280.0,0.0,,,,,null,,,,0
gqa,layout_prefix_chunk,Layout+Prefix,0.25,chunk,n58220,20169578,Do the hat and the jacket have a different colors?,The man in the image is wearing a green jacket and a green tie,"[""no""]",0.0,450,16,raster,0,prefix,0.24583307094871998,170.97617755644023,51.806740928441286,258.0634669866413,41.48808203171939,299.6141300536692,270.4381289659068,570.052259019576,320864256,576,65,200.26486506685615,0.0,9.0,37,0.24324324324324326,0.26153846153846155,"[0.26153846153846155, 0.26153846153846155, 0.26153846153846155, 0.26153846153846155, 0.26153846153846155, 0.26153846153846155, 0.26153846153846155, 0.26153846153846155, 0.26153846153846155, 0.26153846153846155, 0.26153846153846155, 0.26153846153846155, 0.26153846153846155, 0.26153846153846155, 0.26153846153846155, 0.26153846153846155, 0.26153846153846155, 0.26153846153846155, 0.26153846153846155, 0.26153846153846155, 0.26153846153846155, 0.26153846153846155, 0.26153846153846155, 0.26153846153846155, 0.26153846153846155, 0.26153846153846155, 0.26153846153846155, 0.26153846153846155, 0.26153846153846155, 0.26153846153846155, 0.26153846153846155, 0.26153846153846155]",0.0,288,301989888,18874368,64,1,320864256,4936373.169230769,4718592.0,18874368.0,0,0,0,prefix,"[[0, 1, 2, 3, 4, 5, 6, 7, 8], [0, 1, 2, 3, 4, 5, 6, 7, 8], [0, 1, 2, 3, 4, 5, 6, 7, 8], [0, 1, 2, 3, 4, 5, 6, 7, 8], [0, 1, 2, 3, 4, 5, 6, 7, 8], [0, 1, 2, 3, 4, 5, 6, 7, 8], [0, 1, 2, 3, 4, 5, 6, 7, 8], [0, 1, 2, 3, 4, 5, 6, 7, 8], [0, 1, 2, 3, 4, 5, 6, 7, 8], [0, 1, 2, 3, 4, 5, 6, 7, 8], [0, 1, 2, 3, 4, 5, 6, 7, 8], [0, 1, 2, 3, 4, 5, 6, 7, 8], [0, 1, 2, 3, 4, 5, 6, 7, 8], [0, 1, 2, 3, 4, 5, 6, 7, 8], [0, 1, 2, 3, 4, 5, 6, 7, 8], [0, 1, 2, 3, 4, 5, 6, 7, 8], [0, 1, 2, 3, 4, 5, 6, 7, 8], [0, 1, 2, 3, 4, 5, 6, 7, 8], [0, 1, 2, 3, 4, 5, 6, 7, 8], [0, 1, 2, 3, 4, 5, 6, 7, 8], [0, 1, 2, 3, 4, 5, 6, 7, 8], [0, 1, 2, 3, 4, 5, 6, 7, 8], [0, 1, 2, 3, 4, 5, 6, 7, 8], [0, 1, 2, 3, 4, 5, 6, 7, 8], [0, 1, 2, 3, 4, 5, 6, 7, 8], [0, 1, 2, 3, 4, 5, 6, 7, 8], [0, 1, 2, 3, 4, 5, 6, 7, 8], [0, 1, 2, 3, 4, 5, 6, 7, 8], [0, 1, 2, 3, 4, 5, 6, 7, 8], [0, 1, 2, 3, 4, 5, 6, 7, 8], [0, 1, 2, 3, 4, 5, 6, 7, 8], [0, 1, 2, 3, 4, 5, 6, 7, 8]]",sidecar,True,raster,0
gqa,fullload,FullLoad,1.0,full,n58220,20169575,What place was the picture taken at?,Road,"[""road""]",1.0,9321,2,raster,0,fullload,,541.0216170130298,,,899.7420020168647,904.656574013643,19.33509297668934,923.9916669903323,1226833920,2368,64,,850.1722615910694,,,1.0,1.0,null,0.0,,1226833920,0,64,0,1226833920,19169280.0,19169280.0,0.0,,,,,null,,,,0
gqa,layout_prefix_chunk,Layout+Prefix,0.25,chunk,n58220,20169575,What place was the picture taken at?,The man in the image is smiling and appears to be in a good m,"[""road""]",0.0,450,16,raster,0,prefix,0.25735085364431143,176.31946282926947,55.9636524412781,270.527609041892,35.78252694569528,306.3557760324329,274.06226901803166,580.4180450504646,320864256,576,65,208.42251903377473,0.0,9.0,37,0.24324324324324326,0.26153846153846155,"[0.26153846153846155, 0.26153846153846155, 0.26153846153846155, 0.26153846153846155, 0.26153846153846155, 0.26153846153846155, 0.26153846153846155, 0.26153846153846155, 0.26153846153846155, 0.26153846153846155, 0.26153846153846155, 0.26153846153846155, 0.26153846153846155, 0.26153846153846155, 0.26153846153846155, 0.26153846153846155, 0.26153846153846155, 0.26153846153846155, 0.26153846153846155, 0.26153846153846155, 0.26153846153846155, 0.26153846153846155, 0.26153846153846155, 0.26153846153846155, 0.26153846153846155, 0.26153846153846155, 0.26153846153846155, 0.26153846153846155, 0.26153846153846155, 0.26153846153846155, 0.26153846153846155, 0.26153846153846155]",0.0,288,301989888,18874368,64,1,320864256,4936373.169230769,4718592.0,18874368.0,0,0,0,prefix,"[[0, 1, 2, 3, 4, 5, 6, 7, 8], [0, 1, 2, 3, 4, 5, 6, 7, 8], [0, 1, 2, 3, 4, 5, 6, 7, 8], [0, 1, 2, 3, 4, 5, 6, 7, 8], [0, 1, 2, 3, 4, 5, 6, 7, 8], [0, 1, 2, 3, 4, 5, 6, 7, 8], [0, 1, 2, 3, 4, 5, 6, 7, 8], [0, 1, 2, 3, 4, 5, 6, 7, 8], [0, 1, 2, 3, 4, 5, 6, 7, 8], [0, 1, 2, 3, 4, 5, 6, 7, 8], [0, 1, 2, 3, 4, 5, 6, 7, 8], [0, 1, 2, 3, 4, 5, 6, 7, 8], [0, 1, 2, 3, 4, 5, 6, 7, 8], [0, 1, 2, 3, 4, 5, 6, 7, 8], [0, 1, 2, 3, 4, 5, 6, 7, 8], [0, 1, 2, 3, 4, 5, 6, 7, 8], [0, 1, 2, 3, 4, 5, 6, 7, 8], [0, 1, 2, 3, 4, 5, 6, 7, 8], [0, 1, 2, 3, 4, 5, 6, 7, 8], [0, 1, 2, 3, 4, 5, 6, 7, 8], [0, 1, 2, 3, 4, 5, 6, 7, 8], [0, 1, 2, 3, 4, 5, 6, 7, 8], [0, 1, 2, 3, 4, 5, 6, 7, 8], [0, 1, 2, 3, 4, 5, 6, 7, 8], [0, 1, 2, 3, 4, 5, 6, 7, 8], [0, 1, 2, 3, 4, 5, 6, 7, 8], [0, 1, 2, 3, 4, 5, 6, 7, 8], [0, 1, 2, 3, 4, 5, 6, 7, 8], [0, 1, 2, 3, 4, 5, 6, 7, 8], [0, 1, 2, 3, 4, 5, 6, 7, 8], [0, 1, 2, 3, 4, 5, 6, 7, 8], [0, 1, 2, 3, 4, 5, 6, 7, 8]]",sidecar,True,raster,0
gqa,fullload,FullLoad,1.0,full,n58220,20169793,On which side is the flag?,Left,"[""left""]",1.0,19941,2,raster,0,fullload,,595.0736611848697,,,992.6892549265176,997.5996440043673,19.583570072427392,1017.1832140767947,1226833920,2368,64,,938.6013451730832,,,1.0,1.0,null,0.0,,1226833920,0,64,0,1226833920,19169280.0,19169280.0,0.0,,,,,null,,,,0
gqa,layout_prefix_chunk,Layout+Prefix,0.25,chunk,n58220,20169793,On which side is the flag?,The man in the image is smiling and wearing a green jacket and,"[""left""]",0.0,450,16,raster,0,prefix,0.22932689171284437,135.74676122516394,53.530171629972756,225.76509905047715,39.89581507630646,265.72280505206436,269.126710947603,534.8495159996673,320864256,576,65,166.3226472446695,0.0,9.0,37,0.24324324324324326,0.26153846153846155,"[0.26153846153846155, 0.26153846153846155, 0.26153846153846155, 0.26153846153846155, 0.26153846153846155, 0.26153846153846155, 0.26153846153846155, 0.26153846153846155, 0.26153846153846155, 0.26153846153846155, 0.26153846153846155, 0.26153846153846155, 0.26153846153846155, 0.26153846153846155, 0.26153846153846155, 0.26153846153846155, 0.26153846153846155, 0.26153846153846155, 0.26153846153846155, 0.26153846153846155, 0.26153846153846155, 0.26153846153846155, 0.26153846153846155, 0.26153846153846155, 0.26153846153846155, 0.26153846153846155, 0.26153846153846155, 0.26153846153846155, 0.26153846153846155, 0.26153846153846155, 0.26153846153846155, 0.26153846153846155]",0.0,288,301989888,18874368,64,1,320864256,4936373.169230769,4718592.0,18874368.0,0,0,0,prefix,"[[0, 1, 2, 3, 4, 5, 6, 7, 8], [0, 1, 2, 3, 4, 5, 6, 7, 8], [0, 1, 2, 3, 4, 5, 6, 7, 8], [0, 1, 2, 3, 4, 5, 6, 7, 8], [0, 1, 2, 3, 4, 5, 6, 7, 8], [0, 1, 2, 3, 4, 5, 6, 7, 8], [0, 1, 2, 3, 4, 5, 6, 7, 8], [0, 1, 2, 3, 4, 5, 6, 7, 8], [0, 1, 2, 3, 4, 5, 6, 7, 8], [0, 1, 2, 3, 4, 5, 6, 7, 8], [0, 1, 2, 3, 4, 5, 6, 7, 8], [0, 1, 2, 3, 4, 5, 6, 7, 8], [0, 1, 2, 3, 4, 5, 6, 7, 8], [0, 1, 2, 3, 4, 5, 6, 7, 8], [0, 1, 2, 3, 4, 5, 6, 7, 8], [0, 1, 2, 3, 4, 5, 6, 7, 8], [0, 1, 2, 3, 4, 5, 6, 7, 8], [0, 1, 2, 3, 4, 5, 6, 7, 8], [0, 1, 2, 3, 4, 5, 6, 7, 8], [0, 1, 2, 3, 4, 5, 6, 7, 8], [0, 1, 2, 3, 4, 5, 6, 7, 8], [0, 1, 2, 3, 4, 5, 6, 7, 8], [0, 1, 2, 3, 4, 5, 6, 7, 8], [0, 1, 2, 3, 4, 5, 6, 7, 8], [0, 1, 2, 3, 4, 5, 6, 7, 8], [0, 1, 2, 3, 4, 5, 6, 7, 8], [0, 1, 2, 3, 4, 5, 6, 7, 8], [0, 1, 2, 3, 4, 5, 6, 7, 8], [0, 1, 2, 3, 4, 5, 6, 7, 8], [0, 1, 2, 3, 4, 5, 6, 7, 8], [0, 1, 2, 3, 4, 5, 6, 7, 8], [0, 1, 2, 3, 4, 5, 6, 7, 8]]",sidecar,True,raster,0
gqa,fullload,FullLoad,1.0,full,n58220,20169796,Does the flag look calm and blue?,No,"[""no""]",1.0,1939,2,raster,0,fullload,,538.4395061992109,,,877.0009260624647,881.8778779823333,20.22513991687447,902.1030178992078,1226833920,2368,64,,832.4013503734022,,,1.0,1.0,null,0.0,,1226833920,0,64,0,1226833920,19169280.0,19169280.0,0.0,,,,,null,,,,0
gqa,layout_prefix_chunk,Layout+Prefix,0.25,chunk,n58220,20169796,Does the flag look calm and blue?,The man in the image is wearing a green jacket and a green tie,"[""no""]",0.0,450,16,raster,0,prefix,0.24313130415976048,173.89397986698896,54.614577325992286,265.2316199382767,41.601029923185706,306.8965208949521,271.30930009298027,578.2058209879324,320864256,576,65,204.65521805454046,0.0,9.0,37,0.24324324324324326,0.26153846153846155,"[0.26153846153846155, 0.26153846153846155, 0.26153846153846155, 0.26153846153846155, 0.26153846153846155, 0.26153846153846155, 0.26153846153846155, 0.26153846153846155, 0.26153846153846155, 0.26153846153846155, 0.26153846153846155, 0.26153846153846155, 0.26153846153846155, 0.26153846153846155, 0.26153846153846155, 0.26153846153846155, 0.26153846153846155, 0.26153846153846155, 0.26153846153846155, 0.26153846153846155, 0.26153846153846155, 0.26153846153846155, 0.26153846153846155, 0.26153846153846155, 0.26153846153846155, 0.26153846153846155, 0.26153846153846155, 0.26153846153846155, 0.26153846153846155, 0.26153846153846155, 0.26153846153846155, 0.26153846153846155]",0.0,288,301989888,18874368,64,1,320864256,4936373.169230769,4718592.0,18874368.0,0,0,0,prefix,"[[0, 1, 2, 3, 4, 5, 6, 7, 8], [0, 1, 2, 3, 4, 5, 6, 7, 8], [0, 1, 2, 3, 4, 5, 6, 7, 8], [0, 1, 2, 3, 4, 5, 6, 7, 8], [0, 1, 2, 3, 4, 5, 6, 7, 8], [0, 1, 2, 3, 4, 5, 6, 7, 8], [0, 1, 2, 3, 4, 5, 6, 7, 8], [0, 1, 2, 3, 4, 5, 6, 7, 8], [0, 1, 2, 3, 4, 5, 6, 7, 8], [0, 1, 2, 3, 4, 5, 6, 7, 8], [0, 1, 2, 3, 4, 5, 6, 7, 8], [0, 1, 2, 3, 4, 5, 6, 7, 8], [0, 1, 2, 3, 4, 5, 6, 7, 8], [0, 1, 2, 3, 4, 5, 6, 7, 8], [0, 1, 2, 3, 4, 5, 6, 7, 8], [0, 1, 2, 3, 4, 5, 6, 7, 8], [0, 1, 2, 3, 4, 5, 6, 7, 8], [0, 1, 2, 3, 4, 5, 6, 7, 8], [0, 1, 2, 3, 4, 5, 6, 7, 8], [0, 1, 2, 3, 4, 5, 6, 7, 8], [0, 1, 2, 3, 4, 5, 6, 7, 8], [0, 1, 2, 3, 4, 5, 6, 7, 8], [0, 1, 2, 3, 4, 5, 6, 7, 8], [0, 1, 2, 3, 4, 5, 6, 7, 8], [0, 1, 2, 3, 4, 5, 6, 7, 8], [0, 1, 2, 3, 4, 5, 6, 7, 8], [0, 1, 2, 3, 4, 5, 6, 7, 8], [0, 1, 2, 3, 4, 5, 6, 7, 8], [0, 1, 2, 3, 4, 5, 6, 7, 8], [0, 1, 2, 3, 4, 5, 6, 7, 8], [0, 1, 2, 3, 4, 5, 6, 7, 8], [0, 1, 2, 3, 4, 5, 6, 7, 8]]",sidecar,True,raster,0
gqa,fullload,FullLoad,1.0,full,n522733,202248865,Which place is it?,Street,"[""street""]",1.0,7103,2,raster,0,fullload,,512.8757617203519,,,842.5189380068332,847.4098639562726,20.497413934208453,867.907277890481,1226833920,2368,64,,783.6003893753514,,,1.0,1.0,null,0.0,,1226833920,0,64,0,1226833920,19169280.0,19169280.0,0.0,,,,,null,,,,0
gqa,layout_prefix_chunk,Layout+Prefix,0.25,chunk,n522733,202248865,Which place is it?,"The image shows a red brick building with a green roof, located at the intersection","[""street""]",0.0,450,16,raster,0,prefix,0.27817406225949526,155.6158852763474,48.97248896304518,237.9942099796608,37.7361869905144,275.78417502809316,290.7724939286709,566.556668956764,320864256,576,65,182.5672168051824,0.0,9.0,37,0.24324324324324326,0.26153846153846155,"[0.26153846153846155, 0.26153846153846155, 0.26153846153846155, 0.26153846153846155, 0.26153846153846155, 0.26153846153846155, 0.26153846153846155, 0.26153846153846155, 0.26153846153846155, 0.26153846153846155, 0.26153846153846155, 0.26153846153846155, 0.26153846153846155, 0.26153846153846155, 0.26153846153846155, 0.26153846153846155, 0.26153846153846155, 0.26153846153846155, 0.26153846153846155, 0.26153846153846155, 0.26153846153846155, 0.26153846153846155, 0.26153846153846155, 0.26153846153846155, 0.26153846153846155, 0.26153846153846155, 0.26153846153846155, 0.26153846153846155, 0.26153846153846155, 0.26153846153846155, 0.26153846153846155, 0.26153846153846155]",0.0,288,301989888,18874368,64,1,320864256,4936373.169230769,4718592.0,18874368.0,0,0,0,prefix,"[[0, 1, 2, 3, 4, 5, 6, 7, 8], [0, 1, 2, 3, 4, 5, 6, 7, 8], [0, 1, 2, 3, 4, 5, 6, 7, 8], [0, 1, 2, 3, 4, 5, 6, 7, 8], [0, 1, 2, 3, 4, 5, 6, 7, 8], [0, 1, 2, 3, 4, 5, 6, 7, 8], [0, 1, 2, 3, 4, 5, 6, 7, 8], [0, 1, 2, 3, 4, 5, 6, 7, 8], [0, 1, 2, 3, 4, 5, 6, 7, 8], [0, 1, 2, 3, 4, 5, 6, 7, 8], [0, 1, 2, 3, 4, 5, 6, 7, 8], [0, 1, 2, 3, 4, 5, 6, 7, 8], [0, 1, 2, 3, 4, 5, 6, 7, 8], [0, 1, 2, 3, 4, 5, 6, 7, 8], [0, 1, 2, 3, 4, 5, 6, 7, 8], [0, 1, 2, 3, 4, 5, 6, 7, 8], [0, 1, 2, 3, 4, 5, 6, 7, 8], [0, 1, 2, 3, 4, 5, 6, 7, 8], [0, 1, 2, 3, 4, 5, 6, 7, 8], [0, 1, 2, 3, 4, 5, 6, 7, 8], [0, 1, 2, 3, 4, 5, 6, 7, 8], [0, 1, 2, 3, 4, 5, 6, 7, 8], [0, 1, 2, 3, 4, 5, 6, 7, 8], [0, 1, 2, 3, 4, 5, 6, 7, 8], [0, 1, 2, 3, 4, 5, 6, 7, 8], [0, 1, 2, 3, 4, 5, 6, 7, 8], [0, 1, 2, 3, 4, 5, 6, 7, 8], [0, 1, 2, 3, 4, 5, 6, 7, 8], [0, 1, 2, 3, 4, 5, 6, 7, 8], [0, 1, 2, 3, 4, 5, 6, 7, 8], [0, 1, 2, 3, 4, 5, 6, 7, 8], [0, 1, 2, 3, 4, 5, 6, 7, 8]]",sidecar,True,raster,0
gqa,fullload,FullLoad,1.0,full,n522733,202248864,Where is it?,Street,"[""street""]",1.0,7103,2,raster,0,fullload,,432.0555749582127,,,683.4046709118411,688.3237139554694,19.0318759996444,707.3555899551138,1226833920,2368,64,,638.1200167816132,,,1.0,1.0,null,0.0,,1226833920,0,64,0,1226833920,19169280.0,19169280.0,0.0,,,,,null,,,,0
gqa,layout_prefix_chunk,Layout+Prefix,0.25,chunk,n522733,202248864,Where is it?,The image shows a red brick building with a street corner. There are traffic lights,"[""street""]",0.0,450,16,raster,0,prefix,0.16282557044178247,150.76453296933323,43.063981109298766,220.11327801737934,35.06827098317444,255.22297504357994,273.5495889792219,528.7725640228018,320864256,576,65,171.5094840619713,0.0,9.0,37,0.24324324324324326,0.26153846153846155,"[0.26153846153846155, 0.26153846153846155, 0.26153846153846155, 0.26153846153846155, 0.26153846153846155, 0.26153846153846155, 0.26153846153846155, 0.26153846153846155, 0.26153846153846155, 0.26153846153846155, 0.26153846153846155, 0.26153846153846155, 0.26153846153846155, 0.26153846153846155, 0.26153846153846155, 0.26153846153846155, 0.26153846153846155, 0.26153846153846155, 0.26153846153846155, 0.26153846153846155, 0.26153846153846155, 0.26153846153846155, 0.26153846153846155, 0.26153846153846155, 0.26153846153846155, 0.26153846153846155, 0.26153846153846155, 0.26153846153846155, 0.26153846153846155, 0.26153846153846155, 0.26153846153846155, 0.26153846153846155]",0.0,288,301989888,18874368,64,1,320864256,4936373.169230769,4718592.0,18874368.0,0,0,0,prefix,"[[0, 1, 2, 3, 4, 5, 6, 7, 8], [0, 1, 2, 3, 4, 5, 6, 7, 8], [0, 1, 2, 3, 4, 5, 6, 7, 8], [0, 1, 2, 3, 4, 5, 6, 7, 8], [0, 1, 2, 3, 4, 5, 6, 7, 8], [0, 1, 2, 3, 4, 5, 6, 7, 8], [0, 1, 2, 3, 4, 5, 6, 7, 8], [0, 1, 2, 3, 4, 5, 6, 7, 8], [0, 1, 2, 3, 4, 5, 6, 7, 8], [0, 1, 2, 3, 4, 5, 6, 7, 8], [0, 1, 2, 3, 4, 5, 6, 7, 8], [0, 1, 2, 3, 4, 5, 6, 7, 8], [0, 1, 2, 3, 4, 5, 6, 7, 8], [0, 1, 2, 3, 4, 5, 6, 7, 8], [0, 1, 2, 3, 4, 5, 6, 7, 8], [0, 1, 2, 3, 4, 5, 6, 7, 8], [0, 1, 2, 3, 4, 5, 6, 7, 8], [0, 1, 2, 3, 4, 5, 6, 7, 8], [0, 1, 2, 3, 4, 5, 6, 7, 8], [0, 1, 2, 3, 4, 5, 6, 7, 8], [0, 1, 2, 3, 4, 5, 6, 7, 8], [0, 1, 2, 3, 4, 5, 6, 7, 8], [0, 1, 2, 3, 4, 5, 6, 7, 8], [0, 1, 2, 3, 4, 5, 6, 7, 8], [0, 1, 2, 3, 4, 5, 6, 7, 8], [0, 1, 2, 3, 4, 5, 6, 7, 8], [0, 1, 2, 3, 4, 5, 6, 7, 8], [0, 1, 2, 3, 4, 5, 6, 7, 8], [0, 1, 2, 3, 4, 5, 6, 7, 8], [0, 1, 2, 3, 4, 5, 6, 7, 8], [0, 1, 2, 3, 4, 5, 6, 7, 8], [0, 1, 2, 3, 4, 5, 6, 7, 8]]",sidecar,True,raster,0
gqa,fullload,FullLoad,1.0,full,n522733,202249061,Does the traffic signal to the left of the signal light look metallic and high?,Yes,"[""yes""]",1.0,3869,2,raster,0,fullload,,477.79200703371316,,,771.8556510517374,776.7162760719657,19.073001923970878,795.7892779959366,1226833920,2368,64,,716.7868708493188,,,1.0,1.0,null,0.0,,1226833920,0,64,0,1226833920,19169280.0,19169280.0,0.0,,,,,null,,,,0
gqa,layout_prefix_chunk,Layout+Prefix,0.25,chunk,n522733,202249061,Does the traffic signal to the left of the signal light look metallic and high?,"The image shows a red brick building with a prominent arched entrance, a traffic","[""yes""]",0.0,450,16,raster,0,prefix,0.2407360589131713,172.11297433823347,54.71481697168201,262.182482983917,45.80183397047222,308.048365986906,271.6323310742155,579.6806970611215,320864256,576,65,201.4390469994396,0.0,9.0,37,0.24324324324324326,0.26153846153846155,"[0.26153846153846155, 0.26153846153846155, 0.26153846153846155, 0.26153846153846155, 0.26153846153846155, 0.26153846153846155, 0.26153846153846155, 0.26153846153846155, 0.26153846153846155, 0.26153846153846155, 0.26153846153846155, 0.26153846153846155, 0.26153846153846155, 0.26153846153846155, 0.26153846153846155, 0.26153846153846155, 0.26153846153846155, 0.26153846153846155, 0.26153846153846155, 0.26153846153846155, 0.26153846153846155, 0.26153846153846155, 0.26153846153846155, 0.26153846153846155, 0.26153846153846155, 0.26153846153846155, 0.26153846153846155, 0.26153846153846155, 0.26153846153846155, 0.26153846153846155, 0.26153846153846155, 0.26153846153846155]",0.0,288,301989888,18874368,64,1,320864256,4936373.169230769,4718592.0,18874368.0,0,0,0,prefix,"[[0, 1, 2, 3, 4, 5, 6, 7, 8], [0, 1, 2, 3, 4, 5, 6, 7, 8], [0, 1, 2, 3, 4, 5, 6, 7, 8], [0, 1, 2, 3, 4, 5, 6, 7, 8], [0, 1, 2, 3, 4, 5, 6, 7, 8], [0, 1, 2, 3, 4, 5, 6, 7, 8], [0, 1, 2, 3, 4, 5, 6, 7, 8], [0, 1, 2, 3, 4, 5, 6, 7, 8], [0, 1, 2, 3, 4, 5, 6, 7, 8], [0, 1, 2, 3, 4, 5, 6, 7, 8], [0, 1, 2, 3, 4, 5, 6, 7, 8], [0, 1, 2, 3, 4, 5, 6, 7, 8], [0, 1, 2, 3, 4, 5, 6, 7, 8], [0, 1, 2, 3, 4, 5, 6, 7, 8], [0, 1, 2, 3, 4, 5, 6, 7, 8], [0, 1, 2, 3, 4, 5, 6, 7, 8], [0, 1, 2, 3, 4, 5, 6, 7, 8], [0, 1, 2, 3, 4, 5, 6, 7, 8], [0, 1, 2, 3, 4, 5, 6, 7, 8], [0, 1, 2, 3, 4, 5, 6, 7, 8], [0, 1, 2, 3, 4, 5, 6, 7, 8], [0, 1, 2, 3, 4, 5, 6, 7, 8], [0, 1, 2, 3, 4, 5, 6, 7, 8], [0, 1, 2, 3, 4, 5, 6, 7, 8], [0, 1, 2, 3, 4, 5, 6, 7, 8], [0, 1, 2, 3, 4, 5, 6, 7, 8], [0, 1, 2, 3, 4, 5, 6, 7, 8], [0, 1, 2, 3, 4, 5, 6, 7, 8], [0, 1, 2, 3, 4, 5, 6, 7, 8], [0, 1, 2, 3, 4, 5, 6, 7, 8], [0, 1, 2, 3, 4, 5, 6, 7, 8], [0, 1, 2, 3, 4, 5, 6, 7, 8]]",sidecar,True,raster,0
gqa,fullload,FullLoad,1.0,full,n522733,202249022,Of what color is the car that is to the right of the other car?,Black,"[""beige""]",0.0,6054,2,raster,0,fullload,,476.9706812221557,,,761.411797022447,766.3421429460868,19.327330985106528,785.6694739311934,1226833920,2368,64,,709.3718885444105,,,1.0,1.0,null,0.0,,1226833920,0,64,0,1226833920,19169280.0,19169280.0,0.0,,,,,null,,,,0
gqa,layout_prefix_chunk,Layout+Prefix,0.25,chunk,n522733,202249022,Of what color is the car that is to the right of the other car?,"The image shows a red brick building with a prominent arched entrance, a traffic","[""beige""]",0.0,450,16,raster,0,prefix,0.2450059400871396,169.08545547630638,54.4651048257947,258.6615219479427,49.323061015456915,308.048430015333,269.5611729286611,577.6096029439941,320864256,576,65,198.0208350578323,0.0,9.0,37,0.24324324324324326,0.26153846153846155,"[0.26153846153846155, 0.26153846153846155, 0.26153846153846155, 0.26153846153846155, 0.26153846153846155, 0.26153846153846155, 0.26153846153846155, 0.26153846153846155, 0.26153846153846155, 0.26153846153846155, 0.26153846153846155, 0.26153846153846155, 0.26153846153846155, 0.26153846153846155, 0.26153846153846155, 0.26153846153846155, 0.26153846153846155, 0.26153846153846155, 0.26153846153846155, 0.26153846153846155, 0.26153846153846155, 0.26153846153846155, 0.26153846153846155, 0.26153846153846155, 0.26153846153846155, 0.26153846153846155, 0.26153846153846155, 0.26153846153846155, 0.26153846153846155, 0.26153846153846155, 0.26153846153846155, 0.26153846153846155]",0.0,288,301989888,18874368,64,1,320864256,4936373.169230769,4718592.0,18874368.0,0,0,0,prefix,"[[0, 1, 2, 3, 4, 5, 6, 7, 8], [0, 1, 2, 3, 4, 5, 6, 7, 8], [0, 1, 2, 3, 4, 5, 6, 7, 8], [0, 1, 2, 3, 4, 5, 6, 7, 8], [0, 1, 2, 3, 4, 5, 6, 7, 8], [0, 1, 2, 3, 4, 5, 6, 7, 8], [0, 1, 2, 3, 4, 5, 6, 7, 8], [0, 1, 2, 3, 4, 5, 6, 7, 8], [0, 1, 2, 3, 4, 5, 6, 7, 8], [0, 1, 2, 3, 4, 5, 6, 7, 8], [0, 1, 2, 3, 4, 5, 6, 7, 8], [0, 1, 2, 3, 4, 5, 6, 7, 8], [0, 1, 2, 3, 4, 5, 6, 7, 8], [0, 1, 2, 3, 4, 5, 6, 7, 8], [0, 1, 2, 3, 4, 5, 6, 7, 8], [0, 1, 2, 3, 4, 5, 6, 7, 8], [0, 1, 2, 3, 4, 5, 6, 7, 8], [0, 1, 2, 3, 4, 5, 6, 7, 8], [0, 1, 2, 3, 4, 5, 6, 7, 8], [0, 1, 2, 3, 4, 5, 6, 7, 8], [0, 1, 2, 3, 4, 5, 6, 7, 8], [0, 1, 2, 3, 4, 5, 6, 7, 8], [0, 1, 2, 3, 4, 5, 6, 7, 8], [0, 1, 2, 3, 4, 5, 6, 7, 8], [0, 1, 2, 3, 4, 5, 6, 7, 8], [0, 1, 2, 3, 4, 5, 6, 7, 8], [0, 1, 2, 3, 4, 5, 6, 7, 8], [0, 1, 2, 3, 4, 5, 6, 7, 8], [0, 1, 2, 3, 4, 5, 6, 7, 8], [0, 1, 2, 3, 4, 5, 6, 7, 8], [0, 1, 2, 3, 4, 5, 6, 7, 8], [0, 1, 2, 3, 4, 5, 6, 7, 8]]",sidecar,True,raster,0
gqa,fullload,FullLoad,1.0,full,n522733,202248991,What color is the SUV that is not little?,Black,"[""black""]",1.0,6054,2,raster,0,fullload,,448.2000918360427,,,713.9087530085817,718.7850510235876,19.20829899609089,737.9933500196785,1226833920,2368,64,,665.9726349171251,,,1.0,1.0,null,0.0,,1226833920,0,64,0,1226833920,19169280.0,19169280.0,0.0,,,,,null,,,,0
gqa,layout_prefix_chunk,Layout+Prefix,0.25,chunk,n522733,202248991,What color is the SUV that is not little?,"The image shows a red brick building with a sign that reads ""WASHING","[""black""]",0.0,450,16,raster,0,prefix,0.24315679911524057,168.5126405209303,54.3903288198635,257.7774371020496,41.12634900957346,298.96749602630734,269.8620529845357,568.829549010843,320864256,576,65,197.2874702187255,0.0,9.0,37,0.24324324324324326,0.26153846153846155,"[0.26153846153846155, 0.26153846153846155, 0.26153846153846155, 0.26153846153846155, 0.26153846153846155, 0.26153846153846155, 0.26153846153846155, 0.26153846153846155, 0.26153846153846155, 0.26153846153846155, 0.26153846153846155, 0.26153846153846155, 0.26153846153846155, 0.26153846153846155, 0.26153846153846155, 0.26153846153846155, 0.26153846153846155, 0.26153846153846155, 0.26153846153846155, 0.26153846153846155, 0.26153846153846155, 0.26153846153846155, 0.26153846153846155, 0.26153846153846155, 0.26153846153846155, 0.26153846153846155, 0.26153846153846155, 0.26153846153846155, 0.26153846153846155, 0.26153846153846155, 0.26153846153846155, 0.26153846153846155]",0.0,288,301989888,18874368,64,1,320864256,4936373.169230769,4718592.0,18874368.0,0,0,0,prefix,"[[0, 1, 2, 3, 4, 5, 6, 7, 8], [0, 1, 2, 3, 4, 5, 6, 7, 8], [0, 1, 2, 3, 4, 5, 6, 7, 8], [0, 1, 2, 3, 4, 5, 6, 7, 8], [0, 1, 2, 3, 4, 5, 6, 7, 8], [0, 1, 2, 3, 4, 5, 6, 7, 8], [0, 1, 2, 3, 4, 5, 6, 7, 8], [0, 1, 2, 3, 4, 5, 6, 7, 8], [0, 1, 2, 3, 4, 5, 6, 7, 8], [0, 1, 2, 3, 4, 5, 6, 7, 8], [0, 1, 2, 3, 4, 5, 6, 7, 8], [0, 1, 2, 3, 4, 5, 6, 7, 8], [0, 1, 2, 3, 4, 5, 6, 7, 8], [0, 1, 2, 3, 4, 5, 6, 7, 8], [0, 1, 2, 3, 4, 5, 6, 7, 8], [0, 1, 2, 3, 4, 5, 6, 7, 8], [0, 1, 2, 3, 4, 5, 6, 7, 8], [0, 1, 2, 3, 4, 5, 6, 7, 8], [0, 1, 2, 3, 4, 5, 6, 7, 8], [0, 1, 2, 3, 4, 5, 6, 7, 8], [0, 1, 2, 3, 4, 5, 6, 7, 8], [0, 1, 2, 3, 4, 5, 6, 7, 8], [0, 1, 2, 3, 4, 5, 6, 7, 8], [0, 1, 2, 3, 4, 5, 6, 7, 8], [0, 1, 2, 3, 4, 5, 6, 7, 8], [0, 1, 2, 3, 4, 5, 6, 7, 8], [0, 1, 2, 3, 4, 5, 6, 7, 8], [0, 1, 2, 3, 4, 5, 6, 7, 8], [0, 1, 2, 3, 4, 5, 6, 7, 8], [0, 1, 2, 3, 4, 5, 6, 7, 8], [0, 1, 2, 3, 4, 5, 6, 7, 8], [0, 1, 2, 3, 4, 5, 6, 7, 8]]",sidecar,True,raster,0
gqa,fullload,FullLoad,1.0,full,n522733,202248985,Is the SUV that is made of glass black and small?,Yes,"[""no""]",0.0,3869,2,raster,0,fullload,,385.9482491388917,,,640.0224689859897,644.8800649959594,19.23547894693911,664.1155439428985,1226833920,2368,64,,595.2053482178599,,,1.0,1.0,null,0.0,,1226833920,0,64,0,1226833920,19169280.0,19169280.0,0.0,,,,,null,,,,0
gqa,layout_prefix_chunk,Layout+Prefix,0.25,chunk,n522733,202248985,Is the SUV that is made of glass black and small?,The image shows a red brick building with a street corner view. There are traffic,"[""no""]",0.0,450,16,raster,0,prefix,0.23405184037983418,168.06851606816053,53.48601168952882,255.98801695741713,39.82895007357001,295.8813300356269,271.6340939514339,567.5154239870608,320864256,576,65,196.50970806833357,0.0,9.0,37,0.24324324324324326,0.26153846153846155,"[0.26153846153846155, 0.26153846153846155, 0.26153846153846155, 0.26153846153846155, 0.26153846153846155, 0.26153846153846155, 0.26153846153846155, 0.26153846153846155, 0.26153846153846155, 0.26153846153846155, 0.26153846153846155, 0.26153846153846155, 0.26153846153846155, 0.26153846153846155, 0.26153846153846155, 0.26153846153846155, 0.26153846153846155, 0.26153846153846155, 0.26153846153846155, 0.26153846153846155, 0.26153846153846155, 0.26153846153846155, 0.26153846153846155, 0.26153846153846155, 0.26153846153846155, 0.26153846153846155, 0.26153846153846155, 0.26153846153846155, 0.26153846153846155, 0.26153846153846155, 0.26153846153846155, 0.26153846153846155]",0.0,288,301989888,18874368,64,1,320864256,4936373.169230769,4718592.0,18874368.0,0,0,0,prefix,"[[0, 1, 2, 3, 4, 5, 6, 7, 8], [0, 1, 2, 3, 4, 5, 6, 7, 8], [0, 1, 2, 3, 4, 5, 6, 7, 8], [0, 1, 2, 3, 4, 5, 6, 7, 8], [0, 1, 2, 3, 4, 5, 6, 7, 8], [0, 1, 2, 3, 4, 5, 6, 7, 8], [0, 1, 2, 3, 4, 5, 6, 7, 8], [0, 1, 2, 3, 4, 5, 6, 7, 8], [0, 1, 2, 3, 4, 5, 6, 7, 8], [0, 1, 2, 3, 4, 5, 6, 7, 8], [0, 1, 2, 3, 4, 5, 6, 7, 8], [0, 1, 2, 3, 4, 5, 6, 7, 8], [0, 1, 2, 3, 4, 5, 6, 7, 8], [0, 1, 2, 3, 4, 5, 6, 7, 8], [0, 1, 2, 3, 4, 5, 6, 7, 8], [0, 1, 2, 3, 4, 5, 6, 7, 8], [0, 1, 2, 3, 4, 5, 6, 7, 8], [0, 1, 2, 3, 4, 5, 6, 7, 8], [0, 1, 2, 3, 4, 5, 6, 7, 8], [0, 1, 2, 3, 4, 5, 6, 7, 8], [0, 1, 2, 3, 4, 5, 6, 7, 8], [0, 1, 2, 3, 4, 5, 6, 7, 8], [0, 1, 2, 3, 4, 5, 6, 7, 8], [0, 1, 2, 3, 4, 5, 6, 7, 8], [0, 1, 2, 3, 4, 5, 6, 7, 8], [0, 1, 2, 3, 4, 5, 6, 7, 8], [0, 1, 2, 3, 4, 5, 6, 7, 8], [0, 1, 2, 3, 4, 5, 6, 7, 8], [0, 1, 2, 3, 4, 5, 6, 7, 8], [0, 1, 2, 3, 4, 5, 6, 7, 8], [0, 1, 2, 3, 4, 5, 6, 7, 8], [0, 1, 2, 3, 4, 5, 6, 7, 8]]",sidecar,True,raster,0
gqa,fullload,FullLoad,1.0,full,n199286,201439590,What animal is standing on the green grass?,None,"[""horse""]",0.0,6213,2,raster,0,fullload,,497.06852505914867,,,847.105305059813,852.0383900031447,50.97635893616825,903.014748939313,1175453696,2304,64,,801.0955802164972,,,1.0,1.0,null,0.0,,1175453696,0,64,0,1175453696,18366464.0,18366464.0,0.0,,,,,null,,,,0
gqa,layout_prefix_chunk,Layout+Prefix,0.25,chunk,n199286,201439590,What animal is standing on the green grass?,The image shows a bowl of soup and a plate of toast. The,"[""horse""]",0.0,450,16,raster,0,prefix,0.24774449411779642,179.09919971134514,55.667838896624744,272.5372789427638,38.843928021378815,311.4453690359369,269.1817209124565,580.6270899483934,319815680,576,65,210.81667428370565,0.0,9.0,36,0.25,0.272078501338091,"[0.272078501338091, 0.272078501338091, 0.272078501338091, 0.272078501338091, 0.272078501338091, 0.272078501338091, 0.272078501338091, 0.272078501338091, 0.272078501338091, 0.272078501338091, 0.272078501338091, 0.272078501338091, 0.272078501338091, 0.272078501338091, 0.272078501338091, 0.272078501338091, 0.272078501338091, 0.272078501338091, 0.272078501338091, 0.272078501338091, 0.272078501338091, 0.272078501338091, 0.272078501338091, 0.272078501338091, 0.272078501338091, 0.272078501338091, 0.272078501338091, 0.272078501338091, 0.272078501338091, 0.272078501338091, 0.272078501338091, 0.272078501338091]",0.0,288,301989888,17825792,64,1,319815680,4920241.230769231,4718592.0,17825792.0,0,0,0,prefix,"[[0, 1, 2, 3, 4, 5, 6, 7, 8], [0, 1, 2, 3, 4, 5, 6, 7, 8], [0, 1, 2, 3, 4, 5, 6, 7, 8], [0, 1, 2, 3, 4, 5, 6, 7, 8], [0, 1, 2, 3, 4, 5, 6, 7, 8], [0, 1, 2, 3, 4, 5, 6, 7, 8], [0, 1, 2, 3, 4, 5, 6, 7, 8], [0, 1, 2, 3, 4, 5, 6, 7, 8], [0, 1, 2, 3, 4, 5, 6, 7, 8], [0, 1, 2, 3, 4, 5, 6, 7, 8], [0, 1, 2, 3, 4, 5, 6, 7, 8], [0, 1, 2, 3, 4, 5, 6, 7, 8], [0, 1, 2, 3, 4, 5, 6, 7, 8], [0, 1, 2, 3, 4, 5, 6, 7, 8], [0, 1, 2, 3, 4, 5, 6, 7, 8], [0, 1, 2, 3, 4, 5, 6, 7, 8], [0, 1, 2, 3, 4, 5, 6, 7, 8], [0, 1, 2, 3, 4, 5, 6, 7, 8], [0, 1, 2, 3, 4, 5, 6, 7, 8], [0, 1, 2, 3, 4, 5, 6, 7, 8], [0, 1, 2, 3, 4, 5, 6, 7, 8], [0, 1, 2, 3, 4, 5, 6, 7, 8], [0, 1, 2, 3, 4, 5, 6, 7, 8], [0, 1, 2, 3, 4, 5, 6, 7, 8], [0, 1, 2, 3, 4, 5, 6, 7, 8], [0, 1, 2, 3, 4, 5, 6, 7, 8], [0, 1, 2, 3, 4, 5, 6, 7, 8], [0, 1, 2, 3, 4, 5, 6, 7, 8], [0, 1, 2, 3, 4, 5, 6, 7, 8], [0, 1, 2, 3, 4, 5, 6, 7, 8], [0, 1, 2, 3, 4, 5, 6, 7, 8], [0, 1, 2, 3, 4, 5, 6, 7, 8]]",sidecar,True,raster,0
gqa,fullload,FullLoad,1.0,full,n199286,201439451,Is the happy woman on the right side or on the left?,Left,"[""right""]",0.0,19941,2,raster,0,fullload,,509.84205142594874,,,863.118008011952,867.8826490649953,19.312985939905047,887.1956350049004,1175453696,2304,64,,816.959195304662,,,1.0,1.0,null,0.0,,1175453696,0,64,0,1175453696,18366464.0,18366464.0,0.0,,,,,null,,,,0
gqa,layout_prefix_chunk,Layout+Prefix,0.25,chunk,n199286,201439451,Is the happy woman on the right side or on the left?,The image shows a bowl of soup and a plate of toast. The,"[""right""]",0.0,450,16,raster,0,prefix,0.1746059861034155,155.6407785974443,46.35730921290815,233.1027629552409,45.2305159997195,278.3946169074625,270.4693829873577,548.8639998948202,319815680,576,65,181.16211390588433,0.0,9.0,36,0.25,0.272078501338091,"[0.272078501338091, 0.272078501338091, 0.272078501338091, 0.272078501338091, 0.272078501338091, 0.272078501338091, 0.272078501338091, 0.272078501338091, 0.272078501338091, 0.272078501338091, 0.272078501338091, 0.272078501338091, 0.272078501338091, 0.272078501338091, 0.272078501338091, 0.272078501338091, 0.272078501338091, 0.272078501338091, 0.272078501338091, 0.272078501338091, 0.272078501338091, 0.272078501338091, 0.272078501338091, 0.272078501338091, 0.272078501338091, 0.272078501338091, 0.272078501338091, 0.272078501338091, 0.272078501338091, 0.272078501338091, 0.272078501338091, 0.272078501338091]",0.0,288,301989888,17825792,64,1,319815680,4920241.230769231,4718592.0,17825792.0,0,0,0,prefix,"[[0, 1, 2, 3, 4, 5, 6, 7, 8], [0, 1, 2, 3, 4, 5, 6, 7, 8], [0, 1, 2, 3, 4, 5, 6, 7, 8], [0, 1, 2, 3, 4, 5, 6, 7, 8], [0, 1, 2, 3, 4, 5, 6, 7, 8], [0, 1, 2, 3, 4, 5, 6, 7, 8], [0, 1, 2, 3, 4, 5, 6, 7, 8], [0, 1, 2, 3, 4, 5, 6, 7, 8], [0, 1, 2, 3, 4, 5, 6, 7, 8], [0, 1, 2, 3, 4, 5, 6, 7, 8], [0, 1, 2, 3, 4, 5, 6, 7, 8], [0, 1, 2, 3, 4, 5, 6, 7, 8], [0, 1, 2, 3, 4, 5, 6, 7, 8], [0, 1, 2, 3, 4, 5, 6, 7, 8], [0, 1, 2, 3, 4, 5, 6, 7, 8], [0, 1, 2, 3, 4, 5, 6, 7, 8], [0, 1, 2, 3, 4, 5, 6, 7, 8], [0, 1, 2, 3, 4, 5, 6, 7, 8], [0, 1, 2, 3, 4, 5, 6, 7, 8], [0, 1, 2, 3, 4, 5, 6, 7, 8], [0, 1, 2, 3, 4, 5, 6, 7, 8], [0, 1, 2, 3, 4, 5, 6, 7, 8], [0, 1, 2, 3, 4, 5, 6, 7, 8], [0, 1, 2, 3, 4, 5, 6, 7, 8], [0, 1, 2, 3, 4, 5, 6, 7, 8], [0, 1, 2, 3, 4, 5, 6, 7, 8], [0, 1, 2, 3, 4, 5, 6, 7, 8], [0, 1, 2, 3, 4, 5, 6, 7, 8], [0, 1, 2, 3, 4, 5, 6, 7, 8], [0, 1, 2, 3, 4, 5, 6, 7, 8], [0, 1, 2, 3, 4, 5, 6, 7, 8], [0, 1, 2, 3, 4, 5, 6, 7, 8]]",sidecar,True,raster,0
gqa,fullload,FullLoad,1.0,full,n199286,201439531,Is the grass green?,Yes,"[""yes""]",1.0,3869,2,raster,0,fullload,,520.0940028298646,,,879.8143189633265,884.5941020408645,19.46088601835072,904.0549880592152,1175453696,2304,64,,829.8712138785049,,,1.0,1.0,null,0.0,,1175453696,0,64,0,1175453696,18366464.0,18366464.0,0.0,,,,,null,,,,0
gqa,layout_prefix_chunk,Layout+Prefix,0.25,chunk,n199286,201439531,Is the grass green?,The image shows a bowl of soup and a plate of toast. The,"[""yes""]",0.0,450,16,raster,0,prefix,0.25852490216493607,138.2318459218368,55.456369649618864,231.77162907086313,35.94217891804874,267.76049099862576,269.0191339934245,536.7796249920502,319815680,576,65,170.3214921290055,0.0,9.0,36,0.25,0.272078501338091,"[0.272078501338091, 0.272078501338091, 0.272078501338091, 0.272078501338091, 0.272078501338091, 0.272078501338091, 0.272078501338091, 0.272078501338091, 0.272078501338091, 0.272078501338091, 0.272078501338091, 0.272078501338091, 0.272078501338091, 0.272078501338091, 0.272078501338091, 0.272078501338091, 0.272078501338091, 0.272078501338091, 0.272078501338091, 0.272078501338091, 0.272078501338091, 0.272078501338091, 0.272078501338091, 0.272078501338091, 0.272078501338091, 0.272078501338091, 0.272078501338091, 0.272078501338091, 0.272078501338091, 0.272078501338091, 0.272078501338091, 0.272078501338091]",0.0,288,301989888,17825792,64,1,319815680,4920241.230769231,4718592.0,17825792.0,0,0,0,prefix,"[[0, 1, 2, 3, 4, 5, 6, 7, 8], [0, 1, 2, 3, 4, 5, 6, 7, 8], [0, 1, 2, 3, 4, 5, 6, 7, 8], [0, 1, 2, 3, 4, 5, 6, 7, 8], [0, 1, 2, 3, 4, 5, 6, 7, 8], [0, 1, 2, 3, 4, 5, 6, 7, 8], [0, 1, 2, 3, 4, 5, 6, 7, 8], [0, 1, 2, 3, 4, 5, 6, 7, 8], [0, 1, 2, 3, 4, 5, 6, 7, 8], [0, 1, 2, 3, 4, 5, 6, 7, 8], [0, 1, 2, 3, 4, 5, 6, 7, 8], [0, 1, 2, 3, 4, 5, 6, 7, 8], [0, 1, 2, 3, 4, 5, 6, 7, 8], [0, 1, 2, 3, 4, 5, 6, 7, 8], [0, 1, 2, 3, 4, 5, 6, 7, 8], [0, 1, 2, 3, 4, 5, 6, 7, 8], [0, 1, 2, 3, 4, 5, 6, 7, 8], [0, 1, 2, 3, 4, 5, 6, 7, 8], [0, 1, 2, 3, 4, 5, 6, 7, 8], [0, 1, 2, 3, 4, 5, 6, 7, 8], [0, 1, 2, 3, 4, 5, 6, 7, 8], [0, 1, 2, 3, 4, 5, 6, 7, 8], [0, 1, 2, 3, 4, 5, 6, 7, 8], [0, 1, 2, 3, 4, 5, 6, 7, 8], [0, 1, 2, 3, 4, 5, 6, 7, 8], [0, 1, 2, 3, 4, 5, 6, 7, 8], [0, 1, 2, 3, 4, 5, 6, 7, 8], [0, 1, 2, 3, 4, 5, 6, 7, 8], [0, 1, 2, 3, 4, 5, 6, 7, 8], [0, 1, 2, 3, 4, 5, 6, 7, 8], [0, 1, 2, 3, 4, 5, 6, 7, 8], [0, 1, 2, 3, 4, 5, 6, 7, 8]]",sidecar,True,raster,0
gqa,fullload,FullLoad,1.0,full,n199286,201439514,Who is wearing a shirt?,No one,"[""woman""]",0.0,1939,3,raster,0,fullload,,535.9202011022717,,,916.1554710008204,921.121267019771,38.0605609389022,959.1818279586732,1175453696,2304,64,,866.2062451476231,,,1.0,1.0,null,0.0,,1175453696,0,64,0,1175453696,18366464.0,18366464.0,0.0,,,,,null,,,,0
gqa,layout_prefix_chunk,Layout+Prefix,0.25,chunk,n199286,201439514,Who is wearing a shirt?,The image shows a bowl of creamy soup with a spoon in it,"[""woman""]",0.0,450,16,raster,0,prefix,0.21314923651516438,190.23650931194425,49.1986908018589,272.2201099386439,52.93781904038042,325.22192993201315,270.7950279582292,596.0169578902423,319815680,576,65,217.34700491651893,0.0,9.0,36,0.25,0.272078501338091,"[0.272078501338091, 0.272078501338091, 0.272078501338091, 0.272078501338091, 0.272078501338091, 0.272078501338091, 0.272078501338091, 0.272078501338091, 0.272078501338091, 0.272078501338091, 0.272078501338091, 0.272078501338091, 0.272078501338091, 0.272078501338091, 0.272078501338091, 0.272078501338091, 0.272078501338091, 0.272078501338091, 0.272078501338091, 0.272078501338091, 0.272078501338091, 0.272078501338091, 0.272078501338091, 0.272078501338091, 0.272078501338091, 0.272078501338091, 0.272078501338091, 0.272078501338091, 0.272078501338091, 0.272078501338091, 0.272078501338091, 0.272078501338091]",0.0,288,301989888,17825792,64,1,319815680,4920241.230769231,4718592.0,17825792.0,0,0,0,prefix,"[[0, 1, 2, 3, 4, 5, 6, 7, 8], [0, 1, 2, 3, 4, 5, 6, 7, 8], [0, 1, 2, 3, 4, 5, 6, 7, 8], [0, 1, 2, 3, 4, 5, 6, 7, 8], [0, 1, 2, 3, 4, 5, 6, 7, 8], [0, 1, 2, 3, 4, 5, 6, 7, 8], [0, 1, 2, 3, 4, 5, 6, 7, 8], [0, 1, 2, 3, 4, 5, 6, 7, 8], [0, 1, 2, 3, 4, 5, 6, 7, 8], [0, 1, 2, 3, 4, 5, 6, 7, 8], [0, 1, 2, 3, 4, 5, 6, 7, 8], [0, 1, 2, 3, 4, 5, 6, 7, 8], [0, 1, 2, 3, 4, 5, 6, 7, 8], [0, 1, 2, 3, 4, 5, 6, 7, 8], [0, 1, 2, 3, 4, 5, 6, 7, 8], [0, 1, 2, 3, 4, 5, 6, 7, 8], [0, 1, 2, 3, 4, 5, 6, 7, 8], [0, 1, 2, 3, 4, 5, 6, 7, 8], [0, 1, 2, 3, 4, 5, 6, 7, 8], [0, 1, 2, 3, 4, 5, 6, 7, 8], [0, 1, 2, 3, 4, 5, 6, 7, 8], [0, 1, 2, 3, 4, 5, 6, 7, 8], [0, 1, 2, 3, 4, 5, 6, 7, 8], [0, 1, 2, 3, 4, 5, 6, 7, 8], [0, 1, 2, 3, 4, 5, 6, 7, 8], [0, 1, 2, 3, 4, 5, 6, 7, 8], [0, 1, 2, 3, 4, 5, 6, 7, 8], [0, 1, 2, 3, 4, 5, 6, 7, 8], [0, 1, 2, 3, 4, 5, 6, 7, 8], [0, 1, 2, 3, 4, 5, 6, 7, 8], [0, 1, 2, 3, 4, 5, 6, 7, 8], [0, 1, 2, 3, 4, 5, 6, 7, 8]]",sidecar,True,raster,0
gqa,fullload,FullLoad,1.0,full,n199286,201439703,What animal is to the left of the girl?,Chicken,"[""horse""]",0.0,678,3,raster,0,fullload,,503.5212100483477,,,855.3609509253874,860.1506639970466,38.69839501567185,898.8490590127185,1175453696,2304,64,,805.9366882080212,,,1.0,1.0,null,0.0,,1175453696,0,64,0,1175453696,18366464.0,18366464.0,0.0,,,,,null,,,,0
gqa,layout_prefix_chunk,Layout+Prefix,0.25,chunk,n199286,201439703,What animal is to the left of the girl?,The image shows a bowl of soup and a plate of toast. The,"[""horse""]",0.0,450,16,raster,0,prefix,0.1632302301004529,181.5244365716353,44.34402519837022,255.74388098903,35.54209403228015,291.3287410046905,271.6274650301784,562.956206034869,319815680,576,65,205.93126525636762,0.0,9.0,36,0.25,0.272078501338091,"[0.272078501338091, 0.272078501338091, 0.272078501338091, 0.272078501338091, 0.272078501338091, 0.272078501338091, 0.272078501338091, 0.272078501338091, 0.272078501338091, 0.272078501338091, 0.272078501338091, 0.272078501338091, 0.272078501338091, 0.272078501338091, 0.272078501338091, 0.272078501338091, 0.272078501338091, 0.272078501338091, 0.272078501338091, 0.272078501338091, 0.272078501338091, 0.272078501338091, 0.272078501338091, 0.272078501338091, 0.272078501338091, 0.272078501338091, 0.272078501338091, 0.272078501338091, 0.272078501338091, 0.272078501338091, 0.272078501338091, 0.272078501338091]",0.0,288,301989888,17825792,64,1,319815680,4920241.230769231,4718592.0,17825792.0,0,0,0,prefix,"[[0, 1, 2, 3, 4, 5, 6, 7, 8], [0, 1, 2, 3, 4, 5, 6, 7, 8], [0, 1, 2, 3, 4, 5, 6, 7, 8], [0, 1, 2, 3, 4, 5, 6, 7, 8], [0, 1, 2, 3, 4, 5, 6, 7, 8], [0, 1, 2, 3, 4, 5, 6, 7, 8], [0, 1, 2, 3, 4, 5, 6, 7, 8], [0, 1, 2, 3, 4, 5, 6, 7, 8], [0, 1, 2, 3, 4, 5, 6, 7, 8], [0, 1, 2, 3, 4, 5, 6, 7, 8], [0, 1, 2, 3, 4, 5, 6, 7, 8], [0, 1, 2, 3, 4, 5, 6, 7, 8], [0, 1, 2, 3, 4, 5, 6, 7, 8], [0, 1, 2, 3, 4, 5, 6, 7, 8], [0, 1, 2, 3, 4, 5, 6, 7, 8], [0, 1, 2, 3, 4, 5, 6, 7, 8], [0, 1, 2, 3, 4, 5, 6, 7, 8], [0, 1, 2, 3, 4, 5, 6, 7, 8], [0, 1, 2, 3, 4, 5, 6, 7, 8], [0, 1, 2, 3, 4, 5, 6, 7, 8], [0, 1, 2, 3, 4, 5, 6, 7, 8], [0, 1, 2, 3, 4, 5, 6, 7, 8], [0, 1, 2, 3, 4, 5, 6, 7, 8], [0, 1, 2, 3, 4, 5, 6, 7, 8], [0, 1, 2, 3, 4, 5, 6, 7, 8], [0, 1, 2, 3, 4, 5, 6, 7, 8], [0, 1, 2, 3, 4, 5, 6, 7, 8], [0, 1, 2, 3, 4, 5, 6, 7, 8], [0, 1, 2, 3, 4, 5, 6, 7, 8], [0, 1, 2, 3, 4, 5, 6, 7, 8], [0, 1, 2, 3, 4, 5, 6, 7, 8], [0, 1, 2, 3, 4, 5, 6, 7, 8]]",sidecar,True,raster,0
gqa,fullload,FullLoad,1.0,full,n199286,201439727,Do the shorts have dark color and large size?,No,"[""no""]",1.0,1939,2,raster,0,fullload,,527.106124907732,,,901.8397900508717,906.5549749648198,20.595115958712995,927.1500909235328,1175453696,2304,64,,850.5309723550454,,,1.0,1.0,null,0.0,,1175453696,0,64,0,1175453696,18366464.0,18366464.0,0.0,,,,,null,,,,0
gqa,layout_prefix_chunk,Layout+Prefix,0.25,chunk,n199286,201439727,Do the shorts have dark color and large size?,The image shows a bowl of soup and a plate of toast. The,"[""no""]",0.0,450,16,raster,0,prefix,0.24225993547588587,172.30722587555647,55.11373793706298,264.9564730236307,51.67407693807036,316.6962929535657,267.99604506231844,584.6923380158842,319815680,576,65,203.91947566531599,0.0,9.0,36,0.25,0.272078501338091,"[0.272078501338091, 0.272078501338091, 0.272078501338091, 0.272078501338091, 0.272078501338091, 0.272078501338091, 0.272078501338091, 0.272078501338091, 0.272078501338091, 0.272078501338091, 0.272078501338091, 0.272078501338091, 0.272078501338091, 0.272078501338091, 0.272078501338091, 0.272078501338091, 0.272078501338091, 0.272078501338091, 0.272078501338091, 0.272078501338091, 0.272078501338091, 0.272078501338091, 0.272078501338091, 0.272078501338091, 0.272078501338091, 0.272078501338091, 0.272078501338091, 0.272078501338091, 0.272078501338091, 0.272078501338091, 0.272078501338091, 0.272078501338091]",0.0,288,301989888,17825792,64,1,319815680,4920241.230769231,4718592.0,17825792.0,0,0,0,prefix,"[[0, 1, 2, 3, 4, 5, 6, 7, 8], [0, 1, 2, 3, 4, 5, 6, 7, 8], [0, 1, 2, 3, 4, 5, 6, 7, 8], [0, 1, 2, 3, 4, 5, 6, 7, 8], [0, 1, 2, 3, 4, 5, 6, 7, 8], [0, 1, 2, 3, 4, 5, 6, 7, 8], [0, 1, 2, 3, 4, 5, 6, 7, 8], [0, 1, 2, 3, 4, 5, 6, 7, 8], [0, 1, 2, 3, 4, 5, 6, 7, 8], [0, 1, 2, 3, 4, 5, 6, 7, 8], [0, 1, 2, 3, 4, 5, 6, 7, 8], [0, 1, 2, 3, 4, 5, 6, 7, 8], [0, 1, 2, 3, 4, 5, 6, 7, 8], [0, 1, 2, 3, 4, 5, 6, 7, 8], [0, 1, 2, 3, 4, 5, 6, 7, 8], [0, 1, 2, 3, 4, 5, 6, 7, 8], [0, 1, 2, 3, 4, 5, 6, 7, 8], [0, 1, 2, 3, 4, 5, 6, 7, 8], [0, 1, 2, 3, 4, 5, 6, 7, 8], [0, 1, 2, 3, 4, 5, 6, 7, 8], [0, 1, 2, 3, 4, 5, 6, 7, 8], [0, 1, 2, 3, 4, 5, 6, 7, 8], [0, 1, 2, 3, 4, 5, 6, 7, 8], [0, 1, 2, 3, 4, 5, 6, 7, 8], [0, 1, 2, 3, 4, 5, 6, 7, 8], [0, 1, 2, 3, 4, 5, 6, 7, 8], [0, 1, 2, 3, 4, 5, 6, 7, 8], [0, 1, 2, 3, 4, 5, 6, 7, 8], [0, 1, 2, 3, 4, 5, 6, 7, 8], [0, 1, 2, 3, 4, 5, 6, 7, 8], [0, 1, 2, 3, 4, 5, 6, 7, 8], [0, 1, 2, 3, 4, 5, 6, 7, 8]]",sidecar,True,raster,0
gqa,fullload,FullLoad,1.0,full,n298104,201505104,What color are the mountains next to the ocean?,Green,"[""gray""]",0.0,7646,2,raster,0,fullload,,434.99531294219196,,,767.5395490368828,772.3395760403946,22.95431192032993,795.2938879607245,1132462080,2176,64,,724.4360387558118,,,1.0,1.0,null,0.0,,1132462080,0,64,0,1132462080,17694720.0,17694720.0,0.0,,,,,null,,,,0
gqa,layout_prefix_chunk,Layout+Prefix,0.25,chunk,n298104,201505104,What color are the mountains next to the ocean?,The image shows a person standing on a beach holding a surfboard. The,"[""gray""]",0.0,450,16,raster,0,prefix,0.21555693820118904,161.18696122430265,50.647376920096576,245.81545102410018,35.52490193396807,281.38874494470656,271.081569022499,552.4703139672056,293601280,512,65,189.46615292225033,0.0,8.0,34,0.23529411764705882,0.25925925925925924,"[0.25925925925925924, 0.25925925925925924, 0.25925925925925924, 0.25925925925925924, 0.25925925925925924, 0.25925925925925924, 0.25925925925925924, 0.25925925925925924, 0.25925925925925924, 0.25925925925925924, 0.25925925925925924, 0.25925925925925924, 0.25925925925925924, 0.25925925925925924, 0.25925925925925924, 0.25925925925925924, 0.25925925925925924, 0.25925925925925924, 0.25925925925925924, 0.25925925925925924, 0.25925925925925924, 0.25925925925925924, 0.25925925925925924, 0.25925925925925924, 0.25925925925925924, 0.25925925925925924, 0.25925925925925924, 0.25925925925925924, 0.25925925925925924, 0.25925925925925924, 0.25925925925925924, 0.25925925925925924]",0.0,256,268435456,25165824,64,1,293601280,4516942.769230769,4194304.0,25165824.0,0,0,0,prefix,"[[0, 1, 2, 3, 4, 5, 6, 7], [0, 1, 2, 3, 4, 5, 6, 7], [0, 1, 2, 3, 4, 5, 6, 7], [0, 1, 2, 3, 4, 5, 6, 7], [0, 1, 2, 3, 4, 5, 6, 7], [0, 1, 2, 3, 4, 5, 6, 7], [0, 1, 2, 3, 4, 5, 6, 7], [0, 1, 2, 3, 4, 5, 6, 7], [0, 1, 2, 3, 4, 5, 6, 7], [0, 1, 2, 3, 4, 5, 6, 7], [0, 1, 2, 3, 4, 5, 6, 7], [0, 1, 2, 3, 4, 5, 6, 7], [0, 1, 2, 3, 4, 5, 6, 7], [0, 1, 2, 3, 4, 5, 6, 7], [0, 1, 2, 3, 4, 5, 6, 7], [0, 1, 2, 3, 4, 5, 6, 7], [0, 1, 2, 3, 4, 5, 6, 7], [0, 1, 2, 3, 4, 5, 6, 7], [0, 1, 2, 3, 4, 5, 6, 7], [0, 1, 2, 3, 4, 5, 6, 7], [0, 1, 2, 3, 4, 5, 6, 7], [0, 1, 2, 3, 4, 5, 6, 7], [0, 1, 2, 3, 4, 5, 6, 7], [0, 1, 2, 3, 4, 5, 6, 7], [0, 1, 2, 3, 4, 5, 6, 7], [0, 1, 2, 3, 4, 5, 6, 7], [0, 1, 2, 3, 4, 5, 6, 7], [0, 1, 2, 3, 4, 5, 6, 7], [0, 1, 2, 3, 4, 5, 6, 7], [0, 1, 2, 3, 4, 5, 6, 7], [0, 1, 2, 3, 4, 5, 6, 7], [0, 1, 2, 3, 4, 5, 6, 7]]",sidecar,True,raster,0
gqa,fullload,FullLoad,1.0,full,n298104,201505196,How large is the sand?,Small,"[""large""]",0.0,18285,2,raster,0,fullload,,423.75127342529595,,,727.6008679764345,732.4082549894229,19.30737996008247,751.7156349495053,1132462080,2176,64,,683.1618180731311,,,1.0,1.0,null,0.0,,1132462080,0,64,0,1132462080,17694720.0,17694720.0,0.0,,,,,null,,,,0
gqa,layout_prefix_chunk,Layout+Prefix,0.25,chunk,n298104,201505196,How large is the sand?,The image shows a person standing on a beach holding a surfboard. The,"[""large""]",0.0,450,16,raster,0,prefix,0.21920166909694672,154.0346690453589,50.16540421638638,234.51738094445318,44.435944058932364,279.0143690072,271.2751269573346,550.2894959645346,293601280,512,65,178.66946512367576,0.0,8.0,34,0.23529411764705882,0.25925925925925924,"[0.25925925925925924, 0.25925925925925924, 0.25925925925925924, 0.25925925925925924, 0.25925925925925924, 0.25925925925925924, 0.25925925925925924, 0.25925925925925924, 0.25925925925925924, 0.25925925925925924, 0.25925925925925924, 0.25925925925925924, 0.25925925925925924, 0.25925925925925924, 0.25925925925925924, 0.25925925925925924, 0.25925925925925924, 0.25925925925925924, 0.25925925925925924, 0.25925925925925924, 0.25925925925925924, 0.25925925925925924, 0.25925925925925924, 0.25925925925925924, 0.25925925925925924, 0.25925925925925924, 0.25925925925925924, 0.25925925925925924, 0.25925925925925924, 0.25925925925925924, 0.25925925925925924, 0.25925925925925924]",0.0,256,268435456,25165824,64,1,293601280,4516942.769230769,4194304.0,25165824.0,0,0,0,prefix,"[[0, 1, 2, 3, 4, 5, 6, 7], [0, 1, 2, 3, 4, 5, 6, 7], [0, 1, 2, 3, 4, 5, 6, 7], [0, 1, 2, 3, 4, 5, 6, 7], [0, 1, 2, 3, 4, 5, 6, 7], [0, 1, 2, 3, 4, 5, 6, 7], [0, 1, 2, 3, 4, 5, 6, 7], [0, 1, 2, 3, 4, 5, 6, 7], [0, 1, 2, 3, 4, 5, 6, 7], [0, 1, 2, 3, 4, 5, 6, 7], [0, 1, 2, 3, 4, 5, 6, 7], [0, 1, 2, 3, 4, 5, 6, 7], [0, 1, 2, 3, 4, 5, 6, 7], [0, 1, 2, 3, 4, 5, 6, 7], [0, 1, 2, 3, 4, 5, 6, 7], [0, 1, 2, 3, 4, 5, 6, 7], [0, 1, 2, 3, 4, 5, 6, 7], [0, 1, 2, 3, 4, 5, 6, 7], [0, 1, 2, 3, 4, 5, 6, 7], [0, 1, 2, 3, 4, 5, 6, 7], [0, 1, 2, 3, 4, 5, 6, 7], [0, 1, 2, 3, 4, 5, 6, 7], [0, 1, 2, 3, 4, 5, 6, 7], [0, 1, 2, 3, 4, 5, 6, 7], [0, 1, 2, 3, 4, 5, 6, 7], [0, 1, 2, 3, 4, 5, 6, 7], [0, 1, 2, 3, 4, 5, 6, 7], [0, 1, 2, 3, 4, 5, 6, 7], [0, 1, 2, 3, 4, 5, 6, 7], [0, 1, 2, 3, 4, 5, 6, 7], [0, 1, 2, 3, 4, 5, 6, 7], [0, 1, 2, 3, 4, 5, 6, 7]]",sidecar,True,raster,0
gqa,fullload,FullLoad,1.0,full,n298104,201504797,Does the shirt look short sleeved or long sleeved?,Short sleeved,"[""short sleeved""]",1.0,13899,5,raster,0,fullload,,486.44129023887217,,,851.189540931955,855.8228529291227,72.78590800706297,928.6087609361857,1132462080,2176,64,,801.0294053237885,,,1.0,1.0,null,0.0,,1132462080,0,64,0,1132462080,17694720.0,17694720.0,0.0,,,,,null,,,,0
gqa,layout_prefix_chunk,Layout+Prefix,0.25,chunk,n298104,201504797,Does the shirt look short sleeved or long sleeved?,The image shows a person standing on a beach holding a surfboard. The,"[""short sleeved""]",0.0,450,16,raster,0,prefix,0.23921881802380085,164.47252943180501,54.34456386137754,255.1709049148485,44.3434949265793,299.57479890435934,270.56654007174075,570.1413389761001,293601280,512,65,194.94029588531703,0.0,8.0,34,0.23529411764705882,0.25925925925925924,"[0.25925925925925924, 0.25925925925925924, 0.25925925925925924, 0.25925925925925924, 0.25925925925925924, 0.25925925925925924, 0.25925925925925924, 0.25925925925925924, 0.25925925925925924, 0.25925925925925924, 0.25925925925925924, 0.25925925925925924, 0.25925925925925924, 0.25925925925925924, 0.25925925925925924, 0.25925925925925924, 0.25925925925925924, 0.25925925925925924, 0.25925925925925924, 0.25925925925925924, 0.25925925925925924, 0.25925925925925924, 0.25925925925925924, 0.25925925925925924, 0.25925925925925924, 0.25925925925925924, 0.25925925925925924, 0.25925925925925924, 0.25925925925925924, 0.25925925925925924, 0.25925925925925924, 0.25925925925925924]",0.0,256,268435456,25165824,64,1,293601280,4516942.769230769,4194304.0,25165824.0,0,0,0,prefix,"[[0, 1, 2, 3, 4, 5, 6, 7], [0, 1, 2, 3, 4, 5, 6, 7], [0, 1, 2, 3, 4, 5, 6, 7], [0, 1, 2, 3, 4, 5, 6, 7], [0, 1, 2, 3, 4, 5, 6, 7], [0, 1, 2, 3, 4, 5, 6, 7], [0, 1, 2, 3, 4, 5, 6, 7], [0, 1, 2, 3, 4, 5, 6, 7], [0, 1, 2, 3, 4, 5, 6, 7], [0, 1, 2, 3, 4, 5, 6, 7], [0, 1, 2, 3, 4, 5, 6, 7], [0, 1, 2, 3, 4, 5, 6, 7], [0, 1, 2, 3, 4, 5, 6, 7], [0, 1, 2, 3, 4, 5, 6, 7], [0, 1, 2, 3, 4, 5, 6, 7], [0, 1, 2, 3, 4, 5, 6, 7], [0, 1, 2, 3, 4, 5, 6, 7], [0, 1, 2, 3, 4, 5, 6, 7], [0, 1, 2, 3, 4, 5, 6, 7], [0, 1, 2, 3, 4, 5, 6, 7], [0, 1, 2, 3, 4, 5, 6, 7], [0, 1, 2, 3, 4, 5, 6, 7], [0, 1, 2, 3, 4, 5, 6, 7], [0, 1, 2, 3, 4, 5, 6, 7], [0, 1, 2, 3, 4, 5, 6, 7], [0, 1, 2, 3, 4, 5, 6, 7], [0, 1, 2, 3, 4, 5, 6, 7], [0, 1, 2, 3, 4, 5, 6, 7], [0, 1, 2, 3, 4, 5, 6, 7], [0, 1, 2, 3, 4, 5, 6, 7], [0, 1, 2, 3, 4, 5, 6, 7], [0, 1, 2, 3, 4, 5, 6, 7]]",sidecar,True,raster,0
gqa,fullload,FullLoad,1.0,full,n298104,201504720,How big is the flower on the surfboard?,Small,"[""small""]",1.0,18285,2,raster,0,fullload,,457.2546280687675,,,805.9659489663318,810.645908000879,19.27654503379017,829.9224530346692,1132462080,2176,64,,760.7401544228196,,,1.0,1.0,null,0.0,,1132462080,0,64,0,1132462080,17694720.0,17694720.0,0.0,,,,,null,,,,0
gqa,layout_prefix_chunk,Layout+Prefix,0.25,chunk,n298104,201504720,How big is the flower on the surfboard?,The image shows a person standing on a beach holding a surfboard. The,"[""small""]",0.0,450,16,raster,0,prefix,0.19598205108195543,153.97715906146914,47.49292752239853,233.5785690229386,39.192439056932926,272.83435803838074,278.4941009012982,551.328458939679,293601280,512,65,180.51250791177154,0.0,8.0,34,0.23529411764705882,0.25925925925925924,"[0.25925925925925924, 0.25925925925925924, 0.25925925925925924, 0.25925925925925924, 0.25925925925925924, 0.25925925925925924, 0.25925925925925924, 0.25925925925925924, 0.25925925925925924, 0.25925925925925924, 0.25925925925925924, 0.25925925925925924, 0.25925925925925924, 0.25925925925925924, 0.25925925925925924, 0.25925925925925924, 0.25925925925925924, 0.25925925925925924, 0.25925925925925924, 0.25925925925925924, 0.25925925925925924, 0.25925925925925924, 0.25925925925925924, 0.25925925925925924, 0.25925925925925924, 0.25925925925925924, 0.25925925925925924, 0.25925925925925924, 0.25925925925925924, 0.25925925925925924, 0.25925925925925924, 0.25925925925925924]",0.0,256,268435456,25165824,64,1,293601280,4516942.769230769,4194304.0,25165824.0,0,0,0,prefix,"[[0, 1, 2, 3, 4, 5, 6, 7], [0, 1, 2, 3, 4, 5, 6, 7], [0, 1, 2, 3, 4, 5, 6, 7], [0, 1, 2, 3, 4, 5, 6, 7], [0, 1, 2, 3, 4, 5, 6, 7], [0, 1, 2, 3, 4, 5, 6, 7], [0, 1, 2, 3, 4, 5, 6, 7], [0, 1, 2, 3, 4, 5, 6, 7], [0, 1, 2, 3, 4, 5, 6, 7], [0, 1, 2, 3, 4, 5, 6, 7], [0, 1, 2, 3, 4, 5, 6, 7], [0, 1, 2, 3, 4, 5, 6, 7], [0, 1, 2, 3, 4, 5, 6, 7], [0, 1, 2, 3, 4, 5, 6, 7], [0, 1, 2, 3, 4, 5, 6, 7], [0, 1, 2, 3, 4, 5, 6, 7], [0, 1, 2, 3, 4, 5, 6, 7], [0, 1, 2, 3, 4, 5, 6, 7], [0, 1, 2, 3, 4, 5, 6, 7], [0, 1, 2, 3, 4, 5, 6, 7], [0, 1, 2, 3, 4, 5, 6, 7], [0, 1, 2, 3, 4, 5, 6, 7], [0, 1, 2, 3, 4, 5, 6, 7], [0, 1, 2, 3, 4, 5, 6, 7], [0, 1, 2, 3, 4, 5, 6, 7], [0, 1, 2, 3, 4, 5, 6, 7], [0, 1, 2, 3, 4, 5, 6, 7], [0, 1, 2, 3, 4, 5, 6, 7], [0, 1, 2, 3, 4, 5, 6, 7], [0, 1, 2, 3, 4, 5, 6, 7], [0, 1, 2, 3, 4, 5, 6, 7], [0, 1, 2, 3, 4, 5, 6, 7]]",sidecar,True,raster,0
gqa,fullload,FullLoad,1.0,full,n298104,201504921,What is the thin person standing behind of?,Surfboard,"[""sign""]",0.0,6298,4,raster,0,fullload,,476.29181400407106,,,836.0346449771896,840.7024199841544,56.55956908594817,897.2619890701026,1132462080,2176,64,,786.0871922457591,,,1.0,1.0,null,0.0,,1132462080,0,64,0,1132462080,17694720.0,17694720.0,0.0,,,,,null,,,,0
gqa,layout_prefix_chunk,Layout+Prefix,0.25,chunk,n298104,201504921,What is the thin person standing behind of?,The image shows a person standing on a beach holding a surfboard. The,"[""sign""]",0.0,450,16,raster,0,prefix,0.23148255422711372,168.91610040329397,52.968888194300234,257.60032096877694,47.84086404833943,305.50467397551984,270.5444369930774,576.0491109685972,293601280,512,65,198.8729665754363,0.0,8.0,34,0.23529411764705882,0.25925925925925924,"[0.25925925925925924, 0.25925925925925924, 0.25925925925925924, 0.25925925925925924, 0.25925925925925924, 0.25925925925925924, 0.25925925925925924, 0.25925925925925924, 0.25925925925925924, 0.25925925925925924, 0.25925925925925924, 0.25925925925925924, 0.25925925925925924, 0.25925925925925924, 0.25925925925925924, 0.25925925925925924, 0.25925925925925924, 0.25925925925925924, 0.25925925925925924, 0.25925925925925924, 0.25925925925925924, 0.25925925925925924, 0.25925925925925924, 0.25925925925925924, 0.25925925925925924, 0.25925925925925924, 0.25925925925925924, 0.25925925925925924, 0.25925925925925924, 0.25925925925925924, 0.25925925925925924, 0.25925925925925924]",0.0,256,268435456,25165824,64,1,293601280,4516942.769230769,4194304.0,25165824.0,0,0,0,prefix,"[[0, 1, 2, 3, 4, 5, 6, 7], [0, 1, 2, 3, 4, 5, 6, 7], [0, 1, 2, 3, 4, 5, 6, 7], [0, 1, 2, 3, 4, 5, 6, 7], [0, 1, 2, 3, 4, 5, 6, 7], [0, 1, 2, 3, 4, 5, 6, 7], [0, 1, 2, 3, 4, 5, 6, 7], [0, 1, 2, 3, 4, 5, 6, 7], [0, 1, 2, 3, 4, 5, 6, 7], [0, 1, 2, 3, 4, 5, 6, 7], [0, 1, 2, 3, 4, 5, 6, 7], [0, 1, 2, 3, 4, 5, 6, 7], [0, 1, 2, 3, 4, 5, 6, 7], [0, 1, 2, 3, 4, 5, 6, 7], [0, 1, 2, 3, 4, 5, 6, 7], [0, 1, 2, 3, 4, 5, 6, 7], [0, 1, 2, 3, 4, 5, 6, 7], [0, 1, 2, 3, 4, 5, 6, 7], [0, 1, 2, 3, 4, 5, 6, 7], [0, 1, 2, 3, 4, 5, 6, 7], [0, 1, 2, 3, 4, 5, 6, 7], [0, 1, 2, 3, 4, 5, 6, 7], [0, 1, 2, 3, 4, 5, 6, 7], [0, 1, 2, 3, 4, 5, 6, 7], [0, 1, 2, 3, 4, 5, 6, 7], [0, 1, 2, 3, 4, 5, 6, 7], [0, 1, 2, 3, 4, 5, 6, 7], [0, 1, 2, 3, 4, 5, 6, 7], [0, 1, 2, 3, 4, 5, 6, 7], [0, 1, 2, 3, 4, 5, 6, 7], [0, 1, 2, 3, 4, 5, 6, 7], [0, 1, 2, 3, 4, 5, 6, 7]]",sidecar,True,raster,0
gqa,fullload,FullLoad,1.0,full,n298104,201504737,What is on the surfboard behind the sign?,Flower,"[""flower""]",1.0,383,3,raster,0,fullload,,463.90767209231853,,,813.1370730698109,817.824286990799,37.425860995426774,855.2501479862258,1132462080,2176,64,,765.215766034089,,,1.0,1.0,null,0.0,,1132462080,0,64,0,1132462080,17694720.0,17694720.0,0.0,,,,,null,,,,0
gqa,layout_prefix_chunk,Layout+Prefix,0.25,chunk,n298104,201504737,What is on the surfboard behind the sign?,The image shows a person standing on a beach holding a surfboard. The,"[""flower""]",0.0,450,16,raster,0,prefix,0.2271072007715702,165.83065153099597,53.74234833288938,255.92924701049924,42.64977003913373,298.64319902844727,271.2993919849396,569.9425910133868,293601280,512,65,196.48404652252793,0.0,8.0,34,0.23529411764705882,0.25925925925925924,"[0.25925925925925924, 0.25925925925925924, 0.25925925925925924, 0.25925925925925924, 0.25925925925925924, 0.25925925925925924, 0.25925925925925924, 0.25925925925925924, 0.25925925925925924, 0.25925925925925924, 0.25925925925925924, 0.25925925925925924, 0.25925925925925924, 0.25925925925925924, 0.25925925925925924, 0.25925925925925924, 0.25925925925925924, 0.25925925925925924, 0.25925925925925924, 0.25925925925925924, 0.25925925925925924, 0.25925925925925924, 0.25925925925925924, 0.25925925925925924, 0.25925925925925924, 0.25925925925925924, 0.25925925925925924, 0.25925925925925924, 0.25925925925925924, 0.25925925925925924, 0.25925925925925924, 0.25925925925925924]",0.0,256,268435456,25165824,64,1,293601280,4516942.769230769,4194304.0,25165824.0,0,0,0,prefix,"[[0, 1, 2, 3, 4, 5, 6, 7], [0, 1, 2, 3, 4, 5, 6, 7], [0, 1, 2, 3, 4, 5, 6, 7], [0, 1, 2, 3, 4, 5, 6, 7], [0, 1, 2, 3, 4, 5, 6, 7], [0, 1, 2, 3, 4, 5, 6, 7], [0, 1, 2, 3, 4, 5, 6, 7], [0, 1, 2, 3, 4, 5, 6, 7], [0, 1, 2, 3, 4, 5, 6, 7], [0, 1, 2, 3, 4, 5, 6, 7], [0, 1, 2, 3, 4, 5, 6, 7], [0, 1, 2, 3, 4, 5, 6, 7], [0, 1, 2, 3, 4, 5, 6, 7], [0, 1, 2, 3, 4, 5, 6, 7], [0, 1, 2, 3, 4, 5, 6, 7], [0, 1, 2, 3, 4, 5, 6, 7], [0, 1, 2, 3, 4, 5, 6, 7], [0, 1, 2, 3, 4, 5, 6, 7], [0, 1, 2, 3, 4, 5, 6, 7], [0, 1, 2, 3, 4, 5, 6, 7], [0, 1, 2, 3, 4, 5, 6, 7], [0, 1, 2, 3, 4, 5, 6, 7], [0, 1, 2, 3, 4, 5, 6, 7], [0, 1, 2, 3, 4, 5, 6, 7], [0, 1, 2, 3, 4, 5, 6, 7], [0, 1, 2, 3, 4, 5, 6, 7], [0, 1, 2, 3, 4, 5, 6, 7], [0, 1, 2, 3, 4, 5, 6, 7], [0, 1, 2, 3, 4, 5, 6, 7], [0, 1, 2, 3, 4, 5, 6, 7], [0, 1, 2, 3, 4, 5, 6, 7], [0, 1, 2, 3, 4, 5, 6, 7]]",sidecar,True,raster,0
gqa,fullload,FullLoad,1.0,full,n166008,20240972,Do the customers appear to be waiting?,Yes,"[""yes""]",1.0,3869,2,raster,0,fullload,,539.3266374012455,,,894.5724869845435,899.5939120650291,18.984930007718503,918.5788420727476,1226833920,2368,64,,844.4182781968266,,,1.0,1.0,null,0.0,,1226833920,0,64,0,1226833920,19169280.0,19169280.0,0.0,,,,,null,,,,0
gqa,layout_prefix_chunk,Layout+Prefix,0.25,chunk,n166008,20240972,Do the customers appear to be waiting?,The man in the image is eating a sandwich.,"[""yes""]",0.0,450,13,raster,0,prefix,0.21852843929082155,169.57271622959524,53.0671828892082,257.4526619864628,63.68021003436297,321.1958030005917,215.25138500146568,536.4471880020574,320864256,576,65,198.49891704507172,0.0,9.0,37,0.24324324324324326,0.26153846153846155,"[0.26153846153846155, 0.26153846153846155, 0.26153846153846155, 0.26153846153846155, 0.26153846153846155, 0.26153846153846155, 0.26153846153846155, 0.26153846153846155, 0.26153846153846155, 0.26153846153846155, 0.26153846153846155, 0.26153846153846155, 0.26153846153846155, 0.26153846153846155, 0.26153846153846155, 0.26153846153846155, 0.26153846153846155, 0.26153846153846155, 0.26153846153846155, 0.26153846153846155, 0.26153846153846155, 0.26153846153846155, 0.26153846153846155, 0.26153846153846155, 0.26153846153846155, 0.26153846153846155, 0.26153846153846155, 0.26153846153846155, 0.26153846153846155, 0.26153846153846155, 0.26153846153846155, 0.26153846153846155]",0.0,288,301989888,18874368,64,1,320864256,4936373.169230769,4718592.0,18874368.0,0,0,0,prefix,"[[0, 1, 2, 3, 4, 5, 6, 7, 8], [0, 1, 2, 3, 4, 5, 6, 7, 8], [0, 1, 2, 3, 4, 5, 6, 7, 8], [0, 1, 2, 3, 4, 5, 6, 7, 8], [0, 1, 2, 3, 4, 5, 6, 7, 8], [0, 1, 2, 3, 4, 5, 6, 7, 8], [0, 1, 2, 3, 4, 5, 6, 7, 8], [0, 1, 2, 3, 4, 5, 6, 7, 8], [0, 1, 2, 3, 4, 5, 6, 7, 8], [0, 1, 2, 3, 4, 5, 6, 7, 8], [0, 1, 2, 3, 4, 5, 6, 7, 8], [0, 1, 2, 3, 4, 5, 6, 7, 8], [0, 1, 2, 3, 4, 5, 6, 7, 8], [0, 1, 2, 3, 4, 5, 6, 7, 8], [0, 1, 2, 3, 4, 5, 6, 7, 8], [0, 1, 2, 3, 4, 5, 6, 7, 8], [0, 1, 2, 3, 4, 5, 6, 7, 8], [0, 1, 2, 3, 4, 5, 6, 7, 8], [0, 1, 2, 3, 4, 5, 6, 7, 8], [0, 1, 2, 3, 4, 5, 6, 7, 8], [0, 1, 2, 3, 4, 5, 6, 7, 8], [0, 1, 2, 3, 4, 5, 6, 7, 8], [0, 1, 2, 3, 4, 5, 6, 7, 8], [0, 1, 2, 3, 4, 5, 6, 7, 8], [0, 1, 2, 3, 4, 5, 6, 7, 8], [0, 1, 2, 3, 4, 5, 6, 7, 8], [0, 1, 2, 3, 4, 5, 6, 7, 8], [0, 1, 2, 3, 4, 5, 6, 7, 8], [0, 1, 2, 3, 4, 5, 6, 7, 8], [0, 1, 2, 3, 4, 5, 6, 7, 8], [0, 1, 2, 3, 4, 5, 6, 7, 8], [0, 1, 2, 3, 4, 5, 6, 7, 8]]",sidecar,True,raster,0
gqa,fullload,FullLoad,1.0,full,n166008,20240975,Who is waiting?,People,"[""customers""]",0.0,11647,2,raster,0,fullload,,529.7240550862625,,,879.2305620154366,884.1006830334663,18.992905039340258,903.0935880728066,1226833920,2368,64,,830.1831708522514,,,1.0,1.0,null,0.0,,1226833920,0,64,0,1226833920,19169280.0,19169280.0,0.0,,,,,null,,,,0
gqa,layout_prefix_chunk,Layout+Prefix,0.25,chunk,n166008,20240975,Who is waiting?,The man in the image is eating a sandwich.,"[""customers""]",0.0,450,13,raster,0,prefix,0.21019880659878254,158.63490046467632,45.927904662676156,234.93159899953753,39.901785901747644,274.89693788811564,217.5764370476827,492.47337493579835,320864256,576,65,183.28007368836552,0.0,9.0,37,0.24324324324324326,0.26153846153846155,"[0.26153846153846155, 0.26153846153846155, 0.26153846153846155, 0.26153846153846155, 0.26153846153846155, 0.26153846153846155, 0.26153846153846155, 0.26153846153846155, 0.26153846153846155, 0.26153846153846155, 0.26153846153846155, 0.26153846153846155, 0.26153846153846155, 0.26153846153846155, 0.26153846153846155, 0.26153846153846155, 0.26153846153846155, 0.26153846153846155, 0.26153846153846155, 0.26153846153846155, 0.26153846153846155, 0.26153846153846155, 0.26153846153846155, 0.26153846153846155, 0.26153846153846155, 0.26153846153846155, 0.26153846153846155, 0.26153846153846155, 0.26153846153846155, 0.26153846153846155, 0.26153846153846155, 0.26153846153846155]",0.0,288,301989888,18874368,64,1,320864256,4936373.169230769,4718592.0,18874368.0,0,0,0,prefix,"[[0, 1, 2, 3, 4, 5, 6, 7, 8], [0, 1, 2, 3, 4, 5, 6, 7, 8], [0, 1, 2, 3, 4, 5, 6, 7, 8], [0, 1, 2, 3, 4, 5, 6, 7, 8], [0, 1, 2, 3, 4, 5, 6, 7, 8], [0, 1, 2, 3, 4, 5, 6, 7, 8], [0, 1, 2, 3, 4, 5, 6, 7, 8], [0, 1, 2, 3, 4, 5, 6, 7, 8], [0, 1, 2, 3, 4, 5, 6, 7, 8], [0, 1, 2, 3, 4, 5, 6, 7, 8], [0, 1, 2, 3, 4, 5, 6, 7, 8], [0, 1, 2, 3, 4, 5, 6, 7, 8], [0, 1, 2, 3, 4, 5, 6, 7, 8], [0, 1, 2, 3, 4, 5, 6, 7, 8], [0, 1, 2, 3, 4, 5, 6, 7, 8], [0, 1, 2, 3, 4, 5, 6, 7, 8], [0, 1, 2, 3, 4, 5, 6, 7, 8], [0, 1, 2, 3, 4, 5, 6, 7, 8], [0, 1, 2, 3, 4, 5, 6, 7, 8], [0, 1, 2, 3, 4, 5, 6, 7, 8], [0, 1, 2, 3, 4, 5, 6, 7, 8], [0, 1, 2, 3, 4, 5, 6, 7, 8], [0, 1, 2, 3, 4, 5, 6, 7, 8], [0, 1, 2, 3, 4, 5, 6, 7, 8], [0, 1, 2, 3, 4, 5, 6, 7, 8], [0, 1, 2, 3, 4, 5, 6, 7, 8], [0, 1, 2, 3, 4, 5, 6, 7, 8], [0, 1, 2, 3, 4, 5, 6, 7, 8], [0, 1, 2, 3, 4, 5, 6, 7, 8], [0, 1, 2, 3, 4, 5, 6, 7, 8], [0, 1, 2, 3, 4, 5, 6, 7, 8], [0, 1, 2, 3, 4, 5, 6, 7, 8]]",sidecar,True,raster,0
gqa,fullload,FullLoad,1.0,full,n166008,20240976,Is there any beer in this photo?,No,"[""no""]",1.0,1939,2,raster,0,fullload,,507.3759112274274,,,853.4387920517474,858.310790034011,18.984319060109556,877.2951090941206,1226833920,2368,64,,809.4038252020255,,,1.0,1.0,null,0.0,,1226833920,0,64,0,1226833920,19169280.0,19169280.0,0.0,,,,,null,,,,0
gqa,layout_prefix_chunk,Layout+Prefix,0.25,chunk,n166008,20240976,Is there any beer in this photo?,The man in the image is eating a sandwich.,"[""no""]",0.0,450,13,raster,0,prefix,0.165326870046556,152.5109907379374,42.72722790483385,223.74934796243906,34.852131037041545,258.64885898772627,218.81875803228468,477.46761702001095,320864256,576,65,175.47914164606482,0.0,9.0,37,0.24324324324324326,0.26153846153846155,"[0.26153846153846155, 0.26153846153846155, 0.26153846153846155, 0.26153846153846155, 0.26153846153846155, 0.26153846153846155, 0.26153846153846155, 0.26153846153846155, 0.26153846153846155, 0.26153846153846155, 0.26153846153846155, 0.26153846153846155, 0.26153846153846155, 0.26153846153846155, 0.26153846153846155, 0.26153846153846155, 0.26153846153846155, 0.26153846153846155, 0.26153846153846155, 0.26153846153846155, 0.26153846153846155, 0.26153846153846155, 0.26153846153846155, 0.26153846153846155, 0.26153846153846155, 0.26153846153846155, 0.26153846153846155, 0.26153846153846155, 0.26153846153846155, 0.26153846153846155, 0.26153846153846155, 0.26153846153846155]",0.0,288,301989888,18874368,64,1,320864256,4936373.169230769,4718592.0,18874368.0,0,0,0,prefix,"[[0, 1, 2, 3, 4, 5, 6, 7, 8], [0, 1, 2, 3, 4, 5, 6, 7, 8], [0, 1, 2, 3, 4, 5, 6, 7, 8], [0, 1, 2, 3, 4, 5, 6, 7, 8], [0, 1, 2, 3, 4, 5, 6, 7, 8], [0, 1, 2, 3, 4, 5, 6, 7, 8], [0, 1, 2, 3, 4, 5, 6, 7, 8], [0, 1, 2, 3, 4, 5, 6, 7, 8], [0, 1, 2, 3, 4, 5, 6, 7, 8], [0, 1, 2, 3, 4, 5, 6, 7, 8], [0, 1, 2, 3, 4, 5, 6, 7, 8], [0, 1, 2, 3, 4, 5, 6, 7, 8], [0, 1, 2, 3, 4, 5, 6, 7, 8], [0, 1, 2, 3, 4, 5, 6, 7, 8], [0, 1, 2, 3, 4, 5, 6, 7, 8], [0, 1, 2, 3, 4, 5, 6, 7, 8], [0, 1, 2, 3, 4, 5, 6, 7, 8], [0, 1, 2, 3, 4, 5, 6, 7, 8], [0, 1, 2, 3, 4, 5, 6, 7, 8], [0, 1, 2, 3, 4, 5, 6, 7, 8], [0, 1, 2, 3, 4, 5, 6, 7, 8], [0, 1, 2, 3, 4, 5, 6, 7, 8], [0, 1, 2, 3, 4, 5, 6, 7, 8], [0, 1, 2, 3, 4, 5, 6, 7, 8], [0, 1, 2, 3, 4, 5, 6, 7, 8], [0, 1, 2, 3, 4, 5, 6, 7, 8], [0, 1, 2, 3, 4, 5, 6, 7, 8], [0, 1, 2, 3, 4, 5, 6, 7, 8], [0, 1, 2, 3, 4, 5, 6, 7, 8], [0, 1, 2, 3, 4, 5, 6, 7, 8], [0, 1, 2, 3, 4, 5, 6, 7, 8], [0, 1, 2, 3, 4, 5, 6, 7, 8]]",sidecar,True,raster,0
gqa,fullload,FullLoad,1.0,full,n166008,20240957,What is underneath the glass?,Water,"[""table""]",0.0,13062,2,raster,0,fullload,,541.3030822528526,,,914.6856409497559,919.530289946124,19.06762702856213,938.5979169746861,1226833920,2368,64,,863.5891017038375,,,1.0,1.0,null,0.0,,1226833920,0,64,0,1226833920,19169280.0,19169280.0,0.0,,,,,null,,,,0
gqa,layout_prefix_chunk,Layout+Prefix,0.25,chunk,n166008,20240957,What is underneath the glass?,The man in the image is eating a sandwich.,"[""table""]",0.0,450,13,raster,0,prefix,0.25074928998947144,180.33853138331324,56.842582765966654,276.28575009293854,49.929788103327155,326.27794810105115,215.30348889064044,541.5814369916916,320864256,576,65,213.37935514748096,0.0,9.0,37,0.24324324324324326,0.26153846153846155,"[0.26153846153846155, 0.26153846153846155, 0.26153846153846155, 0.26153846153846155, 0.26153846153846155, 0.26153846153846155, 0.26153846153846155, 0.26153846153846155, 0.26153846153846155, 0.26153846153846155, 0.26153846153846155, 0.26153846153846155, 0.26153846153846155, 0.26153846153846155, 0.26153846153846155, 0.26153846153846155, 0.26153846153846155, 0.26153846153846155, 0.26153846153846155, 0.26153846153846155, 0.26153846153846155, 0.26153846153846155, 0.26153846153846155, 0.26153846153846155, 0.26153846153846155, 0.26153846153846155, 0.26153846153846155, 0.26153846153846155, 0.26153846153846155, 0.26153846153846155, 0.26153846153846155, 0.26153846153846155]",0.0,288,301989888,18874368,64,1,320864256,4936373.169230769,4718592.0,18874368.0,0,0,0,prefix,"[[0, 1, 2, 3, 4, 5, 6, 7, 8], [0, 1, 2, 3, 4, 5, 6, 7, 8], [0, 1, 2, 3, 4, 5, 6, 7, 8], [0, 1, 2, 3, 4, 5, 6, 7, 8], [0, 1, 2, 3, 4, 5, 6, 7, 8], [0, 1, 2, 3, 4, 5, 6, 7, 8], [0, 1, 2, 3, 4, 5, 6, 7, 8], [0, 1, 2, 3, 4, 5, 6, 7, 8], [0, 1, 2, 3, 4, 5, 6, 7, 8], [0, 1, 2, 3, 4, 5, 6, 7, 8], [0, 1, 2, 3, 4, 5, 6, 7, 8], [0, 1, 2, 3, 4, 5, 6, 7, 8], [0, 1, 2, 3, 4, 5, 6, 7, 8], [0, 1, 2, 3, 4, 5, 6, 7, 8], [0, 1, 2, 3, 4, 5, 6, 7, 8], [0, 1, 2, 3, 4, 5, 6, 7, 8], [0, 1, 2, 3, 4, 5, 6, 7, 8], [0, 1, 2, 3, 4, 5, 6, 7, 8], [0, 1, 2, 3, 4, 5, 6, 7, 8], [0, 1, 2, 3, 4, 5, 6, 7, 8], [0, 1, 2, 3, 4, 5, 6, 7, 8], [0, 1, 2, 3, 4, 5, 6, 7, 8], [0, 1, 2, 3, 4, 5, 6, 7, 8], [0, 1, 2, 3, 4, 5, 6, 7, 8], [0, 1, 2, 3, 4, 5, 6, 7, 8], [0, 1, 2, 3, 4, 5, 6, 7, 8], [0, 1, 2, 3, 4, 5, 6, 7, 8], [0, 1, 2, 3, 4, 5, 6, 7, 8], [0, 1, 2, 3, 4, 5, 6, 7, 8], [0, 1, 2, 3, 4, 5, 6, 7, 8], [0, 1, 2, 3, 4, 5, 6, 7, 8], [0, 1, 2, 3, 4, 5, 6, 7, 8]]",sidecar,True,raster,0
gqa,fullload,FullLoad,1.0,full,n166008,20240935,What is the item of furniture underneath the water bottle?,Table,"[""table""]",1.0,6137,2,raster,0,fullload,,488.9186235377565,,,812.1936619281769,817.0113950036466,19.008205039426684,836.0196000430733,1226833920,2368,64,,766.1551026394591,,,1.0,1.0,null,0.0,,1226833920,0,64,0,1226833920,19169280.0,19169280.0,0.0,,,,,null,,,,0
gqa,layout_prefix_chunk,Layout+Prefix,0.25,chunk,n166008,20240935,What is the item of furniture underneath the water bottle?,The man in the image is eating a sandwich.,"[""table""]",0.0,450,13,raster,0,prefix,0.14506338629871607,152.21426193602383,42.15902101714164,223.10280008241534,34.03113503009081,257.17770808842033,219.84476095531136,477.0224690437317,320864256,576,65,175.46990292612463,0.0,9.0,37,0.24324324324324326,0.26153846153846155,"[0.26153846153846155, 0.26153846153846155, 0.26153846153846155, 0.26153846153846155, 0.26153846153846155, 0.26153846153846155, 0.26153846153846155, 0.26153846153846155, 0.26153846153846155, 0.26153846153846155, 0.26153846153846155, 0.26153846153846155, 0.26153846153846155, 0.26153846153846155, 0.26153846153846155, 0.26153846153846155, 0.26153846153846155, 0.26153846153846155, 0.26153846153846155, 0.26153846153846155, 0.26153846153846155, 0.26153846153846155, 0.26153846153846155, 0.26153846153846155, 0.26153846153846155, 0.26153846153846155, 0.26153846153846155, 0.26153846153846155, 0.26153846153846155, 0.26153846153846155, 0.26153846153846155, 0.26153846153846155]",0.0,288,301989888,18874368,64,1,320864256,4936373.169230769,4718592.0,18874368.0,0,0,0,prefix,"[[0, 1, 2, 3, 4, 5, 6, 7, 8], [0, 1, 2, 3, 4, 5, 6, 7, 8], [0, 1, 2, 3, 4, 5, 6, 7, 8], [0, 1, 2, 3, 4, 5, 6, 7, 8], [0, 1, 2, 3, 4, 5, 6, 7, 8], [0, 1, 2, 3, 4, 5, 6, 7, 8], [0, 1, 2, 3, 4, 5, 6, 7, 8], [0, 1, 2, 3, 4, 5, 6, 7, 8], [0, 1, 2, 3, 4, 5, 6, 7, 8], [0, 1, 2, 3, 4, 5, 6, 7, 8], [0, 1, 2, 3, 4, 5, 6, 7, 8], [0, 1, 2, 3, 4, 5, 6, 7, 8], [0, 1, 2, 3, 4, 5, 6, 7, 8], [0, 1, 2, 3, 4, 5, 6, 7, 8], [0, 1, 2, 3, 4, 5, 6, 7, 8], [0, 1, 2, 3, 4, 5, 6, 7, 8], [0, 1, 2, 3, 4, 5, 6, 7, 8], [0, 1, 2, 3, 4, 5, 6, 7, 8], [0, 1, 2, 3, 4, 5, 6, 7, 8], [0, 1, 2, 3, 4, 5, 6, 7, 8], [0, 1, 2, 3, 4, 5, 6, 7, 8], [0, 1, 2, 3, 4, 5, 6, 7, 8], [0, 1, 2, 3, 4, 5, 6, 7, 8], [0, 1, 2, 3, 4, 5, 6, 7, 8], [0, 1, 2, 3, 4, 5, 6, 7, 8], [0, 1, 2, 3, 4, 5, 6, 7, 8], [0, 1, 2, 3, 4, 5, 6, 7, 8], [0, 1, 2, 3, 4, 5, 6, 7, 8], [0, 1, 2, 3, 4, 5, 6, 7, 8], [0, 1, 2, 3, 4, 5, 6, 7, 8], [0, 1, 2, 3, 4, 5, 6, 7, 8], [0, 1, 2, 3, 4, 5, 6, 7, 8]]",sidecar,True,raster,0
gqa,fullload,FullLoad,1.0,full,n166008,20241047,Who is sitting in front of the water?,Man,"[""man""]",1.0,2315,2,raster,0,fullload,,512.5982712488621,,,856.6622519865632,861.4869629964232,23.813525098375976,885.3004880947992,1226833920,2368,64,,810.1009550737217,,,1.0,1.0,null,0.0,,1226833920,0,64,0,1226833920,19169280.0,19169280.0,0.0,,,,,null,,,,0
gqa,layout_prefix_chunk,Layout+Prefix,0.25,chunk,n166008,20241047,Who is sitting in front of the water?,The man in the image is eating a sandwich.,"[""man""]",1.0,450,13,raster,0,prefix,0.21482910960912704,166.15720302797854,50.352269085124135,250.29957597143948,34.87794997636229,285.2254109457135,220.2207070076838,505.44611795339733,320864256,576,65,194.03156591579318,0.0,9.0,37,0.24324324324324326,0.26153846153846155,"[0.26153846153846155, 0.26153846153846155, 0.26153846153846155, 0.26153846153846155, 0.26153846153846155, 0.26153846153846155, 0.26153846153846155, 0.26153846153846155, 0.26153846153846155, 0.26153846153846155, 0.26153846153846155, 0.26153846153846155, 0.26153846153846155, 0.26153846153846155, 0.26153846153846155, 0.26153846153846155, 0.26153846153846155, 0.26153846153846155, 0.26153846153846155, 0.26153846153846155, 0.26153846153846155, 0.26153846153846155, 0.26153846153846155, 0.26153846153846155, 0.26153846153846155, 0.26153846153846155, 0.26153846153846155, 0.26153846153846155, 0.26153846153846155, 0.26153846153846155, 0.26153846153846155, 0.26153846153846155]",0.0,288,301989888,18874368,64,1,320864256,4936373.169230769,4718592.0,18874368.0,0,0,0,prefix,"[[0, 1, 2, 3, 4, 5, 6, 7, 8], [0, 1, 2, 3, 4, 5, 6, 7, 8], [0, 1, 2, 3, 4, 5, 6, 7, 8], [0, 1, 2, 3, 4, 5, 6, 7, 8], [0, 1, 2, 3, 4, 5, 6, 7, 8], [0, 1, 2, 3, 4, 5, 6, 7, 8], [0, 1, 2, 3, 4, 5, 6, 7, 8], [0, 1, 2, 3, 4, 5, 6, 7, 8], [0, 1, 2, 3, 4, 5, 6, 7, 8], [0, 1, 2, 3, 4, 5, 6, 7, 8], [0, 1, 2, 3, 4, 5, 6, 7, 8], [0, 1, 2, 3, 4, 5, 6, 7, 8], [0, 1, 2, 3, 4, 5, 6, 7, 8], [0, 1, 2, 3, 4, 5, 6, 7, 8], [0, 1, 2, 3, 4, 5, 6, 7, 8], [0, 1, 2, 3, 4, 5, 6, 7, 8], [0, 1, 2, 3, 4, 5, 6, 7, 8], [0, 1, 2, 3, 4, 5, 6, 7, 8], [0, 1, 2, 3, 4, 5, 6, 7, 8], [0, 1, 2, 3, 4, 5, 6, 7, 8], [0, 1, 2, 3, 4, 5, 6, 7, 8], [0, 1, 2, 3, 4, 5, 6, 7, 8], [0, 1, 2, 3, 4, 5, 6, 7, 8], [0, 1, 2, 3, 4, 5, 6, 7, 8], [0, 1, 2, 3, 4, 5, 6, 7, 8], [0, 1, 2, 3, 4, 5, 6, 7, 8], [0, 1, 2, 3, 4, 5, 6, 7, 8], [0, 1, 2, 3, 4, 5, 6, 7, 8], [0, 1, 2, 3, 4, 5, 6, 7, 8], [0, 1, 2, 3, 4, 5, 6, 7, 8], [0, 1, 2, 3, 4, 5, 6, 7, 8], [0, 1, 2, 3, 4, 5, 6, 7, 8]]",sidecar,True,raster,0
gqa,fullload,FullLoad,1.0,full,n67005,20716952,What is on the bed near the bag?,Pillow,"[""cord""]",0.0,349,4,raster,0,fullload,,538.4120368398726,,,913.9584510121495,918.990327976644,57.78947798535228,976.7798059619963,1233125376,2368,64,,862.7904872409999,,,1.0,1.0,null,0.0,,1233125376,0,64,0,1233125376,19267584.0,19267584.0,0.0,,,,,null,,,,0
gqa,layout_prefix_chunk,Layout+Prefix,0.25,chunk,n67005,20716952,What is on the bed near the bag?,The image shows a hotel room with a bedroom area and a bathroom area,"[""cord""]",0.0,450,16,raster,0,prefix,0.26998796965926886,178.35109739098698,57.49228422064334,275.0032410258427,63.48931998945773,338.5578820016235,271.79724001325667,610.3551220148802,327155712,576,65,211.4778987597674,0.0,9.0,37,0.24324324324324326,0.2653061224489796,"[0.2653061224489796, 0.2653061224489796, 0.2653061224489796, 0.2653061224489796, 0.2653061224489796, 0.2653061224489796, 0.2653061224489796, 0.2653061224489796, 0.2653061224489796, 0.2653061224489796, 0.2653061224489796, 0.2653061224489796, 0.2653061224489796, 0.2653061224489796, 0.2653061224489796, 0.2653061224489796, 0.2653061224489796, 0.2653061224489796, 0.2653061224489796, 0.2653061224489796, 0.2653061224489796, 0.2653061224489796, 0.2653061224489796, 0.2653061224489796, 0.2653061224489796, 0.2653061224489796, 0.2653061224489796, 0.2653061224489796, 0.2653061224489796, 0.2653061224489796, 0.2653061224489796, 0.2653061224489796]",0.0,288,301989888,25165824,64,1,327155712,5033164.8,4718592.0,25165824.0,0,0,0,prefix,"[[0, 1, 2, 3, 4, 5, 6, 7, 8], [0, 1, 2, 3, 4, 5, 6, 7, 8], [0, 1, 2, 3, 4, 5, 6, 7, 8], [0, 1, 2, 3, 4, 5, 6, 7, 8], [0, 1, 2, 3, 4, 5, 6, 7, 8], [0, 1, 2, 3, 4, 5, 6, 7, 8], [0, 1, 2, 3, 4, 5, 6, 7, 8], [0, 1, 2, 3, 4, 5, 6, 7, 8], [0, 1, 2, 3, 4, 5, 6, 7, 8], [0, 1, 2, 3, 4, 5, 6, 7, 8], [0, 1, 2, 3, 4, 5, 6, 7, 8], [0, 1, 2, 3, 4, 5, 6, 7, 8], [0, 1, 2, 3, 4, 5, 6, 7, 8], [0, 1, 2, 3, 4, 5, 6, 7, 8], [0, 1, 2, 3, 4, 5, 6, 7, 8], [0, 1, 2, 3, 4, 5, 6, 7, 8], [0, 1, 2, 3, 4, 5, 6, 7, 8], [0, 1, 2, 3, 4, 5, 6, 7, 8], [0, 1, 2, 3, 4, 5, 6, 7, 8], [0, 1, 2, 3, 4, 5, 6, 7, 8], [0, 1, 2, 3, 4, 5, 6, 7, 8], [0, 1, 2, 3, 4, 5, 6, 7, 8], [0, 1, 2, 3, 4, 5, 6, 7, 8], [0, 1, 2, 3, 4, 5, 6, 7, 8], [0, 1, 2, 3, 4, 5, 6, 7, 8], [0, 1, 2, 3, 4, 5, 6, 7, 8], [0, 1, 2, 3, 4, 5, 6, 7, 8], [0, 1, 2, 3, 4, 5, 6, 7, 8], [0, 1, 2, 3, 4, 5, 6, 7, 8], [0, 1, 2, 3, 4, 5, 6, 7, 8], [0, 1, 2, 3, 4, 5, 6, 7, 8], [0, 1, 2, 3, 4, 5, 6, 7, 8]]",sidecar,True,raster,0
gqa,fullload,FullLoad,1.0,full,n67005,20716953,What is on the bed?,Pillow,"[""cord""]",0.0,349,4,raster,0,fullload,,540.4528578510508,,,921.9510990660638,927.076873020269,94.73320294637233,1021.8100759666413,1233125376,2368,64,,872.7280888706446,,,1.0,1.0,null,0.0,,1233125376,0,64,0,1233125376,19267584.0,19267584.0,0.0,,,,,null,,,,0
gqa,layout_prefix_chunk,Layout+Prefix,0.25,chunk,n67005,20716953,What is on the bed?,The image shows an interior space that appears to be a hotel room. There is,"[""cord""]",0.0,450,16,raster,0,prefix,0.22120913490653038,174.56931876949966,51.30828928668052,260.96130604855716,57.600841973908246,318.62442498095334,269.7739800205454,588.3984050014988,327155712,576,65,203.74483487103134,0.0,9.0,37,0.24324324324324326,0.2653061224489796,"[0.2653061224489796, 0.2653061224489796, 0.2653061224489796, 0.2653061224489796, 0.2653061224489796, 0.2653061224489796, 0.2653061224489796, 0.2653061224489796, 0.2653061224489796, 0.2653061224489796, 0.2653061224489796, 0.2653061224489796, 0.2653061224489796, 0.2653061224489796, 0.2653061224489796, 0.2653061224489796, 0.2653061224489796, 0.2653061224489796, 0.2653061224489796, 0.2653061224489796, 0.2653061224489796, 0.2653061224489796, 0.2653061224489796, 0.2653061224489796, 0.2653061224489796, 0.2653061224489796, 0.2653061224489796, 0.2653061224489796, 0.2653061224489796, 0.2653061224489796, 0.2653061224489796, 0.2653061224489796]",0.0,288,301989888,25165824,64,1,327155712,5033164.8,4718592.0,25165824.0,0,0,0,prefix,"[[0, 1, 2, 3, 4, 5, 6, 7, 8], [0, 1, 2, 3, 4, 5, 6, 7, 8], [0, 1, 2, 3, 4, 5, 6, 7, 8], [0, 1, 2, 3, 4, 5, 6, 7, 8], [0, 1, 2, 3, 4, 5, 6, 7, 8], [0, 1, 2, 3, 4, 5, 6, 7, 8], [0, 1, 2, 3, 4, 5, 6, 7, 8], [0, 1, 2, 3, 4, 5, 6, 7, 8], [0, 1, 2, 3, 4, 5, 6, 7, 8], [0, 1, 2, 3, 4, 5, 6, 7, 8], [0, 1, 2, 3, 4, 5, 6, 7, 8], [0, 1, 2, 3, 4, 5, 6, 7, 8], [0, 1, 2, 3, 4, 5, 6, 7, 8], [0, 1, 2, 3, 4, 5, 6, 7, 8], [0, 1, 2, 3, 4, 5, 6, 7, 8], [0, 1, 2, 3, 4, 5, 6, 7, 8], [0, 1, 2, 3, 4, 5, 6, 7, 8], [0, 1, 2, 3, 4, 5, 6, 7, 8], [0, 1, 2, 3, 4, 5, 6, 7, 8], [0, 1, 2, 3, 4, 5, 6, 7, 8], [0, 1, 2, 3, 4, 5, 6, 7, 8], [0, 1, 2, 3, 4, 5, 6, 7, 8], [0, 1, 2, 3, 4, 5, 6, 7, 8], [0, 1, 2, 3, 4, 5, 6, 7, 8], [0, 1, 2, 3, 4, 5, 6, 7, 8], [0, 1, 2, 3, 4, 5, 6, 7, 8], [0, 1, 2, 3, 4, 5, 6, 7, 8], [0, 1, 2, 3, 4, 5, 6, 7, 8], [0, 1, 2, 3, 4, 5, 6, 7, 8], [0, 1, 2, 3, 4, 5, 6, 7, 8], [0, 1, 2, 3, 4, 5, 6, 7, 8], [0, 1, 2, 3, 4, 5, 6, 7, 8]]",sidecar,True,raster,0
gqa,fullload,FullLoad,1.0,full,n67005,20716785,What is the item of furniture that is the same color as the cord called?,Bed,"[""bed""]",1.0,14195,2,raster,0,fullload,,533.9630978414789,,,896.216377033852,901.0665669338778,19.289294024929404,920.3558609588072,1233125376,2368,64,,851.7001095460728,,,1.0,1.0,null,0.0,,1233125376,0,64,0,1233125376,19267584.0,19267584.0,0.0,,,,,null,,,,0
gqa,layout_prefix_chunk,Layout+Prefix,0.25,chunk,n67005,20716785,What is the item of furniture that is the same color as the cord called?,The image shows a room with a bed and a mirror. The room has a,"[""bed""]",0.0,450,16,raster,0,prefix,0.2192949177697301,234.75332814268768,51.03894101921469,321.4998859912157,43.86016703210771,365.4223100747913,271.53448190074414,636.9567919755355,327155712,576,65,264.1270514577627,0.0,9.0,37,0.24324324324324326,0.2653061224489796,"[0.2653061224489796, 0.2653061224489796, 0.2653061224489796, 0.2653061224489796, 0.2653061224489796, 0.2653061224489796, 0.2653061224489796, 0.2653061224489796, 0.2653061224489796, 0.2653061224489796, 0.2653061224489796, 0.2653061224489796, 0.2653061224489796, 0.2653061224489796, 0.2653061224489796, 0.2653061224489796, 0.2653061224489796, 0.2653061224489796, 0.2653061224489796, 0.2653061224489796, 0.2653061224489796, 0.2653061224489796, 0.2653061224489796, 0.2653061224489796, 0.2653061224489796, 0.2653061224489796, 0.2653061224489796, 0.2653061224489796, 0.2653061224489796, 0.2653061224489796, 0.2653061224489796, 0.2653061224489796]",0.0,288,301989888,25165824,64,1,327155712,5033164.8,4718592.0,25165824.0,0,0,0,prefix,"[[0, 1, 2, 3, 4, 5, 6, 7, 8], [0, 1, 2, 3, 4, 5, 6, 7, 8], [0, 1, 2, 3, 4, 5, 6, 7, 8], [0, 1, 2, 3, 4, 5, 6, 7, 8], [0, 1, 2, 3, 4, 5, 6, 7, 8], [0, 1, 2, 3, 4, 5, 6, 7, 8], [0, 1, 2, 3, 4, 5, 6, 7, 8], [0, 1, 2, 3, 4, 5, 6, 7, 8], [0, 1, 2, 3, 4, 5, 6, 7, 8], [0, 1, 2, 3, 4, 5, 6, 7, 8], [0, 1, 2, 3, 4, 5, 6, 7, 8], [0, 1, 2, 3, 4, 5, 6, 7, 8], [0, 1, 2, 3, 4, 5, 6, 7, 8], [0, 1, 2, 3, 4, 5, 6, 7, 8], [0, 1, 2, 3, 4, 5, 6, 7, 8], [0, 1, 2, 3, 4, 5, 6, 7, 8], [0, 1, 2, 3, 4, 5, 6, 7, 8], [0, 1, 2, 3, 4, 5, 6, 7, 8], [0, 1, 2, 3, 4, 5, 6, 7, 8], [0, 1, 2, 3, 4, 5, 6, 7, 8], [0, 1, 2, 3, 4, 5, 6, 7, 8], [0, 1, 2, 3, 4, 5, 6, 7, 8], [0, 1, 2, 3, 4, 5, 6, 7, 8], [0, 1, 2, 3, 4, 5, 6, 7, 8], [0, 1, 2, 3, 4, 5, 6, 7, 8], [0, 1, 2, 3, 4, 5, 6, 7, 8], [0, 1, 2, 3, 4, 5, 6, 7, 8], [0, 1, 2, 3, 4, 5, 6, 7, 8], [0, 1, 2, 3, 4, 5, 6, 7, 8], [0, 1, 2, 3, 4, 5, 6, 7, 8], [0, 1, 2, 3, 4, 5, 6, 7, 8], [0, 1, 2, 3, 4, 5, 6, 7, 8]]",sidecar,True,raster,0
gqa,fullload,FullLoad,1.0,full,n67005,20717149,Is the bed white and small?,Yes,"[""no""]",0.0,3869,2,raster,0,fullload,,576.6946251969784,,,954.5681469608098,959.4361769268289,19.03035002760589,978.4665269544348,1233125376,2368,64,,905.1040190970525,,,1.0,1.0,null,0.0,,1233125376,0,64,0,1233125376,19267584.0,19267584.0,0.0,,,,,null,,,,0
gqa,layout_prefix_chunk,Layout+Prefix,0.25,chunk,n67005,20717149,Is the bed white and small?,The image shows a hotel room with a bedroom area. The room has a,"[""no""]",0.0,450,16,raster,0,prefix,0.2145189791917801,166.7882379842922,49.81591959949583,253.05397401098162,62.47954408172518,315.59788901358843,272.6202419726178,588.2181309862062,327155712,576,65,197.11865193676203,0.0,9.0,37,0.24324324324324326,0.2653061224489796,"[0.2653061224489796, 0.2653061224489796, 0.2653061224489796, 0.2653061224489796, 0.2653061224489796, 0.2653061224489796, 0.2653061224489796, 0.2653061224489796, 0.2653061224489796, 0.2653061224489796, 0.2653061224489796, 0.2653061224489796, 0.2653061224489796, 0.2653061224489796, 0.2653061224489796, 0.2653061224489796, 0.2653061224489796, 0.2653061224489796, 0.2653061224489796, 0.2653061224489796, 0.2653061224489796, 0.2653061224489796, 0.2653061224489796, 0.2653061224489796, 0.2653061224489796, 0.2653061224489796, 0.2653061224489796, 0.2653061224489796, 0.2653061224489796, 0.2653061224489796, 0.2653061224489796, 0.2653061224489796]",0.0,288,301989888,25165824,64,1,327155712,5033164.8,4718592.0,25165824.0,0,0,0,prefix,"[[0, 1, 2, 3, 4, 5, 6, 7, 8], [0, 1, 2, 3, 4, 5, 6, 7, 8], [0, 1, 2, 3, 4, 5, 6, 7, 8], [0, 1, 2, 3, 4, 5, 6, 7, 8], [0, 1, 2, 3, 4, 5, 6, 7, 8], [0, 1, 2, 3, 4, 5, 6, 7, 8], [0, 1, 2, 3, 4, 5, 6, 7, 8], [0, 1, 2, 3, 4, 5, 6, 7, 8], [0, 1, 2, 3, 4, 5, 6, 7, 8], [0, 1, 2, 3, 4, 5, 6, 7, 8], [0, 1, 2, 3, 4, 5, 6, 7, 8], [0, 1, 2, 3, 4, 5, 6, 7, 8], [0, 1, 2, 3, 4, 5, 6, 7, 8], [0, 1, 2, 3, 4, 5, 6, 7, 8], [0, 1, 2, 3, 4, 5, 6, 7, 8], [0, 1, 2, 3, 4, 5, 6, 7, 8], [0, 1, 2, 3, 4, 5, 6, 7, 8], [0, 1, 2, 3, 4, 5, 6, 7, 8], [0, 1, 2, 3, 4, 5, 6, 7, 8], [0, 1, 2, 3, 4, 5, 6, 7, 8], [0, 1, 2, 3, 4, 5, 6, 7, 8], [0, 1, 2, 3, 4, 5, 6, 7, 8], [0, 1, 2, 3, 4, 5, 6, 7, 8], [0, 1, 2, 3, 4, 5, 6, 7, 8], [0, 1, 2, 3, 4, 5, 6, 7, 8], [0, 1, 2, 3, 4, 5, 6, 7, 8], [0, 1, 2, 3, 4, 5, 6, 7, 8], [0, 1, 2, 3, 4, 5, 6, 7, 8], [0, 1, 2, 3, 4, 5, 6, 7, 8], [0, 1, 2, 3, 4, 5, 6, 7, 8], [0, 1, 2, 3, 4, 5, 6, 7, 8], [0, 1, 2, 3, 4, 5, 6, 7, 8]]",sidecar,True,raster,0
gqa,fullload,FullLoad,1.0,full,n67005,20716935,Is the jacket that is made of cotton yellow or gray?,Gray,"[""gray""]",1.0,18956,2,raster,0,fullload,,618.7202800065279,,,979.2504929937422,984.2002419754863,19.0407499903813,1003.2409919658676,1233125376,2368,64,,933.6385558126494,,,1.0,1.0,null,0.0,,1233125376,0,64,0,1233125376,19267584.0,19267584.0,0.0,,,,,null,,,,0
gqa,layout_prefix_chunk,Layout+Prefix,0.25,chunk,n67005,20716935,Is the jacket that is made of cotton yellow or gray?,The image shows a room with a bed and a mirror. The room has a,"[""gray""]",0.0,450,16,raster,0,prefix,0.1481811050325632,177.24994686432183,42.98108909279108,249.83207997865975,36.14503506105393,286.01773199625313,274.1664759814739,560.184207977727,327155712,576,65,200.7552011637017,0.0,9.0,37,0.24324324324324326,0.2653061224489796,"[0.2653061224489796, 0.2653061224489796, 0.2653061224489796, 0.2653061224489796, 0.2653061224489796, 0.2653061224489796, 0.2653061224489796, 0.2653061224489796, 0.2653061224489796, 0.2653061224489796, 0.2653061224489796, 0.2653061224489796, 0.2653061224489796, 0.2653061224489796, 0.2653061224489796, 0.2653061224489796, 0.2653061224489796, 0.2653061224489796, 0.2653061224489796, 0.2653061224489796, 0.2653061224489796, 0.2653061224489796, 0.2653061224489796, 0.2653061224489796, 0.2653061224489796, 0.2653061224489796, 0.2653061224489796, 0.2653061224489796, 0.2653061224489796, 0.2653061224489796, 0.2653061224489796, 0.2653061224489796]",0.0,288,301989888,25165824,64,1,327155712,5033164.8,4718592.0,25165824.0,0,0,0,prefix,"[[0, 1, 2, 3, 4, 5, 6, 7, 8], [0, 1, 2, 3, 4, 5, 6, 7, 8], [0, 1, 2, 3, 4, 5, 6, 7, 8], [0, 1, 2, 3, 4, 5, 6, 7, 8], [0, 1, 2, 3, 4, 5, 6, 7, 8], [0, 1, 2, 3, 4, 5, 6, 7, 8], [0, 1, 2, 3, 4, 5, 6, 7, 8], [0, 1, 2, 3, 4, 5, 6, 7, 8], [0, 1, 2, 3, 4, 5, 6, 7, 8], [0, 1, 2, 3, 4, 5, 6, 7, 8], [0, 1, 2, 3, 4, 5, 6, 7, 8], [0, 1, 2, 3, 4, 5, 6, 7, 8], [0, 1, 2, 3, 4, 5, 6, 7, 8], [0, 1, 2, 3, 4, 5, 6, 7, 8], [0, 1, 2, 3, 4, 5, 6, 7, 8], [0, 1, 2, 3, 4, 5, 6, 7, 8], [0, 1, 2, 3, 4, 5, 6, 7, 8], [0, 1, 2, 3, 4, 5, 6, 7, 8], [0, 1, 2, 3, 4, 5, 6, 7, 8], [0, 1, 2, 3, 4, 5, 6, 7, 8], [0, 1, 2, 3, 4, 5, 6, 7, 8], [0, 1, 2, 3, 4, 5, 6, 7, 8], [0, 1, 2, 3, 4, 5, 6, 7, 8], [0, 1, 2, 3, 4, 5, 6, 7, 8], [0, 1, 2, 3, 4, 5, 6, 7, 8], [0, 1, 2, 3, 4, 5, 6, 7, 8], [0, 1, 2, 3, 4, 5, 6, 7, 8], [0, 1, 2, 3, 4, 5, 6, 7, 8], [0, 1, 2, 3, 4, 5, 6, 7, 8], [0, 1, 2, 3, 4, 5, 6, 7, 8], [0, 1, 2, 3, 4, 5, 6, 7, 8], [0, 1, 2, 3, 4, 5, 6, 7, 8]]",sidecar,True,raster,0
gqa,fullload,FullLoad,1.0,full,n67005,20716910,What is the woman reflected on?,Mirror,"[""mirror""]",1.0,11612,3,raster,0,fullload,,648.9200593205169,,,1080.4801839403808,1085.3768299566582,42.09797305520624,1127.4748030118644,1233125376,2368,64,,1018.9707801910117,,,1.0,1.0,null,0.0,,1233125376,0,64,0,1233125376,19267584.0,19267584.0,0.0,,,,,null,,,,0
gqa,layout_prefix_chunk,Layout+Prefix,0.25,chunk,n67005,20716910,What is the woman reflected on?,The image shows an interior space that appears to be a hotel room. There is,"[""mirror""]",0.0,450,16,raster,0,prefix,0.25340612046420574,199.5093417353928,58.071895386092365,298.0723580112681,40.56194401346147,338.6974580353126,270.26128000579774,608.9587380411103,327155712,576,65,233.84267068468034,0.0,9.0,37,0.24324324324324326,0.2653061224489796,"[0.2653061224489796, 0.2653061224489796, 0.2653061224489796, 0.2653061224489796, 0.2653061224489796, 0.2653061224489796, 0.2653061224489796, 0.2653061224489796, 0.2653061224489796, 0.2653061224489796, 0.2653061224489796, 0.2653061224489796, 0.2653061224489796, 0.2653061224489796, 0.2653061224489796, 0.2653061224489796, 0.2653061224489796, 0.2653061224489796, 0.2653061224489796, 0.2653061224489796, 0.2653061224489796, 0.2653061224489796, 0.2653061224489796, 0.2653061224489796, 0.2653061224489796, 0.2653061224489796, 0.2653061224489796, 0.2653061224489796, 0.2653061224489796, 0.2653061224489796, 0.2653061224489796, 0.2653061224489796]",0.0,288,301989888,25165824,64,1,327155712,5033164.8,4718592.0,25165824.0,0,0,0,prefix,"[[0, 1, 2, 3, 4, 5, 6, 7, 8], [0, 1, 2, 3, 4, 5, 6, 7, 8], [0, 1, 2, 3, 4, 5, 6, 7, 8], [0, 1, 2, 3, 4, 5, 6, 7, 8], [0, 1, 2, 3, 4, 5, 6, 7, 8], [0, 1, 2, 3, 4, 5, 6, 7, 8], [0, 1, 2, 3, 4, 5, 6, 7, 8], [0, 1, 2, 3, 4, 5, 6, 7, 8], [0, 1, 2, 3, 4, 5, 6, 7, 8], [0, 1, 2, 3, 4, 5, 6, 7, 8], [0, 1, 2, 3, 4, 5, 6, 7, 8], [0, 1, 2, 3, 4, 5, 6, 7, 8], [0, 1, 2, 3, 4, 5, 6, 7, 8], [0, 1, 2, 3, 4, 5, 6, 7, 8], [0, 1, 2, 3, 4, 5, 6, 7, 8], [0, 1, 2, 3, 4, 5, 6, 7, 8], [0, 1, 2, 3, 4, 5, 6, 7, 8], [0, 1, 2, 3, 4, 5, 6, 7, 8], [0, 1, 2, 3, 4, 5, 6, 7, 8], [0, 1, 2, 3, 4, 5, 6, 7, 8], [0, 1, 2, 3, 4, 5, 6, 7, 8], [0, 1, 2, 3, 4, 5, 6, 7, 8], [0, 1, 2, 3, 4, 5, 6, 7, 8], [0, 1, 2, 3, 4, 5, 6, 7, 8], [0, 1, 2, 3, 4, 5, 6, 7, 8], [0, 1, 2, 3, 4, 5, 6, 7, 8], [0, 1, 2, 3, 4, 5, 6, 7, 8], [0, 1, 2, 3, 4, 5, 6, 7, 8], [0, 1, 2, 3, 4, 5, 6, 7, 8], [0, 1, 2, 3, 4, 5, 6, 7, 8], [0, 1, 2, 3, 4, 5, 6, 7, 8], [0, 1, 2, 3, 4, 5, 6, 7, 8]]",sidecar,True,raster,0
gqa,fullload,FullLoad,1.0,full,n154856,201228066,What is in front of the silver car?,Bench,"[""van""]",0.0,4111,3,raster,0,fullload,,383.00710055045784,,,580.8029290055856,584.7941299434751,46.21154209598899,631.0056720394641,767557632,1472,64,,520.2525459462777,,,1.0,1.0,null,0.0,,767557632,0,64,0,767557632,11993088.0,11993088.0,0.0,,,,,null,,,,0
gqa,layout_prefix_chunk,Layout+Prefix,0.25,chunk,n154856,201228066,What is in front of the silver car?,The image shows a modern street scene with a bench that has a unique design,"[""van""]",0.0,450,16,raster,0,prefix,0.13142521493136883,122.86731647327542,32.77163207530975,175.2167239319533,32.9434530576691,208.20360002107918,272.20023795962334,480.4038379807025,213909504,384,65,138.01895396318287,0.0,6.0,23,0.2608695652173913,0.2786885245901639,"[0.2786885245901639, 0.2786885245901639, 0.2786885245901639, 0.2786885245901639, 0.2786885245901639, 0.2786885245901639, 0.2786885245901639, 0.2786885245901639, 0.2786885245901639, 0.2786885245901639, 0.2786885245901639, 0.2786885245901639, 0.2786885245901639, 0.2786885245901639, 0.2786885245901639, 0.2786885245901639, 0.2786885245901639, 0.2786885245901639, 0.2786885245901639, 0.2786885245901639, 0.2786885245901639, 0.2786885245901639, 0.2786885245901639, 0.2786885245901639, 0.2786885245901639, 0.2786885245901639, 0.2786885245901639, 0.2786885245901639, 0.2786885245901639, 0.2786885245901639, 0.2786885245901639, 0.2786885245901639]",0.0,192,201326592,12582912,64,1,213909504,3290915.446153846,3145728.0,12582912.0,0,0,0,prefix,"[[0, 1, 2, 3, 4, 5], [0, 1, 2, 3, 4, 5], [0, 1, 2, 3, 4, 5], [0, 1, 2, 3, 4, 5], [0, 1, 2, 3, 4, 5], [0, 1, 2, 3, 4, 5], [0, 1, 2, 3, 4, 5], [0, 1, 2, 3, 4, 5], [0, 1, 2, 3, 4, 5], [0, 1, 2, 3, 4, 5], [0, 1, 2, 3, 4, 5], [0, 1, 2, 3, 4, 5], [0, 1, 2, 3, 4, 5], [0, 1, 2, 3, 4, 5], [0, 1, 2, 3, 4, 5], [0, 1, 2, 3, 4, 5], [0, 1, 2, 3, 4, 5], [0, 1, 2, 3, 4, 5], [0, 1, 2, 3, 4, 5], [0, 1, 2, 3, 4, 5], [0, 1, 2, 3, 4, 5], [0, 1, 2, 3, 4, 5], [0, 1, 2, 3, 4, 5], [0, 1, 2, 3, 4, 5], [0, 1, 2, 3, 4, 5], [0, 1, 2, 3, 4, 5], [0, 1, 2, 3, 4, 5], [0, 1, 2, 3, 4, 5], [0, 1, 2, 3, 4, 5], [0, 1, 2, 3, 4, 5], [0, 1, 2, 3, 4, 5], [0, 1, 2, 3, 4, 5]]",sidecar,True,raster,0
gqa,fullload,FullLoad,1.0,full,n154856,201228177,Which shape is the glass window?,Rectangular,"[""rectangular""]",1.0,22914,3,raster,0,fullload,,405.9123640181497,,,612.9438830539584,616.8957790359855,46.43989494070411,663.3356739766896,767557632,1472,64,,541.1308392649516,,,1.0,1.0,null,0.0,,767557632,0,64,0,767557632,11993088.0,11993088.0,0.0,,,,,null,,,,0
gqa,layout_prefix_chunk,Layout+Prefix,0.25,chunk,n154856,201228177,Which shape is the glass window?,"The image shows a street scene with a modern, curved bench made of","[""rectangular""]",0.0,450,16,raster,0,prefix,0.1360994065180421,136.80705172009766,32.84254635218531,189.26874501630664,33.629609970375896,222.94450597837567,271.52787195518613,494.4723779335618,213909504,384,65,151.96073951665312,0.0,6.0,23,0.2608695652173913,0.2786885245901639,"[0.2786885245901639, 0.2786885245901639, 0.2786885245901639, 0.2786885245901639, 0.2786885245901639, 0.2786885245901639, 0.2786885245901639, 0.2786885245901639, 0.2786885245901639, 0.2786885245901639, 0.2786885245901639, 0.2786885245901639, 0.2786885245901639, 0.2786885245901639, 0.2786885245901639, 0.2786885245901639, 0.2786885245901639, 0.2786885245901639, 0.2786885245901639, 0.2786885245901639, 0.2786885245901639, 0.2786885245901639, 0.2786885245901639, 0.2786885245901639, 0.2786885245901639, 0.2786885245901639, 0.2786885245901639, 0.2786885245901639, 0.2786885245901639, 0.2786885245901639, 0.2786885245901639, 0.2786885245901639]",0.0,192,201326592,12582912,64,1,213909504,3290915.446153846,3145728.0,12582912.0,0,0,0,prefix,"[[0, 1, 2, 3, 4, 5], [0, 1, 2, 3, 4, 5], [0, 1, 2, 3, 4, 5], [0, 1, 2, 3, 4, 5], [0, 1, 2, 3, 4, 5], [0, 1, 2, 3, 4, 5], [0, 1, 2, 3, 4, 5], [0, 1, 2, 3, 4, 5], [0, 1, 2, 3, 4, 5], [0, 1, 2, 3, 4, 5], [0, 1, 2, 3, 4, 5], [0, 1, 2, 3, 4, 5], [0, 1, 2, 3, 4, 5], [0, 1, 2, 3, 4, 5], [0, 1, 2, 3, 4, 5], [0, 1, 2, 3, 4, 5], [0, 1, 2, 3, 4, 5], [0, 1, 2, 3, 4, 5], [0, 1, 2, 3, 4, 5], [0, 1, 2, 3, 4, 5], [0, 1, 2, 3, 4, 5], [0, 1, 2, 3, 4, 5], [0, 1, 2, 3, 4, 5], [0, 1, 2, 3, 4, 5], [0, 1, 2, 3, 4, 5], [0, 1, 2, 3, 4, 5], [0, 1, 2, 3, 4, 5], [0, 1, 2, 3, 4, 5], [0, 1, 2, 3, 4, 5], [0, 1, 2, 3, 4, 5], [0, 1, 2, 3, 4, 5], [0, 1, 2, 3, 4, 5]]",sidecar,True,raster,0
gqa,fullload,FullLoad,1.0,full,n154856,201227859,Is the lamp made of the same material as the van?,No,"[""yes""]",0.0,1939,2,raster,0,fullload,,358.335493481718,,,547.3659449489787,551.243640948087,47.72509401664138,598.9687349647284,767557632,1472,64,,486.0191158950329,,,1.0,1.0,null,0.0,,767557632,0,64,0,767557632,11993088.0,11993088.0,0.0,,,,,null,,,,0
gqa,layout_prefix_chunk,Layout+Prefix,0.25,chunk,n154856,201227859,Is the lamp made of the same material as the van?,"The image shows a street scene with a modern, curved bench made of","[""yes""]",0.0,450,16,raster,0,prefix,0.12920110020786524,120.27953169308603,31.73086093738675,171.4042309904471,33.73846900649369,205.1841838983819,273.89044302981347,479.07462692819536,213909504,384,65,135.1767840096727,0.0,6.0,23,0.2608695652173913,0.2786885245901639,"[0.2786885245901639, 0.2786885245901639, 0.2786885245901639, 0.2786885245901639, 0.2786885245901639, 0.2786885245901639, 0.2786885245901639, 0.2786885245901639, 0.2786885245901639, 0.2786885245901639, 0.2786885245901639, 0.2786885245901639, 0.2786885245901639, 0.2786885245901639, 0.2786885245901639, 0.2786885245901639, 0.2786885245901639, 0.2786885245901639, 0.2786885245901639, 0.2786885245901639, 0.2786885245901639, 0.2786885245901639, 0.2786885245901639, 0.2786885245901639, 0.2786885245901639, 0.2786885245901639, 0.2786885245901639, 0.2786885245901639, 0.2786885245901639, 0.2786885245901639, 0.2786885245901639, 0.2786885245901639]",0.0,192,201326592,12582912,64,1,213909504,3290915.446153846,3145728.0,12582912.0,0,0,0,prefix,"[[0, 1, 2, 3, 4, 5], [0, 1, 2, 3, 4, 5], [0, 1, 2, 3, 4, 5], [0, 1, 2, 3, 4, 5], [0, 1, 2, 3, 4, 5], [0, 1, 2, 3, 4, 5], [0, 1, 2, 3, 4, 5], [0, 1, 2, 3, 4, 5], [0, 1, 2, 3, 4, 5], [0, 1, 2, 3, 4, 5], [0, 1, 2, 3, 4, 5], [0, 1, 2, 3, 4, 5], [0, 1, 2, 3, 4, 5], [0, 1, 2, 3, 4, 5], [0, 1, 2, 3, 4, 5], [0, 1, 2, 3, 4, 5], [0, 1, 2, 3, 4, 5], [0, 1, 2, 3, 4, 5], [0, 1, 2, 3, 4, 5], [0, 1, 2, 3, 4, 5], [0, 1, 2, 3, 4, 5], [0, 1, 2, 3, 4, 5], [0, 1, 2, 3, 4, 5], [0, 1, 2, 3, 4, 5], [0, 1, 2, 3, 4, 5], [0, 1, 2, 3, 4, 5], [0, 1, 2, 3, 4, 5], [0, 1, 2, 3, 4, 5], [0, 1, 2, 3, 4, 5], [0, 1, 2, 3, 4, 5], [0, 1, 2, 3, 4, 5], [0, 1, 2, 3, 4, 5]]",sidecar,True,raster,0
gqa,fullload,FullLoad,1.0,full,n154856,201228068,What is the vehicle that that van is in front of?,Car,"[""car""]",1.0,1704,2,raster,0,fullload,,352.2068856982514,,,496.3268539868295,500.11731300037354,18.945261021144688,519.0625740215182,767557632,1472,64,,461.45492722280324,,,1.0,1.0,null,0.0,,767557632,0,64,0,767557632,11993088.0,11993088.0,0.0,,,,,null,,,,0
gqa,layout_prefix_chunk,Layout+Prefix,0.25,chunk,n154856,201228068,What is the vehicle that that van is in front of?,"The image shows a street scene with a modern, curved bench made of","[""car""]",0.0,450,16,raster,0,prefix,0.1310339430347085,87.83252432476729,31.79947007447481,139.05447500292212,33.734096912667155,172.8289999300614,273.08215911034495,445.91115904040635,213909504,384,65,102.74736024439335,0.0,6.0,23,0.2608695652173913,0.2786885245901639,"[0.2786885245901639, 0.2786885245901639, 0.2786885245901639, 0.2786885245901639, 0.2786885245901639, 0.2786885245901639, 0.2786885245901639, 0.2786885245901639, 0.2786885245901639, 0.2786885245901639, 0.2786885245901639, 0.2786885245901639, 0.2786885245901639, 0.2786885245901639, 0.2786885245901639, 0.2786885245901639, 0.2786885245901639, 0.2786885245901639, 0.2786885245901639, 0.2786885245901639, 0.2786885245901639, 0.2786885245901639, 0.2786885245901639, 0.2786885245901639, 0.2786885245901639, 0.2786885245901639, 0.2786885245901639, 0.2786885245901639, 0.2786885245901639, 0.2786885245901639, 0.2786885245901639, 0.2786885245901639]",0.0,192,201326592,12582912,64,1,213909504,3290915.446153846,3145728.0,12582912.0,0,0,0,prefix,"[[0, 1, 2, 3, 4, 5], [0, 1, 2, 3, 4, 5], [0, 1, 2, 3, 4, 5], [0, 1, 2, 3, 4, 5], [0, 1, 2, 3, 4, 5], [0, 1, 2, 3, 4, 5], [0, 1, 2, 3, 4, 5], [0, 1, 2, 3, 4, 5], [0, 1, 2, 3, 4, 5], [0, 1, 2, 3, 4, 5], [0, 1, 2, 3, 4, 5], [0, 1, 2, 3, 4, 5], [0, 1, 2, 3, 4, 5], [0, 1, 2, 3, 4, 5], [0, 1, 2, 3, 4, 5], [0, 1, 2, 3, 4, 5], [0, 1, 2, 3, 4, 5], [0, 1, 2, 3, 4, 5], [0, 1, 2, 3, 4, 5], [0, 1, 2, 3, 4, 5], [0, 1, 2, 3, 4, 5], [0, 1, 2, 3, 4, 5], [0, 1, 2, 3, 4, 5], [0, 1, 2, 3, 4, 5], [0, 1, 2, 3, 4, 5], [0, 1, 2, 3, 4, 5], [0, 1, 2, 3, 4, 5], [0, 1, 2, 3, 4, 5], [0, 1, 2, 3, 4, 5], [0, 1, 2, 3, 4, 5], [0, 1, 2, 3, 4, 5], [0, 1, 2, 3, 4, 5]]",sidecar,True,raster,0
gqa,fullload,FullLoad,1.0,full,n154856,201228119,What kind of vehicle isn't black?,Car,"[""van""]",0.0,1704,2,raster,0,fullload,,390.9180867485702,,,584.0255650691688,587.928646011278,19.339232007041574,607.2678780183196,767557632,1472,64,,520.5080970190465,,,1.0,1.0,null,0.0,,767557632,0,64,0,767557632,11993088.0,11993088.0,0.0,,,,,null,,,,0
gqa,layout_prefix_chunk,Layout+Prefix,0.25,chunk,n154856,201228119,What kind of vehicle isn't black?,"The image shows a street scene with a modern, curved bench made of","[""van""]",0.0,450,16,raster,0,prefix,0.17208640929311514,127.99562409054488,38.63030101638287,190.0838949950412,47.93091502506286,238.0786850117147,271.3768200483173,509.455505060032,213909504,384,65,146.67248725891113,0.0,6.0,23,0.2608695652173913,0.2786885245901639,"[0.2786885245901639, 0.2786885245901639, 0.2786885245901639, 0.2786885245901639, 0.2786885245901639, 0.2786885245901639, 0.2786885245901639, 0.2786885245901639, 0.2786885245901639, 0.2786885245901639, 0.2786885245901639, 0.2786885245901639, 0.2786885245901639, 0.2786885245901639, 0.2786885245901639, 0.2786885245901639, 0.2786885245901639, 0.2786885245901639, 0.2786885245901639, 0.2786885245901639, 0.2786885245901639, 0.2786885245901639, 0.2786885245901639, 0.2786885245901639, 0.2786885245901639, 0.2786885245901639, 0.2786885245901639, 0.2786885245901639, 0.2786885245901639, 0.2786885245901639, 0.2786885245901639, 0.2786885245901639]",0.0,192,201326592,12582912,64,1,213909504,3290915.446153846,3145728.0,12582912.0,0,0,0,prefix,"[[0, 1, 2, 3, 4, 5], [0, 1, 2, 3, 4, 5], [0, 1, 2, 3, 4, 5], [0, 1, 2, 3, 4, 5], [0, 1, 2, 3, 4, 5], [0, 1, 2, 3, 4, 5], [0, 1, 2, 3, 4, 5], [0, 1, 2, 3, 4, 5], [0, 1, 2, 3, 4, 5], [0, 1, 2, 3, 4, 5], [0, 1, 2, 3, 4, 5], [0, 1, 2, 3, 4, 5], [0, 1, 2, 3, 4, 5], [0, 1, 2, 3, 4, 5], [0, 1, 2, 3, 4, 5], [0, 1, 2, 3, 4, 5], [0, 1, 2, 3, 4, 5], [0, 1, 2, 3, 4, 5], [0, 1, 2, 3, 4, 5], [0, 1, 2, 3, 4, 5], [0, 1, 2, 3, 4, 5], [0, 1, 2, 3, 4, 5], [0, 1, 2, 3, 4, 5], [0, 1, 2, 3, 4, 5], [0, 1, 2, 3, 4, 5], [0, 1, 2, 3, 4, 5], [0, 1, 2, 3, 4, 5], [0, 1, 2, 3, 4, 5], [0, 1, 2, 3, 4, 5], [0, 1, 2, 3, 4, 5], [0, 1, 2, 3, 4, 5], [0, 1, 2, 3, 4, 5]]",sidecar,True,raster,0
gqa,fullload,FullLoad,1.0,full,n154856,201228115,What vehicle is black?,Car,"[""car""]",1.0,1704,2,raster,0,fullload,,403.28634553588927,,,614.748558960855,618.6199400108308,36.768949939869344,655.3888899507001,767557632,1472,64,,540.7284090761095,,,1.0,1.0,null,0.0,,767557632,0,64,0,767557632,11993088.0,11993088.0,0.0,,,,,null,,,,0
gqa,layout_prefix_chunk,Layout+Prefix,0.25,chunk,n154856,201228115,What vehicle is black?,"The image shows a street scene with a modern, curved bench made of","[""car""]",0.0,450,16,raster,0,prefix,0.16665784642100334,167.7648798795417,41.018696618266404,233.4790650056675,32.996641006320715,266.52301102876663,273.91990600153804,540.4429170303047,213909504,384,65,187.70930962637067,0.0,6.0,23,0.2608695652173913,0.2786885245901639,"[0.2786885245901639, 0.2786885245901639, 0.2786885245901639, 0.2786885245901639, 0.2786885245901639, 0.2786885245901639, 0.2786885245901639, 0.2786885245901639, 0.2786885245901639, 0.2786885245901639, 0.2786885245901639, 0.2786885245901639, 0.2786885245901639, 0.2786885245901639, 0.2786885245901639, 0.2786885245901639, 0.2786885245901639, 0.2786885245901639, 0.2786885245901639, 0.2786885245901639, 0.2786885245901639, 0.2786885245901639, 0.2786885245901639, 0.2786885245901639, 0.2786885245901639, 0.2786885245901639, 0.2786885245901639, 0.2786885245901639, 0.2786885245901639, 0.2786885245901639, 0.2786885245901639, 0.2786885245901639]",0.0,192,201326592,12582912,64,1,213909504,3290915.446153846,3145728.0,12582912.0,0,0,0,prefix,"[[0, 1, 2, 3, 4, 5], [0, 1, 2, 3, 4, 5], [0, 1, 2, 3, 4, 5], [0, 1, 2, 3, 4, 5], [0, 1, 2, 3, 4, 5], [0, 1, 2, 3, 4, 5], [0, 1, 2, 3, 4, 5], [0, 1, 2, 3, 4, 5], [0, 1, 2, 3, 4, 5], [0, 1, 2, 3, 4, 5], [0, 1, 2, 3, 4, 5], [0, 1, 2, 3, 4, 5], [0, 1, 2, 3, 4, 5], [0, 1, 2, 3, 4, 5], [0, 1, 2, 3, 4, 5], [0, 1, 2, 3, 4, 5], [0, 1, 2, 3, 4, 5], [0, 1, 2, 3, 4, 5], [0, 1, 2, 3, 4, 5], [0, 1, 2, 3, 4, 5], [0, 1, 2, 3, 4, 5], [0, 1, 2, 3, 4, 5], [0, 1, 2, 3, 4, 5], [0, 1, 2, 3, 4, 5], [0, 1, 2, 3, 4, 5], [0, 1, 2, 3, 4, 5], [0, 1, 2, 3, 4, 5], [0, 1, 2, 3, 4, 5], [0, 1, 2, 3, 4, 5], [0, 1, 2, 3, 4, 5], [0, 1, 2, 3, 4, 5], [0, 1, 2, 3, 4, 5]]",sidecar,True,raster,0
gqa,fullload,FullLoad,1.0,full,n567860,201756711,"What kind of fruit is the white kitten playing with, an apple or a banana?",Banana,"[""banana""]",1.0,10765,3,raster,0,fullload,,580.2205695072189,,,952.828700072132,957.7831020578742,37.85481199156493,995.6379140494391,1226833920,2368,64,,903.9907678961754,,,1.0,1.0,null,0.0,,1226833920,0,64,0,1226833920,19169280.0,19169280.0,0.0,,,,,null,,,,0
gqa,layout_prefix_chunk,Layout+Prefix,0.25,chunk,n567860,201756711,"What kind of fruit is the white kitten playing with, an apple or a banana?",The image shows a white cat lying on a countertop next to a banana,"[""banana""]",0.0,450,16,raster,0,prefix,0.17090770415961742,191.55210279859602,43.13256579916924,263.99515103548765,36.84945194981992,300.8882789872587,281.45623696036637,582.344515947625,320864256,576,65,215.26874240953475,0.0,9.0,37,0.24324324324324326,0.26153846153846155,"[0.26153846153846155, 0.26153846153846155, 0.26153846153846155, 0.26153846153846155, 0.26153846153846155, 0.26153846153846155, 0.26153846153846155, 0.26153846153846155, 0.26153846153846155, 0.26153846153846155, 0.26153846153846155, 0.26153846153846155, 0.26153846153846155, 0.26153846153846155, 0.26153846153846155, 0.26153846153846155, 0.26153846153846155, 0.26153846153846155, 0.26153846153846155, 0.26153846153846155, 0.26153846153846155, 0.26153846153846155, 0.26153846153846155, 0.26153846153846155, 0.26153846153846155, 0.26153846153846155, 0.26153846153846155, 0.26153846153846155, 0.26153846153846155, 0.26153846153846155, 0.26153846153846155, 0.26153846153846155]",0.0,288,301989888,18874368,64,1,320864256,4936373.169230769,4718592.0,18874368.0,0,0,0,prefix,"[[0, 1, 2, 3, 4, 5, 6, 7, 8], [0, 1, 2, 3, 4, 5, 6, 7, 8], [0, 1, 2, 3, 4, 5, 6, 7, 8], [0, 1, 2, 3, 4, 5, 6, 7, 8], [0, 1, 2, 3, 4, 5, 6, 7, 8], [0, 1, 2, 3, 4, 5, 6, 7, 8], [0, 1, 2, 3, 4, 5, 6, 7, 8], [0, 1, 2, 3, 4, 5, 6, 7, 8], [0, 1, 2, 3, 4, 5, 6, 7, 8], [0, 1, 2, 3, 4, 5, 6, 7, 8], [0, 1, 2, 3, 4, 5, 6, 7, 8], [0, 1, 2, 3, 4, 5, 6, 7, 8], [0, 1, 2, 3, 4, 5, 6, 7, 8], [0, 1, 2, 3, 4, 5, 6, 7, 8], [0, 1, 2, 3, 4, 5, 6, 7, 8], [0, 1, 2, 3, 4, 5, 6, 7, 8], [0, 1, 2, 3, 4, 5, 6, 7, 8], [0, 1, 2, 3, 4, 5, 6, 7, 8], [0, 1, 2, 3, 4, 5, 6, 7, 8], [0, 1, 2, 3, 4, 5, 6, 7, 8], [0, 1, 2, 3, 4, 5, 6, 7, 8], [0, 1, 2, 3, 4, 5, 6, 7, 8], [0, 1, 2, 3, 4, 5, 6, 7, 8], [0, 1, 2, 3, 4, 5, 6, 7, 8], [0, 1, 2, 3, 4, 5, 6, 7, 8], [0, 1, 2, 3, 4, 5, 6, 7, 8], [0, 1, 2, 3, 4, 5, 6, 7, 8], [0, 1, 2, 3, 4, 5, 6, 7, 8], [0, 1, 2, 3, 4, 5, 6, 7, 8], [0, 1, 2, 3, 4, 5, 6, 7, 8], [0, 1, 2, 3, 4, 5, 6, 7, 8], [0, 1, 2, 3, 4, 5, 6, 7, 8]]",sidecar,True,raster,0
gqa,fullload,FullLoad,1.0,full,n567860,201756719,What animal is lying on top of the countertop?,Cat,"[""kitten""]",0.0,10459,2,raster,0,fullload,,549.77962304838,,,892.4180150497705,897.347399033606,18.86310603003949,916.2105050636455,1226833920,2368,64,,844.9987240601331,,,1.0,1.0,null,0.0,,1226833920,0,64,0,1226833920,19169280.0,19169280.0,0.0,,,,,null,,,,0
gqa,layout_prefix_chunk,Layout+Prefix,0.25,chunk,n567860,201756719,What animal is lying on top of the countertop?,"The image shows a white cat lying on a countertop, with a banana","[""kitten""]",0.0,450,16,raster,0,prefix,0.2535940147936344,192.44368933141232,57.14391672518104,288.4639829862863,41.958046960644424,330.4841979406774,270.07450500968844,600.5587029503658,320864256,576,65,225.2120398916304,0.0,9.0,37,0.24324324324324326,0.26153846153846155,"[0.26153846153846155, 0.26153846153846155, 0.26153846153846155, 0.26153846153846155, 0.26153846153846155, 0.26153846153846155, 0.26153846153846155, 0.26153846153846155, 0.26153846153846155, 0.26153846153846155, 0.26153846153846155, 0.26153846153846155, 0.26153846153846155, 0.26153846153846155, 0.26153846153846155, 0.26153846153846155, 0.26153846153846155, 0.26153846153846155, 0.26153846153846155, 0.26153846153846155, 0.26153846153846155, 0.26153846153846155, 0.26153846153846155, 0.26153846153846155, 0.26153846153846155, 0.26153846153846155, 0.26153846153846155, 0.26153846153846155, 0.26153846153846155, 0.26153846153846155, 0.26153846153846155, 0.26153846153846155]",0.0,288,301989888,18874368,64,1,320864256,4936373.169230769,4718592.0,18874368.0,0,0,0,prefix,"[[0, 1, 2, 3, 4, 5, 6, 7, 8], [0, 1, 2, 3, 4, 5, 6, 7, 8], [0, 1, 2, 3, 4, 5, 6, 7, 8], [0, 1, 2, 3, 4, 5, 6, 7, 8], [0, 1, 2, 3, 4, 5, 6, 7, 8], [0, 1, 2, 3, 4, 5, 6, 7, 8], [0, 1, 2, 3, 4, 5, 6, 7, 8], [0, 1, 2, 3, 4, 5, 6, 7, 8], [0, 1, 2, 3, 4, 5, 6, 7, 8], [0, 1, 2, 3, 4, 5, 6, 7, 8], [0, 1, 2, 3, 4, 5, 6, 7, 8], [0, 1, 2, 3, 4, 5, 6, 7, 8], [0, 1, 2, 3, 4, 5, 6, 7, 8], [0, 1, 2, 3, 4, 5, 6, 7, 8], [0, 1, 2, 3, 4, 5, 6, 7, 8], [0, 1, 2, 3, 4, 5, 6, 7, 8], [0, 1, 2, 3, 4, 5, 6, 7, 8], [0, 1, 2, 3, 4, 5, 6, 7, 8], [0, 1, 2, 3, 4, 5, 6, 7, 8], [0, 1, 2, 3, 4, 5, 6, 7, 8], [0, 1, 2, 3, 4, 5, 6, 7, 8], [0, 1, 2, 3, 4, 5, 6, 7, 8], [0, 1, 2, 3, 4, 5, 6, 7, 8], [0, 1, 2, 3, 4, 5, 6, 7, 8], [0, 1, 2, 3, 4, 5, 6, 7, 8], [0, 1, 2, 3, 4, 5, 6, 7, 8], [0, 1, 2, 3, 4, 5, 6, 7, 8], [0, 1, 2, 3, 4, 5, 6, 7, 8], [0, 1, 2, 3, 4, 5, 6, 7, 8], [0, 1, 2, 3, 4, 5, 6, 7, 8], [0, 1, 2, 3, 4, 5, 6, 7, 8], [0, 1, 2, 3, 4, 5, 6, 7, 8]]",sidecar,True,raster,0
gqa,fullload,FullLoad,1.0,full,n567860,201756948,What does the banana bunch hang above?,Cat,"[""countertop""]",0.0,10459,2,raster,0,fullload,,530.4173527983949,,,884.1221110196784,888.9500210061669,19.103500060737133,908.0535210669041,1226833920,2368,64,,836.8584023555741,,,1.0,1.0,null,0.0,,1226833920,0,64,0,1226833920,19169280.0,19169280.0,0.0,,,,,null,,,,0
gqa,layout_prefix_chunk,Layout+Prefix,0.25,chunk,n567860,201756948,What does the banana bunch hang above?,"The image shows a white cat lying on a countertop, with a banana","[""countertop""]",0.0,450,16,raster,0,prefix,0.23020582739263773,198.01330694463104,52.628515870310366,286.0472430475056,39.974565035663545,326.08612801413983,271.31192095112056,597.3980489652604,320864256,576,65,227.534115081653,0.0,9.0,37,0.24324324324324326,0.26153846153846155,"[0.26153846153846155, 0.26153846153846155, 0.26153846153846155, 0.26153846153846155, 0.26153846153846155, 0.26153846153846155, 0.26153846153846155, 0.26153846153846155, 0.26153846153846155, 0.26153846153846155, 0.26153846153846155, 0.26153846153846155, 0.26153846153846155, 0.26153846153846155, 0.26153846153846155, 0.26153846153846155, 0.26153846153846155, 0.26153846153846155, 0.26153846153846155, 0.26153846153846155, 0.26153846153846155, 0.26153846153846155, 0.26153846153846155, 0.26153846153846155, 0.26153846153846155, 0.26153846153846155, 0.26153846153846155, 0.26153846153846155, 0.26153846153846155, 0.26153846153846155, 0.26153846153846155, 0.26153846153846155]",0.0,288,301989888,18874368,64,1,320864256,4936373.169230769,4718592.0,18874368.0,0,0,0,prefix,"[[0, 1, 2, 3, 4, 5, 6, 7, 8], [0, 1, 2, 3, 4, 5, 6, 7, 8], [0, 1, 2, 3, 4, 5, 6, 7, 8], [0, 1, 2, 3, 4, 5, 6, 7, 8], [0, 1, 2, 3, 4, 5, 6, 7, 8], [0, 1, 2, 3, 4, 5, 6, 7, 8], [0, 1, 2, 3, 4, 5, 6, 7, 8], [0, 1, 2, 3, 4, 5, 6, 7, 8], [0, 1, 2, 3, 4, 5, 6, 7, 8], [0, 1, 2, 3, 4, 5, 6, 7, 8], [0, 1, 2, 3, 4, 5, 6, 7, 8], [0, 1, 2, 3, 4, 5, 6, 7, 8], [0, 1, 2, 3, 4, 5, 6, 7, 8], [0, 1, 2, 3, 4, 5, 6, 7, 8], [0, 1, 2, 3, 4, 5, 6, 7, 8], [0, 1, 2, 3, 4, 5, 6, 7, 8], [0, 1, 2, 3, 4, 5, 6, 7, 8], [0, 1, 2, 3, 4, 5, 6, 7, 8], [0, 1, 2, 3, 4, 5, 6, 7, 8], [0, 1, 2, 3, 4, 5, 6, 7, 8], [0, 1, 2, 3, 4, 5, 6, 7, 8], [0, 1, 2, 3, 4, 5, 6, 7, 8], [0, 1, 2, 3, 4, 5, 6, 7, 8], [0, 1, 2, 3, 4, 5, 6, 7, 8], [0, 1, 2, 3, 4, 5, 6, 7, 8], [0, 1, 2, 3, 4, 5, 6, 7, 8], [0, 1, 2, 3, 4, 5, 6, 7, 8], [0, 1, 2, 3, 4, 5, 6, 7, 8], [0, 1, 2, 3, 4, 5, 6, 7, 8], [0, 1, 2, 3, 4, 5, 6, 7, 8], [0, 1, 2, 3, 4, 5, 6, 7, 8], [0, 1, 2, 3, 4, 5, 6, 7, 8]]",sidecar,True,raster,0
gqa,fullload,FullLoad,1.0,full,n567860,201756553,What is the animal that is white?,Cat,"[""kitten""]",0.0,10459,2,raster,0,fullload,,581.6958852810785,,,965.5862909276038,970.4474699683487,27.921820990741253,998.36929095909,1226833920,2368,64,,910.2258762577549,,,1.0,1.0,null,0.0,,1226833920,0,64,0,1226833920,19169280.0,19169280.0,0.0,,,,,null,,,,0
gqa,layout_prefix_chunk,Layout+Prefix,0.25,chunk,n567860,201756553,What is the animal that is white?,The cat is laying on a countertop.,"[""kitten""]",0.0,450,11,raster,0,prefix,0.2423711121082306,193.39701905846596,56.50269892066717,287.60187793523073,54.71612699329853,342.38052798900753,182.88849503733218,525.2690230263397,320864256,576,65,225.00173328444362,0.0,9.0,37,0.24324324324324326,0.26153846153846155,"[0.26153846153846155, 0.26153846153846155, 0.26153846153846155, 0.26153846153846155, 0.26153846153846155, 0.26153846153846155, 0.26153846153846155, 0.26153846153846155, 0.26153846153846155, 0.26153846153846155, 0.26153846153846155, 0.26153846153846155, 0.26153846153846155, 0.26153846153846155, 0.26153846153846155, 0.26153846153846155, 0.26153846153846155, 0.26153846153846155, 0.26153846153846155, 0.26153846153846155, 0.26153846153846155, 0.26153846153846155, 0.26153846153846155, 0.26153846153846155, 0.26153846153846155, 0.26153846153846155, 0.26153846153846155, 0.26153846153846155, 0.26153846153846155, 0.26153846153846155, 0.26153846153846155, 0.26153846153846155]",0.0,288,301989888,18874368,64,1,320864256,4936373.169230769,4718592.0,18874368.0,0,0,0,prefix,"[[0, 1, 2, 3, 4, 5, 6, 7, 8], [0, 1, 2, 3, 4, 5, 6, 7, 8], [0, 1, 2, 3, 4, 5, 6, 7, 8], [0, 1, 2, 3, 4, 5, 6, 7, 8], [0, 1, 2, 3, 4, 5, 6, 7, 8], [0, 1, 2, 3, 4, 5, 6, 7, 8], [0, 1, 2, 3, 4, 5, 6, 7, 8], [0, 1, 2, 3, 4, 5, 6, 7, 8], [0, 1, 2, 3, 4, 5, 6, 7, 8], [0, 1, 2, 3, 4, 5, 6, 7, 8], [0, 1, 2, 3, 4, 5, 6, 7, 8], [0, 1, 2, 3, 4, 5, 6, 7, 8], [0, 1, 2, 3, 4, 5, 6, 7, 8], [0, 1, 2, 3, 4, 5, 6, 7, 8], [0, 1, 2, 3, 4, 5, 6, 7, 8], [0, 1, 2, 3, 4, 5, 6, 7, 8], [0, 1, 2, 3, 4, 5, 6, 7, 8], [0, 1, 2, 3, 4, 5, 6, 7, 8], [0, 1, 2, 3, 4, 5, 6, 7, 8], [0, 1, 2, 3, 4, 5, 6, 7, 8], [0, 1, 2, 3, 4, 5, 6, 7, 8], [0, 1, 2, 3, 4, 5, 6, 7, 8], [0, 1, 2, 3, 4, 5, 6, 7, 8], [0, 1, 2, 3, 4, 5, 6, 7, 8], [0, 1, 2, 3, 4, 5, 6, 7, 8], [0, 1, 2, 3, 4, 5, 6, 7, 8], [0, 1, 2, 3, 4, 5, 6, 7, 8], [0, 1, 2, 3, 4, 5, 6, 7, 8], [0, 1, 2, 3, 4, 5, 6, 7, 8], [0, 1, 2, 3, 4, 5, 6, 7, 8], [0, 1, 2, 3, 4, 5, 6, 7, 8], [0, 1, 2, 3, 4, 5, 6, 7, 8]]",sidecar,True,raster,0
gqa,fullload,FullLoad,1.0,full,n567860,201756558,What animal is young?,Cat,"[""kitten""]",0.0,10459,2,raster,0,fullload,,533.9100400451571,,,896.7255570460111,901.5386920655146,19.48962896130979,921.0283210268244,1226833920,2368,64,,850.3709640353918,,,1.0,1.0,null,0.0,,1226833920,0,64,0,1226833920,19169280.0,19169280.0,0.0,,,,,null,,,,0
gqa,layout_prefix_chunk,Layout+Prefix,0.25,chunk,n567860,201756558,What animal is young?,The cat is laying on a countertop.,"[""kitten""]",0.0,450,11,raster,0,prefix,0.25925913359969854,201.98787958361208,56.34911451488733,296.1016489425674,34.602284082211554,330.74985002167523,184.9438858916983,515.6937359133735,320864256,576,65,233.75004867557436,0.0,9.0,37,0.24324324324324326,0.26153846153846155,"[0.26153846153846155, 0.26153846153846155, 0.26153846153846155, 0.26153846153846155, 0.26153846153846155, 0.26153846153846155, 0.26153846153846155, 0.26153846153846155, 0.26153846153846155, 0.26153846153846155, 0.26153846153846155, 0.26153846153846155, 0.26153846153846155, 0.26153846153846155, 0.26153846153846155, 0.26153846153846155, 0.26153846153846155, 0.26153846153846155, 0.26153846153846155, 0.26153846153846155, 0.26153846153846155, 0.26153846153846155, 0.26153846153846155, 0.26153846153846155, 0.26153846153846155, 0.26153846153846155, 0.26153846153846155, 0.26153846153846155, 0.26153846153846155, 0.26153846153846155, 0.26153846153846155, 0.26153846153846155]",0.0,288,301989888,18874368,64,1,320864256,4936373.169230769,4718592.0,18874368.0,0,0,0,prefix,"[[0, 1, 2, 3, 4, 5, 6, 7, 8], [0, 1, 2, 3, 4, 5, 6, 7, 8], [0, 1, 2, 3, 4, 5, 6, 7, 8], [0, 1, 2, 3, 4, 5, 6, 7, 8], [0, 1, 2, 3, 4, 5, 6, 7, 8], [0, 1, 2, 3, 4, 5, 6, 7, 8], [0, 1, 2, 3, 4, 5, 6, 7, 8], [0, 1, 2, 3, 4, 5, 6, 7, 8], [0, 1, 2, 3, 4, 5, 6, 7, 8], [0, 1, 2, 3, 4, 5, 6, 7, 8], [0, 1, 2, 3, 4, 5, 6, 7, 8], [0, 1, 2, 3, 4, 5, 6, 7, 8], [0, 1, 2, 3, 4, 5, 6, 7, 8], [0, 1, 2, 3, 4, 5, 6, 7, 8], [0, 1, 2, 3, 4, 5, 6, 7, 8], [0, 1, 2, 3, 4, 5, 6, 7, 8], [0, 1, 2, 3, 4, 5, 6, 7, 8], [0, 1, 2, 3, 4, 5, 6, 7, 8], [0, 1, 2, 3, 4, 5, 6, 7, 8], [0, 1, 2, 3, 4, 5, 6, 7, 8], [0, 1, 2, 3, 4, 5, 6, 7, 8], [0, 1, 2, 3, 4, 5, 6, 7, 8], [0, 1, 2, 3, 4, 5, 6, 7, 8], [0, 1, 2, 3, 4, 5, 6, 7, 8], [0, 1, 2, 3, 4, 5, 6, 7, 8], [0, 1, 2, 3, 4, 5, 6, 7, 8], [0, 1, 2, 3, 4, 5, 6, 7, 8], [0, 1, 2, 3, 4, 5, 6, 7, 8], [0, 1, 2, 3, 4, 5, 6, 7, 8], [0, 1, 2, 3, 4, 5, 6, 7, 8], [0, 1, 2, 3, 4, 5, 6, 7, 8], [0, 1, 2, 3, 4, 5, 6, 7, 8]]",sidecar,True,raster,0
gqa,fullload,FullLoad,1.0,full,n567860,201756771,Does the yellow fruit look unpeeled and ripe?,No,"[""yes""]",0.0,1939,2,raster,0,fullload,,516.0610133316368,,,863.8334749266505,868.7634948873892,19.350012065842748,888.113506953232,1226833920,2368,64,,817.4591290298849,,,1.0,1.0,null,0.0,,1226833920,0,64,0,1226833920,19169280.0,19169280.0,0.0,,,,,null,,,,0
gqa,layout_prefix_chunk,Layout+Prefix,0.25,chunk,n567860,201756771,Does the yellow fruit look unpeeled and ripe?,The image shows a white cat lying on a countertop next to a banana,"[""yes""]",0.0,450,16,raster,0,prefix,0.15703157987445593,165.89991783257574,42.89674502797425,237.4014660017565,35.0052600260824,272.44974905624986,274.0353479748592,546.485097031109,320864256,576,65,188.92522261012346,0.0,9.0,37,0.24324324324324326,0.26153846153846155,"[0.26153846153846155, 0.26153846153846155, 0.26153846153846155, 0.26153846153846155, 0.26153846153846155, 0.26153846153846155, 0.26153846153846155, 0.26153846153846155, 0.26153846153846155, 0.26153846153846155, 0.26153846153846155, 0.26153846153846155, 0.26153846153846155, 0.26153846153846155, 0.26153846153846155, 0.26153846153846155, 0.26153846153846155, 0.26153846153846155, 0.26153846153846155, 0.26153846153846155, 0.26153846153846155, 0.26153846153846155, 0.26153846153846155, 0.26153846153846155, 0.26153846153846155, 0.26153846153846155, 0.26153846153846155, 0.26153846153846155, 0.26153846153846155, 0.26153846153846155, 0.26153846153846155, 0.26153846153846155]",0.0,288,301989888,18874368,64,1,320864256,4936373.169230769,4718592.0,18874368.0,0,0,0,prefix,"[[0, 1, 2, 3, 4, 5, 6, 7, 8], [0, 1, 2, 3, 4, 5, 6, 7, 8], [0, 1, 2, 3, 4, 5, 6, 7, 8], [0, 1, 2, 3, 4, 5, 6, 7, 8], [0, 1, 2, 3, 4, 5, 6, 7, 8], [0, 1, 2, 3, 4, 5, 6, 7, 8], [0, 1, 2, 3, 4, 5, 6, 7, 8], [0, 1, 2, 3, 4, 5, 6, 7, 8], [0, 1, 2, 3, 4, 5, 6, 7, 8], [0, 1, 2, 3, 4, 5, 6, 7, 8], [0, 1, 2, 3, 4, 5, 6, 7, 8], [0, 1, 2, 3, 4, 5, 6, 7, 8], [0, 1, 2, 3, 4, 5, 6, 7, 8], [0, 1, 2, 3, 4, 5, 6, 7, 8], [0, 1, 2, 3, 4, 5, 6, 7, 8], [0, 1, 2, 3, 4, 5, 6, 7, 8], [0, 1, 2, 3, 4, 5, 6, 7, 8], [0, 1, 2, 3, 4, 5, 6, 7, 8], [0, 1, 2, 3, 4, 5, 6, 7, 8], [0, 1, 2, 3, 4, 5, 6, 7, 8], [0, 1, 2, 3, 4, 5, 6, 7, 8], [0, 1, 2, 3, 4, 5, 6, 7, 8], [0, 1, 2, 3, 4, 5, 6, 7, 8], [0, 1, 2, 3, 4, 5, 6, 7, 8], [0, 1, 2, 3, 4, 5, 6, 7, 8], [0, 1, 2, 3, 4, 5, 6, 7, 8], [0, 1, 2, 3, 4, 5, 6, 7, 8], [0, 1, 2, 3, 4, 5, 6, 7, 8], [0, 1, 2, 3, 4, 5, 6, 7, 8], [0, 1, 2, 3, 4, 5, 6, 7, 8], [0, 1, 2, 3, 4, 5, 6, 7, 8], [0, 1, 2, 3, 4, 5, 6, 7, 8]]",sidecar,True,raster,0
gqa,fullload,FullLoad,1.0,full,n314171,201548698,What do you think is the alcohol in?,Blender,"[""blender""]",1.0,3164,3,raster,0,fullload,,542.6705972058699,,,913.4474990423769,918.3778170263395,38.59613696113229,956.9739539874718,1132462080,2176,64,,863.1143970414996,,,1.0,1.0,null,0.0,,1132462080,0,64,0,1132462080,17694720.0,17694720.0,0.0,,,,,null,,,,0
gqa,layout_prefix_chunk,Layout+Prefix,0.25,chunk,n314171,201548698,What do you think is the alcohol in?,The woman in the image is using a blender to mix a drink. She,"[""blender""]",0.0,450,16,raster,0,prefix,0.15638000331819057,178.85058466345072,40.64252192620188,246.65221897885203,35.49976600334048,282.2006120113656,272.7431539678946,554.9437659792602,293601280,512,65,200.49647090490907,0.0,8.0,34,0.23529411764705882,0.25925925925925924,"[0.25925925925925924, 0.25925925925925924, 0.25925925925925924, 0.25925925925925924, 0.25925925925925924, 0.25925925925925924, 0.25925925925925924, 0.25925925925925924, 0.25925925925925924, 0.25925925925925924, 0.25925925925925924, 0.25925925925925924, 0.25925925925925924, 0.25925925925925924, 0.25925925925925924, 0.25925925925925924, 0.25925925925925924, 0.25925925925925924, 0.25925925925925924, 0.25925925925925924, 0.25925925925925924, 0.25925925925925924, 0.25925925925925924, 0.25925925925925924, 0.25925925925925924, 0.25925925925925924, 0.25925925925925924, 0.25925925925925924, 0.25925925925925924, 0.25925925925925924, 0.25925925925925924, 0.25925925925925924]",0.0,256,268435456,25165824,64,1,293601280,4516942.769230769,4194304.0,25165824.0,0,0,0,prefix,"[[0, 1, 2, 3, 4, 5, 6, 7], [0, 1, 2, 3, 4, 5, 6, 7], [0, 1, 2, 3, 4, 5, 6, 7], [0, 1, 2, 3, 4, 5, 6, 7], [0, 1, 2, 3, 4, 5, 6, 7], [0, 1, 2, 3, 4, 5, 6, 7], [0, 1, 2, 3, 4, 5, 6, 7], [0, 1, 2, 3, 4, 5, 6, 7], [0, 1, 2, 3, 4, 5, 6, 7], [0, 1, 2, 3, 4, 5, 6, 7], [0, 1, 2, 3, 4, 5, 6, 7], [0, 1, 2, 3, 4, 5, 6, 7], [0, 1, 2, 3, 4, 5, 6, 7], [0, 1, 2, 3, 4, 5, 6, 7], [0, 1, 2, 3, 4, 5, 6, 7], [0, 1, 2, 3, 4, 5, 6, 7], [0, 1, 2, 3, 4, 5, 6, 7], [0, 1, 2, 3, 4, 5, 6, 7], [0, 1, 2, 3, 4, 5, 6, 7], [0, 1, 2, 3, 4, 5, 6, 7], [0, 1, 2, 3, 4, 5, 6, 7], [0, 1, 2, 3, 4, 5, 6, 7], [0, 1, 2, 3, 4, 5, 6, 7], [0, 1, 2, 3, 4, 5, 6, 7], [0, 1, 2, 3, 4, 5, 6, 7], [0, 1, 2, 3, 4, 5, 6, 7], [0, 1, 2, 3, 4, 5, 6, 7], [0, 1, 2, 3, 4, 5, 6, 7], [0, 1, 2, 3, 4, 5, 6, 7], [0, 1, 2, 3, 4, 5, 6, 7], [0, 1, 2, 3, 4, 5, 6, 7], [0, 1, 2, 3, 4, 5, 6, 7]]",sidecar,True,raster,0
gqa,fullload,FullLoad,1.0,full,n314171,201549013,Is there a white flag or balloon?,No,"[""no""]",1.0,1939,2,raster,0,fullload,,464.54636205453426,,,797.6703690364957,802.4367069592699,19.104704027995467,821.5414109872654,1132462080,2176,64,,754.00588021148,,,1.0,1.0,null,0.0,,1132462080,0,64,0,1132462080,17694720.0,17694720.0,0.0,,,,,null,,,,0
gqa,layout_prefix_chunk,Layout+Prefix,0.25,chunk,n314171,201549013,Is there a white flag or balloon?,The image shows a person using a blender. The blender is a kitchen,"[""no""]",0.0,450,16,raster,0,prefix,0.21692493464797735,174.7875442961231,49.774874933063984,257.7978540211916,51.24825704842806,309.108357061632,273.16893194802105,582.277289009653,293601280,512,65,202.3069025017321,0.0,8.0,34,0.23529411764705882,0.25925925925925924,"[0.25925925925925924, 0.25925925925925924, 0.25925925925925924, 0.25925925925925924, 0.25925925925925924, 0.25925925925925924, 0.25925925925925924, 0.25925925925925924, 0.25925925925925924, 0.25925925925925924, 0.25925925925925924, 0.25925925925925924, 0.25925925925925924, 0.25925925925925924, 0.25925925925925924, 0.25925925925925924, 0.25925925925925924, 0.25925925925925924, 0.25925925925925924, 0.25925925925925924, 0.25925925925925924, 0.25925925925925924, 0.25925925925925924, 0.25925925925925924, 0.25925925925925924, 0.25925925925925924, 0.25925925925925924, 0.25925925925925924, 0.25925925925925924, 0.25925925925925924, 0.25925925925925924, 0.25925925925925924]",0.0,256,268435456,25165824,64,1,293601280,4516942.769230769,4194304.0,25165824.0,0,0,0,prefix,"[[0, 1, 2, 3, 4, 5, 6, 7], [0, 1, 2, 3, 4, 5, 6, 7], [0, 1, 2, 3, 4, 5, 6, 7], [0, 1, 2, 3, 4, 5, 6, 7], [0, 1, 2, 3, 4, 5, 6, 7], [0, 1, 2, 3, 4, 5, 6, 7], [0, 1, 2, 3, 4, 5, 6, 7], [0, 1, 2, 3, 4, 5, 6, 7], [0, 1, 2, 3, 4, 5, 6, 7], [0, 1, 2, 3, 4, 5, 6, 7], [0, 1, 2, 3, 4, 5, 6, 7], [0, 1, 2, 3, 4, 5, 6, 7], [0, 1, 2, 3, 4, 5, 6, 7], [0, 1, 2, 3, 4, 5, 6, 7], [0, 1, 2, 3, 4, 5, 6, 7], [0, 1, 2, 3, 4, 5, 6, 7], [0, 1, 2, 3, 4, 5, 6, 7], [0, 1, 2, 3, 4, 5, 6, 7], [0, 1, 2, 3, 4, 5, 6, 7], [0, 1, 2, 3, 4, 5, 6, 7], [0, 1, 2, 3, 4, 5, 6, 7], [0, 1, 2, 3, 4, 5, 6, 7], [0, 1, 2, 3, 4, 5, 6, 7], [0, 1, 2, 3, 4, 5, 6, 7], [0, 1, 2, 3, 4, 5, 6, 7], [0, 1, 2, 3, 4, 5, 6, 7], [0, 1, 2, 3, 4, 5, 6, 7], [0, 1, 2, 3, 4, 5, 6, 7], [0, 1, 2, 3, 4, 5, 6, 7], [0, 1, 2, 3, 4, 5, 6, 7], [0, 1, 2, 3, 4, 5, 6, 7], [0, 1, 2, 3, 4, 5, 6, 7]]",sidecar,True,raster,0
gqa,fullload,FullLoad,1.0,full,n314171,201548970,Are there any small women or men?,No,"[""no""]",1.0,1939,2,raster,0,fullload,,482.7812908915803,,,803.6747109144926,808.300670934841,19.428397994488478,827.7290689293295,1132462080,2176,64,,760.8150268206373,,,1.0,1.0,null,0.0,,1132462080,0,64,0,1132462080,17694720.0,17694720.0,0.0,,,,,null,,,,0
gqa,layout_prefix_chunk,Layout+Prefix,0.25,chunk,n314171,201548970,Are there any small women or men?,The woman in the image is using a blender to make a smoothie or,"[""no""]",0.0,450,16,raster,0,prefix,0.23782497737556696,174.07759476918727,51.26922216732055,259.85497108194977,41.213736054487526,301.13377305679023,274.5589839760214,575.6927570328116,293601280,512,65,202.89633981883526,0.0,8.0,34,0.23529411764705882,0.25925925925925924,"[0.25925925925925924, 0.25925925925925924, 0.25925925925925924, 0.25925925925925924, 0.25925925925925924, 0.25925925925925924, 0.25925925925925924, 0.25925925925925924, 0.25925925925925924, 0.25925925925925924, 0.25925925925925924, 0.25925925925925924, 0.25925925925925924, 0.25925925925925924, 0.25925925925925924, 0.25925925925925924, 0.25925925925925924, 0.25925925925925924, 0.25925925925925924, 0.25925925925925924, 0.25925925925925924, 0.25925925925925924, 0.25925925925925924, 0.25925925925925924, 0.25925925925925924, 0.25925925925925924, 0.25925925925925924, 0.25925925925925924, 0.25925925925925924, 0.25925925925925924, 0.25925925925925924, 0.25925925925925924]",0.0,256,268435456,25165824,64,1,293601280,4516942.769230769,4194304.0,25165824.0,0,0,0,prefix,"[[0, 1, 2, 3, 4, 5, 6, 7], [0, 1, 2, 3, 4, 5, 6, 7], [0, 1, 2, 3, 4, 5, 6, 7], [0, 1, 2, 3, 4, 5, 6, 7], [0, 1, 2, 3, 4, 5, 6, 7], [0, 1, 2, 3, 4, 5, 6, 7], [0, 1, 2, 3, 4, 5, 6, 7], [0, 1, 2, 3, 4, 5, 6, 7], [0, 1, 2, 3, 4, 5, 6, 7], [0, 1, 2, 3, 4, 5, 6, 7], [0, 1, 2, 3, 4, 5, 6, 7], [0, 1, 2, 3, 4, 5, 6, 7], [0, 1, 2, 3, 4, 5, 6, 7], [0, 1, 2, 3, 4, 5, 6, 7], [0, 1, 2, 3, 4, 5, 6, 7], [0, 1, 2, 3, 4, 5, 6, 7], [0, 1, 2, 3, 4, 5, 6, 7], [0, 1, 2, 3, 4, 5, 6, 7], [0, 1, 2, 3, 4, 5, 6, 7], [0, 1, 2, 3, 4, 5, 6, 7], [0, 1, 2, 3, 4, 5, 6, 7], [0, 1, 2, 3, 4, 5, 6, 7], [0, 1, 2, 3, 4, 5, 6, 7], [0, 1, 2, 3, 4, 5, 6, 7], [0, 1, 2, 3, 4, 5, 6, 7], [0, 1, 2, 3, 4, 5, 6, 7], [0, 1, 2, 3, 4, 5, 6, 7], [0, 1, 2, 3, 4, 5, 6, 7], [0, 1, 2, 3, 4, 5, 6, 7], [0, 1, 2, 3, 4, 5, 6, 7], [0, 1, 2, 3, 4, 5, 6, 7], [0, 1, 2, 3, 4, 5, 6, 7]]",sidecar,True,raster,0
gqa,fullload,FullLoad,1.0,full,n314171,201548952,"Which side of the photo is the woman on, the right or the left?",Right,"[""right""]",1.0,10428,2,raster,0,fullload,,511.98799652047455,,,854.5409339712933,859.1721699340269,19.284854060970247,878.4570239949971,1132462080,2176,64,,807.4226587777957,,,1.0,1.0,null,0.0,,1132462080,0,64,0,1132462080,17694720.0,17694720.0,0.0,,,,,null,,,,0
gqa,layout_prefix_chunk,Layout+Prefix,0.25,chunk,n314171,201548952,"Which side of the photo is the woman on, the right or the left?","The woman in the image is holding a blender with a green lid, and","[""right""]",0.0,450,16,raster,0,prefix,0.14592858497053385,144.95501050259918,40.052863070741296,211.4947569789365,36.38578800018877,247.92354996316135,278.83104200009257,526.7545919632539,293601280,512,65,166.18370590731502,0.0,8.0,34,0.23529411764705882,0.25925925925925924,"[0.25925925925925924, 0.25925925925925924, 0.25925925925925924, 0.25925925925925924, 0.25925925925925924, 0.25925925925925924, 0.25925925925925924, 0.25925925925925924, 0.25925925925925924, 0.25925925925925924, 0.25925925925925924, 0.25925925925925924, 0.25925925925925924, 0.25925925925925924, 0.25925925925925924, 0.25925925925925924, 0.25925925925925924, 0.25925925925925924, 0.25925925925925924, 0.25925925925925924, 0.25925925925925924, 0.25925925925925924, 0.25925925925925924, 0.25925925925925924, 0.25925925925925924, 0.25925925925925924, 0.25925925925925924, 0.25925925925925924, 0.25925925925925924, 0.25925925925925924, 0.25925925925925924, 0.25925925925925924]",0.0,256,268435456,25165824,64,1,293601280,4516942.769230769,4194304.0,25165824.0,0,0,0,prefix,"[[0, 1, 2, 3, 4, 5, 6, 7], [0, 1, 2, 3, 4, 5, 6, 7], [0, 1, 2, 3, 4, 5, 6, 7], [0, 1, 2, 3, 4, 5, 6, 7], [0, 1, 2, 3, 4, 5, 6, 7], [0, 1, 2, 3, 4, 5, 6, 7], [0, 1, 2, 3, 4, 5, 6, 7], [0, 1, 2, 3, 4, 5, 6, 7], [0, 1, 2, 3, 4, 5, 6, 7], [0, 1, 2, 3, 4, 5, 6, 7], [0, 1, 2, 3, 4, 5, 6, 7], [0, 1, 2, 3, 4, 5, 6, 7], [0, 1, 2, 3, 4, 5, 6, 7], [0, 1, 2, 3, 4, 5, 6, 7], [0, 1, 2, 3, 4, 5, 6, 7], [0, 1, 2, 3, 4, 5, 6, 7], [0, 1, 2, 3, 4, 5, 6, 7], [0, 1, 2, 3, 4, 5, 6, 7], [0, 1, 2, 3, 4, 5, 6, 7], [0, 1, 2, 3, 4, 5, 6, 7], [0, 1, 2, 3, 4, 5, 6, 7], [0, 1, 2, 3, 4, 5, 6, 7], [0, 1, 2, 3, 4, 5, 6, 7], [0, 1, 2, 3, 4, 5, 6, 7], [0, 1, 2, 3, 4, 5, 6, 7], [0, 1, 2, 3, 4, 5, 6, 7], [0, 1, 2, 3, 4, 5, 6, 7], [0, 1, 2, 3, 4, 5, 6, 7], [0, 1, 2, 3, 4, 5, 6, 7], [0, 1, 2, 3, 4, 5, 6, 7], [0, 1, 2, 3, 4, 5, 6, 7], [0, 1, 2, 3, 4, 5, 6, 7]]",sidecar,True,raster,0
gqa,fullload,FullLoad,1.0,full,n314171,201548929,What is the small room holding?,Shelf,"[""picture""]",0.0,1383,3,raster,0,fullload,,510.7580419862643,,,869.3384469952434,873.9746520295739,37.78864198829979,911.7632940178737,1132462080,2176,64,,819.8388628661633,,,1.0,1.0,null,0.0,,1132462080,0,64,0,1132462080,17694720.0,17694720.0,0.0,,,,,null,,,,0
gqa,layout_prefix_chunk,Layout+Prefix,0.25,chunk,n314171,201548929,What is the small room holding?,The woman in the image is using a blender. She is holding the bl,"[""picture""]",0.0,450,16,raster,0,prefix,0.22433314006775618,159.45883735548705,49.68123231083155,243.0143509991467,40.702375932596624,283.77902298234403,277.76573807932436,561.5447610616684,293601280,512,65,187.64543219003826,0.0,8.0,34,0.23529411764705882,0.25925925925925924,"[0.25925925925925924, 0.25925925925925924, 0.25925925925925924, 0.25925925925925924, 0.25925925925925924, 0.25925925925925924, 0.25925925925925924, 0.25925925925925924, 0.25925925925925924, 0.25925925925925924, 0.25925925925925924, 0.25925925925925924, 0.25925925925925924, 0.25925925925925924, 0.25925925925925924, 0.25925925925925924, 0.25925925925925924, 0.25925925925925924, 0.25925925925925924, 0.25925925925925924, 0.25925925925925924, 0.25925925925925924, 0.25925925925925924, 0.25925925925925924, 0.25925925925925924, 0.25925925925925924, 0.25925925925925924, 0.25925925925925924, 0.25925925925925924, 0.25925925925925924, 0.25925925925925924, 0.25925925925925924]",0.0,256,268435456,25165824,64,1,293601280,4516942.769230769,4194304.0,25165824.0,0,0,0,prefix,"[[0, 1, 2, 3, 4, 5, 6, 7], [0, 1, 2, 3, 4, 5, 6, 7], [0, 1, 2, 3, 4, 5, 6, 7], [0, 1, 2, 3, 4, 5, 6, 7], [0, 1, 2, 3, 4, 5, 6, 7], [0, 1, 2, 3, 4, 5, 6, 7], [0, 1, 2, 3, 4, 5, 6, 7], [0, 1, 2, 3, 4, 5, 6, 7], [0, 1, 2, 3, 4, 5, 6, 7], [0, 1, 2, 3, 4, 5, 6, 7], [0, 1, 2, 3, 4, 5, 6, 7], [0, 1, 2, 3, 4, 5, 6, 7], [0, 1, 2, 3, 4, 5, 6, 7], [0, 1, 2, 3, 4, 5, 6, 7], [0, 1, 2, 3, 4, 5, 6, 7], [0, 1, 2, 3, 4, 5, 6, 7], [0, 1, 2, 3, 4, 5, 6, 7], [0, 1, 2, 3, 4, 5, 6, 7], [0, 1, 2, 3, 4, 5, 6, 7], [0, 1, 2, 3, 4, 5, 6, 7], [0, 1, 2, 3, 4, 5, 6, 7], [0, 1, 2, 3, 4, 5, 6, 7], [0, 1, 2, 3, 4, 5, 6, 7], [0, 1, 2, 3, 4, 5, 6, 7], [0, 1, 2, 3, 4, 5, 6, 7], [0, 1, 2, 3, 4, 5, 6, 7], [0, 1, 2, 3, 4, 5, 6, 7], [0, 1, 2, 3, 4, 5, 6, 7], [0, 1, 2, 3, 4, 5, 6, 7], [0, 1, 2, 3, 4, 5, 6, 7], [0, 1, 2, 3, 4, 5, 6, 7], [0, 1, 2, 3, 4, 5, 6, 7]]",sidecar,True,raster,0
gqa,fullload,FullLoad,1.0,full,n314171,201548676,Is the drink that is to the right of the blender made of glass?,Yes,"[""yes""]",1.0,3869,2,raster,0,fullload,,480.09932378772646,,,809.2747869668528,813.9130210038275,19.211141974665225,833.1241629784927,1132462080,2176,64,,763.3407020475715,,,1.0,1.0,null,0.0,,1132462080,0,64,0,1132462080,17694720.0,17694720.0,0.0,,,,,null,,,,0
gqa,layout_prefix_chunk,Layout+Prefix,0.25,chunk,n314171,201548676,Is the drink that is to the right of the blender made of glass?,The woman in the image is using a blender to make a smoothie or,"[""yes""]",0.0,450,16,raster,0,prefix,0.21904020104557276,171.8937181867659,49.704332021065056,255.86352602113038,42.63217491097748,298.5591759206727,269.44161707069725,568.00079299137,293601280,512,65,199.752799118869,0.0,8.0,34,0.23529411764705882,0.25925925925925924,"[0.25925925925925924, 0.25925925925925924, 0.25925925925925924, 0.25925925925925924, 0.25925925925925924, 0.25925925925925924, 0.25925925925925924, 0.25925925925925924, 0.25925925925925924, 0.25925925925925924, 0.25925925925925924, 0.25925925925925924, 0.25925925925925924, 0.25925925925925924, 0.25925925925925924, 0.25925925925925924, 0.25925925925925924, 0.25925925925925924, 0.25925925925925924, 0.25925925925925924, 0.25925925925925924, 0.25925925925925924, 0.25925925925925924, 0.25925925925925924, 0.25925925925925924, 0.25925925925925924, 0.25925925925925924, 0.25925925925925924, 0.25925925925925924, 0.25925925925925924, 0.25925925925925924, 0.25925925925925924]",0.0,256,268435456,25165824,64,1,293601280,4516942.769230769,4194304.0,25165824.0,0,0,0,prefix,"[[0, 1, 2, 3, 4, 5, 6, 7], [0, 1, 2, 3, 4, 5, 6, 7], [0, 1, 2, 3, 4, 5, 6, 7], [0, 1, 2, 3, 4, 5, 6, 7], [0, 1, 2, 3, 4, 5, 6, 7], [0, 1, 2, 3, 4, 5, 6, 7], [0, 1, 2, 3, 4, 5, 6, 7], [0, 1, 2, 3, 4, 5, 6, 7], [0, 1, 2, 3, 4, 5, 6, 7], [0, 1, 2, 3, 4, 5, 6, 7], [0, 1, 2, 3, 4, 5, 6, 7], [0, 1, 2, 3, 4, 5, 6, 7], [0, 1, 2, 3, 4, 5, 6, 7], [0, 1, 2, 3, 4, 5, 6, 7], [0, 1, 2, 3, 4, 5, 6, 7], [0, 1, 2, 3, 4, 5, 6, 7], [0, 1, 2, 3, 4, 5, 6, 7], [0, 1, 2, 3, 4, 5, 6, 7], [0, 1, 2, 3, 4, 5, 6, 7], [0, 1, 2, 3, 4, 5, 6, 7], [0, 1, 2, 3, 4, 5, 6, 7], [0, 1, 2, 3, 4, 5, 6, 7], [0, 1, 2, 3, 4, 5, 6, 7], [0, 1, 2, 3, 4, 5, 6, 7], [0, 1, 2, 3, 4, 5, 6, 7], [0, 1, 2, 3, 4, 5, 6, 7], [0, 1, 2, 3, 4, 5, 6, 7], [0, 1, 2, 3, 4, 5, 6, 7], [0, 1, 2, 3, 4, 5, 6, 7], [0, 1, 2, 3, 4, 5, 6, 7], [0, 1, 2, 3, 4, 5, 6, 7], [0, 1, 2, 3, 4, 5, 6, 7]]",sidecar,True,raster,0
gqa,fullload,FullLoad,1.0,full,n437064,20609470,What is the fork made of?,Metal,"[""metal""]",1.0,24992,2,raster,0,fullload,,449.2733427323401,,,705.7711050147191,710.5495909927413,18.894494976848364,729.4440859695897,1124073472,2176,64,,645.9714227821678,,,1.0,1.0,null,0.0,,1124073472,0,64,0,1124073472,17563648.0,17563648.0,0.0,,,,,null,,,,0
gqa,layout_prefix_chunk,Layout+Prefix,0.25,chunk,n437064,20609470,What is the fork made of?,"The image shows a slice of cake with a strawberry topping,","[""metal""]",0.0,450,16,raster,0,prefix,0.14587899204343557,163.08444016613066,40.28602770995349,227.7390039525926,37.934922031126916,265.7192039769143,274.708969052881,540.4281730297953,285212672,512,65,182.13028914760798,0.0,8.0,34,0.23529411764705882,0.2537313432835821,"[0.2537313432835821, 0.2537313432835821, 0.2537313432835821, 0.2537313432835821, 0.2537313432835821, 0.2537313432835821, 0.2537313432835821, 0.2537313432835821, 0.2537313432835821, 0.2537313432835821, 0.2537313432835821, 0.2537313432835821, 0.2537313432835821, 0.2537313432835821, 0.2537313432835821, 0.2537313432835821, 0.2537313432835821, 0.2537313432835821, 0.2537313432835821, 0.2537313432835821, 0.2537313432835821, 0.2537313432835821, 0.2537313432835821, 0.2537313432835821, 0.2537313432835821, 0.2537313432835821, 0.2537313432835821, 0.2537313432835821, 0.2537313432835821, 0.2537313432835821, 0.2537313432835821, 0.2537313432835821]",0.0,256,268435456,16777216,64,1,285212672,4387887.261538462,4194304.0,16777216.0,0,0,0,prefix,"[[0, 1, 2, 3, 4, 5, 6, 7], [0, 1, 2, 3, 4, 5, 6, 7], [0, 1, 2, 3, 4, 5, 6, 7], [0, 1, 2, 3, 4, 5, 6, 7], [0, 1, 2, 3, 4, 5, 6, 7], [0, 1, 2, 3, 4, 5, 6, 7], [0, 1, 2, 3, 4, 5, 6, 7], [0, 1, 2, 3, 4, 5, 6, 7], [0, 1, 2, 3, 4, 5, 6, 7], [0, 1, 2, 3, 4, 5, 6, 7], [0, 1, 2, 3, 4, 5, 6, 7], [0, 1, 2, 3, 4, 5, 6, 7], [0, 1, 2, 3, 4, 5, 6, 7], [0, 1, 2, 3, 4, 5, 6, 7], [0, 1, 2, 3, 4, 5, 6, 7], [0, 1, 2, 3, 4, 5, 6, 7], [0, 1, 2, 3, 4, 5, 6, 7], [0, 1, 2, 3, 4, 5, 6, 7], [0, 1, 2, 3, 4, 5, 6, 7], [0, 1, 2, 3, 4, 5, 6, 7], [0, 1, 2, 3, 4, 5, 6, 7], [0, 1, 2, 3, 4, 5, 6, 7], [0, 1, 2, 3, 4, 5, 6, 7], [0, 1, 2, 3, 4, 5, 6, 7], [0, 1, 2, 3, 4, 5, 6, 7], [0, 1, 2, 3, 4, 5, 6, 7], [0, 1, 2, 3, 4, 5, 6, 7], [0, 1, 2, 3, 4, 5, 6, 7], [0, 1, 2, 3, 4, 5, 6, 7], [0, 1, 2, 3, 4, 5, 6, 7], [0, 1, 2, 3, 4, 5, 6, 7], [0, 1, 2, 3, 4, 5, 6, 7]]",sidecar,True,raster,0
gqa,fullload,FullLoad,1.0,full,n437064,20609567,Is the utensil in front of the cake clean and metallic?,Yes,"[""yes""]",1.0,3869,2,raster,0,fullload,,369.3690524669364,,,593.962230021134,598.6667179968208,19.185198936611414,617.8519169334322,1124073472,2176,64,,544.1156473243609,,,1.0,1.0,null,0.0,,1124073472,0,64,0,1124073472,17563648.0,17563648.0,0.0,,,,,null,,,,0
gqa,layout_prefix_chunk,Layout+Prefix,0.25,chunk,n437064,20609567,Is the utensil in front of the cake clean and metallic?,Yes,"[""yes""]",1.0,3869,2,raster,0,prefix,0.20507897716015577,150.36703122314066,48.4051777748391,228.78038103226572,56.61790806334466,285.46320204623044,18.3828619774431,303.84606402367353,285212672,512,65,174.81962800957263,0.0,8.0,34,0.23529411764705882,0.2537313432835821,"[0.2537313432835821, 0.2537313432835821, 0.2537313432835821, 0.2537313432835821, 0.2537313432835821, 0.2537313432835821, 0.2537313432835821, 0.2537313432835821, 0.2537313432835821, 0.2537313432835821, 0.2537313432835821, 0.2537313432835821, 0.2537313432835821, 0.2537313432835821, 0.2537313432835821, 0.2537313432835821, 0.2537313432835821, 0.2537313432835821, 0.2537313432835821, 0.2537313432835821, 0.2537313432835821, 0.2537313432835821, 0.2537313432835821, 0.2537313432835821, 0.2537313432835821, 0.2537313432835821, 0.2537313432835821, 0.2537313432835821, 0.2537313432835821, 0.2537313432835821, 0.2537313432835821, 0.2537313432835821]",0.0,256,268435456,16777216,64,1,285212672,4387887.261538462,4194304.0,16777216.0,0,0,0,prefix,"[[0, 1, 2, 3, 4, 5, 6, 7], [0, 1, 2, 3, 4, 5, 6, 7], [0, 1, 2, 3, 4, 5, 6, 7], [0, 1, 2, 3, 4, 5, 6, 7], [0, 1, 2, 3, 4, 5, 6, 7], [0, 1, 2, 3, 4, 5, 6, 7], [0, 1, 2, 3, 4, 5, 6, 7], [0, 1, 2, 3, 4, 5, 6, 7], [0, 1, 2, 3, 4, 5, 6, 7], [0, 1, 2, 3, 4, 5, 6, 7], [0, 1, 2, 3, 4, 5, 6, 7], [0, 1, 2, 3, 4, 5, 6, 7], [0, 1, 2, 3, 4, 5, 6, 7], [0, 1, 2, 3, 4, 5, 6, 7], [0, 1, 2, 3, 4, 5, 6, 7], [0, 1, 2, 3, 4, 5, 6, 7], [0, 1, 2, 3, 4, 5, 6, 7], [0, 1, 2, 3, 4, 5, 6, 7], [0, 1, 2, 3, 4, 5, 6, 7], [0, 1, 2, 3, 4, 5, 6, 7], [0, 1, 2, 3, 4, 5, 6, 7], [0, 1, 2, 3, 4, 5, 6, 7], [0, 1, 2, 3, 4, 5, 6, 7], [0, 1, 2, 3, 4, 5, 6, 7], [0, 1, 2, 3, 4, 5, 6, 7], [0, 1, 2, 3, 4, 5, 6, 7], [0, 1, 2, 3, 4, 5, 6, 7], [0, 1, 2, 3, 4, 5, 6, 7], [0, 1, 2, 3, 4, 5, 6, 7], [0, 1, 2, 3, 4, 5, 6, 7], [0, 1, 2, 3, 4, 5, 6, 7], [0, 1, 2, 3, 4, 5, 6, 7]]",sidecar,True,raster,0
gqa,fullload,FullLoad,1.0,full,n437064,20609355,What is in front of the fruit that the bowl is behind of?,Spoon,"[""whipped cream""]",0.0,24674,3,raster,0,fullload,,415.7471525250003,,,662.1401010779664,666.82247701101,37.62892400845885,704.4514010194689,1124073472,2176,64,,603.3510679844767,,,1.0,1.0,null,0.0,,1124073472,0,64,0,1124073472,17563648.0,17563648.0,0.0,,,,,null,,,,0
gqa,layout_prefix_chunk,Layout+Prefix,0.25,chunk,n437064,20609355,What is in front of the fruit that the bowl is behind of?,The image shows a plate of food that includes a slice of cake and a,"[""whipped cream""]",0.0,450,16,raster,0,prefix,0.21601479966193438,155.21499048918486,51.3610620982945,239.14690094534308,40.29013600666076,279.49768397957087,275.2490099519491,554.74669393152,285212672,512,65,181.7995400633663,0.0,8.0,34,0.23529411764705882,0.2537313432835821,"[0.2537313432835821, 0.2537313432835821, 0.2537313432835821, 0.2537313432835821, 0.2537313432835821, 0.2537313432835821, 0.2537313432835821, 0.2537313432835821, 0.2537313432835821, 0.2537313432835821, 0.2537313432835821, 0.2537313432835821, 0.2537313432835821, 0.2537313432835821, 0.2537313432835821, 0.2537313432835821, 0.2537313432835821, 0.2537313432835821, 0.2537313432835821, 0.2537313432835821, 0.2537313432835821, 0.2537313432835821, 0.2537313432835821, 0.2537313432835821, 0.2537313432835821, 0.2537313432835821, 0.2537313432835821, 0.2537313432835821, 0.2537313432835821, 0.2537313432835821, 0.2537313432835821, 0.2537313432835821]",0.0,256,268435456,16777216,64,1,285212672,4387887.261538462,4194304.0,16777216.0,0,0,0,prefix,"[[0, 1, 2, 3, 4, 5, 6, 7], [0, 1, 2, 3, 4, 5, 6, 7], [0, 1, 2, 3, 4, 5, 6, 7], [0, 1, 2, 3, 4, 5, 6, 7], [0, 1, 2, 3, 4, 5, 6, 7], [0, 1, 2, 3, 4, 5, 6, 7], [0, 1, 2, 3, 4, 5, 6, 7], [0, 1, 2, 3, 4, 5, 6, 7], [0, 1, 2, 3, 4, 5, 6, 7], [0, 1, 2, 3, 4, 5, 6, 7], [0, 1, 2, 3, 4, 5, 6, 7], [0, 1, 2, 3, 4, 5, 6, 7], [0, 1, 2, 3, 4, 5, 6, 7], [0, 1, 2, 3, 4, 5, 6, 7], [0, 1, 2, 3, 4, 5, 6, 7], [0, 1, 2, 3, 4, 5, 6, 7], [0, 1, 2, 3, 4, 5, 6, 7], [0, 1, 2, 3, 4, 5, 6, 7], [0, 1, 2, 3, 4, 5, 6, 7], [0, 1, 2, 3, 4, 5, 6, 7], [0, 1, 2, 3, 4, 5, 6, 7], [0, 1, 2, 3, 4, 5, 6, 7], [0, 1, 2, 3, 4, 5, 6, 7], [0, 1, 2, 3, 4, 5, 6, 7], [0, 1, 2, 3, 4, 5, 6, 7], [0, 1, 2, 3, 4, 5, 6, 7], [0, 1, 2, 3, 4, 5, 6, 7], [0, 1, 2, 3, 4, 5, 6, 7], [0, 1, 2, 3, 4, 5, 6, 7], [0, 1, 2, 3, 4, 5, 6, 7], [0, 1, 2, 3, 4, 5, 6, 7], [0, 1, 2, 3, 4, 5, 6, 7]]",sidecar,True,raster,0
gqa,fullload,FullLoad,1.0,full,n437064,20609358,The whipped cream is in front of what?,Strawberry,"[""strawberry""]",1.0,624,4,raster,0,fullload,,369.7995679685846,,,573.9291859790683,578.5718709230423,55.567211005836725,634.139081928879,1124073472,2176,64,,534.2325292294845,,,1.0,1.0,null,0.0,,1124073472,0,64,0,1124073472,17563648.0,17563648.0,0.0,,,,,null,,,,0
gqa,layout_prefix_chunk,Layout+Prefix,0.25,chunk,n437064,20609358,The whipped cream is in front of what?,The image shows a plate of food that includes a slice of cake with a,"[""strawberry""]",0.0,450,16,raster,0,prefix,0.15374075155705214,162.6868104794994,40.27069848962128,227.65214799437672,34.501624992117286,262.200664030388,273.344189976342,535.54485400673,285212672,512,65,181.92236998584121,0.0,8.0,34,0.23529411764705882,0.2537313432835821,"[0.2537313432835821, 0.2537313432835821, 0.2537313432835821, 0.2537313432835821, 0.2537313432835821, 0.2537313432835821, 0.2537313432835821, 0.2537313432835821, 0.2537313432835821, 0.2537313432835821, 0.2537313432835821, 0.2537313432835821, 0.2537313432835821, 0.2537313432835821, 0.2537313432835821, 0.2537313432835821, 0.2537313432835821, 0.2537313432835821, 0.2537313432835821, 0.2537313432835821, 0.2537313432835821, 0.2537313432835821, 0.2537313432835821, 0.2537313432835821, 0.2537313432835821, 0.2537313432835821, 0.2537313432835821, 0.2537313432835821, 0.2537313432835821, 0.2537313432835821, 0.2537313432835821, 0.2537313432835821]",0.0,256,268435456,16777216,64,1,285212672,4387887.261538462,4194304.0,16777216.0,0,0,0,prefix,"[[0, 1, 2, 3, 4, 5, 6, 7], [0, 1, 2, 3, 4, 5, 6, 7], [0, 1, 2, 3, 4, 5, 6, 7], [0, 1, 2, 3, 4, 5, 6, 7], [0, 1, 2, 3, 4, 5, 6, 7], [0, 1, 2, 3, 4, 5, 6, 7], [0, 1, 2, 3, 4, 5, 6, 7], [0, 1, 2, 3, 4, 5, 6, 7], [0, 1, 2, 3, 4, 5, 6, 7], [0, 1, 2, 3, 4, 5, 6, 7], [0, 1, 2, 3, 4, 5, 6, 7], [0, 1, 2, 3, 4, 5, 6, 7], [0, 1, 2, 3, 4, 5, 6, 7], [0, 1, 2, 3, 4, 5, 6, 7], [0, 1, 2, 3, 4, 5, 6, 7], [0, 1, 2, 3, 4, 5, 6, 7], [0, 1, 2, 3, 4, 5, 6, 7], [0, 1, 2, 3, 4, 5, 6, 7], [0, 1, 2, 3, 4, 5, 6, 7], [0, 1, 2, 3, 4, 5, 6, 7], [0, 1, 2, 3, 4, 5, 6, 7], [0, 1, 2, 3, 4, 5, 6, 7], [0, 1, 2, 3, 4, 5, 6, 7], [0, 1, 2, 3, 4, 5, 6, 7], [0, 1, 2, 3, 4, 5, 6, 7], [0, 1, 2, 3, 4, 5, 6, 7], [0, 1, 2, 3, 4, 5, 6, 7], [0, 1, 2, 3, 4, 5, 6, 7], [0, 1, 2, 3, 4, 5, 6, 7], [0, 1, 2, 3, 4, 5, 6, 7], [0, 1, 2, 3, 4, 5, 6, 7], [0, 1, 2, 3, 4, 5, 6, 7]]",sidecar,True,raster,0
gqa,fullload,FullLoad,1.0,full,n437064,20609280,Are there both a strawberry and a plate in the picture?,Yes,"[""yes""]",1.0,3869,2,raster,0,fullload,,448.9265849115327,,,705.0761919235811,709.7805360099301,24.03491106815636,733.8154470780864,1124073472,2176,64,,648.9791662897915,,,1.0,1.0,null,0.0,,1124073472,0,64,0,1124073472,17563648.0,17563648.0,0.0,,,,,null,,,,0
gqa,layout_prefix_chunk,Layout+Prefix,0.25,chunk,n437064,20609280,Are there both a strawberry and a plate in the picture?,Yes,"[""yes""]",1.0,3869,2,raster,0,prefix,0.22483314387500286,167.6919385790825,49.781709094531834,249.28615998942405,41.09549301210791,290.44456302654,18.47460400313139,308.91916702967137,285212672,512,65,193.80934978835285,0.0,8.0,34,0.23529411764705882,0.2537313432835821,"[0.2537313432835821, 0.2537313432835821, 0.2537313432835821, 0.2537313432835821, 0.2537313432835821, 0.2537313432835821, 0.2537313432835821, 0.2537313432835821, 0.2537313432835821, 0.2537313432835821, 0.2537313432835821, 0.2537313432835821, 0.2537313432835821, 0.2537313432835821, 0.2537313432835821, 0.2537313432835821, 0.2537313432835821, 0.2537313432835821, 0.2537313432835821, 0.2537313432835821, 0.2537313432835821, 0.2537313432835821, 0.2537313432835821, 0.2537313432835821, 0.2537313432835821, 0.2537313432835821, 0.2537313432835821, 0.2537313432835821, 0.2537313432835821, 0.2537313432835821, 0.2537313432835821, 0.2537313432835821]",0.0,256,268435456,16777216,64,1,285212672,4387887.261538462,4194304.0,16777216.0,0,0,0,prefix,"[[0, 1, 2, 3, 4, 5, 6, 7], [0, 1, 2, 3, 4, 5, 6, 7], [0, 1, 2, 3, 4, 5, 6, 7], [0, 1, 2, 3, 4, 5, 6, 7], [0, 1, 2, 3, 4, 5, 6, 7], [0, 1, 2, 3, 4, 5, 6, 7], [0, 1, 2, 3, 4, 5, 6, 7], [0, 1, 2, 3, 4, 5, 6, 7], [0, 1, 2, 3, 4, 5, 6, 7], [0, 1, 2, 3, 4, 5, 6, 7], [0, 1, 2, 3, 4, 5, 6, 7], [0, 1, 2, 3, 4, 5, 6, 7], [0, 1, 2, 3, 4, 5, 6, 7], [0, 1, 2, 3, 4, 5, 6, 7], [0, 1, 2, 3, 4, 5, 6, 7], [0, 1, 2, 3, 4, 5, 6, 7], [0, 1, 2, 3, 4, 5, 6, 7], [0, 1, 2, 3, 4, 5, 6, 7], [0, 1, 2, 3, 4, 5, 6, 7], [0, 1, 2, 3, 4, 5, 6, 7], [0, 1, 2, 3, 4, 5, 6, 7], [0, 1, 2, 3, 4, 5, 6, 7], [0, 1, 2, 3, 4, 5, 6, 7], [0, 1, 2, 3, 4, 5, 6, 7], [0, 1, 2, 3, 4, 5, 6, 7], [0, 1, 2, 3, 4, 5, 6, 7], [0, 1, 2, 3, 4, 5, 6, 7], [0, 1, 2, 3, 4, 5, 6, 7], [0, 1, 2, 3, 4, 5, 6, 7], [0, 1, 2, 3, 4, 5, 6, 7], [0, 1, 2, 3, 4, 5, 6, 7], [0, 1, 2, 3, 4, 5, 6, 7]]",sidecar,True,raster,0
gqa,fullload,FullLoad,1.0,full,n437064,20609547,What is the spoon made of?,Metal,"[""metal""]",1.0,24992,2,raster,0,fullload,,424.9468350317329,,,662.6687389798462,667.3383109737188,19.277394050732255,686.615705024451,1124073472,2176,64,,607.0200516842306,,,1.0,1.0,null,0.0,,1124073472,0,64,0,1124073472,17563648.0,17563648.0,0.0,,,,,null,,,,0
gqa,layout_prefix_chunk,Layout+Prefix,0.25,chunk,n437064,20609547,What is the spoon made of?,"The image shows a slice of cake with a strawberry topping,","[""metal""]",0.0,450,16,raster,0,prefix,0.21212699357420206,122.65533313620836,51.15846544504166,206.54631895013154,46.19302100036293,252.80457991175354,270.436461083591,523.2410409953445,285212672,512,65,149.3525031255558,0.0,8.0,34,0.23529411764705882,0.2537313432835821,"[0.2537313432835821, 0.2537313432835821, 0.2537313432835821, 0.2537313432835821, 0.2537313432835821, 0.2537313432835821, 0.2537313432835821, 0.2537313432835821, 0.2537313432835821, 0.2537313432835821, 0.2537313432835821, 0.2537313432835821, 0.2537313432835821, 0.2537313432835821, 0.2537313432835821, 0.2537313432835821, 0.2537313432835821, 0.2537313432835821, 0.2537313432835821, 0.2537313432835821, 0.2537313432835821, 0.2537313432835821, 0.2537313432835821, 0.2537313432835821, 0.2537313432835821, 0.2537313432835821, 0.2537313432835821, 0.2537313432835821, 0.2537313432835821, 0.2537313432835821, 0.2537313432835821, 0.2537313432835821]",0.0,256,268435456,16777216,64,1,285212672,4387887.261538462,4194304.0,16777216.0,0,0,0,prefix,"[[0, 1, 2, 3, 4, 5, 6, 7], [0, 1, 2, 3, 4, 5, 6, 7], [0, 1, 2, 3, 4, 5, 6, 7], [0, 1, 2, 3, 4, 5, 6, 7], [0, 1, 2, 3, 4, 5, 6, 7], [0, 1, 2, 3, 4, 5, 6, 7], [0, 1, 2, 3, 4, 5, 6, 7], [0, 1, 2, 3, 4, 5, 6, 7], [0, 1, 2, 3, 4, 5, 6, 7], [0, 1, 2, 3, 4, 5, 6, 7], [0, 1, 2, 3, 4, 5, 6, 7], [0, 1, 2, 3, 4, 5, 6, 7], [0, 1, 2, 3, 4, 5, 6, 7], [0, 1, 2, 3, 4, 5, 6, 7], [0, 1, 2, 3, 4, 5, 6, 7], [0, 1, 2, 3, 4, 5, 6, 7], [0, 1, 2, 3, 4, 5, 6, 7], [0, 1, 2, 3, 4, 5, 6, 7], [0, 1, 2, 3, 4, 5, 6, 7], [0, 1, 2, 3, 4, 5, 6, 7], [0, 1, 2, 3, 4, 5, 6, 7], [0, 1, 2, 3, 4, 5, 6, 7], [0, 1, 2, 3, 4, 5, 6, 7], [0, 1, 2, 3, 4, 5, 6, 7], [0, 1, 2, 3, 4, 5, 6, 7], [0, 1, 2, 3, 4, 5, 6, 7], [0, 1, 2, 3, 4, 5, 6, 7], [0, 1, 2, 3, 4, 5, 6, 7], [0, 1, 2, 3, 4, 5, 6, 7], [0, 1, 2, 3, 4, 5, 6, 7], [0, 1, 2, 3, 4, 5, 6, 7], [0, 1, 2, 3, 4, 5, 6, 7]]",sidecar,True,raster,0
gqa,fullload,FullLoad,1.0,full,n498140,2072748,Does the sign have the same color as the grill?,Yes,"[""no""]",0.0,3869,2,raster,0,fullload,,442.9559175623581,,,729.6728619839996,734.431077959016,19.96433304157108,754.395411000587,1124073472,2176,64,,681.7494521383196,,,1.0,1.0,null,0.0,,1124073472,0,64,0,1124073472,17563648.0,17563648.0,0.0,,,,,null,,,,0
gqa,layout_prefix_chunk,Layout+Prefix,0.25,chunk,n498140,2072748,Does the sign have the same color as the grill?,The image shows a red double-decker bus driving down a street lined,"[""no""]",0.0,450,16,raster,0,prefix,0.19303709268569946,159.84016645234078,47.948410850949585,237.62080201413482,40.593780926428735,278.2787559553981,269.16349097155035,547.4422469269484,285212672,512,65,184.10707102157176,0.0,8.0,34,0.23529411764705882,0.2537313432835821,"[0.2537313432835821, 0.2537313432835821, 0.2537313432835821, 0.2537313432835821, 0.2537313432835821, 0.2537313432835821, 0.2537313432835821, 0.2537313432835821, 0.2537313432835821, 0.2537313432835821, 0.2537313432835821, 0.2537313432835821, 0.2537313432835821, 0.2537313432835821, 0.2537313432835821, 0.2537313432835821, 0.2537313432835821, 0.2537313432835821, 0.2537313432835821, 0.2537313432835821, 0.2537313432835821, 0.2537313432835821, 0.2537313432835821, 0.2537313432835821, 0.2537313432835821, 0.2537313432835821, 0.2537313432835821, 0.2537313432835821, 0.2537313432835821, 0.2537313432835821, 0.2537313432835821, 0.2537313432835821]",0.0,256,268435456,16777216,64,1,285212672,4387887.261538462,4194304.0,16777216.0,0,0,0,prefix,"[[0, 1, 2, 3, 4, 5, 6, 7], [0, 1, 2, 3, 4, 5, 6, 7], [0, 1, 2, 3, 4, 5, 6, 7], [0, 1, 2, 3, 4, 5, 6, 7], [0, 1, 2, 3, 4, 5, 6, 7], [0, 1, 2, 3, 4, 5, 6, 7], [0, 1, 2, 3, 4, 5, 6, 7], [0, 1, 2, 3, 4, 5, 6, 7], [0, 1, 2, 3, 4, 5, 6, 7], [0, 1, 2, 3, 4, 5, 6, 7], [0, 1, 2, 3, 4, 5, 6, 7], [0, 1, 2, 3, 4, 5, 6, 7], [0, 1, 2, 3, 4, 5, 6, 7], [0, 1, 2, 3, 4, 5, 6, 7], [0, 1, 2, 3, 4, 5, 6, 7], [0, 1, 2, 3, 4, 5, 6, 7], [0, 1, 2, 3, 4, 5, 6, 7], [0, 1, 2, 3, 4, 5, 6, 7], [0, 1, 2, 3, 4, 5, 6, 7], [0, 1, 2, 3, 4, 5, 6, 7], [0, 1, 2, 3, 4, 5, 6, 7], [0, 1, 2, 3, 4, 5, 6, 7], [0, 1, 2, 3, 4, 5, 6, 7], [0, 1, 2, 3, 4, 5, 6, 7], [0, 1, 2, 3, 4, 5, 6, 7], [0, 1, 2, 3, 4, 5, 6, 7], [0, 1, 2, 3, 4, 5, 6, 7], [0, 1, 2, 3, 4, 5, 6, 7], [0, 1, 2, 3, 4, 5, 6, 7], [0, 1, 2, 3, 4, 5, 6, 7], [0, 1, 2, 3, 4, 5, 6, 7], [0, 1, 2, 3, 4, 5, 6, 7]]",sidecar,True,raster,0
gqa,fullload,FullLoad,1.0,full,n498140,2072741,Do the building and the sign have a different colors?,No,"[""no""]",1.0,1939,2,raster,0,fullload,,411.33203881327063,,,654.4215539470315,659.0947100194171,18.930093967355788,678.0248039867729,1124073472,2176,64,,608.8016487192363,,,1.0,1.0,null,0.0,,1124073472,0,64,0,1124073472,17563648.0,17563648.0,0.0,,,,,null,,,,0
gqa,layout_prefix_chunk,Layout+Prefix,0.25,chunk,n498140,2072741,Do the building and the sign have a different colors?,The image shows a red double-decker bus driving down a street lined,"[""no""]",0.0,450,16,raster,0,prefix,0.12725754640996456,133.77142825629562,38.92675321549177,197.0243799732998,36.13718110136688,233.2077610772103,270.6471988931298,503.85495997034013,285212672,512,65,152.87585312034935,0.0,8.0,34,0.23529411764705882,0.2537313432835821,"[0.2537313432835821, 0.2537313432835821, 0.2537313432835821, 0.2537313432835821, 0.2537313432835821, 0.2537313432835821, 0.2537313432835821, 0.2537313432835821, 0.2537313432835821, 0.2537313432835821, 0.2537313432835821, 0.2537313432835821, 0.2537313432835821, 0.2537313432835821, 0.2537313432835821, 0.2537313432835821, 0.2537313432835821, 0.2537313432835821, 0.2537313432835821, 0.2537313432835821, 0.2537313432835821, 0.2537313432835821, 0.2537313432835821, 0.2537313432835821, 0.2537313432835821, 0.2537313432835821, 0.2537313432835821, 0.2537313432835821, 0.2537313432835821, 0.2537313432835821, 0.2537313432835821, 0.2537313432835821]",0.0,256,268435456,16777216,64,1,285212672,4387887.261538462,4194304.0,16777216.0,0,0,0,prefix,"[[0, 1, 2, 3, 4, 5, 6, 7], [0, 1, 2, 3, 4, 5, 6, 7], [0, 1, 2, 3, 4, 5, 6, 7], [0, 1, 2, 3, 4, 5, 6, 7], [0, 1, 2, 3, 4, 5, 6, 7], [0, 1, 2, 3, 4, 5, 6, 7], [0, 1, 2, 3, 4, 5, 6, 7], [0, 1, 2, 3, 4, 5, 6, 7], [0, 1, 2, 3, 4, 5, 6, 7], [0, 1, 2, 3, 4, 5, 6, 7], [0, 1, 2, 3, 4, 5, 6, 7], [0, 1, 2, 3, 4, 5, 6, 7], [0, 1, 2, 3, 4, 5, 6, 7], [0, 1, 2, 3, 4, 5, 6, 7], [0, 1, 2, 3, 4, 5, 6, 7], [0, 1, 2, 3, 4, 5, 6, 7], [0, 1, 2, 3, 4, 5, 6, 7], [0, 1, 2, 3, 4, 5, 6, 7], [0, 1, 2, 3, 4, 5, 6, 7], [0, 1, 2, 3, 4, 5, 6, 7], [0, 1, 2, 3, 4, 5, 6, 7], [0, 1, 2, 3, 4, 5, 6, 7], [0, 1, 2, 3, 4, 5, 6, 7], [0, 1, 2, 3, 4, 5, 6, 7], [0, 1, 2, 3, 4, 5, 6, 7], [0, 1, 2, 3, 4, 5, 6, 7], [0, 1, 2, 3, 4, 5, 6, 7], [0, 1, 2, 3, 4, 5, 6, 7], [0, 1, 2, 3, 4, 5, 6, 7], [0, 1, 2, 3, 4, 5, 6, 7], [0, 1, 2, 3, 4, 5, 6, 7], [0, 1, 2, 3, 4, 5, 6, 7]]",sidecar,True,raster,0
gqa,fullload,FullLoad,1.0,full,n498140,2072747,What is common to the streetlight and the grill?,Color,"[""material""]",0.0,9159,2,raster,0,fullload,,371.44195137079805,,,572.7906859247014,577.4824488908052,18.846243037842214,596.3286919286475,1124073472,2176,64,,533.5420389892533,,,1.0,1.0,null,0.0,,1124073472,0,64,0,1124073472,17563648.0,17563648.0,0.0,,,,,null,,,,0
gqa,layout_prefix_chunk,Layout+Prefix,0.25,chunk,n498140,2072747,What is common to the streetlight and the grill?,The image shows a red double-decker bus driving down a narrow street l,"[""material""]",0.0,450,16,raster,0,prefix,0.1392036210745573,133.526228251867,38.89436007011682,195.8444529445842,35.406925017014146,231.29285592585802,273.29858008306473,504.59143600892276,285212672,512,65,151.7392253736034,0.0,8.0,34,0.23529411764705882,0.2537313432835821,"[0.2537313432835821, 0.2537313432835821, 0.2537313432835821, 0.2537313432835821, 0.2537313432835821, 0.2537313432835821, 0.2537313432835821, 0.2537313432835821, 0.2537313432835821, 0.2537313432835821, 0.2537313432835821, 0.2537313432835821, 0.2537313432835821, 0.2537313432835821, 0.2537313432835821, 0.2537313432835821, 0.2537313432835821, 0.2537313432835821, 0.2537313432835821, 0.2537313432835821, 0.2537313432835821, 0.2537313432835821, 0.2537313432835821, 0.2537313432835821, 0.2537313432835821, 0.2537313432835821, 0.2537313432835821, 0.2537313432835821, 0.2537313432835821, 0.2537313432835821, 0.2537313432835821, 0.2537313432835821]",0.0,256,268435456,16777216,64,1,285212672,4387887.261538462,4194304.0,16777216.0,0,0,0,prefix,"[[0, 1, 2, 3, 4, 5, 6, 7], [0, 1, 2, 3, 4, 5, 6, 7], [0, 1, 2, 3, 4, 5, 6, 7], [0, 1, 2, 3, 4, 5, 6, 7], [0, 1, 2, 3, 4, 5, 6, 7], [0, 1, 2, 3, 4, 5, 6, 7], [0, 1, 2, 3, 4, 5, 6, 7], [0, 1, 2, 3, 4, 5, 6, 7], [0, 1, 2, 3, 4, 5, 6, 7], [0, 1, 2, 3, 4, 5, 6, 7], [0, 1, 2, 3, 4, 5, 6, 7], [0, 1, 2, 3, 4, 5, 6, 7], [0, 1, 2, 3, 4, 5, 6, 7], [0, 1, 2, 3, 4, 5, 6, 7], [0, 1, 2, 3, 4, 5, 6, 7], [0, 1, 2, 3, 4, 5, 6, 7], [0, 1, 2, 3, 4, 5, 6, 7], [0, 1, 2, 3, 4, 5, 6, 7], [0, 1, 2, 3, 4, 5, 6, 7], [0, 1, 2, 3, 4, 5, 6, 7], [0, 1, 2, 3, 4, 5, 6, 7], [0, 1, 2, 3, 4, 5, 6, 7], [0, 1, 2, 3, 4, 5, 6, 7], [0, 1, 2, 3, 4, 5, 6, 7], [0, 1, 2, 3, 4, 5, 6, 7], [0, 1, 2, 3, 4, 5, 6, 7], [0, 1, 2, 3, 4, 5, 6, 7], [0, 1, 2, 3, 4, 5, 6, 7], [0, 1, 2, 3, 4, 5, 6, 7], [0, 1, 2, 3, 4, 5, 6, 7], [0, 1, 2, 3, 4, 5, 6, 7], [0, 1, 2, 3, 4, 5, 6, 7]]",sidecar,True,raster,0
gqa,fullload,FullLoad,1.0,full,n498140,2072906,Are there windows or doors that are made of wood?,No,"[""no""]",1.0,1939,2,raster,0,fullload,,436.3666974240914,,,682.2569939540699,686.8966929614544,19.12716100923717,706.0238539706916,1124073472,2176,64,,624.163038446568,,,1.0,1.0,null,0.0,,1124073472,0,64,0,1124073472,17563648.0,17563648.0,0.0,,,,,null,,,,0
gqa,layout_prefix_chunk,Layout+Prefix,0.25,chunk,n498140,2072906,Are there windows or doors that are made of wood?,The image shows a red double-decker bus on a street in a town,"[""no""]",0.0,450,16,raster,0,prefix,0.14356081373989582,140.03341004718095,41.72465659212321,207.40696892607957,34.25187896937132,241.70048197265714,271.93216094747186,513.632642920129,285212672,512,65,159.92118744179606,0.0,8.0,34,0.23529411764705882,0.2537313432835821,"[0.2537313432835821, 0.2537313432835821, 0.2537313432835821, 0.2537313432835821, 0.2537313432835821, 0.2537313432835821, 0.2537313432835821, 0.2537313432835821, 0.2537313432835821, 0.2537313432835821, 0.2537313432835821, 0.2537313432835821, 0.2537313432835821, 0.2537313432835821, 0.2537313432835821, 0.2537313432835821, 0.2537313432835821, 0.2537313432835821, 0.2537313432835821, 0.2537313432835821, 0.2537313432835821, 0.2537313432835821, 0.2537313432835821, 0.2537313432835821, 0.2537313432835821, 0.2537313432835821, 0.2537313432835821, 0.2537313432835821, 0.2537313432835821, 0.2537313432835821, 0.2537313432835821, 0.2537313432835821]",0.0,256,268435456,16777216,64,1,285212672,4387887.261538462,4194304.0,16777216.0,0,0,0,prefix,"[[0, 1, 2, 3, 4, 5, 6, 7], [0, 1, 2, 3, 4, 5, 6, 7], [0, 1, 2, 3, 4, 5, 6, 7], [0, 1, 2, 3, 4, 5, 6, 7], [0, 1, 2, 3, 4, 5, 6, 7], [0, 1, 2, 3, 4, 5, 6, 7], [0, 1, 2, 3, 4, 5, 6, 7], [0, 1, 2, 3, 4, 5, 6, 7], [0, 1, 2, 3, 4, 5, 6, 7], [0, 1, 2, 3, 4, 5, 6, 7], [0, 1, 2, 3, 4, 5, 6, 7], [0, 1, 2, 3, 4, 5, 6, 7], [0, 1, 2, 3, 4, 5, 6, 7], [0, 1, 2, 3, 4, 5, 6, 7], [0, 1, 2, 3, 4, 5, 6, 7], [0, 1, 2, 3, 4, 5, 6, 7], [0, 1, 2, 3, 4, 5, 6, 7], [0, 1, 2, 3, 4, 5, 6, 7], [0, 1, 2, 3, 4, 5, 6, 7], [0, 1, 2, 3, 4, 5, 6, 7], [0, 1, 2, 3, 4, 5, 6, 7], [0, 1, 2, 3, 4, 5, 6, 7], [0, 1, 2, 3, 4, 5, 6, 7], [0, 1, 2, 3, 4, 5, 6, 7], [0, 1, 2, 3, 4, 5, 6, 7], [0, 1, 2, 3, 4, 5, 6, 7], [0, 1, 2, 3, 4, 5, 6, 7], [0, 1, 2, 3, 4, 5, 6, 7], [0, 1, 2, 3, 4, 5, 6, 7], [0, 1, 2, 3, 4, 5, 6, 7], [0, 1, 2, 3, 4, 5, 6, 7], [0, 1, 2, 3, 4, 5, 6, 7]]",sidecar,True,raster,0
gqa,fullload,FullLoad,1.0,full,n498140,2072766,Is the chimney high and clean?,Yes,"[""no""]",0.0,3869,2,raster,0,fullload,,460.82472952548414,,,730.3774689789861,735.1098329527304,19.112861016765237,754.2226939694956,1124073472,2176,64,,672.030491172336,,,1.0,1.0,null,0.0,,1124073472,0,64,0,1124073472,17563648.0,17563648.0,0.0,,,,,null,,,,0
gqa,layout_prefix_chunk,Layout+Prefix,0.25,chunk,n498140,2072766,Is the chimney high and clean?,The image shows a red double-decker bus driving down a narrow street l,"[""no""]",0.0,450,16,raster,0,prefix,0.19606889691203833,156.79027850273997,46.60871613305062,232.36178001388907,36.79563198238611,269.20669700484723,272.51410705503076,541.720804059878,285212672,512,65,179.78808819316328,0.0,8.0,34,0.23529411764705882,0.2537313432835821,"[0.2537313432835821, 0.2537313432835821, 0.2537313432835821, 0.2537313432835821, 0.2537313432835821, 0.2537313432835821, 0.2537313432835821, 0.2537313432835821, 0.2537313432835821, 0.2537313432835821, 0.2537313432835821, 0.2537313432835821, 0.2537313432835821, 0.2537313432835821, 0.2537313432835821, 0.2537313432835821, 0.2537313432835821, 0.2537313432835821, 0.2537313432835821, 0.2537313432835821, 0.2537313432835821, 0.2537313432835821, 0.2537313432835821, 0.2537313432835821, 0.2537313432835821, 0.2537313432835821, 0.2537313432835821, 0.2537313432835821, 0.2537313432835821, 0.2537313432835821, 0.2537313432835821, 0.2537313432835821]",0.0,256,268435456,16777216,64,1,285212672,4387887.261538462,4194304.0,16777216.0,0,0,0,prefix,"[[0, 1, 2, 3, 4, 5, 6, 7], [0, 1, 2, 3, 4, 5, 6, 7], [0, 1, 2, 3, 4, 5, 6, 7], [0, 1, 2, 3, 4, 5, 6, 7], [0, 1, 2, 3, 4, 5, 6, 7], [0, 1, 2, 3, 4, 5, 6, 7], [0, 1, 2, 3, 4, 5, 6, 7], [0, 1, 2, 3, 4, 5, 6, 7], [0, 1, 2, 3, 4, 5, 6, 7], [0, 1, 2, 3, 4, 5, 6, 7], [0, 1, 2, 3, 4, 5, 6, 7], [0, 1, 2, 3, 4, 5, 6, 7], [0, 1, 2, 3, 4, 5, 6, 7], [0, 1, 2, 3, 4, 5, 6, 7], [0, 1, 2, 3, 4, 5, 6, 7], [0, 1, 2, 3, 4, 5, 6, 7], [0, 1, 2, 3, 4, 5, 6, 7], [0, 1, 2, 3, 4, 5, 6, 7], [0, 1, 2, 3, 4, 5, 6, 7], [0, 1, 2, 3, 4, 5, 6, 7], [0, 1, 2, 3, 4, 5, 6, 7], [0, 1, 2, 3, 4, 5, 6, 7], [0, 1, 2, 3, 4, 5, 6, 7], [0, 1, 2, 3, 4, 5, 6, 7], [0, 1, 2, 3, 4, 5, 6, 7], [0, 1, 2, 3, 4, 5, 6, 7], [0, 1, 2, 3, 4, 5, 6, 7], [0, 1, 2, 3, 4, 5, 6, 7], [0, 1, 2, 3, 4, 5, 6, 7], [0, 1, 2, 3, 4, 5, 6, 7], [0, 1, 2, 3, 4, 5, 6, 7], [0, 1, 2, 3, 4, 5, 6, 7]]",sidecar,True,raster,0
gqa,fullload,FullLoad,1.0,full,n498140,2072761,Are there any mirrors or trays?,No,"[""no""]",1.0,1939,2,raster,0,fullload,,393.275729380548,,,605.5211810162291,610.1624229922891,19.28312296513468,629.4455459574237,1124073472,2176,64,,560.1629150332883,,,1.0,1.0,null,0.0,,1124073472,0,64,0,1124073472,17563648.0,17563648.0,0.0,,,,,null,,,,0
gqa,layout_prefix_chunk,Layout+Prefix,0.25,chunk,n498140,2072761,Are there any mirrors or trays?,The image shows a red double-decker bus on a street in a town,"[""no""]",0.0,450,16,raster,0,prefix,0.17204915639013052,149.81194015126675,41.70901083853096,217.4584490712732,35.644500982016325,253.14912700559944,270.51873807795346,523.6678650835529,285212672,512,65,170.3288935823366,0.0,8.0,34,0.23529411764705882,0.2537313432835821,"[0.2537313432835821, 0.2537313432835821, 0.2537313432835821, 0.2537313432835821, 0.2537313432835821, 0.2537313432835821, 0.2537313432835821, 0.2537313432835821, 0.2537313432835821, 0.2537313432835821, 0.2537313432835821, 0.2537313432835821, 0.2537313432835821, 0.2537313432835821, 0.2537313432835821, 0.2537313432835821, 0.2537313432835821, 0.2537313432835821, 0.2537313432835821, 0.2537313432835821, 0.2537313432835821, 0.2537313432835821, 0.2537313432835821, 0.2537313432835821, 0.2537313432835821, 0.2537313432835821, 0.2537313432835821, 0.2537313432835821, 0.2537313432835821, 0.2537313432835821, 0.2537313432835821, 0.2537313432835821]",0.0,256,268435456,16777216,64,1,285212672,4387887.261538462,4194304.0,16777216.0,0,0,0,prefix,"[[0, 1, 2, 3, 4, 5, 6, 7], [0, 1, 2, 3, 4, 5, 6, 7], [0, 1, 2, 3, 4, 5, 6, 7], [0, 1, 2, 3, 4, 5, 6, 7], [0, 1, 2, 3, 4, 5, 6, 7], [0, 1, 2, 3, 4, 5, 6, 7], [0, 1, 2, 3, 4, 5, 6, 7], [0, 1, 2, 3, 4, 5, 6, 7], [0, 1, 2, 3, 4, 5, 6, 7], [0, 1, 2, 3, 4, 5, 6, 7], [0, 1, 2, 3, 4, 5, 6, 7], [0, 1, 2, 3, 4, 5, 6, 7], [0, 1, 2, 3, 4, 5, 6, 7], [0, 1, 2, 3, 4, 5, 6, 7], [0, 1, 2, 3, 4, 5, 6, 7], [0, 1, 2, 3, 4, 5, 6, 7], [0, 1, 2, 3, 4, 5, 6, 7], [0, 1, 2, 3, 4, 5, 6, 7], [0, 1, 2, 3, 4, 5, 6, 7], [0, 1, 2, 3, 4, 5, 6, 7], [0, 1, 2, 3, 4, 5, 6, 7], [0, 1, 2, 3, 4, 5, 6, 7], [0, 1, 2, 3, 4, 5, 6, 7], [0, 1, 2, 3, 4, 5, 6, 7], [0, 1, 2, 3, 4, 5, 6, 7], [0, 1, 2, 3, 4, 5, 6, 7], [0, 1, 2, 3, 4, 5, 6, 7], [0, 1, 2, 3, 4, 5, 6, 7], [0, 1, 2, 3, 4, 5, 6, 7], [0, 1, 2, 3, 4, 5, 6, 7], [0, 1, 2, 3, 4, 5, 6, 7], [0, 1, 2, 3, 4, 5, 6, 7]]",sidecar,True,raster,0
gqa,fullload,FullLoad,1.0,full,n16656,20797834,What is the man in front of?,Tree,"[""tree""]",1.0,15472,2,raster,0,fullload,,543.9741772133857,,,910.1259569870308,915.1295410702005,19.267388968728483,934.396930038929,1226833920,2368,64,,857.7670275699347,,,1.0,1.0,null,0.0,,1226833920,0,64,0,1226833920,19169280.0,19169280.0,0.0,,,,,null,,,,0
gqa,layout_prefix_chunk,Layout+Prefix,0.25,chunk,n16656,20797834,What is the man in front of?,The cat is sitting on a pair of sneakers.,"[""tree""]",0.0,450,13,raster,0,prefix,0.24328578729182482,179.0047698887065,54.856943199411035,271.29782701376826,43.57886896468699,314.94026503060013,215.42269398923963,530.3629590198398,320864256,576,65,210.45756875537336,0.0,9.0,37,0.24324324324324326,0.26153846153846155,"[0.26153846153846155, 0.26153846153846155, 0.26153846153846155, 0.26153846153846155, 0.26153846153846155, 0.26153846153846155, 0.26153846153846155, 0.26153846153846155, 0.26153846153846155, 0.26153846153846155, 0.26153846153846155, 0.26153846153846155, 0.26153846153846155, 0.26153846153846155, 0.26153846153846155, 0.26153846153846155, 0.26153846153846155, 0.26153846153846155, 0.26153846153846155, 0.26153846153846155, 0.26153846153846155, 0.26153846153846155, 0.26153846153846155, 0.26153846153846155, 0.26153846153846155, 0.26153846153846155, 0.26153846153846155, 0.26153846153846155, 0.26153846153846155, 0.26153846153846155, 0.26153846153846155, 0.26153846153846155]",0.0,288,301989888,18874368,64,1,320864256,4936373.169230769,4718592.0,18874368.0,0,0,0,prefix,"[[0, 1, 2, 3, 4, 5, 6, 7, 8], [0, 1, 2, 3, 4, 5, 6, 7, 8], [0, 1, 2, 3, 4, 5, 6, 7, 8], [0, 1, 2, 3, 4, 5, 6, 7, 8], [0, 1, 2, 3, 4, 5, 6, 7, 8], [0, 1, 2, 3, 4, 5, 6, 7, 8], [0, 1, 2, 3, 4, 5, 6, 7, 8], [0, 1, 2, 3, 4, 5, 6, 7, 8], [0, 1, 2, 3, 4, 5, 6, 7, 8], [0, 1, 2, 3, 4, 5, 6, 7, 8], [0, 1, 2, 3, 4, 5, 6, 7, 8], [0, 1, 2, 3, 4, 5, 6, 7, 8], [0, 1, 2, 3, 4, 5, 6, 7, 8], [0, 1, 2, 3, 4, 5, 6, 7, 8], [0, 1, 2, 3, 4, 5, 6, 7, 8], [0, 1, 2, 3, 4, 5, 6, 7, 8], [0, 1, 2, 3, 4, 5, 6, 7, 8], [0, 1, 2, 3, 4, 5, 6, 7, 8], [0, 1, 2, 3, 4, 5, 6, 7, 8], [0, 1, 2, 3, 4, 5, 6, 7, 8], [0, 1, 2, 3, 4, 5, 6, 7, 8], [0, 1, 2, 3, 4, 5, 6, 7, 8], [0, 1, 2, 3, 4, 5, 6, 7, 8], [0, 1, 2, 3, 4, 5, 6, 7, 8], [0, 1, 2, 3, 4, 5, 6, 7, 8], [0, 1, 2, 3, 4, 5, 6, 7, 8], [0, 1, 2, 3, 4, 5, 6, 7, 8], [0, 1, 2, 3, 4, 5, 6, 7, 8], [0, 1, 2, 3, 4, 5, 6, 7, 8], [0, 1, 2, 3, 4, 5, 6, 7, 8], [0, 1, 2, 3, 4, 5, 6, 7, 8], [0, 1, 2, 3, 4, 5, 6, 7, 8]]",sidecar,True,raster,0
gqa,fullload,FullLoad,1.0,full,n16656,20797661,What animal is the shoe behind of?,Cat,"[""cat""]",1.0,10459,2,raster,0,fullload,,519.2245885264128,,,870.1482969336212,875.0020489096642,19.11568606738001,894.1177349770442,1226833920,2368,64,,826.6464998014271,,,1.0,1.0,null,0.0,,1226833920,0,64,0,1226833920,19169280.0,19169280.0,0.0,,,,,null,,,,0
gqa,layout_prefix_chunk,Layout+Prefix,0.25,chunk,n16656,20797661,What animal is the shoe behind of?,The image shows a Siamese cat lying on its back with its paws,"[""cat""]",0.0,450,16,raster,0,prefix,0.2170384395867586,159.1761449817568,49.818725790828466,241.93708505481482,41.94689099676907,283.9446850121021,272.4298801040277,556.3745651161298,320864256,576,65,186.20807910338044,0.0,9.0,37,0.24324324324324326,0.26153846153846155,"[0.26153846153846155, 0.26153846153846155, 0.26153846153846155, 0.26153846153846155, 0.26153846153846155, 0.26153846153846155, 0.26153846153846155, 0.26153846153846155, 0.26153846153846155, 0.26153846153846155, 0.26153846153846155, 0.26153846153846155, 0.26153846153846155, 0.26153846153846155, 0.26153846153846155, 0.26153846153846155, 0.26153846153846155, 0.26153846153846155, 0.26153846153846155, 0.26153846153846155, 0.26153846153846155, 0.26153846153846155, 0.26153846153846155, 0.26153846153846155, 0.26153846153846155, 0.26153846153846155, 0.26153846153846155, 0.26153846153846155, 0.26153846153846155, 0.26153846153846155, 0.26153846153846155, 0.26153846153846155]",0.0,288,301989888,18874368,64,1,320864256,4936373.169230769,4718592.0,18874368.0,0,0,0,prefix,"[[0, 1, 2, 3, 4, 5, 6, 7, 8], [0, 1, 2, 3, 4, 5, 6, 7, 8], [0, 1, 2, 3, 4, 5, 6, 7, 8], [0, 1, 2, 3, 4, 5, 6, 7, 8], [0, 1, 2, 3, 4, 5, 6, 7, 8], [0, 1, 2, 3, 4, 5, 6, 7, 8], [0, 1, 2, 3, 4, 5, 6, 7, 8], [0, 1, 2, 3, 4, 5, 6, 7, 8], [0, 1, 2, 3, 4, 5, 6, 7, 8], [0, 1, 2, 3, 4, 5, 6, 7, 8], [0, 1, 2, 3, 4, 5, 6, 7, 8], [0, 1, 2, 3, 4, 5, 6, 7, 8], [0, 1, 2, 3, 4, 5, 6, 7, 8], [0, 1, 2, 3, 4, 5, 6, 7, 8], [0, 1, 2, 3, 4, 5, 6, 7, 8], [0, 1, 2, 3, 4, 5, 6, 7, 8], [0, 1, 2, 3, 4, 5, 6, 7, 8], [0, 1, 2, 3, 4, 5, 6, 7, 8], [0, 1, 2, 3, 4, 5, 6, 7, 8], [0, 1, 2, 3, 4, 5, 6, 7, 8], [0, 1, 2, 3, 4, 5, 6, 7, 8], [0, 1, 2, 3, 4, 5, 6, 7, 8], [0, 1, 2, 3, 4, 5, 6, 7, 8], [0, 1, 2, 3, 4, 5, 6, 7, 8], [0, 1, 2, 3, 4, 5, 6, 7, 8], [0, 1, 2, 3, 4, 5, 6, 7, 8], [0, 1, 2, 3, 4, 5, 6, 7, 8], [0, 1, 2, 3, 4, 5, 6, 7, 8], [0, 1, 2, 3, 4, 5, 6, 7, 8], [0, 1, 2, 3, 4, 5, 6, 7, 8], [0, 1, 2, 3, 4, 5, 6, 7, 8], [0, 1, 2, 3, 4, 5, 6, 7, 8]]",sidecar,True,raster,0
gqa,fullload,FullLoad,1.0,full,n16656,20797647,What is in front of the animal that is in front of the man?,Shoe,"[""shoe""]",1.0,17550,3,raster,0,fullload,,544.6694493293762,,,917.3407700145617,922.2019310109317,37.74240205530077,959.9443330662325,1226833920,2368,64,,863.5795508744195,,,1.0,1.0,null,0.0,,1226833920,0,64,0,1226833920,19169280.0,19169280.0,0.0,,,,,null,,,,0
gqa,layout_prefix_chunk,Layout+Prefix,0.25,chunk,n16656,20797647,What is in front of the animal that is in front of the man?,The cat is sitting on a pair of sneakers.,"[""shoe""]",0.0,450,13,raster,0,prefix,0.24799921084195375,200.7521000923589,56.61911063361913,295.54896894842386,50.29318109154701,345.90533399023116,218.19952398072928,564.1048579709604,320864256,576,65,232.9202211694792,0.0,9.0,37,0.24324324324324326,0.26153846153846155,"[0.26153846153846155, 0.26153846153846155, 0.26153846153846155, 0.26153846153846155, 0.26153846153846155, 0.26153846153846155, 0.26153846153846155, 0.26153846153846155, 0.26153846153846155, 0.26153846153846155, 0.26153846153846155, 0.26153846153846155, 0.26153846153846155, 0.26153846153846155, 0.26153846153846155, 0.26153846153846155, 0.26153846153846155, 0.26153846153846155, 0.26153846153846155, 0.26153846153846155, 0.26153846153846155, 0.26153846153846155, 0.26153846153846155, 0.26153846153846155, 0.26153846153846155, 0.26153846153846155, 0.26153846153846155, 0.26153846153846155, 0.26153846153846155, 0.26153846153846155, 0.26153846153846155, 0.26153846153846155]",0.0,288,301989888,18874368,64,1,320864256,4936373.169230769,4718592.0,18874368.0,0,0,0,prefix,"[[0, 1, 2, 3, 4, 5, 6, 7, 8], [0, 1, 2, 3, 4, 5, 6, 7, 8], [0, 1, 2, 3, 4, 5, 6, 7, 8], [0, 1, 2, 3, 4, 5, 6, 7, 8], [0, 1, 2, 3, 4, 5, 6, 7, 8], [0, 1, 2, 3, 4, 5, 6, 7, 8], [0, 1, 2, 3, 4, 5, 6, 7, 8], [0, 1, 2, 3, 4, 5, 6, 7, 8], [0, 1, 2, 3, 4, 5, 6, 7, 8], [0, 1, 2, 3, 4, 5, 6, 7, 8], [0, 1, 2, 3, 4, 5, 6, 7, 8], [0, 1, 2, 3, 4, 5, 6, 7, 8], [0, 1, 2, 3, 4, 5, 6, 7, 8], [0, 1, 2, 3, 4, 5, 6, 7, 8], [0, 1, 2, 3, 4, 5, 6, 7, 8], [0, 1, 2, 3, 4, 5, 6, 7, 8], [0, 1, 2, 3, 4, 5, 6, 7, 8], [0, 1, 2, 3, 4, 5, 6, 7, 8], [0, 1, 2, 3, 4, 5, 6, 7, 8], [0, 1, 2, 3, 4, 5, 6, 7, 8], [0, 1, 2, 3, 4, 5, 6, 7, 8], [0, 1, 2, 3, 4, 5, 6, 7, 8], [0, 1, 2, 3, 4, 5, 6, 7, 8], [0, 1, 2, 3, 4, 5, 6, 7, 8], [0, 1, 2, 3, 4, 5, 6, 7, 8], [0, 1, 2, 3, 4, 5, 6, 7, 8], [0, 1, 2, 3, 4, 5, 6, 7, 8], [0, 1, 2, 3, 4, 5, 6, 7, 8], [0, 1, 2, 3, 4, 5, 6, 7, 8], [0, 1, 2, 3, 4, 5, 6, 7, 8], [0, 1, 2, 3, 4, 5, 6, 7, 8], [0, 1, 2, 3, 4, 5, 6, 7, 8]]",sidecar,True,raster,0
gqa,fullload,FullLoad,1.0,full,n16656,20797648,What's in front of the cat?,Shoe,"[""shoe""]",1.0,17550,3,raster,0,fullload,,512.010641163215,,,860.9793150098994,865.8424880122766,37.48883097432554,903.3313189866021,1226833920,2368,64,,813.7885633623227,,,1.0,1.0,null,0.0,,1226833920,0,64,0,1226833920,19169280.0,19169280.0,0.0,,,,,null,,,,0
gqa,layout_prefix_chunk,Layout+Prefix,0.25,chunk,n16656,20797648,What's in front of the cat?,The cat is sitting on a pair of sneakers.,"[""shoe""]",0.0,450,13,raster,0,prefix,0.25669822935014963,204.72887647338212,55.70560519117862,298.3699479373172,39.33252801652998,337.76422298979014,218.9648860367015,556.7291090264916,320864256,576,65,236.2262880196795,0.0,9.0,37,0.24324324324324326,0.26153846153846155,"[0.26153846153846155, 0.26153846153846155, 0.26153846153846155, 0.26153846153846155, 0.26153846153846155, 0.26153846153846155, 0.26153846153846155, 0.26153846153846155, 0.26153846153846155, 0.26153846153846155, 0.26153846153846155, 0.26153846153846155, 0.26153846153846155, 0.26153846153846155, 0.26153846153846155, 0.26153846153846155, 0.26153846153846155, 0.26153846153846155, 0.26153846153846155, 0.26153846153846155, 0.26153846153846155, 0.26153846153846155, 0.26153846153846155, 0.26153846153846155, 0.26153846153846155, 0.26153846153846155, 0.26153846153846155, 0.26153846153846155, 0.26153846153846155, 0.26153846153846155, 0.26153846153846155, 0.26153846153846155]",0.0,288,301989888,18874368,64,1,320864256,4936373.169230769,4718592.0,18874368.0,0,0,0,prefix,"[[0, 1, 2, 3, 4, 5, 6, 7, 8], [0, 1, 2, 3, 4, 5, 6, 7, 8], [0, 1, 2, 3, 4, 5, 6, 7, 8], [0, 1, 2, 3, 4, 5, 6, 7, 8], [0, 1, 2, 3, 4, 5, 6, 7, 8], [0, 1, 2, 3, 4, 5, 6, 7, 8], [0, 1, 2, 3, 4, 5, 6, 7, 8], [0, 1, 2, 3, 4, 5, 6, 7, 8], [0, 1, 2, 3, 4, 5, 6, 7, 8], [0, 1, 2, 3, 4, 5, 6, 7, 8], [0, 1, 2, 3, 4, 5, 6, 7, 8], [0, 1, 2, 3, 4, 5, 6, 7, 8], [0, 1, 2, 3, 4, 5, 6, 7, 8], [0, 1, 2, 3, 4, 5, 6, 7, 8], [0, 1, 2, 3, 4, 5, 6, 7, 8], [0, 1, 2, 3, 4, 5, 6, 7, 8], [0, 1, 2, 3, 4, 5, 6, 7, 8], [0, 1, 2, 3, 4, 5, 6, 7, 8], [0, 1, 2, 3, 4, 5, 6, 7, 8], [0, 1, 2, 3, 4, 5, 6, 7, 8], [0, 1, 2, 3, 4, 5, 6, 7, 8], [0, 1, 2, 3, 4, 5, 6, 7, 8], [0, 1, 2, 3, 4, 5, 6, 7, 8], [0, 1, 2, 3, 4, 5, 6, 7, 8], [0, 1, 2, 3, 4, 5, 6, 7, 8], [0, 1, 2, 3, 4, 5, 6, 7, 8], [0, 1, 2, 3, 4, 5, 6, 7, 8], [0, 1, 2, 3, 4, 5, 6, 7, 8], [0, 1, 2, 3, 4, 5, 6, 7, 8], [0, 1, 2, 3, 4, 5, 6, 7, 8], [0, 1, 2, 3, 4, 5, 6, 7, 8], [0, 1, 2, 3, 4, 5, 6, 7, 8]]",sidecar,True,raster,0
gqa,fullload,FullLoad,1.0,full,n16656,20797581,Is the shirt soft and white?,Yes,"[""yes""]",1.0,3869,2,raster,0,fullload,,524.6799207525328,,,855.7911940151826,860.8052140334621,18.945468007586896,879.750682041049,1226833920,2368,64,,808.8796334341168,,,1.0,1.0,null,0.0,,1226833920,0,64,0,1226833920,19169280.0,19169280.0,0.0,,,,,null,,,,0
gqa,layout_prefix_chunk,Layout+Prefix,0.25,chunk,n16656,20797581,Is the shirt soft and white?,"The cat in the image is a Siamese cat, which is a type","[""yes""]",0.0,450,16,raster,0,prefix,0.2034379867836833,162.88059717044234,49.77012053132057,245.59653596952558,35.7453259639442,281.387728988193,269.9616710888222,551.3494000770152,320864256,576,65,190.0349132483825,0.0,9.0,37,0.24324324324324326,0.26153846153846155,"[0.26153846153846155, 0.26153846153846155, 0.26153846153846155, 0.26153846153846155, 0.26153846153846155, 0.26153846153846155, 0.26153846153846155, 0.26153846153846155, 0.26153846153846155, 0.26153846153846155, 0.26153846153846155, 0.26153846153846155, 0.26153846153846155, 0.26153846153846155, 0.26153846153846155, 0.26153846153846155, 0.26153846153846155, 0.26153846153846155, 0.26153846153846155, 0.26153846153846155, 0.26153846153846155, 0.26153846153846155, 0.26153846153846155, 0.26153846153846155, 0.26153846153846155, 0.26153846153846155, 0.26153846153846155, 0.26153846153846155, 0.26153846153846155, 0.26153846153846155, 0.26153846153846155, 0.26153846153846155]",0.0,288,301989888,18874368,64,1,320864256,4936373.169230769,4718592.0,18874368.0,0,0,0,prefix,"[[0, 1, 2, 3, 4, 5, 6, 7, 8], [0, 1, 2, 3, 4, 5, 6, 7, 8], [0, 1, 2, 3, 4, 5, 6, 7, 8], [0, 1, 2, 3, 4, 5, 6, 7, 8], [0, 1, 2, 3, 4, 5, 6, 7, 8], [0, 1, 2, 3, 4, 5, 6, 7, 8], [0, 1, 2, 3, 4, 5, 6, 7, 8], [0, 1, 2, 3, 4, 5, 6, 7, 8], [0, 1, 2, 3, 4, 5, 6, 7, 8], [0, 1, 2, 3, 4, 5, 6, 7, 8], [0, 1, 2, 3, 4, 5, 6, 7, 8], [0, 1, 2, 3, 4, 5, 6, 7, 8], [0, 1, 2, 3, 4, 5, 6, 7, 8], [0, 1, 2, 3, 4, 5, 6, 7, 8], [0, 1, 2, 3, 4, 5, 6, 7, 8], [0, 1, 2, 3, 4, 5, 6, 7, 8], [0, 1, 2, 3, 4, 5, 6, 7, 8], [0, 1, 2, 3, 4, 5, 6, 7, 8], [0, 1, 2, 3, 4, 5, 6, 7, 8], [0, 1, 2, 3, 4, 5, 6, 7, 8], [0, 1, 2, 3, 4, 5, 6, 7, 8], [0, 1, 2, 3, 4, 5, 6, 7, 8], [0, 1, 2, 3, 4, 5, 6, 7, 8], [0, 1, 2, 3, 4, 5, 6, 7, 8], [0, 1, 2, 3, 4, 5, 6, 7, 8], [0, 1, 2, 3, 4, 5, 6, 7, 8], [0, 1, 2, 3, 4, 5, 6, 7, 8], [0, 1, 2, 3, 4, 5, 6, 7, 8], [0, 1, 2, 3, 4, 5, 6, 7, 8], [0, 1, 2, 3, 4, 5, 6, 7, 8], [0, 1, 2, 3, 4, 5, 6, 7, 8], [0, 1, 2, 3, 4, 5, 6, 7, 8]]",sidecar,True,raster,0
gqa,fullload,FullLoad,1.0,full,n16656,20797563,Does the sky look orange and bright?,No,"[""no""]",1.0,1939,2,raster,0,fullload,,528.9357719011605,,,900.2521109068766,905.1367609063163,18.892847001552582,924.0296079078689,1226833920,2368,64,,854.4499578420073,,,1.0,1.0,null,0.0,,1226833920,0,64,0,1226833920,19169280.0,19169280.0,0.0,,,,,null,,,,0
gqa,layout_prefix_chunk,Layout+Prefix,0.25,chunk,n16656,20797563,Does the sky look orange and bright?,"The image shows a Siamese cat lying on its side, with its head","[""no""]",0.0,450,16,raster,0,prefix,0.2022308763116598,168.98645972833037,48.28233818989247,249.67115803156048,42.65661304816604,292.3931950936094,272.43334299419075,564.8265380878001,320864256,576,65,195.6253193784505,0.0,9.0,37,0.24324324324324326,0.26153846153846155,"[0.26153846153846155, 0.26153846153846155, 0.26153846153846155, 0.26153846153846155, 0.26153846153846155, 0.26153846153846155, 0.26153846153846155, 0.26153846153846155, 0.26153846153846155, 0.26153846153846155, 0.26153846153846155, 0.26153846153846155, 0.26153846153846155, 0.26153846153846155, 0.26153846153846155, 0.26153846153846155, 0.26153846153846155, 0.26153846153846155, 0.26153846153846155, 0.26153846153846155, 0.26153846153846155, 0.26153846153846155, 0.26153846153846155, 0.26153846153846155, 0.26153846153846155, 0.26153846153846155, 0.26153846153846155, 0.26153846153846155, 0.26153846153846155, 0.26153846153846155, 0.26153846153846155, 0.26153846153846155]",0.0,288,301989888,18874368,64,1,320864256,4936373.169230769,4718592.0,18874368.0,0,0,0,prefix,"[[0, 1, 2, 3, 4, 5, 6, 7, 8], [0, 1, 2, 3, 4, 5, 6, 7, 8], [0, 1, 2, 3, 4, 5, 6, 7, 8], [0, 1, 2, 3, 4, 5, 6, 7, 8], [0, 1, 2, 3, 4, 5, 6, 7, 8], [0, 1, 2, 3, 4, 5, 6, 7, 8], [0, 1, 2, 3, 4, 5, 6, 7, 8], [0, 1, 2, 3, 4, 5, 6, 7, 8], [0, 1, 2, 3, 4, 5, 6, 7, 8], [0, 1, 2, 3, 4, 5, 6, 7, 8], [0, 1, 2, 3, 4, 5, 6, 7, 8], [0, 1, 2, 3, 4, 5, 6, 7, 8], [0, 1, 2, 3, 4, 5, 6, 7, 8], [0, 1, 2, 3, 4, 5, 6, 7, 8], [0, 1, 2, 3, 4, 5, 6, 7, 8], [0, 1, 2, 3, 4, 5, 6, 7, 8], [0, 1, 2, 3, 4, 5, 6, 7, 8], [0, 1, 2, 3, 4, 5, 6, 7, 8], [0, 1, 2, 3, 4, 5, 6, 7, 8], [0, 1, 2, 3, 4, 5, 6, 7, 8], [0, 1, 2, 3, 4, 5, 6, 7, 8], [0, 1, 2, 3, 4, 5, 6, 7, 8], [0, 1, 2, 3, 4, 5, 6, 7, 8], [0, 1, 2, 3, 4, 5, 6, 7, 8], [0, 1, 2, 3, 4, 5, 6, 7, 8], [0, 1, 2, 3, 4, 5, 6, 7, 8], [0, 1, 2, 3, 4, 5, 6, 7, 8], [0, 1, 2, 3, 4, 5, 6, 7, 8], [0, 1, 2, 3, 4, 5, 6, 7, 8], [0, 1, 2, 3, 4, 5, 6, 7, 8], [0, 1, 2, 3, 4, 5, 6, 7, 8], [0, 1, 2, 3, 4, 5, 6, 7, 8]]",sidecar,True,raster,0
gqa,fullload,FullLoad,1.0,full,n329479,201337154,Do the shoes have white color?,No,"[""yes""]",0.0,1939,2,raster,0,fullload,,517.3987401649356,,,907.0438799681142,912.1470989193767,21.79153508041054,933.9386339997873,1132462080,2176,64,,850.8978226454929,,,1.0,1.0,null,0.0,,1132462080,0,64,0,1132462080,17694720.0,17694720.0,0.0,,,,,null,,,,0
gqa,layout_prefix_chunk,Layout+Prefix,0.25,chunk,n329479,201337154,Do the shoes have white color?,The image shows a person performing a skateboarding trick. The skate,"[""yes""]",0.0,450,16,raster,0,prefix,0.1846557715907693,166.3092722883448,47.71433584392071,245.65781897399575,40.513704996556044,286.2350899958983,276.4000870520249,562.6351770479232,293601280,512,65,192.22017715219408,0.0,8.0,34,0.23529411764705882,0.25925925925925924,"[0.25925925925925924, 0.25925925925925924, 0.25925925925925924, 0.25925925925925924, 0.25925925925925924, 0.25925925925925924, 0.25925925925925924, 0.25925925925925924, 0.25925925925925924, 0.25925925925925924, 0.25925925925925924, 0.25925925925925924, 0.25925925925925924, 0.25925925925925924, 0.25925925925925924, 0.25925925925925924, 0.25925925925925924, 0.25925925925925924, 0.25925925925925924, 0.25925925925925924, 0.25925925925925924, 0.25925925925925924, 0.25925925925925924, 0.25925925925925924, 0.25925925925925924, 0.25925925925925924, 0.25925925925925924, 0.25925925925925924, 0.25925925925925924, 0.25925925925925924, 0.25925925925925924, 0.25925925925925924]",0.0,256,268435456,25165824,64,1,293601280,4516942.769230769,4194304.0,25165824.0,0,0,0,prefix,"[[0, 1, 2, 3, 4, 5, 6, 7], [0, 1, 2, 3, 4, 5, 6, 7], [0, 1, 2, 3, 4, 5, 6, 7], [0, 1, 2, 3, 4, 5, 6, 7], [0, 1, 2, 3, 4, 5, 6, 7], [0, 1, 2, 3, 4, 5, 6, 7], [0, 1, 2, 3, 4, 5, 6, 7], [0, 1, 2, 3, 4, 5, 6, 7], [0, 1, 2, 3, 4, 5, 6, 7], [0, 1, 2, 3, 4, 5, 6, 7], [0, 1, 2, 3, 4, 5, 6, 7], [0, 1, 2, 3, 4, 5, 6, 7], [0, 1, 2, 3, 4, 5, 6, 7], [0, 1, 2, 3, 4, 5, 6, 7], [0, 1, 2, 3, 4, 5, 6, 7], [0, 1, 2, 3, 4, 5, 6, 7], [0, 1, 2, 3, 4, 5, 6, 7], [0, 1, 2, 3, 4, 5, 6, 7], [0, 1, 2, 3, 4, 5, 6, 7], [0, 1, 2, 3, 4, 5, 6, 7], [0, 1, 2, 3, 4, 5, 6, 7], [0, 1, 2, 3, 4, 5, 6, 7], [0, 1, 2, 3, 4, 5, 6, 7], [0, 1, 2, 3, 4, 5, 6, 7], [0, 1, 2, 3, 4, 5, 6, 7], [0, 1, 2, 3, 4, 5, 6, 7], [0, 1, 2, 3, 4, 5, 6, 7], [0, 1, 2, 3, 4, 5, 6, 7], [0, 1, 2, 3, 4, 5, 6, 7], [0, 1, 2, 3, 4, 5, 6, 7], [0, 1, 2, 3, 4, 5, 6, 7], [0, 1, 2, 3, 4, 5, 6, 7]]",sidecar,True,raster,0
gqa,fullload,FullLoad,1.0,full,n329479,201336976,What is he jumping off of?,Skateboard,"[""grass""]",0.0,4971,4,raster,0,fullload,,463.37176114320755,,,825.1457080477849,829.856347059831,54.94841397739947,884.8047610372305,1132462080,2176,64,,775.5218965467066,,,1.0,1.0,null,0.0,,1132462080,0,64,0,1132462080,17694720.0,17694720.0,0.0,,,,,null,,,,0
gqa,layout_prefix_chunk,Layout+Prefix,0.25,chunk,n329479,201336976,What is he jumping off of?,The image shows a person performing a skateboarding trick. The skate,"[""grass""]",0.0,450,16,raster,0,prefix,0.1607649028301239,161.37540945783257,41.44963470753282,229.53273402526975,35.28441395610571,264.86494299024343,273.10842799488455,537.973370985128,293601280,512,65,182.75560485199094,0.0,8.0,34,0.23529411764705882,0.25925925925925924,"[0.25925925925925924, 0.25925925925925924, 0.25925925925925924, 0.25925925925925924, 0.25925925925925924, 0.25925925925925924, 0.25925925925925924, 0.25925925925925924, 0.25925925925925924, 0.25925925925925924, 0.25925925925925924, 0.25925925925925924, 0.25925925925925924, 0.25925925925925924, 0.25925925925925924, 0.25925925925925924, 0.25925925925925924, 0.25925925925925924, 0.25925925925925924, 0.25925925925925924, 0.25925925925925924, 0.25925925925925924, 0.25925925925925924, 0.25925925925925924, 0.25925925925925924, 0.25925925925925924, 0.25925925925925924, 0.25925925925925924, 0.25925925925925924, 0.25925925925925924, 0.25925925925925924, 0.25925925925925924]",0.0,256,268435456,25165824,64,1,293601280,4516942.769230769,4194304.0,25165824.0,0,0,0,prefix,"[[0, 1, 2, 3, 4, 5, 6, 7], [0, 1, 2, 3, 4, 5, 6, 7], [0, 1, 2, 3, 4, 5, 6, 7], [0, 1, 2, 3, 4, 5, 6, 7], [0, 1, 2, 3, 4, 5, 6, 7], [0, 1, 2, 3, 4, 5, 6, 7], [0, 1, 2, 3, 4, 5, 6, 7], [0, 1, 2, 3, 4, 5, 6, 7], [0, 1, 2, 3, 4, 5, 6, 7], [0, 1, 2, 3, 4, 5, 6, 7], [0, 1, 2, 3, 4, 5, 6, 7], [0, 1, 2, 3, 4, 5, 6, 7], [0, 1, 2, 3, 4, 5, 6, 7], [0, 1, 2, 3, 4, 5, 6, 7], [0, 1, 2, 3, 4, 5, 6, 7], [0, 1, 2, 3, 4, 5, 6, 7], [0, 1, 2, 3, 4, 5, 6, 7], [0, 1, 2, 3, 4, 5, 6, 7], [0, 1, 2, 3, 4, 5, 6, 7], [0, 1, 2, 3, 4, 5, 6, 7], [0, 1, 2, 3, 4, 5, 6, 7], [0, 1, 2, 3, 4, 5, 6, 7], [0, 1, 2, 3, 4, 5, 6, 7], [0, 1, 2, 3, 4, 5, 6, 7], [0, 1, 2, 3, 4, 5, 6, 7], [0, 1, 2, 3, 4, 5, 6, 7], [0, 1, 2, 3, 4, 5, 6, 7], [0, 1, 2, 3, 4, 5, 6, 7], [0, 1, 2, 3, 4, 5, 6, 7], [0, 1, 2, 3, 4, 5, 6, 7], [0, 1, 2, 3, 4, 5, 6, 7], [0, 1, 2, 3, 4, 5, 6, 7]]",sidecar,True,raster,0
gqa,fullload,FullLoad,1.0,full,n329479,201336956,What is the man using?,Skateboard,"[""skateboard""]",1.0,4971,4,raster,0,fullload,,465.8714538672939,,,798.2144210254773,802.8313780669123,55.9750689426437,858.806447009556,1132462080,2176,64,,751.2910154182464,,,1.0,1.0,null,0.0,,1132462080,0,64,0,1132462080,17694720.0,17694720.0,0.0,,,,,null,,,,0
gqa,layout_prefix_chunk,Layout+Prefix,0.25,chunk,n329479,201336956,What is the man using?,The image shows a person performing a skateboarding trick. The skate,"[""skateboard""]",0.0,450,16,raster,0,prefix,0.18529384396970272,165.00887752044946,43.17177669145167,236.27244005911052,34.8006080603227,271.11507509835064,270.41045599617064,541.5255310945213,293601280,512,65,187.57386109791696,0.0,8.0,34,0.23529411764705882,0.25925925925925924,"[0.25925925925925924, 0.25925925925925924, 0.25925925925925924, 0.25925925925925924, 0.25925925925925924, 0.25925925925925924, 0.25925925925925924, 0.25925925925925924, 0.25925925925925924, 0.25925925925925924, 0.25925925925925924, 0.25925925925925924, 0.25925925925925924, 0.25925925925925924, 0.25925925925925924, 0.25925925925925924, 0.25925925925925924, 0.25925925925925924, 0.25925925925925924, 0.25925925925925924, 0.25925925925925924, 0.25925925925925924, 0.25925925925925924, 0.25925925925925924, 0.25925925925925924, 0.25925925925925924, 0.25925925925925924, 0.25925925925925924, 0.25925925925925924, 0.25925925925925924, 0.25925925925925924, 0.25925925925925924]",0.0,256,268435456,25165824,64,1,293601280,4516942.769230769,4194304.0,25165824.0,0,0,0,prefix,"[[0, 1, 2, 3, 4, 5, 6, 7], [0, 1, 2, 3, 4, 5, 6, 7], [0, 1, 2, 3, 4, 5, 6, 7], [0, 1, 2, 3, 4, 5, 6, 7], [0, 1, 2, 3, 4, 5, 6, 7], [0, 1, 2, 3, 4, 5, 6, 7], [0, 1, 2, 3, 4, 5, 6, 7], [0, 1, 2, 3, 4, 5, 6, 7], [0, 1, 2, 3, 4, 5, 6, 7], [0, 1, 2, 3, 4, 5, 6, 7], [0, 1, 2, 3, 4, 5, 6, 7], [0, 1, 2, 3, 4, 5, 6, 7], [0, 1, 2, 3, 4, 5, 6, 7], [0, 1, 2, 3, 4, 5, 6, 7], [0, 1, 2, 3, 4, 5, 6, 7], [0, 1, 2, 3, 4, 5, 6, 7], [0, 1, 2, 3, 4, 5, 6, 7], [0, 1, 2, 3, 4, 5, 6, 7], [0, 1, 2, 3, 4, 5, 6, 7], [0, 1, 2, 3, 4, 5, 6, 7], [0, 1, 2, 3, 4, 5, 6, 7], [0, 1, 2, 3, 4, 5, 6, 7], [0, 1, 2, 3, 4, 5, 6, 7], [0, 1, 2, 3, 4, 5, 6, 7], [0, 1, 2, 3, 4, 5, 6, 7], [0, 1, 2, 3, 4, 5, 6, 7], [0, 1, 2, 3, 4, 5, 6, 7], [0, 1, 2, 3, 4, 5, 6, 7], [0, 1, 2, 3, 4, 5, 6, 7], [0, 1, 2, 3, 4, 5, 6, 7], [0, 1, 2, 3, 4, 5, 6, 7], [0, 1, 2, 3, 4, 5, 6, 7]]",sidecar,True,raster,0
gqa,fullload,FullLoad,1.0,full,n329479,201336939,What is he in front of?,Tree,"[""bench""]",0.0,15472,2,raster,0,fullload,,454.268642119132,,,771.2618180084974,775.9694530395791,18.99358199443668,794.9630350340158,1132462080,2176,64,,723.4630830353126,,,1.0,1.0,null,0.0,,1132462080,0,64,0,1132462080,17694720.0,17694720.0,0.0,,,,,null,,,,0
gqa,layout_prefix_chunk,Layout+Prefix,0.25,chunk,n329479,201336939,What is he in front of?,The man in the image is performing a trick on a skateboard. He,"[""bench""]",0.0,450,16,raster,0,prefix,0.2045967848971486,151.07375592924654,49.33101322967559,230.69273098371923,49.48535899166018,280.2403309615329,273.73847702983767,553.9788079913706,293601280,512,65,175.7555428193882,0.0,8.0,34,0.23529411764705882,0.25925925925925924,"[0.25925925925925924, 0.25925925925925924, 0.25925925925925924, 0.25925925925925924, 0.25925925925925924, 0.25925925925925924, 0.25925925925925924, 0.25925925925925924, 0.25925925925925924, 0.25925925925925924, 0.25925925925925924, 0.25925925925925924, 0.25925925925925924, 0.25925925925925924, 0.25925925925925924, 0.25925925925925924, 0.25925925925925924, 0.25925925925925924, 0.25925925925925924, 0.25925925925925924, 0.25925925925925924, 0.25925925925925924, 0.25925925925925924, 0.25925925925925924, 0.25925925925925924, 0.25925925925925924, 0.25925925925925924, 0.25925925925925924, 0.25925925925925924, 0.25925925925925924, 0.25925925925925924, 0.25925925925925924]",0.0,256,268435456,25165824,64,1,293601280,4516942.769230769,4194304.0,25165824.0,0,0,0,prefix,"[[0, 1, 2, 3, 4, 5, 6, 7], [0, 1, 2, 3, 4, 5, 6, 7], [0, 1, 2, 3, 4, 5, 6, 7], [0, 1, 2, 3, 4, 5, 6, 7], [0, 1, 2, 3, 4, 5, 6, 7], [0, 1, 2, 3, 4, 5, 6, 7], [0, 1, 2, 3, 4, 5, 6, 7], [0, 1, 2, 3, 4, 5, 6, 7], [0, 1, 2, 3, 4, 5, 6, 7], [0, 1, 2, 3, 4, 5, 6, 7], [0, 1, 2, 3, 4, 5, 6, 7], [0, 1, 2, 3, 4, 5, 6, 7], [0, 1, 2, 3, 4, 5, 6, 7], [0, 1, 2, 3, 4, 5, 6, 7], [0, 1, 2, 3, 4, 5, 6, 7], [0, 1, 2, 3, 4, 5, 6, 7], [0, 1, 2, 3, 4, 5, 6, 7], [0, 1, 2, 3, 4, 5, 6, 7], [0, 1, 2, 3, 4, 5, 6, 7], [0, 1, 2, 3, 4, 5, 6, 7], [0, 1, 2, 3, 4, 5, 6, 7], [0, 1, 2, 3, 4, 5, 6, 7], [0, 1, 2, 3, 4, 5, 6, 7], [0, 1, 2, 3, 4, 5, 6, 7], [0, 1, 2, 3, 4, 5, 6, 7], [0, 1, 2, 3, 4, 5, 6, 7], [0, 1, 2, 3, 4, 5, 6, 7], [0, 1, 2, 3, 4, 5, 6, 7], [0, 1, 2, 3, 4, 5, 6, 7], [0, 1, 2, 3, 4, 5, 6, 7], [0, 1, 2, 3, 4, 5, 6, 7], [0, 1, 2, 3, 4, 5, 6, 7]]",sidecar,True,raster,0
gqa,fullload,FullLoad,1.0,full,n329479,201336930,What do the bench and the skateboard have in common?,Color,"[""material""]",0.0,9159,2,raster,0,fullload,,534.954497939907,,,914.4689009990543,919.1097519360483,18.96271703299135,938.0724689690396,1132462080,2176,64,,853.6931198323146,,,1.0,1.0,null,0.0,,1132462080,0,64,0,1132462080,17694720.0,17694720.0,0.0,,,,,null,,,,0
gqa,layout_prefix_chunk,Layout+Prefix,0.25,chunk,n329479,201336930,What do the bench and the skateboard have in common?,The man in the image is performing a skateboarding trick. He is,"[""material""]",0.0,450,16,raster,0,prefix,0.21330593153834343,168.95080322865397,53.587396745570004,256.5392990363762,47.977761016227305,304.5781949767843,273.0254320194945,577.6036269962788,293601280,512,65,196.72153901774436,0.0,8.0,34,0.23529411764705882,0.25925925925925924,"[0.25925925925925924, 0.25925925925925924, 0.25925925925925924, 0.25925925925925924, 0.25925925925925924, 0.25925925925925924, 0.25925925925925924, 0.25925925925925924, 0.25925925925925924, 0.25925925925925924, 0.25925925925925924, 0.25925925925925924, 0.25925925925925924, 0.25925925925925924, 0.25925925925925924, 0.25925925925925924, 0.25925925925925924, 0.25925925925925924, 0.25925925925925924, 0.25925925925925924, 0.25925925925925924, 0.25925925925925924, 0.25925925925925924, 0.25925925925925924, 0.25925925925925924, 0.25925925925925924, 0.25925925925925924, 0.25925925925925924, 0.25925925925925924, 0.25925925925925924, 0.25925925925925924, 0.25925925925925924]",0.0,256,268435456,25165824,64,1,293601280,4516942.769230769,4194304.0,25165824.0,0,0,0,prefix,"[[0, 1, 2, 3, 4, 5, 6, 7], [0, 1, 2, 3, 4, 5, 6, 7], [0, 1, 2, 3, 4, 5, 6, 7], [0, 1, 2, 3, 4, 5, 6, 7], [0, 1, 2, 3, 4, 5, 6, 7], [0, 1, 2, 3, 4, 5, 6, 7], [0, 1, 2, 3, 4, 5, 6, 7], [0, 1, 2, 3, 4, 5, 6, 7], [0, 1, 2, 3, 4, 5, 6, 7], [0, 1, 2, 3, 4, 5, 6, 7], [0, 1, 2, 3, 4, 5, 6, 7], [0, 1, 2, 3, 4, 5, 6, 7], [0, 1, 2, 3, 4, 5, 6, 7], [0, 1, 2, 3, 4, 5, 6, 7], [0, 1, 2, 3, 4, 5, 6, 7], [0, 1, 2, 3, 4, 5, 6, 7], [0, 1, 2, 3, 4, 5, 6, 7], [0, 1, 2, 3, 4, 5, 6, 7], [0, 1, 2, 3, 4, 5, 6, 7], [0, 1, 2, 3, 4, 5, 6, 7], [0, 1, 2, 3, 4, 5, 6, 7], [0, 1, 2, 3, 4, 5, 6, 7], [0, 1, 2, 3, 4, 5, 6, 7], [0, 1, 2, 3, 4, 5, 6, 7], [0, 1, 2, 3, 4, 5, 6, 7], [0, 1, 2, 3, 4, 5, 6, 7], [0, 1, 2, 3, 4, 5, 6, 7], [0, 1, 2, 3, 4, 5, 6, 7], [0, 1, 2, 3, 4, 5, 6, 7], [0, 1, 2, 3, 4, 5, 6, 7], [0, 1, 2, 3, 4, 5, 6, 7], [0, 1, 2, 3, 4, 5, 6, 7]]",sidecar,True,raster,0
gqa,fullload,FullLoad,1.0,full,n329479,201337043,What are the wheels made of?,Rubber,"[""plastic""]",0.0,14985,3,raster,0,fullload,,496.4195090578869,,,866.735624964349,871.4501449139789,44.2806490464136,915.7307939603925,1132462080,2176,64,,813.1820062408224,,,1.0,1.0,null,0.0,,1132462080,0,64,0,1132462080,17694720.0,17694720.0,0.0,,,,,null,,,,0
gqa,layout_prefix_chunk,Layout+Prefix,0.25,chunk,n329479,201337043,What are the wheels made of?,The image shows a person performing a skateboarding trick. The skate,"[""plastic""]",0.0,450,16,raster,0,prefix,0.19059807527810335,169.10507366992533,44.272955507040024,243.0274001089856,35.095853032544255,278.16731308121234,269.04691697563976,547.2142300568521,293601280,512,65,193.2481792755425,0.0,8.0,34,0.23529411764705882,0.25925925925925924,"[0.25925925925925924, 0.25925925925925924, 0.25925925925925924, 0.25925925925925924, 0.25925925925925924, 0.25925925925925924, 0.25925925925925924, 0.25925925925925924, 0.25925925925925924, 0.25925925925925924, 0.25925925925925924, 0.25925925925925924, 0.25925925925925924, 0.25925925925925924, 0.25925925925925924, 0.25925925925925924, 0.25925925925925924, 0.25925925925925924, 0.25925925925925924, 0.25925925925925924, 0.25925925925925924, 0.25925925925925924, 0.25925925925925924, 0.25925925925925924, 0.25925925925925924, 0.25925925925925924, 0.25925925925925924, 0.25925925925925924, 0.25925925925925924, 0.25925925925925924, 0.25925925925925924, 0.25925925925925924]",0.0,256,268435456,25165824,64,1,293601280,4516942.769230769,4194304.0,25165824.0,0,0,0,prefix,"[[0, 1, 2, 3, 4, 5, 6, 7], [0, 1, 2, 3, 4, 5, 6, 7], [0, 1, 2, 3, 4, 5, 6, 7], [0, 1, 2, 3, 4, 5, 6, 7], [0, 1, 2, 3, 4, 5, 6, 7], [0, 1, 2, 3, 4, 5, 6, 7], [0, 1, 2, 3, 4, 5, 6, 7], [0, 1, 2, 3, 4, 5, 6, 7], [0, 1, 2, 3, 4, 5, 6, 7], [0, 1, 2, 3, 4, 5, 6, 7], [0, 1, 2, 3, 4, 5, 6, 7], [0, 1, 2, 3, 4, 5, 6, 7], [0, 1, 2, 3, 4, 5, 6, 7], [0, 1, 2, 3, 4, 5, 6, 7], [0, 1, 2, 3, 4, 5, 6, 7], [0, 1, 2, 3, 4, 5, 6, 7], [0, 1, 2, 3, 4, 5, 6, 7], [0, 1, 2, 3, 4, 5, 6, 7], [0, 1, 2, 3, 4, 5, 6, 7], [0, 1, 2, 3, 4, 5, 6, 7], [0, 1, 2, 3, 4, 5, 6, 7], [0, 1, 2, 3, 4, 5, 6, 7], [0, 1, 2, 3, 4, 5, 6, 7], [0, 1, 2, 3, 4, 5, 6, 7], [0, 1, 2, 3, 4, 5, 6, 7], [0, 1, 2, 3, 4, 5, 6, 7], [0, 1, 2, 3, 4, 5, 6, 7], [0, 1, 2, 3, 4, 5, 6, 7], [0, 1, 2, 3, 4, 5, 6, 7], [0, 1, 2, 3, 4, 5, 6, 7], [0, 1, 2, 3, 4, 5, 6, 7], [0, 1, 2, 3, 4, 5, 6, 7]]",sidecar,True,raster,0
gqa,fullload,FullLoad,1.0,full,n406334,202159012,Are there any people next to the vehicle that is yellow and black?,Yes,"[""yes""]",1.0,3869,2,raster,0,fullload,,358.5762975271791,,,601.3752759899944,606.2336260220036,50.94696197193116,657.1805879939348,1124073472,2176,64,,555.1549126394093,,,1.0,1.0,null,0.0,,1124073472,0,64,0,1124073472,17563648.0,17563648.0,0.0,,,,,null,,,,0
gqa,layout_prefix_chunk,Layout+Prefix,0.25,chunk,n406334,202159012,Are there any people next to the vehicle that is yellow and black?,The image shows a handy bus parked at a bus stop. The bus,"[""yes""]",0.0,450,16,raster,0,prefix,0.21911109797656536,169.98953302390873,51.42410518601537,257.34264694619924,63.82703094277531,321.2323399493471,270.5443960148841,591.7767359642312,285212672,512,65,200.23109065368772,0.0,8.0,34,0.23529411764705882,0.2537313432835821,"[0.2537313432835821, 0.2537313432835821, 0.2537313432835821, 0.2537313432835821, 0.2537313432835821, 0.2537313432835821, 0.2537313432835821, 0.2537313432835821, 0.2537313432835821, 0.2537313432835821, 0.2537313432835821, 0.2537313432835821, 0.2537313432835821, 0.2537313432835821, 0.2537313432835821, 0.2537313432835821, 0.2537313432835821, 0.2537313432835821, 0.2537313432835821, 0.2537313432835821, 0.2537313432835821, 0.2537313432835821, 0.2537313432835821, 0.2537313432835821, 0.2537313432835821, 0.2537313432835821, 0.2537313432835821, 0.2537313432835821, 0.2537313432835821, 0.2537313432835821, 0.2537313432835821, 0.2537313432835821]",0.0,256,268435456,16777216,64,1,285212672,4387887.261538462,4194304.0,16777216.0,0,0,0,prefix,"[[0, 1, 2, 3, 4, 5, 6, 7], [0, 1, 2, 3, 4, 5, 6, 7], [0, 1, 2, 3, 4, 5, 6, 7], [0, 1, 2, 3, 4, 5, 6, 7], [0, 1, 2, 3, 4, 5, 6, 7], [0, 1, 2, 3, 4, 5, 6, 7], [0, 1, 2, 3, 4, 5, 6, 7], [0, 1, 2, 3, 4, 5, 6, 7], [0, 1, 2, 3, 4, 5, 6, 7], [0, 1, 2, 3, 4, 5, 6, 7], [0, 1, 2, 3, 4, 5, 6, 7], [0, 1, 2, 3, 4, 5, 6, 7], [0, 1, 2, 3, 4, 5, 6, 7], [0, 1, 2, 3, 4, 5, 6, 7], [0, 1, 2, 3, 4, 5, 6, 7], [0, 1, 2, 3, 4, 5, 6, 7], [0, 1, 2, 3, 4, 5, 6, 7], [0, 1, 2, 3, 4, 5, 6, 7], [0, 1, 2, 3, 4, 5, 6, 7], [0, 1, 2, 3, 4, 5, 6, 7], [0, 1, 2, 3, 4, 5, 6, 7], [0, 1, 2, 3, 4, 5, 6, 7], [0, 1, 2, 3, 4, 5, 6, 7], [0, 1, 2, 3, 4, 5, 6, 7], [0, 1, 2, 3, 4, 5, 6, 7], [0, 1, 2, 3, 4, 5, 6, 7], [0, 1, 2, 3, 4, 5, 6, 7], [0, 1, 2, 3, 4, 5, 6, 7], [0, 1, 2, 3, 4, 5, 6, 7], [0, 1, 2, 3, 4, 5, 6, 7], [0, 1, 2, 3, 4, 5, 6, 7], [0, 1, 2, 3, 4, 5, 6, 7]]",sidecar,True,raster,0
gqa,fullload,FullLoad,1.0,full,n406334,202159091,On which side of the image are the metal cars?,Left,"[""right""]",0.0,19941,2,raster,0,fullload,,377.33950302936137,,,600.1441179541871,604.8096709419042,19.023971050046384,623.8336419919506,1124073472,2176,64,,557.6166820246726,,,1.0,1.0,null,0.0,,1124073472,0,64,0,1124073472,17563648.0,17563648.0,0.0,,,,,null,,,,0
gqa,layout_prefix_chunk,Layout+Prefix,0.25,chunk,n406334,202159091,On which side of the image are the metal cars?,The image shows a handy bus parked at a bus stop. The bus,"[""right""]",0.0,450,16,raster,0,prefix,0.1594392815604806,146.0358997574076,41.919891838915646,215.35886509809643,42.66153590288013,258.0859320005402,269.9727000435814,528.0586320441216,285212672,512,65,168.08411187957972,0.0,8.0,34,0.23529411764705882,0.2537313432835821,"[0.2537313432835821, 0.2537313432835821, 0.2537313432835821, 0.2537313432835821, 0.2537313432835821, 0.2537313432835821, 0.2537313432835821, 0.2537313432835821, 0.2537313432835821, 0.2537313432835821, 0.2537313432835821, 0.2537313432835821, 0.2537313432835821, 0.2537313432835821, 0.2537313432835821, 0.2537313432835821, 0.2537313432835821, 0.2537313432835821, 0.2537313432835821, 0.2537313432835821, 0.2537313432835821, 0.2537313432835821, 0.2537313432835821, 0.2537313432835821, 0.2537313432835821, 0.2537313432835821, 0.2537313432835821, 0.2537313432835821, 0.2537313432835821, 0.2537313432835821, 0.2537313432835821, 0.2537313432835821]",0.0,256,268435456,16777216,64,1,285212672,4387887.261538462,4194304.0,16777216.0,0,0,0,prefix,"[[0, 1, 2, 3, 4, 5, 6, 7], [0, 1, 2, 3, 4, 5, 6, 7], [0, 1, 2, 3, 4, 5, 6, 7], [0, 1, 2, 3, 4, 5, 6, 7], [0, 1, 2, 3, 4, 5, 6, 7], [0, 1, 2, 3, 4, 5, 6, 7], [0, 1, 2, 3, 4, 5, 6, 7], [0, 1, 2, 3, 4, 5, 6, 7], [0, 1, 2, 3, 4, 5, 6, 7], [0, 1, 2, 3, 4, 5, 6, 7], [0, 1, 2, 3, 4, 5, 6, 7], [0, 1, 2, 3, 4, 5, 6, 7], [0, 1, 2, 3, 4, 5, 6, 7], [0, 1, 2, 3, 4, 5, 6, 7], [0, 1, 2, 3, 4, 5, 6, 7], [0, 1, 2, 3, 4, 5, 6, 7], [0, 1, 2, 3, 4, 5, 6, 7], [0, 1, 2, 3, 4, 5, 6, 7], [0, 1, 2, 3, 4, 5, 6, 7], [0, 1, 2, 3, 4, 5, 6, 7], [0, 1, 2, 3, 4, 5, 6, 7], [0, 1, 2, 3, 4, 5, 6, 7], [0, 1, 2, 3, 4, 5, 6, 7], [0, 1, 2, 3, 4, 5, 6, 7], [0, 1, 2, 3, 4, 5, 6, 7], [0, 1, 2, 3, 4, 5, 6, 7], [0, 1, 2, 3, 4, 5, 6, 7], [0, 1, 2, 3, 4, 5, 6, 7], [0, 1, 2, 3, 4, 5, 6, 7], [0, 1, 2, 3, 4, 5, 6, 7], [0, 1, 2, 3, 4, 5, 6, 7], [0, 1, 2, 3, 4, 5, 6, 7]]",sidecar,True,raster,0
gqa,fullload,FullLoad,1.0,full,n406334,202158963,Are the old people on the left or on the right?,Right,"[""right""]",1.0,10428,2,raster,0,fullload,,420.4240593826398,,,674.8734060674906,679.6283080475405,19.478684989735484,699.106993037276,1124073472,2176,64,,623.7122563179582,,,1.0,1.0,null,0.0,,1124073472,0,64,0,1124073472,17563648.0,17563648.0,0.0,,,,,null,,,,0
gqa,layout_prefix_chunk,Layout+Prefix,0.25,chunk,n406334,202158963,Are the old people on the left or on the right?,The image shows a handy bus parked at a bus stop. The bus,"[""right""]",0.0,450,16,raster,0,prefix,0.1735803671181202,114.13583671674132,45.33307487145066,187.2699239756912,44.01652899105102,231.34708707220852,272.7967438986525,504.143830970861,285212672,512,65,136.4833590341732,0.0,8.0,34,0.23529411764705882,0.2537313432835821,"[0.2537313432835821, 0.2537313432835821, 0.2537313432835821, 0.2537313432835821, 0.2537313432835821, 0.2537313432835821, 0.2537313432835821, 0.2537313432835821, 0.2537313432835821, 0.2537313432835821, 0.2537313432835821, 0.2537313432835821, 0.2537313432835821, 0.2537313432835821, 0.2537313432835821, 0.2537313432835821, 0.2537313432835821, 0.2537313432835821, 0.2537313432835821, 0.2537313432835821, 0.2537313432835821, 0.2537313432835821, 0.2537313432835821, 0.2537313432835821, 0.2537313432835821, 0.2537313432835821, 0.2537313432835821, 0.2537313432835821, 0.2537313432835821, 0.2537313432835821, 0.2537313432835821, 0.2537313432835821]",0.0,256,268435456,16777216,64,1,285212672,4387887.261538462,4194304.0,16777216.0,0,0,0,prefix,"[[0, 1, 2, 3, 4, 5, 6, 7], [0, 1, 2, 3, 4, 5, 6, 7], [0, 1, 2, 3, 4, 5, 6, 7], [0, 1, 2, 3, 4, 5, 6, 7], [0, 1, 2, 3, 4, 5, 6, 7], [0, 1, 2, 3, 4, 5, 6, 7], [0, 1, 2, 3, 4, 5, 6, 7], [0, 1, 2, 3, 4, 5, 6, 7], [0, 1, 2, 3, 4, 5, 6, 7], [0, 1, 2, 3, 4, 5, 6, 7], [0, 1, 2, 3, 4, 5, 6, 7], [0, 1, 2, 3, 4, 5, 6, 7], [0, 1, 2, 3, 4, 5, 6, 7], [0, 1, 2, 3, 4, 5, 6, 7], [0, 1, 2, 3, 4, 5, 6, 7], [0, 1, 2, 3, 4, 5, 6, 7], [0, 1, 2, 3, 4, 5, 6, 7], [0, 1, 2, 3, 4, 5, 6, 7], [0, 1, 2, 3, 4, 5, 6, 7], [0, 1, 2, 3, 4, 5, 6, 7], [0, 1, 2, 3, 4, 5, 6, 7], [0, 1, 2, 3, 4, 5, 6, 7], [0, 1, 2, 3, 4, 5, 6, 7], [0, 1, 2, 3, 4, 5, 6, 7], [0, 1, 2, 3, 4, 5, 6, 7], [0, 1, 2, 3, 4, 5, 6, 7], [0, 1, 2, 3, 4, 5, 6, 7], [0, 1, 2, 3, 4, 5, 6, 7], [0, 1, 2, 3, 4, 5, 6, 7], [0, 1, 2, 3, 4, 5, 6, 7], [0, 1, 2, 3, 4, 5, 6, 7], [0, 1, 2, 3, 4, 5, 6, 7]]",sidecar,True,raster,0
gqa,fullload,FullLoad,1.0,full,n406334,202158771,Are the street lights made of the same material as the cars?,No,"[""yes""]",0.0,1939,2,raster,0,fullload,,407.6825537486002,,,653.2243610126898,657.8404949977994,19.17619607411325,677.0166910719126,1124073472,2176,64,,605.690095690079,,,1.0,1.0,null,0.0,,1124073472,0,64,0,1124073472,17563648.0,17563648.0,0.0,,,,,null,,,,0
gqa,layout_prefix_chunk,Layout+Prefix,0.25,chunk,n406334,202158771,Are the street lights made of the same material as the cars?,"The image shows a HANDI BUS, which is a type of bus","[""yes""]",0.0,450,16,raster,0,prefix,0.2311972202733159,155.75311880093068,50.26302975602448,238.0325549747795,34.92065705358982,273.0002839816734,270.65627998672426,543.6565639683977,285212672,512,65,181.9670726545155,0.0,8.0,34,0.23529411764705882,0.2537313432835821,"[0.2537313432835821, 0.2537313432835821, 0.2537313432835821, 0.2537313432835821, 0.2537313432835821, 0.2537313432835821, 0.2537313432835821, 0.2537313432835821, 0.2537313432835821, 0.2537313432835821, 0.2537313432835821, 0.2537313432835821, 0.2537313432835821, 0.2537313432835821, 0.2537313432835821, 0.2537313432835821, 0.2537313432835821, 0.2537313432835821, 0.2537313432835821, 0.2537313432835821, 0.2537313432835821, 0.2537313432835821, 0.2537313432835821, 0.2537313432835821, 0.2537313432835821, 0.2537313432835821, 0.2537313432835821, 0.2537313432835821, 0.2537313432835821, 0.2537313432835821, 0.2537313432835821, 0.2537313432835821]",0.0,256,268435456,16777216,64,1,285212672,4387887.261538462,4194304.0,16777216.0,0,0,0,prefix,"[[0, 1, 2, 3, 4, 5, 6, 7], [0, 1, 2, 3, 4, 5, 6, 7], [0, 1, 2, 3, 4, 5, 6, 7], [0, 1, 2, 3, 4, 5, 6, 7], [0, 1, 2, 3, 4, 5, 6, 7], [0, 1, 2, 3, 4, 5, 6, 7], [0, 1, 2, 3, 4, 5, 6, 7], [0, 1, 2, 3, 4, 5, 6, 7], [0, 1, 2, 3, 4, 5, 6, 7], [0, 1, 2, 3, 4, 5, 6, 7], [0, 1, 2, 3, 4, 5, 6, 7], [0, 1, 2, 3, 4, 5, 6, 7], [0, 1, 2, 3, 4, 5, 6, 7], [0, 1, 2, 3, 4, 5, 6, 7], [0, 1, 2, 3, 4, 5, 6, 7], [0, 1, 2, 3, 4, 5, 6, 7], [0, 1, 2, 3, 4, 5, 6, 7], [0, 1, 2, 3, 4, 5, 6, 7], [0, 1, 2, 3, 4, 5, 6, 7], [0, 1, 2, 3, 4, 5, 6, 7], [0, 1, 2, 3, 4, 5, 6, 7], [0, 1, 2, 3, 4, 5, 6, 7], [0, 1, 2, 3, 4, 5, 6, 7], [0, 1, 2, 3, 4, 5, 6, 7], [0, 1, 2, 3, 4, 5, 6, 7], [0, 1, 2, 3, 4, 5, 6, 7], [0, 1, 2, 3, 4, 5, 6, 7], [0, 1, 2, 3, 4, 5, 6, 7], [0, 1, 2, 3, 4, 5, 6, 7], [0, 1, 2, 3, 4, 5, 6, 7], [0, 1, 2, 3, 4, 5, 6, 7], [0, 1, 2, 3, 4, 5, 6, 7]]",sidecar,True,raster,0
gqa,fullload,FullLoad,1.0,full,n406334,202159121,Which kind of vehicle is in front of the buildings?,Bus,"[""cars""]",0.0,8406,2,raster,0,fullload,,371.16413668263704,,,587.4892580322921,592.1384689863771,19.34290793724358,611.4813769236207,1124073472,2176,64,,546.5105887269601,,,1.0,1.0,null,0.0,,1124073472,0,64,0,1124073472,17563648.0,17563648.0,0.0,,,,,null,,,,0
gqa,layout_prefix_chunk,Layout+Prefix,0.25,chunk,n406334,202159121,Which kind of vehicle is in front of the buildings?,The image shows a HANDI BUS 33 bus parked at,"[""cars""]",0.0,450,16,raster,0,prefix,0.1916425535455346,147.40006381180137,47.32949601020664,223.66755898110569,54.6355820260942,278.3652249490842,268.2850999990478,546.650324948132,285212672,512,65,170.7814602414146,0.0,8.0,34,0.23529411764705882,0.2537313432835821,"[0.2537313432835821, 0.2537313432835821, 0.2537313432835821, 0.2537313432835821, 0.2537313432835821, 0.2537313432835821, 0.2537313432835821, 0.2537313432835821, 0.2537313432835821, 0.2537313432835821, 0.2537313432835821, 0.2537313432835821, 0.2537313432835821, 0.2537313432835821, 0.2537313432835821, 0.2537313432835821, 0.2537313432835821, 0.2537313432835821, 0.2537313432835821, 0.2537313432835821, 0.2537313432835821, 0.2537313432835821, 0.2537313432835821, 0.2537313432835821, 0.2537313432835821, 0.2537313432835821, 0.2537313432835821, 0.2537313432835821, 0.2537313432835821, 0.2537313432835821, 0.2537313432835821, 0.2537313432835821]",0.0,256,268435456,16777216,64,1,285212672,4387887.261538462,4194304.0,16777216.0,0,0,0,prefix,"[[0, 1, 2, 3, 4, 5, 6, 7], [0, 1, 2, 3, 4, 5, 6, 7], [0, 1, 2, 3, 4, 5, 6, 7], [0, 1, 2, 3, 4, 5, 6, 7], [0, 1, 2, 3, 4, 5, 6, 7], [0, 1, 2, 3, 4, 5, 6, 7], [0, 1, 2, 3, 4, 5, 6, 7], [0, 1, 2, 3, 4, 5, 6, 7], [0, 1, 2, 3, 4, 5, 6, 7], [0, 1, 2, 3, 4, 5, 6, 7], [0, 1, 2, 3, 4, 5, 6, 7], [0, 1, 2, 3, 4, 5, 6, 7], [0, 1, 2, 3, 4, 5, 6, 7], [0, 1, 2, 3, 4, 5, 6, 7], [0, 1, 2, 3, 4, 5, 6, 7], [0, 1, 2, 3, 4, 5, 6, 7], [0, 1, 2, 3, 4, 5, 6, 7], [0, 1, 2, 3, 4, 5, 6, 7], [0, 1, 2, 3, 4, 5, 6, 7], [0, 1, 2, 3, 4, 5, 6, 7], [0, 1, 2, 3, 4, 5, 6, 7], [0, 1, 2, 3, 4, 5, 6, 7], [0, 1, 2, 3, 4, 5, 6, 7], [0, 1, 2, 3, 4, 5, 6, 7], [0, 1, 2, 3, 4, 5, 6, 7], [0, 1, 2, 3, 4, 5, 6, 7], [0, 1, 2, 3, 4, 5, 6, 7], [0, 1, 2, 3, 4, 5, 6, 7], [0, 1, 2, 3, 4, 5, 6, 7], [0, 1, 2, 3, 4, 5, 6, 7], [0, 1, 2, 3, 4, 5, 6, 7], [0, 1, 2, 3, 4, 5, 6, 7]]",sidecar,True,raster,0
gqa,fullload,FullLoad,1.0,full,n406334,202158855,Which color is this bus?,Yellow,"[""black""]",0.0,612,3,raster,0,fullload,,407.65213349368423,,,652.499545016326,657.1644770447165,44.23077800311148,701.395255047828,1124073472,2176,64,,604.1958355344832,,,1.0,1.0,null,0.0,,1124073472,0,64,0,1124073472,17563648.0,17563648.0,0.0,,,,,null,,,,0
gqa,layout_prefix_chunk,Layout+Prefix,0.25,chunk,n406334,202158855,Which color is this bus?,"The image shows a Handy Bus, which is a type of bus used for","[""black""]",0.0,450,16,raster,0,prefix,0.2013689372688532,173.8274386152625,48.529841704294086,254.28501702845097,40.873639984056354,295.2197069535032,270.9930860437453,566.2127929972485,285212672,512,65,200.123404385522,0.0,8.0,34,0.23529411764705882,0.2537313432835821,"[0.2537313432835821, 0.2537313432835821, 0.2537313432835821, 0.2537313432835821, 0.2537313432835821, 0.2537313432835821, 0.2537313432835821, 0.2537313432835821, 0.2537313432835821, 0.2537313432835821, 0.2537313432835821, 0.2537313432835821, 0.2537313432835821, 0.2537313432835821, 0.2537313432835821, 0.2537313432835821, 0.2537313432835821, 0.2537313432835821, 0.2537313432835821, 0.2537313432835821, 0.2537313432835821, 0.2537313432835821, 0.2537313432835821, 0.2537313432835821, 0.2537313432835821, 0.2537313432835821, 0.2537313432835821, 0.2537313432835821, 0.2537313432835821, 0.2537313432835821, 0.2537313432835821, 0.2537313432835821]",0.0,256,268435456,16777216,64,1,285212672,4387887.261538462,4194304.0,16777216.0,0,0,0,prefix,"[[0, 1, 2, 3, 4, 5, 6, 7], [0, 1, 2, 3, 4, 5, 6, 7], [0, 1, 2, 3, 4, 5, 6, 7], [0, 1, 2, 3, 4, 5, 6, 7], [0, 1, 2, 3, 4, 5, 6, 7], [0, 1, 2, 3, 4, 5, 6, 7], [0, 1, 2, 3, 4, 5, 6, 7], [0, 1, 2, 3, 4, 5, 6, 7], [0, 1, 2, 3, 4, 5, 6, 7], [0, 1, 2, 3, 4, 5, 6, 7], [0, 1, 2, 3, 4, 5, 6, 7], [0, 1, 2, 3, 4, 5, 6, 7], [0, 1, 2, 3, 4, 5, 6, 7], [0, 1, 2, 3, 4, 5, 6, 7], [0, 1, 2, 3, 4, 5, 6, 7], [0, 1, 2, 3, 4, 5, 6, 7], [0, 1, 2, 3, 4, 5, 6, 7], [0, 1, 2, 3, 4, 5, 6, 7], [0, 1, 2, 3, 4, 5, 6, 7], [0, 1, 2, 3, 4, 5, 6, 7], [0, 1, 2, 3, 4, 5, 6, 7], [0, 1, 2, 3, 4, 5, 6, 7], [0, 1, 2, 3, 4, 5, 6, 7], [0, 1, 2, 3, 4, 5, 6, 7], [0, 1, 2, 3, 4, 5, 6, 7], [0, 1, 2, 3, 4, 5, 6, 7], [0, 1, 2, 3, 4, 5, 6, 7], [0, 1, 2, 3, 4, 5, 6, 7], [0, 1, 2, 3, 4, 5, 6, 7], [0, 1, 2, 3, 4, 5, 6, 7], [0, 1, 2, 3, 4, 5, 6, 7], [0, 1, 2, 3, 4, 5, 6, 7]]",sidecar,True,raster,0
gqa,fullload,FullLoad,1.0,full,n302387,201711425,Is the box square and brown?,No,"[""yes""]",0.0,1939,2,raster,0,fullload,,497.55182419903576,,,866.6392409941182,871.745334006846,18.788955989293754,890.5342899961397,1233125376,2368,64,,820.9485951811075,,,1.0,1.0,null,0.0,,1233125376,0,64,0,1233125376,19267584.0,19267584.0,0.0,,,,,null,,,,0
gqa,layout_prefix_chunk,Layout+Prefix,0.25,chunk,n302387,201711425,Is the box square and brown?,The image shows a black cello case sitting on a rug with a suitcase,"[""yes""]",0.0,450,16,raster,0,prefix,0.16043474897742271,156.25837922561914,43.254752294160426,228.60201506409794,34.37877609394491,263.02497810684144,283.84172497317195,546.8667030800134,327155712,576,65,179.79088483843952,0.0,9.0,37,0.24324324324324326,0.2653061224489796,"[0.2653061224489796, 0.2653061224489796, 0.2653061224489796, 0.2653061224489796, 0.2653061224489796, 0.2653061224489796, 0.2653061224489796, 0.2653061224489796, 0.2653061224489796, 0.2653061224489796, 0.2653061224489796, 0.2653061224489796, 0.2653061224489796, 0.2653061224489796, 0.2653061224489796, 0.2653061224489796, 0.2653061224489796, 0.2653061224489796, 0.2653061224489796, 0.2653061224489796, 0.2653061224489796, 0.2653061224489796, 0.2653061224489796, 0.2653061224489796, 0.2653061224489796, 0.2653061224489796, 0.2653061224489796, 0.2653061224489796, 0.2653061224489796, 0.2653061224489796, 0.2653061224489796, 0.2653061224489796]",0.0,288,301989888,25165824,64,1,327155712,5033164.8,4718592.0,25165824.0,0,0,0,prefix,"[[0, 1, 2, 3, 4, 5, 6, 7, 8], [0, 1, 2, 3, 4, 5, 6, 7, 8], [0, 1, 2, 3, 4, 5, 6, 7, 8], [0, 1, 2, 3, 4, 5, 6, 7, 8], [0, 1, 2, 3, 4, 5, 6, 7, 8], [0, 1, 2, 3, 4, 5, 6, 7, 8], [0, 1, 2, 3, 4, 5, 6, 7, 8], [0, 1, 2, 3, 4, 5, 6, 7, 8], [0, 1, 2, 3, 4, 5, 6, 7, 8], [0, 1, 2, 3, 4, 5, 6, 7, 8], [0, 1, 2, 3, 4, 5, 6, 7, 8], [0, 1, 2, 3, 4, 5, 6, 7, 8], [0, 1, 2, 3, 4, 5, 6, 7, 8], [0, 1, 2, 3, 4, 5, 6, 7, 8], [0, 1, 2, 3, 4, 5, 6, 7, 8], [0, 1, 2, 3, 4, 5, 6, 7, 8], [0, 1, 2, 3, 4, 5, 6, 7, 8], [0, 1, 2, 3, 4, 5, 6, 7, 8], [0, 1, 2, 3, 4, 5, 6, 7, 8], [0, 1, 2, 3, 4, 5, 6, 7, 8], [0, 1, 2, 3, 4, 5, 6, 7, 8], [0, 1, 2, 3, 4, 5, 6, 7, 8], [0, 1, 2, 3, 4, 5, 6, 7, 8], [0, 1, 2, 3, 4, 5, 6, 7, 8], [0, 1, 2, 3, 4, 5, 6, 7, 8], [0, 1, 2, 3, 4, 5, 6, 7, 8], [0, 1, 2, 3, 4, 5, 6, 7, 8], [0, 1, 2, 3, 4, 5, 6, 7, 8], [0, 1, 2, 3, 4, 5, 6, 7, 8], [0, 1, 2, 3, 4, 5, 6, 7, 8], [0, 1, 2, 3, 4, 5, 6, 7, 8], [0, 1, 2, 3, 4, 5, 6, 7, 8]]",sidecar,True,raster,0
gqa,fullload,FullLoad,1.0,full,n302387,201711251,Do you see instruments next to the fireplace?,Yes,"[""yes""]",1.0,3869,2,raster,0,fullload,,490.79849221743643,,,848.8427370321006,853.7910990417004,19.449152052402496,873.2402510941029,1233125376,2368,64,,805.7196829468012,,,1.0,1.0,null,0.0,,1233125376,0,64,0,1233125376,19267584.0,19267584.0,0.0,,,,,null,,,,0
gqa,layout_prefix_chunk,Layout+Prefix,0.25,chunk,n302387,201711251,Do you see instruments next to the fireplace?,The image shows a black cello case sitting on a rug next to a fire,"[""yes""]",0.0,450,16,raster,0,prefix,0.24013023357838392,178.32498182542622,54.76190324407071,269.9693569447845,41.99467599391937,312.02887499239296,271.23510802630335,583.2639830186963,327155712,576,65,209.16882087476552,0.0,9.0,37,0.24324324324324326,0.2653061224489796,"[0.2653061224489796, 0.2653061224489796, 0.2653061224489796, 0.2653061224489796, 0.2653061224489796, 0.2653061224489796, 0.2653061224489796, 0.2653061224489796, 0.2653061224489796, 0.2653061224489796, 0.2653061224489796, 0.2653061224489796, 0.2653061224489796, 0.2653061224489796, 0.2653061224489796, 0.2653061224489796, 0.2653061224489796, 0.2653061224489796, 0.2653061224489796, 0.2653061224489796, 0.2653061224489796, 0.2653061224489796, 0.2653061224489796, 0.2653061224489796, 0.2653061224489796, 0.2653061224489796, 0.2653061224489796, 0.2653061224489796, 0.2653061224489796, 0.2653061224489796, 0.2653061224489796, 0.2653061224489796]",0.0,288,301989888,25165824,64,1,327155712,5033164.8,4718592.0,25165824.0,0,0,0,prefix,"[[0, 1, 2, 3, 4, 5, 6, 7, 8], [0, 1, 2, 3, 4, 5, 6, 7, 8], [0, 1, 2, 3, 4, 5, 6, 7, 8], [0, 1, 2, 3, 4, 5, 6, 7, 8], [0, 1, 2, 3, 4, 5, 6, 7, 8], [0, 1, 2, 3, 4, 5, 6, 7, 8], [0, 1, 2, 3, 4, 5, 6, 7, 8], [0, 1, 2, 3, 4, 5, 6, 7, 8], [0, 1, 2, 3, 4, 5, 6, 7, 8], [0, 1, 2, 3, 4, 5, 6, 7, 8], [0, 1, 2, 3, 4, 5, 6, 7, 8], [0, 1, 2, 3, 4, 5, 6, 7, 8], [0, 1, 2, 3, 4, 5, 6, 7, 8], [0, 1, 2, 3, 4, 5, 6, 7, 8], [0, 1, 2, 3, 4, 5, 6, 7, 8], [0, 1, 2, 3, 4, 5, 6, 7, 8], [0, 1, 2, 3, 4, 5, 6, 7, 8], [0, 1, 2, 3, 4, 5, 6, 7, 8], [0, 1, 2, 3, 4, 5, 6, 7, 8], [0, 1, 2, 3, 4, 5, 6, 7, 8], [0, 1, 2, 3, 4, 5, 6, 7, 8], [0, 1, 2, 3, 4, 5, 6, 7, 8], [0, 1, 2, 3, 4, 5, 6, 7, 8], [0, 1, 2, 3, 4, 5, 6, 7, 8], [0, 1, 2, 3, 4, 5, 6, 7, 8], [0, 1, 2, 3, 4, 5, 6, 7, 8], [0, 1, 2, 3, 4, 5, 6, 7, 8], [0, 1, 2, 3, 4, 5, 6, 7, 8], [0, 1, 2, 3, 4, 5, 6, 7, 8], [0, 1, 2, 3, 4, 5, 6, 7, 8], [0, 1, 2, 3, 4, 5, 6, 7, 8], [0, 1, 2, 3, 4, 5, 6, 7, 8]]",sidecar,True,raster,0
gqa,fullload,FullLoad,1.0,full,n302387,201711211,What is this suitcase on?,Rug,"[""rug""]",1.0,390,3,raster,0,fullload,,477.34421701170504,,,825.8903450332582,830.7782879564911,37.26824594195932,868.0465338984504,1233125376,2368,64,,784.4077510526404,,,1.0,1.0,null,0.0,,1233125376,0,64,0,1233125376,19267584.0,19267584.0,0.0,,,,,null,,,,0
gqa,layout_prefix_chunk,Layout+Prefix,0.25,chunk,n302387,201711211,What is this suitcase on?,The image shows a black cello case sitting on a rug with a suitcase,"[""rug""]",0.0,450,16,raster,0,prefix,0.2553409431129694,196.00075285416096,56.122374488040805,290.575650986284,47.711261082440615,338.35154003463686,270.64310293644667,608.9946429710835,327155712,576,65,228.34795841481537,0.0,9.0,37,0.24324324324324326,0.2653061224489796,"[0.2653061224489796, 0.2653061224489796, 0.2653061224489796, 0.2653061224489796, 0.2653061224489796, 0.2653061224489796, 0.2653061224489796, 0.2653061224489796, 0.2653061224489796, 0.2653061224489796, 0.2653061224489796, 0.2653061224489796, 0.2653061224489796, 0.2653061224489796, 0.2653061224489796, 0.2653061224489796, 0.2653061224489796, 0.2653061224489796, 0.2653061224489796, 0.2653061224489796, 0.2653061224489796, 0.2653061224489796, 0.2653061224489796, 0.2653061224489796, 0.2653061224489796, 0.2653061224489796, 0.2653061224489796, 0.2653061224489796, 0.2653061224489796, 0.2653061224489796, 0.2653061224489796, 0.2653061224489796]",0.0,288,301989888,25165824,64,1,327155712,5033164.8,4718592.0,25165824.0,0,0,0,prefix,"[[0, 1, 2, 3, 4, 5, 6, 7, 8], [0, 1, 2, 3, 4, 5, 6, 7, 8], [0, 1, 2, 3, 4, 5, 6, 7, 8], [0, 1, 2, 3, 4, 5, 6, 7, 8], [0, 1, 2, 3, 4, 5, 6, 7, 8], [0, 1, 2, 3, 4, 5, 6, 7, 8], [0, 1, 2, 3, 4, 5, 6, 7, 8], [0, 1, 2, 3, 4, 5, 6, 7, 8], [0, 1, 2, 3, 4, 5, 6, 7, 8], [0, 1, 2, 3, 4, 5, 6, 7, 8], [0, 1, 2, 3, 4, 5, 6, 7, 8], [0, 1, 2, 3, 4, 5, 6, 7, 8], [0, 1, 2, 3, 4, 5, 6, 7, 8], [0, 1, 2, 3, 4, 5, 6, 7, 8], [0, 1, 2, 3, 4, 5, 6, 7, 8], [0, 1, 2, 3, 4, 5, 6, 7, 8], [0, 1, 2, 3, 4, 5, 6, 7, 8], [0, 1, 2, 3, 4, 5, 6, 7, 8], [0, 1, 2, 3, 4, 5, 6, 7, 8], [0, 1, 2, 3, 4, 5, 6, 7, 8], [0, 1, 2, 3, 4, 5, 6, 7, 8], [0, 1, 2, 3, 4, 5, 6, 7, 8], [0, 1, 2, 3, 4, 5, 6, 7, 8], [0, 1, 2, 3, 4, 5, 6, 7, 8], [0, 1, 2, 3, 4, 5, 6, 7, 8], [0, 1, 2, 3, 4, 5, 6, 7, 8], [0, 1, 2, 3, 4, 5, 6, 7, 8], [0, 1, 2, 3, 4, 5, 6, 7, 8], [0, 1, 2, 3, 4, 5, 6, 7, 8], [0, 1, 2, 3, 4, 5, 6, 7, 8], [0, 1, 2, 3, 4, 5, 6, 7, 8], [0, 1, 2, 3, 4, 5, 6, 7, 8]]",sidecar,True,raster,0
gqa,fullload,FullLoad,1.0,full,n302387,201711212,What is the suitcase on?,Rug,"[""rug""]",1.0,390,3,raster,0,fullload,,490.4006472788751,,,826.8894470529631,831.7367540439591,37.69768890924752,869.4344429532066,1233125376,2368,64,,778.4776240587234,,,1.0,1.0,null,0.0,,1233125376,0,64,0,1233125376,19267584.0,19267584.0,0.0,,,,,null,,,,0
gqa,layout_prefix_chunk,Layout+Prefix,0.25,chunk,n302387,201711212,What is the suitcase on?,The image shows a black cello case sitting on a rug with a suitcase,"[""rug""]",0.0,450,16,raster,0,prefix,0.1823724014684558,173.39934967458248,45.90630705934018,249.2740189190954,34.267691895365715,283.584420918487,273.30910705495626,556.8935279734433,327155712,576,65,197.65542401000857,0.0,9.0,37,0.24324324324324326,0.2653061224489796,"[0.2653061224489796, 0.2653061224489796, 0.2653061224489796, 0.2653061224489796, 0.2653061224489796, 0.2653061224489796, 0.2653061224489796, 0.2653061224489796, 0.2653061224489796, 0.2653061224489796, 0.2653061224489796, 0.2653061224489796, 0.2653061224489796, 0.2653061224489796, 0.2653061224489796, 0.2653061224489796, 0.2653061224489796, 0.2653061224489796, 0.2653061224489796, 0.2653061224489796, 0.2653061224489796, 0.2653061224489796, 0.2653061224489796, 0.2653061224489796, 0.2653061224489796, 0.2653061224489796, 0.2653061224489796, 0.2653061224489796, 0.2653061224489796, 0.2653061224489796, 0.2653061224489796, 0.2653061224489796]",0.0,288,301989888,25165824,64,1,327155712,5033164.8,4718592.0,25165824.0,0,0,0,prefix,"[[0, 1, 2, 3, 4, 5, 6, 7, 8], [0, 1, 2, 3, 4, 5, 6, 7, 8], [0, 1, 2, 3, 4, 5, 6, 7, 8], [0, 1, 2, 3, 4, 5, 6, 7, 8], [0, 1, 2, 3, 4, 5, 6, 7, 8], [0, 1, 2, 3, 4, 5, 6, 7, 8], [0, 1, 2, 3, 4, 5, 6, 7, 8], [0, 1, 2, 3, 4, 5, 6, 7, 8], [0, 1, 2, 3, 4, 5, 6, 7, 8], [0, 1, 2, 3, 4, 5, 6, 7, 8], [0, 1, 2, 3, 4, 5, 6, 7, 8], [0, 1, 2, 3, 4, 5, 6, 7, 8], [0, 1, 2, 3, 4, 5, 6, 7, 8], [0, 1, 2, 3, 4, 5, 6, 7, 8], [0, 1, 2, 3, 4, 5, 6, 7, 8], [0, 1, 2, 3, 4, 5, 6, 7, 8], [0, 1, 2, 3, 4, 5, 6, 7, 8], [0, 1, 2, 3, 4, 5, 6, 7, 8], [0, 1, 2, 3, 4, 5, 6, 7, 8], [0, 1, 2, 3, 4, 5, 6, 7, 8], [0, 1, 2, 3, 4, 5, 6, 7, 8], [0, 1, 2, 3, 4, 5, 6, 7, 8], [0, 1, 2, 3, 4, 5, 6, 7, 8], [0, 1, 2, 3, 4, 5, 6, 7, 8], [0, 1, 2, 3, 4, 5, 6, 7, 8], [0, 1, 2, 3, 4, 5, 6, 7, 8], [0, 1, 2, 3, 4, 5, 6, 7, 8], [0, 1, 2, 3, 4, 5, 6, 7, 8], [0, 1, 2, 3, 4, 5, 6, 7, 8], [0, 1, 2, 3, 4, 5, 6, 7, 8], [0, 1, 2, 3, 4, 5, 6, 7, 8], [0, 1, 2, 3, 4, 5, 6, 7, 8]]",sidecar,True,raster,0
gqa,fullload,FullLoad,1.0,full,n302387,201711393,On which side of the picture is the square box?,Left,"[""left""]",1.0,19941,2,raster,0,fullload,,510.9986050520092,,,883.8468890171498,888.686663005501,18.967584939673543,907.6542479451746,1233125376,2368,64,,837.2533908113837,,,1.0,1.0,null,0.0,,1233125376,0,64,0,1233125376,19267584.0,19267584.0,0.0,,,,,null,,,,0
gqa,layout_prefix_chunk,Layout+Prefix,0.25,chunk,n302387,201711393,On which side of the picture is the square box?,"The image shows a black cello case sitting on a rug, with a suit","[""left""]",0.0,450,16,raster,0,prefix,0.15336018986999989,160.06105486303568,43.35183382499963,232.80912602785975,34.586427034810185,267.4406130099669,274.25510704051703,541.6957200504839,327155712,576,65,183.82251833099872,0.0,9.0,37,0.24324324324324326,0.2653061224489796,"[0.2653061224489796, 0.2653061224489796, 0.2653061224489796, 0.2653061224489796, 0.2653061224489796, 0.2653061224489796, 0.2653061224489796, 0.2653061224489796, 0.2653061224489796, 0.2653061224489796, 0.2653061224489796, 0.2653061224489796, 0.2653061224489796, 0.2653061224489796, 0.2653061224489796, 0.2653061224489796, 0.2653061224489796, 0.2653061224489796, 0.2653061224489796, 0.2653061224489796, 0.2653061224489796, 0.2653061224489796, 0.2653061224489796, 0.2653061224489796, 0.2653061224489796, 0.2653061224489796, 0.2653061224489796, 0.2653061224489796, 0.2653061224489796, 0.2653061224489796, 0.2653061224489796, 0.2653061224489796]",0.0,288,301989888,25165824,64,1,327155712,5033164.8,4718592.0,25165824.0,0,0,0,prefix,"[[0, 1, 2, 3, 4, 5, 6, 7, 8], [0, 1, 2, 3, 4, 5, 6, 7, 8], [0, 1, 2, 3, 4, 5, 6, 7, 8], [0, 1, 2, 3, 4, 5, 6, 7, 8], [0, 1, 2, 3, 4, 5, 6, 7, 8], [0, 1, 2, 3, 4, 5, 6, 7, 8], [0, 1, 2, 3, 4, 5, 6, 7, 8], [0, 1, 2, 3, 4, 5, 6, 7, 8], [0, 1, 2, 3, 4, 5, 6, 7, 8], [0, 1, 2, 3, 4, 5, 6, 7, 8], [0, 1, 2, 3, 4, 5, 6, 7, 8], [0, 1, 2, 3, 4, 5, 6, 7, 8], [0, 1, 2, 3, 4, 5, 6, 7, 8], [0, 1, 2, 3, 4, 5, 6, 7, 8], [0, 1, 2, 3, 4, 5, 6, 7, 8], [0, 1, 2, 3, 4, 5, 6, 7, 8], [0, 1, 2, 3, 4, 5, 6, 7, 8], [0, 1, 2, 3, 4, 5, 6, 7, 8], [0, 1, 2, 3, 4, 5, 6, 7, 8], [0, 1, 2, 3, 4, 5, 6, 7, 8], [0, 1, 2, 3, 4, 5, 6, 7, 8], [0, 1, 2, 3, 4, 5, 6, 7, 8], [0, 1, 2, 3, 4, 5, 6, 7, 8], [0, 1, 2, 3, 4, 5, 6, 7, 8], [0, 1, 2, 3, 4, 5, 6, 7, 8], [0, 1, 2, 3, 4, 5, 6, 7, 8], [0, 1, 2, 3, 4, 5, 6, 7, 8], [0, 1, 2, 3, 4, 5, 6, 7, 8], [0, 1, 2, 3, 4, 5, 6, 7, 8], [0, 1, 2, 3, 4, 5, 6, 7, 8], [0, 1, 2, 3, 4, 5, 6, 7, 8], [0, 1, 2, 3, 4, 5, 6, 7, 8]]",sidecar,True,raster,0
gqa,fullload,FullLoad,1.0,full,n302387,201711129,Is the tall shelf on the left?,Yes,"[""yes""]",1.0,3869,2,raster,0,fullload,,473.56079693417996,,,821.2804130744189,826.1372020933777,18.924941890873015,845.0621439842507,1233125376,2368,64,,779.4097542064264,,,1.0,1.0,null,0.0,,1233125376,0,64,0,1233125376,19267584.0,19267584.0,0.0,,,,,null,,,,0
gqa,layout_prefix_chunk,Layout+Prefix,0.25,chunk,n302387,201711129,Is the tall shelf on the left?,"The image shows a black cello case sitting on a rug, with a suit","[""yes""]",0.0,450,16,raster,0,prefix,0.18390698824077845,168.28500491101295,47.36791271716356,246.92018097266555,60.42131793219596,307.40635795518756,286.3393729785457,593.7457309337333,327155712,576,65,193.88257490936667,0.0,9.0,37,0.24324324324324326,0.2653061224489796,"[0.2653061224489796, 0.2653061224489796, 0.2653061224489796, 0.2653061224489796, 0.2653061224489796, 0.2653061224489796, 0.2653061224489796, 0.2653061224489796, 0.2653061224489796, 0.2653061224489796, 0.2653061224489796, 0.2653061224489796, 0.2653061224489796, 0.2653061224489796, 0.2653061224489796, 0.2653061224489796, 0.2653061224489796, 0.2653061224489796, 0.2653061224489796, 0.2653061224489796, 0.2653061224489796, 0.2653061224489796, 0.2653061224489796, 0.2653061224489796, 0.2653061224489796, 0.2653061224489796, 0.2653061224489796, 0.2653061224489796, 0.2653061224489796, 0.2653061224489796, 0.2653061224489796, 0.2653061224489796]",0.0,288,301989888,25165824,64,1,327155712,5033164.8,4718592.0,25165824.0,0,0,0,prefix,"[[0, 1, 2, 3, 4, 5, 6, 7, 8], [0, 1, 2, 3, 4, 5, 6, 7, 8], [0, 1, 2, 3, 4, 5, 6, 7, 8], [0, 1, 2, 3, 4, 5, 6, 7, 8], [0, 1, 2, 3, 4, 5, 6, 7, 8], [0, 1, 2, 3, 4, 5, 6, 7, 8], [0, 1, 2, 3, 4, 5, 6, 7, 8], [0, 1, 2, 3, 4, 5, 6, 7, 8], [0, 1, 2, 3, 4, 5, 6, 7, 8], [0, 1, 2, 3, 4, 5, 6, 7, 8], [0, 1, 2, 3, 4, 5, 6, 7, 8], [0, 1, 2, 3, 4, 5, 6, 7, 8], [0, 1, 2, 3, 4, 5, 6, 7, 8], [0, 1, 2, 3, 4, 5, 6, 7, 8], [0, 1, 2, 3, 4, 5, 6, 7, 8], [0, 1, 2, 3, 4, 5, 6, 7, 8], [0, 1, 2, 3, 4, 5, 6, 7, 8], [0, 1, 2, 3, 4, 5, 6, 7, 8], [0, 1, 2, 3, 4, 5, 6, 7, 8], [0, 1, 2, 3, 4, 5, 6, 7, 8], [0, 1, 2, 3, 4, 5, 6, 7, 8], [0, 1, 2, 3, 4, 5, 6, 7, 8], [0, 1, 2, 3, 4, 5, 6, 7, 8], [0, 1, 2, 3, 4, 5, 6, 7, 8], [0, 1, 2, 3, 4, 5, 6, 7, 8], [0, 1, 2, 3, 4, 5, 6, 7, 8], [0, 1, 2, 3, 4, 5, 6, 7, 8], [0, 1, 2, 3, 4, 5, 6, 7, 8], [0, 1, 2, 3, 4, 5, 6, 7, 8], [0, 1, 2, 3, 4, 5, 6, 7, 8], [0, 1, 2, 3, 4, 5, 6, 7, 8], [0, 1, 2, 3, 4, 5, 6, 7, 8]]",sidecar,True,raster,0
gqa,fullload,FullLoad,1.0,full,n52544,20982174,Is the blouse long sleeved or short sleeved?,Short sleeved,"[""long sleeved""]",0.0,13899,5,raster,0,fullload,,457.01284031383693,,,757.6668229885399,762.5837590312585,73.3402440091595,835.924003040418,1132462080,2176,64,,708.8790100533515,,,1.0,1.0,null,0.0,,1132462080,0,64,0,1132462080,17694720.0,17694720.0,0.0,,,,,null,,,,0
gqa,layout_prefix_chunk,Layout+Prefix,0.25,chunk,n52544,20982174,Is the blouse long sleeved or short sleeved?,Yes,"[""long sleeved""]",0.0,3869,2,raster,0,prefix,0.25266094598919153,179.34673698619008,54.5287070563063,272.61430001817644,40.995026007294655,313.67478310130537,18.3865949511528,332.06137805245817,293601280,512,65,211.49923070333898,0.0,8.0,34,0.23529411764705882,0.25925925925925924,"[0.25925925925925924, 0.25925925925925924, 0.25925925925925924, 0.25925925925925924, 0.25925925925925924, 0.25925925925925924, 0.25925925925925924, 0.25925925925925924, 0.25925925925925924, 0.25925925925925924, 0.25925925925925924, 0.25925925925925924, 0.25925925925925924, 0.25925925925925924, 0.25925925925925924, 0.25925925925925924, 0.25925925925925924, 0.25925925925925924, 0.25925925925925924, 0.25925925925925924, 0.25925925925925924, 0.25925925925925924, 0.25925925925925924, 0.25925925925925924, 0.25925925925925924, 0.25925925925925924, 0.25925925925925924, 0.25925925925925924, 0.25925925925925924, 0.25925925925925924, 0.25925925925925924, 0.25925925925925924]",0.0,256,268435456,25165824,64,1,293601280,4516942.769230769,4194304.0,25165824.0,0,0,0,prefix,"[[0, 1, 2, 3, 4, 5, 6, 7], [0, 1, 2, 3, 4, 5, 6, 7], [0, 1, 2, 3, 4, 5, 6, 7], [0, 1, 2, 3, 4, 5, 6, 7], [0, 1, 2, 3, 4, 5, 6, 7], [0, 1, 2, 3, 4, 5, 6, 7], [0, 1, 2, 3, 4, 5, 6, 7], [0, 1, 2, 3, 4, 5, 6, 7], [0, 1, 2, 3, 4, 5, 6, 7], [0, 1, 2, 3, 4, 5, 6, 7], [0, 1, 2, 3, 4, 5, 6, 7], [0, 1, 2, 3, 4, 5, 6, 7], [0, 1, 2, 3, 4, 5, 6, 7], [0, 1, 2, 3, 4, 5, 6, 7], [0, 1, 2, 3, 4, 5, 6, 7], [0, 1, 2, 3, 4, 5, 6, 7], [0, 1, 2, 3, 4, 5, 6, 7], [0, 1, 2, 3, 4, 5, 6, 7], [0, 1, 2, 3, 4, 5, 6, 7], [0, 1, 2, 3, 4, 5, 6, 7], [0, 1, 2, 3, 4, 5, 6, 7], [0, 1, 2, 3, 4, 5, 6, 7], [0, 1, 2, 3, 4, 5, 6, 7], [0, 1, 2, 3, 4, 5, 6, 7], [0, 1, 2, 3, 4, 5, 6, 7], [0, 1, 2, 3, 4, 5, 6, 7], [0, 1, 2, 3, 4, 5, 6, 7], [0, 1, 2, 3, 4, 5, 6, 7], [0, 1, 2, 3, 4, 5, 6, 7], [0, 1, 2, 3, 4, 5, 6, 7], [0, 1, 2, 3, 4, 5, 6, 7], [0, 1, 2, 3, 4, 5, 6, 7]]",sidecar,True,raster,0
gqa,fullload,FullLoad,1.0,full,n52544,20982179,What color is the blouse?,Black,"[""black""]",1.0,6054,2,raster,0,fullload,,466.9167432002723,,,792.2844990389422,796.9941480550915,18.988766008988023,815.9829140640795,1132462080,2176,64,,741.4987217634916,,,1.0,1.0,null,0.0,,1132462080,0,64,0,1132462080,17694720.0,17694720.0,0.0,,,,,null,,,,0
gqa,layout_prefix_chunk,Layout+Prefix,0.25,chunk,n52544,20982179,What color is the blouse?,"The image shows a group of people gathered around a table, seemingly engaged in","[""black""]",0.0,450,16,raster,0,prefix,0.16384199261665344,150.2590519376099,41.87410383019596,220.0437500141561,35.47065309248865,255.5641020881012,275.24623996578157,530.8103420538828,293601280,512,65,172.56428918335587,0.0,8.0,34,0.23529411764705882,0.25925925925925924,"[0.25925925925925924, 0.25925925925925924, 0.25925925925925924, 0.25925925925925924, 0.25925925925925924, 0.25925925925925924, 0.25925925925925924, 0.25925925925925924, 0.25925925925925924, 0.25925925925925924, 0.25925925925925924, 0.25925925925925924, 0.25925925925925924, 0.25925925925925924, 0.25925925925925924, 0.25925925925925924, 0.25925925925925924, 0.25925925925925924, 0.25925925925925924, 0.25925925925925924, 0.25925925925925924, 0.25925925925925924, 0.25925925925925924, 0.25925925925925924, 0.25925925925925924, 0.25925925925925924, 0.25925925925925924, 0.25925925925925924, 0.25925925925925924, 0.25925925925925924, 0.25925925925925924, 0.25925925925925924]",0.0,256,268435456,25165824,64,1,293601280,4516942.769230769,4194304.0,25165824.0,0,0,0,prefix,"[[0, 1, 2, 3, 4, 5, 6, 7], [0, 1, 2, 3, 4, 5, 6, 7], [0, 1, 2, 3, 4, 5, 6, 7], [0, 1, 2, 3, 4, 5, 6, 7], [0, 1, 2, 3, 4, 5, 6, 7], [0, 1, 2, 3, 4, 5, 6, 7], [0, 1, 2, 3, 4, 5, 6, 7], [0, 1, 2, 3, 4, 5, 6, 7], [0, 1, 2, 3, 4, 5, 6, 7], [0, 1, 2, 3, 4, 5, 6, 7], [0, 1, 2, 3, 4, 5, 6, 7], [0, 1, 2, 3, 4, 5, 6, 7], [0, 1, 2, 3, 4, 5, 6, 7], [0, 1, 2, 3, 4, 5, 6, 7], [0, 1, 2, 3, 4, 5, 6, 7], [0, 1, 2, 3, 4, 5, 6, 7], [0, 1, 2, 3, 4, 5, 6, 7], [0, 1, 2, 3, 4, 5, 6, 7], [0, 1, 2, 3, 4, 5, 6, 7], [0, 1, 2, 3, 4, 5, 6, 7], [0, 1, 2, 3, 4, 5, 6, 7], [0, 1, 2, 3, 4, 5, 6, 7], [0, 1, 2, 3, 4, 5, 6, 7], [0, 1, 2, 3, 4, 5, 6, 7], [0, 1, 2, 3, 4, 5, 6, 7], [0, 1, 2, 3, 4, 5, 6, 7], [0, 1, 2, 3, 4, 5, 6, 7], [0, 1, 2, 3, 4, 5, 6, 7], [0, 1, 2, 3, 4, 5, 6, 7], [0, 1, 2, 3, 4, 5, 6, 7], [0, 1, 2, 3, 4, 5, 6, 7], [0, 1, 2, 3, 4, 5, 6, 7]]",sidecar,True,raster,0
gqa,fullload,FullLoad,1.0,full,n52544,20982540,Where is the woman standing?,Table,"[""table""]",1.0,6137,2,raster,0,fullload,,459.0397159336135,,,791.1799049470574,795.871949987486,18.96721904631704,814.839169033803,1132462080,2176,64,,749.5390162803233,,,1.0,1.0,null,0.0,,1132462080,0,64,0,1132462080,17694720.0,17694720.0,0.0,,,,,null,,,,0
gqa,layout_prefix_chunk,Layout+Prefix,0.25,chunk,n52544,20982540,Where is the woman standing?,"The image shows a group of people gathered around a table, seemingly engaged in","[""table""]",0.0,450,16,raster,0,prefix,0.15301594976335764,146.21948904823512,39.77687330916524,212.93553803116083,34.78660702239722,247.76734004262835,273.7507279962301,521.5180680388585,293601280,512,65,167.8503636503592,0.0,8.0,34,0.23529411764705882,0.25925925925925924,"[0.25925925925925924, 0.25925925925925924, 0.25925925925925924, 0.25925925925925924, 0.25925925925925924, 0.25925925925925924, 0.25925925925925924, 0.25925925925925924, 0.25925925925925924, 0.25925925925925924, 0.25925925925925924, 0.25925925925925924, 0.25925925925925924, 0.25925925925925924, 0.25925925925925924, 0.25925925925925924, 0.25925925925925924, 0.25925925925925924, 0.25925925925925924, 0.25925925925925924, 0.25925925925925924, 0.25925925925925924, 0.25925925925925924, 0.25925925925925924, 0.25925925925925924, 0.25925925925925924, 0.25925925925925924, 0.25925925925925924, 0.25925925925925924, 0.25925925925925924, 0.25925925925925924, 0.25925925925925924]",0.0,256,268435456,25165824,64,1,293601280,4516942.769230769,4194304.0,25165824.0,0,0,0,prefix,"[[0, 1, 2, 3, 4, 5, 6, 7], [0, 1, 2, 3, 4, 5, 6, 7], [0, 1, 2, 3, 4, 5, 6, 7], [0, 1, 2, 3, 4, 5, 6, 7], [0, 1, 2, 3, 4, 5, 6, 7], [0, 1, 2, 3, 4, 5, 6, 7], [0, 1, 2, 3, 4, 5, 6, 7], [0, 1, 2, 3, 4, 5, 6, 7], [0, 1, 2, 3, 4, 5, 6, 7], [0, 1, 2, 3, 4, 5, 6, 7], [0, 1, 2, 3, 4, 5, 6, 7], [0, 1, 2, 3, 4, 5, 6, 7], [0, 1, 2, 3, 4, 5, 6, 7], [0, 1, 2, 3, 4, 5, 6, 7], [0, 1, 2, 3, 4, 5, 6, 7], [0, 1, 2, 3, 4, 5, 6, 7], [0, 1, 2, 3, 4, 5, 6, 7], [0, 1, 2, 3, 4, 5, 6, 7], [0, 1, 2, 3, 4, 5, 6, 7], [0, 1, 2, 3, 4, 5, 6, 7], [0, 1, 2, 3, 4, 5, 6, 7], [0, 1, 2, 3, 4, 5, 6, 7], [0, 1, 2, 3, 4, 5, 6, 7], [0, 1, 2, 3, 4, 5, 6, 7], [0, 1, 2, 3, 4, 5, 6, 7], [0, 1, 2, 3, 4, 5, 6, 7], [0, 1, 2, 3, 4, 5, 6, 7], [0, 1, 2, 3, 4, 5, 6, 7], [0, 1, 2, 3, 4, 5, 6, 7], [0, 1, 2, 3, 4, 5, 6, 7], [0, 1, 2, 3, 4, 5, 6, 7], [0, 1, 2, 3, 4, 5, 6, 7]]",sidecar,True,raster,0
gqa,fullload,FullLoad,1.0,full,n52544,20982544,What kind of furniture is the woman standing at?,Table,"[""table""]",1.0,6137,2,raster,0,fullload,,495.98164029885083,,,845.077806035988,849.7230029897764,19.05395300127566,868.7769559910521,1132462080,2176,64,,790.2778820134699,,,1.0,1.0,null,0.0,,1132462080,0,64,0,1132462080,17694720.0,17694720.0,0.0,,,,,null,,,,0
gqa,layout_prefix_chunk,Layout+Prefix,0.25,chunk,n52544,20982544,What kind of furniture is the woman standing at?,"The image shows a group of people gathered around a table, seemingly engaged in","[""table""]",0.0,450,16,raster,0,prefix,0.1805929932743311,150.72362241335213,43.36606047581881,223.39791397098452,51.20401794556528,274.6621170081198,275.7813719799742,550.443488988094,293601280,512,65,174.5480557437986,0.0,8.0,34,0.23529411764705882,0.25925925925925924,"[0.25925925925925924, 0.25925925925925924, 0.25925925925925924, 0.25925925925925924, 0.25925925925925924, 0.25925925925925924, 0.25925925925925924, 0.25925925925925924, 0.25925925925925924, 0.25925925925925924, 0.25925925925925924, 0.25925925925925924, 0.25925925925925924, 0.25925925925925924, 0.25925925925925924, 0.25925925925925924, 0.25925925925925924, 0.25925925925925924, 0.25925925925925924, 0.25925925925925924, 0.25925925925925924, 0.25925925925925924, 0.25925925925925924, 0.25925925925925924, 0.25925925925925924, 0.25925925925925924, 0.25925925925925924, 0.25925925925925924, 0.25925925925925924, 0.25925925925925924, 0.25925925925925924, 0.25925925925925924]",0.0,256,268435456,25165824,64,1,293601280,4516942.769230769,4194304.0,25165824.0,0,0,0,prefix,"[[0, 1, 2, 3, 4, 5, 6, 7], [0, 1, 2, 3, 4, 5, 6, 7], [0, 1, 2, 3, 4, 5, 6, 7], [0, 1, 2, 3, 4, 5, 6, 7], [0, 1, 2, 3, 4, 5, 6, 7], [0, 1, 2, 3, 4, 5, 6, 7], [0, 1, 2, 3, 4, 5, 6, 7], [0, 1, 2, 3, 4, 5, 6, 7], [0, 1, 2, 3, 4, 5, 6, 7], [0, 1, 2, 3, 4, 5, 6, 7], [0, 1, 2, 3, 4, 5, 6, 7], [0, 1, 2, 3, 4, 5, 6, 7], [0, 1, 2, 3, 4, 5, 6, 7], [0, 1, 2, 3, 4, 5, 6, 7], [0, 1, 2, 3, 4, 5, 6, 7], [0, 1, 2, 3, 4, 5, 6, 7], [0, 1, 2, 3, 4, 5, 6, 7], [0, 1, 2, 3, 4, 5, 6, 7], [0, 1, 2, 3, 4, 5, 6, 7], [0, 1, 2, 3, 4, 5, 6, 7], [0, 1, 2, 3, 4, 5, 6, 7], [0, 1, 2, 3, 4, 5, 6, 7], [0, 1, 2, 3, 4, 5, 6, 7], [0, 1, 2, 3, 4, 5, 6, 7], [0, 1, 2, 3, 4, 5, 6, 7], [0, 1, 2, 3, 4, 5, 6, 7], [0, 1, 2, 3, 4, 5, 6, 7], [0, 1, 2, 3, 4, 5, 6, 7], [0, 1, 2, 3, 4, 5, 6, 7], [0, 1, 2, 3, 4, 5, 6, 7], [0, 1, 2, 3, 4, 5, 6, 7], [0, 1, 2, 3, 4, 5, 6, 7]]",sidecar,True,raster,0
gqa,fullload,FullLoad,1.0,full,n52544,20982158,Which kind of clothing is long sleeved?,Sweater,"[""blouse""]",0.0,317,4,raster,0,fullload,,444.519373239018,,,812.0516020571813,816.7199119925499,56.63014203310013,873.35005402565,1132462080,2176,64,,761.5471456665546,,,1.0,1.0,null,0.0,,1132462080,0,64,0,1132462080,17694720.0,17694720.0,0.0,,,,,null,,,,0
gqa,layout_prefix_chunk,Layout+Prefix,0.25,chunk,n52544,20982158,Which kind of clothing is long sleeved?,"The image shows a group of people gathered around a table, seemingly engaged in","[""blouse""]",0.0,450,16,raster,0,prefix,0.20831706933677197,163.65087241865695,50.83723715506494,248.24177497066557,46.75271501764655,295.0567730003968,270.25041298475116,565.307185985148,293601280,512,65,191.7859629029408,0.0,8.0,34,0.23529411764705882,0.25925925925925924,"[0.25925925925925924, 0.25925925925925924, 0.25925925925925924, 0.25925925925925924, 0.25925925925925924, 0.25925925925925924, 0.25925925925925924, 0.25925925925925924, 0.25925925925925924, 0.25925925925925924, 0.25925925925925924, 0.25925925925925924, 0.25925925925925924, 0.25925925925925924, 0.25925925925925924, 0.25925925925925924, 0.25925925925925924, 0.25925925925925924, 0.25925925925925924, 0.25925925925925924, 0.25925925925925924, 0.25925925925925924, 0.25925925925925924, 0.25925925925925924, 0.25925925925925924, 0.25925925925925924, 0.25925925925925924, 0.25925925925925924, 0.25925925925925924, 0.25925925925925924, 0.25925925925925924, 0.25925925925925924]",0.0,256,268435456,25165824,64,1,293601280,4516942.769230769,4194304.0,25165824.0,0,0,0,prefix,"[[0, 1, 2, 3, 4, 5, 6, 7], [0, 1, 2, 3, 4, 5, 6, 7], [0, 1, 2, 3, 4, 5, 6, 7], [0, 1, 2, 3, 4, 5, 6, 7], [0, 1, 2, 3, 4, 5, 6, 7], [0, 1, 2, 3, 4, 5, 6, 7], [0, 1, 2, 3, 4, 5, 6, 7], [0, 1, 2, 3, 4, 5, 6, 7], [0, 1, 2, 3, 4, 5, 6, 7], [0, 1, 2, 3, 4, 5, 6, 7], [0, 1, 2, 3, 4, 5, 6, 7], [0, 1, 2, 3, 4, 5, 6, 7], [0, 1, 2, 3, 4, 5, 6, 7], [0, 1, 2, 3, 4, 5, 6, 7], [0, 1, 2, 3, 4, 5, 6, 7], [0, 1, 2, 3, 4, 5, 6, 7], [0, 1, 2, 3, 4, 5, 6, 7], [0, 1, 2, 3, 4, 5, 6, 7], [0, 1, 2, 3, 4, 5, 6, 7], [0, 1, 2, 3, 4, 5, 6, 7], [0, 1, 2, 3, 4, 5, 6, 7], [0, 1, 2, 3, 4, 5, 6, 7], [0, 1, 2, 3, 4, 5, 6, 7], [0, 1, 2, 3, 4, 5, 6, 7], [0, 1, 2, 3, 4, 5, 6, 7], [0, 1, 2, 3, 4, 5, 6, 7], [0, 1, 2, 3, 4, 5, 6, 7], [0, 1, 2, 3, 4, 5, 6, 7], [0, 1, 2, 3, 4, 5, 6, 7], [0, 1, 2, 3, 4, 5, 6, 7], [0, 1, 2, 3, 4, 5, 6, 7], [0, 1, 2, 3, 4, 5, 6, 7]]",sidecar,True,raster,0
gqa,fullload,FullLoad,1.0,full,n52544,20982135,Is the blouse different in color than the name tag?,Yes,"[""yes""]",1.0,3869,2,raster,0,fullload,,486.6858522873372,,,821.9526630127802,826.5866100555286,29.878978966735303,856.4655890222639,1132462080,2176,64,,769.4723099702969,,,1.0,1.0,null,0.0,,1132462080,0,64,0,1132462080,17694720.0,17694720.0,0.0,,,,,null,,,,0
gqa,layout_prefix_chunk,Layout+Prefix,0.25,chunk,n52544,20982135,Is the blouse different in color than the name tag?,"The image shows a group of people gathered around a table, seemingly engaged in","[""yes""]",0.0,450,16,raster,0,prefix,0.2260500332340598,160.3764450410381,51.69949901755899,244.43124700337648,43.066894984804094,287.54450497217476,272.0553010003641,559.5998059725389,293601280,512,65,186.97775690816343,0.0,8.0,34,0.23529411764705882,0.25925925925925924,"[0.25925925925925924, 0.25925925925925924, 0.25925925925925924, 0.25925925925925924, 0.25925925925925924, 0.25925925925925924, 0.25925925925925924, 0.25925925925925924, 0.25925925925925924, 0.25925925925925924, 0.25925925925925924, 0.25925925925925924, 0.25925925925925924, 0.25925925925925924, 0.25925925925925924, 0.25925925925925924, 0.25925925925925924, 0.25925925925925924, 0.25925925925925924, 0.25925925925925924, 0.25925925925925924, 0.25925925925925924, 0.25925925925925924, 0.25925925925925924, 0.25925925925925924, 0.25925925925925924, 0.25925925925925924, 0.25925925925925924, 0.25925925925925924, 0.25925925925925924, 0.25925925925925924, 0.25925925925925924]",0.0,256,268435456,25165824,64,1,293601280,4516942.769230769,4194304.0,25165824.0,0,0,0,prefix,"[[0, 1, 2, 3, 4, 5, 6, 7], [0, 1, 2, 3, 4, 5, 6, 7], [0, 1, 2, 3, 4, 5, 6, 7], [0, 1, 2, 3, 4, 5, 6, 7], [0, 1, 2, 3, 4, 5, 6, 7], [0, 1, 2, 3, 4, 5, 6, 7], [0, 1, 2, 3, 4, 5, 6, 7], [0, 1, 2, 3, 4, 5, 6, 7], [0, 1, 2, 3, 4, 5, 6, 7], [0, 1, 2, 3, 4, 5, 6, 7], [0, 1, 2, 3, 4, 5, 6, 7], [0, 1, 2, 3, 4, 5, 6, 7], [0, 1, 2, 3, 4, 5, 6, 7], [0, 1, 2, 3, 4, 5, 6, 7], [0, 1, 2, 3, 4, 5, 6, 7], [0, 1, 2, 3, 4, 5, 6, 7], [0, 1, 2, 3, 4, 5, 6, 7], [0, 1, 2, 3, 4, 5, 6, 7], [0, 1, 2, 3, 4, 5, 6, 7], [0, 1, 2, 3, 4, 5, 6, 7], [0, 1, 2, 3, 4, 5, 6, 7], [0, 1, 2, 3, 4, 5, 6, 7], [0, 1, 2, 3, 4, 5, 6, 7], [0, 1, 2, 3, 4, 5, 6, 7], [0, 1, 2, 3, 4, 5, 6, 7], [0, 1, 2, 3, 4, 5, 6, 7], [0, 1, 2, 3, 4, 5, 6, 7], [0, 1, 2, 3, 4, 5, 6, 7], [0, 1, 2, 3, 4, 5, 6, 7], [0, 1, 2, 3, 4, 5, 6, 7], [0, 1, 2, 3, 4, 5, 6, 7], [0, 1, 2, 3, 4, 5, 6, 7]]",sidecar,True,raster,0
gqa,fullload,FullLoad,1.0,full,n540852,20119029,Is the happy man below the umbrella the woman is holding?,Yes,"[""yes""]",1.0,3869,2,raster,0,fullload,,553.8135671522468,,,878.5642059519887,883.8672939455137,19.2468500463292,903.1141439918429,1384120320,2688,64,,826.3206239789724,,,1.0,1.0,null,0.0,,1384120320,0,64,0,1384120320,21626880.0,21626880.0,0.0,,,,,null,,,,0
gqa,layout_prefix_chunk,Layout+Prefix,0.25,chunk,n540852,20119029,Is the happy man below the umbrella the woman is holding?,"The image shows a group of people walking together, some of whom are holding um","[""yes""]",0.0,450,16,raster,0,prefix,0.23309967946261168,175.9180217050016,53.60705580096692,266.27748005557805,46.006373944692314,312.3460339847952,271.4008999755606,583.7469339603558,360710144,640,65,206.42990607302636,0.0,10.0,42,0.23809523809523808,0.26022727272727275,"[0.26022727272727275, 0.26022727272727275, 0.26022727272727275, 0.26022727272727275, 0.26022727272727275, 0.26022727272727275, 0.26022727272727275, 0.26022727272727275, 0.26022727272727275, 0.26022727272727275, 0.26022727272727275, 0.26022727272727275, 0.26022727272727275, 0.26022727272727275, 0.26022727272727275, 0.26022727272727275, 0.26022727272727275, 0.26022727272727275, 0.26022727272727275, 0.26022727272727275, 0.26022727272727275, 0.26022727272727275, 0.26022727272727275, 0.26022727272727275, 0.26022727272727275, 0.26022727272727275, 0.26022727272727275, 0.26022727272727275, 0.26022727272727275, 0.26022727272727275, 0.26022727272727275, 0.26022727272727275]",0.0,320,335544320,25165824,64,1,360710144,5549386.830769231,5242880.0,25165824.0,0,0,0,prefix,"[[0, 1, 2, 3, 4, 5, 6, 7, 8, 9], [0, 1, 2, 3, 4, 5, 6, 7, 8, 9], [0, 1, 2, 3, 4, 5, 6, 7, 8, 9], [0, 1, 2, 3, 4, 5, 6, 7, 8, 9], [0, 1, 2, 3, 4, 5, 6, 7, 8, 9], [0, 1, 2, 3, 4, 5, 6, 7, 8, 9], [0, 1, 2, 3, 4, 5, 6, 7, 8, 9], [0, 1, 2, 3, 4, 5, 6, 7, 8, 9], [0, 1, 2, 3, 4, 5, 6, 7, 8, 9], [0, 1, 2, 3, 4, 5, 6, 7, 8, 9], [0, 1, 2, 3, 4, 5, 6, 7, 8, 9], [0, 1, 2, 3, 4, 5, 6, 7, 8, 9], [0, 1, 2, 3, 4, 5, 6, 7, 8, 9], [0, 1, 2, 3, 4, 5, 6, 7, 8, 9], [0, 1, 2, 3, 4, 5, 6, 7, 8, 9], [0, 1, 2, 3, 4, 5, 6, 7, 8, 9], [0, 1, 2, 3, 4, 5, 6, 7, 8, 9], [0, 1, 2, 3, 4, 5, 6, 7, 8, 9], [0, 1, 2, 3, 4, 5, 6, 7, 8, 9], [0, 1, 2, 3, 4, 5, 6, 7, 8, 9], [0, 1, 2, 3, 4, 5, 6, 7, 8, 9], [0, 1, 2, 3, 4, 5, 6, 7, 8, 9], [0, 1, 2, 3, 4, 5, 6, 7, 8, 9], [0, 1, 2, 3, 4, 5, 6, 7, 8, 9], [0, 1, 2, 3, 4, 5, 6, 7, 8, 9], [0, 1, 2, 3, 4, 5, 6, 7, 8, 9], [0, 1, 2, 3, 4, 5, 6, 7, 8, 9], [0, 1, 2, 3, 4, 5, 6, 7, 8, 9], [0, 1, 2, 3, 4, 5, 6, 7, 8, 9], [0, 1, 2, 3, 4, 5, 6, 7, 8, 9], [0, 1, 2, 3, 4, 5, 6, 7, 8, 9], [0, 1, 2, 3, 4, 5, 6, 7, 8, 9]]",sidecar,True,raster,0
gqa,fullload,FullLoad,1.0,full,n540852,20119041,Who in the image is walking?,People,"[""woman""]",0.0,11647,2,raster,0,fullload,,661.411602050066,,,1140.1649059262127,1145.433185971342,21.542079048231244,1166.9752650195733,1384120320,2688,64,,1082.4401653371751,,,1.0,1.0,null,0.0,,1384120320,0,64,0,1384120320,21626880.0,21626880.0,0.0,,,,,null,,,,0
gqa,layout_prefix_chunk,Layout+Prefix,0.25,chunk,n540852,20119041,Who in the image is walking?,The image is a black and white photograph of a group of people walking together.,"[""woman""]",0.0,450,16,raster,0,prefix,0.20732323173433542,136.7562647210434,49.66538702137768,220.5014699138701,44.98496896121651,265.5379439238459,269.73449904471636,535.2724429685622,360710144,640,65,164.61654123850167,0.0,10.0,42,0.23809523809523808,0.26022727272727275,"[0.26022727272727275, 0.26022727272727275, 0.26022727272727275, 0.26022727272727275, 0.26022727272727275, 0.26022727272727275, 0.26022727272727275, 0.26022727272727275, 0.26022727272727275, 0.26022727272727275, 0.26022727272727275, 0.26022727272727275, 0.26022727272727275, 0.26022727272727275, 0.26022727272727275, 0.26022727272727275, 0.26022727272727275, 0.26022727272727275, 0.26022727272727275, 0.26022727272727275, 0.26022727272727275, 0.26022727272727275, 0.26022727272727275, 0.26022727272727275, 0.26022727272727275, 0.26022727272727275, 0.26022727272727275, 0.26022727272727275, 0.26022727272727275, 0.26022727272727275, 0.26022727272727275, 0.26022727272727275]",0.0,320,335544320,25165824,64,1,360710144,5549386.830769231,5242880.0,25165824.0,0,0,0,prefix,"[[0, 1, 2, 3, 4, 5, 6, 7, 8, 9], [0, 1, 2, 3, 4, 5, 6, 7, 8, 9], [0, 1, 2, 3, 4, 5, 6, 7, 8, 9], [0, 1, 2, 3, 4, 5, 6, 7, 8, 9], [0, 1, 2, 3, 4, 5, 6, 7, 8, 9], [0, 1, 2, 3, 4, 5, 6, 7, 8, 9], [0, 1, 2, 3, 4, 5, 6, 7, 8, 9], [0, 1, 2, 3, 4, 5, 6, 7, 8, 9], [0, 1, 2, 3, 4, 5, 6, 7, 8, 9], [0, 1, 2, 3, 4, 5, 6, 7, 8, 9], [0, 1, 2, 3, 4, 5, 6, 7, 8, 9], [0, 1, 2, 3, 4, 5, 6, 7, 8, 9], [0, 1, 2, 3, 4, 5, 6, 7, 8, 9], [0, 1, 2, 3, 4, 5, 6, 7, 8, 9], [0, 1, 2, 3, 4, 5, 6, 7, 8, 9], [0, 1, 2, 3, 4, 5, 6, 7, 8, 9], [0, 1, 2, 3, 4, 5, 6, 7, 8, 9], [0, 1, 2, 3, 4, 5, 6, 7, 8, 9], [0, 1, 2, 3, 4, 5, 6, 7, 8, 9], [0, 1, 2, 3, 4, 5, 6, 7, 8, 9], [0, 1, 2, 3, 4, 5, 6, 7, 8, 9], [0, 1, 2, 3, 4, 5, 6, 7, 8, 9], [0, 1, 2, 3, 4, 5, 6, 7, 8, 9], [0, 1, 2, 3, 4, 5, 6, 7, 8, 9], [0, 1, 2, 3, 4, 5, 6, 7, 8, 9], [0, 1, 2, 3, 4, 5, 6, 7, 8, 9], [0, 1, 2, 3, 4, 5, 6, 7, 8, 9], [0, 1, 2, 3, 4, 5, 6, 7, 8, 9], [0, 1, 2, 3, 4, 5, 6, 7, 8, 9], [0, 1, 2, 3, 4, 5, 6, 7, 8, 9], [0, 1, 2, 3, 4, 5, 6, 7, 8, 9], [0, 1, 2, 3, 4, 5, 6, 7, 8, 9]]",sidecar,True,raster,0
gqa,fullload,FullLoad,1.0,full,n540852,20119067,Is the man that is to the right of the woman wearing a suit?,Yes,"[""yes""]",1.0,3869,2,raster,0,fullload,,564.9023810401559,,,894.699229975231,899.9095080653206,19.517377950251102,919.4268860155717,1384120320,2688,64,,842.7579232957214,,,1.0,1.0,null,0.0,,1384120320,0,64,0,1384120320,21626880.0,21626880.0,0.0,,,,,null,,,,0
gqa,layout_prefix_chunk,Layout+Prefix,0.25,chunk,n540852,20119067,Is the man that is to the right of the woman wearing a suit?,The image you've provided is a black and white photograph of a group of,"[""yes""]",0.0,450,16,raster,0,prefix,0.16093708109110594,163.79276069346815,46.865956857800484,239.65034703724086,35.94404796604067,275.63894900958985,273.98527099285275,549.6242200024426,360710144,640,65,186.92621495574713,0.0,10.0,42,0.23809523809523808,0.26022727272727275,"[0.26022727272727275, 0.26022727272727275, 0.26022727272727275, 0.26022727272727275, 0.26022727272727275, 0.26022727272727275, 0.26022727272727275, 0.26022727272727275, 0.26022727272727275, 0.26022727272727275, 0.26022727272727275, 0.26022727272727275, 0.26022727272727275, 0.26022727272727275, 0.26022727272727275, 0.26022727272727275, 0.26022727272727275, 0.26022727272727275, 0.26022727272727275, 0.26022727272727275, 0.26022727272727275, 0.26022727272727275, 0.26022727272727275, 0.26022727272727275, 0.26022727272727275, 0.26022727272727275, 0.26022727272727275, 0.26022727272727275, 0.26022727272727275, 0.26022727272727275, 0.26022727272727275, 0.26022727272727275]",0.0,320,335544320,25165824,64,1,360710144,5549386.830769231,5242880.0,25165824.0,0,0,0,prefix,"[[0, 1, 2, 3, 4, 5, 6, 7, 8, 9], [0, 1, 2, 3, 4, 5, 6, 7, 8, 9], [0, 1, 2, 3, 4, 5, 6, 7, 8, 9], [0, 1, 2, 3, 4, 5, 6, 7, 8, 9], [0, 1, 2, 3, 4, 5, 6, 7, 8, 9], [0, 1, 2, 3, 4, 5, 6, 7, 8, 9], [0, 1, 2, 3, 4, 5, 6, 7, 8, 9], [0, 1, 2, 3, 4, 5, 6, 7, 8, 9], [0, 1, 2, 3, 4, 5, 6, 7, 8, 9], [0, 1, 2, 3, 4, 5, 6, 7, 8, 9], [0, 1, 2, 3, 4, 5, 6, 7, 8, 9], [0, 1, 2, 3, 4, 5, 6, 7, 8, 9], [0, 1, 2, 3, 4, 5, 6, 7, 8, 9], [0, 1, 2, 3, 4, 5, 6, 7, 8, 9], [0, 1, 2, 3, 4, 5, 6, 7, 8, 9], [0, 1, 2, 3, 4, 5, 6, 7, 8, 9], [0, 1, 2, 3, 4, 5, 6, 7, 8, 9], [0, 1, 2, 3, 4, 5, 6, 7, 8, 9], [0, 1, 2, 3, 4, 5, 6, 7, 8, 9], [0, 1, 2, 3, 4, 5, 6, 7, 8, 9], [0, 1, 2, 3, 4, 5, 6, 7, 8, 9], [0, 1, 2, 3, 4, 5, 6, 7, 8, 9], [0, 1, 2, 3, 4, 5, 6, 7, 8, 9], [0, 1, 2, 3, 4, 5, 6, 7, 8, 9], [0, 1, 2, 3, 4, 5, 6, 7, 8, 9], [0, 1, 2, 3, 4, 5, 6, 7, 8, 9], [0, 1, 2, 3, 4, 5, 6, 7, 8, 9], [0, 1, 2, 3, 4, 5, 6, 7, 8, 9], [0, 1, 2, 3, 4, 5, 6, 7, 8, 9], [0, 1, 2, 3, 4, 5, 6, 7, 8, 9], [0, 1, 2, 3, 4, 5, 6, 7, 8, 9], [0, 1, 2, 3, 4, 5, 6, 7, 8, 9]]",sidecar,True,raster,0
gqa,fullload,FullLoad,1.0,full,n540852,20119066,The man to the right of the woman is wearing what?,Suit,"[""suit""]",1.0,2166,3,raster,0,fullload,,517.5978058250621,,,811.9644499383867,817.1488859225065,37.13329206220806,854.2821779847145,1384120320,2688,64,,763.9646447496489,,,1.0,1.0,null,0.0,,1384120320,0,64,0,1384120320,21626880.0,21626880.0,0.0,,,,,null,,,,0
gqa,layout_prefix_chunk,Layout+Prefix,0.25,chunk,n540852,20119066,The man to the right of the woman is wearing what?,The image you've provided is a black and white photograph of a group of,"[""suit""]",0.0,450,16,raster,0,prefix,0.2950174966827035,209.83862248249352,62.07647919654846,316.20751810260117,41.13073903135955,357.40011709276587,271.2601349921897,628.6602520849556,360710144,640,65,247.39525420591235,0.0,10.0,42,0.23809523809523808,0.26022727272727275,"[0.26022727272727275, 0.26022727272727275, 0.26022727272727275, 0.26022727272727275, 0.26022727272727275, 0.26022727272727275, 0.26022727272727275, 0.26022727272727275, 0.26022727272727275, 0.26022727272727275, 0.26022727272727275, 0.26022727272727275, 0.26022727272727275, 0.26022727272727275, 0.26022727272727275, 0.26022727272727275, 0.26022727272727275, 0.26022727272727275, 0.26022727272727275, 0.26022727272727275, 0.26022727272727275, 0.26022727272727275, 0.26022727272727275, 0.26022727272727275, 0.26022727272727275, 0.26022727272727275, 0.26022727272727275, 0.26022727272727275, 0.26022727272727275, 0.26022727272727275, 0.26022727272727275, 0.26022727272727275]",0.0,320,335544320,25165824,64,1,360710144,5549386.830769231,5242880.0,25165824.0,0,0,0,prefix,"[[0, 1, 2, 3, 4, 5, 6, 7, 8, 9], [0, 1, 2, 3, 4, 5, 6, 7, 8, 9], [0, 1, 2, 3, 4, 5, 6, 7, 8, 9], [0, 1, 2, 3, 4, 5, 6, 7, 8, 9], [0, 1, 2, 3, 4, 5, 6, 7, 8, 9], [0, 1, 2, 3, 4, 5, 6, 7, 8, 9], [0, 1, 2, 3, 4, 5, 6, 7, 8, 9], [0, 1, 2, 3, 4, 5, 6, 7, 8, 9], [0, 1, 2, 3, 4, 5, 6, 7, 8, 9], [0, 1, 2, 3, 4, 5, 6, 7, 8, 9], [0, 1, 2, 3, 4, 5, 6, 7, 8, 9], [0, 1, 2, 3, 4, 5, 6, 7, 8, 9], [0, 1, 2, 3, 4, 5, 6, 7, 8, 9], [0, 1, 2, 3, 4, 5, 6, 7, 8, 9], [0, 1, 2, 3, 4, 5, 6, 7, 8, 9], [0, 1, 2, 3, 4, 5, 6, 7, 8, 9], [0, 1, 2, 3, 4, 5, 6, 7, 8, 9], [0, 1, 2, 3, 4, 5, 6, 7, 8, 9], [0, 1, 2, 3, 4, 5, 6, 7, 8, 9], [0, 1, 2, 3, 4, 5, 6, 7, 8, 9], [0, 1, 2, 3, 4, 5, 6, 7, 8, 9], [0, 1, 2, 3, 4, 5, 6, 7, 8, 9], [0, 1, 2, 3, 4, 5, 6, 7, 8, 9], [0, 1, 2, 3, 4, 5, 6, 7, 8, 9], [0, 1, 2, 3, 4, 5, 6, 7, 8, 9], [0, 1, 2, 3, 4, 5, 6, 7, 8, 9], [0, 1, 2, 3, 4, 5, 6, 7, 8, 9], [0, 1, 2, 3, 4, 5, 6, 7, 8, 9], [0, 1, 2, 3, 4, 5, 6, 7, 8, 9], [0, 1, 2, 3, 4, 5, 6, 7, 8, 9], [0, 1, 2, 3, 4, 5, 6, 7, 8, 9], [0, 1, 2, 3, 4, 5, 6, 7, 8, 9]]",sidecar,True,raster,0
gqa,fullload,FullLoad,1.0,full,n540852,20119174,What is the umbrella to the right of the other umbrella made of?,Plastic,"[""plastic""]",1.0,1858,3,raster,0,fullload,,508.63431475590914,,,786.3856699550524,791.6840909747407,37.87177603226155,829.5558670070022,1384120320,2688,64,,741.0353150917217,,,1.0,1.0,null,0.0,,1384120320,0,64,0,1384120320,21626880.0,21626880.0,0.0,,,,,null,,,,0
gqa,layout_prefix_chunk,Layout+Prefix,0.25,chunk,n540852,20119174,What is the umbrella to the right of the other umbrella made of?,The image you've provided is a black and white photograph of a group of,"[""plastic""]",0.0,450,16,raster,0,prefix,0.28793199453502893,180.3425708785653,61.80474802386016,283.51574193220586,42.775365989655256,326.35360199492425,271.4747549034655,597.8283568983898,360710144,640,65,215.17052070703357,0.0,10.0,42,0.23809523809523808,0.26022727272727275,"[0.26022727272727275, 0.26022727272727275, 0.26022727272727275, 0.26022727272727275, 0.26022727272727275, 0.26022727272727275, 0.26022727272727275, 0.26022727272727275, 0.26022727272727275, 0.26022727272727275, 0.26022727272727275, 0.26022727272727275, 0.26022727272727275, 0.26022727272727275, 0.26022727272727275, 0.26022727272727275, 0.26022727272727275, 0.26022727272727275, 0.26022727272727275, 0.26022727272727275, 0.26022727272727275, 0.26022727272727275, 0.26022727272727275, 0.26022727272727275, 0.26022727272727275, 0.26022727272727275, 0.26022727272727275, 0.26022727272727275, 0.26022727272727275, 0.26022727272727275, 0.26022727272727275, 0.26022727272727275]",0.0,320,335544320,25165824,64,1,360710144,5549386.830769231,5242880.0,25165824.0,0,0,0,prefix,"[[0, 1, 2, 3, 4, 5, 6, 7, 8, 9], [0, 1, 2, 3, 4, 5, 6, 7, 8, 9], [0, 1, 2, 3, 4, 5, 6, 7, 8, 9], [0, 1, 2, 3, 4, 5, 6, 7, 8, 9], [0, 1, 2, 3, 4, 5, 6, 7, 8, 9], [0, 1, 2, 3, 4, 5, 6, 7, 8, 9], [0, 1, 2, 3, 4, 5, 6, 7, 8, 9], [0, 1, 2, 3, 4, 5, 6, 7, 8, 9], [0, 1, 2, 3, 4, 5, 6, 7, 8, 9], [0, 1, 2, 3, 4, 5, 6, 7, 8, 9], [0, 1, 2, 3, 4, 5, 6, 7, 8, 9], [0, 1, 2, 3, 4, 5, 6, 7, 8, 9], [0, 1, 2, 3, 4, 5, 6, 7, 8, 9], [0, 1, 2, 3, 4, 5, 6, 7, 8, 9], [0, 1, 2, 3, 4, 5, 6, 7, 8, 9], [0, 1, 2, 3, 4, 5, 6, 7, 8, 9], [0, 1, 2, 3, 4, 5, 6, 7, 8, 9], [0, 1, 2, 3, 4, 5, 6, 7, 8, 9], [0, 1, 2, 3, 4, 5, 6, 7, 8, 9], [0, 1, 2, 3, 4, 5, 6, 7, 8, 9], [0, 1, 2, 3, 4, 5, 6, 7, 8, 9], [0, 1, 2, 3, 4, 5, 6, 7, 8, 9], [0, 1, 2, 3, 4, 5, 6, 7, 8, 9], [0, 1, 2, 3, 4, 5, 6, 7, 8, 9], [0, 1, 2, 3, 4, 5, 6, 7, 8, 9], [0, 1, 2, 3, 4, 5, 6, 7, 8, 9], [0, 1, 2, 3, 4, 5, 6, 7, 8, 9], [0, 1, 2, 3, 4, 5, 6, 7, 8, 9], [0, 1, 2, 3, 4, 5, 6, 7, 8, 9], [0, 1, 2, 3, 4, 5, 6, 7, 8, 9], [0, 1, 2, 3, 4, 5, 6, 7, 8, 9], [0, 1, 2, 3, 4, 5, 6, 7, 8, 9]]",sidecar,True,raster,0
gqa,fullload,FullLoad,1.0,full,n540852,20119135,Is the umbrella in the bottom part of the photo?,No,"[""no""]",1.0,1939,2,raster,0,fullload,,503.7881917087361,,,793.7699949834496,798.9248300436884,19.233939005061984,818.1587690487504,1384120320,2688,64,,747.9678802192211,,,1.0,1.0,null,0.0,,1384120320,0,64,0,1384120320,21626880.0,21626880.0,0.0,,,,,null,,,,0
gqa,layout_prefix_chunk,Layout+Prefix,0.25,chunk,n540852,20119135,Is the umbrella in the bottom part of the photo?,"The image shows a group of people walking together, some of whom are holding um","[""no""]",0.0,450,16,raster,0,prefix,0.2744370140135288,182.28511011693627,58.921223622746766,278.7335399771109,53.77298209350556,332.5699210399762,270.8213069709018,603.391228010878,360710144,640,65,213.4227150818333,0.0,10.0,42,0.23809523809523808,0.26022727272727275,"[0.26022727272727275, 0.26022727272727275, 0.26022727272727275, 0.26022727272727275, 0.26022727272727275, 0.26022727272727275, 0.26022727272727275, 0.26022727272727275, 0.26022727272727275, 0.26022727272727275, 0.26022727272727275, 0.26022727272727275, 0.26022727272727275, 0.26022727272727275, 0.26022727272727275, 0.26022727272727275, 0.26022727272727275, 0.26022727272727275, 0.26022727272727275, 0.26022727272727275, 0.26022727272727275, 0.26022727272727275, 0.26022727272727275, 0.26022727272727275, 0.26022727272727275, 0.26022727272727275, 0.26022727272727275, 0.26022727272727275, 0.26022727272727275, 0.26022727272727275, 0.26022727272727275, 0.26022727272727275]",0.0,320,335544320,25165824,64,1,360710144,5549386.830769231,5242880.0,25165824.0,0,0,0,prefix,"[[0, 1, 2, 3, 4, 5, 6, 7, 8, 9], [0, 1, 2, 3, 4, 5, 6, 7, 8, 9], [0, 1, 2, 3, 4, 5, 6, 7, 8, 9], [0, 1, 2, 3, 4, 5, 6, 7, 8, 9], [0, 1, 2, 3, 4, 5, 6, 7, 8, 9], [0, 1, 2, 3, 4, 5, 6, 7, 8, 9], [0, 1, 2, 3, 4, 5, 6, 7, 8, 9], [0, 1, 2, 3, 4, 5, 6, 7, 8, 9], [0, 1, 2, 3, 4, 5, 6, 7, 8, 9], [0, 1, 2, 3, 4, 5, 6, 7, 8, 9], [0, 1, 2, 3, 4, 5, 6, 7, 8, 9], [0, 1, 2, 3, 4, 5, 6, 7, 8, 9], [0, 1, 2, 3, 4, 5, 6, 7, 8, 9], [0, 1, 2, 3, 4, 5, 6, 7, 8, 9], [0, 1, 2, 3, 4, 5, 6, 7, 8, 9], [0, 1, 2, 3, 4, 5, 6, 7, 8, 9], [0, 1, 2, 3, 4, 5, 6, 7, 8, 9], [0, 1, 2, 3, 4, 5, 6, 7, 8, 9], [0, 1, 2, 3, 4, 5, 6, 7, 8, 9], [0, 1, 2, 3, 4, 5, 6, 7, 8, 9], [0, 1, 2, 3, 4, 5, 6, 7, 8, 9], [0, 1, 2, 3, 4, 5, 6, 7, 8, 9], [0, 1, 2, 3, 4, 5, 6, 7, 8, 9], [0, 1, 2, 3, 4, 5, 6, 7, 8, 9], [0, 1, 2, 3, 4, 5, 6, 7, 8, 9], [0, 1, 2, 3, 4, 5, 6, 7, 8, 9], [0, 1, 2, 3, 4, 5, 6, 7, 8, 9], [0, 1, 2, 3, 4, 5, 6, 7, 8, 9], [0, 1, 2, 3, 4, 5, 6, 7, 8, 9], [0, 1, 2, 3, 4, 5, 6, 7, 8, 9], [0, 1, 2, 3, 4, 5, 6, 7, 8, 9], [0, 1, 2, 3, 4, 5, 6, 7, 8, 9]]",sidecar,True,raster,0
gqa,fullload,FullLoad,1.0,full,n234722,20416735,What is the color of the table?,Brown,"[""dark brown""]",0.0,9817,2,raster,0,fullload,,444.0373929683119,,,702.4110450875014,707.3919720714912,41.306524886749685,748.6984969582409,1226833920,2368,64,,648.403050377965,,,1.0,1.0,null,0.0,,1226833920,0,64,0,1226833920,19169280.0,19169280.0,0.0,,,,,null,,,,0
gqa,layout_prefix_chunk,Layout+Prefix,0.25,chunk,n234722,20416735,What is the color of the table?,"The image shows a pizza with a slice missing, revealing the toppings","[""dark brown""]",0.0,450,16,raster,0,prefix,0.2400303492322564,184.6760017797351,52.81342111993581,270.78121807426214,53.710479056462646,324.55663208384067,273.2384569244459,597.7950890082866,320864256,576,65,211.99143980629742,0.0,9.0,37,0.24324324324324326,0.26153846153846155,"[0.26153846153846155, 0.26153846153846155, 0.26153846153846155, 0.26153846153846155, 0.26153846153846155, 0.26153846153846155, 0.26153846153846155, 0.26153846153846155, 0.26153846153846155, 0.26153846153846155, 0.26153846153846155, 0.26153846153846155, 0.26153846153846155, 0.26153846153846155, 0.26153846153846155, 0.26153846153846155, 0.26153846153846155, 0.26153846153846155, 0.26153846153846155, 0.26153846153846155, 0.26153846153846155, 0.26153846153846155, 0.26153846153846155, 0.26153846153846155, 0.26153846153846155, 0.26153846153846155, 0.26153846153846155, 0.26153846153846155, 0.26153846153846155, 0.26153846153846155, 0.26153846153846155, 0.26153846153846155]",0.0,288,301989888,18874368,64,1,320864256,4936373.169230769,4718592.0,18874368.0,0,0,0,prefix,"[[0, 1, 2, 3, 4, 5, 6, 7, 8], [0, 1, 2, 3, 4, 5, 6, 7, 8], [0, 1, 2, 3, 4, 5, 6, 7, 8], [0, 1, 2, 3, 4, 5, 6, 7, 8], [0, 1, 2, 3, 4, 5, 6, 7, 8], [0, 1, 2, 3, 4, 5, 6, 7, 8], [0, 1, 2, 3, 4, 5, 6, 7, 8], [0, 1, 2, 3, 4, 5, 6, 7, 8], [0, 1, 2, 3, 4, 5, 6, 7, 8], [0, 1, 2, 3, 4, 5, 6, 7, 8], [0, 1, 2, 3, 4, 5, 6, 7, 8], [0, 1, 2, 3, 4, 5, 6, 7, 8], [0, 1, 2, 3, 4, 5, 6, 7, 8], [0, 1, 2, 3, 4, 5, 6, 7, 8], [0, 1, 2, 3, 4, 5, 6, 7, 8], [0, 1, 2, 3, 4, 5, 6, 7, 8], [0, 1, 2, 3, 4, 5, 6, 7, 8], [0, 1, 2, 3, 4, 5, 6, 7, 8], [0, 1, 2, 3, 4, 5, 6, 7, 8], [0, 1, 2, 3, 4, 5, 6, 7, 8], [0, 1, 2, 3, 4, 5, 6, 7, 8], [0, 1, 2, 3, 4, 5, 6, 7, 8], [0, 1, 2, 3, 4, 5, 6, 7, 8], [0, 1, 2, 3, 4, 5, 6, 7, 8], [0, 1, 2, 3, 4, 5, 6, 7, 8], [0, 1, 2, 3, 4, 5, 6, 7, 8], [0, 1, 2, 3, 4, 5, 6, 7, 8], [0, 1, 2, 3, 4, 5, 6, 7, 8], [0, 1, 2, 3, 4, 5, 6, 7, 8], [0, 1, 2, 3, 4, 5, 6, 7, 8], [0, 1, 2, 3, 4, 5, 6, 7, 8], [0, 1, 2, 3, 4, 5, 6, 7, 8]]",sidecar,True,raster,0
gqa,fullload,FullLoad,1.0,full,n234722,20416717,What kind of furniture isn't clean?,Table,"[""chair""]",0.0,6137,2,raster,0,fullload,,491.9804451055825,,,841.0538770258427,845.8780840737745,18.988931900821626,864.8670159745961,1226833920,2368,64,,797.4530885694548,,,1.0,1.0,null,0.0,,1226833920,0,64,0,1226833920,19169280.0,19169280.0,0.0,,,,,null,,,,0
gqa,layout_prefix_chunk,Layout+Prefix,0.25,chunk,n234722,20416717,What kind of furniture isn't clean?,"The image shows a pizza with a slice missing, revealing the toppings","[""chair""]",0.0,450,16,raster,0,prefix,0.24682912044227123,142.026083660312,56.90559302456677,237.80839692335576,40.45339999720454,278.3232689835131,271.52094698976725,549.8442159732804,320864256,576,65,174.7107724659145,0.0,9.0,37,0.24324324324324326,0.26153846153846155,"[0.26153846153846155, 0.26153846153846155, 0.26153846153846155, 0.26153846153846155, 0.26153846153846155, 0.26153846153846155, 0.26153846153846155, 0.26153846153846155, 0.26153846153846155, 0.26153846153846155, 0.26153846153846155, 0.26153846153846155, 0.26153846153846155, 0.26153846153846155, 0.26153846153846155, 0.26153846153846155, 0.26153846153846155, 0.26153846153846155, 0.26153846153846155, 0.26153846153846155, 0.26153846153846155, 0.26153846153846155, 0.26153846153846155, 0.26153846153846155, 0.26153846153846155, 0.26153846153846155, 0.26153846153846155, 0.26153846153846155, 0.26153846153846155, 0.26153846153846155, 0.26153846153846155, 0.26153846153846155]",0.0,288,301989888,18874368,64,1,320864256,4936373.169230769,4718592.0,18874368.0,0,0,0,prefix,"[[0, 1, 2, 3, 4, 5, 6, 7, 8], [0, 1, 2, 3, 4, 5, 6, 7, 8], [0, 1, 2, 3, 4, 5, 6, 7, 8], [0, 1, 2, 3, 4, 5, 6, 7, 8], [0, 1, 2, 3, 4, 5, 6, 7, 8], [0, 1, 2, 3, 4, 5, 6, 7, 8], [0, 1, 2, 3, 4, 5, 6, 7, 8], [0, 1, 2, 3, 4, 5, 6, 7, 8], [0, 1, 2, 3, 4, 5, 6, 7, 8], [0, 1, 2, 3, 4, 5, 6, 7, 8], [0, 1, 2, 3, 4, 5, 6, 7, 8], [0, 1, 2, 3, 4, 5, 6, 7, 8], [0, 1, 2, 3, 4, 5, 6, 7, 8], [0, 1, 2, 3, 4, 5, 6, 7, 8], [0, 1, 2, 3, 4, 5, 6, 7, 8], [0, 1, 2, 3, 4, 5, 6, 7, 8], [0, 1, 2, 3, 4, 5, 6, 7, 8], [0, 1, 2, 3, 4, 5, 6, 7, 8], [0, 1, 2, 3, 4, 5, 6, 7, 8], [0, 1, 2, 3, 4, 5, 6, 7, 8], [0, 1, 2, 3, 4, 5, 6, 7, 8], [0, 1, 2, 3, 4, 5, 6, 7, 8], [0, 1, 2, 3, 4, 5, 6, 7, 8], [0, 1, 2, 3, 4, 5, 6, 7, 8], [0, 1, 2, 3, 4, 5, 6, 7, 8], [0, 1, 2, 3, 4, 5, 6, 7, 8], [0, 1, 2, 3, 4, 5, 6, 7, 8], [0, 1, 2, 3, 4, 5, 6, 7, 8], [0, 1, 2, 3, 4, 5, 6, 7, 8], [0, 1, 2, 3, 4, 5, 6, 7, 8], [0, 1, 2, 3, 4, 5, 6, 7, 8], [0, 1, 2, 3, 4, 5, 6, 7, 8]]",sidecar,True,raster,0
gqa,fullload,FullLoad,1.0,full,n234722,20416487,What kind of food is on the pizza?,Sausage,"[""sausage""]",1.0,317,4,raster,0,fullload,,467.4794072052464,,,834.5891970675439,839.4055700628087,56.07918999157846,895.4847600543872,1226833920,2368,64,,784.3626419780776,,,1.0,1.0,null,0.0,,1226833920,0,64,0,1226833920,19169280.0,19169280.0,0.0,,,,,null,,,,0
gqa,layout_prefix_chunk,Layout+Prefix,0.25,chunk,n234722,20416487,What kind of food is on the pizza?,The pizza in the image is a pepperoni pizza.,"[""sausage""]",0.0,450,15,raster,0,prefix,0.25129434652626514,181.3464508159086,55.59429409913719,274.8578670434654,41.77253402303904,316.6816830635071,256.8969789426774,573.5786620061845,320864256,576,65,213.1109826732427,0.0,9.0,37,0.24324324324324326,0.26153846153846155,"[0.26153846153846155, 0.26153846153846155, 0.26153846153846155, 0.26153846153846155, 0.26153846153846155, 0.26153846153846155, 0.26153846153846155, 0.26153846153846155, 0.26153846153846155, 0.26153846153846155, 0.26153846153846155, 0.26153846153846155, 0.26153846153846155, 0.26153846153846155, 0.26153846153846155, 0.26153846153846155, 0.26153846153846155, 0.26153846153846155, 0.26153846153846155, 0.26153846153846155, 0.26153846153846155, 0.26153846153846155, 0.26153846153846155, 0.26153846153846155, 0.26153846153846155, 0.26153846153846155, 0.26153846153846155, 0.26153846153846155, 0.26153846153846155, 0.26153846153846155, 0.26153846153846155, 0.26153846153846155]",0.0,288,301989888,18874368,64,1,320864256,4936373.169230769,4718592.0,18874368.0,0,0,0,prefix,"[[0, 1, 2, 3, 4, 5, 6, 7, 8], [0, 1, 2, 3, 4, 5, 6, 7, 8], [0, 1, 2, 3, 4, 5, 6, 7, 8], [0, 1, 2, 3, 4, 5, 6, 7, 8], [0, 1, 2, 3, 4, 5, 6, 7, 8], [0, 1, 2, 3, 4, 5, 6, 7, 8], [0, 1, 2, 3, 4, 5, 6, 7, 8], [0, 1, 2, 3, 4, 5, 6, 7, 8], [0, 1, 2, 3, 4, 5, 6, 7, 8], [0, 1, 2, 3, 4, 5, 6, 7, 8], [0, 1, 2, 3, 4, 5, 6, 7, 8], [0, 1, 2, 3, 4, 5, 6, 7, 8], [0, 1, 2, 3, 4, 5, 6, 7, 8], [0, 1, 2, 3, 4, 5, 6, 7, 8], [0, 1, 2, 3, 4, 5, 6, 7, 8], [0, 1, 2, 3, 4, 5, 6, 7, 8], [0, 1, 2, 3, 4, 5, 6, 7, 8], [0, 1, 2, 3, 4, 5, 6, 7, 8], [0, 1, 2, 3, 4, 5, 6, 7, 8], [0, 1, 2, 3, 4, 5, 6, 7, 8], [0, 1, 2, 3, 4, 5, 6, 7, 8], [0, 1, 2, 3, 4, 5, 6, 7, 8], [0, 1, 2, 3, 4, 5, 6, 7, 8], [0, 1, 2, 3, 4, 5, 6, 7, 8], [0, 1, 2, 3, 4, 5, 6, 7, 8], [0, 1, 2, 3, 4, 5, 6, 7, 8], [0, 1, 2, 3, 4, 5, 6, 7, 8], [0, 1, 2, 3, 4, 5, 6, 7, 8], [0, 1, 2, 3, 4, 5, 6, 7, 8], [0, 1, 2, 3, 4, 5, 6, 7, 8], [0, 1, 2, 3, 4, 5, 6, 7, 8], [0, 1, 2, 3, 4, 5, 6, 7, 8]]",sidecar,True,raster,0
gqa,fullload,FullLoad,1.0,full,n234722,20416562,Which kind of cooking utensil is below the pizza?,Pizza cutter,"[""pan""]",0.0,349,5,raster,0,fullload,,504.6152510913089,,,858.1934329122305,863.0121289752424,73.38701002299786,936.3991389982402,1226833920,2368,64,,813.3136611431837,,,1.0,1.0,null,0.0,,1226833920,0,64,0,1226833920,19169280.0,19169280.0,0.0,,,,,null,,,,0
gqa,layout_prefix_chunk,Layout+Prefix,0.25,chunk,n234722,20416562,Which kind of cooking utensil is below the pizza?,The pizza in the image is a pepperoni pizza.,"[""pan""]",0.0,450,15,raster,0,prefix,0.22272765636444092,173.9437646465376,52.32769169379026,261.2393950112164,39.26542098633945,300.5688110133633,252.45011900551617,553.0189300188795,320864256,576,65,202.6862760540098,0.0,9.0,37,0.24324324324324326,0.26153846153846155,"[0.26153846153846155, 0.26153846153846155, 0.26153846153846155, 0.26153846153846155, 0.26153846153846155, 0.26153846153846155, 0.26153846153846155, 0.26153846153846155, 0.26153846153846155, 0.26153846153846155, 0.26153846153846155, 0.26153846153846155, 0.26153846153846155, 0.26153846153846155, 0.26153846153846155, 0.26153846153846155, 0.26153846153846155, 0.26153846153846155, 0.26153846153846155, 0.26153846153846155, 0.26153846153846155, 0.26153846153846155, 0.26153846153846155, 0.26153846153846155, 0.26153846153846155, 0.26153846153846155, 0.26153846153846155, 0.26153846153846155, 0.26153846153846155, 0.26153846153846155, 0.26153846153846155, 0.26153846153846155]",0.0,288,301989888,18874368,64,1,320864256,4936373.169230769,4718592.0,18874368.0,0,0,0,prefix,"[[0, 1, 2, 3, 4, 5, 6, 7, 8], [0, 1, 2, 3, 4, 5, 6, 7, 8], [0, 1, 2, 3, 4, 5, 6, 7, 8], [0, 1, 2, 3, 4, 5, 6, 7, 8], [0, 1, 2, 3, 4, 5, 6, 7, 8], [0, 1, 2, 3, 4, 5, 6, 7, 8], [0, 1, 2, 3, 4, 5, 6, 7, 8], [0, 1, 2, 3, 4, 5, 6, 7, 8], [0, 1, 2, 3, 4, 5, 6, 7, 8], [0, 1, 2, 3, 4, 5, 6, 7, 8], [0, 1, 2, 3, 4, 5, 6, 7, 8], [0, 1, 2, 3, 4, 5, 6, 7, 8], [0, 1, 2, 3, 4, 5, 6, 7, 8], [0, 1, 2, 3, 4, 5, 6, 7, 8], [0, 1, 2, 3, 4, 5, 6, 7, 8], [0, 1, 2, 3, 4, 5, 6, 7, 8], [0, 1, 2, 3, 4, 5, 6, 7, 8], [0, 1, 2, 3, 4, 5, 6, 7, 8], [0, 1, 2, 3, 4, 5, 6, 7, 8], [0, 1, 2, 3, 4, 5, 6, 7, 8], [0, 1, 2, 3, 4, 5, 6, 7, 8], [0, 1, 2, 3, 4, 5, 6, 7, 8], [0, 1, 2, 3, 4, 5, 6, 7, 8], [0, 1, 2, 3, 4, 5, 6, 7, 8], [0, 1, 2, 3, 4, 5, 6, 7, 8], [0, 1, 2, 3, 4, 5, 6, 7, 8], [0, 1, 2, 3, 4, 5, 6, 7, 8], [0, 1, 2, 3, 4, 5, 6, 7, 8], [0, 1, 2, 3, 4, 5, 6, 7, 8], [0, 1, 2, 3, 4, 5, 6, 7, 8], [0, 1, 2, 3, 4, 5, 6, 7, 8], [0, 1, 2, 3, 4, 5, 6, 7, 8]]",sidecar,True,raster,0
gqa,fullload,FullLoad,1.0,full,n234722,20416421,Is the sausage in the bottom part or in the top of the photo?,Top,"[""top""]",1.0,7488,2,raster,0,fullload,,498.8869335502386,,,848.920282907784,853.7177509861067,19.09244409762323,872.8101950837299,1226833920,2368,64,,802.9569521313533,,,1.0,1.0,null,0.0,,1226833920,0,64,0,1226833920,19169280.0,19169280.0,0.0,,,,,null,,,,0
gqa,layout_prefix_chunk,Layout+Prefix,0.25,chunk,n234722,20416421,Is the sausage in the bottom part or in the top of the photo?,The pizza in the photo is a pepperoni pizza.,"[""top""]",0.0,450,15,raster,0,prefix,0.2218108857050538,165.94090848229825,51.13476433325559,253.28912702389061,40.63485690858215,293.9860549522564,257.6042650034651,551.5903199557215,320864256,576,65,195.92534680850804,0.0,9.0,37,0.24324324324324326,0.26153846153846155,"[0.26153846153846155, 0.26153846153846155, 0.26153846153846155, 0.26153846153846155, 0.26153846153846155, 0.26153846153846155, 0.26153846153846155, 0.26153846153846155, 0.26153846153846155, 0.26153846153846155, 0.26153846153846155, 0.26153846153846155, 0.26153846153846155, 0.26153846153846155, 0.26153846153846155, 0.26153846153846155, 0.26153846153846155, 0.26153846153846155, 0.26153846153846155, 0.26153846153846155, 0.26153846153846155, 0.26153846153846155, 0.26153846153846155, 0.26153846153846155, 0.26153846153846155, 0.26153846153846155, 0.26153846153846155, 0.26153846153846155, 0.26153846153846155, 0.26153846153846155, 0.26153846153846155, 0.26153846153846155]",0.0,288,301989888,18874368,64,1,320864256,4936373.169230769,4718592.0,18874368.0,0,0,0,prefix,"[[0, 1, 2, 3, 4, 5, 6, 7, 8], [0, 1, 2, 3, 4, 5, 6, 7, 8], [0, 1, 2, 3, 4, 5, 6, 7, 8], [0, 1, 2, 3, 4, 5, 6, 7, 8], [0, 1, 2, 3, 4, 5, 6, 7, 8], [0, 1, 2, 3, 4, 5, 6, 7, 8], [0, 1, 2, 3, 4, 5, 6, 7, 8], [0, 1, 2, 3, 4, 5, 6, 7, 8], [0, 1, 2, 3, 4, 5, 6, 7, 8], [0, 1, 2, 3, 4, 5, 6, 7, 8], [0, 1, 2, 3, 4, 5, 6, 7, 8], [0, 1, 2, 3, 4, 5, 6, 7, 8], [0, 1, 2, 3, 4, 5, 6, 7, 8], [0, 1, 2, 3, 4, 5, 6, 7, 8], [0, 1, 2, 3, 4, 5, 6, 7, 8], [0, 1, 2, 3, 4, 5, 6, 7, 8], [0, 1, 2, 3, 4, 5, 6, 7, 8], [0, 1, 2, 3, 4, 5, 6, 7, 8], [0, 1, 2, 3, 4, 5, 6, 7, 8], [0, 1, 2, 3, 4, 5, 6, 7, 8], [0, 1, 2, 3, 4, 5, 6, 7, 8], [0, 1, 2, 3, 4, 5, 6, 7, 8], [0, 1, 2, 3, 4, 5, 6, 7, 8], [0, 1, 2, 3, 4, 5, 6, 7, 8], [0, 1, 2, 3, 4, 5, 6, 7, 8], [0, 1, 2, 3, 4, 5, 6, 7, 8], [0, 1, 2, 3, 4, 5, 6, 7, 8], [0, 1, 2, 3, 4, 5, 6, 7, 8], [0, 1, 2, 3, 4, 5, 6, 7, 8], [0, 1, 2, 3, 4, 5, 6, 7, 8], [0, 1, 2, 3, 4, 5, 6, 7, 8], [0, 1, 2, 3, 4, 5, 6, 7, 8]]",sidecar,True,raster,0
gqa,fullload,FullLoad,1.0,full,n234722,20416424,Does the sausage that is to the left of the pan look small and brown?,Yes,"[""yes""]",1.0,3869,2,raster,0,fullload,,463.29316357150674,,,788.8040280668065,793.6912080040202,19.52560804784298,813.2168160518631,1226833920,2368,64,,744.2028501536697,,,1.0,1.0,null,0.0,,1226833920,0,64,0,1226833920,19169280.0,19169280.0,0.0,,,,,null,,,,0
gqa,layout_prefix_chunk,Layout+Prefix,0.25,chunk,n234722,20416424,Does the sausage that is to the left of the pan look small and brown?,The pizza in the image is a pepperoni pizza.,"[""yes""]",0.0,450,15,raster,0,prefix,0.220012036152184,165.05688580218703,51.15200381260365,251.1314150178805,60.763775021769106,311.9588600238785,251.5993290580809,563.5581890819594,320864256,576,65,194.07151895575225,0.0,9.0,37,0.24324324324324326,0.26153846153846155,"[0.26153846153846155, 0.26153846153846155, 0.26153846153846155, 0.26153846153846155, 0.26153846153846155, 0.26153846153846155, 0.26153846153846155, 0.26153846153846155, 0.26153846153846155, 0.26153846153846155, 0.26153846153846155, 0.26153846153846155, 0.26153846153846155, 0.26153846153846155, 0.26153846153846155, 0.26153846153846155, 0.26153846153846155, 0.26153846153846155, 0.26153846153846155, 0.26153846153846155, 0.26153846153846155, 0.26153846153846155, 0.26153846153846155, 0.26153846153846155, 0.26153846153846155, 0.26153846153846155, 0.26153846153846155, 0.26153846153846155, 0.26153846153846155, 0.26153846153846155, 0.26153846153846155, 0.26153846153846155]",0.0,288,301989888,18874368,64,1,320864256,4936373.169230769,4718592.0,18874368.0,0,0,0,prefix,"[[0, 1, 2, 3, 4, 5, 6, 7, 8], [0, 1, 2, 3, 4, 5, 6, 7, 8], [0, 1, 2, 3, 4, 5, 6, 7, 8], [0, 1, 2, 3, 4, 5, 6, 7, 8], [0, 1, 2, 3, 4, 5, 6, 7, 8], [0, 1, 2, 3, 4, 5, 6, 7, 8], [0, 1, 2, 3, 4, 5, 6, 7, 8], [0, 1, 2, 3, 4, 5, 6, 7, 8], [0, 1, 2, 3, 4, 5, 6, 7, 8], [0, 1, 2, 3, 4, 5, 6, 7, 8], [0, 1, 2, 3, 4, 5, 6, 7, 8], [0, 1, 2, 3, 4, 5, 6, 7, 8], [0, 1, 2, 3, 4, 5, 6, 7, 8], [0, 1, 2, 3, 4, 5, 6, 7, 8], [0, 1, 2, 3, 4, 5, 6, 7, 8], [0, 1, 2, 3, 4, 5, 6, 7, 8], [0, 1, 2, 3, 4, 5, 6, 7, 8], [0, 1, 2, 3, 4, 5, 6, 7, 8], [0, 1, 2, 3, 4, 5, 6, 7, 8], [0, 1, 2, 3, 4, 5, 6, 7, 8], [0, 1, 2, 3, 4, 5, 6, 7, 8], [0, 1, 2, 3, 4, 5, 6, 7, 8], [0, 1, 2, 3, 4, 5, 6, 7, 8], [0, 1, 2, 3, 4, 5, 6, 7, 8], [0, 1, 2, 3, 4, 5, 6, 7, 8], [0, 1, 2, 3, 4, 5, 6, 7, 8], [0, 1, 2, 3, 4, 5, 6, 7, 8], [0, 1, 2, 3, 4, 5, 6, 7, 8], [0, 1, 2, 3, 4, 5, 6, 7, 8], [0, 1, 2, 3, 4, 5, 6, 7, 8], [0, 1, 2, 3, 4, 5, 6, 7, 8], [0, 1, 2, 3, 4, 5, 6, 7, 8]]",sidecar,True,raster,0
gqa,fullload,FullLoad,1.0,full,n494918,201185759,What's the boy looking at?,Frisbee,"[""frisbee""]",1.0,383,5,raster,0,fullload,,526.1514972662553,,,899.2185589158908,904.4806049205363,73.64586705807596,978.1264719786122,1233125376,2368,64,,851.4274531044066,,,1.0,1.0,null,0.0,,1233125376,0,64,0,1233125376,19267584.0,19267584.0,0.0,,,,,null,,,,0
gqa,layout_prefix_chunk,Layout+Prefix,0.25,chunk,n494918,201185759,What's the boy looking at?,The boy is playing with a frisbee.,"[""frisbee""]",0.0,450,12,raster,0,prefix,0.24704309180378914,184.1881045838818,57.51099216286093,280.58520797640085,51.991240005008876,332.63839897699654,200.32545609865338,532.9638550756499,327155712,576,65,217.050468781963,0.0,9.0,37,0.24324324324324326,0.2653061224489796,"[0.2653061224489796, 0.2653061224489796, 0.2653061224489796, 0.2653061224489796, 0.2653061224489796, 0.2653061224489796, 0.2653061224489796, 0.2653061224489796, 0.2653061224489796, 0.2653061224489796, 0.2653061224489796, 0.2653061224489796, 0.2653061224489796, 0.2653061224489796, 0.2653061224489796, 0.2653061224489796, 0.2653061224489796, 0.2653061224489796, 0.2653061224489796, 0.2653061224489796, 0.2653061224489796, 0.2653061224489796, 0.2653061224489796, 0.2653061224489796, 0.2653061224489796, 0.2653061224489796, 0.2653061224489796, 0.2653061224489796, 0.2653061224489796, 0.2653061224489796, 0.2653061224489796, 0.2653061224489796]",0.0,288,301989888,25165824,64,1,327155712,5033164.8,4718592.0,25165824.0,0,0,0,prefix,"[[0, 1, 2, 3, 4, 5, 6, 7, 8], [0, 1, 2, 3, 4, 5, 6, 7, 8], [0, 1, 2, 3, 4, 5, 6, 7, 8], [0, 1, 2, 3, 4, 5, 6, 7, 8], [0, 1, 2, 3, 4, 5, 6, 7, 8], [0, 1, 2, 3, 4, 5, 6, 7, 8], [0, 1, 2, 3, 4, 5, 6, 7, 8], [0, 1, 2, 3, 4, 5, 6, 7, 8], [0, 1, 2, 3, 4, 5, 6, 7, 8], [0, 1, 2, 3, 4, 5, 6, 7, 8], [0, 1, 2, 3, 4, 5, 6, 7, 8], [0, 1, 2, 3, 4, 5, 6, 7, 8], [0, 1, 2, 3, 4, 5, 6, 7, 8], [0, 1, 2, 3, 4, 5, 6, 7, 8], [0, 1, 2, 3, 4, 5, 6, 7, 8], [0, 1, 2, 3, 4, 5, 6, 7, 8], [0, 1, 2, 3, 4, 5, 6, 7, 8], [0, 1, 2, 3, 4, 5, 6, 7, 8], [0, 1, 2, 3, 4, 5, 6, 7, 8], [0, 1, 2, 3, 4, 5, 6, 7, 8], [0, 1, 2, 3, 4, 5, 6, 7, 8], [0, 1, 2, 3, 4, 5, 6, 7, 8], [0, 1, 2, 3, 4, 5, 6, 7, 8], [0, 1, 2, 3, 4, 5, 6, 7, 8], [0, 1, 2, 3, 4, 5, 6, 7, 8], [0, 1, 2, 3, 4, 5, 6, 7, 8], [0, 1, 2, 3, 4, 5, 6, 7, 8], [0, 1, 2, 3, 4, 5, 6, 7, 8], [0, 1, 2, 3, 4, 5, 6, 7, 8], [0, 1, 2, 3, 4, 5, 6, 7, 8], [0, 1, 2, 3, 4, 5, 6, 7, 8], [0, 1, 2, 3, 4, 5, 6, 7, 8]]",sidecar,True,raster,0
gqa,fullload,FullLoad,1.0,full,n494918,201185941,Are the trees behind a frisbee?,Yes,"[""yes""]",1.0,3869,2,raster,0,fullload,,520.9570612059906,,,887.5856589293107,892.4390129977837,19.318278064019978,911.7572910618037,1233125376,2368,64,,842.6060281926766,,,1.0,1.0,null,0.0,,1233125376,0,64,0,1233125376,19267584.0,19267584.0,0.0,,,,,null,,,,0
gqa,layout_prefix_chunk,Layout+Prefix,0.25,chunk,n494918,201185941,Are the trees behind a frisbee?,The image shows a person playing with a frisbee. The person is,"[""yes""]",0.0,450,16,raster,0,prefix,0.15701272059231997,153.55290134903044,43.42154727783054,226.22030309867114,35.856741946190596,262.11864699143916,273.62644008826464,535.7450870797038,327155712,576,65,177.24186973646283,0.0,9.0,37,0.24324324324324326,0.2653061224489796,"[0.2653061224489796, 0.2653061224489796, 0.2653061224489796, 0.2653061224489796, 0.2653061224489796, 0.2653061224489796, 0.2653061224489796, 0.2653061224489796, 0.2653061224489796, 0.2653061224489796, 0.2653061224489796, 0.2653061224489796, 0.2653061224489796, 0.2653061224489796, 0.2653061224489796, 0.2653061224489796, 0.2653061224489796, 0.2653061224489796, 0.2653061224489796, 0.2653061224489796, 0.2653061224489796, 0.2653061224489796, 0.2653061224489796, 0.2653061224489796, 0.2653061224489796, 0.2653061224489796, 0.2653061224489796, 0.2653061224489796, 0.2653061224489796, 0.2653061224489796, 0.2653061224489796, 0.2653061224489796]",0.0,288,301989888,25165824,64,1,327155712,5033164.8,4718592.0,25165824.0,0,0,0,prefix,"[[0, 1, 2, 3, 4, 5, 6, 7, 8], [0, 1, 2, 3, 4, 5, 6, 7, 8], [0, 1, 2, 3, 4, 5, 6, 7, 8], [0, 1, 2, 3, 4, 5, 6, 7, 8], [0, 1, 2, 3, 4, 5, 6, 7, 8], [0, 1, 2, 3, 4, 5, 6, 7, 8], [0, 1, 2, 3, 4, 5, 6, 7, 8], [0, 1, 2, 3, 4, 5, 6, 7, 8], [0, 1, 2, 3, 4, 5, 6, 7, 8], [0, 1, 2, 3, 4, 5, 6, 7, 8], [0, 1, 2, 3, 4, 5, 6, 7, 8], [0, 1, 2, 3, 4, 5, 6, 7, 8], [0, 1, 2, 3, 4, 5, 6, 7, 8], [0, 1, 2, 3, 4, 5, 6, 7, 8], [0, 1, 2, 3, 4, 5, 6, 7, 8], [0, 1, 2, 3, 4, 5, 6, 7, 8], [0, 1, 2, 3, 4, 5, 6, 7, 8], [0, 1, 2, 3, 4, 5, 6, 7, 8], [0, 1, 2, 3, 4, 5, 6, 7, 8], [0, 1, 2, 3, 4, 5, 6, 7, 8], [0, 1, 2, 3, 4, 5, 6, 7, 8], [0, 1, 2, 3, 4, 5, 6, 7, 8], [0, 1, 2, 3, 4, 5, 6, 7, 8], [0, 1, 2, 3, 4, 5, 6, 7, 8], [0, 1, 2, 3, 4, 5, 6, 7, 8], [0, 1, 2, 3, 4, 5, 6, 7, 8], [0, 1, 2, 3, 4, 5, 6, 7, 8], [0, 1, 2, 3, 4, 5, 6, 7, 8], [0, 1, 2, 3, 4, 5, 6, 7, 8], [0, 1, 2, 3, 4, 5, 6, 7, 8], [0, 1, 2, 3, 4, 5, 6, 7, 8], [0, 1, 2, 3, 4, 5, 6, 7, 8]]",sidecar,True,raster,0
gqa,fullload,FullLoad,1.0,full,n494918,201185777,Do the shorts made out of cotton look orange and long?,Yes,"[""no""]",0.0,3869,2,raster,0,fullload,,512.7195189706981,,,869.7981419973075,874.6461840346456,19.437441020272672,894.0836250549182,1233125376,2368,64,,826.370557770133,,,1.0,1.0,null,0.0,,1233125376,0,64,0,1233125376,19267584.0,19267584.0,0.0,,,,,null,,,,0
gqa,layout_prefix_chunk,Layout+Prefix,0.25,chunk,n494918,201185777,Do the shorts made out of cotton look orange and long?,The image shows a person playing with a frisbee. The person is,"[""no""]",0.0,450,16,raster,0,prefix,0.2236287109553814,171.7507931170985,51.97051807772368,260.31513197813183,59.98076091054827,320.3605969902128,269.2492080386728,589.6098050288856,327155712,576,65,202.43761234451085,0.0,9.0,37,0.24324324324324326,0.2653061224489796,"[0.2653061224489796, 0.2653061224489796, 0.2653061224489796, 0.2653061224489796, 0.2653061224489796, 0.2653061224489796, 0.2653061224489796, 0.2653061224489796, 0.2653061224489796, 0.2653061224489796, 0.2653061224489796, 0.2653061224489796, 0.2653061224489796, 0.2653061224489796, 0.2653061224489796, 0.2653061224489796, 0.2653061224489796, 0.2653061224489796, 0.2653061224489796, 0.2653061224489796, 0.2653061224489796, 0.2653061224489796, 0.2653061224489796, 0.2653061224489796, 0.2653061224489796, 0.2653061224489796, 0.2653061224489796, 0.2653061224489796, 0.2653061224489796, 0.2653061224489796, 0.2653061224489796, 0.2653061224489796]",0.0,288,301989888,25165824,64,1,327155712,5033164.8,4718592.0,25165824.0,0,0,0,prefix,"[[0, 1, 2, 3, 4, 5, 6, 7, 8], [0, 1, 2, 3, 4, 5, 6, 7, 8], [0, 1, 2, 3, 4, 5, 6, 7, 8], [0, 1, 2, 3, 4, 5, 6, 7, 8], [0, 1, 2, 3, 4, 5, 6, 7, 8], [0, 1, 2, 3, 4, 5, 6, 7, 8], [0, 1, 2, 3, 4, 5, 6, 7, 8], [0, 1, 2, 3, 4, 5, 6, 7, 8], [0, 1, 2, 3, 4, 5, 6, 7, 8], [0, 1, 2, 3, 4, 5, 6, 7, 8], [0, 1, 2, 3, 4, 5, 6, 7, 8], [0, 1, 2, 3, 4, 5, 6, 7, 8], [0, 1, 2, 3, 4, 5, 6, 7, 8], [0, 1, 2, 3, 4, 5, 6, 7, 8], [0, 1, 2, 3, 4, 5, 6, 7, 8], [0, 1, 2, 3, 4, 5, 6, 7, 8], [0, 1, 2, 3, 4, 5, 6, 7, 8], [0, 1, 2, 3, 4, 5, 6, 7, 8], [0, 1, 2, 3, 4, 5, 6, 7, 8], [0, 1, 2, 3, 4, 5, 6, 7, 8], [0, 1, 2, 3, 4, 5, 6, 7, 8], [0, 1, 2, 3, 4, 5, 6, 7, 8], [0, 1, 2, 3, 4, 5, 6, 7, 8], [0, 1, 2, 3, 4, 5, 6, 7, 8], [0, 1, 2, 3, 4, 5, 6, 7, 8], [0, 1, 2, 3, 4, 5, 6, 7, 8], [0, 1, 2, 3, 4, 5, 6, 7, 8], [0, 1, 2, 3, 4, 5, 6, 7, 8], [0, 1, 2, 3, 4, 5, 6, 7, 8], [0, 1, 2, 3, 4, 5, 6, 7, 8], [0, 1, 2, 3, 4, 5, 6, 7, 8], [0, 1, 2, 3, 4, 5, 6, 7, 8]]",sidecar,True,raster,0
gqa,fullload,FullLoad,1.0,full,n494918,201185793,Do the shorts have short length?,Yes,"[""yes""]",1.0,3869,2,raster,0,fullload,,557.9660469666123,,,952.0825550425798,956.9928391138092,19.32067598681897,976.3135151006281,1233125376,2368,64,,901.7948708496988,,,1.0,1.0,null,0.0,,1233125376,0,64,0,1233125376,19267584.0,19267584.0,0.0,,,,,null,,,,0
gqa,layout_prefix_chunk,Layout+Prefix,0.25,chunk,n494918,201185793,Do the shorts have short length?,"The word ""shorts"" is an uncountable noun that refers to","[""yes""]",0.0,450,16,raster,0,prefix,0.22406957577914,171.3739688275382,53.288665832951665,261.1643789568916,40.862274006940424,302.0895119989291,275.7124389754608,577.8019509743899,327155712,576,65,201.9357109675184,0.0,9.0,37,0.24324324324324326,0.2653061224489796,"[0.2653061224489796, 0.2653061224489796, 0.2653061224489796, 0.2653061224489796, 0.2653061224489796, 0.2653061224489796, 0.2653061224489796, 0.2653061224489796, 0.2653061224489796, 0.2653061224489796, 0.2653061224489796, 0.2653061224489796, 0.2653061224489796, 0.2653061224489796, 0.2653061224489796, 0.2653061224489796, 0.2653061224489796, 0.2653061224489796, 0.2653061224489796, 0.2653061224489796, 0.2653061224489796, 0.2653061224489796, 0.2653061224489796, 0.2653061224489796, 0.2653061224489796, 0.2653061224489796, 0.2653061224489796, 0.2653061224489796, 0.2653061224489796, 0.2653061224489796, 0.2653061224489796, 0.2653061224489796]",0.0,288,301989888,25165824,64,1,327155712,5033164.8,4718592.0,25165824.0,0,0,0,prefix,"[[0, 1, 2, 3, 4, 5, 6, 7, 8], [0, 1, 2, 3, 4, 5, 6, 7, 8], [0, 1, 2, 3, 4, 5, 6, 7, 8], [0, 1, 2, 3, 4, 5, 6, 7, 8], [0, 1, 2, 3, 4, 5, 6, 7, 8], [0, 1, 2, 3, 4, 5, 6, 7, 8], [0, 1, 2, 3, 4, 5, 6, 7, 8], [0, 1, 2, 3, 4, 5, 6, 7, 8], [0, 1, 2, 3, 4, 5, 6, 7, 8], [0, 1, 2, 3, 4, 5, 6, 7, 8], [0, 1, 2, 3, 4, 5, 6, 7, 8], [0, 1, 2, 3, 4, 5, 6, 7, 8], [0, 1, 2, 3, 4, 5, 6, 7, 8], [0, 1, 2, 3, 4, 5, 6, 7, 8], [0, 1, 2, 3, 4, 5, 6, 7, 8], [0, 1, 2, 3, 4, 5, 6, 7, 8], [0, 1, 2, 3, 4, 5, 6, 7, 8], [0, 1, 2, 3, 4, 5, 6, 7, 8], [0, 1, 2, 3, 4, 5, 6, 7, 8], [0, 1, 2, 3, 4, 5, 6, 7, 8], [0, 1, 2, 3, 4, 5, 6, 7, 8], [0, 1, 2, 3, 4, 5, 6, 7, 8], [0, 1, 2, 3, 4, 5, 6, 7, 8], [0, 1, 2, 3, 4, 5, 6, 7, 8], [0, 1, 2, 3, 4, 5, 6, 7, 8], [0, 1, 2, 3, 4, 5, 6, 7, 8], [0, 1, 2, 3, 4, 5, 6, 7, 8], [0, 1, 2, 3, 4, 5, 6, 7, 8], [0, 1, 2, 3, 4, 5, 6, 7, 8], [0, 1, 2, 3, 4, 5, 6, 7, 8], [0, 1, 2, 3, 4, 5, 6, 7, 8], [0, 1, 2, 3, 4, 5, 6, 7, 8]]",sidecar,True,raster,0
gqa,fullload,FullLoad,1.0,full,n494918,201185841,What is the color of the frisbee that flies above the ground?,Green,"[""green""]",1.0,7646,2,raster,0,fullload,,558.9640114922076,,,959.1516999062151,964.1384569695219,21.933227078989148,986.0716840485111,1233125376,2368,64,,906.5386779839173,,,1.0,1.0,null,0.0,,1233125376,0,64,0,1233125376,19267584.0,19267584.0,0.0,,,,,null,,,,0
gqa,layout_prefix_chunk,Layout+Prefix,0.25,chunk,n494918,201185841,What is the color of the frisbee that flies above the ground?,The image shows a person playing with a frisbee. The person is,"[""green""]",0.0,450,16,raster,0,prefix,0.2381008816882968,179.0001488989219,57.014481630176306,275.0188800273463,52.64917004387826,327.73175509646535,268.99814791977406,596.7299030162394,327155712,576,65,211.88878815155476,0.0,9.0,37,0.24324324324324326,0.2653061224489796,"[0.2653061224489796, 0.2653061224489796, 0.2653061224489796, 0.2653061224489796, 0.2653061224489796, 0.2653061224489796, 0.2653061224489796, 0.2653061224489796, 0.2653061224489796, 0.2653061224489796, 0.2653061224489796, 0.2653061224489796, 0.2653061224489796, 0.2653061224489796, 0.2653061224489796, 0.2653061224489796, 0.2653061224489796, 0.2653061224489796, 0.2653061224489796, 0.2653061224489796, 0.2653061224489796, 0.2653061224489796, 0.2653061224489796, 0.2653061224489796, 0.2653061224489796, 0.2653061224489796, 0.2653061224489796, 0.2653061224489796, 0.2653061224489796, 0.2653061224489796, 0.2653061224489796, 0.2653061224489796]",0.0,288,301989888,25165824,64,1,327155712,5033164.8,4718592.0,25165824.0,0,0,0,prefix,"[[0, 1, 2, 3, 4, 5, 6, 7, 8], [0, 1, 2, 3, 4, 5, 6, 7, 8], [0, 1, 2, 3, 4, 5, 6, 7, 8], [0, 1, 2, 3, 4, 5, 6, 7, 8], [0, 1, 2, 3, 4, 5, 6, 7, 8], [0, 1, 2, 3, 4, 5, 6, 7, 8], [0, 1, 2, 3, 4, 5, 6, 7, 8], [0, 1, 2, 3, 4, 5, 6, 7, 8], [0, 1, 2, 3, 4, 5, 6, 7, 8], [0, 1, 2, 3, 4, 5, 6, 7, 8], [0, 1, 2, 3, 4, 5, 6, 7, 8], [0, 1, 2, 3, 4, 5, 6, 7, 8], [0, 1, 2, 3, 4, 5, 6, 7, 8], [0, 1, 2, 3, 4, 5, 6, 7, 8], [0, 1, 2, 3, 4, 5, 6, 7, 8], [0, 1, 2, 3, 4, 5, 6, 7, 8], [0, 1, 2, 3, 4, 5, 6, 7, 8], [0, 1, 2, 3, 4, 5, 6, 7, 8], [0, 1, 2, 3, 4, 5, 6, 7, 8], [0, 1, 2, 3, 4, 5, 6, 7, 8], [0, 1, 2, 3, 4, 5, 6, 7, 8], [0, 1, 2, 3, 4, 5, 6, 7, 8], [0, 1, 2, 3, 4, 5, 6, 7, 8], [0, 1, 2, 3, 4, 5, 6, 7, 8], [0, 1, 2, 3, 4, 5, 6, 7, 8], [0, 1, 2, 3, 4, 5, 6, 7, 8], [0, 1, 2, 3, 4, 5, 6, 7, 8], [0, 1, 2, 3, 4, 5, 6, 7, 8], [0, 1, 2, 3, 4, 5, 6, 7, 8], [0, 1, 2, 3, 4, 5, 6, 7, 8], [0, 1, 2, 3, 4, 5, 6, 7, 8], [0, 1, 2, 3, 4, 5, 6, 7, 8]]",sidecar,True,raster,0
gqa,fullload,FullLoad,1.0,full,n494918,201185738,Is the person that is not tall wearing gloves?,No,"[""no""]",1.0,1939,2,raster,0,fullload,,562.8929156810045,,,963.1355280289426,968.0481719551608,19.927992019802332,987.9761639749631,1233125376,2368,64,,909.5460799289867,,,1.0,1.0,null,0.0,,1233125376,0,64,0,1233125376,19267584.0,19267584.0,0.0,,,,,null,,,,0
gqa,layout_prefix_chunk,Layout+Prefix,0.25,chunk,n494918,201185738,Is the person that is not tall wearing gloves?,The person in the image is playing with a frisbee.,"[""no""]",0.0,450,15,raster,0,prefix,0.21926069166511297,169.24197715707123,52.279491210356355,256.438311887905,36.03211906738579,292.51235898118466,257.49623391311616,550.0085928943008,327155712,576,65,198.22552194818854,0.0,9.0,37,0.24324324324324326,0.2653061224489796,"[0.2653061224489796, 0.2653061224489796, 0.2653061224489796, 0.2653061224489796, 0.2653061224489796, 0.2653061224489796, 0.2653061224489796, 0.2653061224489796, 0.2653061224489796, 0.2653061224489796, 0.2653061224489796, 0.2653061224489796, 0.2653061224489796, 0.2653061224489796, 0.2653061224489796, 0.2653061224489796, 0.2653061224489796, 0.2653061224489796, 0.2653061224489796, 0.2653061224489796, 0.2653061224489796, 0.2653061224489796, 0.2653061224489796, 0.2653061224489796, 0.2653061224489796, 0.2653061224489796, 0.2653061224489796, 0.2653061224489796, 0.2653061224489796, 0.2653061224489796, 0.2653061224489796, 0.2653061224489796]",0.0,288,301989888,25165824,64,1,327155712,5033164.8,4718592.0,25165824.0,0,0,0,prefix,"[[0, 1, 2, 3, 4, 5, 6, 7, 8], [0, 1, 2, 3, 4, 5, 6, 7, 8], [0, 1, 2, 3, 4, 5, 6, 7, 8], [0, 1, 2, 3, 4, 5, 6, 7, 8], [0, 1, 2, 3, 4, 5, 6, 7, 8], [0, 1, 2, 3, 4, 5, 6, 7, 8], [0, 1, 2, 3, 4, 5, 6, 7, 8], [0, 1, 2, 3, 4, 5, 6, 7, 8], [0, 1, 2, 3, 4, 5, 6, 7, 8], [0, 1, 2, 3, 4, 5, 6, 7, 8], [0, 1, 2, 3, 4, 5, 6, 7, 8], [0, 1, 2, 3, 4, 5, 6, 7, 8], [0, 1, 2, 3, 4, 5, 6, 7, 8], [0, 1, 2, 3, 4, 5, 6, 7, 8], [0, 1, 2, 3, 4, 5, 6, 7, 8], [0, 1, 2, 3, 4, 5, 6, 7, 8], [0, 1, 2, 3, 4, 5, 6, 7, 8], [0, 1, 2, 3, 4, 5, 6, 7, 8], [0, 1, 2, 3, 4, 5, 6, 7, 8], [0, 1, 2, 3, 4, 5, 6, 7, 8], [0, 1, 2, 3, 4, 5, 6, 7, 8], [0, 1, 2, 3, 4, 5, 6, 7, 8], [0, 1, 2, 3, 4, 5, 6, 7, 8], [0, 1, 2, 3, 4, 5, 6, 7, 8], [0, 1, 2, 3, 4, 5, 6, 7, 8], [0, 1, 2, 3, 4, 5, 6, 7, 8], [0, 1, 2, 3, 4, 5, 6, 7, 8], [0, 1, 2, 3, 4, 5, 6, 7, 8], [0, 1, 2, 3, 4, 5, 6, 7, 8], [0, 1, 2, 3, 4, 5, 6, 7, 8], [0, 1, 2, 3, 4, 5, 6, 7, 8], [0, 1, 2, 3, 4, 5, 6, 7, 8]]",sidecar,True,raster,0
