phase,image_id,branch,method_key,diagnostic_grid_height,diagnostic_grid_width,N_branch_content,dominant_count,auxiliary_count,selected_count,auxiliary_occupied_cells,auxiliary_occupied_fraction,auxiliary_count_grid_8x8_row_major_json,dominant_plus_aux_occupied_cells,dominant_plus_aux_occupied_fraction,full_selected_count_grid_8x8_row_major_json,spatial_empty_regions,spatial_fallback_count,spatial_region_count,spatial_empty_region_fraction,spatial_fallback_fraction,index_spatial_auxiliary_jaccard_global,index_spatial_full_selected_jaccard_global,index_spatial_auxiliary_jaccard_branch,index_spatial_full_selected_jaccard_branch,spatial_added_ids_global,spatial_removed_ids_global,spatial_added_ids_branch,spatial_removed_ids_branch,coordinate_space
pilot,n133585,base,d20_index_uniform5,8,8,576,104,29,133,28,0.4375,"[2,0,1,0,0,0,0,0,1,1,1,0,0,0,0,1,0,0,1,1,0,1,0,0,1,0,1,0,1,1,0,1,0,1,0,0,1,1,0,1,0,0,1,0,1,1,0,0,1,1,0,0,0,1,0,1,0,1,0,1,0,1,0,0]",57,0.890625,"[3,2,2,2,5,2,6,1,3,4,3,0,4,0,8,1,2,1,1,1,1,2,5,0,1,2,1,0,2,1,2,1,1,1,2,1,1,2,1,3,3,2,1,1,1,4,3,0,4,2,0,2,2,5,3,2,3,1,0,2,3,3,3,2]",,,,,,0.029411764705882353,0.6842105263157895,0.017543859649122806,0.6521739130434783,"[49,54,58,60,65,69,169,173,177,181,185,189,289,293,297,301,309,409,413,418,421,425,429,511,515,520,525,530,652,662,676,680,684,689,693,697,706,715,719,877,880,889,893,902,907,910,915,921,934,1117,1121,1125,1130,1134,1138,1143,1147,1155,1201,1313,1318,1343,1357,1371,1375,1379,1384,1388,1396,1401,1558,1563,1571,1575,1579,1588,1593,1597,1803,1807,1811,1816,1820,1824,1829,1837,1842,1846,1883,1999,2004,2009,2013,2018,2023,2028,2038,2042,2081]","[8,26,48,78,101,122,143,160,179,199,217,233,252,271,287,324,341,359,376,396,416,437,458,479,496,519,539,557,578,600,619,637,657,677,696,721,740,767,790,815,838,857,881,917,939,961,982,999,1019,1038,1056,1082,1098,1123,1140,1180,1199,1224,1243,1266,1283,1301,1327,1348,1380,1419,1438,1458,1481,1497,1522,1542,1624,1645,1670,1686,1708,1724,1745,1764,1788,1806,1823,1848,1865,1889,1909,1926,1945,1963,1979,2005,2022,2044,2061,2078,2098,2116,2134]","[49,54,58,60,65,69,169,173,177,181,185,189,289,293,297,301,309,409,413,418,421,425,429,511,515,520,525,530]","[8,26,48,78,101,122,143,160,179,199,217,233,252,271,287,324,341,359,376,396,416,437,458,479,496,519,539,557]",model_input_patch_grid
pilot,n133585,base,d20_spatial_uniform5,8,8,576,104,29,133,29,0.453125,"[1,0,1,1,1,1,0,1,0,0,0,0,0,0,0,0,1,1,0,1,1,1,0,1,0,0,0,0,0,0,0,0,1,1,0,1,1,1,0,1,1,1,0,1,1,1,0,1,0,0,0,0,0,0,0,0,1,0,1,1,0,1,0,1]",52,0.8125,"[2,2,2,3,6,3,6,2,2,3,2,0,4,0,8,0,3,2,0,1,2,2,5,1,0,2,0,0,1,0,2,0,2,1,2,2,1,2,1,3,4,3,0,2,1,4,3,1,3,1,0,2,2,4,3,1,4,0,1,2,3,3,3,3]",0,0,29,0.0,0.0,0.029411764705882353,0.6842105263157895,0.017543859649122806,0.6521739130434783,"[49,54,58,60,65,69,169,173,177,181,185,189,289,293,297,301,309,409,413,418,421,425,429,511,515,520,525,530,652,662,676,680,684,689,693,697,706,715,719,877,880,889,893,902,907,910,915,921,934,1117,1121,1125,1130,1134,1138,1143,1147,1155,1201,1313,1318,1343,1357,1371,1375,1379,1384,1388,1396,1401,1558,1563,1571,1575,1579,1588,1593,1597,1803,1807,1811,1816,1820,1824,1829,1837,1842,1846,1883,1999,2004,2009,2013,2018,2023,2028,2038,2042,2081]","[8,26,48,78,101,122,143,160,179,199,217,233,252,271,287,324,341,359,376,396,416,437,458,479,496,519,539,557,578,600,619,637,657,677,696,721,740,767,790,815,838,857,881,917,939,961,982,999,1019,1038,1056,1082,1098,1123,1140,1180,1199,1224,1243,1266,1283,1301,1327,1348,1380,1419,1438,1458,1481,1497,1522,1542,1624,1645,1670,1686,1708,1724,1745,1764,1788,1806,1823,1848,1865,1889,1909,1926,1945,1963,1979,2005,2022,2044,2061,2078,2098,2116,2134]","[49,54,58,60,65,69,169,173,177,181,185,189,289,293,297,301,309,409,413,418,421,425,429,511,515,520,525,530]","[8,26,48,78,101,122,143,160,179,199,217,233,252,271,287,324,341,359,376,396,416,437,458,479,496,519,539,557]",model_input_patch_grid
pilot,n133585,high,d20_index_uniform5,8,8,1536,319,76,395,56,0.875,"[2,0,2,1,1,1,0,3,0,1,1,2,1,0,1,3,1,1,2,1,1,2,1,1,1,1,2,1,0,2,2,0,1,1,1,2,1,1,1,0,1,1,1,2,1,1,1,2,1,1,2,1,1,0,2,2,1,1,2,1,1,2,1,1]",64,1.0,"[4,2,8,5,14,2,9,7,9,7,7,2,8,3,14,4,11,7,4,2,1,5,13,2,11,7,6,6,1,6,7,6,18,9,6,12,4,6,6,9,9,8,3,4,4,10,5,3,3,2,2,2,5,17,11,2,4,3,3,2,2,3,13,5]",,,,,,0.029411764705882353,0.6842105263157895,0.034013605442176874,0.6952789699570815,"[49,54,58,60,65,69,169,173,177,181,185,189,289,293,297,301,309,409,413,418,421,425,429,511,515,520,525,530,652,662,676,680,684,689,693,697,706,715,719,877,880,889,893,902,907,910,915,921,934,1117,1121,1125,1130,1134,1138,1143,1147,1155,1201,1313,1318,1343,1357,1371,1375,1379,1384,1388,1396,1401,1558,1563,1571,1575,1579,1588,1593,1597,1803,1807,1811,1816,1820,1824,1829,1837,1842,1846,1883,1999,2004,2009,2013,2018,2023,2028,2038,2042,2081]","[8,26,48,78,101,122,143,160,179,199,217,233,252,271,287,324,341,359,376,396,416,437,458,479,496,519,539,557,578,600,619,637,657,677,696,721,740,767,790,815,838,857,881,917,939,961,982,999,1019,1038,1056,1082,1098,1123,1140,1180,1199,1224,1243,1266,1283,1301,1327,1348,1380,1419,1438,1458,1481,1497,1522,1542,1624,1645,1670,1686,1708,1724,1745,1764,1788,1806,1823,1848,1865,1889,1909,1926,1945,1963,1979,2005,2022,2044,2061,2078,2098,2116,2134]","[652,662,676,680,684,689,693,697,706,715,719,877,880,889,893,902,907,910,915,921,934,1117,1121,1125,1130,1134,1138,1143,1147,1155,1201,1313,1318,1343,1357,1371,1375,1379,1384,1388,1396,1401,1558,1563,1571,1575,1579,1588,1593,1597,1803,1807,1811,1816,1820,1824,1829,1837,1842,1846,1883,1999,2004,2009,2013,2018,2023,2028,2038,2042,2081]","[578,600,619,637,657,677,696,721,740,767,790,815,838,857,881,917,939,961,982,999,1019,1038,1056,1082,1098,1123,1140,1180,1199,1224,1243,1266,1283,1301,1327,1348,1380,1419,1438,1458,1481,1497,1522,1542,1624,1645,1670,1686,1708,1724,1745,1764,1788,1806,1823,1848,1865,1889,1909,1926,1945,1963,1979,2005,2022,2044,2061,2078,2098,2116,2134]",model_input_patch_grid
pilot,n133585,high,d20_spatial_uniform5,8,8,1536,319,76,395,58,0.90625,"[1,2,1,2,1,1,2,1,1,2,1,2,1,1,2,1,1,2,1,2,1,1,1,1,1,1,0,0,0,1,1,1,0,1,1,1,2,0,2,0,1,2,1,2,1,1,2,1,1,2,1,2,1,1,2,1,1,1,2,1,1,2,1,1]",64,1.0,"[3,4,7,6,14,2,11,5,10,8,7,2,8,4,15,2,11,8,3,3,1,4,13,2,11,7,4,5,1,5,6,7,17,9,6,11,5,5,7,9,9,9,3,4,4,10,6,2,3,3,1,3,5,18,11,1,4,3,3,2,2,3,13,5]",0,0,76,0.0,0.0,0.029411764705882353,0.6842105263157895,0.034013605442176874,0.6952789699570815,"[49,54,58,60,65,69,169,173,177,181,185,189,289,293,297,301,309,409,413,418,421,425,429,511,515,520,525,530,652,662,676,680,684,689,693,697,706,715,719,877,880,889,893,902,907,910,915,921,934,1117,1121,1125,1130,1134,1138,1143,1147,1155,1201,1313,1318,1343,1357,1371,1375,1379,1384,1388,1396,1401,1558,1563,1571,1575,1579,1588,1593,1597,1803,1807,1811,1816,1820,1824,1829,1837,1842,1846,1883,1999,2004,2009,2013,2018,2023,2028,2038,2042,2081]","[8,26,48,78,101,122,143,160,179,199,217,233,252,271,287,324,341,359,376,396,416,437,458,479,496,519,539,557,578,600,619,637,657,677,696,721,740,767,790,815,838,857,881,917,939,961,982,999,1019,1038,1056,1082,1098,1123,1140,1180,1199,1224,1243,1266,1283,1301,1327,1348,1380,1419,1438,1458,1481,1497,1522,1542,1624,1645,1670,1686,1708,1724,1745,1764,1788,1806,1823,1848,1865,1889,1909,1926,1945,1963,1979,2005,2022,2044,2061,2078,2098,2116,2134]","[652,662,676,680,684,689,693,697,706,715,719,877,880,889,893,902,907,910,915,921,934,1117,1121,1125,1130,1134,1138,1143,1147,1155,1201,1313,1318,1343,1357,1371,1375,1379,1384,1388,1396,1401,1558,1563,1571,1575,1579,1588,1593,1597,1803,1807,1811,1816,1820,1824,1829,1837,1842,1846,1883,1999,2004,2009,2013,2018,2023,2028,2038,2042,2081]","[578,600,619,637,657,677,696,721,740,767,790,815,838,857,881,917,939,961,982,999,1019,1038,1056,1082,1098,1123,1140,1180,1199,1224,1243,1266,1283,1301,1327,1348,1380,1419,1438,1458,1481,1497,1522,1542,1624,1645,1670,1686,1708,1724,1745,1764,1788,1806,1823,1848,1865,1889,1909,1926,1945,1963,1979,2005,2022,2044,2061,2078,2098,2116,2134]",model_input_patch_grid
pilot,n154856,base,d20_index_uniform5,8,8,576,108,29,137,27,0.421875,"[1,0,1,1,0,0,1,0,0,1,0,0,2,0,0,1,1,0,1,0,0,1,1,0,0,0,0,1,1,0,1,0,0,1,1,1,0,0,0,0,0,2,1,0,0,0,0,0,1,0,0,0,1,1,1,0,1,0,1,0,1,0,1,0]",50,0.78125,"[2,2,4,2,0,0,2,2,1,1,1,0,3,1,0,1,1,0,3,1,1,3,5,3,1,4,1,4,5,3,1,0,4,4,3,7,6,4,0,0,0,3,2,3,6,4,5,1,4,3,0,0,2,5,2,2,2,0,1,0,3,1,2,0]",,,,,,0.03597122302158273,0.6861826697892272,0.05454545454545454,0.6809815950920245,"[49,53,57,61,65,69,165,173,177,181,185,265,270,297,301,305,309,401,409,417,421,429,511,515,525,544,651,656,660,663,667,671,675,679,683,827,837,845,852,856,860,869,878,984,1030,1033,1037,1045,1049,1053,1062,1079,1207,1211,1216,1220,1225,1229,1234,1238,1355,1359,1364,1368,1373,1377,1382]","[11,30,48,66,84,100,117,133,150,187,207,234,253,274,298,318,341,365,392,433,450,471,492,512,548,564,580,599,622,639,661,677,695,713,730,751,769,786,806,823,870,896,943,966,992,1012,1043,1063,1091,1121,1139,1165,1183,1203,1221,1242,1259,1282,1299,1317,1333,1354,1370,1404,1422,1439,1455]","[49,53,57,61,65,69,165,173,177,181,185,265,270,297,301,305,309,401,409,417,421,429,511,515,525,544]","[11,30,48,66,84,100,117,133,150,187,207,234,253,274,298,318,341,365,392,433,450,471,492,512,548,564]",model_input_patch_grid
pilot,n154856,base,d20_spatial_uniform5,8,8,576,108,29,137,29,0.453125,"[1,1,0,1,1,1,0,1,0,0,0,0,0,0,0,0,1,1,0,1,1,1,0,1,1,0,1,0,0,0,0,0,0,0,0,1,1,1,0,1,1,1,0,1,1,1,0,1,0,0,0,0,0,0,0,0,1,0,1,1,0,1,0,1]",54,0.84375,"[2,3,3,2,1,1,1,3,1,0,1,0,1,1,0,0,1,1,2,2,2,3,4,4,2,4,2,3,4,3,0,0,4,3,2,7,7,5,0,1,1,2,1,4,7,5,5,2,3,3,0,0,1,4,1,2,2,0,1,1,2,2,1,1]",0,0,29,0.0,0.0,0.03597122302158273,0.6861826697892272,0.05454545454545454,0.6809815950920245,"[49,53,57,61,65,69,165,173,177,181,185,265,270,297,301,305,309,401,409,417,421,429,511,515,525,544,651,656,660,663,667,671,675,679,683,827,837,845,852,856,860,869,878,984,1030,1033,1037,1045,1049,1053,1062,1079,1207,1211,1216,1220,1225,1229,1234,1238,1355,1359,1364,1368,1373,1377,1382]","[11,30,48,66,84,100,117,133,150,187,207,234,253,274,298,318,341,365,392,433,450,471,492,512,548,564,580,599,622,639,661,677,695,713,730,751,769,786,806,823,870,896,943,966,992,1012,1043,1063,1091,1121,1139,1165,1183,1203,1221,1242,1259,1282,1299,1317,1333,1354,1370,1404,1422,1439,1455]","[49,53,57,61,65,69,165,173,177,181,185,265,270,297,301,305,309,401,409,417,421,429,511,515,525,544]","[11,30,48,66,84,100,117,133,150,187,207,234,253,274,298,318,341,365,392,433,450,471,492,512,548,564]",model_input_patch_grid
pilot,n154856,high,d20_index_uniform5,8,8,864,180,43,223,30,0.46875,"[0,1,2,0,0,2,1,0,0,3,0,0,0,2,1,0,0,1,0,1,0,2,0,1,0,0,1,0,1,0,1,1,0,1,0,0,0,1,1,1,0,1,0,2,0,0,0,2,3,0,0,2,1,0,0,0,1,0,1,2,0,0,1,2]",55,0.859375,"[1,6,4,1,0,2,3,4,1,5,3,1,1,5,2,0,7,7,2,3,1,3,8,7,3,11,5,4,5,9,5,3,7,10,2,9,9,7,1,1,0,2,0,8,4,7,2,3,4,0,0,3,3,6,2,1,2,0,1,2,0,0,3,2]",,,,,,0.03597122302158273,0.6861826697892272,0.023809523809523808,0.6893939393939394,"[49,53,57,61,65,69,165,173,177,181,185,265,270,297,301,305,309,401,409,417,421,429,511,515,525,544,651,656,660,663,667,671,675,679,683,827,837,845,852,856,860,869,878,984,1030,1033,1037,1045,1049,1053,1062,1079,1207,1211,1216,1220,1225,1229,1234,1238,1355,1359,1364,1368,1373,1377,1382]","[11,30,48,66,84,100,117,133,150,187,207,234,253,274,298,318,341,365,392,433,450,471,492,512,548,564,580,599,622,639,661,677,695,713,730,751,769,786,806,823,870,896,943,966,992,1012,1043,1063,1091,1121,1139,1165,1183,1203,1221,1242,1259,1282,1299,1317,1333,1354,1370,1404,1422,1439,1455]","[651,656,660,663,667,671,675,679,683,827,837,845,852,856,860,869,878,984,1030,1033,1037,1045,1049,1053,1062,1079,1207,1211,1216,1220,1225,1229,1234,1238,1355,1359,1364,1368,1373,1377,1382]","[580,599,622,639,661,677,695,713,730,751,769,786,806,823,870,896,943,966,992,1012,1043,1063,1091,1121,1139,1165,1183,1203,1221,1242,1259,1282,1299,1317,1333,1354,1370,1404,1422,1439,1455]",model_input_patch_grid
pilot,n154856,high,d20_spatial_uniform5,8,8,864,180,43,223,39,0.609375,"[1,1,1,2,1,1,1,1,0,0,0,0,0,0,0,0,1,1,1,2,1,1,1,1,1,0,0,0,0,0,0,0,0,1,1,2,0,2,1,1,1,1,1,1,1,1,1,1,0,0,0,0,0,0,0,0,1,1,1,1,1,1,1,1]",61,0.953125,"[2,6,3,3,1,1,3,5,1,2,3,1,1,3,1,0,8,7,3,4,2,2,9,7,4,11,4,4,4,9,4,2,7,10,3,11,9,8,1,1,1,2,1,7,5,8,3,2,1,0,0,1,2,6,2,1,2,1,1,1,1,1,3,1]",0,0,43,0.0,0.0,0.03597122302158273,0.6861826697892272,0.023809523809523808,0.6893939393939394,"[49,53,57,61,65,69,165,173,177,181,185,265,270,297,301,305,309,401,409,417,421,429,511,515,525,544,651,656,660,663,667,671,675,679,683,827,837,845,852,856,860,869,878,984,1030,1033,1037,1045,1049,1053,1062,1079,1207,1211,1216,1220,1225,1229,1234,1238,1355,1359,1364,1368,1373,1377,1382]","[11,30,48,66,84,100,117,133,150,187,207,234,253,274,298,318,341,365,392,433,450,471,492,512,548,564,580,599,622,639,661,677,695,713,730,751,769,786,806,823,870,896,943,966,992,1012,1043,1063,1091,1121,1139,1165,1183,1203,1221,1242,1259,1282,1299,1317,1333,1354,1370,1404,1422,1439,1455]","[651,656,660,663,667,671,675,679,683,827,837,845,852,856,860,869,878,984,1030,1033,1037,1045,1049,1053,1062,1079,1207,1211,1216,1220,1225,1229,1234,1238,1355,1359,1364,1368,1373,1377,1382]","[580,599,622,639,661,677,695,713,730,751,769,786,806,823,870,896,943,966,992,1012,1043,1063,1091,1121,1139,1165,1183,1203,1221,1242,1259,1282,1299,1317,1333,1354,1370,1404,1422,1439,1455]",model_input_patch_grid
pilot,n16425,base,d20_index_uniform5,8,8,576,107,29,136,26,0.40625,"[0,1,0,1,0,1,0,1,1,0,0,2,0,0,1,0,1,1,0,0,1,0,1,1,0,0,1,0,1,1,0,0,2,0,0,0,1,0,1,0,1,0,0,0,0,1,0,0,0,1,0,2,0,0,0,1,0,0,1,1,0,1,0,0]",55,0.859375,"[1,2,1,2,1,1,2,2,1,1,0,2,0,0,1,1,2,1,0,2,1,0,2,1,0,1,2,3,3,1,4,1,3,1,3,2,3,0,4,2,6,5,5,5,3,3,8,5,4,5,3,3,1,1,2,2,0,1,3,1,0,2,1,7]",,,,,,0.030042918454935622,0.6830294530154277,0.017543859649122806,0.6585365853658537,"[49,53,57,61,65,69,169,173,177,181,185,189,289,293,297,301,305,309,409,413,417,421,425,429,506,511,515,524,675,679,683,687,691,695,699,703,711,719,920,924,928,932,936,940,948,952,956,960,964,1137,1165,1169,1173,1177,1181,1189,1193,1197,1205,1209,1366,1372,1379,1411,1423,1437,1441,1446,1450,1454,1607,1611,1615,1620,1624,1628,1633,1637,1642,1646,1650,1852,1856,1860,1864,1869,1873,1877,1882,1891,1895,1936,2097,2101,2105,2110,2114,2118,2123,2127,2132,2136,2140,2293,2297,2301,2306,2310,2314,2319,2323,2328,2332]","[10,29,46,64,81,98,114,130,146,162,180,196,214,231,252,272,290,312,330,349,375,408,443,465,483,503,539,559,580,596,614,635,654,671,689,729,746,781,802,819,838,855,872,888,909,927,961,978,994,1010,1027,1045,1062,1079,1096,1112,1129,1146,1162,1180,1218,1240,1262,1284,1311,1332,1358,1381,1402,1453,1512,1533,1557,1578,1598,1619,1635,1658,1679,1703,1729,1748,1780,1807,1845,1871,1893,1920,1939,1968,1986,2011,2034,2059,2075,2098,2116,2133,2154,2172,2189,2207,2224,2243,2259,2281,2299,2315,2353,2369,2394,2410,2426]","[49,53,57,61,65,69,169,173,177,181,185,189,289,293,297,301,305,309,409,413,417,421,425,429,506,511,515,524]","[10,29,46,64,81,98,114,130,146,162,180,196,214,231,252,272,290,312,330,349,375,408,443,465,483,503,539,559]",model_input_patch_grid
pilot,n16425,base,d20_spatial_uniform5,8,8,576,107,29,136,29,0.453125,"[1,1,0,1,1,1,0,1,0,0,0,0,0,0,0,0,1,1,0,1,1,1,0,1,0,0,0,0,0,0,0,0,1,1,0,1,1,1,0,1,1,1,0,1,1,1,0,1,0,0,0,0,0,0,0,0,1,0,1,1,0,1,1,0]",54,0.84375,"[2,2,1,2,2,1,2,2,0,1,0,0,0,0,0,1,2,1,0,3,1,1,1,1,0,1,1,3,2,0,4,1,2,2,3,3,3,1,3,3,6,6,5,6,4,3,8,6,4,4,3,1,1,1,2,1,1,1,3,1,0,2,2,7]",0,0,29,0.0,0.0,0.030042918454935622,0.6830294530154277,0.017543859649122806,0.6585365853658537,"[49,53,57,61,65,69,169,173,177,181,185,189,289,293,297,301,305,309,409,413,417,421,425,429,506,511,515,524,675,679,683,687,691,695,699,703,711,719,920,924,928,932,936,940,948,952,956,960,964,1137,1165,1169,1173,1177,1181,1189,1193,1197,1205,1209,1366,1372,1379,1411,1423,1437,1441,1446,1450,1454,1607,1611,1615,1620,1624,1628,1633,1637,1642,1646,1650,1852,1856,1860,1864,1869,1873,1877,1882,1891,1895,1936,2097,2101,2105,2110,2114,2118,2123,2127,2132,2136,2140,2293,2297,2301,2306,2310,2314,2319,2323,2328,2332]","[10,29,46,64,81,98,114,130,146,162,180,196,214,231,252,272,290,312,330,349,375,408,443,465,483,503,539,559,580,596,614,635,654,671,689,729,746,781,802,819,838,855,872,888,909,927,961,978,994,1010,1027,1045,1062,1079,1096,1112,1129,1146,1162,1180,1218,1240,1262,1284,1311,1332,1358,1381,1402,1453,1512,1533,1557,1578,1598,1619,1635,1658,1679,1703,1729,1748,1780,1807,1845,1871,1893,1920,1939,1968,1986,2011,2034,2059,2075,2098,2116,2133,2154,2172,2189,2207,2224,2243,2259,2281,2299,2315,2353,2369,2394,2410,2426]","[49,53,57,61,65,69,169,173,177,181,185,189,289,293,297,301,305,309,409,413,417,421,425,429,506,511,515,524]","[10,29,46,64,81,98,114,130,146,162,180,196,214,231,252,272,290,312,330,349,375,408,443,465,483,503,539,559]",model_input_patch_grid
pilot,n16425,high,d20_index_uniform5,8,8,1824,373,91,464,52,0.8125,"[1,3,1,2,1,2,2,2,1,2,1,1,2,1,1,2,1,1,3,0,2,2,1,3,2,0,0,4,0,0,0,3,4,0,1,1,3,1,0,2,0,1,0,2,1,0,1,2,1,1,2,2,2,0,3,1,2,1,3,1,2,1,2,1]",64,1.0,"[3,5,2,8,8,5,4,7,3,3,1,4,6,1,2,2,1,2,7,8,5,3,4,5,10,15,16,17,10,12,14,13,16,7,6,9,8,5,9,13,10,15,12,12,8,5,13,11,9,10,9,3,4,5,8,12,5,1,3,3,4,4,6,13]",,,,,,0.030042918454935622,0.6830294530154277,0.03409090909090909,0.6903460837887068,"[49,53,57,61,65,69,169,173,177,181,185,189,289,293,297,301,305,309,409,413,417,421,425,429,506,511,515,524,675,679,683,687,691,695,699,703,711,719,920,924,928,932,936,940,948,952,956,960,964,1137,1165,1169,1173,1177,1181,1189,1193,1197,1205,1209,1366,1372,1379,1411,1423,1437,1441,1446,1450,1454,1607,1611,1615,1620,1624,1628,1633,1637,1642,1646,1650,1852,1856,1860,1864,1869,1873,1877,1882,1891,1895,1936,2097,2101,2105,2110,2114,2118,2123,2127,2132,2136,2140,2293,2297,2301,2306,2310,2314,2319,2323,2328,2332]","[10,29,46,64,81,98,114,130,146,162,180,196,214,231,252,272,290,312,330,349,375,408,443,465,483,503,539,559,580,596,614,635,654,671,689,729,746,781,802,819,838,855,872,888,909,927,961,978,994,1010,1027,1045,1062,1079,1096,1112,1129,1146,1162,1180,1218,1240,1262,1284,1311,1332,1358,1381,1402,1453,1512,1533,1557,1578,1598,1619,1635,1658,1679,1703,1729,1748,1780,1807,1845,1871,1893,1920,1939,1968,1986,2011,2034,2059,2075,2098,2116,2133,2154,2172,2189,2207,2224,2243,2259,2281,2299,2315,2353,2369,2394,2410,2426]","[675,679,683,687,691,695,699,703,711,719,920,924,928,932,936,940,948,952,956,960,964,1137,1165,1169,1173,1177,1181,1189,1193,1197,1205,1209,1366,1372,1379,1411,1423,1437,1441,1446,1450,1454,1607,1611,1615,1620,1624,1628,1633,1637,1642,1646,1650,1852,1856,1860,1864,1869,1873,1877,1882,1891,1895,1936,2097,2101,2105,2110,2114,2118,2123,2127,2132,2136,2140,2293,2297,2301,2306,2310,2314,2319,2323,2328,2332]","[580,596,614,635,654,671,689,729,746,781,802,819,838,855,872,888,909,927,961,978,994,1010,1027,1045,1062,1079,1096,1112,1129,1146,1162,1180,1218,1240,1262,1284,1311,1332,1358,1381,1402,1453,1512,1533,1557,1578,1598,1619,1635,1658,1679,1703,1729,1748,1780,1807,1845,1871,1893,1920,1939,1968,1986,2011,2034,2059,2075,2098,2116,2133,2154,2172,2189,2207,2224,2243,2259,2281,2299,2315,2353,2369,2394,2410,2426]",model_input_patch_grid
pilot,n16425,high,d20_spatial_uniform5,8,8,1824,373,91,464,64,1.0,"[2,1,2,1,2,1,2,1,2,1,2,1,2,1,2,1,2,1,2,1,2,1,2,1,1,1,2,2,1,1,2,1,1,2,1,2,1,1,2,1,1,2,1,2,1,1,2,1,1,2,1,2,1,1,2,1,1,2,1,2,1,1,2,1]",64,1.0,"[4,3,3,7,9,4,4,6,4,2,2,4,6,1,3,1,2,2,6,9,5,2,5,3,9,16,18,15,11,13,16,11,13,9,6,10,6,5,11,12,11,16,13,12,8,6,14,10,9,11,8,3,3,6,7,12,4,2,1,4,3,4,6,13]",0,0,91,0.0,0.0,0.030042918454935622,0.6830294530154277,0.03409090909090909,0.6903460837887068,"[49,53,57,61,65,69,169,173,177,181,185,189,289,293,297,301,305,309,409,413,417,421,425,429,506,511,515,524,675,679,683,687,691,695,699,703,711,719,920,924,928,932,936,940,948,952,956,960,964,1137,1165,1169,1173,1177,1181,1189,1193,1197,1205,1209,1366,1372,1379,1411,1423,1437,1441,1446,1450,1454,1607,1611,1615,1620,1624,1628,1633,1637,1642,1646,1650,1852,1856,1860,1864,1869,1873,1877,1882,1891,1895,1936,2097,2101,2105,2110,2114,2118,2123,2127,2132,2136,2140,2293,2297,2301,2306,2310,2314,2319,2323,2328,2332]","[10,29,46,64,81,98,114,130,146,162,180,196,214,231,252,272,290,312,330,349,375,408,443,465,483,503,539,559,580,596,614,635,654,671,689,729,746,781,802,819,838,855,872,888,909,927,961,978,994,1010,1027,1045,1062,1079,1096,1112,1129,1146,1162,1180,1218,1240,1262,1284,1311,1332,1358,1381,1402,1453,1512,1533,1557,1578,1598,1619,1635,1658,1679,1703,1729,1748,1780,1807,1845,1871,1893,1920,1939,1968,1986,2011,2034,2059,2075,2098,2116,2133,2154,2172,2189,2207,2224,2243,2259,2281,2299,2315,2353,2369,2394,2410,2426]","[675,679,683,687,691,695,699,703,711,719,920,924,928,932,936,940,948,952,956,960,964,1137,1165,1169,1173,1177,1181,1189,1193,1197,1205,1209,1366,1372,1379,1411,1423,1437,1441,1446,1450,1454,1607,1611,1615,1620,1624,1628,1633,1637,1642,1646,1650,1852,1856,1860,1864,1869,1873,1877,1882,1891,1895,1936,2097,2101,2105,2110,2114,2118,2123,2127,2132,2136,2140,2293,2297,2301,2306,2310,2314,2319,2323,2328,2332]","[580,596,614,635,654,671,689,729,746,781,802,819,838,855,872,888,909,927,961,978,994,1010,1027,1045,1062,1079,1096,1112,1129,1146,1162,1180,1218,1240,1262,1284,1311,1332,1358,1381,1402,1453,1512,1533,1557,1578,1598,1619,1635,1658,1679,1703,1729,1748,1780,1807,1845,1871,1893,1920,1939,1968,1986,2011,2034,2059,2075,2098,2116,2133,2154,2172,2189,2207,2224,2243,2259,2281,2299,2315,2353,2369,2394,2410,2426]",model_input_patch_grid
pilot,n166008,base,d20_index_uniform5,8,8,576,113,29,142,27,0.421875,"[2,0,1,0,0,0,1,0,0,1,0,1,1,0,0,0,1,1,1,0,0,0,1,0,0,0,1,0,1,0,1,0,1,0,0,0,1,0,1,1,2,0,1,0,0,0,0,1,0,0,0,1,0,1,0,1,1,1,1,0,0,1,0,0]",56,0.875,"[2,0,2,0,1,3,4,4,1,2,1,4,4,2,4,1,3,3,3,2,5,0,4,0,1,1,5,4,4,0,1,0,1,1,0,6,5,1,2,1,4,0,3,4,6,1,1,1,3,1,1,3,5,3,1,1,1,3,3,2,1,3,2,1]",,,,,,0.03139013452914798,0.6842105263157895,0.05454545454545454,0.6904761904761905,"[49,53,57,61,65,69,169,174,178,181,185,189,274,293,301,305,409,413,417,425,429,446,506,515,521,525,644,676,680,684,697,702,707,719,759,872,885,889,894,907,911,915,925,951,1117,1121,1125,1130,1134,1138,1143,1151,1156,1160,1196,1325,1362,1366,1371,1379,1383,1387,1392,1397,1401,1405,1558,1562,1566,1571,1574,1584,1588,1593,1597,1602,1628,1758,1781,1803,1811,1816,1820,1824,1833,1838,1842,1846,1999,2004,2008,2014,2018,2023,2028,2032,2037,2042,2195,2200,2204,2209,2214,2219,2224,2228,2233,2238]","[8,26,48,66,85,105,125,150,171,192,212,234,254,270,330,349,366,386,410,430,453,471,489,531,552,569,585,604,625,647,672,732,749,773,789,811,833,856,878,912,969,989,1012,1030,1050,1070,1089,1109,1126,1142,1165,1182,1200,1218,1245,1264,1291,1308,1333,1353,1372,1393,1411,1438,1459,1491,1512,1539,1556,1572,1594,1613,1635,1655,1671,1689,1708,1734,1753,1784,1809,1834,1858,1874,1894,1916,1939,1962,1978,1997,2016,2033,2051,2068,2090,2110,2130,2147,2166,2182,2199,2216,2234,2254,2274,2295,2311,2330]","[49,53,57,61,65,69,169,174,178,181,185,189,274,293,301,305,409,413,417,425,429,446,506,515,521,525]","[8,26,48,66,85,105,125,150,171,192,212,234,254,270,330,349,366,386,410,430,453,471,489,531,552,569]",model_input_patch_grid
pilot,n166008,base,d20_spatial_uniform5,8,8,576,113,29,142,29,0.453125,"[1,1,0,1,1,1,0,1,0,0,0,0,0,0,0,0,1,0,1,1,1,1,0,1,0,0,0,1,0,0,0,0,1,1,0,0,1,1,0,1,1,1,0,1,0,1,0,1,0,0,0,0,1,0,0,0,1,0,1,1,0,1,0,1]",59,0.921875,"[1,1,1,1,2,4,3,5,1,1,1,3,3,2,4,1,3,2,3,3,6,1,3,1,1,1,4,5,3,0,0,0,1,2,0,6,5,2,1,1,3,1,2,5,6,2,1,1,3,1,1,2,6,2,1,0,1,2,3,3,1,3,2,2]",0,0,29,0.0,0.0,0.03139013452914798,0.6842105263157895,0.05454545454545454,0.6904761904761905,"[49,53,57,61,65,69,169,174,178,181,185,189,274,293,301,305,409,413,417,425,429,446,506,515,521,525,644,676,680,684,697,702,707,719,759,872,885,889,894,907,911,915,925,951,1117,1121,1125,1130,1134,1138,1143,1151,1156,1160,1196,1325,1362,1366,1371,1379,1383,1387,1392,1397,1401,1405,1558,1562,1566,1571,1574,1584,1588,1593,1597,1602,1628,1758,1781,1803,1811,1816,1820,1824,1833,1838,1842,1846,1999,2004,2008,2014,2018,2023,2028,2032,2037,2042,2195,2200,2204,2209,2214,2219,2224,2228,2233,2238]","[8,26,48,66,85,105,125,150,171,192,212,234,254,270,330,349,366,386,410,430,453,471,489,531,552,569,585,604,625,647,672,732,749,773,789,811,833,856,878,912,969,989,1012,1030,1050,1070,1089,1109,1126,1142,1165,1182,1200,1218,1245,1264,1291,1308,1333,1353,1372,1393,1411,1438,1459,1491,1512,1539,1556,1572,1594,1613,1635,1655,1671,1689,1708,1734,1753,1784,1809,1834,1858,1874,1894,1916,1939,1962,1978,1997,2016,2033,2051,2068,2090,2110,2130,2147,2166,2182,2199,2216,2234,2254,2274,2295,2311,2330]","[49,53,57,61,65,69,169,174,178,181,185,189,274,293,301,305,409,413,417,425,429,446,506,515,521,525]","[8,26,48,66,85,105,125,150,171,192,212,234,254,270,330,349,366,386,410,430,453,471,489,531,552,569]",model_input_patch_grid
pilot,n166008,high,d20_index_uniform5,8,8,1728,348,86,434,52,0.8125,"[1,2,1,1,2,0,1,1,2,2,2,1,1,1,1,2,2,1,1,2,1,1,1,1,3,0,1,1,2,2,0,2,3,1,1,0,0,3,1,0,3,2,1,0,1,4,0,1,2,0,2,2,0,1,2,1,2,1,2,3,0,2,3,0]",64,1.0,"[3,4,7,3,3,10,13,5,6,10,10,4,12,13,12,4,4,3,5,2,3,11,3,3,6,6,17,16,14,5,2,6,6,3,4,19,10,5,4,4,15,5,6,14,16,6,5,5,14,2,3,3,6,8,5,1,5,9,2,4,7,9,3,1]",,,,,,0.03139013452914798,0.6842105263157895,0.023809523809523808,0.6821705426356589,"[49,53,57,61,65,69,169,174,178,181,185,189,274,293,301,305,409,413,417,425,429,446,506,515,521,525,644,676,680,684,697,702,707,719,759,872,885,889,894,907,911,915,925,951,1117,1121,1125,1130,1134,1138,1143,1151,1156,1160,1196,1325,1362,1366,1371,1379,1383,1387,1392,1397,1401,1405,1558,1562,1566,1571,1574,1584,1588,1593,1597,1602,1628,1758,1781,1803,1811,1816,1820,1824,1833,1838,1842,1846,1999,2004,2008,2014,2018,2023,2028,2032,2037,2042,2195,2200,2204,2209,2214,2219,2224,2228,2233,2238]","[8,26,48,66,85,105,125,150,171,192,212,234,254,270,330,349,366,386,410,430,453,471,489,531,552,569,585,604,625,647,672,732,749,773,789,811,833,856,878,912,969,989,1012,1030,1050,1070,1089,1109,1126,1142,1165,1182,1200,1218,1245,1264,1291,1308,1333,1353,1372,1393,1411,1438,1459,1491,1512,1539,1556,1572,1594,1613,1635,1655,1671,1689,1708,1734,1753,1784,1809,1834,1858,1874,1894,1916,1939,1962,1978,1997,2016,2033,2051,2068,2090,2110,2130,2147,2166,2182,2199,2216,2234,2254,2274,2295,2311,2330]","[644,676,680,684,697,702,707,719,759,872,885,889,894,907,911,915,925,951,1117,1121,1125,1130,1134,1138,1143,1151,1156,1160,1196,1325,1362,1366,1371,1379,1383,1387,1392,1397,1401,1405,1558,1562,1566,1571,1574,1584,1588,1593,1597,1602,1628,1758,1781,1803,1811,1816,1820,1824,1833,1838,1842,1846,1999,2004,2008,2014,2018,2023,2028,2032,2037,2042,2195,2200,2204,2209,2214,2219,2224,2228,2233,2238]","[585,604,625,647,672,732,749,773,789,811,833,856,878,912,969,989,1012,1030,1050,1070,1089,1109,1126,1142,1165,1182,1200,1218,1245,1264,1291,1308,1333,1353,1372,1393,1411,1438,1459,1491,1512,1539,1556,1572,1594,1613,1635,1655,1671,1689,1708,1734,1753,1784,1809,1834,1858,1874,1894,1916,1939,1962,1978,1997,2016,2033,2051,2068,2090,2110,2130,2147,2166,2182,2199,2216,2234,2254,2274,2295,2311,2330]",model_input_patch_grid
pilot,n166008,high,d20_spatial_uniform5,8,8,1728,348,86,434,64,1.0,"[1,2,1,2,1,1,2,1,1,2,1,1,2,1,2,1,1,2,1,2,1,1,2,1,1,2,1,2,1,1,2,1,1,2,1,2,1,1,2,1,1,2,1,2,1,1,2,1,1,2,1,1,1,2,1,1,1,2,1,1,1,2,1,1]",64,1.0,"[3,4,7,4,2,11,14,5,5,10,9,4,13,13,13,3,3,4,5,2,3,11,4,3,4,8,17,17,13,4,4,5,4,4,4,21,11,3,5,5,13,5,6,16,16,3,7,5,13,4,2,2,7,9,4,1,4,10,1,2,8,9,1,2]",0,0,86,0.0,0.0,0.03139013452914798,0.6842105263157895,0.023809523809523808,0.6821705426356589,"[49,53,57,61,65,69,169,174,178,181,185,189,274,293,301,305,409,413,417,425,429,446,506,515,521,525,644,676,680,684,697,702,707,719,759,872,885,889,894,907,911,915,925,951,1117,1121,1125,1130,1134,1138,1143,1151,1156,1160,1196,1325,1362,1366,1371,1379,1383,1387,1392,1397,1401,1405,1558,1562,1566,1571,1574,1584,1588,1593,1597,1602,1628,1758,1781,1803,1811,1816,1820,1824,1833,1838,1842,1846,1999,2004,2008,2014,2018,2023,2028,2032,2037,2042,2195,2200,2204,2209,2214,2219,2224,2228,2233,2238]","[8,26,48,66,85,105,125,150,171,192,212,234,254,270,330,349,366,386,410,430,453,471,489,531,552,569,585,604,625,647,672,732,749,773,789,811,833,856,878,912,969,989,1012,1030,1050,1070,1089,1109,1126,1142,1165,1182,1200,1218,1245,1264,1291,1308,1333,1353,1372,1393,1411,1438,1459,1491,1512,1539,1556,1572,1594,1613,1635,1655,1671,1689,1708,1734,1753,1784,1809,1834,1858,1874,1894,1916,1939,1962,1978,1997,2016,2033,2051,2068,2090,2110,2130,2147,2166,2182,2199,2216,2234,2254,2274,2295,2311,2330]","[644,676,680,684,697,702,707,719,759,872,885,889,894,907,911,915,925,951,1117,1121,1125,1130,1134,1138,1143,1151,1156,1160,1196,1325,1362,1366,1371,1379,1383,1387,1392,1397,1401,1405,1558,1562,1566,1571,1574,1584,1588,1593,1597,1602,1628,1758,1781,1803,1811,1816,1820,1824,1833,1838,1842,1846,1999,2004,2008,2014,2018,2023,2028,2032,2037,2042,2195,2200,2204,2209,2214,2219,2224,2228,2233,2238]","[585,604,625,647,672,732,749,773,789,811,833,856,878,912,969,989,1012,1030,1050,1070,1089,1109,1126,1142,1165,1182,1200,1218,1245,1264,1291,1308,1333,1353,1372,1393,1411,1438,1459,1491,1512,1539,1556,1572,1594,1613,1635,1655,1671,1689,1708,1734,1753,1784,1809,1834,1858,1874,1894,1916,1939,1962,1978,1997,2016,2033,2051,2068,2090,2110,2130,2147,2166,2182,2199,2216,2234,2254,2274,2295,2311,2330]",model_input_patch_grid
pilot,n16656,base,d20_index_uniform5,8,8,576,121,28,149,25,0.390625,"[0,0,1,1,1,0,0,0,1,0,0,0,0,0,1,2,0,1,0,1,0,1,0,1,0,0,1,0,1,0,0,1,1,0,1,0,0,1,1,0,2,0,0,0,0,0,0,1,1,2,0,0,0,0,0,0,1,0,1,0,1,0,0,1]",58,0.90625,"[2,1,3,5,6,2,0,1,2,1,3,5,3,4,2,2,1,2,0,4,3,5,0,1,2,2,1,1,1,4,1,1,1,2,2,0,1,3,3,1,3,3,4,3,2,4,3,5,1,3,4,1,5,4,3,5,1,0,2,3,2,0,2,2]",,,,,,0.036036036036036036,0.6866764275256223,0.05660377358490566,0.7126436781609196,"[49,53,58,61,65,69,169,173,181,185,189,293,297,301,306,310,391,410,419,425,428,506,511,520,539,644,676,680,684,689,697,702,706,711,719,872,876,880,885,889,894,898,907,911,915,951,1117,1121,1125,1130,1134,1139,1143,1147,1152,1155,1160,1317,1321,1326,1335,1339,1343,1352,1356,1379,1397,1535,1558,1563,1567,1571,1575,1581,1589,1593,1596,1601,1754,1807,1811,1816,1821,1829,1833,1837,1842,1846,1998,2003,2007,2012,2016,2025,2029,2034,2038,2195,2200,2204,2209,2214,2219,2224,2228,2233,2238]","[14,34,54,73,95,117,139,161,196,215,237,254,271,307,327,344,362,382,408,434,459,485,505,541,559,577,596,617,634,660,677,696,732,755,773,796,814,832,857,877,895,916,934,954,974,990,1009,1028,1045,1067,1083,1104,1123,1141,1164,1180,1197,1218,1237,1258,1276,1293,1331,1351,1368,1387,1405,1428,1459,1477,1511,1537,1561,1590,1612,1637,1656,1677,1700,1720,1742,1761,1784,1804,1848,1875,1897,1921,1942,1967,1995,2061,2084,2102,2123,2141,2161,2180,2197,2213,2229,2246,2263,2279,2296,2314,2330]","[49,53,58,61,65,69,169,173,181,185,189,293,297,301,306,310,391,410,419,425,428,506,511,520,539]","[14,34,54,73,95,117,139,161,196,215,237,254,271,307,327,344,362,382,408,434,459,485,505,541,559]",model_input_patch_grid
pilot,n16656,base,d20_spatial_uniform5,8,8,576,121,28,149,28,0.4375,"[1,1,0,1,1,1,0,1,0,0,0,0,0,0,0,0,1,1,0,1,1,1,0,1,0,0,0,0,0,0,0,0,1,1,0,1,1,0,1,1,1,0,1,1,0,1,1,0,0,0,0,0,0,0,0,0,1,0,1,1,0,1,0,1]",55,0.859375,"[3,2,2,5,6,3,0,2,1,1,3,5,3,4,1,0,2,2,0,4,4,5,0,1,2,2,0,1,0,4,1,0,1,3,1,1,2,2,3,2,2,3,5,4,2,5,4,4,0,1,4,1,5,4,3,5,1,0,2,4,1,1,2,2]",0,0,28,0.0,0.0,0.036036036036036036,0.6866764275256223,0.05660377358490566,0.7126436781609196,"[49,53,58,61,65,69,169,173,181,185,189,293,297,301,306,310,391,410,419,425,428,506,511,520,539,644,676,680,684,689,697,702,706,711,719,872,876,880,885,889,894,898,907,911,915,951,1117,1121,1125,1130,1134,1139,1143,1147,1152,1155,1160,1317,1321,1326,1335,1339,1343,1352,1356,1379,1397,1535,1558,1563,1567,1571,1575,1581,1589,1593,1596,1601,1754,1807,1811,1816,1821,1829,1833,1837,1842,1846,1998,2003,2007,2012,2016,2025,2029,2034,2038,2195,2200,2204,2209,2214,2219,2224,2228,2233,2238]","[14,34,54,73,95,117,139,161,196,215,237,254,271,307,327,344,362,382,408,434,459,485,505,541,559,577,596,617,634,660,677,696,732,755,773,796,814,832,857,877,895,916,934,954,974,990,1009,1028,1045,1067,1083,1104,1123,1141,1164,1180,1197,1218,1237,1258,1276,1293,1331,1351,1368,1387,1405,1428,1459,1477,1511,1537,1561,1590,1612,1637,1656,1677,1700,1720,1742,1761,1784,1804,1848,1875,1897,1921,1942,1967,1995,2061,2084,2102,2123,2141,2161,2180,2197,2213,2229,2246,2263,2279,2296,2314,2330]","[49,53,58,61,65,69,169,173,181,185,189,293,297,301,306,310,391,410,419,425,428,506,511,520,539]","[14,34,54,73,95,117,139,161,196,215,237,254,271,307,327,344,362,382,408,434,459,485,505,541,559]",model_input_patch_grid
pilot,n16656,high,d20_index_uniform5,8,8,1728,340,87,427,50,0.78125,"[2,2,0,2,0,2,2,0,1,3,1,1,2,1,2,2,2,2,2,0,2,1,1,0,2,1,1,2,2,1,1,2,3,1,0,1,0,3,0,0,2,1,1,2,1,1,1,3,0,0,1,3,0,0,1,3,3,1,1,3,1,0,4,1]",63,0.984375,"[3,2,8,12,10,4,2,0,4,6,3,12,6,13,5,4,4,3,2,4,5,9,6,5,5,3,4,16,4,9,13,2,8,5,1,18,17,15,4,4,10,7,7,11,19,5,7,7,4,7,10,12,11,3,9,8,3,5,4,6,4,2,5,1]",,,,,,0.036036036036036036,0.6866764275256223,0.029585798816568046,0.6777996070726916,"[49,53,58,61,65,69,169,173,181,185,189,293,297,301,306,310,391,410,419,425,428,506,511,520,539,644,676,680,684,689,697,702,706,711,719,872,876,880,885,889,894,898,907,911,915,951,1117,1121,1125,1130,1134,1139,1143,1147,1152,1155,1160,1317,1321,1326,1335,1339,1343,1352,1356,1379,1397,1535,1558,1563,1567,1571,1575,1581,1589,1593,1596,1601,1754,1807,1811,1816,1821,1829,1833,1837,1842,1846,1998,2003,2007,2012,2016,2025,2029,2034,2038,2195,2200,2204,2209,2214,2219,2224,2228,2233,2238]","[14,34,54,73,95,117,139,161,196,215,237,254,271,307,327,344,362,382,408,434,459,485,505,541,559,577,596,617,634,660,677,696,732,755,773,796,814,832,857,877,895,916,934,954,974,990,1009,1028,1045,1067,1083,1104,1123,1141,1164,1180,1197,1218,1237,1258,1276,1293,1331,1351,1368,1387,1405,1428,1459,1477,1511,1537,1561,1590,1612,1637,1656,1677,1700,1720,1742,1761,1784,1804,1848,1875,1897,1921,1942,1967,1995,2061,2084,2102,2123,2141,2161,2180,2197,2213,2229,2246,2263,2279,2296,2314,2330]","[644,676,680,684,689,697,702,706,711,719,872,876,880,885,889,894,898,907,911,915,951,1117,1121,1125,1130,1134,1139,1143,1147,1152,1155,1160,1317,1321,1326,1335,1339,1343,1352,1356,1379,1397,1535,1558,1563,1567,1571,1575,1581,1589,1593,1596,1601,1754,1807,1811,1816,1821,1829,1833,1837,1842,1846,1998,2003,2007,2012,2016,2025,2029,2034,2038,2195,2200,2204,2209,2214,2219,2224,2228,2233,2238]","[577,596,617,634,660,677,696,732,755,773,796,814,832,857,877,895,916,934,954,974,990,1009,1028,1045,1067,1083,1104,1123,1141,1164,1180,1197,1218,1237,1258,1276,1293,1331,1351,1368,1387,1405,1428,1459,1477,1511,1537,1561,1590,1612,1637,1656,1677,1700,1720,1742,1761,1784,1804,1848,1875,1897,1921,1942,1967,1995,2061,2084,2102,2123,2141,2161,2180,2197,2213,2229,2246,2263,2279,2296,2314,2330]",model_input_patch_grid
pilot,n16656,high,d20_spatial_uniform5,8,8,1728,340,87,427,64,1.0,"[1,2,1,2,1,1,2,1,1,2,1,1,2,1,2,1,1,2,1,1,2,1,2,1,1,2,1,1,2,1,2,1,1,2,1,1,2,1,2,1,1,2,1,2,1,1,2,1,1,2,1,2,1,1,2,1,1,2,1,1,1,2,1,1]",64,1.0,"[2,2,9,12,11,3,2,1,4,5,3,12,6,13,5,3,3,3,1,5,5,9,7,6,4,4,4,15,4,9,14,1,6,6,2,18,19,13,6,5,9,8,7,11,19,5,8,5,5,9,10,11,12,4,10,6,1,6,4,4,4,4,2,1]",0,0,87,0.0,0.0,0.036036036036036036,0.6866764275256223,0.029585798816568046,0.6777996070726916,"[49,53,58,61,65,69,169,173,181,185,189,293,297,301,306,310,391,410,419,425,428,506,511,520,539,644,676,680,684,689,697,702,706,711,719,872,876,880,885,889,894,898,907,911,915,951,1117,1121,1125,1130,1134,1139,1143,1147,1152,1155,1160,1317,1321,1326,1335,1339,1343,1352,1356,1379,1397,1535,1558,1563,1567,1571,1575,1581,1589,1593,1596,1601,1754,1807,1811,1816,1821,1829,1833,1837,1842,1846,1998,2003,2007,2012,2016,2025,2029,2034,2038,2195,2200,2204,2209,2214,2219,2224,2228,2233,2238]","[14,34,54,73,95,117,139,161,196,215,237,254,271,307,327,344,362,382,408,434,459,485,505,541,559,577,596,617,634,660,677,696,732,755,773,796,814,832,857,877,895,916,934,954,974,990,1009,1028,1045,1067,1083,1104,1123,1141,1164,1180,1197,1218,1237,1258,1276,1293,1331,1351,1368,1387,1405,1428,1459,1477,1511,1537,1561,1590,1612,1637,1656,1677,1700,1720,1742,1761,1784,1804,1848,1875,1897,1921,1942,1967,1995,2061,2084,2102,2123,2141,2161,2180,2197,2213,2229,2246,2263,2279,2296,2314,2330]","[644,676,680,684,689,697,702,706,711,719,872,876,880,885,889,894,898,907,911,915,951,1117,1121,1125,1130,1134,1139,1143,1147,1152,1155,1160,1317,1321,1326,1335,1339,1343,1352,1356,1379,1397,1535,1558,1563,1567,1571,1575,1581,1589,1593,1596,1601,1754,1807,1811,1816,1821,1829,1833,1837,1842,1846,1998,2003,2007,2012,2016,2025,2029,2034,2038,2195,2200,2204,2209,2214,2219,2224,2228,2233,2238]","[577,596,617,634,660,677,696,732,755,773,796,814,832,857,877,895,916,934,954,974,990,1009,1028,1045,1067,1083,1104,1123,1141,1164,1180,1197,1218,1237,1258,1276,1293,1331,1351,1368,1387,1405,1428,1459,1477,1511,1537,1561,1590,1612,1637,1656,1677,1700,1720,1742,1761,1784,1804,1848,1875,1897,1921,1942,1967,1995,2061,2084,2102,2123,2141,2161,2180,2197,2213,2229,2246,2263,2279,2296,2314,2330]",model_input_patch_grid
pilot,n195249,base,d20_index_uniform5,8,8,576,89,30,119,29,0.453125,"[1,0,0,1,0,1,0,1,0,0,1,0,0,2,0,0,0,1,0,1,0,1,0,1,0,1,0,0,0,1,1,1,0,1,0,1,0,0,1,1,1,0,1,0,1,0,0,1,1,0,0,1,0,1,0,1,0,0,1,0,1,0,0,1]",51,0.796875,"[2,0,1,3,4,1,0,1,2,1,2,8,6,2,0,2,1,1,0,6,1,1,0,1,0,2,0,9,3,1,3,1,0,1,1,5,3,1,1,1,2,0,2,3,3,2,1,1,3,0,1,4,2,2,0,2,1,0,2,3,3,0,3,1]",,,,,,0.03409090909090909,0.6857670979667283,0.034482758620689655,0.6190476190476191,"[49,53,57,62,65,69,169,173,177,181,189,265,270,278,281,285,298,385,389,394,398,401,405,505,509,513,517,521,597,676,680,684,689,693,702,706,711,719,872,877,881,896,901,905,910,915,940,1092,1097,1106,1117,1122,1126,1131,1136,1150,1160,1313,1318,1322,1328,1339,1342,1346,1351,1356,1381,1509,1514,1523,1542,1547,1552,1582,1587,1705,1710,1714,1724,1734,1738,1743,1748,1768,1778]","[9,25,45,64,87,112,128,148,167,202,219,238,258,280,299,317,335,355,374,391,410,429,448,465,482,503,542,558,579,596,617,634,657,674,690,732,755,772,788,814,831,853,870,908,925,949,966,983,1008,1026,1049,1067,1093,1112,1132,1166,1218,1254,1273,1303,1320,1347,1365,1393,1415,1440,1460,1483,1501,1543,1560,1594,1611,1627,1646,1664,1688,1706,1733,1749,1766,1788,1805,1822,1840]","[49,53,57,62,65,69,169,173,177,181,189,265,270,278,281,285,298,385,389,394,398,401,405,505,509,513,517,521]","[9,25,45,64,87,112,128,148,167,202,219,238,258,280,299,317,335,355,374,391,410,429,448,465,482,503,542,558]",model_input_patch_grid
pilot,n195249,base,d20_spatial_uniform5,8,8,576,89,30,119,30,0.46875,"[1,1,0,1,1,1,0,1,0,0,0,0,0,0,0,0,1,1,0,1,1,1,0,1,1,0,1,0,1,1,0,1,0,0,0,1,0,0,0,0,1,1,0,1,1,1,0,1,0,0,0,0,0,0,0,0,1,1,0,1,1,1,0,1]",53,0.828125,"[2,1,1,3,5,1,0,1,2,1,1,8,6,0,0,2,2,1,0,6,2,1,0,1,1,1,1,9,4,1,2,1,0,0,1,5,3,1,0,0,2,1,1,4,3,3,1,1,2,0,1,3,2,1,0,1,2,1,1,4,3,1,3,1]",0,0,30,0.0,0.0,0.03409090909090909,0.6857670979667283,0.034482758620689655,0.6190476190476191,"[49,53,57,62,65,69,169,173,177,181,189,265,270,278,281,285,298,385,389,394,398,401,405,505,509,513,517,521,597,676,680,684,689,693,702,706,711,719,872,877,881,896,901,905,910,915,940,1092,1097,1106,1117,1122,1126,1131,1136,1150,1160,1313,1318,1322,1328,1339,1342,1346,1351,1356,1381,1509,1514,1523,1542,1547,1552,1582,1587,1705,1710,1714,1724,1734,1738,1743,1748,1768,1778]","[9,25,45,64,87,112,128,148,167,202,219,238,258,280,299,317,335,355,374,391,410,429,448,465,482,503,542,558,579,596,617,634,657,674,690,732,755,772,788,814,831,853,870,908,925,949,966,983,1008,1026,1049,1067,1093,1112,1132,1166,1218,1254,1273,1303,1320,1347,1365,1393,1415,1440,1460,1483,1501,1543,1560,1594,1611,1627,1646,1664,1688,1706,1733,1749,1766,1788,1805,1822,1840]","[49,53,57,62,65,69,169,173,177,181,189,265,270,278,281,285,298,385,389,394,398,401,405,505,509,513,517,521]","[9,25,45,64,87,112,128,148,167,202,219,238,258,280,299,317,335,355,374,391,410,429,448,465,482,503,542,558]",model_input_patch_grid
pilot,n195249,high,d20_index_uniform5,8,8,1248,276,61,337,40,0.625,"[2,1,1,1,0,1,2,0,1,2,1,0,0,2,0,1,1,2,2,0,0,2,2,1,2,0,1,0,1,0,0,1,1,2,0,0,0,0,3,0,2,1,0,0,1,2,0,1,1,3,0,2,0,1,3,0,2,0,1,1,0,1,2,1]",63,0.984375,"[3,1,2,12,9,2,2,0,1,2,1,10,12,2,1,1,1,2,5,15,11,5,2,2,6,4,11,12,15,11,5,6,4,4,9,10,13,11,3,1,4,3,5,12,11,4,4,3,1,3,4,8,6,7,3,1,3,1,4,4,12,2,2,1]",,,,,,0.03409090909090909,0.6857670979667283,0.03389830508474576,0.7106598984771574,"[49,53,57,62,65,69,169,173,177,181,189,265,270,278,281,285,298,385,389,394,398,401,405,505,509,513,517,521,597,676,680,684,689,693,702,706,711,719,872,877,881,896,901,905,910,915,940,1092,1097,1106,1117,1122,1126,1131,1136,1150,1160,1313,1318,1322,1328,1339,1342,1346,1351,1356,1381,1509,1514,1523,1542,1547,1552,1582,1587,1705,1710,1714,1724,1734,1738,1743,1748,1768,1778]","[9,25,45,64,87,112,128,148,167,202,219,238,258,280,299,317,335,355,374,391,410,429,448,465,482,503,542,558,579,596,617,634,657,674,690,732,755,772,788,814,831,853,870,908,925,949,966,983,1008,1026,1049,1067,1093,1112,1132,1166,1218,1254,1273,1303,1320,1347,1365,1393,1415,1440,1460,1483,1501,1543,1560,1594,1611,1627,1646,1664,1688,1706,1733,1749,1766,1788,1805,1822,1840]","[597,676,680,684,689,693,702,706,711,719,872,877,881,896,901,905,910,915,940,1092,1097,1106,1117,1122,1126,1131,1136,1150,1160,1313,1318,1322,1328,1339,1342,1346,1351,1356,1381,1509,1514,1523,1542,1547,1552,1582,1587,1705,1710,1714,1724,1734,1738,1743,1748,1768,1778]","[579,596,617,634,657,674,690,732,755,772,788,814,831,853,870,908,925,949,966,983,1008,1026,1049,1067,1093,1112,1132,1166,1218,1254,1273,1303,1320,1347,1365,1393,1415,1440,1460,1483,1501,1543,1560,1594,1611,1627,1646,1664,1688,1706,1733,1749,1766,1788,1805,1822,1840]",model_input_patch_grid
pilot,n195249,high,d20_spatial_uniform5,8,8,1248,276,61,337,48,0.75,"[1,2,1,2,1,1,2,1,0,0,0,0,0,0,0,0,1,2,1,1,1,2,1,1,1,2,1,1,1,2,1,1,1,2,1,0,1,2,1,1,0,0,0,1,0,0,0,0,1,2,1,1,1,2,1,1,1,2,1,1,1,2,1,1]",59,0.921875,"[2,2,2,13,10,2,2,1,0,0,0,10,12,0,1,0,1,2,4,16,12,5,1,2,5,6,11,13,15,13,6,6,4,4,10,10,14,13,1,2,2,2,5,13,10,2,4,2,1,2,5,7,7,8,1,2,2,3,4,4,13,3,1,1]",1,1,61,0.01639344262295082,0.01639344262295082,0.03409090909090909,0.6857670979667283,0.03389830508474576,0.7106598984771574,"[49,53,57,62,65,69,169,173,177,181,189,265,270,278,281,285,298,385,389,394,398,401,405,505,509,513,517,521,597,676,680,684,689,693,702,706,711,719,872,877,881,896,901,905,910,915,940,1092,1097,1106,1117,1122,1126,1131,1136,1150,1160,1313,1318,1322,1328,1339,1342,1346,1351,1356,1381,1509,1514,1523,1542,1547,1552,1582,1587,1705,1710,1714,1724,1734,1738,1743,1748,1768,1778]","[9,25,45,64,87,112,128,148,167,202,219,238,258,280,299,317,335,355,374,391,410,429,448,465,482,503,542,558,579,596,617,634,657,674,690,732,755,772,788,814,831,853,870,908,925,949,966,983,1008,1026,1049,1067,1093,1112,1132,1166,1218,1254,1273,1303,1320,1347,1365,1393,1415,1440,1460,1483,1501,1543,1560,1594,1611,1627,1646,1664,1688,1706,1733,1749,1766,1788,1805,1822,1840]","[597,676,680,684,689,693,702,706,711,719,872,877,881,896,901,905,910,915,940,1092,1097,1106,1117,1122,1126,1131,1136,1150,1160,1313,1318,1322,1328,1339,1342,1346,1351,1356,1381,1509,1514,1523,1542,1547,1552,1582,1587,1705,1710,1714,1724,1734,1738,1743,1748,1768,1778]","[579,596,617,634,657,674,690,732,755,772,788,814,831,853,870,908,925,949,966,983,1008,1026,1049,1067,1093,1112,1132,1166,1218,1254,1273,1303,1320,1347,1365,1393,1415,1440,1460,1483,1501,1543,1560,1594,1611,1627,1646,1664,1688,1706,1733,1749,1766,1788,1805,1822,1840]",model_input_patch_grid
pilot,n199286,base,d20_index_uniform5,8,8,576,119,28,147,24,0.375,"[0,1,0,1,0,0,1,1,1,0,1,0,1,0,1,0,0,1,1,1,0,0,1,0,1,0,1,0,1,0,0,1,0,0,0,0,0,1,2,0,0,0,0,0,0,1,2,0,0,0,0,1,2,0,0,0,0,0,2,0,1,0,0,0]",59,0.921875,"[2,2,2,2,3,1,1,2,1,0,2,3,2,1,2,1,0,1,1,1,3,4,3,0,2,2,4,0,1,3,1,2,3,5,5,4,1,1,2,1,1,4,5,5,5,3,2,0,2,1,1,7,7,5,1,1,2,1,3,2,6,4,1,1]",,,,,,0.009174311926605505,0.6727272727272727,0.0,0.68,"[49,57,61,65,69,77,169,173,177,181,186,189,289,293,297,301,305,309,410,419,424,429,439,505,511,525,539,545,676,680,685,689,693,697,702,711,715,719,872,876,880,885,889,893,898,902,907,911,915,1068,1122,1126,1131,1136,1141,1146,1150,1155,1160,1273,1313,1317,1327,1332,1337,1342,1346,1352,1356,1474,1509,1514,1518,1529,1533,1538,1542,1547,1552,1709,1714,1720,1728,1734,1738,1744,1748,1773,1901,1906,1910,1915,1929,1935,1939,1944,1969,1974,2097,2102,2106,2111,2116,2130,2135,2140,2169,2175]","[10,28,47,67,86,103,120,139,155,175,195,212,228,248,265,287,307,329,355,379,402,425,442,469,492,512,540,559,576,592,610,630,651,668,687,724,746,764,781,803,819,838,857,874,892,908,925,944,964,982,1005,1023,1040,1060,1078,1100,1121,1137,1159,1180,1198,1215,1234,1251,1270,1288,1309,1338,1358,1392,1418,1436,1467,1491,1510,1536,1553,1583,1599,1624,1645,1662,1687,1732,1749,1770,1792,1812,1842,1859,1884,1903,1932,1951,1975,1994,2011,2040,2057,2082,2101,2117,2142,2160,2181,2199,2215,2231]","[49,57,61,65,69,77,169,173,177,181,186,189,289,293,297,301,305,309,410,419,424,429,439,505,511,525,539,545]","[10,28,47,67,86,103,120,139,155,175,195,212,228,248,265,287,307,329,355,379,402,425,442,469,492,512,540,559]",model_input_patch_grid
pilot,n199286,base,d20_spatial_uniform5,8,8,576,119,28,147,28,0.4375,"[1,0,0,1,1,1,0,1,0,1,0,0,0,0,0,0,1,1,0,1,1,0,1,1,0,0,0,0,0,0,0,0,1,1,0,1,1,1,0,1,1,0,0,1,0,1,0,1,0,0,1,0,0,0,0,0,1,0,1,1,0,1,0,1]",57,0.890625,"[3,1,2,2,4,2,0,2,0,1,1,3,1,1,1,1,1,1,0,1,4,4,3,1,1,2,3,0,0,3,1,1,4,6,5,5,2,1,0,2,2,4,5,6,5,3,0,1,2,1,2,6,5,5,1,1,3,1,2,3,5,5,1,2]",0,0,28,0.0,0.0,0.009174311926605505,0.6727272727272727,0.0,0.68,"[49,57,61,65,69,77,169,173,177,181,186,189,289,293,297,301,305,309,410,419,424,429,439,505,511,525,539,545,676,680,685,689,693,697,702,711,715,719,872,876,880,885,889,893,898,902,907,911,915,1068,1122,1126,1131,1136,1141,1146,1150,1155,1160,1273,1313,1317,1327,1332,1337,1342,1346,1352,1356,1474,1509,1514,1518,1529,1533,1538,1542,1547,1552,1709,1714,1720,1728,1734,1738,1744,1748,1773,1901,1906,1910,1915,1929,1935,1939,1944,1969,1974,2097,2102,2106,2111,2116,2130,2135,2140,2169,2175]","[10,28,47,67,86,103,120,139,155,175,195,212,228,248,265,287,307,329,355,379,402,425,442,469,492,512,540,559,576,592,610,630,651,668,687,724,746,764,781,803,819,838,857,874,892,908,925,944,964,982,1005,1023,1040,1060,1078,1100,1121,1137,1159,1180,1198,1215,1234,1251,1270,1288,1309,1338,1358,1392,1418,1436,1467,1491,1510,1536,1553,1583,1599,1624,1645,1662,1687,1732,1749,1770,1792,1812,1842,1859,1884,1903,1932,1951,1975,1994,2011,2040,2057,2082,2101,2117,2142,2160,2181,2199,2215,2231]","[49,57,61,65,69,77,169,173,177,181,186,189,289,293,297,301,305,309,410,419,424,429,439,505,511,525,539,545]","[10,28,47,67,86,103,120,139,155,175,195,212,228,248,265,287,307,329,355,379,402,425,442,469,492,512,540,559]",model_input_patch_grid
pilot,n199286,high,d20_index_uniform5,8,8,1632,323,82,405,52,0.8125,"[3,0,2,1,1,2,1,1,1,2,1,1,1,1,2,2,0,2,3,2,0,2,1,2,1,1,0,1,2,1,1,2,1,2,0,0,3,1,0,2,1,1,0,2,1,1,2,1,2,2,1,0,1,2,1,2,0,3,1,2,0,0,3,1]",64,1.0,"[4,2,10,5,4,2,3,5,1,4,5,7,5,4,2,3,2,4,6,3,11,12,5,5,6,13,10,4,9,4,12,4,8,8,8,10,9,9,3,5,1,8,13,10,15,1,5,2,4,4,12,19,18,15,2,2,1,3,1,4,11,10,6,2]",,,,,,0.009174311926605505,0.6727272727272727,0.012345679012345678,0.6701030927835051,"[49,57,61,65,69,77,169,173,177,181,186,189,289,293,297,301,305,309,410,419,424,429,439,505,511,525,539,545,676,680,685,689,693,697,702,711,715,719,872,876,880,885,889,893,898,902,907,911,915,1068,1122,1126,1131,1136,1141,1146,1150,1155,1160,1273,1313,1317,1327,1332,1337,1342,1346,1352,1356,1474,1509,1514,1518,1529,1533,1538,1542,1547,1552,1709,1714,1720,1728,1734,1738,1744,1748,1773,1901,1906,1910,1915,1929,1935,1939,1944,1969,1974,2097,2102,2106,2111,2116,2130,2135,2140,2169,2175]","[10,28,47,67,86,103,120,139,155,175,195,212,228,248,265,287,307,329,355,379,402,425,442,469,492,512,540,559,576,592,610,630,651,668,687,724,746,764,781,803,819,838,857,874,892,908,925,944,964,982,1005,1023,1040,1060,1078,1100,1121,1137,1159,1180,1198,1215,1234,1251,1270,1288,1309,1338,1358,1392,1418,1436,1467,1491,1510,1536,1553,1583,1599,1624,1645,1662,1687,1732,1749,1770,1792,1812,1842,1859,1884,1903,1932,1951,1975,1994,2011,2040,2057,2082,2101,2117,2142,2160,2181,2199,2215,2231]","[676,680,685,689,693,697,702,711,715,719,872,876,880,885,889,893,898,902,907,911,915,1068,1122,1126,1131,1136,1141,1146,1150,1155,1160,1273,1313,1317,1327,1332,1337,1342,1346,1352,1356,1474,1509,1514,1518,1529,1533,1538,1542,1547,1552,1709,1714,1720,1728,1734,1738,1744,1748,1773,1901,1906,1910,1915,1929,1935,1939,1944,1969,1974,2097,2102,2106,2111,2116,2130,2135,2140,2169,2175]","[576,592,610,630,651,668,687,724,746,764,781,803,819,838,857,874,892,908,925,944,964,982,1005,1023,1040,1060,1078,1100,1121,1137,1159,1180,1198,1215,1234,1251,1270,1288,1309,1338,1358,1392,1418,1436,1467,1491,1510,1536,1553,1583,1599,1624,1645,1662,1687,1732,1749,1770,1792,1812,1842,1859,1884,1903,1932,1951,1975,1994,2011,2040,2057,2082,2101,2117,2142,2160,2181,2199,2215,2231]",model_input_patch_grid
pilot,n199286,high,d20_spatial_uniform5,8,8,1632,323,82,405,64,1.0,"[1,2,1,2,1,1,2,1,1,2,1,2,1,1,2,1,1,2,1,1,1,2,1,1,1,2,1,1,1,2,1,1,1,2,1,1,1,2,1,1,1,2,1,1,1,2,1,1,1,2,1,1,1,1,2,1,1,2,1,1,1,2,1,1]",64,1.0,"[2,4,9,6,4,1,4,5,1,4,5,8,5,4,2,2,3,4,4,2,12,12,5,4,6,14,11,4,8,5,12,3,8,8,9,11,7,10,4,4,1,9,14,9,15,2,4,2,3,4,12,20,18,14,3,1,2,2,1,3,12,12,4,2]",0,0,82,0.0,0.0,0.009174311926605505,0.6727272727272727,0.012345679012345678,0.6701030927835051,"[49,57,61,65,69,77,169,173,177,181,186,189,289,293,297,301,305,309,410,419,424,429,439,505,511,525,539,545,676,680,685,689,693,697,702,711,715,719,872,876,880,885,889,893,898,902,907,911,915,1068,1122,1126,1131,1136,1141,1146,1150,1155,1160,1273,1313,1317,1327,1332,1337,1342,1346,1352,1356,1474,1509,1514,1518,1529,1533,1538,1542,1547,1552,1709,1714,1720,1728,1734,1738,1744,1748,1773,1901,1906,1910,1915,1929,1935,1939,1944,1969,1974,2097,2102,2106,2111,2116,2130,2135,2140,2169,2175]","[10,28,47,67,86,103,120,139,155,175,195,212,228,248,265,287,307,329,355,379,402,425,442,469,492,512,540,559,576,592,610,630,651,668,687,724,746,764,781,803,819,838,857,874,892,908,925,944,964,982,1005,1023,1040,1060,1078,1100,1121,1137,1159,1180,1198,1215,1234,1251,1270,1288,1309,1338,1358,1392,1418,1436,1467,1491,1510,1536,1553,1583,1599,1624,1645,1662,1687,1732,1749,1770,1792,1812,1842,1859,1884,1903,1932,1951,1975,1994,2011,2040,2057,2082,2101,2117,2142,2160,2181,2199,2215,2231]","[676,680,685,689,693,697,702,711,715,719,872,876,880,885,889,893,898,902,907,911,915,1068,1122,1126,1131,1136,1141,1146,1150,1155,1160,1273,1313,1317,1327,1332,1337,1342,1346,1352,1356,1474,1509,1514,1518,1529,1533,1538,1542,1547,1552,1709,1714,1720,1728,1734,1738,1744,1748,1773,1901,1906,1910,1915,1929,1935,1939,1944,1969,1974,2097,2102,2106,2111,2116,2130,2135,2140,2169,2175]","[576,592,610,630,651,668,687,724,746,764,781,803,819,838,857,874,892,908,925,944,964,982,1005,1023,1040,1060,1078,1100,1121,1137,1159,1180,1198,1215,1234,1251,1270,1288,1309,1338,1358,1392,1418,1436,1467,1491,1510,1536,1553,1583,1599,1624,1645,1662,1687,1732,1749,1770,1792,1812,1842,1859,1884,1903,1932,1951,1975,1994,2011,2040,2057,2082,2101,2117,2142,2160,2181,2199,2215,2231]",model_input_patch_grid
pilot,n234722,base,d20_index_uniform5,8,8,576,103,30,133,28,0.4375,"[1,1,0,1,0,1,0,0,2,0,0,1,0,0,0,1,0,0,0,0,0,2,0,1,0,0,1,0,1,0,1,0,0,0,1,0,0,1,1,1,0,1,0,1,1,0,0,1,0,0,1,0,1,1,0,0,1,1,0,1,0,1,0,1]",58,0.90625,"[1,1,2,2,2,1,2,2,2,0,3,4,3,1,2,2,0,2,3,2,4,7,3,3,1,2,2,2,5,3,3,2,2,3,4,1,0,2,4,1,0,2,1,4,3,3,3,1,2,0,2,1,2,2,2,2,4,1,0,1,1,1,1,3]",,,,,,0.017699115044247787,0.6768558951965066,0.01694915254237288,0.6419753086419753,"[49,53,57,61,69,169,173,177,181,185,190,265,269,274,277,282,286,385,389,397,401,405,417,505,509,513,517,521,525,676,680,684,689,693,702,706,711,715,719,872,876,880,889,893,915,934,947,951,956,960,1117,1121,1130,1134,1139,1148,1151,1174,1192,1205,1321,1361,1367,1374,1379,1383,1388,1392,1397,1401,1405,1562,1588,1593,1607,1615,1620,1624,1629,1633,1645,1650,1763,1803,1808,1818,1823,1827,1832,1837,1841,1846,1999,2003,2008,2013,2018,2028,2032,2037,2042,2072,2195,2200,2204,2209,2219,2224,2228,2233,2238]","[9,29,48,82,98,121,142,165,184,208,234,253,271,294,311,330,351,371,396,413,430,448,468,487,504,520,538,557,574,592,610,627,643,662,679,713,731,752,769,786,808,825,844,865,888,916,935,954,976,1001,1019,1045,1067,1086,1109,1133,1188,1210,1236,1258,1284,1308,1331,1355,1380,1398,1421,1439,1465,1491,1521,1542,1567,1598,1622,1648,1676,1698,1717,1741,1760,1779,1798,1821,1839,1856,1879,1899,1919,1940,1959,1980,1998,2021,2039,2059,2077,2095,2112,2131,2148,2165,2181,2198,2230,2247,2263,2279,2297,2313,2329]","[49,53,57,61,69,169,173,177,181,185,190,265,269,274,277,282,286,385,389,397,401,405,417,505,509,513,517,521,525]","[9,29,48,82,98,121,142,165,184,208,234,253,271,294,311,330,351,371,396,413,430,448,468,487,504,520,538,557,574]",model_input_patch_grid
pilot,n234722,base,d20_spatial_uniform5,8,8,576,103,30,133,30,0.46875,"[1,1,0,1,1,1,0,1,0,0,0,0,0,0,0,0,1,1,0,1,1,1,0,1,1,1,0,1,1,0,1,1,0,0,0,0,0,0,0,0,1,1,0,1,1,1,0,1,0,0,0,0,0,0,0,0,1,1,0,1,1,1,0,1]",58,0.90625,"[1,1,2,2,3,1,2,3,0,0,3,3,3,1,2,1,1,3,3,3,5,6,3,3,2,3,1,3,5,3,3,3,2,3,3,1,0,1,3,0,1,2,1,4,3,4,3,1,2,0,1,1,1,1,2,2,4,1,0,1,2,1,1,3]",0,0,30,0.0,0.0,0.017699115044247787,0.6768558951965066,0.01694915254237288,0.6419753086419753,"[49,53,57,61,69,169,173,177,181,185,190,265,269,274,277,282,286,385,389,397,401,405,417,505,509,513,517,521,525,676,680,684,689,693,702,706,711,715,719,872,876,880,889,893,915,934,947,951,956,960,1117,1121,1130,1134,1139,1148,1151,1174,1192,1205,1321,1361,1367,1374,1379,1383,1388,1392,1397,1401,1405,1562,1588,1593,1607,1615,1620,1624,1629,1633,1645,1650,1763,1803,1808,1818,1823,1827,1832,1837,1841,1846,1999,2003,2008,2013,2018,2028,2032,2037,2042,2072,2195,2200,2204,2209,2219,2224,2228,2233,2238]","[9,29,48,82,98,121,142,165,184,208,234,253,271,294,311,330,351,371,396,413,430,448,468,487,504,520,538,557,574,592,610,627,643,662,679,713,731,752,769,786,808,825,844,865,888,916,935,954,976,1001,1019,1045,1067,1086,1109,1133,1188,1210,1236,1258,1284,1308,1331,1355,1380,1398,1421,1439,1465,1491,1521,1542,1567,1598,1622,1648,1676,1698,1717,1741,1760,1779,1798,1821,1839,1856,1879,1899,1919,1940,1959,1980,1998,2021,2039,2059,2077,2095,2112,2131,2148,2165,2181,2198,2230,2247,2263,2279,2297,2313,2329]","[49,53,57,61,69,169,173,177,181,185,190,265,269,274,277,282,286,385,389,397,401,405,417,505,509,513,517,521,525]","[9,29,48,82,98,121,142,165,184,208,234,253,271,294,311,330,351,371,396,413,430,448,468,487,504,520,538,557,574]",model_input_patch_grid
pilot,n234722,high,d20_index_uniform5,8,8,1728,358,85,443,47,0.734375,"[2,1,1,2,1,1,2,1,1,1,2,2,0,2,1,2,2,0,0,2,2,0,0,3,0,0,1,4,0,1,1,3,0,2,2,0,0,2,0,2,0,2,1,2,2,0,2,2,2,1,1,1,1,2,1,1,4,1,1,4,0,0,5,0]",62,0.96875,"[2,1,4,7,5,2,3,1,1,4,12,9,14,9,8,6,5,8,10,13,12,11,5,5,10,9,13,12,6,11,12,6,11,13,9,13,11,5,9,10,5,10,8,11,9,9,8,2,3,8,7,9,5,4,4,2,5,1,2,8,0,0,5,1]",,,,,,0.017699115044247787,0.6768558951965066,0.017964071856287425,0.6876190476190476,"[49,53,57,61,69,169,173,177,181,185,190,265,269,274,277,282,286,385,389,397,401,405,417,505,509,513,517,521,525,676,680,684,689,693,702,706,711,715,719,872,876,880,889,893,915,934,947,951,956,960,1117,1121,1130,1134,1139,1148,1151,1174,1192,1205,1321,1361,1367,1374,1379,1383,1388,1392,1397,1401,1405,1562,1588,1593,1607,1615,1620,1624,1629,1633,1645,1650,1763,1803,1808,1818,1823,1827,1832,1837,1841,1846,1999,2003,2008,2013,2018,2028,2032,2037,2042,2072,2195,2200,2204,2209,2219,2224,2228,2233,2238]","[9,29,48,82,98,121,142,165,184,208,234,253,271,294,311,330,351,371,396,413,430,448,468,487,504,520,538,557,574,592,610,627,643,662,679,713,731,752,769,786,808,825,844,865,888,916,935,954,976,1001,1019,1045,1067,1086,1109,1133,1188,1210,1236,1258,1284,1308,1331,1355,1380,1398,1421,1439,1465,1491,1521,1542,1567,1598,1622,1648,1676,1698,1717,1741,1760,1779,1798,1821,1839,1856,1879,1899,1919,1940,1959,1980,1998,2021,2039,2059,2077,2095,2112,2131,2148,2165,2181,2198,2230,2247,2263,2279,2297,2313,2329]","[676,680,684,689,693,702,706,711,715,719,872,876,880,889,893,915,934,947,951,956,960,1117,1121,1130,1134,1139,1148,1151,1174,1192,1205,1321,1361,1367,1374,1379,1383,1388,1392,1397,1401,1405,1562,1588,1593,1607,1615,1620,1624,1629,1633,1645,1650,1763,1803,1808,1818,1823,1827,1832,1837,1841,1846,1999,2003,2008,2013,2018,2028,2032,2037,2042,2072,2195,2200,2204,2209,2219,2224,2228,2233,2238]","[592,610,627,643,662,679,713,731,752,769,786,808,825,844,865,888,916,935,954,976,1001,1019,1045,1067,1086,1109,1133,1188,1210,1236,1258,1284,1308,1331,1355,1380,1398,1421,1439,1465,1491,1521,1542,1567,1598,1622,1648,1676,1698,1717,1741,1760,1779,1798,1821,1839,1856,1879,1899,1919,1940,1959,1980,1998,2021,2039,2059,2077,2095,2112,2131,2148,2165,2181,2198,2230,2247,2263,2279,2297,2313,2329]",model_input_patch_grid
pilot,n234722,high,d20_spatial_uniform5,8,8,1728,358,85,443,64,1.0,"[1,2,1,2,1,1,2,1,1,2,1,2,1,1,2,1,1,2,1,1,2,1,2,1,1,2,1,2,1,1,2,1,1,2,1,1,2,1,2,1,1,2,1,1,1,1,2,1,1,2,1,1,1,2,1,1,1,2,1,1,1,2,1,1]",64,1.0,"[1,2,4,7,5,2,3,1,1,5,11,9,15,8,9,5,4,10,11,12,12,12,7,3,11,11,13,10,7,11,13,4,12,13,8,14,13,4,11,9,6,10,8,10,8,10,8,1,2,9,7,9,5,4,4,2,2,2,2,5,1,2,1,2]",0,0,85,0.0,0.0,0.017699115044247787,0.6768558951965066,0.017964071856287425,0.6876190476190476,"[49,53,57,61,69,169,173,177,181,185,190,265,269,274,277,282,286,385,389,397,401,405,417,505,509,513,517,521,525,676,680,684,689,693,702,706,711,715,719,872,876,880,889,893,915,934,947,951,956,960,1117,1121,1130,1134,1139,1148,1151,1174,1192,1205,1321,1361,1367,1374,1379,1383,1388,1392,1397,1401,1405,1562,1588,1593,1607,1615,1620,1624,1629,1633,1645,1650,1763,1803,1808,1818,1823,1827,1832,1837,1841,1846,1999,2003,2008,2013,2018,2028,2032,2037,2042,2072,2195,2200,2204,2209,2219,2224,2228,2233,2238]","[9,29,48,82,98,121,142,165,184,208,234,253,271,294,311,330,351,371,396,413,430,448,468,487,504,520,538,557,574,592,610,627,643,662,679,713,731,752,769,786,808,825,844,865,888,916,935,954,976,1001,1019,1045,1067,1086,1109,1133,1188,1210,1236,1258,1284,1308,1331,1355,1380,1398,1421,1439,1465,1491,1521,1542,1567,1598,1622,1648,1676,1698,1717,1741,1760,1779,1798,1821,1839,1856,1879,1899,1919,1940,1959,1980,1998,2021,2039,2059,2077,2095,2112,2131,2148,2165,2181,2198,2230,2247,2263,2279,2297,2313,2329]","[676,680,684,689,693,702,706,711,715,719,872,876,880,889,893,915,934,947,951,956,960,1117,1121,1130,1134,1139,1148,1151,1174,1192,1205,1321,1361,1367,1374,1379,1383,1388,1392,1397,1401,1405,1562,1588,1593,1607,1615,1620,1624,1629,1633,1645,1650,1763,1803,1808,1818,1823,1827,1832,1837,1841,1846,1999,2003,2008,2013,2018,2028,2032,2037,2042,2072,2195,2200,2204,2209,2219,2224,2228,2233,2238]","[592,610,627,643,662,679,713,731,752,769,786,808,825,844,865,888,916,935,954,976,1001,1019,1045,1067,1086,1109,1133,1188,1210,1236,1258,1284,1308,1331,1355,1380,1398,1421,1439,1465,1491,1521,1542,1567,1598,1622,1648,1676,1698,1717,1741,1760,1779,1798,1821,1839,1856,1879,1899,1919,1940,1959,1980,1998,2021,2039,2059,2077,2095,2112,2131,2148,2165,2181,2198,2230,2247,2263,2279,2297,2313,2329]",model_input_patch_grid
pilot,n244826,base,d20_index_uniform5,8,8,576,109,29,138,26,0.40625,"[0,1,0,1,1,0,0,0,3,0,0,0,0,0,0,1,0,0,0,1,0,1,1,0,0,1,0,0,0,1,1,1,0,0,1,1,1,0,0,0,1,0,0,0,0,2,1,0,1,1,0,1,0,0,1,0,0,1,0,1,1,0,1,0]",49,0.765625,"[3,5,0,7,2,0,1,1,5,6,6,4,5,0,0,1,1,2,3,6,0,1,2,0,0,6,1,5,2,2,1,1,3,3,6,2,4,1,0,0,3,2,1,5,6,2,1,0,2,1,3,3,2,0,2,0,1,2,0,1,2,0,1,0]",,,,,,0.02127659574468085,0.6783216783216783,0.03571428571428571,0.6727272727272727,"[49,57,61,65,69,169,173,177,181,185,189,289,293,297,301,305,309,385,398,414,418,429,506,511,515,520,525,650,675,679,684,687,691,695,703,707,711,719,893,921,925,929,934,938,947,951,956,960,964,1117,1122,1125,1130,1138,1143,1152,1156,1160,1196,1362,1370,1374,1380,1383,1388,1392,1397,1401,1405,1416,1607,1611,1615,1620,1624,1628,1633,1637,1642,1646,1650,1803,1807,1811,1816,1820,1824,1829,1833,1838,1842,1846]","[13,33,72,96,121,143,164,183,201,221,239,260,281,302,322,343,361,379,400,442,461,481,498,514,532,548,565,581,598,616,637,654,671,693,737,757,775,799,815,838,860,881,903,920,939,958,977,1004,1021,1047,1066,1091,1113,1154,1177,1202,1221,1251,1300,1324,1350,1373,1396,1417,1439,1455,1478,1498,1519,1543,1562,1592,1610,1626,1645,1662,1678,1694,1713,1730,1748,1765,1784,1801,1817,1835,1852,1869,1887,1905,1921,1937]","[49,57,61,65,69,169,173,177,181,185,189,289,293,297,301,305,309,385,398,414,418,429,506,511,515,520,525]","[13,33,72,96,121,143,164,183,201,221,239,260,281,302,322,343,361,379,400,442,461,481,498,514,532,548,565]",model_input_patch_grid
pilot,n244826,base,d20_spatial_uniform5,8,8,576,109,29,138,29,0.453125,"[1,1,0,1,1,1,0,1,0,0,0,0,0,0,0,0,1,1,0,1,1,1,0,1,0,0,0,0,0,0,0,0,1,1,0,1,1,1,0,1,1,0,1,1,1,1,0,1,0,0,0,0,0,0,0,0,1,0,1,1,0,1,0,1]",51,0.796875,"[4,5,0,7,2,1,1,2,2,6,6,4,5,0,0,0,2,3,3,6,1,1,1,1,0,5,1,5,2,1,0,0,4,4,5,2,4,2,0,1,3,2,2,6,7,1,0,1,1,0,3,2,2,0,1,0,2,1,1,1,1,1,0,1]",0,0,29,0.0,0.0,0.02127659574468085,0.6783216783216783,0.03571428571428571,0.6727272727272727,"[49,57,61,65,69,169,173,177,181,185,189,289,293,297,301,305,309,385,398,414,418,429,506,511,515,520,525,650,675,679,684,687,691,695,703,707,711,719,893,921,925,929,934,938,947,951,956,960,964,1117,1122,1125,1130,1138,1143,1152,1156,1160,1196,1362,1370,1374,1380,1383,1388,1392,1397,1401,1405,1416,1607,1611,1615,1620,1624,1628,1633,1637,1642,1646,1650,1803,1807,1811,1816,1820,1824,1829,1833,1838,1842,1846]","[13,33,72,96,121,143,164,183,201,221,239,260,281,302,322,343,361,379,400,442,461,481,498,514,532,548,565,581,598,616,637,654,671,693,737,757,775,799,815,838,860,881,903,920,939,958,977,1004,1021,1047,1066,1091,1113,1154,1177,1202,1221,1251,1300,1324,1350,1373,1396,1417,1439,1455,1478,1498,1519,1543,1562,1592,1610,1626,1645,1662,1678,1694,1713,1730,1748,1765,1784,1801,1817,1835,1852,1869,1887,1905,1921,1937]","[49,57,61,65,69,169,173,177,181,185,189,289,293,297,301,305,309,385,398,414,418,429,506,511,515,520,525]","[13,33,72,96,121,143,164,183,201,221,239,260,281,302,322,343,361,379,400,442,461,481,498,514,532,548,565]",model_input_patch_grid
pilot,n244826,high,d20_index_uniform5,8,8,1344,275,67,342,45,0.703125,"[1,0,1,2,1,0,2,1,1,1,2,0,1,2,1,1,2,1,0,1,0,1,2,0,1,1,1,1,1,0,3,1,0,0,2,0,0,0,3,0,0,2,1,1,0,1,3,1,1,2,0,1,2,0,2,1,2,1,2,2,0,2,2,0]",62,0.96875,"[2,6,1,6,7,0,3,3,2,12,11,5,13,2,3,1,2,6,7,11,7,1,2,2,3,11,9,10,14,7,5,7,7,12,14,12,11,4,3,2,5,11,12,10,11,2,4,2,1,2,0,1,6,1,3,3,4,1,2,5,4,2,2,2]",,,,,,0.02127659574468085,0.6783216783216783,0.015151515151515152,0.6805896805896806,"[49,57,61,65,69,169,173,177,181,185,189,289,293,297,301,305,309,385,398,414,418,429,506,511,515,520,525,650,675,679,684,687,691,695,703,707,711,719,893,921,925,929,934,938,947,951,956,960,964,1117,1122,1125,1130,1138,1143,1152,1156,1160,1196,1362,1370,1374,1380,1383,1388,1392,1397,1401,1405,1416,1607,1611,1615,1620,1624,1628,1633,1637,1642,1646,1650,1803,1807,1811,1816,1820,1824,1829,1833,1838,1842,1846]","[13,33,72,96,121,143,164,183,201,221,239,260,281,302,322,343,361,379,400,442,461,481,498,514,532,548,565,581,598,616,637,654,671,693,737,757,775,799,815,838,860,881,903,920,939,958,977,1004,1021,1047,1066,1091,1113,1154,1177,1202,1221,1251,1300,1324,1350,1373,1396,1417,1439,1455,1478,1498,1519,1543,1562,1592,1610,1626,1645,1662,1678,1694,1713,1730,1748,1765,1784,1801,1817,1835,1852,1869,1887,1905,1921,1937]","[650,675,679,684,687,691,695,703,707,711,719,893,921,925,929,934,938,947,951,956,960,964,1117,1122,1125,1130,1138,1143,1152,1156,1160,1196,1362,1370,1374,1380,1383,1388,1392,1397,1401,1405,1416,1607,1611,1615,1620,1624,1628,1633,1637,1642,1646,1650,1803,1807,1811,1816,1820,1824,1829,1833,1838,1842,1846]","[581,598,616,637,654,671,693,737,757,775,799,815,838,860,881,903,920,939,958,977,1004,1021,1047,1066,1091,1113,1154,1177,1202,1221,1251,1300,1324,1350,1373,1396,1417,1439,1455,1478,1498,1519,1543,1562,1592,1610,1626,1645,1662,1678,1694,1713,1730,1748,1765,1784,1801,1817,1835,1852,1869,1887,1905,1921,1937]",model_input_patch_grid
pilot,n244826,high,d20_spatial_uniform5,8,8,1344,275,67,342,50,0.78125,"[2,1,2,1,2,1,2,1,0,0,0,1,0,0,0,0,1,2,1,1,1,1,2,1,1,2,1,2,1,1,2,1,1,1,1,2,1,1,2,1,0,1,0,0,0,0,0,0,1,2,1,2,1,1,2,1,1,2,1,2,1,1,2,1]",62,0.96875,"[3,7,2,5,8,1,3,3,1,11,9,6,12,0,2,0,1,7,8,11,8,1,2,3,3,12,9,11,14,8,4,7,8,13,13,14,12,5,2,3,5,10,11,9,11,1,1,1,1,2,1,2,5,2,3,3,3,2,1,5,5,1,2,3]",0,0,67,0.0,0.0,0.02127659574468085,0.6783216783216783,0.015151515151515152,0.6805896805896806,"[49,57,61,65,69,169,173,177,181,185,189,289,293,297,301,305,309,385,398,414,418,429,506,511,515,520,525,650,675,679,684,687,691,695,703,707,711,719,893,921,925,929,934,938,947,951,956,960,964,1117,1122,1125,1130,1138,1143,1152,1156,1160,1196,1362,1370,1374,1380,1383,1388,1392,1397,1401,1405,1416,1607,1611,1615,1620,1624,1628,1633,1637,1642,1646,1650,1803,1807,1811,1816,1820,1824,1829,1833,1838,1842,1846]","[13,33,72,96,121,143,164,183,201,221,239,260,281,302,322,343,361,379,400,442,461,481,498,514,532,548,565,581,598,616,637,654,671,693,737,757,775,799,815,838,860,881,903,920,939,958,977,1004,1021,1047,1066,1091,1113,1154,1177,1202,1221,1251,1300,1324,1350,1373,1396,1417,1439,1455,1478,1498,1519,1543,1562,1592,1610,1626,1645,1662,1678,1694,1713,1730,1748,1765,1784,1801,1817,1835,1852,1869,1887,1905,1921,1937]","[650,675,679,684,687,691,695,703,707,711,719,893,921,925,929,934,938,947,951,956,960,964,1117,1122,1125,1130,1138,1143,1152,1156,1160,1196,1362,1370,1374,1380,1383,1388,1392,1397,1401,1405,1416,1607,1611,1615,1620,1624,1628,1633,1637,1642,1646,1650,1803,1807,1811,1816,1820,1824,1829,1833,1838,1842,1846]","[581,598,616,637,654,671,693,737,757,775,799,815,838,860,881,903,920,939,958,977,1004,1021,1047,1066,1091,1113,1154,1177,1202,1221,1251,1300,1324,1350,1373,1396,1417,1439,1455,1478,1498,1519,1543,1562,1592,1610,1626,1645,1662,1678,1694,1713,1730,1748,1765,1784,1801,1817,1835,1852,1869,1887,1905,1921,1937]",model_input_patch_grid
pilot,n262929,base,d20_index_uniform5,8,8,576,102,29,131,27,0.421875,"[0,1,0,1,0,0,1,1,0,0,1,0,0,2,0,0,2,1,0,0,0,0,0,1,0,0,1,0,1,1,0,1,1,0,1,0,0,1,0,1,0,0,1,1,0,1,0,0,0,1,1,1,0,0,0,1,0,0,1,0,0,1,1,0]",53,0.828125,"[2,1,1,3,4,2,1,2,1,0,2,2,9,3,0,1,4,2,1,2,8,4,0,1,0,0,2,0,2,1,0,1,2,0,1,3,1,3,2,1,2,0,5,6,5,3,5,0,1,3,3,3,1,2,2,2,2,3,2,0,3,1,1,1]",,,,,,0.029411764705882353,0.6842105263157895,0.017543859649122806,0.6477987421383647,"[37,49,53,57,66,69,156,173,177,185,189,289,293,297,301,306,309,401,409,413,417,422,429,505,511,515,520,549,615,644,653,662,667,671,776,780,785,791,794,799,803,935,941,945,950,955,960,964,1073,1077,1081,1087,1091,1096,1100,1205,1209,1214,1218,1223,1228,1232,1337,1341,1378,1388,1392,1398,1482,1502,1506,1511,1525,1529,1643,1667,1671,1680,1685,1689,1694,1799,1803,1808,1812,1817,1826,1856,1931,1935,1949,1954,1958,1973,2096,2101,2107,2112,2123]","[9,27,47,68,88,111,127,147,194,213,230,247,263,280,296,314,333,352,375,394,414,442,464,484,501,523,544,560,577,596,616,635,676,702,719,747,771,796,816,840,864,883,909,931,951,974,995,1014,1040,1061,1080,1102,1121,1140,1158,1178,1195,1213,1231,1251,1267,1286,1304,1324,1342,1414,1437,1463,1481,1500,1540,1564,1585,1604,1627,1644,1669,1693,1728,1759,1781,1807,1828,1848,1868,1890,1910,1926,1963,1979,1997,2015,2032,2048,2066,2082,2099,2134,2150]","[37,49,53,57,66,69,156,173,177,185,189,289,293,297,301,306,309,401,409,413,417,422,429,505,511,515,520,549]","[9,27,47,68,88,111,127,147,194,213,230,247,263,280,296,314,333,352,375,394,414,442,464,484,501,523,544,560]",model_input_patch_grid
pilot,n262929,base,d20_spatial_uniform5,8,8,576,102,29,131,29,0.453125,"[1,1,0,1,1,0,1,1,0,0,0,0,0,0,0,0,1,1,0,1,1,1,0,1,0,0,0,0,0,0,0,0,1,1,0,1,1,0,1,1,1,1,0,1,1,1,0,1,0,0,0,0,0,0,0,0,1,0,1,1,0,1,0,1]",53,0.828125,"[3,1,1,3,5,2,1,2,1,0,1,2,9,1,0,1,3,2,1,3,9,5,0,1,0,0,1,0,1,0,0,0,2,1,0,4,2,2,3,1,3,1,4,6,6,3,5,1,1,2,2,2,1,2,2,1,3,3,2,1,3,1,0,2]",0,0,29,0.0,0.0,0.029411764705882353,0.6842105263157895,0.017543859649122806,0.6477987421383647,"[37,49,53,57,66,69,156,173,177,185,189,289,293,297,301,306,309,401,409,413,417,422,429,505,511,515,520,549,615,644,653,662,667,671,776,780,785,791,794,799,803,935,941,945,950,955,960,964,1073,1077,1081,1087,1091,1096,1100,1205,1209,1214,1218,1223,1228,1232,1337,1341,1378,1388,1392,1398,1482,1502,1506,1511,1525,1529,1643,1667,1671,1680,1685,1689,1694,1799,1803,1808,1812,1817,1826,1856,1931,1935,1949,1954,1958,1973,2096,2101,2107,2112,2123]","[9,27,47,68,88,111,127,147,194,213,230,247,263,280,296,314,333,352,375,394,414,442,464,484,501,523,544,560,577,596,616,635,676,702,719,747,771,796,816,840,864,883,909,931,951,974,995,1014,1040,1061,1080,1102,1121,1140,1158,1178,1195,1213,1231,1251,1267,1286,1304,1324,1342,1414,1437,1463,1481,1500,1540,1564,1585,1604,1627,1644,1669,1693,1728,1759,1781,1807,1828,1848,1868,1890,1910,1926,1963,1979,1997,2015,2032,2048,2066,2082,2099,2134,2150]","[37,49,53,57,66,69,156,173,177,185,189,289,293,297,301,306,309,401,409,413,417,422,429,505,511,515,520,549]","[9,27,47,68,88,111,127,147,194,213,230,247,263,280,296,314,333,352,375,394,414,442,464,484,501,523,544,560]",model_input_patch_grid
pilot,n262929,high,d20_index_uniform5,8,8,1536,321,76,397,45,0.703125,"[2,2,1,0,1,1,2,1,2,0,2,1,0,1,2,0,3,0,2,0,1,3,0,1,1,1,2,1,1,1,1,2,2,1,0,2,1,1,0,2,0,2,0,1,1,0,0,4,0,1,1,2,2,0,1,2,2,4,0,0,1,5,0,0]",61,0.953125,"[12,6,6,6,10,8,6,1,4,2,6,14,17,6,5,5,6,2,4,9,10,8,1,7,3,2,7,8,7,2,3,3,8,10,3,20,9,9,5,6,0,3,8,16,12,10,14,5,1,1,11,9,4,6,9,3,3,4,2,0,2,7,0,1]",,,,,,0.029411764705882353,0.6842105263157895,0.034013605442176874,0.6965811965811965,"[37,49,53,57,66,69,156,173,177,185,189,289,293,297,301,306,309,401,409,413,417,422,429,505,511,515,520,549,615,644,653,662,667,671,776,780,785,791,794,799,803,935,941,945,950,955,960,964,1073,1077,1081,1087,1091,1096,1100,1205,1209,1214,1218,1223,1228,1232,1337,1341,1378,1388,1392,1398,1482,1502,1506,1511,1525,1529,1643,1667,1671,1680,1685,1689,1694,1799,1803,1808,1812,1817,1826,1856,1931,1935,1949,1954,1958,1973,2096,2101,2107,2112,2123]","[9,27,47,68,88,111,127,147,194,213,230,247,263,280,296,314,333,352,375,394,414,442,464,484,501,523,544,560,577,596,616,635,676,702,719,747,771,796,816,840,864,883,909,931,951,974,995,1014,1040,1061,1080,1102,1121,1140,1158,1178,1195,1213,1231,1251,1267,1286,1304,1324,1342,1414,1437,1463,1481,1500,1540,1564,1585,1604,1627,1644,1669,1693,1728,1759,1781,1807,1828,1848,1868,1890,1910,1926,1963,1979,1997,2015,2032,2048,2066,2082,2099,2134,2150]","[615,644,653,662,667,671,776,780,785,791,794,799,803,935,941,945,950,955,960,964,1073,1077,1081,1087,1091,1096,1100,1205,1209,1214,1218,1223,1228,1232,1337,1341,1378,1388,1392,1398,1482,1502,1506,1511,1525,1529,1643,1667,1671,1680,1685,1689,1694,1799,1803,1808,1812,1817,1826,1856,1931,1935,1949,1954,1958,1973,2096,2101,2107,2112,2123]","[577,596,616,635,676,702,719,747,771,796,816,840,864,883,909,931,951,974,995,1014,1040,1061,1080,1102,1121,1140,1158,1178,1195,1213,1231,1251,1267,1286,1304,1324,1342,1414,1437,1463,1481,1500,1540,1564,1585,1604,1627,1644,1669,1693,1728,1759,1781,1807,1828,1848,1868,1890,1910,1926,1963,1979,1997,2015,2032,2048,2066,2082,2099,2134,2150]",model_input_patch_grid
pilot,n262929,high,d20_spatial_uniform5,8,8,1536,321,76,397,57,0.890625,"[1,1,1,0,1,1,1,1,2,2,2,0,2,2,2,2,1,1,1,0,1,1,1,1,2,2,1,1,0,1,1,1,1,1,2,1,1,2,2,2,1,1,1,1,0,1,1,1,2,2,1,2,0,2,2,2,1,1,1,1,1,1,0,1]",63,0.984375,"[11,5,6,6,10,8,5,1,4,4,6,13,19,7,5,7,4,3,3,9,10,6,2,7,4,3,6,8,6,2,3,2,7,10,5,19,9,10,7,6,1,2,9,16,11,11,15,2,3,2,11,9,2,8,10,3,2,1,3,1,2,3,0,2]",0,0,76,0.0,0.0,0.029411764705882353,0.6842105263157895,0.034013605442176874,0.6965811965811965,"[37,49,53,57,66,69,156,173,177,185,189,289,293,297,301,306,309,401,409,413,417,422,429,505,511,515,520,549,615,644,653,662,667,671,776,780,785,791,794,799,803,935,941,945,950,955,960,964,1073,1077,1081,1087,1091,1096,1100,1205,1209,1214,1218,1223,1228,1232,1337,1341,1378,1388,1392,1398,1482,1502,1506,1511,1525,1529,1643,1667,1671,1680,1685,1689,1694,1799,1803,1808,1812,1817,1826,1856,1931,1935,1949,1954,1958,1973,2096,2101,2107,2112,2123]","[9,27,47,68,88,111,127,147,194,213,230,247,263,280,296,314,333,352,375,394,414,442,464,484,501,523,544,560,577,596,616,635,676,702,719,747,771,796,816,840,864,883,909,931,951,974,995,1014,1040,1061,1080,1102,1121,1140,1158,1178,1195,1213,1231,1251,1267,1286,1304,1324,1342,1414,1437,1463,1481,1500,1540,1564,1585,1604,1627,1644,1669,1693,1728,1759,1781,1807,1828,1848,1868,1890,1910,1926,1963,1979,1997,2015,2032,2048,2066,2082,2099,2134,2150]","[615,644,653,662,667,671,776,780,785,791,794,799,803,935,941,945,950,955,960,964,1073,1077,1081,1087,1091,1096,1100,1205,1209,1214,1218,1223,1228,1232,1337,1341,1378,1388,1392,1398,1482,1502,1506,1511,1525,1529,1643,1667,1671,1680,1685,1689,1694,1799,1803,1808,1812,1817,1826,1856,1931,1935,1949,1954,1958,1973,2096,2101,2107,2112,2123]","[577,596,616,635,676,702,719,747,771,796,816,840,864,883,909,931,951,974,995,1014,1040,1061,1080,1102,1121,1140,1158,1178,1195,1213,1231,1251,1267,1286,1304,1324,1342,1414,1437,1463,1481,1500,1540,1564,1585,1604,1627,1644,1669,1693,1728,1759,1781,1807,1828,1848,1868,1890,1910,1926,1963,1979,1997,2015,2032,2048,2066,2082,2099,2134,2150]",model_input_patch_grid
pilot,n272098,base,d20_index_uniform5,8,8,576,149,27,176,22,0.34375,"[0,1,0,1,0,1,0,1,0,0,0,0,2,1,0,0,1,1,0,1,0,0,0,0,1,0,0,1,1,1,0,0,0,0,3,0,0,0,0,0,0,0,2,1,0,0,0,0,0,1,1,1,0,0,0,0,2,1,0,0,0,0,1,0]",55,0.859375,"[2,1,0,2,0,4,5,2,0,0,0,2,6,6,7,5,1,2,1,2,0,3,6,1,1,0,1,3,4,4,2,3,0,1,4,2,4,5,5,4,3,4,3,3,2,5,5,5,5,2,4,3,3,3,0,1,3,4,2,4,4,3,3,1]",,,,,,0.04727272727272727,0.6921269095182139,0.018867924528301886,0.7425742574257426,"[49,53,57,61,69,89,169,174,177,181,185,189,290,299,310,328,410,415,419,430,448,491,506,511,521,525,631,640,676,693,697,706,711,715,719,845,872,876,880,885,889,898,902,911,915,1085,1117,1121,1125,1130,1138,1143,1147,1151,1156,1160,1313,1317,1321,1334,1339,1343,1348,1356,1375,1401,1535,1558,1562,1571,1575,1579,1588,1593,1597,1758,1762,1771,1776,1780,1789,1792,1797,1803,1834,1999,2003,2012,2016,2020,2025,2030,2034,2038,2042,2195,2200,2209,2214,2223,2239,2268,2282,2367,2391,2396,2400,2405,2424,2429,2434,2469,2562,2587,2592,2596,2615,2620,2625,2630,2650,2655,2739,2783,2792,2797,2807,2812,2817,2826,2851]","[10,29,47,64,88,109,132,155,172,192,216,233,254,273,319,342,366,392,418,442,463,484,505,530,556,572,590,609,632,648,664,718,738,754,774,791,807,825,846,867,886,925,945,966,983,1008,1026,1043,1066,1082,1099,1119,1137,1159,1179,1197,1214,1234,1250,1268,1290,1308,1347,1367,1384,1407,1427,1452,1471,1491,1510,1528,1545,1585,1627,1649,1676,1700,1719,1748,1788,1809,1830,1853,1874,1894,1912,1932,1952,1968,1987,2024,2043,2060,2078,2101,2121,2145,2163,2181,2255,2274,2300,2320,2338,2356,2376,2394,2436,2456,2480,2501,2518,2537,2557,2579,2603,2628,2648,2677,2698,2722,2743,2760,2776,2799,2846,2864,2882,2900,2917]","[49,53,57,61,69,89,169,174,177,181,185,189,290,299,310,328,410,415,419,430,448,491,506,511,521,525]","[10,29,47,64,88,109,132,155,172,192,216,233,254,273,319,342,366,392,418,442,463,484,505,530,556,572]",model_input_patch_grid
pilot,n272098,base,d20_spatial_uniform5,8,8,576,149,27,176,27,0.421875,"[1,1,0,1,1,0,0,1,0,0,0,0,0,1,0,0,1,0,1,1,1,1,0,1,0,0,0,0,0,0,0,0,1,0,1,1,0,1,0,1,1,0,1,1,0,0,0,1,0,0,0,1,0,1,0,0,1,0,1,0,0,1,0,1]",57,0.890625,"[3,1,0,2,1,3,5,2,0,0,0,2,4,6,7,5,1,1,2,2,1,4,6,2,0,0,1,2,3,3,2,3,1,1,2,3,4,6,5,5,4,4,2,3,2,5,5,6,5,1,3,3,3,4,0,1,2,3,3,4,4,4,2,2]",0,0,27,0.0,0.0,0.04727272727272727,0.6921269095182139,0.018867924528301886,0.7425742574257426,"[49,53,57,61,69,89,169,174,177,181,185,189,290,299,310,328,410,415,419,430,448,491,506,511,521,525,631,640,676,693,697,706,711,715,719,845,872,876,880,885,889,898,902,911,915,1085,1117,1121,1125,1130,1138,1143,1147,1151,1156,1160,1313,1317,1321,1334,1339,1343,1348,1356,1375,1401,1535,1558,1562,1571,1575,1579,1588,1593,1597,1758,1762,1771,1776,1780,1789,1792,1797,1803,1834,1999,2003,2012,2016,2020,2025,2030,2034,2038,2042,2195,2200,2209,2214,2223,2239,2268,2282,2367,2391,2396,2400,2405,2424,2429,2434,2469,2562,2587,2592,2596,2615,2620,2625,2630,2650,2655,2739,2783,2792,2797,2807,2812,2817,2826,2851]","[10,29,47,64,88,109,132,155,172,192,216,233,254,273,319,342,366,392,418,442,463,484,505,530,556,572,590,609,632,648,664,718,738,754,774,791,807,825,846,867,886,925,945,966,983,1008,1026,1043,1066,1082,1099,1119,1137,1159,1179,1197,1214,1234,1250,1268,1290,1308,1347,1367,1384,1407,1427,1452,1471,1491,1510,1528,1545,1585,1627,1649,1676,1700,1719,1748,1788,1809,1830,1853,1874,1894,1912,1932,1952,1968,1987,2024,2043,2060,2078,2101,2121,2145,2163,2181,2255,2274,2300,2320,2338,2356,2376,2394,2436,2456,2480,2501,2518,2537,2557,2579,2603,2628,2648,2677,2698,2722,2743,2760,2776,2799,2846,2864,2882,2900,2917]","[49,53,57,61,69,89,169,174,177,181,185,189,290,299,310,328,410,415,419,430,448,491,506,511,521,525]","[10,29,47,64,88,109,132,155,172,192,216,233,254,273,319,342,366,392,418,442,463,484,505,530,556,572]",model_input_patch_grid
pilot,n272098,high,d20_index_uniform5,8,8,2304,427,117,544,62,0.96875,"[2,2,2,2,2,3,1,2,2,2,3,1,2,1,2,2,1,2,1,3,2,1,2,3,1,1,2,3,1,1,1,4,2,2,2,1,3,1,2,2,1,3,2,1,2,2,2,1,2,0,2,4,0,1,1,4,1,1,3,2,1,1,3,2]",64,1.0,"[4,9,7,5,2,8,9,5,2,4,6,12,8,11,11,7,6,5,12,12,3,9,9,7,7,7,9,15,13,2,10,16,8,6,7,5,8,13,7,10,7,8,9,5,12,9,14,15,9,4,8,9,21,15,3,5,10,12,9,10,14,7,6,7]",,,,,,0.04727272727272727,0.6921269095182139,0.05405405405405406,0.6764252696456087,"[49,53,57,61,69,89,169,174,177,181,185,189,290,299,310,328,410,415,419,430,448,491,506,511,521,525,631,640,676,693,697,706,711,715,719,845,872,876,880,885,889,898,902,911,915,1085,1117,1121,1125,1130,1138,1143,1147,1151,1156,1160,1313,1317,1321,1334,1339,1343,1348,1356,1375,1401,1535,1558,1562,1571,1575,1579,1588,1593,1597,1758,1762,1771,1776,1780,1789,1792,1797,1803,1834,1999,2003,2012,2016,2020,2025,2030,2034,2038,2042,2195,2200,2209,2214,2223,2239,2268,2282,2367,2391,2396,2400,2405,2424,2429,2434,2469,2562,2587,2592,2596,2615,2620,2625,2630,2650,2655,2739,2783,2792,2797,2807,2812,2817,2826,2851]","[10,29,47,64,88,109,132,155,172,192,216,233,254,273,319,342,366,392,418,442,463,484,505,530,556,572,590,609,632,648,664,718,738,754,774,791,807,825,846,867,886,925,945,966,983,1008,1026,1043,1066,1082,1099,1119,1137,1159,1179,1197,1214,1234,1250,1268,1290,1308,1347,1367,1384,1407,1427,1452,1471,1491,1510,1528,1545,1585,1627,1649,1676,1700,1719,1748,1788,1809,1830,1853,1874,1894,1912,1932,1952,1968,1987,2024,2043,2060,2078,2101,2121,2145,2163,2181,2255,2274,2300,2320,2338,2356,2376,2394,2436,2456,2480,2501,2518,2537,2557,2579,2603,2628,2648,2677,2698,2722,2743,2760,2776,2799,2846,2864,2882,2900,2917]","[631,640,676,693,697,706,711,715,719,845,872,876,880,885,889,898,902,911,915,1085,1117,1121,1125,1130,1138,1143,1147,1151,1156,1160,1313,1317,1321,1334,1339,1343,1348,1356,1375,1401,1535,1558,1562,1571,1575,1579,1588,1593,1597,1758,1762,1771,1776,1780,1789,1792,1797,1803,1834,1999,2003,2012,2016,2020,2025,2030,2034,2038,2042,2195,2200,2209,2214,2223,2239,2268,2282,2367,2391,2396,2400,2405,2424,2429,2434,2469,2562,2587,2592,2596,2615,2620,2625,2630,2650,2655,2739,2783,2792,2797,2807,2812,2817,2826,2851]","[590,609,632,648,664,718,738,754,774,791,807,825,846,867,886,925,945,966,983,1008,1026,1043,1066,1082,1099,1119,1137,1159,1179,1197,1214,1234,1250,1268,1290,1308,1347,1367,1384,1407,1427,1452,1471,1491,1510,1528,1545,1585,1627,1649,1676,1700,1719,1748,1788,1809,1830,1853,1874,1894,1912,1932,1952,1968,1987,2024,2043,2060,2078,2101,2121,2145,2163,2181,2255,2274,2300,2320,2338,2356,2376,2394,2436,2456,2480,2501,2518,2537,2557,2579,2603,2628,2648,2677,2698,2722,2743,2760,2776,2799,2846,2864,2882,2900,2917]",model_input_patch_grid
pilot,n272098,high,d20_spatial_uniform5,8,8,2304,427,117,544,64,1.0,"[1,2,1,2,2,1,2,1,2,4,2,3,2,2,4,2,1,2,1,2,1,1,2,1,1,2,1,2,1,1,2,1,2,4,2,3,3,2,4,2,1,2,1,1,1,1,2,1,2,4,1,1,2,4,2,2,1,2,2,2,1,1,2,1]",64,1.0,"[3,9,6,5,2,6,10,4,2,6,5,14,8,12,13,7,6,5,12,11,2,9,9,5,7,8,8,14,13,2,11,13,8,8,7,7,8,14,9,10,7,7,8,5,11,8,14,15,9,8,7,6,23,18,4,3,10,13,8,10,14,7,5,6]",0,0,117,0.0,0.0,0.04727272727272727,0.6921269095182139,0.05405405405405406,0.6764252696456087,"[49,53,57,61,69,89,169,174,177,181,185,189,290,299,310,328,410,415,419,430,448,491,506,511,521,525,631,640,676,693,697,706,711,715,719,845,872,876,880,885,889,898,902,911,915,1085,1117,1121,1125,1130,1138,1143,1147,1151,1156,1160,1313,1317,1321,1334,1339,1343,1348,1356,1375,1401,1535,1558,1562,1571,1575,1579,1588,1593,1597,1758,1762,1771,1776,1780,1789,1792,1797,1803,1834,1999,2003,2012,2016,2020,2025,2030,2034,2038,2042,2195,2200,2209,2214,2223,2239,2268,2282,2367,2391,2396,2400,2405,2424,2429,2434,2469,2562,2587,2592,2596,2615,2620,2625,2630,2650,2655,2739,2783,2792,2797,2807,2812,2817,2826,2851]","[10,29,47,64,88,109,132,155,172,192,216,233,254,273,319,342,366,392,418,442,463,484,505,530,556,572,590,609,632,648,664,718,738,754,774,791,807,825,846,867,886,925,945,966,983,1008,1026,1043,1066,1082,1099,1119,1137,1159,1179,1197,1214,1234,1250,1268,1290,1308,1347,1367,1384,1407,1427,1452,1471,1491,1510,1528,1545,1585,1627,1649,1676,1700,1719,1748,1788,1809,1830,1853,1874,1894,1912,1932,1952,1968,1987,2024,2043,2060,2078,2101,2121,2145,2163,2181,2255,2274,2300,2320,2338,2356,2376,2394,2436,2456,2480,2501,2518,2537,2557,2579,2603,2628,2648,2677,2698,2722,2743,2760,2776,2799,2846,2864,2882,2900,2917]","[631,640,676,693,697,706,711,715,719,845,872,876,880,885,889,898,902,911,915,1085,1117,1121,1125,1130,1138,1143,1147,1151,1156,1160,1313,1317,1321,1334,1339,1343,1348,1356,1375,1401,1535,1558,1562,1571,1575,1579,1588,1593,1597,1758,1762,1771,1776,1780,1789,1792,1797,1803,1834,1999,2003,2012,2016,2020,2025,2030,2034,2038,2042,2195,2200,2209,2214,2223,2239,2268,2282,2367,2391,2396,2400,2405,2424,2429,2434,2469,2562,2587,2592,2596,2615,2620,2625,2630,2650,2655,2739,2783,2792,2797,2807,2812,2817,2826,2851]","[590,609,632,648,664,718,738,754,774,791,807,825,846,867,886,925,945,966,983,1008,1026,1043,1066,1082,1099,1119,1137,1159,1179,1197,1214,1234,1250,1268,1290,1308,1347,1367,1384,1407,1427,1452,1471,1491,1510,1528,1545,1585,1627,1649,1676,1700,1719,1748,1788,1809,1830,1853,1874,1894,1912,1932,1952,1968,1987,2024,2043,2060,2078,2101,2121,2145,2163,2181,2255,2274,2300,2320,2338,2356,2376,2394,2436,2456,2480,2501,2518,2537,2557,2579,2603,2628,2648,2677,2698,2722,2743,2760,2776,2799,2846,2864,2882,2900,2917]",model_input_patch_grid
pilot,n281241,base,d20_index_uniform5,8,8,576,117,29,146,26,0.40625,"[1,0,0,1,1,0,1,0,0,1,0,2,0,0,0,0,0,0,2,1,0,0,0,0,1,1,0,0,0,0,0,2,0,0,0,1,0,1,1,0,1,1,0,0,0,1,1,0,0,1,1,0,0,1,0,0,1,1,0,1,0,0,1,1]",55,0.859375,"[1,0,1,2,3,0,1,1,2,7,6,2,1,6,3,4,0,2,3,4,2,6,4,1,1,3,5,0,3,3,4,2,1,2,5,3,1,1,2,2,1,1,4,8,0,2,2,1,0,2,1,7,3,1,1,0,3,1,0,1,1,0,3,3]",,,,,,0.039603960396039604,0.6896,0.017543859649122806,0.6781609195402298,"[49,53,57,62,65,69,161,169,173,177,181,189,290,293,297,301,305,309,409,413,421,429,440,511,515,520,525,530,644,648,653,657,667,671,747,776,789,794,799,803,912,917,941,954,964,968,1073,1078,1081,1086,1096,1100,1124,1205,1209,1219,1224,1228,1232,1369,1374,1383,1388,1397,1412,1502,1506,1509,1515,1520,1525,1667,1676,1681,1685,1690,1694,1799,1803,1808,1814,1817,1822,1826,1931,1935,1940,1949,1954,1958,2010,2096,2101,2107,2112,2117,2123]","[9,26,43,60,82,99,131,154,175,198,221,240,263,286,306,328,347,364,384,404,447,464,484,504,522,539,557,575,593,613,629,646,680,697,715,731,748,765,802,824,842,867,887,910,936,978,998,1017,1038,1056,1085,1108,1130,1150,1172,1194,1238,1262,1283,1306,1335,1358,1416,1437,1460,1480,1503,1553,1570,1592,1614,1632,1652,1692,1715,1734,1754,1773,1800,1821,1839,1861,1884,1902,1924,1948,1965,1985,2002,2019,2039,2055,2073,2091,2110,2129,2147]","[49,53,57,62,65,69,161,169,173,177,181,189,290,293,297,301,305,309,409,413,421,429,440,511,515,520,525,530]","[9,26,43,60,82,99,131,154,175,198,221,240,263,286,306,328,347,364,384,404,447,464,484,504,522,539,557,575]",model_input_patch_grid
pilot,n281241,base,d20_spatial_uniform5,8,8,576,117,29,146,29,0.453125,"[1,1,0,1,1,1,0,1,0,0,0,0,0,0,0,0,1,1,0,1,1,1,0,1,0,0,0,0,0,0,0,0,1,1,0,1,1,1,0,1,1,1,0,0,1,1,0,1,0,0,1,0,0,0,0,0,1,0,1,1,0,1,0,1]",55,0.859375,"[1,1,1,2,3,1,0,2,2,6,6,0,1,6,3,4,1,3,1,4,3,7,4,2,0,2,5,0,3,3,4,0,2,3,5,3,2,1,1,3,1,1,4,8,1,2,1,2,0,1,1,7,3,0,1,0,3,0,1,1,1,1,2,3]",0,0,29,0.0,0.0,0.039603960396039604,0.6896,0.017543859649122806,0.6781609195402298,"[49,53,57,62,65,69,161,169,173,177,181,189,290,293,297,301,305,309,409,413,421,429,440,511,515,520,525,530,644,648,653,657,667,671,747,776,789,794,799,803,912,917,941,954,964,968,1073,1078,1081,1086,1096,1100,1124,1205,1209,1219,1224,1228,1232,1369,1374,1383,1388,1397,1412,1502,1506,1509,1515,1520,1525,1667,1676,1681,1685,1690,1694,1799,1803,1808,1814,1817,1822,1826,1931,1935,1940,1949,1954,1958,2010,2096,2101,2107,2112,2117,2123]","[9,26,43,60,82,99,131,154,175,198,221,240,263,286,306,328,347,364,384,404,447,464,484,504,522,539,557,575,593,613,629,646,680,697,715,731,748,765,802,824,842,867,887,910,936,978,998,1017,1038,1056,1085,1108,1130,1150,1172,1194,1238,1262,1283,1306,1335,1358,1416,1437,1460,1480,1503,1553,1570,1592,1614,1632,1652,1692,1715,1734,1754,1773,1800,1821,1839,1861,1884,1902,1924,1948,1965,1985,2002,2019,2039,2055,2073,2091,2110,2129,2147]","[49,53,57,62,65,69,161,169,173,177,181,189,290,293,297,301,305,309,409,413,421,429,440,511,515,520,525,530]","[9,26,43,60,82,99,131,154,175,198,221,240,263,286,306,328,347,364,384,404,447,464,484,504,522,539,557,575]",model_input_patch_grid
pilot,n281241,high,d20_index_uniform5,8,8,1536,306,76,382,48,0.75,"[0,5,0,0,1,4,1,0,1,1,1,1,2,0,1,2,1,2,0,3,1,0,2,0,3,1,1,1,0,1,2,0,2,0,0,2,0,1,2,1,2,2,0,1,1,2,2,0,1,1,2,0,1,1,1,2,2,1,1,1,1,2,2,1]",63,0.984375,"[1,5,0,1,3,5,2,2,1,13,9,1,4,13,7,6,3,5,3,9,5,12,13,2,3,2,17,8,7,15,10,5,4,2,11,10,11,10,8,7,2,2,4,21,1,7,5,4,2,2,2,16,13,7,6,2,3,2,3,4,4,2,6,7]",,,,,,0.039603960396039604,0.6896,0.04827586206896552,0.6940133037694013,"[49,53,57,62,65,69,161,169,173,177,181,189,290,293,297,301,305,309,409,413,421,429,440,511,515,520,525,530,644,648,653,657,667,671,747,776,789,794,799,803,912,917,941,954,964,968,1073,1078,1081,1086,1096,1100,1124,1205,1209,1219,1224,1228,1232,1369,1374,1383,1388,1397,1412,1502,1506,1509,1515,1520,1525,1667,1676,1681,1685,1690,1694,1799,1803,1808,1814,1817,1822,1826,1931,1935,1940,1949,1954,1958,2010,2096,2101,2107,2112,2117,2123]","[9,26,43,60,82,99,131,154,175,198,221,240,263,286,306,328,347,364,384,404,447,464,484,504,522,539,557,575,593,613,629,646,680,697,715,731,748,765,802,824,842,867,887,910,936,978,998,1017,1038,1056,1085,1108,1130,1150,1172,1194,1238,1262,1283,1306,1335,1358,1416,1437,1460,1480,1503,1553,1570,1592,1614,1632,1652,1692,1715,1734,1754,1773,1800,1821,1839,1861,1884,1902,1924,1948,1965,1985,2002,2019,2039,2055,2073,2091,2110,2129,2147]","[644,648,653,657,667,671,747,776,789,794,799,803,912,917,941,954,964,968,1073,1078,1081,1086,1096,1100,1124,1205,1209,1219,1224,1228,1232,1369,1374,1383,1388,1397,1412,1502,1506,1509,1515,1520,1525,1667,1676,1681,1685,1690,1694,1799,1803,1808,1814,1817,1822,1826,1931,1935,1940,1949,1954,1958,2010,2096,2101,2107,2112,2117,2123]","[593,613,629,646,680,697,715,731,748,765,802,824,842,867,887,910,936,978,998,1017,1038,1056,1085,1108,1130,1150,1172,1194,1238,1262,1283,1306,1335,1358,1416,1437,1460,1480,1503,1553,1570,1592,1614,1632,1652,1692,1715,1734,1754,1773,1800,1821,1839,1861,1884,1902,1924,1948,1965,1985,2002,2019,2039,2055,2073,2091,2110,2129,2147]",model_input_patch_grid
pilot,n281241,high,d20_spatial_uniform5,8,8,1536,306,76,382,56,0.875,"[1,2,1,1,0,1,1,1,2,1,2,2,1,1,2,2,1,1,1,1,0,1,1,1,1,1,1,0,1,1,1,1,2,2,2,2,0,2,2,2,1,1,1,0,1,1,1,1,2,2,2,0,1,2,2,2,1,1,0,2,1,1,0,1]",64,1.0,"[2,2,1,2,2,2,2,3,2,13,10,2,3,14,8,6,3,4,4,7,4,13,12,3,1,2,17,7,8,15,9,6,4,4,13,10,11,11,8,8,1,1,5,20,1,6,4,5,3,3,2,16,13,8,7,2,2,2,2,5,4,1,4,7]",0,0,76,0.0,0.0,0.039603960396039604,0.6896,0.04827586206896552,0.6940133037694013,"[49,53,57,62,65,69,161,169,173,177,181,189,290,293,297,301,305,309,409,413,421,429,440,511,515,520,525,530,644,648,653,657,667,671,747,776,789,794,799,803,912,917,941,954,964,968,1073,1078,1081,1086,1096,1100,1124,1205,1209,1219,1224,1228,1232,1369,1374,1383,1388,1397,1412,1502,1506,1509,1515,1520,1525,1667,1676,1681,1685,1690,1694,1799,1803,1808,1814,1817,1822,1826,1931,1935,1940,1949,1954,1958,2010,2096,2101,2107,2112,2117,2123]","[9,26,43,60,82,99,131,154,175,198,221,240,263,286,306,328,347,364,384,404,447,464,484,504,522,539,557,575,593,613,629,646,680,697,715,731,748,765,802,824,842,867,887,910,936,978,998,1017,1038,1056,1085,1108,1130,1150,1172,1194,1238,1262,1283,1306,1335,1358,1416,1437,1460,1480,1503,1553,1570,1592,1614,1632,1652,1692,1715,1734,1754,1773,1800,1821,1839,1861,1884,1902,1924,1948,1965,1985,2002,2019,2039,2055,2073,2091,2110,2129,2147]","[644,648,653,657,667,671,747,776,789,794,799,803,912,917,941,954,964,968,1073,1078,1081,1086,1096,1100,1124,1205,1209,1219,1224,1228,1232,1369,1374,1383,1388,1397,1412,1502,1506,1509,1515,1520,1525,1667,1676,1681,1685,1690,1694,1799,1803,1808,1814,1817,1822,1826,1931,1935,1940,1949,1954,1958,2010,2096,2101,2107,2112,2117,2123]","[593,613,629,646,680,697,715,731,748,765,802,824,842,867,887,910,936,978,998,1017,1038,1056,1085,1108,1130,1150,1172,1194,1238,1262,1283,1306,1335,1358,1416,1437,1460,1480,1503,1553,1570,1592,1614,1632,1652,1692,1715,1734,1754,1773,1800,1821,1839,1861,1884,1902,1924,1948,1965,1985,2002,2019,2039,2055,2073,2091,2110,2129,2147]",model_input_patch_grid
pilot,n293477,base,d20_index_uniform5,8,8,576,91,30,121,29,0.453125,"[1,0,1,0,1,0,1,0,0,1,0,1,0,1,0,1,0,1,0,1,0,0,1,1,1,1,0,1,0,0,1,0,0,0,1,1,1,0,0,0,0,1,0,0,0,0,1,2,0,1,0,1,0,1,0,0,1,0,0,1,0,1,0,1]",57,0.890625,"[2,0,1,0,1,2,1,1,1,1,1,2,1,3,0,3,1,3,1,1,2,3,4,1,3,3,0,2,4,1,3,0,2,2,3,5,1,1,0,4,3,4,5,3,2,0,1,5,2,1,3,1,2,3,1,1,2,1,2,1,1,4,1,2]",,,,,,0.04072398190045249,0.6891495601173021,0.05263157894736842,0.6351351351351351,"[49,53,57,61,65,69,169,174,177,181,185,189,265,270,273,277,281,285,386,389,398,401,417,509,513,517,521,676,684,689,693,697,702,706,711,715,719,876,880,885,889,893,898,902,907,911,915,921,1098,1103,1117,1120,1125,1134,1138,1156,1160,1330,1334,1362,1366,1370,1375,1388,1392,1395,1401,1405,1558,1562,1575,1579,1584,1593,1597,1601,1615,1620,1803,1808,1813,1818,1822,1827,1831,1836,1841,1846,1999,2004,2008,2013,2017,2023,2028,2032,2042,2195,2200,2204,2209,2214,2219,2224,2233,2238]","[8,24,42,60,76,95,112,129,149,167,187,203,225,245,266,284,302,322,343,363,382,428,449,467,485,544,562,579,595,611,630,646,662,696,713,736,753,772,792,809,826,842,862,881,897,913,930,949,966,985,1002,1020,1039,1057,1099,1116,1172,1211,1242,1274,1307,1327,1358,1380,1404,1427,1455,1475,1499,1519,1537,1563,1614,1635,1658,1682,1698,1723,1740,1762,1789,1820,1842,1869,1890,1912,1936,1955,1979,1997,2016,2054,2081,2101,2117,2142,2159,2175,2196,2212,2247,2263,2280,2297,2313,2330]","[49,53,57,61,65,69,169,174,177,181,185,189,265,270,273,277,281,285,386,389,398,401,417,509,513,517,521]","[8,24,42,60,76,95,112,129,149,167,187,203,225,245,266,284,302,322,343,363,382,428,449,467,485,544,562]",model_input_patch_grid
pilot,n293477,base,d20_spatial_uniform5,8,8,576,91,30,121,30,0.46875,"[1,1,0,1,1,1,0,1,0,0,0,0,0,0,0,0,1,0,1,1,1,1,0,1,1,0,1,1,1,1,0,1,0,0,0,0,0,0,0,0,1,1,0,1,1,1,0,1,0,0,0,0,0,0,0,0,1,1,0,1,1,1,0,1]",55,0.859375,"[2,1,0,1,1,3,0,2,1,0,1,1,1,2,0,2,2,2,2,1,3,4,3,1,3,2,1,2,5,2,2,1,2,2,2,4,0,1,0,4,4,4,5,4,3,1,0,4,2,0,3,0,2,2,1,1,2,2,2,1,2,4,1,2]",0,0,30,0.0,0.0,0.04072398190045249,0.6891495601173021,0.05263157894736842,0.6351351351351351,"[49,53,57,61,65,69,169,174,177,181,185,189,265,270,273,277,281,285,386,389,398,401,417,509,513,517,521,676,684,689,693,697,702,706,711,715,719,876,880,885,889,893,898,902,907,911,915,921,1098,1103,1117,1120,1125,1134,1138,1156,1160,1330,1334,1362,1366,1370,1375,1388,1392,1395,1401,1405,1558,1562,1575,1579,1584,1593,1597,1601,1615,1620,1803,1808,1813,1818,1822,1827,1831,1836,1841,1846,1999,2004,2008,2013,2017,2023,2028,2032,2042,2195,2200,2204,2209,2214,2219,2224,2233,2238]","[8,24,42,60,76,95,112,129,149,167,187,203,225,245,266,284,302,322,343,363,382,428,449,467,485,544,562,579,595,611,630,646,662,696,713,736,753,772,792,809,826,842,862,881,897,913,930,949,966,985,1002,1020,1039,1057,1099,1116,1172,1211,1242,1274,1307,1327,1358,1380,1404,1427,1455,1475,1499,1519,1537,1563,1614,1635,1658,1682,1698,1723,1740,1762,1789,1820,1842,1869,1890,1912,1936,1955,1979,1997,2016,2054,2081,2101,2117,2142,2159,2175,2196,2212,2247,2263,2280,2297,2313,2330]","[49,53,57,61,65,69,169,174,177,181,185,189,265,270,273,277,281,285,386,389,398,401,417,509,513,517,521]","[8,24,42,60,76,95,112,129,149,167,187,203,225,245,266,284,302,322,343,363,382,428,449,467,485,544,562]",model_input_patch_grid
pilot,n293477,high,d20_index_uniform5,8,8,1728,370,85,455,49,0.765625,"[2,1,1,3,0,2,2,0,2,2,1,2,1,2,2,2,2,1,1,1,1,1,1,1,0,0,2,2,1,0,0,4,0,2,2,0,0,3,1,0,1,1,0,3,1,0,4,1,1,2,1,1,0,2,2,0,2,2,1,4,0,2,2,1]",64,1.0,"[5,2,2,3,1,2,3,5,8,3,3,2,6,5,2,4,8,12,12,10,6,8,11,2,9,11,10,17,14,16,22,5,6,8,7,8,5,8,11,6,14,11,15,15,7,6,5,11,2,4,7,12,14,5,4,4,3,2,1,4,5,3,7,6]",,,,,,0.04072398190045249,0.6891495601173021,0.036585365853658534,0.704119850187266,"[49,53,57,61,65,69,169,174,177,181,185,189,265,270,273,277,281,285,386,389,398,401,417,509,513,517,521,676,684,689,693,697,702,706,711,715,719,876,880,885,889,893,898,902,907,911,915,921,1098,1103,1117,1120,1125,1134,1138,1156,1160,1330,1334,1362,1366,1370,1375,1388,1392,1395,1401,1405,1558,1562,1575,1579,1584,1593,1597,1601,1615,1620,1803,1808,1813,1818,1822,1827,1831,1836,1841,1846,1999,2004,2008,2013,2017,2023,2028,2032,2042,2195,2200,2204,2209,2214,2219,2224,2233,2238]","[8,24,42,60,76,95,112,129,149,167,187,203,225,245,266,284,302,322,343,363,382,428,449,467,485,544,562,579,595,611,630,646,662,696,713,736,753,772,792,809,826,842,862,881,897,913,930,949,966,985,1002,1020,1039,1057,1099,1116,1172,1211,1242,1274,1307,1327,1358,1380,1404,1427,1455,1475,1499,1519,1537,1563,1614,1635,1658,1682,1698,1723,1740,1762,1789,1820,1842,1869,1890,1912,1936,1955,1979,1997,2016,2054,2081,2101,2117,2142,2159,2175,2196,2212,2247,2263,2280,2297,2313,2330]","[676,684,689,693,697,702,706,711,715,719,876,880,885,889,893,898,902,907,911,915,921,1098,1103,1117,1120,1125,1134,1138,1156,1160,1330,1334,1362,1366,1370,1375,1388,1392,1395,1401,1405,1558,1562,1575,1579,1584,1593,1597,1601,1615,1620,1803,1808,1813,1818,1822,1827,1831,1836,1841,1846,1999,2004,2008,2013,2017,2023,2028,2032,2042,2195,2200,2204,2209,2214,2219,2224,2233,2238]","[579,595,611,630,646,662,696,713,736,753,772,792,809,826,842,862,881,897,913,930,949,966,985,1002,1020,1039,1057,1099,1116,1172,1211,1242,1274,1307,1327,1358,1380,1404,1427,1455,1475,1499,1519,1537,1563,1614,1635,1658,1682,1698,1723,1740,1762,1789,1820,1842,1869,1890,1912,1936,1955,1979,1997,2016,2054,2081,2101,2117,2142,2159,2175,2196,2212,2247,2263,2280,2297,2313,2330]",model_input_patch_grid
pilot,n293477,high,d20_spatial_uniform5,8,8,1728,370,85,455,64,1.0,"[1,2,1,2,1,1,2,1,1,2,1,2,1,1,2,1,2,1,1,2,1,1,2,1,1,2,1,2,1,2,1,1,1,2,1,2,1,1,2,1,1,1,2,1,1,2,1,1,1,2,1,1,1,2,1,1,1,2,1,1,1,2,1,1]",64,1.0,"[4,3,2,2,2,1,3,6,7,3,3,2,6,4,2,3,8,12,12,11,6,8,12,2,10,13,9,17,14,18,23,2,7,8,6,10,6,6,12,7,14,11,17,13,7,8,2,11,2,4,7,12,15,5,3,5,2,2,1,1,6,3,6,6]",0,0,85,0.0,0.0,0.04072398190045249,0.6891495601173021,0.036585365853658534,0.704119850187266,"[49,53,57,61,65,69,169,174,177,181,185,189,265,270,273,277,281,285,386,389,398,401,417,509,513,517,521,676,684,689,693,697,702,706,711,715,719,876,880,885,889,893,898,902,907,911,915,921,1098,1103,1117,1120,1125,1134,1138,1156,1160,1330,1334,1362,1366,1370,1375,1388,1392,1395,1401,1405,1558,1562,1575,1579,1584,1593,1597,1601,1615,1620,1803,1808,1813,1818,1822,1827,1831,1836,1841,1846,1999,2004,2008,2013,2017,2023,2028,2032,2042,2195,2200,2204,2209,2214,2219,2224,2233,2238]","[8,24,42,60,76,95,112,129,149,167,187,203,225,245,266,284,302,322,343,363,382,428,449,467,485,544,562,579,595,611,630,646,662,696,713,736,753,772,792,809,826,842,862,881,897,913,930,949,966,985,1002,1020,1039,1057,1099,1116,1172,1211,1242,1274,1307,1327,1358,1380,1404,1427,1455,1475,1499,1519,1537,1563,1614,1635,1658,1682,1698,1723,1740,1762,1789,1820,1842,1869,1890,1912,1936,1955,1979,1997,2016,2054,2081,2101,2117,2142,2159,2175,2196,2212,2247,2263,2280,2297,2313,2330]","[676,684,689,693,697,702,706,711,715,719,876,880,885,889,893,898,902,907,911,915,921,1098,1103,1117,1120,1125,1134,1138,1156,1160,1330,1334,1362,1366,1370,1375,1388,1392,1395,1401,1405,1558,1562,1575,1579,1584,1593,1597,1601,1615,1620,1803,1808,1813,1818,1822,1827,1831,1836,1841,1846,1999,2004,2008,2013,2017,2023,2028,2032,2042,2195,2200,2204,2209,2214,2219,2224,2233,2238]","[579,595,611,630,646,662,696,713,736,753,772,792,809,826,842,862,881,897,913,930,949,966,985,1002,1020,1039,1057,1099,1116,1172,1211,1242,1274,1307,1327,1358,1380,1404,1427,1455,1475,1499,1519,1537,1563,1614,1635,1658,1682,1698,1723,1740,1762,1789,1820,1842,1869,1890,1912,1936,1955,1979,1997,2016,2054,2081,2101,2117,2142,2159,2175,2196,2212,2247,2263,2280,2297,2313,2330]",model_input_patch_grid
pilot,n298104,base,d20_index_uniform5,8,8,576,108,29,137,26,0.40625,"[1,0,1,0,1,1,0,0,0,2,1,0,0,0,0,0,0,0,0,2,0,1,0,0,2,1,0,0,0,0,0,1,0,0,1,0,0,1,1,0,1,0,1,0,1,0,1,0,1,0,1,0,0,1,0,1,0,1,0,1,1,0,0,1]",56,0.875,"[2,0,3,0,1,1,1,1,1,2,6,5,3,2,4,5,2,3,4,7,3,3,2,2,2,3,5,2,7,0,0,1,1,2,2,4,7,1,1,0,4,0,1,1,4,1,1,0,4,1,2,3,1,1,1,1,0,2,1,2,1,2,1,1]",,,,,,0.034482758620689655,0.6869009584664537,0.017543859649122806,0.6606060606060606,"[49,53,57,61,65,69,149,154,169,181,189,277,289,293,297,305,309,409,413,417,421,425,429,506,515,525,535,544,644,648,653,657,662,667,671,776,780,789,799,803,818,941,945,949,953,959,964,968,1073,1077,1082,1086,1092,1096,1205,1209,1215,1218,1223,1228,1232,1341,1355,1359,1364,1370,1415,1501,1506,1511,1514,1520,1525,1529,1667,1671,1676,1679,1690,1694,1803,1808,1812,1817,1822,1826,1935,1940,1944,1949,1954,1958,2096,2101,2107,2112,2117,2123]","[8,25,41,60,80,99,124,155,203,221,242,266,286,308,328,344,367,386,404,420,440,458,478,496,513,533,550,566,582,599,616,632,650,666,684,701,719,736,756,772,811,829,848,870,894,919,940,965,983,1009,1031,1053,1075,1122,1139,1163,1184,1204,1230,1255,1272,1300,1325,1343,1427,1455,1475,1498,1523,1542,1568,1589,1609,1629,1646,1666,1703,1724,1743,1785,1805,1824,1844,1864,1883,1900,1924,1946,1983,2002,2021,2038,2058,2076,2094,2111,2130,2147]","[49,53,57,61,65,69,149,154,169,181,189,277,289,293,297,305,309,409,413,417,421,425,429,506,515,525,535,544]","[8,25,41,60,80,99,124,155,203,221,242,266,286,308,328,344,367,386,404,420,440,458,478,496,513,533,550,566]",model_input_patch_grid
pilot,n298104,base,d20_spatial_uniform5,8,8,576,108,29,137,29,0.453125,"[1,1,0,1,1,1,0,1,0,0,0,0,0,0,0,0,1,1,0,1,1,1,0,1,0,0,0,0,1,0,0,0,1,1,0,1,0,1,0,1,1,1,0,1,1,1,0,1,0,0,0,0,0,0,0,0,1,0,1,1,0,1,0,1]",53,0.828125,"[2,1,2,1,1,1,1,2,1,0,5,5,3,2,4,5,3,4,4,6,4,3,2,3,0,2,5,2,8,0,0,0,2,3,1,5,7,1,0,1,4,1,0,2,4,2,0,1,3,1,1,3,1,0,1,0,1,1,2,2,0,3,1,1]",0,0,29,0.0,0.0,0.034482758620689655,0.6869009584664537,0.017543859649122806,0.6606060606060606,"[49,53,57,61,65,69,149,154,169,181,189,277,289,293,297,305,309,409,413,417,421,425,429,506,515,525,535,544,644,648,653,657,662,667,671,776,780,789,799,803,818,941,945,949,953,959,964,968,1073,1077,1082,1086,1092,1096,1205,1209,1215,1218,1223,1228,1232,1341,1355,1359,1364,1370,1415,1501,1506,1511,1514,1520,1525,1529,1667,1671,1676,1679,1690,1694,1803,1808,1812,1817,1822,1826,1935,1940,1944,1949,1954,1958,2096,2101,2107,2112,2117,2123]","[8,25,41,60,80,99,124,155,203,221,242,266,286,308,328,344,367,386,404,420,440,458,478,496,513,533,550,566,582,599,616,632,650,666,684,701,719,736,756,772,811,829,848,870,894,919,940,965,983,1009,1031,1053,1075,1122,1139,1163,1184,1204,1230,1255,1272,1300,1325,1343,1427,1455,1475,1498,1523,1542,1568,1589,1609,1629,1646,1666,1703,1724,1743,1785,1805,1824,1844,1864,1883,1900,1924,1946,1983,2002,2021,2038,2058,2076,2094,2111,2130,2147]","[49,53,57,61,65,69,149,154,169,181,189,277,289,293,297,305,309,409,413,417,421,425,429,506,515,525,535,544]","[8,25,41,60,80,99,124,155,203,221,242,266,286,308,328,344,367,386,404,420,440,458,478,496,513,533,550,566]",model_input_patch_grid
pilot,n298104,high,d20_index_uniform5,8,8,1536,315,76,391,54,0.84375,"[0,2,3,1,0,2,2,2,1,1,1,1,0,3,1,1,1,2,1,1,1,0,2,1,2,0,1,1,1,1,1,1,0,0,3,0,0,2,1,1,2,1,1,2,0,2,1,1,2,1,1,1,1,2,1,1,3,1,1,1,1,2,1,1]",63,0.984375,"[0,2,6,3,1,2,2,4,1,1,14,11,7,4,7,6,4,9,10,6,14,4,6,3,2,4,17,9,21,5,4,3,10,9,6,17,21,8,5,7,7,2,2,8,14,5,3,1,12,1,5,5,12,4,1,1,9,1,1,6,5,5,2,4]",,,,,,0.034482758620689655,0.6869009584664537,0.0410958904109589,0.6963123644251626,"[49,53,57,61,65,69,149,154,169,181,189,277,289,293,297,305,309,409,413,417,421,425,429,506,515,525,535,544,644,648,653,657,662,667,671,776,780,789,799,803,818,941,945,949,953,959,964,968,1073,1077,1082,1086,1092,1096,1205,1209,1215,1218,1223,1228,1232,1341,1355,1359,1364,1370,1415,1501,1506,1511,1514,1520,1525,1529,1667,1671,1676,1679,1690,1694,1803,1808,1812,1817,1822,1826,1935,1940,1944,1949,1954,1958,2096,2101,2107,2112,2117,2123]","[8,25,41,60,80,99,124,155,203,221,242,266,286,308,328,344,367,386,404,420,440,458,478,496,513,533,550,566,582,599,616,632,650,666,684,701,719,736,756,772,811,829,848,870,894,919,940,965,983,1009,1031,1053,1075,1122,1139,1163,1184,1204,1230,1255,1272,1300,1325,1343,1427,1455,1475,1498,1523,1542,1568,1589,1609,1629,1646,1666,1703,1724,1743,1785,1805,1824,1844,1864,1883,1900,1924,1946,1983,2002,2021,2038,2058,2076,2094,2111,2130,2147]","[644,648,653,657,662,667,671,776,780,789,799,803,818,941,945,949,953,959,964,968,1073,1077,1082,1086,1092,1096,1205,1209,1215,1218,1223,1228,1232,1341,1355,1359,1364,1370,1415,1501,1506,1511,1514,1520,1525,1529,1667,1671,1676,1679,1690,1694,1803,1808,1812,1817,1822,1826,1935,1940,1944,1949,1954,1958,2096,2101,2107,2112,2117,2123]","[582,599,616,632,650,666,684,701,719,736,756,772,811,829,848,870,894,919,940,965,983,1009,1031,1053,1075,1122,1139,1163,1184,1204,1230,1255,1272,1300,1325,1343,1427,1455,1475,1498,1523,1542,1568,1589,1609,1629,1646,1666,1703,1724,1743,1785,1805,1824,1844,1864,1883,1900,1924,1946,1983,2002,2021,2038,2058,2076,2094,2111,2130,2147]",model_input_patch_grid
pilot,n298104,high,d20_spatial_uniform5,8,8,1536,315,76,391,54,0.84375,"[1,1,1,1,0,1,1,1,2,2,2,2,0,2,2,2,1,1,1,1,0,1,1,1,1,2,0,2,0,2,2,2,2,1,2,2,0,1,1,1,1,1,1,1,0,1,1,1,1,2,2,2,0,2,2,2,2,1,0,1,1,1,0,1]",63,0.984375,"[1,1,4,3,1,1,1,3,2,2,15,12,7,3,8,7,4,8,10,6,13,5,5,3,1,6,16,10,20,6,5,4,12,10,5,19,21,7,5,7,6,2,2,7,14,4,3,1,11,2,6,6,11,4,2,2,8,1,0,6,5,4,1,4]",0,0,76,0.0,0.0,0.034482758620689655,0.6869009584664537,0.0410958904109589,0.6963123644251626,"[49,53,57,61,65,69,149,154,169,181,189,277,289,293,297,305,309,409,413,417,421,425,429,506,515,525,535,544,644,648,653,657,662,667,671,776,780,789,799,803,818,941,945,949,953,959,964,968,1073,1077,1082,1086,1092,1096,1205,1209,1215,1218,1223,1228,1232,1341,1355,1359,1364,1370,1415,1501,1506,1511,1514,1520,1525,1529,1667,1671,1676,1679,1690,1694,1803,1808,1812,1817,1822,1826,1935,1940,1944,1949,1954,1958,2096,2101,2107,2112,2117,2123]","[8,25,41,60,80,99,124,155,203,221,242,266,286,308,328,344,367,386,404,420,440,458,478,496,513,533,550,566,582,599,616,632,650,666,684,701,719,736,756,772,811,829,848,870,894,919,940,965,983,1009,1031,1053,1075,1122,1139,1163,1184,1204,1230,1255,1272,1300,1325,1343,1427,1455,1475,1498,1523,1542,1568,1589,1609,1629,1646,1666,1703,1724,1743,1785,1805,1824,1844,1864,1883,1900,1924,1946,1983,2002,2021,2038,2058,2076,2094,2111,2130,2147]","[644,648,653,657,662,667,671,776,780,789,799,803,818,941,945,949,953,959,964,968,1073,1077,1082,1086,1092,1096,1205,1209,1215,1218,1223,1228,1232,1341,1355,1359,1364,1370,1415,1501,1506,1511,1514,1520,1525,1529,1667,1671,1676,1679,1690,1694,1803,1808,1812,1817,1822,1826,1935,1940,1944,1949,1954,1958,2096,2101,2107,2112,2117,2123]","[582,599,616,632,650,666,684,701,719,736,756,772,811,829,848,870,894,919,940,965,983,1009,1031,1053,1075,1122,1139,1163,1184,1204,1230,1255,1272,1300,1325,1343,1427,1455,1475,1498,1523,1542,1568,1589,1609,1629,1646,1666,1703,1724,1743,1785,1805,1824,1844,1864,1883,1900,1924,1946,1983,2002,2021,2038,2058,2076,2094,2111,2130,2147]",model_input_patch_grid
pilot,n302387,base,d20_index_uniform5,8,8,576,103,30,133,27,0.421875,"[1,0,0,1,0,0,1,1,1,0,1,1,0,0,0,1,0,0,0,0,0,0,1,2,0,0,0,1,1,1,0,0,1,0,1,0,1,1,0,0,2,0,1,0,0,0,0,1,0,0,1,1,0,0,1,0,1,0,1,0,1,0,0,2]",56,0.875,"[1,4,2,3,1,2,1,1,1,2,3,2,0,2,3,2,4,3,8,3,0,1,3,4,0,7,2,4,3,2,2,0,2,3,3,1,1,1,2,0,4,1,2,3,3,2,2,1,2,0,2,2,4,1,2,3,1,1,1,0,1,0,3,3]",,,,,,0.04072398190045249,0.6891495601173021,0.05263157894736842,0.6625,"[49,54,57,61,65,69,145,173,178,181,185,189,265,270,277,285,305,390,393,398,401,405,505,510,513,517,521,652,661,665,670,679,684,800,804,809,813,818,822,827,831,984,989,994,1003,1007,1011,1016,1133,1146,1151,1155,1160,1164,1174,1178,1294,1318,1322,1327,1336,1340,1344,1442,1466,1475,1484,1497,1507,1526,1530,1651,1656,1665,1669,1673,1678,1682,1799,1803,1808,1812,1821,1830,1854,1863,1968,1984,1989,1994,2000,2010,2121,2133,2137,2142,2147,2153,2163,2280,2285,2290,2295,2301,2306,2311]","[10,26,46,67,83,104,121,142,166,191,212,232,254,295,312,329,349,367,408,429,450,467,487,506,542,559,575,594,619,638,693,711,729,746,764,780,798,814,832,854,873,891,912,931,951,973,1023,1042,1062,1082,1103,1120,1145,1161,1183,1201,1220,1243,1267,1292,1309,1330,1375,1396,1424,1445,1491,1515,1541,1565,1589,1614,1638,1680,1701,1726,1749,1774,1797,1816,1836,1859,1879,1897,1918,1936,1957,1997,2019,2035,2057,2074,2097,2113,2134,2150,2172,2188,2209,2225,2246,2262,2282,2298,2318,2340]","[49,54,57,61,65,69,145,173,178,181,185,189,265,270,277,285,305,390,393,398,401,405,505,510,513,517,521]","[10,26,46,67,83,104,121,142,166,191,212,232,254,295,312,329,349,367,408,429,450,467,487,506,542,559,575]",model_input_patch_grid
pilot,n302387,base,d20_spatial_uniform5,8,8,576,103,30,133,30,0.46875,"[1,0,1,1,1,1,0,1,0,0,0,0,0,0,0,0,1,1,0,1,1,1,0,1,1,0,1,1,1,0,0,1,0,0,0,0,0,1,0,0,1,0,1,1,1,1,0,1,0,0,0,0,0,0,0,0,1,0,1,1,1,1,0,1]",58,0.90625,"[1,4,3,3,2,3,0,1,0,2,2,1,0,2,3,1,5,4,8,4,1,2,2,3,1,7,3,4,3,1,2,1,1,3,2,1,0,1,2,0,3,1,2,4,4,3,2,1,2,0,1,1,4,1,1,3,1,1,1,1,1,1,3,2]",0,0,30,0.0,0.0,0.04072398190045249,0.6891495601173021,0.05263157894736842,0.6625,"[49,54,57,61,65,69,145,173,178,181,185,189,265,270,277,285,305,390,393,398,401,405,505,510,513,517,521,652,661,665,670,679,684,800,804,809,813,818,822,827,831,984,989,994,1003,1007,1011,1016,1133,1146,1151,1155,1160,1164,1174,1178,1294,1318,1322,1327,1336,1340,1344,1442,1466,1475,1484,1497,1507,1526,1530,1651,1656,1665,1669,1673,1678,1682,1799,1803,1808,1812,1821,1830,1854,1863,1968,1984,1989,1994,2000,2010,2121,2133,2137,2142,2147,2153,2163,2280,2285,2290,2295,2301,2306,2311]","[10,26,46,67,83,104,121,142,166,191,212,232,254,295,312,329,349,367,408,429,450,467,487,506,542,559,575,594,619,638,693,711,729,746,764,780,798,814,832,854,873,891,912,931,951,973,1023,1042,1062,1082,1103,1120,1145,1161,1183,1201,1220,1243,1267,1292,1309,1330,1375,1396,1424,1445,1491,1515,1541,1565,1589,1614,1638,1680,1701,1726,1749,1774,1797,1816,1836,1859,1879,1897,1918,1936,1957,1997,2019,2035,2057,2074,2097,2113,2134,2150,2172,2188,2209,2225,2246,2262,2282,2298,2318,2340]","[49,54,57,61,65,69,145,173,178,181,185,189,265,270,277,285,305,390,393,398,401,405,505,510,513,517,521]","[10,26,46,67,83,104,121,142,166,191,212,232,254,295,312,329,349,367,408,429,450,467,487,506,542,559,575]",model_input_patch_grid
pilot,n302387,high,d20_index_uniform5,8,8,1728,358,85,443,47,0.734375,"[1,4,0,0,2,4,0,0,3,1,0,2,2,1,1,1,1,1,1,3,0,3,1,1,1,1,0,2,1,2,1,2,2,0,1,2,0,1,2,1,3,1,0,2,1,3,0,0,2,1,2,2,2,0,1,1,1,5,0,0,5,1,0,0]",64,1.0,"[1,8,4,1,4,7,4,6,6,6,3,9,7,4,5,13,2,10,12,6,3,4,2,11,7,10,3,13,9,11,9,12,10,13,4,22,6,12,7,8,10,9,3,13,11,6,6,4,6,2,3,8,8,5,3,12,7,6,2,1,5,4,7,8]",,,,,,0.04072398190045249,0.6891495601173021,0.036585365853658534,0.6973180076628352,"[49,54,57,61,65,69,145,173,178,181,185,189,265,270,277,285,305,390,393,398,401,405,505,510,513,517,521,652,661,665,670,679,684,800,804,809,813,818,822,827,831,984,989,994,1003,1007,1011,1016,1133,1146,1151,1155,1160,1164,1174,1178,1294,1318,1322,1327,1336,1340,1344,1442,1466,1475,1484,1497,1507,1526,1530,1651,1656,1665,1669,1673,1678,1682,1799,1803,1808,1812,1821,1830,1854,1863,1968,1984,1989,1994,2000,2010,2121,2133,2137,2142,2147,2153,2163,2280,2285,2290,2295,2301,2306,2311]","[10,26,46,67,83,104,121,142,166,191,212,232,254,295,312,329,349,367,408,429,450,467,487,506,542,559,575,594,619,638,693,711,729,746,764,780,798,814,832,854,873,891,912,931,951,973,1023,1042,1062,1082,1103,1120,1145,1161,1183,1201,1220,1243,1267,1292,1309,1330,1375,1396,1424,1445,1491,1515,1541,1565,1589,1614,1638,1680,1701,1726,1749,1774,1797,1816,1836,1859,1879,1897,1918,1936,1957,1997,2019,2035,2057,2074,2097,2113,2134,2150,2172,2188,2209,2225,2246,2262,2282,2298,2318,2340]","[652,661,665,670,679,684,800,804,809,813,818,822,827,831,984,989,994,1003,1007,1011,1016,1133,1146,1151,1155,1160,1164,1174,1178,1294,1318,1322,1327,1336,1340,1344,1442,1466,1475,1484,1497,1507,1526,1530,1651,1656,1665,1669,1673,1678,1682,1799,1803,1808,1812,1821,1830,1854,1863,1968,1984,1989,1994,2000,2010,2121,2133,2137,2142,2147,2153,2163,2280,2285,2290,2295,2301,2306,2311]","[594,619,638,693,711,729,746,764,780,798,814,832,854,873,891,912,931,951,973,1023,1042,1062,1082,1103,1120,1145,1161,1183,1201,1220,1243,1267,1292,1309,1330,1375,1396,1424,1445,1491,1515,1541,1565,1589,1614,1638,1680,1701,1726,1749,1774,1797,1816,1836,1859,1879,1897,1918,1936,1957,1997,2019,2035,2057,2074,2097,2113,2134,2150,2172,2188,2209,2225,2246,2262,2282,2298,2318,2340]",model_input_patch_grid
pilot,n302387,high,d20_spatial_uniform5,8,8,1728,358,85,443,62,0.96875,"[1,1,1,1,1,1,1,1,2,2,2,2,2,2,2,2,1,1,1,1,1,1,1,1,1,1,1,2,1,1,1,1,2,2,2,1,2,2,2,2,1,1,1,1,1,1,1,1,1,1,1,0,1,1,2,1,2,2,2,2,0,2,1,2]",63,0.984375,"[1,5,5,2,3,4,5,7,5,7,5,9,7,5,6,14,2,10,12,4,4,2,2,11,7,10,4,13,9,10,9,11,10,15,5,21,8,13,7,9,8,9,4,12,11,4,7,5,5,2,2,6,7,6,4,12,8,3,4,3,0,5,8,10]",0,0,85,0.0,0.0,0.04072398190045249,0.6891495601173021,0.036585365853658534,0.6973180076628352,"[49,54,57,61,65,69,145,173,178,181,185,189,265,270,277,285,305,390,393,398,401,405,505,510,513,517,521,652,661,665,670,679,684,800,804,809,813,818,822,827,831,984,989,994,1003,1007,1011,1016,1133,1146,1151,1155,1160,1164,1174,1178,1294,1318,1322,1327,1336,1340,1344,1442,1466,1475,1484,1497,1507,1526,1530,1651,1656,1665,1669,1673,1678,1682,1799,1803,1808,1812,1821,1830,1854,1863,1968,1984,1989,1994,2000,2010,2121,2133,2137,2142,2147,2153,2163,2280,2285,2290,2295,2301,2306,2311]","[10,26,46,67,83,104,121,142,166,191,212,232,254,295,312,329,349,367,408,429,450,467,487,506,542,559,575,594,619,638,693,711,729,746,764,780,798,814,832,854,873,891,912,931,951,973,1023,1042,1062,1082,1103,1120,1145,1161,1183,1201,1220,1243,1267,1292,1309,1330,1375,1396,1424,1445,1491,1515,1541,1565,1589,1614,1638,1680,1701,1726,1749,1774,1797,1816,1836,1859,1879,1897,1918,1936,1957,1997,2019,2035,2057,2074,2097,2113,2134,2150,2172,2188,2209,2225,2246,2262,2282,2298,2318,2340]","[652,661,665,670,679,684,800,804,809,813,818,822,827,831,984,989,994,1003,1007,1011,1016,1133,1146,1151,1155,1160,1164,1174,1178,1294,1318,1322,1327,1336,1340,1344,1442,1466,1475,1484,1497,1507,1526,1530,1651,1656,1665,1669,1673,1678,1682,1799,1803,1808,1812,1821,1830,1854,1863,1968,1984,1989,1994,2000,2010,2121,2133,2137,2142,2147,2153,2163,2280,2285,2290,2295,2301,2306,2311]","[594,619,638,693,711,729,746,764,780,798,814,832,854,873,891,912,931,951,973,1023,1042,1062,1082,1103,1120,1145,1161,1183,1201,1220,1243,1267,1292,1309,1330,1375,1396,1424,1445,1491,1515,1541,1565,1589,1614,1638,1680,1701,1726,1749,1774,1797,1816,1836,1859,1879,1897,1918,1936,1957,1997,2019,2035,2057,2074,2097,2113,2134,2150,2172,2188,2209,2225,2246,2262,2282,2298,2318,2340]",model_input_patch_grid
pilot,n314171,base,d20_index_uniform5,8,8,576,115,29,144,27,0.421875,"[0,1,0,0,1,1,1,0,0,0,1,0,1,0,1,0,1,0,0,1,0,1,1,0,0,1,2,0,0,0,0,1,0,0,0,1,1,1,0,0,1,0,1,0,1,0,0,0,1,0,0,0,0,1,2,0,0,1,0,1,0,0,1,1]",57,0.890625,"[2,1,1,5,1,1,2,1,2,1,5,2,4,1,2,0,1,1,0,6,3,3,1,3,3,2,3,0,2,4,2,2,3,2,4,4,1,1,2,0,5,4,6,5,2,1,1,1,4,6,1,0,1,3,2,1,1,3,3,4,0,0,3,3]",,,,,,0.014492753623188406,0.6761904761904762,0.0,0.6647398843930635,"[49,53,58,61,65,69,154,165,169,173,182,185,289,293,297,301,305,309,393,409,413,421,425,429,506,511,515,520,549,644,649,653,657,662,667,671,776,780,784,790,794,799,803,941,945,954,959,964,968,1040,1067,1077,1082,1086,1091,1096,1205,1209,1214,1218,1228,1232,1256,1355,1360,1370,1375,1379,1383,1397,1506,1511,1515,1520,1525,1529,1535,1667,1671,1676,1680,1685,1690,1694,1799,1803,1808,1813,1821,1826,1931,1935,1940,1944,1949,1954,2090,2096,2101,2107,2112,2117]","[12,28,44,64,90,109,126,144,162,183,201,224,248,267,285,303,325,346,372,392,410,433,452,476,495,514,531,551,572,589,610,630,647,666,683,702,725,745,767,793,815,835,856,878,898,934,953,970,990,1007,1030,1049,1075,1098,1124,1143,1170,1195,1213,1236,1255,1274,1293,1310,1328,1368,1398,1416,1441,1462,1481,1503,1523,1544,1571,1597,1624,1646,1668,1689,1711,1732,1758,1777,1794,1811,1832,1868,1888,1905,1923,1942,1979,1998,2015,2034,2055,2073,2092,2110,2128,2149]","[49,53,58,61,65,69,154,165,169,173,182,185,289,293,297,301,305,309,393,409,413,421,425,429,506,511,515,520,549]","[12,28,44,64,90,109,126,144,162,183,201,224,248,267,285,303,325,346,372,392,410,433,452,476,495,514,531,551,572]",model_input_patch_grid
pilot,n314171,base,d20_spatial_uniform5,8,8,576,115,29,144,29,0.453125,"[1,1,0,1,1,1,0,1,0,0,0,0,0,0,0,0,1,1,0,1,1,1,0,1,0,0,0,0,0,0,0,0,1,1,0,1,1,1,0,1,1,1,0,1,1,1,0,1,0,0,0,0,0,0,0,0,1,0,1,1,0,1,0,1]",57,0.890625,"[3,1,1,6,1,1,1,2,2,1,4,2,3,1,1,0,1,2,0,6,4,3,0,4,3,1,1,0,2,4,2,1,4,3,4,4,1,1,2,1,5,5,5,6,2,2,1,2,3,6,1,0,1,2,0,1,2,2,4,4,0,1,2,3]",0,0,29,0.0,0.0,0.014492753623188406,0.6761904761904762,0.0,0.6647398843930635,"[49,53,58,61,65,69,154,165,169,173,182,185,289,293,297,301,305,309,393,409,413,421,425,429,506,511,515,520,549,644,649,653,657,662,667,671,776,780,784,790,794,799,803,941,945,954,959,964,968,1040,1067,1077,1082,1086,1091,1096,1205,1209,1214,1218,1228,1232,1256,1355,1360,1370,1375,1379,1383,1397,1506,1511,1515,1520,1525,1529,1535,1667,1671,1676,1680,1685,1690,1694,1799,1803,1808,1813,1821,1826,1931,1935,1940,1944,1949,1954,2090,2096,2101,2107,2112,2117]","[12,28,44,64,90,109,126,144,162,183,201,224,248,267,285,303,325,346,372,392,410,433,452,476,495,514,531,551,572,589,610,630,647,666,683,702,725,745,767,793,815,835,856,878,898,934,953,970,990,1007,1030,1049,1075,1098,1124,1143,1170,1195,1213,1236,1255,1274,1293,1310,1328,1368,1398,1416,1441,1462,1481,1503,1523,1544,1571,1597,1624,1646,1668,1689,1711,1732,1758,1777,1794,1811,1832,1868,1888,1905,1923,1942,1979,1998,2015,2034,2055,2073,2092,2110,2128,2149]","[49,53,58,61,65,69,154,165,169,173,182,185,289,293,297,301,305,309,393,409,413,421,425,429,506,511,515,520,549]","[12,28,44,64,90,109,126,144,162,183,201,224,248,267,285,303,325,346,372,392,410,433,452,476,495,514,531,551,572]",model_input_patch_grid
pilot,n314171,high,d20_index_uniform5,8,8,1536,308,76,384,49,0.765625,"[1,2,1,1,1,1,3,0,0,1,2,1,2,0,1,3,1,2,1,0,1,1,2,0,2,1,2,0,1,0,3,0,2,1,1,2,0,1,0,2,2,1,0,2,0,0,3,1,1,1,1,3,0,1,2,2,2,1,0,1,2,2,1,1]",64,1.0,"[2,3,4,14,6,1,6,4,5,3,8,8,9,3,1,7,5,4,4,14,16,7,2,5,5,7,6,8,9,12,5,4,5,4,4,5,19,7,11,2,10,8,11,14,14,4,3,2,1,1,7,6,2,5,4,2,4,2,5,5,6,3,5,6]",,,,,,0.014492753623188406,0.6761904761904762,0.020134228187919462,0.6805251641137856,"[49,53,58,61,65,69,154,165,169,173,182,185,289,293,297,301,305,309,393,409,413,421,425,429,506,511,515,520,549,644,649,653,657,662,667,671,776,780,784,790,794,799,803,941,945,954,959,964,968,1040,1067,1077,1082,1086,1091,1096,1205,1209,1214,1218,1228,1232,1256,1355,1360,1370,1375,1379,1383,1397,1506,1511,1515,1520,1525,1529,1535,1667,1671,1676,1680,1685,1690,1694,1799,1803,1808,1813,1821,1826,1931,1935,1940,1944,1949,1954,2090,2096,2101,2107,2112,2117]","[12,28,44,64,90,109,126,144,162,183,201,224,248,267,285,303,325,346,372,392,410,433,452,476,495,514,531,551,572,589,610,630,647,666,683,702,725,745,767,793,815,835,856,878,898,934,953,970,990,1007,1030,1049,1075,1098,1124,1143,1170,1195,1213,1236,1255,1274,1293,1310,1328,1368,1398,1416,1441,1462,1481,1503,1523,1544,1571,1597,1624,1646,1668,1689,1711,1732,1758,1777,1794,1811,1832,1868,1888,1905,1923,1942,1979,1998,2015,2034,2055,2073,2092,2110,2128,2149]","[644,649,653,657,662,667,671,776,780,784,790,794,799,803,941,945,954,959,964,968,1040,1067,1077,1082,1086,1091,1096,1205,1209,1214,1218,1228,1232,1256,1355,1360,1370,1375,1379,1383,1397,1506,1511,1515,1520,1525,1529,1535,1667,1671,1676,1680,1685,1690,1694,1799,1803,1808,1813,1821,1826,1931,1935,1940,1944,1949,1954,2090,2096,2101,2107,2112,2117]","[589,610,630,647,666,683,702,725,745,767,793,815,835,856,878,898,934,953,970,990,1007,1030,1049,1075,1098,1124,1143,1170,1195,1213,1236,1255,1274,1293,1310,1328,1368,1398,1416,1441,1462,1481,1503,1523,1544,1571,1597,1624,1646,1668,1689,1711,1732,1758,1777,1794,1811,1832,1868,1888,1905,1923,1942,1979,1998,2015,2034,2055,2073,2092,2110,2128,2149]",model_input_patch_grid
pilot,n314171,high,d20_spatial_uniform5,8,8,1536,308,76,384,57,0.890625,"[1,1,1,1,0,1,1,1,2,2,2,1,1,2,2,2,1,1,1,1,0,1,1,1,1,1,1,1,0,2,2,1,2,2,2,2,0,1,1,2,1,1,1,1,0,1,1,1,2,2,2,1,1,2,2,2,1,1,0,1,1,1,0,1]",64,1.0,"[2,2,4,14,5,1,4,5,7,4,8,8,8,5,2,6,5,3,4,15,15,7,1,6,4,7,5,9,8,14,4,5,5,5,5,5,19,7,12,2,9,8,12,13,14,5,1,2,2,2,8,4,3,6,4,2,3,2,5,5,5,2,4,6]",0,0,76,0.0,0.0,0.014492753623188406,0.6761904761904762,0.020134228187919462,0.6805251641137856,"[49,53,58,61,65,69,154,165,169,173,182,185,289,293,297,301,305,309,393,409,413,421,425,429,506,511,515,520,549,644,649,653,657,662,667,671,776,780,784,790,794,799,803,941,945,954,959,964,968,1040,1067,1077,1082,1086,1091,1096,1205,1209,1214,1218,1228,1232,1256,1355,1360,1370,1375,1379,1383,1397,1506,1511,1515,1520,1525,1529,1535,1667,1671,1676,1680,1685,1690,1694,1799,1803,1808,1813,1821,1826,1931,1935,1940,1944,1949,1954,2090,2096,2101,2107,2112,2117]","[12,28,44,64,90,109,126,144,162,183,201,224,248,267,285,303,325,346,372,392,410,433,452,476,495,514,531,551,572,589,610,630,647,666,683,702,725,745,767,793,815,835,856,878,898,934,953,970,990,1007,1030,1049,1075,1098,1124,1143,1170,1195,1213,1236,1255,1274,1293,1310,1328,1368,1398,1416,1441,1462,1481,1503,1523,1544,1571,1597,1624,1646,1668,1689,1711,1732,1758,1777,1794,1811,1832,1868,1888,1905,1923,1942,1979,1998,2015,2034,2055,2073,2092,2110,2128,2149]","[644,649,653,657,662,667,671,776,780,784,790,794,799,803,941,945,954,959,964,968,1040,1067,1077,1082,1086,1091,1096,1205,1209,1214,1218,1228,1232,1256,1355,1360,1370,1375,1379,1383,1397,1506,1511,1515,1520,1525,1529,1535,1667,1671,1676,1680,1685,1690,1694,1799,1803,1808,1813,1821,1826,1931,1935,1940,1944,1949,1954,2090,2096,2101,2107,2112,2117]","[589,610,630,647,666,683,702,725,745,767,793,815,835,856,878,898,934,953,970,990,1007,1030,1049,1075,1098,1124,1143,1170,1195,1213,1236,1255,1274,1293,1310,1328,1368,1398,1416,1441,1462,1481,1503,1523,1544,1571,1597,1624,1646,1668,1689,1711,1732,1758,1777,1794,1811,1832,1868,1888,1905,1923,1942,1979,1998,2015,2034,2055,2073,2092,2110,2128,2149]",model_input_patch_grid
pilot,n329479,base,d20_index_uniform5,8,8,576,103,29,132,25,0.390625,"[1,0,2,0,0,1,0,0,1,0,0,0,1,1,1,0,2,0,1,0,0,0,0,0,1,1,0,0,0,1,0,0,0,0,0,0,0,1,0,2,1,0,0,2,0,0,1,0,0,1,0,0,1,0,1,1,1,0,1,1,0,1,0,0]",49,0.765625,"[1,0,2,0,0,1,0,1,1,2,6,4,2,1,1,0,2,2,4,4,7,2,0,0,5,5,6,5,2,6,3,5,2,3,5,3,7,2,1,2,1,0,1,3,0,0,1,0,1,3,3,2,1,0,3,1,2,1,1,1,0,2,0,0]",,,,,,0.034482758620689655,0.6869009584664537,0.0,0.639751552795031,"[49,53,57,61,65,69,158,169,174,177,185,189,269,273,277,290,305,309,409,413,417,421,425,429,506,511,515,520,525,648,653,657,662,667,671,776,780,785,789,794,799,803,941,945,950,954,959,968,1073,1077,1081,1086,1091,1096,1100,1209,1214,1227,1251,1256,1265,1284,1342,1347,1356,1402,1430,1502,1506,1515,1525,1553,1562,1667,1671,1676,1680,1685,1690,1694,1799,1803,1817,1822,1826,1841,1931,1940,1944,1958,1968,1982,2096,2101,2107,2112,2117,2123]","[8,24,40,56,73,92,113,134,150,170,192,216,245,280,311,334,353,370,386,402,419,435,454,475,494,512,528,544,561,577,594,611,627,661,679,695,713,729,746,762,779,795,812,829,846,865,885,904,926,943,982,1002,1025,1042,1063,1080,1104,1126,1157,1180,1230,1277,1328,1460,1487,1534,1554,1573,1594,1614,1630,1647,1668,1686,1704,1722,1739,1758,1775,1794,1828,1846,1865,1882,1900,1918,1936,1972,1989,2007,2025,2043,2063,2079,2098,2114,2131,2149]","[49,53,57,61,65,69,158,169,174,177,185,189,269,273,277,290,305,309,409,413,417,421,425,429,506,511,515,520,525]","[8,24,40,56,73,92,113,134,150,170,192,216,245,280,311,334,353,370,386,402,419,435,454,475,494,512,528,544,561]",model_input_patch_grid
pilot,n329479,base,d20_spatial_uniform5,8,8,576,103,29,132,29,0.453125,"[1,1,0,1,1,1,0,1,0,0,0,0,0,0,0,0,1,0,1,1,1,1,0,1,0,1,0,1,1,0,0,0,1,0,0,0,0,1,0,1,1,1,0,1,1,1,0,1,0,0,0,0,0,0,0,0,1,0,1,1,0,1,0,1]",51,0.796875,"[1,1,0,1,1,1,0,2,0,2,6,4,1,0,0,0,1,2,4,5,8,3,0,1,4,5,6,6,3,5,3,5,3,3,5,3,7,2,1,1,1,1,1,2,1,1,0,1,1,2,3,2,0,0,2,0,2,1,1,1,0,2,0,1]",0,0,29,0.0,0.0,0.034482758620689655,0.6869009584664537,0.0,0.639751552795031,"[49,53,57,61,65,69,158,169,174,177,185,189,269,273,277,290,305,309,409,413,417,421,425,429,506,511,515,520,525,648,653,657,662,667,671,776,780,785,789,794,799,803,941,945,950,954,959,968,1073,1077,1081,1086,1091,1096,1100,1209,1214,1227,1251,1256,1265,1284,1342,1347,1356,1402,1430,1502,1506,1515,1525,1553,1562,1667,1671,1676,1680,1685,1690,1694,1799,1803,1817,1822,1826,1841,1931,1940,1944,1958,1968,1982,2096,2101,2107,2112,2117,2123]","[8,24,40,56,73,92,113,134,150,170,192,216,245,280,311,334,353,370,386,402,419,435,454,475,494,512,528,544,561,577,594,611,627,661,679,695,713,729,746,762,779,795,812,829,846,865,885,904,926,943,982,1002,1025,1042,1063,1080,1104,1126,1157,1180,1230,1277,1328,1460,1487,1534,1554,1573,1594,1614,1630,1647,1668,1686,1704,1722,1739,1758,1775,1794,1828,1846,1865,1882,1900,1918,1936,1972,1989,2007,2025,2043,2063,2079,2098,2114,2131,2149]","[49,53,57,61,65,69,158,169,174,177,185,189,269,273,277,290,305,309,409,413,417,421,425,429,506,511,515,520,525]","[8,24,40,56,73,92,113,134,150,170,192,216,245,280,311,334,353,370,386,402,419,435,454,475,494,512,528,544,561]",model_input_patch_grid
pilot,n329479,high,d20_index_uniform5,8,8,1536,320,76,396,45,0.703125,"[3,3,0,0,3,3,0,0,0,4,0,1,0,3,2,1,1,1,2,0,0,3,1,1,1,0,2,0,0,0,2,0,1,0,1,0,0,3,1,0,1,2,1,2,0,1,2,2,1,2,1,1,2,1,1,2,1,2,1,2,1,2,1,1]",60,0.9375,"[3,3,0,1,4,4,0,0,0,7,9,5,3,3,2,1,1,4,8,14,15,4,4,2,12,8,19,17,19,14,15,15,10,10,14,13,18,14,13,7,2,4,6,5,4,5,4,2,2,4,2,2,3,7,1,3,2,3,3,3,4,3,3,4]",,,,,,0.034482758620689655,0.6869009584664537,0.04827586206896552,0.7032258064516129,"[49,53,57,61,65,69,158,169,174,177,185,189,269,273,277,290,305,309,409,413,417,421,425,429,506,511,515,520,525,648,653,657,662,667,671,776,780,785,789,794,799,803,941,945,950,954,959,968,1073,1077,1081,1086,1091,1096,1100,1209,1214,1227,1251,1256,1265,1284,1342,1347,1356,1402,1430,1502,1506,1515,1525,1553,1562,1667,1671,1676,1680,1685,1690,1694,1799,1803,1817,1822,1826,1841,1931,1940,1944,1958,1968,1982,2096,2101,2107,2112,2117,2123]","[8,24,40,56,73,92,113,134,150,170,192,216,245,280,311,334,353,370,386,402,419,435,454,475,494,512,528,544,561,577,594,611,627,661,679,695,713,729,746,762,779,795,812,829,846,865,885,904,926,943,982,1002,1025,1042,1063,1080,1104,1126,1157,1180,1230,1277,1328,1460,1487,1534,1554,1573,1594,1614,1630,1647,1668,1686,1704,1722,1739,1758,1775,1794,1828,1846,1865,1882,1900,1918,1936,1972,1989,2007,2025,2043,2063,2079,2098,2114,2131,2149]","[648,653,657,662,667,671,776,780,785,789,794,799,803,941,945,950,954,959,968,1073,1077,1081,1086,1091,1096,1100,1209,1214,1227,1251,1256,1265,1284,1342,1347,1356,1402,1430,1502,1506,1515,1525,1553,1562,1667,1671,1676,1680,1685,1690,1694,1799,1803,1817,1822,1826,1841,1931,1940,1944,1958,1968,1982,2096,2101,2107,2112,2117,2123]","[577,594,611,627,661,679,695,713,729,746,762,779,795,812,829,846,865,885,904,926,943,982,1002,1025,1042,1063,1080,1104,1126,1157,1180,1230,1277,1328,1460,1487,1534,1554,1573,1594,1614,1630,1647,1668,1686,1704,1722,1739,1758,1775,1794,1828,1846,1865,1882,1900,1918,1936,1972,1989,2007,2025,2043,2063,2079,2098,2114,2131,2149]",model_input_patch_grid
pilot,n329479,high,d20_spatial_uniform5,8,8,1536,320,76,396,55,0.859375,"[1,1,1,1,0,1,1,1,2,2,2,2,0,2,2,2,1,1,1,1,0,1,1,1,1,2,1,3,0,2,1,1,2,1,1,1,0,2,1,2,1,1,1,1,0,1,1,1,2,1,2,2,0,1,2,2,1,2,0,1,1,2,0,1]",64,1.0,"[1,1,1,2,1,2,1,1,2,5,11,6,3,2,2,2,1,4,7,15,15,2,4,2,12,10,18,20,19,16,14,16,11,11,14,14,18,13,13,9,2,3,6,4,4,5,3,1,3,3,3,3,1,7,2,3,2,3,2,2,4,3,2,4]",1,1,76,0.013157894736842105,0.013157894736842105,0.034482758620689655,0.6869009584664537,0.04827586206896552,0.7032258064516129,"[49,53,57,61,65,69,158,169,174,177,185,189,269,273,277,290,305,309,409,413,417,421,425,429,506,511,515,520,525,648,653,657,662,667,671,776,780,785,789,794,799,803,941,945,950,954,959,968,1073,1077,1081,1086,1091,1096,1100,1209,1214,1227,1251,1256,1265,1284,1342,1347,1356,1402,1430,1502,1506,1515,1525,1553,1562,1667,1671,1676,1680,1685,1690,1694,1799,1803,1817,1822,1826,1841,1931,1940,1944,1958,1968,1982,2096,2101,2107,2112,2117,2123]","[8,24,40,56,73,92,113,134,150,170,192,216,245,280,311,334,353,370,386,402,419,435,454,475,494,512,528,544,561,577,594,611,627,661,679,695,713,729,746,762,779,795,812,829,846,865,885,904,926,943,982,1002,1025,1042,1063,1080,1104,1126,1157,1180,1230,1277,1328,1460,1487,1534,1554,1573,1594,1614,1630,1647,1668,1686,1704,1722,1739,1758,1775,1794,1828,1846,1865,1882,1900,1918,1936,1972,1989,2007,2025,2043,2063,2079,2098,2114,2131,2149]","[648,653,657,662,667,671,776,780,785,789,794,799,803,941,945,950,954,959,968,1073,1077,1081,1086,1091,1096,1100,1209,1214,1227,1251,1256,1265,1284,1342,1347,1356,1402,1430,1502,1506,1515,1525,1553,1562,1667,1671,1676,1680,1685,1690,1694,1799,1803,1817,1822,1826,1841,1931,1940,1944,1958,1968,1982,2096,2101,2107,2112,2117,2123]","[577,594,611,627,661,679,695,713,729,746,762,779,795,812,829,846,865,885,904,926,943,982,1002,1025,1042,1063,1080,1104,1126,1157,1180,1230,1277,1328,1460,1487,1534,1554,1573,1594,1614,1630,1647,1668,1686,1704,1722,1739,1758,1775,1794,1828,1846,1865,1882,1900,1918,1936,1972,1989,2007,2025,2043,2063,2079,2098,2114,2131,2149]",model_input_patch_grid
pilot,n331357,base,d20_index_uniform5,8,8,576,103,29,132,27,0.421875,"[1,0,0,1,0,1,0,1,0,1,0,1,0,1,1,0,0,1,1,0,0,1,0,0,2,0,0,0,0,0,1,1,0,0,1,0,2,0,0,0,1,0,0,0,1,1,0,1,0,0,1,0,1,0,1,0,0,0,1,1,0,1,0,1]",57,0.890625,"[2,1,2,2,1,1,1,2,2,3,1,3,1,3,2,1,0,1,2,4,4,2,1,2,2,1,1,4,5,4,3,2,4,1,3,1,4,1,0,0,2,5,1,1,1,5,8,4,0,1,1,2,1,6,6,0,2,1,1,2,0,1,0,1]",,,,,,0.030927835051546393,0.68561872909699,0.03571428571428571,0.660377358490566,"[49,54,57,61,65,69,169,173,177,181,185,190,290,293,297,301,306,309,389,401,409,417,421,506,515,520,525,676,684,689,693,697,702,706,711,715,719,872,877,881,886,891,896,901,905,910,915,1037,1052,1068,1073,1077,1082,1093,1097,1106,1111,1263,1322,1328,1332,1336,1342,1351,1356,1367,1493,1509,1514,1518,1523,1528,1533,1547,1552,1705,1710,1713,1719,1724,1729,1733,1739,1744,1748,1901,1906,1911,1930,1934,1939,1944,1969,1974]","[9,25,45,63,87,107,124,140,159,175,195,218,241,262,284,302,326,344,360,377,397,451,468,488,527,544,562,578,594,610,629,646,662,696,712,729,745,761,782,803,823,841,860,879,895,911,928,946,962,979,997,1013,1030,1051,1069,1089,1116,1133,1162,1180,1215,1232,1272,1316,1378,1402,1426,1447,1464,1483,1500,1521,1566,1584,1616,1646,1668,1684,1717,1745,1767,1783,1805,1821,1841,1859,1879,1896,1935,1953,1971,1990,2012,2031]","[49,54,57,61,65,69,169,173,177,181,185,190,290,293,297,301,306,309,389,401,409,417,421,506,515,520,525]","[9,25,45,63,87,107,124,140,159,175,195,218,241,262,284,302,326,344,360,377,397,451,468,488,527,544,562]",model_input_patch_grid
pilot,n331357,base,d20_spatial_uniform5,8,8,576,103,29,132,29,0.453125,"[1,0,1,1,1,1,0,1,0,0,0,0,0,0,0,0,1,1,0,1,1,1,0,1,0,0,0,0,0,0,0,0,1,1,0,1,1,0,1,1,1,1,0,1,1,1,0,1,0,0,0,0,0,0,0,0,1,0,1,1,0,1,0,1]",57,0.890625,"[2,1,3,2,2,1,1,2,2,2,1,2,1,2,1,1,1,1,1,5,5,2,1,3,0,1,1,4,5,4,2,1,5,2,2,2,3,1,1,1,2,6,1,2,1,5,8,4,0,1,0,2,0,6,5,0,3,1,1,2,0,1,0,1]",0,0,29,0.0,0.0,0.030927835051546393,0.68561872909699,0.03571428571428571,0.660377358490566,"[49,54,57,61,65,69,169,173,177,181,185,190,290,293,297,301,306,309,389,401,409,417,421,506,515,520,525,676,684,689,693,697,702,706,711,715,719,872,877,881,886,891,896,901,905,910,915,1037,1052,1068,1073,1077,1082,1093,1097,1106,1111,1263,1322,1328,1332,1336,1342,1351,1356,1367,1493,1509,1514,1518,1523,1528,1533,1547,1552,1705,1710,1713,1719,1724,1729,1733,1739,1744,1748,1901,1906,1911,1930,1934,1939,1944,1969,1974]","[9,25,45,63,87,107,124,140,159,175,195,218,241,262,284,302,326,344,360,377,397,451,468,488,527,544,562,578,594,610,629,646,662,696,712,729,745,761,782,803,823,841,860,879,895,911,928,946,962,979,997,1013,1030,1051,1069,1089,1116,1133,1162,1180,1215,1232,1272,1316,1378,1402,1426,1447,1464,1483,1500,1521,1566,1584,1616,1646,1668,1684,1717,1745,1767,1783,1805,1821,1841,1859,1879,1896,1935,1953,1971,1990,2012,2031]","[49,54,57,61,65,69,169,173,177,181,185,190,290,293,297,301,306,309,389,401,409,417,421,506,515,520,525]","[9,25,45,63,87,107,124,140,159,175,195,218,241,262,284,302,326,344,360,377,397,451,468,488,527,544,562]",model_input_patch_grid
pilot,n331357,high,d20_index_uniform5,8,8,1440,301,71,372,49,0.765625,"[2,2,0,4,0,1,3,0,1,2,0,1,1,1,2,0,1,2,1,1,2,1,0,2,2,1,1,2,0,0,0,1,1,1,1,1,1,0,2,2,0,2,1,0,1,1,1,0,1,0,3,1,0,2,1,1,1,1,2,1,1,1,1,2]",62,0.96875,"[3,2,0,4,0,1,3,3,6,3,1,6,2,3,2,2,1,2,1,10,7,4,2,5,10,6,8,20,17,12,10,4,13,8,12,8,13,4,3,4,3,14,3,2,3,11,15,4,4,6,7,2,1,15,14,3,3,6,5,7,5,3,4,7]",,,,,,0.030927835051546393,0.68561872909699,0.028985507246376812,0.6947608200455581,"[49,54,57,61,65,69,169,173,177,181,185,190,290,293,297,301,306,309,389,401,409,417,421,506,515,520,525,676,684,689,693,697,702,706,711,715,719,872,877,881,886,891,896,901,905,910,915,1037,1052,1068,1073,1077,1082,1093,1097,1106,1111,1263,1322,1328,1332,1336,1342,1351,1356,1367,1493,1509,1514,1518,1523,1528,1533,1547,1552,1705,1710,1713,1719,1724,1729,1733,1739,1744,1748,1901,1906,1911,1930,1934,1939,1944,1969,1974]","[9,25,45,63,87,107,124,140,159,175,195,218,241,262,284,302,326,344,360,377,397,451,468,488,527,544,562,578,594,610,629,646,662,696,712,729,745,761,782,803,823,841,860,879,895,911,928,946,962,979,997,1013,1030,1051,1069,1089,1116,1133,1162,1180,1215,1232,1272,1316,1378,1402,1426,1447,1464,1483,1500,1521,1566,1584,1616,1646,1668,1684,1717,1745,1767,1783,1805,1821,1841,1859,1879,1896,1935,1953,1971,1990,2012,2031]","[676,684,689,693,697,702,706,711,715,719,872,877,881,886,891,896,901,905,910,915,1037,1052,1068,1073,1077,1082,1093,1097,1106,1111,1263,1322,1328,1332,1336,1342,1351,1356,1367,1493,1509,1514,1518,1523,1528,1533,1547,1552,1705,1710,1713,1719,1724,1729,1733,1739,1744,1748,1901,1906,1911,1930,1934,1939,1944,1969,1974]","[578,594,610,629,646,662,696,712,729,745,761,782,803,823,841,860,879,895,911,928,946,962,979,997,1013,1030,1051,1069,1089,1116,1133,1162,1180,1215,1232,1272,1316,1378,1402,1426,1447,1464,1483,1500,1521,1566,1584,1616,1646,1668,1684,1717,1745,1767,1783,1805,1821,1841,1859,1879,1896,1935,1953,1971,1990,2012,2031]",model_input_patch_grid
pilot,n331357,high,d20_spatial_uniform5,8,8,1440,301,71,372,56,0.875,"[1,2,1,2,1,1,2,1,1,2,1,1,1,2,1,1,1,2,1,1,1,2,1,1,1,0,0,0,0,0,0,0,0,2,1,1,1,2,2,1,1,2,1,1,1,1,1,1,1,2,1,1,1,1,2,1,1,1,2,1,1,2,1,1]",64,1.0,"[2,2,1,2,1,1,2,4,6,3,2,6,2,4,1,3,1,2,1,10,6,5,3,4,9,5,7,18,17,12,10,3,12,9,12,8,13,6,3,3,4,14,3,3,3,11,15,5,4,8,5,2,2,14,15,3,3,6,5,7,5,4,4,6]",0,0,71,0.0,0.0,0.030927835051546393,0.68561872909699,0.028985507246376812,0.6947608200455581,"[49,54,57,61,65,69,169,173,177,181,185,190,290,293,297,301,306,309,389,401,409,417,421,506,515,520,525,676,684,689,693,697,702,706,711,715,719,872,877,881,886,891,896,901,905,910,915,1037,1052,1068,1073,1077,1082,1093,1097,1106,1111,1263,1322,1328,1332,1336,1342,1351,1356,1367,1493,1509,1514,1518,1523,1528,1533,1547,1552,1705,1710,1713,1719,1724,1729,1733,1739,1744,1748,1901,1906,1911,1930,1934,1939,1944,1969,1974]","[9,25,45,63,87,107,124,140,159,175,195,218,241,262,284,302,326,344,360,377,397,451,468,488,527,544,562,578,594,610,629,646,662,696,712,729,745,761,782,803,823,841,860,879,895,911,928,946,962,979,997,1013,1030,1051,1069,1089,1116,1133,1162,1180,1215,1232,1272,1316,1378,1402,1426,1447,1464,1483,1500,1521,1566,1584,1616,1646,1668,1684,1717,1745,1767,1783,1805,1821,1841,1859,1879,1896,1935,1953,1971,1990,2012,2031]","[676,684,689,693,697,702,706,711,715,719,872,877,881,886,891,896,901,905,910,915,1037,1052,1068,1073,1077,1082,1093,1097,1106,1111,1263,1322,1328,1332,1336,1342,1351,1356,1367,1493,1509,1514,1518,1523,1528,1533,1547,1552,1705,1710,1713,1719,1724,1729,1733,1739,1744,1748,1901,1906,1911,1930,1934,1939,1944,1969,1974]","[578,594,610,629,646,662,696,712,729,745,761,782,803,823,841,860,879,895,911,928,946,962,979,997,1013,1030,1051,1069,1089,1116,1133,1162,1180,1215,1232,1272,1316,1378,1402,1426,1447,1464,1483,1500,1521,1566,1584,1616,1646,1668,1684,1717,1745,1767,1783,1805,1821,1841,1859,1879,1896,1935,1953,1971,1990,2012,2031]",model_input_patch_grid
pilot,n355567,base,d20_index_uniform5,8,8,576,102,29,131,28,0.4375,"[1,0,0,1,0,0,1,1,2,0,0,0,0,0,0,1,1,0,0,0,0,1,1,0,0,1,0,1,1,0,0,1,1,0,1,1,0,0,1,0,1,1,0,0,1,0,0,1,0,1,1,0,1,0,0,0,1,0,1,0,0,1,0,1]",53,0.828125,"[3,4,0,2,1,1,1,2,5,1,4,4,3,3,6,5,3,0,5,3,3,3,2,3,0,1,0,1,1,1,4,1,1,0,1,1,1,4,2,0,1,1,1,0,2,7,2,2,3,1,2,3,3,6,1,0,2,0,1,1,0,3,0,3]",,,,,,0.039603960396039604,0.6896,0.03571428571428571,0.6582278481012658,"[25,54,57,61,65,69,170,173,177,181,185,189,289,293,297,301,305,309,409,413,417,421,425,430,511,516,544,653,666,676,680,684,689,693,698,706,711,719,873,876,880,885,889,893,897,902,907,911,915,1117,1121,1125,1129,1139,1143,1147,1156,1210,1313,1317,1321,1326,1344,1379,1384,1388,1397,1401,1405,1562,1566,1571,1575,1580,1584,1589,1592,1597,1601,1803,1807,1811,1816,1821,1824,1829,1833,1842,1846,1999,2008,2013,2018,2023,2028,2033,2037]","[9,26,45,66,98,120,141,168,187,207,225,243,261,277,295,313,330,346,365,386,406,422,444,464,485,543,559,576,593,611,629,652,671,690,714,740,756,779,814,831,849,877,899,916,942,963,987,1021,1043,1069,1089,1107,1174,1194,1216,1234,1256,1274,1296,1318,1339,1365,1396,1418,1435,1455,1474,1495,1515,1535,1576,1599,1618,1641,1662,1680,1701,1728,1746,1765,1782,1802,1818,1856,1872,1891,1908,1927,1945,1965,1985,2024,2062,2081,2098,2116,2133]","[25,54,57,61,65,69,170,173,177,181,185,189,289,293,297,301,305,309,409,413,417,421,425,430,511,516,544]","[9,26,45,66,98,120,141,168,187,207,225,243,261,277,295,313,330,346,365,386,406,422,444,464,485,543,559]",model_input_patch_grid
pilot,n355567,base,d20_spatial_uniform5,8,8,576,102,29,131,29,0.453125,"[1,0,1,1,1,1,0,1,0,0,0,0,0,0,0,0,1,1,0,1,1,1,0,1,0,0,0,0,0,0,0,0,1,1,0,1,1,1,0,1,1,1,0,1,1,1,0,1,0,0,0,0,0,0,0,0,1,0,1,0,1,1,0,1]",52,0.8125,"[3,4,1,2,2,2,0,2,3,1,4,4,3,3,6,4,3,1,5,4,4,3,1,4,0,0,0,0,0,1,4,0,1,1,0,1,2,5,1,1,1,1,1,1,2,8,2,2,3,0,1,3,2,6,1,0,2,0,1,1,1,3,0,3]",0,0,29,0.0,0.0,0.039603960396039604,0.6896,0.03571428571428571,0.6582278481012658,"[25,54,57,61,65,69,170,173,177,181,185,189,289,293,297,301,305,309,409,413,417,421,425,430,511,516,544,653,666,676,680,684,689,693,698,706,711,719,873,876,880,885,889,893,897,902,907,911,915,1117,1121,1125,1129,1139,1143,1147,1156,1210,1313,1317,1321,1326,1344,1379,1384,1388,1397,1401,1405,1562,1566,1571,1575,1580,1584,1589,1592,1597,1601,1803,1807,1811,1816,1821,1824,1829,1833,1842,1846,1999,2008,2013,2018,2023,2028,2033,2037]","[9,26,45,66,98,120,141,168,187,207,225,243,261,277,295,313,330,346,365,386,406,422,444,464,485,543,559,576,593,611,629,652,671,690,714,740,756,779,814,831,849,877,899,916,942,963,987,1021,1043,1069,1089,1107,1174,1194,1216,1234,1256,1274,1296,1318,1339,1365,1396,1418,1435,1455,1474,1495,1515,1535,1576,1599,1618,1641,1662,1680,1701,1728,1746,1765,1782,1802,1818,1856,1872,1891,1908,1927,1945,1965,1985,2024,2062,2081,2098,2116,2133]","[25,54,57,61,65,69,170,173,177,181,185,189,289,293,297,301,305,309,409,413,417,421,425,430,511,516,544]","[9,26,45,66,98,120,141,168,187,207,225,243,261,277,295,313,330,346,365,386,406,422,444,464,485,543,559]",model_input_patch_grid
pilot,n355567,high,d20_index_uniform5,8,8,1536,321,76,397,50,0.78125,"[2,0,3,0,1,2,1,1,0,3,0,1,2,0,0,3,2,0,0,3,1,0,2,0,1,2,1,1,1,2,0,1,1,2,1,0,2,0,2,1,1,1,1,1,2,0,1,3,1,2,2,1,1,1,2,1,1,1,2,1,1,1,2,1]",64,1.0,"[5,8,6,6,6,6,4,5,7,4,10,10,9,9,7,7,9,3,15,10,7,11,4,10,2,4,5,7,6,12,9,4,6,7,7,8,5,9,10,3,5,7,5,7,4,13,5,5,3,4,3,3,2,10,2,2,4,4,7,4,4,7,2,3]",,,,,,0.039603960396039604,0.6896,0.0410958904109589,0.7002141327623126,"[25,54,57,61,65,69,170,173,177,181,185,189,289,293,297,301,305,309,409,413,417,421,425,430,511,516,544,653,666,676,680,684,689,693,698,706,711,719,873,876,880,885,889,893,897,902,907,911,915,1117,1121,1125,1129,1139,1143,1147,1156,1210,1313,1317,1321,1326,1344,1379,1384,1388,1397,1401,1405,1562,1566,1571,1575,1580,1584,1589,1592,1597,1601,1803,1807,1811,1816,1821,1824,1829,1833,1842,1846,1999,2008,2013,2018,2023,2028,2033,2037]","[9,26,45,66,98,120,141,168,187,207,225,243,261,277,295,313,330,346,365,386,406,422,444,464,485,543,559,576,593,611,629,652,671,690,714,740,756,779,814,831,849,877,899,916,942,963,987,1021,1043,1069,1089,1107,1174,1194,1216,1234,1256,1274,1296,1318,1339,1365,1396,1418,1435,1455,1474,1495,1515,1535,1576,1599,1618,1641,1662,1680,1701,1728,1746,1765,1782,1802,1818,1856,1872,1891,1908,1927,1945,1965,1985,2024,2062,2081,2098,2116,2133]","[653,666,676,680,684,689,693,698,706,711,719,873,876,880,885,889,893,897,902,907,911,915,1117,1121,1125,1129,1139,1143,1147,1156,1210,1313,1317,1321,1326,1344,1379,1384,1388,1397,1401,1405,1562,1566,1571,1575,1580,1584,1589,1592,1597,1601,1803,1807,1811,1816,1821,1824,1829,1833,1842,1846,1999,2008,2013,2018,2023,2028,2033,2037]","[576,593,611,629,652,671,690,714,740,756,779,814,831,849,877,899,916,942,963,987,1021,1043,1069,1089,1107,1174,1194,1216,1234,1256,1274,1296,1318,1339,1365,1396,1418,1435,1455,1474,1495,1515,1535,1576,1599,1618,1641,1662,1680,1701,1728,1746,1765,1782,1802,1818,1856,1872,1891,1908,1927,1945,1965,1985,2024,2062,2081,2098,2116,2133]",model_input_patch_grid
pilot,n355567,high,d20_spatial_uniform5,8,8,1536,321,76,397,56,0.875,"[1,2,1,1,2,1,2,1,1,2,1,2,1,1,2,1,1,2,1,1,2,1,2,0,1,2,1,0,0,1,0,1,0,0,0,1,2,0,2,1,1,2,1,1,2,1,2,1,1,2,1,2,1,1,2,1,1,2,1,1,1,1,2,1]",64,1.0,"[4,10,4,7,7,5,5,5,8,3,11,11,8,10,9,5,8,5,16,8,8,12,4,10,2,4,5,6,5,11,9,4,5,5,6,9,5,9,10,3,5,8,5,7,4,14,6,3,3,4,2,4,2,10,2,2,4,5,6,4,4,7,2,3]",0,0,76,0.0,0.0,0.039603960396039604,0.6896,0.0410958904109589,0.7002141327623126,"[25,54,57,61,65,69,170,173,177,181,185,189,289,293,297,301,305,309,409,413,417,421,425,430,511,516,544,653,666,676,680,684,689,693,698,706,711,719,873,876,880,885,889,893,897,902,907,911,915,1117,1121,1125,1129,1139,1143,1147,1156,1210,1313,1317,1321,1326,1344,1379,1384,1388,1397,1401,1405,1562,1566,1571,1575,1580,1584,1589,1592,1597,1601,1803,1807,1811,1816,1821,1824,1829,1833,1842,1846,1999,2008,2013,2018,2023,2028,2033,2037]","[9,26,45,66,98,120,141,168,187,207,225,243,261,277,295,313,330,346,365,386,406,422,444,464,485,543,559,576,593,611,629,652,671,690,714,740,756,779,814,831,849,877,899,916,942,963,987,1021,1043,1069,1089,1107,1174,1194,1216,1234,1256,1274,1296,1318,1339,1365,1396,1418,1435,1455,1474,1495,1515,1535,1576,1599,1618,1641,1662,1680,1701,1728,1746,1765,1782,1802,1818,1856,1872,1891,1908,1927,1945,1965,1985,2024,2062,2081,2098,2116,2133]","[653,666,676,680,684,689,693,698,706,711,719,873,876,880,885,889,893,897,902,907,911,915,1117,1121,1125,1129,1139,1143,1147,1156,1210,1313,1317,1321,1326,1344,1379,1384,1388,1397,1401,1405,1562,1566,1571,1575,1580,1584,1589,1592,1597,1601,1803,1807,1811,1816,1821,1824,1829,1833,1842,1846,1999,2008,2013,2018,2023,2028,2033,2037]","[576,593,611,629,652,671,690,714,740,756,779,814,831,849,877,899,916,942,963,987,1021,1043,1069,1089,1107,1174,1194,1216,1234,1256,1274,1296,1318,1339,1365,1396,1418,1435,1455,1474,1495,1515,1535,1576,1599,1618,1641,1662,1680,1701,1728,1746,1765,1782,1802,1818,1856,1872,1891,1908,1927,1945,1965,1985,2024,2062,2081,2098,2116,2133]",model_input_patch_grid
pilot,n37274,base,d20_index_uniform5,8,8,576,126,28,154,24,0.375,"[0,0,1,1,1,0,0,0,0,0,1,1,1,0,0,0,1,0,1,0,1,0,1,0,0,1,0,1,0,0,0,2,0,0,0,1,0,2,0,0,0,2,0,1,0,0,0,0,1,0,0,1,1,1,0,0,0,1,0,0,2,0,0,1]",58,0.90625,"[3,2,3,6,2,6,0,2,1,4,5,5,5,1,1,5,2,2,1,0,2,3,3,2,0,2,2,1,4,2,2,4,1,1,1,2,4,3,7,2,1,4,1,2,0,7,3,2,1,1,0,3,2,4,2,2,1,1,0,3,4,2,2,2]",,,,,,0.03139013452914798,0.6842105263157895,0.037037037037037035,0.7111111111111111,"[49,53,58,61,66,70,169,173,177,181,185,189,289,294,297,301,309,410,415,419,429,448,506,511,515,520,675,680,689,693,697,702,711,715,719,872,876,880,885,889,893,898,907,951,960,964,1103,1117,1121,1125,1134,1139,1143,1147,1156,1160,1313,1317,1321,1326,1330,1334,1339,1343,1356,1397,1401,1531,1543,1558,1562,1566,1571,1575,1584,1588,1597,1601,1797,1803,1807,1811,1816,1820,1825,1829,1833,1838,1842,1999,2007,2012,2016,2020,2030,2034,2038,2042,2195,2200,2204,2209,2214,2219,2224,2228,2233,2287]","[12,35,55,80,109,131,150,168,187,204,225,243,262,285,327,347,369,388,412,432,449,468,490,507,542,564,582,602,625,645,664,725,747,768,791,807,831,852,875,895,917,940,959,983,1001,1019,1041,1058,1076,1095,1113,1149,1169,1188,1205,1224,1244,1264,1282,1301,1318,1335,1358,1378,1403,1435,1458,1487,1508,1526,1550,1569,1599,1617,1645,1666,1686,1709,1732,1753,1770,1788,1808,1827,1843,1862,1887,1906,1926,1945,1965,1984,2044,2062,2082,2101,2120,2138,2157,2175,2197,2213,2231,2251,2270,2291,2307,2328]","[49,53,58,61,66,70,169,173,177,181,185,189,289,294,297,301,309,410,415,419,429,448,506,511,515,520]","[12,35,55,80,109,131,150,168,187,204,225,243,262,285,327,347,369,388,412,432,449,468,490,507,542,564]",model_input_patch_grid
pilot,n37274,base,d20_spatial_uniform5,8,8,576,126,28,154,28,0.4375,"[1,1,0,1,1,0,1,1,0,0,0,0,0,0,0,0,1,1,0,1,1,1,0,1,0,0,0,0,0,0,0,0,1,0,1,1,1,1,0,1,1,0,1,1,0,0,0,1,0,0,0,0,0,1,0,0,1,0,1,1,0,1,0,1]",57,0.890625,"[4,3,2,6,2,6,1,3,1,4,4,4,4,1,1,5,2,3,0,1,2,4,2,3,0,1,2,0,4,2,2,2,2,1,2,2,5,2,7,3,2,2,2,2,0,7,3,3,0,1,0,2,1,4,2,2,2,0,1,4,2,3,2,2]",0,0,28,0.0,0.0,0.03139013452914798,0.6842105263157895,0.037037037037037035,0.7111111111111111,"[49,53,58,61,66,70,169,173,177,181,185,189,289,294,297,301,309,410,415,419,429,448,506,511,515,520,675,680,689,693,697,702,711,715,719,872,876,880,885,889,893,898,907,951,960,964,1103,1117,1121,1125,1134,1139,1143,1147,1156,1160,1313,1317,1321,1326,1330,1334,1339,1343,1356,1397,1401,1531,1543,1558,1562,1566,1571,1575,1584,1588,1597,1601,1797,1803,1807,1811,1816,1820,1825,1829,1833,1838,1842,1999,2007,2012,2016,2020,2030,2034,2038,2042,2195,2200,2204,2209,2214,2219,2224,2228,2233,2287]","[12,35,55,80,109,131,150,168,187,204,225,243,262,285,327,347,369,388,412,432,449,468,490,507,542,564,582,602,625,645,664,725,747,768,791,807,831,852,875,895,917,940,959,983,1001,1019,1041,1058,1076,1095,1113,1149,1169,1188,1205,1224,1244,1264,1282,1301,1318,1335,1358,1378,1403,1435,1458,1487,1508,1526,1550,1569,1599,1617,1645,1666,1686,1709,1732,1753,1770,1788,1808,1827,1843,1862,1887,1906,1926,1945,1965,1984,2044,2062,2082,2101,2120,2138,2157,2175,2197,2213,2231,2251,2270,2291,2307,2328]","[49,53,58,61,66,70,169,173,177,181,185,189,289,294,297,301,309,410,415,419,429,448,506,511,515,520]","[12,35,55,80,109,131,150,168,187,204,225,243,262,285,327,347,369,388,412,432,449,468,490,507,542,564]",model_input_patch_grid
pilot,n37274,high,d20_index_uniform5,8,8,1728,335,87,422,56,0.875,"[2,2,0,1,2,1,1,1,1,1,1,2,1,3,1,1,2,1,1,0,3,1,2,1,1,2,0,2,2,1,1,2,2,0,2,1,1,0,1,2,1,2,2,1,2,1,2,1,0,2,2,0,2,0,2,2,2,2,2,1,2,1,2,1]",63,0.984375,"[4,4,8,7,6,12,2,6,6,12,8,4,9,8,6,10,4,7,4,6,3,3,5,2,2,9,6,10,14,5,15,5,3,8,8,12,8,6,15,5,1,9,3,9,10,9,11,6,0,6,6,5,9,2,7,6,2,3,2,13,5,5,4,12]",,,,,,0.03139013452914798,0.6842105263157895,0.029585798816568046,0.6746031746031746,"[49,53,58,61,66,70,169,173,177,181,185,189,289,294,297,301,309,410,415,419,429,448,506,511,515,520,675,680,689,693,697,702,711,715,719,872,876,880,885,889,893,898,907,951,960,964,1103,1117,1121,1125,1134,1139,1143,1147,1156,1160,1313,1317,1321,1326,1330,1334,1339,1343,1356,1397,1401,1531,1543,1558,1562,1566,1571,1575,1584,1588,1597,1601,1797,1803,1807,1811,1816,1820,1825,1829,1833,1838,1842,1999,2007,2012,2016,2020,2030,2034,2038,2042,2195,2200,2204,2209,2214,2219,2224,2228,2233,2287]","[12,35,55,80,109,131,150,168,187,204,225,243,262,285,327,347,369,388,412,432,449,468,490,507,542,564,582,602,625,645,664,725,747,768,791,807,831,852,875,895,917,940,959,983,1001,1019,1041,1058,1076,1095,1113,1149,1169,1188,1205,1224,1244,1264,1282,1301,1318,1335,1358,1378,1403,1435,1458,1487,1508,1526,1550,1569,1599,1617,1645,1666,1686,1709,1732,1753,1770,1788,1808,1827,1843,1862,1887,1906,1926,1945,1965,1984,2044,2062,2082,2101,2120,2138,2157,2175,2197,2213,2231,2251,2270,2291,2307,2328]","[675,680,689,693,697,702,711,715,719,872,876,880,885,889,893,898,907,951,960,964,1103,1117,1121,1125,1134,1139,1143,1147,1156,1160,1313,1317,1321,1326,1330,1334,1339,1343,1356,1397,1401,1531,1543,1558,1562,1566,1571,1575,1584,1588,1597,1601,1797,1803,1807,1811,1816,1820,1825,1829,1833,1838,1842,1999,2007,2012,2016,2020,2030,2034,2038,2042,2195,2200,2204,2209,2214,2219,2224,2228,2233,2287]","[582,602,625,645,664,725,747,768,791,807,831,852,875,895,917,940,959,983,1001,1019,1041,1058,1076,1095,1113,1149,1169,1188,1205,1224,1244,1264,1282,1301,1318,1335,1358,1378,1403,1435,1458,1487,1508,1526,1550,1569,1599,1617,1645,1666,1686,1709,1732,1753,1770,1788,1808,1827,1843,1862,1887,1906,1926,1945,1965,1984,2044,2062,2082,2101,2120,2138,2157,2175,2197,2213,2231,2251,2270,2291,2307,2328]",model_input_patch_grid
pilot,n37274,high,d20_spatial_uniform5,8,8,1728,335,87,422,64,1.0,"[1,2,1,2,1,1,2,1,1,2,1,2,1,1,2,1,1,2,1,1,2,1,2,1,1,2,1,2,1,1,2,1,1,2,1,1,2,1,2,1,1,2,1,1,2,1,2,1,1,2,1,2,1,1,2,1,1,2,1,1,1,2,1,1]",64,1.0,"[3,4,9,8,5,12,3,6,6,13,8,4,9,6,7,10,3,8,4,7,2,3,5,2,2,9,7,10,13,5,16,4,2,10,7,12,9,7,16,4,1,9,2,9,10,9,11,6,1,6,5,7,8,3,7,5,1,3,1,13,4,6,3,12]",0,0,87,0.0,0.0,0.03139013452914798,0.6842105263157895,0.029585798816568046,0.6746031746031746,"[49,53,58,61,66,70,169,173,177,181,185,189,289,294,297,301,309,410,415,419,429,448,506,511,515,520,675,680,689,693,697,702,711,715,719,872,876,880,885,889,893,898,907,951,960,964,1103,1117,1121,1125,1134,1139,1143,1147,1156,1160,1313,1317,1321,1326,1330,1334,1339,1343,1356,1397,1401,1531,1543,1558,1562,1566,1571,1575,1584,1588,1597,1601,1797,1803,1807,1811,1816,1820,1825,1829,1833,1838,1842,1999,2007,2012,2016,2020,2030,2034,2038,2042,2195,2200,2204,2209,2214,2219,2224,2228,2233,2287]","[12,35,55,80,109,131,150,168,187,204,225,243,262,285,327,347,369,388,412,432,449,468,490,507,542,564,582,602,625,645,664,725,747,768,791,807,831,852,875,895,917,940,959,983,1001,1019,1041,1058,1076,1095,1113,1149,1169,1188,1205,1224,1244,1264,1282,1301,1318,1335,1358,1378,1403,1435,1458,1487,1508,1526,1550,1569,1599,1617,1645,1666,1686,1709,1732,1753,1770,1788,1808,1827,1843,1862,1887,1906,1926,1945,1965,1984,2044,2062,2082,2101,2120,2138,2157,2175,2197,2213,2231,2251,2270,2291,2307,2328]","[675,680,689,693,697,702,711,715,719,872,876,880,885,889,893,898,907,951,960,964,1103,1117,1121,1125,1134,1139,1143,1147,1156,1160,1313,1317,1321,1326,1330,1334,1339,1343,1356,1397,1401,1531,1543,1558,1562,1566,1571,1575,1584,1588,1597,1601,1797,1803,1807,1811,1816,1820,1825,1829,1833,1838,1842,1999,2007,2012,2016,2020,2030,2034,2038,2042,2195,2200,2204,2209,2214,2219,2224,2228,2233,2287]","[582,602,625,645,664,725,747,768,791,807,831,852,875,895,917,940,959,983,1001,1019,1041,1058,1076,1095,1113,1149,1169,1188,1205,1224,1244,1264,1282,1301,1318,1335,1358,1378,1403,1435,1458,1487,1508,1526,1550,1569,1599,1617,1645,1666,1686,1709,1732,1753,1770,1788,1808,1827,1843,1862,1887,1906,1926,1945,1965,1984,2044,2062,2082,2101,2120,2138,2157,2175,2197,2213,2231,2251,2270,2291,2307,2328]",model_input_patch_grid
pilot,n390187,base,d20_index_uniform5,8,8,576,113,29,142,23,0.359375,"[0,1,0,2,0,0,1,0,0,2,0,0,1,0,0,2,0,1,0,1,0,1,0,0,2,1,0,0,0,0,0,1,0,0,0,0,0,2,0,1,1,0,1,0,0,0,0,0,2,1,0,0,0,1,0,0,0,0,1,0,1,1,0,1]",50,0.78125,"[0,1,1,2,2,0,1,1,0,2,0,0,1,0,1,2,0,1,0,8,6,2,0,0,2,3,0,5,8,2,1,1,0,4,5,1,7,5,3,2,4,5,5,7,6,3,1,0,4,1,1,4,2,3,2,2,2,1,4,0,1,1,1,2]",,,,,,0.018518518518518517,0.6778115501519757,0.017543859649122806,0.6705882352941176,"[49,53,57,62,65,69,154,169,173,182,185,189,289,293,297,301,305,309,409,413,417,421,425,429,515,520,525,530,648,652,656,660,665,669,673,677,817,823,827,831,835,840,844,848,963,971,975,980,984,988,992,1116,1138,1142,1146,1159,1163,1167,1189,1313,1318,1322,1329,1332,1337,1342,1423,1433,1453,1462,1478,1482,1508,1558,1597,1603,1609,1612,1617,1622,1738,1743,1752,1758,1762,1781,1873,1878,1883,1889,1892,1897,1902,2013,2023,2027,2032,2037,2042,2053,2153,2163,2167,2172,2177,2182]","[9,27,43,59,76,93,109,125,141,161,179,196,219,242,264,285,303,328,358,384,414,436,458,481,497,517,551,569,586,602,620,637,655,671,688,704,723,741,758,776,793,811,828,845,863,880,897,914,933,949,985,1002,1022,1046,1068,1090,1107,1130,1147,1172,1196,1213,1238,1266,1283,1312,1335,1355,1384,1419,1456,1484,1505,1528,1559,1594,1624,1652,1684,1707,1755,1774,1795,1815,1839,1864,1882,1904,1925,1946,1968,1986,2003,2022,2039,2056,2072,2089,2105,2122,2140,2174,2193,2209,2227,2244]","[49,53,57,62,65,69,154,169,173,182,185,189,289,293,297,301,305,309,409,413,417,421,425,429,515,520,525,530]","[9,27,43,59,76,93,109,125,141,161,179,196,219,242,264,285,303,328,358,384,414,436,458,481,497,517,551,569]",model_input_patch_grid
pilot,n390187,base,d20_spatial_uniform5,8,8,576,113,29,142,29,0.453125,"[1,1,0,1,1,1,0,1,0,0,0,0,0,0,0,0,1,1,0,1,1,1,0,1,0,0,0,0,0,0,0,0,1,1,0,1,1,1,0,1,1,1,0,1,1,1,0,1,0,0,0,0,0,0,0,0,1,0,1,1,0,1,0,1]",49,0.765625,"[1,1,1,1,3,1,0,2,0,0,0,0,0,0,1,0,1,1,0,8,7,2,0,1,0,2,0,5,8,2,1,0,1,5,5,2,8,4,3,2,4,6,4,8,7,4,1,1,2,0,1,4,2,2,2,2,3,1,4,1,0,1,1,2]",0,0,29,0.0,0.0,0.018518518518518517,0.6778115501519757,0.017543859649122806,0.6705882352941176,"[49,53,57,62,65,69,154,169,173,182,185,189,289,293,297,301,305,309,409,413,417,421,425,429,515,520,525,530,648,652,656,660,665,669,673,677,817,823,827,831,835,840,844,848,963,971,975,980,984,988,992,1116,1138,1142,1146,1159,1163,1167,1189,1313,1318,1322,1329,1332,1337,1342,1423,1433,1453,1462,1478,1482,1508,1558,1597,1603,1609,1612,1617,1622,1738,1743,1752,1758,1762,1781,1873,1878,1883,1889,1892,1897,1902,2013,2023,2027,2032,2037,2042,2053,2153,2163,2167,2172,2177,2182]","[9,27,43,59,76,93,109,125,141,161,179,196,219,242,264,285,303,328,358,384,414,436,458,481,497,517,551,569,586,602,620,637,655,671,688,704,723,741,758,776,793,811,828,845,863,880,897,914,933,949,985,1002,1022,1046,1068,1090,1107,1130,1147,1172,1196,1213,1238,1266,1283,1312,1335,1355,1384,1419,1456,1484,1505,1528,1559,1594,1624,1652,1684,1707,1755,1774,1795,1815,1839,1864,1882,1904,1925,1946,1968,1986,2003,2022,2039,2056,2072,2089,2105,2122,2140,2174,2193,2209,2227,2244]","[49,53,57,62,65,69,154,169,173,182,185,189,289,293,297,301,305,309,409,413,417,421,425,429,515,520,525,530]","[9,27,43,59,76,93,109,125,141,161,179,196,219,242,264,285,303,328,358,384,414,436,458,481,497,517,551,569]",model_input_patch_grid
pilot,n390187,high,d20_index_uniform5,8,8,1632,329,81,410,38,0.59375,"[0,3,3,0,0,1,5,0,0,6,0,0,0,5,1,0,2,2,1,1,0,1,3,0,2,2,1,0,0,1,1,1,3,2,0,0,1,0,0,2,1,0,2,1,0,2,2,0,1,1,3,0,1,0,4,1,0,4,2,0,0,5,1,0]",59,0.921875,"[0,3,4,1,2,2,7,1,0,6,1,2,3,6,1,4,4,2,4,21,17,3,3,0,4,8,11,21,19,11,3,2,6,10,20,12,15,14,15,4,4,5,9,18,12,12,9,3,2,4,8,10,5,5,9,2,3,5,3,0,1,6,3,0]",,,,,,0.018518518518518517,0.6778115501519757,0.018867924528301886,0.680327868852459,"[49,53,57,62,65,69,154,169,173,182,185,189,289,293,297,301,305,309,409,413,417,421,425,429,515,520,525,530,648,652,656,660,665,669,673,677,817,823,827,831,835,840,844,848,963,971,975,980,984,988,992,1116,1138,1142,1146,1159,1163,1167,1189,1313,1318,1322,1329,1332,1337,1342,1423,1433,1453,1462,1478,1482,1508,1558,1597,1603,1609,1612,1617,1622,1738,1743,1752,1758,1762,1781,1873,1878,1883,1889,1892,1897,1902,2013,2023,2027,2032,2037,2042,2053,2153,2163,2167,2172,2177,2182]","[9,27,43,59,76,93,109,125,141,161,179,196,219,242,264,285,303,328,358,384,414,436,458,481,497,517,551,569,586,602,620,637,655,671,688,704,723,741,758,776,793,811,828,845,863,880,897,914,933,949,985,1002,1022,1046,1068,1090,1107,1130,1147,1172,1196,1213,1238,1266,1283,1312,1335,1355,1384,1419,1456,1484,1505,1528,1559,1594,1624,1652,1684,1707,1755,1774,1795,1815,1839,1864,1882,1904,1925,1946,1968,1986,2003,2022,2039,2056,2072,2089,2105,2122,2140,2174,2193,2209,2227,2244]","[648,652,656,660,665,669,673,677,817,823,827,831,835,840,844,848,963,971,975,980,984,988,992,1116,1138,1142,1146,1159,1163,1167,1189,1313,1318,1322,1329,1332,1337,1342,1423,1433,1453,1462,1478,1482,1508,1558,1597,1603,1609,1612,1617,1622,1738,1743,1752,1758,1762,1781,1873,1878,1883,1889,1892,1897,1902,2013,2023,2027,2032,2037,2042,2053,2153,2163,2167,2172,2177,2182]","[586,602,620,637,655,671,688,704,723,741,758,776,793,811,828,845,863,880,897,914,933,949,985,1002,1022,1046,1068,1090,1107,1130,1147,1172,1196,1213,1238,1266,1283,1312,1335,1355,1384,1419,1456,1484,1505,1528,1559,1594,1624,1652,1684,1707,1755,1774,1795,1815,1839,1864,1882,1904,1925,1946,1968,1986,2003,2022,2039,2056,2072,2089,2105,2122,2140,2174,2193,2209,2227,2244]",model_input_patch_grid
pilot,n390187,high,d20_spatial_uniform5,8,8,1632,329,81,410,60,0.9375,"[1,1,1,1,1,1,1,1,2,2,2,2,2,2,2,2,1,1,1,1,1,1,1,1,1,1,1,0,1,1,1,1,2,2,2,0,2,2,2,2,1,1,1,1,0,1,1,1,2,1,2,1,1,2,2,2,1,2,1,1,0,1,1,1]",64,1.0,"[1,1,2,2,3,2,3,2,2,2,3,4,5,3,2,6,3,1,4,21,18,3,1,1,3,7,11,21,20,11,3,2,5,10,22,12,16,16,17,4,4,6,8,18,12,11,8,4,3,4,7,11,5,7,7,3,4,3,2,1,1,2,3,1]",0,0,81,0.0,0.0,0.018518518518518517,0.6778115501519757,0.018867924528301886,0.680327868852459,"[49,53,57,62,65,69,154,169,173,182,185,189,289,293,297,301,305,309,409,413,417,421,425,429,515,520,525,530,648,652,656,660,665,669,673,677,817,823,827,831,835,840,844,848,963,971,975,980,984,988,992,1116,1138,1142,1146,1159,1163,1167,1189,1313,1318,1322,1329,1332,1337,1342,1423,1433,1453,1462,1478,1482,1508,1558,1597,1603,1609,1612,1617,1622,1738,1743,1752,1758,1762,1781,1873,1878,1883,1889,1892,1897,1902,2013,2023,2027,2032,2037,2042,2053,2153,2163,2167,2172,2177,2182]","[9,27,43,59,76,93,109,125,141,161,179,196,219,242,264,285,303,328,358,384,414,436,458,481,497,517,551,569,586,602,620,637,655,671,688,704,723,741,758,776,793,811,828,845,863,880,897,914,933,949,985,1002,1022,1046,1068,1090,1107,1130,1147,1172,1196,1213,1238,1266,1283,1312,1335,1355,1384,1419,1456,1484,1505,1528,1559,1594,1624,1652,1684,1707,1755,1774,1795,1815,1839,1864,1882,1904,1925,1946,1968,1986,2003,2022,2039,2056,2072,2089,2105,2122,2140,2174,2193,2209,2227,2244]","[648,652,656,660,665,669,673,677,817,823,827,831,835,840,844,848,963,971,975,980,984,988,992,1116,1138,1142,1146,1159,1163,1167,1189,1313,1318,1322,1329,1332,1337,1342,1423,1433,1453,1462,1478,1482,1508,1558,1597,1603,1609,1612,1617,1622,1738,1743,1752,1758,1762,1781,1873,1878,1883,1889,1892,1897,1902,2013,2023,2027,2032,2037,2042,2053,2153,2163,2167,2172,2177,2182]","[586,602,620,637,655,671,688,704,723,741,758,776,793,811,828,845,863,880,897,914,933,949,985,1002,1022,1046,1068,1090,1107,1130,1147,1172,1196,1213,1238,1266,1283,1312,1335,1355,1384,1419,1456,1484,1505,1528,1559,1594,1624,1652,1684,1707,1755,1774,1795,1815,1839,1864,1882,1904,1925,1946,1968,1986,2003,2022,2039,2056,2072,2089,2105,2122,2140,2174,2193,2209,2227,2244]",model_input_patch_grid
pilot,n406334,base,d20_index_uniform5,8,8,576,99,30,129,27,0.421875,"[1,0,1,0,1,0,1,0,1,0,1,1,0,0,1,0,2,1,0,0,0,0,1,0,0,0,0,2,0,0,1,0,0,1,1,0,0,1,0,1,1,0,0,0,0,0,1,1,0,0,0,1,1,1,0,0,0,2,0,0,1,0,1,1]",46,0.71875,"[1,1,2,3,2,0,1,0,3,0,2,3,1,0,1,0,2,1,2,3,6,5,1,0,0,3,2,4,5,0,5,0,1,3,3,1,0,2,4,5,1,0,2,5,6,6,4,5,0,0,0,1,4,5,2,4,0,2,0,0,1,0,1,2]",,,,,,0.029411764705882353,0.6842105263157895,0.0,0.6226415094339622,"[34,49,53,61,65,69,169,173,177,186,189,205,265,269,273,278,281,285,385,389,393,397,406,426,505,509,513,517,521,525,676,680,684,688,693,697,702,706,711,715,719,898,902,921,925,929,938,942,956,960,964,1076,1121,1134,1139,1147,1152,1160,1179,1205,1267,1311,1321,1375,1380,1384,1388,1397,1405,1441,1450,1607,1615,1620,1624,1629,1638,1642,1646,1650,1802,1812,1817,1822,1827,1832,1836,1841,1895,1999,2004,2008,2013,2018,2023,2028,2032,2037,2042]","[8,25,44,62,80,98,115,131,148,170,193,212,234,251,274,295,316,335,353,380,408,430,447,469,490,508,524,541,557,573,589,607,625,642,659,677,694,710,727,745,761,782,798,814,833,849,866,885,901,917,954,971,988,1013,1030,1057,1074,1096,1166,1195,1223,1248,1278,1305,1341,1395,1433,1456,1483,1503,1520,1543,1562,1592,1656,1673,1694,1715,1738,1762,1780,1824,1840,1859,1885,1904,1923,1946,1963,1980,2000,2017,2033,2050,2067,2085,2102,2118,2134]","[34,49,53,61,65,69,169,173,177,186,189,205,265,269,273,278,281,285,385,389,393,397,406,426,505,509,513,517,521,525]","[8,25,44,62,80,98,115,131,148,170,193,212,234,251,274,295,316,335,353,380,408,430,447,469,490,508,524,541,557,573]",model_input_patch_grid
pilot,n406334,base,d20_spatial_uniform5,8,8,576,99,30,129,30,0.46875,"[1,1,0,1,1,1,0,1,0,0,0,0,0,0,0,0,1,1,0,1,1,0,1,1,1,1,0,1,1,1,0,1,0,0,0,0,0,0,0,0,1,1,0,1,1,0,1,1,0,0,0,0,0,0,0,0,1,1,0,1,1,1,0,1]",52,0.8125,"[1,2,1,4,2,1,0,1,2,0,1,2,1,0,0,0,1,1,2,4,7,5,1,1,1,4,2,3,6,1,4,1,1,2,2,1,0,1,4,4,1,1,2,6,7,6,4,5,0,0,0,0,3,4,2,4,1,1,0,1,1,1,0,2]",0,0,30,0.0,0.0,0.029411764705882353,0.6842105263157895,0.0,0.6226415094339622,"[34,49,53,61,65,69,169,173,177,186,189,205,265,269,273,278,281,285,385,389,393,397,406,426,505,509,513,517,521,525,676,680,684,688,693,697,702,706,711,715,719,898,902,921,925,929,938,942,956,960,964,1076,1121,1134,1139,1147,1152,1160,1179,1205,1267,1311,1321,1375,1380,1384,1388,1397,1405,1441,1450,1607,1615,1620,1624,1629,1638,1642,1646,1650,1802,1812,1817,1822,1827,1832,1836,1841,1895,1999,2004,2008,2013,2018,2023,2028,2032,2037,2042]","[8,25,44,62,80,98,115,131,148,170,193,212,234,251,274,295,316,335,353,380,408,430,447,469,490,508,524,541,557,573,589,607,625,642,659,677,694,710,727,745,761,782,798,814,833,849,866,885,901,917,954,971,988,1013,1030,1057,1074,1096,1166,1195,1223,1248,1278,1305,1341,1395,1433,1456,1483,1503,1520,1543,1562,1592,1656,1673,1694,1715,1738,1762,1780,1824,1840,1859,1885,1904,1923,1946,1963,1980,2000,2017,2033,2050,2067,2085,2102,2118,2134]","[34,49,53,61,65,69,169,173,177,186,189,205,265,269,273,278,281,285,385,389,393,397,406,426,505,509,513,517,521,525]","[8,25,44,62,80,98,115,131,148,170,193,212,234,251,274,295,316,335,353,380,408,430,447,469,490,508,524,541,557,573]",model_input_patch_grid
pilot,n406334,high,d20_index_uniform5,8,8,1536,324,75,399,48,0.75,"[3,0,2,2,0,2,2,0,0,1,3,0,2,2,0,3,2,1,1,1,1,1,1,1,1,1,1,0,0,3,0,1,0,0,1,0,2,1,1,2,1,2,1,1,1,1,2,0,1,3,0,1,2,1,1,1,2,1,1,3,0,1,3,0]",61,0.953125,"[4,1,4,2,3,3,2,0,5,3,3,0,5,3,1,3,3,4,7,11,13,10,2,3,16,19,12,5,16,9,11,11,14,15,12,7,4,7,10,11,1,2,6,8,10,13,14,6,2,3,1,8,7,11,6,8,3,1,1,6,0,2,4,2]",,,,,,0.029411764705882353,0.6842105263157895,0.041666666666666664,0.7051282051282052,"[34,49,53,61,65,69,169,173,177,186,189,205,265,269,273,278,281,285,385,389,393,397,406,426,505,509,513,517,521,525,676,680,684,688,693,697,702,706,711,715,719,898,902,921,925,929,938,942,956,960,964,1076,1121,1134,1139,1147,1152,1160,1179,1205,1267,1311,1321,1375,1380,1384,1388,1397,1405,1441,1450,1607,1615,1620,1624,1629,1638,1642,1646,1650,1802,1812,1817,1822,1827,1832,1836,1841,1895,1999,2004,2008,2013,2018,2023,2028,2032,2037,2042]","[8,25,44,62,80,98,115,131,148,170,193,212,234,251,274,295,316,335,353,380,408,430,447,469,490,508,524,541,557,573,589,607,625,642,659,677,694,710,727,745,761,782,798,814,833,849,866,885,901,917,954,971,988,1013,1030,1057,1074,1096,1166,1195,1223,1248,1278,1305,1341,1395,1433,1456,1483,1503,1520,1543,1562,1592,1656,1673,1694,1715,1738,1762,1780,1824,1840,1859,1885,1904,1923,1946,1963,1980,2000,2017,2033,2050,2067,2085,2102,2118,2134]","[676,680,684,688,693,697,702,706,711,715,719,898,902,921,925,929,938,942,956,960,964,1076,1121,1134,1139,1147,1152,1160,1179,1205,1267,1311,1321,1375,1380,1384,1388,1397,1405,1441,1450,1607,1615,1620,1624,1629,1638,1642,1646,1650,1802,1812,1817,1822,1827,1832,1836,1841,1895,1999,2004,2008,2013,2018,2023,2028,2032,2037,2042]","[589,607,625,642,659,677,694,710,727,745,761,782,798,814,833,849,866,885,901,917,954,971,988,1013,1030,1057,1074,1096,1166,1195,1223,1248,1278,1305,1341,1395,1433,1456,1483,1503,1520,1543,1562,1592,1656,1673,1694,1715,1738,1762,1780,1824,1840,1859,1885,1904,1923,1946,1963,1980,2000,2017,2033,2050,2067,2085,2102,2118,2134]",model_input_patch_grid
pilot,n406334,high,d20_spatial_uniform5,8,8,1536,324,75,399,57,0.890625,"[1,2,1,2,1,1,2,1,1,2,1,2,1,1,2,1,1,2,0,1,2,1,1,1,2,1,1,0,0,0,1,0,0,0,1,1,2,1,2,1,1,2,1,1,2,1,2,1,1,2,1,1,1,2,1,1,1,2,1,1,1,2,1,1]",64,1.0,"[2,3,3,2,4,2,2,1,6,4,1,2,4,2,3,1,2,5,6,11,14,10,2,3,17,19,12,5,16,6,12,10,14,15,12,8,4,7,11,10,1,2,6,8,11,13,14,7,2,2,2,8,6,12,6,8,2,2,1,4,1,3,2,3]",0,0,75,0.0,0.0,0.029411764705882353,0.6842105263157895,0.041666666666666664,0.7051282051282052,"[34,49,53,61,65,69,169,173,177,186,189,205,265,269,273,278,281,285,385,389,393,397,406,426,505,509,513,517,521,525,676,680,684,688,693,697,702,706,711,715,719,898,902,921,925,929,938,942,956,960,964,1076,1121,1134,1139,1147,1152,1160,1179,1205,1267,1311,1321,1375,1380,1384,1388,1397,1405,1441,1450,1607,1615,1620,1624,1629,1638,1642,1646,1650,1802,1812,1817,1822,1827,1832,1836,1841,1895,1999,2004,2008,2013,2018,2023,2028,2032,2037,2042]","[8,25,44,62,80,98,115,131,148,170,193,212,234,251,274,295,316,335,353,380,408,430,447,469,490,508,524,541,557,573,589,607,625,642,659,677,694,710,727,745,761,782,798,814,833,849,866,885,901,917,954,971,988,1013,1030,1057,1074,1096,1166,1195,1223,1248,1278,1305,1341,1395,1433,1456,1483,1503,1520,1543,1562,1592,1656,1673,1694,1715,1738,1762,1780,1824,1840,1859,1885,1904,1923,1946,1963,1980,2000,2017,2033,2050,2067,2085,2102,2118,2134]","[676,680,684,688,693,697,702,706,711,715,719,898,902,921,925,929,938,942,956,960,964,1076,1121,1134,1139,1147,1152,1160,1179,1205,1267,1311,1321,1375,1380,1384,1388,1397,1405,1441,1450,1607,1615,1620,1624,1629,1638,1642,1646,1650,1802,1812,1817,1822,1827,1832,1836,1841,1895,1999,2004,2008,2013,2018,2023,2028,2032,2037,2042]","[589,607,625,642,659,677,694,710,727,745,761,782,798,814,833,849,866,885,901,917,954,971,988,1013,1030,1057,1074,1096,1166,1195,1223,1248,1278,1305,1341,1395,1433,1456,1483,1503,1520,1543,1562,1592,1656,1673,1694,1715,1738,1762,1780,1824,1840,1859,1885,1904,1923,1946,1963,1980,2000,2017,2033,2050,2067,2085,2102,2118,2134]",model_input_patch_grid
pilot,n437064,base,d20_index_uniform5,8,8,576,105,29,134,25,0.390625,"[0,1,0,1,1,0,1,0,0,1,1,1,0,0,0,1,0,0,0,0,0,2,1,0,0,0,0,0,1,2,0,0,0,1,0,2,0,0,0,0,1,1,0,0,1,0,1,0,1,0,1,0,0,1,1,0,1,0,0,2,0,0,1,0]",54,0.84375,"[1,1,1,1,3,0,1,3,3,5,1,3,0,2,1,5,6,1,2,5,0,4,3,4,2,2,0,5,2,2,5,2,5,5,1,4,2,2,1,2,3,3,1,0,2,2,4,1,2,1,3,1,0,1,1,3,3,2,0,2,0,0,1,0]",,,,,,0.034482758620689655,0.6869009584664537,0.03571428571428571,0.6645962732919255,"[49,53,57,65,69,153,170,173,181,190,290,293,297,301,305,309,409,413,417,421,425,429,506,511,515,520,525,653,676,680,684,693,697,706,711,715,719,872,876,880,885,890,893,898,902,906,915,960,1117,1121,1125,1130,1134,1138,1143,1147,1152,1156,1160,1321,1344,1366,1376,1379,1388,1397,1401,1406,1433,1558,1562,1567,1571,1580,1593,1597,1601,1624,1633,1637,1803,1807,1811,1815,1820,1829,1833,1838,1842,1846,2004,2008,2013,2018,2023,2028,2037,2042]","[9,27,43,82,102,123,142,160,210,232,255,277,299,321,339,363,385,404,422,438,458,476,495,513,529,546,563,579,595,614,634,650,668,709,727,749,766,790,806,831,851,871,888,912,933,952,973,993,1012,1033,1053,1074,1093,1113,1132,1151,1172,1195,1214,1240,1265,1292,1350,1380,1410,1435,1462,1483,1505,1532,1559,1591,1611,1638,1659,1679,1708,1726,1746,1764,1787,1806,1841,1859,1880,1896,1913,1930,1950,1966,1982,2015,2049,2065,2082,2100,2116,2134]","[49,53,57,65,69,153,170,173,181,190,290,293,297,301,305,309,409,413,417,421,425,429,506,511,515,520,525]","[9,27,43,82,102,123,142,160,210,232,255,277,299,321,339,363,385,404,422,438,458,476,495,513,529,546,563]",model_input_patch_grid
pilot,n437064,base,d20_spatial_uniform5,8,8,576,105,29,134,29,0.453125,"[1,1,0,1,1,1,0,1,0,0,0,0,0,0,0,0,1,1,0,1,1,1,0,1,0,0,0,0,0,0,0,0,1,1,0,1,1,1,0,1,1,1,0,1,1,1,0,1,0,0,0,0,0,0,0,0,1,0,1,1,0,1,0,1]",54,0.84375,"[2,1,1,1,3,1,0,4,3,4,0,2,0,2,1,4,7,2,2,6,1,3,2,5,2,2,0,5,1,0,5,2,6,5,1,3,3,3,1,3,3,3,1,1,2,3,3,2,1,1,2,1,0,0,0,3,3,2,1,1,0,1,0,1]",0,0,29,0.0,0.0,0.034482758620689655,0.6869009584664537,0.03571428571428571,0.6645962732919255,"[49,53,57,65,69,153,170,173,181,190,290,293,297,301,305,309,409,413,417,421,425,429,506,511,515,520,525,653,676,680,684,693,697,706,711,715,719,872,876,880,885,890,893,898,902,906,915,960,1117,1121,1125,1130,1134,1138,1143,1147,1152,1156,1160,1321,1344,1366,1376,1379,1388,1397,1401,1406,1433,1558,1562,1567,1571,1580,1593,1597,1601,1624,1633,1637,1803,1807,1811,1815,1820,1829,1833,1838,1842,1846,2004,2008,2013,2018,2023,2028,2037,2042]","[9,27,43,82,102,123,142,160,210,232,255,277,299,321,339,363,385,404,422,438,458,476,495,513,529,546,563,579,595,614,634,650,668,709,727,749,766,790,806,831,851,871,888,912,933,952,973,993,1012,1033,1053,1074,1093,1113,1132,1151,1172,1195,1214,1240,1265,1292,1350,1380,1410,1435,1462,1483,1505,1532,1559,1591,1611,1638,1659,1679,1708,1726,1746,1764,1787,1806,1841,1859,1880,1896,1913,1930,1950,1966,1982,2015,2049,2065,2082,2100,2116,2134]","[49,53,57,65,69,153,170,173,181,190,290,293,297,301,305,309,409,413,417,421,425,429,506,511,515,520,525]","[9,27,43,82,102,123,142,160,210,232,255,277,299,321,339,363,385,404,422,438,458,476,495,513,529,546,563]",model_input_patch_grid
pilot,n437064,high,d20_index_uniform5,8,8,1536,318,76,394,46,0.71875,"[2,1,1,1,2,1,1,2,1,1,1,2,0,3,0,1,1,1,2,0,2,0,2,2,3,1,0,0,1,2,1,0,2,0,0,1,3,0,0,1,3,1,0,1,1,2,0,1,1,1,2,1,0,3,1,1,4,0,0,4,0,2,2,0]",60,0.9375,"[3,3,2,5,9,3,1,10,5,7,4,7,2,4,9,9,9,3,5,7,3,0,8,9,6,6,13,19,8,5,10,8,16,9,11,6,14,16,2,3,10,6,9,10,11,12,4,5,1,1,4,8,5,5,2,4,6,0,0,4,2,4,2,0]",,,,,,0.034482758620689655,0.6869009584664537,0.034013605442176874,0.6946236559139785,"[49,53,57,65,69,153,170,173,181,190,290,293,297,301,305,309,409,413,417,421,425,429,506,511,515,520,525,653,676,680,684,693,697,706,711,715,719,872,876,880,885,890,893,898,902,906,915,960,1117,1121,1125,1130,1134,1138,1143,1147,1152,1156,1160,1321,1344,1366,1376,1379,1388,1397,1401,1406,1433,1558,1562,1567,1571,1580,1593,1597,1601,1624,1633,1637,1803,1807,1811,1815,1820,1829,1833,1838,1842,1846,2004,2008,2013,2018,2023,2028,2037,2042]","[9,27,43,82,102,123,142,160,210,232,255,277,299,321,339,363,385,404,422,438,458,476,495,513,529,546,563,579,595,614,634,650,668,709,727,749,766,790,806,831,851,871,888,912,933,952,973,993,1012,1033,1053,1074,1093,1113,1132,1151,1172,1195,1214,1240,1265,1292,1350,1380,1410,1435,1462,1483,1505,1532,1559,1591,1611,1638,1659,1679,1708,1726,1746,1764,1787,1806,1841,1859,1880,1896,1913,1930,1950,1966,1982,2015,2049,2065,2082,2100,2116,2134]","[653,676,680,684,693,697,706,711,715,719,872,876,880,885,890,893,898,902,906,915,960,1117,1121,1125,1130,1134,1138,1143,1147,1152,1156,1160,1321,1344,1366,1376,1379,1388,1397,1401,1406,1433,1558,1562,1567,1571,1580,1593,1597,1601,1624,1633,1637,1803,1807,1811,1815,1820,1829,1833,1838,1842,1846,2004,2008,2013,2018,2023,2028,2037,2042]","[579,595,614,634,650,668,709,727,749,766,790,806,831,851,871,888,912,933,952,973,993,1012,1033,1053,1074,1093,1113,1132,1151,1172,1195,1214,1240,1265,1292,1350,1380,1410,1435,1462,1483,1505,1532,1559,1591,1611,1638,1659,1679,1708,1726,1746,1764,1787,1806,1841,1859,1880,1896,1913,1930,1950,1966,1982,2015,2049,2065,2082,2100,2116,2134]",model_input_patch_grid
pilot,n437064,high,d20_spatial_uniform5,8,8,1536,318,76,394,57,0.890625,"[1,2,1,2,1,1,2,1,1,2,1,2,1,1,2,1,1,2,1,2,1,1,2,1,1,1,0,0,0,1,0,0,0,1,1,1,2,0,2,1,1,2,1,1,2,1,2,1,1,2,1,2,1,1,2,1,1,2,1,1,1,2,1,1]",64,1.0,"[2,4,2,6,8,3,2,9,5,8,4,7,3,2,11,9,9,4,4,9,2,1,8,8,4,6,13,19,7,4,9,8,14,10,12,6,13,16,4,3,8,7,10,10,12,11,6,5,1,2,3,9,6,3,3,4,3,2,1,1,3,4,1,1]",0,0,76,0.0,0.0,0.034482758620689655,0.6869009584664537,0.034013605442176874,0.6946236559139785,"[49,53,57,65,69,153,170,173,181,190,290,293,297,301,305,309,409,413,417,421,425,429,506,511,515,520,525,653,676,680,684,693,697,706,711,715,719,872,876,880,885,890,893,898,902,906,915,960,1117,1121,1125,1130,1134,1138,1143,1147,1152,1156,1160,1321,1344,1366,1376,1379,1388,1397,1401,1406,1433,1558,1562,1567,1571,1580,1593,1597,1601,1624,1633,1637,1803,1807,1811,1815,1820,1829,1833,1838,1842,1846,2004,2008,2013,2018,2023,2028,2037,2042]","[9,27,43,82,102,123,142,160,210,232,255,277,299,321,339,363,385,404,422,438,458,476,495,513,529,546,563,579,595,614,634,650,668,709,727,749,766,790,806,831,851,871,888,912,933,952,973,993,1012,1033,1053,1074,1093,1113,1132,1151,1172,1195,1214,1240,1265,1292,1350,1380,1410,1435,1462,1483,1505,1532,1559,1591,1611,1638,1659,1679,1708,1726,1746,1764,1787,1806,1841,1859,1880,1896,1913,1930,1950,1966,1982,2015,2049,2065,2082,2100,2116,2134]","[653,676,680,684,693,697,706,711,715,719,872,876,880,885,890,893,898,902,906,915,960,1117,1121,1125,1130,1134,1138,1143,1147,1152,1156,1160,1321,1344,1366,1376,1379,1388,1397,1401,1406,1433,1558,1562,1567,1571,1580,1593,1597,1601,1624,1633,1637,1803,1807,1811,1815,1820,1829,1833,1838,1842,1846,2004,2008,2013,2018,2023,2028,2037,2042]","[579,595,614,634,650,668,709,727,749,766,790,806,831,851,871,888,912,933,952,973,993,1012,1033,1053,1074,1093,1113,1132,1151,1172,1195,1214,1240,1265,1292,1350,1380,1410,1435,1462,1483,1505,1532,1559,1591,1611,1638,1659,1679,1708,1726,1746,1764,1787,1806,1841,1859,1880,1896,1913,1930,1950,1966,1982,2015,2049,2065,2082,2100,2116,2134]",model_input_patch_grid
pilot,n44249,base,d20_index_uniform5,8,8,576,90,30,120,29,0.453125,"[1,0,1,0,1,0,1,0,1,0,1,0,0,0,1,1,0,0,0,0,1,2,0,0,1,0,0,1,1,0,0,1,0,1,0,1,0,1,0,0,1,0,0,1,1,0,1,0,1,1,0,0,1,0,1,0,0,0,1,1,0,1,0,1]",50,0.78125,"[3,0,2,2,1,1,1,0,1,1,6,3,5,0,1,1,0,0,8,4,5,3,1,0,1,2,7,3,3,0,1,1,1,5,0,4,1,3,0,0,3,1,1,3,3,3,2,1,2,2,1,1,2,0,3,1,0,0,4,2,0,2,1,1]",,,,,,0.039603960396039604,0.6896,0.034482758620689655,0.6216216216216216,"[49,53,57,65,69,169,173,178,182,186,189,265,269,273,277,281,385,389,393,397,401,405,505,509,513,517,521,525,676,680,684,689,693,702,706,711,715,719,840,885,893,921,925,929,947,951,956,960,964,1081,1121,1125,1137,1143,1147,1152,1156,1160,1317,1362,1370,1384,1388,1393,1397,1401,1405,1429,1558,1575,1580,1584,1611,1615,1620,1637,1642,1646,1650,1808,1812,1822,1827,1831,1836,1841,1846,1866,1964,1999,2004,2008,2023,2028,2032,2037,2042]","[8,25,43,78,98,119,140,161,183,205,230,250,266,303,323,341,360,380,398,419,437,457,474,492,510,526,545,563,580,596,613,631,647,664,681,713,731,747,763,780,802,818,835,858,876,900,919,946,962,980,1006,1027,1051,1068,1097,1148,1165,1213,1233,1260,1292,1309,1349,1399,1431,1455,1481,1501,1523,1548,1568,1589,1612,1632,1656,1676,1706,1724,1741,1760,1781,1824,1842,1860,1881,1901,1923,1939,1957,1978,1995,2036,2055,2078,2097,2117,2134]","[49,53,57,65,69,169,173,178,182,186,189,265,269,273,277,281,385,389,393,397,401,405,505,509,513,517,521,525]","[8,25,43,78,98,119,140,161,183,205,230,250,266,303,323,341,360,380,398,419,437,457,474,492,510,526,545,563]",model_input_patch_grid
pilot,n44249,base,d20_spatial_uniform5,8,8,576,90,30,120,30,0.46875,"[1,1,0,1,1,1,0,1,0,0,0,0,0,0,0,0,1,1,0,1,1,0,1,1,1,1,0,1,1,1,0,1,0,0,0,0,0,0,0,0,1,1,0,1,1,1,0,1,0,0,0,0,0,0,0,0,1,1,0,1,1,1,0,1]",55,0.859375,"[3,1,1,3,1,2,0,1,0,1,5,3,5,0,0,0,1,1,8,5,5,1,2,1,1,3,7,3,3,1,1,1,1,4,0,3,1,2,0,0,3,2,1,3,3,4,1,2,1,1,1,1,1,0,2,1,1,1,3,2,1,2,1,1]",0,0,30,0.0,0.0,0.039603960396039604,0.6896,0.034482758620689655,0.6216216216216216,"[49,53,57,65,69,169,173,178,182,186,189,265,269,273,277,281,385,389,393,397,401,405,505,509,513,517,521,525,676,680,684,689,693,702,706,711,715,719,840,885,893,921,925,929,947,951,956,960,964,1081,1121,1125,1137,1143,1147,1152,1156,1160,1317,1362,1370,1384,1388,1393,1397,1401,1405,1429,1558,1575,1580,1584,1611,1615,1620,1637,1642,1646,1650,1808,1812,1822,1827,1831,1836,1841,1846,1866,1964,1999,2004,2008,2023,2028,2032,2037,2042]","[8,25,43,78,98,119,140,161,183,205,230,250,266,303,323,341,360,380,398,419,437,457,474,492,510,526,545,563,580,596,613,631,647,664,681,713,731,747,763,780,802,818,835,858,876,900,919,946,962,980,1006,1027,1051,1068,1097,1148,1165,1213,1233,1260,1292,1309,1349,1399,1431,1455,1481,1501,1523,1548,1568,1589,1612,1632,1656,1676,1706,1724,1741,1760,1781,1824,1842,1860,1881,1901,1923,1939,1957,1978,1995,2036,2055,2078,2097,2117,2134]","[49,53,57,65,69,169,173,178,182,186,189,265,269,273,277,281,385,389,393,397,401,405,505,509,513,517,521,525]","[8,25,43,78,98,119,140,161,183,205,230,250,266,303,323,341,360,380,398,419,437,457,474,492,510,526,545,563]",model_input_patch_grid
pilot,n44249,high,d20_index_uniform5,8,8,1536,333,75,408,45,0.703125,"[1,3,0,3,1,0,4,0,1,2,1,0,1,2,1,2,2,1,1,0,0,3,1,0,2,0,0,2,0,1,1,2,0,0,2,2,0,0,2,2,2,1,1,2,1,1,1,0,2,2,0,1,2,1,2,0,1,2,0,2,0,2,2,1]",61,0.953125,"[2,3,0,3,2,0,5,0,1,2,12,10,12,3,2,3,3,4,14,14,12,6,2,5,5,5,11,17,21,12,3,4,11,12,10,14,9,6,7,4,11,4,4,7,7,8,6,6,7,3,10,6,5,7,3,2,4,4,11,11,1,3,6,1]",,,,,,0.039603960396039604,0.6896,0.041666666666666664,0.710691823899371,"[49,53,57,65,69,169,173,178,182,186,189,265,269,273,277,281,385,389,393,397,401,405,505,509,513,517,521,525,676,680,684,689,693,702,706,711,715,719,840,885,893,921,925,929,947,951,956,960,964,1081,1121,1125,1137,1143,1147,1152,1156,1160,1317,1362,1370,1384,1388,1393,1397,1401,1405,1429,1558,1575,1580,1584,1611,1615,1620,1637,1642,1646,1650,1808,1812,1822,1827,1831,1836,1841,1846,1866,1964,1999,2004,2008,2023,2028,2032,2037,2042]","[8,25,43,78,98,119,140,161,183,205,230,250,266,303,323,341,360,380,398,419,437,457,474,492,510,526,545,563,580,596,613,631,647,664,681,713,731,747,763,780,802,818,835,858,876,900,919,946,962,980,1006,1027,1051,1068,1097,1148,1165,1213,1233,1260,1292,1309,1349,1399,1431,1455,1481,1501,1523,1548,1568,1589,1612,1632,1656,1676,1706,1724,1741,1760,1781,1824,1842,1860,1881,1901,1923,1939,1957,1978,1995,2036,2055,2078,2097,2117,2134]","[676,680,684,689,693,702,706,711,715,719,840,885,893,921,925,929,947,951,956,960,964,1081,1121,1125,1137,1143,1147,1152,1156,1160,1317,1362,1370,1384,1388,1393,1397,1401,1405,1429,1558,1575,1580,1584,1611,1615,1620,1637,1642,1646,1650,1808,1812,1822,1827,1831,1836,1841,1846,1866,1964,1999,2004,2008,2023,2028,2032,2037,2042]","[580,596,613,631,647,664,681,713,731,747,763,780,802,818,835,858,876,900,919,946,962,980,1006,1027,1051,1068,1097,1148,1165,1213,1233,1260,1292,1309,1349,1399,1431,1455,1481,1501,1523,1548,1568,1589,1612,1632,1656,1676,1706,1724,1741,1760,1781,1824,1842,1860,1881,1901,1923,1939,1957,1978,1995,2036,2055,2078,2097,2117,2134]",model_input_patch_grid
pilot,n44249,high,d20_spatial_uniform5,8,8,1536,333,75,408,58,0.90625,"[1,2,1,2,1,1,2,1,1,2,1,2,1,1,2,1,1,2,1,1,1,1,2,1,0,1,0,1,0,0,0,0,1,1,1,1,2,1,2,1,1,2,1,1,2,1,2,1,1,2,1,1,1,2,1,1,1,2,1,1,1,2,1,1]",64,1.0,"[2,2,1,2,2,1,3,1,1,2,12,12,12,2,3,2,2,5,14,15,13,4,3,6,3,6,11,16,21,11,2,2,12,13,9,13,11,7,7,3,10,5,4,6,8,8,7,7,6,3,11,6,4,8,2,3,4,4,12,10,2,3,5,1]",0,0,75,0.0,0.0,0.039603960396039604,0.6896,0.041666666666666664,0.710691823899371,"[49,53,57,65,69,169,173,178,182,186,189,265,269,273,277,281,385,389,393,397,401,405,505,509,513,517,521,525,676,680,684,689,693,702,706,711,715,719,840,885,893,921,925,929,947,951,956,960,964,1081,1121,1125,1137,1143,1147,1152,1156,1160,1317,1362,1370,1384,1388,1393,1397,1401,1405,1429,1558,1575,1580,1584,1611,1615,1620,1637,1642,1646,1650,1808,1812,1822,1827,1831,1836,1841,1846,1866,1964,1999,2004,2008,2023,2028,2032,2037,2042]","[8,25,43,78,98,119,140,161,183,205,230,250,266,303,323,341,360,380,398,419,437,457,474,492,510,526,545,563,580,596,613,631,647,664,681,713,731,747,763,780,802,818,835,858,876,900,919,946,962,980,1006,1027,1051,1068,1097,1148,1165,1213,1233,1260,1292,1309,1349,1399,1431,1455,1481,1501,1523,1548,1568,1589,1612,1632,1656,1676,1706,1724,1741,1760,1781,1824,1842,1860,1881,1901,1923,1939,1957,1978,1995,2036,2055,2078,2097,2117,2134]","[676,680,684,689,693,702,706,711,715,719,840,885,893,921,925,929,947,951,956,960,964,1081,1121,1125,1137,1143,1147,1152,1156,1160,1317,1362,1370,1384,1388,1393,1397,1401,1405,1429,1558,1575,1580,1584,1611,1615,1620,1637,1642,1646,1650,1808,1812,1822,1827,1831,1836,1841,1846,1866,1964,1999,2004,2008,2023,2028,2032,2037,2042]","[580,596,613,631,647,664,681,713,731,747,763,780,802,818,835,858,876,900,919,946,962,980,1006,1027,1051,1068,1097,1148,1165,1213,1233,1260,1292,1309,1349,1399,1431,1455,1481,1501,1523,1548,1568,1589,1612,1632,1656,1676,1706,1724,1741,1760,1781,1824,1842,1860,1881,1901,1923,1939,1957,1978,1995,2036,2055,2078,2097,2117,2134]",model_input_patch_grid
pilot,n450919,base,d20_index_uniform5,8,8,576,104,29,133,26,0.40625,"[0,1,0,1,0,0,0,2,0,0,0,0,0,1,1,1,0,0,1,0,2,0,0,0,1,0,0,0,1,0,1,1,1,0,1,1,0,0,1,0,0,1,0,1,0,1,0,1,0,2,1,0,0,0,0,0,1,1,0,0,1,0,1,0]",55,0.859375,"[1,1,2,4,5,3,0,2,0,2,5,4,2,4,3,3,1,2,5,2,4,0,4,1,2,3,0,1,2,5,1,2,2,1,1,1,0,4,1,1,0,3,2,2,1,2,1,2,2,2,4,1,6,2,4,0,4,1,1,0,2,0,2,2]",,,,,,0.022222222222222223,0.6793002915451894,0.0,0.6419753086419753,"[33,37,49,53,65,69,169,173,177,181,185,189,289,294,297,301,305,309,409,413,417,421,425,429,505,511,515,520,525,628,652,656,661,670,674,679,683,800,805,808,814,817,822,827,831,948,989,993,998,1003,1007,1012,1016,1133,1137,1141,1146,1151,1155,1160,1164,1318,1323,1331,1336,1340,1345,1349,1429,1433,1479,1484,1489,1493,1512,1534,1651,1655,1664,1669,1673,1678,1682,1799,1808,1812,1817,1826,1830,1947,1951,1956,1960,1969,1978,2002,2011,2121,2132,2137,2142,2148,2153,2280,2285,2290,2295,2301,2306,2311]","[9,29,46,70,94,115,136,158,180,198,218,237,259,276,296,314,331,347,365,382,400,418,439,459,484,504,523,540,557,576,592,610,627,648,666,685,704,724,750,768,795,821,840,867,892,912,937,961,983,1008,1035,1055,1081,1103,1125,1149,1173,1199,1221,1239,1261,1282,1306,1346,1365,1383,1402,1421,1440,1459,1499,1527,1552,1571,1591,1607,1625,1642,1679,1696,1716,1734,1750,1768,1784,1840,1857,1877,1895,1914,1935,1954,1976,1994,2014,2032,2060,2079,2100,2124,2141,2180,2204,2228,2247,2267,2284,2302,2323,2340]","[33,37,49,53,65,69,169,173,177,181,185,189,289,294,297,301,305,309,409,413,417,421,425,429,505,511,515,520,525]","[9,29,46,70,94,115,136,158,180,198,218,237,259,276,296,314,331,347,365,382,400,418,439,459,484,504,523,540,557]",model_input_patch_grid
pilot,n450919,base,d20_spatial_uniform5,8,8,576,104,29,133,29,0.453125,"[1,1,0,1,1,1,0,1,0,0,0,0,0,0,0,0,1,1,0,1,1,1,0,1,0,0,0,0,0,0,0,0,1,0,1,1,1,1,0,1,1,1,0,1,1,1,0,1,0,0,0,0,0,0,0,0,1,0,1,1,0,1,0,1]",56,0.875,"[2,1,2,4,6,4,0,1,0,2,5,4,2,3,2,2,2,3,4,3,3,1,4,2,1,3,0,1,1,5,0,1,2,1,1,1,1,5,0,2,1,3,2,2,2,2,1,2,2,0,3,1,6,2,4,0,4,0,2,1,1,1,1,3]",0,0,29,0.0,0.0,0.022222222222222223,0.6793002915451894,0.0,0.6419753086419753,"[33,37,49,53,65,69,169,173,177,181,185,189,289,294,297,301,305,309,409,413,417,421,425,429,505,511,515,520,525,628,652,656,661,670,674,679,683,800,805,808,814,817,822,827,831,948,989,993,998,1003,1007,1012,1016,1133,1137,1141,1146,1151,1155,1160,1164,1318,1323,1331,1336,1340,1345,1349,1429,1433,1479,1484,1489,1493,1512,1534,1651,1655,1664,1669,1673,1678,1682,1799,1808,1812,1817,1826,1830,1947,1951,1956,1960,1969,1978,2002,2011,2121,2132,2137,2142,2148,2153,2280,2285,2290,2295,2301,2306,2311]","[9,29,46,70,94,115,136,158,180,198,218,237,259,276,296,314,331,347,365,382,400,418,439,459,484,504,523,540,557,576,592,610,627,648,666,685,704,724,750,768,795,821,840,867,892,912,937,961,983,1008,1035,1055,1081,1103,1125,1149,1173,1199,1221,1239,1261,1282,1306,1346,1365,1383,1402,1421,1440,1459,1499,1527,1552,1571,1591,1607,1625,1642,1679,1696,1716,1734,1750,1768,1784,1840,1857,1877,1895,1914,1935,1954,1976,1994,2014,2032,2060,2079,2100,2124,2141,2180,2204,2228,2247,2267,2284,2302,2323,2340]","[33,37,49,53,65,69,169,173,177,181,185,189,289,294,297,301,305,309,409,413,417,421,425,429,505,511,515,520,525]","[9,29,46,70,94,115,136,158,180,198,218,237,259,276,296,314,331,347,365,382,400,418,439,459,484,504,523,540,557]",model_input_patch_grid
pilot,n450919,high,d20_index_uniform5,8,8,1728,357,86,443,45,0.703125,"[2,1,0,4,0,1,0,4,2,1,0,1,1,2,1,1,0,1,1,2,1,1,0,4,1,0,3,1,1,0,3,2,0,0,1,3,0,1,2,3,0,4,2,0,0,4,2,0,0,3,2,1,0,1,1,3,1,3,1,1,0,4,0,1]",62,0.96875,"[2,1,5,12,12,11,2,5,3,11,12,19,11,11,3,4,3,14,12,11,6,10,9,7,7,7,7,6,3,10,5,7,13,14,4,7,3,12,2,5,0,4,4,1,3,9,7,4,0,3,2,8,13,14,7,9,2,7,2,13,5,10,5,3]",,,,,,0.022222222222222223,0.6793002915451894,0.029940119760479042,0.6908396946564885,"[33,37,49,53,65,69,169,173,177,181,185,189,289,294,297,301,305,309,409,413,417,421,425,429,505,511,515,520,525,628,652,656,661,670,674,679,683,800,805,808,814,817,822,827,831,948,989,993,998,1003,1007,1012,1016,1133,1137,1141,1146,1151,1155,1160,1164,1318,1323,1331,1336,1340,1345,1349,1429,1433,1479,1484,1489,1493,1512,1534,1651,1655,1664,1669,1673,1678,1682,1799,1808,1812,1817,1826,1830,1947,1951,1956,1960,1969,1978,2002,2011,2121,2132,2137,2142,2148,2153,2280,2285,2290,2295,2301,2306,2311]","[9,29,46,70,94,115,136,158,180,198,218,237,259,276,296,314,331,347,365,382,400,418,439,459,484,504,523,540,557,576,592,610,627,648,666,685,704,724,750,768,795,821,840,867,892,912,937,961,983,1008,1035,1055,1081,1103,1125,1149,1173,1199,1221,1239,1261,1282,1306,1346,1365,1383,1402,1421,1440,1459,1499,1527,1552,1571,1591,1607,1625,1642,1679,1696,1716,1734,1750,1768,1784,1840,1857,1877,1895,1914,1935,1954,1976,1994,2014,2032,2060,2079,2100,2124,2141,2180,2204,2228,2247,2267,2284,2302,2323,2340]","[628,652,656,661,670,674,679,683,800,805,808,814,817,822,827,831,948,989,993,998,1003,1007,1012,1016,1133,1137,1141,1146,1151,1155,1160,1164,1318,1323,1331,1336,1340,1345,1349,1429,1433,1479,1484,1489,1493,1512,1534,1651,1655,1664,1669,1673,1678,1682,1799,1808,1812,1817,1826,1830,1947,1951,1956,1960,1969,1978,2002,2011,2121,2132,2137,2142,2148,2153,2280,2285,2290,2295,2301,2306,2311]","[576,592,610,627,648,666,685,704,724,750,768,795,821,840,867,892,912,937,961,983,1008,1035,1055,1081,1103,1125,1149,1173,1199,1221,1239,1261,1282,1306,1346,1365,1383,1402,1421,1440,1459,1499,1527,1552,1571,1591,1607,1625,1642,1679,1696,1716,1734,1750,1768,1784,1840,1857,1877,1895,1914,1935,1954,1976,1994,2014,2032,2060,2079,2100,2124,2141,2180,2204,2228,2247,2267,2284,2302,2323,2340]",model_input_patch_grid
pilot,n450919,high,d20_spatial_uniform5,8,8,1728,357,86,443,64,1.0,"[1,1,1,1,1,1,1,1,2,2,2,2,2,2,2,2,1,1,1,1,1,1,1,1,2,2,1,1,1,1,1,1,1,1,2,2,2,2,2,2,1,1,1,1,1,1,1,1,1,1,1,1,1,1,2,1,2,2,2,1,1,2,1,2]",64,1.0,"[1,1,6,9,13,11,3,2,3,12,14,20,12,11,4,5,4,14,12,10,6,10,10,4,8,9,5,6,3,11,3,6,14,15,5,6,5,13,2,4,1,1,3,2,4,6,6,5,1,1,1,8,14,14,8,7,3,6,3,13,6,8,6,4]",0,0,86,0.0,0.0,0.022222222222222223,0.6793002915451894,0.029940119760479042,0.6908396946564885,"[33,37,49,53,65,69,169,173,177,181,185,189,289,294,297,301,305,309,409,413,417,421,425,429,505,511,515,520,525,628,652,656,661,670,674,679,683,800,805,808,814,817,822,827,831,948,989,993,998,1003,1007,1012,1016,1133,1137,1141,1146,1151,1155,1160,1164,1318,1323,1331,1336,1340,1345,1349,1429,1433,1479,1484,1489,1493,1512,1534,1651,1655,1664,1669,1673,1678,1682,1799,1808,1812,1817,1826,1830,1947,1951,1956,1960,1969,1978,2002,2011,2121,2132,2137,2142,2148,2153,2280,2285,2290,2295,2301,2306,2311]","[9,29,46,70,94,115,136,158,180,198,218,237,259,276,296,314,331,347,365,382,400,418,439,459,484,504,523,540,557,576,592,610,627,648,666,685,704,724,750,768,795,821,840,867,892,912,937,961,983,1008,1035,1055,1081,1103,1125,1149,1173,1199,1221,1239,1261,1282,1306,1346,1365,1383,1402,1421,1440,1459,1499,1527,1552,1571,1591,1607,1625,1642,1679,1696,1716,1734,1750,1768,1784,1840,1857,1877,1895,1914,1935,1954,1976,1994,2014,2032,2060,2079,2100,2124,2141,2180,2204,2228,2247,2267,2284,2302,2323,2340]","[628,652,656,661,670,674,679,683,800,805,808,814,817,822,827,831,948,989,993,998,1003,1007,1012,1016,1133,1137,1141,1146,1151,1155,1160,1164,1318,1323,1331,1336,1340,1345,1349,1429,1433,1479,1484,1489,1493,1512,1534,1651,1655,1664,1669,1673,1678,1682,1799,1808,1812,1817,1826,1830,1947,1951,1956,1960,1969,1978,2002,2011,2121,2132,2137,2142,2148,2153,2280,2285,2290,2295,2301,2306,2311]","[576,592,610,627,648,666,685,704,724,750,768,795,821,840,867,892,912,937,961,983,1008,1035,1055,1081,1103,1125,1149,1173,1199,1221,1239,1261,1282,1306,1346,1365,1383,1402,1421,1440,1459,1499,1527,1552,1571,1591,1607,1625,1642,1679,1696,1716,1734,1750,1768,1784,1840,1857,1877,1895,1914,1935,1954,1976,1994,2014,2032,2060,2079,2100,2124,2141,2180,2204,2228,2247,2267,2284,2302,2323,2340]",model_input_patch_grid
pilot,n470131,base,d20_index_uniform5,8,8,576,99,30,129,27,0.421875,"[0,1,0,1,0,1,0,1,1,0,1,0,1,0,1,0,1,0,1,0,1,1,0,0,1,0,1,0,1,0,0,0,1,0,0,0,0,0,2,1,0,0,0,0,0,0,3,0,0,0,1,1,1,0,0,0,1,1,0,1,0,0,1,1]",49,0.765625,"[2,2,1,2,0,2,2,5,3,0,3,0,1,1,1,1,6,0,1,0,2,2,0,1,1,0,1,2,5,5,0,3,1,0,4,2,5,4,5,2,0,4,3,4,5,3,6,0,0,1,3,2,4,3,4,0,1,1,0,2,0,2,1,2]",,,,,,0.039603960396039604,0.6896,0.01694915254237288,0.6329113924050633,"[49,53,57,61,66,69,169,173,177,181,185,189,265,269,273,278,282,285,385,390,394,397,405,425,509,513,517,521,525,676,680,684,689,693,697,702,706,719,764,872,915,929,934,938,942,947,951,956,960,1116,1121,1125,1138,1143,1147,1152,1156,1160,1361,1366,1371,1375,1383,1388,1391,1397,1401,1405,1428,1607,1611,1615,1619,1625,1628,1633,1637,1646,1650,1768,1803,1807,1813,1822,1826,1832,1841,1846,1935,2004,2008,2013,2018,2023,2028,2042,2086]","[9,28,46,64,86,104,122,138,157,175,193,209,228,246,266,289,310,331,356,380,403,426,445,467,486,522,538,556,573,591,608,626,642,658,678,694,735,754,778,794,812,833,849,866,888,905,941,957,978,994,1010,1031,1051,1074,1094,1112,1148,1167,1202,1223,1242,1268,1307,1355,1382,1410,1429,1460,1482,1508,1531,1561,1586,1610,1661,1697,1719,1740,1757,1775,1797,1824,1847,1869,1896,1914,1931,1950,1966,1982,2016,2050,2066,2082,2100,2116,2133]","[49,53,57,61,66,69,169,173,177,181,185,189,265,269,273,278,282,285,385,390,394,397,405,425,509,513,517,521,525]","[9,28,46,64,86,104,122,138,157,175,193,209,228,246,266,289,310,331,356,380,403,426,445,467,486,522,538,556,573]",model_input_patch_grid
pilot,n470131,base,d20_spatial_uniform5,8,8,576,99,30,129,30,0.46875,"[1,1,0,1,1,0,1,1,0,0,0,0,0,0,0,0,1,1,0,1,1,1,0,1,1,1,0,1,1,0,1,1,0,0,0,0,0,0,0,0,1,0,1,1,1,1,0,1,0,0,0,0,0,0,0,0,1,1,0,1,1,1,0,1]",51,0.796875,"[3,2,1,2,1,1,3,5,2,0,2,0,0,1,0,1,6,1,0,1,2,2,0,2,1,1,0,3,5,5,1,4,0,0,4,2,5,4,3,1,1,4,4,5,6,4,3,1,0,1,2,1,3,3,4,0,1,1,0,2,1,3,0,2]",0,0,30,0.0,0.0,0.039603960396039604,0.6896,0.01694915254237288,0.6329113924050633,"[49,53,57,61,66,69,169,173,177,181,185,189,265,269,273,278,282,285,385,390,394,397,405,425,509,513,517,521,525,676,680,684,689,693,697,702,706,719,764,872,915,929,934,938,942,947,951,956,960,1116,1121,1125,1138,1143,1147,1152,1156,1160,1361,1366,1371,1375,1383,1388,1391,1397,1401,1405,1428,1607,1611,1615,1619,1625,1628,1633,1637,1646,1650,1768,1803,1807,1813,1822,1826,1832,1841,1846,1935,2004,2008,2013,2018,2023,2028,2042,2086]","[9,28,46,64,86,104,122,138,157,175,193,209,228,246,266,289,310,331,356,380,403,426,445,467,486,522,538,556,573,591,608,626,642,658,678,694,735,754,778,794,812,833,849,866,888,905,941,957,978,994,1010,1031,1051,1074,1094,1112,1148,1167,1202,1223,1242,1268,1307,1355,1382,1410,1429,1460,1482,1508,1531,1561,1586,1610,1661,1697,1719,1740,1757,1775,1797,1824,1847,1869,1896,1914,1931,1950,1966,1982,2016,2050,2066,2082,2100,2116,2133]","[49,53,57,61,66,69,169,173,177,181,185,189,265,269,273,278,282,285,385,390,394,397,405,425,509,513,517,521,525]","[9,28,46,64,86,104,122,138,157,175,193,209,228,246,266,289,310,331,356,380,403,426,445,467,486,522,538,556,573]",model_input_patch_grid
pilot,n470131,high,d20_index_uniform5,8,8,1536,324,75,399,41,0.640625,"[2,0,3,1,0,3,1,0,0,2,1,3,1,1,2,1,0,2,2,0,2,2,0,2,1,2,0,1,1,0,1,2,3,0,0,2,2,0,0,0,2,1,1,0,0,1,2,1,1,0,1,3,0,1,0,3,4,0,0,4,0,2,2,0]",61,0.953125,"[6,0,4,3,2,6,8,5,6,4,1,3,1,3,3,6,12,3,7,4,2,2,3,4,2,5,10,15,11,19,7,15,7,1,10,14,11,15,11,7,3,11,14,10,12,10,10,1,2,7,7,9,6,11,8,3,5,1,0,4,1,2,4,0]",,,,,,0.039603960396039604,0.6896,0.04895104895104895,0.708779443254818,"[49,53,57,61,66,69,169,173,177,181,185,189,265,269,273,278,282,285,385,390,394,397,405,425,509,513,517,521,525,676,680,684,689,693,697,702,706,719,764,872,915,929,934,938,942,947,951,956,960,1116,1121,1125,1138,1143,1147,1152,1156,1160,1361,1366,1371,1375,1383,1388,1391,1397,1401,1405,1428,1607,1611,1615,1619,1625,1628,1633,1637,1646,1650,1768,1803,1807,1813,1822,1826,1832,1841,1846,1935,2004,2008,2013,2018,2023,2028,2042,2086]","[9,28,46,64,86,104,122,138,157,175,193,209,228,246,266,289,310,331,356,380,403,426,445,467,486,522,538,556,573,591,608,626,642,658,678,694,735,754,778,794,812,833,849,866,888,905,941,957,978,994,1010,1031,1051,1074,1094,1112,1148,1167,1202,1223,1242,1268,1307,1355,1382,1410,1429,1460,1482,1508,1531,1561,1586,1610,1661,1697,1719,1740,1757,1775,1797,1824,1847,1869,1896,1914,1931,1950,1966,1982,2016,2050,2066,2082,2100,2116,2133]","[676,680,684,689,693,697,702,706,719,764,872,915,929,934,938,942,947,951,956,960,1116,1121,1125,1138,1143,1147,1152,1156,1160,1361,1366,1371,1375,1383,1388,1391,1397,1401,1405,1428,1607,1611,1615,1619,1625,1628,1633,1637,1646,1650,1768,1803,1807,1813,1822,1826,1832,1841,1846,1935,2004,2008,2013,2018,2023,2028,2042,2086]","[591,608,626,642,658,678,694,735,754,778,794,812,833,849,866,888,905,941,957,978,994,1010,1031,1051,1074,1094,1112,1148,1167,1202,1223,1242,1268,1307,1355,1382,1410,1429,1460,1482,1508,1531,1561,1586,1610,1661,1697,1719,1740,1757,1775,1797,1824,1847,1869,1896,1914,1931,1950,1966,1982,2016,2050,2066,2082,2100,2116,2133]",model_input_patch_grid
pilot,n470131,high,d20_spatial_uniform5,8,8,1536,324,75,399,57,0.890625,"[1,2,1,2,1,1,2,1,1,2,1,2,1,1,2,1,1,2,1,1,1,1,2,1,0,0,0,1,0,0,0,0,1,2,1,2,1,1,2,1,1,2,1,2,1,1,2,1,1,1,2,1,1,1,2,1,1,2,1,1,1,2,1,1]",64,1.0,"[5,2,2,4,3,4,9,6,7,4,1,2,1,3,3,6,13,3,6,5,1,1,5,3,1,3,10,15,10,19,6,13,5,3,11,14,10,16,13,8,2,12,14,12,13,10,10,1,2,8,8,7,7,11,10,1,2,3,1,1,2,2,3,1]",0,0,75,0.0,0.0,0.039603960396039604,0.6896,0.04895104895104895,0.708779443254818,"[49,53,57,61,66,69,169,173,177,181,185,189,265,269,273,278,282,285,385,390,394,397,405,425,509,513,517,521,525,676,680,684,689,693,697,702,706,719,764,872,915,929,934,938,942,947,951,956,960,1116,1121,1125,1138,1143,1147,1152,1156,1160,1361,1366,1371,1375,1383,1388,1391,1397,1401,1405,1428,1607,1611,1615,1619,1625,1628,1633,1637,1646,1650,1768,1803,1807,1813,1822,1826,1832,1841,1846,1935,2004,2008,2013,2018,2023,2028,2042,2086]","[9,28,46,64,86,104,122,138,157,175,193,209,228,246,266,289,310,331,356,380,403,426,445,467,486,522,538,556,573,591,608,626,642,658,678,694,735,754,778,794,812,833,849,866,888,905,941,957,978,994,1010,1031,1051,1074,1094,1112,1148,1167,1202,1223,1242,1268,1307,1355,1382,1410,1429,1460,1482,1508,1531,1561,1586,1610,1661,1697,1719,1740,1757,1775,1797,1824,1847,1869,1896,1914,1931,1950,1966,1982,2016,2050,2066,2082,2100,2116,2133]","[676,680,684,689,693,697,702,706,719,764,872,915,929,934,938,942,947,951,956,960,1116,1121,1125,1138,1143,1147,1152,1156,1160,1361,1366,1371,1375,1383,1388,1391,1397,1401,1405,1428,1607,1611,1615,1619,1625,1628,1633,1637,1646,1650,1768,1803,1807,1813,1822,1826,1832,1841,1846,1935,2004,2008,2013,2018,2023,2028,2042,2086]","[591,608,626,642,658,678,694,735,754,778,794,812,833,849,866,888,905,941,957,978,994,1010,1031,1051,1074,1094,1112,1148,1167,1202,1223,1242,1268,1307,1355,1382,1410,1429,1460,1482,1508,1531,1561,1586,1610,1661,1697,1719,1740,1757,1775,1797,1824,1847,1869,1896,1914,1931,1950,1966,1982,2016,2050,2066,2082,2100,2116,2133]",model_input_patch_grid
pilot,n472825,base,d20_index_uniform5,8,8,576,102,30,132,27,0.421875,"[1,0,0,1,0,0,1,1,0,1,1,0,0,1,0,0,3,0,0,0,0,0,0,0,1,0,0,1,0,1,0,1,0,2,1,0,0,0,0,0,1,0,1,0,0,1,0,1,1,0,1,0,0,1,1,0,1,0,1,0,1,0,1,1]",55,0.859375,"[1,1,2,5,3,1,1,1,0,1,2,7,5,1,0,1,3,2,1,5,8,2,5,0,1,0,1,3,6,3,2,1,0,4,5,4,5,2,2,0,2,1,2,4,2,2,0,1,2,3,2,1,0,1,1,1,3,1,1,1,2,0,1,1]",,,,,,0.026785714285714284,0.6817518248175183,0.034482758620689655,0.65,"[34,49,53,62,65,69,173,178,185,189,206,265,269,273,281,285,301,386,389,393,397,401,405,509,513,517,521,525,653,676,684,689,693,697,706,711,715,719,872,876,880,885,890,894,902,907,911,915,947,1102,1117,1125,1129,1134,1140,1143,1147,1156,1170,1362,1366,1370,1375,1379,1384,1388,1401,1405,1441,1446,1522,1573,1601,1607,1611,1615,1630,1634,1637,1642,1768,1803,1808,1812,1822,1827,1832,1836,1841,1846,2004,2008,2013,2018,2023,2028,2032,2037,2042,2048,2195,2200,2204,2209,2214,2219,2224,2233,2238]","[9,25,45,67,88,104,123,145,193,216,238,257,274,294,316,340,360,381,399,415,434,451,471,488,523,542,558,574,592,610,628,645,663,696,713,731,747,764,782,801,817,834,859,877,901,917,935,958,975,1002,1019,1047,1066,1091,1111,1136,1179,1209,1231,1257,1276,1302,1321,1350,1368,1389,1413,1449,1481,1524,1556,1617,1652,1688,1710,1736,1754,1772,1791,1809,1828,1844,1861,1880,1896,1917,1934,1951,1967,1983,2001,2019,2035,2052,2073,2089,2109,2125,2141,2160,2176,2193,2211,2248,2264,2280,2297,2314,2330]","[34,49,53,62,65,69,173,178,185,189,206,265,269,273,281,285,301,386,389,393,397,401,405,509,513,517,521,525]","[9,25,45,67,88,104,123,145,193,216,238,257,274,294,316,340,360,381,399,415,434,451,471,488,523,542,558,574]",model_input_patch_grid
pilot,n472825,base,d20_spatial_uniform5,8,8,576,102,30,132,30,0.46875,"[1,1,0,1,1,1,0,1,0,0,0,0,0,0,0,0,1,1,0,1,1,1,0,1,1,1,0,1,0,1,0,1,0,0,0,0,1,0,0,0,1,1,0,1,1,1,0,1,0,0,0,0,0,0,0,0,1,1,0,1,1,1,0,1]",51,0.796875,"[1,2,2,5,4,2,0,1,0,0,1,7,5,0,0,1,1,3,1,6,9,3,5,1,1,1,1,3,6,3,2,1,0,2,4,4,6,2,2,0,2,2,1,5,3,2,0,1,1,3,1,1,0,0,0,1,3,2,0,2,2,1,0,1]",0,0,30,0.0,0.0,0.026785714285714284,0.6817518248175183,0.034482758620689655,0.65,"[34,49,53,62,65,69,173,178,185,189,206,265,269,273,281,285,301,386,389,393,397,401,405,509,513,517,521,525,653,676,684,689,693,697,706,711,715,719,872,876,880,885,890,894,902,907,911,915,947,1102,1117,1125,1129,1134,1140,1143,1147,1156,1170,1362,1366,1370,1375,1379,1384,1388,1401,1405,1441,1446,1522,1573,1601,1607,1611,1615,1630,1634,1637,1642,1768,1803,1808,1812,1822,1827,1832,1836,1841,1846,2004,2008,2013,2018,2023,2028,2032,2037,2042,2048,2195,2200,2204,2209,2214,2219,2224,2233,2238]","[9,25,45,67,88,104,123,145,193,216,238,257,274,294,316,340,360,381,399,415,434,451,471,488,523,542,558,574,592,610,628,645,663,696,713,731,747,764,782,801,817,834,859,877,901,917,935,958,975,1002,1019,1047,1066,1091,1111,1136,1179,1209,1231,1257,1276,1302,1321,1350,1368,1389,1413,1449,1481,1524,1556,1617,1652,1688,1710,1736,1754,1772,1791,1809,1828,1844,1861,1880,1896,1917,1934,1951,1967,1983,2001,2019,2035,2052,2073,2089,2109,2125,2141,2160,2176,2193,2211,2248,2264,2280,2297,2314,2330]","[34,49,53,62,65,69,173,178,185,189,206,265,269,273,281,285,301,386,389,393,397,401,405,509,513,517,521,525]","[9,25,45,67,88,104,123,145,193,216,238,257,274,294,316,340,360,381,399,415,434,451,471,488,523,542,558,574]",model_input_patch_grid
pilot,n472825,high,d20_index_uniform5,8,8,1728,359,85,444,52,0.8125,"[1,2,1,2,1,1,3,0,0,3,2,0,1,2,2,2,2,0,1,1,1,1,0,3,1,2,1,1,1,0,3,1,1,0,2,1,0,0,1,1,1,3,0,1,1,3,1,2,2,1,0,3,1,2,1,1,1,2,2,3,0,3,2,1]",63,0.984375,"[2,4,1,2,6,1,4,2,0,3,6,20,15,2,4,2,2,8,9,17,16,4,9,3,4,11,5,16,12,16,20,2,7,12,18,21,18,15,11,5,10,8,4,10,17,6,2,2,4,5,5,4,2,2,1,1,7,6,2,4,1,3,2,1]",,,,,,0.026785714285714284,0.6817518248175183,0.024096385542168676,0.6914285714285714,"[34,49,53,62,65,69,173,178,185,189,206,265,269,273,281,285,301,386,389,393,397,401,405,509,513,517,521,525,653,676,684,689,693,697,706,711,715,719,872,876,880,885,890,894,902,907,911,915,947,1102,1117,1125,1129,1134,1140,1143,1147,1156,1170,1362,1366,1370,1375,1379,1384,1388,1401,1405,1441,1446,1522,1573,1601,1607,1611,1615,1630,1634,1637,1642,1768,1803,1808,1812,1822,1827,1832,1836,1841,1846,2004,2008,2013,2018,2023,2028,2032,2037,2042,2048,2195,2200,2204,2209,2214,2219,2224,2233,2238]","[9,25,45,67,88,104,123,145,193,216,238,257,274,294,316,340,360,381,399,415,434,451,471,488,523,542,558,574,592,610,628,645,663,696,713,731,747,764,782,801,817,834,859,877,901,917,935,958,975,1002,1019,1047,1066,1091,1111,1136,1179,1209,1231,1257,1276,1302,1321,1350,1368,1389,1413,1449,1481,1524,1556,1617,1652,1688,1710,1736,1754,1772,1791,1809,1828,1844,1861,1880,1896,1917,1934,1951,1967,1983,2001,2019,2035,2052,2073,2089,2109,2125,2141,2160,2176,2193,2211,2248,2264,2280,2297,2314,2330]","[653,676,684,689,693,697,706,711,715,719,872,876,880,885,890,894,902,907,911,915,947,1102,1117,1125,1129,1134,1140,1143,1147,1156,1170,1362,1366,1370,1375,1379,1384,1388,1401,1405,1441,1446,1522,1573,1601,1607,1611,1615,1630,1634,1637,1642,1768,1803,1808,1812,1822,1827,1832,1836,1841,1846,2004,2008,2013,2018,2023,2028,2032,2037,2042,2048,2195,2200,2204,2209,2214,2219,2224,2233,2238]","[592,610,628,645,663,696,713,731,747,764,782,801,817,834,859,877,901,917,935,958,975,1002,1019,1047,1066,1091,1111,1136,1179,1209,1231,1257,1276,1302,1321,1350,1368,1389,1413,1449,1481,1524,1556,1617,1652,1688,1710,1736,1754,1772,1791,1809,1828,1844,1861,1880,1896,1917,1934,1951,1967,1983,2001,2019,2035,2052,2073,2089,2109,2125,2141,2160,2176,2193,2211,2248,2264,2280,2297,2314,2330]",model_input_patch_grid
pilot,n472825,high,d20_spatial_uniform5,8,8,1728,359,85,444,63,0.984375,"[1,2,1,2,1,1,2,1,1,2,1,1,2,1,2,1,1,2,1,1,2,1,2,1,1,2,1,1,2,1,2,1,1,2,2,0,2,1,2,1,1,2,1,1,1,2,1,1,1,2,1,1,1,2,1,1,1,2,1,1,1,2,1,1]",64,1.0,"[2,4,1,2,6,1,3,3,1,2,5,21,16,1,4,1,1,10,9,17,17,4,11,1,4,11,5,16,13,17,19,2,7,14,18,20,20,16,12,5,10,7,5,10,17,5,2,1,3,6,6,2,2,2,1,1,7,6,1,2,2,2,1,1]",0,0,85,0.0,0.0,0.026785714285714284,0.6817518248175183,0.024096385542168676,0.6914285714285714,"[34,49,53,62,65,69,173,178,185,189,206,265,269,273,281,285,301,386,389,393,397,401,405,509,513,517,521,525,653,676,684,689,693,697,706,711,715,719,872,876,880,885,890,894,902,907,911,915,947,1102,1117,1125,1129,1134,1140,1143,1147,1156,1170,1362,1366,1370,1375,1379,1384,1388,1401,1405,1441,1446,1522,1573,1601,1607,1611,1615,1630,1634,1637,1642,1768,1803,1808,1812,1822,1827,1832,1836,1841,1846,2004,2008,2013,2018,2023,2028,2032,2037,2042,2048,2195,2200,2204,2209,2214,2219,2224,2233,2238]","[9,25,45,67,88,104,123,145,193,216,238,257,274,294,316,340,360,381,399,415,434,451,471,488,523,542,558,574,592,610,628,645,663,696,713,731,747,764,782,801,817,834,859,877,901,917,935,958,975,1002,1019,1047,1066,1091,1111,1136,1179,1209,1231,1257,1276,1302,1321,1350,1368,1389,1413,1449,1481,1524,1556,1617,1652,1688,1710,1736,1754,1772,1791,1809,1828,1844,1861,1880,1896,1917,1934,1951,1967,1983,2001,2019,2035,2052,2073,2089,2109,2125,2141,2160,2176,2193,2211,2248,2264,2280,2297,2314,2330]","[653,676,684,689,693,697,706,711,715,719,872,876,880,885,890,894,902,907,911,915,947,1102,1117,1125,1129,1134,1140,1143,1147,1156,1170,1362,1366,1370,1375,1379,1384,1388,1401,1405,1441,1446,1522,1573,1601,1607,1611,1615,1630,1634,1637,1642,1768,1803,1808,1812,1822,1827,1832,1836,1841,1846,2004,2008,2013,2018,2023,2028,2032,2037,2042,2048,2195,2200,2204,2209,2214,2219,2224,2233,2238]","[592,610,628,645,663,696,713,731,747,764,782,801,817,834,859,877,901,917,935,958,975,1002,1019,1047,1066,1091,1111,1136,1179,1209,1231,1257,1276,1302,1321,1350,1368,1389,1413,1449,1481,1524,1556,1617,1652,1688,1710,1736,1754,1772,1791,1809,1828,1844,1861,1880,1896,1917,1934,1951,1967,1983,2001,2019,2035,2052,2073,2089,2109,2125,2141,2160,2176,2193,2211,2248,2264,2280,2297,2314,2330]",model_input_patch_grid
pilot,n48494,base,d20_index_uniform5,8,8,576,93,30,123,29,0.453125,"[0,2,0,1,0,0,0,1,0,0,1,0,1,1,0,1,0,0,0,0,1,0,1,1,1,1,0,1,0,0,1,0,0,1,0,0,1,1,0,1,0,1,1,1,0,0,0,0,0,1,0,0,1,1,0,1,1,0,0,1,1,0,1,0]",53,0.828125,"[2,3,4,2,1,2,2,3,0,1,2,4,3,1,0,1,0,0,7,2,4,2,1,1,1,2,0,4,1,1,1,0,0,1,6,3,3,2,0,1,1,3,8,5,5,1,1,0,0,3,3,1,2,1,3,2,3,0,1,1,1,1,2,1]",,,,,,0.02127659574468085,0.6783216783216783,0.01694915254237288,0.618421052631579,"[49,53,57,61,65,69,169,173,177,181,185,189,265,269,273,277,281,285,385,389,397,401,405,418,506,509,517,521,525,652,655,659,663,667,671,675,679,683,836,840,849,852,860,864,868,882,893,1022,1026,1030,1040,1044,1048,1053,1197,1207,1210,1220,1225,1229,1238,1253,1354,1360,1364,1368,1377,1382,1386]","[9,29,52,71,89,109,126,143,165,186,205,221,240,258,275,291,309,329,350,370,391,413,436,455,473,493,529,546,564,581,598,620,636,658,674,693,714,732,757,778,796,824,841,866,886,909,933,952,975,994,1014,1057,1081,1098,1125,1144,1166,1196,1221,1242,1265,1284,1305,1328,1353,1395,1412,1433,1451]","[49,53,57,61,65,69,169,173,177,181,185,189,265,269,273,277,281,285,385,389,397,401,405,418,506,509,517,521,525]","[9,29,52,71,89,109,126,143,165,186,205,221,240,258,275,291,309,329,350,370,391,413,436,455,473,493,529,546,564]",model_input_patch_grid
pilot,n48494,base,d20_spatial_uniform5,8,8,576,93,30,123,30,0.46875,"[1,1,0,1,1,1,0,1,0,0,0,0,0,0,0,0,1,1,0,1,1,1,0,1,1,1,0,1,1,1,0,1,0,0,0,0,0,0,0,0,1,1,0,1,1,1,0,1,0,0,0,0,0,0,0,0,1,1,0,1,1,1,0,1]",51,0.796875,"[3,2,4,2,2,3,2,3,0,1,1,4,2,0,0,0,1,1,7,3,4,3,0,1,1,2,0,4,2,2,0,1,0,0,6,3,2,1,0,0,2,3,7,5,6,2,1,1,0,2,3,1,1,0,3,1,3,1,1,1,1,2,1,2]",0,0,30,0.0,0.0,0.02127659574468085,0.6783216783216783,0.01694915254237288,0.618421052631579,"[49,53,57,61,65,69,169,173,177,181,185,189,265,269,273,277,281,285,385,389,397,401,405,418,506,509,517,521,525,652,655,659,663,667,671,675,679,683,836,840,849,852,860,864,868,882,893,1022,1026,1030,1040,1044,1048,1053,1197,1207,1210,1220,1225,1229,1238,1253,1354,1360,1364,1368,1377,1382,1386]","[9,29,52,71,89,109,126,143,165,186,205,221,240,258,275,291,309,329,350,370,391,413,436,455,473,493,529,546,564,581,598,620,636,658,674,693,714,732,757,778,796,824,841,866,886,909,933,952,975,994,1014,1057,1081,1098,1125,1144,1166,1196,1221,1242,1265,1284,1305,1328,1353,1395,1412,1433,1451]","[49,53,57,61,65,69,169,173,177,181,185,189,265,269,273,277,281,285,385,389,397,401,405,418,506,509,517,521,525]","[9,29,52,71,89,109,126,143,165,186,205,221,240,258,275,291,309,329,350,370,391,413,436,455,473,493,529,546,564]",model_input_patch_grid
pilot,n48494,high,d20_index_uniform5,8,8,864,195,42,237,32,0.5,"[0,3,0,0,0,3,0,0,0,2,0,1,0,0,1,2,0,1,0,1,0,1,0,1,1,1,1,0,0,1,1,1,1,1,0,1,0,1,0,1,0,0,0,2,0,0,1,1,1,1,1,0,0,2,0,0,1,2,0,0,1,2,0,0]",57,0.890625,"[2,3,0,1,0,5,4,3,0,6,4,6,7,1,2,2,0,2,8,4,8,8,0,3,2,4,5,5,5,4,2,2,1,3,6,8,6,7,1,2,0,6,7,11,2,4,4,2,2,4,6,3,4,5,5,4,4,3,0,2,4,4,5,4]",,,,,,0.02127659574468085,0.6783216783216783,0.024390243902439025,0.7111913357400722,"[49,53,57,61,65,69,169,173,177,181,185,189,265,269,273,277,281,285,385,389,397,401,405,418,506,509,517,521,525,652,655,659,663,667,671,675,679,683,836,840,849,852,860,864,868,882,893,1022,1026,1030,1040,1044,1048,1053,1197,1207,1210,1220,1225,1229,1238,1253,1354,1360,1364,1368,1377,1382,1386]","[9,29,52,71,89,109,126,143,165,186,205,221,240,258,275,291,309,329,350,370,391,413,436,455,473,493,529,546,564,581,598,620,636,658,674,693,714,732,757,778,796,824,841,866,886,909,933,952,975,994,1014,1057,1081,1098,1125,1144,1166,1196,1221,1242,1265,1284,1305,1328,1353,1395,1412,1433,1451]","[652,655,659,663,667,671,675,679,683,836,840,849,852,860,864,868,882,893,1022,1026,1030,1040,1044,1048,1053,1197,1207,1210,1220,1225,1229,1238,1253,1354,1360,1364,1368,1377,1382,1386]","[581,598,620,636,658,674,693,714,732,757,778,796,824,841,866,886,909,933,952,975,994,1014,1057,1081,1098,1125,1144,1166,1196,1221,1242,1265,1284,1305,1328,1353,1395,1412,1433,1451]",model_input_patch_grid
pilot,n48494,high,d20_spatial_uniform5,8,8,864,195,42,237,40,0.625,"[1,1,1,2,1,1,1,1,0,0,0,0,0,0,0,0,1,1,1,2,1,1,1,1,0,0,0,0,0,0,0,0,1,1,1,1,1,1,1,1,1,1,0,1,1,1,1,1,0,0,1,0,0,0,0,0,1,1,1,1,1,1,1,1]",62,0.96875,"[3,1,1,3,1,3,5,4,0,4,4,5,7,1,1,0,1,2,9,5,9,8,1,3,1,3,4,5,5,3,1,1,1,3,7,8,7,7,2,2,1,7,7,10,3,5,4,2,1,3,6,3,4,3,5,4,4,2,1,3,4,3,6,5]",0,0,42,0.0,0.0,0.02127659574468085,0.6783216783216783,0.024390243902439025,0.7111913357400722,"[49,53,57,61,65,69,169,173,177,181,185,189,265,269,273,277,281,285,385,389,397,401,405,418,506,509,517,521,525,652,655,659,663,667,671,675,679,683,836,840,849,852,860,864,868,882,893,1022,1026,1030,1040,1044,1048,1053,1197,1207,1210,1220,1225,1229,1238,1253,1354,1360,1364,1368,1377,1382,1386]","[9,29,52,71,89,109,126,143,165,186,205,221,240,258,275,291,309,329,350,370,391,413,436,455,473,493,529,546,564,581,598,620,636,658,674,693,714,732,757,778,796,824,841,866,886,909,933,952,975,994,1014,1057,1081,1098,1125,1144,1166,1196,1221,1242,1265,1284,1305,1328,1353,1395,1412,1433,1451]","[652,655,659,663,667,671,675,679,683,836,840,849,852,860,864,868,882,893,1022,1026,1030,1040,1044,1048,1053,1197,1207,1210,1220,1225,1229,1238,1253,1354,1360,1364,1368,1377,1382,1386]","[581,598,620,636,658,674,693,714,732,757,778,796,824,841,866,886,909,933,952,975,994,1014,1057,1081,1098,1125,1144,1166,1196,1221,1242,1265,1284,1305,1328,1353,1395,1412,1433,1451]",model_input_patch_grid
pilot,n494918,base,d20_index_uniform5,8,8,576,105,29,134,27,0.421875,"[1,0,1,1,0,1,0,0,0,1,0,1,1,0,0,1,0,0,1,2,0,0,0,0,0,0,0,0,0,2,1,0,0,1,1,1,0,0,0,1,0,0,1,1,0,1,0,1,1,0,1,0,1,0,0,0,1,0,1,0,1,0,1,0]",59,0.921875,"[1,1,1,1,1,1,1,0,1,4,2,1,2,0,1,1,2,4,5,2,9,4,3,2,1,1,3,3,7,8,4,3,1,2,1,1,3,4,3,2,1,0,2,1,2,1,3,1,2,3,3,1,4,1,0,0,2,1,2,1,2,1,2,1]",,,,,,0.036036036036036036,0.6866764275256223,0.03571428571428571,0.6645962732919255,"[49,54,57,61,65,69,159,169,173,185,189,289,293,297,301,306,309,409,413,417,421,425,429,511,515,520,525,652,656,661,665,670,674,679,683,800,804,809,813,818,822,827,831,952,985,998,1003,1007,1016,1133,1141,1146,1156,1160,1164,1188,1299,1303,1318,1322,1327,1345,1349,1368,1466,1475,1479,1483,1492,1498,1562,1632,1645,1651,1655,1660,1664,1673,1678,1799,1803,1808,1812,1816,1821,1825,1830,1947,1951,1965,1969,1978,1997,2132,2137,2142,2147,2153,2158,2163,2280,2285,2290,2295,2301,2306,2311]","[8,25,41,59,76,93,110,130,154,199,233,258,281,299,319,339,358,377,395,414,430,446,463,481,524,540,559,578,595,611,628,647,664,680,698,716,736,752,769,788,807,824,844,861,882,899,917,934,953,972,1037,1055,1088,1117,1166,1184,1205,1231,1253,1280,1309,1326,1360,1394,1416,1436,1473,1535,1554,1580,1600,1620,1641,1659,1679,1702,1724,1742,1764,1782,1805,1824,1845,1867,1896,1923,1939,1992,2009,2027,2046,2063,2080,2097,2115,2133,2150,2168,2187,2207,2227,2246,2263,2283,2303,2324,2342]","[49,54,57,61,65,69,159,169,173,185,189,289,293,297,301,306,309,409,413,417,421,425,429,511,515,520,525]","[8,25,41,59,76,93,110,130,154,199,233,258,281,299,319,339,358,377,395,414,430,446,463,481,524,540,559]",model_input_patch_grid
pilot,n494918,base,d20_spatial_uniform5,8,8,576,105,29,134,28,0.4375,"[1,0,1,1,1,1,0,1,0,0,0,0,0,0,0,0,1,1,0,1,0,2,0,1,0,0,0,0,0,0,0,0,1,1,0,1,1,0,1,1,1,1,0,1,1,1,0,1,0,0,0,0,0,0,0,0,1,0,1,1,0,1,0,1]",58,0.90625,"[1,1,1,1,2,1,1,1,1,3,2,0,1,0,1,0,3,5,4,1,9,6,3,3,1,1,3,3,7,6,3,3,2,2,0,1,4,4,4,2,2,1,1,1,3,1,3,1,1,3,2,1,3,1,0,0,2,1,2,2,1,2,1,2]",0,0,29,0.0,0.0,0.036036036036036036,0.6866764275256223,0.03571428571428571,0.6645962732919255,"[49,54,57,61,65,69,159,169,173,185,189,289,293,297,301,306,309,409,413,417,421,425,429,511,515,520,525,652,656,661,665,670,674,679,683,800,804,809,813,818,822,827,831,952,985,998,1003,1007,1016,1133,1141,1146,1156,1160,1164,1188,1299,1303,1318,1322,1327,1345,1349,1368,1466,1475,1479,1483,1492,1498,1562,1632,1645,1651,1655,1660,1664,1673,1678,1799,1803,1808,1812,1816,1821,1825,1830,1947,1951,1965,1969,1978,1997,2132,2137,2142,2147,2153,2158,2163,2280,2285,2290,2295,2301,2306,2311]","[8,25,41,59,76,93,110,130,154,199,233,258,281,299,319,339,358,377,395,414,430,446,463,481,524,540,559,578,595,611,628,647,664,680,698,716,736,752,769,788,807,824,844,861,882,899,917,934,953,972,1037,1055,1088,1117,1166,1184,1205,1231,1253,1280,1309,1326,1360,1394,1416,1436,1473,1535,1554,1580,1600,1620,1641,1659,1679,1702,1724,1742,1764,1782,1805,1824,1845,1867,1896,1923,1939,1992,2009,2027,2046,2063,2080,2097,2115,2133,2150,2168,2187,2207,2227,2246,2263,2283,2303,2324,2342]","[49,54,57,61,65,69,159,169,173,185,189,289,293,297,301,306,309,409,413,417,421,425,429,511,515,520,525]","[8,25,41,59,76,93,110,130,154,199,233,258,281,299,319,339,358,377,395,414,430,446,463,481,524,540,559]",model_input_patch_grid
pilot,n494918,high,d20_index_uniform5,8,8,1728,356,86,442,47,0.734375,"[1,1,2,2,1,0,4,2,0,2,4,0,0,4,2,0,1,1,0,2,0,2,0,3,1,2,3,0,0,1,1,0,0,3,2,1,0,1,2,1,1,2,1,1,1,2,1,1,0,3,2,1,0,2,3,1,3,2,1,0,2,3,1,0]",64,1.0,"[3,2,4,4,4,1,6,2,5,12,5,3,3,6,3,1,5,16,11,8,20,12,3,6,6,2,9,19,15,21,10,7,5,9,3,9,10,18,12,12,5,8,6,9,8,5,11,5,3,7,6,4,5,3,3,2,9,6,3,6,5,5,5,1]",,,,,,0.036036036036036036,0.6866764275256223,0.03614457831325301,0.6934865900383141,"[49,54,57,61,65,69,159,169,173,185,189,289,293,297,301,306,309,409,413,417,421,425,429,511,515,520,525,652,656,661,665,670,674,679,683,800,804,809,813,818,822,827,831,952,985,998,1003,1007,1016,1133,1141,1146,1156,1160,1164,1188,1299,1303,1318,1322,1327,1345,1349,1368,1466,1475,1479,1483,1492,1498,1562,1632,1645,1651,1655,1660,1664,1673,1678,1799,1803,1808,1812,1816,1821,1825,1830,1947,1951,1965,1969,1978,1997,2132,2137,2142,2147,2153,2158,2163,2280,2285,2290,2295,2301,2306,2311]","[8,25,41,59,76,93,110,130,154,199,233,258,281,299,319,339,358,377,395,414,430,446,463,481,524,540,559,578,595,611,628,647,664,680,698,716,736,752,769,788,807,824,844,861,882,899,917,934,953,972,1037,1055,1088,1117,1166,1184,1205,1231,1253,1280,1309,1326,1360,1394,1416,1436,1473,1535,1554,1580,1600,1620,1641,1659,1679,1702,1724,1742,1764,1782,1805,1824,1845,1867,1896,1923,1939,1992,2009,2027,2046,2063,2080,2097,2115,2133,2150,2168,2187,2207,2227,2246,2263,2283,2303,2324,2342]","[652,656,661,665,670,674,679,683,800,804,809,813,818,822,827,831,952,985,998,1003,1007,1016,1133,1141,1146,1156,1160,1164,1188,1299,1303,1318,1322,1327,1345,1349,1368,1466,1475,1479,1483,1492,1498,1562,1632,1645,1651,1655,1660,1664,1673,1678,1799,1803,1808,1812,1816,1821,1825,1830,1947,1951,1965,1969,1978,1997,2132,2137,2142,2147,2153,2158,2163,2280,2285,2290,2295,2301,2306,2311]","[578,595,611,628,647,664,680,698,716,736,752,769,788,807,824,844,861,882,899,917,934,953,972,1037,1055,1088,1117,1166,1184,1205,1231,1253,1280,1309,1326,1360,1394,1416,1436,1473,1535,1554,1580,1600,1620,1641,1659,1679,1702,1724,1742,1764,1782,1805,1824,1845,1867,1896,1923,1939,1992,2009,2027,2046,2063,2080,2097,2115,2133,2150,2168,2187,2207,2227,2246,2263,2283,2303,2324,2342]",model_input_patch_grid
pilot,n494918,high,d20_spatial_uniform5,8,8,1728,356,86,442,63,0.984375,"[1,1,1,1,1,1,1,1,2,2,2,2,2,2,2,2,1,1,1,1,1,1,1,1,1,1,1,1,1,1,1,1,2,2,2,2,2,2,2,2,1,1,1,1,1,1,1,1,1,1,1,1,1,1,1,1,2,2,2,2,0,2,2,2]",64,1.0,"[3,2,3,3,4,2,3,1,7,12,3,5,5,4,3,3,5,16,12,7,21,11,4,4,6,1,7,20,16,21,10,8,7,8,3,10,12,19,12,13,5,7,6,9,8,4,11,5,4,5,5,4,6,2,1,2,8,6,4,8,3,4,6,3]",0,0,86,0.0,0.0,0.036036036036036036,0.6866764275256223,0.03614457831325301,0.6934865900383141,"[49,54,57,61,65,69,159,169,173,185,189,289,293,297,301,306,309,409,413,417,421,425,429,511,515,520,525,652,656,661,665,670,674,679,683,800,804,809,813,818,822,827,831,952,985,998,1003,1007,1016,1133,1141,1146,1156,1160,1164,1188,1299,1303,1318,1322,1327,1345,1349,1368,1466,1475,1479,1483,1492,1498,1562,1632,1645,1651,1655,1660,1664,1673,1678,1799,1803,1808,1812,1816,1821,1825,1830,1947,1951,1965,1969,1978,1997,2132,2137,2142,2147,2153,2158,2163,2280,2285,2290,2295,2301,2306,2311]","[8,25,41,59,76,93,110,130,154,199,233,258,281,299,319,339,358,377,395,414,430,446,463,481,524,540,559,578,595,611,628,647,664,680,698,716,736,752,769,788,807,824,844,861,882,899,917,934,953,972,1037,1055,1088,1117,1166,1184,1205,1231,1253,1280,1309,1326,1360,1394,1416,1436,1473,1535,1554,1580,1600,1620,1641,1659,1679,1702,1724,1742,1764,1782,1805,1824,1845,1867,1896,1923,1939,1992,2009,2027,2046,2063,2080,2097,2115,2133,2150,2168,2187,2207,2227,2246,2263,2283,2303,2324,2342]","[652,656,661,665,670,674,679,683,800,804,809,813,818,822,827,831,952,985,998,1003,1007,1016,1133,1141,1146,1156,1160,1164,1188,1299,1303,1318,1322,1327,1345,1349,1368,1466,1475,1479,1483,1492,1498,1562,1632,1645,1651,1655,1660,1664,1673,1678,1799,1803,1808,1812,1816,1821,1825,1830,1947,1951,1965,1969,1978,1997,2132,2137,2142,2147,2153,2158,2163,2280,2285,2290,2295,2301,2306,2311]","[578,595,611,628,647,664,680,698,716,736,752,769,788,807,824,844,861,882,899,917,934,953,972,1037,1055,1088,1117,1166,1184,1205,1231,1253,1280,1309,1326,1360,1394,1416,1436,1473,1535,1554,1580,1600,1620,1641,1659,1679,1702,1724,1742,1764,1782,1805,1824,1845,1867,1896,1923,1939,1992,2009,2027,2046,2063,2080,2097,2115,2133,2150,2168,2187,2207,2227,2246,2263,2283,2303,2324,2342]",model_input_patch_grid
pilot,n498140,base,d20_index_uniform5,8,8,576,87,30,117,28,0.4375,"[1,0,0,1,0,1,1,0,1,0,1,1,0,0,1,0,0,1,0,1,1,0,1,0,0,1,0,0,0,1,0,2,0,0,0,0,0,1,1,1,1,0,1,1,0,0,0,1,0,0,1,0,1,0,1,0,0,0,2,0,0,1,0,1]",56,0.875,"[3,2,1,1,2,1,1,0,1,1,1,1,1,1,1,0,2,5,1,1,1,1,1,0,1,3,3,5,4,5,0,2,1,2,5,4,4,3,2,1,1,4,2,2,2,2,3,1,1,0,1,3,5,4,4,0,0,1,2,1,1,1,0,1]",,,,,,0.019417475728155338,0.6788553259141494,0.01694915254237288,0.6027397260273972,"[49,54,57,62,65,69,169,174,177,181,185,189,253,265,281,285,293,297,385,393,397,401,405,505,509,513,518,521,525,653,676,680,684,689,693,697,706,711,715,719,876,921,929,938,942,947,951,956,960,964,1117,1121,1129,1135,1139,1148,1152,1156,1160,1174,1192,1362,1366,1370,1379,1383,1397,1401,1405,1436,1442,1607,1611,1615,1620,1624,1628,1633,1637,1642,1646,1650,1802,1807,1812,1817,1822,1832,1836,1841,1846,1876,1999,2004,2008,2013,2018,2023,2028,2037,2042]","[10,26,44,63,79,97,114,130,147,164,182,201,219,238,257,286,309,330,352,371,409,430,451,468,488,510,527,544,560,578,594,610,627,645,666,683,699,718,735,753,770,787,805,824,840,859,877,897,914,952,970,992,1010,1040,1063,1091,1112,1140,1167,1193,1210,1237,1259,1287,1319,1367,1399,1448,1470,1493,1520,1544,1567,1587,1606,1623,1640,1663,1683,1711,1738,1757,1776,1798,1818,1844,1861,1879,1900,1917,1948,1964,1982,2000,2016,2051,2067,2084,2101,2117,2133]","[49,54,57,62,65,69,169,174,177,181,185,189,253,265,281,285,293,297,385,393,397,401,405,505,509,513,518,521,525]","[10,26,44,63,79,97,114,130,147,164,182,201,219,238,257,286,309,330,352,371,409,430,451,468,488,510,527,544,560]",model_input_patch_grid
pilot,n498140,base,d20_spatial_uniform5,8,8,576,87,30,117,30,0.46875,"[1,0,1,1,1,1,0,1,0,0,0,0,0,0,0,0,1,0,1,1,1,1,0,1,1,0,0,0,1,1,0,1,0,1,0,1,0,0,0,0,1,0,1,1,1,1,0,1,0,0,0,0,0,0,0,0,1,1,0,1,1,1,0,1]",50,0.78125,"[3,2,2,1,3,1,0,1,0,1,0,0,1,1,0,0,3,4,2,1,1,2,0,1,2,2,3,5,5,5,0,1,1,3,5,5,4,2,1,0,1,4,2,2,3,3,3,1,1,0,0,3,4,4,3,0,1,2,0,2,2,1,0,1]",0,0,30,0.0,0.0,0.019417475728155338,0.6788553259141494,0.01694915254237288,0.6027397260273972,"[49,54,57,62,65,69,169,174,177,181,185,189,253,265,281,285,293,297,385,393,397,401,405,505,509,513,518,521,525,653,676,680,684,689,693,697,706,711,715,719,876,921,929,938,942,947,951,956,960,964,1117,1121,1129,1135,1139,1148,1152,1156,1160,1174,1192,1362,1366,1370,1379,1383,1397,1401,1405,1436,1442,1607,1611,1615,1620,1624,1628,1633,1637,1642,1646,1650,1802,1807,1812,1817,1822,1832,1836,1841,1846,1876,1999,2004,2008,2013,2018,2023,2028,2037,2042]","[10,26,44,63,79,97,114,130,147,164,182,201,219,238,257,286,309,330,352,371,409,430,451,468,488,510,527,544,560,578,594,610,627,645,666,683,699,718,735,753,770,787,805,824,840,859,877,897,914,952,970,992,1010,1040,1063,1091,1112,1140,1167,1193,1210,1237,1259,1287,1319,1367,1399,1448,1470,1493,1520,1544,1567,1587,1606,1623,1640,1663,1683,1711,1738,1757,1776,1798,1818,1844,1861,1879,1900,1917,1948,1964,1982,2000,2016,2051,2067,2084,2101,2117,2133]","[49,54,57,62,65,69,169,174,177,181,185,189,253,265,281,285,293,297,385,393,397,401,405,505,509,513,518,521,525]","[10,26,44,63,79,97,114,130,147,164,182,201,219,238,257,286,309,330,352,371,409,430,451,468,488,510,527,544,560]",model_input_patch_grid
pilot,n498140,high,d20_index_uniform5,8,8,1536,336,75,411,45,0.703125,"[2,1,1,2,1,2,1,2,1,1,2,1,1,2,1,1,1,0,0,1,3,0,0,3,1,1,0,0,3,0,0,2,0,1,3,0,0,1,3,0,1,3,0,1,1,3,0,0,2,1,1,1,2,0,0,2,3,1,1,3,0,2,2,0]",64,1.0,"[3,2,1,3,7,6,1,2,1,2,9,3,5,2,3,2,7,15,12,10,13,5,4,4,11,13,13,15,19,12,3,5,12,11,12,6,14,9,9,1,7,13,5,5,7,8,8,1,3,3,4,5,11,9,14,2,4,1,1,3,2,3,3,2]",,,,,,0.019417475728155338,0.6788553259141494,0.02040816326530612,0.7018633540372671,"[49,54,57,62,65,69,169,174,177,181,185,189,253,265,281,285,293,297,385,393,397,401,405,505,509,513,518,521,525,653,676,680,684,689,693,697,706,711,715,719,876,921,929,938,942,947,951,956,960,964,1117,1121,1129,1135,1139,1148,1152,1156,1160,1174,1192,1362,1366,1370,1379,1383,1397,1401,1405,1436,1442,1607,1611,1615,1620,1624,1628,1633,1637,1642,1646,1650,1802,1807,1812,1817,1822,1832,1836,1841,1846,1876,1999,2004,2008,2013,2018,2023,2028,2037,2042]","[10,26,44,63,79,97,114,130,147,164,182,201,219,238,257,286,309,330,352,371,409,430,451,468,488,510,527,544,560,578,594,610,627,645,666,683,699,718,735,753,770,787,805,824,840,859,877,897,914,952,970,992,1010,1040,1063,1091,1112,1140,1167,1193,1210,1237,1259,1287,1319,1367,1399,1448,1470,1493,1520,1544,1567,1587,1606,1623,1640,1663,1683,1711,1738,1757,1776,1798,1818,1844,1861,1879,1900,1917,1948,1964,1982,2000,2016,2051,2067,2084,2101,2117,2133]","[653,676,680,684,689,693,697,706,711,715,719,876,921,929,938,942,947,951,956,960,964,1117,1121,1129,1135,1139,1148,1152,1156,1160,1174,1192,1362,1366,1370,1379,1383,1397,1401,1405,1436,1442,1607,1611,1615,1620,1624,1628,1633,1637,1642,1646,1650,1802,1807,1812,1817,1822,1832,1836,1841,1846,1876,1999,2004,2008,2013,2018,2023,2028,2037,2042]","[578,594,610,627,645,666,683,699,718,735,753,770,787,805,824,840,859,877,897,914,952,970,992,1010,1040,1063,1091,1112,1140,1167,1193,1210,1237,1259,1287,1319,1367,1399,1448,1470,1493,1520,1544,1567,1587,1606,1623,1640,1663,1683,1711,1738,1757,1776,1798,1818,1844,1861,1879,1900,1917,1948,1964,1982,2000,2016,2051,2067,2084,2101,2117,2133]",model_input_patch_grid
pilot,n498140,high,d20_spatial_uniform5,8,8,1536,336,75,411,58,0.90625,"[1,2,1,2,1,1,2,1,1,2,1,2,1,1,2,1,1,1,1,1,1,1,2,1,0,1,0,0,1,0,0,0,1,2,1,2,1,1,2,1,1,2,1,2,1,1,2,1,1,2,1,1,1,2,1,1,1,2,1,1,1,2,1,1]",64,1.0,"[2,3,1,3,7,5,2,1,1,3,8,4,5,1,4,2,7,16,13,10,11,6,6,2,10,13,13,15,17,12,3,3,13,12,10,8,15,9,8,2,7,12,6,6,7,6,10,2,2,4,4,5,10,11,15,1,2,2,1,1,3,3,2,3]",0,0,75,0.0,0.0,0.019417475728155338,0.6788553259141494,0.02040816326530612,0.7018633540372671,"[49,54,57,62,65,69,169,174,177,181,185,189,253,265,281,285,293,297,385,393,397,401,405,505,509,513,518,521,525,653,676,680,684,689,693,697,706,711,715,719,876,921,929,938,942,947,951,956,960,964,1117,1121,1129,1135,1139,1148,1152,1156,1160,1174,1192,1362,1366,1370,1379,1383,1397,1401,1405,1436,1442,1607,1611,1615,1620,1624,1628,1633,1637,1642,1646,1650,1802,1807,1812,1817,1822,1832,1836,1841,1846,1876,1999,2004,2008,2013,2018,2023,2028,2037,2042]","[10,26,44,63,79,97,114,130,147,164,182,201,219,238,257,286,309,330,352,371,409,430,451,468,488,510,527,544,560,578,594,610,627,645,666,683,699,718,735,753,770,787,805,824,840,859,877,897,914,952,970,992,1010,1040,1063,1091,1112,1140,1167,1193,1210,1237,1259,1287,1319,1367,1399,1448,1470,1493,1520,1544,1567,1587,1606,1623,1640,1663,1683,1711,1738,1757,1776,1798,1818,1844,1861,1879,1900,1917,1948,1964,1982,2000,2016,2051,2067,2084,2101,2117,2133]","[653,676,680,684,689,693,697,706,711,715,719,876,921,929,938,942,947,951,956,960,964,1117,1121,1129,1135,1139,1148,1152,1156,1160,1174,1192,1362,1366,1370,1379,1383,1397,1401,1405,1436,1442,1607,1611,1615,1620,1624,1628,1633,1637,1642,1646,1650,1802,1807,1812,1817,1822,1832,1836,1841,1846,1876,1999,2004,2008,2013,2018,2023,2028,2037,2042]","[578,594,610,627,645,666,683,699,718,735,753,770,787,805,824,840,859,877,897,914,952,970,992,1010,1040,1063,1091,1112,1140,1167,1193,1210,1237,1259,1287,1319,1367,1399,1448,1470,1493,1520,1544,1567,1587,1606,1623,1640,1663,1683,1711,1738,1757,1776,1798,1818,1844,1861,1879,1900,1917,1948,1964,1982,2000,2016,2051,2067,2084,2101,2117,2133]",model_input_patch_grid
pilot,n51002,base,d20_index_uniform5,8,8,576,105,29,134,26,0.40625,"[1,0,0,2,0,0,1,0,1,0,1,0,0,0,1,1,1,1,0,1,0,1,0,0,0,1,0,1,0,0,0,2,1,0,1,0,0,0,0,0,1,0,2,0,0,0,0,1,0,0,1,1,1,0,0,0,1,0,0,1,0,1,0,1]",55,0.859375,"[2,1,0,3,2,0,1,0,3,3,1,2,4,2,1,2,1,1,0,2,4,2,0,0,1,1,3,2,4,1,1,3,1,6,7,4,4,5,4,1,5,3,6,3,1,0,2,1,2,0,1,2,4,1,3,1,1,2,0,2,3,2,1,3]",,,,,,0.04477611940298507,0.6923076923076923,0.05454545454545454,0.675,"[37,49,54,57,65,69,169,178,182,185,189,269,278,289,298,306,309,413,417,421,425,506,511,520,525,539,676,680,684,689,693,697,702,706,711,715,719,872,876,880,885,889,893,898,901,907,911,915,1117,1121,1125,1130,1134,1138,1152,1157,1160,1196,1356,1362,1366,1370,1383,1387,1392,1397,1429,1558,1562,1566,1576,1579,1589,1593,1597,1619,1633,1650,1803,1807,1816,1820,1824,1829,1833,1837,1841,1999,2004,2008,2013,2018,2023,2032,2037,2042]","[9,25,42,59,80,98,119,139,155,193,209,226,244,261,286,313,343,367,392,446,466,487,505,526,544,561,579,595,611,628,644,664,682,701,718,735,754,773,789,809,827,844,868,887,912,931,950,970,986,1006,1023,1047,1063,1080,1102,1123,1166,1184,1203,1226,1246,1275,1300,1416,1449,1468,1493,1516,1549,1577,1602,1631,1651,1672,1690,1707,1729,1750,1772,1794,1828,1864,1881,1904,1921,1940,1960,1976,1992,2012,2047,2064,2081,2098,2114,2134]","[37,49,54,57,65,69,169,178,182,185,189,269,278,289,298,306,309,413,417,421,425,506,511,520,525,539]","[9,25,42,59,80,98,119,139,155,193,209,226,244,261,286,313,343,367,392,446,466,487,505,526,544,561]",model_input_patch_grid
pilot,n51002,base,d20_spatial_uniform5,8,8,576,105,29,134,29,0.453125,"[1,0,1,1,1,1,0,1,0,0,0,0,0,0,0,0,1,1,0,1,1,1,0,1,0,1,0,0,1,0,0,0,1,0,0,1,0,0,1,1,1,1,0,1,1,1,0,1,0,0,0,0,0,0,0,0,1,0,1,1,0,1,0,1]",57,0.890625,"[2,1,1,2,3,1,0,1,2,3,0,2,4,2,0,1,1,1,0,2,5,2,0,1,1,1,3,1,5,1,1,1,1,6,6,5,4,5,5,2,5,4,4,4,2,1,2,1,2,0,0,1,3,1,3,1,1,2,1,2,3,2,1,3]",0,0,29,0.0,0.0,0.04477611940298507,0.6923076923076923,0.05454545454545454,0.675,"[37,49,54,57,65,69,169,178,182,185,189,269,278,289,298,306,309,413,417,421,425,506,511,520,525,539,676,680,684,689,693,697,702,706,711,715,719,872,876,880,885,889,893,898,901,907,911,915,1117,1121,1125,1130,1134,1138,1152,1157,1160,1196,1356,1362,1366,1370,1383,1387,1392,1397,1429,1558,1562,1566,1576,1579,1589,1593,1597,1619,1633,1650,1803,1807,1816,1820,1824,1829,1833,1837,1841,1999,2004,2008,2013,2018,2023,2032,2037,2042]","[9,25,42,59,80,98,119,139,155,193,209,226,244,261,286,313,343,367,392,446,466,487,505,526,544,561,579,595,611,628,644,664,682,701,718,735,754,773,789,809,827,844,868,887,912,931,950,970,986,1006,1023,1047,1063,1080,1102,1123,1166,1184,1203,1226,1246,1275,1300,1416,1449,1468,1493,1516,1549,1577,1602,1631,1651,1672,1690,1707,1729,1750,1772,1794,1828,1864,1881,1904,1921,1940,1960,1976,1992,2012,2047,2064,2081,2098,2114,2134]","[37,49,54,57,65,69,169,178,182,185,189,269,278,289,298,306,309,413,417,421,425,506,511,520,525,539]","[9,25,42,59,80,98,119,139,155,193,209,226,244,261,286,313,343,367,392,446,466,487,505,526,544,561]",model_input_patch_grid
pilot,n51002,high,d20_index_uniform5,8,8,1536,318,76,394,53,0.828125,"[2,1,1,2,1,2,1,1,1,1,3,1,0,1,1,2,1,2,1,1,1,1,2,1,1,0,2,1,0,1,3,0,0,3,1,0,0,1,1,1,1,0,0,2,2,0,1,3,1,1,1,2,1,1,1,2,2,0,2,2,1,2,1,1]",64,1.0,"[2,2,1,5,5,6,1,2,1,3,5,1,13,9,1,9,1,3,2,7,14,4,6,3,13,8,12,12,14,6,9,7,5,11,17,8,13,10,16,7,7,7,10,9,12,2,7,6,5,4,3,3,3,2,11,5,4,4,2,4,3,3,2,2]",,,,,,0.04477611940298507,0.6923076923076923,0.0410958904109589,0.6982758620689655,"[37,49,54,57,65,69,169,178,182,185,189,269,278,289,298,306,309,413,417,421,425,506,511,520,525,539,676,680,684,689,693,697,702,706,711,715,719,872,876,880,885,889,893,898,901,907,911,915,1117,1121,1125,1130,1134,1138,1152,1157,1160,1196,1356,1362,1366,1370,1383,1387,1392,1397,1429,1558,1562,1566,1576,1579,1589,1593,1597,1619,1633,1650,1803,1807,1816,1820,1824,1829,1833,1837,1841,1999,2004,2008,2013,2018,2023,2032,2037,2042]","[9,25,42,59,80,98,119,139,155,193,209,226,244,261,286,313,343,367,392,446,466,487,505,526,544,561,579,595,611,628,644,664,682,701,718,735,754,773,789,809,827,844,868,887,912,931,950,970,986,1006,1023,1047,1063,1080,1102,1123,1166,1184,1203,1226,1246,1275,1300,1416,1449,1468,1493,1516,1549,1577,1602,1631,1651,1672,1690,1707,1729,1750,1772,1794,1828,1864,1881,1904,1921,1940,1960,1976,1992,2012,2047,2064,2081,2098,2114,2134]","[676,680,684,689,693,697,702,706,711,715,719,872,876,880,885,889,893,898,901,907,911,915,1117,1121,1125,1130,1134,1138,1152,1157,1160,1196,1356,1362,1366,1370,1383,1387,1392,1397,1429,1558,1562,1566,1576,1579,1589,1593,1597,1619,1633,1650,1803,1807,1816,1820,1824,1829,1833,1837,1841,1999,2004,2008,2013,2018,2023,2032,2037,2042]","[579,595,611,628,644,664,682,701,718,735,754,773,789,809,827,844,868,887,912,931,950,970,986,1006,1023,1047,1063,1080,1102,1123,1166,1184,1203,1226,1246,1275,1300,1416,1449,1468,1493,1516,1549,1577,1602,1631,1651,1672,1690,1707,1729,1750,1772,1794,1828,1864,1881,1904,1921,1940,1960,1976,1992,2012,2047,2064,2081,2098,2114,2134]",model_input_patch_grid
pilot,n51002,high,d20_spatial_uniform5,8,8,1536,318,76,394,57,0.890625,"[1,2,1,2,1,1,2,1,1,2,1,2,1,1,2,1,1,2,1,2,1,0,1,2,0,0,0,0,0,1,1,1,1,2,1,2,1,1,1,0,1,2,1,2,1,1,2,1,1,2,1,2,1,1,2,1,1,2,1,1,1,2,1,1]",64,1.0,"[1,3,1,5,5,5,2,2,1,4,3,2,14,9,2,8,1,3,2,8,14,3,5,4,12,8,10,11,14,6,7,8,6,10,17,10,14,10,16,6,7,9,11,9,11,3,8,4,5,5,3,3,3,2,12,4,3,6,1,3,3,3,2,2]",0,0,76,0.0,0.0,0.04477611940298507,0.6923076923076923,0.0410958904109589,0.6982758620689655,"[37,49,54,57,65,69,169,178,182,185,189,269,278,289,298,306,309,413,417,421,425,506,511,520,525,539,676,680,684,689,693,697,702,706,711,715,719,872,876,880,885,889,893,898,901,907,911,915,1117,1121,1125,1130,1134,1138,1152,1157,1160,1196,1356,1362,1366,1370,1383,1387,1392,1397,1429,1558,1562,1566,1576,1579,1589,1593,1597,1619,1633,1650,1803,1807,1816,1820,1824,1829,1833,1837,1841,1999,2004,2008,2013,2018,2023,2032,2037,2042]","[9,25,42,59,80,98,119,139,155,193,209,226,244,261,286,313,343,367,392,446,466,487,505,526,544,561,579,595,611,628,644,664,682,701,718,735,754,773,789,809,827,844,868,887,912,931,950,970,986,1006,1023,1047,1063,1080,1102,1123,1166,1184,1203,1226,1246,1275,1300,1416,1449,1468,1493,1516,1549,1577,1602,1631,1651,1672,1690,1707,1729,1750,1772,1794,1828,1864,1881,1904,1921,1940,1960,1976,1992,2012,2047,2064,2081,2098,2114,2134]","[676,680,684,689,693,697,702,706,711,715,719,872,876,880,885,889,893,898,901,907,911,915,1117,1121,1125,1130,1134,1138,1152,1157,1160,1196,1356,1362,1366,1370,1383,1387,1392,1397,1429,1558,1562,1566,1576,1579,1589,1593,1597,1619,1633,1650,1803,1807,1816,1820,1824,1829,1833,1837,1841,1999,2004,2008,2013,2018,2023,2032,2037,2042]","[579,595,611,628,644,664,682,701,718,735,754,773,789,809,827,844,868,887,912,931,950,970,986,1006,1023,1047,1063,1080,1102,1123,1166,1184,1203,1226,1246,1275,1300,1416,1449,1468,1493,1516,1549,1577,1602,1631,1651,1672,1690,1707,1729,1750,1772,1794,1828,1864,1881,1904,1921,1940,1960,1976,1992,2012,2047,2064,2081,2098,2114,2134]",model_input_patch_grid
pilot,n522733,base,d20_index_uniform5,8,8,576,123,28,151,24,0.375,"[1,0,0,1,0,0,1,1,1,0,1,0,1,0,0,1,0,0,0,0,0,0,3,0,0,2,0,0,0,0,1,0,0,1,0,1,0,1,0,0,1,0,0,0,0,0,2,0,1,0,0,1,1,0,1,0,1,0,1,1,0,0,1,0]",59,0.921875,"[2,2,1,1,2,4,1,1,3,2,1,5,1,0,3,2,2,3,1,1,3,4,7,3,3,3,4,3,6,2,3,3,3,2,1,3,2,3,0,1,6,3,5,2,2,3,5,2,2,2,2,1,5,2,1,1,2,2,2,2,0,0,2,0]",,,,,,0.026785714285714284,0.6817518248175183,0.037037037037037035,0.7062146892655368,"[49,53,57,61,69,169,173,177,181,185,190,293,297,301,305,309,313,419,424,430,434,439,511,516,520,525,676,680,684,689,693,697,702,706,711,715,719,872,876,880,885,889,893,898,902,907,911,915,1090,1117,1120,1125,1130,1134,1143,1147,1151,1157,1160,1313,1317,1343,1352,1356,1375,1380,1383,1388,1397,1526,1557,1566,1570,1579,1584,1588,1593,1597,1601,1753,1767,1793,1807,1811,1820,1824,1829,1833,1837,1846,1999,2007,2016,2024,2029,2042,2052,2069,2087,2195,2200,2209,2214,2219,2224,2228,2233,2238,2253]","[9,25,46,84,102,121,143,163,186,211,243,267,284,304,321,340,360,380,403,433,450,469,491,512,547,563,579,595,611,628,644,660,678,694,710,727,744,762,779,796,813,831,849,866,883,901,919,937,956,974,994,1012,1030,1050,1073,1093,1116,1135,1158,1181,1209,1248,1268,1303,1353,1372,1391,1409,1426,1448,1474,1502,1522,1540,1581,1600,1624,1645,1665,1689,1709,1729,1750,1775,1796,1826,1865,1896,1922,1948,1967,1992,2056,2073,2089,2110,2126,2142,2161,2177,2194,2213,2229,2246,2262,2278,2297,2313,2330]","[49,53,57,61,69,169,173,177,181,185,190,293,297,301,305,309,313,419,424,430,434,439,511,516,520,525]","[9,25,46,84,102,121,143,163,186,211,243,267,284,304,321,340,360,380,403,433,450,469,491,512,547,563]",model_input_patch_grid
pilot,n522733,base,d20_spatial_uniform5,8,8,576,123,28,151,28,0.4375,"[1,1,0,1,1,0,1,1,0,0,0,0,0,0,0,0,1,1,0,1,1,1,0,1,0,0,0,0,0,0,0,0,1,1,0,1,1,1,0,1,0,0,0,1,0,1,0,1,1,0,1,0,0,0,0,0,1,0,1,0,1,1,0,1]",58,0.90625,"[2,3,1,1,3,4,1,1,2,2,0,5,0,0,3,1,3,4,1,2,4,5,4,4,3,1,4,3,6,2,2,3,4,2,1,3,3,3,0,2,5,3,5,3,2,4,3,3,2,2,3,0,4,2,0,1,2,2,2,1,1,1,1,1]",0,0,28,0.0,0.0,0.026785714285714284,0.6817518248175183,0.037037037037037035,0.7062146892655368,"[49,53,57,61,69,169,173,177,181,185,190,293,297,301,305,309,313,419,424,430,434,439,511,516,520,525,676,680,684,689,693,697,702,706,711,715,719,872,876,880,885,889,893,898,902,907,911,915,1090,1117,1120,1125,1130,1134,1143,1147,1151,1157,1160,1313,1317,1343,1352,1356,1375,1380,1383,1388,1397,1526,1557,1566,1570,1579,1584,1588,1593,1597,1601,1753,1767,1793,1807,1811,1820,1824,1829,1833,1837,1846,1999,2007,2016,2024,2029,2042,2052,2069,2087,2195,2200,2209,2214,2219,2224,2228,2233,2238,2253]","[9,25,46,84,102,121,143,163,186,211,243,267,284,304,321,340,360,380,403,433,450,469,491,512,547,563,579,595,611,628,644,660,678,694,710,727,744,762,779,796,813,831,849,866,883,901,919,937,956,974,994,1012,1030,1050,1073,1093,1116,1135,1158,1181,1209,1248,1268,1303,1353,1372,1391,1409,1426,1448,1474,1502,1522,1540,1581,1600,1624,1645,1665,1689,1709,1729,1750,1775,1796,1826,1865,1896,1922,1948,1967,1992,2056,2073,2089,2110,2126,2142,2161,2177,2194,2213,2229,2246,2262,2278,2297,2313,2330]","[49,53,57,61,69,169,173,177,181,185,190,293,297,301,305,309,313,419,424,430,434,439,511,516,520,525]","[9,25,46,84,102,121,143,163,186,211,243,267,284,304,321,340,360,380,403,433,450,469,491,512,547,563]",model_input_patch_grid
pilot,n522733,high,d20_index_uniform5,8,8,1728,338,87,425,52,0.8125,"[4,0,0,4,0,2,2,0,1,3,1,1,3,1,2,2,1,1,2,1,1,1,0,2,1,2,2,0,0,2,2,1,0,1,2,1,1,1,1,2,0,2,1,1,2,1,0,3,1,1,1,2,1,0,1,2,2,1,2,3,0,2,3,1]",61,0.953125,"[4,0,0,5,0,3,2,1,2,3,3,12,4,4,5,2,5,7,5,7,6,9,12,7,8,9,16,13,15,13,6,6,9,7,9,6,7,6,6,6,14,15,13,12,11,9,12,9,5,11,5,5,7,1,12,8,7,4,3,3,1,2,3,3]",,,,,,0.026785714285714284,0.6817518248175183,0.023529411764705882,0.6732283464566929,"[49,53,57,61,69,169,173,177,181,185,190,293,297,301,305,309,313,419,424,430,434,439,511,516,520,525,676,680,684,689,693,697,702,706,711,715,719,872,876,880,885,889,893,898,902,907,911,915,1090,1117,1120,1125,1130,1134,1143,1147,1151,1157,1160,1313,1317,1343,1352,1356,1375,1380,1383,1388,1397,1526,1557,1566,1570,1579,1584,1588,1593,1597,1601,1753,1767,1793,1807,1811,1820,1824,1829,1833,1837,1846,1999,2007,2016,2024,2029,2042,2052,2069,2087,2195,2200,2209,2214,2219,2224,2228,2233,2238,2253]","[9,25,46,84,102,121,143,163,186,211,243,267,284,304,321,340,360,380,403,433,450,469,491,512,547,563,579,595,611,628,644,660,678,694,710,727,744,762,779,796,813,831,849,866,883,901,919,937,956,974,994,1012,1030,1050,1073,1093,1116,1135,1158,1181,1209,1248,1268,1303,1353,1372,1391,1409,1426,1448,1474,1502,1522,1540,1581,1600,1624,1645,1665,1689,1709,1729,1750,1775,1796,1826,1865,1896,1922,1948,1967,1992,2056,2073,2089,2110,2126,2142,2161,2177,2194,2213,2229,2246,2262,2278,2297,2313,2330]","[676,680,684,689,693,697,702,706,711,715,719,872,876,880,885,889,893,898,902,907,911,915,1090,1117,1120,1125,1130,1134,1143,1147,1151,1157,1160,1313,1317,1343,1352,1356,1375,1380,1383,1388,1397,1526,1557,1566,1570,1579,1584,1588,1593,1597,1601,1753,1767,1793,1807,1811,1820,1824,1829,1833,1837,1846,1999,2007,2016,2024,2029,2042,2052,2069,2087,2195,2200,2209,2214,2219,2224,2228,2233,2238,2253]","[579,595,611,628,644,660,678,694,710,727,744,762,779,796,813,831,849,866,883,901,919,937,956,974,994,1012,1030,1050,1073,1093,1116,1135,1158,1181,1209,1248,1268,1303,1353,1372,1391,1409,1426,1448,1474,1502,1522,1540,1581,1600,1624,1645,1665,1689,1709,1729,1750,1775,1796,1826,1865,1896,1922,1948,1967,1992,2056,2073,2089,2110,2126,2142,2161,2177,2194,2213,2229,2246,2262,2278,2297,2313,2330]",model_input_patch_grid
pilot,n522733,high,d20_spatial_uniform5,8,8,1728,338,87,425,64,1.0,"[1,2,1,2,1,1,2,1,1,2,1,2,1,1,2,1,2,1,1,1,2,1,1,2,1,2,1,2,1,1,2,1,1,2,1,2,1,1,2,1,1,2,1,2,1,1,2,1,1,2,1,2,1,1,2,1,1,2,1,1,1,2,1,1]",64,1.0,"[1,2,1,3,1,2,2,2,2,2,3,13,2,4,5,1,6,7,4,7,7,9,13,7,8,9,15,15,16,12,6,6,10,8,8,7,7,6,7,5,15,15,13,13,10,9,14,7,5,12,5,5,7,2,13,7,6,5,2,1,2,2,1,3]",0,0,87,0.0,0.0,0.026785714285714284,0.6817518248175183,0.023529411764705882,0.6732283464566929,"[49,53,57,61,69,169,173,177,181,185,190,293,297,301,305,309,313,419,424,430,434,439,511,516,520,525,676,680,684,689,693,697,702,706,711,715,719,872,876,880,885,889,893,898,902,907,911,915,1090,1117,1120,1125,1130,1134,1143,1147,1151,1157,1160,1313,1317,1343,1352,1356,1375,1380,1383,1388,1397,1526,1557,1566,1570,1579,1584,1588,1593,1597,1601,1753,1767,1793,1807,1811,1820,1824,1829,1833,1837,1846,1999,2007,2016,2024,2029,2042,2052,2069,2087,2195,2200,2209,2214,2219,2224,2228,2233,2238,2253]","[9,25,46,84,102,121,143,163,186,211,243,267,284,304,321,340,360,380,403,433,450,469,491,512,547,563,579,595,611,628,644,660,678,694,710,727,744,762,779,796,813,831,849,866,883,901,919,937,956,974,994,1012,1030,1050,1073,1093,1116,1135,1158,1181,1209,1248,1268,1303,1353,1372,1391,1409,1426,1448,1474,1502,1522,1540,1581,1600,1624,1645,1665,1689,1709,1729,1750,1775,1796,1826,1865,1896,1922,1948,1967,1992,2056,2073,2089,2110,2126,2142,2161,2177,2194,2213,2229,2246,2262,2278,2297,2313,2330]","[676,680,684,689,693,697,702,706,711,715,719,872,876,880,885,889,893,898,902,907,911,915,1090,1117,1120,1125,1130,1134,1143,1147,1151,1157,1160,1313,1317,1343,1352,1356,1375,1380,1383,1388,1397,1526,1557,1566,1570,1579,1584,1588,1593,1597,1601,1753,1767,1793,1807,1811,1820,1824,1829,1833,1837,1846,1999,2007,2016,2024,2029,2042,2052,2069,2087,2195,2200,2209,2214,2219,2224,2228,2233,2238,2253]","[579,595,611,628,644,660,678,694,710,727,744,762,779,796,813,831,849,866,883,901,919,937,956,974,994,1012,1030,1050,1073,1093,1116,1135,1158,1181,1209,1248,1268,1303,1353,1372,1391,1409,1426,1448,1474,1502,1522,1540,1581,1600,1624,1645,1665,1689,1709,1729,1750,1775,1796,1826,1865,1896,1922,1948,1967,1992,2056,2073,2089,2110,2126,2142,2161,2177,2194,2213,2229,2246,2262,2278,2297,2313,2330]",model_input_patch_grid
pilot,n52544,base,d20_index_uniform5,8,8,576,100,30,130,28,0.4375,"[1,1,0,1,0,0,1,0,0,0,1,1,0,0,1,0,1,0,0,0,0,0,1,2,0,1,0,1,0,1,0,1,0,1,0,0,1,1,0,1,0,1,0,1,0,1,1,0,0,0,1,0,1,1,0,0,1,2,0,0,0,0,0,1]",61,0.953125,"[4,1,1,1,1,3,2,2,1,2,1,3,3,5,1,1,3,4,3,1,7,1,1,5,0,3,0,1,1,3,0,3,1,3,3,1,1,1,1,1,2,2,1,1,1,1,2,1,1,1,1,2,7,3,1,2,1,2,1,6,4,3,2,2]",,,,,,0.05527638190954774,0.6977491961414791,0.07142857142857142,0.6666666666666666,"[53,57,61,65,69,149,157,169,177,185,189,265,269,273,277,282,385,389,397,401,405,489,505,521,525,541,644,648,653,657,662,671,776,781,785,789,794,799,803,912,926,941,950,954,964,1073,1082,1086,1091,1096,1100,1214,1238,1243,1251,1256,1261,1265,1370,1375,1393,1397,1412,1417,1421,1512,1535,1539,1553,1562,1667,1672,1676,1680,1685,1689,1694,1832,1836,1841,1846,1850,1855,1859,1964,1970,1976,1985,2068,2096,2107,2112,2117,2123]","[10,28,67,90,106,126,145,165,191,212,232,250,267,303,324,340,358,376,411,427,447,470,486,533,552,573,593,614,630,649,685,704,723,739,760,778,798,816,838,855,875,891,909,927,949,990,1013,1033,1056,1099,1124,1148,1173,1194,1215,1231,1254,1271,1294,1322,1360,1395,1418,1446,1464,1487,1504,1569,1589,1609,1625,1644,1665,1683,1706,1723,1743,1759,1776,1792,1809,1828,1853,1873,1897,1918,1939,1965,2033,2059,2084,2104,2122,2148]","[53,57,61,65,69,149,157,169,177,185,189,265,269,273,277,282,385,389,397,401,405,489,505,521,525,541]","[10,28,67,90,106,126,145,165,191,212,232,250,267,303,324,340,358,376,411,427,447,470,486,533,552,573]",model_input_patch_grid
pilot,n52544,base,d20_spatial_uniform5,8,8,576,100,30,130,30,0.46875,"[1,1,0,1,1,1,0,1,0,0,0,0,0,0,0,0,1,1,0,1,1,1,0,1,1,1,0,1,1,0,1,1,0,0,0,0,0,0,0,0,1,1,0,1,1,1,0,1,0,0,0,1,0,0,0,0,1,1,0,0,1,1,0,1]",56,0.875,"[4,1,1,1,2,4,1,3,1,2,0,2,3,5,0,1,3,5,3,2,8,2,0,4,1,3,0,1,2,2,1,3,1,2,3,1,0,0,1,0,3,2,1,1,2,1,1,2,1,1,0,3,6,2,1,2,1,1,1,6,5,4,2,2]",0,0,30,0.0,0.0,0.05527638190954774,0.6977491961414791,0.07142857142857142,0.6666666666666666,"[53,57,61,65,69,149,157,169,177,185,189,265,269,273,277,282,385,389,397,401,405,489,505,521,525,541,644,648,653,657,662,671,776,781,785,789,794,799,803,912,926,941,950,954,964,1073,1082,1086,1091,1096,1100,1214,1238,1243,1251,1256,1261,1265,1370,1375,1393,1397,1412,1417,1421,1512,1535,1539,1553,1562,1667,1672,1676,1680,1685,1689,1694,1832,1836,1841,1846,1850,1855,1859,1964,1970,1976,1985,2068,2096,2107,2112,2117,2123]","[10,28,67,90,106,126,145,165,191,212,232,250,267,303,324,340,358,376,411,427,447,470,486,533,552,573,593,614,630,649,685,704,723,739,760,778,798,816,838,855,875,891,909,927,949,990,1013,1033,1056,1099,1124,1148,1173,1194,1215,1231,1254,1271,1294,1322,1360,1395,1418,1446,1464,1487,1504,1569,1589,1609,1625,1644,1665,1683,1706,1723,1743,1759,1776,1792,1809,1828,1853,1873,1897,1918,1939,1965,2033,2059,2084,2104,2122,2148]","[53,57,61,65,69,149,157,169,177,185,189,265,269,273,277,282,385,389,397,401,405,489,505,521,525,541]","[10,28,67,90,106,126,145,165,191,212,232,250,267,303,324,340,358,376,411,427,447,470,486,533,552,573]",model_input_patch_grid
pilot,n52544,high,d20_index_uniform5,8,8,1536,323,75,398,50,0.78125,"[0,2,1,1,2,1,1,2,2,1,2,1,1,1,1,2,0,1,2,0,2,1,0,2,2,0,0,1,1,1,3,1,0,1,0,2,1,1,2,1,2,0,2,2,1,1,2,1,1,0,2,2,0,2,0,2,1,1,1,0,1,2,0,3]",63,0.984375,"[6,3,1,3,6,3,3,5,4,7,3,2,7,10,1,2,7,12,7,3,16,7,0,8,8,15,14,5,3,9,7,8,3,9,18,9,5,7,5,3,4,2,7,2,3,3,10,5,5,7,3,10,8,6,3,4,4,5,8,14,13,9,1,8]",,,,,,0.05527638190954774,0.6977491961414791,0.04895104895104895,0.7081545064377682,"[53,57,61,65,69,149,157,169,177,185,189,265,269,273,277,282,385,389,397,401,405,489,505,521,525,541,644,648,653,657,662,671,776,781,785,789,794,799,803,912,926,941,950,954,964,1073,1082,1086,1091,1096,1100,1214,1238,1243,1251,1256,1261,1265,1370,1375,1393,1397,1412,1417,1421,1512,1535,1539,1553,1562,1667,1672,1676,1680,1685,1689,1694,1832,1836,1841,1846,1850,1855,1859,1964,1970,1976,1985,2068,2096,2107,2112,2117,2123]","[10,28,67,90,106,126,145,165,191,212,232,250,267,303,324,340,358,376,411,427,447,470,486,533,552,573,593,614,630,649,685,704,723,739,760,778,798,816,838,855,875,891,909,927,949,990,1013,1033,1056,1099,1124,1148,1173,1194,1215,1231,1254,1271,1294,1322,1360,1395,1418,1446,1464,1487,1504,1569,1589,1609,1625,1644,1665,1683,1706,1723,1743,1759,1776,1792,1809,1828,1853,1873,1897,1918,1939,1965,2033,2059,2084,2104,2122,2148]","[644,648,653,657,662,671,776,781,785,789,794,799,803,912,926,941,950,954,964,1073,1082,1086,1091,1096,1100,1214,1238,1243,1251,1256,1261,1265,1370,1375,1393,1397,1412,1417,1421,1512,1535,1539,1553,1562,1667,1672,1676,1680,1685,1689,1694,1832,1836,1841,1846,1850,1855,1859,1964,1970,1976,1985,2068,2096,2107,2112,2117,2123]","[593,614,630,649,685,704,723,739,760,778,798,816,838,855,875,891,909,927,949,990,1013,1033,1056,1099,1124,1148,1173,1194,1215,1231,1254,1271,1294,1322,1360,1395,1418,1446,1464,1487,1504,1569,1589,1609,1625,1644,1665,1683,1706,1723,1743,1759,1776,1792,1809,1828,1853,1873,1897,1918,1939,1965,2033,2059,2084,2104,2122,2148]",model_input_patch_grid
pilot,n52544,high,d20_spatial_uniform5,8,8,1536,323,75,398,57,0.890625,"[1,1,1,1,0,1,1,1,2,2,2,2,0,2,2,2,1,1,1,1,0,1,1,1,1,1,1,1,0,1,1,1,2,2,1,2,1,2,2,2,1,1,1,1,0,1,1,1,1,1,1,0,1,1,1,1,2,1,1,2,2,2,0,2]",64,1.0,"[7,2,1,3,4,3,3,4,4,8,3,3,6,11,2,2,8,12,6,4,14,7,1,7,7,16,15,5,2,9,5,8,5,10,19,9,5,8,5,4,3,3,6,1,2,3,9,5,5,8,2,8,9,5,4,3,5,5,8,16,14,9,1,7]",0,0,75,0.0,0.0,0.05527638190954774,0.6977491961414791,0.04895104895104895,0.7081545064377682,"[53,57,61,65,69,149,157,169,177,185,189,265,269,273,277,282,385,389,397,401,405,489,505,521,525,541,644,648,653,657,662,671,776,781,785,789,794,799,803,912,926,941,950,954,964,1073,1082,1086,1091,1096,1100,1214,1238,1243,1251,1256,1261,1265,1370,1375,1393,1397,1412,1417,1421,1512,1535,1539,1553,1562,1667,1672,1676,1680,1685,1689,1694,1832,1836,1841,1846,1850,1855,1859,1964,1970,1976,1985,2068,2096,2107,2112,2117,2123]","[10,28,67,90,106,126,145,165,191,212,232,250,267,303,324,340,358,376,411,427,447,470,486,533,552,573,593,614,630,649,685,704,723,739,760,778,798,816,838,855,875,891,909,927,949,990,1013,1033,1056,1099,1124,1148,1173,1194,1215,1231,1254,1271,1294,1322,1360,1395,1418,1446,1464,1487,1504,1569,1589,1609,1625,1644,1665,1683,1706,1723,1743,1759,1776,1792,1809,1828,1853,1873,1897,1918,1939,1965,2033,2059,2084,2104,2122,2148]","[644,648,653,657,662,671,776,781,785,789,794,799,803,912,926,941,950,954,964,1073,1082,1086,1091,1096,1100,1214,1238,1243,1251,1256,1261,1265,1370,1375,1393,1397,1412,1417,1421,1512,1535,1539,1553,1562,1667,1672,1676,1680,1685,1689,1694,1832,1836,1841,1846,1850,1855,1859,1964,1970,1976,1985,2068,2096,2107,2112,2117,2123]","[593,614,630,649,685,704,723,739,760,778,798,816,838,855,875,891,909,927,949,990,1013,1033,1056,1099,1124,1148,1173,1194,1215,1231,1254,1271,1294,1322,1360,1395,1418,1446,1464,1487,1504,1569,1589,1609,1625,1644,1665,1683,1706,1723,1743,1759,1776,1792,1809,1828,1853,1873,1897,1918,1939,1965,2033,2059,2084,2104,2122,2148]",model_input_patch_grid
pilot,n527589,base,d20_index_uniform5,8,8,576,113,29,142,29,0.453125,"[0,0,1,1,1,0,0,0,0,1,1,1,0,0,0,0,0,0,1,1,0,1,0,0,1,0,0,0,1,1,1,0,1,1,0,0,1,0,1,0,1,1,1,0,0,0,1,0,1,0,1,0,1,1,0,0,0,1,0,1,0,1,1,0]",55,0.859375,"[6,3,6,1,2,1,2,0,4,6,7,4,6,4,2,0,1,3,3,2,6,4,1,0,2,0,2,5,4,1,2,0,1,3,0,2,2,1,3,0,4,4,1,2,1,2,2,3,1,1,2,0,1,2,1,1,1,1,1,2,1,3,3,0]",,,,,,0.04072398190045249,0.6891495601173021,0.017543859649122806,0.6705882352941176,"[50,53,57,62,65,69,169,173,177,182,186,189,289,297,301,305,309,385,413,417,421,425,429,506,511,515,520,525,627,680,684,689,693,697,702,706,711,715,719,831,845,873,876,885,898,902,906,911,915,1117,1125,1130,1134,1147,1152,1156,1160,1192,1362,1366,1370,1379,1388,1392,1397,1401,1405,1558,1562,1566,1571,1575,1584,1588,1593,1597,1780,1803,1807,1811,1816,1820,1824,1834,1838,1842,1846,1999,2004,2008,2013,2018,2032,2037,2042,2072,2195,2200,2204,2209,2214,2219,2224,2228,2234,2238]","[13,33,54,77,104,129,161,178,199,217,236,256,277,312,331,349,367,388,408,428,446,463,480,496,514,532,548,567,586,606,622,642,658,678,694,710,729,751,767,790,810,835,856,888,912,961,987,1010,1037,1062,1081,1103,1157,1175,1196,1213,1229,1253,1271,1295,1314,1356,1395,1413,1440,1459,1481,1514,1536,1559,1621,1642,1661,1679,1701,1724,1747,1769,1789,1810,1830,1847,1868,1890,1915,1936,1954,1973,1991,2009,2051,2069,2085,2106,2123,2140,2159,2175,2191,2210,2226,2246,2263,2281,2307,2329]","[50,53,57,62,65,69,169,173,177,182,186,189,289,297,301,305,309,385,413,417,421,425,429,506,511,515,520,525]","[13,33,54,77,104,129,161,178,199,217,236,256,277,312,331,349,367,388,408,428,446,463,480,496,514,532,548,567]",model_input_patch_grid
pilot,n527589,base,d20_spatial_uniform5,8,8,576,113,29,142,29,0.453125,"[1,1,0,1,1,1,0,1,0,0,0,0,0,0,0,0,1,1,0,1,1,0,1,1,0,0,0,0,0,0,0,0,1,1,0,1,1,1,0,1,1,1,0,1,1,1,0,1,0,0,0,0,0,0,0,0,1,0,1,1,0,1,0,1]",54,0.84375,"[7,4,5,1,2,2,2,1,4,5,6,3,6,4,2,0,2,4,2,2,7,3,2,1,1,0,2,5,3,0,1,0,1,3,0,3,2,2,2,1,4,4,0,3,2,3,1,4,0,1,1,0,0,1,1,1,2,0,2,2,1,3,2,1]",0,0,29,0.0,0.0,0.04072398190045249,0.6891495601173021,0.017543859649122806,0.6705882352941176,"[50,53,57,62,65,69,169,173,177,182,186,189,289,297,301,305,309,385,413,417,421,425,429,506,511,515,520,525,627,680,684,689,693,697,702,706,711,715,719,831,845,873,876,885,898,902,906,911,915,1117,1125,1130,1134,1147,1152,1156,1160,1192,1362,1366,1370,1379,1388,1392,1397,1401,1405,1558,1562,1566,1571,1575,1584,1588,1593,1597,1780,1803,1807,1811,1816,1820,1824,1834,1838,1842,1846,1999,2004,2008,2013,2018,2032,2037,2042,2072,2195,2200,2204,2209,2214,2219,2224,2228,2234,2238]","[13,33,54,77,104,129,161,178,199,217,236,256,277,312,331,349,367,388,408,428,446,463,480,496,514,532,548,567,586,606,622,642,658,678,694,710,729,751,767,790,810,835,856,888,912,961,987,1010,1037,1062,1081,1103,1157,1175,1196,1213,1229,1253,1271,1295,1314,1356,1395,1413,1440,1459,1481,1514,1536,1559,1621,1642,1661,1679,1701,1724,1747,1769,1789,1810,1830,1847,1868,1890,1915,1936,1954,1973,1991,2009,2051,2069,2085,2106,2123,2140,2159,2175,2191,2210,2226,2246,2263,2281,2307,2329]","[50,53,57,62,65,69,169,173,177,182,186,189,289,297,301,305,309,385,413,417,421,425,429,506,511,515,520,525]","[13,33,54,77,104,129,161,178,199,217,236,256,277,312,331,349,367,388,408,428,446,463,480,496,514,532,548,567]",model_input_patch_grid
pilot,n527589,high,d20_index_uniform5,8,8,1728,348,86,434,55,0.859375,"[1,2,1,1,1,2,1,2,0,0,1,4,0,1,1,3,0,2,1,2,0,1,1,2,3,1,2,1,0,3,1,1,2,1,1,2,1,0,1,1,0,2,1,2,2,0,2,3,1,1,2,1,1,1,2,1,1,1,3,1,1,2,2,2]",64,1.0,"[5,4,9,1,3,2,1,5,8,17,14,12,15,5,6,11,1,7,7,6,13,3,7,2,3,4,8,13,19,4,3,6,9,7,6,4,11,12,6,7,7,6,9,8,13,10,3,6,8,5,6,4,5,4,8,3,9,3,4,4,5,4,8,6]",,,,,,0.04072398190045249,0.6891495601173021,0.04878048780487805,0.6953125,"[50,53,57,62,65,69,169,173,177,182,186,189,289,297,301,305,309,385,413,417,421,425,429,506,511,515,520,525,627,680,684,689,693,697,702,706,711,715,719,831,845,873,876,885,898,902,906,911,915,1117,1125,1130,1134,1147,1152,1156,1160,1192,1362,1366,1370,1379,1388,1392,1397,1401,1405,1558,1562,1566,1571,1575,1584,1588,1593,1597,1780,1803,1807,1811,1816,1820,1824,1834,1838,1842,1846,1999,2004,2008,2013,2018,2032,2037,2042,2072,2195,2200,2204,2209,2214,2219,2224,2228,2234,2238]","[13,33,54,77,104,129,161,178,199,217,236,256,277,312,331,349,367,388,408,428,446,463,480,496,514,532,548,567,586,606,622,642,658,678,694,710,729,751,767,790,810,835,856,888,912,961,987,1010,1037,1062,1081,1103,1157,1175,1196,1213,1229,1253,1271,1295,1314,1356,1395,1413,1440,1459,1481,1514,1536,1559,1621,1642,1661,1679,1701,1724,1747,1769,1789,1810,1830,1847,1868,1890,1915,1936,1954,1973,1991,2009,2051,2069,2085,2106,2123,2140,2159,2175,2191,2210,2226,2246,2263,2281,2307,2329]","[627,680,684,689,693,697,702,706,711,715,719,831,845,873,876,885,898,902,906,911,915,1117,1125,1130,1134,1147,1152,1156,1160,1192,1362,1366,1370,1379,1388,1392,1397,1401,1405,1558,1562,1566,1571,1575,1584,1588,1593,1597,1780,1803,1807,1811,1816,1820,1824,1834,1838,1842,1846,1999,2004,2008,2013,2018,2032,2037,2042,2072,2195,2200,2204,2209,2214,2219,2224,2228,2234,2238]","[586,606,622,642,658,678,694,710,729,751,767,790,810,835,856,888,912,961,987,1010,1037,1062,1081,1103,1157,1175,1196,1213,1229,1253,1271,1295,1314,1356,1395,1413,1440,1459,1481,1514,1536,1559,1621,1642,1661,1679,1701,1724,1747,1769,1789,1810,1830,1847,1868,1890,1915,1936,1954,1973,1991,2009,2051,2069,2085,2106,2123,2140,2159,2175,2191,2210,2226,2246,2263,2281,2307,2329]",model_input_patch_grid
pilot,n527589,high,d20_spatial_uniform5,8,8,1728,348,86,434,64,1.0,"[1,2,1,2,1,1,2,1,1,2,1,1,2,1,2,1,1,2,1,2,1,1,2,1,1,2,1,2,1,1,2,1,1,2,1,2,1,1,2,1,1,2,1,2,1,1,2,1,1,2,1,1,1,2,1,1,1,2,1,1,1,2,1,1]",64,1.0,"[5,4,9,2,3,1,2,4,9,19,14,9,17,5,7,9,2,7,7,6,14,3,8,1,1,5,7,14,20,2,4,6,8,8,6,4,11,13,7,7,8,6,9,8,12,11,3,4,8,6,5,4,5,5,7,3,9,4,2,4,5,4,7,5]",0,0,86,0.0,0.0,0.04072398190045249,0.6891495601173021,0.04878048780487805,0.6953125,"[50,53,57,62,65,69,169,173,177,182,186,189,289,297,301,305,309,385,413,417,421,425,429,506,511,515,520,525,627,680,684,689,693,697,702,706,711,715,719,831,845,873,876,885,898,902,906,911,915,1117,1125,1130,1134,1147,1152,1156,1160,1192,1362,1366,1370,1379,1388,1392,1397,1401,1405,1558,1562,1566,1571,1575,1584,1588,1593,1597,1780,1803,1807,1811,1816,1820,1824,1834,1838,1842,1846,1999,2004,2008,2013,2018,2032,2037,2042,2072,2195,2200,2204,2209,2214,2219,2224,2228,2234,2238]","[13,33,54,77,104,129,161,178,199,217,236,256,277,312,331,349,367,388,408,428,446,463,480,496,514,532,548,567,586,606,622,642,658,678,694,710,729,751,767,790,810,835,856,888,912,961,987,1010,1037,1062,1081,1103,1157,1175,1196,1213,1229,1253,1271,1295,1314,1356,1395,1413,1440,1459,1481,1514,1536,1559,1621,1642,1661,1679,1701,1724,1747,1769,1789,1810,1830,1847,1868,1890,1915,1936,1954,1973,1991,2009,2051,2069,2085,2106,2123,2140,2159,2175,2191,2210,2226,2246,2263,2281,2307,2329]","[627,680,684,689,693,697,702,706,711,715,719,831,845,873,876,885,898,902,906,911,915,1117,1125,1130,1134,1147,1152,1156,1160,1192,1362,1366,1370,1379,1388,1392,1397,1401,1405,1558,1562,1566,1571,1575,1584,1588,1593,1597,1780,1803,1807,1811,1816,1820,1824,1834,1838,1842,1846,1999,2004,2008,2013,2018,2032,2037,2042,2072,2195,2200,2204,2209,2214,2219,2224,2228,2234,2238]","[586,606,622,642,658,678,694,710,729,751,767,790,810,835,856,888,912,961,987,1010,1037,1062,1081,1103,1157,1175,1196,1213,1229,1253,1271,1295,1314,1356,1395,1413,1440,1459,1481,1514,1536,1559,1621,1642,1661,1679,1701,1724,1747,1769,1789,1810,1830,1847,1868,1890,1915,1936,1954,1973,1991,2009,2051,2069,2085,2106,2123,2140,2159,2175,2191,2210,2226,2246,2263,2281,2307,2329]",model_input_patch_grid
pilot,n540852,base,d20_index_uniform5,8,8,576,114,29,143,27,0.421875,"[1,0,1,0,0,1,0,1,0,0,0,0,3,0,0,0,0,0,0,0,0,0,1,1,1,0,0,1,1,0,0,1,1,1,0,0,0,0,1,1,0,1,0,1,0,1,0,1,0,1,0,1,0,1,0,1,1,1,1,0,0,0,1,0]",55,0.859375,"[1,1,2,0,3,2,3,1,1,6,3,4,5,1,6,0,0,6,4,5,5,6,6,2,1,1,4,1,4,3,1,1,4,1,4,0,2,4,1,1,0,3,3,1,0,3,0,1,2,1,0,2,1,3,0,1,1,2,1,3,3,1,3,2]",,,,,,0.015748031496062992,0.6765847347994826,0.0,0.6627906976744186,"[49,54,57,62,65,69,169,174,186,189,201,205,289,293,297,301,306,309,409,413,417,421,426,429,506,511,516,520,526,663,668,672,676,680,685,689,693,697,701,841,845,850,854,859,864,873,911,1051,1055,1060,1065,1069,1079,1085,1088,1223,1227,1232,1238,1246,1256,1260,1285,1294,1395,1399,1404,1409,1413,1418,1422,1427,1432,1576,1581,1585,1590,1595,1599,1604,1610,1614,1753,1782,1791,1801,1805,1809,1819,1954,1958,1963,1968,1972,1977,1986,1991,2024,2140,2154,2169,2173,2178,2188,2192,2201,2206,2345,2350,2355,2359,2364,2369,2373,2379,2384,2513,2517,2522,2527,2531,2541,2546,2550,2579]","[8,26,45,64,86,108,132,162,191,216,237,254,273,292,314,333,354,371,387,405,424,441,459,477,495,512,533,554,571,589,605,623,641,657,675,692,709,726,743,761,779,797,817,857,877,895,914,932,949,968,988,1009,1052,1073,1095,1131,1162,1185,1218,1244,1268,1296,1315,1343,1362,1378,1397,1416,1436,1454,1475,1492,1511,1531,1552,1573,1593,1615,1668,1694,1724,1744,1766,1834,1860,1879,1901,1920,1940,1957,1976,1999,2019,2042,2061,2081,2099,2119,2137,2157,2176,2199,2216,2236,2256,2278,2301,2319,2336,2357,2374,2395,2412,2430,2449,2466,2485,2506,2524,2542,2562,2578,2594,2612,2628]","[49,54,57,62,65,69,169,174,186,189,201,205,289,293,297,301,306,309,409,413,417,421,426,429,506,511,516,520,526]","[8,26,45,64,86,108,132,162,191,216,237,254,273,292,314,333,354,371,387,405,424,441,459,477,495,512,533,554,571]",model_input_patch_grid
pilot,n540852,base,d20_spatial_uniform5,8,8,576,114,29,143,29,0.453125,"[1,0,1,1,1,1,0,1,0,0,0,0,0,0,0,0,1,0,1,1,1,0,1,1,0,0,0,0,0,0,0,0,1,1,0,1,1,0,1,1,1,1,0,1,1,0,1,1,0,0,0,0,0,0,0,0,1,0,1,0,1,1,0,1]",56,0.875,"[1,1,2,1,4,2,3,1,1,6,3,4,2,1,6,0,1,6,5,6,6,6,6,2,0,1,4,0,3,3,1,0,4,1,4,1,3,4,1,1,1,3,3,1,1,2,1,1,2,0,0,1,1,2,0,0,1,1,1,3,4,2,2,3]",0,0,29,0.0,0.0,0.015748031496062992,0.6765847347994826,0.0,0.6627906976744186,"[49,54,57,62,65,69,169,174,186,189,201,205,289,293,297,301,306,309,409,413,417,421,426,429,506,511,516,520,526,663,668,672,676,680,685,689,693,697,701,841,845,850,854,859,864,873,911,1051,1055,1060,1065,1069,1079,1085,1088,1223,1227,1232,1238,1246,1256,1260,1285,1294,1395,1399,1404,1409,1413,1418,1422,1427,1432,1576,1581,1585,1590,1595,1599,1604,1610,1614,1753,1782,1791,1801,1805,1809,1819,1954,1958,1963,1968,1972,1977,1986,1991,2024,2140,2154,2169,2173,2178,2188,2192,2201,2206,2345,2350,2355,2359,2364,2369,2373,2379,2384,2513,2517,2522,2527,2531,2541,2546,2550,2579]","[8,26,45,64,86,108,132,162,191,216,237,254,273,292,314,333,354,371,387,405,424,441,459,477,495,512,533,554,571,589,605,623,641,657,675,692,709,726,743,761,779,797,817,857,877,895,914,932,949,968,988,1009,1052,1073,1095,1131,1162,1185,1218,1244,1268,1296,1315,1343,1362,1378,1397,1416,1436,1454,1475,1492,1511,1531,1552,1573,1593,1615,1668,1694,1724,1744,1766,1834,1860,1879,1901,1920,1940,1957,1976,1999,2019,2042,2061,2081,2099,2119,2137,2157,2176,2199,2216,2236,2256,2278,2301,2319,2336,2357,2374,2395,2412,2430,2449,2466,2485,2506,2524,2542,2562,2578,2594,2612,2628]","[49,54,57,62,65,69,169,174,186,189,201,205,289,293,297,301,306,309,409,413,417,421,426,429,506,511,516,520,526]","[8,26,45,64,86,108,132,162,191,216,237,254,273,292,314,333,354,371,387,405,424,441,459,477,495,512,533,554,571]",model_input_patch_grid
pilot,n540852,high,d20_index_uniform5,8,8,2016,405,100,505,57,0.890625,"[2,1,3,0,2,3,1,2,4,1,1,1,4,1,0,1,2,2,0,0,1,1,2,2,2,2,2,1,1,3,1,1,1,3,1,1,0,2,1,1,3,1,2,1,3,0,2,1,1,3,1,1,2,1,3,1,0,2,3,1,2,1,2,3]",64,1.0,"[3,4,7,2,6,4,2,3,5,10,8,7,9,2,16,1,4,12,20,23,15,15,15,4,5,5,6,3,8,10,11,2,11,9,22,21,11,17,10,7,5,3,11,10,5,14,5,5,8,3,4,17,4,9,4,5,2,8,5,1,5,3,8,6]",,,,,,0.015748031496062992,0.6765847347994826,0.02040816326530612,0.6805324459234608,"[49,54,57,62,65,69,169,174,186,189,201,205,289,293,297,301,306,309,409,413,417,421,426,429,506,511,516,520,526,663,668,672,676,680,685,689,693,697,701,841,845,850,854,859,864,873,911,1051,1055,1060,1065,1069,1079,1085,1088,1223,1227,1232,1238,1246,1256,1260,1285,1294,1395,1399,1404,1409,1413,1418,1422,1427,1432,1576,1581,1585,1590,1595,1599,1604,1610,1614,1753,1782,1791,1801,1805,1809,1819,1954,1958,1963,1968,1972,1977,1986,1991,2024,2140,2154,2169,2173,2178,2188,2192,2201,2206,2345,2350,2355,2359,2364,2369,2373,2379,2384,2513,2517,2522,2527,2531,2541,2546,2550,2579]","[8,26,45,64,86,108,132,162,191,216,237,254,273,292,314,333,354,371,387,405,424,441,459,477,495,512,533,554,571,589,605,623,641,657,675,692,709,726,743,761,779,797,817,857,877,895,914,932,949,968,988,1009,1052,1073,1095,1131,1162,1185,1218,1244,1268,1296,1315,1343,1362,1378,1397,1416,1436,1454,1475,1492,1511,1531,1552,1573,1593,1615,1668,1694,1724,1744,1766,1834,1860,1879,1901,1920,1940,1957,1976,1999,2019,2042,2061,2081,2099,2119,2137,2157,2176,2199,2216,2236,2256,2278,2301,2319,2336,2357,2374,2395,2412,2430,2449,2466,2485,2506,2524,2542,2562,2578,2594,2612,2628]","[663,668,672,676,680,685,689,693,697,701,841,845,850,854,859,864,873,911,1051,1055,1060,1065,1069,1079,1085,1088,1223,1227,1232,1238,1246,1256,1260,1285,1294,1395,1399,1404,1409,1413,1418,1422,1427,1432,1576,1581,1585,1590,1595,1599,1604,1610,1614,1753,1782,1791,1801,1805,1809,1819,1954,1958,1963,1968,1972,1977,1986,1991,2024,2140,2154,2169,2173,2178,2188,2192,2201,2206,2345,2350,2355,2359,2364,2369,2373,2379,2384,2513,2517,2522,2527,2531,2541,2546,2550,2579]","[589,605,623,641,657,675,692,709,726,743,761,779,797,817,857,877,895,914,932,949,968,988,1009,1052,1073,1095,1131,1162,1185,1218,1244,1268,1296,1315,1343,1362,1378,1397,1416,1436,1454,1475,1492,1511,1531,1552,1573,1593,1615,1668,1694,1724,1744,1766,1834,1860,1879,1901,1920,1940,1957,1976,1999,2019,2042,2061,2081,2099,2119,2137,2157,2176,2199,2216,2236,2256,2278,2301,2319,2336,2357,2374,2395,2412,2430,2449,2466,2485,2506,2524,2542,2562,2578,2594,2612,2628]",model_input_patch_grid
pilot,n540852,high,d20_spatial_uniform5,8,8,2016,405,100,505,64,1.0,"[1,1,2,1,1,1,2,1,2,2,2,4,2,2,2,2,1,1,1,1,2,1,1,1,1,1,2,4,2,2,2,2,2,2,1,1,2,1,1,1,1,1,1,2,1,1,1,1,1,2,2,3,3,2,2,2,2,1,1,2,1,1,1,1]",64,1.0,"[2,4,6,3,5,2,3,2,3,11,9,10,7,3,18,2,3,11,21,24,16,15,14,3,4,4,6,6,9,9,12,3,12,8,22,21,13,16,10,7,3,3,10,11,3,15,4,5,8,2,5,19,5,10,3,6,4,7,3,2,4,3,7,4]",0,0,100,0.0,0.0,0.015748031496062992,0.6765847347994826,0.02040816326530612,0.6805324459234608,"[49,54,57,62,65,69,169,174,186,189,201,205,289,293,297,301,306,309,409,413,417,421,426,429,506,511,516,520,526,663,668,672,676,680,685,689,693,697,701,841,845,850,854,859,864,873,911,1051,1055,1060,1065,1069,1079,1085,1088,1223,1227,1232,1238,1246,1256,1260,1285,1294,1395,1399,1404,1409,1413,1418,1422,1427,1432,1576,1581,1585,1590,1595,1599,1604,1610,1614,1753,1782,1791,1801,1805,1809,1819,1954,1958,1963,1968,1972,1977,1986,1991,2024,2140,2154,2169,2173,2178,2188,2192,2201,2206,2345,2350,2355,2359,2364,2369,2373,2379,2384,2513,2517,2522,2527,2531,2541,2546,2550,2579]","[8,26,45,64,86,108,132,162,191,216,237,254,273,292,314,333,354,371,387,405,424,441,459,477,495,512,533,554,571,589,605,623,641,657,675,692,709,726,743,761,779,797,817,857,877,895,914,932,949,968,988,1009,1052,1073,1095,1131,1162,1185,1218,1244,1268,1296,1315,1343,1362,1378,1397,1416,1436,1454,1475,1492,1511,1531,1552,1573,1593,1615,1668,1694,1724,1744,1766,1834,1860,1879,1901,1920,1940,1957,1976,1999,2019,2042,2061,2081,2099,2119,2137,2157,2176,2199,2216,2236,2256,2278,2301,2319,2336,2357,2374,2395,2412,2430,2449,2466,2485,2506,2524,2542,2562,2578,2594,2612,2628]","[663,668,672,676,680,685,689,693,697,701,841,845,850,854,859,864,873,911,1051,1055,1060,1065,1069,1079,1085,1088,1223,1227,1232,1238,1246,1256,1260,1285,1294,1395,1399,1404,1409,1413,1418,1422,1427,1432,1576,1581,1585,1590,1595,1599,1604,1610,1614,1753,1782,1791,1801,1805,1809,1819,1954,1958,1963,1968,1972,1977,1986,1991,2024,2140,2154,2169,2173,2178,2188,2192,2201,2206,2345,2350,2355,2359,2364,2369,2373,2379,2384,2513,2517,2522,2527,2531,2541,2546,2550,2579]","[589,605,623,641,657,675,692,709,726,743,761,779,797,817,857,877,895,914,932,949,968,988,1009,1052,1073,1095,1131,1162,1185,1218,1244,1268,1296,1315,1343,1362,1378,1397,1416,1436,1454,1475,1492,1511,1531,1552,1573,1593,1615,1668,1694,1724,1744,1766,1834,1860,1879,1901,1920,1940,1957,1976,1999,2019,2042,2061,2081,2099,2119,2137,2157,2176,2199,2216,2236,2256,2278,2301,2319,2336,2357,2374,2395,2412,2430,2449,2466,2485,2506,2524,2542,2562,2578,2594,2612,2628]",model_input_patch_grid
pilot,n567860,base,d20_index_uniform5,8,8,576,119,29,148,25,0.390625,"[1,0,0,1,1,0,0,1,1,0,1,1,0,0,0,1,0,0,0,0,1,0,2,0,0,0,1,2,0,0,0,0,0,1,0,0,0,0,1,2,0,0,0,0,0,1,1,1,0,0,1,0,0,1,1,0,1,0,1,0,1,0,0,2]",58,0.90625,"[1,1,1,1,1,1,2,5,3,1,3,2,3,0,1,4,2,5,2,1,3,4,3,2,1,0,3,6,6,2,1,2,2,1,2,0,7,4,2,2,4,0,3,6,8,5,2,2,1,2,1,3,1,3,3,1,1,1,2,0,2,1,0,3]",,,,,,0.036036036036036036,0.6866764275256223,0.05454545454545454,0.7011494252873564,"[49,53,57,61,65,69,169,173,177,182,185,189,289,293,297,302,305,309,409,413,425,441,445,511,515,520,666,676,680,684,689,693,697,702,706,711,719,872,876,885,889,893,898,902,907,911,915,1118,1121,1125,1129,1139,1143,1152,1156,1160,1196,1326,1362,1366,1370,1379,1383,1388,1392,1397,1401,1405,1558,1571,1580,1588,1593,1597,1601,1611,1615,1624,1632,1780,1803,1807,1811,1816,1825,1833,1838,1846,1869,1999,2004,2008,2018,2023,2028,2032,2037,2042,2195,2200,2209,2214,2219,2224,2228,2233,2238]","[9,26,45,62,82,103,121,141,162,186,206,226,249,271,291,311,334,355,377,402,451,471,488,542,558,574,592,610,630,647,664,685,703,726,742,772,788,804,827,844,861,899,917,935,954,974,992,1010,1031,1047,1072,1092,1112,1154,1176,1198,1224,1245,1272,1299,1324,1347,1369,1396,1420,1446,1471,1511,1535,1553,1582,1602,1622,1642,1661,1678,1705,1723,1749,1766,1793,1810,1860,1887,1904,1925,1941,1959,1978,1997,2031,2050,2066,2085,2102,2119,2136,2154,2171,2187,2223,2243,2259,2275,2295,2312,2329]","[49,53,57,61,65,69,169,173,177,182,185,189,289,293,297,302,305,309,409,413,425,441,445,511,515,520]","[9,26,45,62,82,103,121,141,162,186,206,226,249,271,291,311,334,355,377,402,451,471,488,542,558,574]",model_input_patch_grid
pilot,n567860,base,d20_spatial_uniform5,8,8,576,119,29,148,29,0.453125,"[1,1,0,1,1,1,0,1,0,0,0,0,0,0,0,0,1,1,0,1,1,1,0,1,0,0,0,0,0,0,0,0,1,1,0,1,1,1,0,1,1,1,0,0,0,1,0,1,0,0,0,1,1,0,0,0,1,0,1,1,0,1,0,1]",60,0.9375,"[1,2,1,1,1,2,2,5,2,1,2,1,3,0,1,3,3,6,2,2,3,5,1,3,1,0,2,4,6,2,1,2,3,1,2,1,8,5,1,1,5,1,3,6,8,5,1,2,1,2,0,4,2,2,2,1,1,1,2,1,1,2,0,2]",0,0,29,0.0,0.0,0.036036036036036036,0.6866764275256223,0.05454545454545454,0.7011494252873564,"[49,53,57,61,65,69,169,173,177,182,185,189,289,293,297,302,305,309,409,413,425,441,445,511,515,520,666,676,680,684,689,693,697,702,706,711,719,872,876,885,889,893,898,902,907,911,915,1118,1121,1125,1129,1139,1143,1152,1156,1160,1196,1326,1362,1366,1370,1379,1383,1388,1392,1397,1401,1405,1558,1571,1580,1588,1593,1597,1601,1611,1615,1624,1632,1780,1803,1807,1811,1816,1825,1833,1838,1846,1869,1999,2004,2008,2018,2023,2028,2032,2037,2042,2195,2200,2209,2214,2219,2224,2228,2233,2238]","[9,26,45,62,82,103,121,141,162,186,206,226,249,271,291,311,334,355,377,402,451,471,488,542,558,574,592,610,630,647,664,685,703,726,742,772,788,804,827,844,861,899,917,935,954,974,992,1010,1031,1047,1072,1092,1112,1154,1176,1198,1224,1245,1272,1299,1324,1347,1369,1396,1420,1446,1471,1511,1535,1553,1582,1602,1622,1642,1661,1678,1705,1723,1749,1766,1793,1810,1860,1887,1904,1925,1941,1959,1978,1997,2031,2050,2066,2085,2102,2119,2136,2154,2171,2187,2223,2243,2259,2275,2295,2312,2329]","[49,53,57,61,65,69,169,173,177,182,185,189,289,293,297,302,305,309,409,413,425,441,445,511,515,520]","[9,26,45,62,82,103,121,141,162,186,206,226,249,271,291,311,334,355,377,402,451,471,488,542,558,574]",model_input_patch_grid
pilot,n567860,high,d20_index_uniform5,8,8,1728,342,86,428,54,0.84375,"[2,1,1,2,1,1,1,0,1,3,2,1,2,2,1,2,0,1,2,1,1,2,1,1,0,4,1,0,0,1,4,0,1,0,2,0,2,0,1,2,1,3,1,1,1,0,3,1,3,1,1,1,1,2,1,1,2,3,1,1,2,2,2,1]",64,1.0,"[4,1,2,4,6,4,13,7,2,4,3,7,5,5,8,6,12,5,5,4,5,9,9,6,9,17,12,2,15,18,9,5,5,19,5,9,14,4,6,9,3,6,2,22,22,9,7,4,3,1,2,8,6,3,1,5,3,4,1,4,4,4,3,7]",,,,,,0.036036036036036036,0.6866764275256223,0.029940119760479042,0.6817288801571709,"[49,53,57,61,65,69,169,173,177,182,185,189,289,293,297,302,305,309,409,413,425,441,445,511,515,520,666,676,680,684,689,693,697,702,706,711,719,872,876,885,889,893,898,902,907,911,915,1118,1121,1125,1129,1139,1143,1152,1156,1160,1196,1326,1362,1366,1370,1379,1383,1388,1392,1397,1401,1405,1558,1571,1580,1588,1593,1597,1601,1611,1615,1624,1632,1780,1803,1807,1811,1816,1825,1833,1838,1846,1869,1999,2004,2008,2018,2023,2028,2032,2037,2042,2195,2200,2209,2214,2219,2224,2228,2233,2238]","[9,26,45,62,82,103,121,141,162,186,206,226,249,271,291,311,334,355,377,402,451,471,488,542,558,574,592,610,630,647,664,685,703,726,742,772,788,804,827,844,861,899,917,935,954,974,992,1010,1031,1047,1072,1092,1112,1154,1176,1198,1224,1245,1272,1299,1324,1347,1369,1396,1420,1446,1471,1511,1535,1553,1582,1602,1622,1642,1661,1678,1705,1723,1749,1766,1793,1810,1860,1887,1904,1925,1941,1959,1978,1997,2031,2050,2066,2085,2102,2119,2136,2154,2171,2187,2223,2243,2259,2275,2295,2312,2329]","[666,676,680,684,689,693,697,702,706,711,719,872,876,885,889,893,898,902,907,911,915,1118,1121,1125,1129,1139,1143,1152,1156,1160,1196,1326,1362,1366,1370,1379,1383,1388,1392,1397,1401,1405,1558,1571,1580,1588,1593,1597,1601,1611,1615,1624,1632,1780,1803,1807,1811,1816,1825,1833,1838,1846,1869,1999,2004,2008,2018,2023,2028,2032,2037,2042,2195,2200,2209,2214,2219,2224,2228,2233,2238]","[592,610,630,647,664,685,703,726,742,772,788,804,827,844,861,899,917,935,954,974,992,1010,1031,1047,1072,1092,1112,1154,1176,1198,1224,1245,1272,1299,1324,1347,1369,1396,1420,1446,1471,1511,1535,1553,1582,1602,1622,1642,1661,1678,1705,1723,1749,1766,1793,1810,1860,1887,1904,1925,1941,1959,1978,1997,2031,2050,2066,2085,2102,2119,2136,2154,2171,2187,2223,2243,2259,2275,2295,2312,2329]",model_input_patch_grid
pilot,n567860,high,d20_spatial_uniform5,8,8,1728,342,86,428,64,1.0,"[1,2,1,2,1,1,2,1,1,2,1,2,1,1,2,1,1,2,1,1,2,1,2,1,1,2,1,2,1,1,2,1,1,2,1,1,2,1,2,1,1,2,1,1,2,1,2,1,1,2,1,1,1,2,1,1,1,2,1,1,1,2,1,1]",64,1.0,"[3,2,2,4,6,4,14,8,2,3,2,8,4,4,9,5,13,6,4,4,6,8,10,6,10,15,12,4,16,18,7,6,5,21,4,10,14,5,7,8,3,5,2,22,23,10,6,4,1,2,2,8,6,3,1,5,2,3,1,4,3,4,2,7]",0,0,86,0.0,0.0,0.036036036036036036,0.6866764275256223,0.029940119760479042,0.6817288801571709,"[49,53,57,61,65,69,169,173,177,182,185,189,289,293,297,302,305,309,409,413,425,441,445,511,515,520,666,676,680,684,689,693,697,702,706,711,719,872,876,885,889,893,898,902,907,911,915,1118,1121,1125,1129,1139,1143,1152,1156,1160,1196,1326,1362,1366,1370,1379,1383,1388,1392,1397,1401,1405,1558,1571,1580,1588,1593,1597,1601,1611,1615,1624,1632,1780,1803,1807,1811,1816,1825,1833,1838,1846,1869,1999,2004,2008,2018,2023,2028,2032,2037,2042,2195,2200,2209,2214,2219,2224,2228,2233,2238]","[9,26,45,62,82,103,121,141,162,186,206,226,249,271,291,311,334,355,377,402,451,471,488,542,558,574,592,610,630,647,664,685,703,726,742,772,788,804,827,844,861,899,917,935,954,974,992,1010,1031,1047,1072,1092,1112,1154,1176,1198,1224,1245,1272,1299,1324,1347,1369,1396,1420,1446,1471,1511,1535,1553,1582,1602,1622,1642,1661,1678,1705,1723,1749,1766,1793,1810,1860,1887,1904,1925,1941,1959,1978,1997,2031,2050,2066,2085,2102,2119,2136,2154,2171,2187,2223,2243,2259,2275,2295,2312,2329]","[666,676,680,684,689,693,697,702,706,711,719,872,876,885,889,893,898,902,907,911,915,1118,1121,1125,1129,1139,1143,1152,1156,1160,1196,1326,1362,1366,1370,1379,1383,1388,1392,1397,1401,1405,1558,1571,1580,1588,1593,1597,1601,1611,1615,1624,1632,1780,1803,1807,1811,1816,1825,1833,1838,1846,1869,1999,2004,2008,2018,2023,2028,2032,2037,2042,2195,2200,2209,2214,2219,2224,2228,2233,2238]","[592,610,630,647,664,685,703,726,742,772,788,804,827,844,861,899,917,935,954,974,992,1010,1031,1047,1072,1092,1112,1154,1176,1198,1224,1245,1272,1299,1324,1347,1369,1396,1420,1446,1471,1511,1535,1553,1582,1602,1622,1642,1661,1678,1705,1723,1749,1766,1793,1810,1860,1887,1904,1925,1941,1959,1978,1997,2031,2050,2066,2085,2102,2119,2136,2154,2171,2187,2223,2243,2259,2275,2295,2312,2329]",model_input_patch_grid
pilot,n58220,base,d20_index_uniform5,8,8,576,111,29,140,26,0.40625,"[1,0,0,1,0,1,0,1,1,0,1,0,0,0,0,2,0,0,1,1,0,0,1,0,0,0,2,1,0,0,0,0,1,1,0,0,0,0,1,1,0,1,0,0,1,1,0,1,1,1,0,1,0,0,1,0,0,0,0,0,1,2,0,0]",53,0.828125,"[3,0,1,4,0,2,0,1,3,2,1,4,4,2,0,2,1,0,2,4,5,5,2,0,1,4,5,2,4,2,3,5,2,2,1,2,2,0,5,4,1,1,1,1,4,1,1,1,3,2,0,5,1,2,1,0,5,4,0,6,2,4,0,2]",,,,,,0.026785714285714284,0.6817518248175183,0.017543859649122806,0.6666666666666666,"[49,53,58,61,65,69,157,169,173,177,185,189,286,289,293,297,301,305,409,413,417,421,425,429,511,516,525,529,676,680,684,689,693,697,706,711,715,719,844,872,876,880,885,889,897,902,907,911,915,1117,1121,1125,1130,1134,1139,1143,1148,1156,1160,1307,1348,1351,1362,1365,1370,1374,1380,1388,1558,1562,1566,1571,1575,1579,1584,1588,1593,1646,1651,1803,1807,1811,1816,1820,1829,1833,1838,1842,1847,1999,2004,2008,2013,2018,2023,2028,2032,2037,2042,2200,2205,2209,2219,2224,2228,2233,2238,2244,2263]","[9,26,46,63,80,97,118,141,162,178,199,223,249,271,292,313,334,354,373,389,407,424,441,461,481,499,519,565,586,602,618,636,652,668,686,718,737,753,769,787,803,819,837,854,871,887,909,926,950,966,984,1007,1025,1051,1069,1086,1109,1127,1169,1188,1208,1227,1251,1273,1295,1314,1463,1520,1542,1574,1596,1619,1641,1664,1683,1701,1722,1738,1755,1773,1791,1808,1841,1862,1879,1902,1918,1936,1955,1972,1989,2006,2025,2041,2058,2075,2092,2111,2129,2146,2169,2185,2207,2225,2248,2270,2288,2313,2329]","[49,53,58,61,65,69,157,169,173,177,185,189,286,289,293,297,301,305,409,413,417,421,425,429,511,516,525,529]","[9,26,46,63,80,97,118,141,162,178,199,223,249,271,292,313,334,354,373,389,407,424,441,461,481,499,519,565]",model_input_patch_grid
pilot,n58220,base,d20_spatial_uniform5,8,8,576,111,29,140,29,0.453125,"[1,1,0,1,1,1,0,1,0,0,0,0,0,0,0,0,1,1,0,1,1,1,0,1,0,0,0,0,0,0,0,1,1,1,0,1,1,1,0,0,1,1,0,1,1,1,0,1,0,0,0,0,0,0,0,0,1,0,1,0,1,1,0,1]",56,0.875,"[3,1,1,4,1,2,0,1,2,2,0,4,4,2,0,0,2,1,1,4,6,6,1,1,1,4,3,1,4,2,3,6,2,2,1,3,3,1,4,3,2,1,1,2,4,1,1,1,2,1,0,4,1,2,0,0,6,4,1,6,2,3,0,3]",0,0,29,0.0,0.0,0.026785714285714284,0.6817518248175183,0.017543859649122806,0.6666666666666666,"[49,53,58,61,65,69,157,169,173,177,185,189,286,289,293,297,301,305,409,413,417,421,425,429,511,516,525,529,676,680,684,689,693,697,706,711,715,719,844,872,876,880,885,889,897,902,907,911,915,1117,1121,1125,1130,1134,1139,1143,1148,1156,1160,1307,1348,1351,1362,1365,1370,1374,1380,1388,1558,1562,1566,1571,1575,1579,1584,1588,1593,1646,1651,1803,1807,1811,1816,1820,1829,1833,1838,1842,1847,1999,2004,2008,2013,2018,2023,2028,2032,2037,2042,2200,2205,2209,2219,2224,2228,2233,2238,2244,2263]","[9,26,46,63,80,97,118,141,162,178,199,223,249,271,292,313,334,354,373,389,407,424,441,461,481,499,519,565,586,602,618,636,652,668,686,718,737,753,769,787,803,819,837,854,871,887,909,926,950,966,984,1007,1025,1051,1069,1086,1109,1127,1169,1188,1208,1227,1251,1273,1295,1314,1463,1520,1542,1574,1596,1619,1641,1664,1683,1701,1722,1738,1755,1773,1791,1808,1841,1862,1879,1902,1918,1936,1955,1972,1989,2006,2025,2041,2058,2075,2092,2111,2129,2146,2169,2185,2207,2225,2248,2270,2288,2313,2329]","[49,53,58,61,65,69,157,169,173,177,185,189,286,289,293,297,301,305,409,413,417,421,425,429,511,516,525,529]","[9,26,46,63,80,97,118,141,162,178,199,223,249,271,292,313,334,354,373,389,407,424,441,461,481,499,519,565]",model_input_patch_grid
pilot,n58220,high,d20_index_uniform5,8,8,1728,350,86,436,53,0.828125,"[0,2,2,0,3,1,0,4,1,1,4,0,0,3,2,2,2,1,1,1,1,1,1,2,1,1,1,1,0,2,1,0,1,0,2,1,0,1,2,0,1,2,1,3,2,1,2,1,1,2,1,1,3,0,2,2,1,1,2,1,2,2,2,1]",62,0.96875,"[6,2,2,0,3,1,0,4,3,1,5,6,12,7,2,2,5,1,1,12,13,12,1,2,13,19,13,14,15,17,16,17,8,11,18,8,4,12,17,15,4,5,6,4,5,3,4,8,2,2,1,6,5,2,2,4,11,10,4,10,7,4,3,4]",,,,,,0.026785714285714284,0.6817518248175183,0.029940119760479042,0.6866537717601547,"[49,53,58,61,65,69,157,169,173,177,185,189,286,289,293,297,301,305,409,413,417,421,425,429,511,516,525,529,676,680,684,689,693,697,706,711,715,719,844,872,876,880,885,889,897,902,907,911,915,1117,1121,1125,1130,1134,1139,1143,1148,1156,1160,1307,1348,1351,1362,1365,1370,1374,1380,1388,1558,1562,1566,1571,1575,1579,1584,1588,1593,1646,1651,1803,1807,1811,1816,1820,1829,1833,1838,1842,1847,1999,2004,2008,2013,2018,2023,2028,2032,2037,2042,2200,2205,2209,2219,2224,2228,2233,2238,2244,2263]","[9,26,46,63,80,97,118,141,162,178,199,223,249,271,292,313,334,354,373,389,407,424,441,461,481,499,519,565,586,602,618,636,652,668,686,718,737,753,769,787,803,819,837,854,871,887,909,926,950,966,984,1007,1025,1051,1069,1086,1109,1127,1169,1188,1208,1227,1251,1273,1295,1314,1463,1520,1542,1574,1596,1619,1641,1664,1683,1701,1722,1738,1755,1773,1791,1808,1841,1862,1879,1902,1918,1936,1955,1972,1989,2006,2025,2041,2058,2075,2092,2111,2129,2146,2169,2185,2207,2225,2248,2270,2288,2313,2329]","[676,680,684,689,693,697,706,711,715,719,844,872,876,880,885,889,897,902,907,911,915,1117,1121,1125,1130,1134,1139,1143,1148,1156,1160,1307,1348,1351,1362,1365,1370,1374,1380,1388,1558,1562,1566,1571,1575,1579,1584,1588,1593,1646,1651,1803,1807,1811,1816,1820,1829,1833,1838,1842,1847,1999,2004,2008,2013,2018,2023,2028,2032,2037,2042,2200,2205,2209,2219,2224,2228,2233,2238,2244,2263]","[586,602,618,636,652,668,686,718,737,753,769,787,803,819,837,854,871,887,909,926,950,966,984,1007,1025,1051,1069,1086,1109,1127,1169,1188,1208,1227,1251,1273,1295,1314,1463,1520,1542,1574,1596,1619,1641,1664,1683,1701,1722,1738,1755,1773,1791,1808,1841,1862,1879,1902,1918,1936,1955,1972,1989,2006,2025,2041,2058,2075,2092,2111,2129,2146,2169,2185,2207,2225,2248,2270,2288,2313,2329]",model_input_patch_grid
pilot,n58220,high,d20_spatial_uniform5,8,8,1728,350,86,436,64,1.0,"[1,2,1,2,1,1,2,1,1,2,1,2,1,1,2,1,1,2,1,1,2,1,2,1,2,1,1,2,1,1,2,1,1,2,1,2,1,1,2,1,1,2,1,2,1,1,2,1,1,2,1,1,1,2,1,1,1,1,2,1,1,2,1,1]",64,1.0,"[7,2,1,2,1,1,2,1,3,2,2,8,13,5,2,1,4,2,1,12,14,12,2,1,14,19,13,15,16,16,17,18,8,13,17,9,5,12,17,16,4,5,6,3,4,3,4,8,2,2,1,6,3,4,1,3,11,10,4,10,6,4,2,4]",0,0,86,0.0,0.0,0.026785714285714284,0.6817518248175183,0.029940119760479042,0.6866537717601547,"[49,53,58,61,65,69,157,169,173,177,185,189,286,289,293,297,301,305,409,413,417,421,425,429,511,516,525,529,676,680,684,689,693,697,706,711,715,719,844,872,876,880,885,889,897,902,907,911,915,1117,1121,1125,1130,1134,1139,1143,1148,1156,1160,1307,1348,1351,1362,1365,1370,1374,1380,1388,1558,1562,1566,1571,1575,1579,1584,1588,1593,1646,1651,1803,1807,1811,1816,1820,1829,1833,1838,1842,1847,1999,2004,2008,2013,2018,2023,2028,2032,2037,2042,2200,2205,2209,2219,2224,2228,2233,2238,2244,2263]","[9,26,46,63,80,97,118,141,162,178,199,223,249,271,292,313,334,354,373,389,407,424,441,461,481,499,519,565,586,602,618,636,652,668,686,718,737,753,769,787,803,819,837,854,871,887,909,926,950,966,984,1007,1025,1051,1069,1086,1109,1127,1169,1188,1208,1227,1251,1273,1295,1314,1463,1520,1542,1574,1596,1619,1641,1664,1683,1701,1722,1738,1755,1773,1791,1808,1841,1862,1879,1902,1918,1936,1955,1972,1989,2006,2025,2041,2058,2075,2092,2111,2129,2146,2169,2185,2207,2225,2248,2270,2288,2313,2329]","[676,680,684,689,693,697,706,711,715,719,844,872,876,880,885,889,897,902,907,911,915,1117,1121,1125,1130,1134,1139,1143,1148,1156,1160,1307,1348,1351,1362,1365,1370,1374,1380,1388,1558,1562,1566,1571,1575,1579,1584,1588,1593,1646,1651,1803,1807,1811,1816,1820,1829,1833,1838,1842,1847,1999,2004,2008,2013,2018,2023,2028,2032,2037,2042,2200,2205,2209,2219,2224,2228,2233,2238,2244,2263]","[586,602,618,636,652,668,686,718,737,753,769,787,803,819,837,854,871,887,909,926,950,966,984,1007,1025,1051,1069,1086,1109,1127,1169,1188,1208,1227,1251,1273,1295,1314,1463,1520,1542,1574,1596,1619,1641,1664,1683,1701,1722,1738,1755,1773,1791,1808,1841,1862,1879,1902,1918,1936,1955,1972,1989,2006,2025,2041,2058,2075,2092,2111,2129,2146,2169,2185,2207,2225,2248,2270,2288,2313,2329]",model_input_patch_grid
pilot,n67005,base,d20_index_uniform5,8,8,576,121,28,149,25,0.390625,"[0,1,0,1,0,1,0,1,0,1,0,1,0,0,2,0,0,0,1,0,0,2,0,0,1,0,1,0,1,0,1,0,0,0,1,0,0,1,1,0,0,0,0,0,0,1,0,2,1,0,1,0,1,0,0,1,0,0,1,0,1,0,1,0]",52,0.8125,"[0,1,3,2,0,3,2,3,0,2,2,2,3,1,2,1,0,0,3,6,4,2,0,1,1,1,2,5,2,2,4,0,1,2,5,5,6,7,8,0,1,1,3,5,3,4,4,4,4,0,4,2,1,0,0,5,0,2,4,3,1,1,1,2]",,,,,,0.03139013452914798,0.6842105263157895,0.01818181818181818,0.6931818181818182,"[49,53,57,61,65,69,169,173,182,185,189,201,290,294,297,301,309,330,410,415,419,429,506,511,516,520,525,656,661,665,670,674,679,683,804,809,813,822,827,831,985,989,994,998,1004,1007,1012,1016,1109,1114,1133,1137,1142,1155,1160,1164,1281,1285,1290,1299,1303,1308,1312,1331,1433,1448,1460,1466,1475,1479,1526,1530,1613,1619,1623,1628,1632,1637,1640,1645,1799,1803,1808,1812,1817,1826,1830,1947,1956,1960,1965,1969,1973,2015,2095,2108,2113,2122,2126,2136,2141,2154,2280,2285,2290,2295,2306,2311]","[9,27,46,64,83,99,116,139,161,183,199,216,235,253,272,295,328,354,383,406,444,463,481,501,522,542,559,577,595,614,634,669,685,703,722,740,759,779,835,851,870,887,903,921,940,957,984,1009,1026,1047,1064,1084,1101,1122,1139,1166,1183,1201,1219,1239,1259,1276,1295,1313,1332,1348,1372,1388,1409,1432,1491,1539,1571,1600,1633,1653,1686,1711,1743,1763,1784,1801,1838,1857,1876,1894,1912,1932,1968,1989,2007,2024,2041,2058,2076,2094,2115,2133,2150,2167,2186,2206,2227,2245,2282,2302,2321,2339]","[49,53,57,61,65,69,169,173,182,185,189,201,290,294,297,301,309,330,410,415,419,429,506,511,516,520,525]","[9,27,46,64,83,99,116,139,161,183,199,216,235,253,272,295,328,354,383,406,444,463,481,501,522,542,559]",model_input_patch_grid
pilot,n67005,base,d20_spatial_uniform5,8,8,576,121,28,149,28,0.4375,"[1,1,0,1,1,1,0,1,0,0,0,0,0,0,0,0,1,1,0,1,1,1,0,1,0,0,0,0,0,0,0,0,1,0,1,1,1,0,1,1,1,0,1,1,0,1,0,1,0,0,0,0,0,0,0,0,1,0,1,0,1,1,0,1]",54,0.84375,"[1,1,3,2,1,3,2,3,0,1,2,1,3,1,0,1,1,1,2,7,5,1,0,2,0,1,1,5,1,2,3,0,2,2,5,6,7,6,8,1,2,1,4,6,3,4,4,3,3,0,3,2,0,0,0,4,1,2,4,3,1,2,0,3]",0,0,28,0.0,0.0,0.03139013452914798,0.6842105263157895,0.01818181818181818,0.6931818181818182,"[49,53,57,61,65,69,169,173,182,185,189,201,290,294,297,301,309,330,410,415,419,429,506,511,516,520,525,656,661,665,670,674,679,683,804,809,813,822,827,831,985,989,994,998,1004,1007,1012,1016,1109,1114,1133,1137,1142,1155,1160,1164,1281,1285,1290,1299,1303,1308,1312,1331,1433,1448,1460,1466,1475,1479,1526,1530,1613,1619,1623,1628,1632,1637,1640,1645,1799,1803,1808,1812,1817,1826,1830,1947,1956,1960,1965,1969,1973,2015,2095,2108,2113,2122,2126,2136,2141,2154,2280,2285,2290,2295,2306,2311]","[9,27,46,64,83,99,116,139,161,183,199,216,235,253,272,295,328,354,383,406,444,463,481,501,522,542,559,577,595,614,634,669,685,703,722,740,759,779,835,851,870,887,903,921,940,957,984,1009,1026,1047,1064,1084,1101,1122,1139,1166,1183,1201,1219,1239,1259,1276,1295,1313,1332,1348,1372,1388,1409,1432,1491,1539,1571,1600,1633,1653,1686,1711,1743,1763,1784,1801,1838,1857,1876,1894,1912,1932,1968,1989,2007,2024,2041,2058,2076,2094,2115,2133,2150,2167,2186,2206,2227,2245,2282,2302,2321,2339]","[49,53,57,61,65,69,169,173,182,185,189,201,290,294,297,301,309,330,410,415,419,429,506,511,516,520,525]","[9,27,46,64,83,99,116,139,161,183,199,216,235,253,272,295,328,354,383,406,444,463,481,501,522,542,559]",model_input_patch_grid
pilot,n67005,high,d20_index_uniform5,8,8,1728,340,87,427,36,0.5625,"[3,0,0,2,4,0,0,3,3,0,2,2,1,1,0,3,0,4,0,2,0,0,3,3,0,1,0,3,2,0,0,4,1,1,0,0,1,1,1,1,2,3,0,0,1,5,0,0,2,4,0,0,1,5,0,0,3,3,0,0,2,4,0,0]",62,0.96875,"[4,3,5,5,7,4,1,7,3,0,4,10,11,5,1,6,0,5,1,14,12,4,3,5,6,6,3,19,8,8,3,4,4,20,10,18,19,16,16,17,2,10,4,15,9,8,4,3,2,7,4,4,6,7,1,4,4,6,3,2,10,10,1,4]",,,,,,0.03139013452914798,0.6842105263157895,0.03571428571428571,0.6811023622047244,"[49,53,57,61,65,69,169,173,182,185,189,201,290,294,297,301,309,330,410,415,419,429,506,511,516,520,525,656,661,665,670,674,679,683,804,809,813,822,827,831,985,989,994,998,1004,1007,1012,1016,1109,1114,1133,1137,1142,1155,1160,1164,1281,1285,1290,1299,1303,1308,1312,1331,1433,1448,1460,1466,1475,1479,1526,1530,1613,1619,1623,1628,1632,1637,1640,1645,1799,1803,1808,1812,1817,1826,1830,1947,1956,1960,1965,1969,1973,2015,2095,2108,2113,2122,2126,2136,2141,2154,2280,2285,2290,2295,2306,2311]","[9,27,46,64,83,99,116,139,161,183,199,216,235,253,272,295,328,354,383,406,444,463,481,501,522,542,559,577,595,614,634,669,685,703,722,740,759,779,835,851,870,887,903,921,940,957,984,1009,1026,1047,1064,1084,1101,1122,1139,1166,1183,1201,1219,1239,1259,1276,1295,1313,1332,1348,1372,1388,1409,1432,1491,1539,1571,1600,1633,1653,1686,1711,1743,1763,1784,1801,1838,1857,1876,1894,1912,1932,1968,1989,2007,2024,2041,2058,2076,2094,2115,2133,2150,2167,2186,2206,2227,2245,2282,2302,2321,2339]","[656,661,665,670,674,679,683,804,809,813,822,827,831,985,989,994,998,1004,1007,1012,1016,1109,1114,1133,1137,1142,1155,1160,1164,1281,1285,1290,1299,1303,1308,1312,1331,1433,1448,1460,1466,1475,1479,1526,1530,1613,1619,1623,1628,1632,1637,1640,1645,1799,1803,1808,1812,1817,1826,1830,1947,1956,1960,1965,1969,1973,2015,2095,2108,2113,2122,2126,2136,2141,2154,2280,2285,2290,2295,2306,2311]","[577,595,614,634,669,685,703,722,740,759,779,835,851,870,887,903,921,940,957,984,1009,1026,1047,1064,1084,1101,1122,1139,1166,1183,1201,1219,1239,1259,1276,1295,1313,1332,1348,1372,1388,1409,1432,1491,1539,1571,1600,1633,1653,1686,1711,1743,1763,1784,1801,1838,1857,1876,1894,1912,1932,1968,1989,2007,2024,2041,2058,2076,2094,2115,2133,2150,2167,2186,2206,2227,2245,2282,2302,2321,2339]",model_input_patch_grid
pilot,n67005,high,d20_spatial_uniform5,8,8,1728,340,87,427,63,0.984375,"[1,1,1,1,1,1,1,1,2,2,2,2,2,2,2,2,1,1,1,1,1,1,1,1,1,2,1,1,2,1,1,2,2,1,2,2,1,2,2,1,1,1,1,1,1,1,1,1,2,1,1,2,2,1,2,2,1,2,2,1,0,2,1,1]",64,1.0,"[2,4,6,4,4,5,2,5,2,2,4,10,12,6,3,5,1,2,2,13,13,5,1,3,7,7,4,17,8,9,4,2,5,20,12,20,19,17,17,17,1,8,5,16,9,4,5,4,2,4,5,6,7,3,3,6,2,5,5,3,8,8,2,5]",0,0,87,0.0,0.0,0.03139013452914798,0.6842105263157895,0.03571428571428571,0.6811023622047244,"[49,53,57,61,65,69,169,173,182,185,189,201,290,294,297,301,309,330,410,415,419,429,506,511,516,520,525,656,661,665,670,674,679,683,804,809,813,822,827,831,985,989,994,998,1004,1007,1012,1016,1109,1114,1133,1137,1142,1155,1160,1164,1281,1285,1290,1299,1303,1308,1312,1331,1433,1448,1460,1466,1475,1479,1526,1530,1613,1619,1623,1628,1632,1637,1640,1645,1799,1803,1808,1812,1817,1826,1830,1947,1956,1960,1965,1969,1973,2015,2095,2108,2113,2122,2126,2136,2141,2154,2280,2285,2290,2295,2306,2311]","[9,27,46,64,83,99,116,139,161,183,199,216,235,253,272,295,328,354,383,406,444,463,481,501,522,542,559,577,595,614,634,669,685,703,722,740,759,779,835,851,870,887,903,921,940,957,984,1009,1026,1047,1064,1084,1101,1122,1139,1166,1183,1201,1219,1239,1259,1276,1295,1313,1332,1348,1372,1388,1409,1432,1491,1539,1571,1600,1633,1653,1686,1711,1743,1763,1784,1801,1838,1857,1876,1894,1912,1932,1968,1989,2007,2024,2041,2058,2076,2094,2115,2133,2150,2167,2186,2206,2227,2245,2282,2302,2321,2339]","[656,661,665,670,674,679,683,804,809,813,822,827,831,985,989,994,998,1004,1007,1012,1016,1109,1114,1133,1137,1142,1155,1160,1164,1281,1285,1290,1299,1303,1308,1312,1331,1433,1448,1460,1466,1475,1479,1526,1530,1613,1619,1623,1628,1632,1637,1640,1645,1799,1803,1808,1812,1817,1826,1830,1947,1956,1960,1965,1969,1973,2015,2095,2108,2113,2122,2126,2136,2141,2154,2280,2285,2290,2295,2306,2311]","[577,595,614,634,669,685,703,722,740,759,779,835,851,870,887,903,921,940,957,984,1009,1026,1047,1064,1084,1101,1122,1139,1166,1183,1201,1219,1239,1259,1276,1295,1313,1332,1348,1372,1388,1409,1432,1491,1539,1571,1600,1633,1653,1686,1711,1743,1763,1784,1801,1838,1857,1876,1894,1912,1932,1968,1989,2007,2024,2041,2058,2076,2094,2115,2133,2150,2167,2186,2206,2227,2245,2282,2302,2321,2339]",model_input_patch_grid
pilot,n90294,base,d20_index_uniform5,8,8,576,106,29,135,25,0.390625,"[1,0,1,0,1,0,1,0,1,0,1,1,0,0,1,0,1,1,0,1,0,0,1,0,0,2,0,1,0,0,0,0,0,0,0,3,0,0,0,0,1,1,0,0,0,0,0,2,0,0,1,1,0,1,0,0,0,1,1,0,0,1,0,1]",55,0.859375,"[2,1,4,2,2,2,2,0,2,0,3,1,3,0,2,0,1,1,3,2,2,0,2,1,2,4,3,5,3,3,5,0,0,3,4,6,3,2,3,2,1,7,1,3,2,1,1,5,1,1,2,4,1,3,1,4,1,2,1,1,0,2,0,4]",,,,,,0.05504587155963303,0.6966126656848306,0.09433962264150944,0.6981132075471698,"[53,57,61,65,69,169,178,181,185,190,281,289,293,302,309,409,414,417,421,425,506,511,515,520,676,680,684,689,693,697,702,706,711,719,872,876,880,885,890,893,898,902,907,911,915,1117,1121,1125,1130,1134,1138,1143,1147,1152,1156,1160,1313,1321,1330,1335,1348,1352,1376,1389,1391,1405,1558,1563,1571,1575,1579,1584,1592,1602,1637,1803,1808,1811,1816,1820,1825,1829,1833,1838,1841,1999,2004,2008,2013,2018,2023,2028,2038,2042,2195,2200,2205,2209,2214,2219,2228,2233,2238]","[12,32,67,83,102,121,138,155,192,210,227,245,268,321,345,365,385,407,448,466,486,508,543,560,579,595,612,630,647,665,682,698,733,749,765,782,802,818,837,860,877,896,912,929,947,965,983,1001,1018,1037,1054,1071,1093,1111,1128,1148,1165,1186,1204,1222,1243,1264,1285,1312,1336,1412,1459,1509,1541,1591,1619,1665,1690,1712,1737,1761,1784,1805,1828,1865,1887,1904,1924,1940,1958,1975,1994,2011,2052,2070,2092,2111,2130,2151,2167,2187,2207,2240,2259,2278,2297,2313,2329]","[53,57,61,65,69,169,178,181,185,190,281,289,293,302,309,409,414,417,421,425,506,511,515,520]","[12,32,67,83,102,121,138,155,192,210,227,245,268,321,345,365,385,407,448,466,486,508,543,560]",model_input_patch_grid
pilot,n90294,base,d20_spatial_uniform5,8,8,576,106,29,135,29,0.453125,"[1,1,0,1,1,1,0,1,0,0,0,0,0,0,0,0,1,1,0,1,1,1,0,1,0,0,0,0,0,1,0,0,1,1,0,1,1,0,0,1,1,0,1,1,1,1,0,1,0,0,0,0,0,0,0,0,1,0,1,1,0,1,0,1]",57,0.890625,"[2,2,3,3,2,3,1,1,1,0,2,0,3,0,1,0,1,1,3,2,3,1,1,2,2,2,3,4,3,4,5,0,1,4,4,4,4,2,3,3,1,6,2,4,3,2,1,4,1,1,1,3,1,2,1,4,2,1,1,2,0,2,0,4]",0,0,29,0.0,0.0,0.05504587155963303,0.6966126656848306,0.09433962264150944,0.6981132075471698,"[53,57,61,65,69,169,178,181,185,190,281,289,293,302,309,409,414,417,421,425,506,511,515,520,676,680,684,689,693,697,702,706,711,719,872,876,880,885,890,893,898,902,907,911,915,1117,1121,1125,1130,1134,1138,1143,1147,1152,1156,1160,1313,1321,1330,1335,1348,1352,1376,1389,1391,1405,1558,1563,1571,1575,1579,1584,1592,1602,1637,1803,1808,1811,1816,1820,1825,1829,1833,1838,1841,1999,2004,2008,2013,2018,2023,2028,2038,2042,2195,2200,2205,2209,2214,2219,2228,2233,2238]","[12,32,67,83,102,121,138,155,192,210,227,245,268,321,345,365,385,407,448,466,486,508,543,560,579,595,612,630,647,665,682,698,733,749,765,782,802,818,837,860,877,896,912,929,947,965,983,1001,1018,1037,1054,1071,1093,1111,1128,1148,1165,1186,1204,1222,1243,1264,1285,1312,1336,1412,1459,1509,1541,1591,1619,1665,1690,1712,1737,1761,1784,1805,1828,1865,1887,1904,1924,1940,1958,1975,1994,2011,2052,2070,2092,2111,2130,2151,2167,2187,2207,2240,2259,2278,2297,2313,2329]","[53,57,61,65,69,169,178,181,185,190,281,289,293,302,309,409,414,417,421,425,506,511,515,520]","[12,32,67,83,102,121,138,155,192,210,227,245,268,321,345,365,385,407,448,466,486,508,543,560]",model_input_patch_grid
pilot,n90294,high,d20_index_uniform5,8,8,1728,355,86,441,49,0.765625,"[2,2,0,2,2,0,3,1,0,3,2,0,2,2,1,3,3,0,1,2,1,1,2,1,3,2,0,1,1,1,0,0,2,1,1,0,0,2,1,0,1,3,1,0,1,2,2,1,1,2,1,0,3,1,1,2,0,2,3,2,0,2,2,2]",62,0.96875,"[3,2,0,3,5,1,4,1,0,3,6,7,12,3,1,4,3,1,11,8,5,3,2,1,10,12,15,16,19,23,16,2,4,16,13,11,11,16,16,8,1,10,5,18,11,7,7,11,1,4,1,9,6,3,7,5,5,6,4,5,2,5,4,7]",,,,,,0.05504587155963303,0.6966126656848306,0.04242424242424243,0.6961538461538461,"[53,57,61,65,69,169,178,181,185,190,281,289,293,302,309,409,414,417,421,425,506,511,515,520,676,680,684,689,693,697,702,706,711,719,872,876,880,885,890,893,898,902,907,911,915,1117,1121,1125,1130,1134,1138,1143,1147,1152,1156,1160,1313,1321,1330,1335,1348,1352,1376,1389,1391,1405,1558,1563,1571,1575,1579,1584,1592,1602,1637,1803,1808,1811,1816,1820,1825,1829,1833,1838,1841,1999,2004,2008,2013,2018,2023,2028,2038,2042,2195,2200,2205,2209,2214,2219,2228,2233,2238]","[12,32,67,83,102,121,138,155,192,210,227,245,268,321,345,365,385,407,448,466,486,508,543,560,579,595,612,630,647,665,682,698,733,749,765,782,802,818,837,860,877,896,912,929,947,965,983,1001,1018,1037,1054,1071,1093,1111,1128,1148,1165,1186,1204,1222,1243,1264,1285,1312,1336,1412,1459,1509,1541,1591,1619,1665,1690,1712,1737,1761,1784,1805,1828,1865,1887,1904,1924,1940,1958,1975,1994,2011,2052,2070,2092,2111,2130,2151,2167,2187,2207,2240,2259,2278,2297,2313,2329]","[676,680,684,689,693,697,702,706,711,719,872,876,880,885,890,893,898,902,907,911,915,1117,1121,1125,1130,1134,1138,1143,1147,1152,1156,1160,1313,1321,1330,1335,1348,1352,1376,1389,1391,1405,1558,1563,1571,1575,1579,1584,1592,1602,1637,1803,1808,1811,1816,1820,1825,1829,1833,1838,1841,1999,2004,2008,2013,2018,2023,2028,2038,2042,2195,2200,2205,2209,2214,2219,2228,2233,2238]","[579,595,612,630,647,665,682,698,733,749,765,782,802,818,837,860,877,896,912,929,947,965,983,1001,1018,1037,1054,1071,1093,1111,1128,1148,1165,1186,1204,1222,1243,1264,1285,1312,1336,1412,1459,1509,1541,1591,1619,1665,1690,1712,1737,1761,1784,1805,1828,1865,1887,1904,1924,1940,1958,1975,1994,2011,2052,2070,2092,2111,2130,2151,2167,2187,2207,2240,2259,2278,2297,2313,2329]",model_input_patch_grid
pilot,n90294,high,d20_spatial_uniform5,8,8,1728,355,86,441,64,1.0,"[1,2,1,2,1,1,2,1,1,2,1,2,1,1,2,1,1,2,1,2,1,1,2,1,1,2,1,1,2,1,2,1,1,2,1,2,1,1,2,1,1,2,1,1,2,1,2,1,1,2,1,1,1,2,1,1,1,1,2,1,1,2,1,1]",64,1.0,"[2,2,1,3,4,2,3,1,1,2,5,9,11,2,2,2,1,3,11,8,5,3,2,1,8,12,16,16,20,23,18,3,3,17,13,13,12,15,17,9,1,9,5,19,12,6,7,11,1,4,1,10,4,4,7,4,6,5,3,4,3,5,3,6]",0,0,86,0.0,0.0,0.05504587155963303,0.6966126656848306,0.04242424242424243,0.6961538461538461,"[53,57,61,65,69,169,178,181,185,190,281,289,293,302,309,409,414,417,421,425,506,511,515,520,676,680,684,689,693,697,702,706,711,719,872,876,880,885,890,893,898,902,907,911,915,1117,1121,1125,1130,1134,1138,1143,1147,1152,1156,1160,1313,1321,1330,1335,1348,1352,1376,1389,1391,1405,1558,1563,1571,1575,1579,1584,1592,1602,1637,1803,1808,1811,1816,1820,1825,1829,1833,1838,1841,1999,2004,2008,2013,2018,2023,2028,2038,2042,2195,2200,2205,2209,2214,2219,2228,2233,2238]","[12,32,67,83,102,121,138,155,192,210,227,245,268,321,345,365,385,407,448,466,486,508,543,560,579,595,612,630,647,665,682,698,733,749,765,782,802,818,837,860,877,896,912,929,947,965,983,1001,1018,1037,1054,1071,1093,1111,1128,1148,1165,1186,1204,1222,1243,1264,1285,1312,1336,1412,1459,1509,1541,1591,1619,1665,1690,1712,1737,1761,1784,1805,1828,1865,1887,1904,1924,1940,1958,1975,1994,2011,2052,2070,2092,2111,2130,2151,2167,2187,2207,2240,2259,2278,2297,2313,2329]","[676,680,684,689,693,697,702,706,711,719,872,876,880,885,890,893,898,902,907,911,915,1117,1121,1125,1130,1134,1138,1143,1147,1152,1156,1160,1313,1321,1330,1335,1348,1352,1376,1389,1391,1405,1558,1563,1571,1575,1579,1584,1592,1602,1637,1803,1808,1811,1816,1820,1825,1829,1833,1838,1841,1999,2004,2008,2013,2018,2023,2028,2038,2042,2195,2200,2205,2209,2214,2219,2228,2233,2238]","[579,595,612,630,647,665,682,698,733,749,765,782,802,818,837,860,877,896,912,929,947,965,983,1001,1018,1037,1054,1071,1093,1111,1128,1148,1165,1186,1204,1222,1243,1264,1285,1312,1336,1412,1459,1509,1541,1591,1619,1665,1690,1712,1737,1761,1784,1805,1828,1865,1887,1904,1924,1940,1958,1975,1994,2011,2052,2070,2092,2111,2130,2151,2167,2187,2207,2240,2259,2278,2297,2313,2329]",model_input_patch_grid
pilot,n9181,base,d20_index_uniform5,8,8,576,119,29,148,26,0.40625,"[1,0,1,0,0,0,1,1,0,0,0,0,1,1,1,0,0,0,0,1,1,1,0,0,0,0,1,0,2,0,0,0,1,1,0,0,0,0,0,2,0,0,0,1,0,1,0,1,1,0,0,1,0,1,1,0,0,1,1,0,0,1,0,2]",57,0.890625,"[3,0,3,2,2,2,1,1,4,2,4,2,4,3,3,5,1,6,5,2,4,5,1,3,2,2,3,3,4,2,1,3,1,2,4,5,4,3,3,2,0,0,3,3,3,1,3,1,2,3,1,4,1,1,2,0,0,1,2,1,0,2,0,2]",,,,,,0.03139013452914798,0.6842105263157895,0.017543859649122806,0.6818181818181818,"[50,53,57,62,69,169,174,177,181,185,189,289,293,297,301,305,309,409,413,417,421,425,429,506,511,515,520,525,615,628,656,661,670,674,679,683,800,804,809,813,823,827,831,962,985,989,994,1003,1007,1012,1016,1132,1138,1146,1151,1155,1164,1312,1318,1322,1327,1336,1340,1345,1442,1465,1470,1475,1484,1489,1493,1497,1632,1651,1655,1659,1664,1673,1678,1682,1803,1807,1816,1821,1831,1850,1947,1951,1956,1960,1969,1974,1978,2002,2132,2137,2142,2147,2153,2158,2163,2280,2285,2290,2295,2301,2306,2311]","[8,24,46,84,114,136,160,180,203,228,252,271,291,311,337,359,382,400,418,434,452,472,491,508,526,543,559,575,591,608,625,641,660,681,700,718,737,756,776,798,844,881,905,935,966,990,1010,1034,1057,1080,1098,1117,1186,1210,1231,1252,1272,1293,1311,1353,1370,1388,1406,1425,1443,1467,1487,1506,1526,1543,1565,1583,1609,1636,1654,1677,1694,1726,1753,1770,1847,1868,1887,1904,1921,1941,1959,1980,1999,2017,2036,2052,2071,2089,2107,2123,2140,2157,2174,2193,2211,2232,2250,2271,2288,2307,2325,2342]","[50,53,57,62,69,169,174,177,181,185,189,289,293,297,301,305,309,409,413,417,421,425,429,506,511,515,520,525]","[8,24,46,84,114,136,160,180,203,228,252,271,291,311,337,359,382,400,418,434,452,472,491,508,526,543,559,575]",model_input_patch_grid
pilot,n9181,base,d20_spatial_uniform5,8,8,576,119,29,148,29,0.453125,"[1,1,0,1,1,0,1,1,0,0,0,0,0,0,0,0,1,0,1,1,1,1,0,1,0,0,0,0,0,0,0,0,1,1,0,1,1,1,0,1,1,1,0,1,1,1,0,1,0,0,0,0,0,0,0,0,1,0,1,1,0,1,0,1]",59,0.921875,"[3,1,2,3,3,2,1,1,4,2,4,2,3,2,2,5,2,6,6,2,4,5,1,4,2,2,2,3,2,2,1,3,1,2,4,6,5,4,3,1,1,1,3,3,4,1,3,1,1,3,1,3,1,0,1,0,1,0,2,2,0,2,0,1]",0,0,29,0.0,0.0,0.03139013452914798,0.6842105263157895,0.017543859649122806,0.6818181818181818,"[50,53,57,62,69,169,174,177,181,185,189,289,293,297,301,305,309,409,413,417,421,425,429,506,511,515,520,525,615,628,656,661,670,674,679,683,800,804,809,813,823,827,831,962,985,989,994,1003,1007,1012,1016,1132,1138,1146,1151,1155,1164,1312,1318,1322,1327,1336,1340,1345,1442,1465,1470,1475,1484,1489,1493,1497,1632,1651,1655,1659,1664,1673,1678,1682,1803,1807,1816,1821,1831,1850,1947,1951,1956,1960,1969,1974,1978,2002,2132,2137,2142,2147,2153,2158,2163,2280,2285,2290,2295,2301,2306,2311]","[8,24,46,84,114,136,160,180,203,228,252,271,291,311,337,359,382,400,418,434,452,472,491,508,526,543,559,575,591,608,625,641,660,681,700,718,737,756,776,798,844,881,905,935,966,990,1010,1034,1057,1080,1098,1117,1186,1210,1231,1252,1272,1293,1311,1353,1370,1388,1406,1425,1443,1467,1487,1506,1526,1543,1565,1583,1609,1636,1654,1677,1694,1726,1753,1770,1847,1868,1887,1904,1921,1941,1959,1980,1999,2017,2036,2052,2071,2089,2107,2123,2140,2157,2174,2193,2211,2232,2250,2271,2288,2307,2325,2342]","[50,53,57,62,69,169,174,177,181,185,189,289,293,297,301,305,309,409,413,417,421,425,429,506,511,515,520,525]","[8,24,46,84,114,136,160,180,203,228,252,271,291,311,337,359,382,400,418,434,452,472,491,508,526,543,559,575]",model_input_patch_grid
pilot,n9181,high,d20_index_uniform5,8,8,1728,342,86,428,41,0.640625,"[0,0,2,4,0,0,1,4,1,1,2,0,2,1,1,1,1,2,1,1,1,3,1,0,1,0,1,5,0,0,1,3,1,4,0,0,0,3,2,1,2,1,1,2,0,0,2,2,0,0,0,6,0,0,1,5,0,2,4,0,0,1,5,0]",63,0.984375,"[5,1,5,8,5,3,3,5,11,6,9,21,11,11,5,16,7,12,11,7,2,12,5,9,4,2,7,7,3,6,5,11,2,5,6,17,10,11,3,2,2,3,10,19,9,17,8,3,2,1,0,13,5,5,1,6,1,3,7,4,5,6,6,1]",,,,,,0.03139013452914798,0.6842105263157895,0.03614457831325301,0.6850393700787402,"[50,53,57,62,69,169,174,177,181,185,189,289,293,297,301,305,309,409,413,417,421,425,429,506,511,515,520,525,615,628,656,661,670,674,679,683,800,804,809,813,823,827,831,962,985,989,994,1003,1007,1012,1016,1132,1138,1146,1151,1155,1164,1312,1318,1322,1327,1336,1340,1345,1442,1465,1470,1475,1484,1489,1493,1497,1632,1651,1655,1659,1664,1673,1678,1682,1803,1807,1816,1821,1831,1850,1947,1951,1956,1960,1969,1974,1978,2002,2132,2137,2142,2147,2153,2158,2163,2280,2285,2290,2295,2301,2306,2311]","[8,24,46,84,114,136,160,180,203,228,252,271,291,311,337,359,382,400,418,434,452,472,491,508,526,543,559,575,591,608,625,641,660,681,700,718,737,756,776,798,844,881,905,935,966,990,1010,1034,1057,1080,1098,1117,1186,1210,1231,1252,1272,1293,1311,1353,1370,1388,1406,1425,1443,1467,1487,1506,1526,1543,1565,1583,1609,1636,1654,1677,1694,1726,1753,1770,1847,1868,1887,1904,1921,1941,1959,1980,1999,2017,2036,2052,2071,2089,2107,2123,2140,2157,2174,2193,2211,2232,2250,2271,2288,2307,2325,2342]","[615,628,656,661,670,674,679,683,800,804,809,813,823,827,831,962,985,989,994,1003,1007,1012,1016,1132,1138,1146,1151,1155,1164,1312,1318,1322,1327,1336,1340,1345,1442,1465,1470,1475,1484,1489,1493,1497,1632,1651,1655,1659,1664,1673,1678,1682,1803,1807,1816,1821,1831,1850,1947,1951,1956,1960,1969,1974,1978,2002,2132,2137,2142,2147,2153,2158,2163,2280,2285,2290,2295,2301,2306,2311]","[591,608,625,641,660,681,700,718,737,756,776,798,844,881,905,935,966,990,1010,1034,1057,1080,1098,1117,1186,1210,1231,1252,1272,1293,1311,1353,1370,1388,1406,1425,1443,1467,1487,1506,1526,1543,1565,1583,1609,1636,1654,1677,1694,1726,1753,1770,1847,1868,1887,1904,1921,1941,1959,1980,1999,2017,2036,2052,2071,2089,2107,2123,2140,2157,2174,2193,2211,2232,2250,2271,2288,2307,2325,2342]",model_input_patch_grid
pilot,n9181,high,d20_spatial_uniform5,8,8,1728,342,86,428,63,0.984375,"[1,1,1,1,1,1,1,1,2,2,2,2,2,2,2,2,1,1,1,1,1,1,1,1,1,1,1,2,1,1,1,1,2,2,2,1,2,2,2,2,1,1,1,1,1,1,1,1,1,1,1,1,1,1,1,1,2,2,2,2,0,2,2,2]",64,1.0,"[6,2,4,5,6,4,3,2,12,7,9,23,11,12,6,17,7,11,11,7,2,10,5,10,4,3,7,4,4,7,5,9,3,3,8,18,12,10,3,3,1,3,10,18,10,18,7,2,3,2,1,8,6,6,1,2,3,3,5,6,5,7,3,3]",0,0,86,0.0,0.0,0.03139013452914798,0.6842105263157895,0.03614457831325301,0.6850393700787402,"[50,53,57,62,69,169,174,177,181,185,189,289,293,297,301,305,309,409,413,417,421,425,429,506,511,515,520,525,615,628,656,661,670,674,679,683,800,804,809,813,823,827,831,962,985,989,994,1003,1007,1012,1016,1132,1138,1146,1151,1155,1164,1312,1318,1322,1327,1336,1340,1345,1442,1465,1470,1475,1484,1489,1493,1497,1632,1651,1655,1659,1664,1673,1678,1682,1803,1807,1816,1821,1831,1850,1947,1951,1956,1960,1969,1974,1978,2002,2132,2137,2142,2147,2153,2158,2163,2280,2285,2290,2295,2301,2306,2311]","[8,24,46,84,114,136,160,180,203,228,252,271,291,311,337,359,382,400,418,434,452,472,491,508,526,543,559,575,591,608,625,641,660,681,700,718,737,756,776,798,844,881,905,935,966,990,1010,1034,1057,1080,1098,1117,1186,1210,1231,1252,1272,1293,1311,1353,1370,1388,1406,1425,1443,1467,1487,1506,1526,1543,1565,1583,1609,1636,1654,1677,1694,1726,1753,1770,1847,1868,1887,1904,1921,1941,1959,1980,1999,2017,2036,2052,2071,2089,2107,2123,2140,2157,2174,2193,2211,2232,2250,2271,2288,2307,2325,2342]","[615,628,656,661,670,674,679,683,800,804,809,813,823,827,831,962,985,989,994,1003,1007,1012,1016,1132,1138,1146,1151,1155,1164,1312,1318,1322,1327,1336,1340,1345,1442,1465,1470,1475,1484,1489,1493,1497,1632,1651,1655,1659,1664,1673,1678,1682,1803,1807,1816,1821,1831,1850,1947,1951,1956,1960,1969,1974,1978,2002,2132,2137,2142,2147,2153,2158,2163,2280,2285,2290,2295,2301,2306,2311]","[591,608,625,641,660,681,700,718,737,756,776,798,844,881,905,935,966,990,1010,1034,1057,1080,1098,1117,1186,1210,1231,1252,1272,1293,1311,1353,1370,1388,1406,1425,1443,1467,1487,1506,1526,1543,1565,1583,1609,1636,1654,1677,1694,1726,1753,1770,1847,1868,1887,1904,1921,1941,1959,1980,1999,2017,2036,2052,2071,2089,2107,2123,2140,2157,2174,2193,2211,2232,2250,2271,2288,2307,2325,2342]",model_input_patch_grid
