schema_version,dataset,dialog_id,image_id,persist_id,source_turn_id,source_method,source_method_key,source_execution_id,capture_from_turn1,capture_from_same_answer1_forward,vision_forward_count,separate_vision_forward_count,separate_prefix_forward_count,saliency_capture_mode,saliency_extra_ms,saliency_postprocess_ms,saliency_d2h_ms,token_mapping_ms,permutation_ms,kv_materialize_ms,kv_repack_ms,repack_ms,buffered_write_ms,ssd_write_ms,layout_write_ms,fsync_ms,atomic_rename_ms,context_open_ms,helper_persist_ms,persist_unattributed_ms,persist_ms,visual_kv_bytes,separator_sidecar_bytes,probe_sidecar_bytes,sys_kv_bytes,layout_metadata_bytes,meta_bytes,total_ssd_write_bytes,permutation_sha256,prefix_kv_sample_sha256,meta_sha256,layout_sha256,persist_started_at_s,helper_started_at_s,write_finished_at_s,fsync_finished_at_s,store_ready_at_s,actual_context_ready_at_s,durable_fsync_completed,atomic_no_clobber,full_integrity_hash_enabled,integrity_hash_ms_excluded_from_persist,layout_uses_dataset_question,future_turns_used_for_layout,calibration_questions,persistence_started_immediately_after_source_response,source_gpu_cache_released_before_next_arm
visdial-turn1-piggyback-e2e-ttft-v1,visdial_v1.0_val,visdial:511888,visdial:511888,4519c006-abc0-4fbb-881f-0b38ba3ee4d1,1,ImageOnly-Repack Prefix25,prefix25,53e9d9ee-a0bd-495a-8f7c-c1ef858824fa,True,True,1,0,0,penultimate_cls_to_patch_attention_same_vision_forward,0.0071680000983178616,0.07838301826268435,0.010445015504956245,0.0679380027577281,0.6313970079645514,133.22011241689324,45.60706776101142,178.82718017790467,428.43310779426247,428.43310779426247,0.2905139699578285,248.75022401101887,0.08008093573153019,6.210630992427468,934.4828500179574,77.69292208831757,940.7039260258898,1226833920,18874368,0,2622802,30744,42487,1248404321,5579dcaa34cffd1ea6f6cdc049e0d6bc1601c94da73fde0a22018662cbd11aa0,af7f75208ff54b70103e57d04c9d28d58ec11969a0c18c2a0c97e1a1380442f3,082651797253921349d240f61d20e050a7de135f5dfc4e8f9eecde7f9a7b7486,6d79a4f373008abb9baeb12115b192018429f4e4cbe5ac662761e3e942bac7c9,901914.421814744,901914.421825189,901915.029784812,901915.356308039,901915.36251867,901915.366649407,True,True,False,0.9717970388010144,False,0,0,True,True
visdial-turn1-piggyback-e2e-ttft-v1,visdial_v1.0_val,visdial:96511,visdial:96511,03c5c9fa-2053-4125-9d25-3116d79716c1,1,ImageOnly-Repack Prefix45,prefix45,0e0ea257-3e97-4cf8-9352-86a720a52190,True,True,1,0,0,penultimate_cls_to_patch_attention_same_vision_forward,0.0071680000983178616,0.0938469311222434,0.01061195507645607,0.08323497604578733,0.5669170059263706,105.18925660289824,37.97227155882865,143.1615281617269,390.0749010499567,390.0749010499567,0.3039600560441613,255.74752583634108,0.07877498865127563,5.782264983281493,892.8606470581144,103.14776503946632,898.6535239964724,1124073472,16777216,0,2622802,28440,39084,1143541014,9ff40780f014977f370d06aff8efea5b65e5f27341fdc05e515da09fd5599f46,4574966ed1794c06033ac70a43b36207dec5e314efc2f6d34a89707ccdbc2bb7,8709c82197347e6381e97a35625b3f1ba3220da2a255a451c1a31dbb6f83c599,d19dbae5b536c9f9e2c1f61118a341bb4a823fb1d5943c9969b2b12947dd4d6f,901939.2958875301,901939.295898142,901939.8297847232,901940.1887587891,901940.1945410541,901940.198727987,True,True,False,1.0283580049872398,False,0,0,True,True
visdial-turn1-piggyback-e2e-ttft-v1,visdial_v1.0_val,visdial:91001,visdial:91001,40cb4ba5-e34e-41b8-92b1-068562b6b97b,1,ImageOnly-Repack Prefix45,prefix45,801a8f17-86c2-4eec-aaeb-b41daa06b284,True,True,1,0,0,penultimate_cls_to_patch_attention_same_vision_forward,0.0071680000983178616,0.07674901280552149,0.00997807364910841,0.06677093915641308,0.6444170139729977,97.36152971163392,32.25489635951817,129.6164260711521,426.65542219765484,426.65542219765484,0.33856905065476894,252.34568899031729,0.08183391764760017,13.331540045328438,880.5256470805034,71.11508795060217,893.867165199481,1233125376,25165824,0,2622802,31000,42872,1260987874,97f8243b3fbaf0d7068e876ddb945574e0a5f4003a70b7079d97129a4f6a6764,a42138ce9adf8ce790fa0d988770d8d39a94f0420177b43e85c3d9a8f55dc4fc,3a0bdf2b9abfe8b117ab160ed9f4044de056e2cf1379d738228fd765e0ebe38c,216ace74466542bb2d8d4b9a6757de790b989730b0dc9584fd36e0dd8ae80cd0,901960.6247811359,901960.624791114,901961.1817741502,901961.5053167611,901961.5186483011,901961.522699604,True,True,False,0.9943310869857669,False,0,0,True,True
visdial-turn1-piggyback-e2e-ttft-v1,visdial_v1.0_val,visdial:565316,visdial:565316,b98a0766-6a56-4153-9077-47c136e17579,1,ImageOnly-Repack Prefix45,prefix45,9b86b6cf-0f50-48a0-954a-7c2bef5dd7c1,True,True,1,0,0,penultimate_cls_to_patch_attention_same_vision_forward,0.007104000076651573,0.07137400098145008,0.009858980774879456,0.061515020206570625,0.657816999591887,97.59308327920735,41.80703731253743,139.40012059174478,424.31242926977575,424.31242926977575,0.2995539689436555,257.3026990285143,0.08021399844437838,6.31588906981051,885.2294150274247,63.414620119147,891.5551630780101,1226833920,18874368,0,2622802,30744,42479,1248404313,14f43e87a1363080bc27f523c1efd15bd7488cc8847080e79bd588ec3458c838,63e520122c3bea70f253fa39ac783a58eba1e71abcbc6800e77c27f87133a929,c645784a26149efa368949b01350ca9db023fb67db25c77d7bb498f18c3d7752,21aa5a121bdec525f0e286ca506d4845337e679efc46c9a3cca68910d504650d,901983.59725227,901983.597262129,901984.1616940108,901984.482491544,901984.488807433,901984.492905279,True,True,False,0.9989620884880424,False,0,0,True,True
visdial-turn1-piggyback-e2e-ttft-v1,visdial_v1.0_val,visdial:195881,visdial:195881,507aaf8b-83b7-4b72-9f2c-20006467ec84,1,ImageOnly-Repack Prefix25,prefix25,ece641b5-08f7-4f7c-b2a3-d31064ecd99d,True,True,1,0,0,penultimate_cls_to_patch_attention_same_vision_forward,0.007135999854654074,0.10007887613028288,0.010527903214097023,0.08955097291618586,0.6053140386939049,113.56094502843916,41.85606993269175,155.41701496113092,402.8081331634894,402.8081331634894,0.2927739406004548,246.71279406175017,0.08416001219302416,7.641267031431198,924.3842639261857,118.66729671601206,932.036058860831,1124073472,16777216,0,2622802,28440,39087,1143541017,5d2e1f879424e06dc9de6252365a59c2efaa81539afecc6dd45a7b12bbefb55b,581c79546bb121d7e18089cf7ed37e4463c4bfd34626cf1d3ab9aa62d8b03724,c41a37f0a7a95ca070b851983a6793d772e78114d42240db10e537683b0c0b13,53fca70cccc96724d64545d13bde76c258d926093003fd876cfa351f3651a9ea,902008.395050329,902008.395060857,902008.9539808701,902009.3194451209,902009.3270863879,902009.33119412,True,True,False,0.9824390290305018,False,0,0,True,True
visdial-turn1-piggyback-e2e-ttft-v1,visdial_v1.0_val,visdial:100528,visdial:100528,4c0ebe8b-293d-470c-81d6-9e57759ebf38,1,ImageOnly-Repack Prefix45,prefix45,e21e4319-f5f0-44ce-bf68-654ab463bfe7,True,True,1,0,0,penultimate_cls_to_patch_attention_same_vision_forward,0.0071680000983178616,0.07773295510560274,0.010219053365290165,0.06751390174031258,0.5831030430272222,132.18155049253255,41.020176257006824,173.20172674953938,538.3336525410414,538.3336525410414,0.46424102038145065,234.17917103506625,0.08164404425770044,7.529156981036067,1043.689114972949,97.2423036582768,1051.2284910073504,1072693248,15728640,0,2622802,27288,37392,1091109370,9c38fa107b3089311fe34fa6b5847dd178677c04fd7b603cd8dd6b71e98c0883,f82663b8e25e707d5f932e1cf6dca614a039258159e38974cb2c0f13d6106795,ba6345bdfeff2f6d0c3a2d75c461b62c6a1eb6562e0e636134c1d0b0e7bef0d2,903c05007fc0391986ebabe8c6c5a701b1c47a0829849f3dd168da2c2e89b884,902029.942495029,902029.942505248,902030.6546912442,902030.986194363,902030.99372352,902030.998705644,True,True,False,1.6242259880527854,False,0,0,True,True
visdial-turn1-piggyback-e2e-ttft-v1,visdial_v1.0_val,visdial:258333,visdial:258333,814bcad9-54f7-4f32-ad8e-dfdefc9a5a5d,1,ImageOnly-Repack Prefix45,prefix45,e7e4a413-cc03-4c9f-aafd-ad05d810fbc7,True,True,1,0,0,penultimate_cls_to_patch_attention_same_vision_forward,0.007391999941319227,0.09516102727502584,0.010190997272729874,0.08497003000229597,0.6446100305765867,98.48369075916708,41.4726302260533,139.95632098522037,441.17878295946866,441.17878295946866,0.30529405921697617,254.9558370374143,0.08146301843225956,6.2429949175566435,908.7244219845161,71.8224379234016,914.9776078993455,1226833920,18874368,0,2622802,30744,42478,1248404312,6cf28270ac4c6ea0ce2e679f4353cfd4395e9c50177a062aaf9415ab38a53da5,c2f5ea6633282a7f29f8c93ece91fa6749e98e45994432f9cdcd2acec5e64e09,f78188cb6b6df599b6b3e94d1e239c17808e26ab47b232d86893a2dc15d8ec56,c7d77c5d31b0010a3076018857736a10b8cac0309859585c5138c510b433263c,902050.382513218,902050.382523409,902050.964388093,902051.291247831,902051.2974908259,902051.301640947,True,True,False,1.015045098029077,False,0,0,True,True
visdial-turn1-piggyback-e2e-ttft-v1,visdial_v1.0_val,visdial:135653,visdial:135653,6897e265-18e5-4a9b-a75d-0e728240909d,1,ImageOnly-Repack Prefix45,prefix45,db8e186b-f5fe-4a02-a65a-ffd0c64cddd0,True,True,1,0,0,penultimate_cls_to_patch_attention_same_vision_forward,0.00723200011998415,0.07739290595054626,0.010211952030658722,0.06718095391988754,0.657395925372839,118.88608429580927,40.91205808799714,159.7981423838064,506.66199321858585,506.66199321858585,0.29947201255708933,249.16591006331146,0.09006902109831572,6.192708038724959,999.0454450016841,82.60475343558937,1005.2483649924397,1226833920,18874368,0,2622802,30744,42478,1248404312,37e5ddec57282dbb879ec241cf58457e76cb468591be617eaac5e6f144a2760f,f4da9174cbce2cc6a83f56bfbebc57f7b3dce6175b8b209c7c9904857967193c,76f010869935bb8af26b3132b20d559fdd0ddbd81ca177425bd94b24088281cd,6232b5d7c75d8950ea1e6890d347a2aee4e08043f5998027f60066c32072e7e2,902073.4378322781,902073.43784249,902074.1050272025,902074.436887935,902074.4430806431,902074.447171641,True,True,False,0.9957930305972695,False,0,0,True,True
visdial-turn1-piggyback-e2e-ttft-v1,visdial_v1.0_val,visdial:307728,visdial:307728,d71eb008-bdfb-4108-b8a0-13fcf9c08fea,1,ImageOnly-Repack Prefix25,prefix25,4dc7d1d0-0a8d-4b98-a6a1-4a39c2383bce,True,True,1,0,0,penultimate_cls_to_patch_attention_same_vision_forward,0.008191999979317188,0.08053402416408062,0.010226038284599781,0.07030798587948084,0.6775939837098122,98.51146955043077,42.0581471407786,140.56961669120938,434.16872387751937,434.16872387751937,0.2982669975608587,257.46149895712733,0.07936800830066204,6.215709028765559,893.3197139995173,60.29260449577123,899.5456490665674,1226833920,18874368,0,2622802,30744,42482,1248404316,edf42c94176f5982d948b26753bdd96d4dc27a8c81a9a7d621e37a0fbc46ad81,abe875a9b6a3deba8960bdd84f27aac0455ab02984ecb8ce8381314c01257628,6acacb3d777abe6b5db2bc8e713e66ae68973b5f1b50ed34c99c741fb8cb3530,d88b25e02e6622b1ffdd5ba57c96282c8ac6b25a295da8b4991bfd03089e3d88,902097.0837407679,902097.083750994,902097.6592372365,902097.977070708,902097.983286417,902097.987516216,True,True,False,0.9860550053417683,False,0,0,True,True
visdial-turn1-piggyback-e2e-ttft-v1,visdial_v1.0_val,visdial:376140,visdial:376140,2a517580-d66b-40c3-bd9b-791cdb8f34d8,1,ImageOnly-Repack Prefix45,prefix45,12073d03-3b61-4ec9-944e-1c3e7dfb0518,True,True,1,0,0,penultimate_cls_to_patch_attention_same_vision_forward,0.0071680000983178616,0.07759896107017994,0.011056894436478615,0.06654206663370132,0.6291699828580022,106.24268313404173,41.2865758407861,147.52925897482783,475.8750294568017,475.8750294568017,0.3362339921295643,256.89888489432633,0.08162099402397871,6.337983999401331,956.2525521032512,75.17204573377967,962.601592997089,1226833920,18874368,0,2622802,30744,42486,1248404320,43bf9800ac104c666f7c5d3785e85e7a49634ff075d17ac79e2681e2b9396a7b,7ee1b0b60ae52ce548104f378546c4c6343649b65ba9cc7849a05f3e250dba9b,7cf67f1eee2ac57dc4cd6ad0ee08ab9fe8225d05ae71d212334fe9e854d43d79,3b84bcc23fd769cfca3ffa0c8863b3f3d567863f56d10122823312174d871031,902120.1304766741,902120.130487731,902120.7545877314,902121.0867402831,902121.0930782671,902121.09723716,True,True,False,0.9874480310827494,False,0,0,True,True
visdial-turn1-piggyback-e2e-ttft-v1,visdial_v1.0_val,visdial:90932,visdial:90932,5fa91fa7-d19b-46e5-9455-1cb802f16999,1,ImageOnly-Repack Prefix45,prefix45,2baf8070-d0b0-48a2-ae06-2a2b56f9f731,True,True,1,0,0,penultimate_cls_to_patch_attention_same_vision_forward,0.0071680000983178616,0.07822213228791952,0.0107490923255682,0.06747303996235132,0.6047399947419763,111.17526586167514,38.97219628561288,150.14746214728802,466.4372408296913,466.4372408296913,0.31355000101029873,238.92098700162023,0.07813307456672192,5.816604010760784,936.7783099878579,80.52227389998734,942.6056630909443,1124073472,16777216,0,2622802,28440,39082,1143541012,ba0023f2d961e2ca541e15602a81e493b5a64467adf3dc7c61653c9da7e5553d,e7659c8d282fb4b7d365b3c8c90dc5af78f9315b0f1b6e7ec3703bb55719f7b8,9043208379496d02ae2331f1bc2433628d5c884ce0bdd261fa1e90cdc001320b,dee6179bd9489e853897292eb26624c1875e8002c860e753ed66daa4c837eeae,902143.6237538499,902143.623764599,902144.241021515,902144.560542909,902144.566359513,902144.570794679,True,True,False,1.3097559567540884,False,0,0,True,True
visdial-turn1-piggyback-e2e-ttft-v1,visdial_v1.0_val,visdial:310424,visdial:310424,399fdda9-4143-4dd6-a811-32703e23471d,1,ImageOnly-Repack Prefix45,prefix45,f1e24f18-5b8b-4b66-878d-1f6e18d718ee,True,True,1,0,0,penultimate_cls_to_patch_attention_same_vision_forward,0.0071680000983178616,0.07903389632701874,0.010381918400526047,0.06865197792649269,0.5996320396661758,89.93600541725755,32.14781708084047,122.08382249809802,394.3226810079068,394.3226810079068,0.30609092209488153,250.53592096082866,0.09119499009102583,5.788941984064877,826.94039598573,59.238492511212826,832.7397198881954,1124073472,16777216,0,2622802,28440,39088,1143541018,5759c31c937b082c574d5ab127c62e059abd4e304d52743929e577fd3bafec17,50e0efaca6d1d59ac1b5d0effbb7f76ff15df0e48d5c97d4cde5c45e2757cdf9,548550f47534f0b4e74985e854558936df357b0a98ca2f7eff52be2f6158c1ac,31cbbe9f785ccb9fb2e198d58d947fd1988e4c737f1df24ff0613dfdea013239,902164.7072359651,902164.707246347,902165.2243211345,902165.534186743,902165.539975685,902165.544087871,True,True,False,0.9690269362181425,False,0,0,True,True
visdial-turn1-piggyback-e2e-ttft-v1,visdial_v1.0_val,visdial:465837,visdial:465837,5b5c9c8d-cc68-42f5-918a-fbfb0984fea8,1,ImageOnly-Repack Prefix25,prefix25,0a8e4ccb-597c-44b1-98cc-c106da91326d,True,True,1,0,0,penultimate_cls_to_patch_attention_same_vision_forward,0.0071680000983178616,0.07645203731954098,0.010414980351924896,0.06603705696761608,0.571729033254087,83.45038280822337,29.92216986604035,113.37255267426372,361.99062305968255,361.99062305968255,0.3350930055603385,227.9002460418269,0.08919998072087765,5.172095960006118,767.0553280040622,63.06494015734643,772.2378389444202,1031798784,25165824,0,2622802,26392,36349,1059650151,75201a675b8b32938644c71856a6a7109b4d3e29de04f6233c216ab44a29d3bc,b9b57cfa45bda2e3441e10be0086ba4e9605dbe489d2a5ca57bf2f236cc9fb09,ea5e4fe9aa9f53e2b460f7c39eeab1384c36531ac2a747f12b9a52b692c42c3f,8e3f2679da2e02277bd9d2bf0c4895ddb67301001409f895f665b94f1856811d,902188.646876679,902188.646887094,902189.1228880358,902189.413942422,902189.419114518,902189.423205561,True,True,False,0.9639010531827807,False,0,0,True,True
visdial-turn1-piggyback-e2e-ttft-v1,visdial_v1.0_val,visdial:458783,visdial:458783,66029699-2bba-413c-b754-4fbf2575e945,1,ImageOnly-Repack Prefix45,prefix45,9a09bc3b-e738-43f1-b4de-41ccada3728f,True,True,1,0,0,penultimate_cls_to_patch_attention_same_vision_forward,0.007199999876320362,0.07556390482932329,0.010089948773384094,0.0654739560559392,0.6761760450899601,97.96737146098167,36.929438705556095,134.89681016653776,439.9790148017928,439.9790148017928,0.33451500348746777,253.16580408252776,0.08424592670053244,6.291211000643671,900.042807101272,71.1752821225673,906.3441080506891,1226833920,18874368,0,2622802,30744,42482,1248404316,48e4c5c3a7182748e4fcfbacafa811ce309e702a2b8740b89bf970bd189e56bb,8dba10b4a5d2cb32fa9dbfbf8b0e04f13a4ac7b4a4e2bbb37f9e586d83c38bcb,d9235ba58805f3b46eb63bc5135862f47b96dcbdf07d712b9b5588980f4941b3,75ed8a12e227e32bc572fc6fa88672f17a1210461b13bce0ae1becb4c29265e3,902209.70371349,902209.70372358,902210.279341055,902210.6037663871,902210.6100575981,902210.614176689,True,True,False,0.9933410910889506,False,0,0,True,True
visdial-turn1-piggyback-e2e-ttft-v1,visdial_v1.0_val,visdial:255378,visdial:255378,4228ef06-4ef2-463f-b34a-35f027e7b8bd,1,ImageOnly-Repack Prefix45,prefix45,b8442fcb-7a47-4907-adce-d4dde6601a33,True,True,1,0,0,penultimate_cls_to_patch_attention_same_vision_forward,0.00800000037997961,0.09462994057685137,0.010508927516639233,0.08412101306021214,0.6656600162386894,166.70709126628935,46.64351651445031,213.35060778073967,433.5622813086957,433.5622813086957,0.33817801158875227,264.4302820554003,0.08287699893116951,6.336392951197922,983.9589589973912,71.78312982432544,990.3058608761057,1233125376,25165824,0,2622802,31000,42872,1260987874,a9fe6f91d93ef3bcd2cc870e0cd52a68cfcceb4668126190f3b4ae8695dfa34a,a13cadf133e9080252c10a6f91a416d3dc92b966c244f49c83e8387b32bbf6dc,577c9938bfe2ef2d53da81ce989e97c65d8c4fbbdb9c9a1a903c590989e787ce,7df837b6b0674c01ff2bd7d5aa6523452871bad545513440d2226e172ea1c886,902235.4100012381,902235.410011747,902236.0576744172,902236.393970706,902236.400307099,902236.404462735,True,True,False,1.014708075672388,False,0,0,True,True
visdial-turn1-piggyback-e2e-ttft-v1,visdial_v1.0_val,visdial:56454,visdial:56454,0d076a97-c9b1-4c5a-995f-52794a35d61d,1,ImageOnly-Repack Prefix45,prefix45,4d498585-f862-4b16-835f-4883d57547f9,True,True,1,0,0,penultimate_cls_to_patch_attention_same_vision_forward,0.007424000184983015,0.07751700468361378,0.010480987839400768,0.06703601684421301,0.5934799555689096,160.43676680419594,48.415376571938396,208.85214337613434,459.4589915359393,459.4589915359393,0.34527003299444914,241.8819050071761,0.08706399239599705,6.046499940566719,1114.8859829409048,203.94536305684596,1120.942963869311,1132462080,25165824,0,2622802,28696,39608,1160319010,92bf70c3037f16f0d61a5712f8567fa04fd628315d19bb3bb7b48306a98b3e54,d98bdc4091c93413de61ecf7b1e91b7cf60d5e22c6b53c8c225e5028f06757ac,efab6e6e0810306dd4e28fabada0debbc9e8d5ab5fb2938e5bf946d8fe194a7f,d49fcd67f31514dd957a3e6d9f16e6200a94e5f67ecc491d94d3178e394cb8a4,902257.563878904,902257.563889385,902258.2328610359,902258.6787753679,902258.6848218678,902258.68891784,True,True,False,0.9969630045816302,False,0,0,True,True
visdial-turn1-piggyback-e2e-ttft-v1,visdial_v1.0_val,visdial:226673,visdial:226673,79196d55-a15a-4124-95d5-a84b25e6d21d,1,ImageOnly-Repack Prefix25,prefix25,ffdfc9bd-20ec-424b-8528-e7afeb36219a,True,True,1,0,0,penultimate_cls_to_patch_attention_same_vision_forward,0.0071680000983178616,0.07983995601534843,0.011128955520689487,0.06871100049465895,0.6991350091993809,108.88818569947034,38.48449687939137,147.3726825788617,485.8188680373132,485.8188680373132,0.32060802914202213,262.1638081036508,0.07990200538188219,6.304095033556223,979.0546869626269,82.85158022772521,985.3699109517038,1226833920,18874368,0,2622802,30744,42484,1248404318,5a57aad4c3fc880d49a3dbcf174602508fcf8c46dc31959beea4c298dc59636c,ecf38d9cc5a1e311595c61f69e798d0c0d6a6ada95d43860f7dcda2d53754604,f708d4e51c55aae81364699a7d13471ee1829f4da1e4c5d989fbfe834946c2e6,ab38e6a0faeb7126f81123b46dc06595c6bc041c76f4931647076f0cd822790a,902280.24352366,902280.243534789,902280.8774941856,902281.2225894759,902281.228893571,902281.233013151,True,True,False,0.9949769591912627,False,0,0,True,True
visdial-turn1-piggyback-e2e-ttft-v1,visdial_v1.0_val,visdial:38667,visdial:38667,b5c4c71c-6525-40d3-b056-6e929724a46a,1,ImageOnly-Repack Prefix45,prefix45,e91e40e7-66fd-4b63-bb68-377e8a0eaa68,True,True,1,0,0,penultimate_cls_to_patch_attention_same_vision_forward,0.007552000228315592,0.07582514081150293,0.010356074199080467,0.06546906661242247,0.6387010216712952,134.6905049867928,44.8648554738611,179.5553604606539,474.17660942301154,474.17660942301154,0.30779000371694565,247.81737593002617,0.07954298052936792,6.245764903724194,998.9480689400807,96.615010057576,1005.204189918004,1226833920,18874368,0,2622802,30744,42479,1248404313,c822cd0b84b3930b17c9c3f91feee55bfc208d24a89dd32159f18a921388da2d,de0118c0abfaf0e65d4426fb94ca09edbe6e7ef3a2424e7ba8232cced4bb37d5,840350467a191e92aeddc6f8552d40270670dbcae5e31887a09794c835202ab5,be5b84c7c066c9b4d6c78941560812048a5716726938c5da872793bd028f3377,902302.860028319,902302.860038675,902303.514474815,902303.858986744,902303.8652325089,902303.869312361,True,True,False,0.9568220702931285,False,0,0,True,True
visdial-turn1-piggyback-e2e-ttft-v1,visdial_v1.0_val,visdial:65853,visdial:65853,b78f2fcc-1079-4cfc-ace3-e6ecc4220ba0,1,ImageOnly-Repack Prefix45,prefix45,944a3a3e-cc05-4cd7-a427-a7282157edd3,True,True,1,0,0,penultimate_cls_to_patch_attention_same_vision_forward,0.007360000163316727,0.07915112655609846,0.010404037311673164,0.0687470892444253,0.5982889560982585,159.8902635741979,47.7872445480898,207.6775081222877,458.1948540871963,458.1948540871963,0.3236160846427083,255.21086808294058,0.07842003833502531,5.826984997838736,1121.4038219768554,199.57513560075313,1127.2412110120058,1124073472,16777216,0,2622802,28440,39084,1143541014,1c0d1a8a1ffad1bae31c6a253ccb345591590e405b517fbd36b54c3eab175738,228a365cd6f315e035d25f747c07379eab1c8a9fb7e953165ee6edd423f39ace,1cfb97fe2ee88e219e27c1707336aab124676dc0e12c228c9e1c6c9dde668daf,cc61cb6238a901a7bd5010b6dba8b0993c71388f9fffec2b4a1df2b157b45ba3,902326.454240129,902326.454250533,902327.1207899313,902327.575654355,902327.58148134,902327.585578999,True,True,False,0.9957409929484129,False,0,0,True,True
visdial-turn1-piggyback-e2e-ttft-v1,visdial_v1.0_val,visdial:567353,visdial:567353,d8fc3616-9e75-4d9f-bbfa-bc0602efef3c,1,ImageOnly-Repack Prefix45,prefix45,97c2a4ca-0c11-4728-a112-a9f1e576d0b0,True,True,1,0,0,penultimate_cls_to_patch_attention_same_vision_forward,0.008191999979317188,0.07691793143749237,0.009790994226932526,0.06712693721055984,0.6515210261568427,103.51332789286971,42.009801720269024,145.52312961313874,434.12249733228236,434.12249733228236,0.2978510456159711,237.68721101805568,0.08678506128489971,6.271155085414648,880.2567749517038,62.11850396357477,886.5377210313454,1226833920,18874368,0,2622802,30744,42482,1248404316,b15e8c2d8a1623f327629126825bc1ac3ed72dc0f199b067b58e1bd4c271cf63,24a3bc4139409a412a8d12f83a7808770703268a465482f1c1dfc0372a557922,a38f69afa60587f95cb7add476c3f0b86110291181dd64cf47cd1d2ee9e4132f,edff7d21c733a6ff16709b65c0c1f7b929daab65efc0ba742b090337337a1d54,902349.825109537,902349.825119328,902350.4054836029,902350.7053761029,902350.711647258,902350.717630922,True,True,False,2.9213500674813986,False,0,0,True,True
visdial-turn1-piggyback-e2e-ttft-v1,visdial_v1.0_val,visdial:161902,visdial:161902,7e143ac0-3a33-4016-9a08-9eb35ac4f9c6,1,ImageOnly-Repack Prefix25,prefix25,bddf60f7-1bdf-41f5-b6c1-aa5f50e72974,True,True,1,0,0,penultimate_cls_to_patch_attention_same_vision_forward,0.007327999919652939,0.07843703497201204,0.01047900877892971,0.06795802619308233,0.6128239911049604,133.38190375361592,39.66446127742529,173.0463650310412,534.0869078645483,534.0869078645483,0.28574292082339525,250.60469505842775,0.08244195487350225,5.99536404479295,1068.6728250002488,110.17163307406008,1074.6786680538207,1132462080,25165824,0,2622802,28696,39607,1160319009,d19611af29facdc7d0e0cd441811b8a20efd2266c71657d8902819b04601192a,dff4c670ed1cd4d7b64a68ce012fb02258e224c4bc728fb7265f7fd024a91805,03f33918ceb63f97545b512a682aea34f24ffda6f9fae9740c3c1acc14721e6e,2a4150ecf7ad5f54d5110a620ae12a7fd2c01848ee2c6f80da2389c21bd35138,902374.574150575,902374.574161054,902375.2819751089,902375.642833879,902375.648829243,902375.652931892,True,True,False,1.0019999463111162,False,0,0,True,True
visdial-turn1-piggyback-e2e-ttft-v1,visdial_v1.0_val,visdial:174813,visdial:174813,db2b9257-8daf-4354-962d-13a76fd7a185,1,ImageOnly-Repack Prefix45,prefix45,41ddcd86-9bfd-4010-b699-7f7161c66bb2,True,True,1,0,0,penultimate_cls_to_patch_attention_same_vision_forward,0.008191999979317188,0.07788313087075949,0.009912066161632538,0.06797106470912695,0.5073650972917676,74.74556926172227,26.13310527522117,100.87867453694344,305.62596826348454,305.62596826348454,0.28656201902776957,205.0989419221878,0.08904794231057167,4.408563952893019,665.6843329546973,53.416364127770066,670.102808973752,867172352,11534336,0,2622802,22424,30596,881382510,be05575b97e09b319785daf62869693ee10e0ffe823bf898f6106f58262066ad,59e1eff54e19c9fdda063750727002d00f1d8307e5e7d561f4c99c2ddd2dbea8,3eb4a24aa549ff17a564bce77765fcb1a73b99692839aef42e13fd6b307c53b8,445e132965296e08dcd720068f41dd9ce011e6626a41ac45925e32f75a53460b,902394.933221755,902394.933231667,902395.340311646,902395.598916,902395.6033245639,902395.608152712,True,True,False,2.869874006137252,False,0,0,True,True
visdial-turn1-piggyback-e2e-ttft-v1,visdial_v1.0_val,visdial:302759,visdial:302759,7cd3dbcc-756c-4178-94d2-67972b23917c,1,ImageOnly-Repack Prefix45,prefix45,51388ee8-062c-46de-b571-38f3bab5f10c,True,True,1,0,0,penultimate_cls_to_patch_attention_same_vision_forward,0.0071680000983178616,0.0798199325799942,0.010860967449843884,0.06895896513015032,0.6776060909032822,99.24214938655496,41.26510675996542,140.50725614652038,433.5994116263464,433.5994116263464,0.29216392431408167,259.30781301576644,0.085315085016191,6.218657945282757,896.2300369748846,61.98367604520172,902.4595558876172,1226833920,18874368,0,2622802,30744,42486,1248404320,92a25b82068cb7f3665e4a8c2a30b9ff4b97e9e8397fac966fc941db7682859e,c4ddfce30a67551d55775fbdf3bd042f886a065ab8eda9e24c71ceddb8898b66,e36f6ebef1eee369ee85f23b1d04e8c222ae0523828d2cc536745cefd8757dd6,17f737ccf8bb1da33b1052bce3134e189059508d282a6dcbebc1f7646c6f6ee4,902414.44466755,902414.444678411,902415.0195316438,902415.340908448,902415.3471271059,902415.351222057,True,True,False,0.9973020059987903,False,0,0,True,True
visdial-turn1-piggyback-e2e-ttft-v1,visdial_v1.0_val,visdial:528791,visdial:528791,a85c29a4-b799-42ef-9a10-1f77d0835037,1,ImageOnly-Repack Prefix45,prefix45,5233b098-50fb-4162-a80e-d2cef9371487,True,True,1,0,0,penultimate_cls_to_patch_attention_same_vision_forward,0.0071680000983178616,0.08707295637577772,0.009924988262355328,0.0771479681134224,0.7020080229267478,161.6929421434179,47.78653895482421,209.4794810982421,428.20441676303744,428.20441676303744,0.34779205452650785,270.2746670693159,0.0783849973231554,6.385214044712484,1115.0935880141333,206.2774820951745,1121.4887270471081,1226833920,18874368,0,2622802,30744,42483,1248404317,060fc53f6ec24817db152205806ba46cc4fb54063a08d6acf76ce432ad608cd0,f1ec659300c7b33d8ea473993f7026f1d20444d2cf62b158e6f02bc6c8e0e517,35bdbf160e972739c07e3ea42b9d056f1c7c6da394c20e5ecf484a361236e2b2,b8b4190d1a69c2558143ec5e47743b6179e0e44c73d2e0eb967006d76df31654,902438.115951895,902438.11596182,902438.7544248739,902439.231055408,902439.2374406221,902439.241532245,True,True,False,1.007051090709865,False,0,0,True,True
visdial-turn1-piggyback-e2e-ttft-v1,visdial_v1.0_val,visdial:558901,visdial:558901,6017b206-0a56-4ceb-80b5-8f5c954408da,1,ImageOnly-Repack Prefix25,prefix25,d43acad0-410c-4e69-8498-df762a3def43,True,True,1,0,0,penultimate_cls_to_patch_attention_same_vision_forward,0.0071680000983178616,0.0777530949562788,0.010911026038229465,0.06684206891804934,0.6423859158530831,105.09119718335569,34.894827753305435,139.98602493666112,438.2298634154722,438.2298634154722,0.32082200050354004,265.8779249759391,0.08512893691658974,6.248025922104716,909.7000550245866,64.81188477482647,915.9589919727296,1226833920,18874368,0,2622802,30744,42487,1248404321,dbe57c6d3dd5e57fcccf734651d6e6750c4cd35614584bbd966c13ebf6870e2c,e32e2050595d734dfc1dd8de9c47004591d9f0ea71777f88a604b45b05f7ce7b,54697fa0894a0558bbb73d23fe59bc77222084bc12e66d1338c00169029117a5,07acea6d582514e4cb80b2d3f9434adc8a0ce188697438d327cce8b882eea746,902463.755844033,902463.755854944,902464.3347800603,902464.665554999,902464.671803025,902464.675874773,True,True,False,0.97419205121696,False,0,0,True,True
visdial-turn1-piggyback-e2e-ttft-v1,visdial_v1.0_val,visdial:487201,visdial:487201,7dce8713-4cb1-4a28-bfa6-fa88f94e9478,1,ImageOnly-Repack Prefix45,prefix45,aa6d964d-8bb4-48da-97a6-7fdd77657605,True,True,1,0,0,penultimate_cls_to_patch_attention_same_vision_forward,0.0071680000983178616,0.07945194374769926,0.010577961802482605,0.06887398194521666,0.6438380805775523,122.92186031118035,37.09443018306047,160.01629049424082,512.6261950936168,512.6261950936168,0.31151401344686747,260.31930500175804,0.08589902427047491,6.329098017886281,1021.5379840228707,87.77758234646171,1027.8776600025594,1226833920,18874368,0,2622802,30744,42485,1248404319,3ab4fe7111cee1d7a48662b0aa0873a5048f01575ddcbe6d6624408fb7924410,39543df6660abdb1c6333e1c696fdbf9959a22adc3d39032d07a4cdffeaaad3c,9a5e8d7af5d4550bfd6f33f089c1c56f9960637e01c27f21ce95d253dc55ab14,d8628b828a17eee5ee2f409d73ad3782313b1d25bdbe89d72df6c993b98568b0,902486.409004481,902486.409015059,902487.0823702567,902487.430553043,902487.436882141,902487.440951017,True,True,False,1.0078760096803308,False,0,0,True,True
visdial-turn1-piggyback-e2e-ttft-v1,visdial_v1.0_val,visdial:174525,visdial:174525,06862e22-23fe-4422-a1ea-bf170580f53a,1,ImageOnly-Repack Prefix45,prefix45,f50d6ad5-5a82-468a-a687-51a64a88d1bc,True,True,1,0,0,penultimate_cls_to_patch_attention_same_vision_forward,0.0071680000983178616,0.07795100100338459,0.010684016160666943,0.06726698484271765,0.6499961018562317,100.41142744012177,30.395304318517447,130.80673175863922,435.04908692557365,435.04908692557365,0.3063940675929189,262.1659559663385,0.08432101458311081,6.34753005579114,894.8086349992082,65.98527624737471,901.16684907116,1226833920,18874368,0,2622802,30744,42485,1248404319,a7812c9823a9612b7cd57e0c70f664d9f9439c1af5106f70fddb3a336e96c368,f0ce9dc40981a2dda8b3d344b9fda6999762f1fc52a2a6c0d8561b429219cd65,64fae5ba35b8e26f780bc3ba647c87beb0f5285ab6bd8e82e42043dd27927e12,91fe4b3a1e8bc804e36067072e50b390c7821176d72d40c2da2d5d1cb128761c,902509.665429063,902509.665439747,902510.2320128288,902510.560248382,902510.5665959121,902510.570743046,True,True,False,0.9926760103553534,False,0,0,True,True
visdial-turn1-piggyback-e2e-ttft-v1,visdial_v1.0_val,visdial:174686,visdial:174686,1b6de6d9-acc6-44d9-ad73-e75fdacce23e,1,ImageOnly-Repack Prefix45,prefix45,21c8121d-de27-43c6-82e3-4927eb98f5c9,True,True,1,0,0,penultimate_cls_to_patch_attention_same_vision_forward,0.007391999941319227,0.07755891419947147,0.010740943253040314,0.06681797094643116,0.5895569920539856,89.7125971969217,38.287950097583234,128.00054729450494,397.51628309022635,397.51628309022635,0.30716799665242434,243.60846495255828,0.08067605085670948,5.755629972554743,838.3018909953535,68.43954464420676,844.0682619111612,1132462080,25165824,0,2622802,28696,39609,1160319011,224a18dbd034f1e961a1b30cb8efa425e70ce22690bb5663131dc82aab095435,ecbbd3fbbfc500f0a9ebcce14ee9a428f9094be06b6fa5d56126f73d14b4f0f1,f76d77df8703dceace9366f8f2fa73f1b0add5c93b767cb179384c3b9f711478,c8f5fcae22723482fbd7a9aaa3a748b08c49ee3894b8a0f6430dd48e02b1585d,902532.5945966991,902532.59460744,902533.1207806454,902533.432909331,902533.438664961,902533.442819265,True,True,False,0.9789409814402461,False,0,0,True,True
visdial-turn1-piggyback-e2e-ttft-v1,visdial_v1.0_val,visdial:263372,visdial:263372,416aabd3-4c0b-4443-aa1a-e7269e75117d,1,ImageOnly-Repack Prefix25,prefix25,f655e54a-5731-4b0c-bf33-67312fbb05a6,True,True,1,0,0,penultimate_cls_to_patch_attention_same_vision_forward,0.0071680000983178616,0.07906893733888865,0.010901014320552349,0.0681679230183363,0.5868179723620415,96.81088023353368,36.061401944607496,132.87228217814118,380.88222593069077,380.88222593069077,0.31382101587951183,249.18678693939,0.0796410022303462,5.443861009553075,817.5070480210707,53.83112607523799,822.9618100449443,1072693248,15728640,0,2622802,27288,37391,1091109369,3f99b78a5fa8fa4f4dc043b5441badf63cc70938e15b5fbfa018dd43a33ede7d,c6b80aaa6ee937f7dac4be9af507155c8aedfffaf9039a6fe57f979a6ac5eae6,521dc77d70739d51579066cc1c1847c0e7af7241fcd8023e14b20045a2d52cd6,64d4cf9021e16f9a432540d060046919fda4d43359f60b430f25d39cbcf682e7,902554.543035017,902554.543045918,902555.057455412,902555.360552966,902555.365996827,902555.371704239,True,True,False,2.634792006574571,False,0,0,True,True
visdial-turn1-piggyback-e2e-ttft-v1,visdial_v1.0_val,visdial:133780,visdial:133780,2e33b0f0-442c-4d6e-bc09-cce266ccda25,1,ImageOnly-Repack Prefix45,prefix45,f6fdd418-5a43-458e-a454-9f54db2f75e6,True,True,1,0,0,penultimate_cls_to_patch_attention_same_vision_forward,0.007424000184983015,0.07837102748453617,0.010450021363794804,0.06792100612074137,0.7913290755823255,164.21031358186156,57.80359171330929,222.01390529517084,562.2459086589515,562.2459086589515,0.3262939862906933,296.7165040317923,0.08312507998198271,7.612590910866857,1251.585197984241,169.66650483664125,1259.2082389164716,1484783616,25165824,0,2622802,36760,51037,1512660039,0d72e0be9798ea20b4c7eb0d17bf1c2d6e6828301d75605a06b0523aa45e7f13,3d87a528034f6fa41beea0bd341f840389bea0aee4ee5a6e3eb759f3b975290f,f4a5a5870442659c4379221cfdbd0736803799787e1c7981597dffd2d7bdf56c,2a3f2cd17904300ae77c9c3f678492c81cfd9bef1b028436a362d216574df77e,902576.153503384,902576.153513834,902576.938632898,902577.405099032,902577.4127116229,902577.416832551,True,True,False,1.0065839160233736,False,0,0,True,True
visdial-turn1-piggyback-e2e-ttft-v1,visdial_v1.0_val,visdial:223323,visdial:223323,d5f1ad75-d88a-4f8a-8d7e-c7ee67e4f2a2,1,ImageOnly-Repack Prefix45,prefix45,211de50e-9f15-4d51-8d22-0ab8a0d7857f,True,True,1,0,0,penultimate_cls_to_patch_attention_same_vision_forward,0.0071680000983178616,0.07952807936817408,0.01026596873998642,0.06926211062818766,0.6481150630861521,152.96094946097583,48.63101616501808,201.5919656259939,531.1646822374314,531.1646822374314,0.47029100824147463,258.7087689898908,0.08343893568962812,6.292317993938923,1100.7496749516577,108.48344198893756,1107.0522589143366,1226833920,18874368,0,2622802,30744,42482,1248404316,ddfdd3e432ca5e005daa31507c308df91b1d95393cf0de1db346a5ab1d4989e1,8cc16b0ff718d96a529f22787b8026ed7ff88a438b4ad6ed0859e254b7fdcb62,611edf00523c5b53ebe0c4569cd9ca3015783f5b87383576ab9236ec84694b1e,354890e33375abcacdf137cfed2467a5a0d0889a33adab26f4b27595b65ee028,902606.254689298,902606.254699564,902606.988173589,902607.3554492389,902607.3617415569,902607.368672607,True,True,False,3.6476280074566603,False,0,0,True,True
visdial-turn1-piggyback-e2e-ttft-v1,visdial_v1.0_val,visdial:311202,visdial:311202,4f7aacf1-dd6f-409a-8497-e25d14d071c7,1,ImageOnly-Repack Prefix45,prefix45,9513e28d-b0ac-4260-b2e0-04a75e6f4906,True,True,1,0,0,penultimate_cls_to_patch_attention_same_vision_forward,0.006976000033318996,0.07725204341113567,0.01057703047990799,0.06667501293122768,0.5949089536443353,116.05829559266567,40.307266637682915,156.3655622303486,395.07741772104055,395.07741772104055,0.3022190649062395,242.17559187673032,0.07696694228798151,7.998222950845957,913.1538190413266,118.79669630434364,921.1626190226525,1124073472,16777216,0,2622802,28440,39083,1143541013,700cf7bac59b25b9b7bdc4e3556160b3e94a7418dabefb9953031e586e36be22,989a2f1620db1733cac84d191b769bf1e875ce7adf48255aa84b4bbbd30dea37,78bbdcb18ae5874c11589bf45856e1c6847856749fc27beba6c4cfbef47dc388,7aa29cf2a5e48209d9f75d57a69fb7172bfe62852bc428f82207a15d851e975b,902629.28245568,902629.282466257,902629.8345708209,902630.195620076,902630.203618299,902630.207696273,True,True,False,0.9910129010677338,False,0,0,True,True
visdial-turn1-piggyback-e2e-ttft-v1,visdial_v1.0_val,visdial:325335,visdial:325335,ee72d9e5-0261-4e9a-ab7c-91d75dd0efed,1,ImageOnly-Repack Prefix25,prefix25,6a613a8f-3ba4-4df5-9943-1b54ddb84999,True,True,1,0,0,penultimate_cls_to_patch_attention_same_vision_forward,0.0071680000983178616,0.07522304076701403,0.010431045666337013,0.06479199510067701,0.5538819823414087,122.03288043383509,32.018965343013406,154.0518457768485,453.56105908285826,453.56105908285826,0.30467205215245485,228.67404809221625,0.07840606849640608,5.086787976324558,920.9186179796234,83.93458498176187,926.0158370016143,1021313024,14680064,0,2622802,25880,35694,1038677464,f2590783b37ef43e895a6244d9956fa1bdf7f70ff3570cad0c223e5673b88f39,a3775b5c14774be0b492aeb71c2be6e78327a04c9dc30232a7020c7251da6707,93ccac14ca644b9a651fc261a1d7882d1f9b9c5d985afa6faf85f10b87335a2b,9dd4d8e7d1289a3e0a10cba2957b7cced3caa21cf68cd8c0dbd818868acdd3b9,902654.126022346,902654.126032777,902654.7342643559,902655.046951395,902655.052038183,902655.056121915,True,True,False,0.9739369852468371,False,0,0,True,True
visdial-turn1-piggyback-e2e-ttft-v1,visdial_v1.0_val,visdial:65492,visdial:65492,101b64e5-bbd7-44be-ab01-99e35564843a,1,ImageOnly-Repack Prefix45,prefix45,ae6cafb6-23a5-4dc5-bb2d-9ab3bedc8117,True,True,1,0,0,penultimate_cls_to_patch_attention_same_vision_forward,0.0071680000983178616,0.06644090171903372,0.009413924999535084,0.057026976719498634,0.44121802784502506,99.96437269728631,27.532092528417706,127.49646522570401,396.84137830045074,396.84137830045074,0.2990401117131114,198.4424019465223,0.08822593372315168,5.149447009898722,796.9412870006636,73.57457058969885,802.1001479355618,773849088,18874368,0,2622802,20376,27787,795394421,7d4dd91b3ed666936d0ff895648271c7a8714010738f96ebcb2c1b75b280f5d4,a6d5031f4e8f641ea63920d375ad0d6ed7a6b8564bfcda12db6a429fe0cd341b,29025e45667352cc8e15b6e74d4cdf2b52216071f9e3f61862f660e7eac91855,0c74c304c85ec64a8ced18dcca8bf5639e6110e01b6626a795942416eed06363,902673.864346261,902673.864355675,902674.3891917635,902674.661296962,902674.666446409,902674.670006772,True,True,False,1.5356739750131965,False,0,0,True,True
visdial-turn1-piggyback-e2e-ttft-v1,visdial_v1.0_val,visdial:413417,visdial:413417,1c282641-a146-4626-b750-8098c076f565,1,ImageOnly-Repack Prefix45,prefix45,e53bc1a2-8fcf-4c28-bf76-72b45d476a7d,True,True,1,0,0,penultimate_cls_to_patch_attention_same_vision_forward,0.0071680000983178616,0.07841503247618675,0.009936047717928886,0.06847898475825787,0.6274700863286853,111.84666096232831,39.47466309182346,151.32132405415177,397.6825560675934,397.6825560675934,0.3087189979851246,245.8815659629181,0.0772629864513874,5.747776944190264,920.3463299199939,124.68767177779227,926.1040429119021,1124073472,16777216,0,2622802,28440,39089,1143541019,f3a6e54cbb0835d3a552a06b5e1afcc30885e4567b7bb76ab21da65c0bcfd395,112874102615a57c817604d9b47e2dc41c6f82c5ce8d6e8caedb7939163b0069,3895e6773cab1b2f92ab9fdbd53353eba8baba2cf5a45c25131fa7d31a96992d,156721c1a827b4cb08b514ae46f65f0fa4bc3d1d3525085ad23c247dd8910b62,902689.755692147,902689.755702083,902690.3054019122,902690.6760484129,902690.6817961899,902690.68652725,True,True,False,1.5945329796522856,False,0,0,True,True
visdial-turn1-piggyback-e2e-ttft-v1,visdial_v1.0_val,visdial:505558,visdial:505558,eb170c0b-eb3d-4b6d-a2fb-4459fcbfac55,1,ImageOnly-Repack Prefix45,prefix45,8127119e-7e22-4279-8483-2c1754e1b7e0,True,True,1,0,0,penultimate_cls_to_patch_attention_same_vision_forward,0.0071680000983178616,0.0837560510262847,0.010679010301828384,0.07307704072445631,0.678175943903625,97.34578605275601,42.330005089752376,139.6757911425084,434.11933502648026,434.11933502648026,0.3110939869657159,255.45825203880668,0.08271203842014074,6.244699936360121,896.4571040123701,66.36976078152657,902.7124829590321,1226833920,18874368,0,2622802,30744,42486,1248404320,f81952753ed3811c441f71317db590e48eb13295591714a8f2fc0b8189e43d80,1b2297366172ef34a5d45dd30b35dbfc81afda838d2045154e6f6b9306aaea9e,07ef8fefac6d946c8883ac8160bde029b1a57eec360688a62804877fbe95affa,3b870cab31b0bf8c09280901cd8252c9bfbdf8e40f0b5c260b798ebefa179643,902712.178589084,902712.178599763,902712.7531461421,902713.075056867,902713.0813015669,902713.085412347,True,True,False,0.9807980386540294,False,0,0,True,True
visdial-turn1-piggyback-e2e-ttft-v1,visdial_v1.0_val,visdial:466354,visdial:466354,86ba9cca-ab8d-4fd9-9822-2f91a7879871,1,ImageOnly-Repack Prefix25,prefix25,ffde0519-325a-4e12-b26f-62bc0cf10f7a,True,True,1,0,0,penultimate_cls_to_patch_attention_same_vision_forward,0.0071680000983178616,0.06563100032508373,0.009695999324321747,0.055935001000761986,0.4327930510044098,71.56689092516899,23.567463853396475,95.13435477856547,278.9039902854711,278.9039902854711,0.2899480750784278,193.14076995942742,0.07896497845649719,4.026719951070845,612.1214100858197,44.37460203189403,616.1578260362148,773849088,18874368,0,2622802,20376,27789,795394423,65f90d99a83cf68f731cca43848fc97b041a3bb5cd72f02a5ecfc034aaa17688,b107a2f81c48d1644772e1da323080f338de1752afa7ed854d3a73580cb65fdd,0110889a9d928260c8cde0c5ae441fb63c33564abab6b58cc7c35d1ae7e36bba,21eccbb24c32de0c1cc947443f982c625dad34fd6e3a0f57e4f3538ba5b6b016,902735.957533015,902735.957542711,902736.3320697842,902736.5696641211,902736.5736908411,902736.57661398,True,True,False,0.9574230061843991,False,0,0,True,True
visdial-turn1-piggyback-e2e-ttft-v1,visdial_v1.0_val,visdial:57743,visdial:57743,e722d222-4880-4fe1-a5eb-2a9ef951e5e0,1,ImageOnly-Repack Prefix45,prefix45,c3ecae46-23da-4255-9531-b6c0c0d448b8,True,True,1,0,0,penultimate_cls_to_patch_attention_same_vision_forward,0.007135999854654074,0.07833598647266626,0.010199961252510548,0.06813602522015572,0.6819280097261071,114.24894817173481,46.818271512165666,161.06721968390048,432.6226522680372,432.6226522680372,0.3215409815311432,249.2887299740687,0.0856530386954546,6.2839650781825185,923.3782530063763,79.56393400672823,929.6724180458114,1233125376,25165824,0,2622802,31000,42873,1260987875,7d0300e69ee522c859e566413116bd51e014ce389155f4dad8a7a0f6f093e967,ded339c9c19ed0650ab560bdd09b8ea473b50dc422b2eb2392b6316f5ea688a1,75f2f8dac4f5fccffbd78285a0cd86a39df2f398f7378326fa8d8039596e178a,f84054c261e24c06cafb229c396f5d0ce0c0f19030ec9a8285a5c2db2b013245,902752.923344897,902752.923355097,902753.5177950329,902753.84673335,902753.853017315,902753.857126637,True,True,False,0.998034025542438,False,0,0,True,True
visdial-turn1-piggyback-e2e-ttft-v1,visdial_v1.0_val,visdial:388816,visdial:388816,2f08b197-60c1-451a-abfd-05625c836731,1,ImageOnly-Repack Prefix45,prefix45,e21128ad-5568-40c6-a9a5-f25525b30b48,True,True,1,0,0,penultimate_cls_to_patch_attention_same_vision_forward,0.0071680000983178616,0.08284591604024172,0.010157003998756409,0.07268891204148531,0.6345680449157953,149.0807521622628,41.66066087782383,190.74141304008663,542.9733372293413,542.9733372293413,0.40237593930214643,247.40547698456794,0.08429295849055052,5.889057996682823,1084.1803500661626,102.26857289671898,1090.0795650668442,1124073472,16777216,0,2622802,28440,39090,1143541020,04c22a9815ab3aecd5eaa18847475d1f308388c909af964328f12c42129f2ae4,b09829470f452eb049b1301dbb207191b7833734f4802c844d8c85fd9941aeaa,a608725fd2a011159fbc588c0289eafc5f65248d8f9ae8a4dea1c831b457fd09,76eac5f48a8ed49aa847c1bd773c95b2204b09561d1e1846bf8449eb1a988a11,902777.076106276,902777.076116433,902777.8105384402,902778.1602967831,902778.1661858411,902778.170430035,True,True,False,1.008827006444335,False,0,0,True,True
visdial-turn1-piggyback-e2e-ttft-v1,visdial_v1.0_val,visdial:414026,visdial:414026,7863be93-f503-4648-b601-41b74e0bd37e,1,ImageOnly-Repack Prefix45,prefix45,5e1353d8-5222-4c45-ab7c-d0c9d379f19e,True,True,1,0,0,penultimate_cls_to_patch_attention_same_vision_forward,0.0071680000983178616,0.07751700468361378,0.010387971997261047,0.06712903268635273,0.6272679893299937,102.72794845514,33.4754588548094,136.2034073099494,432.28426156565547,432.28426156565547,0.29929191805422306,251.1900239624083,0.08211296517401934,6.02379790507257,894.2968550836667,73.8426522584632,900.3310409607366,1175453696,17825792,0,2622802,29592,40787,1195972669,d36f401c522380e1d122ed2c7e1f4ba92bee0de57828e0bf54a9c23ea6244db7,7280a7756b76dd4ce7e1ec02ba02274161b825115b38ed666a4cf555a7a4cb73,2575a592801da1054b5c20c2c99211a8d030eb925be428eb7d2db581b208571b,1e6b96bad67df6fbc8e3c5f7dcfd34d9995f665021a62ddd9eac013b8c15e3c8,902798.670886727,902798.670897115,902799.2400791809,902799.5651939701,902799.571217768,902799.575277746,True,True,False,1.0161830577999353,False,0,0,True,True
visdial-turn1-piggyback-e2e-ttft-v1,visdial_v1.0_val,visdial:413216,visdial:413216,9e6fe833-5d2b-45e4-be80-f3fd850bc5e4,1,ImageOnly-Repack Prefix25,prefix25,1bf59320-fa24-42da-9dc8-9e8cfcf8c7e8,True,True,1,0,0,penultimate_cls_to_patch_attention_same_vision_forward,0.0071680000983178616,0.07762294262647629,0.010236050002276897,0.06738689262419939,0.6527139339596033,142.62745308224112,42.522845207713544,185.15029828995466,547.7558275451884,547.7558275451884,0.4868480609729886,237.97898297198117,0.08921499829739332,5.883248057216406,1076.5905909938738,104.89616636186838,1082.4840751010925,1124073472,16777216,0,2622802,28440,39089,1143541019,12262aca76f3cab5830bf85eaddddc2ee8d99417cc8b76da1b32ed4c89d76084,31d583d4c8ae7089fdf74d6f1b14bfc8a75542e9d868229f97ecbc066e12cbe3,648c0ec68e0c6c0200c90175653433bc6da06ff738d42d2d0a9357997a994fb9,3737405912fe08041b07530050328cc27aca197b84a5b9e53895608147a1fc94,902821.129012776,902821.129023012,902821.8626492387,902822.205613603,902822.211496851,902822.215552316,True,True,False,0.99201500415802,False,0,0,True,True
visdial-turn1-piggyback-e2e-ttft-v1,visdial_v1.0_val,visdial:549046,visdial:549046,0ebd5221-2096-4e11-a3b0-cc6a234febfd,1,ImageOnly-Repack Prefix45,prefix45,76fb732a-be29-49b2-9cf0-393b9851e341,True,True,1,0,0,penultimate_cls_to_patch_attention_same_vision_forward,0.0071680000983178616,0.07858802564442158,0.010675983503460884,0.0679120421409607,0.657734926789999,122.5587670924142,45.24646734353155,167.80523443594575,445.1653314754367,445.1653314754367,0.32162200659513474,264.70180810429156,0.08372904267162085,6.345045054331422,978.8997570285574,100.41800700128078,985.2554780663922,1226833920,18874368,0,2622802,30744,42487,1248404321,c02e150b8029b74e1a472fb621a5839c5755afb0534d0498154e89d07025aa6f,d29b3463514a78a83bf85aee940b5fea749b1ebd920389675924e870ec74e4b6,1d8938e49e5633eb4dbc8bd8c4096e0fc6914c2f6230551abd91b1cd0ef0d670,0b4ebcffc052793892ddd469e7b6488558c2b16d9e01e29780cf9fb6468a885e,902846.805339981,902846.805350657,902847.4190468699,902847.784250414,902847.790595459,902847.797390081,True,True,False,3.655072068795562,False,0,0,True,True
visdial-turn1-piggyback-e2e-ttft-v1,visdial_v1.0_val,visdial:431325,visdial:431325,46f04493-6aa7-444d-aa49-58ad910be2cc,1,ImageOnly-Repack Prefix45,prefix45,de542905-75d0-45c3-9b33-93287c610e47,True,True,1,0,0,penultimate_cls_to_patch_attention_same_vision_forward,0.007872000336647034,0.07908092811703682,0.010172021575272083,0.06890890654176474,0.6493049440905452,111.28687066957355,40.77863763086498,152.06550830043852,483.41026110574603,483.41026110574603,0.3132240381091833,248.7794611370191,0.08973595686256886,7.408017059788108,966.1645200103521,81.1013396596536,973.5827090917155,1226833920,18874368,0,2622802,30744,42479,1248404313,b11b513d29fba776698e52adb3f337b1b15b61d2d937bd8705ab5f75a2de947f,71b9b6b2912198b52468973c33417bc11279e33c59fa8bd0e6907570f6e2e0cf,ed6b08826f749b63bb3c77e84dbaaccef4ca8f943a71c5536f486716c1223494,d106ae1b1903353a627fe1fe7499bc597452fb0abd7424689cd8e9d3050756e5,902870.796263639,902870.796273811,902871.4324677943,902871.762438331,902871.7698463481,902871.774708495,True,True,False,1.5489780344069004,False,0,0,True,True
visdial-turn1-piggyback-e2e-ttft-v1,visdial_v1.0_val,visdial:37996,visdial:37996,2f714db7-ca0b-4b50-8172-2ea688f4bfff,1,ImageOnly-Repack Prefix45,prefix45,02f6dba3-873f-496e-a105-d270f2561d47,True,True,1,0,0,penultimate_cls_to_patch_attention_same_vision_forward,0.007391999941319227,0.07885298691689968,0.010791001841425896,0.06806198507547379,0.6667729467153549,156.58097038976848,51.87388428021222,208.4548546699807,457.046341849491,457.046341849491,0.31792710069566965,255.69560809526592,0.08411705493927002,6.253111991100013,1124.5438019977883,202.52804539632052,1130.8077049907297,1226833920,18874368,0,2622802,30744,42480,1248404314,3bedf7b4fb32f7e7c67661f581244a458d035f7e2770adcfa1a07fe6a12fefc9,ba9ac20f12ecfbdeb06e01bb5034e822ec39e4021b04744c49d1e7952420e302,55a4a6517c964050a94840861ccdd3f36b870f2b93ff4974b76aa066db3f4c3c,64c8fc11a22f56a83804256f20e5ffb47d7b6692ddffd5ea379632524dc6f2fd,902893.393136852,902893.393147643,902894.0593836744,902894.517691445,902894.523944557,902894.527992609,True,True,False,0.997388968244195,False,0,0,True,True
visdial-turn1-piggyback-e2e-ttft-v1,visdial_v1.0_val,visdial:200633,visdial:200633,acdc66cb-2383-4e63-91d4-f84f0948413c,1,ImageOnly-Repack Prefix25,prefix25,b91e78a1-5daf-4451-8b6c-9450a1fa3c31,True,True,1,0,0,penultimate_cls_to_patch_attention_same_vision_forward,0.0071680000983178616,0.08177012205123901,0.010627089068293571,0.07114303298294544,0.6324019050225616,107.23547718953341,39.13916228339076,146.37463947292417,438.0245179636404,438.0245179636404,0.4559250082820654,269.36560892499983,0.0844709575176239,8.164932951331139,924.5172970695421,69.96451481245458,932.6928571099415,1124073472,16777216,0,2622802,28440,39089,1143541019,4b6db3f848fd47578a78fd504f39cefddaadface79d25500717795229ab4631d,779408268235d223edd07a66caab5aeb1b1c465e524ef24434a346828672c6c6,01100b182845608706945aba0b9bcbd7c6380c19cd87768bc8da99a49eea0828,8700041093294f462f15109b4c83e2727a2cc2899f69e3c68efea6d9aa7bb981,902918.9561366739,902918.956147301,902919.5412500034,902919.8806645981,902919.888829531,902919.893120667,True,True,False,1.0076949838548899,False,0,0,True,True
visdial-turn1-piggyback-e2e-ttft-v1,visdial_v1.0_val,visdial:580366,visdial:580366,6a57b298-4260-4ae2-89df-cc561cb3fcdb,1,ImageOnly-Repack Prefix45,prefix45,5eb21405-8ea3-4317-9cd9-a5b34997c9b7,True,True,1,0,0,penultimate_cls_to_patch_attention_same_vision_forward,0.007519999984651804,0.0758760143071413,0.010363990440964699,0.0655120238661766,0.6751929176971316,110.87301804218441,33.63393887411803,144.50695691630244,466.17378934752196,466.17378934752196,0.4590239841490984,312.43810593150556,0.08927099406719208,6.373247946612537,994.9180249823257,70.96919685136527,1001.3016369193792,1233125376,25165824,0,2622802,31000,42876,1260987878,958a70df7df5e2fc59edb28073f400cc262616c0832950a1afe7706c5900bc05,1bb783e1c3825f13744d19c79772a01353a0ed09c8d7a00a4c6170ae5cf3709d,54d53fa3233ed6520bac1b67729b1aa7d889152473617a461235831ca0815cb0,157adcb855b6e435946538a7413c61851bc2094c1fdfdfa93c061fbf79b5bdcc,902940.922675585,902940.922685949,902941.5341074002,902941.917603974,902941.923977222,902941.928090815,True,True,False,0.9995130822062492,False,0,0,True,True
visdial-turn1-piggyback-e2e-ttft-v1,visdial_v1.0_val,visdial:466148,visdial:466148,54ad5bd1-3173-4c91-b2ed-dbf4c0d9e3ca,1,ImageOnly-Repack Prefix45,prefix45,b5667ea9-a91d-45fc-a5bb-6a820d2cfc51,True,True,1,0,0,penultimate_cls_to_patch_attention_same_vision_forward,0.008191999979317188,0.07685599848628044,0.010926974937319756,0.06592902354896069,0.6038210121914744,128.2038710778579,36.76282800734043,164.96669908519834,521.7486070469022,521.7486070469022,0.4755851114168763,239.5708281546831,0.08331809658557177,5.331869004294276,1016.4969329489395,89.45773052982986,1021.8397289281711,1021313024,14680064,0,2622802,25880,35690,1038677460,b0ebd18a466ea6e7d7b36abcb682acc7773f5384723a85ef6e1b23af03b0564f,d71967626d55ddba1b6f6938af87a9bec8bb28ec1ecceea9b591f32de42fda40,ea5f8c9cdf2054e0de0063af2ad976117f23b8858676756d7978d4ee42c75405,d10e1f2511e39c129b35ecff24b56d39384df834ed31b6015e5149fe77d0eb2f,902963.274539646,902963.274550573,902963.9619356291,902964.2910475059,902964.2963793749,902964.300496209,True,True,False,0.9862420847639441,False,0,0,True,True
visdial-turn1-piggyback-e2e-ttft-v1,visdial_v1.0_val,visdial:321934,visdial:321934,e3e9e800-445f-4d89-93cb-6b265caf7931,1,ImageOnly-Repack Prefix45,prefix45,be2b8110-d33e-4114-835e-59c2f8cde258,True,True,1,0,0,penultimate_cls_to_patch_attention_same_vision_forward,0.007104000076651573,0.07940793875604868,0.010774005204439163,0.06863393355160952,0.6935850251466036,115.43441493995488,62.12143087759614,177.55584581755102,473.4438199084252,473.4438199084252,0.3206640249118209,249.63744299020618,0.08089106995612383,6.2675089575350285,982.3462789645419,80.8660602197051,988.6245619272813,1226833920,18874368,0,2622802,30744,42483,1248404317,ebc70c5aef97d31f9fdb888e2340c07170287ed3c98292ecf2d225eb04fe8699,615e2c65480f77c9955679a8b22f38e7ee256dfdbcaa5371837ab10c17b8a5e1,07c14e4b7dfde38d400be70301078253116e197e816091e9ef73bae37d7207ac,2718775e0bfb7cd9738309dde3748c332631aece84d0fb1bbe79f317767c793a,902982.7913415619,902982.791352336,902983.4431142206,902983.7736986149,902983.7799661239,902983.784125964,True,True,False,1.0027170646935701,False,0,0,True,True
visdial-turn1-piggyback-e2e-ttft-v1,visdial_v1.0_val,visdial:341253,visdial:341253,b7189740-36ee-4615-b207-d951f290f5d4,1,ImageOnly-Repack Prefix25,prefix25,ca3e30df-ab70-4937-8a4d-623942558507,True,True,1,0,0,penultimate_cls_to_patch_attention_same_vision_forward,0.0071680000983178616,0.08209305815398693,0.014827004633843899,0.06726605352014303,0.6917439168319106,147.78954803477973,52.453427808359265,200.242975843139,452.3906452814117,452.3906452814117,0.3270970191806555,271.8705750303343,0.08532893843948841,6.649643997661769,1122.4881060188636,197.13957095518708,1129.1525770211592,1283457024,25165824,0,2622802,32152,44510,1311322312,68b253b639c6c1393d6ed8b00be9946b76ec8e4ab0f8c9d51b3843f47cec1b6f,bdb2939cd77832c5116258157bc13ae4dd9d48547793918ae8f900d7934f28f2,9eaebc90af85d36b83580f20d3001d26fdf614e64bfba50b9205da8f331b03d0,fd22048ea2ca2faf57ac0e6f6bb3e808a859cb961c7be56a55faa081236fe248,903006.6368969739,903006.636911801,903007.290304432,903007.759399907,903007.766049551,903007.770168822,True,True,False,1.011700020171702,False,0,0,True,True
visdial-turn1-piggyback-e2e-ttft-v1,visdial_v1.0_val,visdial:156344,visdial:156344,8b787955-5d46-4e65-80bb-009618082963,1,ImageOnly-Repack Prefix45,prefix45,ec356b10-f582-4741-a8f7-f46bd66e84c7,True,True,1,0,0,penultimate_cls_to_patch_attention_same_vision_forward,0.0071680000983178616,0.07056689355522394,0.010072952136397362,0.06049394141882658,0.5080909468233585,78.68765760213137,26.1552759911865,104.84293359331787,313.78716172184795,313.78716172184795,0.2886130241677165,208.45394406933337,0.08231098763644695,4.671964910812676,677.6672169798985,49.93228171952069,682.3492548428476,893386752,12582912,0,2622802,23000,31480,908646946,506cf9dd484d360139e4d1b75a21aa595b9607765f4222fc39d4969704cfef9e,a6552f0c1de38e41a4c14d4c47cd37698a703c6a098c8a15cd31ae4d8b3be174,9a0a2b857980179449fafc56a569ed3a1d05afa32c15bdd8dc1da84f6ee63306,338585978f462150f118dd464b61871e982fcbd31a85cb08fef5f8e188419637,903030.484184743,903030.484194816,903030.9033934962,903031.161862033,903031.1665339979,903031.169485195,True,True,False,0.9789590258151293,False,0,0,True,True
visdial-turn1-piggyback-e2e-ttft-v1,visdial_v1.0_val,visdial:513467,visdial:513467,71a14652-085e-4b8b-a3be-2c12957725f7,1,ImageOnly-Repack Prefix45,prefix45,6916a71c-2640-4971-b3ca-db0cd956b03a,True,True,1,0,0,penultimate_cls_to_patch_attention_same_vision_forward,0.0074880002066493034,0.07553701288998127,0.010387971997261047,0.06514904089272022,0.6888250354677439,110.21314340177923,41.282570105977356,151.4957135077566,493.1768444366753,493.1768444366753,0.33704808447510004,260.7832318171859,0.08754502050578594,6.355892983265221,987.8032320411876,81.50592318270355,994.1695129964501,1233125376,25165824,0,2622802,31000,42878,1260987880,c26d7b6f95fb752ada6162dbe9ed34aeef9a41073a455f1f31963ad412663eea,7cacf50f527fa25c1959640dc9e29f95753fce359372d0694318ce78c6c187c5,dcb9d32fe03d3d45e51ab0914bb4fef0c64ce29ca1577a45f32157502d199f02,69a417b2df34eceb1cecd255fedc50e333ad2146b4348855bfe9a16f9a1cfe7f,903048.3775845481,903048.377594936,903049.0230214681,903049.3653981681,903049.3717540611,903049.375855124,True,True,False,0.9886929765343666,False,0,0,True,True
visdial-turn1-piggyback-e2e-ttft-v1,visdial_v1.0_val,visdial:521039,visdial:521039,103d4b02-de47-4082-958a-98ffae07b68e,1,ImageOnly-Repack Prefix45,prefix45,1bfad8a0-9822-403c-8788-bcf0385a0b11,True,True,1,0,0,penultimate_cls_to_patch_attention_same_vision_forward,0.007199999876320362,0.07837091106921434,0.010291929356753826,0.06807898171246052,0.6864960305392742,98.93119358457625,33.606844721361995,132.53803830593824,415.523495641537,415.523495641537,0.3007400082424283,297.5693851476535,0.08006300777196884,6.304722977802157,907.3301969328895,60.86463981773704,913.6452118400484,1226833920,18874368,0,2622802,30744,42483,1248404317,8d018cd02c29b676cda3482af80b81f7d975559a59bfbc7f5682938e7068266a,0e16842ff1b8ab6c23f3022d1230893fee9a9f0db109ccf7e765fefb0d14a77e,44aa9fd87b14a28d09290abfd0bec5bbb57b5cf933eae9b3701071d770fca066,7e023e1b32fdecd220b30c585e8721852c81b8cb487fe510478de017628296fb,903071.0762562191,903071.076266511,903071.62508262,903071.9835967079,903071.9899014309,903071.993977754,True,True,False,0.9799109539017081,False,0,0,True,True
visdial-turn1-piggyback-e2e-ttft-v1,visdial_v1.0_val,visdial:261686,visdial:261686,f00c2b2f-fb29-4482-958b-5f63f6603344,1,ImageOnly-Repack Prefix25,prefix25,42719d6f-f67a-4bd6-b78b-98f678d8ef5d,True,True,1,0,0,penultimate_cls_to_patch_attention_same_vision_forward,0.007327999919652939,0.07774692494422197,0.010325922630727291,0.06742100231349468,0.7982560200616717,120.68827066104859,43.17549313418567,163.86376379523426,536.331971292384,536.331971292384,0.3711549798026681,358.9694091351703,0.08219305891543627,7.892100955359638,1137.6433490077034,77.53033470362425,1145.5457758856937,1535115264,25165824,0,2622802,37912,52669,1562994471,313a39c140519be147682467940fd9dd0b447430271b867e596e8fb161e9b2ed,48c9004ceeeec42b2a6d09cb4486493ea747d34177599e647e85fbd1bbbfa996,a3cc0fb9fc3f89086564fbdf9c8f2ec894fcabba7d79d58cd30ed3c4cc16716c,067277bd42f3134557cb65f1b15ff35d0ccb3f6b88e0da28a03bf01f625171db,903097.3980442921,903097.398054618,903098.0991160301,903098.535697967,903098.543590068,903098.547765873,True,True,False,1.029654056765139,False,0,0,True,True
visdial-turn1-piggyback-e2e-ttft-v1,visdial_v1.0_val,visdial:172461,visdial:172461,65cfc0eb-5ca6-454b-b074-a4b4144dfc69,1,ImageOnly-Repack Prefix45,prefix45,ce40f3a1-5316-49b1-b1ae-c80bab707f37,True,True,1,0,0,penultimate_cls_to_patch_attention_same_vision_forward,0.0071680000983178616,0.07712398655712605,0.010240008123219013,0.06688397843390703,0.6252480670809746,137.43816933128983,42.981229489669204,180.41939882095903,545.4132501035929,545.4132501035929,0.3018369898200035,258.10930598527193,0.08524907752871513,5.986561998724937,1089.647410903126,104.92807487025857,1095.6442129099742,1132462080,25165824,0,2622802,28696,39613,1160319015,4da29edaceb88757a704844397ce443d307730a5c8b584f37d1e6c168ed2810d,a9a9d93892e5b70028be827179623e35c4ad2958d9e98811d5a849bcd2bcd827,7b26f69b0d6caaddf9f68664bad2720baa9b681841783e24fe27bcffb6ae6431,3094c7a2866830c60e8a8a098d14f191a6843b19f6c79c2b6abacc03624e3b2f,903127.341291223,903127.341301463,903128.0678262439,903128.4309488739,903128.4369354359,903128.441117317,True,True,False,1.0433769784867764,False,0,0,True,True
visdial-turn1-piggyback-e2e-ttft-v1,visdial_v1.0_val,visdial:237283,visdial:237283,324b6a81-b9be-4185-bc27-0e344e212a07,1,ImageOnly-Repack Prefix45,prefix45,c264eff4-501d-46c5-95f9-edf077890b3e,True,True,1,0,0,penultimate_cls_to_patch_attention_same_vision_forward,0.0071680000983178616,0.07671304047107697,0.010011019185185432,0.06670202128589153,0.5667490186169744,81.42179087735713,23.597133811563253,105.01892468892038,355.11541774030775,355.11541774030775,0.28939300682395697,226.91931296139956,0.08440506644546986,5.21599396597594,739.4641399150714,51.69262841809541,744.6901449002326,1021313024,14680064,0,2622802,25880,35694,1038677464,5cd1e82e59f34b8a60c3000fdcb9bcc334d28d174ba95f3a90c890686e28ca1a,7946b7a2a875c9ffad57fa63e34302b591ff4dc92ee3e7f99bec598df93fba99,303aebcd2cd1be7cb17feb25d34f0b10b8a9db25ac02b09010b31cc2dc767cf5,24c2a519a187b3d37ed5b36a8793702662aa3c4c25f8af83a1c7fc35058496a5,903147.008541803,903147.008551814,903147.4693196075,903147.7480159539,903147.7532319479,903147.757278054,True,True,False,0.9737750515341759,False,0,0,True,True
visdial-turn1-piggyback-e2e-ttft-v1,visdial_v1.0_val,visdial:485718,visdial:485718,1a92abad-c487-49e0-9b36-ae73d379eb68,1,ImageOnly-Repack Prefix45,prefix45,76c35a01-ca80-426b-bb35-cc8719ab6cd7,True,True,1,0,0,penultimate_cls_to_patch_attention_same_vision_forward,0.007391999941319227,0.07739407010376453,0.010470044799149036,0.0669240253046155,0.6424919702112675,102.19091374892741,36.396386683918536,138.58730043284595,434.79571538046,434.79571538046,0.32841600477695465,255.85392187349498,0.08316000457853079,5.859494907781482,903.2986219972372,73.26910831034184,909.1685869498178,1132462080,25165824,0,2622802,28696,39610,1160319012,3696836472130862d6fe90d964c499ed212778836fe307b2adcc12c1be7b4d3e,d95d21c168b622c494e7a1c4a6b8b68c52461ea0badf85678b02cb6bc240767f,7018487a25cfaf0cfec7d77e837d22ee7af3baf84b31c98849ddb8945cc6f9df,14ffc0c827c01d19ea5c84a204147df985d03bac3078f3ea8017145f3e97758d,903167.915712975,903167.915723445,903168.4898158768,903168.819022067,903168.8248815619,903168.828990642,True,True,False,0.9989039972424507,False,0,0,True,True
visdial-turn1-piggyback-e2e-ttft-v1,visdial_v1.0_val,visdial:492620,visdial:492620,922b2609-19c2-4d0c-a050-9218198936bf,1,ImageOnly-Repack Prefix25,prefix25,afd33b84-099f-46ef-9906-52bf036542fb,True,True,1,0,0,penultimate_cls_to_patch_attention_same_vision_forward,0.007455999962985516,0.07934996392577887,0.010448973625898361,0.0689009902998805,0.6911009550094604,99.28765008226037,41.38687823433429,140.67452831659466,430.94392702914774,430.94392702914774,0.32415403984487057,257.2213920066133,0.07962400559335947,6.199743947945535,889.7524500498548,60.072976746596396,895.9626429714262,1226833920,18874368,0,2622802,30744,42481,1248404315,0f3890fb30a6bbf86f25dba6c6b314a8d4c08ea3c9b19e66615e3ed91db425d4,39242f50fc533b38052674399cbe2f6a10c9ce8cb63f84468e0fc4cf9efd6212,749d8963411f5ea0e1898792fb1bf10bf81962ca811a4d7999a4d04d0de8c7ef,7a54da78d85e61c71af361c86024b76881cea42521acf5473cf19ca2a1685288,903190.097974375,903190.097984824,903190.6703632813,903190.987737274,903190.993937018,903190.998052012,True,True,False,0.9880519937723875,False,0,0,True,True
visdial-turn1-piggyback-e2e-ttft-v1,visdial_v1.0_val,visdial:43416,visdial:43416,4f90f69b-c7ef-4cb4-9c47-1aa48f36c3c5,1,ImageOnly-Repack Prefix45,prefix45,2cd6e107-4ce9-4290-b3ad-0faa51b2b7fb,True,True,1,0,0,penultimate_cls_to_patch_attention_same_vision_forward,0.0071680000983178616,0.07697299588471651,0.010452000424265862,0.06652099546045065,0.6687940331175923,105.746058980003,42.27827931754291,148.0243382975459,463.3103380911052,463.3103380911052,0.30665495432913303,252.03611713368446,0.08598004933446646,6.429383996874094,948.4243330080062,84.23224440775812,954.8641690053046,1233125376,25165824,0,2622802,31000,42876,1260987878,50b83d0809eeb6aeb33b694e30da84ea409c9ca2d8c562beccdfeaa3f8ee7e22,5c097bdd00aa076dd0b3bdb5e0a5336cb609821c4b30ff3b1c1bdfbbd53219de,88437778a4ac6edd8586125c4070048d63ca263193c062b6a48a9aed7ba5ce13,486496790670145acdbde6b6545d31c5524329fcaa33a9810ba6a59c5d2f35cd,903211.890440862,903211.890451314,903212.5025213055,903212.838875647,903212.845305031,903212.849396447,True,True,False,0.9937169961631298,False,0,0,True,True
visdial-turn1-piggyback-e2e-ttft-v1,visdial_v1.0_val,visdial:53901,visdial:53901,9f8149f9-8856-4e29-bb52-2d4d148dedae,1,ImageOnly-Repack Prefix45,prefix45,58535c09-5cc7-4179-a5b4-803ce8f5c8d5,True,True,1,0,0,penultimate_cls_to_patch_attention_same_vision_forward,0.0071680000983178616,0.07929897401481867,0.01059600617736578,0.06870296783745289,0.6692510796710849,103.45469391904771,34.01675738859922,137.47145130764693,450.6943655433133,450.6943655433133,0.29716803692281246,313.8351241359487,0.07959792856127024,6.352763972245157,976.5021139755845,73.68362101260573,982.865473954007,1233125376,25165824,0,2622802,31000,42872,1260987874,e8092a115077b1dda81dd16a5003bae0a69b5f88fd8da0d99580e48248dc367c,604cbe84564a1a920886b81548543ae92b175d4cd0be9ff2fb2754796f882042,174e61e0c3fd76e8c201124a529d17f13d4be02617a7365cd44c1b2f965517b3,1d52452d6b82a21dc05835adb087f4fac39a051c1cc062f83755b5d347002875,903234.067372883,903234.067383479,903234.6562872499,903235.043885593,903235.0502383569,903235.054347709,True,True,False,1.0047629475593567,False,0,0,True,True
visdial-turn1-piggyback-e2e-ttft-v1,visdial_v1.0_val,visdial:442053,visdial:442053,e97f1117-7f18-40db-96a7-00097a7ff7e5,1,ImageOnly-Repack Prefix45,prefix45,8dbc88ad-6f63-4312-936f-f07e1dc62a61,True,True,1,0,0,penultimate_cls_to_patch_attention_same_vision_forward,0.008191999979317188,0.08033204358071089,0.013060052879154682,0.0672719907015562,0.6650839932262897,96.60232637543231,30.968274804763496,127.57060118019581,427.01042583212256,427.01042583212256,0.3347758902236819,330.5496401153505,0.09816000238060951,6.571926991455257,953.304733033292,67.34354991931468,959.8897200776264,1233125376,25165824,0,2622802,31000,42874,1260987876,baa89f099d0517c056f2c8d830edafcac8e815954baf0cb6a8c4dd6aa14c31fd,b505a54580ca8899162d97edcc24bacad8f640017860bf10fa3ef489223ec9ab,a4df77fce26674f040058ba9a6c5a45c52b052542c6615c9ca2b4719d02efccf,e7b7455f0d3e3759cd235294f25005435b78f0a948615a60a1bd7cda5e0a51b2,903257.677389725,903257.677402785,903258.232716168,903258.6307075181,903258.6372794451,903258.641453079,True,True,False,1.0031289421021938,False,0,0,True,True
visdial-turn1-piggyback-e2e-ttft-v1,visdial_v1.0_val,visdial:70221,visdial:70221,bc8b55ec-beee-4762-b88e-5ff74973b310,1,ImageOnly-Repack Prefix25,prefix25,4be7fc0c-07c8-477f-a732-9e75d88c1b59,True,True,1,0,0,penultimate_cls_to_patch_attention_same_vision_forward,0.0071680000983178616,0.07998000364750624,0.010938034392893314,0.06904196925461292,0.6535209249705076,90.47652478329837,31.271244515664876,121.74776929896325,398.4340545721352,398.4340545721352,0.3157739993184805,313.4285968262702,0.08544092997908592,5.847190972417593,898.0975040467456,63.67907952517271,903.9556330535561,1124073472,16777216,0,2622802,28440,39086,1143541016,bd03b1c29636488dd515a705a470e8f9cec466e8a59583beb4b73f289d0fa375,3310768083d72fe46e40a865273fb999f255e3e0197e59a95c328735903e4188,c8065a96cadb48428c7c2d18fd86711426c22194e4e75168aba2b8f23c329e31,0795f43d0641a5ae4ff695fc461530578bbabd64aa39570e2ea10559f275bd3d,903282.995504226,903282.995515164,903283.5164195508,903283.893612668,903283.899459859,903283.903624955,True,True,False,1.0058109182864428,False,0,0,True,True
visdial-turn1-piggyback-e2e-ttft-v1,visdial_v1.0_val,visdial:17842,visdial:17842,6c8e4528-2aca-476d-b80d-b023a3324935,1,ImageOnly-Repack Prefix45,prefix45,68f4b528-5e53-49ae-8a54-a486b08c119a,True,True,1,0,0,penultimate_cls_to_patch_attention_same_vision_forward,0.007840000092983246,0.07819500751793385,0.010885996744036674,0.06730901077389717,0.7084959652274847,126.82585942093283,43.39759238064289,170.22345180157572,539.5690078148618,539.5690078148618,0.30490406788885593,251.34358811192214,0.08391798473894596,6.237640045583248,1059.9972730269656,98.00150233786553,1066.2457990692928,1226833920,18874368,0,2622802,30744,42480,1248404314,c520891b458b38d6e795df1788fe6ab42964001e03699b468f7786e8dba29d48,bb18b2284ce8672a9277b755588eb50de75b6a555d0dfd20aa70af3a201d61db,dcc6b648f29c629f136c09800d275cc9dda78a43de0f94d1848ab02d4a8816fa,f6141a91aac8c5ecfb807fe5b200c266426dcb0e389081a48c982c8507c17dd2,903304.4857765,903304.485787386,903305.1963556506,903305.545784659,903305.552022299,903305.556137696,True,True,False,0.997173017822206,False,0,0,True,True
visdial-turn1-piggyback-e2e-ttft-v1,visdial_v1.0_val,visdial:63987,visdial:63987,49540159-d323-40bc-a642-98bd2988fa5a,1,ImageOnly-Repack Prefix45,prefix45,4a7f35f1-abb5-4b28-b8b9-879f8128bd4f,True,True,1,0,0,penultimate_cls_to_patch_attention_same_vision_forward,0.0071680000983178616,0.08655316196382046,0.010075047612190247,0.07647811435163021,0.595908029936254,125.52116729784757,38.434171001426876,163.95533829927444,528.7878247909248,528.7878247909248,0.46225101687014103,232.9203769331798,0.0879199942573905,5.263146013021469,1025.0705069629475,98.64666080102324,1030.3437280235812,1021313024,14680064,0,2622802,25880,35692,1038677462,00b95bf24262fe220ae8bb1600d18e98f2dcf52c9f7d687f887924716229a31d,1ee1fdabd5ecf9ddaeca32c8c7a2745a581603d6f706beb64b53c2b036bdee90,ae1d997165d5d757f9389fb9e966056139f1023b84ae85a3f3909322dc17bda5,225e20e08b54841e4ac4238b366e17da702029dfccaedd7c71d9cee3acd952ca,903326.699962929,903326.699973004,903327.3933885533,903327.725043511,903327.730306657,903327.734453411,True,True,False,0.9795640362426639,False,0,0,True,True
visdial-turn1-piggyback-e2e-ttft-v1,visdial_v1.0_val,visdial:239217,visdial:239217,89ee0ecc-6ab3-4529-bd38-4f7105421f1d,1,ImageOnly-Repack Prefix45,prefix45,e23ebc5b-32ef-4a1b-b29b-95c9d43e9865,True,True,1,0,0,penultimate_cls_to_patch_attention_same_vision_forward,0.0071680000983178616,0.08010107558220625,0.011277035810053349,0.0688240397721529,0.6651919102296233,105.62626307364553,39.809493348002434,145.43575642164797,454.21303471084684,454.21303471084684,0.3105809446424246,258.646800997667,0.08107803296297789,6.237335037440062,933.9995479676872,74.88886185456067,940.2481600409374,1226833920,18874368,0,2622802,30744,42484,1248404318,2b63dbb35e41e9e62db462d41f8c054778b11db57f26c1a3e150557eac5306f7,09baba4e90a069aae8faf322ed40ec92fce8c6c89c76870b8c963f44bb4d6235,690143681106db2a6ee43925fcbdaa961320cd1d9c0bd850aa9726ad8d471182,36a726bc80502ea70f4e9f1adba4bde3cab96a2e28e6abaec4c89d4be200014f,903345.989535578,903345.989546855,903346.5899296621,903346.923546403,903346.929783738,903346.933873462,True,True,False,0.9931939421221614,False,0,0,True,True
visdial-turn1-piggyback-e2e-ttft-v1,visdial_v1.0_val,visdial:212772,visdial:212772,df3174ff-5e52-4deb-adc3-6674436983ff,1,ImageOnly-Repack Prefix25,prefix25,3ba3c86d-bc51-4dc7-bef2-d0a493d88e8c,True,True,1,0,0,penultimate_cls_to_patch_attention_same_vision_forward,0.008191999979317188,0.07870804984122515,0.010943040251731873,0.06776500958949327,0.6836650427430868,96.14202007651329,30.314405681565404,126.4564257580787,419.2690766649321,419.2690766649321,0.3029740182682872,249.75948384962976,0.0847700284793973,6.196247064508498,862.3254779959098,66.00429164245725,868.53266810067,1226833920,18874368,0,2622802,30744,42482,1248404316,4ce369e190067ac72b7da98b84510375d26fbbc9ac969d05484ed2642601a33f,52fba97f9a07923836f024b7a6697576ee7458f3e16fec175b1cc3a2cf49b2ff,4a41aa2ce3016d2a3d09403e804b308c10c468c4b7579c66403f307fbb194139,c1192201c4a94f84904161932ec8cf4f6d81d313fb1f3c5e7c56ee9c9a99ff42,903369.315358317,903369.31536926,903369.8618461925,903370.177694738,903370.1838909851,903370.188038242,True,True,False,1.01405696477741,False,0,0,True,True
visdial-turn1-piggyback-e2e-ttft-v1,visdial_v1.0_val,visdial:112033,visdial:112033,4722f485-c79c-43ae-b8ab-343cbad400be,1,ImageOnly-Repack Prefix45,prefix45,ffc357c1-22a8-4cbb-9f1a-b245fe704d49,True,True,1,0,0,penultimate_cls_to_patch_attention_same_vision_forward,0.0071680000983178616,0.07883703801780939,0.010198098607361317,0.06863893941044807,0.6878320127725601,96.04108659550548,31.056812615133822,127.0978992106393,418.55949780438095,418.55949780438095,0.3080639289692044,264.8894591256976,0.08441798854619265,6.391247035935521,877.0941949915141,65.70644991006702,883.495640126057,1226833920,18874368,0,2622802,30744,42485,1248404319,fe7fe7171c98f98bd5ae48f61bdda82ee28d8683edcb4e01e8227af357c337c4,ecec18e78a0f5d319042e111f0750b9ca72fd11e957ab69d402fec8d0222df6a,b779fe14e6470323794a42ec473ead841582b93c281a2031442da837fb6fea5d,10dd4f387b4d7c7fa469e14fcf05cfa68b2a7b4e600e58bd539011181ca61f5f,903391.5350006738,903391.535010872,903392.0814247399,903392.4121050669,903392.418496314,903392.422632038,True,True,False,0.9900180157274008,False,0,0,True,True
visdial-turn1-piggyback-e2e-ttft-v1,visdial_v1.0_val,visdial:482512,visdial:482512,2bd6f8b5-5c4d-4f9c-965b-1882fa7ff616,1,ImageOnly-Repack Prefix45,prefix45,a119dd52-ac4a-4363-b45a-ffa0a5b3c452,True,True,1,0,0,penultimate_cls_to_patch_attention_same_vision_forward,0.0071680000983178616,0.08137815166264772,0.010407064110040665,0.07097108755260706,0.6549630779772997,123.29168326687068,38.21670205798,161.50838532485068,512.1993846260011,512.1993846260011,0.46076509170234203,364.1676369588822,0.08505000732839108,6.115779047831893,1135.1053009275347,96.41890984494239,1141.2314870394766,1124073472,16777216,0,2622802,28440,39089,1143541019,f2e3fc813a22875ff6d11205b0a2bfb9b010e34be5dbb0f01919acf6034021eb,3a13e96eb548e82c9ca79af1b51f137ac2d373586ce34830e4d7e618e3eafb83,09e0a5ccd7250c4f0e356eb8a20cee4752d70cc38adf47488dd38c83ddff54ee,a2ff7dda72e3155b7d0a85294fbc81d812244bc50b9525a678562290ae4741b5,903413.963297957,903413.963308364,903414.6377420682,903415.098413665,903415.104529444,903415.108712452,True,True,False,0.9974360000342131,False,0,0,True,True
visdial-turn1-piggyback-e2e-ttft-v1,visdial_v1.0_val,visdial:180478,visdial:180478,9e13254e-8301-4426-b55b-0d98c6c8ccfb,1,ImageOnly-Repack Prefix45,prefix45,17ef4a5d-34c0-4dca-a5ae-ebdc2dc5b1db,True,True,1,0,0,penultimate_cls_to_patch_attention_same_vision_forward,0.0071680000983178616,0.07761595770716667,0.011594966053962708,0.06602099165320396,0.6501070456579328,134.95074049569666,45.56772147770971,180.51846197340637,616.2184349959716,616.2184349959716,0.32280897721648216,333.60241481568664,0.08750904817134142,6.368451984599233,1243.553742999211,112.41079412866384,1249.9337899498641,1233125376,25165824,0,2622802,31000,42879,1260987881,74431ca7a1e20d2308e6426a069399282cd0d687973e97c6febff945c411e46c,74d6fef5ab3e73cc4b6c3da5e6714ae78cdb0d877997f0f3dfc14cd8ba14220c,7eca8baf8f5e0c9091e92e552983452b67ac6d75501af34ae7060a35fa9dc040,cf1e492693ad2447daa103ff96b8369d2a1632fa68eb17cad961e916caa776d0,903437.216883398,903437.216894993,903438.014348018,903438.460448736,903438.466817188,903438.47100421,True,True,False,1.033906009979546,False,0,0,True,True
visdial-turn1-piggyback-e2e-ttft-v1,visdial_v1.0_val,visdial:88394,visdial:88394,19dd8a0a-19a3-413f-92c2-a67bf615e1a7,1,ImageOnly-Repack Prefix25,prefix25,1862679a-988f-4cdf-944d-f1d847f4df9c,True,True,1,0,0,penultimate_cls_to_patch_attention_same_vision_forward,0.007360000163316727,0.07471698336303234,0.010182964615523815,0.06453401874750853,0.6425360916182399,116.5547373238951,35.71592934895307,152.27066667284817,475.85630510002375,475.85630510002375,0.31665200367569923,296.81633098516613,0.09130802936851978,5.884459940716624,1006.5385270863771,80.79684618860483,1012.4331699917093,1124073472,16777216,0,2622802,28440,39085,1143541015,473767e0cb3bfbdc7613ebf8c8810c4447670cfe693d4a11143425eb295cfb26,36e26bfde05d86c01a5ad22b2f48873f0cdf95022ecff9c0c9a41d36000cdbbc,4d0b9b476f771b395f8205e72eab0d683013d3289fedd6b8fa80d36783e40ccc,032fef1db981974d15fbfc71e82f9f920d7afc8d6411c2a221b3ea3031fa1272,903463.568675666,903463.568685849,903464.1975198908,903464.575224376,903464.581108836,903464.585236018,True,True,False,1.0178599040955305,False,0,0,True,True
visdial-turn1-piggyback-e2e-ttft-v1,visdial_v1.0_val,visdial:27086,visdial:27086,1bde95a0-7648-4b93-9b34-985988546562,1,ImageOnly-Repack Prefix45,prefix45,3e65d93d-355f-4d5e-a245-ddabc37ac209,True,True,1,0,0,penultimate_cls_to_patch_attention_same_vision_forward,0.0071680000983178616,0.07611885666847229,0.010128947906196117,0.06598990876227617,0.6263769464567304,88.8911192305386,27.518335031345487,116.4094542618841,380.9723942540586,380.9723942540586,0.3014439716935158,246.76015286240727,0.08555199019610882,5.766084999777377,806.0117120621726,61.09179183840752,811.7879260098562,1124073472,16777216,0,2622802,28440,39087,1143541017,b18ce9b1c6e3d54fb0b6f269b7760ce4b2ec45ec204a5647effb33367c67d55e,5d9f0ec29186c578259a4e85ca9ac93c7fdc57160034df00b1410a53ef09376c,9f74bac1886f852f2af48912d8668b8c17b3597252e1a9beec57878d2910515d,2b0f0a517cf2b0e1e57f84304aba208a9ab33088d277c35a90127e349ac7cc35,903485.482796831,903485.48280696,903485.9808811754,903486.2888186721,903486.2945847571,903486.298738604,True,True,False,1.0140340309590101,False,0,0,True,True
visdial-turn1-piggyback-e2e-ttft-v1,visdial_v1.0_val,visdial:77453,visdial:77453,c159680a-59e0-469d-9632-0bc5bc278f25,1,ImageOnly-Repack Prefix45,prefix45,9959d4b5-fb1e-4344-97e0-57f3255e6979,True,True,1,0,0,penultimate_cls_to_patch_attention_same_vision_forward,0.0072639998979866505,0.07971597369760275,0.009665964171290398,0.07005000952631235,0.6562540074810386,100.0109986634925,33.99771545082331,134.0087141143158,434.0689673554152,434.0689673554152,0.32964395359158516,259.54638107214123,0.07606600411236286,6.371736992150545,896.8230480095372,68.39661544654518,903.204450965859,1226833920,18874368,0,2622802,30744,42483,1248404317,2abec98af85592b25b2da252deaa84d37ac05e22237fc8d78a17417f4cfe8366,f68c85a0b1d647fdf22feda2d08680784c9aed2749a538a883223a3c0db07974,e8c80543190e12504b3f54c6d19c4b8116bc5114a7cc0cb9f5bf08be32546e12,5b787fc56625f02a138ca00a9d8f9b8ea8f43d3aa837c2e0a80b2f1583767c55,903506.715141327,903506.715150993,903507.2839549785,903507.611974041,903507.618345778,903507.622492721,True,True,False,0.9988310048356652,False,0,0,True,True
visdial-turn1-piggyback-e2e-ttft-v1,visdial_v1.0_val,visdial:351635,visdial:351635,c26b3147-60b6-452a-9978-a0f9fb34dc56,1,ImageOnly-Repack Prefix45,prefix45,c045f5f9-fb81-4793-9014-741b0f79a6e3,True,True,1,0,0,penultimate_cls_to_patch_attention_same_vision_forward,0.0071680000983178616,0.07681699935346842,0.010389951057732105,0.06642704829573631,0.6442880257964134,90.38856322877109,31.73351939767599,122.12208262644708,392.57722487673163,392.57722487673163,0.3379520494490862,377.7442009886727,0.08325197268277407,5.926871905103326,983.4334210027009,90.19594546407461,989.370682858862,1132462080,25165824,0,2622802,28696,39614,1160319016,9c3ddc24c11f383161510dd74a1fabd72cb582b46b7235809aee90c77a262363,2dd4a5c087e4e2849355d267924eae81ffd4046f8f2dd89149382caebc70e60c,1bf53b4b0428101fdab561d12e11415e88ecf611245357caf3f68d649dd4b4fa,ca934ad19a7db532cd280d0024662fcf8f9359b6653e40004cecc2763b6d66af,903529.3865320381,903529.386542428,903529.9019524506,903530.369975849,903530.375902721,903530.379988351,True,True,False,0.9817269165068865,False,0,0,True,True
visdial-turn1-piggyback-e2e-ttft-v1,visdial_v1.0_val,visdial:313049,visdial:313049,e6fb79d4-6c5d-4989-8b72-4d700a6368c0,1,ImageOnly-Repack Prefix25,prefix25,6803151c-1c91-4983-a3c0-23b8269277df,True,True,1,0,0,penultimate_cls_to_patch_attention_same_vision_forward,0.0071680000983178616,0.07960095535963774,0.01082499511539936,0.06877596024423838,0.5973940715193748,88.09873065911233,31.35650500189513,119.45523566100746,380.60779869556427,380.60779869556427,0.31771103385835886,318.00533982459456,0.09492598474025726,11.51730795390904,879.6523719793186,60.8229017816484,891.180504928343,1124073472,16777216,0,2622802,28440,39087,1143541017,7e84a71f73e459ff5a656e95c6076d4c2c9a7a3e80cdc47887298feb2d270fcc,99da12bc00fcff44e32f7265b7a464c0b05eb4fded482c6f42e126c26f333ced,0f98ead8e08a44180e67eeccfc8dac30ee4ee7539215d2f7a1f5f7460a8d228a,3a9b3eff5eb90714abe96bfdeede5be168625052f39d9b35fec0d3006a67c05a,903551.677988143,903551.677998968,903552.1787281724,903552.55765134,903552.569168648,903552.57404674,True,True,False,1.6682019922882318,False,0,0,True,True
visdial-turn1-piggyback-e2e-ttft-v1,visdial_v1.0_val,visdial:52361,visdial:52361,49047fd8-9788-486a-899e-2fb1e70bd578,1,ImageOnly-Repack Prefix45,prefix45,8517fa48-1175-47d1-975e-3ec49a2cc3d3,True,True,1,0,0,penultimate_cls_to_patch_attention_same_vision_forward,0.0071680000983178616,0.08016300853341818,0.010917079634964466,0.06924592889845371,0.6133170099928975,85.45087405946106,28.063675854355097,113.51454991381615,366.2802312755957,366.2802312755957,0.2893720520660281,293.74807502608746,0.08313695434480906,5.535925971344113,832.4045509798452,58.095994871109724,837.9513940308243,1072693248,15728640,0,2622802,27288,37390,1091109368,8cca342ea1913c12df222ddf5cad221534d59886aad4480bca38e66d7c4a4f62,be61059ba30c87b9df9804d872bdfe0b42a499493818be42bfe9eaf50737eb0d,34a61cb67626a48ae6a7e4b703d3cb82a4092282ab4826295dd7ba3292d0978d,8e89741cdd63dd38f905c193470df50a5ac2bc5e0420341a4b722dc1f95da801,903572.988987685,903572.988998602,903573.4694759462,903573.821403153,903573.826939079,903573.831081428,True,True,False,0.9746949654072523,False,0,0,True,True
visdial-turn1-piggyback-e2e-ttft-v1,visdial_v1.0_val,visdial:247001,visdial:247001,c20819a1-f5f7-4fc1-b345-802e1a068df5,1,ImageOnly-Repack Prefix45,prefix45,0d0de628-e295-46f6-89e3-43c1069fc2ee,True,True,1,0,0,penultimate_cls_to_patch_attention_same_vision_forward,0.0071680000983178616,0.07713795639574528,0.01023593358695507,0.0669020228087902,0.675243092700839,96.63606667891145,35.01037659589201,131.64644327480346,422.73534613195807,422.73534613195807,0.3222100203856826,339.3120670225471,0.08630496449768543,6.104068015702069,960.9880830394104,66.46577653009444,967.1023869886994,1226833920,18874368,0,2622802,30744,42482,1248404316,6f05c285743349be20486b5f83e26839bb26853da51e7b59e2e965a88bf6587c,b61271e623d565963904bb89e753c4bf848b7c374f78c8a6664a08a0c6e5a9db,4d98e3d054fe060438a8c24622e743924e0963b4b0e27c5cd963f4f19de36b7c,8a150c3d1fefab768794998e1267b1fee60814387e86167afa044b5fce2fc80c,903594.315975627,903594.315985863,903594.8711097975,903595.276973946,903595.283078014,903595.287176766,True,True,False,1.019918010570109,False,0,0,True,True
visdial-turn1-piggyback-e2e-ttft-v1,visdial_v1.0_val,visdial:209351,visdial:209351,23dd323e-6b77-4d5d-aa0a-f6d955cecad5,1,ImageOnly-Repack Prefix45,prefix45,1df02504-0e3d-4276-a5ff-f308abe6d990,True,True,1,0,0,penultimate_cls_to_patch_attention_same_vision_forward,0.0071680000983178616,0.0769210746511817,0.010277028195559978,0.06664404645562172,0.6685479311272502,96.71640465967357,30.629455228336155,127.34585988800973,425.8470821660012,425.8470821660012,0.3338690148666501,314.7500219056383,0.09388604667037725,6.409086985513568,936.0373530071229,67.26531102322042,942.456717020832,1233125376,25165824,0,2622802,31000,42877,1260987879,3996890d34693e895c7b85710ea94403226d59ac34fc50a952b1b4417bd19dc4,a4aedeaf8f9c87ddd73e7df08f23a75c19ea10d45b6f65a5bc19409fd2d0da60,e7a6bb582ee01cd8372f0b7092c0a1794b9d804eaca95e89735c51b92deaef23,5a664e51d98dd9df59257e9dfeaa4c67fe00b094fdabb31554dd1a8b52d6d09b,903617.486380874,903617.486391151,903618.040319285,903618.422428504,903618.428837591,903618.432951767,True,True,False,1.0186040308326483,False,0,0,True,True
visdial-turn1-piggyback-e2e-ttft-v1,visdial_v1.0_val,visdial:126379,visdial:126379,7016b445-dc57-41c9-8c06-5eea58a84cb3,1,ImageOnly-Repack Prefix25,prefix25,6096a508-3bdc-4141-b154-3b009a53da94,True,True,1,0,0,penultimate_cls_to_patch_attention_same_vision_forward,0.00684799998998642,0.08471705950796604,0.010658986866474152,0.07405807264149189,0.6562320049852133,103.79392618779093,36.94539668504149,140.73932287283242,445.8308946341276,445.8308946341276,0.30858395621180534,428.80830401554704,0.08010596502572298,6.268106051720679,1130.7937850942835,114.60486752912402,1137.0725501328707,1226833920,18874368,0,2622802,30744,42478,1248404312,25edc23c1bd793e92866e668c50806e8cbb686bc7e68994bf95603fde425c42d,5857a442885e34321e44484061e8d49ac91bb8bb2cb52fcd0472c382ab28274e,5839c7001443ecb6999419bf43c036b7dfb8dc53eedb74483e7c8ff2f8cb8353,f40f94f7fa972491bfde51bbc614ea081a32fb5974813b8dd88cd12bb6745345,903642.177832808,903642.177843467,903642.7651439746,903643.3086372521,903643.3149053581,903643.319082479,True,True,False,1.0365729685872793,False,0,0,True,True
visdial-turn1-piggyback-e2e-ttft-v1,visdial_v1.0_val,visdial:294553,visdial:294553,5e8006e6-4f1b-4e97-9721-d8456ec6bd3d,1,ImageOnly-Repack Prefix45,prefix45,8beb44d3-2420-4dcd-9612-22f423c7e267,True,True,1,0,0,penultimate_cls_to_patch_attention_same_vision_forward,0.008191999979317188,0.0789369223639369,0.010862015187740326,0.06807490717619658,0.6189669948071241,90.89540166314691,29.55013420432806,120.44553586747497,378.82487243041396,378.82487243041396,0.3137090243399143,329.93149489630014,0.08415407501161098,5.6487120455130935,886.3583860220388,56.385286850854754,892.0179600827396,1124073472,16777216,0,2622802,28440,39088,1143541018,672b9620c467078683e05b8060720af2f641bf38d12927dffdb80046492ba973,fa275cf9a7ea8e72dc3f79ed85e3a5dd217e47ba792de67c91771cd4e972c4e2,2a27a5bdb2178aad85c0844ebd48ab0fcbc06bebebf5c6f0c3ad24a94c31c9f5,6d69b7f4eb905de3ea007412880c75cc426d6dd73fe840b96bca6c931b7a1538,903665.802387908,903665.80239877,903666.3023562202,903666.688757156,903666.6944058681,903666.698721605,True,True,False,1.196113065816462,False,0,0,True,True
visdial-turn1-piggyback-e2e-ttft-v1,visdial_v1.0_val,visdial:473586,visdial:473586,8c6869ff-43e7-44b8-8820-b4e9e6136dd0,1,ImageOnly-Repack Prefix45,prefix45,f4d2c59a-c489-4cd1-886e-f5841a2806d5,True,True,1,0,0,penultimate_cls_to_patch_attention_same_vision_forward,0.0071680000983178616,0.07768499199301004,0.009951065294444561,0.06773392669856548,0.6757860537618399,97.02917712274939,34.67451175674796,131.70368887949735,424.79455459397286,424.79455459397286,0.3370650811120868,379.17521107010543,0.08515303488820791,6.307277944870293,1003.7376750260592,67.2355474671349,1010.0549040362239,1233125376,25165824,0,2622802,31000,42878,1260987880,78240482bedcdd04277024e5bd6755716a91df46cbbfbf7f0443bee6434fc99d,d9125099e67f676637f278d4794d82d13f493594483ef6fd464a5d404a334a21,0b7be580085b8336b5c604ce95fda22f30a09e36f8a215fbbc602154defc90cb,2340f8db15e3b7b51b11843376c82c5f32ccef107b0892ef9737d8ac307c11b2,903688.1206174949,903688.120627446,903688.6778692094,903689.124365121,903689.130672399,903689.134781508,True,True,False,1.01920694578439,False,0,0,True,True
visdial-turn1-piggyback-e2e-ttft-v1,visdial_v1.0_val,visdial:35806,visdial:35806,e7f64691-8699-456c-ae55-e9dbaf898245,1,ImageOnly-Repack Prefix45,prefix45,089dcca3-ae75-4446-81b0-33415e4d92c4,True,True,1,0,0,penultimate_cls_to_patch_attention_same_vision_forward,0.0071680000983178616,0.08098897524178028,0.010906020179390907,0.07008295506238937,0.6624249508604407,96.52033029124141,34.519313368946314,131.03964366018772,420.7343221642077,420.7343221642077,0.30498707201331854,326.6440770821646,0.0828760676085949,6.2177099753171206,945.4527540365234,66.21932715643197,951.6813700320199,1226833920,18874368,0,2622802,30744,42483,1248404317,a7f86c0aee74043f3af8b134fa1442cfe4eddb2b0b93a5ea8a4d4e1b9f20dcf3,130be9d804b7718ba8b1029004f6621345d2e8f86068271d73103afb670c8e2e,429a2cc8e84f2d3599a995abce886a72c6ac7fa5c0a32f4c5bf0a736628fba05,85bb81e9a1265f55982513d6975f8106ba2649870c518518782ac11d1a93c97e,903712.248394769,903712.248405675,903712.8009121488,903713.1938584291,903713.2000761391,903713.204097001,True,True,False,0.9903369937092066,False,0,0,True,True
visdial-turn1-piggyback-e2e-ttft-v1,visdial_v1.0_val,visdial:297127,visdial:297127,4a46506d-a248-4fdc-9de3-90ee86be861d,1,ImageOnly-Repack Prefix25,prefix25,7fd440ee-95a8-447d-a2fd-7240f325b11c,True,True,1,0,0,penultimate_cls_to_patch_attention_same_vision_forward,0.0071680000983178616,0.07901201024651527,0.010036979801952839,0.06897503044456244,0.831003999337554,119.62876981124282,47.93457337655127,167.5633431877941,523.9552730927244,523.9552730927244,0.34178001806139946,607.5018958654255,0.08398492354899645,7.901418022811413,1381.6877800272778,81.68330392800272,1389.5992350298911,1535115264,25165824,0,2622802,37912,52672,1562994474,e9cdd90d786e4a1872c9beec8931005503d316c95ae9c785249df9a29fc68e24,9920572519eff66c37d259b588f070b99c6740a90d386db59ad2424b12b7ecfa,243f0b2dd5752163667fd6ccdcc052d14cf6c48036197f9890d910b1470084b2,1cdfa7a9be1da31f6043b2833ba271ac45f529a289dd64e55c7df23bbb43c96b,903737.907822082,903737.907832119,903738.6002507143,903739.2895198991,903739.2974213171,903739.30157659,True,True,False,1.026902929879725,False,0,0,True,True
visdial-turn1-piggyback-e2e-ttft-v1,visdial_v1.0_val,visdial:509296,visdial:509296,8c5f66b9-72fd-45eb-8469-fa4e8256bce2,1,ImageOnly-Repack Prefix45,prefix45,b898aa16-a76a-4672-98b1-5c194a0a141e,True,True,1,0,0,penultimate_cls_to_patch_attention_same_vision_forward,0.0071680000983178616,0.07988698780536652,0.010169926099479198,0.06971706170588732,0.6448699859902263,140.6670375727117,43.901241617277265,184.56827918998897,558.6399900494143,558.6399900494143,0.48371998127549887,351.2650759657845,0.08496397640556097,5.863853031769395,1199.826869997196,104.55397376790643,1205.7008929550648,1124073472,16777216,0,2622802,28440,39088,1143541018,b372ad77403983f61e77e9a51e34360c35d2da9dfec2c49e7b788ef48a65531c,8668d1e9bbf1a461510b22feeacd8b79e97f46f93fbd8b4b98f12e6aaafe471e,5c86fdb4979b93d64d25ceaa9152feeeae60a538b08707cbb4b8e8c30534d28a,20e6a4925d350dfdb74421064bf34ab2277a9f616db8411f022ea9bf16d19ca3,903766.5476491441,903766.547659314,903767.2915821703,903767.747486184,903767.753350037,903767.757510703,True,True,False,1.0055809980258346,False,0,0,True,True
visdial-turn1-piggyback-e2e-ttft-v1,visdial_v1.0_val,visdial:145204,visdial:145204,be3498df-c65a-4cc2-ae5c-7b5cc9a0ef86,1,ImageOnly-Repack Prefix45,prefix45,bc947bc5-28f4-42f8-928c-5e9b1dfceb5d,True,True,1,0,0,penultimate_cls_to_patch_attention_same_vision_forward,0.0071680000983178616,0.07771595846861601,0.00994501169770956,0.06777094677090645,0.6023469613865018,84.29905399680138,28.75274233520031,113.05179633200169,361.9667374296114,361.9667374296114,0.31182391103357077,294.5370920933783,0.083134975284338,5.432190024293959,827.7621750021353,57.453296263702214,833.204310038127,1072693248,15728640,0,2622802,27288,37389,1091109367,80572d2f1f968ff3f5f376364ea3696718aa16e1e16204be80a9b4b726e2ac19,f81c00d7fe34fa79c2c4e21fb70e5957b73f495ee2df2b5996baa0bda260dc11,3f61b73761ba303f27878f93ddb53284e4943390a9fb4a907f67c09210bcddf2,c3f0e57cae2a37fdff7eb0f9b904eeb9ae191e3577ee7cc952107176cdc3e988,903790.23917546,903790.239185405,903790.7148740566,903791.06694758,903791.07237977,903791.07647484,True,True,False,0.9801299311220646,False,0,0,True,True
visdial-turn1-piggyback-e2e-ttft-v1,visdial_v1.0_val,visdial:475748,visdial:475748,0124723a-a88c-450b-8538-2f4cec1a16ae,1,ImageOnly-Repack Prefix45,prefix45,3b00f32e-e680-4952-a6f1-5e5484903479,True,True,1,0,0,penultimate_cls_to_patch_attention_same_vision_forward,0.0071680000983178616,0.07863808423280716,0.010357005521655083,0.06828107871115208,0.6293390179052949,95.65382252912968,28.453121311031282,124.10694384016097,397.1779178828001,397.1779178828001,0.3138940082862973,280.6715969927609,0.07954298052936792,5.861983052454889,862.788149039261,60.05452724639326,868.6604890972376,1124073472,16777216,0,2622802,28440,39091,1143541021,79ddd8e797d825003cf39b7d35bf2bdf546d275c338f0db4788fdeb5770bf2e8,f2ede53ca669130302dea6e70f62342a89136ae2bd72d52d87b6793945aa3069,816e696f706277fe0d3011f954c25dbc72be379aa6c9783daf7b807bf2488dbd,45811b87816e9e1c8ca01ed464f0d7aec80565a89227882e561349f030dacec9,903810.900901077,903810.900911434,903811.4228939158,903811.763699583,903811.7695615661,903811.773650176,True,True,False,1.0047119576483965,False,0,0,True,True
visdial-turn1-piggyback-e2e-ttft-v1,visdial_v1.0_val,visdial:525402,visdial:525402,e0f3bd5f-b9c7-433c-a869-655bebf55e12,1,ImageOnly-Repack Prefix25,prefix25,f1f380b5-51c2-4c11-b1d2-f4115404dfac,True,True,1,0,0,penultimate_cls_to_patch_attention_same_vision_forward,0.0071680000983178616,0.07902702782303095,0.010533025488257408,0.06849400233477354,0.6676190532743931,95.80728725995868,33.87918008957058,129.68646734952927,416.35109193157405,416.35109193157405,0.3149079857394099,298.98327600676566,0.08590705692768097,7.317887037061155,911.3588930340484,65.51603763364255,918.6873130965978,1226833920,18874368,0,2622802,30744,42485,1248404319,df58e9c761c49e1a5cc40a4845be1296db807c8e04565346393249b3d28cc6e6,a4ed3ad2dc4ef7bc7a652ba751ead0c635f27ea13260814935bcef6fcbbb7cde,873ba89157f14e62683d8193ba06e4b0a2bd7d45f99c70484fc06d336f89348d,1dc9a26b177879140534ebfc4243ff2c853e9b4ae350b20b2da394e34cd4df87,903833.507648361,903833.507658894,903834.0544325664,903834.4190177871,903834.4263356741,903834.431068844,True,True,False,1.5403779689222574,False,0,0,True,True
visdial-turn1-piggyback-e2e-ttft-v1,visdial_v1.0_val,visdial:191618,visdial:191618,7a82c3e2-5df5-4408-81f2-d7ea6974376a,1,ImageOnly-Repack Prefix45,prefix45,760319ac-1692-49c1-af82-3a5449e04c1e,True,True,1,0,0,penultimate_cls_to_patch_attention_same_vision_forward,0.0071680000983178616,0.0787199242040515,0.011872965842485428,0.06684695836156607,0.662637990899384,113.00349340308458,39.90999248344451,152.9134858865291,479.7291599679738,479.7291599679738,0.3205779939889908,515.7596389763057,0.08599099237471819,7.434237049892545,1257.1953570004553,107.97759622801095,1264.6414670161903,1233125376,25165824,0,2622802,31000,42877,1260987879,8d6c180456766383925df8bab1c4c76ca0435dc98614086cea964646cbdd83e4,8dbbe307baeba0989f02aade2113355bcd07b4259e9c35c2385506d049bfbc0c,467df603be1199b39d5ff63e585686aa49d211c8adb48d2547e603f9ddee96fa,6f481a0509043c14e31725a06274dff237fa6716bd6af18fe23f302c2a5e1fa7,903857.321353324,903857.321365197,903857.9547373278,903858.578560554,903858.585994791,903858.590736735,True,True,False,1.555248978547752,False,0,0,True,True
visdial-turn1-piggyback-e2e-ttft-v1,visdial_v1.0_val,visdial:369440,visdial:369440,92338ae9-5993-41cc-8e47-29f7abbdec62,1,ImageOnly-Repack Prefix45,prefix45,e8f88f7e-bb25-4866-b528-ffb637c7a329,True,True,1,0,0,penultimate_cls_to_patch_attention_same_vision_forward,0.0071680000983178616,0.08112110663205385,0.014984048902988434,0.06613705772906542,0.6672119488939643,100.5705549614504,32.19652094412595,132.76707590557635,439.76375716738403,439.76375716738403,0.32365298829972744,443.0580789921805,0.08333392906934023,6.396414013579488,1088.1845250260085,71.77893002517521,1094.595923088491,1233125376,25165824,0,2622802,31000,42878,1260987880,9c6ecf1792530fce49584b023ce8d1df2979d7a78f9cf54e067b4b9e0e3b4db9,50db2b7f4728781b29db8c10d91302219d34d1249b27dc21376d577e49f3cecc,e1c7e46de7cbc4728deba035bfb204e7e388680c841e0ccfcc430112c71cd592,74bc5e4c03c377a74c2c583ef28461796ba634910cb91a8802f9f5b374706e7a,903880.897299796,903880.89731478,903881.4705789621,903881.9854993051,903881.9918957191,903881.99601025,True,True,False,1.0062719229608774,False,0,0,True,True
visdial-turn1-piggyback-e2e-ttft-v1,visdial_v1.0_val,visdial:517134,visdial:517134,bb92e510-b7f1-4912-a45c-6c749eef0481,1,ImageOnly-Repack Prefix45,prefix45,a9bb343f-0243-42fa-bfef-47bf2436d25b,True,True,1,0,0,penultimate_cls_to_patch_attention_same_vision_forward,0.0071680000983178616,0.07965299300849438,0.010346993803977966,0.06930599920451641,0.6829500198364258,96.30467591341585,34.794792998582125,131.09946891199797,417.40874387323856,417.40874387323856,0.31668704468756914,356.71934916172177,0.08278898894786835,7.224331959150732,972.3346600076184,66.27205305267125,979.5693389605731,1226833920,18874368,0,2622802,30744,42485,1248404319,faf88fccd0b9dacde890c2b424955d7ff223d780b8ef48a52378c15647e742c3,2cdc232d77140ec5aabfe0a373758d677c4783a8a6a13b8c47ee59eb3d09a811,574d12888e346da52f5ab6fea5c05087a781af7616bb287ac270fb114b974843,c854fb706c54a1b49cba145d3aa02eeb23f8f8b476fb747a245bf991947236d9,903905.24857574,903905.248586087,903905.7978465558,903906.220920747,903906.228145079,903906.232817471,True,True,False,1.5105749480426311,False,0,0,True,True
visdial-turn1-piggyback-e2e-ttft-v1,visdial_v1.0_val,visdial:447518,visdial:447518,6dfcebb4-11a5-45ea-a03b-377875e64b3a,1,ImageOnly-Repack Prefix25,prefix25,03b40caa-c94d-416c-802a-e5b6d3936943,True,True,1,0,0,penultimate_cls_to_patch_attention_same_vision_forward,0.0071680000983178616,0.08088385220617056,0.009832903742790222,0.07105094846338034,0.6425499450415373,101.10459290444851,34.89727037958801,136.00186328403652,439.3045426113531,439.3045426113531,0.3049729857593775,309.71226398833096,0.09097508154809475,6.044529029168189,961.1890249652788,75.36577910650522,967.2433868981898,1132462080,25165824,0,2622802,28696,39611,1160319013,a1c60f118b993c40718383cd193b0da8a3e6dc0d6cf9071b8df4c905dc9af332,8fa1d51993cb84bdd51752a6403d86c48fd94c6de9e542c585e37572487da753,2a489bf2f9650296d6531d1870f6ba620428ae6bfb6c289323aa3b81d56fcd83,a19703c67da454b21a9ee32c204cf9ebcc38b6f56651ba1231b43e93b1320c5e,903931.0000601921,903931.000070025,903931.5760900318,903931.96125905,903931.967303579,903931.971415933,True,True,False,1.0138819925487041,False,0,0,True,True
visdial-turn1-piggyback-e2e-ttft-v1,visdial_v1.0_val,visdial:348840,visdial:348840,b203c51a-d4c8-4836-bcf1-f9f84e90b9e6,1,ImageOnly-Repack Prefix45,prefix45,6e1caeac-2497-4fb9-a514-6a1b1dfe5775,True,True,1,0,0,penultimate_cls_to_patch_attention_same_vision_forward,0.0071680000983178616,0.07859210018068552,0.010731047950685024,0.0678610522300005,0.6267889402806759,106.9749966263771,37.35392901580781,144.3289256421849,456.1624997295439,456.1624997295439,0.30993600375950336,302.2709251381457,0.08655397687107325,5.865451996214688,979.7669330146164,76.2233785353601,985.6431160587817,1124073472,16777216,0,2622802,28440,39089,1143541019,a50146158a5ef22edd206ff937a0e947fea77960dfe64d8c3b38622f8f2f6317,9634faa92373922e26ea6e91e98f602dd8724583924d746ea779d8f8f49b0e5f,804f412d6f38a6d0ac8159edb1a18f1dd8e3133e0be86b8b23acd4bcb6c83d39,5654070caececed1791c365e1eba96057bcd0959346942c0493a12ff11076e37,903952.596168933,903952.596179664,903953.1973657394,903953.575946597,903953.581812049,903953.585937866,True,True,False,1.0081399232149124,False,0,0,True,True
visdial-turn1-piggyback-e2e-ttft-v1,visdial_v1.0_val,visdial:545142,visdial:545142,53c3de64-7b5d-483d-94b8-9e565e8ad4e6,1,ImageOnly-Repack Prefix45,prefix45,f78109d1-8fb0-4d50-a145-0cc7806f6697,True,True,1,0,0,penultimate_cls_to_patch_attention_same_vision_forward,0.006912000011652708,0.0798320397734642,0.010380987077951431,0.06945105269551277,0.6258839275687933,113.15483192447573,39.524757652543485,152.67958957701921,480.4903434123844,480.4903434123844,0.3020500298589468,419.8707659961656,0.0833580270409584,5.854137009009719,1137.9946779925376,84.17528599966317,1143.8591959886253,1124073472,16777216,0,2622802,28440,39085,1143541015,d33e7c9d55e6f1aa597b0ddeb8aabc22f4e01e12b5c49ce40e4af1169b157c2d,5bbbbed84f5f60218a4cce76820e0dd6aa6525f5f3bc2ddf5374284e587f6a1c,bc9b5acf344c59a3c155e718b5dbe888e861b0b306f5bf75059154cfdbcb8049,7a2ecf47b191b858737796cc6f731a273536c81d4cbe1563bb0f5f51371d587e,903974.285153638,903974.285164019,903974.919029287,903975.423158697,903975.429012834,903975.433115058,True,True,False,0.9915359551087022,False,0,0,True,True
visdial-turn1-piggyback-e2e-ttft-v1,visdial_v1.0_val,visdial:416028,visdial:416028,0214de5e-4e4e-417b-8506-59a278bc2c97,1,ImageOnly-Repack Prefix45,prefix45,14fcfa4e-5d90-4b95-8b59-028dfbad48c9,True,True,1,0,0,penultimate_cls_to_patch_attention_same_vision_forward,0.006144000217318535,0.07828488014638424,0.010706949979066849,0.06757793016731739,0.6924280896782875,96.39982553198934,33.87671464588493,130.27654017787427,420.64510099589825,420.64510099589825,0.35594694782048464,353.1353558646515,0.07949501741677523,6.477494956925511,972.1048350911587,67.20833701547235,978.5930369980633,1233125376,25165824,0,2622802,31000,42875,1260987877,d8e40d192bc95d8b4ae0a7471a354803dfed3d4a63947422f204799a230529c8,92714ed4abb02831006d72ee7665067748e84d6b589ef03d82b6c0f1b9769788,df6483f8ae0769bc72e74c71521ee3e1e66b132c2481c49884bf5be4f76dd6db,284d1cf0a809c8699f81497d2787c291b5969f177951d3268476b498dee74c4c,903995.390440094,903995.390450801,903995.9421324482,903996.3625556361,903996.369033131,903996.373225081,True,True,False,1.0189189342781901,False,0,0,True,True
visdial-turn1-piggyback-e2e-ttft-v1,visdial_v1.0_val,visdial:46673,visdial:46673,66243b03-639a-44a2-9af2-ac5a9b1ebbea,1,ImageOnly-Repack Prefix25,prefix25,3d275aa8-3a01-404b-9bf7-ab4f3a19cce7,True,True,1,0,0,penultimate_cls_to_patch_attention_same_vision_forward,0.0071680000983178616,0.07895787712186575,0.011140946298837662,0.06781693082302809,0.6893479730933905,104.03289389796555,37.735077436082065,141.76797133404762,444.9491718551144,444.9491718551144,0.3174359444528818,456.42490906175226,0.08266698569059372,6.479501025751233,1117.3132969997823,73.33141285926104,1123.8039389718324,1226833920,18874368,0,2622802,30744,42484,1248404318,4ccde6e63a2e2f8ef1f9de9680257eeb90010b95a9bf8e536b2c77518f743861,7804b93a30869d9c9458fe4cb592a4d11a7da0a297c8165138978eee8b75a533,f59e1259b8585dcfbfd75607e9d883d04cd906492f31c056826755d8a1421cbb,2822cede83dd089b8bf277a8fa0aad40027929a65e39c015e5c23368b1856e55,904020.5213186541,904020.521329795,904021.1088041031,904021.638643092,904021.645122593,904021.649239367,True,True,False,1.004458055831492,False,0,0,True,True
visdial-turn1-piggyback-e2e-ttft-v1,visdial_v1.0_val,visdial:578816,visdial:578816,caed8bd9-4dd7-4a09-93c0-3ca36dfa7628,1,ImageOnly-Repack Prefix45,prefix45,67977f01-e737-4f3c-9b28-75c7f37e4b02,True,True,1,0,0,penultimate_cls_to_patch_attention_same_vision_forward,0.006783999968320131,0.07958617061376572,0.01039507333189249,0.06919109728187323,0.6355720106512308,137.49098917469382,43.64221740979701,181.13320658449084,550.5324776750058,550.5324776750058,0.33827906008809805,353.00708503928035,0.09108195081353188,5.984609946608543,1192.5937019987032,107.12508764117956,1198.5887070186436,1132462080,25165824,0,2622802,28696,39606,1160319008,95022f0a04d9322c04e486ecb516cbf629cd88803a1f97f7fa7507218a0f2932,21a0b776cb513079b280d11b25edae38040080ff66d47a25493546d1d2682c6d,a41e4a2ea3fccf06a5617148a8fbe7781af5b9c1eebb59b36b95db096b4c7346,9de74081102f54e27f524492cfb9b21aa1165507b1e588e578f16811c0e7776c,904044.107597439,904044.107607834,904044.8399782814,904045.300201536,904045.306186146,904045.310338792,True,True,False,1.0220309486612678,False,0,0,True,True
visdial-turn1-piggyback-e2e-ttft-v1,visdial_v1.0_val,visdial:417322,visdial:417322,dba90cf0-3e87-47ce-ada9-cb0274657981,1,ImageOnly-Repack Prefix45,prefix45,35eeb635-a551-4330-a676-52138d5fcf6d,True,True,1,0,0,penultimate_cls_to_patch_attention_same_vision_forward,0.0071680000983178616,0.07768196519464254,0.01010799314826727,0.06757397204637527,0.638567958958447,95.9407159825787,28.457108419388533,124.39782440196723,408.5806835209951,408.5806835209951,0.3116300795227289,335.0364950019866,0.08996599353849888,5.929918028414249,936.0924479551613,67.28133710566908,942.0324739767238,1124073472,16777216,0,2622802,28440,39087,1143541017,8afc43edc641c5aa2e6a7f1b2fd90df5e3e8f0d46e46b7c13d093af30ab919b6,c733e4c6675c5227224b19960d0cbed8a407066a7dc7c13862140c28d7586ff0,b0c6f260f23f134126b5dce20572abd40fe1f2e28a45aa83de14ce619a33a725,54fb3a78609670675f6ed7d4179bc6f319dee2d2bd752d0013b789d274afa6c7,904066.196066854,904066.196076962,904066.7297616119,904067.13216941,904067.138099328,904067.142283304,True,True,False,1.0280889691784978,False,0,0,True,True
visdial-turn1-piggyback-e2e-ttft-v1,visdial_v1.0_val,visdial:486531,visdial:486531,0ae2755d-e9d0-42f3-b343-f33463c1c45f,1,ImageOnly-Repack Prefix45,prefix45,73f83263-506a-4a58-a5e1-d98b4187a155,True,True,1,0,0,penultimate_cls_to_patch_attention_same_vision_forward,0.0071680000983178616,0.07773598190397024,0.010396004654467106,0.06733997724950314,0.659339944832027,97.18126303050667,35.415701335296035,132.5969643658027,422.7421950781718,422.7421950781718,0.3182990476489067,443.670067936182,0.08083798456937075,6.93329400382936,1093.8879339955747,94.0711887087673,1100.8316240040585,1124073472,16777216,0,2622802,28440,39089,1143541019,df7c0e82d0a7ad6b31bb75a70b027c4aad03b8b4bb37997dddbfac4b9b01f825,19addee8f03d946932b5d5c25e890ccff6d034d89e449223846f663382732e48,39f0c5c24b3f2d41548dd2a08115eb95d50cc598415b2a6bfcfbab5b57eccb4d,3fd7675cd302c99630e47d480c9a7f89b1a58fc0ce9d6a15c6dd8227a5f7392b,904088.231412394,904088.23142279,904088.7874886293,904089.325310724,904089.332244018,904089.336967938,True,True,False,1.5260179061442614,False,0,0,True,True
visdial-turn1-piggyback-e2e-ttft-v1,visdial_v1.0_val,visdial:292163,visdial:292163,7a9f2103-3f1e-4647-ab6a-12330b5267d3,1,ImageOnly-Repack Prefix25,prefix25,b8685bde-e063-4382-b4a4-7639107cfd89,True,True,1,0,0,penultimate_cls_to_patch_attention_same_vision_forward,0.0071680000983178616,0.07714505773037672,0.01080904621630907,0.06633601151406765,0.698316958732903,96.44937340635806,29.17259221430868,125.62196562066674,425.65179406665266,425.65179406665266,0.4685049643740058,761.3097870489582,0.08299399632960558,6.261843955144286,1381.4996449509636,68.06845124810934,1387.7722979523242,1226833920,18874368,0,2622802,30744,42483,1248404317,9257e5da71bf953c9f5c8bd77a5b36a8a88750cf643e5797577e6c9992e16624,563758019db120d172e7389deaa79e3cb5c6652d3abeeb25026135b7452b70be,ef99d2d34d4278ac120db408c730268ee66f64d981c7070c5b42bba7d54e172e,e80de30e140c0a505e63bc6375cd61b1184d2fbba87eaf81eae15237dc732150,904110.870439961,904110.87045077,904111.4224891827,904112.251950415,904112.2582122589,904112.262310923,True,True,False,0.9919289732351899,False,0,0,True,True
visdial-turn1-piggyback-e2e-ttft-v1,visdial_v1.0_val,visdial:230818,visdial:230818,79929890-daa7-4320-b389-1f4751556bcc,1,ImageOnly-Repack Prefix45,prefix45,37ed990d-0c7e-4661-884f-52b3deecf999,True,True,1,0,0,penultimate_cls_to_patch_attention_same_vision_forward,0.00723200011998415,0.07064302917569876,0.00957702286541462,0.06106600631028414,0.4457010654732585,64.33998409193009,16.32603269536048,80.66601678729057,268.8147508306429,268.8147508306429,0.2908629830926657,311.13523489329964,0.08616107515990734,7.924027042463422,695.4911659704521,34.28223531227559,703.424770035781,767557632,12582912,0,2622802,20120,27389,782810855,597033ab3cc2bd283fef0b5bef2a9b581c34bc8e319e1ec638e428d5517fd734,6f5812e05593d825f9c7fb6a0bbd0a03494df93c3f12f6f4875685531626551f,c7cc8ae41e08e74bb26ee51c6256f373ec5ff477fb83f58481f7b78ab8b32b98,62776b2c13e43bb7709eb9572f52664b6c1811c358e288059296cfa990ec12c3,904134.122926599,904134.122936176,904134.4729237107,904134.818427342,904134.826351369,904134.830064262,True,True,False,1.6585770063102245,False,0,0,True,True
visdial-turn1-piggyback-e2e-ttft-v1,visdial_v1.0_val,visdial:312659,visdial:312659,4fecf764-ec66-4b75-8d0a-662eb5a7eee3,1,ImageOnly-Repack Prefix45,prefix45,afc33d51-51cb-445a-b866-3f1879a7bb96,True,True,1,0,0,penultimate_cls_to_patch_attention_same_vision_forward,0.0071680000983178616,0.07874600123614073,0.01145701389759779,0.06728898733854294,0.6694920593872666,104.96563056949526,37.13090252131224,142.0965330908075,451.040082029067,451.040082029067,0.297612976282835,398.89985194895416,0.09480805601924658,6.283120019361377,1066.7920380365103,73.92398186493665,1073.0866150697693,1226833920,18874368,0,2622802,30744,42480,1248404314,42856512881e9a2350c7bee21ac21bb33096aee12f0f0dd8c2fd8df518da9903,010f40d2020394a13a05285594aede9a7d9db09da21f8abd2e6ac666d8a0f6d9,85a1c071f381892aa118f54bdf8e0c572504b9d0dcedc8071768446a4686f25f,744eddedf84af0afb2e048c680c682ff16a1a51d506bd126315928374e05db88,904151.8547997479,904151.854811205,904152.4486846011,904152.921603243,904152.927886363,904152.932085384,True,True,False,1.0572019964456558,False,0,0,True,True
visdial-turn1-piggyback-e2e-ttft-v1,visdial_v1.0_val,visdial:175667,visdial:175667,d169254e-786c-4a36-a638-bd264caba607,1,ImageOnly-Repack Prefix45,prefix45,d03715ee-221c-4705-9e87-635aa9ec5db2,True,True,1,0,0,penultimate_cls_to_patch_attention_same_vision_forward,0.007104000076651573,0.07663399446755648,0.010421965271234512,0.06621202919632196,0.7022389909252524,132.8647187910974,45.04620213992894,177.91092093102634,554.3478617910296,554.3478617910296,0.31839602161198854,356.97011300362647,0.08607492782175541,6.211490952409804,1232.59941698052,142.51599530689418,1238.821329898201,1226833920,18874368,0,2622802,30744,42482,1248404316,5acd0c6d2d439e2c6caae7cd83d8d2670e43c21e5c52b242eedf03f713567f08,358da83473466a72b1e25f23bce9a60ff5da08fd4717b9a75a129215034e0bd0,f8ad98bbea2b3fc59cd30e22fa2ed6cdf394c9f35fde03d45e73d3a777920bef,a9e571a0602b9a0a239a48838ce92ff5ad1951c81522b73f78a6a74e3c6bcb3f,904174.9280517481,904174.92806217,904175.6610894038,904176.160661587,904176.166873078,904176.171146166,True,True,False,1.0222750715911388,False,0,0,True,True
