conversation_id,source_turn_id,capture_from_same_answer1_forward,vision_forward_count,separate_visual_prefix_forward_count,saliency_call_count,saliency_reduction_ms,saliency_d2h_ms,permutation_ms,kv_repack_ms,ssd_write_ms,fsync_ms,persist_ms,persist_started_at_s,store_ready_at_s,total_ssd_write_bytes,durable_fsync_completed
convbench:1,1,True,1,0,1,0.010239999741315842,0.010084128007292747,0.5892899353057146,35.30371910892427,392.10139913484454,278.2803999725729,921.4735929854214,1147335.541761093,1147336.463234686,1159269879,True
convbench:2,1,True,1,0,1,0.0071680000983178616,0.010149087756872177,0.6295908242464066,41.07733862474561,478.1118417158723,295.09162600152194,1013.2816950790584,1147363.21375877,1147364.227040465,1276716745,True
convbench:3,1,True,1,0,1,0.006560000125318766,0.010359100997447968,0.3830560017377138,24.692826438695192,321.1958701722324,325.8472240995616,836.956619983539,1147428.894778988,1147429.731735608,687384768,True
convbench:4,1,True,1,0,1,0.0071680000983178616,0.010594958439469337,0.7514478638768196,58.00202488899231,523.4126744326204,427.00409586541355,1219.9073219671845,1147565.546749267,1147566.766656589,1578723345,True
convbench:5,1,True,1,0,1,0.008063999935984612,0.01061311922967434,0.6185069214552641,41.00299347192049,413.1625269073993,546.2144201155752,1174.5791661087424,1147628.96533127,1147630.139910436,1264133277,True
convbench:6,1,True,1,0,1,0.0071680000983178616,0.010513002052903175,0.6333170458674431,42.81613556668162,429.48939348571,425.77448510564864,1075.7162270601839,1147649.115849163,1147650.19156539,1276716714,True
convbench:7,1,True,1,0,1,0.007872000336647034,0.01103011891245842,0.5653449334204197,37.65111952088773,391.5318886283785,754.4864621013403,1344.1026299260557,1147694.744206851,1147696.088309481,1159269884,True
convbench:8,1,True,1,0,1,0.0071680000983178616,0.010674120858311653,0.6157560274004936,39.191949646919966,416.55263886787,402.8345949482173,1031.6592019516975,1147781.556380616,1147782.588039818,1264133187,True
convbench:9,1,True,1,0,1,0.008191999979317188,0.010082963854074478,0.6052891258150339,36.11036203801632,379.9750339239836,431.9742738734931,1036.9105369318277,1147915.711410664,1147916.748321201,1159269893,True
convbench:10,1,True,1,0,1,0.007552000228315592,0.010758871212601662,0.5965200252830982,37.876038113608956,406.2480495776981,977.2902189288288,1622.9588580317795,1147974.971707745,1147976.594666603,1211701528,True
convbench:11,1,True,1,0,1,0.0071680000983178616,0.010738149285316467,0.5474800709635019,35.834787180647254,494.9382427148521,398.776451125741,1154.7624189406633,1148017.587089545,1148018.741851964,1050211896,True
convbench:12,1,True,1,0,1,0.0071680000983178616,0.010462012141942978,0.6351170595735312,43.7959807459265,534.6263875253499,390.7637498341501,1238.4278438985348,1148070.962947573,1148072.201375417,1176047888,True
convbench:13,1,True,1,0,1,0.0071680000983178616,0.009661074727773666,0.42762886732816696,29.392624273896217,405.64161725342274,378.22913308627903,1011.7793609388173,1148165.802506369,1148166.81428573,792248045,True
convbench:14,1,True,1,0,1,0.0071680000983178616,0.010533956810832024,0.6273670587688684,46.896279556676745,520.3855836298317,437.1358281932771,1316.8714810162783,1148194.068306874,1148195.385178355,1264133186,True
convbench:15,1,True,1,0,1,0.00723200011998415,0.010126037523150444,0.669362023472786,36.18812118656933,502.24662479013205,732.9433478880674,1484.3277968466282,1148227.43003765,1148228.914365447,1276716746,True
convbench:16,1,True,1,0,1,0.008191999979317188,0.010564923286437988,0.628794077783823,39.994658436626196,449.3903750553727,430.80144794657826,1108.2186880521476,1148302.474276085,1148303.582494773,1264133165,True
convbench:17,1,True,1,0,1,0.008191999979317188,0.010464107617735863,0.5759941413998604,36.39368247240782,391.91840356215835,1210.495209088549,1803.1229560729116,1148369.360592326,1148371.163715282,1176047881,True
convbench:18,1,True,1,0,1,0.007360000163316727,0.03464403562247753,0.7103851530700922,42.673938907682896,464.74917815066874,487.60356893762946,1184.93097811006,1148456.644187222,1148457.8291182,1421428120,True
convbench:19,1,True,1,0,1,0.007199999876320362,0.010548857972025871,0.6454889662563801,33.4286792203784,431.98449979536235,1204.2285990901291,1849.6977561153471,1148500.281369628,1148502.131067384,1276716719,True
convbench:20,1,True,1,0,1,0.0071680000983178616,0.01013185828924179,0.75881602242589,53.890656447038054,514.9919937830418,593.089871108532,1375.73630688712,1148557.668523038,1148559.044259345,1578723429,True
convbench:21,1,True,1,0,1,0.008191999979317188,0.010140007361769676,0.5722560454159975,29.684222536161542,389.615791849792,378.8782728370279,975.0308990478516,1148604.152007043,1148605.127037942,1176047901,True
convbench:22,1,True,1,0,1,0.0071680000983178616,0.010553048923611641,0.6103981286287308,42.461047414690256,419.38979970291257,737.5656820368022,1380.920798983425,1148654.977941587,1148656.358862386,1264133188,True
convbench:23,1,True,1,0,1,0.007391999941319227,0.010814052075147629,0.6261509843170643,33.462403574958444,416.79053846746683,404.76269531063735,1052.3782141972333,1148724.401554281,1148725.453932495,1264133181,True
convbench:24,1,True,1,0,1,0.007807999849319458,0.011014984920620918,0.5756609607487917,40.003243600949645,447.0428212080151,1069.0898480825126,1763.1481338758022,1148767.67592159,1148769.439069724,1176047848,True
convbench:25,1,True,1,0,1,0.006144000217318535,0.010358868166804314,0.5730169359594584,29.897144064307213,372.19862430356443,337.72694203071296,906.6002171020955,1148850.482221556,1148851.388821773,1106838201,True
convbench:26,1,True,1,0,1,0.007424000184983015,0.012386823073029518,0.7685399614274502,54.77507784962654,592.0595852658153,1631.0033600311726,2645.556897157803,1148874.28831512,1148876.933872017,1578723350,True
convbench:27,1,True,1,0,1,0.007360000163316727,0.010572141036391258,0.5365591496229172,33.44557713717222,350.3542619291693,398.33745639771223,940.2505459729582,1148923.879991749,1148924.820242295,1054406316,True
convbench:28,1,True,1,0,1,0.008191999979317188,0.011113006621599197,0.6083960179239511,37.89568739011884,397.6079791318625,353.63898426294327,969.149470096454,1148964.173474367,1148965.142623837,1176047862,True
convbench:29,1,True,1,0,1,0.008224000222980976,0.01102406531572342,0.5293202120810747,34.50456680729985,347.51082374714315,483.5430160164833,1035.4890380986035,1149067.571580238,1149068.607069276,1054406312,True
convbench:30,1,True,1,0,1,0.0071680000983178616,0.010831980034708977,0.6193651352077723,43.57832344248891,447.82534008845687,564.7014649584889,1260.3419609367847,1149202.78505313,1149204.045395091,1276716752,True
convbench:31,1,True,1,0,1,0.008191999979317188,0.011181924492120743,0.544592970982194,37.32893359847367,515.4139883816242,376.15868099965155,1156.0598211362958,1149240.736804657,1149241.892864478,1054406320,True
convbench:32,1,True,1,0,1,0.0074880002066493034,0.010385178029537201,0.5883160047233105,41.936591966077685,534.9468095228076,347.329162992537,1180.0762510392815,1149297.80580937,1149298.985885621,1159269894,True
convbench:33,1,True,1,0,1,0.0072639998979866505,0.01013302244246006,0.5803231615573168,31.381959095597267,418.1668283417821,625.8982641156763,1255.8121010661125,1149326.11820387,1149327.374015971,1125713441,True
convbench:34,1,True,1,0,1,0.0071680000983178616,0.010518822818994522,0.5948669277131557,37.13008854538202,473.21537020616233,572.2092317882925,1316.9014528393745,1149406.17959197,1149407.496493423,1226382304,True
convbench:35,1,True,1,0,1,0.007040000054985285,0.01119496300816536,0.5910899490118027,42.88142756558955,491.1216553300619,430.64972665160894,1190.593465929851,1149450.35191638,1149451.542509846,1211701540,True
convbench:36,1,True,1,0,1,0.02969600073993206,0.010842923074960709,0.608118949458003,30.08481697179377,392.93091488070786,352.1875988226384,949.4138790760189,1149537.810885164,1149538.760299043,1176047898,True
convbench:37,1,True,1,0,1,0.008031999692320824,0.010597053915262222,0.5851499736309052,30.327209969982505,392.193739535287,595.0890379026532,1195.3006838448346,1149649.752072781,1149650.947373465,1159269887,True
convbench:38,1,True,1,0,1,0.008191999979317188,0.010854098945856094,0.5933740176260471,37.40997705608606,385.62223222106695,487.22774209454656,1077.4803310632706,1149715.283958477,1149716.361438808,1159269883,True
convbench:39,1,True,1,0,1,0.008191999979317188,0.01103011891245842,0.7442000787705183,48.02820854820311,544.8434166610241,506.21618307195604,1346.9427530653775,1149755.780133528,1149757.127076281,1578723427,True
convbench:40,1,True,1,0,1,0.007199999876320362,0.010072952136397362,0.3826790489256382,15.943258069455624,244.41575235687196,246.70028989203274,605.178311932832,1149795.748522218,1149796.35370053,723038046,True
convbench:41,1,True,1,0,1,0.0071680000983178616,0.010946998372673988,0.5692590493708849,32.04024024307728,367.13894875720143,318.46781610511243,869.2949239630252,1149828.456543452,1149829.325838376,1106838327,True
convbench:42,1,True,1,0,1,0.0071680000983178616,0.010662013664841652,0.6328800227493048,34.923987230286,408.0445801373571,692.1438488643616,1315.0960139464587,1149932.887522859,1149934.202618873,1211701536,True
convbench:43,1,True,1,0,1,0.0071680000983178616,0.010596122592687607,0.5854140035808086,34.8213673569262,423.6136106774211,378.7958030588925,1019.3881390150636,1150036.354384009,1150037.373772148,1106838248,True
convbench:44,1,True,1,0,1,0.007296000141650438,0.011068070307374,0.5695968866348267,29.57318047992885,384.3249815981835,257.8384750522673,840.4975819867104,1150113.363102629,1150114.203600211,1159269884,True
convbench:45,1,True,1,0,1,0.0071680000983178616,0.01034303568303585,0.6455769762396812,44.74123474210501,452.169073978439,838.2559630554169,1545.200230088085,1150180.949426405,1150182.494626635,1316564843,True
convbench:46,1,True,1,0,1,0.0071680000983178616,0.010967953130602837,0.7537109777331352,45.169864781200886,518.8964738044888,784.08417920582,1561.6314068902284,1150228.414454254,1150229.976085661,1578723434,True
convbench:47,1,True,1,0,1,0.0071680000983178616,0.010726042091846466,0.7036440074443817,41.584894293919206,519.1248387563974,464.22744914889336,1273.1567928567529,1150293.045932142,1150294.319088935,1421428231,True
convbench:48,1,True,1,0,1,0.008063999935984612,0.010230112820863724,0.6711601745337248,41.363291908055544,433.12069750390947,323.05374508723617,980.3623338229954,1150388.25400708,1150389.234369414,1316564820,True
convbench:49,1,True,1,0,1,0.0071680000983178616,0.010701129212975502,0.4356501158326864,23.89719826169312,379.1401106864214,259.66853206045926,846.8501640018076,1150411.37670878,1150412.223558944,798539733,True
convbench:50,1,True,1,0,1,0.008031999692320824,0.01048203557729721,0.6228489801287651,37.25398005917668,387.3530444689095,864.3242679536343,1455.576112959534,1150443.03861369,1150444.494189803,1159269894,True
convbench:51,1,True,1,0,1,0.0071680000983178616,0.01071300357580185,0.5754199810326099,29.965971130877733,389.4656989723444,479.8111030831933,1070.6803880166262,1150500.260163585,1150501.330843973,1159269902,True
convbench:52,1,True,1,0,1,0.0071680000983178616,0.010870862752199173,0.6472989916801453,39.90016249008477,478.36902155540884,406.71790880151093,1128.5318629816175,1150540.907410343,1150542.035942206,1264133162,True
convbench:53,1,True,1,0,1,0.007360000163316727,0.010937917977571487,0.6628609262406826,32.897195080295205,428.02545404993,348.8890042062849,984.1905329376459,1150615.598999352,1150616.583189885,1276716733,True
convbench:54,1,True,1,0,1,0.007552000228315592,0.010835006833076477,0.5946359597146511,29.370997799560428,392.23869680427015,323.25818855315447,916.4038097951561,1150663.771505464,1150664.687909274,1176047893,True
convbench:55,1,True,1,0,1,0.006144000217318535,0.011496944352984428,0.813057878986001,46.7004063539207,513.8412225060165,736.3911001011729,1527.132946997881,1150726.917592246,1150728.444725193,1578723344,True
convbench:56,1,True,1,0,1,0.0071680000983178616,0.010786112397909164,0.5767629481852055,34.963661804795265,478.000006172806,333.9206201490015,1055.5909709073603,1150793.811771428,1150794.867362399,1159269901,True
convbench:57,1,True,1,0,1,0.0071680000983178616,0.011148862540721893,0.5198770668357611,24.938086047768593,341.6262750979513,295.915697934106,822.8966500610113,1150864.06922677,1150864.89212342,949543001,True
convbench:58,1,True,1,0,1,0.007552000228315592,0.010952120646834373,0.5238999146968126,25.47498792409897,332.68912858329713,323.2863279990852,828.8369390647858,1150922.267560062,1150923.096397001,1001974671,True
convbench:59,1,True,1,0,1,0.00723200011998415,0.010455958545207977,0.7141330279409885,46.36163916438818,486.6150657180697,538.9688939321786,1298.1475631240755,1150982.796144398,1150984.094291961,1473859779,True
convbench:60,1,True,1,0,1,0.007360000163316727,0.023579923436045647,0.6605579983443022,36.34963766671717,417.87093761377037,390.4291628859937,1019.484800985083,1151018.952228303,1151019.971713104,1276716720,True
convbench:61,1,True,1,0,1,0.0072639998979866505,0.01065107062458992,0.6598108448088169,38.13116136007011,486.6962938103825,770.7121269777417,1512.714521959424,1151093.872895947,1151095.385610469,1316564844,True
convbench:62,1,True,1,0,1,0.00774399982765317,0.011201947927474976,0.6461208686232567,37.288574036210775,490.9276585094631,443.03441606462,1179.0662209969014,1151115.634259604,1151116.813325825,1264133198,True
convbench:63,1,True,1,0,1,0.007935999892652035,0.00982312485575676,0.4045849200338125,25.70965955965221,352.7592073660344,411.2453577108681,961.2579578533769,1151190.771892331,1151191.733150289,748205297,True
convbench:64,1,True,1,0,1,0.0074880002066493034,0.011177035048604012,0.6000618450343609,36.910055903717875,385.5147664435208,420.1271559577435,1005.8905479963869,1151231.245529469,1151232.251420017,1159269879,True
convbench:65,1,True,1,0,1,0.00723200011998415,0.01140381209552288,0.6379380356520414,39.506306406110525,444.1108319442719,391.77244482561946,1076.4596299268305,1151251.635887275,1151252.712346905,1264133172,True
convbench:66,1,True,1,0,1,0.0071680000983178616,0.011129071936011314,0.6853700615465641,36.0800982452929,386.7647547740489,408.7149768602103,995.1495449058712,1151308.028898566,1151309.024048111,1159269892,True
convbench:67,1,True,1,0,1,0.0071680000983178616,0.00988086685538292,0.3599771298468113,14.212883543223143,219.19018984772265,235.6676801573485,564.3540658056736,1151376.025207756,1151376.589561822,647536394,True
convbench:68,1,True,1,0,1,0.0071680000983178616,0.01047900877892971,0.6072649266570807,34.63103901594877,435.24497374892235,597.1886729821563,1256.6433600150049,1151442.466643248,1151443.723286608,1211701531,True
convbench:69,1,True,1,0,1,0.006144000217318535,0.011176802217960358,0.7490781135857105,47.88805707357824,524.6548475697637,1511.5099493414164,2304.7368691768497,1151497.695074299,1151499.999811168,1578723351,True
convbench:70,1,True,1,0,1,0.0071680000983178616,0.010760035365819931,0.43102516792714596,27.28783618658781,389.3883032724261,323.36172880604863,920.9371518809348,1151546.694854797,1151547.615791949,798539704,True
convbench:71,1,True,1,0,1,0.0071680000983178616,0.010947929695248604,0.7854248397052288,50.9430889505893,517.9664641618729,471.4962027501315,1408.601792063564,1151560.511752828,1151561.92035462,1578723352,True
convbench:72,1,True,1,0,1,0.0071680000983178616,0.01095794141292572,0.7464878726750612,58.85146907530725,526.5477646607906,446.6998381540179,1271.9870728906244,1151662.81288458,1151664.084871653,1578723338,True
convbench:73,1,True,1,0,1,0.0071680000983178616,0.012058066204190254,0.5879299715161324,36.29299788735807,392.7735339384526,614.4520211964846,1232.6561000663787,1151747.160361846,1151748.393017946,1176047901,True
convbench:74,1,True,1,0,1,0.0071680000983178616,0.010692980140447617,0.5973218940198421,35.185545682907104,388.191238977015,404.63545406237245,992.3770101740956,1151787.53946459,1151788.5318416,1159269882,True
convbench:75,1,True,1,0,1,0.007199999876320362,0.010310905054211617,0.5867909640073776,39.025068283081055,387.1244858019054,468.5529666021466,1059.7526559140533,1151836.901836771,1151837.961589427,1159269865,True
convbench:76,1,True,1,0,1,0.006816000211983919,0.011271797120571136,0.6380109116435051,31.946050468832254,422.44310048408806,418.5319598764181,1049.268283881247,1151864.39865372,1151865.447922004,1264133182,True
convbench:77,1,True,1,0,1,0.0071680000983178616,0.010411953553557396,0.592932803556323,31.7580820992589,387.0816584676504,339.1205498483032,915.7397469971329,1151927.574972468,1151928.490712215,1159269898,True
convbench:78,1,True,1,0,1,0.0071680000983178616,0.01094886101782322,0.4489279817789793,25.01185634173453,374.3322442751378,279.84533412382007,861.010764958337,1151991.55696721,1151992.417977975,798539701,True
convbench:79,1,True,1,0,1,0.008191999979317188,0.011313939467072487,0.6046269554644823,34.358370350673795,383.90470878221095,524.9107810668647,1112.26823204197,1152049.663783797,1152050.776052029,1159269851,True
convbench:80,1,True,1,0,1,0.0071680000983178616,0.011692987754940987,0.6498489528894424,38.03017386235297,422.7277704048902,445.39157021790743,1082.2045160457492,1152085.315445242,1152086.397649758,1264133202,True
convbench:81,1,True,1,0,1,0.0071680000983178616,0.010672025382518768,0.5780479405075312,40.90101970359683,534.7123912069947,851.3806718401611,1669.069702969864,1152125.964986942,1152127.634056645,1159269892,True
convbench:82,1,True,1,0,1,0.006144000217318535,0.0106890220195055,0.524166040122509,29.366592643782496,343.6436189804226,370.7907241769135,904.3106599710882,1152213.829066715,1152214.733377375,999877421,True
convbench:83,1,True,1,0,1,0.0081599997356534,0.011015916243195534,0.6147290114313364,42.417823104187846,420.2114837244153,731.9698652718216,1375.531692057848,1152300.499444139,1152301.874975831,1264133179,True
convbench:84,1,True,1,0,1,0.0077760000713169575,0.011604977771639824,0.580980908125639,31.365397851914167,412.5909802969545,386.7196689825505,1010.0898558739573,1152401.968771965,1152402.978861821,1159269981,True
convbench:85,1,True,1,0,1,0.0071680000983178616,0.010882038623094559,0.59696682728827,29.68839812092483,391.64514443837106,464.94789607822895,1052.7125077787787,1152500.588339012,1152501.64105152,1159269876,True
convbench:86,1,True,1,0,1,0.0071680000983178616,0.010261079296469688,0.6122919730842113,37.76076971553266,386.3743606489152,390.44705079868436,983.1631530541927,1152530.351444257,1152531.33460741,1159269867,True
convbench:87,1,True,1,0,1,0.007199999876320362,0.012400094419717789,0.504820141941309,26.24668413773179,332.8781654126942,817.1528028324246,1329.2649539653212,1152554.648270254,1152555.977535208,1001974671,True
convbench:88,1,True,1,0,1,0.007455999962985516,0.010221963748335838,0.42428215965628624,17.104863887652755,252.4800489190966,309.9927008152008,683.6504600942135,1152592.596920687,1152593.280571147,748205262,True
convbench:89,1,True,1,0,1,0.007935999892652035,0.010354910045862198,0.6565360818058252,41.590295266360044,428.8290999829769,402.00275112874806,1052.9224718920887,1152624.09676915,1152625.149691622,1264133185,True
convbench:90,1,True,1,0,1,0.0071680000983178616,0.01116306520998478,0.7712319493293762,53.09172905981541,547.4148986395448,687.3979368247092,1564.3606220837682,1152668.519448088,1152670.08380871,1578723431,True
convbench:91,1,True,1,0,1,0.0071680000983178616,0.010714167729020119,0.5938820540904999,29.40968726761639,413.99044753052294,451.7714870162308,1060.2504250127822,1152697.714032262,1152698.774282687,1159269903,True
convbench:92,1,True,1,0,1,0.007327999919652939,0.011273892596364021,0.6864441093057394,45.66862294450402,450.5555108189583,467.4397399649024,1168.1455560028553,1152772.823468607,1152773.991614163,1327051162,True
convbench:93,1,True,1,0,1,0.0071680000983178616,0.010696006938815117,0.5316340830177069,36.574323661625385,425.2006867900491,342.7750808186829,1002.5532708968967,1152818.150935058,1152819.153488329,1050211864,True
convbench:94,1,True,1,0,1,0.008191999979317188,0.011062016710639,0.6149499677121639,39.543240796774626,437.9043795634061,326.8319338094443,1003.8164830766618,1152866.54913791,1152867.552954393,1159269864,True
convbench:95,1,True,1,0,1,0.007296000141650438,0.011405907571315765,0.7871531415730715,54.57656877115369,521.354962605983,697.119666961953,1620.9925720468163,1152907.175482764,1152908.796475336,1578723431,True
convbench:96,1,True,1,0,1,0.0074880002066493034,0.010026851668953896,0.5843250546604395,36.617614794522524,388.72439763508737,599.0992849692702,1183.6053589358926,1152955.472851643,1152956.656457002,1159269878,True
convbench:97,1,True,1,0,1,0.0071680000983178616,0.009933952242136002,0.611630966886878,33.585438737645745,389.0764149837196,438.13241901807487,1034.7608448937535,1152998.723376889,1152999.758137734,1159269886,True
convbench:98,1,True,1,0,1,0.0071680000983178616,0.010983087122440338,0.5351770669221878,37.04908327199519,496.9516904093325,336.0165723133832,1121.3924020994455,1153029.195060894,1153030.316453296,1001974652,True
convbench:99,1,True,1,0,1,0.010239999741315842,0.01081288792192936,0.7018900942057371,46.465349616482854,493.1166188325733,640.102303121239,1403.3552191685885,1153060.86972724,1153062.273082459,1421428118,True
convbench:100,1,True,1,0,1,0.00723200011998415,0.010617077350616455,0.7616579532623291,50.59049744158983,509.3354480341077,723.514614161104,1559.6415200270712,1153127.458505104,1153129.018146624,1528388926,True
convbench:101,1,True,1,0,1,0.00800000037997961,0.01060590147972107,0.7821121253073215,53.99326188489795,551.1994466651231,408.78352196887136,1300.4924978595227,1153185.965773472,1153187.26626597,1578723306,True
convbench:102,1,True,1,0,1,0.0071680000983178616,0.010946998372673988,0.6379501428455114,37.5225895550102,473.96157030016184,358.2372101955116,1080.853131832555,1153238.869001486,1153239.949854618,1264133195,True
convbench:103,1,True,1,0,1,0.0074880002066493034,0.011127907782793045,0.5521038547158241,38.47890649922192,495.02675561234355,347.66963589936495,1136.9144490454346,1153312.558474362,1153313.695388811,1054406316,True
convbench:104,1,True,1,0,1,0.0071680000983178616,0.010140007361769676,0.6030160002410412,30.399433569982648,393.1805840693414,423.8628991879523,1006.1525900382549,1153407.53635049,1153408.54250308,1176047882,True
convbench:105,1,True,1,0,1,0.008191999979317188,0.011739088222384453,0.6343880668282509,43.13084180466831,452.1455217618495,388.85643403045833,1071.4590910356492,1153447.208805331,1153448.280264422,1264133189,True
convbench:106,1,True,1,0,1,0.007455999962985516,0.010357005521655083,0.6334851495921612,32.937289448454976,421.9429933000356,537.0195989962667,1169.3924039136618,1153517.150909726,1153518.32030213,1264133169,True
convbench:107,1,True,1,0,1,0.0071680000983178616,0.015177996829152107,0.63712103292346,33.66894298233092,425.2557090949267,503.1734218355268,1139.2827169038355,1153535.09230134,1153536.231584057,1264133169,True
convbench:108,1,True,1,0,1,0.008191999979317188,0.010692980140447617,0.6959820166230202,32.77926426380873,421.99671012349427,398.9765029400587,1030.34283593297,1153576.319050204,1153577.34939304,1264133173,True
convbench:109,1,True,1,0,1,0.0074880002066493034,0.011018011718988419,0.5545180756598711,31.72316262498498,355.88905215263367,326.0276750661433,874.4069440290332,1153651.189221262,1153652.063628206,1054406307,True
convbench:110,1,True,1,0,1,0.00723200011998415,0.010671094059944153,0.6414370145648718,42.42378822527826,448.0696062091738,417.31440904550254,1134.922361932695,1153699.402280112,1153700.537202474,1264133186,True
convbench:111,1,True,1,0,1,0.008191999979317188,0.011509982869029045,0.6263719405978918,43.94688876345754,457.7617705799639,427.1315529476851,1134.7799070645124,1153824.565236342,1153825.700016249,1276716722,True
convbench:112,1,True,1,0,1,0.0071680000983178616,0.011392869055271149,0.6263719405978918,32.114266185089946,421.23156436719,380.5552020203322,1010.1446630433202,1153855.292643932,1153856.302788595,1264133180,True
convbench:113,1,True,1,0,1,0.007360000163316727,0.010474119335412979,0.6441599689424038,33.98632211610675,437.45862948708236,517.6657680422068,1174.021597020328,1153907.42298023,1153908.597001827,1264133195,True
convbench:114,1,True,1,0,1,0.008191999979317188,0.011462951079010963,0.6493418477475643,43.501318199560046,423.8137095235288,306.32226588204503,964.9434050079435,1153967.876364346,1153968.841307751,1276716720,True
convbench:115,1,True,1,0,1,0.0074880002066493034,0.01129787415266037,0.5354529712349176,27.562739327549934,359.61720650084317,542.5774618051946,1094.9153129477054,1154005.183642101,1154006.278557414,1075379015,True
convbench:116,1,True,1,0,1,0.0071680000983178616,0.009560957551002502,0.43451483361423016,23.234388791024685,417.95523278415203,302.00686678290367,926.4025650918484,1154074.036733728,1154074.963136293,798539706,True
convbench:117,1,True,1,0,1,0.008191999979317188,0.01082615926861763,0.6271540187299252,40.353160351514816,420.1406317297369,397.69096905365586,1074.282803107053,1154091.702042094,1154092.776324897,1264133173,True
convbench:118,1,True,1,0,1,0.00684799998998642,0.010300194844603539,0.43944804929196835,20.932777551934123,268.1837684940547,389.7225910332054,790.357283083722,1154149.399096015,1154150.189453298,798539700,True
convbench:119,1,True,1,0,1,0.0071680000983178616,0.010038027539849281,0.6196179892867804,33.962007611989975,435.4359405115247,660.3081307839602,1327.5654909666628,1154187.471960096,1154188.799525587,1264133191,True
convbench:120,1,True,1,0,1,0.007552000228315592,0.011228024959564209,0.6224559620022774,42.92440204881132,439.4753666128963,418.7505489680916,1093.4345519635826,1154253.3156638,1154254.409098352,1264133191,True
convbench:121,1,True,1,0,1,0.0071680000983178616,0.010120915248990059,0.6415790412575006,38.317057536914945,446.415371960029,363.32608317025006,1036.358943209052,1154274.882548964,1154275.918907907,1264133154,True
convbench:122,1,True,1,0,1,0.008191999979317188,0.010899035260081291,0.6247980054467916,41.19833814911544,423.50913281552494,268.1782639119774,925.4236188717186,1154337.70788731,1154338.633310929,1276716717,True
convbench:123,1,True,1,0,1,0.008191999979317188,0.01199101097881794,0.6193309091031551,33.92401314340532,419.3682165350765,538.481691852212,1167.6633080933243,1154446.058186645,1154447.225849953,1211701499,True
convbench:124,1,True,1,0,1,0.008191999979317188,0.010185874998569489,0.5758120678365231,30.145904514938593,370.06803741678596,351.8890051636845,925.5394779611379,1154562.414372659,1154563.339912137,1106838249,True
convbench:125,1,True,1,0,1,0.007296000141650438,0.011565862223505974,0.6525700446218252,42.52925771288574,495.87801028974354,263.9699471183121,1023.8554300740361,1154624.093267285,1154625.117122715,1211701524,True
convbench:126,1,True,1,0,1,0.0071680000983178616,0.011693919077515602,0.613681972026825,30.777112348005176,390.77092381194234,943.110731896013,1542.201939970255,1154642.420746356,1154643.962948296,1176047876,True
convbench:127,1,True,1,0,1,0.0077760000713169575,0.009526964277029037,0.393084017559886,16.29726286046207,248.74309147708118,305.3885130211711,675.4921870306134,1154722.024741603,1154722.70023379,739816444,True
convbench:128,1,True,1,0,1,0.007135999854654074,0.011043157428503036,0.5182740278542042,25.20474256016314,342.02652517706156,309.40387677401304,823.9978258498013,1154867.713389557,1154868.537387383,1025044699,True
convbench:129,1,True,1,0,1,0.0071680000983178616,0.010298099368810654,0.5475110374391079,28.536008205264807,344.8592962231487,623.7987896893173,1141.058404929936,1154933.001562166,1154934.142620571,1054406337,True
convbench:130,1,True,1,0,1,0.0071680000983178616,0.010745832696557045,0.46291202306747437,19.29180300794542,270.2668758574873,378.8825082592666,783.580336952582,1154998.094244216,1154998.877824553,798539706,True
convbench:132,1,True,1,0,1,0.008191999979317188,0.010257819667458534,0.38305995985865593,22.704387083649635,336.2925946712494,290.9969880711287,811.0266327857971,1155010.863133961,1155011.674160594,723038089,True
convbench:133,1,True,1,0,1,0.008191999979317188,0.010451069101691246,0.6192079745233059,42.72572509944439,419.1933339461684,357.86644532345235,997.9246049188077,1155057.350051516,1155058.347976121,1264133182,True
convbench:134,1,True,1,0,1,0.007391999941319227,0.011182855814695358,0.7728228811174631,48.23937779292464,516.4795347955078,1082.0134137757123,1866.7607519309968,1155174.580468667,1155176.447229419,1578723340,True
convbench:135,1,True,1,0,1,0.007552000228315592,0.01075398176908493,0.36079902201890945,12.89677619934082,203.43293342739344,445.4400890972465,748.0358590837568,1155200.930682225,1155201.678718084,597201957,True
convbench:136,1,True,1,0,1,0.0071680000983178616,0.0121991615742445,0.6536250002682209,42.75827412493527,426.31285823881626,474.8799381777644,1124.712129123509,1155242.869457406,1155243.994169535,1264133176,True
convbench:137,1,True,1,0,1,0.008191999979317188,0.010768882930278778,0.5953619256615639,37.33643004670739,384.5231062732637,359.3049687333405,954.6900170389563,1155293.439493588,1155294.394183605,1159269871,True
convbench:138,1,True,1,0,1,0.0071680000983178616,0.01161498948931694,0.6359668914228678,41.65777494199574,428.504541516304,336.38130431063473,995.8460500929505,1155361.462867363,1155362.458713413,1226382300,True
convbench:139,1,True,1,0,1,0.00723200011998415,0.011008000001311302,0.5823280662298203,36.927463952451944,389.50587739236653,714.8601619992405,1319.7013679891825,1155395.24716256,1155396.566863928,1176047870,True
convbench:140,1,True,1,0,1,0.0071680000983178616,0.011318130418658257,0.6553090643137693,44.0702554769814,478.0232405755669,585.0231519434601,1332.6355719473213,1155449.008983685,1155450.341619257,1316564863,True
convbench:141,1,True,1,0,1,0.0071680000983178616,0.010865041986107826,0.48780394718050957,33.00795517861843,452.0297583658248,344.92460545152426,1046.616086969152,1155503.828765864,1155504.875381951,949543002,True
convbench:142,1,True,1,0,1,0.007424000184983015,0.010452000424265862,0.5956289824098349,35.04542843438685,385.6153928209096,347.96389983966947,929.1637770365924,1155546.485842504,1155547.415006281,1159270033,True
convbench:143,1,True,1,0,1,0.0071680000983178616,0.010675052180886269,0.39866194128990173,21.452191518619657,311.7533498443663,244.2598259076476,732.129740063101,1155616.262733733,1155616.994863473,674800849,True
convbench:144,1,True,1,0,1,0.0071680000983178616,0.016345875337719917,0.5679938476532698,35.438882652670145,382.3059112764895,846.957721048966,1446.8583820853382,1155663.852167141,1155665.299025523,1159269892,True
convbench:145,1,True,1,0,1,0.0071680000983178616,0.010553048923611641,0.35972800105810165,19.707498140633106,308.1221440806985,459.4471862073988,936.0377581324428,1155732.251551654,1155733.187589412,647536404,True
convbench:146,1,True,1,0,1,0.008191999979317188,0.010767020285129547,0.681770034134388,41.6482521686703,455.6336079258472,539.3672329373658,1230.9534358792007,1155780.520625669,1155781.751579105,1368996476,True
convbench:147,1,True,1,0,1,0.0071680000983178616,0.01044105738401413,0.5760800559073687,29.59240204654634,400.10498277843,394.569470314309,1002.1880390122533,1155833.061313769,1155834.063501808,1159269873,True
convbench:148,1,True,1,0,1,0.007199999876320362,0.01023104414343834,0.6188990082591772,32.63962687924504,411.4427079912275,397.6908680051565,1022.2796909511089,1155863.528569051,1155864.550848742,1211701519,True
convbench:149,1,True,1,0,1,0.0071680000983178616,0.010293908417224884,0.5279139149934053,27.199272299185395,350.58762202970684,334.89090693183243,873.2793708331883,1155897.960510106,1155898.833789477,1050211898,True
convbench:150,1,True,1,0,1,0.0071680000983178616,0.011187978088855743,0.5904710851609707,30.736064771190286,412.07039449363947,920.8827659022063,1532.9928409773856,1155958.761565528,1155960.294558369,1159269871,True
convbench:151,1,True,1,0,1,0.0071680000983178616,0.010248040780425072,0.6508259102702141,35.80836672335863,385.3120596613735,691.2957963068038,1301.3454168103635,1156054.888706284,1156056.190051701,1159269908,True
convbench:152,1,True,1,0,1,0.0071680000983178616,0.011346070095896721,0.5600859876722097,35.220211604610085,371.1420055478811,385.25201519951224,946.9985920004547,1156146.795491084,1156147.742489676,1106838231,True
convbench:153,1,True,1,0,1,0.0071680000983178616,0.01101987436413765,0.615960918366909,38.10149966739118,505.2650524303317,361.55953630805016,1120.7918550353497,1156185.292097653,1156186.412889508,1264133196,True
convbench:154,1,True,1,0,1,0.007104000076651573,0.010521849617362022,0.6093049887567759,38.7262012809515,416.6697086766362,1050.7880449295044,1679.683910915628,1156216.239089183,1156217.918773094,1264133170,True
convbench:155,1,True,1,0,1,0.0071680000983178616,0.010529998689889908,0.633792020380497,42.9366952739656,418.52355073206127,565.6696590594947,1199.9792288988829,1156255.184135413,1156256.384114642,1264133184,True
convbench:156,1,True,1,0,1,0.008191999979317188,0.010841991752386093,0.6586250383406878,42.67697315663099,421.61784204654396,424.7225278522819,1062.239586841315,1156306.927394194,1156307.989633781,1276716739,True
convbench:157,1,True,1,0,1,0.0071680000983178616,0.01129903830587864,0.6410451605916023,42.004778515547514,421.1669012438506,357.36275813542306,994.3935328628868,1156371.753291438,1156372.747684971,1264133174,True
convbench:158,1,True,1,0,1,0.0071680000983178616,0.010038027539849281,0.6147439125925303,34.42942234687507,416.7648002039641,920.1290840283036,1544.6721699554473,1156449.716375432,1156451.261047602,1264133174,True
convbench:159,1,True,1,0,1,0.007903999648988247,0.011146068572998047,0.6036839913576841,35.74413317255676,384.148366516456,433.36256709881127,1049.3204360827804,1156537.454749327,1156538.504069763,1159269884,True
convbench:160,1,True,1,0,1,0.007327999919652939,0.010481802746653557,0.6468300707638264,42.54211997613311,418.057530419901,366.64641718380153,1005.1182589959353,1156600.125710625,1156601.130828884,1264133185,True
convbench:161,1,True,1,0,1,0.008191999979317188,0.010808929800987244,0.6141120102256536,32.02905552461743,421.520184725523,346.9869669061154,969.0723130479455,1156663.189667643,1156664.158739956,1264133172,True
convbench:162,1,True,1,0,1,0.007807999849319458,0.010980991646647453,0.7362270262092352,48.658027313649654,487.2685943264514,812.49910290353,1555.5495349690318,1156712.449127185,1156714.00467672,1473859785,True
convbench:163,1,True,1,0,1,0.0071680000983178616,0.01061800867319107,0.5685461219400167,34.89238256588578,481.7497036419809,422.38717805594206,1141.705754911527,1156758.163789717,1156759.305495472,1159269891,True
convbench:164,1,True,1,0,1,0.007552000228315592,0.010308809578418732,0.590604031458497,42.046770453453064,562.9781046882272,368.0328212212771,1218.825063901022,1156793.747363669,1156794.966188733,1159269898,True
convbench:165,1,True,1,0,1,0.0071680000983178616,0.010619871318340302,0.652702059596777,33.057324355468154,421.0810649674386,1113.0943079479039,1737.2161359526217,1156846.730619949,1156848.467836085,1264133196,True
convbench:166,1,True,1,0,1,0.011264000087976456,0.010725809261202812,0.6899228319525719,39.06072536483407,450.99498820491135,456.20382530614734,1142.2531239222735,1156900.830230122,1156901.972483246,1368996453,True
convbench:167,1,True,1,0,1,0.008191999979317188,0.010770978406071663,0.4331942182034254,19.289406714960933,267.27740676142275,283.4886140190065,686.6312718484551,1156923.185937748,1156923.87256902,792248044,True
convbench:168,1,True,1,0,1,0.0071680000983178616,0.01048203557729721,0.7794538978487253,47.02314198948443,514.6104511804879,440.21784234791994,1214.398126816377,1156964.614221153,1156965.82861928,1578723309,True
convbench:169,1,True,1,0,1,0.0080960001796484,0.010869000107049942,0.41571189649403095,20.41600178927183,346.86415968462825,955.0006929785013,1490.054327994585,1157013.823151835,1157015.313206163,756594421,True
convbench:170,1,True,1,0,1,0.0071680000983178616,0.010970979928970337,0.5331521388143301,37.5811152625829,499.82376652769744,702.7261671610177,1464.6822831127793,1157057.905924816,1157059.370607099,1054406321,True
convbench:171,1,True,1,0,1,0.0081599997356534,0.010529998689889908,0.5672029219567776,34.358425764366984,473.94403419457376,464.4426926970482,1187.0370761025697,1157121.042059271,1157122.229096347,1054406297,True
convbench:172,1,True,1,0,1,0.0071680000983178616,0.010624993592500687,0.5572601221501827,37.15379326604307,384.20376856811345,398.5852668993175,979.7193668782711,1157144.809322436,1157145.789041803,1159269881,True
convbench:173,1,True,1,0,1,0.0071680000983178616,0.010253861546516418,0.4116399213671684,24.21286655589938,347.52810932695866,316.54939078725874,859.3577400315553,1157241.584974281,1157242.444332021,748205268,True
convbench:174,1,True,1,0,1,0.0071680000983178616,0.010865973308682442,0.6322050467133522,35.785511834546924,423.21811174042523,381.67849695309997,1027.6829849462956,1157305.385417141,1157306.413100126,1276716717,True
convbench:175,1,True,1,0,1,0.007199999876320362,0.010244082659482956,0.5505620501935482,37.217921344563365,522.9980116710067,614.2613980919123,1426.1803049594164,1157326.100341047,1157327.526521352,1050211895,True
convbench:176,1,True,1,0,1,0.0071680000983178616,0.010702991858124733,0.5750649143010378,33.51945895701647,445.6824669614434,425.0011066906154,1103.3778148703277,1157362.701483956,1157363.804861771,1159269911,True
convbench:177,1,True,1,0,1,0.0071680000983178616,0.010801013559103012,0.6200720090419054,42.590408120304346,417.76982927694917,587.1865379158407,1224.32927088812,1157423.804686356,1157425.029015627,1264133171,True
convbench:178,1,True,1,0,1,0.007519999984651804,0.011235009878873825,0.3978449385613203,15.0386244058609,220.4725299961865,253.91702679917216,583.0844370648265,1157469.538567811,1157470.121652248,647536443,True
convbench:179,1,True,1,0,1,0.0071680000983178616,0.010721152648329735,0.6138631142675877,39.17663777247071,435.9679345507175,326.7601958941668,1128.1592978630215,1157509.735170481,1157510.863329779,1276716724,True
convbench:180,1,True,1,0,1,0.0071680000983178616,0.013443874195218086,0.763599993661046,60.33142143860459,536.8254277855158,841.968942899257,1753.0714590102434,1157524.204593437,1157525.957664896,1578723348,True
convbench:181,1,True,1,0,1,0.0071680000983178616,0.010697171092033386,0.6230350118130445,44.278250541538,424.209461780265,416.5567569434643,1127.920971950516,1157572.769128841,1157573.897049813,1276716726,True
convbench:182,1,True,1,0,1,0.0071680000983178616,0.010250834748148918,0.5429470911622047,31.83003095909953,331.82640210725367,608.6026893462986,1122.275429079309,1157626.874774843,1157627.997050272,1001974676,True
convbench:183,1,True,1,0,1,0.0071680000983178616,0.010899035260081291,0.6771830376237631,36.44763771444559,455.3595285397023,562.7209986560047,1265.686335042119,1157657.5375303,1157658.803216635,1368996456,True
convbench:184,1,True,1,0,1,0.0071680000983178616,0.010767020285129547,0.7941029034554958,59.07962773926556,518.5473184101284,472.4199699703604,1286.065817112103,1157718.298357138,1157719.584422955,1578723434,True
convbench:185,1,True,1,0,1,0.0071680000983178616,0.010881805792450905,0.5609749350696802,30.76814115047455,373.1048759073019,429.0808599907905,987.6534170471132,1157758.156007929,1157759.143661346,1106838234,True
convbench:186,1,True,1,0,1,0.007327999919652939,0.01023896038532257,0.438532093539834,26.713741710409522,372.5926491897553,279.0983410086483,858.0472809262574,1157820.486020325,1157821.344067606,798539743,True
convbench:187,1,True,1,0,1,0.008191999979317188,0.01079007051885128,0.7792620453983545,59.010078432038426,516.8651819694787,488.70674171485007,1302.3945619352162,1157878.869585474,1157880.171980036,1578723429,True
convbench:188,1,True,1,0,1,0.00723200011998415,0.010884134098887444,0.5227790679782629,38.4539111983031,526.1525269597769,344.1538931801915,1156.0484929941595,1157911.147075759,1157912.303124252,1054406312,True
convbench:189,1,True,1,0,1,0.0071680000983178616,0.010385876521468163,0.43826992623507977,17.43056671693921,276.16575779393315,411.47540300153196,822.8044388815761,1157979.663814837,1157980.486619276,823706914,True
convbench:190,1,True,1,0,1,0.008063999935984612,0.010460149496793747,0.6105122156441212,42.11328364908695,519.4175580982119,412.1728402096778,1209.1578289400786,1158013.51445355,1158014.723611379,1159270011,True
convbench:191,1,True,1,0,1,0.0071680000983178616,0.010452931746840477,0.4608707968145609,26.33861918002367,362.65085148625076,751.4821670483798,1303.0987679958344,1158069.153300332,1158070.4563991,798539706,True
convbench:192,1,True,1,0,1,0.0071680000983178616,0.0107581727206707,0.41172001510858536,19.627273315563798,254.8925676383078,343.3647002093494,723.5217820852995,1158100.086366877,1158100.809888659,748205263,True
convbench:193,1,True,1,0,1,0.0071680000983178616,0.010797055438160896,0.5300301127135754,29.355127131566405,334.3896525911987,352.1256558597088,874.3043330032378,1158154.207165488,1158155.081469821,1001974692,True
convbench:194,1,True,1,0,1,0.007424000184983015,0.01078099012374878,0.5755550228059292,39.75951601751149,491.15386116318405,630.7056769728661,1373.7097450066358,1158223.346727578,1158224.720437323,1159269849,True
convbench:195,1,True,1,0,1,0.00723200011998415,0.011367956176400185,0.5959768313914537,35.86293407715857,395.2462102752179,404.64435517787933,1009.0892440639436,1158285.299978822,1158286.309068066,1159269892,True
convbench:196,1,True,1,0,1,0.0071680000983178616,0.010262010619044304,0.6068488582968712,34.09200580790639,430.89986802078784,560.0809659808874,1200.6016511004418,1158351.142957174,1158352.343558825,1211701504,True
convbench:197,1,True,1,0,1,0.007584000006318092,0.012467848137021065,0.7673539221286774,50.42799538932741,554.1576044633985,484.1044752392918,1316.5462329052389,1158388.106238861,1158389.422785094,1578723433,True
convbench:198,1,True,1,0,1,0.007296000141650438,0.011141179129481316,0.6507139187306166,40.63190799206495,426.0765057988465,566.3732257671654,1206.9255909882486,1158429.262293074,1158430.469218665,1264133186,True
convbench:199,1,True,1,0,1,0.0071680000983178616,0.010411953553557396,0.618120888248086,43.41906774789095,443.99060285650194,430.0140356644988,1110.3971721604466,1158492.931376983,1158494.041774155,1276716737,True
convbench:200,1,True,1,0,1,0.0071680000983178616,0.011102063581347466,0.6408900953829288,39.31529447436333,426.18177458643913,651.7075228039175,1294.7378980461508,1158504.397150801,1158505.691888699,1264133198,True
convbench:201,1,True,1,0,1,0.008191999979317188,0.011156080290675163,0.5851809401065111,33.266267972067,409.507951233536,372.51899717375636,979.1165099013597,1158611.942977721,1158612.922094231,1176047889,True
convbench:202,1,True,1,0,1,0.0071680000983178616,0.01096213236451149,0.7509139832109213,56.728384690359235,554.7249426599592,868.2050670031458,1706.628188956529,1158684.982531862,1158686.689160051,1578723432,True
convbench:203,1,True,1,0,1,0.0071680000983178616,0.010557007044553757,0.624240143224597,33.59365253709257,407.12060290388763,475.54796817712486,1083.1210319884121,1158721.798191172,1158722.881312204,1211701525,True
convbench:204,1,True,1,0,1,0.007007999811321497,0.011008931323885918,0.647054985165596,36.82825737632811,420.00876017846167,526.6758590005338,1155.6652078870684,1158747.623253474,1158748.778918682,1264133196,True
convbench:205,1,True,1,0,1,0.0074880002066493034,0.01060590147972107,0.5893770139664412,36.27709299325943,385.3212743997574,374.3069658521563,959.3063811771572,1158798.595239085,1158799.554545466,1159269883,True
convbench:206,1,True,1,0,1,0.0071680000983178616,0.009999843314290047,0.43402286246418953,17.57187838666141,267.7567428909242,422.08919511176646,816.208538832143,1158924.118041315,1158924.934249854,798539706,True
convbench:207,1,True,1,0,1,0.008191999979317188,0.010831048712134361,0.7692300714552402,46.077982522547245,520.1036867219955,582.9380010254681,1385.9208119101822,1158948.29263412,1158949.678554932,1578723430,True
convbench:208,1,True,1,0,1,0.0071680000983178616,0.01057400368154049,0.5865949206054211,30.301069375127554,391.6106247343123,585.9914179891348,1167.555111926049,1158981.587458878,1158982.75501399,1159269895,True
convbench:209,1,True,1,0,1,0.0071680000983178616,0.010262010619044304,0.5373458843678236,27.283643605187535,331.6036444157362,331.4086738973856,833.4139618091285,1159061.506437953,1159062.339851915,999877432,True
convbench:210,1,True,1,0,1,0.008191999979317188,0.01082499511539936,0.6701271049678326,29.703164007514715,394.7603127453476,606.7005810327828,1191.4596678689122,1159109.192211572,1159110.38367124,1176047874,True
convbench:211,1,True,1,0,1,0.008191999979317188,0.011048046872019768,0.5728160031139851,29.244373086839914,388.07259988971055,425.11674226261675,1000.7437181193382,1159148.975102038,1159149.975845756,1159269870,True
convbench:212,1,True,1,0,1,0.0071680000983178616,0.011541880667209625,0.5433738697320223,36.99117642827332,512.6454443670809,329.15049721486866,1097.5513870362192,1159211.682794406,1159212.780345793,1001974651,True
convbench:213,1,True,1,0,1,0.007360000163316727,0.010903924703598022,0.43182005174458027,17.76017970405519,285.04233597777784,209.17929685674608,632.8460520599037,1159238.116725599,1159238.749571651,848874168,True
convbench:214,1,True,1,0,1,0.007391999941319227,0.01006503589451313,0.35665580071508884,14.118746621534228,225.26809200644493,426.1552533134818,755.912033142522,1159306.167425359,1159306.923337392,647536519,True
convbench:215,1,True,1,0,1,0.007968000136315823,0.010594958439469337,0.5841110832989216,34.04391510412097,400.9839661885053,327.5771450717002,930.036960169673,1159405.397810235,1159406.327847195,1159269878,True
convbench:216,1,True,1,0,1,0.0071680000983178616,0.010289018973708153,0.5529390182346106,29.436843702569604,347.8969936259091,348.71540614403784,871.0667700506747,1159428.034690054,1159428.905756824,1054406308,True
convbench:217,1,True,1,0,1,0.007071999832987785,0.01102592796087265,0.6878168787807226,37.45526564307511,473.1475298758596,375.7911869324744,1094.9619440361857,1159507.666691133,1159508.761653077,1421428133,True
convbench:218,1,True,1,0,1,0.0071680000983178616,0.010410090908408165,0.6480670999735594,43.86376147158444,451.58656779676676,548.9270919933915,1256.9458140060306,1159556.646538547,1159557.903484361,1316564845,True
convbench:219,1,True,1,0,1,0.0071680000983178616,0.01150486059486866,0.5549988709390163,31.764698680490255,365.73314969427884,586.3412031903863,1140.5193840619177,1159622.732732476,1159623.87325186,1106838252,True
convbench:220,1,True,1,0,1,0.0071680000983178616,0.010134885087609291,0.4627769812941551,20.61952417716384,292.40123159252107,341.0136690363288,778.0783418565989,1159685.645221244,1159686.423299586,874041349,True
convbench:221,1,True,1,0,1,0.00723200011998415,0.010895077139139175,0.7744920440018177,49.83757948502898,553.0745009891689,436.19610415771604,1272.9466538876295,1159748.574518067,1159749.847464721,1578723307,True
convbench:222,1,True,1,0,1,0.0072639998979866505,0.010838964954018593,0.6119869649410248,34.67696323059499,404.8370646778494,496.0031302180141,1102.9404459986836,1159792.330956952,1159793.433897398,1211701528,True
convbench:223,1,True,1,0,1,0.007104000076651573,0.010323012247681618,0.7270111236721277,51.894451258704066,490.1443759445101,442.4254207406193,1187.6307150814682,1159848.823618223,1159850.011248938,1473859806,True
convbench:224,1,True,1,0,1,0.008191999979317188,0.010040123015642166,0.5782940424978733,31.519680516794324,385.7507340144366,522.2659967839718,1104.9318360164762,1159893.014948634,1159894.11988047,1159269853,True
convbench:225,1,True,1,0,1,0.0071680000983178616,0.010040123015642166,0.6220529321581125,36.881797946989536,427.231437060982,384.2564632650465,1030.5985759478062,1159976.070244939,1159977.100843515,1211701532,True
convbench:226,1,True,1,0,1,0.008191999979317188,0.01055002212524414,0.5501541309058666,32.28025999851525,354.948622174561,619.2265748977661,1153.0924160033464,1160025.078105998,1160026.231198414,1050211916,True
convbench:227,1,True,1,0,1,0.00723200011998415,0.010641058906912804,0.5832419265061617,36.52842133305967,442.1247362624854,615.936312591657,1284.8034251946956,1160176.237719172,1160177.522522597,1159269889,True
convbench:228,1,True,1,0,1,0.0071680000983178616,0.010654795914888382,0.6404391024261713,30.55293345823884,387.8478652331978,386.5311231929809,961.7969049140811,1160252.754340978,1160253.716137883,1159270145,True
convbench:229,1,True,1,0,1,0.007424000184983015,0.010435935109853745,0.6141418125480413,30.338945798575878,391.2515570409596,525.6870330777019,1104.4743719976395,1160324.410198565,1160325.514672937,1159269890,True
convbench:230,1,True,1,0,1,0.0071680000983178616,0.010746065527200699,0.6367799360305071,38.20290812291205,423.4845817554742,1210.4644740466028,1851.908050943166,1160447.374838084,1160449.226746135,1264133183,True
convbench:231,1,True,1,0,1,0.007807999849319458,0.011162133887410164,0.6292148027569056,39.43868540227413,458.4313069935888,562.0284390170127,1251.9866731017828,1160482.386691155,1160483.638677828,1264133197,True
convbench:232,1,True,1,0,1,0.008191999979317188,0.010599149391055107,0.6282029207795858,38.89556531794369,422.51172522082925,415.68633331917226,1052.4971021804959,1160507.342693413,1160508.395190515,1264133176,True
convbench:233,1,True,1,0,1,0.0071680000983178616,0.011387048289179802,0.5812461022287607,30.254881363362074,389.34067729860544,900.3352299332619,1480.4680049419403,1160560.729675627,1160562.210143632,1159269892,True
convbench:234,1,True,1,0,1,0.007296000141650438,0.01113000325858593,0.5413009785115719,40.656290017068386,533.2111865282059,407.7540410216898,1232.2057250421494,1160622.137847954,1160623.370053679,1106838325,True
convbench:235,1,True,1,0,1,0.0071680000983178616,0.01096213236451149,0.5789468996226788,36.92615148611367,389.0177763532847,393.8978249207139,1006.5308529883623,1160713.004631894,1160714.011162747,1159269882,True
convbench:236,1,True,1,0,1,0.0071680000983178616,0.010784948244690895,0.6441040895879269,39.85450207255781,423.73547959141433,353.8984109181911,998.7575050909072,1160806.974179213,1160807.972936718,1264133180,True
convbench:237,1,True,1,0,1,0.008191999979317188,0.011295080184936523,0.5958089604973793,42.3091477714479,554.6660632826388,730.5427838582546,1576.4310418162495,1160867.286847243,1160868.863278285,1159269882,True
convbench:238,1,True,1,0,1,0.0071680000983178616,0.01091999001801014,0.6522380281239748,37.004818907007575,419.93419942446053,698.583226185292,1332.9631248489022,1160889.098348031,1160890.431311156,1264133170,True
convbench:239,1,True,1,0,1,0.00723200011998415,0.011443858966231346,0.6400039419531822,42.43495408445597,418.9471553545445,528.531339019537,1175.8620550390333,1160973.718708258,1160974.894570313,1264133187,True
convbench:240,1,True,1,0,1,0.008191999979317188,0.010706018656492233,0.6619291380047798,47.00623149983585,485.98924675025046,441.86954223550856,1195.0329451356083,1161040.584847082,1161041.779880027,1377385719,True
convbench:241,1,True,1,0,1,0.008191999979317188,0.010635005310177803,0.5968119949102402,37.91500092484057,400.93329129740596,338.25809485279024,952.4542060680687,1161108.884515631,1161109.836969837,1159269895,True
convbench:242,1,True,1,0,1,0.0071680000983178616,0.01041404902935028,0.5791059229522943,37.064582807943225,385.97043231129646,1249.0831504110247,1838.6961549986154,1161158.103494914,1161159.942191069,1159269866,True
convbench:243,1,True,1,0,1,0.00723200011998415,0.010335119441151619,0.6688488647341728,43.427525321021676,441.95431168191135,493.03972627967596,1158.4035442210734,1161193.605429249,1161194.763832793,1316564817,True
convbench:244,1,True,1,0,1,0.0072639998979866505,0.010085990652441978,0.40056114085018635,23.632400669157505,365.0937818456441,271.1273089516908,824.7699560597539,1161241.823778818,1161242.648548774,723038047,True
convbench:245,1,True,1,0,1,0.0074880002066493034,0.011566095054149628,0.5867800209671259,30.10332747362554,393.8049387652427,343.3578279800713,943.9167061354965,1161291.507481874,1161292.45139858,1159269880,True
convbench:246,1,True,1,0,1,0.0071680000983178616,0.010730000212788582,0.6314429920166731,37.90300549007952,430.7559169828892,727.868549991399,1371.946862898767,1161347.690749698,1161349.062696561,1276716724,True
convbench:247,1,True,1,0,1,0.008191999979317188,0.01071300357580185,0.3827849868685007,18.66001123562455,300.7517426740378,458.3955111447722,927.0608958322555,1161408.97668061,1161409.903741506,647536426,True
convbench:248,1,True,1,0,1,0.006144000217318535,0.011202879250049591,0.6299291271716356,38.49760885350406,437.7827278804034,585.7926202006638,1245.377694023773,1161428.912240565,1161430.157618259,1276716722,True
convbench:249,1,True,1,0,1,0.007071999832987785,0.009818002581596375,0.341528095304966,15.18582133576274,220.317896688357,264.51634615659714,593.8083899673074,1161464.284340448,1161464.878148838,647536394,True
convbench:250,1,True,1,0,1,0.0071680000983178616,0.010301824659109116,0.6060160230845213,31.362620647996664,379.0348742622882,344.1860640887171,913.1429430563003,1161501.667519693,1161502.580662636,1106838206,True
convbench:251,1,True,1,0,1,0.0071680000983178616,0.011610100045800209,0.5739510525017977,33.94406451843679,392.9751287214458,343.8331549987197,938.412973890081,1161539.602205825,1161540.540618799,1176047893,True
convbench:252,1,True,1,0,1,0.0072639998979866505,0.011549098417162895,0.5488339811563492,29.985654866322875,365.99488533101976,328.27885914593935,875.295733101666,1161569.932170857,1161570.80746659,1075379119,True
convbench:253,1,True,1,0,1,0.0071680000983178616,0.010763993486762047,0.76510407961905,56.26910785213113,524.7411548625678,966.0885720513761,1779.6417579520494,1161601.759641632,1161603.53928339,1578723350,True
convbench:254,1,True,1,0,1,0.006144000217318535,0.011139782145619392,0.5233010742813349,31.539069022983313,444.51433047652245,641.7777568567544,1309.4296117778867,1161659.556457237,1161660.865886849,1001974774,True
convbench:255,1,True,1,0,1,0.0071680000983178616,0.01084781251847744,0.6329040043056011,40.387280751019716,414.96877931058407,419.5055381860584,1051.459554117173,1161741.697264287,1161742.748723841,1211701524,True
convbench:256,1,True,1,0,1,0.008191999979317188,0.010849209502339363,0.6175909657031298,38.78450486809015,418.50445070303977,375.7304041646421,1008.7306899949908,1161778.903038189,1161779.911768879,1264133182,True
convbench:257,1,True,1,0,1,0.007296000141650438,0.010866904631257057,0.6463041063398123,40.53865931928158,514.2066557891667,485.0825248286128,1254.5972620137036,1161838.627579075,1161839.882176337,1276716714,True
convbench:258,1,True,1,0,1,0.0071680000983178616,0.01243501901626587,0.7878199685364962,46.48690368048847,562.8198222257197,653.2336911186576,1498.54308902286,1161904.713776197,1161906.212319286,1578723364,True
convbench:259,1,True,1,0,1,0.007391999941319227,0.010862946510314941,0.6534098647534847,40.14999279752374,453.8355639670044,640.9218700136989,1327.4479978717864,1161950.567492962,1161951.89494096,1368996453,True
convbench:260,1,True,1,0,1,0.0077760000713169575,0.010347925126552582,0.5887160077691078,30.34872282296419,390.5495605431497,424.3870412465185,1007.047605002299,1162001.112838523,1162002.119886128,1159269886,True
convbench:261,1,True,1,0,1,0.0077760000713169575,0.010319985449314117,0.4221100825816393,26.21876378543675,374.9919696711004,262.59445305913687,839.9825459346175,1162041.699363617,1162042.539346163,798539706,True
convbench:262,1,True,1,0,1,0.0071680000983178616,0.011503929272294044,0.6230520084500313,36.672145361080766,419.35804416425526,348.15748990513384,978.9609429426491,1162069.316218813,1162070.295179756,1264133178,True
convbench:263,1,True,1,0,1,0.0071680000983178616,0.011202879250049591,0.5922140553593636,39.107984863221645,526.8722302280366,520.9465781226754,1317.4890901427716,1162092.424525542,1162093.742014632,1176047895,True
convbench:264,1,True,1,0,1,0.00723200011998415,0.01191999763250351,0.5475899670273066,32.94244012795389,348.4028191305697,424.1686009336263,952.6818529702723,1162162.95914865,1162163.911830503,1054406318,True
convbench:265,1,True,1,0,1,0.0071680000983178616,0.011332100257277489,0.6357210222631693,42.131547816097736,421.5699953492731,376.90186919644475,1018.3802428655326,1162227.845682027,1162228.86406227,1264133179,True
convbench:266,1,True,1,0,1,0.0071680000983178616,0.010692048817873001,0.5892380140721798,37.5539509113878,384.59526002407074,327.1006962750107,913.53958286345,1162286.460466148,1162287.374005731,1159269876,True
convbench:267,1,True,1,0,1,0.0071680000983178616,0.01033395528793335,0.5915048532187939,36.233603255823255,442.7803421858698,701.7940981313586,1369.4390079472214,1162317.291524063,1162318.660963071,1159269889,True
convbench:268,1,True,1,0,1,0.0071680000983178616,0.010556075721979141,0.4263990558683872,18.377707106992602,270.18807735294104,346.6651765629649,745.2953599859029,1162376.83868764,1162377.583983,798539699,True
convbench:269,1,True,1,0,1,0.007903999648988247,0.010804040357470512,0.6272129248827696,41.01839009672403,423.52488334290683,395.0211259070784,1037.4819959979504,1162416.767205883,1162417.804687879,1276716739,True
convbench:270,1,True,1,0,1,0.0071680000983178616,0.010967953130602837,0.6189900450408459,31.076185638085008,403.63590233027935,447.73230189457536,1046.3402159512043,1162467.292728066,1162468.339068282,1159269890,True
convbench:271,1,True,1,0,1,0.0071680000983178616,0.01045013777911663,0.598433893173933,42.78496722690761,550.1536154188216,652.7791128028184,1489.9610951542854,1162535.645835619,1162537.135796714,1159269884,True
convbench:272,1,True,1,0,1,0.00723200011998415,0.011473894119262695,0.6102088373154402,35.73646699078381,481.04630038142204,421.1307580117136,1141.224621096626,1162613.884626003,1162615.025850624,1264133184,True
convbench:273,1,True,1,0,1,0.0071680000983178616,0.011558877304196358,0.44923205859959126,26.44619159400463,367.785933194682,251.88946002162993,824.0014349576086,1162683.92187008,1162684.745871515,773372486,True
convbench:274,1,True,1,0,1,0.0071680000983178616,0.010247109457850456,0.41779386810958385,23.57852761633694,269.3727605510503,532.441443996504,938.1845069583505,1162738.640884399,1162739.579068906,798539706,True
convbench:275,1,True,1,0,1,0.007327999919652939,0.010462943464517593,0.6301901303231716,36.81991109624505,421.3432709220797,598.3407411258668,1232.82142682001,1162778.803287133,1162780.03610856,1211701536,True
convbench:276,1,True,1,0,1,0.0071680000983178616,0.010402873158454895,0.5061570554971695,24.384506279602647,368.90874709933996,344.69291009008884,890.4940278735012,1162853.192182715,1162854.082676743,974710215,True
convbench:277,1,True,1,0,1,0.0071680000983178616,0.011344905942678452,0.6191590800881386,30.060101067647338,418.2527684606612,365.4675481375307,983.431194908917,1162883.054169991,1162884.037601186,1264133173,True
convbench:278,1,True,1,0,1,0.0071680000983178616,0.010310905054211617,0.6258848588913679,41.383592411875725,424.0075603593141,421.2685769889504,1069.3863579072058,1162940.922178344,1162941.991564702,1264133185,True
convbench:279,1,True,1,0,1,0.0071680000983178616,0.012928852811455727,0.68438402377069,40.192377753555775,464.6881006192416,1042.2425258439034,1746.5562270954251,1162985.218122799,1162986.964679026,1264133177,True
convbench:280,1,True,1,0,1,0.0071680000983178616,0.010434072464704514,0.6108379457145929,34.79652013629675,410.5024700984359,347.8463946375996,965.3006561566144,1163033.750889618,1163034.716190274,1211701525,True
convbench:281,1,True,1,0,1,0.0071680000983178616,0.010002870112657547,0.4554397892206907,28.90487015247345,401.9827893935144,382.153453072533,1002.9907980933785,1163144.73640408,1163145.739394878,848874132,True
convbench:282,1,True,1,0,1,0.0071680000983178616,0.010034069418907166,0.617054058238864,38.48269931040704,465.47202323563397,584.2457853723317,1283.450516872108,1163191.92995105,1163193.213401567,1211701527,True
convbench:283,1,True,1,0,1,0.0071680000983178616,0.010470161214470863,0.44042314402759075,20.10421361774206,270.7199670840055,320.0469471048564,723.5941470135003,1163239.029948687,1163239.753542834,798539703,True
convbench:284,1,True,1,0,1,0.007199999876320362,0.010428018867969513,0.6138961762189865,40.140712866559625,477.9779762029648,363.01570013165474,1089.1493509989232,1163255.334970317,1163256.424119668,1159269872,True
convbench:285,1,True,1,0,1,0.0074880002066493034,0.010519986972212791,0.5813799798488617,35.2133559063077,401.28840575926006,807.7248327899724,1414.3899360205978,1163342.752565431,1163344.166955367,1159269888,True
convbench:286,1,True,1,0,1,0.0072639998979866505,0.011488096788525581,0.6380360573530197,29.625288676470518,423.8465433008969,417.8090619388968,1041.24986496754,1163436.463957103,1163437.505206968,1264133193,True
convbench:287,1,True,1,0,1,0.0071680000983178616,0.011277850717306137,0.7132699247449636,41.05972428806126,479.62342156097293,1165.173803223297,1899.3653699290007,1163489.738735063,1163491.638100433,1427720012,True
convbench:288,1,True,1,0,1,0.0071680000983178616,0.010902993381023407,0.6441290024667978,33.57817931100726,425.9340891148895,601.3082910794765,1258.1396480090916,1163547.375067582,1163548.63320723,1264133177,True
convbench:289,1,True,1,0,1,0.008191999979317188,0.010932795703411102,0.6483020260930061,31.349792843684554,446.8197962269187,374.84845402650535,1042.6082930061966,1163607.778116911,1163608.820725204,1276716739,True
convbench:290,1,True,1,0,1,0.0071680000983178616,0.009810086339712143,0.3796571400016546,15.44239278882742,220.33971245400608,240.7367390114814,568.2336429599673,1163663.265402127,1163663.83363577,647536404,True
convbench:291,1,True,1,0,1,0.007552000228315592,0.010730931535363197,0.5834249313920736,30.351612251251936,396.5233361814171,317.30483984574676,902.8360659722239,1163707.614916141,1163708.517752207,1159269878,True
convbench:292,1,True,1,0,1,0.0071680000983178616,0.0107521191239357,0.43008686043322086,27.29219477623701,390.4487721156329,821.1733151692897,1424.6957409195602,1163736.463143292,1163737.887839033,823706945,True
convbench:293,1,True,1,0,1,0.0071680000983178616,0.010950025171041489,0.5743610672652721,31.06214222498238,406.58365935087204,595.9433810785413,1206.7713930737227,1163786.399960899,1163787.606732292,1159269873,True
convbench:294,1,True,1,0,1,0.0071680000983178616,0.010394025593996048,0.6227430421859026,39.42381823435426,425.4035078920424,474.78272509761155,1116.2366070784628,1163822.591632291,1163823.707868898,1264133212,True
convbench:295,1,True,1,0,1,0.007199999876320362,0.010964926332235336,0.6170349661260843,31.816873466596007,419.6381946094334,379.42713196389377,1005.9477458707988,1163857.198455054,1163858.2044028,1264133171,True
convbench:296,1,True,1,0,1,0.007519999984651804,0.011486932635307312,0.5711091216653585,34.04852212406695,390.4083180241287,303.1385578215122,889.7014691028744,1163901.546961845,1163902.436663314,1159269897,True
convbench:297,1,True,1,0,1,0.0071680000983178616,0.01120101660490036,0.6298050284385681,40.79406778328121,420.74335901997983,404.3086478486657,1042.677486082539,1163932.040433162,1163933.083110648,1264133182,True
convbench:298,1,True,1,0,1,0.0071680000983178616,0.009407056495547295,0.4285820759832859,21.38068084605038,268.69257912039757,276.2127991300076,675.858411937952,1163965.71168087,1163966.387539282,798539707,True
convbench:299,1,True,1,0,1,0.0071680000983178616,0.009892042726278305,0.3685750998556614,15.727852005511522,228.0008983798325,631.4812020864338,968.5168140567839,1164057.024112178,1164057.992628992,672703620,True
convbench:300,1,True,1,0,1,0.007040000054985285,0.010418938472867012,0.5977281834930182,34.58036039955914,405.6877519469708,529.1967801749706,1140.9230339340866,1164099.603845477,1164100.744768511,1159270015,True
convbench:301,1,True,1,0,1,0.0071680000983178616,0.011455966159701347,0.6023570895195007,34.36241019517183,385.53799083456397,389.586373930797,968.158301897347,1164138.59631191,1164139.564470212,1159269878,True
convbench:302,1,True,1,0,1,0.0071680000983178616,0.010556075721979141,0.4185410216450691,22.563653765246272,268.58994411304593,485.30507599934936,892.54294289276,1164202.611740997,1164203.50428394,798539700,True
convbench:303,1,True,1,0,1,0.008191999979317188,0.01058005727827549,0.6463511381298304,39.8810813203454,420.8567440509796,448.4625309705734,1090.6563280150294,1164257.73708887,1164258.827745198,1264133276,True
convbench:304,1,True,1,0,1,0.0071680000983178616,0.009909970685839653,0.5424239207059145,31.143457628786564,351.0175871197134,364.1521797981113,893.9397041685879,1164340.378041569,1164341.271981273,1054406325,True
convbench:305,1,True,1,0,1,0.0072639998979866505,0.010838964954018593,0.5377240013331175,31.524473801255226,360.14493298716843,267.78883021324873,809.7216871101409,1164408.276208353,1164409.08593004,1075379026,True
convbench:306,1,True,1,0,1,0.0071680000983178616,0.009706942364573479,0.42491103522479534,25.242201052606106,376.9088762346655,1000.6463779136539,1574.4552561081946,1164437.346360528,1164438.920815784,798539720,True
convbench:307,1,True,1,0,1,0.0071680000983178616,0.011282041668891907,0.5778849590569735,31.560065457597375,352.5587469339371,855.0890467595309,1386.177082080394,1164479.230469632,1164480.616646714,1050211862,True
convbench:308,1,True,1,0,1,0.006144000217318535,0.010303920134902,0.6088640075176954,35.57835821993649,384.3426106031984,505.07868989370763,1083.6151749826968,1164517.255390586,1164518.339005761,1159269898,True
convbench:309,1,True,1,0,1,0.0071680000983178616,0.01001683995127678,0.6295000202953815,40.878493804484606,420.7074996083975,384.78390499949455,1023.3651890885085,1164568.259051391,1164569.28241658,1264133177,True
convbench:310,1,True,1,0,1,0.0071680000983178616,0.0106829684227705,0.6379708647727966,39.964721305295825,418.98217843845487,361.52292997576296,997.4648100323975,1164596.51081692,1164597.50828173,1264133149,True
convbench:311,1,True,1,0,1,0.00723200011998415,0.010840827599167824,0.6000620778650045,35.92767380177975,396.5688073076308,326.7951610032469,929.4567438773811,1164624.835791571,1164625.765248315,1159269882,True
convbench:312,1,True,1,0,1,0.008191999979317188,0.010039890184998512,0.6138649769127369,37.455403013154864,403.9956231135875,2252.184472978115,2868.1771801784635,1164685.499741186,1164688.367918366,1211701539,True
convbench:313,1,True,1,0,1,0.007872000336647034,0.009986106306314468,0.4973309114575386,23.14513106830418,318.14985116943717,422.0222875010222,895.4120881389827,1164758.047497588,1164758.942909676,949542995,True
convbench:314,1,True,1,0,1,0.007040000054985285,0.010597053915262222,0.6235360633581877,36.70142428018153,418.0124062113464,368.52761497721076,996.6033280361444,1164817.781878171,1164818.778481499,1264133200,True
convbench:315,1,True,1,0,1,0.007104000076651573,0.010701129212975502,0.6002660375088453,37.84716408699751,443.78813868388534,323.7561408895999,1000.3355068620294,1164860.496693809,1164861.497029316,1159269870,True
convbench:316,1,True,1,0,1,0.0071680000983178616,0.011045020073652267,0.6167460232973099,39.029215928167105,419.6592743974179,1732.5586678925902,2366.845472017303,1164929.101346462,1164931.468191934,1264133174,True
convbench:317,1,True,1,0,1,0.007327999919652939,0.010190065950155258,0.6146980449557304,38.28795533627272,420.0435660313815,520.6121848896146,1160.7642360031605,1164981.268690761,1164982.429454997,1264133168,True
convbench:318,1,True,1,0,1,0.008191999979317188,0.010675983503460884,0.6325440481305122,39.85775262117386,451.3474889099598,428.66853112354875,1125.8606689516455,1165021.82558308,1165022.951443749,1264133194,True
convbench:319,1,True,1,0,1,0.007391999941319227,0.010594027116894722,0.6692497991025448,43.9913107547909,451.5248166862875,380.7350299321115,1066.44079182297,1165060.275359132,1165061.341799924,1316564835,True
convbench:320,1,True,1,0,1,0.0071680000983178616,0.01019379124045372,0.6280371453613043,41.66737967170775,428.1344641931355,341.9969549868256,1023.5549448989332,1165104.351530244,1165105.375085189,1276716720,True
convbench:321,1,True,1,0,1,0.00723200011998415,0.011422205716371536,0.30111405067145824,11.357736075296998,186.2612923141569,331.7223235499114,609.4400899019092,1165132.552261309,1165133.161701399,546867516,True
convbench:322,1,True,1,0,1,0.0071680000983178616,0.010504154488444328,0.613299896940589,40.584230329841375,426.2953381985426,592.4771940335631,1237.7891899086535,1165169.204564146,1165170.442353336,1264133198,True
convbench:323,1,True,1,0,1,0.0071680000983178616,0.01171603798866272,0.5571830552071333,31.128799077123404,358.59503224492073,356.2277869787067,894.8249449022114,1165245.210469058,1165246.105294003,1075379085,True
convbench:324,1,True,1,0,1,0.0071680000983178616,0.0110650435090065,0.5769168492406607,38.170796586200595,463.1405614782125,342.7315689623356,1043.7895450741053,1165267.44589483,1165268.489684375,1159269872,True
convbench:325,1,True,1,0,1,0.008191999979317188,0.010794028639793396,0.6791928317397833,40.524884359911084,429.03256602585316,271.4491181541234,922.5708530284464,1165323.841034068,1165324.763604921,1264133181,True
convbench:326,1,True,1,0,1,0.008191999979317188,0.010588904842734337,0.6162889767438173,40.58790020644665,421.4155552908778,1468.7749741133302,2108.0236609559506,1165350.564438839,1165352.6724625,1264133204,True
convbench:327,1,True,1,0,1,0.007807999849319458,0.010336050763726234,0.6543879862874746,41.19439632631838,432.05872061662376,520.4347220715135,1175.100804073736,1165419.994106733,1165421.169207537,1276716729,True
convbench:328,1,True,1,0,1,0.007007999811321497,0.010622898116707802,0.6335570942610502,39.51993561349809,470.7784028723836,384.2597759794444,1091.9770279433578,1165478.571991791,1165479.663968819,1276716712,True
convbench:329,1,True,1,0,1,0.007296000141650438,0.01108786091208458,0.6161287892609835,34.18462607078254,386.83533179573715,353.68014918640256,938.7004300951958,1165518.580877892,1165519.519578322,1159269870,True
convbench:330,1,True,1,0,1,0.008128000423312187,0.011332100257277489,0.5671179387718439,33.11470523476601,369.2495122086257,537.1313949581236,1098.752971040085,1165561.677290281,1165562.776043252,1106838243,True
convbench:331,1,True,1,0,1,0.0071680000983178616,0.011688098311424255,0.6674500182271004,40.710404980927706,434.2157868668437,583.5186592303216,1249.9034800566733,1165605.026637946,1165606.276541426,1264133194,True
convbench:332,1,True,1,0,1,0.0071680000983178616,0.011383090168237686,0.6210629362612963,39.08281191252172,418.31767302937806,428.4693526569754,1061.6366399917752,1165653.943253761,1165655.004890401,1264133192,True
convbench:333,1,True,1,0,1,0.007007999811321497,0.012659933418035507,0.8544689044356346,56.27125850878656,559.7597563173622,452.00033485889435,1356.2764879316092,1165728.738380423,1165730.094656911,1578723349,True
convbench:334,1,True,1,0,1,0.00723200011998415,0.010092044249176979,0.666086096316576,37.20668377354741,448.5757548827678,290.3235980775207,966.1192919593304,1165815.596600103,1165816.562719395,1276716742,True
convbench:335,1,True,1,0,1,0.0071680000983178616,0.010497868061065674,0.4875240847468376,21.91846235655248,308.1868092995137,318.93258006311953,774.639415089041,1165841.891212642,1165842.665852057,897111390,True
convbench:336,1,True,1,0,1,0.0074880002066493034,0.011101830750703812,0.5729850381612778,34.60133797489107,486.02399602532387,502.6267459616065,1236.0054231248796,1165879.623580935,1165880.859586358,1106838229,True
convbench:337,1,True,1,0,1,0.0072639998979866505,0.010736985132098198,0.5706881638616323,37.85685054026544,524.9664662405849,364.15106197819114,1163.449018029496,1165925.151685562,1165926.31513458,1054406334,True
convbench:338,1,True,1,0,1,0.0071680000983178616,0.010486925020813942,0.5848759319633245,34.85409216955304,398.69182859547436,375.4436958115548,972.121796105057,1165992.424080663,1165993.396202459,1159269885,True
convbench:339,1,True,1,0,1,0.007199999876320362,0.010902993381023407,0.6389920599758625,34.335956210270524,431.8755695130676,202.5862110313028,844.5383100770414,1166066.708718224,1166067.553256534,1264133208,True
convbench:340,1,True,1,0,1,0.008191999979317188,0.010335119441151619,0.5792370066046715,34.6352169290185,417.4679615534842,395.6763392779976,1018.8363860361278,1166125.091677265,1166126.110513651,1159269853,True
convbench:341,1,True,1,0,1,0.0071680000983178616,0.010873889550566673,0.6321489345282316,35.97251628525555,433.28837491571903,533.1051922403276,1199.10076004453,1166193.434467704,1166194.633568464,1264133188,True
convbench:342,1,True,1,0,1,0.007007999811321497,0.009710900485515594,0.6916639395058155,35.62626987695694,433.61566704697907,392.3449218273163,1037.9994548857212,1166249.307002797,1166250.345002252,1276716754,True
convbench:343,1,True,1,0,1,0.0071680000983178616,0.010596122592687607,0.6389268673956394,34.61250872351229,397.2817270550877,839.6699051372707,1431.572875007987,1166306.407809842,1166307.839382717,1159269875,True
convbench:344,1,True,1,0,1,0.0071680000983178616,0.010476913303136826,0.6430090870708227,36.243301117792726,432.62659781612456,443.73229681514204,1092.769515933469,1166341.958344052,1166343.051113568,1264133156,True
convbench:345,1,True,1,0,1,0.00723200011998415,0.010041985660791397,0.6517989095300436,40.452888468280435,431.02700146846473,457.3638129513711,1106.6562640480697,1166382.494264387,1166383.600920651,1264133189,True
convbench:346,1,True,1,0,1,0.00723200011998415,0.010401010513305664,0.6529020611196756,37.03236230649054,469.1280419938266,351.19392606429756,1046.6535440646112,1166478.283245618,1166479.329899162,1276716756,True
convbench:347,1,True,1,0,1,0.008031999692320824,0.010394956916570663,0.5811499431729317,26.48829366080463,388.4479489643127,412.060315720737,981.6044177860022,1166542.910782084,1166543.892386502,1125713543,True
convbench:348,1,True,1,0,1,0.00723200011998415,0.010580988600850105,0.622129999101162,34.78669933974743,451.694710412994,549.3912280071527,1218.9213170204312,1166607.110414905,1166608.329336222,1264133191,True
convbench:349,1,True,1,0,1,0.007007999811321497,0.012009171769022942,0.7687872275710106,51.774655003100634,541.1618896760046,506.1495518311858,1354.147387901321,1166656.457476374,1166657.811623762,1578723351,True
convbench:350,1,True,1,0,1,0.0071680000983178616,0.01065409742295742,0.7436189334839582,46.331688994541764,575.0705238897353,754.8637411091477,1615.424214163795,1166709.431610372,1166711.047034586,1578723341,True
convbench:351,1,True,1,0,1,0.007519999984651804,0.010664807632565498,0.6173700094223022,36.99068911373615,429.0520886424929,390.5830711591989,1029.1668470017612,1166777.443660083,1166778.47282693,1211701533,True
convbench:352,1,True,1,0,1,0.0071680000983178616,0.011067138984799385,0.5855290219187737,35.12865002267063,396.98507776483893,642.8913548588753,1237.8128860145807,1166817.616391988,1166818.854204874,1159269896,True
convbench:353,1,True,1,0,1,0.011264000087976456,0.012025004252791405,0.5957719404250383,27.996035991236567,415.41809565387666,618.5105799231678,1234.40473806113,1166844.034060094,1166845.268464832,1159269882,True
convbench:354,1,True,1,0,1,0.0071680000983178616,0.010668998584151268,0.6348839960992336,34.35965604148805,477.92439395561814,319.29364311508834,1032.2787850163877,1166920.51190775,1166921.544186535,1211701547,True
convbench:355,1,True,1,0,1,0.007552000228315592,0.00933394767343998,0.49383100122213364,34.34587153606117,505.2172541618347,303.1268978957087,1056.8403787910938,1166946.265551231,1166947.32239161,949543019,True
convbench:356,1,True,1,0,1,0.007935999892652035,0.010385178029537201,0.6254119798541069,37.37360844388604,429.730512900278,344.140995061025,1006.5675131045282,1166977.943807019,1166978.950374532,1264133174,True
convbench:357,1,True,1,0,1,0.0071680000983178616,0.010331859812140465,0.6122000049799681,35.11309903115034,397.4529036786407,465.67143010906875,1058.7043270934373,1167059.725359028,1167060.784063355,1159269886,True
convbench:358,1,True,1,0,1,0.00723200011998415,0.011103926226496696,0.5374150350689888,32.029618974775076,379.2633463162929,335.2218111976981,899.4309131521732,1167129.136413649,1167130.035844562,1106838228,True
convbench:359,1,True,1,0,1,0.0071680000983178616,0.010252930223941803,0.4736438859254122,24.55964218825102,303.1545882113278,257.1498011238873,708.3031400106847,1167177.896319395,1167178.604622535,874041353,True
convbench:360,1,True,1,0,1,0.007296000141650438,0.01057889312505722,0.43298094533383846,20.66715876571834,269.03345389291644,660.5352121405303,1064.5352751016617,1167246.439939993,1167247.504475268,773372475,True
convbench:361,1,True,1,0,1,0.0071680000983178616,0.011221971362829208,0.6099359598010778,44.19164056889713,441.2917133886367,827.8685440309346,1558.7828170973808,1167290.131003762,1167291.689786579,1276716749,True
convbench:362,1,True,1,0,1,0.0071680000983178616,0.011170981451869011,0.596294179558754,34.46077252738178,397.79379148967564,409.60471518337727,1004.2656019795686,1167344.030048305,1167345.034313907,1159269895,True
convbench:363,1,True,1,0,1,0.0071680000983178616,0.011872965842485428,0.6325559224933386,37.250773049890995,440.78488368541,357.0038278121501,1012.5050011556596,1167402.032273372,1167403.044778373,1276716754,True
convbench:364,1,True,1,0,1,0.0071680000983178616,0.010343967005610466,0.5842759273946285,34.683553501963615,403.37563399225473,334.9523418582976,935.5504140257835,1167463.144562226,1167464.08011264,1176047899,True
convbench:365,1,True,1,0,1,0.0071680000983178616,0.011119060218334198,0.6372120697051287,36.2149600405246,435.031367931515,1553.092427086085,2197.7119189687073,1167523.31996164,1167525.517673559,1264133183,True
convbench:366,1,True,1,0,1,0.008191999979317188,0.010777963325381279,0.6798091344535351,46.84999631717801,492.4947109539062,554.8213189467788,1295.603825012222,1167557.58139308,1167558.876996905,1377385602,True
convbench:367,1,True,1,0,1,0.0071680000983178616,0.010582152754068375,0.6193430162966251,30.481106601655483,449.2938336916268,514.2574550118297,1173.2402457855642,1167608.1610799,1167609.334320146,1211701539,True
convbench:368,1,True,1,0,1,0.0071680000983178616,0.01184898428618908,0.7465449161827564,53.62991406582296,624.8663917649537,476.2740770820528,1407.7119431458414,1167652.677016432,1167654.084728375,1526291707,True
convbench:369,1,True,1,0,1,0.0071680000983178616,0.010872958227992058,0.5654320120811462,38.53721357882023,407.83050563186407,333.3201294299215,959.8020690027624,1167685.553263412,1167686.513065481,1159269895,True
convbench:370,1,True,1,0,1,0.00825599953532219,0.010767951607704163,0.4042419604957104,26.258326368406415,368.5435683000833,417.3742961138487,977.3789709433913,1167738.382875916,1167739.360254887,723038080,True
convbench:371,1,True,1,0,1,0.007071999832987785,0.010941876098513603,0.6722311954945326,50.21920637227595,473.7209747545421,693.0246716365218,1479.4567110948265,1167829.618957941,1167831.098414652,1377385619,True
convbench:372,1,True,1,0,1,0.007327999919652939,0.010190997272729874,0.3801700659096241,18.328310223296285,245.12110790237784,282.3245539329946,643.873434048146,1167898.463327119,1167899.107200553,697870830,True
convbench:373,1,True,1,0,1,0.008191999979317188,0.010738847777247429,0.6420209538191557,45.72810814715922,458.35068891756237,350.66185402683914,1078.8807068020105,1167954.054337226,1167955.133217933,1264133173,True
convbench:374,1,True,1,0,1,0.007199999876320362,0.011445023119449615,0.5240179598331451,37.287273444235325,522.4790652282536,1533.298458904028,2324.940423015505,1167970.202409613,1167972.527350036,1054406327,True
convbench:375,1,True,1,0,1,0.0071680000983178616,0.011170981451869011,0.6501530297100544,43.563478626310825,436.0743185970932,529.6900812536478,1195.4899500124156,1168022.05229134,1168023.24778129,1264133155,True
convbench:376,1,True,1,0,1,0.0071680000983178616,0.011024996638298035,0.6069818045943975,39.11417815834284,477.9322170652449,397.51094300299883,1116.4180741179734,1168060.629465778,1168061.745883852,1211701544,True
convbench:377,1,True,1,0,1,0.007296000141650438,0.01050787977874279,0.6916811689734459,36.009367322549224,456.35679247789085,481.01716907694936,1158.954886952415,1168122.159364251,1168123.318319138,1327051185,True
convbench:378,1,True,1,0,1,0.008191999979317188,0.01019495539367199,0.6202890072017908,31.649406533688307,415.04953196272254,491.4023170713335,1106.8453760817647,1168202.474205365,1168203.581050741,1211701543,True
convbench:379,1,True,1,0,1,0.007552000228315592,0.011157011613249779,0.7578670047223568,42.9843170568347,538.2620107848197,634.0588298626244,1443.3307969011366,1168304.110446078,1168305.553776875,1578723341,True
convbench:380,1,True,1,0,1,0.007424000184983015,0.01123710535466671,0.5685409996658564,36.05298371985555,426.80990416556597,637.248523067683,1275.8213970810175,1168339.540340175,1168340.816161572,1176047897,True
convbench:381,1,True,1,0,1,0.006144000217318535,0.010418007150292397,0.7513570599257946,47.165140276774764,538.823650451377,551.4723879750818,1360.1372120901942,1168378.538901175,1168379.899038387,1528388900,True
convbench:382,1,True,1,0,1,0.006144000217318535,0.010579125955700874,0.6222929805517197,41.86397371813655,431.56165769323707,590.3644268400967,1241.9020319357514,1168438.485223242,1168439.727125274,1264133187,True
convbench:383,1,True,1,0,1,0.007199999876320362,0.009909970685839653,0.6247579585760832,40.7553322147578,464.45794589817524,414.02659518644214,1111.7799819912761,1168485.255440393,1168486.367220375,1264133178,True
convbench:384,1,True,1,0,1,0.007903999648988247,0.01072208397090435,0.5610629450529814,34.73843261599541,469.17245211079717,357.0418441668153,1056.4715240616351,1168531.885792278,1168532.942263802,1159269899,True
convbench:385,1,True,1,0,1,0.0071680000983178616,0.010121148079633713,0.5727880634367466,40.20087863318622,535.9242036938667,488.47157461568713,1302.6814239565283,1168575.583351216,1168576.88603264,1159269895,True
convbench:386,1,True,1,0,1,0.01228800043463707,0.01065107062458992,0.606026966124773,32.67376427538693,396.62000467069447,504.3986071832478,1092.258979100734,1168632.535734224,1168633.627993203,1159269881,True
convbench:387,1,True,1,0,1,0.007296000141650438,0.010299962013959885,0.5908268503844738,34.10055791027844,397.44952926412225,359.7682600375265,977.1918631158769,1168728.213397956,1168729.190589819,1159269903,True
convbench:388,1,True,1,0,1,0.0080960001796484,0.010322080925107002,0.6457511335611343,41.92061838693917,448.18216818384826,664.7911481559277,1353.9426599163562,1168776.592906217,1168777.946848877,1276716735,True
convbench:389,1,True,1,0,1,0.0071680000983178616,0.010543037205934525,0.5529280751943588,32.80110843479633,388.45891994424164,655.9887721668929,1230.8091218583286,1168852.427700872,1168853.658509994,1106838262,True
convbench:390,1,True,1,0,1,0.007424000184983015,0.010621966794133186,0.6439839489758015,36.80281923152506,445.68828004412353,466.1938529461622,1125.07116002962,1168919.553954938,1168920.679026098,1264133175,True
convbench:391,1,True,1,0,1,0.0071680000983178616,0.010770978406071663,0.5303011275827885,31.541306991130114,363.5841340292245,540.0480139069259,1082.884319126606,1168980.655502036,1168981.738386355,1054406436,True
convbench:392,1,True,1,0,1,0.0072639998979866505,0.010517193004488945,0.576831167563796,36.8212116882205,441.4702432695776,359.91809191182256,1025.3318019676954,1169085.678096862,1169086.703428664,1159269899,True
convbench:393,1,True,1,0,1,0.0071680000983178616,0.011149095371365547,0.7811139803379774,55.02498708665371,553.3003676682711,713.6219860985875,1558.2066369242966,1169170.874609478,1169172.432816115,1578723338,True
convbench:394,1,True,1,0,1,0.007296000141650438,0.011186115443706512,0.5924210418015718,35.163175547495484,407.38813392817974,383.7655778042972,994.2522831261158,1169222.049604436,1169223.043856719,1159269882,True
convbench:395,1,True,1,0,1,0.007519999984651804,0.010706018656492233,0.5646380595862865,34.86535954289138,396.4869845658541,387.9035881254822,980.9178849682212,1169309.909415101,1169310.890332986,1159269907,True
convbench:396,1,True,1,0,1,0.0071680000983178616,0.011029886081814766,0.5137261468917131,24.56020168028772,348.328496562317,333.08815001510084,846.1449039168656,1169385.140820639,1169385.986965543,1001974685,True
convbench:397,1,True,1,0,1,0.0071680000983178616,0.01074979081749916,0.6573149003088474,44.080809922888875,477.1367213688791,363.6767161078751,1123.5074650030583,1169467.680415489,1169468.803922954,1264133193,True
convbench:398,1,True,1,0,1,0.007391999941319227,0.010827090591192245,0.6176519673317671,29.288042336702347,403.54916802607477,429.81501133181155,1022.1020968165249,1169516.474478278,1169517.496580375,1159269878,True
convbench:399,1,True,1,0,1,0.0071680000983178616,0.010700896382331848,0.5610280204564333,37.39721584133804,546.3050710968673,550.670295022428,1359.2872850131243,1169589.429757747,1169590.789045032,1054406334,True
convbench:400,1,True,1,0,1,0.008191999979317188,0.010737916454672813,0.651428010314703,39.363567251712084,435.55310042575,462.5530953053385,1111.5584601648152,1169625.842096194,1169626.953654654,1264133178,True
convbench:401,1,True,1,0,1,0.0071680000983178616,0.010976102203130722,0.6386800669133663,42.49867401085794,434.2419852036983,359.7115462180227,1049.3994730059057,1169701.210893741,1169702.260293214,1264133206,True
convbench:402,1,True,1,0,1,0.006976000033318996,0.010448042303323746,0.6119799800217152,37.91060182265937,441.6689961217344,783.3874351345003,1448.1175048276782,1169756.404918512,1169757.853036017,1211701533,True
convbench:403,1,True,1,0,1,0.0071680000983178616,0.010459916666150093,0.7363650947809219,45.473537407815456,579.536892939359,1533.6904120631516,2398.5039331018925,1169815.761504212,1169818.160008145,1578723353,True
convbench:404,1,True,1,0,1,0.008191999979317188,0.01167389564216137,0.5754348821938038,34.5471587497741,397.4132041912526,462.2337818145752,1052.7684087865055,1169846.291564891,1169847.3443333,1159269892,True
convbench:405,1,True,1,0,1,0.0071680000983178616,0.011587981134653091,0.5402229726314545,27.756011113524437,360.2773442398757,419.318585190922,952.009703963995,1169925.630028178,1169926.582037882,1054406338,True
convbench:406,1,True,1,0,1,0.006144000217318535,0.010427087545394897,0.5488230381160975,37.85523329861462,514.0530518256128,345.05506744608283,1125.9772540070117,1169982.872673283,1169983.998650537,1075379001,True
convbench:407,1,True,1,0,1,0.0071680000983178616,0.011076917871832848,0.6243840325623751,36.62859695032239,435.79492974095047,467.3424190841615,1124.935280997306,1170066.131653901,1170067.256589182,1264133196,True
convbench:408,1,True,1,0,1,0.0071680000983178616,0.011672964319586754,0.5226391367614269,33.604077296331525,435.6047173496336,410.0478398613632,1068.6631458811462,1170151.095515459,1170152.164178605,1001974782,True
convbench:409,1,True,1,0,1,0.0071680000983178616,0.010860851034522057,0.6023109890520573,35.34928383305669,400.8360274601728,1482.8320159576833,2079.4502650387585,1170296.011725032,1170298.091175297,1159269898,True
convbench:410,1,True,1,0,1,0.00684799998998642,0.010394956916570663,0.6038479041308165,31.11759852617979,431.8631496280432,528.6897639743984,1169.0851598978043,1170368.229646954,1170369.398732114,1159269888,True
convbench:411,1,True,1,0,1,0.0071680000983178616,0.011018011718988419,0.6528089288622141,38.92104187980294,434.1414808295667,437.1572348754853,1086.0627391375601,1170414.420271491,1170415.50633423,1264133195,True
convbench:412,1,True,1,0,1,0.008191999979317188,0.011023133993148804,0.6715240888297558,45.44382099993527,449.2816487327218,373.4872217755765,1050.3269149921834,1170496.150236987,1170497.200563902,1316564846,True
convbench:413,1,True,1,0,1,0.008191999979317188,0.011045951396226883,0.6398800760507584,38.00885286182165,502.5757011026144,858.8068070821464,1597.9334698058665,1170565.208344367,1170566.806277837,1316564846,True
convbench:414,1,True,1,0,1,0.0071680000983178616,0.010698102414608002,0.5874161142855883,32.8116815071553,421.48774885572493,495.52623904310167,1118.2671980932355,1170588.325228849,1170589.443496047,1159269887,True
convbench:415,1,True,1,0,1,0.0071680000983178616,0.01188996247947216,0.7714719977229834,44.86703034490347,539.8464067839086,500.6317743100226,1303.900697035715,1170613.784727915,1170615.088628612,1578723354,True
convbench:416,1,True,1,0,1,0.008191999979317188,0.010113930329680443,0.644416082650423,31.383350025862455,453.99870444089174,356.27965279854834,1026.7192090395838,1170687.810552529,1170688.837271738,1264133178,True
convbench:417,1,True,1,0,1,0.007296000141650438,0.010168878361582756,0.5864161066710949,34.74515932612121,404.1968798264861,439.32688632048666,1041.6945510078222,1170766.44759892,1170767.489293471,1159269879,True
convbench:418,1,True,1,0,1,0.0071680000983178616,0.01367391087114811,0.7818520534783602,51.643034210428596,546.9537707976997,421.5262816287577,1248.5240439418703,1170880.020228344,1170881.268752388,1578723334,True
convbench:419,1,True,1,0,1,0.0071680000983178616,0.01123407855629921,0.629170099273324,37.0571524836123,432.5844692066312,694.4558641407639,1335.500564891845,1170907.249783595,1170908.58528416,1264133440,True
convbench:420,1,True,1,0,1,0.0071680000983178616,0.010741176083683968,0.6331768818199635,45.43928545899689,443.49203910678625,522.2514998167753,1248.0744880158454,1170976.012543432,1170977.26061792,1264133275,True
convbench:421,1,True,1,0,1,0.006943999789655209,0.011193100363016129,0.5964119918644428,31.22071921825409,456.45418111234903,409.50110694393516,1081.9415720179677,1171015.350073392,1171016.432014964,1159269895,True
convbench:422,1,True,1,0,1,0.00723200011998415,0.010245013982057571,0.7773330435156822,41.22890322469175,514.1471412498504,419.2448097746819,1180.0233970861882,1171056.290312717,1171057.470336114,1526291699,True
convbench:423,1,True,1,0,1,0.007296000141650438,0.011610100045800209,0.7334910333156586,45.16869131475687,503.9046292658895,711.5372128318995,1485.417492222041,1171087.008603474,1171088.494020966,1473859792,True
convbench:424,1,True,1,0,1,0.0071680000983178616,0.01037190668284893,0.5513809155672789,32.90813718922436,382.614474510774,387.20340305007994,957.3138919658959,1171150.35595953,1171151.313273422,1106838235,True
convbench:425,1,True,1,0,1,0.008191999979317188,0.011044088751077652,0.6169229745864868,40.527625707909465,433.6952492594719,343.1564930360764,992.3859229311347,1171219.167250449,1171220.159636372,1264133287,True
convbench:426,1,True,1,0,1,0.0071680000983178616,0.010733958333730698,0.6387371104210615,39.04136945493519,439.6734193433076,452.82432017847896,1108.0758599564433,1171261.538473289,1171262.646549149,1264133185,True
convbench:427,1,True,1,0,1,0.0071680000983178616,0.011153984814882278,0.6132631096988916,33.41638017445803,462.7962652593851,381.66987081058323,1069.7610429488122,1171314.440863973,1171315.510625016,1276716748,True
convbench:428,1,True,1,0,1,0.0071680000983178616,0.010394956916570663,0.7486690301448107,51.086071645841,554.4560006819665,836.7519157472998,1663.124617189169,1171366.824509672,1171368.487634289,1528388904,True
convbench:429,1,True,1,0,1,0.0071680000983178616,0.010075047612190247,0.6437520496547222,40.62936967238784,472.9384798556566,824.6636451222003,1529.0412378963083,1171456.451284847,1171457.980326085,1264133193,True
convbench:430,1,True,1,0,1,0.0071680000983178616,0.0121330376714468,0.5227639339864254,28.52486609481275,353.8736884947866,391.27795211970806,915.539249079302,1171510.704931048,1171511.620470297,1001974685,True
convbench:431,1,True,1,0,1,0.0071680000983178616,0.009889015927910805,0.6060260348021984,34.11251190118492,418.6262236908078,372.45226581580937,997.6197672076523,1171546.959988525,1171547.957608292,1211701544,True
convbench:432,1,True,1,0,1,0.0071680000983178616,0.010553980246186256,0.49286498688161373,23.35341554135084,341.84270817786455,370.5214890651405,873.3661910519004,1171617.625844149,1171618.49921034,974710257,True
convbench:433,1,True,1,0,1,0.008191999979317188,0.010441988706588745,0.645805848762393,39.664685958996415,435.69100252352655,565.4911668971181,1220.4970750026405,1171696.52074742,1171697.741244495,1264133170,True
convbench:434,1,True,1,0,1,0.0071680000983178616,0.010846182703971863,0.41317217983305454,18.193839117884636,263.0671551451087,278.56884617358446,670.8240339066833,1171745.405979831,1171746.076803865,748205302,True
convbench:435,1,True,1,0,1,0.0071680000983178616,0.010636867955327034,0.6305570714175701,42.19403816387057,462.1609596069902,346.4775159955025,1049.1199330426753,1171843.03870077,1171844.087820703,1264133196,True
convbench:436,1,True,1,0,1,0.007360000163316727,0.011136988177895546,0.527454074472189,33.72289636172354,546.8264927621931,1056.163095869124,1851.9248100928962,1171909.900295123,1171911.752219933,1001974768,True
convbench:437,1,True,1,0,1,0.0071680000983178616,0.010381918400526047,0.6523448973894119,35.64044856466353,483.8558577466756,468.5068470425904,1185.7352710794657,1172021.336821026,1172022.522556297,1327051177,True
convbench:438,1,True,1,0,1,0.0071680000983178616,0.01012999564409256,0.6035678088665009,37.96299500390887,416.7456573341042,484.5242169685662,1152.5797608774155,1172093.555249738,1172094.707829499,1159269879,True
convbench:439,1,True,1,0,1,0.007071999832987785,0.010393094271421432,0.5942920688539743,31.952722230926156,403.83989131078124,387.7188318874687,985.1045901887119,1172178.906280744,1172179.891385334,1176047881,True
convbench:440,1,True,1,0,1,0.006783999968320131,0.010991934686899185,0.7159390952438116,44.2210054025054,472.9136482346803,1480.1585061941296,2192.2417669557035,1172236.605741566,1172238.797983333,1377385624,True
convbench:441,1,True,1,0,1,0.0072639998979866505,0.010533025488257408,0.572992954403162,33.35343347862363,400.77422210015357,854.5988409314305,1449.0914060734212,1172269.872130695,1172271.321222101,1159269885,True
convbench:442,1,True,1,0,1,0.0072639998979866505,0.010342104360461235,0.6124840583652258,33.31318171694875,473.4120874200016,466.6219628416002,1166.843080893159,1172319.730901089,1172320.89774417,1276716742,True
convbench:443,1,True,1,0,1,0.0071680000983178616,0.011536059901118279,0.735060079023242,44.86118908971548,539.0302615705878,461.20994817465544,1257.230737945065,1172361.352434613,1172362.609665351,1578723336,True
convbench:444,1,True,1,0,1,0.0071680000983178616,0.0110650435090065,0.6612429860979319,45.14032183215022,501.09661277383566,506.7709858994931,1264.7661708761007,1172404.200405834,1172405.465172005,1264133177,True
convbench:445,1,True,1,0,1,0.008191999979317188,0.010908115655183792,0.5669149104505777,37.407723953947425,530.9297977946699,446.70928083360195,1242.3801850527525,1172476.141467131,1172477.383847316,1106838233,True
convbench:446,1,True,1,0,1,0.0074880002066493034,0.010733027011156082,0.5649779923260212,33.06471114046872,381.13232189789414,468.00963627174497,1033.8729349896312,1172530.049999488,1172531.083872423,1075379019,True
convbench:447,1,True,1,0,1,0.0071680000983178616,0.014516059309244156,0.4491729196161032,26.18117816746235,391.39850717037916,396.02525089867413,987.2164709959179,1172578.519044173,1172579.506260644,798539757,True
convbench:448,1,True,1,0,1,0.0071680000983178616,0.010458985343575478,0.66513498313725,39.701434317976236,435.07740972563624,430.85601879283786,1080.4741100873798,1172629.313594806,1172630.394068916,1264133197,True
convbench:449,1,True,1,0,1,0.0071680000983178616,0.011868076398968697,0.7685299497097731,47.3803267814219,615.3670700732619,909.276659367606,1819.510089000687,1172656.60090515,1172658.420415239,1578723345,True
convbench:450,1,True,1,0,1,0.0071680000983178616,0.012042932212352753,0.6001738365739584,33.03090389817953,400.272773578763,498.35145892575383,1093.5178459621966,1172706.654290629,1172707.747808475,1159269877,True
convbench:451,1,True,1,0,1,0.0071680000983178616,0.010298099368810654,0.6355680525302887,39.369829231873155,433.7830231525004,420.321858022362,1077.651719097048,1172742.670863159,1172743.748514878,1264133186,True
convbench:452,1,True,1,0,1,0.007903999648988247,0.010091811418533325,0.5065829027444124,24.26942461170256,339.35531228780746,822.787296725437,1323.7661379389465,1172794.708305097,1172796.032071235,974710145,True
convbench:453,1,True,1,0,1,0.008031999692320824,0.0106890220195055,0.6418919656425714,33.813063986599445,434.97706204652786,1004.2749268468469,1647.2860320936888,1172855.965123203,1172857.612409235,1264133178,True
convbench:454,1,True,1,0,1,0.0071680000983178616,0.010686926543712616,0.5024669226258993,34.39629264175892,490.80817797221243,433.52557509206235,1172.2232140600681,1172902.483303569,1172903.655526783,1001974675,True
convbench:455,1,True,1,0,1,0.00684799998998642,0.01116492785513401,0.6168668624013662,41.773607255890965,435.14675716869533,383.47031152807176,1046.2615760043263,1172949.731849876,1172950.778111452,1264133269,True
convbench:456,1,True,1,0,1,0.006783999968320131,0.0103700440376997,0.6148000247776508,36.045131739228964,440.7639345154166,823.9413180854172,1475.7749708369374,1173016.209474401,1173017.685249372,1211701642,True
convbench:457,1,True,1,0,1,0.0074880002066493034,0.010597053915262222,0.6332320626825094,40.79808131791651,436.9169243145734,442.1014869585633,1100.9303859900683,1173074.649438419,1173075.750368805,1264133181,True
convbench:458,1,True,1,0,1,0.007040000054985285,0.010606134310364723,0.6215039175003767,36.465252516791224,436.1495899502188,481.22640000656247,1129.565498093143,1173127.709247143,1173128.838812641,1264133275,True
convbench:459,1,True,1,0,1,0.0071680000983178616,0.010224990546703339,0.6602038629353046,42.434926610440016,483.6346125230193,315.34131127409637,1041.5541979018599,1173174.769617537,1173175.811171735,1316564848,True
convbench:460,1,True,1,0,1,0.0071680000983178616,0.009354902431368828,0.6334171630442142,32.84117206931114,403.2750411424786,338.1491848267615,940.127091947943,1173235.580975084,1173236.521102176,1176047891,True
convbench:461,1,True,1,0,1,0.008191999979317188,0.010341871529817581,0.3353608772158623,15.130886808037758,221.26288525760174,378.2006739638746,703.1933770049363,1173277.935719929,1173278.638913306,622369216,True
convbench:462,1,True,1,0,1,0.006816000211983919,0.01154094934463501,0.5649111699312925,33.47176476381719,445.8863576874137,453.35935102775693,1119.298494886607,1173341.387581685,1173342.50688018,1159269901,True
convbench:463,1,True,1,0,1,0.007104000076651573,0.010297168046236038,0.5726988893002272,29.6481573022902,399.21643515117466,371.56091071665287,961.8285670876503,1173387.52899168,1173388.490820247,1159269894,True
convbench:464,1,True,1,0,1,0.0071680000983178616,0.00978400930762291,0.42229797691106796,16.129351686686277,262.19912921078503,260.66677598282695,643.1767449248582,1173437.905993805,1173438.54917055,748205302,True
convbench:465,1,True,1,0,1,0.007040000054985285,0.011456897482275963,0.7792958058416843,56.193622993305326,590.6133151147515,562.4127988703549,1449.0483200643212,1173501.112329467,1173502.561377787,1578723349,True
convbench:466,1,True,1,0,1,0.0071680000983178616,0.011106021702289581,0.6389238405972719,33.783950842916965,433.44099749810994,563.5920353233814,1205.2366968709975,1173530.905177276,1173532.110413973,1264133180,True
convbench:467,1,True,1,0,1,0.0071680000983178616,0.01051090657711029,0.614816090092063,30.48505657352507,430.21348817273974,651.48720680736,1284.508000826463,1173586.000660401,1173587.285168402,1159269886,True
convbench:468,1,True,1,0,1,0.0071680000983178616,0.010124873369932175,0.781120965257287,55.967801017686725,553.8667722139508,517.4447938334197,1373.0936080683023,1173633.626146202,1173634.99923981,1578723342,True
convbench:469,1,True,1,0,1,0.007391999941319227,0.010899966582655907,0.6338739767670631,31.82956436648965,430.49566890113056,398.12646713107824,1032.5337750837207,1173679.926790271,1173680.959324046,1264133191,True
convbench:470,1,True,1,0,1,0.008191999979317188,0.010796822607517242,0.6297079380601645,32.42144011892378,417.71960142068565,886.1102487426251,1501.0343079920858,1173736.122482295,1173737.623516603,1211701525,True
convbench:471,1,True,1,0,1,0.0071680000983178616,0.011526048183441162,0.6896990817040205,35.66335909999907,447.9400343261659,446.21755415573716,1107.66522702761,1173791.631931874,1173792.739597101,1316564861,True
convbench:472,1,True,1,0,1,0.007455999962985516,0.010869000107049942,0.5857811775058508,32.44574507698417,406.92684473469853,674.8485276475549,1277.634893078357,1173851.03934121,1173852.316976103,1176047888,True
convbench:473,1,True,1,0,1,0.0071680000983178616,0.010679941624403,0.6339920219033957,33.36659632623196,432.09606828168035,553.9741439279169,1192.8342259489,1173899.212413469,1173900.405247695,1264133173,True
convbench:474,1,True,1,0,1,0.0071680000983178616,0.010387040674686432,0.5826319102197886,39.114261977374554,534.059587167576,394.73416400142014,1201.6231650486588,1173923.848113966,1173925.049737131,1106838263,True
convbench:475,1,True,1,0,1,0.0071680000983178616,0.02321903593838215,0.5772251170128584,34.6513397525996,443.7988579738885,614.2043857835233,1277.5438730604947,1173968.990076728,1173970.267620601,1159269901,True
convbench:476,1,True,1,0,1,0.008191999979317188,0.00995607115328312,0.6402239669114351,36.26494249328971,450.5733528640121,619.9789808597416,1303.5760410130024,1174015.048061926,1174016.351637967,1316564843,True
convbench:477,1,True,1,0,1,0.0071680000983178616,0.011240830644965172,0.7689939811825752,52.189809968695045,541.8857678305358,555.4007340688258,1371.423196978867,1174051.109164154,1174052.480587351,1578723350,True
convbench:478,1,True,1,0,1,0.007455999962985516,0.010104849934577942,0.6052579265087843,32.330983551219106,400.97822342067957,712.2443937696517,1306.8602529820055,1174104.097679176,1174105.404539429,1159269904,True
convbench:479,1,True,1,0,1,0.007199999876320362,0.010906951501965523,0.5967109464108944,35.898759262636304,421.23414063826203,1385.1813590154052,2009.4187939539552,1174158.832881213,1174160.842300007,1211701545,True
convbench:480,1,True,1,0,1,0.0071680000983178616,0.01179310493171215,0.5777650512754917,32.11177769117057,424.118589842692,472.2716191317886,1101.2337361462414,1174194.734083854,1174195.83531759,1159269893,True
convbench:481,1,True,1,0,1,0.0071680000983178616,0.010560033842921257,0.6208599079400301,31.219536904245615,433.8106564246118,534.2889607418329,1173.980982042849,1174241.842209985,1174243.016190967,1264133205,True
convbench:482,1,True,1,0,1,0.007552000228315592,0.01065107062458992,0.6315310019999743,34.13101704791188,413.1021946668625,333.0872969236225,949.5845609344542,1174324.162333334,1174325.111917895,1159269892,True
convbench:483,1,True,1,0,1,0.007840000092983246,0.010517891496419907,0.7570749148726463,57.17745004221797,576.6007204074413,1533.0777110066265,2432.6543770730495,1174375.33786194,1174377.770516317,1578723442,True
convbench:484,1,True,1,0,1,0.0071680000983178616,0.011051073670387268,0.5980841815471649,29.27812351845205,402.38358452916145,774.9637470114976,1366.7707010172307,1174439.570138746,1174440.936909447,1159269907,True
convbench:485,1,True,1,0,1,0.0080960001796484,0.01065712422132492,0.5387449637055397,32.110211439430714,363.680204609409,390.65946731716394,935.6380798853934,1174499.229759298,1174500.165397378,1054406304,True
convbench:486,1,True,1,0,1,0.007360000163316727,0.011333031579852104,0.6416200194507837,31.938374042510986,447.7419324684888,355.009906925261,1013.6722398456186,1174574.659990644,1174575.673662884,1264133191,True
convbench:487,1,True,1,0,1,0.007391999941319227,0.010587042197585106,0.7576760835945606,56.88406224362552,557.194309309125,455.7073328178376,1308.414357015863,1174632.209397374,1174633.517811731,1578723338,True
convbench:488,1,True,1,0,1,0.007360000163316727,0.010594958439469337,0.5985589232295752,36.25579737126827,475.17642471939325,439.25371998921037,1151.0406190063804,1174712.065209176,1174713.216249795,1159269905,True
convbench:489,1,True,1,0,1,0.008191999979317188,0.011242926120758057,0.5450169555842876,32.86530845798552,385.58643334545195,450.52919210866094,1024.0610940381885,1174790.96387539,1174791.987936484,1106838236,True
convbench:490,1,True,1,0,1,0.007007999811321497,0.01123291440308094,0.5880568642169237,28.183558490127325,398.5015058424324,369.06528985127807,959.8236978054047,1174881.58224336,1174882.542067058,1159269892,True
convbench:491,1,True,1,0,1,0.0074880002066493034,0.01116911880671978,0.6001251749694347,30.294785043224692,397.74067141115665,363.698021043092,951.0607670526952,1174923.047889607,1174923.998950374,1159269890,True
convbench:492,1,True,1,0,1,0.0071680000983178616,0.010885065421462059,0.5469052121043205,28.26553932391107,395.09784686379135,429.76174294017255,1020.9007759112865,1175013.366079569,1175014.386980345,1075379125,True
convbench:493,1,True,1,0,1,0.007584000006318092,0.01161801628768444,0.7265580352395773,47.06190968863666,518.78053531982,458.0198780167848,1279.6191850211471,1175040.348079095,1175041.62769828,1478054472,True
convbench:494,1,True,1,0,1,0.0071680000983178616,0.011467142030596733,0.7667760364711285,57.51849967055023,544.8683449067175,576.8380709923804,1410.021894844249,1175182.787881225,1175184.19790312,1578723341,True
convbench:495,1,True,1,0,1,0.0071680000983178616,0.01051509752869606,0.7055290043354034,49.44705334492028,488.7868552468717,381.0979549307376,1132.4486879166216,1175251.803992372,1175252.93644106,1421428145,True
convbench:496,1,True,1,0,1,0.007519999984651804,0.010746065527200699,0.6391000933945179,35.93134065158665,485.4413871653378,477.9313311446458,1199.0372908767313,1175291.252511756,1175292.451549047,1264133192,True
convbench:497,1,True,1,0,1,0.0071680000983178616,0.011211028322577477,0.6281838286668062,35.60887207277119,428.18686505779624,414.1682251356542,1052.0445802249014,1175318.351081289,1175319.403125869,1226382325,True
convbench:498,1,True,1,0,1,0.0071680000983178616,0.010476913303136826,0.5737540777772665,28.372756903991103,396.3369515258819,338.01573188975453,921.6390519868582,1175387.445148711,1175388.366787763,1159269889,True
convbench:499,1,True,1,0,1,0.00723200011998415,0.010692048817873001,0.6493409164249897,31.720683677121997,428.47479810006917,327.98827183432877,959.879312897101,1175434.954058621,1175435.913937934,1264133193,True
convbench:500,1,True,1,0,1,0.0071680000983178616,0.011662021279335022,0.6534031126648188,33.63552666269243,451.38509618118405,846.4326469693333,1510.8070930000395,1175486.900565561,1175488.411372654,1264133194,True
convbench:501,1,True,1,0,1,0.0071680000983178616,0.011156080290675163,0.6329549942165613,33.53724000044167,459.2048760969192,453.22239282540977,1133.067844901234,1175575.346454394,1175576.479522239,1276716756,True
convbench:502,1,True,1,0,1,0.006912000011652708,0.010513002052903175,0.5935770459473133,28.30067602917552,409.10131088458,356.3904401380569,955.5610620882362,1175627.211080662,1175628.166641724,1176047883,True
convbench:503,1,True,1,0,1,0.007584000006318092,0.016434816643595695,0.6329859606921673,31.49774856865406,429.33911457657814,525.7924497127533,1157.5556790921837,1175683.42992747,1175684.587483149,1264133190,True
convbench:504,1,True,1,0,1,0.007455999962985516,0.010485993698239326,0.6169830448925495,30.59711097739637,418.84392965584993,426.69653077609837,1041.808299953118,1175767.415493108,1175768.457301408,1211701561,True
convbench:505,1,True,1,0,1,0.0072639998979866505,0.011001946404576302,0.6380968261510134,30.667867744341493,430.6803902145475,480.50363827496767,1112.9003188107163,1175817.500798189,1175818.613698508,1264133181,True
convbench:506,1,True,1,0,1,0.0071680000983178616,0.010503921657800674,0.619024969637394,29.127488611266017,404.1660847142339,377.0125200971961,970.4318719450384,1175866.742538891,1175867.712970763,1176047904,True
convbench:507,1,True,1,0,1,0.0071680000983178616,0.010485062375664711,0.5940780974924564,26.698641246184707,404.43598479032516,336.04204491712153,929.3592157773674,1175903.419388916,1175904.348748132,1176047890,True
convbench:508,1,True,1,0,1,0.007071999832987785,0.010200077667832375,0.5726690869778395,28.327588690444827,393.4229409787804,458.440343150869,1039.4179108552635,1175948.165499618,1175949.204917529,1125713444,True
convbench:509,1,True,1,0,1,0.007968000136315823,0.010750023648142815,0.5350979045033455,28.893272625282407,365.54816574789584,620.9656891878694,1161.5479639731348,1176015.620620835,1176016.782168799,1054406347,True
convbench:510,1,True,1,0,1,0.00723200011998415,0.010377028957009315,0.6376318633556366,29.509535524994135,434.9373090080917,688.5564178228378,1335.3941661771387,1176088.268621337,1176089.604015503,1276716741,True
convbench:511,1,True,1,0,1,0.007199999876320362,0.010994961485266685,0.6096898578107357,30.04127461463213,384.0928461868316,352.9843126889318,918.7430490273982,1176111.794669828,1176112.713412877,1106838240,True
convbench:512,1,True,1,0,1,0.0071680000983178616,0.01154700294137001,0.5854510236531496,27.275757864117622,401.52606274932623,355.9706711675972,940.6216631177813,1176158.193441035,1176159.134062698,1159269999,True
convbench:513,1,True,1,0,1,0.008191999979317188,0.011117896065115929,0.5742749199271202,37.41967282257974,403.60751701518893,315.3474072460085,964.6131538320333,1176233.205978685,1176234.170591839,1176047888,True
convbench:514,1,True,1,0,1,0.00684799998998642,0.010607996955513954,0.6017200648784637,29.94997752830386,419.02527562342584,858.9031798765063,1477.2578419651836,1176314.727016706,1176316.204274548,1159269894,True
convbench:515,1,True,1,0,1,0.0071680000983178616,0.011168885976076126,0.6286511197686195,32.202355563640594,429.25582942552865,467.68538816832006,1099.906868999824,1176370.268407852,1176371.368314721,1264133194,True
convbench:516,1,True,1,0,1,0.007935999892652035,0.010730931535363197,0.6069259252399206,34.66136078350246,464.08338006585836,566.4623139891773,1249.8177639208734,1176400.008318091,1176401.258135855,1264133196,True
convbench:517,1,True,1,0,1,0.0071680000983178616,0.011142110452055931,0.620346050709486,38.95699395798147,533.5262229200453,375.8406995330006,1178.0563860666007,1176464.791983516,1176465.970039902,1159269899,True
convbench:518,1,True,1,0,1,0.008191999979317188,0.011556083336472511,0.6353450007736683,31.454914016649127,429.05041156336665,960.2254198398441,1595.6012960523367,1176488.391467829,1176489.987069125,1264133196,True
convbench:519,1,True,1,0,1,0.008287999778985977,0.010345829650759697,0.5376678891479969,24.371733190491796,349.06552312895656,497.5678117480129,1011.7710749618709,1176530.058024882,1176531.069795957,1001974668,True
convbench:520,1,True,1,0,1,0.0071680000983178616,0.010759104043245316,0.5976827815175056,28.179516782984138,395.6099762581289,372.88427469320595,954.6960007864982,1176587.397488756,1176588.352184757,1159269885,True
convbench:521,1,True,1,0,1,0.0071680000983178616,0.0103700440376997,0.6064148619771004,35.59901681728661,446.5987307485193,234.82935479842126,909.3630039133132,1176641.771558646,1176642.68092165,1264133192,True
convbench:522,1,True,1,0,1,0.007296000141650438,0.011315103620290756,0.5752069409936666,30.838871141895652,405.3749218583107,396.85213193297386,999.7757701203227,1176686.689180916,1176687.688956686,1176047890,True
convbench:523,1,True,1,0,1,0.0071680000983178616,0.0109898392111063,0.5950927734375,27.908554999157786,402.0229787565768,555.9241329319775,1146.5910871047527,1176747.530624349,1176748.677215436,1159269884,True
convbench:524,1,True,1,0,1,0.0071680000983178616,0.011181924492120743,0.6091529503464699,33.507072599604726,464.5159188657999,423.18346234969795,1111.3054018933326,1176784.569741185,1176785.681046587,1159269886,True
convbench:525,1,True,1,0,1,0.0071680000983178616,0.010643154382705688,0.6434170063585043,33.0674909055233,434.169945307076,480.7624153327197,1122.0860809553415,1176816.886558731,1176818.008644812,1264133180,True
convbench:526,1,True,1,0,1,0.0071680000983178616,0.010594958439469337,0.5667489022016525,30.072755413129926,409.09081883728504,594.3207170348614,1192.9187590721995,1176851.769583103,1176852.962501862,1176047897,True
convbench:527,1,True,1,0,1,0.0071680000983178616,0.011103926226496696,0.6103790365159512,30.27823637239635,435.0828982423991,428.12241706997156,1069.2269790451974,1176910.504795714,1176911.574022693,1264133209,True
convbench:528,1,True,1,0,1,0.0080960001796484,0.01082499511539936,0.642877072095871,38.96254044957459,438.61220218241215,393.74016015790403,1073.012497043237,1176987.486670431,1176988.559682928,1276716735,True
convbench:529,1,True,1,0,1,0.010944000445306301,0.010743970051407814,0.5932899657636881,36.65327886119485,471.840888960287,360.11624289676547,1069.2509550135583,1177039.310066202,1177040.379317157,1159269901,True
convbench:530,1,True,1,0,1,0.007872000336647034,0.010462012141942978,0.5748379044234753,29.60368013009429,410.4938644450158,640.5510022304952,1239.492200082168,1177099.641042823,1177100.880535023,1176047887,True
convbench:531,1,True,1,0,1,0.0072639998979866505,0.010156072676181793,0.44867582619190216,25.959673803299665,431.40563974156976,315.14830561354756,948.6251000780612,1177137.062116525,1177138.010741625,792248082,True
convbench:532,1,True,1,0,1,0.0071680000983178616,0.01013115979731083,0.6233379244804382,32.523092813789845,438.49172070622444,772.0395158976316,1416.5548069868237,1177211.621694348,1177213.038249155,1276716742,True
convbench:533,1,True,1,0,1,0.007807999849319458,0.011182855814695358,0.6521949544548988,31.688795424997807,438.20238509215415,437.8424452152103,1081.9310070946813,1177285.851779497,1177286.933710504,1264133177,True
convbench:534,1,True,1,0,1,0.008191999979317188,0.010594958439469337,0.6155939772725105,34.373525297269225,468.2060368359089,584.3557200860232,1277.3188538849354,1177374.975622314,1177376.252941168,1264133182,True
convbench:535,1,True,1,0,1,0.007071999832987785,0.010611023753881454,0.732142012566328,58.842951664701104,533.3952037617564,443.7489628326148,1267.0500581152737,1177456.521437961,1177457.788488019,1526291701,True
convbench:536,1,True,1,0,1,0.006144000217318535,0.010574935004115105,0.5943228024989367,32.67018776386976,405.2462081890553,816.0275078844279,1417.6894719712436,1177511.509138288,1177512.92682776,1176047878,True
convbench:537,1,True,1,0,1,0.0071680000983178616,0.010943040251731873,0.6179250776767731,30.631497967988253,429.8959607258439,652.3768517654389,1282.4033540673554,1177548.391113658,1177549.673517012,1264133179,True
convbench:538,1,True,1,0,1,0.008191999979317188,0.010680872946977615,0.5900259129703045,37.29175846092403,434.1377108357847,418.59791008755565,1082.7397059183568,1177613.895765861,1177614.978505567,1159270016,True
convbench:539,1,True,1,0,1,0.0071680000983178616,0.009807059541344643,0.6495730485767126,34.34207173995674,455.5419145617634,391.4725121576339,1070.0401968788356,1177653.496320937,1177654.566361134,1316564856,True
convbench:540,1,True,1,0,1,0.0071680000983178616,0.00985502265393734,0.577813945710659,28.33142876625061,389.6176400594413,381.8631209433079,954.1698389220983,1177707.068040536,1177708.022210375,1125713536,True
convbench:541,1,True,1,0,1,0.0071680000983178616,0.010828021913766861,0.6333161145448685,34.817124949768186,433.23586927726865,433.2370259799063,1073.8656108733267,1177750.123400455,1177751.197266066,1264133188,True
convbench:542,1,True,1,0,1,0.0071680000983178616,0.010902062058448792,0.5716627929359674,32.003140076994896,446.51741720736027,320.4545918852091,981.5375118050724,1177810.865117527,1177811.846655039,1106838249,True
convbench:543,1,True,1,0,1,0.0071680000983178616,0.011102994903922081,0.6457080598920584,32.28268097154796,430.39032933302224,615.2781846467406,1255.5846159812063,1177844.946523132,1177846.202107748,1264133199,True
convbench:544,1,True,1,0,1,0.0071680000983178616,0.009658047929406166,0.6030199583619833,29.99338135123253,400.27324110269547,444.94447601027787,1035.4124209843576,1177899.496416516,1177900.531828937,1159269893,True
convbench:545,1,True,1,0,1,0.006912000011652708,0.0109898392111063,0.7786690257489681,59.10209333524108,552.4023720063269,369.49074012227356,1214.727969141677,1178007.476420241,1178008.69114821,1578723336,True
convbench:546,1,True,1,0,1,0.0071680000983178616,0.010353978723287582,0.6452919915318489,34.82280345633626,457.34807406552136,410.41967808268964,1092.7315191365778,1178079.275139798,1178080.367871317,1316564838,True
convbench:547,1,True,1,0,1,0.0071680000983178616,0.01126597635447979,0.5287888925522566,31.874214997515082,427.7059973683208,1160.1512590423226,1805.3734828718007,1178130.88694886,1178132.692322343,1075379009,True
convbench:548,1,True,1,0,1,0.008191999979317188,0.010328833013772964,0.6239020731300116,41.36741766706109,458.20800797082484,528.3788291271776,1222.7666759863496,1178162.635407154,1178163.85817383,1264133194,True
convbench:549,1,True,1,0,1,0.0071680000983178616,0.010891817510128021,0.6036648992449045,30.898342607542872,403.12158269807696,1349.6999491471797,1943.788736127317,1178199.997529072,1178201.941317808,1176047893,True
convbench:550,1,True,1,0,1,0.008191999979317188,0.010463874787092209,0.6096858996897936,36.019834922626615,464.06294009648263,450.5864542443305,1138.1626701913774,1178253.842024037,1178254.980186707,1264133183,True
convbench:551,1,True,1,0,1,0.0071680000983178616,0.010280171409249306,0.6014690734446049,31.79597738198936,397.87916792556643,350.4963049199432,940.4077569488436,1178329.018254179,1178329.958661936,1159269880,True
convbench:552,1,True,1,0,1,0.0071680000983178616,0.01044105738401413,0.5983470473438501,30.396711081266403,399.4492352940142,355.0411749165505,944.3654830101877,1178385.365207123,1178386.309572606,1159269895,True
convbench:553,1,True,1,0,1,0.0071680000983178616,0.010437099263072014,0.6356840021908283,39.64227670803666,448.08500609360635,396.62387408316135,1069.3384241312742,1178447.296653725,1178448.365992149,1264133183,True
convbench:554,1,True,1,0,1,0.00723200011998415,0.010465038940310478,0.6325200665742159,44.418365927413106,499.53430239111185,338.28524500131607,1091.0390131175518,1178495.758301115,1178496.849340128,1264133176,True
convbench:555,1,True,1,0,1,0.0071680000983178616,0.011088093742728233,0.6488941144198179,39.83755246736109,436.61354039795697,645.5000520218164,1308.209874900058,1178552.660495798,1178553.968705673,1276716747,True
convbench:556,1,True,1,0,1,0.0071680000983178616,0.009976094588637352,0.583424000069499,39.9414817802608,534.4057988841087,685.7378920540214,1489.529439015314,1178606.461586006,1178607.951115445,1159269899,True
convbench:557,1,True,1,0,1,0.008191999979317188,0.010570976883172989,0.5326289683580399,28.767957352101803,366.11114791594446,383.6335476953536,925.5399920511991,1178660.141620198,1178661.06716019,1054406325,True
convbench:558,1,True,1,0,1,0.007424000184983015,0.010591931641101837,0.6350679323077202,42.033560341224074,503.15259769558907,370.62279181554914,1118.8681239727885,1178709.253783388,1178710.372651512,1264133203,True
convbench:559,1,True,1,0,1,0.0071680000983178616,0.010828953236341476,0.6181190256029367,31.308390200138092,433.1608540378511,593.0230657104403,1228.2012139912695,1178753.361597083,1178754.589798297,1264133195,True
convbench:560,1,True,1,0,1,0.0071680000983178616,0.010499963536858559,0.6129301618784666,36.31086810491979,437.4702828936279,688.8758942950517,1339.2513561993837,1178806.114014455,1178807.453265811,1276716753,True
convbench:561,1,True,1,0,1,0.0072639998979866505,0.01147715374827385,0.6560059264302254,46.811613254249096,476.9615833647549,452.70738983526826,1189.9552028626204,1178878.069934538,1178879.259889741,1327051196,True
convbench:562,1,True,1,0,1,0.00800000037997961,0.010828953236341476,0.6119678728282452,35.38523381575942,435.17244094982743,364.5850280299783,1014.9646599311382,1178955.317103055,1178956.332067715,1264133190,True
convbench:563,1,True,1,0,1,0.0071680000983178616,0.010612886399030685,0.6360041443258524,31.22054017148912,442.78866378590465,332.7781280968338,984.8455679602921,1179031.798015122,1179032.78286069,1276716764,True
convbench:564,1,True,1,0,1,0.0071680000983178616,0.010155141353607178,0.5802807863801718,31.417436432093382,400.6893918849528,843.0285737849772,1435.2314008865505,1179057.203225596,1179058.638456997,1176047878,True
convbench:565,1,True,1,0,1,0.0071680000983178616,0.010012881830334663,0.6405678577721119,35.46463488601148,467.17332769185305,733.8466900400817,1425.45034782961,1179120.091226451,1179121.516676799,1327051190,True
convbench:566,1,True,1,0,1,0.0071680000983178616,0.011236872524023056,0.5865530110895634,35.18500365316868,408.5912450682372,391.91926922649145,996.121542993933,1179188.164168507,1179189.16029005,1159269894,True
convbench:567,1,True,1,0,1,0.0071680000983178616,0.010827090591192245,0.6491448730230331,40.432649897411466,438.78433434292674,469.6733618620783,1128.4616140183061,1179230.435463148,1179231.563924762,1264133187,True
convbench:568,1,True,1,0,1,0.00800000037997961,0.010235002264380455,0.7514110766351223,57.417713571339846,551.8787880428135,722.6526529993862,1595.21953901276,1179279.194415778,1179280.789635317,1578723350,True
convbench:569,1,True,1,0,1,0.0071680000983178616,0.010255957022309303,0.5962359718978405,34.06384843401611,416.3663547951728,428.658212069422,1046.661657979712,1179354.435284187,1179355.481945845,1159269978,True
convbench:570,1,True,1,0,1,0.0074880002066493034,0.011048978194594383,0.626500928774476,33.776558469980955,403.73890404589474,404.54943641088903,1002.0000881049782,1179459.842530724,1179460.844530812,1159269888,True
convbench:571,1,True,1,0,1,0.0071680000983178616,0.01220707781612873,0.696422066539526,44.7121758479625,461.80053893476725,350.12604389339685,1049.0203690715134,1179544.868666896,1179545.917687265,1316564834,True
convbench:572,1,True,1,0,1,0.007455999962985516,0.010587973520159721,0.6538089364767075,40.464624064043164,437.5145770609379,644.650898873806,1300.5809639580548,1179602.026483464,1179603.327064428,1276716745,True
convbench:573,1,True,1,0,1,0.00723200011998415,0.010989140719175339,0.6850101053714752,47.548526199534535,469.0508679486811,886.74446195364,1639.4703211262822,1179667.262935581,1179668.902405902,1368996472,True
convbench:574,1,True,1,0,1,0.007807999849319458,0.010573072358965874,0.6676348857581615,44.82890246436,454.1198832448572,495.03722810186446,1208.0403249710798,1179702.345059866,1179703.553100191,1327051189,True
convbench:575,1,True,1,0,1,0.007455999962985516,0.010523945093154907,0.598452053964138,34.12340465001762,430.637531215325,363.100775051862,1005.6965930853039,1179763.132566972,1179764.138263565,1176047881,True
convbench:576,1,True,1,0,1,0.007104000076651573,0.010025221854448318,0.7594588678330183,44.363797176629305,548.8482823129743,622.5743349641562,1445.2936109155416,1179804.847192672,1179806.292486283,1578723340,True
convbench:577,1,True,1,0,1,0.007935999892652035,0.010465970262885094,0.5187129136174917,27.11800718680024,345.381821738556,392.4296118784696,906.8500390276313,1179889.017126817,1179889.923976856,1001974688,True
convbench:578,1,True,1,0,1,0.0071680000983178616,0.010443851351737976,0.6173080764710903,28.631759341806173,399.45360040292144,360.17866083420813,949.8092089779675,1179931.435833482,1179932.385642691,1159269884,True
