conversation_id,source_row_index,pixel_input_agreement,prompt_agreement,A1_text_agreement,first_token_agreement,generated_token_count_agreement,all_agree,ReComp_prompt_sha256,ReComp_A1_text_sha256,method_A1_hashes_json
convbench:1,0,True,True,True,True,True,True,13fb5da194c5ebd323e2df032fbe45bf60e008da945d091aa74087ca3889d901,1673dc446bcc191d473d08d56b2aedadfe86e39fe2d44b2f9672ac2a000dcba2,"{""FullLoad"": ""1673dc446bcc191d473d08d56b2aedadfe86e39fe2d44b2f9672ac2a000dcba2"", ""Prefix25"": ""1673dc446bcc191d473d08d56b2aedadfe86e39fe2d44b2f9672ac2a000dcba2"", ""Prefix45"": ""1673dc446bcc191d473d08d56b2aedadfe86e39fe2d44b2f9672ac2a000dcba2"", ""ReComp"": ""1673dc446bcc191d473d08d56b2aedadfe86e39fe2d44b2f9672ac2a000dcba2""}"
convbench:2,1,True,True,True,True,True,True,17475756ea4ef246305266fb5c1dcd3cdf112f6874657b9350b1ffe28b8d9464,0fff69c48b885a53fe90b3bf76968a78d577d6e3a32a3d641e1a9214b4cd5bc4,"{""FullLoad"": ""0fff69c48b885a53fe90b3bf76968a78d577d6e3a32a3d641e1a9214b4cd5bc4"", ""Prefix25"": ""0fff69c48b885a53fe90b3bf76968a78d577d6e3a32a3d641e1a9214b4cd5bc4"", ""Prefix45"": ""0fff69c48b885a53fe90b3bf76968a78d577d6e3a32a3d641e1a9214b4cd5bc4"", ""ReComp"": ""0fff69c48b885a53fe90b3bf76968a78d577d6e3a32a3d641e1a9214b4cd5bc4""}"
convbench:3,2,True,True,True,True,True,True,0a4c5ab26ea3a21a31b7159cfb115ebc29e95591c9b7c935e6c81df6b4777893,59b3232504f33ae5f0c84cc81a5d3b9216d9114591ad59de0727b68519f59c44,"{""FullLoad"": ""59b3232504f33ae5f0c84cc81a5d3b9216d9114591ad59de0727b68519f59c44"", ""Prefix25"": ""59b3232504f33ae5f0c84cc81a5d3b9216d9114591ad59de0727b68519f59c44"", ""Prefix45"": ""59b3232504f33ae5f0c84cc81a5d3b9216d9114591ad59de0727b68519f59c44"", ""ReComp"": ""59b3232504f33ae5f0c84cc81a5d3b9216d9114591ad59de0727b68519f59c44""}"
convbench:4,3,True,True,True,True,True,True,44f30e430c6700f7882350b0daba8f6e184b87f9ab9458f367c12f9619aed6a7,d20ff04d379e57a21a9f9809aa5bf4b5a05b58829e5e98561603027332a4ee70,"{""FullLoad"": ""d20ff04d379e57a21a9f9809aa5bf4b5a05b58829e5e98561603027332a4ee70"", ""Prefix25"": ""d20ff04d379e57a21a9f9809aa5bf4b5a05b58829e5e98561603027332a4ee70"", ""Prefix45"": ""d20ff04d379e57a21a9f9809aa5bf4b5a05b58829e5e98561603027332a4ee70"", ""ReComp"": ""d20ff04d379e57a21a9f9809aa5bf4b5a05b58829e5e98561603027332a4ee70""}"
convbench:5,4,True,True,True,True,True,True,e1b30c7a93eb9f889525704feaed77c8fa1ce3d04765f38879a95dc631e090af,5f466bb5f4fedf9a25459aca086936850c8f7f3088599b94bfb695b31bf08e71,"{""FullLoad"": ""5f466bb5f4fedf9a25459aca086936850c8f7f3088599b94bfb695b31bf08e71"", ""Prefix25"": ""5f466bb5f4fedf9a25459aca086936850c8f7f3088599b94bfb695b31bf08e71"", ""Prefix45"": ""5f466bb5f4fedf9a25459aca086936850c8f7f3088599b94bfb695b31bf08e71"", ""ReComp"": ""5f466bb5f4fedf9a25459aca086936850c8f7f3088599b94bfb695b31bf08e71""}"
convbench:6,5,True,True,True,True,True,True,5a31fdbd3e57a0000cbcf609c7274b85820ea8c7745fd0181c1522ff49b2499b,a58da6c0fecb1625ab59d0ba3f30a3d92eed512fe3e6cafca53c12c2a2824ef4,"{""FullLoad"": ""a58da6c0fecb1625ab59d0ba3f30a3d92eed512fe3e6cafca53c12c2a2824ef4"", ""Prefix25"": ""a58da6c0fecb1625ab59d0ba3f30a3d92eed512fe3e6cafca53c12c2a2824ef4"", ""Prefix45"": ""a58da6c0fecb1625ab59d0ba3f30a3d92eed512fe3e6cafca53c12c2a2824ef4"", ""ReComp"": ""a58da6c0fecb1625ab59d0ba3f30a3d92eed512fe3e6cafca53c12c2a2824ef4""}"
convbench:7,6,True,True,True,True,True,True,d5b14bf8939024e6ec613f1146871614516624ff832f9c5c43588c405178ea56,7b48bdac7bea641137bc63fb8b986d524fb897c58dd01d15768e7dccb0941dde,"{""FullLoad"": ""7b48bdac7bea641137bc63fb8b986d524fb897c58dd01d15768e7dccb0941dde"", ""Prefix25"": ""7b48bdac7bea641137bc63fb8b986d524fb897c58dd01d15768e7dccb0941dde"", ""Prefix45"": ""7b48bdac7bea641137bc63fb8b986d524fb897c58dd01d15768e7dccb0941dde"", ""ReComp"": ""7b48bdac7bea641137bc63fb8b986d524fb897c58dd01d15768e7dccb0941dde""}"
convbench:8,7,True,True,True,True,True,True,bba3dbd7254ea4fb97706467bcf76e9f455ca4b6e358963d36818f49afb3e151,12d880274f73a8368a389a0a9339a1d337479af30603562576cdd39b33cc1752,"{""FullLoad"": ""12d880274f73a8368a389a0a9339a1d337479af30603562576cdd39b33cc1752"", ""Prefix25"": ""12d880274f73a8368a389a0a9339a1d337479af30603562576cdd39b33cc1752"", ""Prefix45"": ""12d880274f73a8368a389a0a9339a1d337479af30603562576cdd39b33cc1752"", ""ReComp"": ""12d880274f73a8368a389a0a9339a1d337479af30603562576cdd39b33cc1752""}"
convbench:9,8,True,True,True,True,True,True,7f8be487e3557ec837c39946e5a256d557718bfbaa1c8039361e3816289b1c32,8e7efacafb4a80b2f94196ea9b949af34e06a5cb8e85a246e9c76515439316d4,"{""FullLoad"": ""8e7efacafb4a80b2f94196ea9b949af34e06a5cb8e85a246e9c76515439316d4"", ""Prefix25"": ""8e7efacafb4a80b2f94196ea9b949af34e06a5cb8e85a246e9c76515439316d4"", ""Prefix45"": ""8e7efacafb4a80b2f94196ea9b949af34e06a5cb8e85a246e9c76515439316d4"", ""ReComp"": ""8e7efacafb4a80b2f94196ea9b949af34e06a5cb8e85a246e9c76515439316d4""}"
convbench:10,9,True,True,True,True,True,True,2df3b79d61409932decc578f662ea4d2065084338999619d14b7b35cb04fe573,d1e7be03cf1ae40bf47d41099386d3afe1387ff9c07634f64e087e4938a00ece,"{""FullLoad"": ""d1e7be03cf1ae40bf47d41099386d3afe1387ff9c07634f64e087e4938a00ece"", ""Prefix25"": ""d1e7be03cf1ae40bf47d41099386d3afe1387ff9c07634f64e087e4938a00ece"", ""Prefix45"": ""d1e7be03cf1ae40bf47d41099386d3afe1387ff9c07634f64e087e4938a00ece"", ""ReComp"": ""d1e7be03cf1ae40bf47d41099386d3afe1387ff9c07634f64e087e4938a00ece""}"
convbench:11,10,True,True,True,True,True,True,23328f7144f9965c74bb903787a443561a0b718a2acf120d4b05adaa0350fae9,2b2dc5ca6801a6342e62319bc718ab0ac94fbd7631ef7149a9e89bc486fd8d62,"{""FullLoad"": ""2b2dc5ca6801a6342e62319bc718ab0ac94fbd7631ef7149a9e89bc486fd8d62"", ""Prefix25"": ""2b2dc5ca6801a6342e62319bc718ab0ac94fbd7631ef7149a9e89bc486fd8d62"", ""Prefix45"": ""2b2dc5ca6801a6342e62319bc718ab0ac94fbd7631ef7149a9e89bc486fd8d62"", ""ReComp"": ""2b2dc5ca6801a6342e62319bc718ab0ac94fbd7631ef7149a9e89bc486fd8d62""}"
convbench:12,11,True,True,True,True,True,True,123072a2a595e597077191f9a5df7d39e66838fb978243d9247e8e4dc2b0df6b,d5dc57d5695c001e6cde97ba6222a7403c8334619319b7479cd1263a9193c82f,"{""FullLoad"": ""d5dc57d5695c001e6cde97ba6222a7403c8334619319b7479cd1263a9193c82f"", ""Prefix25"": ""d5dc57d5695c001e6cde97ba6222a7403c8334619319b7479cd1263a9193c82f"", ""Prefix45"": ""d5dc57d5695c001e6cde97ba6222a7403c8334619319b7479cd1263a9193c82f"", ""ReComp"": ""d5dc57d5695c001e6cde97ba6222a7403c8334619319b7479cd1263a9193c82f""}"
convbench:13,12,True,True,True,True,True,True,436aebd43e00e0c1ae7d19ba736329896cbc6fbf70fc623d1501754617e68278,a41de72c8735f16bd2bf61f1342a3bb259cced98eeecbf40ae3c63f73e9662d2,"{""FullLoad"": ""a41de72c8735f16bd2bf61f1342a3bb259cced98eeecbf40ae3c63f73e9662d2"", ""Prefix25"": ""a41de72c8735f16bd2bf61f1342a3bb259cced98eeecbf40ae3c63f73e9662d2"", ""Prefix45"": ""a41de72c8735f16bd2bf61f1342a3bb259cced98eeecbf40ae3c63f73e9662d2"", ""ReComp"": ""a41de72c8735f16bd2bf61f1342a3bb259cced98eeecbf40ae3c63f73e9662d2""}"
convbench:14,13,True,True,True,True,True,True,b350819485759b1c2f411ea061b26b5f7ba3602e10ce729f14469a6612b937cc,dc299efba60d268d53d980c3ed86893b734dcea34e36caaac49ccb0bfe8cbfa9,"{""FullLoad"": ""dc299efba60d268d53d980c3ed86893b734dcea34e36caaac49ccb0bfe8cbfa9"", ""Prefix25"": ""dc299efba60d268d53d980c3ed86893b734dcea34e36caaac49ccb0bfe8cbfa9"", ""Prefix45"": ""dc299efba60d268d53d980c3ed86893b734dcea34e36caaac49ccb0bfe8cbfa9"", ""ReComp"": ""dc299efba60d268d53d980c3ed86893b734dcea34e36caaac49ccb0bfe8cbfa9""}"
convbench:15,14,True,True,True,True,True,True,2df3b79d61409932decc578f662ea4d2065084338999619d14b7b35cb04fe573,866531b26297a5e925dfb0eb328554007e26c6cc192fc41509140072df839460,"{""FullLoad"": ""866531b26297a5e925dfb0eb328554007e26c6cc192fc41509140072df839460"", ""Prefix25"": ""866531b26297a5e925dfb0eb328554007e26c6cc192fc41509140072df839460"", ""Prefix45"": ""866531b26297a5e925dfb0eb328554007e26c6cc192fc41509140072df839460"", ""ReComp"": ""866531b26297a5e925dfb0eb328554007e26c6cc192fc41509140072df839460""}"
convbench:16,15,True,True,True,True,True,True,4420e9b9885343df8214dfc8f5b8a097fec77b50f07c5ffb3cda3e55ada1fe34,f786aa5c7a1a2377d47822381a499cf64cd06c7a625da00d9890e84907f52dd6,"{""FullLoad"": ""f786aa5c7a1a2377d47822381a499cf64cd06c7a625da00d9890e84907f52dd6"", ""Prefix25"": ""f786aa5c7a1a2377d47822381a499cf64cd06c7a625da00d9890e84907f52dd6"", ""Prefix45"": ""f786aa5c7a1a2377d47822381a499cf64cd06c7a625da00d9890e84907f52dd6"", ""ReComp"": ""f786aa5c7a1a2377d47822381a499cf64cd06c7a625da00d9890e84907f52dd6""}"
convbench:17,16,True,True,True,True,True,True,8595476a0f3688f870be8edfa75bbca61139ad223b7c3277297c68084047b2a0,814b53cd73c2e70e7c70f06cd5db1af02aeb68b79316e2e2fbb86cbab4db934d,"{""FullLoad"": ""814b53cd73c2e70e7c70f06cd5db1af02aeb68b79316e2e2fbb86cbab4db934d"", ""Prefix25"": ""814b53cd73c2e70e7c70f06cd5db1af02aeb68b79316e2e2fbb86cbab4db934d"", ""Prefix45"": ""814b53cd73c2e70e7c70f06cd5db1af02aeb68b79316e2e2fbb86cbab4db934d"", ""ReComp"": ""814b53cd73c2e70e7c70f06cd5db1af02aeb68b79316e2e2fbb86cbab4db934d""}"
convbench:18,17,True,True,True,True,True,True,d63ed79cd560f94701d779cd7722f76e453f9c0716f6a1057edb39e15314307c,8f4438d72b1f036528fe7836cf52b4ee21e8eed5804759c450c9a3ab4be03bf0,"{""FullLoad"": ""8f4438d72b1f036528fe7836cf52b4ee21e8eed5804759c450c9a3ab4be03bf0"", ""Prefix25"": ""8f4438d72b1f036528fe7836cf52b4ee21e8eed5804759c450c9a3ab4be03bf0"", ""Prefix45"": ""8f4438d72b1f036528fe7836cf52b4ee21e8eed5804759c450c9a3ab4be03bf0"", ""ReComp"": ""8f4438d72b1f036528fe7836cf52b4ee21e8eed5804759c450c9a3ab4be03bf0""}"
convbench:19,18,True,True,True,True,True,True,2463247bcaee2e6105309df138c8c90b664e73b7d1c6107d07866ec528bc7416,4e1957739a67d34572bdb291a956502c40fcbb881625aaf014f0cff7d6022ca4,"{""FullLoad"": ""4e1957739a67d34572bdb291a956502c40fcbb881625aaf014f0cff7d6022ca4"", ""Prefix25"": ""4e1957739a67d34572bdb291a956502c40fcbb881625aaf014f0cff7d6022ca4"", ""Prefix45"": ""4e1957739a67d34572bdb291a956502c40fcbb881625aaf014f0cff7d6022ca4"", ""ReComp"": ""4e1957739a67d34572bdb291a956502c40fcbb881625aaf014f0cff7d6022ca4""}"
convbench:20,19,True,True,True,True,True,True,7720db2cb4f544f6df70d7cd3f9de9fa1e0bd4a55ad3f3d04fd5b44f10d85879,3972a1287d406468c2a36cc0f574855a60fa6b4d061c38c987ccb6700f6fcadc,"{""FullLoad"": ""3972a1287d406468c2a36cc0f574855a60fa6b4d061c38c987ccb6700f6fcadc"", ""Prefix25"": ""3972a1287d406468c2a36cc0f574855a60fa6b4d061c38c987ccb6700f6fcadc"", ""Prefix45"": ""3972a1287d406468c2a36cc0f574855a60fa6b4d061c38c987ccb6700f6fcadc"", ""ReComp"": ""3972a1287d406468c2a36cc0f574855a60fa6b4d061c38c987ccb6700f6fcadc""}"
convbench:21,20,True,True,True,True,True,True,e1b30c7a93eb9f889525704feaed77c8fa1ce3d04765f38879a95dc631e090af,8931214e2a8079b2df1391530e6407775cb2756f4653f55146d9883384acc23f,"{""FullLoad"": ""8931214e2a8079b2df1391530e6407775cb2756f4653f55146d9883384acc23f"", ""Prefix25"": ""8931214e2a8079b2df1391530e6407775cb2756f4653f55146d9883384acc23f"", ""Prefix45"": ""8931214e2a8079b2df1391530e6407775cb2756f4653f55146d9883384acc23f"", ""ReComp"": ""8931214e2a8079b2df1391530e6407775cb2756f4653f55146d9883384acc23f""}"
convbench:22,21,True,True,True,True,True,True,8fb6bc5abcd43ca0f15e1e89f24ba729c58778d0ce854aea93bc54798f38a804,da1c4588d9e310198de1f51b5626e7142d47d28bbb4f778337500384c294905e,"{""FullLoad"": ""da1c4588d9e310198de1f51b5626e7142d47d28bbb4f778337500384c294905e"", ""Prefix25"": ""da1c4588d9e310198de1f51b5626e7142d47d28bbb4f778337500384c294905e"", ""Prefix45"": ""da1c4588d9e310198de1f51b5626e7142d47d28bbb4f778337500384c294905e"", ""ReComp"": ""da1c4588d9e310198de1f51b5626e7142d47d28bbb4f778337500384c294905e""}"
convbench:23,22,True,True,True,True,True,True,3afb6550ae2ac227e45984b6a1baa9d028a873b10a3a51e590eaf225d3371071,81df9b20a2a00535b6cb7962d537d0cfca852a8d87cd6c23063e84eb7607338a,"{""FullLoad"": ""81df9b20a2a00535b6cb7962d537d0cfca852a8d87cd6c23063e84eb7607338a"", ""Prefix25"": ""81df9b20a2a00535b6cb7962d537d0cfca852a8d87cd6c23063e84eb7607338a"", ""Prefix45"": ""81df9b20a2a00535b6cb7962d537d0cfca852a8d87cd6c23063e84eb7607338a"", ""ReComp"": ""81df9b20a2a00535b6cb7962d537d0cfca852a8d87cd6c23063e84eb7607338a""}"
convbench:24,23,True,True,True,True,True,True,39ad44832505b488ae8dd9f187b98ded63a15d832ddb01b411d723b60aba1707,7d5334d6436ca773c4de63725f25219f2868cd025c8311bddf1a06e784085f8c,"{""FullLoad"": ""7d5334d6436ca773c4de63725f25219f2868cd025c8311bddf1a06e784085f8c"", ""Prefix25"": ""7d5334d6436ca773c4de63725f25219f2868cd025c8311bddf1a06e784085f8c"", ""Prefix45"": ""7d5334d6436ca773c4de63725f25219f2868cd025c8311bddf1a06e784085f8c"", ""ReComp"": ""7d5334d6436ca773c4de63725f25219f2868cd025c8311bddf1a06e784085f8c""}"
convbench:25,24,True,True,True,True,True,True,4f71dffbf72e8f9f40a4ea1da7582e3e4bcbea8c6f803617585547d57d1ac8f0,bccf837a5bf1dc22648f815685f49b4c4582abd3b49c47d20cd340f125767988,"{""FullLoad"": ""bccf837a5bf1dc22648f815685f49b4c4582abd3b49c47d20cd340f125767988"", ""Prefix25"": ""bccf837a5bf1dc22648f815685f49b4c4582abd3b49c47d20cd340f125767988"", ""Prefix45"": ""bccf837a5bf1dc22648f815685f49b4c4582abd3b49c47d20cd340f125767988"", ""ReComp"": ""bccf837a5bf1dc22648f815685f49b4c4582abd3b49c47d20cd340f125767988""}"
convbench:26,25,True,True,True,True,True,True,6ce5209965b88e5fdd714c2e37a44808686232b365c35ffad3cd5d46d8ee4e2f,c5233de1c19d9072a8f51ecbd807c54e513ac37f18141907dadc02473db74be4,"{""FullLoad"": ""c5233de1c19d9072a8f51ecbd807c54e513ac37f18141907dadc02473db74be4"", ""Prefix25"": ""c5233de1c19d9072a8f51ecbd807c54e513ac37f18141907dadc02473db74be4"", ""Prefix45"": ""c5233de1c19d9072a8f51ecbd807c54e513ac37f18141907dadc02473db74be4"", ""ReComp"": ""c5233de1c19d9072a8f51ecbd807c54e513ac37f18141907dadc02473db74be4""}"
convbench:27,26,True,True,True,True,True,True,7dc0c68820afe35d8533e8cc4da4191bd527127fcd68bb9c8917391d893bff87,709276cb4b6b36ce09121f6bcb5c4007acbb1bb2f91666e3e630884a74ce4469,"{""FullLoad"": ""709276cb4b6b36ce09121f6bcb5c4007acbb1bb2f91666e3e630884a74ce4469"", ""Prefix25"": ""709276cb4b6b36ce09121f6bcb5c4007acbb1bb2f91666e3e630884a74ce4469"", ""Prefix45"": ""709276cb4b6b36ce09121f6bcb5c4007acbb1bb2f91666e3e630884a74ce4469"", ""ReComp"": ""709276cb4b6b36ce09121f6bcb5c4007acbb1bb2f91666e3e630884a74ce4469""}"
convbench:28,27,True,True,True,True,True,True,e9a63dacf1e2a45891f1178a8f3766fb8d506c911a2ca14c41079bbb8a442bb0,2442a191fd5c444876301717d4c1014fb073fd1458998df0956a20621600413a,"{""FullLoad"": ""2442a191fd5c444876301717d4c1014fb073fd1458998df0956a20621600413a"", ""Prefix25"": ""2442a191fd5c444876301717d4c1014fb073fd1458998df0956a20621600413a"", ""Prefix45"": ""2442a191fd5c444876301717d4c1014fb073fd1458998df0956a20621600413a"", ""ReComp"": ""2442a191fd5c444876301717d4c1014fb073fd1458998df0956a20621600413a""}"
convbench:29,28,True,True,True,True,True,True,f9fb6d349418bfea870600e473d58945db55bfd9102ebd219982b9e0eb2c8d6c,be9dcfcb0270c96b0c7e021d3dec36f4262763e73341d3d08fa6ab91e9686ba2,"{""FullLoad"": ""be9dcfcb0270c96b0c7e021d3dec36f4262763e73341d3d08fa6ab91e9686ba2"", ""Prefix25"": ""be9dcfcb0270c96b0c7e021d3dec36f4262763e73341d3d08fa6ab91e9686ba2"", ""Prefix45"": ""be9dcfcb0270c96b0c7e021d3dec36f4262763e73341d3d08fa6ab91e9686ba2"", ""ReComp"": ""be9dcfcb0270c96b0c7e021d3dec36f4262763e73341d3d08fa6ab91e9686ba2""}"
convbench:30,29,True,True,True,True,True,True,1d1e612d860282c23255f6d3bb93952efaf02023e286d871b44963d0d956496d,da6acba118121da0c25de1a4c0351c25e59e588947f0e9814d68713c9029877f,"{""FullLoad"": ""da6acba118121da0c25de1a4c0351c25e59e588947f0e9814d68713c9029877f"", ""Prefix25"": ""da6acba118121da0c25de1a4c0351c25e59e588947f0e9814d68713c9029877f"", ""Prefix45"": ""da6acba118121da0c25de1a4c0351c25e59e588947f0e9814d68713c9029877f"", ""ReComp"": ""da6acba118121da0c25de1a4c0351c25e59e588947f0e9814d68713c9029877f""}"
convbench:31,30,True,True,True,True,True,True,215339e8a4f2d1d7633060ef8394e3c8811930a9edb587ffb5909fb44187c541,be1a2bee55ab6c7faa255d0b25ae3df2051101cb63f23eafd1783772a38355a6,"{""FullLoad"": ""be1a2bee55ab6c7faa255d0b25ae3df2051101cb63f23eafd1783772a38355a6"", ""Prefix25"": ""be1a2bee55ab6c7faa255d0b25ae3df2051101cb63f23eafd1783772a38355a6"", ""Prefix45"": ""be1a2bee55ab6c7faa255d0b25ae3df2051101cb63f23eafd1783772a38355a6"", ""ReComp"": ""be1a2bee55ab6c7faa255d0b25ae3df2051101cb63f23eafd1783772a38355a6""}"
convbench:32,31,True,True,True,True,True,True,fae53154e007bc6e8ee6d82d9fc5b575b6569beeee4403f772013def56fd96b9,6dc66975f3f0185a2af4a855f4950eacc364890368d32cbbf0805b52fb6d234b,"{""FullLoad"": ""6dc66975f3f0185a2af4a855f4950eacc364890368d32cbbf0805b52fb6d234b"", ""Prefix25"": ""6dc66975f3f0185a2af4a855f4950eacc364890368d32cbbf0805b52fb6d234b"", ""Prefix45"": ""6dc66975f3f0185a2af4a855f4950eacc364890368d32cbbf0805b52fb6d234b"", ""ReComp"": ""6dc66975f3f0185a2af4a855f4950eacc364890368d32cbbf0805b52fb6d234b""}"
convbench:33,32,True,True,True,True,True,True,90030d0f7ee6b1f172daf8e0cdcdaf1337710c06fb071553b468cc46a304ae2e,bc37c84ea431120027c413d12ffd3429159218c3bf652ca32047bb2bbdcf5462,"{""FullLoad"": ""bc37c84ea431120027c413d12ffd3429159218c3bf652ca32047bb2bbdcf5462"", ""Prefix25"": ""bc37c84ea431120027c413d12ffd3429159218c3bf652ca32047bb2bbdcf5462"", ""Prefix45"": ""bc37c84ea431120027c413d12ffd3429159218c3bf652ca32047bb2bbdcf5462"", ""ReComp"": ""bc37c84ea431120027c413d12ffd3429159218c3bf652ca32047bb2bbdcf5462""}"
convbench:34,33,True,True,True,True,True,True,6a47a91c09fbeb4dad7d8f87e674a9001a22f0eceb1595a24e29f9aef09a6b18,4a1c9d890cea12489de751e8741eafc2815e981ddc38c04b5ab3e5c8f796c9c7,"{""FullLoad"": ""4a1c9d890cea12489de751e8741eafc2815e981ddc38c04b5ab3e5c8f796c9c7"", ""Prefix25"": ""4a1c9d890cea12489de751e8741eafc2815e981ddc38c04b5ab3e5c8f796c9c7"", ""Prefix45"": ""4a1c9d890cea12489de751e8741eafc2815e981ddc38c04b5ab3e5c8f796c9c7"", ""ReComp"": ""4a1c9d890cea12489de751e8741eafc2815e981ddc38c04b5ab3e5c8f796c9c7""}"
convbench:35,34,True,True,True,True,True,True,13a7d09e1791a5b5124406648a6c154d957e0479dafbea74dfcc9a62443715be,17fbcfe515a35ee7057111cec65191b7467362dea0f7a1131fe42631f927c8ec,"{""FullLoad"": ""17fbcfe515a35ee7057111cec65191b7467362dea0f7a1131fe42631f927c8ec"", ""Prefix25"": ""17fbcfe515a35ee7057111cec65191b7467362dea0f7a1131fe42631f927c8ec"", ""Prefix45"": ""17fbcfe515a35ee7057111cec65191b7467362dea0f7a1131fe42631f927c8ec"", ""ReComp"": ""17fbcfe515a35ee7057111cec65191b7467362dea0f7a1131fe42631f927c8ec""}"
convbench:36,35,True,True,True,True,True,True,f0ace78050c8c1e5d0efc5719783867223817ddafedb74cdf614e9248c3c22de,06836d6340e2bc771bf529ca2c93db89db559961468def7fa9990a13141abfbd,"{""FullLoad"": ""06836d6340e2bc771bf529ca2c93db89db559961468def7fa9990a13141abfbd"", ""Prefix25"": ""06836d6340e2bc771bf529ca2c93db89db559961468def7fa9990a13141abfbd"", ""Prefix45"": ""06836d6340e2bc771bf529ca2c93db89db559961468def7fa9990a13141abfbd"", ""ReComp"": ""06836d6340e2bc771bf529ca2c93db89db559961468def7fa9990a13141abfbd""}"
convbench:37,36,True,True,True,True,True,True,07c2fdb06567278bf4f183aea403083efde5e0927aa370788b4d31087b24c70b,a6e40278aac70d0ed691ff8ce74a4953be8ff794c0732c2770eed99b8d9dae57,"{""FullLoad"": ""a6e40278aac70d0ed691ff8ce74a4953be8ff794c0732c2770eed99b8d9dae57"", ""Prefix25"": ""a6e40278aac70d0ed691ff8ce74a4953be8ff794c0732c2770eed99b8d9dae57"", ""Prefix45"": ""a6e40278aac70d0ed691ff8ce74a4953be8ff794c0732c2770eed99b8d9dae57"", ""ReComp"": ""a6e40278aac70d0ed691ff8ce74a4953be8ff794c0732c2770eed99b8d9dae57""}"
convbench:38,37,True,True,True,True,True,True,5a31fdbd3e57a0000cbcf609c7274b85820ea8c7745fd0181c1522ff49b2499b,413d45f6a75b14357675094384b6ec880979f9501814f99124a154c042d66bc1,"{""FullLoad"": ""413d45f6a75b14357675094384b6ec880979f9501814f99124a154c042d66bc1"", ""Prefix25"": ""413d45f6a75b14357675094384b6ec880979f9501814f99124a154c042d66bc1"", ""Prefix45"": ""413d45f6a75b14357675094384b6ec880979f9501814f99124a154c042d66bc1"", ""ReComp"": ""413d45f6a75b14357675094384b6ec880979f9501814f99124a154c042d66bc1""}"
convbench:39,38,True,True,True,True,True,True,c71828c3e8f41dd6a6d10afe65660b60cf0e56a7a367f962ce0c7c4b9757be20,0905b869be31fa71c40e42636a17d93ce8ed1e0308e8648157ff949b19384690,"{""FullLoad"": ""0905b869be31fa71c40e42636a17d93ce8ed1e0308e8648157ff949b19384690"", ""Prefix25"": ""0905b869be31fa71c40e42636a17d93ce8ed1e0308e8648157ff949b19384690"", ""Prefix45"": ""0905b869be31fa71c40e42636a17d93ce8ed1e0308e8648157ff949b19384690"", ""ReComp"": ""0905b869be31fa71c40e42636a17d93ce8ed1e0308e8648157ff949b19384690""}"
convbench:40,39,True,True,True,True,True,True,436aebd43e00e0c1ae7d19ba736329896cbc6fbf70fc623d1501754617e68278,0ba69bc7149948bfced16cb18573d6838802814f17def7808b04afccf32ab820,"{""FullLoad"": ""0ba69bc7149948bfced16cb18573d6838802814f17def7808b04afccf32ab820"", ""Prefix25"": ""0ba69bc7149948bfced16cb18573d6838802814f17def7808b04afccf32ab820"", ""Prefix45"": ""0ba69bc7149948bfced16cb18573d6838802814f17def7808b04afccf32ab820"", ""ReComp"": ""0ba69bc7149948bfced16cb18573d6838802814f17def7808b04afccf32ab820""}"
convbench:41,40,True,True,True,True,True,True,496ecb6532e8998797d334a758399bdfe2a87f851f50708c5c466058c0c9a6f1,f62f2f0a799048d152653b075006d29b7fc715bc904847bed1a06dc3e43265df,"{""FullLoad"": ""f62f2f0a799048d152653b075006d29b7fc715bc904847bed1a06dc3e43265df"", ""Prefix25"": ""f62f2f0a799048d152653b075006d29b7fc715bc904847bed1a06dc3e43265df"", ""Prefix45"": ""f62f2f0a799048d152653b075006d29b7fc715bc904847bed1a06dc3e43265df"", ""ReComp"": ""f62f2f0a799048d152653b075006d29b7fc715bc904847bed1a06dc3e43265df""}"
convbench:42,41,True,True,True,True,True,True,07c2fdb06567278bf4f183aea403083efde5e0927aa370788b4d31087b24c70b,20b6d78363876f3ce66b2aaf6bf9972b1a11b4659bdbbbf42d2494821cfac51d,"{""FullLoad"": ""20b6d78363876f3ce66b2aaf6bf9972b1a11b4659bdbbbf42d2494821cfac51d"", ""Prefix25"": ""20b6d78363876f3ce66b2aaf6bf9972b1a11b4659bdbbbf42d2494821cfac51d"", ""Prefix45"": ""20b6d78363876f3ce66b2aaf6bf9972b1a11b4659bdbbbf42d2494821cfac51d"", ""ReComp"": ""20b6d78363876f3ce66b2aaf6bf9972b1a11b4659bdbbbf42d2494821cfac51d""}"
convbench:43,42,True,True,True,True,True,True,db4988ea24ddcaf5827c823fa8c1213ed649dafeb7d277fd9dcb7e166e651661,2dc1696191480a080a1118d658e7b1d8f67882a650c9d4b64c02182f3afa69b3,"{""FullLoad"": ""2dc1696191480a080a1118d658e7b1d8f67882a650c9d4b64c02182f3afa69b3"", ""Prefix25"": ""2dc1696191480a080a1118d658e7b1d8f67882a650c9d4b64c02182f3afa69b3"", ""Prefix45"": ""2dc1696191480a080a1118d658e7b1d8f67882a650c9d4b64c02182f3afa69b3"", ""ReComp"": ""2dc1696191480a080a1118d658e7b1d8f67882a650c9d4b64c02182f3afa69b3""}"
convbench:44,43,True,True,True,True,True,True,3ba9b31efe2616c8d71f40459457a90068e0ee5c358ea598aca5b1b759a0f948,d007ba257c80d42f426f5f548f37dd377e00ac25fbb601a01523e0f2400540bc,"{""FullLoad"": ""d007ba257c80d42f426f5f548f37dd377e00ac25fbb601a01523e0f2400540bc"", ""Prefix25"": ""d007ba257c80d42f426f5f548f37dd377e00ac25fbb601a01523e0f2400540bc"", ""Prefix45"": ""d007ba257c80d42f426f5f548f37dd377e00ac25fbb601a01523e0f2400540bc"", ""ReComp"": ""d007ba257c80d42f426f5f548f37dd377e00ac25fbb601a01523e0f2400540bc""}"
convbench:45,44,True,True,True,True,True,True,bd428ef5a95be22bd74723c3546e462ff96d4547fe24525b7f3a575b6987ab6f,2862bd75d0561b587dee2be0b5b0eaac331b8a3022ad7feed45702dc54d9a99f,"{""FullLoad"": ""2862bd75d0561b587dee2be0b5b0eaac331b8a3022ad7feed45702dc54d9a99f"", ""Prefix25"": ""2862bd75d0561b587dee2be0b5b0eaac331b8a3022ad7feed45702dc54d9a99f"", ""Prefix45"": ""2862bd75d0561b587dee2be0b5b0eaac331b8a3022ad7feed45702dc54d9a99f"", ""ReComp"": ""2862bd75d0561b587dee2be0b5b0eaac331b8a3022ad7feed45702dc54d9a99f""}"
convbench:46,45,True,True,True,True,True,True,f9d973f8f75fc975b1154c27faa819c17225a5107d7e7e2124a622629b75a065,80e5e9f94d36fb9ad2e03dbc73c6dbf7f7469300ba000c7ba2a46819173d1d0a,"{""FullLoad"": ""80e5e9f94d36fb9ad2e03dbc73c6dbf7f7469300ba000c7ba2a46819173d1d0a"", ""Prefix25"": ""80e5e9f94d36fb9ad2e03dbc73c6dbf7f7469300ba000c7ba2a46819173d1d0a"", ""Prefix45"": ""80e5e9f94d36fb9ad2e03dbc73c6dbf7f7469300ba000c7ba2a46819173d1d0a"", ""ReComp"": ""80e5e9f94d36fb9ad2e03dbc73c6dbf7f7469300ba000c7ba2a46819173d1d0a""}"
convbench:47,46,True,True,True,True,True,True,8539c1786f0d49d8521a0ac584550e5a993f5a882e063fe52c22c29f1c15062e,58e1a54109f54fbdba926ff3bca31ecf6c76ba06924485dd230b7f0811c2e1e4,"{""FullLoad"": ""58e1a54109f54fbdba926ff3bca31ecf6c76ba06924485dd230b7f0811c2e1e4"", ""Prefix25"": ""58e1a54109f54fbdba926ff3bca31ecf6c76ba06924485dd230b7f0811c2e1e4"", ""Prefix45"": ""58e1a54109f54fbdba926ff3bca31ecf6c76ba06924485dd230b7f0811c2e1e4"", ""ReComp"": ""58e1a54109f54fbdba926ff3bca31ecf6c76ba06924485dd230b7f0811c2e1e4""}"
convbench:48,47,True,True,True,True,True,True,8139a3aac13b19b930a942455d5fc74ec4ff09e0009498386dadf42f48f479de,111ab4fd0d79782be3c6be3bb00ebaf5c5dbf3733cea4e61fa4fe1d38acef3de,"{""FullLoad"": ""111ab4fd0d79782be3c6be3bb00ebaf5c5dbf3733cea4e61fa4fe1d38acef3de"", ""Prefix25"": ""111ab4fd0d79782be3c6be3bb00ebaf5c5dbf3733cea4e61fa4fe1d38acef3de"", ""Prefix45"": ""111ab4fd0d79782be3c6be3bb00ebaf5c5dbf3733cea4e61fa4fe1d38acef3de"", ""ReComp"": ""111ab4fd0d79782be3c6be3bb00ebaf5c5dbf3733cea4e61fa4fe1d38acef3de""}"
convbench:49,48,True,True,True,True,True,True,f1edf3e15859f8c32b9848a1c3e7778d66b9cc7544171ca1439f0e94ed91d24c,bc57f4fcdc36791c79f1fc35ee8c629d53503e22704c8928e9b11a005f0d7c40,"{""FullLoad"": ""bc57f4fcdc36791c79f1fc35ee8c629d53503e22704c8928e9b11a005f0d7c40"", ""Prefix25"": ""bc57f4fcdc36791c79f1fc35ee8c629d53503e22704c8928e9b11a005f0d7c40"", ""Prefix45"": ""bc57f4fcdc36791c79f1fc35ee8c629d53503e22704c8928e9b11a005f0d7c40"", ""ReComp"": ""bc57f4fcdc36791c79f1fc35ee8c629d53503e22704c8928e9b11a005f0d7c40""}"
convbench:50,49,True,True,True,True,True,True,737dc4496d0f5a18ab820afc903304e8b03a8e28d9e72a4052663c4b0b2e1d2c,eedc91b2125e46d3d8dcd8500bebbe51430b79f43934c5cba41c58cb25aaec99,"{""FullLoad"": ""eedc91b2125e46d3d8dcd8500bebbe51430b79f43934c5cba41c58cb25aaec99"", ""Prefix25"": ""eedc91b2125e46d3d8dcd8500bebbe51430b79f43934c5cba41c58cb25aaec99"", ""Prefix45"": ""eedc91b2125e46d3d8dcd8500bebbe51430b79f43934c5cba41c58cb25aaec99"", ""ReComp"": ""eedc91b2125e46d3d8dcd8500bebbe51430b79f43934c5cba41c58cb25aaec99""}"
convbench:51,50,True,True,True,True,True,True,93bec06a22b5771a6086062ebcee41bf0b826405980f74670b1957e38bafc31c,d02168dc97c59270ebc1db273a8856208d77b05544e631603e3e3843269de6fd,"{""FullLoad"": ""d02168dc97c59270ebc1db273a8856208d77b05544e631603e3e3843269de6fd"", ""Prefix25"": ""d02168dc97c59270ebc1db273a8856208d77b05544e631603e3e3843269de6fd"", ""Prefix45"": ""d02168dc97c59270ebc1db273a8856208d77b05544e631603e3e3843269de6fd"", ""ReComp"": ""d02168dc97c59270ebc1db273a8856208d77b05544e631603e3e3843269de6fd""}"
convbench:52,51,True,True,True,True,True,True,4beb570b7d44d5f41b6bac57e19074087058537f1450c179628398b06a486ffd,abf0bfea7f4324476f56191f7228d2b8e9e73579cb84b2e51c856c87575ae3f6,"{""FullLoad"": ""abf0bfea7f4324476f56191f7228d2b8e9e73579cb84b2e51c856c87575ae3f6"", ""Prefix25"": ""abf0bfea7f4324476f56191f7228d2b8e9e73579cb84b2e51c856c87575ae3f6"", ""Prefix45"": ""abf0bfea7f4324476f56191f7228d2b8e9e73579cb84b2e51c856c87575ae3f6"", ""ReComp"": ""abf0bfea7f4324476f56191f7228d2b8e9e73579cb84b2e51c856c87575ae3f6""}"
convbench:53,52,True,True,True,True,True,True,45a183be078608081349bad80181fbdd92a653168f7238d00734df01c65e00de,fc3942595971e68af2ae897f69fce8c4f966f91bee0d151d72c28283ec5660a6,"{""FullLoad"": ""fc3942595971e68af2ae897f69fce8c4f966f91bee0d151d72c28283ec5660a6"", ""Prefix25"": ""fc3942595971e68af2ae897f69fce8c4f966f91bee0d151d72c28283ec5660a6"", ""Prefix45"": ""fc3942595971e68af2ae897f69fce8c4f966f91bee0d151d72c28283ec5660a6"", ""ReComp"": ""fc3942595971e68af2ae897f69fce8c4f966f91bee0d151d72c28283ec5660a6""}"
convbench:54,53,True,True,True,True,True,True,0c0998fb3b08188adba43200067310476eaebb61c328a39d7eda0bca9e19ba8c,a698247d95e4616504175ecf66ba92380f689dd36f1676f5c549a02a25d40ef1,"{""FullLoad"": ""a698247d95e4616504175ecf66ba92380f689dd36f1676f5c549a02a25d40ef1"", ""Prefix25"": ""a698247d95e4616504175ecf66ba92380f689dd36f1676f5c549a02a25d40ef1"", ""Prefix45"": ""a698247d95e4616504175ecf66ba92380f689dd36f1676f5c549a02a25d40ef1"", ""ReComp"": ""a698247d95e4616504175ecf66ba92380f689dd36f1676f5c549a02a25d40ef1""}"
convbench:55,54,True,True,True,True,True,True,ee2dc298657ac40ff2de7a9ef37fe120c37eb37b53b51dc9519be89b8a8fc0d2,b8c30e8075bf22def635041e189a1cd93e753e91f0d87a325bc8f0a89abb9132,"{""FullLoad"": ""b8c30e8075bf22def635041e189a1cd93e753e91f0d87a325bc8f0a89abb9132"", ""Prefix25"": ""b8c30e8075bf22def635041e189a1cd93e753e91f0d87a325bc8f0a89abb9132"", ""Prefix45"": ""b8c30e8075bf22def635041e189a1cd93e753e91f0d87a325bc8f0a89abb9132"", ""ReComp"": ""b8c30e8075bf22def635041e189a1cd93e753e91f0d87a325bc8f0a89abb9132""}"
convbench:56,55,True,True,True,True,True,True,522f49fce8bc19387b36d1698a82030ee8455ff27ca9dd481ede5d7c52b59032,a222eb4f517e788571e0133eaf2b6c1900ac08a43ac8f3f969b5d64157394330,"{""FullLoad"": ""a222eb4f517e788571e0133eaf2b6c1900ac08a43ac8f3f969b5d64157394330"", ""Prefix25"": ""a222eb4f517e788571e0133eaf2b6c1900ac08a43ac8f3f969b5d64157394330"", ""Prefix45"": ""a222eb4f517e788571e0133eaf2b6c1900ac08a43ac8f3f969b5d64157394330"", ""ReComp"": ""a222eb4f517e788571e0133eaf2b6c1900ac08a43ac8f3f969b5d64157394330""}"
convbench:57,56,True,True,True,True,True,True,a66cb785eae4f2a2f2ad84179bd50f756ffe1ce6a2a376974d3b9f09b6d2ba73,67d49c2017008ee7d5aa0f6c9caac01a51bb3cd6f8202e4a880b36f4c02973c7,"{""FullLoad"": ""67d49c2017008ee7d5aa0f6c9caac01a51bb3cd6f8202e4a880b36f4c02973c7"", ""Prefix25"": ""67d49c2017008ee7d5aa0f6c9caac01a51bb3cd6f8202e4a880b36f4c02973c7"", ""Prefix45"": ""67d49c2017008ee7d5aa0f6c9caac01a51bb3cd6f8202e4a880b36f4c02973c7"", ""ReComp"": ""67d49c2017008ee7d5aa0f6c9caac01a51bb3cd6f8202e4a880b36f4c02973c7""}"
convbench:58,57,True,True,True,True,True,True,316914d0a29fd13aa11f28b6a73f7f3c76c4e2a495c856e433a3ee028f7184ca,27263dcaff30972b7b6604df6f42e238d5a0ee62f8c23dc0e3e6961352f00ea6,"{""FullLoad"": ""27263dcaff30972b7b6604df6f42e238d5a0ee62f8c23dc0e3e6961352f00ea6"", ""Prefix25"": ""27263dcaff30972b7b6604df6f42e238d5a0ee62f8c23dc0e3e6961352f00ea6"", ""Prefix45"": ""27263dcaff30972b7b6604df6f42e238d5a0ee62f8c23dc0e3e6961352f00ea6"", ""ReComp"": ""27263dcaff30972b7b6604df6f42e238d5a0ee62f8c23dc0e3e6961352f00ea6""}"
convbench:59,58,True,True,True,True,True,True,e8e82093f83589adf61fdde1509bbd11768d3d9c9a1caf57d640ab8638e385b2,adf3dcf5ecd2eb58e8dddd0e44a18498d16a551152c95f4a19bba4f143241a5a,"{""FullLoad"": ""adf3dcf5ecd2eb58e8dddd0e44a18498d16a551152c95f4a19bba4f143241a5a"", ""Prefix25"": ""adf3dcf5ecd2eb58e8dddd0e44a18498d16a551152c95f4a19bba4f143241a5a"", ""Prefix45"": ""adf3dcf5ecd2eb58e8dddd0e44a18498d16a551152c95f4a19bba4f143241a5a"", ""ReComp"": ""adf3dcf5ecd2eb58e8dddd0e44a18498d16a551152c95f4a19bba4f143241a5a""}"
convbench:60,59,True,True,True,True,True,True,bcadee1326acd2bf3b6054a81beeb9652a0fa8205bc1caf685bc928d01874e7b,39ec2eb047fe689c02ce4118dfedd2ac181410b77853054ad6c3ce3664ab64cc,"{""FullLoad"": ""39ec2eb047fe689c02ce4118dfedd2ac181410b77853054ad6c3ce3664ab64cc"", ""Prefix25"": ""39ec2eb047fe689c02ce4118dfedd2ac181410b77853054ad6c3ce3664ab64cc"", ""Prefix45"": ""39ec2eb047fe689c02ce4118dfedd2ac181410b77853054ad6c3ce3664ab64cc"", ""ReComp"": ""39ec2eb047fe689c02ce4118dfedd2ac181410b77853054ad6c3ce3664ab64cc""}"
convbench:61,60,True,True,True,True,True,True,e1d190fcae4fdb815d3f0ca05923e654e7713f3c25cf58dcbb109878c48d467d,980c29550b781dd23d3e8a53d29351605ab832753b638abfe11d8a90fe0f4158,"{""FullLoad"": ""980c29550b781dd23d3e8a53d29351605ab832753b638abfe11d8a90fe0f4158"", ""Prefix25"": ""980c29550b781dd23d3e8a53d29351605ab832753b638abfe11d8a90fe0f4158"", ""Prefix45"": ""980c29550b781dd23d3e8a53d29351605ab832753b638abfe11d8a90fe0f4158"", ""ReComp"": ""980c29550b781dd23d3e8a53d29351605ab832753b638abfe11d8a90fe0f4158""}"
convbench:62,61,True,True,True,True,True,True,7dff2a393d276795d4afdd414212828e167a5e218d20af71d3b1d930bdb3e5d9,f0934ba919f2f6c3b26704de89e1e36c46d1efc8cd814646a8299802ffedd561,"{""FullLoad"": ""f0934ba919f2f6c3b26704de89e1e36c46d1efc8cd814646a8299802ffedd561"", ""Prefix25"": ""f0934ba919f2f6c3b26704de89e1e36c46d1efc8cd814646a8299802ffedd561"", ""Prefix45"": ""f0934ba919f2f6c3b26704de89e1e36c46d1efc8cd814646a8299802ffedd561"", ""ReComp"": ""f0934ba919f2f6c3b26704de89e1e36c46d1efc8cd814646a8299802ffedd561""}"
convbench:63,62,True,True,True,True,True,True,c1014ef3a269f04f66a46b42473aa4958f069240cb785b5d03ed2ead3dc44b70,8444aa034ab9bfe5d65f38f84faec8b65ab96a777a28173451c865fb3611f0a3,"{""FullLoad"": ""8444aa034ab9bfe5d65f38f84faec8b65ab96a777a28173451c865fb3611f0a3"", ""Prefix25"": ""8444aa034ab9bfe5d65f38f84faec8b65ab96a777a28173451c865fb3611f0a3"", ""Prefix45"": ""8444aa034ab9bfe5d65f38f84faec8b65ab96a777a28173451c865fb3611f0a3"", ""ReComp"": ""8444aa034ab9bfe5d65f38f84faec8b65ab96a777a28173451c865fb3611f0a3""}"
convbench:64,63,True,True,True,True,True,True,f03405151330244f6bc44cce96af82f07d39f3b4edd857bc18a55f3331fdbdca,96d3d36095ed3e1198c25f8726084dc038ae25a7f7219952a066124885107292,"{""FullLoad"": ""96d3d36095ed3e1198c25f8726084dc038ae25a7f7219952a066124885107292"", ""Prefix25"": ""96d3d36095ed3e1198c25f8726084dc038ae25a7f7219952a066124885107292"", ""Prefix45"": ""96d3d36095ed3e1198c25f8726084dc038ae25a7f7219952a066124885107292"", ""ReComp"": ""96d3d36095ed3e1198c25f8726084dc038ae25a7f7219952a066124885107292""}"
convbench:65,64,True,True,True,True,True,True,9a8ec128f1df9cfdfb64577fb84bf9d6c9c929c8db444f320cc36a50045f569e,16bdf369e543d8f75b2dbf85460ebf242f1f6cc4adf21a8b787b13c3f1c7f377,"{""FullLoad"": ""16bdf369e543d8f75b2dbf85460ebf242f1f6cc4adf21a8b787b13c3f1c7f377"", ""Prefix25"": ""16bdf369e543d8f75b2dbf85460ebf242f1f6cc4adf21a8b787b13c3f1c7f377"", ""Prefix45"": ""16bdf369e543d8f75b2dbf85460ebf242f1f6cc4adf21a8b787b13c3f1c7f377"", ""ReComp"": ""16bdf369e543d8f75b2dbf85460ebf242f1f6cc4adf21a8b787b13c3f1c7f377""}"
convbench:66,65,True,True,True,True,True,True,fc4c5797a8eec038b3624ba01305967476364b96b155d9de0f0b6dfbe5028dc1,d50a77e8d71341c83481a06b3c67aaabdbffb41783bfe46656f315f1e74d30da,"{""FullLoad"": ""d50a77e8d71341c83481a06b3c67aaabdbffb41783bfe46656f315f1e74d30da"", ""Prefix25"": ""d50a77e8d71341c83481a06b3c67aaabdbffb41783bfe46656f315f1e74d30da"", ""Prefix45"": ""d50a77e8d71341c83481a06b3c67aaabdbffb41783bfe46656f315f1e74d30da"", ""ReComp"": ""d50a77e8d71341c83481a06b3c67aaabdbffb41783bfe46656f315f1e74d30da""}"
convbench:67,66,True,True,True,True,True,True,41129206fd3d7e03ed5cc6068e49b7a210577b6cff2f0ca7511a89c3e02116f6,a530ae563bddfb41e66519e0443c210ae8be43cb20a0bff7c4b0eb3939a2a77f,"{""FullLoad"": ""a530ae563bddfb41e66519e0443c210ae8be43cb20a0bff7c4b0eb3939a2a77f"", ""Prefix25"": ""a530ae563bddfb41e66519e0443c210ae8be43cb20a0bff7c4b0eb3939a2a77f"", ""Prefix45"": ""a530ae563bddfb41e66519e0443c210ae8be43cb20a0bff7c4b0eb3939a2a77f"", ""ReComp"": ""a530ae563bddfb41e66519e0443c210ae8be43cb20a0bff7c4b0eb3939a2a77f""}"
convbench:68,67,True,True,True,True,True,True,d7225f26616d523e6e12031ec526ba5174f778388b2fd4ef43c19dbd7a03db4b,04af43ec9734226b7eb3d68ca50bdcf24013886c88c94578b46a064dcfb7e822,"{""FullLoad"": ""04af43ec9734226b7eb3d68ca50bdcf24013886c88c94578b46a064dcfb7e822"", ""Prefix25"": ""04af43ec9734226b7eb3d68ca50bdcf24013886c88c94578b46a064dcfb7e822"", ""Prefix45"": ""04af43ec9734226b7eb3d68ca50bdcf24013886c88c94578b46a064dcfb7e822"", ""ReComp"": ""04af43ec9734226b7eb3d68ca50bdcf24013886c88c94578b46a064dcfb7e822""}"
convbench:69,68,True,True,True,True,True,True,472b19496f0479d9cca594ec41264412bf36f085e79641ec31ea73aec31f5bc8,e2c4e318e5ed944ce0406b698d72a323bf59a44a9aab299c651d063b497065fa,"{""FullLoad"": ""e2c4e318e5ed944ce0406b698d72a323bf59a44a9aab299c651d063b497065fa"", ""Prefix25"": ""e2c4e318e5ed944ce0406b698d72a323bf59a44a9aab299c651d063b497065fa"", ""Prefix45"": ""e2c4e318e5ed944ce0406b698d72a323bf59a44a9aab299c651d063b497065fa"", ""ReComp"": ""e2c4e318e5ed944ce0406b698d72a323bf59a44a9aab299c651d063b497065fa""}"
convbench:70,69,True,True,True,True,True,True,a0e2fc4fb21262a08af26f5d8fe5654c5e7227bd4e00ecb119ad68c6c4f1d54a,065afb77425886c309643d6d2f787372395056a6e7deb832b73811629a69ebe7,"{""FullLoad"": ""065afb77425886c309643d6d2f787372395056a6e7deb832b73811629a69ebe7"", ""Prefix25"": ""065afb77425886c309643d6d2f787372395056a6e7deb832b73811629a69ebe7"", ""Prefix45"": ""065afb77425886c309643d6d2f787372395056a6e7deb832b73811629a69ebe7"", ""ReComp"": ""065afb77425886c309643d6d2f787372395056a6e7deb832b73811629a69ebe7""}"
convbench:71,70,True,True,True,True,True,True,de528c49b924bbf01426da6afa3c9c3d16a5b1cb3f68ebfe51bcb9b1a419d6d2,29e0493bf87aa9cdfc5c93bf5bdf8197889a63d25bd8b1fba8505427d119b63b,"{""FullLoad"": ""29e0493bf87aa9cdfc5c93bf5bdf8197889a63d25bd8b1fba8505427d119b63b"", ""Prefix25"": ""29e0493bf87aa9cdfc5c93bf5bdf8197889a63d25bd8b1fba8505427d119b63b"", ""Prefix45"": ""29e0493bf87aa9cdfc5c93bf5bdf8197889a63d25bd8b1fba8505427d119b63b"", ""ReComp"": ""29e0493bf87aa9cdfc5c93bf5bdf8197889a63d25bd8b1fba8505427d119b63b""}"
convbench:72,71,True,True,True,True,True,True,30854f36228962a938cb1d03ecc9f16ad61ee757da52ba492712b2d43c18faa5,02fae804ba77267dca1363b4e0502a77bf9183c3f8ae363bea547f7e9f1fd781,"{""FullLoad"": ""02fae804ba77267dca1363b4e0502a77bf9183c3f8ae363bea547f7e9f1fd781"", ""Prefix25"": ""02fae804ba77267dca1363b4e0502a77bf9183c3f8ae363bea547f7e9f1fd781"", ""Prefix45"": ""02fae804ba77267dca1363b4e0502a77bf9183c3f8ae363bea547f7e9f1fd781"", ""ReComp"": ""02fae804ba77267dca1363b4e0502a77bf9183c3f8ae363bea547f7e9f1fd781""}"
convbench:73,72,True,True,True,True,True,True,b0948b9d5a455965c5c484e90934a54a5d60c7e82c87554e0d471b60340d3c4d,7ffd0eaed80ac9220690700407628689bf6c8ca0ef879a011a65355157dbe2ba,"{""FullLoad"": ""7ffd0eaed80ac9220690700407628689bf6c8ca0ef879a011a65355157dbe2ba"", ""Prefix25"": ""7ffd0eaed80ac9220690700407628689bf6c8ca0ef879a011a65355157dbe2ba"", ""Prefix45"": ""7ffd0eaed80ac9220690700407628689bf6c8ca0ef879a011a65355157dbe2ba"", ""ReComp"": ""7ffd0eaed80ac9220690700407628689bf6c8ca0ef879a011a65355157dbe2ba""}"
convbench:74,73,True,True,True,True,True,True,92e7d67d36cf8699b78208d295efe4709cb37f11f56a441568816a807c232cfb,91908c15dd531069d66dc2d10f1050050eedf471c4dcccb0ac01545443b67426,"{""FullLoad"": ""91908c15dd531069d66dc2d10f1050050eedf471c4dcccb0ac01545443b67426"", ""Prefix25"": ""91908c15dd531069d66dc2d10f1050050eedf471c4dcccb0ac01545443b67426"", ""Prefix45"": ""91908c15dd531069d66dc2d10f1050050eedf471c4dcccb0ac01545443b67426"", ""ReComp"": ""91908c15dd531069d66dc2d10f1050050eedf471c4dcccb0ac01545443b67426""}"
convbench:75,74,True,True,True,True,True,True,0901a65a4c87bb287b9aa11829e4c4bc054852b1f9c3cf7ad5576e2d6623fe0f,1be6246c365ac1af9699c36a98b6385dbb2559eae7d6c5068d3a49ec6f4d0559,"{""FullLoad"": ""1be6246c365ac1af9699c36a98b6385dbb2559eae7d6c5068d3a49ec6f4d0559"", ""Prefix25"": ""1be6246c365ac1af9699c36a98b6385dbb2559eae7d6c5068d3a49ec6f4d0559"", ""Prefix45"": ""1be6246c365ac1af9699c36a98b6385dbb2559eae7d6c5068d3a49ec6f4d0559"", ""ReComp"": ""1be6246c365ac1af9699c36a98b6385dbb2559eae7d6c5068d3a49ec6f4d0559""}"
convbench:76,75,True,True,True,True,True,True,89f7e44ac6fa5282ae3ab9ba4157b8da124d91b043bc6cfd0090fd8dbd6e2557,29e19d781eb00a3c95edb94881a76bb563c97464f1b8f0754b100d3d1e8803ba,"{""FullLoad"": ""29e19d781eb00a3c95edb94881a76bb563c97464f1b8f0754b100d3d1e8803ba"", ""Prefix25"": ""29e19d781eb00a3c95edb94881a76bb563c97464f1b8f0754b100d3d1e8803ba"", ""Prefix45"": ""29e19d781eb00a3c95edb94881a76bb563c97464f1b8f0754b100d3d1e8803ba"", ""ReComp"": ""29e19d781eb00a3c95edb94881a76bb563c97464f1b8f0754b100d3d1e8803ba""}"
convbench:77,76,True,True,True,True,True,True,23509f3053d75a6f6cab178c697f6a77120d468f003be14a92acc88946c20999,d7dc2d3f2e2102e729d3c6c96d120dc9b49557c799981a9e6a50a048045e6a44,"{""FullLoad"": ""d7dc2d3f2e2102e729d3c6c96d120dc9b49557c799981a9e6a50a048045e6a44"", ""Prefix25"": ""d7dc2d3f2e2102e729d3c6c96d120dc9b49557c799981a9e6a50a048045e6a44"", ""Prefix45"": ""d7dc2d3f2e2102e729d3c6c96d120dc9b49557c799981a9e6a50a048045e6a44"", ""ReComp"": ""d7dc2d3f2e2102e729d3c6c96d120dc9b49557c799981a9e6a50a048045e6a44""}"
convbench:78,77,True,True,True,True,True,True,a0e2fc4fb21262a08af26f5d8fe5654c5e7227bd4e00ecb119ad68c6c4f1d54a,2a11faf0d69354b4161499e9503f36e83d57a101b31691b052c7e89d7634ece7,"{""FullLoad"": ""2a11faf0d69354b4161499e9503f36e83d57a101b31691b052c7e89d7634ece7"", ""Prefix25"": ""2a11faf0d69354b4161499e9503f36e83d57a101b31691b052c7e89d7634ece7"", ""Prefix45"": ""2a11faf0d69354b4161499e9503f36e83d57a101b31691b052c7e89d7634ece7"", ""ReComp"": ""2a11faf0d69354b4161499e9503f36e83d57a101b31691b052c7e89d7634ece7""}"
convbench:79,78,True,True,True,True,True,True,50501b0b8ffedec0a4afc291ee8a99b5ccb4b20af1cab9b718f0ed5fab922921,79e2be6e7ec4ad9d97d44df0e5804fdfa7b314f6cb2b04fc5cd4c6203cf473b2,"{""FullLoad"": ""79e2be6e7ec4ad9d97d44df0e5804fdfa7b314f6cb2b04fc5cd4c6203cf473b2"", ""Prefix25"": ""79e2be6e7ec4ad9d97d44df0e5804fdfa7b314f6cb2b04fc5cd4c6203cf473b2"", ""Prefix45"": ""79e2be6e7ec4ad9d97d44df0e5804fdfa7b314f6cb2b04fc5cd4c6203cf473b2"", ""ReComp"": ""79e2be6e7ec4ad9d97d44df0e5804fdfa7b314f6cb2b04fc5cd4c6203cf473b2""}"
convbench:80,79,True,True,True,True,True,True,a4bdfd236a46df34ae4a1e3badebb6d5315104c5255348437ac666bbfc1bd0e3,5c2d34ec694d839365d359845e92cf0e42c706990b06a733145995fef37819bd,"{""FullLoad"": ""5c2d34ec694d839365d359845e92cf0e42c706990b06a733145995fef37819bd"", ""Prefix25"": ""5c2d34ec694d839365d359845e92cf0e42c706990b06a733145995fef37819bd"", ""Prefix45"": ""5c2d34ec694d839365d359845e92cf0e42c706990b06a733145995fef37819bd"", ""ReComp"": ""5c2d34ec694d839365d359845e92cf0e42c706990b06a733145995fef37819bd""}"
convbench:81,80,True,True,True,True,True,True,5dd254f0e643add97c62451f3ffc70032524bc451c1ead09aac54f3f6a3efff4,e50522add21de414bddb61899672d3dc1f48e18d5647940a945d95b7d5f9e603,"{""FullLoad"": ""e50522add21de414bddb61899672d3dc1f48e18d5647940a945d95b7d5f9e603"", ""Prefix25"": ""e50522add21de414bddb61899672d3dc1f48e18d5647940a945d95b7d5f9e603"", ""Prefix45"": ""e50522add21de414bddb61899672d3dc1f48e18d5647940a945d95b7d5f9e603"", ""ReComp"": ""e50522add21de414bddb61899672d3dc1f48e18d5647940a945d95b7d5f9e603""}"
convbench:82,81,True,True,True,True,True,True,1084f237a9fa625a28a65f7b5a29b32c23c8c21fef35a41ab9e197e2cb568df6,d9382b0b9194bcdcc903f42335762c4a0cdd607c0838f6bfa177547bc354baa2,"{""FullLoad"": ""d9382b0b9194bcdcc903f42335762c4a0cdd607c0838f6bfa177547bc354baa2"", ""Prefix25"": ""d9382b0b9194bcdcc903f42335762c4a0cdd607c0838f6bfa177547bc354baa2"", ""Prefix45"": ""d9382b0b9194bcdcc903f42335762c4a0cdd607c0838f6bfa177547bc354baa2"", ""ReComp"": ""d9382b0b9194bcdcc903f42335762c4a0cdd607c0838f6bfa177547bc354baa2""}"
convbench:83,82,True,True,True,True,True,True,2ae72428334f14d55494eee0f5d13f8cdb3c16636d13846e08a7bec0b000cadd,36dc6401a0b9fdde141b024490b8a3fbbc994deb2fdf05caa142e4d24089dd76,"{""FullLoad"": ""36dc6401a0b9fdde141b024490b8a3fbbc994deb2fdf05caa142e4d24089dd76"", ""Prefix25"": ""36dc6401a0b9fdde141b024490b8a3fbbc994deb2fdf05caa142e4d24089dd76"", ""Prefix45"": ""36dc6401a0b9fdde141b024490b8a3fbbc994deb2fdf05caa142e4d24089dd76"", ""ReComp"": ""36dc6401a0b9fdde141b024490b8a3fbbc994deb2fdf05caa142e4d24089dd76""}"
convbench:84,83,True,True,True,True,True,True,f31d7bd3c70af14339775bc68d4f82e3cc36c58783642bb7b7759928de5c2578,9e14fddba0ffb780e09ede5b544c3e6e545050f79428fd868a1f7c3c77765ac4,"{""FullLoad"": ""9e14fddba0ffb780e09ede5b544c3e6e545050f79428fd868a1f7c3c77765ac4"", ""Prefix25"": ""9e14fddba0ffb780e09ede5b544c3e6e545050f79428fd868a1f7c3c77765ac4"", ""Prefix45"": ""9e14fddba0ffb780e09ede5b544c3e6e545050f79428fd868a1f7c3c77765ac4"", ""ReComp"": ""9e14fddba0ffb780e09ede5b544c3e6e545050f79428fd868a1f7c3c77765ac4""}"
convbench:85,84,True,True,True,True,True,True,c4ec599e27f80da57a7032ace6083022398084f656517dc217203ebe89a67666,bb9d00e7314f92134ad19aa4150d43ff3d972f0ce55287af06aea6b1c02af212,"{""FullLoad"": ""bb9d00e7314f92134ad19aa4150d43ff3d972f0ce55287af06aea6b1c02af212"", ""Prefix25"": ""bb9d00e7314f92134ad19aa4150d43ff3d972f0ce55287af06aea6b1c02af212"", ""Prefix45"": ""bb9d00e7314f92134ad19aa4150d43ff3d972f0ce55287af06aea6b1c02af212"", ""ReComp"": ""bb9d00e7314f92134ad19aa4150d43ff3d972f0ce55287af06aea6b1c02af212""}"
convbench:86,85,True,True,True,True,True,True,0901a65a4c87bb287b9aa11829e4c4bc054852b1f9c3cf7ad5576e2d6623fe0f,9de21dc0722eb0def77c2bbe61377beea605c30a7d83c5e21d1b38aeacd89a27,"{""FullLoad"": ""9de21dc0722eb0def77c2bbe61377beea605c30a7d83c5e21d1b38aeacd89a27"", ""Prefix25"": ""9de21dc0722eb0def77c2bbe61377beea605c30a7d83c5e21d1b38aeacd89a27"", ""Prefix45"": ""9de21dc0722eb0def77c2bbe61377beea605c30a7d83c5e21d1b38aeacd89a27"", ""ReComp"": ""9de21dc0722eb0def77c2bbe61377beea605c30a7d83c5e21d1b38aeacd89a27""}"
convbench:87,86,True,True,True,True,True,True,f68cdafd9566b381058d86b47d0bae49141d7fa91cc3c95fe14848757b5fd4e9,7e2537dfe6b2ce1e1a9e41e916486f1041f6e6c2556fe23ae656c2a79f4c4666,"{""FullLoad"": ""7e2537dfe6b2ce1e1a9e41e916486f1041f6e6c2556fe23ae656c2a79f4c4666"", ""Prefix25"": ""7e2537dfe6b2ce1e1a9e41e916486f1041f6e6c2556fe23ae656c2a79f4c4666"", ""Prefix45"": ""7e2537dfe6b2ce1e1a9e41e916486f1041f6e6c2556fe23ae656c2a79f4c4666"", ""ReComp"": ""7e2537dfe6b2ce1e1a9e41e916486f1041f6e6c2556fe23ae656c2a79f4c4666""}"
convbench:88,87,True,True,True,True,True,True,436aebd43e00e0c1ae7d19ba736329896cbc6fbf70fc623d1501754617e68278,545d29248f076032919f9204ebb64c04749e73a0620542dcd8f462e75221230e,"{""FullLoad"": ""545d29248f076032919f9204ebb64c04749e73a0620542dcd8f462e75221230e"", ""Prefix25"": ""545d29248f076032919f9204ebb64c04749e73a0620542dcd8f462e75221230e"", ""Prefix45"": ""545d29248f076032919f9204ebb64c04749e73a0620542dcd8f462e75221230e"", ""ReComp"": ""545d29248f076032919f9204ebb64c04749e73a0620542dcd8f462e75221230e""}"
convbench:89,88,True,True,True,True,True,True,08449ad5c4d993c2c7a77ea2980f13799f9f329e66ee414a21501eef5c8e2601,cccb6df4147599ae8feb5ecb0e24717932dc73bffc08912272030e949ed4b757,"{""FullLoad"": ""cccb6df4147599ae8feb5ecb0e24717932dc73bffc08912272030e949ed4b757"", ""Prefix25"": ""cccb6df4147599ae8feb5ecb0e24717932dc73bffc08912272030e949ed4b757"", ""Prefix45"": ""cccb6df4147599ae8feb5ecb0e24717932dc73bffc08912272030e949ed4b757"", ""ReComp"": ""cccb6df4147599ae8feb5ecb0e24717932dc73bffc08912272030e949ed4b757""}"
convbench:90,89,True,True,True,True,True,True,7503e8de6f64552bdc67f3ec8783a89f25d9481b45df26f5c39569ddea6cc8c6,4578a088e1860b8af572064307faa8221bf52d0c83bd24151e137d9f7484c306,"{""FullLoad"": ""4578a088e1860b8af572064307faa8221bf52d0c83bd24151e137d9f7484c306"", ""Prefix25"": ""4578a088e1860b8af572064307faa8221bf52d0c83bd24151e137d9f7484c306"", ""Prefix45"": ""4578a088e1860b8af572064307faa8221bf52d0c83bd24151e137d9f7484c306"", ""ReComp"": ""4578a088e1860b8af572064307faa8221bf52d0c83bd24151e137d9f7484c306""}"
convbench:91,90,True,True,True,True,True,True,5da057b44d01358f37312d5664baa7b5b2d72248fb273f87b5d3d7bf88cb2cde,648bdcf246db6a8d9510aabb05425212c8f4ba18f633ef78cc1a92e509fa41be,"{""FullLoad"": ""648bdcf246db6a8d9510aabb05425212c8f4ba18f633ef78cc1a92e509fa41be"", ""Prefix25"": ""648bdcf246db6a8d9510aabb05425212c8f4ba18f633ef78cc1a92e509fa41be"", ""Prefix45"": ""648bdcf246db6a8d9510aabb05425212c8f4ba18f633ef78cc1a92e509fa41be"", ""ReComp"": ""648bdcf246db6a8d9510aabb05425212c8f4ba18f633ef78cc1a92e509fa41be""}"
convbench:92,91,True,True,True,True,True,True,94c26dbd59832ea518de8d2c112799476185cb95f9a5e97d3de9102f52dcb6db,79fa973de5ae2be5b174fcb4695145b1af5145b3246d82ffc4f88ba75538401e,"{""FullLoad"": ""79fa973de5ae2be5b174fcb4695145b1af5145b3246d82ffc4f88ba75538401e"", ""Prefix25"": ""79fa973de5ae2be5b174fcb4695145b1af5145b3246d82ffc4f88ba75538401e"", ""Prefix45"": ""79fa973de5ae2be5b174fcb4695145b1af5145b3246d82ffc4f88ba75538401e"", ""ReComp"": ""79fa973de5ae2be5b174fcb4695145b1af5145b3246d82ffc4f88ba75538401e""}"
convbench:93,92,True,True,True,True,True,True,57c894317758ead26899d187805ed309e991ec83adbe7cbb6363f9f0f8ba8e1f,298012822468f600d3af3c7e7f779e4310db1f033d53991642dc38824a3651ed,"{""FullLoad"": ""298012822468f600d3af3c7e7f779e4310db1f033d53991642dc38824a3651ed"", ""Prefix25"": ""298012822468f600d3af3c7e7f779e4310db1f033d53991642dc38824a3651ed"", ""Prefix45"": ""298012822468f600d3af3c7e7f779e4310db1f033d53991642dc38824a3651ed"", ""ReComp"": ""298012822468f600d3af3c7e7f779e4310db1f033d53991642dc38824a3651ed""}"
convbench:94,93,True,True,True,True,True,True,2c917de0e44bc8bf79edda692191594942c6db6d62f0b126ca733cb8591a5ad9,31e3a4c4261b6e85fb1c6968152facbf991d39cf46ee3184af588372d039a6c3,"{""FullLoad"": ""31e3a4c4261b6e85fb1c6968152facbf991d39cf46ee3184af588372d039a6c3"", ""Prefix25"": ""31e3a4c4261b6e85fb1c6968152facbf991d39cf46ee3184af588372d039a6c3"", ""Prefix45"": ""31e3a4c4261b6e85fb1c6968152facbf991d39cf46ee3184af588372d039a6c3"", ""ReComp"": ""31e3a4c4261b6e85fb1c6968152facbf991d39cf46ee3184af588372d039a6c3""}"
convbench:95,94,True,True,True,True,True,True,dd802f23e813d5019928764ee3400c882b6a63a276e01b6149607d6664d10d21,2980d3d88ebfaa096fce9741e463bb463561cfb6e9cd3f5704f3b1f575b3972a,"{""FullLoad"": ""2980d3d88ebfaa096fce9741e463bb463561cfb6e9cd3f5704f3b1f575b3972a"", ""Prefix25"": ""2980d3d88ebfaa096fce9741e463bb463561cfb6e9cd3f5704f3b1f575b3972a"", ""Prefix45"": ""2980d3d88ebfaa096fce9741e463bb463561cfb6e9cd3f5704f3b1f575b3972a"", ""ReComp"": ""2980d3d88ebfaa096fce9741e463bb463561cfb6e9cd3f5704f3b1f575b3972a""}"
convbench:96,95,True,True,True,True,True,True,0c40e1b36e11caf3ec3db99b99b5a9eb3f7918a89291ac0542d68f099c0b6029,cc173e8b8dab3aa016cff4a02be901b4351d620ec847065e9c0e301e7427b2f3,"{""FullLoad"": ""cc173e8b8dab3aa016cff4a02be901b4351d620ec847065e9c0e301e7427b2f3"", ""Prefix25"": ""cc173e8b8dab3aa016cff4a02be901b4351d620ec847065e9c0e301e7427b2f3"", ""Prefix45"": ""cc173e8b8dab3aa016cff4a02be901b4351d620ec847065e9c0e301e7427b2f3"", ""ReComp"": ""cc173e8b8dab3aa016cff4a02be901b4351d620ec847065e9c0e301e7427b2f3""}"
convbench:97,96,True,True,True,True,True,True,ec9ccda53004aa2d6f86dddccc9da320de4f820b83bd6a615f1e5568343a8ef5,369c78597f2f4d1d8b9b59e591d3d81e9b339e8bfdfef05bb52963489d519058,"{""FullLoad"": ""369c78597f2f4d1d8b9b59e591d3d81e9b339e8bfdfef05bb52963489d519058"", ""Prefix25"": ""369c78597f2f4d1d8b9b59e591d3d81e9b339e8bfdfef05bb52963489d519058"", ""Prefix45"": ""369c78597f2f4d1d8b9b59e591d3d81e9b339e8bfdfef05bb52963489d519058"", ""ReComp"": ""369c78597f2f4d1d8b9b59e591d3d81e9b339e8bfdfef05bb52963489d519058""}"
convbench:98,97,True,True,True,True,True,True,5a6a5467e794c69705173e7ac56b59180d724f935215754d310354c0ec770e00,1842fda01483c4c531209b328296ca1074724f594af3ad55927d8ef01f8ff53b,"{""FullLoad"": ""1842fda01483c4c531209b328296ca1074724f594af3ad55927d8ef01f8ff53b"", ""Prefix25"": ""1842fda01483c4c531209b328296ca1074724f594af3ad55927d8ef01f8ff53b"", ""Prefix45"": ""1842fda01483c4c531209b328296ca1074724f594af3ad55927d8ef01f8ff53b"", ""ReComp"": ""1842fda01483c4c531209b328296ca1074724f594af3ad55927d8ef01f8ff53b""}"
convbench:99,98,True,True,True,True,True,True,de4ed730a288cc8860c5b4bb333f6260f54fa97e48ff95328021095c4a40c02f,32fd8626dfe981d2bb05b5db304da6509127857d23ba89f53cb21450265a350e,"{""FullLoad"": ""32fd8626dfe981d2bb05b5db304da6509127857d23ba89f53cb21450265a350e"", ""Prefix25"": ""32fd8626dfe981d2bb05b5db304da6509127857d23ba89f53cb21450265a350e"", ""Prefix45"": ""32fd8626dfe981d2bb05b5db304da6509127857d23ba89f53cb21450265a350e"", ""ReComp"": ""32fd8626dfe981d2bb05b5db304da6509127857d23ba89f53cb21450265a350e""}"
convbench:100,99,True,True,True,True,True,True,045bd97c4fb5f27f6d3cf64cc6ec2fe476cc18c9a2aa569705267de560553f23,98cfaefb27dd81de9fdc991f97a20176e1b3f170e010e697602db47b0acfc478,"{""FullLoad"": ""98cfaefb27dd81de9fdc991f97a20176e1b3f170e010e697602db47b0acfc478"", ""Prefix25"": ""98cfaefb27dd81de9fdc991f97a20176e1b3f170e010e697602db47b0acfc478"", ""Prefix45"": ""98cfaefb27dd81de9fdc991f97a20176e1b3f170e010e697602db47b0acfc478"", ""ReComp"": ""98cfaefb27dd81de9fdc991f97a20176e1b3f170e010e697602db47b0acfc478""}"
convbench:101,100,True,True,True,True,True,True,a124c1ead182690996cc9ed5d2197a6d8bf05984dc0e18ef4881300a7a0e135f,911f0a377a4aa099ea0ef4466fe7142ccb429f1891eb824071b6e5b5f37c5514,"{""FullLoad"": ""911f0a377a4aa099ea0ef4466fe7142ccb429f1891eb824071b6e5b5f37c5514"", ""Prefix25"": ""911f0a377a4aa099ea0ef4466fe7142ccb429f1891eb824071b6e5b5f37c5514"", ""Prefix45"": ""911f0a377a4aa099ea0ef4466fe7142ccb429f1891eb824071b6e5b5f37c5514"", ""ReComp"": ""911f0a377a4aa099ea0ef4466fe7142ccb429f1891eb824071b6e5b5f37c5514""}"
convbench:102,101,True,True,True,True,True,True,cdf8e59063f931ed60143af7ba4a0885c5f88eededb6b11d9e2d90aaa9afc90d,28c052a720d49313e2997230a9988333867d835dedf6ac060aad654a696851a0,"{""FullLoad"": ""28c052a720d49313e2997230a9988333867d835dedf6ac060aad654a696851a0"", ""Prefix25"": ""28c052a720d49313e2997230a9988333867d835dedf6ac060aad654a696851a0"", ""Prefix45"": ""28c052a720d49313e2997230a9988333867d835dedf6ac060aad654a696851a0"", ""ReComp"": ""28c052a720d49313e2997230a9988333867d835dedf6ac060aad654a696851a0""}"
convbench:103,102,True,True,True,True,True,True,fa3cc79632163f8e86f5c1a73c507d39cf885087f60b4720aeaeec7b29cc6dc1,304136ffb9aa8cd5a6afd6408bed785ca5c3c307eb69837109769d317b80878e,"{""FullLoad"": ""304136ffb9aa8cd5a6afd6408bed785ca5c3c307eb69837109769d317b80878e"", ""Prefix25"": ""304136ffb9aa8cd5a6afd6408bed785ca5c3c307eb69837109769d317b80878e"", ""Prefix45"": ""304136ffb9aa8cd5a6afd6408bed785ca5c3c307eb69837109769d317b80878e"", ""ReComp"": ""304136ffb9aa8cd5a6afd6408bed785ca5c3c307eb69837109769d317b80878e""}"
convbench:104,103,True,True,True,True,True,True,f1edf3e15859f8c32b9848a1c3e7778d66b9cc7544171ca1439f0e94ed91d24c,f1e44fb219aa4f4b8a830220b0466f23ada99a750cb65b935b8a8fe2cb5eeb35,"{""FullLoad"": ""f1e44fb219aa4f4b8a830220b0466f23ada99a750cb65b935b8a8fe2cb5eeb35"", ""Prefix25"": ""f1e44fb219aa4f4b8a830220b0466f23ada99a750cb65b935b8a8fe2cb5eeb35"", ""Prefix45"": ""f1e44fb219aa4f4b8a830220b0466f23ada99a750cb65b935b8a8fe2cb5eeb35"", ""ReComp"": ""f1e44fb219aa4f4b8a830220b0466f23ada99a750cb65b935b8a8fe2cb5eeb35""}"
convbench:105,104,True,True,True,True,True,True,08401156d7b0485fece5da850fb56b7f53d6e3af100f1ad667e3ec1fbae74673,44c9b15ed883cd0b4cb8e0f3d48924d251b8bc81721eced97f7c19db38e8826e,"{""FullLoad"": ""44c9b15ed883cd0b4cb8e0f3d48924d251b8bc81721eced97f7c19db38e8826e"", ""Prefix25"": ""44c9b15ed883cd0b4cb8e0f3d48924d251b8bc81721eced97f7c19db38e8826e"", ""Prefix45"": ""44c9b15ed883cd0b4cb8e0f3d48924d251b8bc81721eced97f7c19db38e8826e"", ""ReComp"": ""44c9b15ed883cd0b4cb8e0f3d48924d251b8bc81721eced97f7c19db38e8826e""}"
convbench:106,105,True,True,True,True,True,True,5a31fdbd3e57a0000cbcf609c7274b85820ea8c7745fd0181c1522ff49b2499b,4e36dfe819551571a7ea8f4bfd6e5e0b2cbac85bea52854c83a2d853e203625a,"{""FullLoad"": ""4e36dfe819551571a7ea8f4bfd6e5e0b2cbac85bea52854c83a2d853e203625a"", ""Prefix25"": ""4e36dfe819551571a7ea8f4bfd6e5e0b2cbac85bea52854c83a2d853e203625a"", ""Prefix45"": ""4e36dfe819551571a7ea8f4bfd6e5e0b2cbac85bea52854c83a2d853e203625a"", ""ReComp"": ""4e36dfe819551571a7ea8f4bfd6e5e0b2cbac85bea52854c83a2d853e203625a""}"
convbench:107,106,True,True,True,True,True,True,30640cfdedbb5dcb61a7d2bd9f070948636ea412d8e017e0e31fb0cf059baf08,54fff558455cc382fe57849d443ee006139525a5503fcd6d85a73b2528662754,"{""FullLoad"": ""54fff558455cc382fe57849d443ee006139525a5503fcd6d85a73b2528662754"", ""Prefix25"": ""54fff558455cc382fe57849d443ee006139525a5503fcd6d85a73b2528662754"", ""Prefix45"": ""54fff558455cc382fe57849d443ee006139525a5503fcd6d85a73b2528662754"", ""ReComp"": ""54fff558455cc382fe57849d443ee006139525a5503fcd6d85a73b2528662754""}"
convbench:108,107,True,True,True,True,True,True,d3c5ab7472b3fca13511c561eaba986a3b6e00cd1cc7528d3dfce3658fdb1f29,eccbb7bd95fc5b266ad8dd74b0c705ecd751572271238fa35f996e631c362edd,"{""FullLoad"": ""eccbb7bd95fc5b266ad8dd74b0c705ecd751572271238fa35f996e631c362edd"", ""Prefix25"": ""eccbb7bd95fc5b266ad8dd74b0c705ecd751572271238fa35f996e631c362edd"", ""Prefix45"": ""eccbb7bd95fc5b266ad8dd74b0c705ecd751572271238fa35f996e631c362edd"", ""ReComp"": ""eccbb7bd95fc5b266ad8dd74b0c705ecd751572271238fa35f996e631c362edd""}"
convbench:109,108,True,True,True,True,True,True,452f660fcbe6a1ef5174bacc25fffa59bf4410803f0dda4165d9018b2aa2f91c,2c539820f32b69e57707746222ef4565b5e8dcfb099a587afbb5c33d679bfd0e,"{""FullLoad"": ""2c539820f32b69e57707746222ef4565b5e8dcfb099a587afbb5c33d679bfd0e"", ""Prefix25"": ""2c539820f32b69e57707746222ef4565b5e8dcfb099a587afbb5c33d679bfd0e"", ""Prefix45"": ""2c539820f32b69e57707746222ef4565b5e8dcfb099a587afbb5c33d679bfd0e"", ""ReComp"": ""2c539820f32b69e57707746222ef4565b5e8dcfb099a587afbb5c33d679bfd0e""}"
convbench:110,109,True,True,True,True,True,True,52ce7ffad557efeee150eb395ae17472ed863413dda9577afe26fd15558e523f,8f0099cba8d65bbfcbdd437844a3a33ebba541105b354a7acfc70add0cd1ba51,"{""FullLoad"": ""8f0099cba8d65bbfcbdd437844a3a33ebba541105b354a7acfc70add0cd1ba51"", ""Prefix25"": ""8f0099cba8d65bbfcbdd437844a3a33ebba541105b354a7acfc70add0cd1ba51"", ""Prefix45"": ""8f0099cba8d65bbfcbdd437844a3a33ebba541105b354a7acfc70add0cd1ba51"", ""ReComp"": ""8f0099cba8d65bbfcbdd437844a3a33ebba541105b354a7acfc70add0cd1ba51""}"
convbench:111,110,True,True,True,True,True,True,d12ea43ab2e3bf98487d249e8e429c2fbcab64d2a8c8469f3f54ed5a79ef5421,2670fcae4fa8b4cdab1d55b31fbcd03c55c631df2a270ac0f4a1b99e74163ecc,"{""FullLoad"": ""2670fcae4fa8b4cdab1d55b31fbcd03c55c631df2a270ac0f4a1b99e74163ecc"", ""Prefix25"": ""2670fcae4fa8b4cdab1d55b31fbcd03c55c631df2a270ac0f4a1b99e74163ecc"", ""Prefix45"": ""2670fcae4fa8b4cdab1d55b31fbcd03c55c631df2a270ac0f4a1b99e74163ecc"", ""ReComp"": ""2670fcae4fa8b4cdab1d55b31fbcd03c55c631df2a270ac0f4a1b99e74163ecc""}"
convbench:112,111,True,True,True,True,True,True,9ea7692d74afe88e08bc0d0fe4abd4036638aa21b14ee15f56fe91ae585d8d34,dc7d2f12930ed6b1c2ade513d424e1e7976ac05846b22d2e4fd92e6e0a6a795a,"{""FullLoad"": ""dc7d2f12930ed6b1c2ade513d424e1e7976ac05846b22d2e4fd92e6e0a6a795a"", ""Prefix25"": ""dc7d2f12930ed6b1c2ade513d424e1e7976ac05846b22d2e4fd92e6e0a6a795a"", ""Prefix45"": ""dc7d2f12930ed6b1c2ade513d424e1e7976ac05846b22d2e4fd92e6e0a6a795a"", ""ReComp"": ""dc7d2f12930ed6b1c2ade513d424e1e7976ac05846b22d2e4fd92e6e0a6a795a""}"
convbench:113,112,True,True,True,True,True,True,070f8216af6442885ce5a9f110129e47214defd5f9e52b4bca5bc9bb88f560e9,a34891a2c4badf35b02c2b55429df426cd570f489feb1d3f56087249df68d457,"{""FullLoad"": ""a34891a2c4badf35b02c2b55429df426cd570f489feb1d3f56087249df68d457"", ""Prefix25"": ""a34891a2c4badf35b02c2b55429df426cd570f489feb1d3f56087249df68d457"", ""Prefix45"": ""a34891a2c4badf35b02c2b55429df426cd570f489feb1d3f56087249df68d457"", ""ReComp"": ""a34891a2c4badf35b02c2b55429df426cd570f489feb1d3f56087249df68d457""}"
convbench:114,113,True,True,True,True,True,True,d53eb317d858c552b0f02e48863a45af41c87bda27d4b7a27340e7575af0d272,d66c622089a3280b1e0ede849fa7e03d1430dfe199caebb3f2fe64de0d2699ba,"{""FullLoad"": ""d66c622089a3280b1e0ede849fa7e03d1430dfe199caebb3f2fe64de0d2699ba"", ""Prefix25"": ""d66c622089a3280b1e0ede849fa7e03d1430dfe199caebb3f2fe64de0d2699ba"", ""Prefix45"": ""d66c622089a3280b1e0ede849fa7e03d1430dfe199caebb3f2fe64de0d2699ba"", ""ReComp"": ""d66c622089a3280b1e0ede849fa7e03d1430dfe199caebb3f2fe64de0d2699ba""}"
convbench:115,114,True,True,True,True,True,True,e2b690449153a050024ec654c1e64a176a38ec7c6a5303deaf997a98cd1f4809,dd00468cff874ca39c091317d8605958650f8071c96775789ce8ff4e2989a35a,"{""FullLoad"": ""dd00468cff874ca39c091317d8605958650f8071c96775789ce8ff4e2989a35a"", ""Prefix25"": ""dd00468cff874ca39c091317d8605958650f8071c96775789ce8ff4e2989a35a"", ""Prefix45"": ""dd00468cff874ca39c091317d8605958650f8071c96775789ce8ff4e2989a35a"", ""ReComp"": ""dd00468cff874ca39c091317d8605958650f8071c96775789ce8ff4e2989a35a""}"
convbench:116,115,True,True,True,True,True,True,a0e2fc4fb21262a08af26f5d8fe5654c5e7227bd4e00ecb119ad68c6c4f1d54a,55e1f1ee2b2b8b7b019fab8ce0337451ea3197f0a62a27aa3acb04239c5baa82,"{""FullLoad"": ""55e1f1ee2b2b8b7b019fab8ce0337451ea3197f0a62a27aa3acb04239c5baa82"", ""Prefix25"": ""55e1f1ee2b2b8b7b019fab8ce0337451ea3197f0a62a27aa3acb04239c5baa82"", ""Prefix45"": ""55e1f1ee2b2b8b7b019fab8ce0337451ea3197f0a62a27aa3acb04239c5baa82"", ""ReComp"": ""55e1f1ee2b2b8b7b019fab8ce0337451ea3197f0a62a27aa3acb04239c5baa82""}"
convbench:117,116,True,True,True,True,True,True,d631327894ff6eb129f5bd6b9703059b5d387d5d2ceee179c61948b28e0fa849,ed4a0e1b05b4a5b029dd2fdc3a7200cbc40b7b3a63e8e5583b8880666b854475,"{""FullLoad"": ""ed4a0e1b05b4a5b029dd2fdc3a7200cbc40b7b3a63e8e5583b8880666b854475"", ""Prefix25"": ""ed4a0e1b05b4a5b029dd2fdc3a7200cbc40b7b3a63e8e5583b8880666b854475"", ""Prefix45"": ""ed4a0e1b05b4a5b029dd2fdc3a7200cbc40b7b3a63e8e5583b8880666b854475"", ""ReComp"": ""ed4a0e1b05b4a5b029dd2fdc3a7200cbc40b7b3a63e8e5583b8880666b854475""}"
convbench:118,117,True,True,True,True,True,True,a0e2fc4fb21262a08af26f5d8fe5654c5e7227bd4e00ecb119ad68c6c4f1d54a,c74cd805ac4758566fb16ebf491361e5a7012830d5b777dc896c46729e0b8a3a,"{""FullLoad"": ""c74cd805ac4758566fb16ebf491361e5a7012830d5b777dc896c46729e0b8a3a"", ""Prefix25"": ""c74cd805ac4758566fb16ebf491361e5a7012830d5b777dc896c46729e0b8a3a"", ""Prefix45"": ""c74cd805ac4758566fb16ebf491361e5a7012830d5b777dc896c46729e0b8a3a"", ""ReComp"": ""c74cd805ac4758566fb16ebf491361e5a7012830d5b777dc896c46729e0b8a3a""}"
convbench:119,118,True,True,True,True,True,True,47e09d71a19eb8b980c687de7f330b875c34c29012e1112f7689f9e9a8360a4d,86cd05619899bb34fe62cd4e01d864fc33838ef8cbcc3749ae1f1d3b1a4e2d98,"{""FullLoad"": ""86cd05619899bb34fe62cd4e01d864fc33838ef8cbcc3749ae1f1d3b1a4e2d98"", ""Prefix25"": ""86cd05619899bb34fe62cd4e01d864fc33838ef8cbcc3749ae1f1d3b1a4e2d98"", ""Prefix45"": ""86cd05619899bb34fe62cd4e01d864fc33838ef8cbcc3749ae1f1d3b1a4e2d98"", ""ReComp"": ""86cd05619899bb34fe62cd4e01d864fc33838ef8cbcc3749ae1f1d3b1a4e2d98""}"
convbench:120,119,True,True,True,True,True,True,e8fcdd89a9d307205fa6ac75c5f7b9c09c5972d85efbf312252604cba75b4f19,ceacdf0dabd8cf054fa25c6b51395c327a1dee58e0b2ea54e7eff28e3a6cd1c9,"{""FullLoad"": ""ceacdf0dabd8cf054fa25c6b51395c327a1dee58e0b2ea54e7eff28e3a6cd1c9"", ""Prefix25"": ""ceacdf0dabd8cf054fa25c6b51395c327a1dee58e0b2ea54e7eff28e3a6cd1c9"", ""Prefix45"": ""ceacdf0dabd8cf054fa25c6b51395c327a1dee58e0b2ea54e7eff28e3a6cd1c9"", ""ReComp"": ""ceacdf0dabd8cf054fa25c6b51395c327a1dee58e0b2ea54e7eff28e3a6cd1c9""}"
convbench:121,120,True,True,True,True,True,True,53584aaf9f26830989dee11be079bf097f025df42c0bc205494aba1df02ba485,b4843ad01ca460a48abb22100847f5e92a3f14cf3e296f96a58f3c40830c999a,"{""FullLoad"": ""b4843ad01ca460a48abb22100847f5e92a3f14cf3e296f96a58f3c40830c999a"", ""Prefix25"": ""b4843ad01ca460a48abb22100847f5e92a3f14cf3e296f96a58f3c40830c999a"", ""Prefix45"": ""b4843ad01ca460a48abb22100847f5e92a3f14cf3e296f96a58f3c40830c999a"", ""ReComp"": ""b4843ad01ca460a48abb22100847f5e92a3f14cf3e296f96a58f3c40830c999a""}"
convbench:122,121,True,True,True,True,True,True,41757d0d7a6c9fad4d4da90f37bb9a13262ef1dfb766f35ebd80a49d636e0dd0,f673d7069531dfb7b6e39d01b162a867d43646de849a73d34cda82339d7ca2e3,"{""FullLoad"": ""f673d7069531dfb7b6e39d01b162a867d43646de849a73d34cda82339d7ca2e3"", ""Prefix25"": ""f673d7069531dfb7b6e39d01b162a867d43646de849a73d34cda82339d7ca2e3"", ""Prefix45"": ""f673d7069531dfb7b6e39d01b162a867d43646de849a73d34cda82339d7ca2e3"", ""ReComp"": ""f673d7069531dfb7b6e39d01b162a867d43646de849a73d34cda82339d7ca2e3""}"
convbench:123,122,True,True,True,True,True,True,6a47a91c09fbeb4dad7d8f87e674a9001a22f0eceb1595a24e29f9aef09a6b18,50959066a48c8956efd35088810576e75bcc1e27fc363adc31b4be5eac0ecfee,"{""FullLoad"": ""50959066a48c8956efd35088810576e75bcc1e27fc363adc31b4be5eac0ecfee"", ""Prefix25"": ""50959066a48c8956efd35088810576e75bcc1e27fc363adc31b4be5eac0ecfee"", ""Prefix45"": ""50959066a48c8956efd35088810576e75bcc1e27fc363adc31b4be5eac0ecfee"", ""ReComp"": ""50959066a48c8956efd35088810576e75bcc1e27fc363adc31b4be5eac0ecfee""}"
convbench:124,123,True,True,True,True,True,True,d0112e8d83a2849ae7ea90849fd4f387d2a24f7b4fa291ed9572a2ad03270991,4f4982005eefb095e51fec61c3f1b1f18a6546648f7f891b9f56fa9361597a17,"{""FullLoad"": ""4f4982005eefb095e51fec61c3f1b1f18a6546648f7f891b9f56fa9361597a17"", ""Prefix25"": ""4f4982005eefb095e51fec61c3f1b1f18a6546648f7f891b9f56fa9361597a17"", ""Prefix45"": ""4f4982005eefb095e51fec61c3f1b1f18a6546648f7f891b9f56fa9361597a17"", ""ReComp"": ""4f4982005eefb095e51fec61c3f1b1f18a6546648f7f891b9f56fa9361597a17""}"
convbench:125,124,True,True,True,True,True,True,4d278b3f582b8dae8bb60259edca145a161613bf796c0d9b44729c7c7b9fdc1a,c859b6e4e8e57ae1d936ffdbc4c8c52bd16bccb76a7cff97d254e1e6bcd628c2,"{""FullLoad"": ""c859b6e4e8e57ae1d936ffdbc4c8c52bd16bccb76a7cff97d254e1e6bcd628c2"", ""Prefix25"": ""c859b6e4e8e57ae1d936ffdbc4c8c52bd16bccb76a7cff97d254e1e6bcd628c2"", ""Prefix45"": ""c859b6e4e8e57ae1d936ffdbc4c8c52bd16bccb76a7cff97d254e1e6bcd628c2"", ""ReComp"": ""c859b6e4e8e57ae1d936ffdbc4c8c52bd16bccb76a7cff97d254e1e6bcd628c2""}"
convbench:126,125,True,True,True,True,True,True,92a98c60d41f50854ee1da072660c7f5eef213a0f97384346b57964ac4adb101,3c2afe4b77c9b039446c5542213d651764c8c4ab467037a1033901425eae4717,"{""FullLoad"": ""3c2afe4b77c9b039446c5542213d651764c8c4ab467037a1033901425eae4717"", ""Prefix25"": ""3c2afe4b77c9b039446c5542213d651764c8c4ab467037a1033901425eae4717"", ""Prefix45"": ""3c2afe4b77c9b039446c5542213d651764c8c4ab467037a1033901425eae4717"", ""ReComp"": ""3c2afe4b77c9b039446c5542213d651764c8c4ab467037a1033901425eae4717""}"
convbench:127,126,True,True,True,True,True,True,199d78b366eaba930f1fde8b9c7e7d61ec61cdad7cce41cebb8e6a6bbb84ef22,127890f684272ca4ac89228c3eafb45952d362df1b940742574bfb078f17b357,"{""FullLoad"": ""127890f684272ca4ac89228c3eafb45952d362df1b940742574bfb078f17b357"", ""Prefix25"": ""127890f684272ca4ac89228c3eafb45952d362df1b940742574bfb078f17b357"", ""Prefix45"": ""127890f684272ca4ac89228c3eafb45952d362df1b940742574bfb078f17b357"", ""ReComp"": ""127890f684272ca4ac89228c3eafb45952d362df1b940742574bfb078f17b357""}"
convbench:128,127,True,True,True,True,True,True,318bd30e1a0b062ffcbe07d6f281715006f2efa146ef64d1e2a64c78e11aa56b,0e9c514d712c6a396cddae447c6071da56b49c123dfd8fdb38ce9d17252fc1b3,"{""FullLoad"": ""0e9c514d712c6a396cddae447c6071da56b49c123dfd8fdb38ce9d17252fc1b3"", ""Prefix25"": ""0e9c514d712c6a396cddae447c6071da56b49c123dfd8fdb38ce9d17252fc1b3"", ""Prefix45"": ""0e9c514d712c6a396cddae447c6071da56b49c123dfd8fdb38ce9d17252fc1b3"", ""ReComp"": ""0e9c514d712c6a396cddae447c6071da56b49c123dfd8fdb38ce9d17252fc1b3""}"
convbench:129,128,True,True,True,True,True,True,035dc5e795f969d22cb2ca04dc64a6c7615ba872cebc69968a1a70593a4d620b,d5302a7829db2df0b3d584e413ac2f8e4ae6825c7425bb3ac4ffa515ed32f3f5,"{""FullLoad"": ""d5302a7829db2df0b3d584e413ac2f8e4ae6825c7425bb3ac4ffa515ed32f3f5"", ""Prefix25"": ""d5302a7829db2df0b3d584e413ac2f8e4ae6825c7425bb3ac4ffa515ed32f3f5"", ""Prefix45"": ""d5302a7829db2df0b3d584e413ac2f8e4ae6825c7425bb3ac4ffa515ed32f3f5"", ""ReComp"": ""d5302a7829db2df0b3d584e413ac2f8e4ae6825c7425bb3ac4ffa515ed32f3f5""}"
convbench:130,129,True,True,True,True,True,True,3badcfd2044cb9d0d91499024c7262b1045846a177f0f4c510a1539fc4a8affe,c2ce2d9d013e192de8cfe80faa5a84813b2a1a2dcc45c6ca19af97522bf18144,"{""FullLoad"": ""c2ce2d9d013e192de8cfe80faa5a84813b2a1a2dcc45c6ca19af97522bf18144"", ""Prefix25"": ""c2ce2d9d013e192de8cfe80faa5a84813b2a1a2dcc45c6ca19af97522bf18144"", ""Prefix45"": ""c2ce2d9d013e192de8cfe80faa5a84813b2a1a2dcc45c6ca19af97522bf18144"", ""ReComp"": ""c2ce2d9d013e192de8cfe80faa5a84813b2a1a2dcc45c6ca19af97522bf18144""}"
convbench:132,131,True,True,True,True,True,True,2650c03610b76ee79db0388f5258a035002b51f2101cc02fb3adcea19e5ddb36,5105d8b9e838ca3c1f0138ae95146899e365c0ae9491324771fafdceec20fb4a,"{""FullLoad"": ""5105d8b9e838ca3c1f0138ae95146899e365c0ae9491324771fafdceec20fb4a"", ""Prefix25"": ""5105d8b9e838ca3c1f0138ae95146899e365c0ae9491324771fafdceec20fb4a"", ""Prefix45"": ""5105d8b9e838ca3c1f0138ae95146899e365c0ae9491324771fafdceec20fb4a"", ""ReComp"": ""5105d8b9e838ca3c1f0138ae95146899e365c0ae9491324771fafdceec20fb4a""}"
convbench:133,132,True,True,True,True,True,True,89f7e44ac6fa5282ae3ab9ba4157b8da124d91b043bc6cfd0090fd8dbd6e2557,b36e5f9ccfd4392e23c0df7fe094fd493aebc2ffb3c1eaadd19d9bc8f25039bb,"{""FullLoad"": ""b36e5f9ccfd4392e23c0df7fe094fd493aebc2ffb3c1eaadd19d9bc8f25039bb"", ""Prefix25"": ""b36e5f9ccfd4392e23c0df7fe094fd493aebc2ffb3c1eaadd19d9bc8f25039bb"", ""Prefix45"": ""b36e5f9ccfd4392e23c0df7fe094fd493aebc2ffb3c1eaadd19d9bc8f25039bb"", ""ReComp"": ""b36e5f9ccfd4392e23c0df7fe094fd493aebc2ffb3c1eaadd19d9bc8f25039bb""}"
convbench:134,133,True,True,True,True,True,True,7bceda47e11e00edef7f4683eda9b342fbbead493b08df92d07f18b9029c3ce8,620ebb55f1be4b85689585893be6be1a34699b9afc75e152ac56dff37dbc75ef,"{""FullLoad"": ""620ebb55f1be4b85689585893be6be1a34699b9afc75e152ac56dff37dbc75ef"", ""Prefix25"": ""620ebb55f1be4b85689585893be6be1a34699b9afc75e152ac56dff37dbc75ef"", ""Prefix45"": ""620ebb55f1be4b85689585893be6be1a34699b9afc75e152ac56dff37dbc75ef"", ""ReComp"": ""620ebb55f1be4b85689585893be6be1a34699b9afc75e152ac56dff37dbc75ef""}"
convbench:135,134,True,True,True,True,True,True,436aebd43e00e0c1ae7d19ba736329896cbc6fbf70fc623d1501754617e68278,e0d9399c601cd961e261cac3ddf3a1a5c9c59130f024d6a30a6fc68c5d4e5222,"{""FullLoad"": ""e0d9399c601cd961e261cac3ddf3a1a5c9c59130f024d6a30a6fc68c5d4e5222"", ""Prefix25"": ""e0d9399c601cd961e261cac3ddf3a1a5c9c59130f024d6a30a6fc68c5d4e5222"", ""Prefix45"": ""e0d9399c601cd961e261cac3ddf3a1a5c9c59130f024d6a30a6fc68c5d4e5222"", ""ReComp"": ""e0d9399c601cd961e261cac3ddf3a1a5c9c59130f024d6a30a6fc68c5d4e5222""}"
convbench:136,135,True,True,True,True,True,True,3bc5c312cf0c9c156bb7aa951503513e78b271fb64e983df695a32120622e386,0cb57c0be7be8d0146af021c941d6b5123a87c69d69c232a21defc2e640c146e,"{""FullLoad"": ""0cb57c0be7be8d0146af021c941d6b5123a87c69d69c232a21defc2e640c146e"", ""Prefix25"": ""0cb57c0be7be8d0146af021c941d6b5123a87c69d69c232a21defc2e640c146e"", ""Prefix45"": ""0cb57c0be7be8d0146af021c941d6b5123a87c69d69c232a21defc2e640c146e"", ""ReComp"": ""0cb57c0be7be8d0146af021c941d6b5123a87c69d69c232a21defc2e640c146e""}"
convbench:137,136,True,True,True,True,True,True,00f972d89631b0b1e6be50d484329289a2962324f0af5b3a5b133f630c834aea,54e62e80d73bab1a5bb2ce599d40bc8fe472f0e3e11d60d55122998339c6ab01,"{""FullLoad"": ""54e62e80d73bab1a5bb2ce599d40bc8fe472f0e3e11d60d55122998339c6ab01"", ""Prefix25"": ""54e62e80d73bab1a5bb2ce599d40bc8fe472f0e3e11d60d55122998339c6ab01"", ""Prefix45"": ""54e62e80d73bab1a5bb2ce599d40bc8fe472f0e3e11d60d55122998339c6ab01"", ""ReComp"": ""54e62e80d73bab1a5bb2ce599d40bc8fe472f0e3e11d60d55122998339c6ab01""}"
convbench:138,137,True,True,True,True,True,True,827fb4f7a7622203c7f590587e1a43ffe9b2dd84ebc0ccfd47cdb16237927915,f6d040af4af595fd281645fa6e739bc685973108811397cc00eb95a6695ec8c7,"{""FullLoad"": ""f6d040af4af595fd281645fa6e739bc685973108811397cc00eb95a6695ec8c7"", ""Prefix25"": ""f6d040af4af595fd281645fa6e739bc685973108811397cc00eb95a6695ec8c7"", ""Prefix45"": ""f6d040af4af595fd281645fa6e739bc685973108811397cc00eb95a6695ec8c7"", ""ReComp"": ""f6d040af4af595fd281645fa6e739bc685973108811397cc00eb95a6695ec8c7""}"
convbench:139,138,True,True,True,True,True,True,cc3ae38d69e7ef1b8b61fc36649350a341fe971471e357ba573a40b142c20e50,da06df546f599365b23ce2dbcd7ea14ca4f0c48e6bd17e050372f2bf663cdb18,"{""FullLoad"": ""da06df546f599365b23ce2dbcd7ea14ca4f0c48e6bd17e050372f2bf663cdb18"", ""Prefix25"": ""da06df546f599365b23ce2dbcd7ea14ca4f0c48e6bd17e050372f2bf663cdb18"", ""Prefix45"": ""da06df546f599365b23ce2dbcd7ea14ca4f0c48e6bd17e050372f2bf663cdb18"", ""ReComp"": ""da06df546f599365b23ce2dbcd7ea14ca4f0c48e6bd17e050372f2bf663cdb18""}"
convbench:140,139,True,True,True,True,True,True,68d9188e41cb903583b2b616ce6fd2b2d6cfb290022d1d290a8519183037441c,53ed3473679ee664b86733805f1b3c00189d92a1688131cccffca8e3d4684b50,"{""FullLoad"": ""53ed3473679ee664b86733805f1b3c00189d92a1688131cccffca8e3d4684b50"", ""Prefix25"": ""53ed3473679ee664b86733805f1b3c00189d92a1688131cccffca8e3d4684b50"", ""Prefix45"": ""53ed3473679ee664b86733805f1b3c00189d92a1688131cccffca8e3d4684b50"", ""ReComp"": ""53ed3473679ee664b86733805f1b3c00189d92a1688131cccffca8e3d4684b50""}"
convbench:141,140,True,True,True,True,True,True,615ca2ff01cba89fd94d0badcbccf0feacb9508460c39a6320133f0c6264e168,e13911da4d2bfe52cecd6ff0a138c803b397ccda9760b694ef23c93b04af7946,"{""FullLoad"": ""e13911da4d2bfe52cecd6ff0a138c803b397ccda9760b694ef23c93b04af7946"", ""Prefix25"": ""e13911da4d2bfe52cecd6ff0a138c803b397ccda9760b694ef23c93b04af7946"", ""Prefix45"": ""e13911da4d2bfe52cecd6ff0a138c803b397ccda9760b694ef23c93b04af7946"", ""ReComp"": ""e13911da4d2bfe52cecd6ff0a138c803b397ccda9760b694ef23c93b04af7946""}"
convbench:142,141,True,True,True,True,True,True,dd1f51203d565cc60c7cb8f1ac06d56364b3ae22a4f24b79b04571a1d9adabd8,43ff6b2a18adc89f0b0f803878b929aa92dcec788a69259fea8d59273cda2acc,"{""FullLoad"": ""43ff6b2a18adc89f0b0f803878b929aa92dcec788a69259fea8d59273cda2acc"", ""Prefix25"": ""43ff6b2a18adc89f0b0f803878b929aa92dcec788a69259fea8d59273cda2acc"", ""Prefix45"": ""43ff6b2a18adc89f0b0f803878b929aa92dcec788a69259fea8d59273cda2acc"", ""ReComp"": ""43ff6b2a18adc89f0b0f803878b929aa92dcec788a69259fea8d59273cda2acc""}"
convbench:143,142,True,True,True,True,True,True,07c2fdb06567278bf4f183aea403083efde5e0927aa370788b4d31087b24c70b,7e7cebfa8e1146fa6ed10a5f7e2e842d5b3e3512263ddcf8ea8530124af7035e,"{""FullLoad"": ""7e7cebfa8e1146fa6ed10a5f7e2e842d5b3e3512263ddcf8ea8530124af7035e"", ""Prefix25"": ""7e7cebfa8e1146fa6ed10a5f7e2e842d5b3e3512263ddcf8ea8530124af7035e"", ""Prefix45"": ""7e7cebfa8e1146fa6ed10a5f7e2e842d5b3e3512263ddcf8ea8530124af7035e"", ""ReComp"": ""7e7cebfa8e1146fa6ed10a5f7e2e842d5b3e3512263ddcf8ea8530124af7035e""}"
convbench:144,143,True,True,True,True,True,True,8912abf8344e1cc5c0c413339b0e01922a20aad5db37bea584357ea6d8849220,372e5761821566e56eff5f0fe34d19a65e3ceca986fbd7c359bf637f7bae85b3,"{""FullLoad"": ""372e5761821566e56eff5f0fe34d19a65e3ceca986fbd7c359bf637f7bae85b3"", ""Prefix25"": ""372e5761821566e56eff5f0fe34d19a65e3ceca986fbd7c359bf637f7bae85b3"", ""Prefix45"": ""372e5761821566e56eff5f0fe34d19a65e3ceca986fbd7c359bf637f7bae85b3"", ""ReComp"": ""372e5761821566e56eff5f0fe34d19a65e3ceca986fbd7c359bf637f7bae85b3""}"
convbench:145,144,True,True,True,True,True,True,41757d0d7a6c9fad4d4da90f37bb9a13262ef1dfb766f35ebd80a49d636e0dd0,a57b7567968501066a2652db771ea7f8c77b3209815cd50e3335f74ea27624fd,"{""FullLoad"": ""a57b7567968501066a2652db771ea7f8c77b3209815cd50e3335f74ea27624fd"", ""Prefix25"": ""a57b7567968501066a2652db771ea7f8c77b3209815cd50e3335f74ea27624fd"", ""Prefix45"": ""a57b7567968501066a2652db771ea7f8c77b3209815cd50e3335f74ea27624fd"", ""ReComp"": ""a57b7567968501066a2652db771ea7f8c77b3209815cd50e3335f74ea27624fd""}"
convbench:146,145,True,True,True,True,True,True,6e7d5a363312ca3c2d893c1af9d3aa5e272be29b21533a004bdfd8e02fa662fb,a964615604437501b5c68df556877809bae986527a214bfe11952f09d841a69b,"{""FullLoad"": ""a964615604437501b5c68df556877809bae986527a214bfe11952f09d841a69b"", ""Prefix25"": ""a964615604437501b5c68df556877809bae986527a214bfe11952f09d841a69b"", ""Prefix45"": ""a964615604437501b5c68df556877809bae986527a214bfe11952f09d841a69b"", ""ReComp"": ""a964615604437501b5c68df556877809bae986527a214bfe11952f09d841a69b""}"
convbench:147,146,True,True,True,True,True,True,6a47a91c09fbeb4dad7d8f87e674a9001a22f0eceb1595a24e29f9aef09a6b18,ba8c79a46dba7fe3aedb35959a5cd63ebcd00e475520b8736b6968dc394ee257,"{""FullLoad"": ""ba8c79a46dba7fe3aedb35959a5cd63ebcd00e475520b8736b6968dc394ee257"", ""Prefix25"": ""ba8c79a46dba7fe3aedb35959a5cd63ebcd00e475520b8736b6968dc394ee257"", ""Prefix45"": ""ba8c79a46dba7fe3aedb35959a5cd63ebcd00e475520b8736b6968dc394ee257"", ""ReComp"": ""ba8c79a46dba7fe3aedb35959a5cd63ebcd00e475520b8736b6968dc394ee257""}"
convbench:148,147,True,True,True,True,True,True,6a47a91c09fbeb4dad7d8f87e674a9001a22f0eceb1595a24e29f9aef09a6b18,0ec324dc04feea24056be7cc042ec5c11be2580a589202f92ba0e85d78c9c152,"{""FullLoad"": ""0ec324dc04feea24056be7cc042ec5c11be2580a589202f92ba0e85d78c9c152"", ""Prefix25"": ""0ec324dc04feea24056be7cc042ec5c11be2580a589202f92ba0e85d78c9c152"", ""Prefix45"": ""0ec324dc04feea24056be7cc042ec5c11be2580a589202f92ba0e85d78c9c152"", ""ReComp"": ""0ec324dc04feea24056be7cc042ec5c11be2580a589202f92ba0e85d78c9c152""}"
convbench:149,148,True,True,True,True,True,True,2566f3c938263e43923bbf86e6647eb52052796b44bfb2241e303f13f1115190,115f4620e034222e8fd1156502434985e22a0f8662181a3ae0d62cfd22384f1f,"{""FullLoad"": ""115f4620e034222e8fd1156502434985e22a0f8662181a3ae0d62cfd22384f1f"", ""Prefix25"": ""115f4620e034222e8fd1156502434985e22a0f8662181a3ae0d62cfd22384f1f"", ""Prefix45"": ""115f4620e034222e8fd1156502434985e22a0f8662181a3ae0d62cfd22384f1f"", ""ReComp"": ""115f4620e034222e8fd1156502434985e22a0f8662181a3ae0d62cfd22384f1f""}"
convbench:150,149,True,True,True,True,True,True,8539c1786f0d49d8521a0ac584550e5a993f5a882e063fe52c22c29f1c15062e,b31b49d70d85d9f866d4095cc45d55fa53bd6391b3b4d2ca7514205d5b065db4,"{""FullLoad"": ""b31b49d70d85d9f866d4095cc45d55fa53bd6391b3b4d2ca7514205d5b065db4"", ""Prefix25"": ""b31b49d70d85d9f866d4095cc45d55fa53bd6391b3b4d2ca7514205d5b065db4"", ""Prefix45"": ""b31b49d70d85d9f866d4095cc45d55fa53bd6391b3b4d2ca7514205d5b065db4"", ""ReComp"": ""b31b49d70d85d9f866d4095cc45d55fa53bd6391b3b4d2ca7514205d5b065db4""}"
convbench:151,150,True,True,True,True,True,True,b3bfa4a3b407b9782413d298eb63f21f4171d08b1c1b8c7c8e62803bf743efa2,0bdeaf1026f6b78a986939b788bd49ddda616898def040bfa3a523228b67321f,"{""FullLoad"": ""0bdeaf1026f6b78a986939b788bd49ddda616898def040bfa3a523228b67321f"", ""Prefix25"": ""0bdeaf1026f6b78a986939b788bd49ddda616898def040bfa3a523228b67321f"", ""Prefix45"": ""0bdeaf1026f6b78a986939b788bd49ddda616898def040bfa3a523228b67321f"", ""ReComp"": ""0bdeaf1026f6b78a986939b788bd49ddda616898def040bfa3a523228b67321f""}"
convbench:152,151,True,True,True,True,True,True,6a47a91c09fbeb4dad7d8f87e674a9001a22f0eceb1595a24e29f9aef09a6b18,1f071f8345efaee717b4fd821d1b852ef0857478f2a0474b65814058658e9da3,"{""FullLoad"": ""1f071f8345efaee717b4fd821d1b852ef0857478f2a0474b65814058658e9da3"", ""Prefix25"": ""1f071f8345efaee717b4fd821d1b852ef0857478f2a0474b65814058658e9da3"", ""Prefix45"": ""1f071f8345efaee717b4fd821d1b852ef0857478f2a0474b65814058658e9da3"", ""ReComp"": ""1f071f8345efaee717b4fd821d1b852ef0857478f2a0474b65814058658e9da3""}"
convbench:153,152,True,True,True,True,True,True,cf4f8107addc788b8d9d83b39ffd47ab12a1c9b5c610cd2059ca8af5b65eb8e1,ff5c4689f07556cb74c1f5f2d9e4cebb42f617fe630ac9c3a2800af06645bc6e,"{""FullLoad"": ""ff5c4689f07556cb74c1f5f2d9e4cebb42f617fe630ac9c3a2800af06645bc6e"", ""Prefix25"": ""ff5c4689f07556cb74c1f5f2d9e4cebb42f617fe630ac9c3a2800af06645bc6e"", ""Prefix45"": ""ff5c4689f07556cb74c1f5f2d9e4cebb42f617fe630ac9c3a2800af06645bc6e"", ""ReComp"": ""ff5c4689f07556cb74c1f5f2d9e4cebb42f617fe630ac9c3a2800af06645bc6e""}"
convbench:154,153,True,True,True,True,True,True,0a7397d9c429da6818f3a400253d034cbe4c03418f132421e98938f8ea0ab425,8d2de53f856c8de3fe885c018d44d926d558d9b0d5025c621b5befd7811e6899,"{""FullLoad"": ""8d2de53f856c8de3fe885c018d44d926d558d9b0d5025c621b5befd7811e6899"", ""Prefix25"": ""8d2de53f856c8de3fe885c018d44d926d558d9b0d5025c621b5befd7811e6899"", ""Prefix45"": ""8d2de53f856c8de3fe885c018d44d926d558d9b0d5025c621b5befd7811e6899"", ""ReComp"": ""8d2de53f856c8de3fe885c018d44d926d558d9b0d5025c621b5befd7811e6899""}"
convbench:155,154,True,True,True,True,True,True,963a2328528723e5610ef0b411a2ada517caa8a7b189b88d46ed40cb780a3535,5b9abf92c94c773cbad017553dbdf4c08be66f8839fc06519928934b1e58d641,"{""FullLoad"": ""5b9abf92c94c773cbad017553dbdf4c08be66f8839fc06519928934b1e58d641"", ""Prefix25"": ""5b9abf92c94c773cbad017553dbdf4c08be66f8839fc06519928934b1e58d641"", ""Prefix45"": ""5b9abf92c94c773cbad017553dbdf4c08be66f8839fc06519928934b1e58d641"", ""ReComp"": ""5b9abf92c94c773cbad017553dbdf4c08be66f8839fc06519928934b1e58d641""}"
convbench:156,155,True,True,True,True,True,True,b64ee5e93cf7e5698d8a4feb3e871543d86ecef86d943fa352cc8684e31e1529,56048b5dbc56b2247869b36205257818b61343ec46469c6f61c2f2871dbdcba6,"{""FullLoad"": ""56048b5dbc56b2247869b36205257818b61343ec46469c6f61c2f2871dbdcba6"", ""Prefix25"": ""56048b5dbc56b2247869b36205257818b61343ec46469c6f61c2f2871dbdcba6"", ""Prefix45"": ""56048b5dbc56b2247869b36205257818b61343ec46469c6f61c2f2871dbdcba6"", ""ReComp"": ""56048b5dbc56b2247869b36205257818b61343ec46469c6f61c2f2871dbdcba6""}"
convbench:157,156,True,True,True,True,True,True,66a756fe1e5ab8f1378fc8edf34ae46b7915268ad11f9f0521a682b14203e1ed,a08350e4d66d9c5e3b7ed528970da31d8203b9c0ca9908e13ef69b99198872d6,"{""FullLoad"": ""a08350e4d66d9c5e3b7ed528970da31d8203b9c0ca9908e13ef69b99198872d6"", ""Prefix25"": ""a08350e4d66d9c5e3b7ed528970da31d8203b9c0ca9908e13ef69b99198872d6"", ""Prefix45"": ""a08350e4d66d9c5e3b7ed528970da31d8203b9c0ca9908e13ef69b99198872d6"", ""ReComp"": ""a08350e4d66d9c5e3b7ed528970da31d8203b9c0ca9908e13ef69b99198872d6""}"
convbench:158,157,True,True,True,True,True,True,d0112e8d83a2849ae7ea90849fd4f387d2a24f7b4fa291ed9572a2ad03270991,563067a6741b666963d9eeccd1eecc557fbefc447c8d130a2422cb5da8194684,"{""FullLoad"": ""563067a6741b666963d9eeccd1eecc557fbefc447c8d130a2422cb5da8194684"", ""Prefix25"": ""563067a6741b666963d9eeccd1eecc557fbefc447c8d130a2422cb5da8194684"", ""Prefix45"": ""563067a6741b666963d9eeccd1eecc557fbefc447c8d130a2422cb5da8194684"", ""ReComp"": ""563067a6741b666963d9eeccd1eecc557fbefc447c8d130a2422cb5da8194684""}"
convbench:159,158,True,True,True,True,True,True,5a157074f634dfb9ad747d9b2ffefddc6d229f08aceee2fa67a44f8ada4e50db,b648788c6f4578a57eaab4f44541412d8d5c69d53e2db8983f14778fe41579d2,"{""FullLoad"": ""b648788c6f4578a57eaab4f44541412d8d5c69d53e2db8983f14778fe41579d2"", ""Prefix25"": ""b648788c6f4578a57eaab4f44541412d8d5c69d53e2db8983f14778fe41579d2"", ""Prefix45"": ""b648788c6f4578a57eaab4f44541412d8d5c69d53e2db8983f14778fe41579d2"", ""ReComp"": ""b648788c6f4578a57eaab4f44541412d8d5c69d53e2db8983f14778fe41579d2""}"
convbench:160,159,True,True,True,True,True,True,bbd05353b188d1812fcc578799f66a290ff749a2a2ba8c72c86d15b1fb8ce363,821e540aa48325edfda32c004eadc5314e9709eda5f7028103e6e175dd1d6409,"{""FullLoad"": ""821e540aa48325edfda32c004eadc5314e9709eda5f7028103e6e175dd1d6409"", ""Prefix25"": ""821e540aa48325edfda32c004eadc5314e9709eda5f7028103e6e175dd1d6409"", ""Prefix45"": ""821e540aa48325edfda32c004eadc5314e9709eda5f7028103e6e175dd1d6409"", ""ReComp"": ""821e540aa48325edfda32c004eadc5314e9709eda5f7028103e6e175dd1d6409""}"
convbench:161,160,True,True,True,True,True,True,132065e7223f240c50b5a2e1eaec28555b0eb30255d69f810a53966880c45abe,1effe9dc302daeab5053cb79793d811f7d4988f1cc88b8219fa834a5c15c7be5,"{""FullLoad"": ""1effe9dc302daeab5053cb79793d811f7d4988f1cc88b8219fa834a5c15c7be5"", ""Prefix25"": ""1effe9dc302daeab5053cb79793d811f7d4988f1cc88b8219fa834a5c15c7be5"", ""Prefix45"": ""1effe9dc302daeab5053cb79793d811f7d4988f1cc88b8219fa834a5c15c7be5"", ""ReComp"": ""1effe9dc302daeab5053cb79793d811f7d4988f1cc88b8219fa834a5c15c7be5""}"
convbench:162,161,True,True,True,True,True,True,6a47a91c09fbeb4dad7d8f87e674a9001a22f0eceb1595a24e29f9aef09a6b18,e6a500b29df249032f63018b25cf8e946bb4db2254230a5ac0e45e8d86fb7b06,"{""FullLoad"": ""e6a500b29df249032f63018b25cf8e946bb4db2254230a5ac0e45e8d86fb7b06"", ""Prefix25"": ""e6a500b29df249032f63018b25cf8e946bb4db2254230a5ac0e45e8d86fb7b06"", ""Prefix45"": ""e6a500b29df249032f63018b25cf8e946bb4db2254230a5ac0e45e8d86fb7b06"", ""ReComp"": ""e6a500b29df249032f63018b25cf8e946bb4db2254230a5ac0e45e8d86fb7b06""}"
convbench:163,162,True,True,True,True,True,True,31cee2bdd528a95677360d0fb31f8c77d2c61bce4fc07b651f4f6ddce5610042,3671a434e040b36e568e1c26130f019e481b3f3a87fa50dd16011b657c29a36b,"{""FullLoad"": ""3671a434e040b36e568e1c26130f019e481b3f3a87fa50dd16011b657c29a36b"", ""Prefix25"": ""3671a434e040b36e568e1c26130f019e481b3f3a87fa50dd16011b657c29a36b"", ""Prefix45"": ""3671a434e040b36e568e1c26130f019e481b3f3a87fa50dd16011b657c29a36b"", ""ReComp"": ""3671a434e040b36e568e1c26130f019e481b3f3a87fa50dd16011b657c29a36b""}"
convbench:164,163,True,True,True,True,True,True,99850e4ab5859b6fa7f01ef4f1998c3916db91847545339e5ebbba33d7263779,fd58e86eaabe6de77e7670f69366c1ff233f6fb08c1660d65ed28b5fef3f8dc0,"{""FullLoad"": ""fd58e86eaabe6de77e7670f69366c1ff233f6fb08c1660d65ed28b5fef3f8dc0"", ""Prefix25"": ""fd58e86eaabe6de77e7670f69366c1ff233f6fb08c1660d65ed28b5fef3f8dc0"", ""Prefix45"": ""fd58e86eaabe6de77e7670f69366c1ff233f6fb08c1660d65ed28b5fef3f8dc0"", ""ReComp"": ""fd58e86eaabe6de77e7670f69366c1ff233f6fb08c1660d65ed28b5fef3f8dc0""}"
convbench:165,164,True,True,True,True,True,True,64e148fb220244731992cf1c7e7233cb5d975fb38c7b460475070cee0e1a931c,a3e95b4d780ddb73403a588d921db89b9992da7c3f7d9b70970b6cadc1f47a83,"{""FullLoad"": ""a3e95b4d780ddb73403a588d921db89b9992da7c3f7d9b70970b6cadc1f47a83"", ""Prefix25"": ""a3e95b4d780ddb73403a588d921db89b9992da7c3f7d9b70970b6cadc1f47a83"", ""Prefix45"": ""a3e95b4d780ddb73403a588d921db89b9992da7c3f7d9b70970b6cadc1f47a83"", ""ReComp"": ""a3e95b4d780ddb73403a588d921db89b9992da7c3f7d9b70970b6cadc1f47a83""}"
convbench:166,165,True,True,True,True,True,True,9aadb060fec99d87a70aede2e42d05bb50410702c2c47f16df966066578189f3,27ae7be42004b31132e59ea146d11ee56f9e6de67492042f821ee99cc56033e8,"{""FullLoad"": ""27ae7be42004b31132e59ea146d11ee56f9e6de67492042f821ee99cc56033e8"", ""Prefix25"": ""27ae7be42004b31132e59ea146d11ee56f9e6de67492042f821ee99cc56033e8"", ""Prefix45"": ""27ae7be42004b31132e59ea146d11ee56f9e6de67492042f821ee99cc56033e8"", ""ReComp"": ""27ae7be42004b31132e59ea146d11ee56f9e6de67492042f821ee99cc56033e8""}"
convbench:167,166,True,True,True,True,True,True,579ce273eb52201ded724a79e8171780ff9bb7d54554b600536b1e313c59635a,80a90e47322a601eed034d70cfdcb89956f6364179712a6580c43fb295bcafac,"{""FullLoad"": ""80a90e47322a601eed034d70cfdcb89956f6364179712a6580c43fb295bcafac"", ""Prefix25"": ""80a90e47322a601eed034d70cfdcb89956f6364179712a6580c43fb295bcafac"", ""Prefix45"": ""80a90e47322a601eed034d70cfdcb89956f6364179712a6580c43fb295bcafac"", ""ReComp"": ""80a90e47322a601eed034d70cfdcb89956f6364179712a6580c43fb295bcafac""}"
convbench:168,167,True,True,True,True,True,True,6a47a91c09fbeb4dad7d8f87e674a9001a22f0eceb1595a24e29f9aef09a6b18,e9fb81d1bea917d7feb31c56a1a74432b897946ba1c30a0ecbd08b58cf2b0762,"{""FullLoad"": ""e9fb81d1bea917d7feb31c56a1a74432b897946ba1c30a0ecbd08b58cf2b0762"", ""Prefix25"": ""e9fb81d1bea917d7feb31c56a1a74432b897946ba1c30a0ecbd08b58cf2b0762"", ""Prefix45"": ""e9fb81d1bea917d7feb31c56a1a74432b897946ba1c30a0ecbd08b58cf2b0762"", ""ReComp"": ""e9fb81d1bea917d7feb31c56a1a74432b897946ba1c30a0ecbd08b58cf2b0762""}"
convbench:169,168,True,True,True,True,True,True,55ec2d2d617c7498ca4ca4ec777f1e34362c9c2208f8cc9945882c87ddfad189,ba05762938923b710e359edb5391223b55bbdb23c98c898f278dcc4110dbad77,"{""FullLoad"": ""ba05762938923b710e359edb5391223b55bbdb23c98c898f278dcc4110dbad77"", ""Prefix25"": ""ba05762938923b710e359edb5391223b55bbdb23c98c898f278dcc4110dbad77"", ""Prefix45"": ""ba05762938923b710e359edb5391223b55bbdb23c98c898f278dcc4110dbad77"", ""ReComp"": ""ba05762938923b710e359edb5391223b55bbdb23c98c898f278dcc4110dbad77""}"
convbench:170,169,True,True,True,True,True,True,01e7b397afa4c4708605356d73437ad0a9b5bd15125405b68b4ea74b3d03c594,721b43af119552593fbd76d11c69b944d716406bdfc6e516095ed8949ab6b850,"{""FullLoad"": ""721b43af119552593fbd76d11c69b944d716406bdfc6e516095ed8949ab6b850"", ""Prefix25"": ""721b43af119552593fbd76d11c69b944d716406bdfc6e516095ed8949ab6b850"", ""Prefix45"": ""721b43af119552593fbd76d11c69b944d716406bdfc6e516095ed8949ab6b850"", ""ReComp"": ""721b43af119552593fbd76d11c69b944d716406bdfc6e516095ed8949ab6b850""}"
convbench:171,170,True,True,True,True,True,True,f226f2591266f1b4b6408cc5d1133ef02fdf68d3f73cf2fa725752cf543b2714,13cae762b8f1ca2962506fccf6c270438f656485df7b129e858961596de97014,"{""FullLoad"": ""13cae762b8f1ca2962506fccf6c270438f656485df7b129e858961596de97014"", ""Prefix25"": ""13cae762b8f1ca2962506fccf6c270438f656485df7b129e858961596de97014"", ""Prefix45"": ""13cae762b8f1ca2962506fccf6c270438f656485df7b129e858961596de97014"", ""ReComp"": ""13cae762b8f1ca2962506fccf6c270438f656485df7b129e858961596de97014""}"
convbench:172,171,True,True,True,True,True,True,589975d33519442cdbd5cbfa5cfd1280ca26a9609874bba3235f73b783fa27dc,226286160622a52404319c9fa37690d05fe49699e73a43030c50e3af6622a646,"{""FullLoad"": ""226286160622a52404319c9fa37690d05fe49699e73a43030c50e3af6622a646"", ""Prefix25"": ""226286160622a52404319c9fa37690d05fe49699e73a43030c50e3af6622a646"", ""Prefix45"": ""226286160622a52404319c9fa37690d05fe49699e73a43030c50e3af6622a646"", ""ReComp"": ""226286160622a52404319c9fa37690d05fe49699e73a43030c50e3af6622a646""}"
convbench:173,172,True,True,True,True,True,True,62b5e98feb2dc07dedf9c7d63450f0d851314ebcbf198c7ecb2a6a783e84cf90,cff25f80b70932716a80d2e555c1f083572f53ad113e1508984e02f47430ed65,"{""FullLoad"": ""cff25f80b70932716a80d2e555c1f083572f53ad113e1508984e02f47430ed65"", ""Prefix25"": ""cff25f80b70932716a80d2e555c1f083572f53ad113e1508984e02f47430ed65"", ""Prefix45"": ""cff25f80b70932716a80d2e555c1f083572f53ad113e1508984e02f47430ed65"", ""ReComp"": ""cff25f80b70932716a80d2e555c1f083572f53ad113e1508984e02f47430ed65""}"
convbench:174,173,True,True,True,True,True,True,6a47a91c09fbeb4dad7d8f87e674a9001a22f0eceb1595a24e29f9aef09a6b18,eef6da9625ffba7c2f5ff4b7fcc2c74b8289fa3e57db2610ac5a47c7d1fc7b95,"{""FullLoad"": ""eef6da9625ffba7c2f5ff4b7fcc2c74b8289fa3e57db2610ac5a47c7d1fc7b95"", ""Prefix25"": ""eef6da9625ffba7c2f5ff4b7fcc2c74b8289fa3e57db2610ac5a47c7d1fc7b95"", ""Prefix45"": ""eef6da9625ffba7c2f5ff4b7fcc2c74b8289fa3e57db2610ac5a47c7d1fc7b95"", ""ReComp"": ""eef6da9625ffba7c2f5ff4b7fcc2c74b8289fa3e57db2610ac5a47c7d1fc7b95""}"
convbench:175,174,True,True,True,True,True,True,2983f576c0f7c14b5a4d95c99109b53a0c5a883b1f9e75ea0e277a11eca24e09,2c462ca5947128060190dd30cb4a6f51007e2b8895248eca12bc4721932424a7,"{""FullLoad"": ""2c462ca5947128060190dd30cb4a6f51007e2b8895248eca12bc4721932424a7"", ""Prefix25"": ""2c462ca5947128060190dd30cb4a6f51007e2b8895248eca12bc4721932424a7"", ""Prefix45"": ""2c462ca5947128060190dd30cb4a6f51007e2b8895248eca12bc4721932424a7"", ""ReComp"": ""2c462ca5947128060190dd30cb4a6f51007e2b8895248eca12bc4721932424a7""}"
convbench:176,175,True,True,True,True,True,True,3e8f2aec9b9af7f7fd8f9c1194c47d5b6676ad13bfc61285023ba7fd9a5d4d84,d470a6e3dcfd9c8d0c5b2bff04987a0a945e9ffcafaf6b372d71cac5a6c2cc25,"{""FullLoad"": ""d470a6e3dcfd9c8d0c5b2bff04987a0a945e9ffcafaf6b372d71cac5a6c2cc25"", ""Prefix25"": ""d470a6e3dcfd9c8d0c5b2bff04987a0a945e9ffcafaf6b372d71cac5a6c2cc25"", ""Prefix45"": ""d470a6e3dcfd9c8d0c5b2bff04987a0a945e9ffcafaf6b372d71cac5a6c2cc25"", ""ReComp"": ""d470a6e3dcfd9c8d0c5b2bff04987a0a945e9ffcafaf6b372d71cac5a6c2cc25""}"
convbench:177,176,True,True,True,True,True,True,8539c1786f0d49d8521a0ac584550e5a993f5a882e063fe52c22c29f1c15062e,aefcdc849bca40e57f591e01c0a55b20667740a38c5040de1caaedea26fcc552,"{""FullLoad"": ""aefcdc849bca40e57f591e01c0a55b20667740a38c5040de1caaedea26fcc552"", ""Prefix25"": ""aefcdc849bca40e57f591e01c0a55b20667740a38c5040de1caaedea26fcc552"", ""Prefix45"": ""aefcdc849bca40e57f591e01c0a55b20667740a38c5040de1caaedea26fcc552"", ""ReComp"": ""aefcdc849bca40e57f591e01c0a55b20667740a38c5040de1caaedea26fcc552""}"
convbench:178,177,True,True,True,True,True,True,09f1c2264d0e1d4b5103e4367ed8b929ef3770fd163c6ca80735391611e9b9f4,564790ed4d086a7c9041c49680f66fefdcc1f3ace738d6ad7e852776545f15f4,"{""FullLoad"": ""564790ed4d086a7c9041c49680f66fefdcc1f3ace738d6ad7e852776545f15f4"", ""Prefix25"": ""564790ed4d086a7c9041c49680f66fefdcc1f3ace738d6ad7e852776545f15f4"", ""Prefix45"": ""564790ed4d086a7c9041c49680f66fefdcc1f3ace738d6ad7e852776545f15f4"", ""ReComp"": ""564790ed4d086a7c9041c49680f66fefdcc1f3ace738d6ad7e852776545f15f4""}"
convbench:179,178,True,True,True,True,True,True,5a157074f634dfb9ad747d9b2ffefddc6d229f08aceee2fa67a44f8ada4e50db,c6db180f4463153e2efb6792f5c2f5680eef276a0ebb1aafe22e934328321205,"{""FullLoad"": ""c6db180f4463153e2efb6792f5c2f5680eef276a0ebb1aafe22e934328321205"", ""Prefix25"": ""c6db180f4463153e2efb6792f5c2f5680eef276a0ebb1aafe22e934328321205"", ""Prefix45"": ""c6db180f4463153e2efb6792f5c2f5680eef276a0ebb1aafe22e934328321205"", ""ReComp"": ""c6db180f4463153e2efb6792f5c2f5680eef276a0ebb1aafe22e934328321205""}"
convbench:180,179,True,True,True,True,True,True,b2bbc108d8dee1b85cc66833ea22b8c94e928be058c52494cadc37f02f482731,2e5100f623c7b54d2c0e9ca4885c069dd068f9de2e0a1d8d1334faeb9b8ab701,"{""FullLoad"": ""2e5100f623c7b54d2c0e9ca4885c069dd068f9de2e0a1d8d1334faeb9b8ab701"", ""Prefix25"": ""2e5100f623c7b54d2c0e9ca4885c069dd068f9de2e0a1d8d1334faeb9b8ab701"", ""Prefix45"": ""2e5100f623c7b54d2c0e9ca4885c069dd068f9de2e0a1d8d1334faeb9b8ab701"", ""ReComp"": ""2e5100f623c7b54d2c0e9ca4885c069dd068f9de2e0a1d8d1334faeb9b8ab701""}"
convbench:181,180,True,True,True,True,True,True,79fdec840e6524b9e0f2f4f9053a52645f10f4fa4328bfb0fa783b2a6da3e4b8,e6d1317c632abf632fb72a33898ba6ce127954c8a15d7f2a14426a1f300f00c7,"{""FullLoad"": ""e6d1317c632abf632fb72a33898ba6ce127954c8a15d7f2a14426a1f300f00c7"", ""Prefix25"": ""e6d1317c632abf632fb72a33898ba6ce127954c8a15d7f2a14426a1f300f00c7"", ""Prefix45"": ""e6d1317c632abf632fb72a33898ba6ce127954c8a15d7f2a14426a1f300f00c7"", ""ReComp"": ""e6d1317c632abf632fb72a33898ba6ce127954c8a15d7f2a14426a1f300f00c7""}"
convbench:182,181,True,True,True,True,True,True,7e5e1a4d9560159ba31db94ab8bc88db409fd0bc84c3b68e6ee9626674bf68b3,dbb73b0bf538c3f4345bd701893b9cdb2be6eea438a24b7f7745d0ba62c2d5c6,"{""FullLoad"": ""dbb73b0bf538c3f4345bd701893b9cdb2be6eea438a24b7f7745d0ba62c2d5c6"", ""Prefix25"": ""dbb73b0bf538c3f4345bd701893b9cdb2be6eea438a24b7f7745d0ba62c2d5c6"", ""Prefix45"": ""dbb73b0bf538c3f4345bd701893b9cdb2be6eea438a24b7f7745d0ba62c2d5c6"", ""ReComp"": ""dbb73b0bf538c3f4345bd701893b9cdb2be6eea438a24b7f7745d0ba62c2d5c6""}"
convbench:183,182,True,True,True,True,True,True,6a47a91c09fbeb4dad7d8f87e674a9001a22f0eceb1595a24e29f9aef09a6b18,6764210a856b12f8f986866bf27ef50b5a9b27e9ba2f0d1deb7b13511b93d977,"{""FullLoad"": ""6764210a856b12f8f986866bf27ef50b5a9b27e9ba2f0d1deb7b13511b93d977"", ""Prefix25"": ""6764210a856b12f8f986866bf27ef50b5a9b27e9ba2f0d1deb7b13511b93d977"", ""Prefix45"": ""6764210a856b12f8f986866bf27ef50b5a9b27e9ba2f0d1deb7b13511b93d977"", ""ReComp"": ""6764210a856b12f8f986866bf27ef50b5a9b27e9ba2f0d1deb7b13511b93d977""}"
convbench:184,183,True,True,True,True,True,True,7f687e70011c372c98453979c686ea82e3068f82fd290cbe9f2a83a59c6eeac4,22dce3b7be8f1b94288878a2580e002300b5fa2dccb33ddab7724fa6048df331,"{""FullLoad"": ""22dce3b7be8f1b94288878a2580e002300b5fa2dccb33ddab7724fa6048df331"", ""Prefix25"": ""22dce3b7be8f1b94288878a2580e002300b5fa2dccb33ddab7724fa6048df331"", ""Prefix45"": ""22dce3b7be8f1b94288878a2580e002300b5fa2dccb33ddab7724fa6048df331"", ""ReComp"": ""22dce3b7be8f1b94288878a2580e002300b5fa2dccb33ddab7724fa6048df331""}"
convbench:185,184,True,True,True,True,True,True,11a3af9eefcb544bf21ad1a1bfdb61eb46ca8db6fd784275b09acfb217730c56,d7c8eb6a8a34f4e326a789a323f9b5c5ea04e06f7d11c16c25b547f7faf5539d,"{""FullLoad"": ""d7c8eb6a8a34f4e326a789a323f9b5c5ea04e06f7d11c16c25b547f7faf5539d"", ""Prefix25"": ""d7c8eb6a8a34f4e326a789a323f9b5c5ea04e06f7d11c16c25b547f7faf5539d"", ""Prefix45"": ""d7c8eb6a8a34f4e326a789a323f9b5c5ea04e06f7d11c16c25b547f7faf5539d"", ""ReComp"": ""d7c8eb6a8a34f4e326a789a323f9b5c5ea04e06f7d11c16c25b547f7faf5539d""}"
convbench:186,185,True,True,True,True,True,True,27001db61d1943b5c33638b16dfb3cc0c55f77af74fd404ced79a238eeb5e47e,4f33ce239c1b320880747afd9335e674127cf8e08997892263a7e5e793b52fcd,"{""FullLoad"": ""4f33ce239c1b320880747afd9335e674127cf8e08997892263a7e5e793b52fcd"", ""Prefix25"": ""4f33ce239c1b320880747afd9335e674127cf8e08997892263a7e5e793b52fcd"", ""Prefix45"": ""4f33ce239c1b320880747afd9335e674127cf8e08997892263a7e5e793b52fcd"", ""ReComp"": ""4f33ce239c1b320880747afd9335e674127cf8e08997892263a7e5e793b52fcd""}"
convbench:187,186,True,True,True,True,True,True,5a157074f634dfb9ad747d9b2ffefddc6d229f08aceee2fa67a44f8ada4e50db,a20040b58eff7680d67d67dcd4a9fdfecf75b6f9139483b17d51ddefb098b695,"{""FullLoad"": ""a20040b58eff7680d67d67dcd4a9fdfecf75b6f9139483b17d51ddefb098b695"", ""Prefix25"": ""a20040b58eff7680d67d67dcd4a9fdfecf75b6f9139483b17d51ddefb098b695"", ""Prefix45"": ""a20040b58eff7680d67d67dcd4a9fdfecf75b6f9139483b17d51ddefb098b695"", ""ReComp"": ""a20040b58eff7680d67d67dcd4a9fdfecf75b6f9139483b17d51ddefb098b695""}"
convbench:188,187,True,True,True,True,True,True,c1014ef3a269f04f66a46b42473aa4958f069240cb785b5d03ed2ead3dc44b70,f61d14a94ca00a682393e30b5bebabd7f66e51984d819143195af49e8d3df91e,"{""FullLoad"": ""f61d14a94ca00a682393e30b5bebabd7f66e51984d819143195af49e8d3df91e"", ""Prefix25"": ""f61d14a94ca00a682393e30b5bebabd7f66e51984d819143195af49e8d3df91e"", ""Prefix45"": ""f61d14a94ca00a682393e30b5bebabd7f66e51984d819143195af49e8d3df91e"", ""ReComp"": ""f61d14a94ca00a682393e30b5bebabd7f66e51984d819143195af49e8d3df91e""}"
convbench:189,188,True,True,True,True,True,True,436aebd43e00e0c1ae7d19ba736329896cbc6fbf70fc623d1501754617e68278,5bf0dd547b6c76534e8c77daeedb136b4b03cd49e4c513c304fb03af827c3d49,"{""FullLoad"": ""5bf0dd547b6c76534e8c77daeedb136b4b03cd49e4c513c304fb03af827c3d49"", ""Prefix25"": ""5bf0dd547b6c76534e8c77daeedb136b4b03cd49e4c513c304fb03af827c3d49"", ""Prefix45"": ""5bf0dd547b6c76534e8c77daeedb136b4b03cd49e4c513c304fb03af827c3d49"", ""ReComp"": ""5bf0dd547b6c76534e8c77daeedb136b4b03cd49e4c513c304fb03af827c3d49""}"
convbench:190,189,True,True,True,True,True,True,6a47a91c09fbeb4dad7d8f87e674a9001a22f0eceb1595a24e29f9aef09a6b18,8478c55a5ade09271b418f62cc11eed49c39e47d88037f2dcb620320bd2e308a,"{""FullLoad"": ""8478c55a5ade09271b418f62cc11eed49c39e47d88037f2dcb620320bd2e308a"", ""Prefix25"": ""8478c55a5ade09271b418f62cc11eed49c39e47d88037f2dcb620320bd2e308a"", ""Prefix45"": ""8478c55a5ade09271b418f62cc11eed49c39e47d88037f2dcb620320bd2e308a"", ""ReComp"": ""8478c55a5ade09271b418f62cc11eed49c39e47d88037f2dcb620320bd2e308a""}"
convbench:191,190,True,True,True,True,True,True,6a47a91c09fbeb4dad7d8f87e674a9001a22f0eceb1595a24e29f9aef09a6b18,a72daa41e2392a62093a89f178bb8cc8cb5307c0b65eb092bf91826befea7ed8,"{""FullLoad"": ""a72daa41e2392a62093a89f178bb8cc8cb5307c0b65eb092bf91826befea7ed8"", ""Prefix25"": ""a72daa41e2392a62093a89f178bb8cc8cb5307c0b65eb092bf91826befea7ed8"", ""Prefix45"": ""a72daa41e2392a62093a89f178bb8cc8cb5307c0b65eb092bf91826befea7ed8"", ""ReComp"": ""a72daa41e2392a62093a89f178bb8cc8cb5307c0b65eb092bf91826befea7ed8""}"
convbench:192,191,True,True,True,True,True,True,dd8c202632813cd69032978cca737796601ed06d9ea7050595f82528cbd2b802,f272bd2e8d29104c8b0fea1b0767b1d6310be6bca66d19a9120b62191f5247e1,"{""FullLoad"": ""f272bd2e8d29104c8b0fea1b0767b1d6310be6bca66d19a9120b62191f5247e1"", ""Prefix25"": ""f272bd2e8d29104c8b0fea1b0767b1d6310be6bca66d19a9120b62191f5247e1"", ""Prefix45"": ""f272bd2e8d29104c8b0fea1b0767b1d6310be6bca66d19a9120b62191f5247e1"", ""ReComp"": ""f272bd2e8d29104c8b0fea1b0767b1d6310be6bca66d19a9120b62191f5247e1""}"
convbench:193,192,True,True,True,True,True,True,405b8c267160accffb5d07ca41d9c86e9f672263ce5512bbaeeae7dd0add55ae,a2b1ff5f91c0694fcbf040de9ccffa3ff832e3c9d7a5a5268416b1f71c5c305d,"{""FullLoad"": ""a2b1ff5f91c0694fcbf040de9ccffa3ff832e3c9d7a5a5268416b1f71c5c305d"", ""Prefix25"": ""a2b1ff5f91c0694fcbf040de9ccffa3ff832e3c9d7a5a5268416b1f71c5c305d"", ""Prefix45"": ""a2b1ff5f91c0694fcbf040de9ccffa3ff832e3c9d7a5a5268416b1f71c5c305d"", ""ReComp"": ""a2b1ff5f91c0694fcbf040de9ccffa3ff832e3c9d7a5a5268416b1f71c5c305d""}"
convbench:194,193,True,True,True,True,True,True,0d1fe2c4313ce54202fd881a4845a53cb0ff607a202a3e6fac73b89f539fa066,b196581931ffa749fdc7013d06382f926b84ee40bf72cb97594f8149561a8b99,"{""FullLoad"": ""b196581931ffa749fdc7013d06382f926b84ee40bf72cb97594f8149561a8b99"", ""Prefix25"": ""b196581931ffa749fdc7013d06382f926b84ee40bf72cb97594f8149561a8b99"", ""Prefix45"": ""b196581931ffa749fdc7013d06382f926b84ee40bf72cb97594f8149561a8b99"", ""ReComp"": ""b196581931ffa749fdc7013d06382f926b84ee40bf72cb97594f8149561a8b99""}"
convbench:195,194,True,True,True,True,True,True,a4ca3dc190b4a7bdd36d282eb6b4f93c01dd17f5de1db7f3af9122a5d86dcf48,3b39220f46bb6d09dfd554c28348fbf774ca2e9a18212f09c0e21c14a2cc3dde,"{""FullLoad"": ""3b39220f46bb6d09dfd554c28348fbf774ca2e9a18212f09c0e21c14a2cc3dde"", ""Prefix25"": ""3b39220f46bb6d09dfd554c28348fbf774ca2e9a18212f09c0e21c14a2cc3dde"", ""Prefix45"": ""3b39220f46bb6d09dfd554c28348fbf774ca2e9a18212f09c0e21c14a2cc3dde"", ""ReComp"": ""3b39220f46bb6d09dfd554c28348fbf774ca2e9a18212f09c0e21c14a2cc3dde""}"
convbench:196,195,True,True,True,True,True,True,6a47a91c09fbeb4dad7d8f87e674a9001a22f0eceb1595a24e29f9aef09a6b18,1bd676defd924b152ef85a7b16f37982bc9175830b6bbcf2d2594cac3d474ffd,"{""FullLoad"": ""1bd676defd924b152ef85a7b16f37982bc9175830b6bbcf2d2594cac3d474ffd"", ""Prefix25"": ""1bd676defd924b152ef85a7b16f37982bc9175830b6bbcf2d2594cac3d474ffd"", ""Prefix45"": ""1bd676defd924b152ef85a7b16f37982bc9175830b6bbcf2d2594cac3d474ffd"", ""ReComp"": ""1bd676defd924b152ef85a7b16f37982bc9175830b6bbcf2d2594cac3d474ffd""}"
convbench:197,196,True,True,True,True,True,True,6a47a91c09fbeb4dad7d8f87e674a9001a22f0eceb1595a24e29f9aef09a6b18,b17b07c1a90a85745aee5929a4a72d0d8cad6b3649679af16c3e6ad24bfb1d37,"{""FullLoad"": ""b17b07c1a90a85745aee5929a4a72d0d8cad6b3649679af16c3e6ad24bfb1d37"", ""Prefix25"": ""b17b07c1a90a85745aee5929a4a72d0d8cad6b3649679af16c3e6ad24bfb1d37"", ""Prefix45"": ""b17b07c1a90a85745aee5929a4a72d0d8cad6b3649679af16c3e6ad24bfb1d37"", ""ReComp"": ""b17b07c1a90a85745aee5929a4a72d0d8cad6b3649679af16c3e6ad24bfb1d37""}"
convbench:198,197,True,True,True,True,True,True,17ad66be38d6ac4f08c79ca3c839ea8727eddf270939cb71e452db62f050dafc,2832750814896f38c3d3a75f8c904d92d7a5bc9ecdd5bc337bc866c2d23cac19,"{""FullLoad"": ""2832750814896f38c3d3a75f8c904d92d7a5bc9ecdd5bc337bc866c2d23cac19"", ""Prefix25"": ""2832750814896f38c3d3a75f8c904d92d7a5bc9ecdd5bc337bc866c2d23cac19"", ""Prefix45"": ""2832750814896f38c3d3a75f8c904d92d7a5bc9ecdd5bc337bc866c2d23cac19"", ""ReComp"": ""2832750814896f38c3d3a75f8c904d92d7a5bc9ecdd5bc337bc866c2d23cac19""}"
convbench:199,198,True,True,True,True,True,True,fae53154e007bc6e8ee6d82d9fc5b575b6569beeee4403f772013def56fd96b9,fc3942595971e68af2ae897f69fce8c4f966f91bee0d151d72c28283ec5660a6,"{""FullLoad"": ""fc3942595971e68af2ae897f69fce8c4f966f91bee0d151d72c28283ec5660a6"", ""Prefix25"": ""fc3942595971e68af2ae897f69fce8c4f966f91bee0d151d72c28283ec5660a6"", ""Prefix45"": ""fc3942595971e68af2ae897f69fce8c4f966f91bee0d151d72c28283ec5660a6"", ""ReComp"": ""fc3942595971e68af2ae897f69fce8c4f966f91bee0d151d72c28283ec5660a6""}"
convbench:200,199,True,True,True,True,True,True,4687a352a2df0ea516012ba39fde0c3fefd40e3f87e726540372efa005e60972,e602fb6aaaa402f7f31064e07806373b34e5ea3da54da4b2a89df28515fc3656,"{""FullLoad"": ""e602fb6aaaa402f7f31064e07806373b34e5ea3da54da4b2a89df28515fc3656"", ""Prefix25"": ""e602fb6aaaa402f7f31064e07806373b34e5ea3da54da4b2a89df28515fc3656"", ""Prefix45"": ""e602fb6aaaa402f7f31064e07806373b34e5ea3da54da4b2a89df28515fc3656"", ""ReComp"": ""e602fb6aaaa402f7f31064e07806373b34e5ea3da54da4b2a89df28515fc3656""}"
convbench:201,200,True,True,True,True,True,True,6a47a91c09fbeb4dad7d8f87e674a9001a22f0eceb1595a24e29f9aef09a6b18,2ab002b896f6a1212d3834390788bc22e6f6b97d44499538df738e8e718de079,"{""FullLoad"": ""2ab002b896f6a1212d3834390788bc22e6f6b97d44499538df738e8e718de079"", ""Prefix25"": ""2ab002b896f6a1212d3834390788bc22e6f6b97d44499538df738e8e718de079"", ""Prefix45"": ""2ab002b896f6a1212d3834390788bc22e6f6b97d44499538df738e8e718de079"", ""ReComp"": ""2ab002b896f6a1212d3834390788bc22e6f6b97d44499538df738e8e718de079""}"
convbench:202,201,True,True,True,True,True,True,6a47a91c09fbeb4dad7d8f87e674a9001a22f0eceb1595a24e29f9aef09a6b18,017780a9c534590683da4c125ef8aed68f29060e03049f41c57fca8608581352,"{""FullLoad"": ""017780a9c534590683da4c125ef8aed68f29060e03049f41c57fca8608581352"", ""Prefix25"": ""017780a9c534590683da4c125ef8aed68f29060e03049f41c57fca8608581352"", ""Prefix45"": ""017780a9c534590683da4c125ef8aed68f29060e03049f41c57fca8608581352"", ""ReComp"": ""017780a9c534590683da4c125ef8aed68f29060e03049f41c57fca8608581352""}"
convbench:203,202,True,True,True,True,True,True,6a47a91c09fbeb4dad7d8f87e674a9001a22f0eceb1595a24e29f9aef09a6b18,0ec324dc04feea24056be7cc042ec5c11be2580a589202f92ba0e85d78c9c152,"{""FullLoad"": ""0ec324dc04feea24056be7cc042ec5c11be2580a589202f92ba0e85d78c9c152"", ""Prefix25"": ""0ec324dc04feea24056be7cc042ec5c11be2580a589202f92ba0e85d78c9c152"", ""Prefix45"": ""0ec324dc04feea24056be7cc042ec5c11be2580a589202f92ba0e85d78c9c152"", ""ReComp"": ""0ec324dc04feea24056be7cc042ec5c11be2580a589202f92ba0e85d78c9c152""}"
convbench:204,203,True,True,True,True,True,True,6a47a91c09fbeb4dad7d8f87e674a9001a22f0eceb1595a24e29f9aef09a6b18,1187386b9a7438ace2270ff705be7057242fb66aca6f5b51ee0fba0710fdc4bd,"{""FullLoad"": ""1187386b9a7438ace2270ff705be7057242fb66aca6f5b51ee0fba0710fdc4bd"", ""Prefix25"": ""1187386b9a7438ace2270ff705be7057242fb66aca6f5b51ee0fba0710fdc4bd"", ""Prefix45"": ""1187386b9a7438ace2270ff705be7057242fb66aca6f5b51ee0fba0710fdc4bd"", ""ReComp"": ""1187386b9a7438ace2270ff705be7057242fb66aca6f5b51ee0fba0710fdc4bd""}"
convbench:205,204,True,True,True,True,True,True,89f7e44ac6fa5282ae3ab9ba4157b8da124d91b043bc6cfd0090fd8dbd6e2557,2f25e01cb50d4d35a70d780a639541ad9f31a23c1e4dd7141fca4e938b393c6d,"{""FullLoad"": ""2f25e01cb50d4d35a70d780a639541ad9f31a23c1e4dd7141fca4e938b393c6d"", ""Prefix25"": ""2f25e01cb50d4d35a70d780a639541ad9f31a23c1e4dd7141fca4e938b393c6d"", ""Prefix45"": ""2f25e01cb50d4d35a70d780a639541ad9f31a23c1e4dd7141fca4e938b393c6d"", ""ReComp"": ""2f25e01cb50d4d35a70d780a639541ad9f31a23c1e4dd7141fca4e938b393c6d""}"
convbench:206,205,True,True,True,True,True,True,6a47a91c09fbeb4dad7d8f87e674a9001a22f0eceb1595a24e29f9aef09a6b18,d8383ee1063701c6e2d119e8aba73dc5994aedff0b778fcf344d35a1e205aad0,"{""FullLoad"": ""d8383ee1063701c6e2d119e8aba73dc5994aedff0b778fcf344d35a1e205aad0"", ""Prefix25"": ""d8383ee1063701c6e2d119e8aba73dc5994aedff0b778fcf344d35a1e205aad0"", ""Prefix45"": ""d8383ee1063701c6e2d119e8aba73dc5994aedff0b778fcf344d35a1e205aad0"", ""ReComp"": ""d8383ee1063701c6e2d119e8aba73dc5994aedff0b778fcf344d35a1e205aad0""}"
convbench:207,206,True,True,True,True,True,True,6a47a91c09fbeb4dad7d8f87e674a9001a22f0eceb1595a24e29f9aef09a6b18,f08487d060c62e3afd9f4d0b549d37f20db321cc58ad0c3da64936dab65f2b07,"{""FullLoad"": ""f08487d060c62e3afd9f4d0b549d37f20db321cc58ad0c3da64936dab65f2b07"", ""Prefix25"": ""f08487d060c62e3afd9f4d0b549d37f20db321cc58ad0c3da64936dab65f2b07"", ""Prefix45"": ""f08487d060c62e3afd9f4d0b549d37f20db321cc58ad0c3da64936dab65f2b07"", ""ReComp"": ""f08487d060c62e3afd9f4d0b549d37f20db321cc58ad0c3da64936dab65f2b07""}"
convbench:208,207,True,True,True,True,True,True,263edb21bae31659353578f5418b9f568a76548d343b39de8b9c26c94fd64623,4972980d8d24aa1ea531d9bd4a943d9839b217e49d547dbb5620febf001fa163,"{""FullLoad"": ""4972980d8d24aa1ea531d9bd4a943d9839b217e49d547dbb5620febf001fa163"", ""Prefix25"": ""4972980d8d24aa1ea531d9bd4a943d9839b217e49d547dbb5620febf001fa163"", ""Prefix45"": ""4972980d8d24aa1ea531d9bd4a943d9839b217e49d547dbb5620febf001fa163"", ""ReComp"": ""4972980d8d24aa1ea531d9bd4a943d9839b217e49d547dbb5620febf001fa163""}"
convbench:209,208,True,True,True,True,True,True,6a47a91c09fbeb4dad7d8f87e674a9001a22f0eceb1595a24e29f9aef09a6b18,73d30611bfa9f4e57e1e1ab02e16c0054fe732f73da9d82ebb4b7d99e6e42d9c,"{""FullLoad"": ""73d30611bfa9f4e57e1e1ab02e16c0054fe732f73da9d82ebb4b7d99e6e42d9c"", ""Prefix25"": ""73d30611bfa9f4e57e1e1ab02e16c0054fe732f73da9d82ebb4b7d99e6e42d9c"", ""Prefix45"": ""73d30611bfa9f4e57e1e1ab02e16c0054fe732f73da9d82ebb4b7d99e6e42d9c"", ""ReComp"": ""73d30611bfa9f4e57e1e1ab02e16c0054fe732f73da9d82ebb4b7d99e6e42d9c""}"
convbench:210,209,True,True,True,True,True,True,845df900a344b51b2cf3187437647e0e850040fe9a738ff5c9ba781aecaecae4,ce4ee942a469315e732ea0014e6afae5873f2261c71ce50abcb0fc8ef2a547c3,"{""FullLoad"": ""ce4ee942a469315e732ea0014e6afae5873f2261c71ce50abcb0fc8ef2a547c3"", ""Prefix25"": ""ce4ee942a469315e732ea0014e6afae5873f2261c71ce50abcb0fc8ef2a547c3"", ""Prefix45"": ""ce4ee942a469315e732ea0014e6afae5873f2261c71ce50abcb0fc8ef2a547c3"", ""ReComp"": ""ce4ee942a469315e732ea0014e6afae5873f2261c71ce50abcb0fc8ef2a547c3""}"
convbench:211,210,True,True,True,True,True,True,4a63098016a9483a066e9ae841099f697560a50b480edde8a8f29398a9526d8f,e9b59a3bbe9ed7f13bf1f605cdf39e2ac66b957e097b6690176ee44c2bbc71e3,"{""FullLoad"": ""e9b59a3bbe9ed7f13bf1f605cdf39e2ac66b957e097b6690176ee44c2bbc71e3"", ""Prefix25"": ""e9b59a3bbe9ed7f13bf1f605cdf39e2ac66b957e097b6690176ee44c2bbc71e3"", ""Prefix45"": ""e9b59a3bbe9ed7f13bf1f605cdf39e2ac66b957e097b6690176ee44c2bbc71e3"", ""ReComp"": ""e9b59a3bbe9ed7f13bf1f605cdf39e2ac66b957e097b6690176ee44c2bbc71e3""}"
convbench:212,211,True,True,True,True,True,True,4d278b3f582b8dae8bb60259edca145a161613bf796c0d9b44729c7c7b9fdc1a,7dc3c7fabe47e4cc62e35909bc2e4912684bfe01b66fd7d6e79ecb7badfee499,"{""FullLoad"": ""7dc3c7fabe47e4cc62e35909bc2e4912684bfe01b66fd7d6e79ecb7badfee499"", ""Prefix25"": ""7dc3c7fabe47e4cc62e35909bc2e4912684bfe01b66fd7d6e79ecb7badfee499"", ""Prefix45"": ""7dc3c7fabe47e4cc62e35909bc2e4912684bfe01b66fd7d6e79ecb7badfee499"", ""ReComp"": ""7dc3c7fabe47e4cc62e35909bc2e4912684bfe01b66fd7d6e79ecb7badfee499""}"
convbench:213,212,True,True,True,True,True,True,6a47a91c09fbeb4dad7d8f87e674a9001a22f0eceb1595a24e29f9aef09a6b18,b332db5d1e5c0c2c9f1941b9c796fdefe3ca0e3685a205990a8fdf176c511721,"{""FullLoad"": ""b332db5d1e5c0c2c9f1941b9c796fdefe3ca0e3685a205990a8fdf176c511721"", ""Prefix25"": ""b332db5d1e5c0c2c9f1941b9c796fdefe3ca0e3685a205990a8fdf176c511721"", ""Prefix45"": ""b332db5d1e5c0c2c9f1941b9c796fdefe3ca0e3685a205990a8fdf176c511721"", ""ReComp"": ""b332db5d1e5c0c2c9f1941b9c796fdefe3ca0e3685a205990a8fdf176c511721""}"
convbench:214,213,True,True,True,True,True,True,014b839a34025ad58fad712505a013e5edaa6392b9d3c45489ed89eae42262f2,c20bef35707b5fe8b8fe6a984354541b6b2374cafc142c4ec64f0811c3125208,"{""FullLoad"": ""c20bef35707b5fe8b8fe6a984354541b6b2374cafc142c4ec64f0811c3125208"", ""Prefix25"": ""c20bef35707b5fe8b8fe6a984354541b6b2374cafc142c4ec64f0811c3125208"", ""Prefix45"": ""c20bef35707b5fe8b8fe6a984354541b6b2374cafc142c4ec64f0811c3125208"", ""ReComp"": ""c20bef35707b5fe8b8fe6a984354541b6b2374cafc142c4ec64f0811c3125208""}"
convbench:215,214,True,True,True,True,True,True,b4761e7f6024a79bf7cd5f84f1d391b9cb66604e71d52b58b73d6482c8473f87,ae1057c7a3c573bf8ce171cf162aa5414d9b627d902d131b5175c81bac233a83,"{""FullLoad"": ""ae1057c7a3c573bf8ce171cf162aa5414d9b627d902d131b5175c81bac233a83"", ""Prefix25"": ""ae1057c7a3c573bf8ce171cf162aa5414d9b627d902d131b5175c81bac233a83"", ""Prefix45"": ""ae1057c7a3c573bf8ce171cf162aa5414d9b627d902d131b5175c81bac233a83"", ""ReComp"": ""ae1057c7a3c573bf8ce171cf162aa5414d9b627d902d131b5175c81bac233a83""}"
convbench:216,215,True,True,True,True,True,True,6a47a91c09fbeb4dad7d8f87e674a9001a22f0eceb1595a24e29f9aef09a6b18,7d709ec329ea026a8ba15a00a6ba5806fd9c8f55130cf43e50a1055fd0380880,"{""FullLoad"": ""7d709ec329ea026a8ba15a00a6ba5806fd9c8f55130cf43e50a1055fd0380880"", ""Prefix25"": ""7d709ec329ea026a8ba15a00a6ba5806fd9c8f55130cf43e50a1055fd0380880"", ""Prefix45"": ""7d709ec329ea026a8ba15a00a6ba5806fd9c8f55130cf43e50a1055fd0380880"", ""ReComp"": ""7d709ec329ea026a8ba15a00a6ba5806fd9c8f55130cf43e50a1055fd0380880""}"
convbench:217,216,True,True,True,True,True,True,e11d029d0e1ac38e016fe6223ac58f3bc67a5c89b1911670e888eaae113dce46,16e14579743e25242706f63684e5d1f074a92c79dc35f8a818ce242c974e5202,"{""FullLoad"": ""16e14579743e25242706f63684e5d1f074a92c79dc35f8a818ce242c974e5202"", ""Prefix25"": ""16e14579743e25242706f63684e5d1f074a92c79dc35f8a818ce242c974e5202"", ""Prefix45"": ""16e14579743e25242706f63684e5d1f074a92c79dc35f8a818ce242c974e5202"", ""ReComp"": ""16e14579743e25242706f63684e5d1f074a92c79dc35f8a818ce242c974e5202""}"
convbench:218,217,True,True,True,True,True,True,0b513883a6b8d24181a6fab747e4c09ed01d9293aba98b2f11c70780bddebc3b,fa4994a80243455320701d4369631c36c5a1879d7a5f40ca798ccf362c47e9cf,"{""FullLoad"": ""fa4994a80243455320701d4369631c36c5a1879d7a5f40ca798ccf362c47e9cf"", ""Prefix25"": ""fa4994a80243455320701d4369631c36c5a1879d7a5f40ca798ccf362c47e9cf"", ""Prefix45"": ""fa4994a80243455320701d4369631c36c5a1879d7a5f40ca798ccf362c47e9cf"", ""ReComp"": ""fa4994a80243455320701d4369631c36c5a1879d7a5f40ca798ccf362c47e9cf""}"
convbench:219,218,True,True,True,True,True,True,014b839a34025ad58fad712505a013e5edaa6392b9d3c45489ed89eae42262f2,e48f379926aed5868c8bad82d38bc41d0f987f119da0c164ea9b13ad84a4ee87,"{""FullLoad"": ""e48f379926aed5868c8bad82d38bc41d0f987f119da0c164ea9b13ad84a4ee87"", ""Prefix25"": ""e48f379926aed5868c8bad82d38bc41d0f987f119da0c164ea9b13ad84a4ee87"", ""Prefix45"": ""e48f379926aed5868c8bad82d38bc41d0f987f119da0c164ea9b13ad84a4ee87"", ""ReComp"": ""e48f379926aed5868c8bad82d38bc41d0f987f119da0c164ea9b13ad84a4ee87""}"
convbench:220,219,True,True,True,True,True,True,436aebd43e00e0c1ae7d19ba736329896cbc6fbf70fc623d1501754617e68278,0052d13809b185bb9ad35e53579b96e234ee85e5378159c1d4fcea1daa8fd81d,"{""FullLoad"": ""0052d13809b185bb9ad35e53579b96e234ee85e5378159c1d4fcea1daa8fd81d"", ""Prefix25"": ""0052d13809b185bb9ad35e53579b96e234ee85e5378159c1d4fcea1daa8fd81d"", ""Prefix45"": ""0052d13809b185bb9ad35e53579b96e234ee85e5378159c1d4fcea1daa8fd81d"", ""ReComp"": ""0052d13809b185bb9ad35e53579b96e234ee85e5378159c1d4fcea1daa8fd81d""}"
convbench:221,220,True,True,True,True,True,True,bc938c0badd53dc695d7e59af26282a76f2cde75159a4cea9ff879751630c29e,a5575adeebc168edf7954f71f92d9a07ebecffd1c03097ba958e6115e878d793,"{""FullLoad"": ""a5575adeebc168edf7954f71f92d9a07ebecffd1c03097ba958e6115e878d793"", ""Prefix25"": ""a5575adeebc168edf7954f71f92d9a07ebecffd1c03097ba958e6115e878d793"", ""Prefix45"": ""a5575adeebc168edf7954f71f92d9a07ebecffd1c03097ba958e6115e878d793"", ""ReComp"": ""a5575adeebc168edf7954f71f92d9a07ebecffd1c03097ba958e6115e878d793""}"
convbench:222,221,True,True,True,True,True,True,74405b9d0cb1f482e1e2384fa50aad910a1d10c2cd7378bc5908b0d98fed7e27,c09f9edf95e1939d07056a8b684959a21772e818c344672624d36ad3e4a9d3bf,"{""FullLoad"": ""c09f9edf95e1939d07056a8b684959a21772e818c344672624d36ad3e4a9d3bf"", ""Prefix25"": ""c09f9edf95e1939d07056a8b684959a21772e818c344672624d36ad3e4a9d3bf"", ""Prefix45"": ""c09f9edf95e1939d07056a8b684959a21772e818c344672624d36ad3e4a9d3bf"", ""ReComp"": ""c09f9edf95e1939d07056a8b684959a21772e818c344672624d36ad3e4a9d3bf""}"
convbench:223,222,True,True,True,True,True,True,8539c1786f0d49d8521a0ac584550e5a993f5a882e063fe52c22c29f1c15062e,a504ea703b33ca040e76604ea2f7e0b17db72dfa4686fe01fa53f8906fc7615d,"{""FullLoad"": ""a504ea703b33ca040e76604ea2f7e0b17db72dfa4686fe01fa53f8906fc7615d"", ""Prefix25"": ""a504ea703b33ca040e76604ea2f7e0b17db72dfa4686fe01fa53f8906fc7615d"", ""Prefix45"": ""a504ea703b33ca040e76604ea2f7e0b17db72dfa4686fe01fa53f8906fc7615d"", ""ReComp"": ""a504ea703b33ca040e76604ea2f7e0b17db72dfa4686fe01fa53f8906fc7615d""}"
convbench:224,223,True,True,True,True,True,True,0d1fe2c4313ce54202fd881a4845a53cb0ff607a202a3e6fac73b89f539fa066,b55910aaeda1cd3f8664c904bcd2d4b8bc01ffbf4a0913cf396608139d56f7c2,"{""FullLoad"": ""b55910aaeda1cd3f8664c904bcd2d4b8bc01ffbf4a0913cf396608139d56f7c2"", ""Prefix25"": ""b55910aaeda1cd3f8664c904bcd2d4b8bc01ffbf4a0913cf396608139d56f7c2"", ""Prefix45"": ""b55910aaeda1cd3f8664c904bcd2d4b8bc01ffbf4a0913cf396608139d56f7c2"", ""ReComp"": ""b55910aaeda1cd3f8664c904bcd2d4b8bc01ffbf4a0913cf396608139d56f7c2""}"
convbench:225,224,True,True,True,True,True,True,18298cb4fa10c5bb5763cd9826bb606368ae49f94dc61b8a2ae40d8be26c80b6,cd803bbfa2221cbaa9f66e730f72daf4af065b169630507ffc900a9f9733f9b4,"{""FullLoad"": ""cd803bbfa2221cbaa9f66e730f72daf4af065b169630507ffc900a9f9733f9b4"", ""Prefix25"": ""cd803bbfa2221cbaa9f66e730f72daf4af065b169630507ffc900a9f9733f9b4"", ""Prefix45"": ""cd803bbfa2221cbaa9f66e730f72daf4af065b169630507ffc900a9f9733f9b4"", ""ReComp"": ""cd803bbfa2221cbaa9f66e730f72daf4af065b169630507ffc900a9f9733f9b4""}"
convbench:226,225,True,True,True,True,True,True,014b839a34025ad58fad712505a013e5edaa6392b9d3c45489ed89eae42262f2,3b330d76bdc6db825ee50eecf67090f0990a982dc71d87ed627386ab4662d93f,"{""FullLoad"": ""3b330d76bdc6db825ee50eecf67090f0990a982dc71d87ed627386ab4662d93f"", ""Prefix25"": ""3b330d76bdc6db825ee50eecf67090f0990a982dc71d87ed627386ab4662d93f"", ""Prefix45"": ""3b330d76bdc6db825ee50eecf67090f0990a982dc71d87ed627386ab4662d93f"", ""ReComp"": ""3b330d76bdc6db825ee50eecf67090f0990a982dc71d87ed627386ab4662d93f""}"
convbench:227,226,True,True,True,True,True,True,1cd0a9ef8e3d125563c8788493a56373cc9de830ce14243bfe3917a43c1c3d07,798cc5d87231e84189ac1bcd87c56f057301607dd90f24ae0c7ab388c75dcab1,"{""FullLoad"": ""798cc5d87231e84189ac1bcd87c56f057301607dd90f24ae0c7ab388c75dcab1"", ""Prefix25"": ""798cc5d87231e84189ac1bcd87c56f057301607dd90f24ae0c7ab388c75dcab1"", ""Prefix45"": ""798cc5d87231e84189ac1bcd87c56f057301607dd90f24ae0c7ab388c75dcab1"", ""ReComp"": ""798cc5d87231e84189ac1bcd87c56f057301607dd90f24ae0c7ab388c75dcab1""}"
convbench:228,227,True,True,True,True,True,True,d0112e8d83a2849ae7ea90849fd4f387d2a24f7b4fa291ed9572a2ad03270991,ac9862030228113e4289ff16ef41a516bfd6b7fc18540c0e3e729d0660f6ff2e,"{""FullLoad"": ""ac9862030228113e4289ff16ef41a516bfd6b7fc18540c0e3e729d0660f6ff2e"", ""Prefix25"": ""ac9862030228113e4289ff16ef41a516bfd6b7fc18540c0e3e729d0660f6ff2e"", ""Prefix45"": ""ac9862030228113e4289ff16ef41a516bfd6b7fc18540c0e3e729d0660f6ff2e"", ""ReComp"": ""ac9862030228113e4289ff16ef41a516bfd6b7fc18540c0e3e729d0660f6ff2e""}"
convbench:229,228,True,True,True,True,True,True,820cf8e52b2fae576fdc7c1bc335fa71f5ef5516acc8860833fc0d857564ddea,c23ff8017f925d1c736779d76e5edd98a56b67d39556e474af2db1c04f84d57c,"{""FullLoad"": ""c23ff8017f925d1c736779d76e5edd98a56b67d39556e474af2db1c04f84d57c"", ""Prefix25"": ""c23ff8017f925d1c736779d76e5edd98a56b67d39556e474af2db1c04f84d57c"", ""Prefix45"": ""c23ff8017f925d1c736779d76e5edd98a56b67d39556e474af2db1c04f84d57c"", ""ReComp"": ""c23ff8017f925d1c736779d76e5edd98a56b67d39556e474af2db1c04f84d57c""}"
convbench:230,229,True,True,True,True,True,True,8539c1786f0d49d8521a0ac584550e5a993f5a882e063fe52c22c29f1c15062e,3cda8510545267749478f639bdfb87cde0b96561925b3c82f6c3ec9e3c51909d,"{""FullLoad"": ""3cda8510545267749478f639bdfb87cde0b96561925b3c82f6c3ec9e3c51909d"", ""Prefix25"": ""3cda8510545267749478f639bdfb87cde0b96561925b3c82f6c3ec9e3c51909d"", ""Prefix45"": ""3cda8510545267749478f639bdfb87cde0b96561925b3c82f6c3ec9e3c51909d"", ""ReComp"": ""3cda8510545267749478f639bdfb87cde0b96561925b3c82f6c3ec9e3c51909d""}"
convbench:231,230,True,True,True,True,True,True,7bceda47e11e00edef7f4683eda9b342fbbead493b08df92d07f18b9029c3ce8,cf29be3b9b73f7e04930e38e993828b9198c681a0421e233d2c838ad110bc61e,"{""FullLoad"": ""cf29be3b9b73f7e04930e38e993828b9198c681a0421e233d2c838ad110bc61e"", ""Prefix25"": ""cf29be3b9b73f7e04930e38e993828b9198c681a0421e233d2c838ad110bc61e"", ""Prefix45"": ""cf29be3b9b73f7e04930e38e993828b9198c681a0421e233d2c838ad110bc61e"", ""ReComp"": ""cf29be3b9b73f7e04930e38e993828b9198c681a0421e233d2c838ad110bc61e""}"
convbench:232,231,True,True,True,True,True,True,22db42e59617846daa104431313158748b5915d8383323f1b57b2f475ecd5222,3609f9f97f64ff96754e9eef43aa63032b0ec5ef24b2cab90559862614619226,"{""FullLoad"": ""3609f9f97f64ff96754e9eef43aa63032b0ec5ef24b2cab90559862614619226"", ""Prefix25"": ""3609f9f97f64ff96754e9eef43aa63032b0ec5ef24b2cab90559862614619226"", ""Prefix45"": ""3609f9f97f64ff96754e9eef43aa63032b0ec5ef24b2cab90559862614619226"", ""ReComp"": ""3609f9f97f64ff96754e9eef43aa63032b0ec5ef24b2cab90559862614619226""}"
convbench:233,232,True,True,True,True,True,True,b3bfa4a3b407b9782413d298eb63f21f4171d08b1c1b8c7c8e62803bf743efa2,bbcc56fbf2c6ec7349fa4299874f75b032635bbf26135e51be3955440a4996d0,"{""FullLoad"": ""bbcc56fbf2c6ec7349fa4299874f75b032635bbf26135e51be3955440a4996d0"", ""Prefix25"": ""bbcc56fbf2c6ec7349fa4299874f75b032635bbf26135e51be3955440a4996d0"", ""Prefix45"": ""bbcc56fbf2c6ec7349fa4299874f75b032635bbf26135e51be3955440a4996d0"", ""ReComp"": ""bbcc56fbf2c6ec7349fa4299874f75b032635bbf26135e51be3955440a4996d0""}"
convbench:234,233,True,True,True,True,True,True,d0112e8d83a2849ae7ea90849fd4f387d2a24f7b4fa291ed9572a2ad03270991,329661b921fc555d6a939c9de6e5f3f34c2c7749ca891f5a4cb63842612e5386,"{""FullLoad"": ""329661b921fc555d6a939c9de6e5f3f34c2c7749ca891f5a4cb63842612e5386"", ""Prefix25"": ""329661b921fc555d6a939c9de6e5f3f34c2c7749ca891f5a4cb63842612e5386"", ""Prefix45"": ""329661b921fc555d6a939c9de6e5f3f34c2c7749ca891f5a4cb63842612e5386"", ""ReComp"": ""329661b921fc555d6a939c9de6e5f3f34c2c7749ca891f5a4cb63842612e5386""}"
convbench:235,234,True,True,True,True,True,True,8539c1786f0d49d8521a0ac584550e5a993f5a882e063fe52c22c29f1c15062e,e69c3f86ffe029091b34cd4d7a13a39bf994ba99a57de2f4814836b46bdee54b,"{""FullLoad"": ""e69c3f86ffe029091b34cd4d7a13a39bf994ba99a57de2f4814836b46bdee54b"", ""Prefix25"": ""e69c3f86ffe029091b34cd4d7a13a39bf994ba99a57de2f4814836b46bdee54b"", ""Prefix45"": ""e69c3f86ffe029091b34cd4d7a13a39bf994ba99a57de2f4814836b46bdee54b"", ""ReComp"": ""e69c3f86ffe029091b34cd4d7a13a39bf994ba99a57de2f4814836b46bdee54b""}"
convbench:236,235,True,True,True,True,True,True,8539c1786f0d49d8521a0ac584550e5a993f5a882e063fe52c22c29f1c15062e,d63e0abaf7e7e329af545b415fa9ea801f02348aa0883949c5a26c905856ef7c,"{""FullLoad"": ""d63e0abaf7e7e329af545b415fa9ea801f02348aa0883949c5a26c905856ef7c"", ""Prefix25"": ""d63e0abaf7e7e329af545b415fa9ea801f02348aa0883949c5a26c905856ef7c"", ""Prefix45"": ""d63e0abaf7e7e329af545b415fa9ea801f02348aa0883949c5a26c905856ef7c"", ""ReComp"": ""d63e0abaf7e7e329af545b415fa9ea801f02348aa0883949c5a26c905856ef7c""}"
convbench:237,236,True,True,True,True,True,True,eb27eb5d9564e89479012c9ff3943b69d4fa59e3acb523e1c0324f868cb58116,0fc57fd89fd295c82cb375e63def38554ed4406f4814168780cc190ffce64b40,"{""FullLoad"": ""0fc57fd89fd295c82cb375e63def38554ed4406f4814168780cc190ffce64b40"", ""Prefix25"": ""0fc57fd89fd295c82cb375e63def38554ed4406f4814168780cc190ffce64b40"", ""Prefix45"": ""0fc57fd89fd295c82cb375e63def38554ed4406f4814168780cc190ffce64b40"", ""ReComp"": ""0fc57fd89fd295c82cb375e63def38554ed4406f4814168780cc190ffce64b40""}"
convbench:238,237,True,True,True,True,True,True,d97902cf63abddbc00b191c6c56740006dfd0875b2d01b8656b5a4411f2a2e07,74162adfa10213eba34601283daee8e1a9db004029b216764757f8c327fbe229,"{""FullLoad"": ""74162adfa10213eba34601283daee8e1a9db004029b216764757f8c327fbe229"", ""Prefix25"": ""74162adfa10213eba34601283daee8e1a9db004029b216764757f8c327fbe229"", ""Prefix45"": ""74162adfa10213eba34601283daee8e1a9db004029b216764757f8c327fbe229"", ""ReComp"": ""74162adfa10213eba34601283daee8e1a9db004029b216764757f8c327fbe229""}"
convbench:239,238,True,True,True,True,True,True,820cf8e52b2fae576fdc7c1bc335fa71f5ef5516acc8860833fc0d857564ddea,d8199182bd087049617423986d212bffff54d708e52a2a152dce6c6f7b6fa700,"{""FullLoad"": ""d8199182bd087049617423986d212bffff54d708e52a2a152dce6c6f7b6fa700"", ""Prefix25"": ""d8199182bd087049617423986d212bffff54d708e52a2a152dce6c6f7b6fa700"", ""Prefix45"": ""d8199182bd087049617423986d212bffff54d708e52a2a152dce6c6f7b6fa700"", ""ReComp"": ""d8199182bd087049617423986d212bffff54d708e52a2a152dce6c6f7b6fa700""}"
convbench:240,239,True,True,True,True,True,True,3856a3dff43397e3bda408cbf60065c8018187f3cc1c7fcd34dea44fbe73b74a,d304ecc973f0497c8e8d5b23eba48e8014c6ab5bbcf749fa7b547c9b7a4fb2a9,"{""FullLoad"": ""d304ecc973f0497c8e8d5b23eba48e8014c6ab5bbcf749fa7b547c9b7a4fb2a9"", ""Prefix25"": ""d304ecc973f0497c8e8d5b23eba48e8014c6ab5bbcf749fa7b547c9b7a4fb2a9"", ""Prefix45"": ""d304ecc973f0497c8e8d5b23eba48e8014c6ab5bbcf749fa7b547c9b7a4fb2a9"", ""ReComp"": ""d304ecc973f0497c8e8d5b23eba48e8014c6ab5bbcf749fa7b547c9b7a4fb2a9""}"
convbench:241,240,True,True,True,True,True,True,910984da021ce2d51f55800e86430e837d205ba3815747ab38f413b36b0d5fe9,29a7add79e0a48940ec9bac9c8b40273403fa4847f542cf936e03936bdc849b0,"{""FullLoad"": ""29a7add79e0a48940ec9bac9c8b40273403fa4847f542cf936e03936bdc849b0"", ""Prefix25"": ""29a7add79e0a48940ec9bac9c8b40273403fa4847f542cf936e03936bdc849b0"", ""Prefix45"": ""29a7add79e0a48940ec9bac9c8b40273403fa4847f542cf936e03936bdc849b0"", ""ReComp"": ""29a7add79e0a48940ec9bac9c8b40273403fa4847f542cf936e03936bdc849b0""}"
convbench:242,241,True,True,True,True,True,True,8539c1786f0d49d8521a0ac584550e5a993f5a882e063fe52c22c29f1c15062e,cef1ed036dc2bf49e47d29721491477043433eea97af1174e946ba9fe219d61b,"{""FullLoad"": ""cef1ed036dc2bf49e47d29721491477043433eea97af1174e946ba9fe219d61b"", ""Prefix25"": ""cef1ed036dc2bf49e47d29721491477043433eea97af1174e946ba9fe219d61b"", ""Prefix45"": ""cef1ed036dc2bf49e47d29721491477043433eea97af1174e946ba9fe219d61b"", ""ReComp"": ""cef1ed036dc2bf49e47d29721491477043433eea97af1174e946ba9fe219d61b""}"
convbench:243,242,True,True,True,True,True,True,7bceda47e11e00edef7f4683eda9b342fbbead493b08df92d07f18b9029c3ce8,c7686cbcc10b35df5a2ca546f49d04d43c45ab47995403c3b7da2bcc9dbf7618,"{""FullLoad"": ""c7686cbcc10b35df5a2ca546f49d04d43c45ab47995403c3b7da2bcc9dbf7618"", ""Prefix25"": ""c7686cbcc10b35df5a2ca546f49d04d43c45ab47995403c3b7da2bcc9dbf7618"", ""Prefix45"": ""c7686cbcc10b35df5a2ca546f49d04d43c45ab47995403c3b7da2bcc9dbf7618"", ""ReComp"": ""c7686cbcc10b35df5a2ca546f49d04d43c45ab47995403c3b7da2bcc9dbf7618""}"
convbench:244,243,True,True,True,True,True,True,76d4476faf8cb2fcd090a54a9a5b06a79870230eb5b894d78d1463a4c36276db,568f356f7c6f681b73cd0020b17d97a2420ea1117216c58ccd2efc6b1f0db79e,"{""FullLoad"": ""568f356f7c6f681b73cd0020b17d97a2420ea1117216c58ccd2efc6b1f0db79e"", ""Prefix25"": ""568f356f7c6f681b73cd0020b17d97a2420ea1117216c58ccd2efc6b1f0db79e"", ""Prefix45"": ""568f356f7c6f681b73cd0020b17d97a2420ea1117216c58ccd2efc6b1f0db79e"", ""ReComp"": ""568f356f7c6f681b73cd0020b17d97a2420ea1117216c58ccd2efc6b1f0db79e""}"
convbench:245,244,True,True,True,True,True,True,2355f8ef370c81acc2718e82f2514488302b73723d8f0cbfcd0a4b372aad391f,b5393ae67203479bcfbf17399d57001159656a535b35e478904e633fbbc0cceb,"{""FullLoad"": ""b5393ae67203479bcfbf17399d57001159656a535b35e478904e633fbbc0cceb"", ""Prefix25"": ""b5393ae67203479bcfbf17399d57001159656a535b35e478904e633fbbc0cceb"", ""Prefix45"": ""b5393ae67203479bcfbf17399d57001159656a535b35e478904e633fbbc0cceb"", ""ReComp"": ""b5393ae67203479bcfbf17399d57001159656a535b35e478904e633fbbc0cceb""}"
convbench:246,245,True,True,True,True,True,True,09ba40bde7b02f197c54b3f6d6fc892e427ee9acab740f1589cfa53e9ca8de7f,ba3677db5c83d641e0f519cd47c74be0b288a162309cba3b62554df35382e9fb,"{""FullLoad"": ""ba3677db5c83d641e0f519cd47c74be0b288a162309cba3b62554df35382e9fb"", ""Prefix25"": ""ba3677db5c83d641e0f519cd47c74be0b288a162309cba3b62554df35382e9fb"", ""Prefix45"": ""ba3677db5c83d641e0f519cd47c74be0b288a162309cba3b62554df35382e9fb"", ""ReComp"": ""ba3677db5c83d641e0f519cd47c74be0b288a162309cba3b62554df35382e9fb""}"
convbench:247,246,True,True,True,True,True,True,fa5145579881de416c9d77c1ec0d62b1dc0e22a5540050860fb560966a780ee5,244890b4a94f353d88d29bc94f1ee29595e73f5e7fea496f770c019d7f1b1a95,"{""FullLoad"": ""244890b4a94f353d88d29bc94f1ee29595e73f5e7fea496f770c019d7f1b1a95"", ""Prefix25"": ""244890b4a94f353d88d29bc94f1ee29595e73f5e7fea496f770c019d7f1b1a95"", ""Prefix45"": ""244890b4a94f353d88d29bc94f1ee29595e73f5e7fea496f770c019d7f1b1a95"", ""ReComp"": ""244890b4a94f353d88d29bc94f1ee29595e73f5e7fea496f770c019d7f1b1a95""}"
convbench:248,247,True,True,True,True,True,True,c6e6afe60c425a4e8057c7c668b85eac23cab361a2e5b9e28e0168219e4cb51a,f657bcf4f606f23f6570e6bef1d1a853900636569e31e01aad07274e89cca2d2,"{""FullLoad"": ""f657bcf4f606f23f6570e6bef1d1a853900636569e31e01aad07274e89cca2d2"", ""Prefix25"": ""f657bcf4f606f23f6570e6bef1d1a853900636569e31e01aad07274e89cca2d2"", ""Prefix45"": ""f657bcf4f606f23f6570e6bef1d1a853900636569e31e01aad07274e89cca2d2"", ""ReComp"": ""f657bcf4f606f23f6570e6bef1d1a853900636569e31e01aad07274e89cca2d2""}"
convbench:249,248,True,True,True,True,True,True,45fa2fc050f58d551065c31754e195d1a07fbc3683b1e0740743a99e1bfb575e,40c3316d4c4f9660e3a6bafbe6979cc5f08aca6fae3562c2f7cc15c44528eb72,"{""FullLoad"": ""40c3316d4c4f9660e3a6bafbe6979cc5f08aca6fae3562c2f7cc15c44528eb72"", ""Prefix25"": ""40c3316d4c4f9660e3a6bafbe6979cc5f08aca6fae3562c2f7cc15c44528eb72"", ""Prefix45"": ""40c3316d4c4f9660e3a6bafbe6979cc5f08aca6fae3562c2f7cc15c44528eb72"", ""ReComp"": ""40c3316d4c4f9660e3a6bafbe6979cc5f08aca6fae3562c2f7cc15c44528eb72""}"
convbench:250,249,True,True,True,True,True,True,7bceda47e11e00edef7f4683eda9b342fbbead493b08df92d07f18b9029c3ce8,a29a066a826e27ea5d3cf4325a1696f225632ce6a293d09e6be1968d8647e545,"{""FullLoad"": ""a29a066a826e27ea5d3cf4325a1696f225632ce6a293d09e6be1968d8647e545"", ""Prefix25"": ""a29a066a826e27ea5d3cf4325a1696f225632ce6a293d09e6be1968d8647e545"", ""Prefix45"": ""a29a066a826e27ea5d3cf4325a1696f225632ce6a293d09e6be1968d8647e545"", ""ReComp"": ""a29a066a826e27ea5d3cf4325a1696f225632ce6a293d09e6be1968d8647e545""}"
convbench:251,250,True,True,True,True,True,True,b3eb161bc1980be914719031520290c7e174eefe063435dd2acca773be5e724e,9c38e60e9664f056eaddffe1c1aed9bfc432375b9917730ae52c22561ca7b39a,"{""FullLoad"": ""9c38e60e9664f056eaddffe1c1aed9bfc432375b9917730ae52c22561ca7b39a"", ""Prefix25"": ""9c38e60e9664f056eaddffe1c1aed9bfc432375b9917730ae52c22561ca7b39a"", ""Prefix45"": ""9c38e60e9664f056eaddffe1c1aed9bfc432375b9917730ae52c22561ca7b39a"", ""ReComp"": ""9c38e60e9664f056eaddffe1c1aed9bfc432375b9917730ae52c22561ca7b39a""}"
convbench:252,251,True,True,True,True,True,True,2f8fc9cfdcaf8952c70d2a983e09264350853a5efadc39a7c01a2a6fe3e85510,fd09c11c0c252e39643c454ed1976b3677b11a3600ea044fef4e5dd042b3d8fb,"{""FullLoad"": ""fd09c11c0c252e39643c454ed1976b3677b11a3600ea044fef4e5dd042b3d8fb"", ""Prefix25"": ""fd09c11c0c252e39643c454ed1976b3677b11a3600ea044fef4e5dd042b3d8fb"", ""Prefix45"": ""fd09c11c0c252e39643c454ed1976b3677b11a3600ea044fef4e5dd042b3d8fb"", ""ReComp"": ""fd09c11c0c252e39643c454ed1976b3677b11a3600ea044fef4e5dd042b3d8fb""}"
convbench:253,252,True,True,True,True,True,True,3fa771a3e8fe8fdbd1d6d17d43fd4d4cceedda88d771c3178ae847bf9a1a4dea,0c54ec46e76be687c638a3af1c02b1832ebea0be744cbbcc72664ab836587263,"{""FullLoad"": ""0c54ec46e76be687c638a3af1c02b1832ebea0be744cbbcc72664ab836587263"", ""Prefix25"": ""0c54ec46e76be687c638a3af1c02b1832ebea0be744cbbcc72664ab836587263"", ""Prefix45"": ""0c54ec46e76be687c638a3af1c02b1832ebea0be744cbbcc72664ab836587263"", ""ReComp"": ""0c54ec46e76be687c638a3af1c02b1832ebea0be744cbbcc72664ab836587263""}"
convbench:254,253,True,True,True,True,True,True,7f687e70011c372c98453979c686ea82e3068f82fd290cbe9f2a83a59c6eeac4,d6b4d56c95f6feda95d60cfb4f47cc0154cdb0ac2a33b5598809cb98e091712f,"{""FullLoad"": ""d6b4d56c95f6feda95d60cfb4f47cc0154cdb0ac2a33b5598809cb98e091712f"", ""Prefix25"": ""d6b4d56c95f6feda95d60cfb4f47cc0154cdb0ac2a33b5598809cb98e091712f"", ""Prefix45"": ""d6b4d56c95f6feda95d60cfb4f47cc0154cdb0ac2a33b5598809cb98e091712f"", ""ReComp"": ""d6b4d56c95f6feda95d60cfb4f47cc0154cdb0ac2a33b5598809cb98e091712f""}"
convbench:255,254,True,True,True,True,True,True,6e7d5a363312ca3c2d893c1af9d3aa5e272be29b21533a004bdfd8e02fa662fb,55e099ee6d2cda7976b9b91dee9b96e60adfafa27ea4f386e465e8aaa002d863,"{""FullLoad"": ""55e099ee6d2cda7976b9b91dee9b96e60adfafa27ea4f386e465e8aaa002d863"", ""Prefix25"": ""55e099ee6d2cda7976b9b91dee9b96e60adfafa27ea4f386e465e8aaa002d863"", ""Prefix45"": ""55e099ee6d2cda7976b9b91dee9b96e60adfafa27ea4f386e465e8aaa002d863"", ""ReComp"": ""55e099ee6d2cda7976b9b91dee9b96e60adfafa27ea4f386e465e8aaa002d863""}"
convbench:256,255,True,True,True,True,True,True,1c3d18a774c76a61a8620650a8ff7033ee6248d227219a1911e11ac0dd9ce9e3,1cab159bd0ca01036ba7a610c0b4dd61f745b897022e7d75f29727c52607fc13,"{""FullLoad"": ""1cab159bd0ca01036ba7a610c0b4dd61f745b897022e7d75f29727c52607fc13"", ""Prefix25"": ""1cab159bd0ca01036ba7a610c0b4dd61f745b897022e7d75f29727c52607fc13"", ""Prefix45"": ""1cab159bd0ca01036ba7a610c0b4dd61f745b897022e7d75f29727c52607fc13"", ""ReComp"": ""1cab159bd0ca01036ba7a610c0b4dd61f745b897022e7d75f29727c52607fc13""}"
convbench:257,256,True,True,True,True,True,True,6a47a91c09fbeb4dad7d8f87e674a9001a22f0eceb1595a24e29f9aef09a6b18,e1d2538ae59f2f86c4e0bc4ddf54d5fe578dee60ab13c90251ac23b680df411c,"{""FullLoad"": ""e1d2538ae59f2f86c4e0bc4ddf54d5fe578dee60ab13c90251ac23b680df411c"", ""Prefix25"": ""e1d2538ae59f2f86c4e0bc4ddf54d5fe578dee60ab13c90251ac23b680df411c"", ""Prefix45"": ""e1d2538ae59f2f86c4e0bc4ddf54d5fe578dee60ab13c90251ac23b680df411c"", ""ReComp"": ""e1d2538ae59f2f86c4e0bc4ddf54d5fe578dee60ab13c90251ac23b680df411c""}"
convbench:258,257,True,True,True,True,True,True,db5b953e14ba8f3a21d00c3a01743580bdbbbeb9acb6bfe3abd9cf038bb73103,87f478f863bbe3be523ab8e0ccf7fe837fdd7f817850582af1ef891e1c8b06fc,"{""FullLoad"": ""87f478f863bbe3be523ab8e0ccf7fe837fdd7f817850582af1ef891e1c8b06fc"", ""Prefix25"": ""87f478f863bbe3be523ab8e0ccf7fe837fdd7f817850582af1ef891e1c8b06fc"", ""Prefix45"": ""87f478f863bbe3be523ab8e0ccf7fe837fdd7f817850582af1ef891e1c8b06fc"", ""ReComp"": ""87f478f863bbe3be523ab8e0ccf7fe837fdd7f817850582af1ef891e1c8b06fc""}"
convbench:259,258,True,True,True,True,True,True,6a47a91c09fbeb4dad7d8f87e674a9001a22f0eceb1595a24e29f9aef09a6b18,cf133077ee41a63a71fe63ae8d5c96893f62dd6eafd50f19dc7d7b57800f97ab,"{""FullLoad"": ""cf133077ee41a63a71fe63ae8d5c96893f62dd6eafd50f19dc7d7b57800f97ab"", ""Prefix25"": ""cf133077ee41a63a71fe63ae8d5c96893f62dd6eafd50f19dc7d7b57800f97ab"", ""Prefix45"": ""cf133077ee41a63a71fe63ae8d5c96893f62dd6eafd50f19dc7d7b57800f97ab"", ""ReComp"": ""cf133077ee41a63a71fe63ae8d5c96893f62dd6eafd50f19dc7d7b57800f97ab""}"
convbench:260,259,True,True,True,True,True,True,15e3ecdd61cb13b21ccc4c35caf673d4672d322af9afc346c68df7996bf1fed6,e917d11b9f310fe7b569ca25b186121ef0daaaf50d6605bf52fd4dfee6fdd19c,"{""FullLoad"": ""e917d11b9f310fe7b569ca25b186121ef0daaaf50d6605bf52fd4dfee6fdd19c"", ""Prefix25"": ""e917d11b9f310fe7b569ca25b186121ef0daaaf50d6605bf52fd4dfee6fdd19c"", ""Prefix45"": ""e917d11b9f310fe7b569ca25b186121ef0daaaf50d6605bf52fd4dfee6fdd19c"", ""ReComp"": ""e917d11b9f310fe7b569ca25b186121ef0daaaf50d6605bf52fd4dfee6fdd19c""}"
convbench:261,260,True,True,True,True,True,True,6a47a91c09fbeb4dad7d8f87e674a9001a22f0eceb1595a24e29f9aef09a6b18,4774df4342b6ac9f7771e5def538536d9ba2a51154ab112feb52d30fe481f269,"{""FullLoad"": ""4774df4342b6ac9f7771e5def538536d9ba2a51154ab112feb52d30fe481f269"", ""Prefix25"": ""4774df4342b6ac9f7771e5def538536d9ba2a51154ab112feb52d30fe481f269"", ""Prefix45"": ""4774df4342b6ac9f7771e5def538536d9ba2a51154ab112feb52d30fe481f269"", ""ReComp"": ""4774df4342b6ac9f7771e5def538536d9ba2a51154ab112feb52d30fe481f269""}"
convbench:262,261,True,True,True,True,True,True,db5b7c610d4c62a695a2d7a6bf162b34856f2acceb99464a320cd660a35babc5,88a297e4b123cfee1d7e85a8ed1e54f237829625ee2380a63f15cfa8ddfd92c6,"{""FullLoad"": ""88a297e4b123cfee1d7e85a8ed1e54f237829625ee2380a63f15cfa8ddfd92c6"", ""Prefix25"": ""88a297e4b123cfee1d7e85a8ed1e54f237829625ee2380a63f15cfa8ddfd92c6"", ""Prefix45"": ""88a297e4b123cfee1d7e85a8ed1e54f237829625ee2380a63f15cfa8ddfd92c6"", ""ReComp"": ""88a297e4b123cfee1d7e85a8ed1e54f237829625ee2380a63f15cfa8ddfd92c6""}"
convbench:263,262,True,True,True,True,True,True,65d98d9ecff3908272abd596ffa568c26605c3031a461d9ebcdab7c7ed46bf89,8abd96da127c0f1e2448c135a5fc32bfd833c6f0c13c5c80e2a65cafa57ed977,"{""FullLoad"": ""8abd96da127c0f1e2448c135a5fc32bfd833c6f0c13c5c80e2a65cafa57ed977"", ""Prefix25"": ""8abd96da127c0f1e2448c135a5fc32bfd833c6f0c13c5c80e2a65cafa57ed977"", ""Prefix45"": ""8abd96da127c0f1e2448c135a5fc32bfd833c6f0c13c5c80e2a65cafa57ed977"", ""ReComp"": ""8abd96da127c0f1e2448c135a5fc32bfd833c6f0c13c5c80e2a65cafa57ed977""}"
convbench:264,263,True,True,True,True,True,True,207c41ed0692579759857544961369c2318c4740666301f31bdd9deafd8ac7dd,ce0e5efb09f2c26d6068bc396913a06a7dff345dcecac8531965d3f094f183ad,"{""FullLoad"": ""ce0e5efb09f2c26d6068bc396913a06a7dff345dcecac8531965d3f094f183ad"", ""Prefix25"": ""ce0e5efb09f2c26d6068bc396913a06a7dff345dcecac8531965d3f094f183ad"", ""Prefix45"": ""ce0e5efb09f2c26d6068bc396913a06a7dff345dcecac8531965d3f094f183ad"", ""ReComp"": ""ce0e5efb09f2c26d6068bc396913a06a7dff345dcecac8531965d3f094f183ad""}"
convbench:265,264,True,True,True,True,True,True,d5d86618e9deda3f6e53913a3e56c615f7ecc37f7a849e4da49074dbc85d0d5f,1c08ec38d2b04ed6e3d086b9eb1b3f96e82f91499b0ea3df895485df4bec0acf,"{""FullLoad"": ""1c08ec38d2b04ed6e3d086b9eb1b3f96e82f91499b0ea3df895485df4bec0acf"", ""Prefix25"": ""1c08ec38d2b04ed6e3d086b9eb1b3f96e82f91499b0ea3df895485df4bec0acf"", ""Prefix45"": ""1c08ec38d2b04ed6e3d086b9eb1b3f96e82f91499b0ea3df895485df4bec0acf"", ""ReComp"": ""1c08ec38d2b04ed6e3d086b9eb1b3f96e82f91499b0ea3df895485df4bec0acf""}"
convbench:266,265,True,True,True,True,True,True,8db135da90513f291a8e83a3a2064f136fb5db20824ca6eababde2347e0f334a,841cfbc42c55c97fd8e7c67ec1ed97dcb3ee12af9d514ffff1f9ec562561ea88,"{""FullLoad"": ""841cfbc42c55c97fd8e7c67ec1ed97dcb3ee12af9d514ffff1f9ec562561ea88"", ""Prefix25"": ""841cfbc42c55c97fd8e7c67ec1ed97dcb3ee12af9d514ffff1f9ec562561ea88"", ""Prefix45"": ""841cfbc42c55c97fd8e7c67ec1ed97dcb3ee12af9d514ffff1f9ec562561ea88"", ""ReComp"": ""841cfbc42c55c97fd8e7c67ec1ed97dcb3ee12af9d514ffff1f9ec562561ea88""}"
convbench:267,266,True,True,True,True,True,True,95f2870aaf7e006d827bcaaef5e5c7ce8fead612e0d47bc1d1f3bb62bc59059a,65d0661f4f22a290c2319d6a0563827e07a166e847983e385289668943c6f999,"{""FullLoad"": ""65d0661f4f22a290c2319d6a0563827e07a166e847983e385289668943c6f999"", ""Prefix25"": ""65d0661f4f22a290c2319d6a0563827e07a166e847983e385289668943c6f999"", ""Prefix45"": ""65d0661f4f22a290c2319d6a0563827e07a166e847983e385289668943c6f999"", ""ReComp"": ""65d0661f4f22a290c2319d6a0563827e07a166e847983e385289668943c6f999""}"
convbench:268,267,True,True,True,True,True,True,436aebd43e00e0c1ae7d19ba736329896cbc6fbf70fc623d1501754617e68278,063871709da83cc9aa11ba61e46debd45d49e75fdf7329afe9f88a8ef1465998,"{""FullLoad"": ""063871709da83cc9aa11ba61e46debd45d49e75fdf7329afe9f88a8ef1465998"", ""Prefix25"": ""063871709da83cc9aa11ba61e46debd45d49e75fdf7329afe9f88a8ef1465998"", ""Prefix45"": ""063871709da83cc9aa11ba61e46debd45d49e75fdf7329afe9f88a8ef1465998"", ""ReComp"": ""063871709da83cc9aa11ba61e46debd45d49e75fdf7329afe9f88a8ef1465998""}"
convbench:269,268,True,True,True,True,True,True,e37418d520d78f7de47a153bd5c859a1479b6d9f0164b6646b37f7450b7a3274,bbdc1cd9381ef8ed7ffe40afbec532bca096805b8ecbeb369d9efdb91ee4a027,"{""FullLoad"": ""bbdc1cd9381ef8ed7ffe40afbec532bca096805b8ecbeb369d9efdb91ee4a027"", ""Prefix25"": ""bbdc1cd9381ef8ed7ffe40afbec532bca096805b8ecbeb369d9efdb91ee4a027"", ""Prefix45"": ""bbdc1cd9381ef8ed7ffe40afbec532bca096805b8ecbeb369d9efdb91ee4a027"", ""ReComp"": ""bbdc1cd9381ef8ed7ffe40afbec532bca096805b8ecbeb369d9efdb91ee4a027""}"
convbench:270,269,True,True,True,True,True,True,e11d029d0e1ac38e016fe6223ac58f3bc67a5c89b1911670e888eaae113dce46,3753486e01ceb286d217c61d8f0e75da1acf29379d71820fc961d94f22b1d932,"{""FullLoad"": ""3753486e01ceb286d217c61d8f0e75da1acf29379d71820fc961d94f22b1d932"", ""Prefix25"": ""3753486e01ceb286d217c61d8f0e75da1acf29379d71820fc961d94f22b1d932"", ""Prefix45"": ""3753486e01ceb286d217c61d8f0e75da1acf29379d71820fc961d94f22b1d932"", ""ReComp"": ""3753486e01ceb286d217c61d8f0e75da1acf29379d71820fc961d94f22b1d932""}"
convbench:271,270,True,True,True,True,True,True,c1014ef3a269f04f66a46b42473aa4958f069240cb785b5d03ed2ead3dc44b70,1ae530d94b8e22da009ef23cd692c81e8cd146a75a5c514a2f2dab38bfb645fd,"{""FullLoad"": ""1ae530d94b8e22da009ef23cd692c81e8cd146a75a5c514a2f2dab38bfb645fd"", ""Prefix25"": ""1ae530d94b8e22da009ef23cd692c81e8cd146a75a5c514a2f2dab38bfb645fd"", ""Prefix45"": ""1ae530d94b8e22da009ef23cd692c81e8cd146a75a5c514a2f2dab38bfb645fd"", ""ReComp"": ""1ae530d94b8e22da009ef23cd692c81e8cd146a75a5c514a2f2dab38bfb645fd""}"
convbench:272,271,True,True,True,True,True,True,41129206fd3d7e03ed5cc6068e49b7a210577b6cff2f0ca7511a89c3e02116f6,12bc17749cbf9eef5b58ddff3a19351f64da0592aef56d820e7d72e2a9207ee9,"{""FullLoad"": ""12bc17749cbf9eef5b58ddff3a19351f64da0592aef56d820e7d72e2a9207ee9"", ""Prefix25"": ""12bc17749cbf9eef5b58ddff3a19351f64da0592aef56d820e7d72e2a9207ee9"", ""Prefix45"": ""12bc17749cbf9eef5b58ddff3a19351f64da0592aef56d820e7d72e2a9207ee9"", ""ReComp"": ""12bc17749cbf9eef5b58ddff3a19351f64da0592aef56d820e7d72e2a9207ee9""}"
convbench:273,272,True,True,True,True,True,True,41757d0d7a6c9fad4d4da90f37bb9a13262ef1dfb766f35ebd80a49d636e0dd0,47eafca94ca652153acb214bedc1a266e354e3b87df06ae576cdb67c50fe20aa,"{""FullLoad"": ""47eafca94ca652153acb214bedc1a266e354e3b87df06ae576cdb67c50fe20aa"", ""Prefix25"": ""47eafca94ca652153acb214bedc1a266e354e3b87df06ae576cdb67c50fe20aa"", ""Prefix45"": ""47eafca94ca652153acb214bedc1a266e354e3b87df06ae576cdb67c50fe20aa"", ""ReComp"": ""47eafca94ca652153acb214bedc1a266e354e3b87df06ae576cdb67c50fe20aa""}"
convbench:274,273,True,True,True,True,True,True,af2befef23337d1ec3cf633a2cd6aa8ec1cc7cdeb20dceeabeed9c99fe8a06de,07f8539985485a087994cf3db2cb574b52529dcdfa7f339d921df06c58b4cbdd,"{""FullLoad"": ""07f8539985485a087994cf3db2cb574b52529dcdfa7f339d921df06c58b4cbdd"", ""Prefix25"": ""07f8539985485a087994cf3db2cb574b52529dcdfa7f339d921df06c58b4cbdd"", ""Prefix45"": ""07f8539985485a087994cf3db2cb574b52529dcdfa7f339d921df06c58b4cbdd"", ""ReComp"": ""07f8539985485a087994cf3db2cb574b52529dcdfa7f339d921df06c58b4cbdd""}"
convbench:275,274,True,True,True,True,True,True,fae53154e007bc6e8ee6d82d9fc5b575b6569beeee4403f772013def56fd96b9,c93c99f56e2c31286352daf088464f34d6cf8e30a6b0af27160200ed0a8be16f,"{""FullLoad"": ""c93c99f56e2c31286352daf088464f34d6cf8e30a6b0af27160200ed0a8be16f"", ""Prefix25"": ""c93c99f56e2c31286352daf088464f34d6cf8e30a6b0af27160200ed0a8be16f"", ""Prefix45"": ""c93c99f56e2c31286352daf088464f34d6cf8e30a6b0af27160200ed0a8be16f"", ""ReComp"": ""c93c99f56e2c31286352daf088464f34d6cf8e30a6b0af27160200ed0a8be16f""}"
convbench:276,275,True,True,True,True,True,True,b2602e473fc9cfdf6ed4a18cda4799d134636345e6186a3c377fc3ef2aaf7317,cba24cb8496de86406335d633914bf9c17cc021b38b9b3bf6f8579d5e4f41465,"{""FullLoad"": ""cba24cb8496de86406335d633914bf9c17cc021b38b9b3bf6f8579d5e4f41465"", ""Prefix25"": ""cba24cb8496de86406335d633914bf9c17cc021b38b9b3bf6f8579d5e4f41465"", ""Prefix45"": ""cba24cb8496de86406335d633914bf9c17cc021b38b9b3bf6f8579d5e4f41465"", ""ReComp"": ""cba24cb8496de86406335d633914bf9c17cc021b38b9b3bf6f8579d5e4f41465""}"
convbench:277,276,True,True,True,True,True,True,ba17fc43bd281f48e65f29fd319a29673e069d454403964fed01c32dbb34b5af,5cd0e34bf24501dd766c57eaf0462c4e7b68039717b2b9cca29661ad4f242755,"{""FullLoad"": ""5cd0e34bf24501dd766c57eaf0462c4e7b68039717b2b9cca29661ad4f242755"", ""Prefix25"": ""5cd0e34bf24501dd766c57eaf0462c4e7b68039717b2b9cca29661ad4f242755"", ""Prefix45"": ""5cd0e34bf24501dd766c57eaf0462c4e7b68039717b2b9cca29661ad4f242755"", ""ReComp"": ""5cd0e34bf24501dd766c57eaf0462c4e7b68039717b2b9cca29661ad4f242755""}"
convbench:278,277,True,True,True,True,True,True,608e181f5ed96da821becfb0da0385c83a57f10cee431d8746f7214ac1805828,b3cc0ed3b30a1e3114d5318c5438763cd0f04bf157eaf3711be293b6dcd9bd0b,"{""FullLoad"": ""b3cc0ed3b30a1e3114d5318c5438763cd0f04bf157eaf3711be293b6dcd9bd0b"", ""Prefix25"": ""b3cc0ed3b30a1e3114d5318c5438763cd0f04bf157eaf3711be293b6dcd9bd0b"", ""Prefix45"": ""b3cc0ed3b30a1e3114d5318c5438763cd0f04bf157eaf3711be293b6dcd9bd0b"", ""ReComp"": ""b3cc0ed3b30a1e3114d5318c5438763cd0f04bf157eaf3711be293b6dcd9bd0b""}"
convbench:279,278,True,True,True,True,True,True,18a1be49eb4262d9a4b0e0921332c211eebaf90f3c6b8d21680e66141826aa74,bb71be51d24de0bd09f165046bcecfecdfe9aaf3941a196630fb858bf842e823,"{""FullLoad"": ""bb71be51d24de0bd09f165046bcecfecdfe9aaf3941a196630fb858bf842e823"", ""Prefix25"": ""bb71be51d24de0bd09f165046bcecfecdfe9aaf3941a196630fb858bf842e823"", ""Prefix45"": ""bb71be51d24de0bd09f165046bcecfecdfe9aaf3941a196630fb858bf842e823"", ""ReComp"": ""bb71be51d24de0bd09f165046bcecfecdfe9aaf3941a196630fb858bf842e823""}"
convbench:280,279,True,True,True,True,True,True,6a47a91c09fbeb4dad7d8f87e674a9001a22f0eceb1595a24e29f9aef09a6b18,93d624a7726bb4cd04266c31223717c82a81e6959b539810c0eba1d60fae25ff,"{""FullLoad"": ""93d624a7726bb4cd04266c31223717c82a81e6959b539810c0eba1d60fae25ff"", ""Prefix25"": ""93d624a7726bb4cd04266c31223717c82a81e6959b539810c0eba1d60fae25ff"", ""Prefix45"": ""93d624a7726bb4cd04266c31223717c82a81e6959b539810c0eba1d60fae25ff"", ""ReComp"": ""93d624a7726bb4cd04266c31223717c82a81e6959b539810c0eba1d60fae25ff""}"
convbench:281,280,True,True,True,True,True,True,6a47a91c09fbeb4dad7d8f87e674a9001a22f0eceb1595a24e29f9aef09a6b18,0d5f2a589f8887a9a400cd514091599cea66672bc357b2a03976107a24e42751,"{""FullLoad"": ""0d5f2a589f8887a9a400cd514091599cea66672bc357b2a03976107a24e42751"", ""Prefix25"": ""0d5f2a589f8887a9a400cd514091599cea66672bc357b2a03976107a24e42751"", ""Prefix45"": ""0d5f2a589f8887a9a400cd514091599cea66672bc357b2a03976107a24e42751"", ""ReComp"": ""0d5f2a589f8887a9a400cd514091599cea66672bc357b2a03976107a24e42751""}"
convbench:282,281,True,True,True,True,True,True,f9134744a1596a366dbec04cd6e7505d1d6184e2928894bb82003bfa4f300e39,a01ad2dacb9a175546cdda499bf5eca0081931c55b97d9a12e88354dd96d1ae7,"{""FullLoad"": ""a01ad2dacb9a175546cdda499bf5eca0081931c55b97d9a12e88354dd96d1ae7"", ""Prefix25"": ""a01ad2dacb9a175546cdda499bf5eca0081931c55b97d9a12e88354dd96d1ae7"", ""Prefix45"": ""a01ad2dacb9a175546cdda499bf5eca0081931c55b97d9a12e88354dd96d1ae7"", ""ReComp"": ""a01ad2dacb9a175546cdda499bf5eca0081931c55b97d9a12e88354dd96d1ae7""}"
convbench:283,282,True,True,True,True,True,True,fa5145579881de416c9d77c1ec0d62b1dc0e22a5540050860fb560966a780ee5,1d5910e2f34d377982b74315464976c9db36ac941639c31d83acbff488d1b773,"{""FullLoad"": ""1d5910e2f34d377982b74315464976c9db36ac941639c31d83acbff488d1b773"", ""Prefix25"": ""1d5910e2f34d377982b74315464976c9db36ac941639c31d83acbff488d1b773"", ""Prefix45"": ""1d5910e2f34d377982b74315464976c9db36ac941639c31d83acbff488d1b773"", ""ReComp"": ""1d5910e2f34d377982b74315464976c9db36ac941639c31d83acbff488d1b773""}"
convbench:284,283,True,True,True,True,True,True,4a319307f8e5aed2e2ba9772d86000f6960cc5cb8d718bc9bfd3824f559549d2,cff9cd80513b3825dc79dbe75c0d8c7ed6c548fe9a1906a1ea5c86b49907b3fc,"{""FullLoad"": ""cff9cd80513b3825dc79dbe75c0d8c7ed6c548fe9a1906a1ea5c86b49907b3fc"", ""Prefix25"": ""cff9cd80513b3825dc79dbe75c0d8c7ed6c548fe9a1906a1ea5c86b49907b3fc"", ""Prefix45"": ""cff9cd80513b3825dc79dbe75c0d8c7ed6c548fe9a1906a1ea5c86b49907b3fc"", ""ReComp"": ""cff9cd80513b3825dc79dbe75c0d8c7ed6c548fe9a1906a1ea5c86b49907b3fc""}"
convbench:285,284,True,True,True,True,True,True,66277ba2d5fe2da06161631725dfde9636668490be375c17525f89aae48a10bf,87efc726fb7bda576ff722ce4c78f43edb6e84771f52c8ddbd40142e304088ca,"{""FullLoad"": ""87efc726fb7bda576ff722ce4c78f43edb6e84771f52c8ddbd40142e304088ca"", ""Prefix25"": ""87efc726fb7bda576ff722ce4c78f43edb6e84771f52c8ddbd40142e304088ca"", ""Prefix45"": ""87efc726fb7bda576ff722ce4c78f43edb6e84771f52c8ddbd40142e304088ca"", ""ReComp"": ""87efc726fb7bda576ff722ce4c78f43edb6e84771f52c8ddbd40142e304088ca""}"
convbench:286,285,True,True,True,True,True,True,f422d472b463f392b66701fb8b51b43f0865bfb8f70d1db4277fa58234da0bcd,202466723de38ed7162af7f4ce006971e9c73bee1c2049a4e0b6804dbf7a1cb6,"{""FullLoad"": ""202466723de38ed7162af7f4ce006971e9c73bee1c2049a4e0b6804dbf7a1cb6"", ""Prefix25"": ""202466723de38ed7162af7f4ce006971e9c73bee1c2049a4e0b6804dbf7a1cb6"", ""Prefix45"": ""202466723de38ed7162af7f4ce006971e9c73bee1c2049a4e0b6804dbf7a1cb6"", ""ReComp"": ""202466723de38ed7162af7f4ce006971e9c73bee1c2049a4e0b6804dbf7a1cb6""}"
convbench:287,286,True,True,True,True,True,True,6a47a91c09fbeb4dad7d8f87e674a9001a22f0eceb1595a24e29f9aef09a6b18,63fa369b1ecb22bc7dde421989b4f4842d21c9074f0d72a9639e39e1aa542fa1,"{""FullLoad"": ""63fa369b1ecb22bc7dde421989b4f4842d21c9074f0d72a9639e39e1aa542fa1"", ""Prefix25"": ""63fa369b1ecb22bc7dde421989b4f4842d21c9074f0d72a9639e39e1aa542fa1"", ""Prefix45"": ""63fa369b1ecb22bc7dde421989b4f4842d21c9074f0d72a9639e39e1aa542fa1"", ""ReComp"": ""63fa369b1ecb22bc7dde421989b4f4842d21c9074f0d72a9639e39e1aa542fa1""}"
convbench:288,287,True,True,True,True,True,True,d5abad654686392512d04dbdc2c781e47e86f703dce9b7dbe5c4bec8ede0ac06,ad8ad7a61fe0d806627d42ca460b825345b5964573d934c77581f5769007f3ca,"{""FullLoad"": ""ad8ad7a61fe0d806627d42ca460b825345b5964573d934c77581f5769007f3ca"", ""Prefix25"": ""ad8ad7a61fe0d806627d42ca460b825345b5964573d934c77581f5769007f3ca"", ""Prefix45"": ""ad8ad7a61fe0d806627d42ca460b825345b5964573d934c77581f5769007f3ca"", ""ReComp"": ""ad8ad7a61fe0d806627d42ca460b825345b5964573d934c77581f5769007f3ca""}"
convbench:289,288,True,True,True,True,True,True,a6db3447086bc9d12acc2c12018ee7444ba6773d66aff158ad6029f5a2fdea73,db5be743302246bca95ea27868669ecca209fb21ab004241cf39415e7508b912,"{""FullLoad"": ""db5be743302246bca95ea27868669ecca209fb21ab004241cf39415e7508b912"", ""Prefix25"": ""db5be743302246bca95ea27868669ecca209fb21ab004241cf39415e7508b912"", ""Prefix45"": ""db5be743302246bca95ea27868669ecca209fb21ab004241cf39415e7508b912"", ""ReComp"": ""db5be743302246bca95ea27868669ecca209fb21ab004241cf39415e7508b912""}"
convbench:290,289,True,True,True,True,True,True,fa5145579881de416c9d77c1ec0d62b1dc0e22a5540050860fb560966a780ee5,7ddd1499c75d443e37aa37807cb92e46d1ee604a81f09fd1833dd399a8900338,"{""FullLoad"": ""7ddd1499c75d443e37aa37807cb92e46d1ee604a81f09fd1833dd399a8900338"", ""Prefix25"": ""7ddd1499c75d443e37aa37807cb92e46d1ee604a81f09fd1833dd399a8900338"", ""Prefix45"": ""7ddd1499c75d443e37aa37807cb92e46d1ee604a81f09fd1833dd399a8900338"", ""ReComp"": ""7ddd1499c75d443e37aa37807cb92e46d1ee604a81f09fd1833dd399a8900338""}"
convbench:291,290,True,True,True,True,True,True,d0112e8d83a2849ae7ea90849fd4f387d2a24f7b4fa291ed9572a2ad03270991,5970d7cb6e4259b800f7e0b26dca94135342c1466eaaeda0fdf499b1ad6f9da1,"{""FullLoad"": ""5970d7cb6e4259b800f7e0b26dca94135342c1466eaaeda0fdf499b1ad6f9da1"", ""Prefix25"": ""5970d7cb6e4259b800f7e0b26dca94135342c1466eaaeda0fdf499b1ad6f9da1"", ""Prefix45"": ""5970d7cb6e4259b800f7e0b26dca94135342c1466eaaeda0fdf499b1ad6f9da1"", ""ReComp"": ""5970d7cb6e4259b800f7e0b26dca94135342c1466eaaeda0fdf499b1ad6f9da1""}"
convbench:292,291,True,True,True,True,True,True,fa5145579881de416c9d77c1ec0d62b1dc0e22a5540050860fb560966a780ee5,b00ace53f999bcf03da9e8be334e590006dad096c1de8dde291937603f0f97a7,"{""FullLoad"": ""b00ace53f999bcf03da9e8be334e590006dad096c1de8dde291937603f0f97a7"", ""Prefix25"": ""b00ace53f999bcf03da9e8be334e590006dad096c1de8dde291937603f0f97a7"", ""Prefix45"": ""b00ace53f999bcf03da9e8be334e590006dad096c1de8dde291937603f0f97a7"", ""ReComp"": ""b00ace53f999bcf03da9e8be334e590006dad096c1de8dde291937603f0f97a7""}"
convbench:293,292,True,True,True,True,True,True,e661dca2283f44a5e21220969acb861b6205bc83b5cdcffad4c62ce6cf584ec9,81479c1f7b224c0e9ac910845d1b52d6f4f8e815e511629a5510c11089861367,"{""FullLoad"": ""81479c1f7b224c0e9ac910845d1b52d6f4f8e815e511629a5510c11089861367"", ""Prefix25"": ""81479c1f7b224c0e9ac910845d1b52d6f4f8e815e511629a5510c11089861367"", ""Prefix45"": ""81479c1f7b224c0e9ac910845d1b52d6f4f8e815e511629a5510c11089861367"", ""ReComp"": ""81479c1f7b224c0e9ac910845d1b52d6f4f8e815e511629a5510c11089861367""}"
convbench:294,293,True,True,True,True,True,True,58378cdc4fabb434e6a02d3724029d5f7a62b82b2ac8aae07fd52f6882370df5,531a58c1305df9b6f65682a25b51ededd7057b5a1cf8d7abd73f103939fa2fd1,"{""FullLoad"": ""531a58c1305df9b6f65682a25b51ededd7057b5a1cf8d7abd73f103939fa2fd1"", ""Prefix25"": ""531a58c1305df9b6f65682a25b51ededd7057b5a1cf8d7abd73f103939fa2fd1"", ""Prefix45"": ""531a58c1305df9b6f65682a25b51ededd7057b5a1cf8d7abd73f103939fa2fd1"", ""ReComp"": ""531a58c1305df9b6f65682a25b51ededd7057b5a1cf8d7abd73f103939fa2fd1""}"
convbench:295,294,True,True,True,True,True,True,0c7736aafb5bcb9c72f25c959c9ffba0e900b4128592b7616a853091d344522d,10a849fdb55c8c1a25b4ee0ee645213f46f4e5a9797b6f861a7e960c03162e55,"{""FullLoad"": ""10a849fdb55c8c1a25b4ee0ee645213f46f4e5a9797b6f861a7e960c03162e55"", ""Prefix25"": ""10a849fdb55c8c1a25b4ee0ee645213f46f4e5a9797b6f861a7e960c03162e55"", ""Prefix45"": ""10a849fdb55c8c1a25b4ee0ee645213f46f4e5a9797b6f861a7e960c03162e55"", ""ReComp"": ""10a849fdb55c8c1a25b4ee0ee645213f46f4e5a9797b6f861a7e960c03162e55""}"
convbench:296,295,True,True,True,True,True,True,49aa3d54bc4a80d0ef9068fe182eea36f48e52a2c7dc7552c213e64e745cd66e,a0afc93b2b3826dc4800788c99ac84828800993d034597700ed7890b015aba63,"{""FullLoad"": ""a0afc93b2b3826dc4800788c99ac84828800993d034597700ed7890b015aba63"", ""Prefix25"": ""a0afc93b2b3826dc4800788c99ac84828800993d034597700ed7890b015aba63"", ""Prefix45"": ""a0afc93b2b3826dc4800788c99ac84828800993d034597700ed7890b015aba63"", ""ReComp"": ""a0afc93b2b3826dc4800788c99ac84828800993d034597700ed7890b015aba63""}"
convbench:297,296,True,True,True,True,True,True,7d3ffb9b41bf57581bc21715031b6c1f1a195004abe5915ecda1f6088e1a6659,797f2ffc9ceebf82c237b18373a3398fad3f22ea68c1fc560ded814344ded19f,"{""FullLoad"": ""797f2ffc9ceebf82c237b18373a3398fad3f22ea68c1fc560ded814344ded19f"", ""Prefix25"": ""797f2ffc9ceebf82c237b18373a3398fad3f22ea68c1fc560ded814344ded19f"", ""Prefix45"": ""797f2ffc9ceebf82c237b18373a3398fad3f22ea68c1fc560ded814344ded19f"", ""ReComp"": ""797f2ffc9ceebf82c237b18373a3398fad3f22ea68c1fc560ded814344ded19f""}"
convbench:298,297,True,True,True,True,True,True,6a47a91c09fbeb4dad7d8f87e674a9001a22f0eceb1595a24e29f9aef09a6b18,97bff0dc445cc36e5403bc7015843dca6ca90bb667496b3673084aadd1f15d4f,"{""FullLoad"": ""97bff0dc445cc36e5403bc7015843dca6ca90bb667496b3673084aadd1f15d4f"", ""Prefix25"": ""97bff0dc445cc36e5403bc7015843dca6ca90bb667496b3673084aadd1f15d4f"", ""Prefix45"": ""97bff0dc445cc36e5403bc7015843dca6ca90bb667496b3673084aadd1f15d4f"", ""ReComp"": ""97bff0dc445cc36e5403bc7015843dca6ca90bb667496b3673084aadd1f15d4f""}"
convbench:299,298,True,True,True,True,True,True,41757d0d7a6c9fad4d4da90f37bb9a13262ef1dfb766f35ebd80a49d636e0dd0,691f913be85343f29a01d007b68409c91f8aa9973a5cbe4b570300a6dc18ae1d,"{""FullLoad"": ""691f913be85343f29a01d007b68409c91f8aa9973a5cbe4b570300a6dc18ae1d"", ""Prefix25"": ""691f913be85343f29a01d007b68409c91f8aa9973a5cbe4b570300a6dc18ae1d"", ""Prefix45"": ""691f913be85343f29a01d007b68409c91f8aa9973a5cbe4b570300a6dc18ae1d"", ""ReComp"": ""691f913be85343f29a01d007b68409c91f8aa9973a5cbe4b570300a6dc18ae1d""}"
convbench:300,299,True,True,True,True,True,True,615ca2ff01cba89fd94d0badcbccf0feacb9508460c39a6320133f0c6264e168,74f844acd850818bf86c5f0bf59faa77ad65c8f52b2ab1d9612e677aa05f441a,"{""FullLoad"": ""74f844acd850818bf86c5f0bf59faa77ad65c8f52b2ab1d9612e677aa05f441a"", ""Prefix25"": ""74f844acd850818bf86c5f0bf59faa77ad65c8f52b2ab1d9612e677aa05f441a"", ""Prefix45"": ""74f844acd850818bf86c5f0bf59faa77ad65c8f52b2ab1d9612e677aa05f441a"", ""ReComp"": ""74f844acd850818bf86c5f0bf59faa77ad65c8f52b2ab1d9612e677aa05f441a""}"
convbench:301,300,True,True,True,True,True,True,7ec8e0662b22c1eedfcc0075838820f7fad173816ca21d8185fd4746268e44b4,24cd33e6967b63a4fc1fb8ecd46cb3c7e109309b06881842117fbbc5f30716eb,"{""FullLoad"": ""24cd33e6967b63a4fc1fb8ecd46cb3c7e109309b06881842117fbbc5f30716eb"", ""Prefix25"": ""24cd33e6967b63a4fc1fb8ecd46cb3c7e109309b06881842117fbbc5f30716eb"", ""Prefix45"": ""24cd33e6967b63a4fc1fb8ecd46cb3c7e109309b06881842117fbbc5f30716eb"", ""ReComp"": ""24cd33e6967b63a4fc1fb8ecd46cb3c7e109309b06881842117fbbc5f30716eb""}"
convbench:302,301,True,True,True,True,True,True,48aab74d7929173e3d3446caa5acc5ad88ae4638329c094248208c0339f0f8f0,c5e120ef5463c754e2744d88e47c61717e4e6195a124a6df139372bb9c4f049b,"{""FullLoad"": ""c5e120ef5463c754e2744d88e47c61717e4e6195a124a6df139372bb9c4f049b"", ""Prefix25"": ""c5e120ef5463c754e2744d88e47c61717e4e6195a124a6df139372bb9c4f049b"", ""Prefix45"": ""c5e120ef5463c754e2744d88e47c61717e4e6195a124a6df139372bb9c4f049b"", ""ReComp"": ""c5e120ef5463c754e2744d88e47c61717e4e6195a124a6df139372bb9c4f049b""}"
convbench:303,302,True,True,True,True,True,True,5a157074f634dfb9ad747d9b2ffefddc6d229f08aceee2fa67a44f8ada4e50db,afa447ef34ec159ff3d401326d04389ed8536e7d54376a839a5d7bf6eac04f88,"{""FullLoad"": ""afa447ef34ec159ff3d401326d04389ed8536e7d54376a839a5d7bf6eac04f88"", ""Prefix25"": ""afa447ef34ec159ff3d401326d04389ed8536e7d54376a839a5d7bf6eac04f88"", ""Prefix45"": ""afa447ef34ec159ff3d401326d04389ed8536e7d54376a839a5d7bf6eac04f88"", ""ReComp"": ""afa447ef34ec159ff3d401326d04389ed8536e7d54376a839a5d7bf6eac04f88""}"
convbench:304,303,True,True,True,True,True,True,426ba260ea418403422ad22152686319ab49e3f6b19b8c0e6e7c61ed1fc8fa60,e3d17b267fddbf99f81a3cd829ea23f92e14e0784611dfd48650dcb7fe6a811a,"{""FullLoad"": ""e3d17b267fddbf99f81a3cd829ea23f92e14e0784611dfd48650dcb7fe6a811a"", ""Prefix25"": ""e3d17b267fddbf99f81a3cd829ea23f92e14e0784611dfd48650dcb7fe6a811a"", ""Prefix45"": ""e3d17b267fddbf99f81a3cd829ea23f92e14e0784611dfd48650dcb7fe6a811a"", ""ReComp"": ""e3d17b267fddbf99f81a3cd829ea23f92e14e0784611dfd48650dcb7fe6a811a""}"
convbench:305,304,True,True,True,True,True,True,d0112e8d83a2849ae7ea90849fd4f387d2a24f7b4fa291ed9572a2ad03270991,03cd5d62fe663b2180700cbd7654d58f30e8305d43bbda30d5efb22ffd797b13,"{""FullLoad"": ""03cd5d62fe663b2180700cbd7654d58f30e8305d43bbda30d5efb22ffd797b13"", ""Prefix25"": ""03cd5d62fe663b2180700cbd7654d58f30e8305d43bbda30d5efb22ffd797b13"", ""Prefix45"": ""03cd5d62fe663b2180700cbd7654d58f30e8305d43bbda30d5efb22ffd797b13"", ""ReComp"": ""03cd5d62fe663b2180700cbd7654d58f30e8305d43bbda30d5efb22ffd797b13""}"
convbench:306,305,True,True,True,True,True,True,7bceda47e11e00edef7f4683eda9b342fbbead493b08df92d07f18b9029c3ce8,48f874a76e05b454cd76c4b343d65d0082cdc25b57f40c7e76277ee7b9255042,"{""FullLoad"": ""48f874a76e05b454cd76c4b343d65d0082cdc25b57f40c7e76277ee7b9255042"", ""Prefix25"": ""48f874a76e05b454cd76c4b343d65d0082cdc25b57f40c7e76277ee7b9255042"", ""Prefix45"": ""48f874a76e05b454cd76c4b343d65d0082cdc25b57f40c7e76277ee7b9255042"", ""ReComp"": ""48f874a76e05b454cd76c4b343d65d0082cdc25b57f40c7e76277ee7b9255042""}"
convbench:307,306,True,True,True,True,True,True,fb190baa8664349339977cd46b63bd8dc927bd1ee610afd0f6b918afea475757,b5f8339fbc2405d4999442dfad800ced5536e5d67b1575d2e66d82586430fdd0,"{""FullLoad"": ""b5f8339fbc2405d4999442dfad800ced5536e5d67b1575d2e66d82586430fdd0"", ""Prefix25"": ""b5f8339fbc2405d4999442dfad800ced5536e5d67b1575d2e66d82586430fdd0"", ""Prefix45"": ""b5f8339fbc2405d4999442dfad800ced5536e5d67b1575d2e66d82586430fdd0"", ""ReComp"": ""b5f8339fbc2405d4999442dfad800ced5536e5d67b1575d2e66d82586430fdd0""}"
convbench:308,307,True,True,True,True,True,True,b3d9baca3bc83356706950df30b23b36adfe45c4cea1f0e70766315b2f393b4b,6aa6bcb26fac15fd73ebcaed630dee6ff584df1633f319436371eab8a7ccbc4e,"{""FullLoad"": ""6aa6bcb26fac15fd73ebcaed630dee6ff584df1633f319436371eab8a7ccbc4e"", ""Prefix25"": ""6aa6bcb26fac15fd73ebcaed630dee6ff584df1633f319436371eab8a7ccbc4e"", ""Prefix45"": ""6aa6bcb26fac15fd73ebcaed630dee6ff584df1633f319436371eab8a7ccbc4e"", ""ReComp"": ""6aa6bcb26fac15fd73ebcaed630dee6ff584df1633f319436371eab8a7ccbc4e""}"
convbench:309,308,True,True,True,True,True,True,73fd180a75311ea3f11941704fd1aadcedd89f71638b06802c01962e1059f06b,ae04d7c6aa40ba5fbcb150c8f96abf4a6070b1967a5c9d2565833f70690d8560,"{""FullLoad"": ""ae04d7c6aa40ba5fbcb150c8f96abf4a6070b1967a5c9d2565833f70690d8560"", ""Prefix25"": ""ae04d7c6aa40ba5fbcb150c8f96abf4a6070b1967a5c9d2565833f70690d8560"", ""Prefix45"": ""ae04d7c6aa40ba5fbcb150c8f96abf4a6070b1967a5c9d2565833f70690d8560"", ""ReComp"": ""ae04d7c6aa40ba5fbcb150c8f96abf4a6070b1967a5c9d2565833f70690d8560""}"
convbench:310,309,True,True,True,True,True,True,35d16339c33db84063b334f22d060a7413c6ae81e4e21d6f11e40d904da03c21,868a31d81a273522c84251e9df7ca1a76e197467dc819b82e8d436602a92f841,"{""FullLoad"": ""868a31d81a273522c84251e9df7ca1a76e197467dc819b82e8d436602a92f841"", ""Prefix25"": ""868a31d81a273522c84251e9df7ca1a76e197467dc819b82e8d436602a92f841"", ""Prefix45"": ""868a31d81a273522c84251e9df7ca1a76e197467dc819b82e8d436602a92f841"", ""ReComp"": ""868a31d81a273522c84251e9df7ca1a76e197467dc819b82e8d436602a92f841""}"
convbench:311,310,True,True,True,True,True,True,0c7736aafb5bcb9c72f25c959c9ffba0e900b4128592b7616a853091d344522d,35cc24b235f50c80ada3fdd8c1e95e89ec8f1d0eee12d34211c213e17c15b09b,"{""FullLoad"": ""35cc24b235f50c80ada3fdd8c1e95e89ec8f1d0eee12d34211c213e17c15b09b"", ""Prefix25"": ""35cc24b235f50c80ada3fdd8c1e95e89ec8f1d0eee12d34211c213e17c15b09b"", ""Prefix45"": ""35cc24b235f50c80ada3fdd8c1e95e89ec8f1d0eee12d34211c213e17c15b09b"", ""ReComp"": ""35cc24b235f50c80ada3fdd8c1e95e89ec8f1d0eee12d34211c213e17c15b09b""}"
convbench:312,311,True,True,True,True,True,True,6a47a91c09fbeb4dad7d8f87e674a9001a22f0eceb1595a24e29f9aef09a6b18,89182ed390a1c6df17773d8c61096647ec72e1cc07a84a41ccfcd05dc3394a3f,"{""FullLoad"": ""89182ed390a1c6df17773d8c61096647ec72e1cc07a84a41ccfcd05dc3394a3f"", ""Prefix25"": ""89182ed390a1c6df17773d8c61096647ec72e1cc07a84a41ccfcd05dc3394a3f"", ""Prefix45"": ""89182ed390a1c6df17773d8c61096647ec72e1cc07a84a41ccfcd05dc3394a3f"", ""ReComp"": ""89182ed390a1c6df17773d8c61096647ec72e1cc07a84a41ccfcd05dc3394a3f""}"
convbench:313,312,True,True,True,True,True,True,93746c6f1d6a30d5f0d5a46832641a1fb171b519a5d8cc0677b8886779dbe240,dcde4600c89859caf1ea63f9d6bd3298f7fbb05c137191bd868d0c4a9b8e4524,"{""FullLoad"": ""dcde4600c89859caf1ea63f9d6bd3298f7fbb05c137191bd868d0c4a9b8e4524"", ""Prefix25"": ""dcde4600c89859caf1ea63f9d6bd3298f7fbb05c137191bd868d0c4a9b8e4524"", ""Prefix45"": ""dcde4600c89859caf1ea63f9d6bd3298f7fbb05c137191bd868d0c4a9b8e4524"", ""ReComp"": ""dcde4600c89859caf1ea63f9d6bd3298f7fbb05c137191bd868d0c4a9b8e4524""}"
convbench:314,313,True,True,True,True,True,True,c0698f4a11f037da2d0a1c2ee099fc5ad9bca5646483a183be8d9535865306a3,856de06ac66c698d84cb4273de8c7e0ed054d7fba157e98d286a71cf6a3f392b,"{""FullLoad"": ""856de06ac66c698d84cb4273de8c7e0ed054d7fba157e98d286a71cf6a3f392b"", ""Prefix25"": ""856de06ac66c698d84cb4273de8c7e0ed054d7fba157e98d286a71cf6a3f392b"", ""Prefix45"": ""856de06ac66c698d84cb4273de8c7e0ed054d7fba157e98d286a71cf6a3f392b"", ""ReComp"": ""856de06ac66c698d84cb4273de8c7e0ed054d7fba157e98d286a71cf6a3f392b""}"
convbench:315,314,True,True,True,True,True,True,a69a2ce42cfcc45065a02aca1638f30739a94db87bc0b5220835624c21f792d0,7bc1925f296f05eb655193290c98c78a51f77a3af9a5b19c37f3c6b2360de30c,"{""FullLoad"": ""7bc1925f296f05eb655193290c98c78a51f77a3af9a5b19c37f3c6b2360de30c"", ""Prefix25"": ""7bc1925f296f05eb655193290c98c78a51f77a3af9a5b19c37f3c6b2360de30c"", ""Prefix45"": ""7bc1925f296f05eb655193290c98c78a51f77a3af9a5b19c37f3c6b2360de30c"", ""ReComp"": ""7bc1925f296f05eb655193290c98c78a51f77a3af9a5b19c37f3c6b2360de30c""}"
convbench:316,315,True,True,True,True,True,True,8539c1786f0d49d8521a0ac584550e5a993f5a882e063fe52c22c29f1c15062e,8991440517cd3bda47c104c51df68e119a8c5089ec71b71dd8ee81d8ddb658ed,"{""FullLoad"": ""8991440517cd3bda47c104c51df68e119a8c5089ec71b71dd8ee81d8ddb658ed"", ""Prefix25"": ""8991440517cd3bda47c104c51df68e119a8c5089ec71b71dd8ee81d8ddb658ed"", ""Prefix45"": ""8991440517cd3bda47c104c51df68e119a8c5089ec71b71dd8ee81d8ddb658ed"", ""ReComp"": ""8991440517cd3bda47c104c51df68e119a8c5089ec71b71dd8ee81d8ddb658ed""}"
convbench:317,316,True,True,True,True,True,True,8539c1786f0d49d8521a0ac584550e5a993f5a882e063fe52c22c29f1c15062e,dd64299047973e92065a8190e39096c818db42fcf12441eed05a093795ab3c40,"{""FullLoad"": ""dd64299047973e92065a8190e39096c818db42fcf12441eed05a093795ab3c40"", ""Prefix25"": ""dd64299047973e92065a8190e39096c818db42fcf12441eed05a093795ab3c40"", ""Prefix45"": ""dd64299047973e92065a8190e39096c818db42fcf12441eed05a093795ab3c40"", ""ReComp"": ""dd64299047973e92065a8190e39096c818db42fcf12441eed05a093795ab3c40""}"
convbench:318,317,True,True,True,True,True,True,d0112e8d83a2849ae7ea90849fd4f387d2a24f7b4fa291ed9572a2ad03270991,23a20aa02f625b8a92f68ee762580d5e429181ae78a97795b18f81dfa4dfcfa3,"{""FullLoad"": ""23a20aa02f625b8a92f68ee762580d5e429181ae78a97795b18f81dfa4dfcfa3"", ""Prefix25"": ""23a20aa02f625b8a92f68ee762580d5e429181ae78a97795b18f81dfa4dfcfa3"", ""Prefix45"": ""23a20aa02f625b8a92f68ee762580d5e429181ae78a97795b18f81dfa4dfcfa3"", ""ReComp"": ""23a20aa02f625b8a92f68ee762580d5e429181ae78a97795b18f81dfa4dfcfa3""}"
convbench:319,318,True,True,True,True,True,True,e11d029d0e1ac38e016fe6223ac58f3bc67a5c89b1911670e888eaae113dce46,6d90c8f23e28b7dd6460a78b88cd1bbad4e8cfd3e0b624f616a57ee52e25e785,"{""FullLoad"": ""6d90c8f23e28b7dd6460a78b88cd1bbad4e8cfd3e0b624f616a57ee52e25e785"", ""Prefix25"": ""6d90c8f23e28b7dd6460a78b88cd1bbad4e8cfd3e0b624f616a57ee52e25e785"", ""Prefix45"": ""6d90c8f23e28b7dd6460a78b88cd1bbad4e8cfd3e0b624f616a57ee52e25e785"", ""ReComp"": ""6d90c8f23e28b7dd6460a78b88cd1bbad4e8cfd3e0b624f616a57ee52e25e785""}"
convbench:320,319,True,True,True,True,True,True,50a1f81c2293f0b39b0b0d72e72de3186ed1d9e14f6076ac2c6a910a8415aadc,17b6d0fe6a9e7a88f04a290c4c01e0798b6fe15d8e518bb9ba3771e5500b8587,"{""FullLoad"": ""17b6d0fe6a9e7a88f04a290c4c01e0798b6fe15d8e518bb9ba3771e5500b8587"", ""Prefix25"": ""17b6d0fe6a9e7a88f04a290c4c01e0798b6fe15d8e518bb9ba3771e5500b8587"", ""Prefix45"": ""17b6d0fe6a9e7a88f04a290c4c01e0798b6fe15d8e518bb9ba3771e5500b8587"", ""ReComp"": ""17b6d0fe6a9e7a88f04a290c4c01e0798b6fe15d8e518bb9ba3771e5500b8587""}"
convbench:321,320,True,True,True,True,True,True,dd8c202632813cd69032978cca737796601ed06d9ea7050595f82528cbd2b802,1f8d7dd6de9006da8d69c39b26694f225bf37a7d5240859e1ca0efb77019fe03,"{""FullLoad"": ""1f8d7dd6de9006da8d69c39b26694f225bf37a7d5240859e1ca0efb77019fe03"", ""Prefix25"": ""1f8d7dd6de9006da8d69c39b26694f225bf37a7d5240859e1ca0efb77019fe03"", ""Prefix45"": ""1f8d7dd6de9006da8d69c39b26694f225bf37a7d5240859e1ca0efb77019fe03"", ""ReComp"": ""1f8d7dd6de9006da8d69c39b26694f225bf37a7d5240859e1ca0efb77019fe03""}"
convbench:322,321,True,True,True,True,True,True,617279e0ef6ff942490eb55716320b38447ced11a296b07172c9dcca0c49cb41,73e5b6594c0f1e5678ad23cf41f45add49c467b06f61b175ff37da9e1422e585,"{""FullLoad"": ""73e5b6594c0f1e5678ad23cf41f45add49c467b06f61b175ff37da9e1422e585"", ""Prefix25"": ""73e5b6594c0f1e5678ad23cf41f45add49c467b06f61b175ff37da9e1422e585"", ""Prefix45"": ""73e5b6594c0f1e5678ad23cf41f45add49c467b06f61b175ff37da9e1422e585"", ""ReComp"": ""73e5b6594c0f1e5678ad23cf41f45add49c467b06f61b175ff37da9e1422e585""}"
convbench:323,322,True,True,True,True,True,True,7881d01f72f0ca629f60475ef7ad72bdd8f6a5fc8e40ccb594f5724ec5095b48,b76c75adf5d4a3a34dcc7d0802cb4db31c564ecdd3dcf25b3f719011b44d2125,"{""FullLoad"": ""b76c75adf5d4a3a34dcc7d0802cb4db31c564ecdd3dcf25b3f719011b44d2125"", ""Prefix25"": ""b76c75adf5d4a3a34dcc7d0802cb4db31c564ecdd3dcf25b3f719011b44d2125"", ""Prefix45"": ""b76c75adf5d4a3a34dcc7d0802cb4db31c564ecdd3dcf25b3f719011b44d2125"", ""ReComp"": ""b76c75adf5d4a3a34dcc7d0802cb4db31c564ecdd3dcf25b3f719011b44d2125""}"
convbench:324,323,True,True,True,True,True,True,234c9a54762dd46150cb646099dfd6073eee9f9f8af983e779e8ddc32b7e5a54,3173ec58995fc3fe29ea4bcd338a4e1ce06331565fb5feac4b587086903b184b,"{""FullLoad"": ""3173ec58995fc3fe29ea4bcd338a4e1ce06331565fb5feac4b587086903b184b"", ""Prefix25"": ""3173ec58995fc3fe29ea4bcd338a4e1ce06331565fb5feac4b587086903b184b"", ""Prefix45"": ""3173ec58995fc3fe29ea4bcd338a4e1ce06331565fb5feac4b587086903b184b"", ""ReComp"": ""3173ec58995fc3fe29ea4bcd338a4e1ce06331565fb5feac4b587086903b184b""}"
convbench:325,324,True,True,True,True,True,True,4537fe5b0a33b042d0e1ced4e8aff9bfbf7b96565c978b83153a158a678aaae8,64288cced11fa876dcb1872d4223b18faf445980322192ce6c3b9cc0262b9e38,"{""FullLoad"": ""64288cced11fa876dcb1872d4223b18faf445980322192ce6c3b9cc0262b9e38"", ""Prefix25"": ""64288cced11fa876dcb1872d4223b18faf445980322192ce6c3b9cc0262b9e38"", ""Prefix45"": ""64288cced11fa876dcb1872d4223b18faf445980322192ce6c3b9cc0262b9e38"", ""ReComp"": ""64288cced11fa876dcb1872d4223b18faf445980322192ce6c3b9cc0262b9e38""}"
convbench:326,325,True,True,True,True,True,True,b0b3255c25507b6ba62c1f8d9760ae4de15c25ad339948a8e94b6cbb22511ad7,b1cedb68106246b2f3a5ac89644f3b29fcc16af2f575697099116cb9c9f80848,"{""FullLoad"": ""b1cedb68106246b2f3a5ac89644f3b29fcc16af2f575697099116cb9c9f80848"", ""Prefix25"": ""b1cedb68106246b2f3a5ac89644f3b29fcc16af2f575697099116cb9c9f80848"", ""Prefix45"": ""b1cedb68106246b2f3a5ac89644f3b29fcc16af2f575697099116cb9c9f80848"", ""ReComp"": ""b1cedb68106246b2f3a5ac89644f3b29fcc16af2f575697099116cb9c9f80848""}"
convbench:327,326,True,True,True,True,True,True,c0698f4a11f037da2d0a1c2ee099fc5ad9bca5646483a183be8d9535865306a3,ce5a974c77e33fd366560e39530056715f1a9b49da8cd9a0aa415901c913760d,"{""FullLoad"": ""ce5a974c77e33fd366560e39530056715f1a9b49da8cd9a0aa415901c913760d"", ""Prefix25"": ""ce5a974c77e33fd366560e39530056715f1a9b49da8cd9a0aa415901c913760d"", ""Prefix45"": ""ce5a974c77e33fd366560e39530056715f1a9b49da8cd9a0aa415901c913760d"", ""ReComp"": ""ce5a974c77e33fd366560e39530056715f1a9b49da8cd9a0aa415901c913760d""}"
convbench:328,327,True,True,True,True,True,True,4982eebdf39d2183873a301c42c34941f486c056fc885a5ee3772d8e92bcb53d,f1dfc9e2cc7c77a2a2141e7b15074439cb5365803587312412665f5a407608bc,"{""FullLoad"": ""f1dfc9e2cc7c77a2a2141e7b15074439cb5365803587312412665f5a407608bc"", ""Prefix25"": ""f1dfc9e2cc7c77a2a2141e7b15074439cb5365803587312412665f5a407608bc"", ""Prefix45"": ""f1dfc9e2cc7c77a2a2141e7b15074439cb5365803587312412665f5a407608bc"", ""ReComp"": ""f1dfc9e2cc7c77a2a2141e7b15074439cb5365803587312412665f5a407608bc""}"
convbench:329,328,True,True,True,True,True,True,4982eebdf39d2183873a301c42c34941f486c056fc885a5ee3772d8e92bcb53d,f693e788964029a173db30d38b3cba7b35f4fd1d19a4c4495316936b7b788cde,"{""FullLoad"": ""f693e788964029a173db30d38b3cba7b35f4fd1d19a4c4495316936b7b788cde"", ""Prefix25"": ""f693e788964029a173db30d38b3cba7b35f4fd1d19a4c4495316936b7b788cde"", ""Prefix45"": ""f693e788964029a173db30d38b3cba7b35f4fd1d19a4c4495316936b7b788cde"", ""ReComp"": ""f693e788964029a173db30d38b3cba7b35f4fd1d19a4c4495316936b7b788cde""}"
convbench:330,329,True,True,True,True,True,True,66dec3e465444638c67ec6f18f53ce09ab75f2992e385d62759f22cab3f764c9,37d7c5f42ed10a0cc99aa8b70ebc73d2fb11c4eb8fd697a4519ed86a1a0d8822,"{""FullLoad"": ""37d7c5f42ed10a0cc99aa8b70ebc73d2fb11c4eb8fd697a4519ed86a1a0d8822"", ""Prefix25"": ""37d7c5f42ed10a0cc99aa8b70ebc73d2fb11c4eb8fd697a4519ed86a1a0d8822"", ""Prefix45"": ""37d7c5f42ed10a0cc99aa8b70ebc73d2fb11c4eb8fd697a4519ed86a1a0d8822"", ""ReComp"": ""37d7c5f42ed10a0cc99aa8b70ebc73d2fb11c4eb8fd697a4519ed86a1a0d8822""}"
convbench:331,330,True,True,True,True,True,True,96618ec2f62d35b7a0f80990f9dede58fc8589b6aec9390bfab469273b17eb4a,352fa930e5cf429550f0cbede5c6bc59262328f70c2eeb1312239050636124b6,"{""FullLoad"": ""352fa930e5cf429550f0cbede5c6bc59262328f70c2eeb1312239050636124b6"", ""Prefix25"": ""352fa930e5cf429550f0cbede5c6bc59262328f70c2eeb1312239050636124b6"", ""Prefix45"": ""352fa930e5cf429550f0cbede5c6bc59262328f70c2eeb1312239050636124b6"", ""ReComp"": ""352fa930e5cf429550f0cbede5c6bc59262328f70c2eeb1312239050636124b6""}"
convbench:332,331,True,True,True,True,True,True,fa5145579881de416c9d77c1ec0d62b1dc0e22a5540050860fb560966a780ee5,1ac22267f8ee9bb91195a5038801326ff4d6e02b57faeb4bbcaa9e9d903e7aa3,"{""FullLoad"": ""1ac22267f8ee9bb91195a5038801326ff4d6e02b57faeb4bbcaa9e9d903e7aa3"", ""Prefix25"": ""1ac22267f8ee9bb91195a5038801326ff4d6e02b57faeb4bbcaa9e9d903e7aa3"", ""Prefix45"": ""1ac22267f8ee9bb91195a5038801326ff4d6e02b57faeb4bbcaa9e9d903e7aa3"", ""ReComp"": ""1ac22267f8ee9bb91195a5038801326ff4d6e02b57faeb4bbcaa9e9d903e7aa3""}"
convbench:333,332,True,True,True,True,True,True,5d7d05039fb0bcbb761c2f1b613948328020f11539e41f7589d53bcace496307,221fca6888a9ddbb5651bc26ea75f6e0b91ae8a7139682af77015f0505a8aa9d,"{""FullLoad"": ""221fca6888a9ddbb5651bc26ea75f6e0b91ae8a7139682af77015f0505a8aa9d"", ""Prefix25"": ""221fca6888a9ddbb5651bc26ea75f6e0b91ae8a7139682af77015f0505a8aa9d"", ""Prefix45"": ""221fca6888a9ddbb5651bc26ea75f6e0b91ae8a7139682af77015f0505a8aa9d"", ""ReComp"": ""221fca6888a9ddbb5651bc26ea75f6e0b91ae8a7139682af77015f0505a8aa9d""}"
convbench:334,333,True,True,True,True,True,True,cc5fdf497be0ac1b658f70c59509023f2c6f05fe1a419cae6902e994105d31a1,be65003616607158756fa000e3e1b8dfca9eacaaf97568e10e2f2d9f74ede9c3,"{""FullLoad"": ""be65003616607158756fa000e3e1b8dfca9eacaaf97568e10e2f2d9f74ede9c3"", ""Prefix25"": ""be65003616607158756fa000e3e1b8dfca9eacaaf97568e10e2f2d9f74ede9c3"", ""Prefix45"": ""be65003616607158756fa000e3e1b8dfca9eacaaf97568e10e2f2d9f74ede9c3"", ""ReComp"": ""be65003616607158756fa000e3e1b8dfca9eacaaf97568e10e2f2d9f74ede9c3""}"
convbench:335,334,True,True,True,True,True,True,fae53154e007bc6e8ee6d82d9fc5b575b6569beeee4403f772013def56fd96b9,541cc05f1e98fe05342c88d0fcbd992334645eadb5b89bef7ea7646c08ab06fe,"{""FullLoad"": ""541cc05f1e98fe05342c88d0fcbd992334645eadb5b89bef7ea7646c08ab06fe"", ""Prefix25"": ""541cc05f1e98fe05342c88d0fcbd992334645eadb5b89bef7ea7646c08ab06fe"", ""Prefix45"": ""541cc05f1e98fe05342c88d0fcbd992334645eadb5b89bef7ea7646c08ab06fe"", ""ReComp"": ""541cc05f1e98fe05342c88d0fcbd992334645eadb5b89bef7ea7646c08ab06fe""}"
convbench:336,335,True,True,True,True,True,True,fe394b92cc1dd5809b3abee3312c139f5cb372b8602eec11f9a90e16f56dd137,4b0250e57a4f6222e1550ad4d65114b90ee9d58734a9f7cee99a87ca786f82e6,"{""FullLoad"": ""4b0250e57a4f6222e1550ad4d65114b90ee9d58734a9f7cee99a87ca786f82e6"", ""Prefix25"": ""4b0250e57a4f6222e1550ad4d65114b90ee9d58734a9f7cee99a87ca786f82e6"", ""Prefix45"": ""4b0250e57a4f6222e1550ad4d65114b90ee9d58734a9f7cee99a87ca786f82e6"", ""ReComp"": ""4b0250e57a4f6222e1550ad4d65114b90ee9d58734a9f7cee99a87ca786f82e6""}"
convbench:337,336,True,True,True,True,True,True,901e42066d333011f7c6405d18f1ff47145d8c96dcae867eee027da788b42c67,529b97eeb326b06ed758e3213ebfa49fb452ada7dfbd2337ba6172b355623eb0,"{""FullLoad"": ""529b97eeb326b06ed758e3213ebfa49fb452ada7dfbd2337ba6172b355623eb0"", ""Prefix25"": ""529b97eeb326b06ed758e3213ebfa49fb452ada7dfbd2337ba6172b355623eb0"", ""Prefix45"": ""529b97eeb326b06ed758e3213ebfa49fb452ada7dfbd2337ba6172b355623eb0"", ""ReComp"": ""529b97eeb326b06ed758e3213ebfa49fb452ada7dfbd2337ba6172b355623eb0""}"
convbench:338,337,True,True,True,True,True,True,89f7e44ac6fa5282ae3ab9ba4157b8da124d91b043bc6cfd0090fd8dbd6e2557,ac3bc7b7ae133fd7562de3274d5e892895c99afe6f1537fb28f601699658b3f1,"{""FullLoad"": ""ac3bc7b7ae133fd7562de3274d5e892895c99afe6f1537fb28f601699658b3f1"", ""Prefix25"": ""ac3bc7b7ae133fd7562de3274d5e892895c99afe6f1537fb28f601699658b3f1"", ""Prefix45"": ""ac3bc7b7ae133fd7562de3274d5e892895c99afe6f1537fb28f601699658b3f1"", ""ReComp"": ""ac3bc7b7ae133fd7562de3274d5e892895c99afe6f1537fb28f601699658b3f1""}"
convbench:339,338,True,True,True,True,True,True,6a47a91c09fbeb4dad7d8f87e674a9001a22f0eceb1595a24e29f9aef09a6b18,eb7ba3b874fb1dabb34503336861755e6a34868b34f97e4cae213f6ad28195b6,"{""FullLoad"": ""eb7ba3b874fb1dabb34503336861755e6a34868b34f97e4cae213f6ad28195b6"", ""Prefix25"": ""eb7ba3b874fb1dabb34503336861755e6a34868b34f97e4cae213f6ad28195b6"", ""Prefix45"": ""eb7ba3b874fb1dabb34503336861755e6a34868b34f97e4cae213f6ad28195b6"", ""ReComp"": ""eb7ba3b874fb1dabb34503336861755e6a34868b34f97e4cae213f6ad28195b6""}"
convbench:340,339,True,True,True,True,True,True,f13f9d6d0433239204aa7a1ef83bfaeaef731e831e1f1ba646fec40740f5412e,fe7d338b5ba701f2499802a54cddb697c215827c59f64b6d52e19988650a1ed3,"{""FullLoad"": ""fe7d338b5ba701f2499802a54cddb697c215827c59f64b6d52e19988650a1ed3"", ""Prefix25"": ""fe7d338b5ba701f2499802a54cddb697c215827c59f64b6d52e19988650a1ed3"", ""Prefix45"": ""fe7d338b5ba701f2499802a54cddb697c215827c59f64b6d52e19988650a1ed3"", ""ReComp"": ""fe7d338b5ba701f2499802a54cddb697c215827c59f64b6d52e19988650a1ed3""}"
convbench:341,340,True,True,True,True,True,True,b613def1a9733d3828adc4f8fec12ee37942c524b4a4affc95a8e6877fa56f1b,9d9486c44553cc307b7dcc2c5debdee54838d0362ca93b13a47603800ba28dd3,"{""FullLoad"": ""9d9486c44553cc307b7dcc2c5debdee54838d0362ca93b13a47603800ba28dd3"", ""Prefix25"": ""9d9486c44553cc307b7dcc2c5debdee54838d0362ca93b13a47603800ba28dd3"", ""Prefix45"": ""9d9486c44553cc307b7dcc2c5debdee54838d0362ca93b13a47603800ba28dd3"", ""ReComp"": ""9d9486c44553cc307b7dcc2c5debdee54838d0362ca93b13a47603800ba28dd3""}"
convbench:342,341,True,True,True,True,True,True,91e06659b341ad565100d1400e88af3e008d4be8ce97766eb71ec3e752895ecc,eb4ceeb60710024d5e187f0cbf05dfee2049ee53381f5ce3cbda1d01bbf401f0,"{""FullLoad"": ""eb4ceeb60710024d5e187f0cbf05dfee2049ee53381f5ce3cbda1d01bbf401f0"", ""Prefix25"": ""eb4ceeb60710024d5e187f0cbf05dfee2049ee53381f5ce3cbda1d01bbf401f0"", ""Prefix45"": ""eb4ceeb60710024d5e187f0cbf05dfee2049ee53381f5ce3cbda1d01bbf401f0"", ""ReComp"": ""eb4ceeb60710024d5e187f0cbf05dfee2049ee53381f5ce3cbda1d01bbf401f0""}"
convbench:343,342,True,True,True,True,True,True,6a47a91c09fbeb4dad7d8f87e674a9001a22f0eceb1595a24e29f9aef09a6b18,ba8c79a46dba7fe3aedb35959a5cd63ebcd00e475520b8736b6968dc394ee257,"{""FullLoad"": ""ba8c79a46dba7fe3aedb35959a5cd63ebcd00e475520b8736b6968dc394ee257"", ""Prefix25"": ""ba8c79a46dba7fe3aedb35959a5cd63ebcd00e475520b8736b6968dc394ee257"", ""Prefix45"": ""ba8c79a46dba7fe3aedb35959a5cd63ebcd00e475520b8736b6968dc394ee257"", ""ReComp"": ""ba8c79a46dba7fe3aedb35959a5cd63ebcd00e475520b8736b6968dc394ee257""}"
convbench:344,343,True,True,True,True,True,True,6a47a91c09fbeb4dad7d8f87e674a9001a22f0eceb1595a24e29f9aef09a6b18,e569800469b822e6941e3dccaa29d158b20442ae52a17d54fc389868d8d69641,"{""FullLoad"": ""e569800469b822e6941e3dccaa29d158b20442ae52a17d54fc389868d8d69641"", ""Prefix25"": ""e569800469b822e6941e3dccaa29d158b20442ae52a17d54fc389868d8d69641"", ""Prefix45"": ""e569800469b822e6941e3dccaa29d158b20442ae52a17d54fc389868d8d69641"", ""ReComp"": ""e569800469b822e6941e3dccaa29d158b20442ae52a17d54fc389868d8d69641""}"
convbench:345,344,True,True,True,True,True,True,d86d601afe47bba690cc38483bf0c184ab0de76fd0643e6480c95e6f40e59a45,df65cd9bb6b0da15050b1719779403c3c45966d1216d237e37f22b67c7c950b8,"{""FullLoad"": ""df65cd9bb6b0da15050b1719779403c3c45966d1216d237e37f22b67c7c950b8"", ""Prefix25"": ""df65cd9bb6b0da15050b1719779403c3c45966d1216d237e37f22b67c7c950b8"", ""Prefix45"": ""df65cd9bb6b0da15050b1719779403c3c45966d1216d237e37f22b67c7c950b8"", ""ReComp"": ""df65cd9bb6b0da15050b1719779403c3c45966d1216d237e37f22b67c7c950b8""}"
convbench:346,345,True,True,True,True,True,True,fae53154e007bc6e8ee6d82d9fc5b575b6569beeee4403f772013def56fd96b9,25c50fdd50ee821cac6d614f5528f3ab27e0e74ffae1c81af307c2d46169f8c8,"{""FullLoad"": ""25c50fdd50ee821cac6d614f5528f3ab27e0e74ffae1c81af307c2d46169f8c8"", ""Prefix25"": ""25c50fdd50ee821cac6d614f5528f3ab27e0e74ffae1c81af307c2d46169f8c8"", ""Prefix45"": ""25c50fdd50ee821cac6d614f5528f3ab27e0e74ffae1c81af307c2d46169f8c8"", ""ReComp"": ""25c50fdd50ee821cac6d614f5528f3ab27e0e74ffae1c81af307c2d46169f8c8""}"
convbench:347,346,True,True,True,True,True,True,2f424e315792c48e0afaf282ea3f5f78e8dfe0ef0e19c25f4b492309a4467fe5,3b08ceda80a0a2a49bb31e6401f506f0181281635f05d6c69429ae833c085039,"{""FullLoad"": ""3b08ceda80a0a2a49bb31e6401f506f0181281635f05d6c69429ae833c085039"", ""Prefix25"": ""3b08ceda80a0a2a49bb31e6401f506f0181281635f05d6c69429ae833c085039"", ""Prefix45"": ""3b08ceda80a0a2a49bb31e6401f506f0181281635f05d6c69429ae833c085039"", ""ReComp"": ""3b08ceda80a0a2a49bb31e6401f506f0181281635f05d6c69429ae833c085039""}"
convbench:348,347,True,True,True,True,True,True,2c56ced994e57d085e2f5b22ab3bd641b9ca8d4d3da0dcd8bd5aa00bb986ed03,7e5aad904faec2db95119436d67facbaf066f0c1015131ed5398c1a747336167,"{""FullLoad"": ""7e5aad904faec2db95119436d67facbaf066f0c1015131ed5398c1a747336167"", ""Prefix25"": ""7e5aad904faec2db95119436d67facbaf066f0c1015131ed5398c1a747336167"", ""Prefix45"": ""7e5aad904faec2db95119436d67facbaf066f0c1015131ed5398c1a747336167"", ""ReComp"": ""7e5aad904faec2db95119436d67facbaf066f0c1015131ed5398c1a747336167""}"
convbench:349,348,True,True,True,True,True,True,e1b9c0a4c6f4b69f12fceca28517451bf8812edc9aff57f2d5ac740124daea9f,69389c9a971527d327cdefe9f6e1bb38a4a36c6f9214d88092fe0735cda5abd3,"{""FullLoad"": ""69389c9a971527d327cdefe9f6e1bb38a4a36c6f9214d88092fe0735cda5abd3"", ""Prefix25"": ""69389c9a971527d327cdefe9f6e1bb38a4a36c6f9214d88092fe0735cda5abd3"", ""Prefix45"": ""69389c9a971527d327cdefe9f6e1bb38a4a36c6f9214d88092fe0735cda5abd3"", ""ReComp"": ""69389c9a971527d327cdefe9f6e1bb38a4a36c6f9214d88092fe0735cda5abd3""}"
convbench:350,349,True,True,True,True,True,True,6a47a91c09fbeb4dad7d8f87e674a9001a22f0eceb1595a24e29f9aef09a6b18,893472876313661ccddaaad313a49383c282fd57496e0b4856300c2bb3863195,"{""FullLoad"": ""893472876313661ccddaaad313a49383c282fd57496e0b4856300c2bb3863195"", ""Prefix25"": ""893472876313661ccddaaad313a49383c282fd57496e0b4856300c2bb3863195"", ""Prefix45"": ""893472876313661ccddaaad313a49383c282fd57496e0b4856300c2bb3863195"", ""ReComp"": ""893472876313661ccddaaad313a49383c282fd57496e0b4856300c2bb3863195""}"
convbench:351,350,True,True,True,True,True,True,8bab32b428e6a1c11232068588f566511eb1ba1dad685bbf08daf1ca46e8e05e,5169fa141942203063583042f8f56032b1c4fcc1616aa6a52d996cbf03317c31,"{""FullLoad"": ""5169fa141942203063583042f8f56032b1c4fcc1616aa6a52d996cbf03317c31"", ""Prefix25"": ""5169fa141942203063583042f8f56032b1c4fcc1616aa6a52d996cbf03317c31"", ""Prefix45"": ""5169fa141942203063583042f8f56032b1c4fcc1616aa6a52d996cbf03317c31"", ""ReComp"": ""5169fa141942203063583042f8f56032b1c4fcc1616aa6a52d996cbf03317c31""}"
convbench:352,351,True,True,True,True,True,True,5a157074f634dfb9ad747d9b2ffefddc6d229f08aceee2fa67a44f8ada4e50db,96b5955cde9c76a36df1979ed02ab775f76a8fc8f3653842d270a3d0d1de1aaa,"{""FullLoad"": ""96b5955cde9c76a36df1979ed02ab775f76a8fc8f3653842d270a3d0d1de1aaa"", ""Prefix25"": ""96b5955cde9c76a36df1979ed02ab775f76a8fc8f3653842d270a3d0d1de1aaa"", ""Prefix45"": ""96b5955cde9c76a36df1979ed02ab775f76a8fc8f3653842d270a3d0d1de1aaa"", ""ReComp"": ""96b5955cde9c76a36df1979ed02ab775f76a8fc8f3653842d270a3d0d1de1aaa""}"
convbench:353,352,True,True,True,True,True,True,fffc977dfdad03dd83890f12f9fddef90ea8317e66a2025a661673338bc64d26,1b9f02a71feccc1a14225665a319012fb7b282e6812bbb8489fa72eca9153f18,"{""FullLoad"": ""1b9f02a71feccc1a14225665a319012fb7b282e6812bbb8489fa72eca9153f18"", ""Prefix25"": ""1b9f02a71feccc1a14225665a319012fb7b282e6812bbb8489fa72eca9153f18"", ""Prefix45"": ""1b9f02a71feccc1a14225665a319012fb7b282e6812bbb8489fa72eca9153f18"", ""ReComp"": ""1b9f02a71feccc1a14225665a319012fb7b282e6812bbb8489fa72eca9153f18""}"
convbench:354,353,True,True,True,True,True,True,926b8b8eaa623336ddd1cb1e37c009075832a133f36ef80aae9fc171a3a8a484,1a1627c29f616598f8aabc7cd31e86673e2383c209f3c18cc31576708c24cd99,"{""FullLoad"": ""1a1627c29f616598f8aabc7cd31e86673e2383c209f3c18cc31576708c24cd99"", ""Prefix25"": ""1a1627c29f616598f8aabc7cd31e86673e2383c209f3c18cc31576708c24cd99"", ""Prefix45"": ""1a1627c29f616598f8aabc7cd31e86673e2383c209f3c18cc31576708c24cd99"", ""ReComp"": ""1a1627c29f616598f8aabc7cd31e86673e2383c209f3c18cc31576708c24cd99""}"
convbench:355,354,True,True,True,True,True,True,199d78b366eaba930f1fde8b9c7e7d61ec61cdad7cce41cebb8e6a6bbb84ef22,61815774a28b492a34d136fe2984141a94785d18723d21d0ce9bb9d2097e10c2,"{""FullLoad"": ""61815774a28b492a34d136fe2984141a94785d18723d21d0ce9bb9d2097e10c2"", ""Prefix25"": ""61815774a28b492a34d136fe2984141a94785d18723d21d0ce9bb9d2097e10c2"", ""Prefix45"": ""61815774a28b492a34d136fe2984141a94785d18723d21d0ce9bb9d2097e10c2"", ""ReComp"": ""61815774a28b492a34d136fe2984141a94785d18723d21d0ce9bb9d2097e10c2""}"
convbench:356,355,True,True,True,True,True,True,f80b59de2145282b7949f2dd9493d06bf490edcf21bc8997cf724f714c0707f1,020ed10366cdf3ea14bf565b4e0a5b8251cfd9351cffffe714da6b7de724f554,"{""FullLoad"": ""020ed10366cdf3ea14bf565b4e0a5b8251cfd9351cffffe714da6b7de724f554"", ""Prefix25"": ""020ed10366cdf3ea14bf565b4e0a5b8251cfd9351cffffe714da6b7de724f554"", ""Prefix45"": ""020ed10366cdf3ea14bf565b4e0a5b8251cfd9351cffffe714da6b7de724f554"", ""ReComp"": ""020ed10366cdf3ea14bf565b4e0a5b8251cfd9351cffffe714da6b7de724f554""}"
convbench:357,356,True,True,True,True,True,True,5b6cc72f0a6bfce21527e00b92f8a94dd73af2965ea8f5901b09f8f88dc10167,15153ae9e80d3d6f24d50fb73d7dcbe0084ad43777e092f82354f5e6dd770c82,"{""FullLoad"": ""15153ae9e80d3d6f24d50fb73d7dcbe0084ad43777e092f82354f5e6dd770c82"", ""Prefix25"": ""15153ae9e80d3d6f24d50fb73d7dcbe0084ad43777e092f82354f5e6dd770c82"", ""Prefix45"": ""15153ae9e80d3d6f24d50fb73d7dcbe0084ad43777e092f82354f5e6dd770c82"", ""ReComp"": ""15153ae9e80d3d6f24d50fb73d7dcbe0084ad43777e092f82354f5e6dd770c82""}"
convbench:358,357,True,True,True,True,True,True,38fd6a0b9b324ef6fd2b5248586d9b2591d76ec436b8bd89c818d616d9f93b91,229949ac54d116abd789ff608490f72415e2ceb0180312b2a5f6745da90755dd,"{""FullLoad"": ""229949ac54d116abd789ff608490f72415e2ceb0180312b2a5f6745da90755dd"", ""Prefix25"": ""229949ac54d116abd789ff608490f72415e2ceb0180312b2a5f6745da90755dd"", ""Prefix45"": ""229949ac54d116abd789ff608490f72415e2ceb0180312b2a5f6745da90755dd"", ""ReComp"": ""229949ac54d116abd789ff608490f72415e2ceb0180312b2a5f6745da90755dd""}"
convbench:359,358,True,True,True,True,True,True,d747739b871dabc40910f1211ba24221801bb0056941d61a945ca024d2497d29,a5dfd40743416482647bfec8a52c19a01717ff8bcbdc48a470a0e744b550e31d,"{""FullLoad"": ""a5dfd40743416482647bfec8a52c19a01717ff8bcbdc48a470a0e744b550e31d"", ""Prefix25"": ""a5dfd40743416482647bfec8a52c19a01717ff8bcbdc48a470a0e744b550e31d"", ""Prefix45"": ""a5dfd40743416482647bfec8a52c19a01717ff8bcbdc48a470a0e744b550e31d"", ""ReComp"": ""a5dfd40743416482647bfec8a52c19a01717ff8bcbdc48a470a0e744b550e31d""}"
convbench:360,359,True,True,True,True,True,True,96c10e0198a7a5bb49f2cf93ea4721f71203886876726f7786c183f1ca88c641,128824eaed2e78eaf879c7b840966e9e460605c4a4440b21edeb14cfe6eb34a1,"{""FullLoad"": ""128824eaed2e78eaf879c7b840966e9e460605c4a4440b21edeb14cfe6eb34a1"", ""Prefix25"": ""128824eaed2e78eaf879c7b840966e9e460605c4a4440b21edeb14cfe6eb34a1"", ""Prefix45"": ""128824eaed2e78eaf879c7b840966e9e460605c4a4440b21edeb14cfe6eb34a1"", ""ReComp"": ""128824eaed2e78eaf879c7b840966e9e460605c4a4440b21edeb14cfe6eb34a1""}"
convbench:361,360,True,True,True,True,True,True,0c7736aafb5bcb9c72f25c959c9ffba0e900b4128592b7616a853091d344522d,2cc4ac06a4e6c16d8c39cb164ab367784b5bf64e61a2f9b70473961736314468,"{""FullLoad"": ""2cc4ac06a4e6c16d8c39cb164ab367784b5bf64e61a2f9b70473961736314468"", ""Prefix25"": ""2cc4ac06a4e6c16d8c39cb164ab367784b5bf64e61a2f9b70473961736314468"", ""Prefix45"": ""2cc4ac06a4e6c16d8c39cb164ab367784b5bf64e61a2f9b70473961736314468"", ""ReComp"": ""2cc4ac06a4e6c16d8c39cb164ab367784b5bf64e61a2f9b70473961736314468""}"
convbench:362,361,True,True,True,True,True,True,f95a66c451419ed820ae7ea183da1f863fdd3ca2bb4b5a56faf15d299854bc21,ccfd6f23338e61d51354e8da3891e767d9bc9388bcb81c974d1cc13b24f2cb2e,"{""FullLoad"": ""ccfd6f23338e61d51354e8da3891e767d9bc9388bcb81c974d1cc13b24f2cb2e"", ""Prefix25"": ""ccfd6f23338e61d51354e8da3891e767d9bc9388bcb81c974d1cc13b24f2cb2e"", ""Prefix45"": ""ccfd6f23338e61d51354e8da3891e767d9bc9388bcb81c974d1cc13b24f2cb2e"", ""ReComp"": ""ccfd6f23338e61d51354e8da3891e767d9bc9388bcb81c974d1cc13b24f2cb2e""}"
convbench:363,362,True,True,True,True,True,True,e9dc2ac7d0bd3748cebc43dccc13b67dc6c11797d39e88bd34d1d0808c6991b7,29b89cfb3479023fd261fa39499d3e9b5b465e49c9b90cf9e3171fdce37b3255,"{""FullLoad"": ""29b89cfb3479023fd261fa39499d3e9b5b465e49c9b90cf9e3171fdce37b3255"", ""Prefix25"": ""29b89cfb3479023fd261fa39499d3e9b5b465e49c9b90cf9e3171fdce37b3255"", ""Prefix45"": ""29b89cfb3479023fd261fa39499d3e9b5b465e49c9b90cf9e3171fdce37b3255"", ""ReComp"": ""29b89cfb3479023fd261fa39499d3e9b5b465e49c9b90cf9e3171fdce37b3255""}"
convbench:364,363,True,True,True,True,True,True,872f954397cb56d924d3c937e87ca78522d261bf8358ff33a45666ceac319968,42c429f81ec84181e0ee65d9a58588313c77a4f56bf7482d20e494c888216f15,"{""FullLoad"": ""42c429f81ec84181e0ee65d9a58588313c77a4f56bf7482d20e494c888216f15"", ""Prefix25"": ""42c429f81ec84181e0ee65d9a58588313c77a4f56bf7482d20e494c888216f15"", ""Prefix45"": ""42c429f81ec84181e0ee65d9a58588313c77a4f56bf7482d20e494c888216f15"", ""ReComp"": ""42c429f81ec84181e0ee65d9a58588313c77a4f56bf7482d20e494c888216f15""}"
convbench:365,364,True,True,True,True,True,True,89f7e44ac6fa5282ae3ab9ba4157b8da124d91b043bc6cfd0090fd8dbd6e2557,fea13b604d7c90b2dde467377ef3296c55fb17664218b31a4180d50b3989cc6a,"{""FullLoad"": ""fea13b604d7c90b2dde467377ef3296c55fb17664218b31a4180d50b3989cc6a"", ""Prefix25"": ""fea13b604d7c90b2dde467377ef3296c55fb17664218b31a4180d50b3989cc6a"", ""Prefix45"": ""fea13b604d7c90b2dde467377ef3296c55fb17664218b31a4180d50b3989cc6a"", ""ReComp"": ""fea13b604d7c90b2dde467377ef3296c55fb17664218b31a4180d50b3989cc6a""}"
convbench:366,365,True,True,True,True,True,True,9676acb9d0efaacc2b8be9f38e8c62964e1806fb45837246c01873c1c778f95d,b91211bb92c0b7da81d33df9f10d0d3d0b00b525cd30cdb876408015a9260e48,"{""FullLoad"": ""b91211bb92c0b7da81d33df9f10d0d3d0b00b525cd30cdb876408015a9260e48"", ""Prefix25"": ""b91211bb92c0b7da81d33df9f10d0d3d0b00b525cd30cdb876408015a9260e48"", ""Prefix45"": ""b91211bb92c0b7da81d33df9f10d0d3d0b00b525cd30cdb876408015a9260e48"", ""ReComp"": ""b91211bb92c0b7da81d33df9f10d0d3d0b00b525cd30cdb876408015a9260e48""}"
convbench:367,366,True,True,True,True,True,True,3c861c73cea419c69ccb93a24701c2e2f6004c48d777b6aea79e452622901c27,812a17f1c28c7ee4e2b1327b73b520211c4726ccbd5350f4fca86e087426990c,"{""FullLoad"": ""812a17f1c28c7ee4e2b1327b73b520211c4726ccbd5350f4fca86e087426990c"", ""Prefix25"": ""812a17f1c28c7ee4e2b1327b73b520211c4726ccbd5350f4fca86e087426990c"", ""Prefix45"": ""812a17f1c28c7ee4e2b1327b73b520211c4726ccbd5350f4fca86e087426990c"", ""ReComp"": ""812a17f1c28c7ee4e2b1327b73b520211c4726ccbd5350f4fca86e087426990c""}"
convbench:368,367,True,True,True,True,True,True,c92d9761285d06e3a01f92d722eb53b9c0748ef957cb59075363faa8bb9a684e,11800168d73b02d2a7fe7b6069784ea089b6eae4b197edeff6ce22b78c3f5405,"{""FullLoad"": ""11800168d73b02d2a7fe7b6069784ea089b6eae4b197edeff6ce22b78c3f5405"", ""Prefix25"": ""11800168d73b02d2a7fe7b6069784ea089b6eae4b197edeff6ce22b78c3f5405"", ""Prefix45"": ""11800168d73b02d2a7fe7b6069784ea089b6eae4b197edeff6ce22b78c3f5405"", ""ReComp"": ""11800168d73b02d2a7fe7b6069784ea089b6eae4b197edeff6ce22b78c3f5405""}"
convbench:369,368,True,True,True,True,True,True,8135bf84e6fa000b27467f7008a1e346614119d966bfabf90631944f094915cb,2d32499c2038dc990dfbc623c5972692ef01ded102e0276584d19708bcd9d21d,"{""FullLoad"": ""2d32499c2038dc990dfbc623c5972692ef01ded102e0276584d19708bcd9d21d"", ""Prefix25"": ""2d32499c2038dc990dfbc623c5972692ef01ded102e0276584d19708bcd9d21d"", ""Prefix45"": ""2d32499c2038dc990dfbc623c5972692ef01ded102e0276584d19708bcd9d21d"", ""ReComp"": ""2d32499c2038dc990dfbc623c5972692ef01ded102e0276584d19708bcd9d21d""}"
convbench:370,369,True,True,True,True,True,True,d75408b0869112ad7543b510cb3056727aaddd31a9bb9ba3921cf705a52aeb10,4872f490c24c21caba02658eb3a3c141c41e2acc594dab54ac8c4d66272cf264,"{""FullLoad"": ""4872f490c24c21caba02658eb3a3c141c41e2acc594dab54ac8c4d66272cf264"", ""Prefix25"": ""4872f490c24c21caba02658eb3a3c141c41e2acc594dab54ac8c4d66272cf264"", ""Prefix45"": ""4872f490c24c21caba02658eb3a3c141c41e2acc594dab54ac8c4d66272cf264"", ""ReComp"": ""4872f490c24c21caba02658eb3a3c141c41e2acc594dab54ac8c4d66272cf264""}"
convbench:371,370,True,True,True,True,True,True,f96874312e50afc26685e3de91d8d162abf7e784fec54855a8a9518bf6d105a1,c9707af46fd688075c3c0209f98eadc27ef86dec771f71b34559bbac5ab71a28,"{""FullLoad"": ""c9707af46fd688075c3c0209f98eadc27ef86dec771f71b34559bbac5ab71a28"", ""Prefix25"": ""c9707af46fd688075c3c0209f98eadc27ef86dec771f71b34559bbac5ab71a28"", ""Prefix45"": ""c9707af46fd688075c3c0209f98eadc27ef86dec771f71b34559bbac5ab71a28"", ""ReComp"": ""c9707af46fd688075c3c0209f98eadc27ef86dec771f71b34559bbac5ab71a28""}"
convbench:372,371,True,True,True,True,True,True,f5fe54cbc9d76cd87e3b5d52912fbb3c5419f39d0f45ccb248dba7146566d7e2,6792804939be30873e7948442075ab35bded6c3a683a938103b5840a84ed2f11,"{""FullLoad"": ""6792804939be30873e7948442075ab35bded6c3a683a938103b5840a84ed2f11"", ""Prefix25"": ""6792804939be30873e7948442075ab35bded6c3a683a938103b5840a84ed2f11"", ""Prefix45"": ""6792804939be30873e7948442075ab35bded6c3a683a938103b5840a84ed2f11"", ""ReComp"": ""6792804939be30873e7948442075ab35bded6c3a683a938103b5840a84ed2f11""}"
convbench:373,372,True,True,True,True,True,True,89f7e44ac6fa5282ae3ab9ba4157b8da124d91b043bc6cfd0090fd8dbd6e2557,0bb3bf0e0218755ced01d3aad745a5eed5ac1ccfbf88ca27dac8e43115b9844a,"{""FullLoad"": ""0bb3bf0e0218755ced01d3aad745a5eed5ac1ccfbf88ca27dac8e43115b9844a"", ""Prefix25"": ""0bb3bf0e0218755ced01d3aad745a5eed5ac1ccfbf88ca27dac8e43115b9844a"", ""Prefix45"": ""0bb3bf0e0218755ced01d3aad745a5eed5ac1ccfbf88ca27dac8e43115b9844a"", ""ReComp"": ""0bb3bf0e0218755ced01d3aad745a5eed5ac1ccfbf88ca27dac8e43115b9844a""}"
convbench:374,373,True,True,True,True,True,True,89f7e44ac6fa5282ae3ab9ba4157b8da124d91b043bc6cfd0090fd8dbd6e2557,3fdc2823dd187f30a0355a01d72db86f95d9529a86837158e64213c48a4c5855,"{""FullLoad"": ""3fdc2823dd187f30a0355a01d72db86f95d9529a86837158e64213c48a4c5855"", ""Prefix25"": ""3fdc2823dd187f30a0355a01d72db86f95d9529a86837158e64213c48a4c5855"", ""Prefix45"": ""3fdc2823dd187f30a0355a01d72db86f95d9529a86837158e64213c48a4c5855"", ""ReComp"": ""3fdc2823dd187f30a0355a01d72db86f95d9529a86837158e64213c48a4c5855""}"
convbench:375,374,True,True,True,True,True,True,d191c5a4af8c47b8c7c35a2143577104fc5e9b5766fc1ad07623198f546541f4,33b89cb2090c24ad79bca40502f009facf576bf234982c83f4cf6a95571e6c83,"{""FullLoad"": ""33b89cb2090c24ad79bca40502f009facf576bf234982c83f4cf6a95571e6c83"", ""Prefix25"": ""33b89cb2090c24ad79bca40502f009facf576bf234982c83f4cf6a95571e6c83"", ""Prefix45"": ""33b89cb2090c24ad79bca40502f009facf576bf234982c83f4cf6a95571e6c83"", ""ReComp"": ""33b89cb2090c24ad79bca40502f009facf576bf234982c83f4cf6a95571e6c83""}"
convbench:376,375,True,True,True,True,True,True,07e880317bc612bb6567e5c1cd0eb92e52dd6b598641af8629585d76527ba45c,90524576fedecb8a65aa1ca7ca1cdd8c54fe48bf61a7e778b4680b906a1dd9f6,"{""FullLoad"": ""90524576fedecb8a65aa1ca7ca1cdd8c54fe48bf61a7e778b4680b906a1dd9f6"", ""Prefix25"": ""90524576fedecb8a65aa1ca7ca1cdd8c54fe48bf61a7e778b4680b906a1dd9f6"", ""Prefix45"": ""90524576fedecb8a65aa1ca7ca1cdd8c54fe48bf61a7e778b4680b906a1dd9f6"", ""ReComp"": ""90524576fedecb8a65aa1ca7ca1cdd8c54fe48bf61a7e778b4680b906a1dd9f6""}"
convbench:377,376,True,True,True,True,True,True,5108a9d9943cfc60c83606d05a551e060ab9525cf73a6d5f77e36d201d835df1,ad8cc7a242f52bbd7e6efd0f88a58161cc1746a3756c8f66334d907d89878325,"{""FullLoad"": ""ad8cc7a242f52bbd7e6efd0f88a58161cc1746a3756c8f66334d907d89878325"", ""Prefix25"": ""ad8cc7a242f52bbd7e6efd0f88a58161cc1746a3756c8f66334d907d89878325"", ""Prefix45"": ""ad8cc7a242f52bbd7e6efd0f88a58161cc1746a3756c8f66334d907d89878325"", ""ReComp"": ""ad8cc7a242f52bbd7e6efd0f88a58161cc1746a3756c8f66334d907d89878325""}"
convbench:378,377,True,True,True,True,True,True,6a47a91c09fbeb4dad7d8f87e674a9001a22f0eceb1595a24e29f9aef09a6b18,c999aded03c42c3d512f9b6ca8541f70ca1591a29a22f296861cf41d814d1622,"{""FullLoad"": ""c999aded03c42c3d512f9b6ca8541f70ca1591a29a22f296861cf41d814d1622"", ""Prefix25"": ""c999aded03c42c3d512f9b6ca8541f70ca1591a29a22f296861cf41d814d1622"", ""Prefix45"": ""c999aded03c42c3d512f9b6ca8541f70ca1591a29a22f296861cf41d814d1622"", ""ReComp"": ""c999aded03c42c3d512f9b6ca8541f70ca1591a29a22f296861cf41d814d1622""}"
convbench:379,378,True,True,True,True,True,True,0dc39de8b518a8adfed867e45bf407f2344b8d96a3dc747248c69e77d493444e,6729c85691db9c2a61cfa71eab686b3042f24dddecd32a855f238d6da4036748,"{""FullLoad"": ""6729c85691db9c2a61cfa71eab686b3042f24dddecd32a855f238d6da4036748"", ""Prefix25"": ""6729c85691db9c2a61cfa71eab686b3042f24dddecd32a855f238d6da4036748"", ""Prefix45"": ""6729c85691db9c2a61cfa71eab686b3042f24dddecd32a855f238d6da4036748"", ""ReComp"": ""6729c85691db9c2a61cfa71eab686b3042f24dddecd32a855f238d6da4036748""}"
convbench:380,379,True,True,True,True,True,True,8211197ffb986d1919536ac3c8449f5342a5f6552314418b091580262a73a7d2,13160083bdf026d579b6a12275409375eaabff90bcfebe4698fdfe47b42eddad,"{""FullLoad"": ""13160083bdf026d579b6a12275409375eaabff90bcfebe4698fdfe47b42eddad"", ""Prefix25"": ""13160083bdf026d579b6a12275409375eaabff90bcfebe4698fdfe47b42eddad"", ""Prefix45"": ""13160083bdf026d579b6a12275409375eaabff90bcfebe4698fdfe47b42eddad"", ""ReComp"": ""13160083bdf026d579b6a12275409375eaabff90bcfebe4698fdfe47b42eddad""}"
convbench:381,380,True,True,True,True,True,True,02a094861deea59c24e0930d840c478ae123add92c7ccb5ed7b202ef4f2326b5,eb193b12805c352a555a4aa810548a7bf21abb981be68ecccacb893c13efd67f,"{""FullLoad"": ""eb193b12805c352a555a4aa810548a7bf21abb981be68ecccacb893c13efd67f"", ""Prefix25"": ""eb193b12805c352a555a4aa810548a7bf21abb981be68ecccacb893c13efd67f"", ""Prefix45"": ""eb193b12805c352a555a4aa810548a7bf21abb981be68ecccacb893c13efd67f"", ""ReComp"": ""eb193b12805c352a555a4aa810548a7bf21abb981be68ecccacb893c13efd67f""}"
convbench:382,381,True,True,True,True,True,True,e11d029d0e1ac38e016fe6223ac58f3bc67a5c89b1911670e888eaae113dce46,472010005dcf0b465a653444642edfe9cf4778530180ec80a846a8a02f0db333,"{""FullLoad"": ""472010005dcf0b465a653444642edfe9cf4778530180ec80a846a8a02f0db333"", ""Prefix25"": ""472010005dcf0b465a653444642edfe9cf4778530180ec80a846a8a02f0db333"", ""Prefix45"": ""472010005dcf0b465a653444642edfe9cf4778530180ec80a846a8a02f0db333"", ""ReComp"": ""472010005dcf0b465a653444642edfe9cf4778530180ec80a846a8a02f0db333""}"
convbench:383,382,True,True,True,True,True,True,acb63676318c8c2475528edd3bea2b8f614692f03f41278c6b4865f3143326f7,e799509b93e102a979d2a6c91ab48a7eb340450a7a3802f0dec3c5d9f8145407,"{""FullLoad"": ""e799509b93e102a979d2a6c91ab48a7eb340450a7a3802f0dec3c5d9f8145407"", ""Prefix25"": ""e799509b93e102a979d2a6c91ab48a7eb340450a7a3802f0dec3c5d9f8145407"", ""Prefix45"": ""e799509b93e102a979d2a6c91ab48a7eb340450a7a3802f0dec3c5d9f8145407"", ""ReComp"": ""e799509b93e102a979d2a6c91ab48a7eb340450a7a3802f0dec3c5d9f8145407""}"
convbench:384,383,True,True,True,True,True,True,d0112e8d83a2849ae7ea90849fd4f387d2a24f7b4fa291ed9572a2ad03270991,e6d2b580b9b3208245e55812896636411d8af488f4b11922c137d8e098a4e2d7,"{""FullLoad"": ""e6d2b580b9b3208245e55812896636411d8af488f4b11922c137d8e098a4e2d7"", ""Prefix25"": ""e6d2b580b9b3208245e55812896636411d8af488f4b11922c137d8e098a4e2d7"", ""Prefix45"": ""e6d2b580b9b3208245e55812896636411d8af488f4b11922c137d8e098a4e2d7"", ""ReComp"": ""e6d2b580b9b3208245e55812896636411d8af488f4b11922c137d8e098a4e2d7""}"
convbench:385,384,True,True,True,True,True,True,d2747edfcba1ec8a13c4d9ca6da567c672dc88ca83cc0a9c5286d31eb8e8e65f,fc1c0e7daae071ceee6074923c11f41b69a791e8d4a8dc65f501c92a257d2582,"{""FullLoad"": ""fc1c0e7daae071ceee6074923c11f41b69a791e8d4a8dc65f501c92a257d2582"", ""Prefix25"": ""fc1c0e7daae071ceee6074923c11f41b69a791e8d4a8dc65f501c92a257d2582"", ""Prefix45"": ""fc1c0e7daae071ceee6074923c11f41b69a791e8d4a8dc65f501c92a257d2582"", ""ReComp"": ""fc1c0e7daae071ceee6074923c11f41b69a791e8d4a8dc65f501c92a257d2582""}"
convbench:386,385,True,True,True,True,True,True,dbe104bec166363c1972b33676d37cdfd857cca7cdd6cee8bebd7f3e5d872427,8f7e54370a3174601497a972831062693c3bae23cfb6c312c57e4ff26c0f848a,"{""FullLoad"": ""8f7e54370a3174601497a972831062693c3bae23cfb6c312c57e4ff26c0f848a"", ""Prefix25"": ""8f7e54370a3174601497a972831062693c3bae23cfb6c312c57e4ff26c0f848a"", ""Prefix45"": ""8f7e54370a3174601497a972831062693c3bae23cfb6c312c57e4ff26c0f848a"", ""ReComp"": ""8f7e54370a3174601497a972831062693c3bae23cfb6c312c57e4ff26c0f848a""}"
convbench:387,386,True,True,True,True,True,True,d0112e8d83a2849ae7ea90849fd4f387d2a24f7b4fa291ed9572a2ad03270991,86223c01789a685f31a8c14eb7b425a68302b8c3b47930ca7b3a5cdd0a9ba2fa,"{""FullLoad"": ""86223c01789a685f31a8c14eb7b425a68302b8c3b47930ca7b3a5cdd0a9ba2fa"", ""Prefix25"": ""86223c01789a685f31a8c14eb7b425a68302b8c3b47930ca7b3a5cdd0a9ba2fa"", ""Prefix45"": ""86223c01789a685f31a8c14eb7b425a68302b8c3b47930ca7b3a5cdd0a9ba2fa"", ""ReComp"": ""86223c01789a685f31a8c14eb7b425a68302b8c3b47930ca7b3a5cdd0a9ba2fa""}"
convbench:388,387,True,True,True,True,True,True,2b21c6e62eae9b98f8f4406e263d4b0079377e146098650caf4761c2bbbb65e3,0188ac126b59e0930f719d000082ed0fc605c48e3bc60c843c77ff7a07a281ee,"{""FullLoad"": ""0188ac126b59e0930f719d000082ed0fc605c48e3bc60c843c77ff7a07a281ee"", ""Prefix25"": ""0188ac126b59e0930f719d000082ed0fc605c48e3bc60c843c77ff7a07a281ee"", ""Prefix45"": ""0188ac126b59e0930f719d000082ed0fc605c48e3bc60c843c77ff7a07a281ee"", ""ReComp"": ""0188ac126b59e0930f719d000082ed0fc605c48e3bc60c843c77ff7a07a281ee""}"
convbench:389,388,True,True,True,True,True,True,e88ebf3a780d0e1cd4179c4a1be2544540b0039caead150eb69c682358a79a12,c6ef6774c8b88a2a96768be5b83352dd78b827cabf6d3ff9c0538b06fb7c47c1,"{""FullLoad"": ""c6ef6774c8b88a2a96768be5b83352dd78b827cabf6d3ff9c0538b06fb7c47c1"", ""Prefix25"": ""c6ef6774c8b88a2a96768be5b83352dd78b827cabf6d3ff9c0538b06fb7c47c1"", ""Prefix45"": ""c6ef6774c8b88a2a96768be5b83352dd78b827cabf6d3ff9c0538b06fb7c47c1"", ""ReComp"": ""c6ef6774c8b88a2a96768be5b83352dd78b827cabf6d3ff9c0538b06fb7c47c1""}"
convbench:390,389,True,True,True,True,True,True,ebddce870844a7a72c3b1960d5c75545f8445001129395cf15c15ad7cefdb5b0,885f9ed19797b8e363bacc386ffab300f51fbaf86cf6f10ee3c2df8bfbfb8462,"{""FullLoad"": ""885f9ed19797b8e363bacc386ffab300f51fbaf86cf6f10ee3c2df8bfbfb8462"", ""Prefix25"": ""885f9ed19797b8e363bacc386ffab300f51fbaf86cf6f10ee3c2df8bfbfb8462"", ""Prefix45"": ""885f9ed19797b8e363bacc386ffab300f51fbaf86cf6f10ee3c2df8bfbfb8462"", ""ReComp"": ""885f9ed19797b8e363bacc386ffab300f51fbaf86cf6f10ee3c2df8bfbfb8462""}"
convbench:391,390,True,True,True,True,True,True,d0112e8d83a2849ae7ea90849fd4f387d2a24f7b4fa291ed9572a2ad03270991,685b05fd65c5c75f9b55eb57881417d69b6b297320ca50672d4488da0a54a3f0,"{""FullLoad"": ""685b05fd65c5c75f9b55eb57881417d69b6b297320ca50672d4488da0a54a3f0"", ""Prefix25"": ""685b05fd65c5c75f9b55eb57881417d69b6b297320ca50672d4488da0a54a3f0"", ""Prefix45"": ""685b05fd65c5c75f9b55eb57881417d69b6b297320ca50672d4488da0a54a3f0"", ""ReComp"": ""685b05fd65c5c75f9b55eb57881417d69b6b297320ca50672d4488da0a54a3f0""}"
convbench:392,391,True,True,True,True,True,True,654bfcbc6827943bfc2bb7e336af4b3ec2e9309c7945cb8a4bcb25135d0b3604,fe6477d4e5297760c6e13721f3651577ba0cd0eaa97d256b2f1cffdd606cdbac,"{""FullLoad"": ""fe6477d4e5297760c6e13721f3651577ba0cd0eaa97d256b2f1cffdd606cdbac"", ""Prefix25"": ""fe6477d4e5297760c6e13721f3651577ba0cd0eaa97d256b2f1cffdd606cdbac"", ""Prefix45"": ""fe6477d4e5297760c6e13721f3651577ba0cd0eaa97d256b2f1cffdd606cdbac"", ""ReComp"": ""fe6477d4e5297760c6e13721f3651577ba0cd0eaa97d256b2f1cffdd606cdbac""}"
convbench:393,392,True,True,True,True,True,True,9a40457cd98cc17afab2adeae68139df69a4919dd9c64c5bddd42d83b81e9663,331c1806308a7c1ccb343d6e8edebc6a58a19fabfd1f54fc89c52da8091307a8,"{""FullLoad"": ""331c1806308a7c1ccb343d6e8edebc6a58a19fabfd1f54fc89c52da8091307a8"", ""Prefix25"": ""331c1806308a7c1ccb343d6e8edebc6a58a19fabfd1f54fc89c52da8091307a8"", ""Prefix45"": ""331c1806308a7c1ccb343d6e8edebc6a58a19fabfd1f54fc89c52da8091307a8"", ""ReComp"": ""331c1806308a7c1ccb343d6e8edebc6a58a19fabfd1f54fc89c52da8091307a8""}"
convbench:394,393,True,True,True,True,True,True,219a7455e2848e7e95edcefc74998d4dd7946d6bd969ef80d03e1339e021d681,0f2ed94a96dc7bfdcaedd18ffa49d9e19d106be871850d597d175e38622a6d98,"{""FullLoad"": ""0f2ed94a96dc7bfdcaedd18ffa49d9e19d106be871850d597d175e38622a6d98"", ""Prefix25"": ""0f2ed94a96dc7bfdcaedd18ffa49d9e19d106be871850d597d175e38622a6d98"", ""Prefix45"": ""0f2ed94a96dc7bfdcaedd18ffa49d9e19d106be871850d597d175e38622a6d98"", ""ReComp"": ""0f2ed94a96dc7bfdcaedd18ffa49d9e19d106be871850d597d175e38622a6d98""}"
convbench:395,394,True,True,True,True,True,True,f422d472b463f392b66701fb8b51b43f0865bfb8f70d1db4277fa58234da0bcd,0fdf0da2092c398ab5e27018431c09f4561f4957d86ed072a5c328b37d81bc5f,"{""FullLoad"": ""0fdf0da2092c398ab5e27018431c09f4561f4957d86ed072a5c328b37d81bc5f"", ""Prefix25"": ""0fdf0da2092c398ab5e27018431c09f4561f4957d86ed072a5c328b37d81bc5f"", ""Prefix45"": ""0fdf0da2092c398ab5e27018431c09f4561f4957d86ed072a5c328b37d81bc5f"", ""ReComp"": ""0fdf0da2092c398ab5e27018431c09f4561f4957d86ed072a5c328b37d81bc5f""}"
convbench:396,395,True,True,True,True,True,True,5a157074f634dfb9ad747d9b2ffefddc6d229f08aceee2fa67a44f8ada4e50db,49d3bbd4d86a54a0591b4ebe300b5f524aa705e63f4c1124dffa70508f1cfc6e,"{""FullLoad"": ""49d3bbd4d86a54a0591b4ebe300b5f524aa705e63f4c1124dffa70508f1cfc6e"", ""Prefix25"": ""49d3bbd4d86a54a0591b4ebe300b5f524aa705e63f4c1124dffa70508f1cfc6e"", ""Prefix45"": ""49d3bbd4d86a54a0591b4ebe300b5f524aa705e63f4c1124dffa70508f1cfc6e"", ""ReComp"": ""49d3bbd4d86a54a0591b4ebe300b5f524aa705e63f4c1124dffa70508f1cfc6e""}"
convbench:397,396,True,True,True,True,True,True,2df3b79d61409932decc578f662ea4d2065084338999619d14b7b35cb04fe573,14f9a40edb149958e248c9d471622eda91a892686867be2e02d18d1c6671a71b,"{""FullLoad"": ""14f9a40edb149958e248c9d471622eda91a892686867be2e02d18d1c6671a71b"", ""Prefix25"": ""14f9a40edb149958e248c9d471622eda91a892686867be2e02d18d1c6671a71b"", ""Prefix45"": ""14f9a40edb149958e248c9d471622eda91a892686867be2e02d18d1c6671a71b"", ""ReComp"": ""14f9a40edb149958e248c9d471622eda91a892686867be2e02d18d1c6671a71b""}"
convbench:398,397,True,True,True,True,True,True,f05cdab08259f4a75c581d5e0c99b922610eac6ba9315e9ae9a2c460033a20e7,8252c6362e5682a1df96e2748f42fb1e31a1a685750014531715c387013e96ca,"{""FullLoad"": ""8252c6362e5682a1df96e2748f42fb1e31a1a685750014531715c387013e96ca"", ""Prefix25"": ""8252c6362e5682a1df96e2748f42fb1e31a1a685750014531715c387013e96ca"", ""Prefix45"": ""8252c6362e5682a1df96e2748f42fb1e31a1a685750014531715c387013e96ca"", ""ReComp"": ""8252c6362e5682a1df96e2748f42fb1e31a1a685750014531715c387013e96ca""}"
convbench:399,398,True,True,True,True,True,True,92f9029522b3cb615ef58c93983fe09a40eb0af7fed85486555a4322a4b4f7b8,a78e12dea69ef313e14fa0337ec7814c5ac3238c4027e3462560c30a8f5364fd,"{""FullLoad"": ""a78e12dea69ef313e14fa0337ec7814c5ac3238c4027e3462560c30a8f5364fd"", ""Prefix25"": ""a78e12dea69ef313e14fa0337ec7814c5ac3238c4027e3462560c30a8f5364fd"", ""Prefix45"": ""a78e12dea69ef313e14fa0337ec7814c5ac3238c4027e3462560c30a8f5364fd"", ""ReComp"": ""a78e12dea69ef313e14fa0337ec7814c5ac3238c4027e3462560c30a8f5364fd""}"
convbench:400,399,True,True,True,True,True,True,8cc71c8f3b6b85489ef7367c482d45e9a7d0eca825bbf80ab128ce6161c888cb,9e074feb2ac0248d1653fac15214d1edd481af3d2bc15a493625dd84be0efe21,"{""FullLoad"": ""9e074feb2ac0248d1653fac15214d1edd481af3d2bc15a493625dd84be0efe21"", ""Prefix25"": ""9e074feb2ac0248d1653fac15214d1edd481af3d2bc15a493625dd84be0efe21"", ""Prefix45"": ""9e074feb2ac0248d1653fac15214d1edd481af3d2bc15a493625dd84be0efe21"", ""ReComp"": ""9e074feb2ac0248d1653fac15214d1edd481af3d2bc15a493625dd84be0efe21""}"
convbench:401,400,True,True,True,True,True,True,e11d029d0e1ac38e016fe6223ac58f3bc67a5c89b1911670e888eaae113dce46,c48ffe1cd58f1e8cedb4c77e09f86af348236626e8cb6f0c94e06e3bb196ea51,"{""FullLoad"": ""c48ffe1cd58f1e8cedb4c77e09f86af348236626e8cb6f0c94e06e3bb196ea51"", ""Prefix25"": ""c48ffe1cd58f1e8cedb4c77e09f86af348236626e8cb6f0c94e06e3bb196ea51"", ""Prefix45"": ""c48ffe1cd58f1e8cedb4c77e09f86af348236626e8cb6f0c94e06e3bb196ea51"", ""ReComp"": ""c48ffe1cd58f1e8cedb4c77e09f86af348236626e8cb6f0c94e06e3bb196ea51""}"
convbench:402,401,True,True,True,True,True,True,6ef6297ad816bd0fdb346f90551958a1462a9b903859d4129389199d541dd515,3fb27be2ca0281c471bbc4eacf4afaea17f559f0f0466c5b601b42dcfdd9d13c,"{""FullLoad"": ""3fb27be2ca0281c471bbc4eacf4afaea17f559f0f0466c5b601b42dcfdd9d13c"", ""Prefix25"": ""3fb27be2ca0281c471bbc4eacf4afaea17f559f0f0466c5b601b42dcfdd9d13c"", ""Prefix45"": ""3fb27be2ca0281c471bbc4eacf4afaea17f559f0f0466c5b601b42dcfdd9d13c"", ""ReComp"": ""3fb27be2ca0281c471bbc4eacf4afaea17f559f0f0466c5b601b42dcfdd9d13c""}"
convbench:403,402,True,True,True,True,True,True,c1ce532dbc9e5307c703fb45ccc81891c80083861a2218029700f2cbfa082f52,4e93bcd299a7ea24df8839d71539e26faa5340a1b56d935441276e9ce8802689,"{""FullLoad"": ""4e93bcd299a7ea24df8839d71539e26faa5340a1b56d935441276e9ce8802689"", ""Prefix25"": ""4e93bcd299a7ea24df8839d71539e26faa5340a1b56d935441276e9ce8802689"", ""Prefix45"": ""4e93bcd299a7ea24df8839d71539e26faa5340a1b56d935441276e9ce8802689"", ""ReComp"": ""4e93bcd299a7ea24df8839d71539e26faa5340a1b56d935441276e9ce8802689""}"
convbench:404,403,True,True,True,True,True,True,3fbe820fe41278105a5ab96b7b65c45fef27823045650e6643853abe768319a1,7a513e417585fdfa28322da82f0c33d760ccaf5ca6562700907bacc9f1ccab6d,"{""FullLoad"": ""7a513e417585fdfa28322da82f0c33d760ccaf5ca6562700907bacc9f1ccab6d"", ""Prefix25"": ""7a513e417585fdfa28322da82f0c33d760ccaf5ca6562700907bacc9f1ccab6d"", ""Prefix45"": ""7a513e417585fdfa28322da82f0c33d760ccaf5ca6562700907bacc9f1ccab6d"", ""ReComp"": ""7a513e417585fdfa28322da82f0c33d760ccaf5ca6562700907bacc9f1ccab6d""}"
convbench:405,404,True,True,True,True,True,True,e3b64c8c8ec461b39499e0b96385b1203913da6ceff6fd1a95695ac5c0a698e6,d0040c74ee12f7cdedc83ed04b3461e294ee504936ce7d80553e7b0b6038b942,"{""FullLoad"": ""d0040c74ee12f7cdedc83ed04b3461e294ee504936ce7d80553e7b0b6038b942"", ""Prefix25"": ""d0040c74ee12f7cdedc83ed04b3461e294ee504936ce7d80553e7b0b6038b942"", ""Prefix45"": ""d0040c74ee12f7cdedc83ed04b3461e294ee504936ce7d80553e7b0b6038b942"", ""ReComp"": ""d0040c74ee12f7cdedc83ed04b3461e294ee504936ce7d80553e7b0b6038b942""}"
convbench:406,405,True,True,True,True,True,True,d5bb9aa42a81efd52e568ce4441d59a5cb7e988fe291da567791006f36e1374d,2ca92f9def7a3cface96411f9e5b6576f6701f3a3e18bc9e603d206253fa07eb,"{""FullLoad"": ""2ca92f9def7a3cface96411f9e5b6576f6701f3a3e18bc9e603d206253fa07eb"", ""Prefix25"": ""2ca92f9def7a3cface96411f9e5b6576f6701f3a3e18bc9e603d206253fa07eb"", ""Prefix45"": ""2ca92f9def7a3cface96411f9e5b6576f6701f3a3e18bc9e603d206253fa07eb"", ""ReComp"": ""2ca92f9def7a3cface96411f9e5b6576f6701f3a3e18bc9e603d206253fa07eb""}"
convbench:407,406,True,True,True,True,True,True,04d32334462d9eec65f6ce46cb116b645d1120cebba17caf8845d650915db694,4553211466c4f2f14b1b3a133d2a676db3c0784731482fe451abd75e0a1d05d1,"{""FullLoad"": ""4553211466c4f2f14b1b3a133d2a676db3c0784731482fe451abd75e0a1d05d1"", ""Prefix25"": ""4553211466c4f2f14b1b3a133d2a676db3c0784731482fe451abd75e0a1d05d1"", ""Prefix45"": ""4553211466c4f2f14b1b3a133d2a676db3c0784731482fe451abd75e0a1d05d1"", ""ReComp"": ""4553211466c4f2f14b1b3a133d2a676db3c0784731482fe451abd75e0a1d05d1""}"
convbench:408,407,True,True,True,True,True,True,e0e3341a0319b43e41b2de32e73aaed1dd27b5a916214c7d2f0f5927d7dfaa02,f21379a5602ba6d16ca7ee94213ccd81c7861d577be58b3460968d79b343f8b9,"{""FullLoad"": ""f21379a5602ba6d16ca7ee94213ccd81c7861d577be58b3460968d79b343f8b9"", ""Prefix25"": ""f21379a5602ba6d16ca7ee94213ccd81c7861d577be58b3460968d79b343f8b9"", ""Prefix45"": ""f21379a5602ba6d16ca7ee94213ccd81c7861d577be58b3460968d79b343f8b9"", ""ReComp"": ""f21379a5602ba6d16ca7ee94213ccd81c7861d577be58b3460968d79b343f8b9""}"
convbench:409,408,True,True,True,True,True,True,bf7afd77126314c879e59e5bec3609d3ac167a94cdca79a568ffda77e8ff2801,8849a99da0d352bc667aac1fc4e0dd882aafa7e2e641a21b2a6e09e7864304ae,"{""FullLoad"": ""8849a99da0d352bc667aac1fc4e0dd882aafa7e2e641a21b2a6e09e7864304ae"", ""Prefix25"": ""8849a99da0d352bc667aac1fc4e0dd882aafa7e2e641a21b2a6e09e7864304ae"", ""Prefix45"": ""8849a99da0d352bc667aac1fc4e0dd882aafa7e2e641a21b2a6e09e7864304ae"", ""ReComp"": ""8849a99da0d352bc667aac1fc4e0dd882aafa7e2e641a21b2a6e09e7864304ae""}"
convbench:410,409,True,True,True,True,True,True,6a47a91c09fbeb4dad7d8f87e674a9001a22f0eceb1595a24e29f9aef09a6b18,58ff057b742c599d9918faf3b66d6cd222a63edd4ec913fbcda495ce843df5bc,"{""FullLoad"": ""58ff057b742c599d9918faf3b66d6cd222a63edd4ec913fbcda495ce843df5bc"", ""Prefix25"": ""58ff057b742c599d9918faf3b66d6cd222a63edd4ec913fbcda495ce843df5bc"", ""Prefix45"": ""58ff057b742c599d9918faf3b66d6cd222a63edd4ec913fbcda495ce843df5bc"", ""ReComp"": ""58ff057b742c599d9918faf3b66d6cd222a63edd4ec913fbcda495ce843df5bc""}"
convbench:411,410,True,True,True,True,True,True,fae53154e007bc6e8ee6d82d9fc5b575b6569beeee4403f772013def56fd96b9,d4453bc07a7295b29bf192f47281121e452955eeb1185670bdb5c3fc94dfa720,"{""FullLoad"": ""d4453bc07a7295b29bf192f47281121e452955eeb1185670bdb5c3fc94dfa720"", ""Prefix25"": ""d4453bc07a7295b29bf192f47281121e452955eeb1185670bdb5c3fc94dfa720"", ""Prefix45"": ""d4453bc07a7295b29bf192f47281121e452955eeb1185670bdb5c3fc94dfa720"", ""ReComp"": ""d4453bc07a7295b29bf192f47281121e452955eeb1185670bdb5c3fc94dfa720""}"
convbench:412,411,True,True,True,True,True,True,6a47a91c09fbeb4dad7d8f87e674a9001a22f0eceb1595a24e29f9aef09a6b18,3e38b7bfa443cf85fb315fe9244a382820d3612c2fee9ab2a94ad2f897428a20,"{""FullLoad"": ""3e38b7bfa443cf85fb315fe9244a382820d3612c2fee9ab2a94ad2f897428a20"", ""Prefix25"": ""3e38b7bfa443cf85fb315fe9244a382820d3612c2fee9ab2a94ad2f897428a20"", ""Prefix45"": ""3e38b7bfa443cf85fb315fe9244a382820d3612c2fee9ab2a94ad2f897428a20"", ""ReComp"": ""3e38b7bfa443cf85fb315fe9244a382820d3612c2fee9ab2a94ad2f897428a20""}"
convbench:413,412,True,True,True,True,True,True,bb320755e98c9a09fde5aac3dff8d5cddb5238ba4923d07f1960b5042459bbbb,542e5d9c617c095bbf3b5e47046d88064d7132e67680a8c8ad2feb789617b192,"{""FullLoad"": ""542e5d9c617c095bbf3b5e47046d88064d7132e67680a8c8ad2feb789617b192"", ""Prefix25"": ""542e5d9c617c095bbf3b5e47046d88064d7132e67680a8c8ad2feb789617b192"", ""Prefix45"": ""542e5d9c617c095bbf3b5e47046d88064d7132e67680a8c8ad2feb789617b192"", ""ReComp"": ""542e5d9c617c095bbf3b5e47046d88064d7132e67680a8c8ad2feb789617b192""}"
convbench:414,413,True,True,True,True,True,True,e80a5418ec918bc3df372250e58c53bdd7f1a5f96da15c43bac81cf28bb25225,287bfd43400939a1170510cd908bc868478a62d63e8c2547b2c3c6ee3afcb860,"{""FullLoad"": ""287bfd43400939a1170510cd908bc868478a62d63e8c2547b2c3c6ee3afcb860"", ""Prefix25"": ""287bfd43400939a1170510cd908bc868478a62d63e8c2547b2c3c6ee3afcb860"", ""Prefix45"": ""287bfd43400939a1170510cd908bc868478a62d63e8c2547b2c3c6ee3afcb860"", ""ReComp"": ""287bfd43400939a1170510cd908bc868478a62d63e8c2547b2c3c6ee3afcb860""}"
convbench:415,414,True,True,True,True,True,True,d2f5fe0cacd71c9d2cba94f97cb242db91477d5580b9f041b1eb456122ca6b05,2b60d6a4066ae47cb51c4f6bceca5ff540d530e10b830eebbcc35c826996f026,"{""FullLoad"": ""2b60d6a4066ae47cb51c4f6bceca5ff540d530e10b830eebbcc35c826996f026"", ""Prefix25"": ""2b60d6a4066ae47cb51c4f6bceca5ff540d530e10b830eebbcc35c826996f026"", ""Prefix45"": ""2b60d6a4066ae47cb51c4f6bceca5ff540d530e10b830eebbcc35c826996f026"", ""ReComp"": ""2b60d6a4066ae47cb51c4f6bceca5ff540d530e10b830eebbcc35c826996f026""}"
convbench:416,415,True,True,True,True,True,True,d2aef3aecdf4e6f928cd523459fe36cf716fe20045cbd4c312ae23bd58d8a6ca,af2a8237445315249ffec81c3ff74f43b051bffbdc3e0d38861ac27dd96ec34b,"{""FullLoad"": ""af2a8237445315249ffec81c3ff74f43b051bffbdc3e0d38861ac27dd96ec34b"", ""Prefix25"": ""af2a8237445315249ffec81c3ff74f43b051bffbdc3e0d38861ac27dd96ec34b"", ""Prefix45"": ""af2a8237445315249ffec81c3ff74f43b051bffbdc3e0d38861ac27dd96ec34b"", ""ReComp"": ""af2a8237445315249ffec81c3ff74f43b051bffbdc3e0d38861ac27dd96ec34b""}"
convbench:417,416,True,True,True,True,True,True,a3622339634a8c7da5d6b37c2a31fbfc2941462e1ee027ba399a9b92be5e55fb,c93e3b15f644adff7382a4ba27c7193cbb8c472eb8392fa73307ac4fb5a02304,"{""FullLoad"": ""c93e3b15f644adff7382a4ba27c7193cbb8c472eb8392fa73307ac4fb5a02304"", ""Prefix25"": ""c93e3b15f644adff7382a4ba27c7193cbb8c472eb8392fa73307ac4fb5a02304"", ""Prefix45"": ""c93e3b15f644adff7382a4ba27c7193cbb8c472eb8392fa73307ac4fb5a02304"", ""ReComp"": ""c93e3b15f644adff7382a4ba27c7193cbb8c472eb8392fa73307ac4fb5a02304""}"
convbench:418,417,True,True,True,True,True,True,87148b849ec6bfed03152d354baddbf2a9040ae4604d2d2c13b12c5d27ec4ef4,c26f92e904168add7b0a4d5ec5d53140a3ca6ca5f668dbd858ecbd58ccd19102,"{""FullLoad"": ""c26f92e904168add7b0a4d5ec5d53140a3ca6ca5f668dbd858ecbd58ccd19102"", ""Prefix25"": ""c26f92e904168add7b0a4d5ec5d53140a3ca6ca5f668dbd858ecbd58ccd19102"", ""Prefix45"": ""c26f92e904168add7b0a4d5ec5d53140a3ca6ca5f668dbd858ecbd58ccd19102"", ""ReComp"": ""c26f92e904168add7b0a4d5ec5d53140a3ca6ca5f668dbd858ecbd58ccd19102""}"
convbench:419,418,True,True,True,True,True,True,6f6da880f5385475a3df50ab0584819a42ac3a0e82d0d0b6176c468c61118c91,473e50a6c9756b15a3cb343afb1159f0dd155648d6dbf3bd0c2daa323e311265,"{""FullLoad"": ""473e50a6c9756b15a3cb343afb1159f0dd155648d6dbf3bd0c2daa323e311265"", ""Prefix25"": ""473e50a6c9756b15a3cb343afb1159f0dd155648d6dbf3bd0c2daa323e311265"", ""Prefix45"": ""473e50a6c9756b15a3cb343afb1159f0dd155648d6dbf3bd0c2daa323e311265"", ""ReComp"": ""473e50a6c9756b15a3cb343afb1159f0dd155648d6dbf3bd0c2daa323e311265""}"
convbench:420,419,True,True,True,True,True,True,6bd27c36d9af7ca207a0e50ccddd3146cf03a2729a87fc63784ee818c6699371,1c07d2f2fd4208877c1cf95894d97de325c937adc666cbdd49ed941a5ff52d88,"{""FullLoad"": ""1c07d2f2fd4208877c1cf95894d97de325c937adc666cbdd49ed941a5ff52d88"", ""Prefix25"": ""1c07d2f2fd4208877c1cf95894d97de325c937adc666cbdd49ed941a5ff52d88"", ""Prefix45"": ""1c07d2f2fd4208877c1cf95894d97de325c937adc666cbdd49ed941a5ff52d88"", ""ReComp"": ""1c07d2f2fd4208877c1cf95894d97de325c937adc666cbdd49ed941a5ff52d88""}"
convbench:421,420,True,True,True,True,True,True,8acc1dbab6665bdfaf36a2cd40261d38e252ce474cab99f5dab1c861b9db872a,1e3077edd51275f6756f2d6aae3b0bb479f5be8e7996173e2ce18b4b8fa53857,"{""FullLoad"": ""1e3077edd51275f6756f2d6aae3b0bb479f5be8e7996173e2ce18b4b8fa53857"", ""Prefix25"": ""1e3077edd51275f6756f2d6aae3b0bb479f5be8e7996173e2ce18b4b8fa53857"", ""Prefix45"": ""1e3077edd51275f6756f2d6aae3b0bb479f5be8e7996173e2ce18b4b8fa53857"", ""ReComp"": ""1e3077edd51275f6756f2d6aae3b0bb479f5be8e7996173e2ce18b4b8fa53857""}"
convbench:422,421,True,True,True,True,True,True,7bceda47e11e00edef7f4683eda9b342fbbead493b08df92d07f18b9029c3ce8,48f874a76e05b454cd76c4b343d65d0082cdc25b57f40c7e76277ee7b9255042,"{""FullLoad"": ""48f874a76e05b454cd76c4b343d65d0082cdc25b57f40c7e76277ee7b9255042"", ""Prefix25"": ""48f874a76e05b454cd76c4b343d65d0082cdc25b57f40c7e76277ee7b9255042"", ""Prefix45"": ""48f874a76e05b454cd76c4b343d65d0082cdc25b57f40c7e76277ee7b9255042"", ""ReComp"": ""48f874a76e05b454cd76c4b343d65d0082cdc25b57f40c7e76277ee7b9255042""}"
convbench:423,422,True,True,True,True,True,True,d86d601afe47bba690cc38483bf0c184ab0de76fd0643e6480c95e6f40e59a45,07e5804f8ddf69f7ba4e62ba59a3ee6362fa5a07e08b5c187ed18ba2065e1efd,"{""FullLoad"": ""07e5804f8ddf69f7ba4e62ba59a3ee6362fa5a07e08b5c187ed18ba2065e1efd"", ""Prefix25"": ""07e5804f8ddf69f7ba4e62ba59a3ee6362fa5a07e08b5c187ed18ba2065e1efd"", ""Prefix45"": ""07e5804f8ddf69f7ba4e62ba59a3ee6362fa5a07e08b5c187ed18ba2065e1efd"", ""ReComp"": ""07e5804f8ddf69f7ba4e62ba59a3ee6362fa5a07e08b5c187ed18ba2065e1efd""}"
convbench:424,423,True,True,True,True,True,True,9295111cd174238fa525f026cd692f86728318dbba7d4c0bc2bfe9e4e5e5c2d3,638a631dc8c9517395c13dc6bf4266ffd8cb0cbda4b330918dd972172dcb1032,"{""FullLoad"": ""638a631dc8c9517395c13dc6bf4266ffd8cb0cbda4b330918dd972172dcb1032"", ""Prefix25"": ""638a631dc8c9517395c13dc6bf4266ffd8cb0cbda4b330918dd972172dcb1032"", ""Prefix45"": ""638a631dc8c9517395c13dc6bf4266ffd8cb0cbda4b330918dd972172dcb1032"", ""ReComp"": ""638a631dc8c9517395c13dc6bf4266ffd8cb0cbda4b330918dd972172dcb1032""}"
convbench:425,424,True,True,True,True,True,True,a6268bf4ff89bb82324b09bda35288f38ece2b5e093aa6b022a365efd3a74214,470cc699737b3a853df6b3396390df9e080f7b7f77cbe56440bc8247c672698d,"{""FullLoad"": ""470cc699737b3a853df6b3396390df9e080f7b7f77cbe56440bc8247c672698d"", ""Prefix25"": ""470cc699737b3a853df6b3396390df9e080f7b7f77cbe56440bc8247c672698d"", ""Prefix45"": ""470cc699737b3a853df6b3396390df9e080f7b7f77cbe56440bc8247c672698d"", ""ReComp"": ""470cc699737b3a853df6b3396390df9e080f7b7f77cbe56440bc8247c672698d""}"
convbench:426,425,True,True,True,True,True,True,2df3b79d61409932decc578f662ea4d2065084338999619d14b7b35cb04fe573,e0e45f72f2ef38243d3af8602577d008c2118f0df7debed9cbeea8b1749f9f68,"{""FullLoad"": ""e0e45f72f2ef38243d3af8602577d008c2118f0df7debed9cbeea8b1749f9f68"", ""Prefix25"": ""e0e45f72f2ef38243d3af8602577d008c2118f0df7debed9cbeea8b1749f9f68"", ""Prefix45"": ""e0e45f72f2ef38243d3af8602577d008c2118f0df7debed9cbeea8b1749f9f68"", ""ReComp"": ""e0e45f72f2ef38243d3af8602577d008c2118f0df7debed9cbeea8b1749f9f68""}"
convbench:427,426,True,True,True,True,True,True,0c7736aafb5bcb9c72f25c959c9ffba0e900b4128592b7616a853091d344522d,725fb295257299bcc1c298174a2e4234eb1f0b0e237a362c7043e9f2f9c0dd1a,"{""FullLoad"": ""725fb295257299bcc1c298174a2e4234eb1f0b0e237a362c7043e9f2f9c0dd1a"", ""Prefix25"": ""725fb295257299bcc1c298174a2e4234eb1f0b0e237a362c7043e9f2f9c0dd1a"", ""Prefix45"": ""725fb295257299bcc1c298174a2e4234eb1f0b0e237a362c7043e9f2f9c0dd1a"", ""ReComp"": ""725fb295257299bcc1c298174a2e4234eb1f0b0e237a362c7043e9f2f9c0dd1a""}"
convbench:428,427,True,True,True,True,True,True,a2c4fd2aa94393416d0ec2ffcff68fb04bbd452048f003c747488645b33b3b7e,fc83ce2b04b4f4a444f077a2df21b5dc1c7b78b524f3d83c0b0e0d3e32ac848c,"{""FullLoad"": ""fc83ce2b04b4f4a444f077a2df21b5dc1c7b78b524f3d83c0b0e0d3e32ac848c"", ""Prefix25"": ""fc83ce2b04b4f4a444f077a2df21b5dc1c7b78b524f3d83c0b0e0d3e32ac848c"", ""Prefix45"": ""fc83ce2b04b4f4a444f077a2df21b5dc1c7b78b524f3d83c0b0e0d3e32ac848c"", ""ReComp"": ""fc83ce2b04b4f4a444f077a2df21b5dc1c7b78b524f3d83c0b0e0d3e32ac848c""}"
convbench:429,428,True,True,True,True,True,True,d0112e8d83a2849ae7ea90849fd4f387d2a24f7b4fa291ed9572a2ad03270991,c382b2eee711dca8e98a6e72175a6975ce38ef76cd61a05b3ea4da96458ecd4b,"{""FullLoad"": ""c382b2eee711dca8e98a6e72175a6975ce38ef76cd61a05b3ea4da96458ecd4b"", ""Prefix25"": ""c382b2eee711dca8e98a6e72175a6975ce38ef76cd61a05b3ea4da96458ecd4b"", ""Prefix45"": ""c382b2eee711dca8e98a6e72175a6975ce38ef76cd61a05b3ea4da96458ecd4b"", ""ReComp"": ""c382b2eee711dca8e98a6e72175a6975ce38ef76cd61a05b3ea4da96458ecd4b""}"
convbench:430,429,True,True,True,True,True,True,c1014ef3a269f04f66a46b42473aa4958f069240cb785b5d03ed2ead3dc44b70,608fa5fdeb390fd0b7287a5250e3cf5add37e53863631e95edfaf14b0cdc4b79,"{""FullLoad"": ""608fa5fdeb390fd0b7287a5250e3cf5add37e53863631e95edfaf14b0cdc4b79"", ""Prefix25"": ""608fa5fdeb390fd0b7287a5250e3cf5add37e53863631e95edfaf14b0cdc4b79"", ""Prefix45"": ""608fa5fdeb390fd0b7287a5250e3cf5add37e53863631e95edfaf14b0cdc4b79"", ""ReComp"": ""608fa5fdeb390fd0b7287a5250e3cf5add37e53863631e95edfaf14b0cdc4b79""}"
convbench:431,430,True,True,True,True,True,True,fc84b5c8f65dbb7ab52f4c359cbb0c8cc6cb58d24b21e2d8b08fb53c494cac4a,9ade71d07fe1f42c77b844a12cc27fef662f678dd5a0e76dcf11afbf289bdf66,"{""FullLoad"": ""9ade71d07fe1f42c77b844a12cc27fef662f678dd5a0e76dcf11afbf289bdf66"", ""Prefix25"": ""9ade71d07fe1f42c77b844a12cc27fef662f678dd5a0e76dcf11afbf289bdf66"", ""Prefix45"": ""9ade71d07fe1f42c77b844a12cc27fef662f678dd5a0e76dcf11afbf289bdf66"", ""ReComp"": ""9ade71d07fe1f42c77b844a12cc27fef662f678dd5a0e76dcf11afbf289bdf66""}"
convbench:432,431,True,True,True,True,True,True,7fe11198e63be0eb2782e7900b66e00a9e1efdba47c615ab520d6ba5d6db67ce,62087ab90fda4b191b06c15bf6ad52389bf3d81e6320f83b8ddc927af1a0006c,"{""FullLoad"": ""62087ab90fda4b191b06c15bf6ad52389bf3d81e6320f83b8ddc927af1a0006c"", ""Prefix25"": ""62087ab90fda4b191b06c15bf6ad52389bf3d81e6320f83b8ddc927af1a0006c"", ""Prefix45"": ""62087ab90fda4b191b06c15bf6ad52389bf3d81e6320f83b8ddc927af1a0006c"", ""ReComp"": ""62087ab90fda4b191b06c15bf6ad52389bf3d81e6320f83b8ddc927af1a0006c""}"
convbench:433,432,True,True,True,True,True,True,617279e0ef6ff942490eb55716320b38447ced11a296b07172c9dcca0c49cb41,fa9b0b6d5036d723eaced5080be4bed7f6fa3e8a174ac4fc4c29b1e80e7f3741,"{""FullLoad"": ""fa9b0b6d5036d723eaced5080be4bed7f6fa3e8a174ac4fc4c29b1e80e7f3741"", ""Prefix25"": ""fa9b0b6d5036d723eaced5080be4bed7f6fa3e8a174ac4fc4c29b1e80e7f3741"", ""Prefix45"": ""fa9b0b6d5036d723eaced5080be4bed7f6fa3e8a174ac4fc4c29b1e80e7f3741"", ""ReComp"": ""fa9b0b6d5036d723eaced5080be4bed7f6fa3e8a174ac4fc4c29b1e80e7f3741""}"
convbench:434,433,True,True,True,True,True,True,dd1f51203d565cc60c7cb8f1ac06d56364b3ae22a4f24b79b04571a1d9adabd8,7d687775cdecdd2d1b1c88745d9cbbf820adac2d70d2bc757c599b021ed8b5c8,"{""FullLoad"": ""7d687775cdecdd2d1b1c88745d9cbbf820adac2d70d2bc757c599b021ed8b5c8"", ""Prefix25"": ""7d687775cdecdd2d1b1c88745d9cbbf820adac2d70d2bc757c599b021ed8b5c8"", ""Prefix45"": ""7d687775cdecdd2d1b1c88745d9cbbf820adac2d70d2bc757c599b021ed8b5c8"", ""ReComp"": ""7d687775cdecdd2d1b1c88745d9cbbf820adac2d70d2bc757c599b021ed8b5c8""}"
convbench:435,434,True,True,True,True,True,True,ca5a295c91491027dc8c3c1f6664da056de22dd8d23c03f7f3b63a769d6b3273,66b4a918c95b650576348ab564ea8461cfad2f02bc58c0011efffc6f4a45efed,"{""FullLoad"": ""66b4a918c95b650576348ab564ea8461cfad2f02bc58c0011efffc6f4a45efed"", ""Prefix25"": ""66b4a918c95b650576348ab564ea8461cfad2f02bc58c0011efffc6f4a45efed"", ""Prefix45"": ""66b4a918c95b650576348ab564ea8461cfad2f02bc58c0011efffc6f4a45efed"", ""ReComp"": ""66b4a918c95b650576348ab564ea8461cfad2f02bc58c0011efffc6f4a45efed""}"
convbench:436,435,True,True,True,True,True,True,e11d029d0e1ac38e016fe6223ac58f3bc67a5c89b1911670e888eaae113dce46,5f998296501764a475a47586c6b345e1ea2716cb24108bd5e7494138a4090e61,"{""FullLoad"": ""5f998296501764a475a47586c6b345e1ea2716cb24108bd5e7494138a4090e61"", ""Prefix25"": ""5f998296501764a475a47586c6b345e1ea2716cb24108bd5e7494138a4090e61"", ""Prefix45"": ""5f998296501764a475a47586c6b345e1ea2716cb24108bd5e7494138a4090e61"", ""ReComp"": ""5f998296501764a475a47586c6b345e1ea2716cb24108bd5e7494138a4090e61""}"
convbench:437,436,True,True,True,True,True,True,6a47a91c09fbeb4dad7d8f87e674a9001a22f0eceb1595a24e29f9aef09a6b18,ba96d52eaca6b9e928ffc03261d9b8adfd955849f78e2911552925bdecb37405,"{""FullLoad"": ""ba96d52eaca6b9e928ffc03261d9b8adfd955849f78e2911552925bdecb37405"", ""Prefix25"": ""ba96d52eaca6b9e928ffc03261d9b8adfd955849f78e2911552925bdecb37405"", ""Prefix45"": ""ba96d52eaca6b9e928ffc03261d9b8adfd955849f78e2911552925bdecb37405"", ""ReComp"": ""ba96d52eaca6b9e928ffc03261d9b8adfd955849f78e2911552925bdecb37405""}"
convbench:438,437,True,True,True,True,True,True,52ce7ffad557efeee150eb395ae17472ed863413dda9577afe26fd15558e523f,4ba7b9ba8ce1f28c4a969f2bd7fef9fa9a6acf20b6d65012404a25572406d330,"{""FullLoad"": ""4ba7b9ba8ce1f28c4a969f2bd7fef9fa9a6acf20b6d65012404a25572406d330"", ""Prefix25"": ""4ba7b9ba8ce1f28c4a969f2bd7fef9fa9a6acf20b6d65012404a25572406d330"", ""Prefix45"": ""4ba7b9ba8ce1f28c4a969f2bd7fef9fa9a6acf20b6d65012404a25572406d330"", ""ReComp"": ""4ba7b9ba8ce1f28c4a969f2bd7fef9fa9a6acf20b6d65012404a25572406d330""}"
convbench:439,438,True,True,True,True,True,True,0b3605f6354e9d544b067e5ba2acb40455e845d9bccb6cc6f32df392b8c4f74e,ab7eef672425c115016c269cffe63de748a430e1c267bfd665995342308b56d0,"{""FullLoad"": ""ab7eef672425c115016c269cffe63de748a430e1c267bfd665995342308b56d0"", ""Prefix25"": ""ab7eef672425c115016c269cffe63de748a430e1c267bfd665995342308b56d0"", ""Prefix45"": ""ab7eef672425c115016c269cffe63de748a430e1c267bfd665995342308b56d0"", ""ReComp"": ""ab7eef672425c115016c269cffe63de748a430e1c267bfd665995342308b56d0""}"
convbench:440,439,True,True,True,True,True,True,9c0c05c1c8e3c191873958c2c258f71c2e2d707df4c58e241287ac9e5c5f9e53,ab01c1e5714e7173473858985570ee7ecfde3874b8545f861e593c531f0ff589,"{""FullLoad"": ""ab01c1e5714e7173473858985570ee7ecfde3874b8545f861e593c531f0ff589"", ""Prefix25"": ""ab01c1e5714e7173473858985570ee7ecfde3874b8545f861e593c531f0ff589"", ""Prefix45"": ""ab01c1e5714e7173473858985570ee7ecfde3874b8545f861e593c531f0ff589"", ""ReComp"": ""ab01c1e5714e7173473858985570ee7ecfde3874b8545f861e593c531f0ff589""}"
convbench:441,440,True,True,True,True,True,True,5a157074f634dfb9ad747d9b2ffefddc6d229f08aceee2fa67a44f8ada4e50db,dd4f940c5b1f64b3d282fe4887e3c7ad694469d7cbb60173652e37decc3214f7,"{""FullLoad"": ""dd4f940c5b1f64b3d282fe4887e3c7ad694469d7cbb60173652e37decc3214f7"", ""Prefix25"": ""dd4f940c5b1f64b3d282fe4887e3c7ad694469d7cbb60173652e37decc3214f7"", ""Prefix45"": ""dd4f940c5b1f64b3d282fe4887e3c7ad694469d7cbb60173652e37decc3214f7"", ""ReComp"": ""dd4f940c5b1f64b3d282fe4887e3c7ad694469d7cbb60173652e37decc3214f7""}"
convbench:442,441,True,True,True,True,True,True,d5138e201d19ef83d6f179c89dfb80e6bf09d0e81002d9c73a9db246c64c5b43,928c3dfaea9c1be39fdd0549af6ba75cb94f365ce73c6f7fc99fad3dce84db1a,"{""FullLoad"": ""928c3dfaea9c1be39fdd0549af6ba75cb94f365ce73c6f7fc99fad3dce84db1a"", ""Prefix25"": ""928c3dfaea9c1be39fdd0549af6ba75cb94f365ce73c6f7fc99fad3dce84db1a"", ""Prefix45"": ""928c3dfaea9c1be39fdd0549af6ba75cb94f365ce73c6f7fc99fad3dce84db1a"", ""ReComp"": ""928c3dfaea9c1be39fdd0549af6ba75cb94f365ce73c6f7fc99fad3dce84db1a""}"
convbench:443,442,True,True,True,True,True,True,99a54593af16125fa1b2209cf7b4b128dce7fcb9f5d1b37893bf912a06b07de5,520dd5aaadd591538fe7fd0cf19efde6a8ce6ca03d03b7e0dc7eb9ab111e2ab8,"{""FullLoad"": ""520dd5aaadd591538fe7fd0cf19efde6a8ce6ca03d03b7e0dc7eb9ab111e2ab8"", ""Prefix25"": ""520dd5aaadd591538fe7fd0cf19efde6a8ce6ca03d03b7e0dc7eb9ab111e2ab8"", ""Prefix45"": ""520dd5aaadd591538fe7fd0cf19efde6a8ce6ca03d03b7e0dc7eb9ab111e2ab8"", ""ReComp"": ""520dd5aaadd591538fe7fd0cf19efde6a8ce6ca03d03b7e0dc7eb9ab111e2ab8""}"
convbench:444,443,True,True,True,True,True,True,33f070f2c470e81f62d431a29010618e06503d82de49a23d0fd2242707a212b7,c8b98aecc3ad0ac65f756d30aa7c0cb5b131c385c66c3defa05aeaacc85a7156,"{""FullLoad"": ""c8b98aecc3ad0ac65f756d30aa7c0cb5b131c385c66c3defa05aeaacc85a7156"", ""Prefix25"": ""c8b98aecc3ad0ac65f756d30aa7c0cb5b131c385c66c3defa05aeaacc85a7156"", ""Prefix45"": ""c8b98aecc3ad0ac65f756d30aa7c0cb5b131c385c66c3defa05aeaacc85a7156"", ""ReComp"": ""c8b98aecc3ad0ac65f756d30aa7c0cb5b131c385c66c3defa05aeaacc85a7156""}"
convbench:445,444,True,True,True,True,True,True,e11d029d0e1ac38e016fe6223ac58f3bc67a5c89b1911670e888eaae113dce46,25223ab74067bd053b305da7a294e311db284a48a646b914c3c797c35502d4e7,"{""FullLoad"": ""25223ab74067bd053b305da7a294e311db284a48a646b914c3c797c35502d4e7"", ""Prefix25"": ""25223ab74067bd053b305da7a294e311db284a48a646b914c3c797c35502d4e7"", ""Prefix45"": ""25223ab74067bd053b305da7a294e311db284a48a646b914c3c797c35502d4e7"", ""ReComp"": ""25223ab74067bd053b305da7a294e311db284a48a646b914c3c797c35502d4e7""}"
convbench:446,445,True,True,True,True,True,True,2cd314857c7065ac8bc6aabe1b8281b79c2b621b66b30cc10aa1851893c716b3,85519548e65f8b0f8384175a863b5d627f1eab014d4197422fd2229abac8ff33,"{""FullLoad"": ""85519548e65f8b0f8384175a863b5d627f1eab014d4197422fd2229abac8ff33"", ""Prefix25"": ""85519548e65f8b0f8384175a863b5d627f1eab014d4197422fd2229abac8ff33"", ""Prefix45"": ""85519548e65f8b0f8384175a863b5d627f1eab014d4197422fd2229abac8ff33"", ""ReComp"": ""85519548e65f8b0f8384175a863b5d627f1eab014d4197422fd2229abac8ff33""}"
convbench:447,446,True,True,True,True,True,True,f074f91152c2eb771b504d49d998b5c00d92d2aa25a642b44fa808a64dc123f4,64d246f6afc93754baa03aeca30415c1c5aeb03335d0683b9b834ad2ac0b516b,"{""FullLoad"": ""64d246f6afc93754baa03aeca30415c1c5aeb03335d0683b9b834ad2ac0b516b"", ""Prefix25"": ""64d246f6afc93754baa03aeca30415c1c5aeb03335d0683b9b834ad2ac0b516b"", ""Prefix45"": ""64d246f6afc93754baa03aeca30415c1c5aeb03335d0683b9b834ad2ac0b516b"", ""ReComp"": ""64d246f6afc93754baa03aeca30415c1c5aeb03335d0683b9b834ad2ac0b516b""}"
convbench:448,447,True,True,True,True,True,True,1f251d143604d97c1729eb45f5c37da313d8b7ff81e49858cc4b791a4473dc8a,2ce077263a63483b670b5043ca4e19b2534b2d75e13eb46a96f29d6bd686f84b,"{""FullLoad"": ""2ce077263a63483b670b5043ca4e19b2534b2d75e13eb46a96f29d6bd686f84b"", ""Prefix25"": ""2ce077263a63483b670b5043ca4e19b2534b2d75e13eb46a96f29d6bd686f84b"", ""Prefix45"": ""2ce077263a63483b670b5043ca4e19b2534b2d75e13eb46a96f29d6bd686f84b"", ""ReComp"": ""2ce077263a63483b670b5043ca4e19b2534b2d75e13eb46a96f29d6bd686f84b""}"
convbench:449,448,True,True,True,True,True,True,fffe810fb36534e994659ec617aec89b5f1e911f9d73db303c22a83171fb0276,3186bd6317008f9ee636521e86b707eae6919e444f15ea7978114618dafe3858,"{""FullLoad"": ""3186bd6317008f9ee636521e86b707eae6919e444f15ea7978114618dafe3858"", ""Prefix25"": ""3186bd6317008f9ee636521e86b707eae6919e444f15ea7978114618dafe3858"", ""Prefix45"": ""3186bd6317008f9ee636521e86b707eae6919e444f15ea7978114618dafe3858"", ""ReComp"": ""3186bd6317008f9ee636521e86b707eae6919e444f15ea7978114618dafe3858""}"
convbench:450,449,True,True,True,True,True,True,e3813c445ab3aea52d16e18996d2f3f6b606b68efb307f388b12729255e5735c,9c1214c729e3851702d35afa821da15c5ef7a4d3de71a035dde90ec7059b2dbe,"{""FullLoad"": ""9c1214c729e3851702d35afa821da15c5ef7a4d3de71a035dde90ec7059b2dbe"", ""Prefix25"": ""9c1214c729e3851702d35afa821da15c5ef7a4d3de71a035dde90ec7059b2dbe"", ""Prefix45"": ""9c1214c729e3851702d35afa821da15c5ef7a4d3de71a035dde90ec7059b2dbe"", ""ReComp"": ""9c1214c729e3851702d35afa821da15c5ef7a4d3de71a035dde90ec7059b2dbe""}"
convbench:451,450,True,True,True,True,True,True,2b21c6e62eae9b98f8f4406e263d4b0079377e146098650caf4761c2bbbb65e3,430c7855de41bb835e382a50e924ee1d7807757110dd7801012f47fcedd06655,"{""FullLoad"": ""430c7855de41bb835e382a50e924ee1d7807757110dd7801012f47fcedd06655"", ""Prefix25"": ""430c7855de41bb835e382a50e924ee1d7807757110dd7801012f47fcedd06655"", ""Prefix45"": ""430c7855de41bb835e382a50e924ee1d7807757110dd7801012f47fcedd06655"", ""ReComp"": ""430c7855de41bb835e382a50e924ee1d7807757110dd7801012f47fcedd06655""}"
convbench:452,451,True,True,True,True,True,True,e04ae15ba12181d9b1e740f217725a8b199c666ec25bd8297e8aac7b2008caf2,04bfc705915ca41e17d3ed379fceb278fd815714cf8f5a2779832d3d9e26663a,"{""FullLoad"": ""04bfc705915ca41e17d3ed379fceb278fd815714cf8f5a2779832d3d9e26663a"", ""Prefix25"": ""04bfc705915ca41e17d3ed379fceb278fd815714cf8f5a2779832d3d9e26663a"", ""Prefix45"": ""04bfc705915ca41e17d3ed379fceb278fd815714cf8f5a2779832d3d9e26663a"", ""ReComp"": ""04bfc705915ca41e17d3ed379fceb278fd815714cf8f5a2779832d3d9e26663a""}"
convbench:453,452,True,True,True,True,True,True,0b3605f6354e9d544b067e5ba2acb40455e845d9bccb6cc6f32df392b8c4f74e,568298ec09f7598b84cd84d1ab20d472c6bf074f1cfc3855d37290ec31482f46,"{""FullLoad"": ""568298ec09f7598b84cd84d1ab20d472c6bf074f1cfc3855d37290ec31482f46"", ""Prefix25"": ""568298ec09f7598b84cd84d1ab20d472c6bf074f1cfc3855d37290ec31482f46"", ""Prefix45"": ""568298ec09f7598b84cd84d1ab20d472c6bf074f1cfc3855d37290ec31482f46"", ""ReComp"": ""568298ec09f7598b84cd84d1ab20d472c6bf074f1cfc3855d37290ec31482f46""}"
convbench:454,453,True,True,True,True,True,True,97113b4a561de89d594381bebee654ed82d2ac6e86e2bd2750611449f5b28e0b,26584bfb0153c96c8e6b3dfac0f00404b5531d85028dbb3ace430f6241ec3a6e,"{""FullLoad"": ""26584bfb0153c96c8e6b3dfac0f00404b5531d85028dbb3ace430f6241ec3a6e"", ""Prefix25"": ""26584bfb0153c96c8e6b3dfac0f00404b5531d85028dbb3ace430f6241ec3a6e"", ""Prefix45"": ""26584bfb0153c96c8e6b3dfac0f00404b5531d85028dbb3ace430f6241ec3a6e"", ""ReComp"": ""26584bfb0153c96c8e6b3dfac0f00404b5531d85028dbb3ace430f6241ec3a6e""}"
convbench:455,454,True,True,True,True,True,True,a1ab51195034a8b9c71df69fb9c6179c23a96d76d89450ddceca99062fc7b7dc,b8f4839658241a5cca22756c23a4029c0a963541d8bfe49e3eded1ccc23261dc,"{""FullLoad"": ""b8f4839658241a5cca22756c23a4029c0a963541d8bfe49e3eded1ccc23261dc"", ""Prefix25"": ""b8f4839658241a5cca22756c23a4029c0a963541d8bfe49e3eded1ccc23261dc"", ""Prefix45"": ""b8f4839658241a5cca22756c23a4029c0a963541d8bfe49e3eded1ccc23261dc"", ""ReComp"": ""b8f4839658241a5cca22756c23a4029c0a963541d8bfe49e3eded1ccc23261dc""}"
convbench:456,455,True,True,True,True,True,True,20fa384b2e8e2932b21ed95ecab7731e59a8836571a84c5b193476657d1da47d,ba74942e3b96ca093459bac40abdae82d97a1b573135545ca203de67d69353fe,"{""FullLoad"": ""ba74942e3b96ca093459bac40abdae82d97a1b573135545ca203de67d69353fe"", ""Prefix25"": ""ba74942e3b96ca093459bac40abdae82d97a1b573135545ca203de67d69353fe"", ""Prefix45"": ""ba74942e3b96ca093459bac40abdae82d97a1b573135545ca203de67d69353fe"", ""ReComp"": ""ba74942e3b96ca093459bac40abdae82d97a1b573135545ca203de67d69353fe""}"
convbench:457,456,True,True,True,True,True,True,2775753dc63b3cbb7f85ae0b522303bbb5fc6c7cce5c2ab5a06e48633f7d5533,030c06b0f3d184729a3cc67fb3bc78e9016c5cdfac8989e95ef894d3e88c0987,"{""FullLoad"": ""030c06b0f3d184729a3cc67fb3bc78e9016c5cdfac8989e95ef894d3e88c0987"", ""Prefix25"": ""030c06b0f3d184729a3cc67fb3bc78e9016c5cdfac8989e95ef894d3e88c0987"", ""Prefix45"": ""030c06b0f3d184729a3cc67fb3bc78e9016c5cdfac8989e95ef894d3e88c0987"", ""ReComp"": ""030c06b0f3d184729a3cc67fb3bc78e9016c5cdfac8989e95ef894d3e88c0987""}"
convbench:458,457,True,True,True,True,True,True,daf062b1e82c22af8578a062dfea0d3cffa2799f1e91dc0922bc0a81a96f7661,843ac5eb661ca4b72f07a1c58adc53505442dd232891576cdeffd6eb3a3133f2,"{""FullLoad"": ""843ac5eb661ca4b72f07a1c58adc53505442dd232891576cdeffd6eb3a3133f2"", ""Prefix25"": ""843ac5eb661ca4b72f07a1c58adc53505442dd232891576cdeffd6eb3a3133f2"", ""Prefix45"": ""843ac5eb661ca4b72f07a1c58adc53505442dd232891576cdeffd6eb3a3133f2"", ""ReComp"": ""843ac5eb661ca4b72f07a1c58adc53505442dd232891576cdeffd6eb3a3133f2""}"
convbench:459,458,True,True,True,True,True,True,4fd143ba5c25df18d24b3fdafb70148776880699d759b5bcca2e8920f5a25b53,eea0b857f8f2840df0365c51cb4e632eef7174c766c72b1840a8114c576f66cd,"{""FullLoad"": ""eea0b857f8f2840df0365c51cb4e632eef7174c766c72b1840a8114c576f66cd"", ""Prefix25"": ""eea0b857f8f2840df0365c51cb4e632eef7174c766c72b1840a8114c576f66cd"", ""Prefix45"": ""eea0b857f8f2840df0365c51cb4e632eef7174c766c72b1840a8114c576f66cd"", ""ReComp"": ""eea0b857f8f2840df0365c51cb4e632eef7174c766c72b1840a8114c576f66cd""}"
convbench:460,459,True,True,True,True,True,True,80a1823dc7a8181158d594d7bb63c522c7e219328c0b1d02b8ece83ce3a2d736,7c35e0789206ae1237ad38890e43e843f102fbc3dd8a635803c59a87206db703,"{""FullLoad"": ""7c35e0789206ae1237ad38890e43e843f102fbc3dd8a635803c59a87206db703"", ""Prefix25"": ""7c35e0789206ae1237ad38890e43e843f102fbc3dd8a635803c59a87206db703"", ""Prefix45"": ""7c35e0789206ae1237ad38890e43e843f102fbc3dd8a635803c59a87206db703"", ""ReComp"": ""7c35e0789206ae1237ad38890e43e843f102fbc3dd8a635803c59a87206db703""}"
convbench:461,460,True,True,True,True,True,True,b70bd6b8b478fc458c85ca66ff8a67d5979006c9aff0a7297e14b9ef580a3608,4aabf7ffc7bc0911f3dff6c4a663edfb9a8cfff49ab0663a4124c9d6ce486b23,"{""FullLoad"": ""4aabf7ffc7bc0911f3dff6c4a663edfb9a8cfff49ab0663a4124c9d6ce486b23"", ""Prefix25"": ""4aabf7ffc7bc0911f3dff6c4a663edfb9a8cfff49ab0663a4124c9d6ce486b23"", ""Prefix45"": ""4aabf7ffc7bc0911f3dff6c4a663edfb9a8cfff49ab0663a4124c9d6ce486b23"", ""ReComp"": ""4aabf7ffc7bc0911f3dff6c4a663edfb9a8cfff49ab0663a4124c9d6ce486b23""}"
convbench:462,461,True,True,True,True,True,True,87fdaca23638ddeabc59ceba6275e2f0382ab20088050b7c7798597c8135892d,b6b6a738fdf61ad932da0712076d6ecf976752a3529403884124b9769992c6b3,"{""FullLoad"": ""b6b6a738fdf61ad932da0712076d6ecf976752a3529403884124b9769992c6b3"", ""Prefix25"": ""b6b6a738fdf61ad932da0712076d6ecf976752a3529403884124b9769992c6b3"", ""Prefix45"": ""b6b6a738fdf61ad932da0712076d6ecf976752a3529403884124b9769992c6b3"", ""ReComp"": ""b6b6a738fdf61ad932da0712076d6ecf976752a3529403884124b9769992c6b3""}"
convbench:463,462,True,True,True,True,True,True,9e7beebce3fb81ee9cc3bbd6c3eee0dde3139a3aa24f4759acd4f55c86d14350,0a685e6fe16c384117795a47e3dcb06b2f84c98e7e383d98421c956ecdd2edc8,"{""FullLoad"": ""0a685e6fe16c384117795a47e3dcb06b2f84c98e7e383d98421c956ecdd2edc8"", ""Prefix25"": ""0a685e6fe16c384117795a47e3dcb06b2f84c98e7e383d98421c956ecdd2edc8"", ""Prefix45"": ""0a685e6fe16c384117795a47e3dcb06b2f84c98e7e383d98421c956ecdd2edc8"", ""ReComp"": ""0a685e6fe16c384117795a47e3dcb06b2f84c98e7e383d98421c956ecdd2edc8""}"
convbench:464,463,True,True,True,True,True,True,eedcf6847157dded10945215dfac7aa77f703b5accd09647b99c2b946365b687,fadc6175c63feb2219f94169e57516745554fd0f470b346b7df0fbd6695b24f1,"{""FullLoad"": ""fadc6175c63feb2219f94169e57516745554fd0f470b346b7df0fbd6695b24f1"", ""Prefix25"": ""fadc6175c63feb2219f94169e57516745554fd0f470b346b7df0fbd6695b24f1"", ""Prefix45"": ""fadc6175c63feb2219f94169e57516745554fd0f470b346b7df0fbd6695b24f1"", ""ReComp"": ""fadc6175c63feb2219f94169e57516745554fd0f470b346b7df0fbd6695b24f1""}"
convbench:465,464,True,True,True,True,True,True,9a76101793e5433902d7266687233e609b4ee98d4c83e5b6e84a6b359036c608,b6e70892a63dbff47ffb4e46197999dec5432c82e5e9871d2c4aadcb45a0dbec,"{""FullLoad"": ""b6e70892a63dbff47ffb4e46197999dec5432c82e5e9871d2c4aadcb45a0dbec"", ""Prefix25"": ""b6e70892a63dbff47ffb4e46197999dec5432c82e5e9871d2c4aadcb45a0dbec"", ""Prefix45"": ""b6e70892a63dbff47ffb4e46197999dec5432c82e5e9871d2c4aadcb45a0dbec"", ""ReComp"": ""b6e70892a63dbff47ffb4e46197999dec5432c82e5e9871d2c4aadcb45a0dbec""}"
convbench:466,465,True,True,True,True,True,True,7bceda47e11e00edef7f4683eda9b342fbbead493b08df92d07f18b9029c3ce8,65eb1c0b761b08149e226712582593d6afc028a72bea4e314a6360280e128a54,"{""FullLoad"": ""65eb1c0b761b08149e226712582593d6afc028a72bea4e314a6360280e128a54"", ""Prefix25"": ""65eb1c0b761b08149e226712582593d6afc028a72bea4e314a6360280e128a54"", ""Prefix45"": ""65eb1c0b761b08149e226712582593d6afc028a72bea4e314a6360280e128a54"", ""ReComp"": ""65eb1c0b761b08149e226712582593d6afc028a72bea4e314a6360280e128a54""}"
convbench:467,466,True,True,True,True,True,True,6bd27c36d9af7ca207a0e50ccddd3146cf03a2729a87fc63784ee818c6699371,873b908784a33c06eb495e8291e8eb34934755a752439ba27b5d931e09c240a4,"{""FullLoad"": ""873b908784a33c06eb495e8291e8eb34934755a752439ba27b5d931e09c240a4"", ""Prefix25"": ""873b908784a33c06eb495e8291e8eb34934755a752439ba27b5d931e09c240a4"", ""Prefix45"": ""873b908784a33c06eb495e8291e8eb34934755a752439ba27b5d931e09c240a4"", ""ReComp"": ""873b908784a33c06eb495e8291e8eb34934755a752439ba27b5d931e09c240a4""}"
convbench:468,467,True,True,True,True,True,True,552922f3780cff97b070e88a43bdf5586e2922f074bd96d9cde2d2173793cf42,c655bb4d63328240d48a78290d8ad42ab0662a4dcef48367a5b874cc073643cb,"{""FullLoad"": ""c655bb4d63328240d48a78290d8ad42ab0662a4dcef48367a5b874cc073643cb"", ""Prefix25"": ""c655bb4d63328240d48a78290d8ad42ab0662a4dcef48367a5b874cc073643cb"", ""Prefix45"": ""c655bb4d63328240d48a78290d8ad42ab0662a4dcef48367a5b874cc073643cb"", ""ReComp"": ""c655bb4d63328240d48a78290d8ad42ab0662a4dcef48367a5b874cc073643cb""}"
convbench:469,468,True,True,True,True,True,True,6879565113341fb5cfa0119f02ba8d65ed1358efe67bc6cdd72fd9c23098c414,febb49e7430070532ace00120d243ae2bdf15ee0103127f677a3d31a6093561f,"{""FullLoad"": ""febb49e7430070532ace00120d243ae2bdf15ee0103127f677a3d31a6093561f"", ""Prefix25"": ""febb49e7430070532ace00120d243ae2bdf15ee0103127f677a3d31a6093561f"", ""Prefix45"": ""febb49e7430070532ace00120d243ae2bdf15ee0103127f677a3d31a6093561f"", ""ReComp"": ""febb49e7430070532ace00120d243ae2bdf15ee0103127f677a3d31a6093561f""}"
convbench:470,469,True,True,True,True,True,True,0ee0f45e781bcbf29e38d72e82cc5313cd6146b5253b7943ca8e70eba325084e,d9795ca4c80e39ee3cccb8454ec24818046d5f07481bdbf28494d313659594ee,"{""FullLoad"": ""d9795ca4c80e39ee3cccb8454ec24818046d5f07481bdbf28494d313659594ee"", ""Prefix25"": ""d9795ca4c80e39ee3cccb8454ec24818046d5f07481bdbf28494d313659594ee"", ""Prefix45"": ""d9795ca4c80e39ee3cccb8454ec24818046d5f07481bdbf28494d313659594ee"", ""ReComp"": ""d9795ca4c80e39ee3cccb8454ec24818046d5f07481bdbf28494d313659594ee""}"
convbench:471,470,True,True,True,True,True,True,6d18e70f0aaff4034b6801c7b64742fb547bd2403db7db3008efa061f5989920,583029b01c970060b8fb8f2e95bcdf0f0d039eaa733f8b14094c1a58daef2532,"{""FullLoad"": ""583029b01c970060b8fb8f2e95bcdf0f0d039eaa733f8b14094c1a58daef2532"", ""Prefix25"": ""583029b01c970060b8fb8f2e95bcdf0f0d039eaa733f8b14094c1a58daef2532"", ""Prefix45"": ""583029b01c970060b8fb8f2e95bcdf0f0d039eaa733f8b14094c1a58daef2532"", ""ReComp"": ""583029b01c970060b8fb8f2e95bcdf0f0d039eaa733f8b14094c1a58daef2532""}"
convbench:472,471,True,True,True,True,True,True,645eabb4f2d171ab96d5916d7c8b54fdab0a29bb0cd0bb264b3211cc2db0b721,af2768680bcc9e0d1ebacc2d1fb359db12bd76edf839cfc6a436cb20af0be891,"{""FullLoad"": ""af2768680bcc9e0d1ebacc2d1fb359db12bd76edf839cfc6a436cb20af0be891"", ""Prefix25"": ""af2768680bcc9e0d1ebacc2d1fb359db12bd76edf839cfc6a436cb20af0be891"", ""Prefix45"": ""af2768680bcc9e0d1ebacc2d1fb359db12bd76edf839cfc6a436cb20af0be891"", ""ReComp"": ""af2768680bcc9e0d1ebacc2d1fb359db12bd76edf839cfc6a436cb20af0be891""}"
convbench:473,472,True,True,True,True,True,True,574fdce6aa70e153630854d07727ea2cb3a5047c79069e4fc7afe0c2f3248579,aebad4bdaece37746ba7fa837aae373afa0dd1cf77f635cdd226f25d563f875f,"{""FullLoad"": ""aebad4bdaece37746ba7fa837aae373afa0dd1cf77f635cdd226f25d563f875f"", ""Prefix25"": ""aebad4bdaece37746ba7fa837aae373afa0dd1cf77f635cdd226f25d563f875f"", ""Prefix45"": ""aebad4bdaece37746ba7fa837aae373afa0dd1cf77f635cdd226f25d563f875f"", ""ReComp"": ""aebad4bdaece37746ba7fa837aae373afa0dd1cf77f635cdd226f25d563f875f""}"
convbench:474,473,True,True,True,True,True,True,daee605d91043f98ad66efd1bc682a11e13049ea05d4fbca1f217158ac4bbf8f,daf6b72f5a0f3a331fa38bb58c9ccb3d5980de3d34890fee89d0d7e9c225e38c,"{""FullLoad"": ""daf6b72f5a0f3a331fa38bb58c9ccb3d5980de3d34890fee89d0d7e9c225e38c"", ""Prefix25"": ""daf6b72f5a0f3a331fa38bb58c9ccb3d5980de3d34890fee89d0d7e9c225e38c"", ""Prefix45"": ""daf6b72f5a0f3a331fa38bb58c9ccb3d5980de3d34890fee89d0d7e9c225e38c"", ""ReComp"": ""daf6b72f5a0f3a331fa38bb58c9ccb3d5980de3d34890fee89d0d7e9c225e38c""}"
convbench:475,474,True,True,True,True,True,True,04d32334462d9eec65f6ce46cb116b645d1120cebba17caf8845d650915db694,f9a90ef842edd5190ad6b00db7cb7aba7d500c8a4629c4c407eb7a9b099e2f1b,"{""FullLoad"": ""f9a90ef842edd5190ad6b00db7cb7aba7d500c8a4629c4c407eb7a9b099e2f1b"", ""Prefix25"": ""f9a90ef842edd5190ad6b00db7cb7aba7d500c8a4629c4c407eb7a9b099e2f1b"", ""Prefix45"": ""f9a90ef842edd5190ad6b00db7cb7aba7d500c8a4629c4c407eb7a9b099e2f1b"", ""ReComp"": ""f9a90ef842edd5190ad6b00db7cb7aba7d500c8a4629c4c407eb7a9b099e2f1b""}"
convbench:476,475,True,True,True,True,True,True,d0e7d1bd8d917f07491a01fa3c31706d47bf4c88bf59e757e504d1eb0b74a0ca,3d65647b1dfea73bdd47b9d72a945a8b239111448b52f637220fd9baa2d0b9e4,"{""FullLoad"": ""3d65647b1dfea73bdd47b9d72a945a8b239111448b52f637220fd9baa2d0b9e4"", ""Prefix25"": ""3d65647b1dfea73bdd47b9d72a945a8b239111448b52f637220fd9baa2d0b9e4"", ""Prefix45"": ""3d65647b1dfea73bdd47b9d72a945a8b239111448b52f637220fd9baa2d0b9e4"", ""ReComp"": ""3d65647b1dfea73bdd47b9d72a945a8b239111448b52f637220fd9baa2d0b9e4""}"
convbench:477,476,True,True,True,True,True,True,2f55a076e2d1c9001568839f2b9afaa44409d5feae229eeeb7aa636a06f391ad,57b186da84ff77bca0d382ddead3f12464842d34c6b25df5d31a72aeb12249d7,"{""FullLoad"": ""57b186da84ff77bca0d382ddead3f12464842d34c6b25df5d31a72aeb12249d7"", ""Prefix25"": ""57b186da84ff77bca0d382ddead3f12464842d34c6b25df5d31a72aeb12249d7"", ""Prefix45"": ""57b186da84ff77bca0d382ddead3f12464842d34c6b25df5d31a72aeb12249d7"", ""ReComp"": ""57b186da84ff77bca0d382ddead3f12464842d34c6b25df5d31a72aeb12249d7""}"
convbench:478,477,True,True,True,True,True,True,d9f8af24f6a84beb50df99ecace38058b6004e49a31c30cf29d68558b9ef6e07,26b5b46fb943f8e7226c5df5e77060a169a13816c96f40527a02d233d141fcad,"{""FullLoad"": ""26b5b46fb943f8e7226c5df5e77060a169a13816c96f40527a02d233d141fcad"", ""Prefix25"": ""26b5b46fb943f8e7226c5df5e77060a169a13816c96f40527a02d233d141fcad"", ""Prefix45"": ""26b5b46fb943f8e7226c5df5e77060a169a13816c96f40527a02d233d141fcad"", ""ReComp"": ""26b5b46fb943f8e7226c5df5e77060a169a13816c96f40527a02d233d141fcad""}"
convbench:479,478,True,True,True,True,True,True,6a47a91c09fbeb4dad7d8f87e674a9001a22f0eceb1595a24e29f9aef09a6b18,0fbea7e484784d96b13f7431a86237e2efa94c9b48411335cbf754ee58d1c71c,"{""FullLoad"": ""0fbea7e484784d96b13f7431a86237e2efa94c9b48411335cbf754ee58d1c71c"", ""Prefix25"": ""0fbea7e484784d96b13f7431a86237e2efa94c9b48411335cbf754ee58d1c71c"", ""Prefix45"": ""0fbea7e484784d96b13f7431a86237e2efa94c9b48411335cbf754ee58d1c71c"", ""ReComp"": ""0fbea7e484784d96b13f7431a86237e2efa94c9b48411335cbf754ee58d1c71c""}"
convbench:480,479,True,True,True,True,True,True,9f3c4ac1da3580fc4d95d14e13cf881a05d828398655ea80737cf537d6410039,867714ea7f0f7db0d02b022c14eb7e14db72b525766dde8dce659334443dafae,"{""FullLoad"": ""867714ea7f0f7db0d02b022c14eb7e14db72b525766dde8dce659334443dafae"", ""Prefix25"": ""867714ea7f0f7db0d02b022c14eb7e14db72b525766dde8dce659334443dafae"", ""Prefix45"": ""867714ea7f0f7db0d02b022c14eb7e14db72b525766dde8dce659334443dafae"", ""ReComp"": ""867714ea7f0f7db0d02b022c14eb7e14db72b525766dde8dce659334443dafae""}"
convbench:481,480,True,True,True,True,True,True,0d9fa7e90f5a3009679a34f623127631583ccee7864f1ca3eefa50751dbd84e9,99190e4e9cc433cd5c8bc66b17856534566cf41dd9b9e28c95a97a713a6d0c0f,"{""FullLoad"": ""99190e4e9cc433cd5c8bc66b17856534566cf41dd9b9e28c95a97a713a6d0c0f"", ""Prefix25"": ""99190e4e9cc433cd5c8bc66b17856534566cf41dd9b9e28c95a97a713a6d0c0f"", ""Prefix45"": ""99190e4e9cc433cd5c8bc66b17856534566cf41dd9b9e28c95a97a713a6d0c0f"", ""ReComp"": ""99190e4e9cc433cd5c8bc66b17856534566cf41dd9b9e28c95a97a713a6d0c0f""}"
convbench:482,481,True,True,True,True,True,True,3b378732853e99102b201f5233ca44a9c4dcfe7394c14be9fefbaa140f661c8d,caa1927d1c12635d9a7e2a1dcdf5a4001b81319ef16c8a809bc114679716df46,"{""FullLoad"": ""caa1927d1c12635d9a7e2a1dcdf5a4001b81319ef16c8a809bc114679716df46"", ""Prefix25"": ""caa1927d1c12635d9a7e2a1dcdf5a4001b81319ef16c8a809bc114679716df46"", ""Prefix45"": ""caa1927d1c12635d9a7e2a1dcdf5a4001b81319ef16c8a809bc114679716df46"", ""ReComp"": ""caa1927d1c12635d9a7e2a1dcdf5a4001b81319ef16c8a809bc114679716df46""}"
convbench:483,482,True,True,True,True,True,True,e0415dd9ec193ab43850f64ffe4450c25d25d37cdfe170cf88fbe340ff704b5e,dd498381b4ee67166a7e8c3d65a3e6f68d089a058f34cb0947ddddf5d0b706fd,"{""FullLoad"": ""dd498381b4ee67166a7e8c3d65a3e6f68d089a058f34cb0947ddddf5d0b706fd"", ""Prefix25"": ""dd498381b4ee67166a7e8c3d65a3e6f68d089a058f34cb0947ddddf5d0b706fd"", ""Prefix45"": ""dd498381b4ee67166a7e8c3d65a3e6f68d089a058f34cb0947ddddf5d0b706fd"", ""ReComp"": ""dd498381b4ee67166a7e8c3d65a3e6f68d089a058f34cb0947ddddf5d0b706fd""}"
convbench:484,483,True,True,True,True,True,True,d9f8af24f6a84beb50df99ecace38058b6004e49a31c30cf29d68558b9ef6e07,d92c5ba174a729ab4cd09d6ab350ea45e7d2a59ed2d39ce43e104c832d06b5af,"{""FullLoad"": ""d92c5ba174a729ab4cd09d6ab350ea45e7d2a59ed2d39ce43e104c832d06b5af"", ""Prefix25"": ""d92c5ba174a729ab4cd09d6ab350ea45e7d2a59ed2d39ce43e104c832d06b5af"", ""Prefix45"": ""d92c5ba174a729ab4cd09d6ab350ea45e7d2a59ed2d39ce43e104c832d06b5af"", ""ReComp"": ""d92c5ba174a729ab4cd09d6ab350ea45e7d2a59ed2d39ce43e104c832d06b5af""}"
convbench:485,484,True,True,True,True,True,True,032066c5eedd569c1e77c230e92a8c15e1be074f9a6ea2c1edc0cce7c1722393,a9d5cd5bcf927473235bb15597c1bc680efc08a007d733d7cd6a0a6710d96c0b,"{""FullLoad"": ""a9d5cd5bcf927473235bb15597c1bc680efc08a007d733d7cd6a0a6710d96c0b"", ""Prefix25"": ""a9d5cd5bcf927473235bb15597c1bc680efc08a007d733d7cd6a0a6710d96c0b"", ""Prefix45"": ""a9d5cd5bcf927473235bb15597c1bc680efc08a007d733d7cd6a0a6710d96c0b"", ""ReComp"": ""a9d5cd5bcf927473235bb15597c1bc680efc08a007d733d7cd6a0a6710d96c0b""}"
convbench:486,485,True,True,True,True,True,True,bda750e11159191d54d32344fd959dec1b3fa8f40a89ba0106fca49c4cddc329,8b6f5dfdc1fdc4aef897802ef7585700edb080544ff2c69b7dba73f8a51e8962,"{""FullLoad"": ""8b6f5dfdc1fdc4aef897802ef7585700edb080544ff2c69b7dba73f8a51e8962"", ""Prefix25"": ""8b6f5dfdc1fdc4aef897802ef7585700edb080544ff2c69b7dba73f8a51e8962"", ""Prefix45"": ""8b6f5dfdc1fdc4aef897802ef7585700edb080544ff2c69b7dba73f8a51e8962"", ""ReComp"": ""8b6f5dfdc1fdc4aef897802ef7585700edb080544ff2c69b7dba73f8a51e8962""}"
convbench:487,486,True,True,True,True,True,True,be26a57810a88305e6d94b2b5750442d92404d09db7c1f7a2e26004e5c3f74b4,2b6923132a03c03fec62c9b1715553ffa27a60e369f3567eb4e34a2a95e4fb44,"{""FullLoad"": ""2b6923132a03c03fec62c9b1715553ffa27a60e369f3567eb4e34a2a95e4fb44"", ""Prefix25"": ""2b6923132a03c03fec62c9b1715553ffa27a60e369f3567eb4e34a2a95e4fb44"", ""Prefix45"": ""2b6923132a03c03fec62c9b1715553ffa27a60e369f3567eb4e34a2a95e4fb44"", ""ReComp"": ""2b6923132a03c03fec62c9b1715553ffa27a60e369f3567eb4e34a2a95e4fb44""}"
convbench:488,487,True,True,True,True,True,True,719221821171883d2c56b3ed2c5ff38309783b1fc9ba40d3def7cd28d34271c3,f5a36b8fcea15651fbd344d73ea37a1b8fd300cb74216d521243d3227966796f,"{""FullLoad"": ""f5a36b8fcea15651fbd344d73ea37a1b8fd300cb74216d521243d3227966796f"", ""Prefix25"": ""f5a36b8fcea15651fbd344d73ea37a1b8fd300cb74216d521243d3227966796f"", ""Prefix45"": ""f5a36b8fcea15651fbd344d73ea37a1b8fd300cb74216d521243d3227966796f"", ""ReComp"": ""f5a36b8fcea15651fbd344d73ea37a1b8fd300cb74216d521243d3227966796f""}"
convbench:489,488,True,True,True,True,True,True,e11d029d0e1ac38e016fe6223ac58f3bc67a5c89b1911670e888eaae113dce46,3be7d9b6747d711918f1674f8839ee3568a84a60ac5df308abc2d7f18563e008,"{""FullLoad"": ""3be7d9b6747d711918f1674f8839ee3568a84a60ac5df308abc2d7f18563e008"", ""Prefix25"": ""3be7d9b6747d711918f1674f8839ee3568a84a60ac5df308abc2d7f18563e008"", ""Prefix45"": ""3be7d9b6747d711918f1674f8839ee3568a84a60ac5df308abc2d7f18563e008"", ""ReComp"": ""3be7d9b6747d711918f1674f8839ee3568a84a60ac5df308abc2d7f18563e008""}"
convbench:490,489,True,True,True,True,True,True,9c0c05c1c8e3c191873958c2c258f71c2e2d707df4c58e241287ac9e5c5f9e53,27e177c8e00fd89f2dfde8f3e7e6652179dd1e136d846a13f9e3199ab439337d,"{""FullLoad"": ""27e177c8e00fd89f2dfde8f3e7e6652179dd1e136d846a13f9e3199ab439337d"", ""Prefix25"": ""27e177c8e00fd89f2dfde8f3e7e6652179dd1e136d846a13f9e3199ab439337d"", ""Prefix45"": ""27e177c8e00fd89f2dfde8f3e7e6652179dd1e136d846a13f9e3199ab439337d"", ""ReComp"": ""27e177c8e00fd89f2dfde8f3e7e6652179dd1e136d846a13f9e3199ab439337d""}"
convbench:491,490,True,True,True,True,True,True,2c2666d9d251cf47d8ae35eb44ac30f90cc6edef0da3e6cec2dd5ab6e3295311,c7752227c1614ae5402dbc6083f9ee32224b27cd9e18069b6a1c2c4e1ea3c867,"{""FullLoad"": ""c7752227c1614ae5402dbc6083f9ee32224b27cd9e18069b6a1c2c4e1ea3c867"", ""Prefix25"": ""c7752227c1614ae5402dbc6083f9ee32224b27cd9e18069b6a1c2c4e1ea3c867"", ""Prefix45"": ""c7752227c1614ae5402dbc6083f9ee32224b27cd9e18069b6a1c2c4e1ea3c867"", ""ReComp"": ""c7752227c1614ae5402dbc6083f9ee32224b27cd9e18069b6a1c2c4e1ea3c867""}"
convbench:492,491,True,True,True,True,True,True,a1ab51195034a8b9c71df69fb9c6179c23a96d76d89450ddceca99062fc7b7dc,46f5a0d0fc3b37e85db36f9541249a8f6347c859afd247f4ff05a83d8a5b47f7,"{""FullLoad"": ""46f5a0d0fc3b37e85db36f9541249a8f6347c859afd247f4ff05a83d8a5b47f7"", ""Prefix25"": ""46f5a0d0fc3b37e85db36f9541249a8f6347c859afd247f4ff05a83d8a5b47f7"", ""Prefix45"": ""46f5a0d0fc3b37e85db36f9541249a8f6347c859afd247f4ff05a83d8a5b47f7"", ""ReComp"": ""46f5a0d0fc3b37e85db36f9541249a8f6347c859afd247f4ff05a83d8a5b47f7""}"
convbench:493,492,True,True,True,True,True,True,5a157074f634dfb9ad747d9b2ffefddc6d229f08aceee2fa67a44f8ada4e50db,fb10e9b54d5bdcc9d39072da9f9247f9dbf3b104804d5047411a53cb5bd27a9a,"{""FullLoad"": ""fb10e9b54d5bdcc9d39072da9f9247f9dbf3b104804d5047411a53cb5bd27a9a"", ""Prefix25"": ""fb10e9b54d5bdcc9d39072da9f9247f9dbf3b104804d5047411a53cb5bd27a9a"", ""Prefix45"": ""fb10e9b54d5bdcc9d39072da9f9247f9dbf3b104804d5047411a53cb5bd27a9a"", ""ReComp"": ""fb10e9b54d5bdcc9d39072da9f9247f9dbf3b104804d5047411a53cb5bd27a9a""}"
convbench:494,493,True,True,True,True,True,True,ee2dc298657ac40ff2de7a9ef37fe120c37eb37b53b51dc9519be89b8a8fc0d2,d57ed6a6c531797ea8236b938c38090ab4fb04f720ac2efb4ce2dc52e5ddc23d,"{""FullLoad"": ""d57ed6a6c531797ea8236b938c38090ab4fb04f720ac2efb4ce2dc52e5ddc23d"", ""Prefix25"": ""d57ed6a6c531797ea8236b938c38090ab4fb04f720ac2efb4ce2dc52e5ddc23d"", ""Prefix45"": ""d57ed6a6c531797ea8236b938c38090ab4fb04f720ac2efb4ce2dc52e5ddc23d"", ""ReComp"": ""d57ed6a6c531797ea8236b938c38090ab4fb04f720ac2efb4ce2dc52e5ddc23d""}"
convbench:495,494,True,True,True,True,True,True,16a00eef2d29ec529023bf7a36b29577616a6eaaae58cbe2a4cbe9431192fde8,6362237c0ef110cbbdb5889321f9c0857ccb1eace0f640320c7d69b57302396b,"{""FullLoad"": ""6362237c0ef110cbbdb5889321f9c0857ccb1eace0f640320c7d69b57302396b"", ""Prefix25"": ""6362237c0ef110cbbdb5889321f9c0857ccb1eace0f640320c7d69b57302396b"", ""Prefix45"": ""6362237c0ef110cbbdb5889321f9c0857ccb1eace0f640320c7d69b57302396b"", ""ReComp"": ""6362237c0ef110cbbdb5889321f9c0857ccb1eace0f640320c7d69b57302396b""}"
convbench:496,495,True,True,True,True,True,True,e1ada55e3c0ebf3e32af9423a9e40c156467ae4787574c8d0ded3684805c9225,0481d67b6f5c793d222fb2f81d376d85ad696263f98ef550eba1e3c8fdc269fb,"{""FullLoad"": ""0481d67b6f5c793d222fb2f81d376d85ad696263f98ef550eba1e3c8fdc269fb"", ""Prefix25"": ""0481d67b6f5c793d222fb2f81d376d85ad696263f98ef550eba1e3c8fdc269fb"", ""Prefix45"": ""0481d67b6f5c793d222fb2f81d376d85ad696263f98ef550eba1e3c8fdc269fb"", ""ReComp"": ""0481d67b6f5c793d222fb2f81d376d85ad696263f98ef550eba1e3c8fdc269fb""}"
convbench:497,496,True,True,True,True,True,True,8dcde31c178f7bb0bee6395bc2f2ce5b533f51f0a916712d4bbfef9e804980f2,b751837f8ba1ef1fd6c42c2da888b600f43ec71f078e977c932ae39eabe30c45,"{""FullLoad"": ""b751837f8ba1ef1fd6c42c2da888b600f43ec71f078e977c932ae39eabe30c45"", ""Prefix25"": ""b751837f8ba1ef1fd6c42c2da888b600f43ec71f078e977c932ae39eabe30c45"", ""Prefix45"": ""b751837f8ba1ef1fd6c42c2da888b600f43ec71f078e977c932ae39eabe30c45"", ""ReComp"": ""b751837f8ba1ef1fd6c42c2da888b600f43ec71f078e977c932ae39eabe30c45""}"
convbench:498,497,True,True,True,True,True,True,0c7736aafb5bcb9c72f25c959c9ffba0e900b4128592b7616a853091d344522d,ed38264c9adf261466fcdb92aff63f9b40c587e0d480924643dccf4203395803,"{""FullLoad"": ""ed38264c9adf261466fcdb92aff63f9b40c587e0d480924643dccf4203395803"", ""Prefix25"": ""ed38264c9adf261466fcdb92aff63f9b40c587e0d480924643dccf4203395803"", ""Prefix45"": ""ed38264c9adf261466fcdb92aff63f9b40c587e0d480924643dccf4203395803"", ""ReComp"": ""ed38264c9adf261466fcdb92aff63f9b40c587e0d480924643dccf4203395803""}"
convbench:499,498,True,True,True,True,True,True,cf4f8107addc788b8d9d83b39ffd47ab12a1c9b5c610cd2059ca8af5b65eb8e1,e100739bfd9a31c2ad3005127dd52a499183f9128f6b45bb565d3aa0ee789873,"{""FullLoad"": ""e100739bfd9a31c2ad3005127dd52a499183f9128f6b45bb565d3aa0ee789873"", ""Prefix25"": ""e100739bfd9a31c2ad3005127dd52a499183f9128f6b45bb565d3aa0ee789873"", ""Prefix45"": ""e100739bfd9a31c2ad3005127dd52a499183f9128f6b45bb565d3aa0ee789873"", ""ReComp"": ""e100739bfd9a31c2ad3005127dd52a499183f9128f6b45bb565d3aa0ee789873""}"
convbench:500,499,True,True,True,True,True,True,d77f63c9fab66f078912ebe058ba766ef2fb61da1bd75951a63d842bc5a69490,d4fd52b0d66b1b310eccb21b95621ae09d4918445b4762071a230526446c9553,"{""FullLoad"": ""d4fd52b0d66b1b310eccb21b95621ae09d4918445b4762071a230526446c9553"", ""Prefix25"": ""d4fd52b0d66b1b310eccb21b95621ae09d4918445b4762071a230526446c9553"", ""Prefix45"": ""d4fd52b0d66b1b310eccb21b95621ae09d4918445b4762071a230526446c9553"", ""ReComp"": ""d4fd52b0d66b1b310eccb21b95621ae09d4918445b4762071a230526446c9553""}"
convbench:501,500,True,True,True,True,True,True,cf4f8107addc788b8d9d83b39ffd47ab12a1c9b5c610cd2059ca8af5b65eb8e1,7b583329ef1f9b638f70c0ca8657f767650fe661b956b4ece54bdd5819706a6a,"{""FullLoad"": ""7b583329ef1f9b638f70c0ca8657f767650fe661b956b4ece54bdd5819706a6a"", ""Prefix25"": ""7b583329ef1f9b638f70c0ca8657f767650fe661b956b4ece54bdd5819706a6a"", ""Prefix45"": ""7b583329ef1f9b638f70c0ca8657f767650fe661b956b4ece54bdd5819706a6a"", ""ReComp"": ""7b583329ef1f9b638f70c0ca8657f767650fe661b956b4ece54bdd5819706a6a""}"
convbench:502,501,True,True,True,True,True,True,e3cb215d80fa9bfcd281ac21e1a80a20efe9f8ad1dd757cf68b72040fb51d884,cd8c9dad09e45684832bddcdf2737b3908010dc5619d0db3aa9cdf329a4ae502,"{""FullLoad"": ""cd8c9dad09e45684832bddcdf2737b3908010dc5619d0db3aa9cdf329a4ae502"", ""Prefix25"": ""cd8c9dad09e45684832bddcdf2737b3908010dc5619d0db3aa9cdf329a4ae502"", ""Prefix45"": ""cd8c9dad09e45684832bddcdf2737b3908010dc5619d0db3aa9cdf329a4ae502"", ""ReComp"": ""cd8c9dad09e45684832bddcdf2737b3908010dc5619d0db3aa9cdf329a4ae502""}"
convbench:503,502,True,True,True,True,True,True,eedcf6847157dded10945215dfac7aa77f703b5accd09647b99c2b946365b687,c9e6b96f8875e6e93eebcca11bc5139ea8eeb1a64ee20a321cee4f461aba1eff,"{""FullLoad"": ""c9e6b96f8875e6e93eebcca11bc5139ea8eeb1a64ee20a321cee4f461aba1eff"", ""Prefix25"": ""c9e6b96f8875e6e93eebcca11bc5139ea8eeb1a64ee20a321cee4f461aba1eff"", ""Prefix45"": ""c9e6b96f8875e6e93eebcca11bc5139ea8eeb1a64ee20a321cee4f461aba1eff"", ""ReComp"": ""c9e6b96f8875e6e93eebcca11bc5139ea8eeb1a64ee20a321cee4f461aba1eff""}"
convbench:504,503,True,True,True,True,True,True,7f687e70011c372c98453979c686ea82e3068f82fd290cbe9f2a83a59c6eeac4,5080604b74bd12fb121ebbca24fcf7c6dfd3a12700e2a0cd5098f1fe60db6bfe,"{""FullLoad"": ""5080604b74bd12fb121ebbca24fcf7c6dfd3a12700e2a0cd5098f1fe60db6bfe"", ""Prefix25"": ""5080604b74bd12fb121ebbca24fcf7c6dfd3a12700e2a0cd5098f1fe60db6bfe"", ""Prefix45"": ""5080604b74bd12fb121ebbca24fcf7c6dfd3a12700e2a0cd5098f1fe60db6bfe"", ""ReComp"": ""5080604b74bd12fb121ebbca24fcf7c6dfd3a12700e2a0cd5098f1fe60db6bfe""}"
convbench:505,504,True,True,True,True,True,True,58681566b930195fac8aa3c31dc60c214ab1a27521cee8d792f5fe2a0ee7c5df,67f977521935d48820e179d4209a6c0e80686929f945e1f2928c8da72c3c78f0,"{""FullLoad"": ""67f977521935d48820e179d4209a6c0e80686929f945e1f2928c8da72c3c78f0"", ""Prefix25"": ""67f977521935d48820e179d4209a6c0e80686929f945e1f2928c8da72c3c78f0"", ""Prefix45"": ""67f977521935d48820e179d4209a6c0e80686929f945e1f2928c8da72c3c78f0"", ""ReComp"": ""67f977521935d48820e179d4209a6c0e80686929f945e1f2928c8da72c3c78f0""}"
convbench:506,505,True,True,True,True,True,True,126d53c0648474791759f1f77113f950da575782238ad45116600fd4c1eafb0f,4892bf99dbb6548c0e2206c9cf2c3da2760b2aa99e0c9894f0394aaeb4f1c416,"{""FullLoad"": ""4892bf99dbb6548c0e2206c9cf2c3da2760b2aa99e0c9894f0394aaeb4f1c416"", ""Prefix25"": ""4892bf99dbb6548c0e2206c9cf2c3da2760b2aa99e0c9894f0394aaeb4f1c416"", ""Prefix45"": ""4892bf99dbb6548c0e2206c9cf2c3da2760b2aa99e0c9894f0394aaeb4f1c416"", ""ReComp"": ""4892bf99dbb6548c0e2206c9cf2c3da2760b2aa99e0c9894f0394aaeb4f1c416""}"
convbench:507,506,True,True,True,True,True,True,3123f7dc08c74d723ea989b5dbbfbb0e83b1ced17cc6a879d53f1b25307f42d2,24ccbfba8316aa2bb4af85e94dd740e16df1e28817a680f3ace8dae3b7ee03c5,"{""FullLoad"": ""24ccbfba8316aa2bb4af85e94dd740e16df1e28817a680f3ace8dae3b7ee03c5"", ""Prefix25"": ""24ccbfba8316aa2bb4af85e94dd740e16df1e28817a680f3ace8dae3b7ee03c5"", ""Prefix45"": ""24ccbfba8316aa2bb4af85e94dd740e16df1e28817a680f3ace8dae3b7ee03c5"", ""ReComp"": ""24ccbfba8316aa2bb4af85e94dd740e16df1e28817a680f3ace8dae3b7ee03c5""}"
convbench:508,507,True,True,True,True,True,True,3a4a349b5870ea030572569b673d065b8fa49ce49664ff71da41d164945e84b0,06cfacc6907326a38fa16afa92f932865bf38add4e87f913366cdcb2d3f2ca34,"{""FullLoad"": ""06cfacc6907326a38fa16afa92f932865bf38add4e87f913366cdcb2d3f2ca34"", ""Prefix25"": ""06cfacc6907326a38fa16afa92f932865bf38add4e87f913366cdcb2d3f2ca34"", ""Prefix45"": ""06cfacc6907326a38fa16afa92f932865bf38add4e87f913366cdcb2d3f2ca34"", ""ReComp"": ""06cfacc6907326a38fa16afa92f932865bf38add4e87f913366cdcb2d3f2ca34""}"
convbench:509,508,True,True,True,True,True,True,acd4288d650a4c17a1c58ba0d15b10fa03a2b2d39f3348440b32673559ca0dcd,706682497395ad9b3072b041a11edd2160ad9bbb6153f01c8dc059beedff91e9,"{""FullLoad"": ""706682497395ad9b3072b041a11edd2160ad9bbb6153f01c8dc059beedff91e9"", ""Prefix25"": ""706682497395ad9b3072b041a11edd2160ad9bbb6153f01c8dc059beedff91e9"", ""Prefix45"": ""706682497395ad9b3072b041a11edd2160ad9bbb6153f01c8dc059beedff91e9"", ""ReComp"": ""706682497395ad9b3072b041a11edd2160ad9bbb6153f01c8dc059beedff91e9""}"
convbench:510,509,True,True,True,True,True,True,3124a250eebf321ec1daadedf15e98da7a1162ce867995262f7486611a6e14a7,e217b795470c55ca0cccd601f67e2b7829542a4f6af03ff0696c60854e0deb4b,"{""FullLoad"": ""e217b795470c55ca0cccd601f67e2b7829542a4f6af03ff0696c60854e0deb4b"", ""Prefix25"": ""e217b795470c55ca0cccd601f67e2b7829542a4f6af03ff0696c60854e0deb4b"", ""Prefix45"": ""e217b795470c55ca0cccd601f67e2b7829542a4f6af03ff0696c60854e0deb4b"", ""ReComp"": ""e217b795470c55ca0cccd601f67e2b7829542a4f6af03ff0696c60854e0deb4b""}"
convbench:511,510,True,True,True,True,True,True,45f00a3d2130bfe2fec22ae11998950c125ceb9f080fa3e9ea7c142949388887,d9764cb049d8636d95c32cd1714c805496f784b397f7a4de2e7f0d4e0046b71f,"{""FullLoad"": ""d9764cb049d8636d95c32cd1714c805496f784b397f7a4de2e7f0d4e0046b71f"", ""Prefix25"": ""d9764cb049d8636d95c32cd1714c805496f784b397f7a4de2e7f0d4e0046b71f"", ""Prefix45"": ""d9764cb049d8636d95c32cd1714c805496f784b397f7a4de2e7f0d4e0046b71f"", ""ReComp"": ""d9764cb049d8636d95c32cd1714c805496f784b397f7a4de2e7f0d4e0046b71f""}"
convbench:512,511,True,True,True,True,True,True,3bc5c312cf0c9c156bb7aa951503513e78b271fb64e983df695a32120622e386,821e3c30806bc36d1481ac23d8afebf6df0fb3f324e7e2f408f3536e607e0e78,"{""FullLoad"": ""821e3c30806bc36d1481ac23d8afebf6df0fb3f324e7e2f408f3536e607e0e78"", ""Prefix25"": ""821e3c30806bc36d1481ac23d8afebf6df0fb3f324e7e2f408f3536e607e0e78"", ""Prefix45"": ""821e3c30806bc36d1481ac23d8afebf6df0fb3f324e7e2f408f3536e607e0e78"", ""ReComp"": ""821e3c30806bc36d1481ac23d8afebf6df0fb3f324e7e2f408f3536e607e0e78""}"
convbench:513,512,True,True,True,True,True,True,c20f5540967c16afd4e7be13c99f3efb6dee90a73005331822f09f476945f07f,4ea501f7ce9f34e3808ed0079db4fedc6ffabc1a943f816fc35629e463ba5021,"{""FullLoad"": ""4ea501f7ce9f34e3808ed0079db4fedc6ffabc1a943f816fc35629e463ba5021"", ""Prefix25"": ""4ea501f7ce9f34e3808ed0079db4fedc6ffabc1a943f816fc35629e463ba5021"", ""Prefix45"": ""4ea501f7ce9f34e3808ed0079db4fedc6ffabc1a943f816fc35629e463ba5021"", ""ReComp"": ""4ea501f7ce9f34e3808ed0079db4fedc6ffabc1a943f816fc35629e463ba5021""}"
convbench:514,513,True,True,True,True,True,True,7801e4fadb8c39e99e17853948874a63a3e3d12b958fd6e98f240550675e0407,c51f5292814d6cff4bf6fef7142d953799d1f40088ad1e1289092ccd7c0a3df8,"{""FullLoad"": ""c51f5292814d6cff4bf6fef7142d953799d1f40088ad1e1289092ccd7c0a3df8"", ""Prefix25"": ""c51f5292814d6cff4bf6fef7142d953799d1f40088ad1e1289092ccd7c0a3df8"", ""Prefix45"": ""c51f5292814d6cff4bf6fef7142d953799d1f40088ad1e1289092ccd7c0a3df8"", ""ReComp"": ""c51f5292814d6cff4bf6fef7142d953799d1f40088ad1e1289092ccd7c0a3df8""}"
convbench:515,514,True,True,True,True,True,True,66dc090174f68cdab91fc34d3f7e03a415c2fbee87e0bfeb09122d37c1aa34cd,6dc70c761f17b6f213bec8b622314c7d06dca1f5da13d874da81788f77025574,"{""FullLoad"": ""6dc70c761f17b6f213bec8b622314c7d06dca1f5da13d874da81788f77025574"", ""Prefix25"": ""6dc70c761f17b6f213bec8b622314c7d06dca1f5da13d874da81788f77025574"", ""Prefix45"": ""6dc70c761f17b6f213bec8b622314c7d06dca1f5da13d874da81788f77025574"", ""ReComp"": ""6dc70c761f17b6f213bec8b622314c7d06dca1f5da13d874da81788f77025574""}"
convbench:516,515,True,True,True,True,True,True,94cccd272a4bc3f9975ead69669816bef30754e6de94e6c6739dd90f7c40875b,728cfa8436beba54b4a1a8630297b1a81a2d0bc8bf7249191e79357e1577fad1,"{""FullLoad"": ""728cfa8436beba54b4a1a8630297b1a81a2d0bc8bf7249191e79357e1577fad1"", ""Prefix25"": ""728cfa8436beba54b4a1a8630297b1a81a2d0bc8bf7249191e79357e1577fad1"", ""Prefix45"": ""728cfa8436beba54b4a1a8630297b1a81a2d0bc8bf7249191e79357e1577fad1"", ""ReComp"": ""728cfa8436beba54b4a1a8630297b1a81a2d0bc8bf7249191e79357e1577fad1""}"
convbench:517,516,True,True,True,True,True,True,4fad41c5d426762eca6ba88a1e371d543e0754d03c5a71a2c2b111710c14e1a3,a31f721808c8bccd00a4948863faad08735bbe5d10fc3b28d7f9683c5a9a751c,"{""FullLoad"": ""a31f721808c8bccd00a4948863faad08735bbe5d10fc3b28d7f9683c5a9a751c"", ""Prefix25"": ""a31f721808c8bccd00a4948863faad08735bbe5d10fc3b28d7f9683c5a9a751c"", ""Prefix45"": ""a31f721808c8bccd00a4948863faad08735bbe5d10fc3b28d7f9683c5a9a751c"", ""ReComp"": ""a31f721808c8bccd00a4948863faad08735bbe5d10fc3b28d7f9683c5a9a751c""}"
convbench:518,517,True,True,True,True,True,True,94cccd272a4bc3f9975ead69669816bef30754e6de94e6c6739dd90f7c40875b,ee6b3292fc84f4a87b94ab6c54d136b259b876f20584ececc57c38a7b5193bd0,"{""FullLoad"": ""ee6b3292fc84f4a87b94ab6c54d136b259b876f20584ececc57c38a7b5193bd0"", ""Prefix25"": ""ee6b3292fc84f4a87b94ab6c54d136b259b876f20584ececc57c38a7b5193bd0"", ""Prefix45"": ""ee6b3292fc84f4a87b94ab6c54d136b259b876f20584ececc57c38a7b5193bd0"", ""ReComp"": ""ee6b3292fc84f4a87b94ab6c54d136b259b876f20584ececc57c38a7b5193bd0""}"
convbench:519,518,True,True,True,True,True,True,1f5969c613196764ca06d06a6382abd72d5d82377e62bebc49d5ff668ac413ac,7f9899f0c82ee7b864613e822634eab135e89ad5b5b63aabf2ed03c8524a24f8,"{""FullLoad"": ""7f9899f0c82ee7b864613e822634eab135e89ad5b5b63aabf2ed03c8524a24f8"", ""Prefix25"": ""7f9899f0c82ee7b864613e822634eab135e89ad5b5b63aabf2ed03c8524a24f8"", ""Prefix45"": ""7f9899f0c82ee7b864613e822634eab135e89ad5b5b63aabf2ed03c8524a24f8"", ""ReComp"": ""7f9899f0c82ee7b864613e822634eab135e89ad5b5b63aabf2ed03c8524a24f8""}"
convbench:520,519,True,True,True,True,True,True,7bceda47e11e00edef7f4683eda9b342fbbead493b08df92d07f18b9029c3ce8,88a0eb5d993808db26c8338d2bc9e5f8c6a77768bbd899fac0e5ef08ba6e395d,"{""FullLoad"": ""88a0eb5d993808db26c8338d2bc9e5f8c6a77768bbd899fac0e5ef08ba6e395d"", ""Prefix25"": ""88a0eb5d993808db26c8338d2bc9e5f8c6a77768bbd899fac0e5ef08ba6e395d"", ""Prefix45"": ""88a0eb5d993808db26c8338d2bc9e5f8c6a77768bbd899fac0e5ef08ba6e395d"", ""ReComp"": ""88a0eb5d993808db26c8338d2bc9e5f8c6a77768bbd899fac0e5ef08ba6e395d""}"
convbench:521,520,True,True,True,True,True,True,25267435416b823f482f668575d40bf15fcfd2c6fc2c8363c6b6313a598d8933,0f458a66f3381ae3c6b4465d056491f8749846cd6c2f7233ea24e9da3e17316f,"{""FullLoad"": ""0f458a66f3381ae3c6b4465d056491f8749846cd6c2f7233ea24e9da3e17316f"", ""Prefix25"": ""0f458a66f3381ae3c6b4465d056491f8749846cd6c2f7233ea24e9da3e17316f"", ""Prefix45"": ""0f458a66f3381ae3c6b4465d056491f8749846cd6c2f7233ea24e9da3e17316f"", ""ReComp"": ""0f458a66f3381ae3c6b4465d056491f8749846cd6c2f7233ea24e9da3e17316f""}"
convbench:522,521,True,True,True,True,True,True,a3426d1a47d66af1c9359115de8ff996a7fd1a5d50d8dfbc6f5411ffd3cdbeb2,bd3f47997f8bdaf55eef6e0f5144dddd0d457c0b83c93685aa4a99e606446bd6,"{""FullLoad"": ""bd3f47997f8bdaf55eef6e0f5144dddd0d457c0b83c93685aa4a99e606446bd6"", ""Prefix25"": ""bd3f47997f8bdaf55eef6e0f5144dddd0d457c0b83c93685aa4a99e606446bd6"", ""Prefix45"": ""bd3f47997f8bdaf55eef6e0f5144dddd0d457c0b83c93685aa4a99e606446bd6"", ""ReComp"": ""bd3f47997f8bdaf55eef6e0f5144dddd0d457c0b83c93685aa4a99e606446bd6""}"
convbench:523,522,True,True,True,True,True,True,d0112e8d83a2849ae7ea90849fd4f387d2a24f7b4fa291ed9572a2ad03270991,baa3bb532c0c54d9252f5da00367346cc7d8817d0deecbcdf54557a0df3cc2d6,"{""FullLoad"": ""baa3bb532c0c54d9252f5da00367346cc7d8817d0deecbcdf54557a0df3cc2d6"", ""Prefix25"": ""baa3bb532c0c54d9252f5da00367346cc7d8817d0deecbcdf54557a0df3cc2d6"", ""Prefix45"": ""baa3bb532c0c54d9252f5da00367346cc7d8817d0deecbcdf54557a0df3cc2d6"", ""ReComp"": ""baa3bb532c0c54d9252f5da00367346cc7d8817d0deecbcdf54557a0df3cc2d6""}"
convbench:524,523,True,True,True,True,True,True,426a35dfcd7799a6ec83cdb39e08a272fbaa45d782764aef4b281986f1fd1d8e,600d7436db360e58765e922e3cfa5ec98d1e51476ea764d5dfecf7e7ce7c4d49,"{""FullLoad"": ""600d7436db360e58765e922e3cfa5ec98d1e51476ea764d5dfecf7e7ce7c4d49"", ""Prefix25"": ""600d7436db360e58765e922e3cfa5ec98d1e51476ea764d5dfecf7e7ce7c4d49"", ""Prefix45"": ""600d7436db360e58765e922e3cfa5ec98d1e51476ea764d5dfecf7e7ce7c4d49"", ""ReComp"": ""600d7436db360e58765e922e3cfa5ec98d1e51476ea764d5dfecf7e7ce7c4d49""}"
convbench:525,524,True,True,True,True,True,True,7bceda47e11e00edef7f4683eda9b342fbbead493b08df92d07f18b9029c3ce8,f56e561e22db6eb8b0ca3ec568bb9837f95707cf93fa9d2b5dee60cfbb066cdf,"{""FullLoad"": ""f56e561e22db6eb8b0ca3ec568bb9837f95707cf93fa9d2b5dee60cfbb066cdf"", ""Prefix25"": ""f56e561e22db6eb8b0ca3ec568bb9837f95707cf93fa9d2b5dee60cfbb066cdf"", ""Prefix45"": ""f56e561e22db6eb8b0ca3ec568bb9837f95707cf93fa9d2b5dee60cfbb066cdf"", ""ReComp"": ""f56e561e22db6eb8b0ca3ec568bb9837f95707cf93fa9d2b5dee60cfbb066cdf""}"
convbench:526,525,True,True,True,True,True,True,c3abe066f81e6e1e4b150d1e08913aa0d238bbe70be33ac11ba9f24a5e277d78,49037c8f5b79a5dbd1503e85bbebdca2715ab20c26c9382136d1230384cba43d,"{""FullLoad"": ""49037c8f5b79a5dbd1503e85bbebdca2715ab20c26c9382136d1230384cba43d"", ""Prefix25"": ""49037c8f5b79a5dbd1503e85bbebdca2715ab20c26c9382136d1230384cba43d"", ""Prefix45"": ""49037c8f5b79a5dbd1503e85bbebdca2715ab20c26c9382136d1230384cba43d"", ""ReComp"": ""49037c8f5b79a5dbd1503e85bbebdca2715ab20c26c9382136d1230384cba43d""}"
convbench:527,526,True,True,True,True,True,True,fae53154e007bc6e8ee6d82d9fc5b575b6569beeee4403f772013def56fd96b9,fc3942595971e68af2ae897f69fce8c4f966f91bee0d151d72c28283ec5660a6,"{""FullLoad"": ""fc3942595971e68af2ae897f69fce8c4f966f91bee0d151d72c28283ec5660a6"", ""Prefix25"": ""fc3942595971e68af2ae897f69fce8c4f966f91bee0d151d72c28283ec5660a6"", ""Prefix45"": ""fc3942595971e68af2ae897f69fce8c4f966f91bee0d151d72c28283ec5660a6"", ""ReComp"": ""fc3942595971e68af2ae897f69fce8c4f966f91bee0d151d72c28283ec5660a6""}"
convbench:528,527,True,True,True,True,True,True,6a47a91c09fbeb4dad7d8f87e674a9001a22f0eceb1595a24e29f9aef09a6b18,4c31258e7c05954554a3d00bb81a4cb2e6b8994455bd1236fa95ab3b99ab7b33,"{""FullLoad"": ""4c31258e7c05954554a3d00bb81a4cb2e6b8994455bd1236fa95ab3b99ab7b33"", ""Prefix25"": ""4c31258e7c05954554a3d00bb81a4cb2e6b8994455bd1236fa95ab3b99ab7b33"", ""Prefix45"": ""4c31258e7c05954554a3d00bb81a4cb2e6b8994455bd1236fa95ab3b99ab7b33"", ""ReComp"": ""4c31258e7c05954554a3d00bb81a4cb2e6b8994455bd1236fa95ab3b99ab7b33""}"
convbench:529,528,True,True,True,True,True,True,a1ab51195034a8b9c71df69fb9c6179c23a96d76d89450ddceca99062fc7b7dc,525ae00709add621d90cac311342ad71b69cb96103de75e67b1a62ed31ba05f0,"{""FullLoad"": ""525ae00709add621d90cac311342ad71b69cb96103de75e67b1a62ed31ba05f0"", ""Prefix25"": ""525ae00709add621d90cac311342ad71b69cb96103de75e67b1a62ed31ba05f0"", ""Prefix45"": ""525ae00709add621d90cac311342ad71b69cb96103de75e67b1a62ed31ba05f0"", ""ReComp"": ""525ae00709add621d90cac311342ad71b69cb96103de75e67b1a62ed31ba05f0""}"
convbench:530,529,True,True,True,True,True,True,beeeb1f2a11f0c30d932e32f86a7482da4e8f74ac9e594464e6e82d633df0239,50de99733918d1b47566e6ae62ddde899a699812299e7a3d365beb6d9dfecef5,"{""FullLoad"": ""50de99733918d1b47566e6ae62ddde899a699812299e7a3d365beb6d9dfecef5"", ""Prefix25"": ""50de99733918d1b47566e6ae62ddde899a699812299e7a3d365beb6d9dfecef5"", ""Prefix45"": ""50de99733918d1b47566e6ae62ddde899a699812299e7a3d365beb6d9dfecef5"", ""ReComp"": ""50de99733918d1b47566e6ae62ddde899a699812299e7a3d365beb6d9dfecef5""}"
convbench:531,530,True,True,True,True,True,True,56f39b65f3d7d7bbea3cc2107d11c2e0511428257894457a8a15e6b8db2c82c4,9a5adab2386f8bc19723901aff7aa0147028d252b8d65c348cc3e89e5cf5ede8,"{""FullLoad"": ""9a5adab2386f8bc19723901aff7aa0147028d252b8d65c348cc3e89e5cf5ede8"", ""Prefix25"": ""9a5adab2386f8bc19723901aff7aa0147028d252b8d65c348cc3e89e5cf5ede8"", ""Prefix45"": ""9a5adab2386f8bc19723901aff7aa0147028d252b8d65c348cc3e89e5cf5ede8"", ""ReComp"": ""9a5adab2386f8bc19723901aff7aa0147028d252b8d65c348cc3e89e5cf5ede8""}"
convbench:532,531,True,True,True,True,True,True,ed731ec25855eec1f4facbc7ee62f30ddb90e5865d4494f4384ac73a03a14126,250c05598ad2b2dede01a78b5d146d2605536d0494c0eb0d235c2f8c208462f7,"{""FullLoad"": ""250c05598ad2b2dede01a78b5d146d2605536d0494c0eb0d235c2f8c208462f7"", ""Prefix25"": ""250c05598ad2b2dede01a78b5d146d2605536d0494c0eb0d235c2f8c208462f7"", ""Prefix45"": ""250c05598ad2b2dede01a78b5d146d2605536d0494c0eb0d235c2f8c208462f7"", ""ReComp"": ""250c05598ad2b2dede01a78b5d146d2605536d0494c0eb0d235c2f8c208462f7""}"
convbench:533,532,True,True,True,True,True,True,72f273c628a8e6d818ce19035483ba1b8ecba3b1db6d535e56d6eb04975572e0,8f5ed25b23ed49f603c42680321b395ca5c40b8a79a189c53dc5582e2ffa2691,"{""FullLoad"": ""8f5ed25b23ed49f603c42680321b395ca5c40b8a79a189c53dc5582e2ffa2691"", ""Prefix25"": ""8f5ed25b23ed49f603c42680321b395ca5c40b8a79a189c53dc5582e2ffa2691"", ""Prefix45"": ""8f5ed25b23ed49f603c42680321b395ca5c40b8a79a189c53dc5582e2ffa2691"", ""ReComp"": ""8f5ed25b23ed49f603c42680321b395ca5c40b8a79a189c53dc5582e2ffa2691""}"
convbench:534,533,True,True,True,True,True,True,7d402d2e6b20abc4cb6b9de033e2115972b4a4310610adc033470eb528c634f6,fa2377ddbd2415bb7014aaa1863b5ddeb4d12a6a988df8d87d99027370fe3a62,"{""FullLoad"": ""fa2377ddbd2415bb7014aaa1863b5ddeb4d12a6a988df8d87d99027370fe3a62"", ""Prefix25"": ""fa2377ddbd2415bb7014aaa1863b5ddeb4d12a6a988df8d87d99027370fe3a62"", ""Prefix45"": ""fa2377ddbd2415bb7014aaa1863b5ddeb4d12a6a988df8d87d99027370fe3a62"", ""ReComp"": ""fa2377ddbd2415bb7014aaa1863b5ddeb4d12a6a988df8d87d99027370fe3a62""}"
convbench:535,534,True,True,True,True,True,True,515ff373ad5e61747a951e1bf426830894a4990d70ba666b4a491cd84a0765a2,e83c5c891ebddd15089c6ef926bdc79a7a80ad4895470b0db60e0d4907d6ff81,"{""FullLoad"": ""e83c5c891ebddd15089c6ef926bdc79a7a80ad4895470b0db60e0d4907d6ff81"", ""Prefix25"": ""e83c5c891ebddd15089c6ef926bdc79a7a80ad4895470b0db60e0d4907d6ff81"", ""Prefix45"": ""e83c5c891ebddd15089c6ef926bdc79a7a80ad4895470b0db60e0d4907d6ff81"", ""ReComp"": ""e83c5c891ebddd15089c6ef926bdc79a7a80ad4895470b0db60e0d4907d6ff81""}"
convbench:536,535,True,True,True,True,True,True,4fad47b34a318db79e586d4621231ca954ff565dc0fd38971e11e9cfdcc3725c,7698767f3e6dc55f8b06a8df258f7d88e0d4eb3acaf0ec7142dfee9267218f6b,"{""FullLoad"": ""7698767f3e6dc55f8b06a8df258f7d88e0d4eb3acaf0ec7142dfee9267218f6b"", ""Prefix25"": ""7698767f3e6dc55f8b06a8df258f7d88e0d4eb3acaf0ec7142dfee9267218f6b"", ""Prefix45"": ""7698767f3e6dc55f8b06a8df258f7d88e0d4eb3acaf0ec7142dfee9267218f6b"", ""ReComp"": ""7698767f3e6dc55f8b06a8df258f7d88e0d4eb3acaf0ec7142dfee9267218f6b""}"
convbench:537,536,True,True,True,True,True,True,a7074ccdacfd69aefe03f834075b65fa8a2ab583f68115fe080c258eaa7a2a25,a96d71bc7e2d46236a71eaac311ff0e9b9a9c63fe4369e5bf5f46fc1c075c64f,"{""FullLoad"": ""a96d71bc7e2d46236a71eaac311ff0e9b9a9c63fe4369e5bf5f46fc1c075c64f"", ""Prefix25"": ""a96d71bc7e2d46236a71eaac311ff0e9b9a9c63fe4369e5bf5f46fc1c075c64f"", ""Prefix45"": ""a96d71bc7e2d46236a71eaac311ff0e9b9a9c63fe4369e5bf5f46fc1c075c64f"", ""ReComp"": ""a96d71bc7e2d46236a71eaac311ff0e9b9a9c63fe4369e5bf5f46fc1c075c64f""}"
convbench:538,537,True,True,True,True,True,True,b9f5b6662653890aeda45cf7af799cd824ab5ce5001b5ed6a1187e9b977a98a5,e78dcc25af89042325f22cd09cc6cb04ef89d87d4fae80efc94c38b6b9d96e0e,"{""FullLoad"": ""e78dcc25af89042325f22cd09cc6cb04ef89d87d4fae80efc94c38b6b9d96e0e"", ""Prefix25"": ""e78dcc25af89042325f22cd09cc6cb04ef89d87d4fae80efc94c38b6b9d96e0e"", ""Prefix45"": ""e78dcc25af89042325f22cd09cc6cb04ef89d87d4fae80efc94c38b6b9d96e0e"", ""ReComp"": ""e78dcc25af89042325f22cd09cc6cb04ef89d87d4fae80efc94c38b6b9d96e0e""}"
convbench:539,538,True,True,True,True,True,True,e5281a1f3400af3060f8d695fe1842ecb9f354d76bd913ae78206a1d07504e73,e00aa90c2787d6d62e5263bba7045a603447aec47c37377d3c45ff2760350282,"{""FullLoad"": ""e00aa90c2787d6d62e5263bba7045a603447aec47c37377d3c45ff2760350282"", ""Prefix25"": ""e00aa90c2787d6d62e5263bba7045a603447aec47c37377d3c45ff2760350282"", ""Prefix45"": ""e00aa90c2787d6d62e5263bba7045a603447aec47c37377d3c45ff2760350282"", ""ReComp"": ""e00aa90c2787d6d62e5263bba7045a603447aec47c37377d3c45ff2760350282""}"
convbench:540,539,True,True,True,True,True,True,e0534178f4d4b2aeb4f9b8f744fdaf2a4533bae1bd345c3df0ff4bf26dfcc7d3,ee59ebea377aa19b48861199b6b24cb497cadedd947061b0d01eb81abb9cbd16,"{""FullLoad"": ""ee59ebea377aa19b48861199b6b24cb497cadedd947061b0d01eb81abb9cbd16"", ""Prefix25"": ""ee59ebea377aa19b48861199b6b24cb497cadedd947061b0d01eb81abb9cbd16"", ""Prefix45"": ""ee59ebea377aa19b48861199b6b24cb497cadedd947061b0d01eb81abb9cbd16"", ""ReComp"": ""ee59ebea377aa19b48861199b6b24cb497cadedd947061b0d01eb81abb9cbd16""}"
convbench:541,540,True,True,True,True,True,True,cfa071ee2fab372dddf10cde8183e64472c3d1761adade506cce63b066966149,300accc9b66ec598725b1efbf2fdb147692c890a905b5a6a8b28b325e6d449ca,"{""FullLoad"": ""300accc9b66ec598725b1efbf2fdb147692c890a905b5a6a8b28b325e6d449ca"", ""Prefix25"": ""300accc9b66ec598725b1efbf2fdb147692c890a905b5a6a8b28b325e6d449ca"", ""Prefix45"": ""300accc9b66ec598725b1efbf2fdb147692c890a905b5a6a8b28b325e6d449ca"", ""ReComp"": ""300accc9b66ec598725b1efbf2fdb147692c890a905b5a6a8b28b325e6d449ca""}"
convbench:542,541,True,True,True,True,True,True,45c0a672b7485d4f047a147e4738e86d843cd86e400c025eb535db4a9902fd63,f9db25d87e7dd81f020d6f69730df6036d780aa6f1c113b15f54977a530a4065,"{""FullLoad"": ""f9db25d87e7dd81f020d6f69730df6036d780aa6f1c113b15f54977a530a4065"", ""Prefix25"": ""f9db25d87e7dd81f020d6f69730df6036d780aa6f1c113b15f54977a530a4065"", ""Prefix45"": ""f9db25d87e7dd81f020d6f69730df6036d780aa6f1c113b15f54977a530a4065"", ""ReComp"": ""f9db25d87e7dd81f020d6f69730df6036d780aa6f1c113b15f54977a530a4065""}"
convbench:543,542,True,True,True,True,True,True,31f1b07972500a144b44d20c9d263ca8928c04703e5f46fb3c0199cd8ce3c630,b56cbd902b84886091a72cfa9f79f4ac448dc7ebcad3b2f8e69fd39c55633436,"{""FullLoad"": ""b56cbd902b84886091a72cfa9f79f4ac448dc7ebcad3b2f8e69fd39c55633436"", ""Prefix25"": ""b56cbd902b84886091a72cfa9f79f4ac448dc7ebcad3b2f8e69fd39c55633436"", ""Prefix45"": ""b56cbd902b84886091a72cfa9f79f4ac448dc7ebcad3b2f8e69fd39c55633436"", ""ReComp"": ""b56cbd902b84886091a72cfa9f79f4ac448dc7ebcad3b2f8e69fd39c55633436""}"
convbench:544,543,True,True,True,True,True,True,17ad66be38d6ac4f08c79ca3c839ea8727eddf270939cb71e452db62f050dafc,aa72e83450e86406dd7acd8c4a27a7067727bb5e3f2479ce810466a980ae7582,"{""FullLoad"": ""aa72e83450e86406dd7acd8c4a27a7067727bb5e3f2479ce810466a980ae7582"", ""Prefix25"": ""aa72e83450e86406dd7acd8c4a27a7067727bb5e3f2479ce810466a980ae7582"", ""Prefix45"": ""aa72e83450e86406dd7acd8c4a27a7067727bb5e3f2479ce810466a980ae7582"", ""ReComp"": ""aa72e83450e86406dd7acd8c4a27a7067727bb5e3f2479ce810466a980ae7582""}"
convbench:545,544,True,True,True,True,True,True,8595476a0f3688f870be8edfa75bbca61139ad223b7c3277297c68084047b2a0,757028219759287d5a63d10e865059db2d3c1bb9a2632e156e7ccc367918ae81,"{""FullLoad"": ""757028219759287d5a63d10e865059db2d3c1bb9a2632e156e7ccc367918ae81"", ""Prefix25"": ""757028219759287d5a63d10e865059db2d3c1bb9a2632e156e7ccc367918ae81"", ""Prefix45"": ""757028219759287d5a63d10e865059db2d3c1bb9a2632e156e7ccc367918ae81"", ""ReComp"": ""757028219759287d5a63d10e865059db2d3c1bb9a2632e156e7ccc367918ae81""}"
convbench:546,545,True,True,True,True,True,True,57c2e26c83a542b417e029f36a5bfd6df34571abc4c042b1294d030dbdf03043,d583a2bdfe244bf0d74802a287ad9014546c7c564d0258e54c0ca4c5494e1609,"{""FullLoad"": ""d583a2bdfe244bf0d74802a287ad9014546c7c564d0258e54c0ca4c5494e1609"", ""Prefix25"": ""d583a2bdfe244bf0d74802a287ad9014546c7c564d0258e54c0ca4c5494e1609"", ""Prefix45"": ""d583a2bdfe244bf0d74802a287ad9014546c7c564d0258e54c0ca4c5494e1609"", ""ReComp"": ""d583a2bdfe244bf0d74802a287ad9014546c7c564d0258e54c0ca4c5494e1609""}"
convbench:547,546,True,True,True,True,True,True,f9426cfa98209fa22f2c5cd534b45e3524bf6f831cfe6a176cc9180c30b24dbc,bfb6fba4f6c3990aeec8786cd7b9a213cc1748d0240da333d0a7aa247b26c315,"{""FullLoad"": ""bfb6fba4f6c3990aeec8786cd7b9a213cc1748d0240da333d0a7aa247b26c315"", ""Prefix25"": ""bfb6fba4f6c3990aeec8786cd7b9a213cc1748d0240da333d0a7aa247b26c315"", ""Prefix45"": ""bfb6fba4f6c3990aeec8786cd7b9a213cc1748d0240da333d0a7aa247b26c315"", ""ReComp"": ""bfb6fba4f6c3990aeec8786cd7b9a213cc1748d0240da333d0a7aa247b26c315""}"
convbench:548,547,True,True,True,True,True,True,a22f61035cea9139e440d8d53fa591a819011abe1fc4f36e2efc3773815728ea,500f1be7ce93ea11a9c388a9127ce6112b552f0b98232f13b3559afe6b386b9c,"{""FullLoad"": ""500f1be7ce93ea11a9c388a9127ce6112b552f0b98232f13b3559afe6b386b9c"", ""Prefix25"": ""500f1be7ce93ea11a9c388a9127ce6112b552f0b98232f13b3559afe6b386b9c"", ""Prefix45"": ""500f1be7ce93ea11a9c388a9127ce6112b552f0b98232f13b3559afe6b386b9c"", ""ReComp"": ""500f1be7ce93ea11a9c388a9127ce6112b552f0b98232f13b3559afe6b386b9c""}"
convbench:549,548,True,True,True,True,True,True,79884720440c8a9cee0c0a1646413c40eadf717e8af08e78e696773ea68dcded,cb39cfb0341495caf49e2a06f0cc2f52a9cfbd5ef92fc6ce35c8ab135b2bba94,"{""FullLoad"": ""cb39cfb0341495caf49e2a06f0cc2f52a9cfbd5ef92fc6ce35c8ab135b2bba94"", ""Prefix25"": ""cb39cfb0341495caf49e2a06f0cc2f52a9cfbd5ef92fc6ce35c8ab135b2bba94"", ""Prefix45"": ""cb39cfb0341495caf49e2a06f0cc2f52a9cfbd5ef92fc6ce35c8ab135b2bba94"", ""ReComp"": ""cb39cfb0341495caf49e2a06f0cc2f52a9cfbd5ef92fc6ce35c8ab135b2bba94""}"
convbench:550,549,True,True,True,True,True,True,06ad0b2ad61031bb7d8d0afb9c3c0f86035a5e320248b3558212790d99ac25ea,ee659dd44641f33e26c883247a757c816272984ee73529fde58a4330e445bd44,"{""FullLoad"": ""ee659dd44641f33e26c883247a757c816272984ee73529fde58a4330e445bd44"", ""Prefix25"": ""ee659dd44641f33e26c883247a757c816272984ee73529fde58a4330e445bd44"", ""Prefix45"": ""ee659dd44641f33e26c883247a757c816272984ee73529fde58a4330e445bd44"", ""ReComp"": ""ee659dd44641f33e26c883247a757c816272984ee73529fde58a4330e445bd44""}"
convbench:551,550,True,True,True,True,True,True,dc0a202ac76fdb0fce227048942915cf561078f66dda39154e52b167f9bb4ce6,8df54644e2a56fd9f7521d9298a595872a8a29623e60f459209d808b6d2c4db2,"{""FullLoad"": ""8df54644e2a56fd9f7521d9298a595872a8a29623e60f459209d808b6d2c4db2"", ""Prefix25"": ""8df54644e2a56fd9f7521d9298a595872a8a29623e60f459209d808b6d2c4db2"", ""Prefix45"": ""8df54644e2a56fd9f7521d9298a595872a8a29623e60f459209d808b6d2c4db2"", ""ReComp"": ""8df54644e2a56fd9f7521d9298a595872a8a29623e60f459209d808b6d2c4db2""}"
convbench:552,551,True,True,True,True,True,True,b0789edecda0a852859d6d281ad57c5bcee42c284bcecaac1a5ca89348788b80,2ff4d641d0ae619a39a1b09dcd0a85e3070075063237e8d01d7a80dff90b96fe,"{""FullLoad"": ""2ff4d641d0ae619a39a1b09dcd0a85e3070075063237e8d01d7a80dff90b96fe"", ""Prefix25"": ""2ff4d641d0ae619a39a1b09dcd0a85e3070075063237e8d01d7a80dff90b96fe"", ""Prefix45"": ""2ff4d641d0ae619a39a1b09dcd0a85e3070075063237e8d01d7a80dff90b96fe"", ""ReComp"": ""2ff4d641d0ae619a39a1b09dcd0a85e3070075063237e8d01d7a80dff90b96fe""}"
convbench:553,552,True,True,True,True,True,True,2ca282c310ddfa9b464d9da5e3e54a49e315040b8ecd1b8b7cf0986eb4b26473,bc754f91204e40e12b046f6f50b0440b9f39efad0190b8ded04e3a4d4986bbef,"{""FullLoad"": ""bc754f91204e40e12b046f6f50b0440b9f39efad0190b8ded04e3a4d4986bbef"", ""Prefix25"": ""bc754f91204e40e12b046f6f50b0440b9f39efad0190b8ded04e3a4d4986bbef"", ""Prefix45"": ""bc754f91204e40e12b046f6f50b0440b9f39efad0190b8ded04e3a4d4986bbef"", ""ReComp"": ""bc754f91204e40e12b046f6f50b0440b9f39efad0190b8ded04e3a4d4986bbef""}"
convbench:554,553,True,True,True,True,True,True,0244f20772d177ff752490f410ddc8c4828849fd160018a1b16e067dfd139fa6,166d34e4870ea21ff562a3f24e01b73f6b4700c6c5f9e2f8d565e8c0046e1e90,"{""FullLoad"": ""166d34e4870ea21ff562a3f24e01b73f6b4700c6c5f9e2f8d565e8c0046e1e90"", ""Prefix25"": ""166d34e4870ea21ff562a3f24e01b73f6b4700c6c5f9e2f8d565e8c0046e1e90"", ""Prefix45"": ""166d34e4870ea21ff562a3f24e01b73f6b4700c6c5f9e2f8d565e8c0046e1e90"", ""ReComp"": ""166d34e4870ea21ff562a3f24e01b73f6b4700c6c5f9e2f8d565e8c0046e1e90""}"
convbench:555,554,True,True,True,True,True,True,76016791e56a13eab1caa0ddf5ec79fc5aacef44b5f92069738611af2f25b90f,0bf51b42b1afe117121e3d50ee526c7b73ef716528a0c69dd577988803087f00,"{""FullLoad"": ""0bf51b42b1afe117121e3d50ee526c7b73ef716528a0c69dd577988803087f00"", ""Prefix25"": ""0bf51b42b1afe117121e3d50ee526c7b73ef716528a0c69dd577988803087f00"", ""Prefix45"": ""0bf51b42b1afe117121e3d50ee526c7b73ef716528a0c69dd577988803087f00"", ""ReComp"": ""0bf51b42b1afe117121e3d50ee526c7b73ef716528a0c69dd577988803087f00""}"
convbench:556,555,True,True,True,True,True,True,b7a7e455796141131d0de68df3a4748539422b24268a960512edbf33aef74b91,574d2d07e6e6c8ee0c3e25a5d32b64165f2f89b57f6089b0de96e988aa4ff1b1,"{""FullLoad"": ""574d2d07e6e6c8ee0c3e25a5d32b64165f2f89b57f6089b0de96e988aa4ff1b1"", ""Prefix25"": ""574d2d07e6e6c8ee0c3e25a5d32b64165f2f89b57f6089b0de96e988aa4ff1b1"", ""Prefix45"": ""574d2d07e6e6c8ee0c3e25a5d32b64165f2f89b57f6089b0de96e988aa4ff1b1"", ""ReComp"": ""574d2d07e6e6c8ee0c3e25a5d32b64165f2f89b57f6089b0de96e988aa4ff1b1""}"
convbench:557,556,True,True,True,True,True,True,250d537dcbf43349477a793389a0477d20ca8e8f00a83d77a3c793eaba01e8ff,7bae533bb0dd920f09866c792617a8c15ea9f462cae535649e9e232f54a432aa,"{""FullLoad"": ""7bae533bb0dd920f09866c792617a8c15ea9f462cae535649e9e232f54a432aa"", ""Prefix25"": ""7bae533bb0dd920f09866c792617a8c15ea9f462cae535649e9e232f54a432aa"", ""Prefix45"": ""7bae533bb0dd920f09866c792617a8c15ea9f462cae535649e9e232f54a432aa"", ""ReComp"": ""7bae533bb0dd920f09866c792617a8c15ea9f462cae535649e9e232f54a432aa""}"
convbench:558,557,True,True,True,True,True,True,f9426cfa98209fa22f2c5cd534b45e3524bf6f831cfe6a176cc9180c30b24dbc,76215092889f547892ffc9c16bc7daae50c5be4b8237605cbed9e837fc243ee2,"{""FullLoad"": ""76215092889f547892ffc9c16bc7daae50c5be4b8237605cbed9e837fc243ee2"", ""Prefix25"": ""76215092889f547892ffc9c16bc7daae50c5be4b8237605cbed9e837fc243ee2"", ""Prefix45"": ""76215092889f547892ffc9c16bc7daae50c5be4b8237605cbed9e837fc243ee2"", ""ReComp"": ""76215092889f547892ffc9c16bc7daae50c5be4b8237605cbed9e837fc243ee2""}"
convbench:559,558,True,True,True,True,True,True,cee87a84246797641a61ce7b1b1044b308a2be24e4f1a6ec50c092bf5d97d1a9,fcb131dd1e7ed291a60c0a4b6a6ac8737da81432b06ff920fe4badad487215f9,"{""FullLoad"": ""fcb131dd1e7ed291a60c0a4b6a6ac8737da81432b06ff920fe4badad487215f9"", ""Prefix25"": ""fcb131dd1e7ed291a60c0a4b6a6ac8737da81432b06ff920fe4badad487215f9"", ""Prefix45"": ""fcb131dd1e7ed291a60c0a4b6a6ac8737da81432b06ff920fe4badad487215f9"", ""ReComp"": ""fcb131dd1e7ed291a60c0a4b6a6ac8737da81432b06ff920fe4badad487215f9""}"
convbench:560,559,True,True,True,True,True,True,f1742574dfc2e5fcd4e13441b079f8d87354db4487834afb3df6a64bea7e4d39,67ea73cb301099457f1ad473ff0c7f22ec71e06591067102b5b357360eea8343,"{""FullLoad"": ""67ea73cb301099457f1ad473ff0c7f22ec71e06591067102b5b357360eea8343"", ""Prefix25"": ""67ea73cb301099457f1ad473ff0c7f22ec71e06591067102b5b357360eea8343"", ""Prefix45"": ""67ea73cb301099457f1ad473ff0c7f22ec71e06591067102b5b357360eea8343"", ""ReComp"": ""67ea73cb301099457f1ad473ff0c7f22ec71e06591067102b5b357360eea8343""}"
convbench:561,560,True,True,True,True,True,True,76d4b211e0a05e8d8bc7ecea8aa4222f6c05f740201a2266e3ab51d61a89ec70,2a23d1e55d3649fd167ef42c163bccf97841f0f5e8d29dafda958b5632f95dde,"{""FullLoad"": ""2a23d1e55d3649fd167ef42c163bccf97841f0f5e8d29dafda958b5632f95dde"", ""Prefix25"": ""2a23d1e55d3649fd167ef42c163bccf97841f0f5e8d29dafda958b5632f95dde"", ""Prefix45"": ""2a23d1e55d3649fd167ef42c163bccf97841f0f5e8d29dafda958b5632f95dde"", ""ReComp"": ""2a23d1e55d3649fd167ef42c163bccf97841f0f5e8d29dafda958b5632f95dde""}"
convbench:562,561,True,True,True,True,True,True,40889f79b258aa1f714b7685569fd5d8a63bb04f8959f3c60d2a9ecf5dd06f56,a79f2687141c38226ffcea38b39532342e5f32bcc58b7775abe8434727f1290b,"{""FullLoad"": ""a79f2687141c38226ffcea38b39532342e5f32bcc58b7775abe8434727f1290b"", ""Prefix25"": ""a79f2687141c38226ffcea38b39532342e5f32bcc58b7775abe8434727f1290b"", ""Prefix45"": ""a79f2687141c38226ffcea38b39532342e5f32bcc58b7775abe8434727f1290b"", ""ReComp"": ""a79f2687141c38226ffcea38b39532342e5f32bcc58b7775abe8434727f1290b""}"
convbench:563,562,True,True,True,True,True,True,bf323afc31e4a3a9da07426b37bf05152578615a78c201077acce3be7c88e625,4adbd5db92e6a09ae794a56bae396d04c61dafbecfbe22635952ec1a5a18b4f2,"{""FullLoad"": ""4adbd5db92e6a09ae794a56bae396d04c61dafbecfbe22635952ec1a5a18b4f2"", ""Prefix25"": ""4adbd5db92e6a09ae794a56bae396d04c61dafbecfbe22635952ec1a5a18b4f2"", ""Prefix45"": ""4adbd5db92e6a09ae794a56bae396d04c61dafbecfbe22635952ec1a5a18b4f2"", ""ReComp"": ""4adbd5db92e6a09ae794a56bae396d04c61dafbecfbe22635952ec1a5a18b4f2""}"
convbench:564,563,True,True,True,True,True,True,804e234ef5169aa23ae8ab3c18295683fac1aef921bd668716c4d73fb8e5e73a,fcb8e1845b082afc59fd3a665eefcd364329acf6b32125b3f1082d1ba45e812d,"{""FullLoad"": ""fcb8e1845b082afc59fd3a665eefcd364329acf6b32125b3f1082d1ba45e812d"", ""Prefix25"": ""fcb8e1845b082afc59fd3a665eefcd364329acf6b32125b3f1082d1ba45e812d"", ""Prefix45"": ""fcb8e1845b082afc59fd3a665eefcd364329acf6b32125b3f1082d1ba45e812d"", ""ReComp"": ""fcb8e1845b082afc59fd3a665eefcd364329acf6b32125b3f1082d1ba45e812d""}"
convbench:565,564,True,True,True,True,True,True,c74437993318e53700359722f73f2e932a4ff6e5897bc7f4cfe5f9a60c3cf694,b20f385e204611ada4ad0dbf5115023b1c15fc5909e6b9be8200319d9188d480,"{""FullLoad"": ""b20f385e204611ada4ad0dbf5115023b1c15fc5909e6b9be8200319d9188d480"", ""Prefix25"": ""b20f385e204611ada4ad0dbf5115023b1c15fc5909e6b9be8200319d9188d480"", ""Prefix45"": ""b20f385e204611ada4ad0dbf5115023b1c15fc5909e6b9be8200319d9188d480"", ""ReComp"": ""b20f385e204611ada4ad0dbf5115023b1c15fc5909e6b9be8200319d9188d480""}"
convbench:566,565,True,True,True,True,True,True,facb3cee757d322c6b8c2674c4e8e4f36aea6f4f826e41947524bda40abd06ef,c7ba30ebd7fb3a9106d32a3d7824e0cba223e2fe4ab5f02a8521edf68ed7e899,"{""FullLoad"": ""c7ba30ebd7fb3a9106d32a3d7824e0cba223e2fe4ab5f02a8521edf68ed7e899"", ""Prefix25"": ""c7ba30ebd7fb3a9106d32a3d7824e0cba223e2fe4ab5f02a8521edf68ed7e899"", ""Prefix45"": ""c7ba30ebd7fb3a9106d32a3d7824e0cba223e2fe4ab5f02a8521edf68ed7e899"", ""ReComp"": ""c7ba30ebd7fb3a9106d32a3d7824e0cba223e2fe4ab5f02a8521edf68ed7e899""}"
convbench:567,566,True,True,True,True,True,True,df7dc59d9a8646834fe1ff84bcd6e7a864e808e9dfa1eaf2de32161227eeaac8,f0538b8d6c16e3c09dc283f553640cb1ab0145252e31c5f1f726760e3ff0beeb,"{""FullLoad"": ""f0538b8d6c16e3c09dc283f553640cb1ab0145252e31c5f1f726760e3ff0beeb"", ""Prefix25"": ""f0538b8d6c16e3c09dc283f553640cb1ab0145252e31c5f1f726760e3ff0beeb"", ""Prefix45"": ""f0538b8d6c16e3c09dc283f553640cb1ab0145252e31c5f1f726760e3ff0beeb"", ""ReComp"": ""f0538b8d6c16e3c09dc283f553640cb1ab0145252e31c5f1f726760e3ff0beeb""}"
convbench:568,567,True,True,True,True,True,True,e3cb215d80fa9bfcd281ac21e1a80a20efe9f8ad1dd757cf68b72040fb51d884,ee103cbfc5d9e90564a54d5d2889247d0897cfde37901faad2022a72b09d89d4,"{""FullLoad"": ""ee103cbfc5d9e90564a54d5d2889247d0897cfde37901faad2022a72b09d89d4"", ""Prefix25"": ""ee103cbfc5d9e90564a54d5d2889247d0897cfde37901faad2022a72b09d89d4"", ""Prefix45"": ""ee103cbfc5d9e90564a54d5d2889247d0897cfde37901faad2022a72b09d89d4"", ""ReComp"": ""ee103cbfc5d9e90564a54d5d2889247d0897cfde37901faad2022a72b09d89d4""}"
convbench:569,568,True,True,True,True,True,True,eab30f39b2f5098e3c67267f27aa95be68c6ca5c375d6713be3de3794556f582,22f85aba75810a9225246fa9ccc6e57085771a1c6283e8722c024cc814ed4bdd,"{""FullLoad"": ""22f85aba75810a9225246fa9ccc6e57085771a1c6283e8722c024cc814ed4bdd"", ""Prefix25"": ""22f85aba75810a9225246fa9ccc6e57085771a1c6283e8722c024cc814ed4bdd"", ""Prefix45"": ""22f85aba75810a9225246fa9ccc6e57085771a1c6283e8722c024cc814ed4bdd"", ""ReComp"": ""22f85aba75810a9225246fa9ccc6e57085771a1c6283e8722c024cc814ed4bdd""}"
convbench:570,569,True,True,True,True,True,True,c61ba02247334c8ea8e8a6d2685d4b42f9f14ffaeeba867f9a15c8c9116a34b8,e2cd4fc25debe57cd2ef21dd4b5435a55197ffee5349bee3afc8c47f968609ab,"{""FullLoad"": ""e2cd4fc25debe57cd2ef21dd4b5435a55197ffee5349bee3afc8c47f968609ab"", ""Prefix25"": ""e2cd4fc25debe57cd2ef21dd4b5435a55197ffee5349bee3afc8c47f968609ab"", ""Prefix45"": ""e2cd4fc25debe57cd2ef21dd4b5435a55197ffee5349bee3afc8c47f968609ab"", ""ReComp"": ""e2cd4fc25debe57cd2ef21dd4b5435a55197ffee5349bee3afc8c47f968609ab""}"
convbench:571,570,True,True,True,True,True,True,1344d40dc6924bda5e1444c013306c69d8d877223c1fafaa313d14371dddfe27,883055eac1dc284c7d6196971e3f424e11665ac8ee7ad9f2728b86ad18b78e34,"{""FullLoad"": ""883055eac1dc284c7d6196971e3f424e11665ac8ee7ad9f2728b86ad18b78e34"", ""Prefix25"": ""883055eac1dc284c7d6196971e3f424e11665ac8ee7ad9f2728b86ad18b78e34"", ""Prefix45"": ""883055eac1dc284c7d6196971e3f424e11665ac8ee7ad9f2728b86ad18b78e34"", ""ReComp"": ""883055eac1dc284c7d6196971e3f424e11665ac8ee7ad9f2728b86ad18b78e34""}"
convbench:572,571,True,True,True,True,True,True,7f687e70011c372c98453979c686ea82e3068f82fd290cbe9f2a83a59c6eeac4,44bf2412a366b896d33ff5ea2a2d7737cb007340b8f215b5b6350ea0f78e6a50,"{""FullLoad"": ""44bf2412a366b896d33ff5ea2a2d7737cb007340b8f215b5b6350ea0f78e6a50"", ""Prefix25"": ""44bf2412a366b896d33ff5ea2a2d7737cb007340b8f215b5b6350ea0f78e6a50"", ""Prefix45"": ""44bf2412a366b896d33ff5ea2a2d7737cb007340b8f215b5b6350ea0f78e6a50"", ""ReComp"": ""44bf2412a366b896d33ff5ea2a2d7737cb007340b8f215b5b6350ea0f78e6a50""}"
convbench:573,572,True,True,True,True,True,True,5ee5a1d61b4a8494430bfe1cd6ecbc7d9d14e86061f6d6a170a95ef5d80960c0,ece95f2ce603cc851c009352d349f3b3fb85af185ca54b6362312c15d0295595,"{""FullLoad"": ""ece95f2ce603cc851c009352d349f3b3fb85af185ca54b6362312c15d0295595"", ""Prefix25"": ""ece95f2ce603cc851c009352d349f3b3fb85af185ca54b6362312c15d0295595"", ""Prefix45"": ""ece95f2ce603cc851c009352d349f3b3fb85af185ca54b6362312c15d0295595"", ""ReComp"": ""ece95f2ce603cc851c009352d349f3b3fb85af185ca54b6362312c15d0295595""}"
convbench:574,573,True,True,True,True,True,True,75143d1279971578798780599eec2395e2ed25a673c0ba20b1e7cc985c9e2386,79bac03a17883747de805ef7754251c657e144c65833e70b9239b9220275d492,"{""FullLoad"": ""79bac03a17883747de805ef7754251c657e144c65833e70b9239b9220275d492"", ""Prefix25"": ""79bac03a17883747de805ef7754251c657e144c65833e70b9239b9220275d492"", ""Prefix45"": ""79bac03a17883747de805ef7754251c657e144c65833e70b9239b9220275d492"", ""ReComp"": ""79bac03a17883747de805ef7754251c657e144c65833e70b9239b9220275d492""}"
convbench:575,574,True,True,True,True,True,True,36561c80ece938591ee0da3177418acce472dec9a1885c71b2eeca4a2669467c,30a23d51fa01cba05fd47e7534825493c1b46c427965fcf6c77e83c3dd357627,"{""FullLoad"": ""30a23d51fa01cba05fd47e7534825493c1b46c427965fcf6c77e83c3dd357627"", ""Prefix25"": ""30a23d51fa01cba05fd47e7534825493c1b46c427965fcf6c77e83c3dd357627"", ""Prefix45"": ""30a23d51fa01cba05fd47e7534825493c1b46c427965fcf6c77e83c3dd357627"", ""ReComp"": ""30a23d51fa01cba05fd47e7534825493c1b46c427965fcf6c77e83c3dd357627""}"
convbench:576,575,True,True,True,True,True,True,0d45f1d299cdcb2435b46888502513d41cc65bbe7fab909c8ace6ce82cc4bfc2,8a7b91089e1c88fee391b48943b6a88cb1a1e279f2efca6f54dc668c93badb8c,"{""FullLoad"": ""8a7b91089e1c88fee391b48943b6a88cb1a1e279f2efca6f54dc668c93badb8c"", ""Prefix25"": ""8a7b91089e1c88fee391b48943b6a88cb1a1e279f2efca6f54dc668c93badb8c"", ""Prefix45"": ""8a7b91089e1c88fee391b48943b6a88cb1a1e279f2efca6f54dc668c93badb8c"", ""ReComp"": ""8a7b91089e1c88fee391b48943b6a88cb1a1e279f2efca6f54dc668c93badb8c""}"
convbench:577,576,True,True,True,True,True,True,05b5e23f450e6cbca6e9f6a5aca2113583122d729bdb1c5c1796bba041c375f4,1aaaa7a83d5252c20dc2a05a8c3caf7b6e63084a0e6156911e26dea6db426285,"{""FullLoad"": ""1aaaa7a83d5252c20dc2a05a8c3caf7b6e63084a0e6156911e26dea6db426285"", ""Prefix25"": ""1aaaa7a83d5252c20dc2a05a8c3caf7b6e63084a0e6156911e26dea6db426285"", ""Prefix45"": ""1aaaa7a83d5252c20dc2a05a8c3caf7b6e63084a0e6156911e26dea6db426285"", ""ReComp"": ""1aaaa7a83d5252c20dc2a05a8c3caf7b6e63084a0e6156911e26dea6db426285""}"
convbench:578,577,True,True,True,True,True,True,7d1f721c5dbe9ab6e27e47ff64cc98be19a3b60d0c25677424bd7d14a159d47e,b30668ad89beefef7880b30d26ebf62d4cbae684d3e6c0022b2ee59d5707054c,"{""FullLoad"": ""b30668ad89beefef7880b30d26ebf62d4cbae684d3e6c0022b2ee59d5707054c"", ""Prefix25"": ""b30668ad89beefef7880b30d26ebf62d4cbae684d3e6c0022b2ee59d5707054c"", ""Prefix45"": ""b30668ad89beefef7880b30d26ebf62d4cbae684d3e6c0022b2ee59d5707054c"", ""ReComp"": ""b30668ad89beefef7880b30d26ebf62d4cbae684d3e6c0022b2ee59d5707054c""}"
