aggregation,group,method,budget,n,quality_mean,ttft_ms_mean,ttft_ms_p50,ttft_ms_p95,decode_ms_mean,decode_ms_p50,decode_ms_p95,e2e_ms_mean,e2e_ms_p50,e2e_ms_p95,ssd_read_mb_mean,ssd_read_mb_total,selector_ms_mean,scatter_ms_mean,prefill_ms_mean,selected_kv_ratio_mean,logical_visual_token_ratio_mean,ssd_payload_ratio_vs_full_visual_kv_mean,history_tokens_mean,active_visual_tokens_mean,total_context_tokens_mean,full_visual_kv_gb_mean,selected_visual_kv_gb_mean,gpu_memory_allocated_gb_mean,gpu_peak_memory_allocated_gb_mean,process_rss_gb_mean,dialog_id
dialog,visdial:100528,FullLoad,1.0,10,0.6,654.3035100097768,648.4220025013201,713.4718022542074,21.663348603760824,19.993743509985507,26.415823970455676,675.9668586135376,671.5851490153,733.3212021563668,1072.693248,10726.93248,0.0,,,1.0,1.0,1.0,89.3,2046.0,2168.9,1.072693248,1.072693248,5.131963904,6.38808192,2.0940357632,visdial:100528
dialog,visdial:100528,ReComp,,10,0.6,478.9994369028136,479.4467835163232,507.28968979383353,19.13866038667038,19.007929979125038,19.77780694141984,498.138097289484,498.81532599101774,526.1890842259163,0.0,0.0,0.0,0.0,478.9992366102524,,,,89.3,2046.0,2168.9,1.072693248,0.0,5.0244324352,7.7730699264,2.0940357632,visdial:100528
dialog,visdial:100528,SparseVLM 25%,0.25,10,0.6,640.5045118939597,668.3539865189232,693.2623634871561,32.73529889411293,26.48253398365341,49.03857838944532,673.2398107880726,699.852859514067,739.9020764802117,803.274752,8032.74752,,,,0.24633431085043983,0.24633431085043983,0.7019641984359727,89.3,2046.0,2168.9,1.072693248,0.752992256,5.131963904,6.3892821504,2.0941930496,visdial:100528
dialog,visdial:100528,Static+Diverse 25%,0.25,10,0.6,323.9308951073326,336.07327699428424,346.99740694777574,19.632043596357107,19.496136490488425,20.25988235254772,343.5629387036897,355.4305099823978,366.6849201574223,283.869184,2838.69184,14.428947231499478,49.579525069566444,52.40525140543468,0.2507331378299121,0.2507331378299121,0.2646322091886608,89.3,2046.0,2168.9,1.072693248,0.283869184,5.131963904,6.388395366399999,2.0941930496,visdial:100528
dialog,visdial:100528,Static+Diverse 50%,0.5,10,0.6,516.6336420923471,522.0737075142097,538.1119480472989,19.474854902364314,19.34264099691063,20.332113371114247,536.1084969947115,541.4179190120194,557.687947966042,552.042496,5520.42496,21.09234157251194,82.99466618336737,56.5576093911659,0.5,0.5,0.5146322091886608,89.3,2046.0,2168.9,1.072693248,0.552042496,5.131963904,6.3889132032,2.0941930496,visdial:100528
dialog,visdial:112033,FullLoad,1.0,10,0.7,704.5652417058591,703.5852410190273,772.3562958533876,23.64863910479471,19.885943009285256,38.880868049454875,728.2138808106538,729.076610004995,792.0455502171535,1226.83392,12268.3392,0.0,,,1.0,1.0,1.0,87.0,2340.0,2461.5,1.22683392,1.22683392,5.28706304,6.7018089472,2.1130493952,visdial:112033
dialog,visdial:112033,ReComp,,10,0.7,551.750393799739,549.1356195125263,575.4475085996091,22.777130996109918,19.012404518434778,37.84810443466995,574.5275247958489,572.9036044795066,602.4944929464255,0.0,0.0,0.0,0.0,551.7501901951618,,,,87.0,2340.0,2461.5,1.22683392,0.0,5.16315904,8.5138622464,2.1130493952,visdial:112033
dialog,visdial:112033,SparseVLM 25%,0.25,10,0.7,785.3385459049605,770.3920445055701,843.200162940775,29.675804096041247,26.390598970465362,42.21116514818277,815.0143500010017,807.3332549829502,876.8030130682746,1004.5161472000001,10045.161472,,,,0.24615384615384617,0.24615384615384617,0.7719123931623931,87.0,2340.0,2461.5,1.22683392,0.9470083072000001,5.286104576,6.7123372032,2.1206294528,visdial:112033
dialog,visdial:112033,Static+Diverse 25%,0.25,10,0.7,345.1212928048335,345.36291350377724,364.4508772966219,23.041842703241855,19.18360000126995,38.49968971044291,368.16313550807536,364.4598145328928,394.1135206609033,312.147968,3121.47968,16.113900661002845,53.97509630420245,60.456025711027905,0.23461538461538461,0.23461538461538461,0.25443376068376067,87.0,2340.0,2461.5,1.22683392,0.312147968,5.28706304,6.702240256,2.1038518272,visdial:112033
dialog,visdial:112033,Static+Diverse 50%,0.5,10,0.7,578.3884381991811,582.8688730252907,609.8460903565865,24.247648805612698,19.761884002946317,38.356145325815305,602.6360870047938,608.4080770087894,640.2834336215165,610.46784,6104.6784,22.36423198482953,90.85828724200837,57.12882029474713,0.4803418803418803,0.4803418803418803,0.4975961538461539,87.0,2340.0,2461.5,1.22683392,0.61046784,5.286104576,6.7011574784,2.111244288,visdial:112033
dialog,visdial:126379,FullLoad,1.0,10,0.5,695.872519700788,685.375748493243,796.8281350273173,26.700479397550225,22.410362464142963,44.31336113775614,722.5729990983382,709.9440170277376,819.2670610937057,1226.83392,12268.3392,0.0,,,1.0,1.0,1.0,90.2,2340.0,2464.2,1.22683392,1.22683392,5.28706304,6.703057664,2.1124677632,visdial:126379
dialog,visdial:126379,ReComp,,10,0.5,548.6433660087641,553.5090025223326,573.4216183394892,20.944581419462338,19.150741485645995,29.054884784272854,569.5879474282265,572.6063410402276,602.4328873405466,0.0,0.0,0.0,0.0,548.6431138939224,,,,90.2,2340.0,2464.2,1.22683392,0.0,5.16315904,8.519365632,2.1137342464,visdial:126379
dialog,visdial:126379,SparseVLM 25%,0.25,10,0.4,797.8825415135361,806.2654495006427,857.1979215252213,39.65087418328039,38.57834546943195,57.385577331297085,837.5334156968165,835.893217503326,907.882726250682,951.0453248,9510.453248,,,,0.24615384615384617,0.24615384615384617,0.7283279914529915,90.2,2340.0,2464.2,1.22683392,0.8935374848,5.286104576,6.7027315712,2.1356683264000003,visdial:126379
dialog,visdial:126379,Static+Diverse 25%,0.25,10,0.5,352.6186496950686,358.98209500010125,377.6407210738398,25.61175800510682,19.284733018139377,52.38449141907037,378.2304077001754,378.1949990079738,416.8072468863101,315.359232,3153.59232,16.443036077544093,53.89934934210032,53.68010320235044,0.2465811965811966,0.2465811965811966,0.257051282051282,90.2,2340.0,2464.2,1.22683392,0.315359232,5.28706304,6.703484057600001,2.1080162304,visdial:126379
dialog,visdial:126379,Static+Diverse 50%,0.5,10,0.5,591.1955448042136,586.4160639757756,607.8704546671361,25.41583420825191,19.642021507024765,47.85332550527526,616.6113790124655,611.6887460229918,646.8166068632854,612.302848,6123.02848,23.73966427403502,92.9424827278126,57.88532489677891,0.4803418803418803,0.4803418803418803,0.49909188034188035,90.2,2340.0,2464.2,1.22683392,0.612302848,5.286104576,6.7022800896,2.1097197568,visdial:126379
dialog,visdial:133780,FullLoad,1.0,10,0.0,797.6239465991966,795.3360329847783,843.7322869867785,112.74029539199546,57.76848696405068,279.00769644766115,910.3642419911921,850.7945830060635,1105.6662968767341,1484.783616,14847.83616,0.0,,,1.0,1.0,1.0,108.0,2832.0,2973.7,1.484783616,1.484783616,5.544054272,7.2549575168,2.2003470336,visdial:133780
dialog,visdial:133780,ReComp,,10,0.0,695.7374304009136,705.7664550084155,717.1225690341089,111.21867029578425,56.36337597388774,275.93709214706905,806.9561006966978,771.5882979682647,933.3805914240656,0.0,0.0,0.0,0.0,695.7371893106028,,,,108.0,2832.0,2973.7,1.484783616,0.0,5.395313766399999,9.9322975232,2.147067904,visdial:133780
dialog,visdial:133780,SparseVLM 25%,0.25,10,0.0,823.6239293997642,796.0489515098743,890.7784721930511,124.28017219644971,67.71211847080849,294.9422477540793,947.9041015962139,911.4874915103428,1112.8841753059532,1147.9023616,11479.023616,,,,0.24576271186440674,0.24576271186440674,0.7262358757062147,108.0,2832.0,2973.7,1.484783616,1.0783031295999999,5.544054272,7.256336896,2.1487591424,visdial:133780
dialog,visdial:133780,Static+Diverse 25%,0.25,10,0.0,401.1623760161456,399.4802955421619,427.912533361814,114.85473359934986,57.90016349055804,284.4107077049557,516.0171096154954,462.07760550896637,682.4471852683928,382.468096,3824.68096,18.785753671545535,62.00614119297825,60.405456309672445,0.25,0.25,0.25759180790960456,108.0,2832.0,2973.7,1.484783616,0.382468096,5.544054272,7.255715328,2.1205409792,visdial:133780
dialog,visdial:133780,Static+Diverse 50%,0.5,10,0.0,670.5413326038979,681.0458894760814,702.8001874277834,116.32204729830846,57.036313985008746,283.55691189935897,786.8633799022064,756.8778080167249,961.9956411450403,742.129664,7421.29664,26.93101268960163,110.40605872985907,60.69266721024178,0.4971751412429379,0.4971751412429379,0.49982344632768355,108.0,2832.0,2973.7,1.484783616,0.742129664,5.544054272,7.2555603456,2.1741047808,visdial:133780
dialog,visdial:135653,FullLoad,1.0,10,0.2,678.5771252936684,656.832539010793,805.0468800414818,22.078681795392185,20.088961493456736,29.11906742083374,700.6558070890605,678.6637190089095,830.5728599254506,1226.83392,12268.3392,0.0,,,1.0,1.0,1.0,110.8,2340.0,2485.1,1.22683392,1.22683392,5.28706304,6.73050624,2.0898582528,visdial:135653
dialog,visdial:135653,ReComp,,10,0.2,550.5996160849463,543.3264569728635,601.2748610490235,19.31092209997587,19.405831990297884,19.901910968474112,569.9105381849222,562.8984334762208,621.0197845502989,0.0,0.0,0.0,0.0,550.5994240986183,,,,110.8,2340.0,2485.1,1.22683392,0.0,5.16315904,8.5649661952,2.0981420032,visdial:135653
dialog,visdial:135653,SparseVLM 25%,0.25,10,0.2,760.5449109862093,777.0810769870877,823.4747493552277,29.264005599543452,27.037287480197847,42.51230376830789,789.8089165857527,801.4324304531328,855.3034851531265,973.2882432,9732.882432,,,,0.24615384615384617,0.24615384615384617,0.7464583333333333,110.8,2340.0,2485.1,1.22683392,0.9157804032000001,5.286104576,6.7307937792,2.11039232,visdial:135653
dialog,visdial:135653,Static+Diverse 25%,0.25,10,0.2,340.9115724032745,339.59746500477195,348.4039442788344,19.378193095326424,19.379640463739634,19.707631747587584,360.2897654986009,358.9481090020854,367.44852498814,314.441728,3144.41728,16.45656687906012,54.74408834706992,59.31456559919752,0.2465811965811966,0.2465811965811966,0.2563034188034187,110.8,2340.0,2485.1,1.22683392,0.314441728,5.28706304,6.7310992384,2.0834041856,visdial:135653
dialog,visdial:135653,Static+Diverse 50%,0.5,10,0.2,551.2360924039967,552.9752194997855,575.9685792232631,19.442285504192114,19.270782999228686,20.30191336525604,570.6783779081888,572.0428905042354,595.4201106011169,610.46784,6104.6784,22.588653216371313,91.7498325696215,58.553083607694134,0.4807692307692307,0.4807692307692307,0.4975961538461539,110.8,2340.0,2485.1,1.22683392,0.61046784,5.286104576,6.7303131648,2.105929728,visdial:135653
dialog,visdial:145204,FullLoad,1.0,10,0.7,656.3421354047023,670.0145575450733,735.6775772030232,25.547412602463737,20.500722486758605,45.08280965383163,681.889548007166,689.9578885349911,756.164634108427,1072.693248,10726.93248,0.0,,,1.0,1.0,1.0,82.7,2046.0,2162.1,1.072693248,1.072693248,5.131963904,6.3820890112,2.117480448,visdial:145204
dialog,visdial:145204,ReComp,,10,0.7,482.5634110951796,480.9516330133192,505.68741140596103,19.368922198191285,19.26920100231655,20.017306893714704,501.9323332933709,500.1555799972266,525.2115640992997,0.0,0.0,0.0,0.0,482.56324420217425,,,,82.7,2046.0,2162.1,1.072693248,0.0,5.0244324352,7.7594407936000005,2.117480448,visdial:145204
dialog,visdial:145204,SparseVLM 25%,0.25,10,0.7,681.8637640099041,692.2126310237218,714.3198896024842,32.973717304412276,28.911457513459027,49.39994226733687,714.8374813143164,723.9264050149359,758.7122741795611,796.0231936,7960.231936,,,,0.24633431085043983,0.24633431085043983,0.6952040566959922,82.7,2046.0,2162.1,1.072693248,0.7457406976000001,5.131963904,6.3880025088000005,2.1187584,visdial:145204
dialog,visdial:145204,Static+Diverse 25%,0.25,10,0.6,320.77488758950494,327.6534184697084,336.2816670356551,19.470358302351087,19.34786149649881,20.214099614531733,340.24524589185603,346.9363859621808,355.54307353741024,283.967488,2839.67488,15.089835529215634,50.81987561425194,55.60837229131721,0.2502443792766373,0.2502443792766373,0.2647238514173998,82.7,2046.0,2162.1,1.072693248,0.283967488,5.131963904,6.3823182336,2.1187584,visdial:145204
dialog,visdial:145204,Static+Diverse 50%,0.5,10,0.7,524.009004898835,526.7677954980172,552.1722900826717,20.98862791317515,19.437356997514144,28.253196398145505,544.9976328120101,545.9107985079754,579.7429792582989,552.239104,5522.39104,21.760250360239297,84.05914278118871,54.1733305901289,0.5004887585532746,0.5004887585532746,0.5148154936461388,82.7,2046.0,2162.1,1.072693248,0.552239104,5.131963904,6.3826302464,2.1187584,visdial:145204
dialog,visdial:156344,FullLoad,1.0,10,0.7,570.9373175981455,577.719363005599,639.0111278451513,34.06456680386327,31.34583600331098,57.784460709080996,605.0018844020087,617.0357174705714,668.4593824553303,893.386752,8933.86752,0.0,,,1.0,1.0,1.0,83.3,1704.0,1822.0,0.893386752,0.893386752,4.952657408,6.021869772800001,2.189688832,visdial:156344
dialog,visdial:156344,ReComp,,10,0.7,362.57042470388114,362.13807453168556,378.8379687961424,26.65901110158302,19.329208007548004,47.990299304365166,389.22943580546416,383.71044350788,418.13325380207965,0.0,0.0,0.0,0.0,362.57026140228845,,,,83.3,1704.0,1822.0,0.893386752,0.0,4.8630565888,6.967683584,2.189688832,visdial:156344
dialog,visdial:156344,SparseVLM 25%,0.25,10,0.7,587.9642011015676,603.2669054984581,635.2197087922832,39.563049509888515,33.93784450599924,67.40877411793917,627.5272506114561,637.0778100099415,696.5896359179169,695.5597824,6955.597824,,,,0.2464788732394366,0.2464788732394366,0.7316901408450704,83.3,1704.0,1822.0,0.893386752,0.6536822783999999,4.952657408,6.0222554112,2.189688832,visdial:156344
dialog,visdial:156344,Static+Diverse 25%,0.25,10,0.6,297.25721439463086,293.93533247639425,309.61794664908666,27.204626315506175,19.90428802673705,49.42242413817437,324.46184071013704,324.73891851259395,345.63082880340517,244.711424,2447.11424,13.841633667470887,45.284893963253126,52.685379376634955,0.2769953051643192,0.2769953051643192,0.27391431924882637,83.3,1704.0,1822.0,0.893386752,0.244711424,4.952657408,6.021984460800001,2.189688832,visdial:156344
dialog,visdial:156344,Static+Diverse 50%,0.5,10,0.6,459.190596913686,460.6332000112161,489.56977547786664,27.485575305763632,20.04647848661989,50.414428606745766,486.67617221944965,495.36009097937495,510.389199302881,475.267072,4752.67072,19.75787387927994,72.00827861670405,53.98619260522537,0.5117370892018779,0.5117370892018779,0.5319835680751173,83.3,1704.0,1822.0,0.893386752,0.475267072,4.952657408,6.0220004352,2.189688832,visdial:156344
dialog,visdial:161902,FullLoad,1.0,10,0.8,641.8098058027681,670.90950650163,694.0954319667071,22.444137796992436,20.08705196203664,30.83358558651524,664.2539435997605,697.4709779897239,714.1795796283986,1132.46208,11324.6208,0.0,,,1.0,1.0,1.0,87.6,2160.0,2281.3,1.13246208,1.13246208,5.191732736,6.5082609152,2.0967104512,visdial:161902
dialog,visdial:161902,ReComp,,10,0.8,511.81828789412975,513.5003864997998,535.8783000061521,19.444954494247213,19.521479989634827,19.91499555297196,531.263242388377,532.9360234900378,555.1412227418041,0.0,0.0,0.0,0.0,511.8181219906546,,,,87.6,2160.0,2281.3,1.13246208,0.0,5.078224384,8.0516573184,2.0892143616,visdial:161902
dialog,visdial:161902,SparseVLM 25%,0.25,10,0.9,694.3244156020228,697.8029515012167,757.4934889446013,29.140537604689598,26.10727000865154,44.96838010672944,723.4649532067124,733.9017770136707,783.1709133519325,925.36832,9253.6832,,,,0.2444444444444444,0.2444444444444444,0.7702546296296297,87.6,2160.0,2281.3,1.13246208,0.87228416,5.191732736,6.5092489216,2.1234978816,visdial:161902
dialog,visdial:161902,Static+Diverse 25%,0.25,10,0.7,314.6606724068988,317.3185815103352,341.7706645646831,19.31449869298376,19.212990475352854,19.98101184144616,333.9751710998826,336.3896399969235,361.0373286937829,290.97984,2909.7984,13.623411511071026,47.93732334510423,50.99118810612708,0.23842592592592596,0.23842592592592596,0.2569444444444445,87.6,2160.0,2281.3,1.13246208,0.29097984,5.191732736,6.5085405696,2.0854919168,visdial:161902
dialog,visdial:161902,Static+Diverse 50%,0.5,10,0.7,539.0375868009869,538.9345150033478,557.8544434974901,19.63058621622622,19.493992527714,20.194108408759348,558.6681730172131,558.6210655164905,577.5318477593828,590.086144,5900.86144,22.319160372717306,89.10611334722489,55.51334708579816,0.5037037037037038,0.5037037037037038,0.5210648148148148,87.6,2160.0,2281.3,1.13246208,0.590086144,5.191732736,6.508443392,2.08950272,visdial:161902
dialog,visdial:172461,FullLoad,1.0,10,0.5,652.0478601043578,654.3007279979065,775.0268163421423,27.02078569564037,20.10673951008357,46.50694205483886,679.0686457999982,674.4028294924647,812.6974202343262,1132.46208,11324.6208,0.0,,,1.0,1.0,1.0,84.8,2160.0,2278.3,1.13246208,1.13246208,5.191732736,6.5058349056,2.1193211904,visdial:172461
dialog,visdial:172461,ReComp,,10,0.5,510.4444420838263,511.191167490324,532.3966700321762,21.405361697543412,19.756551511818543,29.853780020493993,531.8498037813697,532.4630645045545,553.6165573779726,0.0,0.0,0.0,0.0,510.44420969556086,,,,84.8,2160.0,2278.3,1.13246208,0.0,5.078224384,8.046092032,2.0907225088,visdial:172461
dialog,visdial:172461,SparseVLM 25%,0.25,10,0.5,751.7986545048188,765.4852164851036,799.7723257605685,28.24319580104202,25.210366497049108,40.46444113773758,780.0418503058609,789.9307474726811,836.7079883028055,949.878784,9498.78784,,,,0.2444444444444444,0.2444444444444444,0.7918981481481482,84.8,2160.0,2278.3,1.13246208,0.896794624,5.191732736,6.506900224,2.120318976,visdial:172461
dialog,visdial:172461,Static+Diverse 25%,0.25,10,0.5,315.50216910545714,315.5992805259302,344.8410574812442,19.609654310625046,19.65581503463909,19.964164803968742,335.1118234160822,335.34044452244416,364.4219999870984,289.406976,2894.06976,14.514458127086982,49.18023722129874,52.03516998444684,0.23703703703703702,0.23703703703703702,0.25555555555555554,84.8,2160.0,2278.3,1.13246208,0.289406976,5.191732736,6.5061487616,2.0850577408,visdial:172461
dialog,visdial:172461,Static+Diverse 50%,0.5,10,0.5,550.7194226083811,553.0298610101454,572.0503821619786,21.51608449057676,19.777128007262945,30.237429973203668,572.2355070989579,572.2925660084002,598.3682604914065,589.561856,5895.61856,22.498743230244145,88.28564540017396,55.97649141564034,0.5037037037037038,0.5037037037037038,0.5206018518518519,84.8,2160.0,2278.3,1.13246208,0.589561856,5.191732736,6.5061558272,2.0873056256,visdial:172461
dialog,visdial:174525,FullLoad,1.0,10,0.4,631.9118945975788,635.0585890177172,696.4332557836315,24.82549430569634,20.306439546402544,39.22589677094947,656.7373889032751,656.9669424789026,716.7106927809073,1226.83392,12268.3392,0.0,,,1.0,1.0,1.0,90.5,2340.0,2463.4,1.22683392,1.22683392,5.28706304,6.702247168,2.0997963775999997,visdial:174525
dialog,visdial:174525,ReComp,,10,0.4,548.6986761970911,554.1417720087338,560.5157431389671,21.025674493284896,19.044839980779216,29.951913555851185,569.724350690376,575.3400265239179,579.8061359790154,0.0,0.0,0.0,0.0,548.6984535120428,,,,90.5,2340.0,2463.4,1.22683392,0.0,5.16315904,8.517596364800001,2.0963753984,visdial:174525
dialog,visdial:174525,SparseVLM 25%,0.25,10,0.4,700.6781950942241,724.1221384902019,763.6965540295932,33.63508330658078,29.180352023104206,60.88519079494288,734.3132784008048,759.5251224993262,807.2400895005558,945.9531776,9459.531776,,,,0.24615384615384617,0.24615384615384617,0.7241773504273504,90.5,2340.0,2463.4,1.22683392,0.8884453376,5.286104576,6.7023397888,2.1004255232,visdial:174525
dialog,visdial:174525,Static+Diverse 25%,0.25,10,0.4,321.8725277110934,326.4459185011219,341.06925991363823,21.492583403596655,19.89594049518928,29.738304170314205,343.3651111146901,346.5173650183715,370.68082831974607,313.065472,3130.65472,15.906107285991311,53.57875268673524,54.971108003519475,0.24615384615384617,0.24615384615384617,0.2551816239316239,90.5,2340.0,2463.4,1.22683392,0.313065472,5.28706304,6.7026719232,2.1004255232,visdial:174525
dialog,visdial:174525,Static+Diverse 50%,0.5,10,0.4,545.187211909797,545.5511420150287,571.9886456936365,24.573600298026577,19.529068493284285,45.8165809890488,569.7608122078236,565.1177800027654,596.5635306551121,614.596608,6145.96608,22.57879473036155,91.81688351673074,55.935302906436846,0.49230769230769234,0.49230769230769234,0.5009615384615385,90.5,2340.0,2463.4,1.22683392,0.614596608,5.286104576,6.7016702464,2.0968669184,visdial:174525
dialog,visdial:174686,FullLoad,1.0,10,0.2,660.1084921101574,662.9694694711361,753.0957943556132,26.401738781714812,22.29685997008346,44.38078986422624,686.5102308918722,688.2103944662958,788.7210670131025,1132.46208,11324.6208,0.0,,,1.0,1.0,1.0,119.1,2160.0,2313.8,1.13246208,1.13246208,5.191732736,6.5421675008,2.1518544896,visdial:174686
dialog,visdial:174686,ReComp,,10,0.2,516.532163094962,513.931692490587,544.5831718156114,21.08075061114505,19.200389506295323,29.590070419362725,537.6129137061071,533.1940555188339,573.7838596891379,0.0,0.0,0.0,0.0,516.5319739026017,,,,119.1,2160.0,2313.8,1.13246208,0.0,5.078224384,8.1181110784,2.0798296064,visdial:174686
dialog,visdial:174686,SparseVLM 25%,0.25,10,0.2,712.6062545983586,727.8963759890758,752.1290954900905,38.56826240080409,37.81413650722243,62.88477265334219,751.1745169991627,773.939850012539,798.462885376648,911.8416896,9118.416896,,,,0.2444444444444444,0.2444444444444444,0.7583101851851851,119.1,2160.0,2313.8,1.13246208,0.8587575296000001,5.191732736,6.543584921600001,2.0840095744,visdial:174686
dialog,visdial:174686,Static+Diverse 25%,0.25,10,0.2,329.72673790645786,331.779080996057,355.43016665324103,19.572216895176098,19.56407248508185,20.076286923722364,349.29895480163395,351.4231654989999,375.44845140364487,290.193408,2901.93408,14.571050181984901,49.55181814148091,55.90659040608443,0.22962962962962957,0.22962962962962957,0.25625,119.1,2160.0,2313.8,1.13246208,0.290193408,5.191732736,6.5428269056,2.077790208,visdial:174686
dialog,visdial:174686,Static+Diverse 50%,0.5,10,0.2,554.2948356131092,558.7555005040485,576.0892724676523,21.286376897478476,19.31568799773231,30.191702576121294,575.5812125105876,578.0719125177711,606.1498315510107,589.824,5898.24,22.071446711197495,89.38725843909197,58.89555339817889,0.4962962962962963,0.4962962962962963,0.5208333333333333,119.1,2160.0,2313.8,1.13246208,0.589824,5.191732736,6.5430275072,2.0838858752,visdial:174686
dialog,visdial:174813,FullLoad,1.0,10,0.0,564.1008613980375,583.9383560232818,615.7332785602193,65.22957250708714,27.091541996924207,206.10579964122732,629.3304339051247,614.4054480246268,813.3826173987472,867.172352,8671.72352,0.0,,,1.0,1.0,1.0,117.6,1654.0,1805.8,0.867172352,0.867172352,4.926443008,5.9984678912,2.073645056,visdial:174813
dialog,visdial:174813,ReComp,,10,0.0,353.405677707633,350.64854050870053,374.27037622546777,53.90442149946466,19.283980480395257,182.8301965200808,407.31009920709766,388.6356939910911,534.180504779215,0.0,0.0,0.0,0.0,353.4054994932376,,,,117.6,1654.0,1805.8,0.867172352,0.0,4.8394636288,6.9167224832,2.0574445568,visdial:174813
dialog,visdial:174813,SparseVLM 25%,0.25,10,0.0,515.6868054938968,529.1447574854828,547.6672675460577,65.59719199431129,35.72630148846656,189.24541477463208,581.2839974882081,565.3685700090136,713.9553863642504,608.288768,6082.88768,,,,0.24667472793228534,0.24667472793228534,0.6545873639661426,117.6,1654.0,1805.8,0.867172352,0.567640064,4.926443008,5.9990393344,2.0574117888,visdial:174813
dialog,visdial:174813,Static+Diverse 25%,0.25,10,0.0,271.3241756078787,273.2624889758881,290.32390895008575,67.1764126920607,19.829540484352037,212.93827071203845,338.5005882999394,307.25173599785194,480.15090919798234,211.714048,2117.14048,13.432888651732355,42.19615102047101,54.40455400967039,0.23216444981862155,0.23216444981862155,0.2441429866989117,117.6,1654.0,1805.8,0.867172352,0.211714048,4.926443008,5.9988528128,2.0574117888,visdial:174813
dialog,visdial:174813,Static+Diverse 50%,0.5,10,0.0,437.7199575013947,436.18938501458615,458.4016577951843,66.1366278945934,28.944906982360408,187.99985400692094,503.8565853959881,475.9188804891892,626.7769502068404,445.448192,4454.48192,19.262498465832323,70.53646794520319,59.045401494950056,0.4969770253929867,0.4969770253929867,0.5136789600967352,117.6,1654.0,1805.8,0.867172352,0.445448192,4.926443008,5.998935654399999,2.0574117888,visdial:174813
dialog,visdial:175667,FullLoad,1.0,10,0.5,710.5240568052977,715.9798060019966,747.7455831511179,25.032438401831314,19.904659508029,43.375530297635116,735.556495207129,741.9487340084743,767.4132515589008,1226.83392,12268.3392,0.0,,,1.0,1.0,1.0,76.0,2340.0,2448.2,1.22683392,1.22683392,5.28706304,6.687435417600001,2.110050304,visdial:175667
dialog,visdial:175667,ReComp,,10,0.5,552.080116304569,558.9340835285839,569.2837846523616,18.936978199053556,18.80410299054347,19.291784762754105,571.0170945036225,577.8419254929759,588.0595152004389,0.0,0.0,0.0,0.0,552.0798832003493,,,,76.0,2340.0,2448.2,1.22683392,0.0,5.16315904,8.4853154816,2.1080449024,visdial:175667
dialog,visdial:175667,SparseVLM 25%,0.25,10,0.6,817.3995355027728,832.2682754951529,872.9434380453313,26.75355370156467,24.197352991905063,40.227532206336015,844.1530892043374,855.5394645081833,902.8056904877303,1000.7871488,10007.871488,,,,0.24615384615384617,0.24615384615384617,0.7688728632478632,76.0,2340.0,2448.2,1.22683392,0.9432793088,5.286104576,6.6879303168,2.1215100928,visdial:175667
dialog,visdial:175667,Static+Diverse 25%,0.25,10,0.7,359.1066778055392,363.97937597939745,377.762276303838,19.559519190806895,19.505256495904177,19.947514141676947,378.6661969963461,383.556602493627,397.1231919946149,314.441728,3144.41728,16.288587416056544,54.34928659815341,55.43637080700137,0.2465811965811966,0.2465811965811966,0.2563034188034187,76.0,2340.0,2448.2,1.22683392,0.314441728,5.28706304,6.6876826112,2.1085843455999997,visdial:175667
dialog,visdial:175667,Static+Diverse 50%,0.5,10,0.7,588.2228594913613,591.4481294748839,599.8254203150282,21.62692450801842,19.561861001420766,31.052481636288555,609.8497839993797,611.1646789941005,630.2012253494468,610.926592,6109.26592,23.249061207752675,92.54189353669062,59.06660278560594,0.4803418803418803,0.4803418803418803,0.49797008547008553,76.0,2340.0,2448.2,1.22683392,0.610926592,5.286104576,6.6868947968,2.1089775615999997,visdial:175667
dialog,visdial:17842,FullLoad,1.0,10,0.7,697.4833334912546,701.786446996266,757.5315796479117,23.874785308726132,19.83055897289887,38.054596504662186,721.3581187999807,729.9965274869464,782.3558584525017,1226.83392,12268.3392,0.0,,,1.0,1.0,1.0,94.3,2340.0,2467.8,1.22683392,1.22683392,5.28706304,6.706921984,2.1135396864000002,visdial:17842
dialog,visdial:17842,ReComp,,10,0.7,549.5685400033835,551.3253759709187,572.0846020616591,21.52739730081521,19.59989801980555,30.09944760997312,571.0959373041987,572.2636870050337,593.9019308920251,0.0,0.0,0.0,0.0,549.5683331042528,,,,94.3,2340.0,2467.8,1.22683392,0.0,5.16315904,8.5270272,2.1135396864000002,visdial:17842
dialog,visdial:17842,SparseVLM 25%,0.25,10,0.7,768.2059891929384,754.7867964894976,834.6461883658776,30.40335740079172,20.90131351724267,62.34938295383469,798.6093465937302,775.583500508219,880.4246376501396,1011.351552,10113.51552,,,,0.24615384615384617,0.24615384615384617,0.7774839743589743,94.3,2340.0,2467.8,1.22683392,0.953843712,5.286104576,6.7183757824,2.1175259135999998,visdial:17842
dialog,visdial:17842,Static+Diverse 25%,0.25,10,0.7,360.6319555954542,369.75381048978306,380.149217316648,21.438332297839224,19.581441505579278,30.264329584315398,382.0702878932934,389.84037400223315,405.1916092983447,314.90048,3149.0048,16.090629785321653,53.543934400659055,55.22761958418414,0.24615384615384617,0.24615384615384617,0.2566773504273504,94.3,2340.0,2467.8,1.22683392,0.31490048,5.28706304,6.7073559552,2.1122494464,visdial:17842
dialog,visdial:17842,Static+Diverse 50%,0.5,10,0.7,583.1764187954832,595.3022454923484,606.987377666519,21.49238580605015,19.613444979768246,30.2522463025525,604.6688046015333,615.1616184797604,636.5389965765644,613.679104,6136.79104,21.98715215199627,91.13722347537987,59.070924791740254,0.4803418803418803,0.4803418803418803,0.5002136752136753,94.3,2340.0,2467.8,1.22683392,0.613679104,5.286104576,6.7065375743999995,2.1150216192,visdial:17842
dialog,visdial:180478,FullLoad,1.0,10,0.6,701.9622036023065,713.6089525301941,782.470679754624,57.234298798721284,21.206970530329272,191.2028946710051,759.1965024010278,752.5119854835793,903.3518707146868,1233.125376,12331.25376,0.0,,,1.0,1.0,1.0,103.4,2352.0,2490.9,1.233125376,1.233125376,5.292740096,6.732751718399999,2.1179092992,visdial:180478
dialog,visdial:180478,ReComp,,10,0.6,564.6001759974752,562.1323644882068,590.5040051962715,53.75155200017616,19.506796495988965,186.21946896018918,618.3517279976513,581.275962467771,752.5797058391616,0.0,0.0,0.0,0.0,564.599919092143,,,,103.4,2352.0,2490.9,1.233125376,0.0,5.1688213504,8.5828923904,2.1179092992,visdial:180478
dialog,visdial:180478,SparseVLM 25%,0.25,10,0.6,771.9574595044833,788.7562905088998,835.8850008866284,67.2929652966559,30.005465989233926,203.08381824870585,839.2504248011392,833.9675265015103,909.1795205400557,998.8210687999999,9988.210688,,,,0.24489795918367344,0.24489795918367344,0.7631164965986394,103.4,2352.0,2490.9,1.233125376,0.9410183167999999,5.292396032,6.7339756032,2.1170352128,visdial:180478
dialog,visdial:180478,Static+Diverse 25%,0.25,10,0.5,363.5769300046377,361.00582548533566,384.5493194385199,77.37294750404544,29.05104952515103,169.30890300718602,440.94987750868313,412.75110602146015,546.6483954165597,324.534272,3245.34272,16.114603768801317,55.290432821493596,55.21219770307653,0.23979591836734696,0.23979591836734696,0.26318027210884354,103.4,2352.0,2490.9,1.233125376,0.324534272,5.292740096,6.733357875199999,2.1170352128,visdial:180478
dialog,visdial:180478,Static+Diverse 50%,0.5,10,0.5,602.1206273173448,608.4574120177422,630.4831707151607,49.56334808957763,19.95207797153853,150.90233183582313,651.6839754069224,638.4427105076611,742.6634124858537,624.427008,6244.27008,22.76710660662502,93.0081901315134,55.85894660325721,0.4829931972789116,0.4829931972789116,0.5063775510204083,103.4,2352.0,2490.9,1.233125376,0.624427008,5.292396032,6.7329995776,2.1228548095999997,visdial:180478
dialog,visdial:191618,FullLoad,1.0,10,0.5,684.8100939008873,678.5323910298757,777.9718863224842,29.20931939734146,20.06091648945585,62.30723854387178,714.0194132982288,705.6734234793112,819.4890950457193,1233.125376,12331.25376,0.0,,,1.0,1.0,1.0,92.5,2352.0,2478.5,1.233125376,1.233125376,5.292740096,6.718573056,2.1124796416,visdial:191618
dialog,visdial:191618,ReComp,,10,0.5,553.3426671929192,553.2274319848511,566.2249729852192,24.702358501963317,19.228587014367804,47.712737301480935,578.0450256948825,580.4384215152822,594.1879847989185,0.0,0.0,0.0,0.0,553.3424357883632,,,,92.5,2352.0,2478.5,1.233125376,0.0,5.1688213504,8.555884032,2.1114417152000002,visdial:191618
dialog,visdial:191618,SparseVLM 25%,0.25,10,0.5,810.755804204382,818.2546345051378,885.4479678935604,33.309073897544295,23.102059494704008,64.93365964561231,844.0648781019263,858.9898979989812,925.7177988591138,1019.3993727999999,10193.993728,,,,0.24489795918367344,0.24489795918367344,0.7798044217687075,92.5,2352.0,2478.5,1.233125376,0.9615966208,5.292396032,6.719500032,2.1337923584,visdial:191618
dialog,visdial:191618,Static+Diverse 25%,0.25,10,0.5,365.35165780223906,361.85286002000794,389.24500839493703,24.897742102621123,19.545746967196465,47.88199660833923,390.2493999048602,384.20950452564284,429.2775594396516,325.320704,3253.20704,16.342992236604914,55.20211395341903,54.5413937070407,0.24489795918367344,0.24489795918367344,0.2638180272108844,92.5,2352.0,2478.5,1.233125376,0.325320704,5.292740096,6.7190120448,2.116734976,visdial:191618
dialog,visdial:191618,Static+Diverse 50%,0.5,10,0.5,594.7551938006654,599.2260519997217,620.3223497548606,25.26864029932767,19.859649473801255,48.38453679694792,620.0238340999931,624.0460720146075,652.3064412467647,624.427008,6244.27008,22.84916981589049,93.52978788083419,56.78625010186806,0.4829931972789116,0.4829931972789116,0.5063775510204083,92.5,2352.0,2478.5,1.233125376,0.624427008,5.292396032,6.7185946111999995,2.124587008,visdial:191618
dialog,visdial:195881,FullLoad,1.0,10,0.3,681.8027282948606,695.1067484915257,741.9601375469938,29.624864022480324,23.155747534474358,52.42458473076112,711.4275923173409,718.6509455204941,765.2149296744028,1124.073472,11240.73472,0.0,,,1.0,1.0,1.0,103.3,2144.0,2281.7,1.124073472,1.124073472,5.183344128,6.5076815872,2.1054742528,visdial:195881
dialog,visdial:195881,ReComp,,10,0.3,515.9285665955395,514.8570614983328,536.8207426625304,22.636769601376727,19.027346483198926,39.239002068643416,538.5653361969162,542.0230239978991,563.058479008032,0.0,0.0,0.0,0.0,515.9283373970538,,,,103.3,2144.0,2281.7,1.124073472,0.0,5.070674636800001,8.0452004352,2.0785389568,visdial:195881
dialog,visdial:195881,SparseVLM 25%,0.25,10,0.3,648.3603658038191,692.564138531452,726.8738414044492,41.89800949534401,43.326415499905124,69.44153940130488,690.2583752991632,737.7143750200048,787.617511395365,842.3735296,8423.735296,,,,0.2462686567164179,0.2462686567164179,0.7025186567164179,103.3,2144.0,2281.7,1.124073472,0.7896825856,5.183344128,6.5079219712,2.0813942784,visdial:195881
dialog,visdial:195881,Static+Diverse 25%,0.25,10,0.3,323.26701739802957,323.72594697517343,353.14572329225484,23.296698287595063,19.557546969735995,40.55765403900291,346.56371568562463,343.01351694739424,393.4785712830489,279.969792,2799.69792,14.258205605437979,48.36937882937491,56.415535806445405,0.2388059701492537,0.2388059701492537,0.24906716417910452,103.3,2144.0,2281.7,1.124073472,0.279969792,5.183344128,6.508203776,2.077435904,visdial:195881
dialog,visdial:195881,Static+Diverse 50%,0.5,10,0.3,534.5214697998017,537.7077684970573,566.6364324744791,23.09021551045589,19.117572461254895,40.410323979449416,557.6116853102576,556.7053009872325,605.4288386396365,577.241088,5772.41088,21.29748310544528,85.60883706086315,57.48073439463042,0.4925373134328358,0.4925373134328358,0.5135261194029851,103.3,2144.0,2281.7,1.124073472,0.577241088,5.183344128,6.5076867071999995,2.0800311296,visdial:195881
dialog,visdial:200633,FullLoad,1.0,10,0.9,644.6228786022402,658.4335959923919,674.9252491135849,30.964654305716977,25.466109509579837,49.07838049111887,675.5875329079572,688.6134654923808,711.6146505082725,1124.073472,11240.73472,0.0,,,1.0,1.0,1.0,96.6,2144.0,2274.1,1.124073472,1.124073472,5.183344128,6.498743654399999,2.1431672832,visdial:200633
dialog,visdial:200633,ReComp,,10,0.9,504.8147598048672,505.1764920062851,532.5557140342426,25.074452895205468,19.658558507217094,38.52127102727536,529.8892127000727,528.3852110151201,553.4296555269975,0.0,0.0,0.0,0.0,504.81458860449493,,,,96.6,2144.0,2274.1,1.124073472,0.0,5.070674636800001,8.029491968,2.092658688,visdial:200633
dialog,visdial:200633,SparseVLM 25%,0.25,10,0.8,688.0441974964924,705.6103235227056,718.7568896857556,40.850035805488005,40.99858601693995,57.65656185394619,728.8942333019804,748.1910175119992,758.7863087508595,827.5361792,8275.361792,,,,0.2462686567164179,0.2462686567164179,0.6893190298507463,96.6,2144.0,2274.1,1.124073472,0.7748452352,5.183344128,6.498994944,2.1364826112,visdial:200633
dialog,visdial:200633,Static+Diverse 25%,0.25,10,0.8,325.2965769963339,325.1150420110207,339.07834343845025,25.416670594131574,19.909028487745672,38.76366272743326,350.71324759046547,355.6505494925659,371.00655227550305,277.87264,2778.7264,16.3349223555997,52.01829266734421,56.34215900208801,0.2388059701492537,0.2388059701492537,0.24720149253731347,96.6,2144.0,2274.1,1.124073472,0.27787264,5.183344128,6.499063910399999,2.099109888,visdial:200633
dialog,visdial:200633,Static+Diverse 50%,0.5,10,0.8,533.8791266956832,542.4138785165269,554.966770671308,25.689695304026827,19.65290098451078,41.410721073043526,559.56882199971,571.5876019967254,583.635272650281,574.09536,5740.9536,22.561964980559424,87.35791307408363,56.74240280059166,0.4925373134328358,0.4925373134328358,0.5107276119402985,96.6,2144.0,2274.1,1.124073472,0.57409536,5.183344128,6.498741248,2.0911239168,visdial:200633
dialog,visdial:209351,FullLoad,1.0,10,0.5,686.1575367918704,690.4285060008988,775.0564240326639,20.791233412455767,19.928404537495226,24.81853021308779,706.9487702043261,710.7455945224501,794.9843701324426,1233.125376,12331.25376,0.0,,,1.0,1.0,1.0,107.1,2352.0,2494.4,1.233125376,1.233125376,5.292740096,6.735141632,2.1152301056,visdial:209351
dialog,visdial:209351,ReComp,,10,0.5,565.371859393781,561.2858450040221,589.7489042807138,19.35250090318732,19.322695006849244,19.90287787048146,584.7243602969684,580.3203294926789,609.1398695483804,0.0,0.0,0.0,0.0,565.3716817963868,,,,107.1,2352.0,2494.4,1.233125376,0.0,5.1688213504,8.590603059200001,2.115190784,visdial:209351
dialog,visdial:209351,SparseVLM 25%,0.25,10,0.6,786.4837515051477,784.0762045234442,843.6284791328944,29.98668279615231,24.59990349598229,50.418887910200276,816.4704343013,815.381009480916,881.420563600841,1007.7077504,10077.077504,,,,0.24489795918367344,0.24489795918367344,0.7703231292517007,107.1,2352.0,2494.4,1.233125376,0.9499049984,5.292396032,6.7364652032,2.1316608,visdial:209351
dialog,visdial:209351,Static+Diverse 25%,0.25,10,0.6,374.34579739929177,377.89945799158886,384.6415217703907,20.568580203689635,19.6123294881545,25.10734922834671,394.9143776029814,397.4839844740927,409.1004518355476,325.844992,3258.44992,17.311085807159543,57.78099530143663,60.9607286110986,0.24489795918367344,0.24489795918367344,0.26424319727891155,107.1,2352.0,2494.4,1.233125376,0.325844992,5.292740096,6.735747276800001,2.117771264,visdial:209351
dialog,visdial:209351,Static+Diverse 50%,0.5,10,0.6,593.8992841052823,602.5919199746568,618.2918185630115,19.294923002598807,19.175855501089245,19.7628937283298,613.1942071078811,621.6079160221852,637.7051305025816,624.164864,6241.64864,22.690398199483752,93.36852672277018,59.64028559974395,0.4829931972789116,0.4829931972789116,0.5061649659863947,107.1,2352.0,2494.4,1.233125376,0.624164864,5.292396032,6.7355281408000005,2.1247901696,visdial:209351
dialog,visdial:212772,FullLoad,1.0,10,0.7,689.5428808988072,674.519059015438,772.9821472545153,21.305501012830064,20.008329505799338,26.77542065794113,710.8483819116373,697.8965950256679,793.6163556558312,1226.83392,12268.3392,0.0,,,1.0,1.0,1.0,87.2,2340.0,2460.5,1.22683392,1.22683392,5.28706304,6.6998603776,2.1145894912,visdial:212772
dialog,visdial:212772,ReComp,,10,0.7,552.56289599929,553.6174355074763,572.6326077565318,19.04865368269384,18.847735977033153,19.956589743378572,571.6115496819839,572.6298169756774,591.4305623446126,0.0,0.0,0.0,0.0,552.5626445130911,,,,87.2,2340.0,2460.5,1.22683392,0.0,5.16315904,8.511533721600001,2.1145894912,visdial:212772
dialog,visdial:212772,SparseVLM 25%,0.25,10,0.7,740.3322912927251,754.7260279825423,792.144080036087,31.495216413168237,27.775836031651124,49.723002684186206,771.8275077058934,782.7624299970921,832.2775582724717,895.0644736,8950.644736,,,,0.24615384615384617,0.24615384615384617,0.6826976495726494,87.2,2340.0,2460.5,1.22683392,0.8375566336,5.286104576,6.699728128,2.1145894912,visdial:212772
dialog,visdial:212772,Static+Diverse 25%,0.25,10,0.7,366.09442189801484,373.4282115183305,384.6424510877114,19.426430499879643,19.403078476898372,19.799606408923864,385.5208523978945,392.94452001922764,403.98282763781026,314.90048,3149.0048,16.518610599450767,54.781906172866,55.949712701840326,0.24615384615384617,0.24615384615384617,0.2566773504273504,87.2,2340.0,2460.5,1.22683392,0.31490048,5.28706304,6.7002819584,2.1145894912,visdial:212772
dialog,visdial:212772,Static+Diverse 50%,0.5,10,0.7,598.4577619063202,610.9837750263978,628.2760817208327,21.094080799957737,19.634447002317756,28.38807946827727,619.551842706278,630.4020730312914,653.1112326134462,610.926592,6109.26592,22.694975219201297,90.80538785783574,56.682485702913254,0.4803418803418803,0.4803418803418803,0.49797008547008553,87.2,2340.0,2460.5,1.22683392,0.610926592,5.286104576,6.699247616,2.1151399935999997,visdial:212772
dialog,visdial:223323,FullLoad,1.0,10,0.4,654.8041777859908,654.031884012511,720.3939328785054,36.970228992868215,34.224597009597346,65.56213186704551,691.774406778859,676.7517364933155,781.5837537462357,1226.83392,12268.3392,0.0,,,1.0,1.0,1.0,93.0,2340.0,2468.5,1.22683392,1.22683392,5.28706304,6.7089337343999995,2.1380554752,visdial:223323
dialog,visdial:223323,ReComp,,10,0.4,547.6578022993635,547.7501479908824,562.2723289445275,28.356795909348875,19.344927510246634,57.84530375676691,576.0145982087124,567.012664017966,616.0110026976326,0.0,0.0,0.0,0.0,547.6575686887372,,,,93.0,2340.0,2468.5,1.22683392,0.0,5.16315904,8.5289924096,2.1500932096,visdial:223323
dialog,visdial:223323,SparseVLM 25%,0.25,10,0.3,746.4685080049094,748.3637455152348,779.3250713177258,41.6880824835971,41.93711749394424,71.0092214751057,788.1565904885065,781.2153344857506,846.9039788644295,955.744256,9557.44256,,,,0.24615384615384617,0.24615384615384617,0.7321581196581197,93.0,2340.0,2468.5,1.22683392,0.898236416,5.286104576,6.7089065984,2.1369344,visdial:223323
dialog,visdial:223323,Static+Diverse 25%,0.25,10,0.4,325.61308799195103,329.7761579742655,344.47513440682087,26.678343111416325,19.410638022236526,48.18998916889539,352.29143110336736,352.65538599924184,388.74157806567376,315.817984,3158.17984,15.924959274707362,53.733804589137435,55.80495009198785,0.23461538461538461,0.23461538461538461,0.25742521367521365,93.0,2340.0,2468.5,1.22683392,0.315817984,5.28706304,6.709379072,2.13066752,visdial:223323
dialog,visdial:223323,Static+Diverse 50%,0.5,10,0.3,540.6988727045245,541.8081055104267,560.0956825248431,29.20719609828666,19.56767000956461,60.47752442536871,569.9060688028112,566.5609464922454,608.5008674708661,609.091584,6090.91584,23.348093160893768,91.60275346948765,56.06734529719688,0.4803418803418803,0.4803418803418803,0.49647435897435893,93.0,2340.0,2468.5,1.22683392,0.609091584,5.286104576,6.7083824128,2.1445087232,visdial:223323
dialog,visdial:226673,FullLoad,1.0,10,0.7,651.3565900095273,657.884312531678,730.9037623694167,22.514706989750266,21.52063196990639,28.254150698194277,673.8712969992775,682.9758990206756,750.8328195603099,1226.83392,12268.3392,0.0,,,1.0,1.0,1.0,89.3,2340.0,2463.2,1.22683392,1.22683392,5.28706304,6.7019695616,2.0493520895999997,visdial:226673
dialog,visdial:226673,ReComp,,10,0.7,549.9179532926064,552.4222954991274,566.7888530995697,19.31052750442177,19.235399522585794,20.00592341646552,569.2284807970282,571.2804840004537,585.7334403961431,0.0,0.0,0.0,0.0,549.9177939957008,,,,89.3,2340.0,2463.2,1.22683392,0.0,5.16315904,8.5171466752,2.0769808384,visdial:226673
dialog,visdial:226673,SparseVLM 25%,0.25,10,0.7,705.5934137024451,724.1335510334466,780.6132409663404,30.024925497127697,25.13510550488718,46.921937059960314,735.6183391995728,750.0298150116578,813.0449476273498,887.0166528,8870.166528,,,,0.24615384615384617,0.24615384615384617,0.6761378205128205,89.3,2340.0,2463.2,1.22683392,0.8295088128,5.286104576,6.70191616,2.0704063487999997,visdial:226673
dialog,visdial:226673,Static+Diverse 25%,0.25,10,0.7,337.5431236985605,337.14677847456187,357.89531444897875,19.538416288560256,19.39677045447752,20.20178754464723,357.0815399871208,356.7843574564904,377.30629088764545,319.488,3194.88,16.136151156388223,54.817643482238054,55.60853550559841,0.2465811965811966,0.2465811965811966,0.26041666666666663,89.3,2340.0,2463.2,1.22683392,0.319488,5.28706304,6.7023932416,2.0646621184000002,visdial:226673
dialog,visdial:226673,Static+Diverse 50%,0.5,10,0.7,554.8811970918905,560.4249119933229,583.9494226878742,20.67368301213719,19.55900152097456,25.698362151160836,575.5548801040277,579.9839135142975,606.5037282620324,616.431616,6164.31616,21.60631536389701,91.8728528835345,55.89735109824687,0.4803418803418803,0.4803418803418803,0.502457264957265,89.3,2340.0,2463.2,1.22683392,0.616431616,5.286104576,6.7016100864,2.0871020544000003,visdial:226673
dialog,visdial:230818,FullLoad,1.0,10,0.4,576.1400886927731,573.351379513042,594.9663940496976,40.4979218961671,27.104173495899886,93.24096365307913,616.6380105889402,603.6450194951613,677.4366856465348,767.557632,7675.57632,0.0,,,1.0,1.0,1.0,105.2,1464.0,1603.8,0.767557632,0.767557632,4.827024896,5.7844867072,2.114871296,visdial:230818
dialog,visdial:230818,ReComp,,10,0.4,317.2573526040651,318.4851435071323,330.0770954636391,30.291673698229715,19.172874483047053,80.32239010499313,347.5490263022948,341.0849754582159,401.23399347648945,0.0,0.0,0.0,0.0,317.2571797040291,,,,105.2,1464.0,1603.8,0.767557632,0.0,4.7498103808000005,6.4906967552,2.114871296,visdial:230818
dialog,visdial:230818,SparseVLM 25%,0.25,10,0.4,539.8913083015941,543.1386434938759,562.0637943182373,44.29829639266245,30.889229499734938,103.73952842492135,584.1896046942566,576.6633939929307,637.8510886192089,581.1863552000001,5811.863552,,,,0.2459016393442623,0.2459016393442623,0.7103142076502733,105.2,1464.0,1603.8,0.767557632,0.5452070912,4.826828288,5.785137408,2.114871296,visdial:230818
dialog,visdial:230818,Static+Diverse 25%,0.25,10,0.4,271.51966070523486,273.22490903316066,294.14750791038387,30.67082879715599,19.488297490170226,81.26357670116693,302.19048950239085,300.4218270361889,348.30131032795174,213.64736,2136.4736,13.11418853001669,41.882645984878764,50.09019629796967,0.2622950819672131,0.2622950819672131,0.27834699453551914,105.2,1464.0,1603.8,0.767557632,0.21364736,4.827024896,5.7845850112,2.114871296,visdial:230818
dialog,visdial:230818,Static+Diverse 50%,0.5,10,0.4,425.0870301038958,426.7559500003699,442.37743074190803,32.43310440448113,19.67123302165419,85.63997336314048,457.52013450837694,451.6621195070911,514.4611810450441,414.18752,4141.8752,19.07865254324861,67.63180054840632,57.22882709815167,0.5191256830601094,0.5191256830601094,0.5396174863387977,105.2,1464.0,1603.8,0.767557632,0.41418752,4.826828288,5.7848815104,2.114871296,visdial:230818
dialog,visdial:237283,FullLoad,1.0,10,0.2,622.4490856169723,619.056918512797,696.8551615718752,27.444004180142656,22.283809463260695,41.70634481997695,649.893089797115,648.1813620193861,717.8543765563518,1021.313024,10213.13024,0.0,,,1.0,1.0,1.0,108.2,1948.0,2093.0,1.021313024,1.021313024,5.081058816,6.3050307072,2.0965298176,visdial:237283
dialog,visdial:237283,ReComp,,10,0.2,457.50047999899834,468.50584048661403,485.3691983327735,25.314108602469787,20.00262899673544,38.7606666830834,482.81458860146813,494.523276516702,523.7229843391106,0.0,0.0,0.0,0.0,457.50032968935557,,,,108.2,1948.0,2093.0,1.021313024,0.0,4.9781902336,7.580347904,2.0753518592,visdial:237283
dialog,visdial:237283,SparseVLM 25%,0.25,10,0.2,630.2784103027079,654.124225518899,663.1598622945603,38.61412709229626,40.56785302236676,53.76013553177472,668.8925373950042,687.7660480095074,713.2207597402157,715.5286016,7155.286016,,,,0.24640657084188913,0.24640657084188913,0.6537217659137577,108.2,1948.0,2093.0,1.021313024,0.6676545536,5.08058368,6.305408614399999,2.1023690752,visdial:237283
dialog,visdial:237283,Static+Diverse 25%,0.25,10,0.2,321.5328497928567,320.72391000110656,341.1812154983636,25.353876809822395,19.959316006861627,38.68763319624122,346.8867266026791,350.1499789999798,360.6430489948252,280.756224,2807.56224,14.640513638732955,49.17913679382764,54.62054529925808,0.24435318275154003,0.24435318275154003,0.2748973305954826,108.2,1948.0,2093.0,1.021313024,0.280756224,5.081058816,6.3054335488,2.091821056,visdial:237283
dialog,visdial:237283,Static+Diverse 50%,0.5,10,0.2,515.8973347919527,514.4915249838959,544.0105809626402,25.578057597158477,19.912532501621172,39.60680867312476,541.4753923891112,534.044628002448,565.0359527382534,540.934144,5409.34144,20.616170996800065,80.66171442042105,54.91558590438217,0.5071868583162218,0.5071868583162218,0.5296457905544149,108.2,1948.0,2093.0,1.021313024,0.540934144,5.08058368,6.305262233600001,2.0704813056,visdial:237283
dialog,visdial:239217,FullLoad,1.0,10,0.3,675.9497230057605,650.705417006975,811.5809605893445,28.848936408758163,20.304503006627783,62.7045565139269,704.7986594145186,680.9679940342903,835.3250140062299,1226.83392,12268.3392,0.0,,,1.0,1.0,1.0,88.4,2340.0,2462.7,1.22683392,1.22683392,5.28706304,6.7027363328,2.1091930112,visdial:239217
dialog,visdial:239217,ReComp,,10,0.3,547.111661703093,550.8480745193083,571.297546866117,24.87780200317502,19.344632513821125,47.85424738365689,571.989463706268,570.80961248721,610.4939897079021,0.0,0.0,0.0,0.0,547.1114602987655,,,,88.4,2340.0,2462.7,1.22683392,0.0,5.16315904,8.5165905408,2.1091930112,visdial:239217
dialog,visdial:239217,SparseVLM 25%,0.25,10,0.3,701.4654900995083,735.6205590185709,774.7620241658296,38.20092938840389,32.473959028720856,59.16717390355188,739.6664194879122,769.9986169754993,812.1238255640492,842.1965824,8421.965824,,,,0.24615384615384617,0.24615384615384617,0.6396047008547008,88.4,2340.0,2462.7,1.22683392,0.7846887424,5.286104576,6.7024505344,2.1132283904,visdial:239217
dialog,visdial:239217,Static+Diverse 25%,0.25,10,0.2,334.91247431375086,344.6993965189904,355.22514662879985,30.868830281542614,19.569012976717204,68.49168546323197,365.7813045952935,369.74004399962723,390.0126836640993,315.359232,3153.59232,15.7401557196863,53.703300561755896,51.697414013324305,0.24615384615384617,0.24615384615384617,0.257051282051282,88.4,2340.0,2462.7,1.22683392,0.315359232,5.28706304,6.7031670272,2.1075902464,visdial:239217
dialog,visdial:239217,Static+Diverse 50%,0.5,10,0.3,582.1892064937856,585.606420529075,595.8462260314263,25.539025611942634,19.816915999399498,49.042560611269415,607.7282321057282,607.4000670050737,626.83307416155,611.844096,6118.44096,23.166100907837972,92.07794765825383,57.273539691232145,0.49230769230769234,0.49230769230769234,0.4987179487179487,88.4,2340.0,2462.7,1.22683392,0.611844096,5.286104576,6.70212992,2.1075902464,visdial:239217
dialog,visdial:247001,FullLoad,1.0,10,0.7,725.7987492135726,714.4061865110416,863.9429652132093,29.065306787379086,20.097648492082953,57.84087865031323,754.8640560009517,739.9455450067762,907.890938053606,1226.83392,12268.3392,0.0,,,1.0,1.0,1.0,85.6,2340.0,2460.3,1.22683392,1.22683392,5.28706304,6.699752448,2.1083492352,visdial:247001
dialog,visdial:247001,ReComp,,10,0.7,551.300957694184,557.6268839940894,568.3444954280276,22.601474908879027,18.885555502492934,39.50150961172763,573.9024326030631,576.4477089978755,603.5377161460929,0.0,0.0,0.0,0.0,551.3007708010264,,,,85.6,2340.0,2460.3,1.22683392,0.0,5.16315904,8.5111638016,2.1083492352,visdial:247001
dialog,visdial:247001,SparseVLM 25%,0.25,10,0.7,752.1503772004507,770.4911904875189,813.8766438583843,30.881926300935447,26.464375521754846,52.76965292578096,783.0323035013862,806.3718210032675,846.4837323408574,936.9157632,9369.157632,,,,0.24615384615384617,0.24615384615384617,0.7168108974358974,85.6,2340.0,2460.3,1.22683392,0.8794079232,5.286104576,6.6997923328,2.1182988288,visdial:247001
dialog,visdial:247001,Static+Diverse 25%,0.25,10,0.7,361.82083669118583,360.754786466714,382.8563430637587,23.231796006439254,19.384756014915183,40.7495263672899,385.0526326976251,387.7901789965108,402.6220662461128,316.276736,3162.76736,16.09504114021547,53.95599625771865,56.20255620451644,0.2465811965811966,0.2465811965811966,0.2577991452991453,85.6,2340.0,2460.3,1.22683392,0.316276736,5.28706304,6.700175616,2.1012574208,visdial:247001
dialog,visdial:247001,Static+Diverse 50%,0.5,10,0.7,600.5789005896077,600.3850765118841,617.7222594240448,23.071377485757694,19.332479510921985,40.36687508050814,623.6502780753653,619.7597749705892,655.9575034742011,615.05536,6150.5536,23.019771685358137,93.30007639946416,56.31513480329886,0.4807692307692307,0.4807692307692307,0.5013354700854701,85.6,2340.0,2460.3,1.22683392,0.61505536,5.286104576,6.699282688,2.1059366912,visdial:247001
dialog,visdial:255378,FullLoad,1.0,10,0.9,669.5250910997856,664.5435935060959,777.548128037597,20.657061703968793,19.943810999393463,23.343635426135734,690.1821528037544,684.2669489851687,799.3065448536072,1233.125376,12331.25376,0.0,,,1.0,1.0,1.0,76.4,2352.0,2459.5,1.233125376,1.233125376,5.292740096,6.6990006272,2.0633329664,visdial:255378
dialog,visdial:255378,ReComp,,10,0.9,550.6197258888278,548.9420689700637,565.5942511279136,19.50387080432847,19.348153000464663,20.248612939030863,570.1235966931563,568.5902864788659,585.1293773506768,0.0,0.0,0.0,0.0,550.6195201945957,,,,76.4,2352.0,2459.5,1.233125376,0.0,5.1688213504,8.514886195199999,2.0708007935999997,visdial:255378
dialog,visdial:255378,SparseVLM 25%,0.25,10,0.9,727.4300648015924,763.6925555125345,819.7405854356475,36.81768060196191,31.662076013162732,53.68719940306619,764.2477454035543,800.4311585100368,845.6308381457347,1026.8966912,10268.966912,,,,0.24489795918367344,0.24489795918367344,0.7858843537414966,76.4,2352.0,2459.5,1.233125376,0.9690939392000001,5.292396032,6.700309964800001,2.0756758528,visdial:255378
dialog,visdial:255378,Static+Diverse 25%,0.25,10,0.9,353.45147349871695,359.57125001004897,372.55023459147196,22.750388289568946,19.516667467541993,37.665631953859666,376.2018617882859,379.1227370093111,409.4961803435581,322.961408,3229.61408,16.316912218462676,55.52971489960328,55.18449769588187,0.24617346938775514,0.24617346938775514,0.2619047619047619,76.4,2352.0,2459.5,1.233125376,0.322961408,5.292740096,6.6993209856,2.0666793984000003,visdial:255378
dialog,visdial:255378,Static+Diverse 50%,0.5,10,0.9,558.3876436110586,563.2625714933965,576.1780317232478,19.752996193710715,19.627185974968597,20.66092169843614,578.1406398047693,582.9338124895003,596.226374732214,623.116288,6231.16288,22.908050240948796,94.14750242722221,55.425811308668926,0.4829931972789116,0.4829931972789116,0.50531462585034,76.4,2352.0,2459.5,1.233125376,0.623116288,5.292396032,6.6992003584,2.0747423744,visdial:255378
dialog,visdial:258333,FullLoad,1.0,10,0.4,678.5864829958882,666.6031319764443,768.3961819479009,27.776585397077724,22.99980996758677,42.022794808144674,706.3630683929659,691.6897884802893,788.0845409294125,1226.83392,12268.3392,0.0,,,1.0,1.0,1.0,96.9,2340.0,2472.0,1.22683392,1.22683392,5.28706304,6.713285376,2.0427497472000002,visdial:258333
dialog,visdial:258333,ReComp,,10,0.4,556.9068654091097,557.3186815017834,571.5645707852673,25.10427099186927,19.656547025078908,38.488454921753146,582.011136400979,580.3669050219469,609.4310186075745,0.0,0.0,0.0,0.0,556.9066494004801,,,,96.9,2340.0,2472.0,1.22683392,0.0,5.16315904,8.5362518016,2.0539551744,visdial:258333
dialog,visdial:258333,SparseVLM 25%,0.25,10,0.4,733.192986191716,741.597874002764,803.7535210489295,37.0471129019279,41.23831799370237,48.81733806396368,770.240099093644,778.6570175085217,844.0068946918473,945.4288896,9454.288896,,,,0.24615384615384617,0.24615384615384617,0.7237499999999999,96.9,2340.0,2472.0,1.22683392,0.8879210496000001,5.286104576,6.7134727168,2.065391616,visdial:258333
dialog,visdial:258333,Static+Diverse 25%,0.25,10,0.4,340.4612586076837,332.0472445047926,372.9320385173196,25.03899050061591,19.29905399447307,39.08930201432668,365.5002491082996,351.3828110008035,411.44983332487755,317.652992,3176.52992,14.375861070584506,50.74966447427869,55.92104120296426,0.24700854700854702,0.24700854700854702,0.25892094017094014,96.9,2340.0,2472.0,1.22683392,0.317652992,5.28706304,6.7138368512,2.0568588288,visdial:258333
dialog,visdial:258333,Static+Diverse 50%,0.5,10,0.4,586.2631107040215,591.5212414984126,616.888287733309,24.818334390874952,19.352168979821727,38.3146876381943,611.0814450948965,612.0827104896307,643.7286704895087,613.679104,6136.79104,22.21232507727109,91.8003304337617,58.96206860197708,0.4803418803418803,0.4803418803418803,0.5002136752136753,96.9,2340.0,2472.0,1.22683392,0.613679104,5.286104576,6.7128031232,2.05795328,visdial:258333
dialog,visdial:261686,FullLoad,1.0,10,0.3,857.563067600131,842.5742469844408,956.8384294048883,106.58363031107001,20.376966014737263,286.1146318347892,964.146697911201,927.4791420029942,1171.6702558333054,1535.115264,15351.15264,0.0,,,1.0,1.0,1.0,107.7,2928.0,3071.6,1.535115264,1.535115264,5.594746368,7.362496512,2.3568023551999997,visdial:261686
dialog,visdial:261686,ReComp,,10,0.3,746.584355016239,741.3724475190975,793.9389852341264,104.50853309594095,20.144973503192887,277.7197198331123,851.0928881121799,802.4892305256799,997.493510847562,0.0,0.0,0.0,0.0,746.584111492848,,,,107.7,2928.0,3071.6,1.535115264,0.0,5.4406122496,10.223331072,2.1203902464,visdial:261686
dialog,visdial:261686,SparseVLM 25%,0.25,10,0.3,826.1513148841914,824.5706344896462,879.1347110614879,106.14805960212834,23.5982985177543,295.2206504298374,932.2993744863197,855.862193973735,1161.8175983050605,1210.5285632,12105.285632,,,,0.2459016393442623,0.2459016393442623,0.741683743169399,107.7,2928.0,3071.6,1.535115264,1.1385700352,5.59438592,7.3788140032,2.2735843328,visdial:261686
dialog,visdial:261686,Static+Diverse 25%,0.25,10,0.3,449.2264568048995,449.01454949285835,484.1878694976913,101.87160429777578,20.072547515155748,288.25368534890004,551.0980611026753,494.9198050017003,734.0490760077955,424.148992,4241.48992,18.930527404882014,66.43697302788496,61.06316490913741,0.26366120218579236,0.26366120218579236,0.27629781420765026,107.7,2928.0,3071.6,1.535115264,0.424148992,5.594746368,7.363367833600001,2.1181779968,visdial:261686
dialog,visdial:261686,Static+Diverse 50%,0.5,10,0.3,755.4484895023052,755.6947414996102,774.9344006675528,107.79415360302664,20.04788600606844,289.1956083767582,863.2426431053318,792.941965512,1022.4400220235111,791.67488,7916.7488,28.0115959350951,120.17483371309936,63.34462559898384,0.5027322404371584,0.5027322404371584,0.5157103825136612,107.7,2928.0,3071.6,1.535115264,0.79167488,5.59438592,7.3627930624,2.1413879808,visdial:261686
dialog,visdial:263372,FullLoad,1.0,10,0.6,582.7937453868799,582.3771840077825,638.4445766307181,31.235056614968926,20.02846752293408,80.11156957945778,614.0288020018488,616.6735989972949,680.3247317613568,1072.693248,10726.93248,0.0,,,1.0,1.0,1.0,84.9,2046.0,2164.8,1.072693248,1.072693248,5.131963904,6.3842386432,2.0903714816,visdial:263372
dialog,visdial:263372,ReComp,,10,0.5,474.03668399201706,474.5228379906621,495.5928301438689,30.30241450178437,19.493432017043233,77.69539659493594,504.33909849380143,497.1687750075944,560.3562512987991,0.0,0.0,0.0,0.0,474.0364848985337,,,,84.9,2046.0,2164.8,1.072693248,0.0,5.0244324352,7.764779776,2.0836319232,visdial:263372
dialog,visdial:263372,SparseVLM 25%,0.25,10,0.5,637.062699708622,648.504562996095,689.8028128664009,45.82783240475692,29.76693699019961,109.90606330742582,682.8905321133789,692.3559005372226,779.9563200591365,817.741824,8177.41824,,,,0.24633431085043983,0.24633431085043983,0.715450879765396,84.9,2046.0,2164.8,1.072693248,0.767459328,5.131963904,6.3853000704,2.0844814335999997,visdial:263372
dialog,visdial:263372,Static+Diverse 25%,0.25,10,0.5,312.712044181535,314.6705359686166,338.2198019855423,33.813430211739615,19.613663520431146,84.53511676634655,346.52547439327464,350.83707599551417,399.502939794911,283.672576,2836.72576,14.358571101911366,49.04654279816896,55.03233239869587,0.2507331378299121,0.2507331378299121,0.26444892473118287,84.9,2046.0,2164.8,1.072693248,0.283672576,5.131963904,6.3844692992,2.0844814335999997,visdial:263372
dialog,visdial:263372,Static+Diverse 50%,0.5,10,0.5,504.3018821044825,506.7676530161407,520.3752804838587,30.546258186222985,19.511741469614208,78.95984814385875,534.8481402907055,527.9102039930876,585.686269609141,551.97696,5519.7696,21.721454826183617,83.96009973948821,56.13524140208028,0.5,0.5,0.5145711143695014,84.9,2046.0,2164.8,1.072693248,0.55197696,5.131963904,6.384943872,2.0844814335999997,visdial:263372
dialog,visdial:27086,FullLoad,1.0,10,0.8,670.6989141006488,678.4283949818928,693.1189036695287,27.645619196118787,20.333917025709525,44.930117181502276,698.3445332967676,705.051122000441,723.6728668038268,1124.073472,11240.73472,0.0,,,1.0,1.0,1.0,78.9,2144.0,2256.6,1.124073472,1.124073472,5.183344128,6.4844123136,2.1250760704,visdial:27086
dialog,visdial:27086,ReComp,,10,0.8,501.5371678106021,505.1224785274826,522.1706593089039,22.897658892907202,19.176820991560817,37.78338409028947,524.4348267035093,527.8165630006697,545.9431164636044,0.0,0.0,0.0,0.0,501.5369615983218,,,,78.9,2144.0,2256.6,1.124073472,0.0,5.070674636800001,7.993897625600001,2.1250760704,visdial:27086
dialog,visdial:27086,SparseVLM 25%,0.25,10,0.8,723.5663779138122,740.451616991777,769.5681069919374,36.38864408712834,28.33977696718648,58.011435609660104,759.9550220009405,774.5271369931288,812.3307317495346,854.327296,8543.27296,,,,0.2462686567164179,0.2462686567164179,0.7131529850746269,78.9,2144.0,2256.6,1.124073472,0.801636352,5.183344128,6.4844563456,2.1256462336,visdial:27086
dialog,visdial:27086,Static+Diverse 25%,0.25,10,0.8,320.8955967857037,327.6887454849202,344.0231704793405,23.36536960210651,19.692709989612922,38.67915180162527,344.2609663878102,349.8112384986598,370.18147353373934,281.542656,2815.42656,15.146480762632564,50.05271956324577,53.17325249197893,0.2238805970149254,0.2238805970149254,0.25046641791044777,78.9,2144.0,2256.6,1.124073472,0.281542656,5.183344128,6.484643635199999,2.1256462336,visdial:27086
dialog,visdial:27086,Static+Diverse 50%,0.5,10,0.8,550.9533869219013,547.6008225232363,572.6495057198917,23.466544784605503,19.746527483221143,39.142070640809834,574.4199317065068,567.0798079809174,592.1291194565129,577.241088,5772.41088,23.119935992872342,87.47514641145244,54.83999021816999,0.4925373134328358,0.4925373134328358,0.5135261194029851,78.9,2144.0,2256.6,1.124073472,0.577241088,5.183344128,6.4840505856,2.1256462336,visdial:27086
dialog,visdial:292163,FullLoad,1.0,10,0.7,696.6815777006559,665.5850160168484,858.7374862778231,28.847217501606792,19.88809899194166,53.56198967201634,725.5287952022627,687.7927920140792,891.0242593468863,1226.83392,12268.3392,0.0,,,1.0,1.0,1.0,107.1,2340.0,2482.4,1.22683392,1.22683392,5.28706304,6.724150169600001,2.1263577088,visdial:292163
dialog,visdial:292163,ReComp,,10,0.7,561.0049092094414,563.8441230112221,576.4285554439994,22.939522587694228,19.432942470302805,38.07309314433951,583.9444317971356,584.5927824848332,600.3670729376609,0.0,0.0,0.0,0.0,561.0046630026773,,,,107.1,2340.0,2482.4,1.22683392,0.0,5.16315904,8.5589712384,2.1296152576,visdial:292163
dialog,visdial:292163,SparseVLM 25%,0.25,10,0.7,785.0400105991866,776.9444684963673,870.4527384456013,31.617240491323173,25.688388530397788,52.07885667623486,816.6572510905098,801.9091055030003,906.3962974090828,1065.7398784,10657.398784,,,,0.24615384615384617,0.24615384615384617,0.8218162393162393,107.1,2340.0,2482.4,1.22683392,1.0082320384,5.286104576,6.7264224768,2.1294350336,visdial:292163
dialog,visdial:292163,Static+Diverse 25%,0.25,10,0.6,342.37730018794537,342.1528044855222,358.77720908320043,23.60816451255232,19.78995749959722,38.70395591657143,365.9854647004977,367.2803200024646,379.8730717477156,311.230464,3112.30464,16.63662641076371,54.43807367119007,60.16884249984287,0.24700854700854702,0.24700854700854702,0.2536858974358974,107.1,2340.0,2482.4,1.22683392,0.311230464,5.28706304,6.724837990399999,2.1294350336,visdial:292163
dialog,visdial:292163,Static+Diverse 50%,0.5,10,0.7,586.3463982997928,592.726995004341,597.970113295014,23.288581590168178,19.37063198420219,39.2442709649913,609.634979889961,613.389238511445,632.8326902235858,610.926592,6109.26592,24.172331887530163,92.31093561393209,59.7843861032743,0.48119658119658115,0.48119658119658115,0.49797008547008553,107.1,2340.0,2482.4,1.22683392,0.610926592,5.286104576,6.7236921856,2.1294350336,visdial:292163
dialog,visdial:294553,FullLoad,1.0,10,0.6,647.8395057958551,648.4417059982661,720.0626023404766,23.221101792296395,19.947416498325765,36.446777189848945,671.0606075881515,677.8126374701969,739.9506901245331,1124.073472,11240.73472,0.0,,,1.0,1.0,1.0,80.4,2144.0,2257.9,1.124073472,1.124073472,5.183344128,6.4852118528,2.100779008,visdial:294553
dialog,visdial:294553,ReComp,,10,0.6,514.518827496795,511.8272670370061,533.7807438714663,19.203509693033993,19.09619348589331,19.747532680048607,533.722337189829,531.1433035240043,553.2474916311912,0.0,0.0,0.0,0.0,514.518593007233,,,,80.4,2144.0,2257.9,1.124073472,0.0,5.070674636800001,7.9963781632,2.106032128,visdial:294553
dialog,visdial:294553,SparseVLM 25%,0.25,10,0.6,723.8346789963543,722.8860710165463,802.7719657373382,29.776619211770594,24.589181470219046,49.306685524061315,753.6112982081249,750.8233325206675,841.3933458010433,961.019904,9610.19904,,,,0.2462686567164179,0.2462686567164179,0.8080690298507462,80.4,2144.0,2257.9,1.124073472,0.90832896,5.183344128,6.4857939968,2.1071716352,visdial:294553
dialog,visdial:294553,Static+Diverse 25%,0.25,10,0.6,322.9318691010121,322.9627994878683,338.38001395051833,19.35414199833758,19.29877800284885,19.862388994079083,342.2860110993497,342.24921101122163,357.85990697331727,276.299776,2762.99776,15.888908691704273,50.53662963327952,55.0369702919852,0.2388059701492537,0.2388059701492537,0.24580223880597013,80.4,2144.0,2257.9,1.124073472,0.276299776,5.183344128,6.485362944,2.1011058688,visdial:294553
dialog,visdial:294553,Static+Diverse 50%,0.5,10,0.6,567.0256754092406,567.5007910176646,575.2839544060407,19.4803450955078,19.516220490913838,19.92442010960076,586.5060205047484,586.5765815251507,595.0251328555169,573.046784,5730.46784,23.885078926105052,88.35005811415613,56.86673620948568,0.4925373134328358,0.4925373134328358,0.5097947761194029,80.4,2144.0,2257.9,1.124073472,0.573046784,5.183344128,6.4847904768,2.1068075008,visdial:294553
dialog,visdial:297127,FullLoad,1.0,10,0.8,867.6474531937856,858.3069739979692,996.3614319422048,21.311195800080895,19.756175024667755,27.883785960148085,888.9586489938665,881.0828229761682,1020.4461044719209,1535.115264,15351.15264,0.0,,,1.0,1.0,1.0,83.6,2928.0,3045.4,1.535115264,1.535115264,5.594746368,7.3250793472,2.1704757248,visdial:297127
dialog,visdial:297127,ReComp,,10,0.8,730.749845597893,726.7074250266887,779.7733092767885,19.38188291969709,19.33787201414816,19.922253469121642,750.1317285175901,746.2847290444188,799.1849091573386,0.0,0.0,0.0,0.0,730.7496434892528,,,,83.6,2928.0,3045.4,1.535115264,0.0,5.4406122496,10.156821708799999,2.1513068544,visdial:297127
dialog,visdial:297127,SparseVLM 25%,0.25,10,0.8,889.9276758078486,891.4601634896826,931.1907526658615,22.018840099917725,21.268509997753426,24.667463896912523,911.9465159077663,911.9022515078541,953.9087099547032,1207.1469055999999,12071.469056,,,,0.2459016393442623,0.2459016393442623,0.7394808743169399,83.6,2928.0,3045.4,1.535115264,1.1351883775999998,5.59438592,7.3258337792,2.1727776768,visdial:297127
dialog,visdial:297127,Static+Diverse 25%,0.25,10,0.9,459.48301220778376,464.1876329842489,481.93546037364285,19.539617002010345,19.581803993787616,19.912775594275445,479.0226292097941,483.76659702626057,501.3916843687184,424.935424,4249.35424,19.901553663657978,67.62131798896007,56.65048759547062,0.2622950819672131,0.2622950819672131,0.27681010928961747,83.6,2928.0,3045.4,1.535115264,0.424935424,5.594746368,7.3255840768,2.1057613824,visdial:297127
dialog,visdial:297127,Static+Diverse 50%,0.5,10,0.8,765.6826491933316,773.7976349890232,787.3297693848144,19.709797092946246,19.380616024136543,21.460904035484415,785.3924462862778,792.949011985911,808.591478317976,790.36416,7903.6416,28.521982888923958,118.91346487682313,58.03102300851606,0.4972677595628416,0.4972677595628416,0.5148565573770492,83.6,2928.0,3045.4,1.535115264,0.79036416,5.59438592,7.325106073600001,2.1565067264,visdial:297127
dialog,visdial:302759,FullLoad,1.0,10,0.3,637.3430138046388,619.8687000141945,731.3735558622284,33.147532591829076,20.572795008774847,82.5319952244171,670.4905463964678,639.9707529926673,775.1097984350054,1226.83392,12268.3392,0.0,,,1.0,1.0,1.0,90.3,2340.0,2463.3,1.22683392,1.22683392,5.28706304,6.7033326592,2.098259968,visdial:302759
dialog,visdial:302759,ReComp,,10,0.4,558.9760419039521,560.5183005100116,570.8667583734496,33.790931093972176,19.38695550779812,91.7369913920993,592.7669729979243,583.9883890002966,651.8292581778951,0.0,0.0,0.0,0.0,558.9758369023912,,,,90.3,2340.0,2463.3,1.22683392,0.0,5.16315904,8.5174622208,2.1009661952,visdial:302759
dialog,visdial:302759,SparseVLM 25%,0.25,10,0.4,775.9269670932554,787.5501994858496,850.8551387290936,41.11292551388033,28.102994518121704,99.9571541469777,817.0398926071357,825.8088845177554,891.590956642176,1058.2818816000001,10582.818816,,,,0.24615384615384617,0.24615384615384617,0.8157371794871795,90.3,2340.0,2463.3,1.22683392,1.0007740416,5.286104576,6.704189696,2.1055348736,visdial:302759
dialog,visdial:302759,Static+Diverse 25%,0.25,10,0.4,348.8726333947852,353.4605385211762,370.64609914668836,38.2012713176664,19.752297026570886,114.52461087901607,387.0739047124516,380.34409351530485,460.449247417273,315.359232,3153.59232,16.370038088643923,54.71702309441753,54.19389509479515,0.24615384615384617,0.24615384615384617,0.257051282051282,90.3,2340.0,2463.3,1.22683392,0.315359232,5.28706304,6.7037639168,2.0945149952,visdial:302759
dialog,visdial:302759,Static+Diverse 50%,0.5,10,0.3,557.453862397233,558.3174230123404,584.3764647434,28.52068209904246,19.259345979662612,70.1210504048503,585.9745444962755,577.6356730202679,648.2618879759683,614.137856,6141.37856,22.764199052471668,92.35191431944259,56.05862159281969,0.4803418803418803,0.4803418803418803,0.500587606837607,90.3,2340.0,2463.3,1.22683392,0.614137856,5.286104576,6.702996633600001,2.111541248,visdial:302759
dialog,visdial:307728,FullLoad,1.0,10,1.0,662.4289551167749,640.7327395281754,836.8852690822677,34.94155649095774,20.865688507910818,90.10467624757436,697.3705116077326,674.4477064930834,859.5277188898762,1226.83392,12268.3392,0.0,,,1.0,1.0,1.0,92.4,2340.0,2467.5,1.22683392,1.22683392,5.28706304,6.7076982784,2.0927627264,visdial:307728
dialog,visdial:307728,ReComp,,10,1.0,551.8993794044945,556.1070455005392,572.7933325921185,28.580882790265605,19.293923978693783,67.90440990298515,580.4802621947601,578.9911304891575,621.7195532401092,0.0,0.0,0.0,0.0,551.8991936987732,,,,92.4,2340.0,2467.5,1.22683392,0.0,5.16315904,8.526588416,2.0831289344,visdial:307728
dialog,visdial:307728,SparseVLM 25%,0.25,10,1.0,738.3083807129879,747.8215365263168,773.4218585421331,45.93056009616703,37.45673748198897,98.88058343785806,784.2389408091549,785.7587670150679,852.0778408594196,954.3811072000001,9543.811072,,,,0.24615384615384617,0.24615384615384617,0.7310470085470087,92.4,2340.0,2467.5,1.22683392,0.8968732672,5.286104576,6.7077534208000005,2.1016018944,visdial:307728
dialog,visdial:307728,Static+Diverse 25%,0.25,10,1.0,336.58250229782425,328.0132790096104,418.7349251296836,28.70965839829296,19.558553001843393,68.17106712551316,365.2921606961172,355.06863851333037,444.9482121737673,315.817984,3158.17984,16.007492184871808,54.49841231456958,54.20372618827969,0.23461538461538461,0.23461538461538461,0.25742521367521365,92.4,2340.0,2467.5,1.22683392,0.315817984,5.28706304,6.708139776,2.0776075264,visdial:307728
dialog,visdial:307728,Static+Diverse 50%,0.5,10,1.0,544.3228871095926,534.1143409896176,644.226826095837,28.654092294164002,19.36592601123266,68.5379410948371,572.9769794037566,563.2196730293799,671.5715049562276,613.679104,6136.79104,20.746216096449643,90.16549017396756,56.38607271830551,0.4803418803418803,0.4803418803418803,0.5002136752136753,92.4,2340.0,2467.5,1.22683392,0.613679104,5.286104576,6.7072292352,2.0860813312,visdial:307728
dialog,visdial:310424,FullLoad,1.0,10,0.3,615.0479645119049,601.3946905150078,688.1279796623858,52.15853290283121,20.266595034627244,180.9618525643598,667.2064974147361,651.311916008126,805.8964262600056,1124.073472,11240.73472,0.0,,,1.0,1.0,1.0,120.4,2144.0,2298.3,1.124073472,1.124073472,5.183344128,6.526459443199999,2.0190629888,visdial:310424
dialog,visdial:310424,ReComp,,10,0.3,511.5788144059479,514.4475405104458,533.2834290631581,48.60912110307254,19.293000019388273,176.52988091576822,560.1879355090205,538.466314523248,687.1131261868866,0.0,0.0,0.0,0.0,511.5785954054445,,,,120.4,2144.0,2298.3,1.124073472,0.0,5.070674636800001,8.079196723199999,2.017703936,visdial:310424
dialog,visdial:310424,SparseVLM 25%,0.25,10,0.3,679.4449354929384,696.5673035010695,736.3082606898388,59.576473908964545,33.95795149845071,188.3892646263118,739.0214094019029,737.0721354964189,882.6968594425123,866.7004928,8667.004928,,,,0.2462686567164179,0.2462686567164179,0.7241604477611941,120.4,2144.0,2298.3,1.124073472,0.8140095488,5.183344128,6.5273376256,2.024378368,visdial:310424
dialog,visdial:310424,Static+Diverse 25%,0.25,10,0.3,320.03131709061563,326.26222548424266,334.5809103746433,49.92851440911181,19.295228034025058,181.52970671653725,369.95983149972744,345.44406249187887,513.0680268892318,278.921216,2789.21216,15.604635328054428,50.99659086554311,59.24064498976804,0.2388059701492537,0.2388059701492537,0.24813432835820898,120.4,2144.0,2298.3,1.124073472,0.278921216,5.183344128,6.5271232,2.002243584,visdial:310424
dialog,visdial:310424,Static+Diverse 50%,0.5,10,0.3,528.4840899112169,530.0013475352898,552.7083187538665,49.308384489268064,19.646718981675804,179.5941633521577,577.7924744004849,554.0746824990492,708.2560734648721,575.143936,5751.43936,22.12701600510627,86.9873168761842,56.87123829848133,0.5074626865671642,0.5074626865671642,0.5116604477611941,120.4,2144.0,2298.3,1.124073472,0.575143936,5.183344128,6.5270530048,2.0174217216,visdial:310424
dialog,visdial:311202,FullLoad,1.0,10,0.2,625.4080926941242,630.8787000016309,702.7544264827155,104.676983889658,25.00234349281527,244.72349758143534,730.0850765837822,683.9538099884521,932.6653630268992,1124.073472,11240.73472,0.0,,,1.0,1.0,1.0,95.3,2144.0,2274.6,1.124073472,1.124073472,5.183344128,6.5017896448000005,2.0987846655999998,visdial:311202
dialog,visdial:311202,ReComp,,10,0.2,513.9832023938652,513.9915689942427,530.6666575052077,103.22486599907279,19.706183491507545,246.7835103481775,617.208068392938,540.3831404983066,768.8533494627336,0.0,0.0,0.0,0.0,513.9829293941148,,,,95.3,2144.0,2274.6,1.124073472,0.0,5.070674636800001,8.031002368,2.0848648192,visdial:311202
dialog,visdial:311202,SparseVLM 25%,0.25,10,0.2,580.5809367040638,605.1988955005072,631.0591654997552,50.199612288270146,29.752263973932713,151.57112735032547,630.7805489923339,638.0411769787315,775.963788400986,738.6693632,7386.693632,,,,0.2462686567164179,0.2462686567164179,0.6102611940298508,95.3,2144.0,2274.6,1.124073472,0.6859784192,5.183344128,6.5024841216,2.082998272,visdial:311202
dialog,visdial:311202,Static+Diverse 25%,0.25,10,0.2,312.8591998887714,317.1509124804288,340.05580621305853,19.736748602008447,19.72362500964664,20.384575432399288,332.59594849077985,336.37485848157667,359.9066101334756,282.591232,2825.91232,20.07425907650031,48.7362903309986,51.24124678550288,0.2388059701492537,0.2388059701492537,0.2513992537313433,95.3,2144.0,2274.6,1.124073472,0.282591232,5.183344128,6.502248038399999,2.082998272,visdial:311202
dialog,visdial:311202,Static+Diverse 50%,0.5,10,0.2,522.669651999604,527.2433030186221,543.7542833446059,80.15848571085371,19.945755979279056,226.09061298135202,602.8281377104577,556.9701405183878,758.011317634373,579.862528,5798.62528,22.438404633430764,88.35076673422009,56.96756299585104,0.4925373134328358,0.4925373134328358,0.5158582089552237,95.3,2144.0,2274.6,1.124073472,0.579862528,5.183344128,6.5023886848000005,2.088269824,visdial:311202
dialog,visdial:312659,FullLoad,1.0,10,0.4,693.8422123144846,687.8103160124738,755.4503724531969,26.24688078649342,22.2636264807079,43.942038837121785,720.0890931009781,709.5836515072733,775.4143660946283,1226.83392,12268.3392,0.0,,,1.0,1.0,1.0,88.9,2340.0,2462.9,1.22683392,1.22683392,5.28706304,6.7040633856000005,2.1140279295999997,visdial:312659
dialog,visdial:312659,ReComp,,10,0.4,552.1055400138721,556.9697629834991,572.9864839231595,18.8770281849429,18.748785980278626,19.438310465193354,570.982568198815,575.5772229749709,591.9963680004003,0.0,0.0,0.0,0.0,552.1053552045487,,,,88.9,2340.0,2462.9,1.22683392,0.0,5.16315904,8.517085952,2.1140279295999997,visdial:312659
dialog,visdial:312659,SparseVLM 25%,0.25,10,0.4,787.68733710167,796.2905150197912,843.7804720568237,27.61276011588052,23.808394005754963,44.44762031780555,815.3000972175505,822.834297985537,868.3966619428246,943.6725247999999,9436.725248,,,,0.24615384615384617,0.24615384615384617,0.722318376068376,88.9,2340.0,2462.9,1.22683392,0.8861646848,5.286104576,6.7040389631999995,2.119530496,visdial:312659
dialog,visdial:312659,Static+Diverse 25%,0.25,10,0.4,342.3001607938204,348.4846350038424,357.327452042955,19.39385940786451,19.463005504803732,19.848804103094153,361.6940202016849,367.42028951994143,376.8883559096139,317.652992,3176.52992,16.28950338345021,54.43526043090969,56.12077129771933,0.2465811965811966,0.2465811965811966,0.25892094017094014,88.9,2340.0,2462.9,1.22683392,0.317652992,5.28706304,6.704502784,2.1145276416,visdial:312659
dialog,visdial:312659,Static+Diverse 50%,0.5,10,0.4,593.2588636002038,596.8748759769369,609.180637751706,20.404623803915456,19.617076992290094,24.600620404817157,613.6634874041192,615.9834860009141,633.5402431053808,613.220352,6132.20352,23.53444678010419,92.88357183104381,56.451014295453206,0.4807692307692307,0.4807692307692307,0.49983974358974353,88.9,2340.0,2462.9,1.22683392,0.613220352,5.286104576,6.7035012608,2.1145276416,visdial:312659
dialog,visdial:313049,FullLoad,1.0,10,0.5,661.8683597946074,666.0972274839878,699.4959130941425,33.692425896879286,24.955402506748214,63.08659199276005,695.5607856914867,699.9904479889665,732.8697316115722,1124.073472,11240.73472,0.0,,,1.0,1.0,1.0,88.0,2144.0,2266.4,1.124073472,1.124073472,5.183424409600001,6.4927204352,2.1251072,visdial:313049
dialog,visdial:313049,ReComp,,10,0.5,501.8887915008236,503.1648134754505,527.417459647404,26.493841997580603,19.413464004173875,57.14704968850124,528.3826334984042,529.4082804757636,559.7321117733372,0.0,0.0,0.0,0.0,501.8885950965341,,,,88.0,2144.0,2266.4,1.124073472,0.0,5.0709556224,8.0142242816,2.1251072,visdial:313049
dialog,visdial:313049,SparseVLM 25%,0.25,10,0.5,748.0031606857665,764.166167966323,796.0856277291896,39.89571800921112,34.23397202277556,69.90310516557653,787.8988786949776,800.8374490309507,833.812585301348,919.2865792,9192.865792,,,,0.2462686567164179,0.2462686567164179,0.7709421641791045,88.0,2144.0,2266.4,1.124073472,0.8665956352,5.183665254399999,6.4940638208,2.1251072,visdial:313049
dialog,visdial:313049,Static+Diverse 25%,0.25,10,0.5,329.3530023947824,333.0053120153025,352.11684054811485,26.883559208363295,19.40227099112235,59.12799990037452,356.2365616031457,364.9250390008092,371.45146653056145,281.018368,2810.18368,15.320986846927553,50.15367210726254,55.012412095675245,0.2238805970149254,0.2238805970149254,0.25,88.0,2144.0,2266.4,1.124073472,0.281018368,5.183424409600001,6.4930750463999996,2.1251072,visdial:313049
dialog,visdial:313049,Static+Diverse 50%,0.5,10,0.5,554.1868284053635,553.8150610227603,573.6059298797045,27.06723449518904,19.518651999533176,59.64093694637991,581.2540629005525,578.9692540129181,601.5604915010044,577.241088,5772.41088,22.881524229887873,87.2281018004287,54.37539771082811,0.4925373134328358,0.4925373134328358,0.5135261194029851,88.0,2144.0,2266.4,1.124073472,0.577241088,5.183665254399999,6.4931757568,2.1251072,visdial:313049
dialog,visdial:321934,FullLoad,1.0,10,0.0,654.1180556989275,655.8362474897876,718.9581915852614,25.716620805906132,20.061848015757278,44.37816856079735,679.8346765048336,675.6704014842398,745.3503913187888,1226.83392,12268.3392,0.0,,,1.0,1.0,1.0,93.6,2340.0,2466.0,1.22683392,1.22683392,5.28706304,6.7066299904,2.08657408,visdial:321934
dialog,visdial:321934,ReComp,,10,0.0,547.7399301889818,552.807735017268,569.9501720693661,19.291398604400456,19.29509299225174,19.91856531240046,567.0313287933823,571.7658204957843,589.8451727785869,0.0,0.0,0.0,0.0,547.7397093025502,,,,93.6,2340.0,2466.0,1.22683392,0.0,5.16315904,8.5236040704,2.092376064,visdial:321934
dialog,visdial:321934,SparseVLM 25%,0.25,10,0.0,732.0659584831446,743.5742745001335,775.5726950592361,31.298428704030812,27.232022519456223,47.60967677575536,763.3643871871755,777.3582014779095,808.971134875901,907.5949568,9075.949568,,,,0.24615384615384617,0.24615384615384617,0.6929113247863248,93.6,2340.0,2466.0,1.22683392,0.8500871167999999,5.286104576,6.706437017600001,2.125674496,visdial:321934
dialog,visdial:321934,Static+Diverse 25%,0.25,10,0.0,340.9471412829589,342.62346249306574,368.88110282307025,20.423821709118783,19.489739497657865,24.76683851273264,361.3709629920777,362.5477104797028,392.123996745795,315.817984,3158.17984,15.446027205325663,52.669840515591204,52.41276888991706,0.2465811965811966,0.2465811965811966,0.25742521367521365,93.6,2340.0,2466.0,1.22683392,0.315817984,5.28706304,6.7070909952,2.091276288,visdial:321934
dialog,visdial:321934,Static+Diverse 50%,0.5,10,0.0,578.4402530000079,576.1951185122598,604.119129825267,19.86202650004998,19.86746452166699,20.58972830127459,598.3022795000579,596.1252774868626,623.984081094386,615.972864,6159.72864,22.872495639603585,93.36337723652832,55.59092889307067,0.4803418803418803,0.4803418803418803,0.5020833333333333,93.6,2340.0,2466.0,1.22683392,0.615972864,5.286104576,6.706072832,2.0951711744,visdial:321934
dialog,visdial:325335,FullLoad,1.0,10,0.5,556.7992770054843,562.2493390110321,635.9991087869275,53.0881940969266,20.18349801073782,187.49446629954008,609.8874711024109,590.7664555124938,812.7608901617348,1021.313024,10213.13024,0.0,,,1.0,1.0,1.0,81.7,1948.0,2062.5,1.021313024,1.021313024,5.081058816,6.2774002688,2.106912768,visdial:325335
dialog,visdial:325335,ReComp,,10,0.6,441.39962699846365,444.1516895312816,471.7287521751132,44.67784850276075,19.542661495506763,158.13726330816252,486.0774755012244,467.4674895068165,603.6403719888765,0.0,0.0,0.0,0.0,441.3994321890641,,,,81.7,1948.0,2062.5,1.021313024,0.0,4.9781902336,7.5220634111999995,2.106912768,visdial:325335
dialog,visdial:325335,SparseVLM 25%,0.25,10,0.6,593.4997038042638,605.3723455115687,623.5225269017974,59.08791579422541,33.289390470599756,185.039415725623,652.5876195984893,644.1699559800327,730.7481082854791,718.2548992000001,7182.548992,,,,0.24640657084188913,0.24640657084188913,0.6563911704312113,81.7,1948.0,2062.5,1.021313024,0.6703808512,5.08058368,6.2773597184,2.106912768,visdial:325335
dialog,visdial:325335,Static+Diverse 25%,0.25,10,0.6,294.10337660228834,291.6130270168651,322.7163230010774,46.54297909582965,19.493522006087005,168.5673445084828,340.646355698118,318.0021754815243,463.11168860702287,279.576576,2795.76576,13.978245540056378,47.86892133997753,50.83702839910984,0.26283367556468173,0.26283367556468173,0.27374229979466114,81.7,1948.0,2062.5,1.021313024,0.279576576,5.081058816,6.2775313408,2.106912768,visdial:325335
dialog,visdial:325335,Static+Diverse 50%,0.5,10,0.6,485.61111629824154,483.87123399879783,501.82391083508264,48.51238269475289,19.625068991445005,178.86805897287528,534.1234989929944,503.74017050489783,673.8715612038502,539.164672,5391.64672,21.953596849925816,82.26371378987096,54.391153604956344,0.5256673511293635,0.5256673511293635,0.5279132443531828,81.7,1948.0,2062.5,1.021313024,0.539164672,5.08058368,6.27721344,2.106912768,visdial:325335
dialog,visdial:341253,FullLoad,1.0,10,0.4,766.2126308016013,759.6425545052625,835.5597190733532,33.014926296891645,20.095957996090874,84.92049690976268,799.227557098493,789.6369574882556,872.9734392109094,1283.457024,12834.57024,0.0,,,1.0,1.0,1.0,87.6,2448.0,2568.6,1.283457024,1.283457024,5.34272768,6.8139179008,2.1857890304,visdial:341253
dialog,visdial:341253,ReComp,,10,0.4,587.1970596082974,587.0166745153256,614.7672481863992,28.576875501312315,19.63500599958934,69.64452225365667,615.7739351096097,619.0207735053264,648.5203332355013,0.0,0.0,0.0,0.0,587.1967984130606,,,,87.6,2448.0,2568.6,1.283457024,0.0,5.214119833600001,8.798366361600001,2.158532608,visdial:341253
dialog,visdial:341253,SparseVLM 25%,0.25,10,0.4,772.9075670882594,749.5641789864749,888.1294457969489,37.31328670401126,21.18421351769939,94.75353926536621,810.2208537922706,803.973424481228,915.5684806639329,1052.246016,10522.46016,,,,0.24509803921568624,0.24509803921568624,0.7729779411764706,87.6,2448.0,2568.6,1.283457024,0.992083968,5.34272768,6.8150955008,2.1899833344,visdial:341253
dialog,visdial:341253,Static+Diverse 25%,0.25,10,0.4,402.20011570490897,407.57497149752453,421.9452856021235,35.99309140117839,19.7459454939235,101.91365148057227,438.19320710608736,427.5411785056349,520.1510444399901,353.632256,3536.32256,17.000928591005504,59.3687258195132,56.94632350932807,0.24305555555555552,0.24305555555555552,0.275531045751634,87.6,2448.0,2568.6,1.283457024,0.353632256,5.34272768,6.814281728,2.1547298816,visdial:341253
dialog,visdial:341253,Static+Diverse 50%,0.5,10,0.4,644.4260078074876,656.2149185047019,663.8241942622699,29.211316193686798,19.46202351246029,72.6170785696012,673.6373240011744,677.127183007542,713.2335586240515,674.234368,6742.34368,25.874342309543863,102.17563911573961,57.984366605523974,0.5032679738562091,0.5032679738562091,0.525326797385621,87.6,2448.0,2568.6,1.283457024,0.674234368,5.34272768,6.8143497216,2.1774364671999997,visdial:341253
dialog,visdial:348840,FullLoad,1.0,10,0.1,677.8372684901115,677.5763129990082,738.2563049905002,29.239248199155554,20.386706513818353,53.91869765298906,707.076516689267,700.0778990040999,774.9062294984469,1124.073472,11240.73472,0.0,,,1.0,1.0,1.0,108.0,2144.0,2287.6,1.124073472,1.124073472,5.183344128,6.515452569600001,2.1102272512,visdial:348840
dialog,visdial:348840,ReComp,,10,0.1,512.161103694234,508.6563994991593,542.4230768781854,24.849441199330613,19.561949011404067,47.53097099892327,537.0105448935647,539.3769439833704,565.2446163498098,0.0,0.0,0.0,0.0,512.1608833083883,,,,108.0,2144.0,2287.6,1.124073472,0.0,5.070674636800001,8.05724928,2.1102272512,visdial:348840
dialog,visdial:348840,SparseVLM 25%,0.25,10,0.1,665.0213208980858,666.9389024900738,710.3766165004345,43.80273270653561,42.68419000436552,64.92576169548556,708.8240536046214,705.8984184986912,745.849987809197,774.111232,7741.11232,,,,0.2462686567164179,0.2462686567164179,0.6417910447761195,108.0,2144.0,2287.6,1.124073472,0.721420288,5.183344128,6.5163110911999995,2.1120753664,visdial:348840
dialog,visdial:348840,Static+Diverse 25%,0.25,10,0.1,332.58828729740344,332.5241425191052,355.0538760260679,24.94974508881569,19.48130299570039,48.626393228187204,357.53803238621913,362.8196280042175,374.53804691904224,280.49408,2804.9408,15.025182021781802,49.46321433526464,54.83285689842887,0.2388059701492537,0.2388059701492537,0.2495335820895522,108.0,2144.0,2287.6,1.124073472,0.28049408,5.183344128,6.515991552,2.1120753664,visdial:348840
dialog,visdial:348840,Static+Diverse 50%,0.5,10,0.1,580.3536778956186,578.9693124825135,604.1940563620301,25.10538589558564,19.379413017304614,49.33150160068178,605.4590637912042,607.4891035095789,628.1800000870135,576.192512,5761.92512,23.406873253406957,88.48793935030699,55.69982329616323,0.4925373134328358,0.4925373134328358,0.5125932835820894,108.0,2144.0,2287.6,1.124073472,0.576192512,5.183344128,6.5160828416,2.1120753664,visdial:348840
dialog,visdial:351635,FullLoad,1.0,10,0.4,698.8933808985166,690.9408510255162,763.7165430933236,25.302657700376585,20.549154985928908,41.88255789922549,724.1960385988932,715.8374340215232,799.6165683405706,1132.46208,11324.6208,0.0,,,1.0,1.0,1.0,95.6,2160.0,2289.9,1.13246208,1.13246208,5.191732736,6.5168529408,2.1198004224,visdial:351635
dialog,visdial:351635,ReComp,,10,0.4,513.4830035094637,511.69841902446933,536.8411082657985,19.210231601027772,19.106466992525384,20.178967490210198,532.6932351104915,531.2847345194314,556.6692562017124,0.0,0.0,0.0,0.0,513.4827828092966,,,,95.6,2160.0,2289.9,1.13246208,0.0,5.078224384,8.069329664,2.1225832448,visdial:351635
dialog,visdial:351635,SparseVLM 25%,0.25,10,0.4,724.2843356041703,731.0276225034613,748.4754236938898,36.19285980821587,34.82335002627224,53.571491860202514,760.4771954123862,764.8013700090814,796.051124841324,850.2378496,8502.378496,,,,0.2444444444444444,0.2444444444444444,0.7039120370370371,95.6,2160.0,2289.9,1.13246208,0.7971536896,5.191732736,6.5176979968,2.1224153088,visdial:351635
dialog,visdial:351635,Static+Diverse 25%,0.25,10,0.4,324.31653569219634,320.9437629848253,346.4205078635132,20.793347101425752,19.73651599837467,26.365937903756265,345.1098827936221,340.9649949753657,372.55184682726394,292.028416,2920.28416,14.967037283349782,50.63994004158303,57.1382095979061,0.23842592592592596,0.23842592592592596,0.25787037037037036,95.6,2160.0,2289.9,1.13246208,0.292028416,5.191732736,6.5172630016,2.1224153088,visdial:351635
dialog,visdial:351635,Static+Diverse 50%,0.5,10,0.4,567.658341495553,567.370889504673,590.4270443978021,19.463334808824584,19.37343951431103,20.11585841246415,587.1216763043776,587.0664870017208,609.754651444382,591.13472,5911.3472,22.95456391875632,89.2485934717115,57.54995020106435,0.4962962962962963,0.4962962962962963,0.5219907407407407,95.6,2160.0,2289.9,1.13246208,0.59113472,5.191732736,6.5171741696000005,2.1224153088,visdial:351635
dialog,visdial:35806,FullLoad,1.0,10,0.4,722.2281672758982,717.0496609760448,788.5601050162221,31.51449040742591,20.43616899754852,61.19957699556835,753.7426576833241,744.9988979788031,849.7596820117905,1226.83392,12268.3392,0.0,,,1.0,1.0,1.0,100.3,2340.0,2474.2,1.22683392,1.22683392,5.28706304,6.713620275199999,2.1085011968,visdial:35806
dialog,visdial:35806,ReComp,,10,0.4,559.5544899057131,558.9904370135628,572.5308103224961,26.511137298075482,19.36521803145297,47.43175129115114,586.0656272037886,583.7371264933608,607.2460188675905,0.0,0.0,0.0,0.0,559.5542553113773,,,,100.3,2340.0,2474.2,1.22683392,0.0,5.16315904,8.540857190399999,2.1036580864000003,visdial:35806
dialog,visdial:35806,SparseVLM 25%,0.25,10,0.4,750.9553084033541,772.2614510275889,827.688131708419,30.89881519554183,25.31214599730447,51.9051151582971,781.854123598896,795.0631910061929,857.3108173470246,930.4997887999999,9304.997888,,,,0.24615384615384617,0.24615384615384617,0.7115811965811967,100.3,2340.0,2474.2,1.22683392,0.8729919488,5.286104576,6.713608038399999,2.1352415232,visdial:35806
dialog,visdial:35806,Static+Diverse 25%,0.25,10,0.4,354.4085548899602,358.78776700701565,375.64685943652876,27.024128718767315,19.621613522758707,48.97256740077862,381.43268360872753,384.1963540180586,415.16630319529213,313.065472,3130.65472,16.386634402442724,54.27138623781502,59.49920268612914,0.23461538461538461,0.23461538461538461,0.2551816239316239,100.3,2340.0,2474.2,1.22683392,0.313065472,5.28706304,6.7141421568,2.1141364736,visdial:35806
dialog,visdial:35806,Static+Diverse 50%,0.5,10,0.4,597.948563907994,603.4789400291629,620.2875632123323,27.136281598359346,19.78444796986878,49.012920475797706,625.0848455063533,623.0326135118958,645.4491134587443,613.679104,6136.79104,23.527016275329515,92.74078186135739,57.800815609516576,0.4803418803418803,0.4803418803418803,0.5002136752136753,100.3,2340.0,2474.2,1.22683392,0.613679104,5.286104576,6.7132583424,2.1082087424,visdial:35806
dialog,visdial:369440,FullLoad,1.0,10,0.6,692.017218604451,689.5416535262484,768.0450545536587,53.07601610547863,20.417722000274807,187.3477334069319,745.0932347099297,745.1133365102578,879.3554427218622,1233.125376,12331.25376,0.0,,,1.0,1.0,1.0,92.1,2352.0,2478.2,1.233125376,1.233125376,5.292740096,6.7192198656,2.1156642816,visdial:369440
dialog,visdial:369440,ReComp,,10,0.6,554.2549543955829,556.02380700293,574.5963974419283,46.517694991780445,19.335902004968375,165.50174232106633,600.7726493873633,576.2249779945705,726.4729781047206,0.0,0.0,0.0,0.0,554.2547604069114,,,,92.1,2352.0,2478.2,1.233125376,0.0,5.1688213504,8.5553059328,2.1110427648,visdial:369440
dialog,visdial:369440,SparseVLM 25%,0.25,10,0.6,777.3361985979136,773.6762024869677,889.3558078940259,50.184108200483024,34.38719347468577,134.01041449978933,827.5203067983966,863.9675659942441,930.0269594328711,1029.1511296,10291.511296,,,,0.24489795918367344,0.24489795918367344,0.7877125850340135,92.1,2352.0,2478.2,1.233125376,0.9713483776,5.292396032,6.719949772800001,2.1458825216,visdial:369440
dialog,visdial:369440,Static+Diverse 25%,0.25,10,0.6,355.43104371172376,361.1417825159151,377.92880792403594,48.207363998517394,19.657127500977367,169.91961969761155,403.63840771024115,380.3522340313066,544.6929353609446,324.272128,3242.72128,16.123736882582307,54.997898783767596,57.866641000146046,0.24489795918367344,0.24489795918367344,0.26296768707483,92.1,2352.0,2478.2,1.233125376,0.324272128,5.292740096,6.7196649472,2.1171154944,visdial:369440
dialog,visdial:369440,Static+Diverse 50%,0.5,10,0.6,600.1131458906457,606.5069334872533,617.8553485369775,47.332881920738146,19.523252005456015,169.082922345842,647.4460278113838,626.3795364939142,784.1480494942514,622.854144,6228.54144,23.053748917300254,93.65388076985255,58.9813525788486,0.4829931972789116,0.4829931972789116,0.5051020408163265,92.1,2352.0,2478.2,1.233125376,0.622854144,5.292396032,6.7191611392,2.1111590912000002,visdial:369440
dialog,visdial:376140,FullLoad,1.0,10,0.0,702.3327364120632,651.0766764986329,1044.5596808276598,24.953787098638713,24.992541992105544,33.276287076296285,727.286523510702,675.1132044882979,1067.2302907565602,1226.83392,12268.3392,0.0,,,1.0,1.0,1.0,99.8,2340.0,2473.5,1.22683392,1.22683392,5.28706304,6.715305574399999,2.066470912,visdial:376140
dialog,visdial:376140,ReComp,,10,0.0,557.3787072033156,561.9839910359588,577.2756974562071,19.40154120675288,19.41198401618749,19.924892255221494,576.7802484100685,581.4611970272381,597.1024987084093,0.0,0.0,0.0,0.0,557.3785440006759,,,,99.8,2340.0,2473.5,1.22683392,0.0,5.16315904,8.5396373504,2.0865892352,visdial:376140
dialog,visdial:376140,SparseVLM 25%,0.25,10,0.0,769.4249221065547,758.2425879954826,929.6791382774243,28.686810785438865,25.517731497529894,47.183664533076794,798.1117328919936,789.8667014960665,958.8070555008014,1016.0570368,10160.570368,,,,0.24615384615384617,0.24615384615384617,0.7813194444444445,99.8,2340.0,2473.5,1.22683392,0.9585491968,5.286104576,6.728744499199999,2.0947247104,visdial:376140
dialog,visdial:376140,Static+Diverse 25%,0.25,10,0.0,343.83434340707026,344.6843664860353,366.08122521138284,19.644845399307087,19.54779349034652,20.355786799336784,363.47918880637735,364.120817015646,386.32138449465856,316.735488,3167.35488,16.44248619559221,55.14963731402531,57.7477777027525,0.24743589743589745,0.24743589743589745,0.25817307692307695,99.8,2340.0,2473.5,1.22683392,0.316735488,5.28706304,6.7158640128,2.0805996544000003,visdial:376140
dialog,visdial:376140,Static+Diverse 50%,0.5,10,0.0,552.3548185999971,561.1767424852587,579.0494414424757,20.296899904496968,19.537269516149536,23.6790116992779,572.651718504494,580.6320919946302,601.9407917803619,614.596608,6145.96608,22.437121637631208,92.44452678249218,58.01596629898995,0.4816239316239316,0.4816239316239316,0.5009615384615385,99.8,2340.0,2473.5,1.22683392,0.614596608,5.286104576,6.714875494399999,2.087421952,visdial:376140
dialog,visdial:37996,FullLoad,1.0,10,0.3,635.6489571917336,645.6376269925386,687.0019740221323,31.06650389963761,20.279906981159,62.313373090000816,666.7154610913713,667.6435495028272,738.5302326758391,1226.83392,12268.3392,0.0,,,1.0,1.0,1.0,98.6,2340.0,2473.7,1.22683392,1.22683392,5.28706304,6.713865472,2.09988608,visdial:37996
dialog,visdial:37996,ReComp,,10,0.3,554.6615818049759,554.890248022275,575.9980774775613,28.429842909099534,19.51279101194814,55.46940236527007,583.0914247140754,578.178381518228,620.5495601025177,0.0,0.0,0.0,0.0,554.6613337937742,,,,98.6,2340.0,2473.7,1.22683392,0.0,5.16315904,8.5399339008,2.1054734336,visdial:37996
dialog,visdial:37996,SparseVLM 25%,0.25,10,0.3,765.3678751958068,771.9864030077588,794.2263600096339,39.717015996575356,30.76002449961379,73.96130753913891,805.0848911923822,803.7905144738033,861.0016873019049,969.5461376000001,9695.461376,,,,0.24615384615384617,0.24615384615384617,0.7434081196581197,98.6,2340.0,2473.7,1.22683392,0.9120382976,5.286104576,6.7138232832,2.120984576,visdial:37996
dialog,visdial:37996,Static+Diverse 25%,0.25,10,0.3,354.7446870012209,358.41634302050807,377.37077454512473,29.240601207129657,19.593780481955037,58.09737050149124,383.98528820835054,386.5389965067152,426.0881065420108,314.441728,3144.41728,16.059286845847964,53.80080807371996,56.231748597929254,0.2465811965811966,0.2465811965811966,0.2563034188034187,98.6,2340.0,2473.7,1.22683392,0.314441728,5.28706304,6.7144163328,2.1077880832,visdial:37996
dialog,visdial:37996,Static+Diverse 50%,0.5,10,0.3,584.9831846018787,579.8167919856496,612.2602117538918,29.540225095115602,19.85472152591683,59.604145932826206,614.5234096969943,611.9311809889041,657.1920352289453,611.385344,6113.85344,23.32869597012177,93.63407815108076,53.8040389015805,0.4803418803418803,0.4803418803418803,0.4983440170940171,98.6,2340.0,2473.7,1.22683392,0.611385344,5.286104576,6.7133863424,2.1037764608,visdial:37996
dialog,visdial:38667,FullLoad,1.0,10,0.5,689.450862898957,658.0371310119517,849.2349775915498,51.41312940977514,40.70962901460007,139.60692219843605,740.8639923087321,690.5949600331951,951.3700569863431,1226.83392,12268.3392,0.0,,,1.0,1.0,1.0,101.0,2340.0,2474.8,1.22683392,1.22683392,5.28706304,6.7141971456,2.0100759552,visdial:38667
dialog,visdial:38667,ReComp,,10,0.5,546.4856959064491,544.021995505318,566.0513498616638,40.769441303564236,19.791798491496593,125.7163054076953,587.2551372100133,566.5570705023129,679.5676903071578,0.0,0.0,0.0,0.0,546.4855109050404,,,,101.0,2340.0,2474.8,1.22683392,0.0,5.16315904,8.542251161600001,2.0486520832,visdial:38667
dialog,visdial:38667,SparseVLM 25%,0.25,10,0.4,666.2766036053654,684.6771570271812,762.8063290554563,52.084109699353576,26.50924850604497,139.8412589507642,718.360713304719,722.496736998437,807.1202793624251,826.40896,8264.0896,,,,0.24615384615384617,0.24615384615384617,0.626736111111111,101.0,2340.0,2474.8,1.22683392,0.76890112,5.286104576,6.7140068864,2.043987968,visdial:38667
dialog,visdial:38667,Static+Diverse 25%,0.25,10,0.4,354.2833729938138,363.10346698155627,380.8325839578174,38.12473120633513,19.567859504604712,120.5383885011541,392.40810420014895,391.32089453050867,479.3119273934279,318.570496,3185.70496,15.116559714078903,52.3993615352083,54.43375230534002,0.24615384615384617,0.24615384615384617,0.25966880341880344,101.0,2340.0,2474.8,1.22683392,0.318570496,5.28706304,6.7147226112,1.999224832,visdial:38667
dialog,visdial:38667,Static+Diverse 50%,0.5,10,0.5,581.0440725879744,581.3749139779247,631.6109222476371,43.49746061488986,20.22546000080183,134.1002201457739,624.5415332028642,615.164365968667,729.2220189992803,618.725376,6187.25376,21.893172152340412,93.15405850065872,55.269056506222114,0.4803418803418803,0.4803418803418803,0.5043269230769231,101.0,2340.0,2474.8,1.22683392,0.618725376,5.286104576,6.7137008128,2.0385787904,visdial:38667
dialog,visdial:388816,FullLoad,1.0,10,0.6,624.6368295047432,623.3684644976165,693.0407768115401,54.10124700865708,24.732740508625284,176.99529068195238,678.7380765134003,645.780813501915,834.2835526244014,1124.073472,11240.73472,0.0,,,1.0,1.0,1.0,80.8,2144.0,2258.4,1.124073472,1.124073472,5.183424409600001,6.485329408,2.0908699648,visdial:388816
dialog,visdial:388816,ReComp,,10,0.7,510.06700670113787,509.30859849904664,532.2276402410353,48.41080529731698,19.720419979421422,174.57302660914115,558.4778119984549,536.8604419927578,666.8468931427922,0.0,0.0,0.0,0.0,510.0667864084244,,,,80.8,2144.0,2258.4,1.124073472,0.0,5.0709556224,7.997756672,2.0894572544,visdial:388816
dialog,visdial:388816,SparseVLM 25%,0.25,10,0.7,600.4694330156781,629.8580250004306,650.6529270118335,55.48159278696403,34.04159648925997,150.94867438892823,655.9510258026421,657.3426055256277,770.6934221787377,779.7735424,7797.735424,,,,0.2462686567164179,0.2462686567164179,0.6468283582089552,80.8,2144.0,2258.4,1.124073472,0.7270825984,5.183665254399999,6.4858259968,2.087409664,visdial:388816
dialog,visdial:388816,Static+Diverse 25%,0.25,10,0.6,316.7727857013233,317.40095900022425,332.5760367530165,26.37350580189377,19.62036802433431,54.07238745247013,343.14629150321707,341.7940569925122,373.2646763179218,282.066944,2820.66944,15.601867123041302,50.80601436202414,54.11603730171919,0.2388059701492537,0.2388059701492537,0.2509328358208956,80.8,2144.0,2258.4,1.124073472,0.282066944,5.183424409600001,6.485664614399999,2.087409664,visdial:388816
dialog,visdial:388816,Static+Diverse 50%,0.5,10,0.7,539.2773761064745,539.123387017753,553.9436980936443,38.524120493093506,19.868331990437582,119.68414407456282,577.801496599568,563.0140260036569,655.0794748502084,580.386816,5803.86816,22.533679357729852,88.11822124407627,55.75026800506748,0.5074626865671642,0.5074626865671642,0.5163246268656716,80.8,2144.0,2258.4,1.124073472,0.580386816,5.183665254399999,6.4854219264,2.087409664,visdial:388816
dialog,visdial:413216,FullLoad,1.0,10,0.1,628.4482300048694,622.1838514902629,684.7323592897737,132.52854078891687,167.35131345922127,245.6315220159012,760.9767707937863,773.7303574976977,863.1167129788082,1124.073472,11240.73472,0.0,,,1.0,1.0,1.0,132.2,2144.0,2312.0,1.124073472,1.124073472,5.183424409600001,6.544081100800001,2.0732043264,visdial:413216
dialog,visdial:413216,ReComp,,10,0.1,512.1400287956931,507.74165699840523,544.7323785483604,124.60533489938825,156.62253249320202,237.3570384021149,636.7453636950813,674.9730930023361,755.9457701427164,0.0,0.0,0.0,0.0,512.1397784969304,,,,132.2,2144.0,2312.0,1.124073472,0.0,5.0709556224,8.1078432768,2.0661542912,visdial:413216
dialog,visdial:413216,SparseVLM 25%,0.25,10,0.1,692.8542683075648,687.5532240082975,732.1747825859347,132.85293799708597,112.94992850162089,281.6323910374193,825.7072063046508,811.6912764962763,975.9164501156192,873.0968064,8730.968064,,,,0.2462686567164179,0.2462686567164179,0.7298507462686568,132.2,2144.0,2312.0,1.124073472,0.8204058624,5.183665254399999,6.5451666432,2.0662050815999997,visdial:413216
dialog,visdial:413216,Static+Diverse 25%,0.25,10,0.1,304.20583679224364,303.93207250745036,332.2724259662209,132.90547070209868,151.90219550277106,282.4974253773689,437.1113074943423,471.98818597826175,587.622257595649,274.202624,2742.02624,14.635558798909187,48.2492363313213,58.64071748801507,0.2388059701492537,0.2388059701492537,0.24393656716417916,132.2,2144.0,2312.0,1.124073472,0.274202624,5.183424409600001,6.5448042496,2.0662050815999997,visdial:413216
dialog,visdial:413216,Static+Diverse 50%,0.5,10,0.1,503.63807690446265,512.1101479744539,525.0440065428847,107.76069309213199,95.30327998800203,238.96387890563335,611.3987699965946,614.348778501153,712.7730300009716,574.09536,5740.9536,21.087444975273684,84.10952661070041,60.384883597726,0.5074626865671642,0.5074626865671642,0.5107276119402985,132.2,2144.0,2312.0,1.124073472,0.57409536,5.183665254399999,6.544793088,2.0662050815999997,visdial:413216
dialog,visdial:413417,FullLoad,1.0,10,0.1,629.9448370060418,622.1744445210788,708.8523328013251,41.97193398140371,20.39771748241037,127.23042741126832,671.9167709874455,644.6060664893594,795.6656252383254,1124.073472,11240.73472,0.0,,,1.0,1.0,1.0,119.6,2144.0,2298.3,1.124073472,1.124073472,5.183344128,6.526461132800001,2.111946752,visdial:413417
dialog,visdial:413417,ReComp,,10,0.1,509.5655817014631,506.9243384641595,540.3262050589547,39.80594309978187,19.73973648273386,126.97142355900709,549.371524801245,532.1721479995176,651.8783344974506,0.0,0.0,0.0,0.0,509.5653656113427,,,,119.6,2144.0,2298.3,1.124073472,0.0,5.070674636800001,8.0791909888,2.0953219072000002,visdial:413417
dialog,visdial:413417,SparseVLM 25%,0.25,10,0.1,704.7100250027142,725.3585045109503,751.7731106519932,35.193603491643444,30.56677448330447,58.12624830577985,739.9036284943577,756.3553154759575,799.7356124222279,925.3158912,9253.158912,,,,0.2462686567164179,0.2462686567164179,0.7763059701492537,119.6,2144.0,2298.3,1.124073472,0.8726249472000001,5.183344128,6.5278026752,2.0991664128,visdial:413417
dialog,visdial:413417,Static+Diverse 25%,0.25,10,0.1,305.25042960071005,308.3431400009431,323.70018972142134,51.35441701277159,19.814728992059827,162.66682485584164,356.60484661348164,340.1515354926232,468.5155620158184,278.396928,2783.96928,15.051492565544322,49.45836304104887,57.68918750109151,0.2238805970149254,0.2238805970149254,0.24766791044776118,119.6,2144.0,2298.3,1.124073472,0.278396928,5.183344128,6.5268983808000005,2.0921540608,visdial:413417
dialog,visdial:413417,Static+Diverse 50%,0.5,10,0.1,532.1908527985215,537.4791214999277,545.0548599357717,40.220696199685335,19.766381476074457,128.9741228916681,572.4115489982069,557.8475174843334,669.1357422649161,574.619648,5746.19648,22.742678434588015,88.300988485571,59.004946891218424,0.4925373134328358,0.4925373134328358,0.5111940298507462,119.6,2144.0,2298.3,1.124073472,0.574619648,5.183344128,6.526933555199999,2.1057200128,visdial:413417
dialog,visdial:414026,FullLoad,1.0,10,0.6,633.640159398783,639.7111089900136,681.9883719930658,26.864952692994848,24.365799967199564,44.26531219505704,660.5051120917778,665.2762975136284,701.9807688426226,1175.453696,11754.53696,0.0,,,1.0,1.0,1.0,84.3,2242.0,2359.3,1.175453696,1.175453696,5.234724352,6.5910159872,2.0809273344,visdial:414026
dialog,visdial:414026,ReComp,,10,0.6,523.403085017344,522.3402890260331,544.9616351630539,21.2512734986376,19.34093050658703,30.21837319538461,544.6543585159816,542.3014200059697,574.3859045993304,0.0,0.0,0.0,0.0,523.4028219070751,,,,84.3,2242.0,2359.3,1.175453696,0.0,5.1169168384,8.2509185024,2.0898246655999997,visdial:414026
dialog,visdial:414026,SparseVLM 25%,0.25,10,0.6,723.8571268040687,731.0069225204643,757.8913145989645,38.07493539643474,38.70643401751295,50.91579643194563,761.9320622005034,769.4052450242452,806.116292902152,925.4600704,9254.600704,,,,0.24620874219446925,0.24620874219446925,0.740446587867975,84.3,2242.0,2359.3,1.175453696,0.8703606784,5.234724352,6.591815424,2.082342912,visdial:414026
dialog,visdial:414026,Static+Diverse 25%,0.25,10,0.6,301.4557523012627,305.6561140110716,323.30841761722695,21.681796485790983,19.966677471529692,30.200134619371944,323.1375487870537,325.56157547514886,352.33091828704346,297.467904,2974.67904,14.80133113800548,50.03872190718539,51.85911150765605,0.2292595896520963,0.2292595896520963,0.25306645851917936,84.3,2242.0,2359.3,1.175453696,0.297467904,5.234724352,6.591256064,2.082342912,visdial:414026
dialog,visdial:414026,Static+Diverse 50%,0.5,10,0.6,516.8950348044746,516.7311385157518,550.6149563530926,21.66449420619756,19.79085401399061,30.712330920505316,538.5595290106721,536.8183990358375,581.0732112498954,589.299712,5892.99712,21.260388958035037,85.69500871235505,54.6604682051111,0.48617305976806424,0.48617305976806424,0.5013380909901873,84.3,2242.0,2359.3,1.175453696,0.589299712,5.234724352,6.591193753600001,2.0936138752,visdial:414026
dialog,visdial:416028,FullLoad,1.0,10,0.7,710.7300205039792,715.6393749755807,779.9507418967551,27.233461890136823,21.78269051364623,52.66106222406955,737.963482394116,744.7817539796233,801.61690886016,1233.125376,12331.25376,0.0,,,1.0,1.0,1.0,82.2,2352.0,2467.9,1.233125376,1.233125376,5.292740096,6.7070868992,2.1242826752,visdial:416028
dialog,visdial:416028,ReComp,,10,0.7,553.429793898249,560.0131344981492,576.9089207577053,24.68789300764911,19.12540799821727,49.80554002977436,578.1176869058982,583.7589795119129,614.1605155804427,0.0,0.0,0.0,0.0,553.4295645018574,,,,82.2,2352.0,2467.9,1.233125376,0.0,5.1688213504,8.5332466688,2.1242826752,visdial:416028
dialog,visdial:416028,SparseVLM 25%,0.25,10,0.5,788.4485888993368,778.519031999167,845.2762255183188,36.190091096796095,28.58526899944991,65.75907896913118,824.6386799961329,814.0028165071271,890.3769871481927,999.7385727999999,9997.385728,,,,0.24489795918367344,0.24489795918367344,0.7638605442176871,82.2,2352.0,2467.9,1.233125376,0.9419358207999999,5.292396032,6.7078533632,2.1245394944,visdial:416028
dialog,visdial:416028,Static+Diverse 25%,0.25,10,0.5,350.3300871059764,359.33644452597946,368.74740050989203,26.95742740179412,19.440456002485007,59.33838315249882,377.28751450777054,381.07500050682575,417.3483711172593,323.223552,3232.23552,16.431081324117258,55.89007668895647,53.39969259221107,0.24489795918367344,0.24489795918367344,0.26211734693877553,82.2,2352.0,2467.9,1.233125376,0.323223552,5.292740096,6.7074231808,2.1245394944,visdial:416028
dialog,visdial:416028,Static+Diverse 50%,0.5,10,0.5,590.5576911056414,591.3563155045267,608.6110933625605,25.638932886067778,19.582001492381096,52.26343009271653,616.1966239917092,612.3424065008294,647.2289940778865,622.329856,6223.29856,23.54403712088242,92.96203131671064,56.18166920612566,0.4829931972789116,0.4829931972789116,0.5046768707482994,82.2,2352.0,2467.9,1.233125376,0.622329856,5.292396032,6.707269017600001,2.1245394944,visdial:416028
dialog,visdial:417322,FullLoad,1.0,10,0.2,675.0792214006651,699.6071424800903,732.9647931357613,46.15427009994164,22.12226649862714,135.44967059860926,721.2334915006068,721.2995754962321,837.5355583295458,1124.073472,11240.73472,0.0,,,1.0,1.0,1.0,100.3,2144.0,2279.5,1.124073472,1.124073472,5.183344128,6.507028582399999,2.106843136,visdial:417322
dialog,visdial:417322,ReComp,,10,0.2,508.12340039992705,506.6026680287905,530.7515332126059,44.243306398857385,19.316079997224733,132.64431364950713,552.3667067987844,536.0227604978718,643.6212515312944,0.0,0.0,0.0,0.0,508.12318249372765,,,,100.3,2144.0,2279.5,1.124073472,0.0,5.070674636800001,8.0410585088,2.106843136,visdial:417322
dialog,visdial:417322,SparseVLM 25%,0.25,10,0.2,609.6086093981285,616.2896769819781,642.6565933506936,59.03496429673396,40.11939949123189,160.4268390976357,668.6435736948624,648.9291194884572,803.0834324483293,695.6777472,6956.777472,,,,0.2462686567164179,0.2462686567164179,0.5720149253731344,100.3,2144.0,2279.5,1.124073472,0.6429868032,5.183344128,6.507604736,2.106843136,visdial:417322
dialog,visdial:417322,Static+Diverse 25%,0.25,10,0.2,330.39120910689235,330.8145365153905,350.563587792567,46.20604639640078,19.816438987618312,140.36837122403074,376.5972555032931,356.14895352046005,480.16202082799265,279.969792,2799.69792,16.600100067444146,52.10167798795737,54.75078870076686,0.2388059701492537,0.2388059701492537,0.24906716417910452,100.3,2144.0,2279.5,1.124073472,0.279969792,5.183344128,6.5074587648,2.106843136,visdial:417322
dialog,visdial:417322,Static+Diverse 50%,0.5,10,0.2,573.5394027084112,576.2425280117895,581.1916946870042,45.662536984309554,19.738692993996665,137.1853728312998,619.2019396927208,600.4069444607012,707.5564271071925,575.143936,5751.43936,23.806061531649902,88.38021016563289,57.53413111087866,0.4925373134328358,0.4925373134328358,0.5116604477611941,100.3,2144.0,2279.5,1.124073472,0.575143936,5.183344128,6.5074925056,2.106843136,visdial:417322
dialog,visdial:431325,FullLoad,1.0,10,0.4,666.1218824971002,661.7890849884134,725.9936010173988,33.02357280626893,22.0716905023437,65.20016616850623,699.1454553033691,698.2884529861622,763.9028333069291,1226.83392,12268.3392,0.0,,,1.0,1.0,1.0,122.0,2340.0,2497.1,1.22683392,1.22683392,5.28706304,6.7386381312,2.0869292032,visdial:431325
dialog,visdial:431325,ReComp,,10,0.4,564.6330344141461,563.1904315087013,604.5171213627327,26.86520490096882,19.574464997276664,58.22344451444219,591.4982393151149,583.019845013041,634.1271267068805,0.0,0.0,0.0,0.0,564.6327584050596,,,,122.0,2340.0,2497.1,1.22683392,0.0,5.16315904,8.590424371200001,2.09348608,visdial:431325
dialog,visdial:431325,SparseVLM 25%,0.25,10,0.4,740.1008787041064,759.5251089951489,786.4991598005872,35.44084040331654,27.62785751838237,66.62488051515534,775.541719107423,797.3524050030392,828.5541305755032,941.2608,9412.608,,,,0.24615384615384617,0.24615384615384617,0.7203525641025641,122.0,2340.0,2497.1,1.22683392,0.88375296,5.286104576,6.7389283328000005,2.0931457024,visdial:431325
dialog,visdial:431325,Static+Diverse 25%,0.25,10,0.4,346.78878010599874,346.95859902421944,370.78975852928124,21.553584409411997,19.808748009381816,30.151114819454943,368.34236451541074,366.91893253009766,399.2317977070343,314.441728,3144.41728,16.284572967560962,54.36939349747263,58.31919619231485,0.24615384615384617,0.24615384615384617,0.2563034188034187,122.0,2340.0,2497.1,1.22683392,0.314441728,5.28706304,6.7393678848,2.0878757888,visdial:431325
dialog,visdial:431325,Static+Diverse 50%,0.5,10,0.3,566.1567131115589,578.4807809977792,598.1349397159647,21.52824249351397,19.503508519846946,30.724359527812318,587.6849556050729,597.7741864917334,617.7904507319909,615.514112,6155.14112,22.297391504980624,91.30220410879701,58.14533091033809,0.49230769230769234,0.49230769230769234,0.5017094017094017,122.0,2340.0,2497.1,1.22683392,0.615514112,5.286104576,6.7382005248,2.0982566912,visdial:431325
dialog,visdial:43416,FullLoad,1.0,10,0.6,669.9515792017337,663.3300620014779,737.7470268431352,26.248525886330754,19.925041968235746,42.937839470687315,696.2001050880644,687.3209124896675,779.1194720310159,1233.125376,12331.25376,0.0,,,1.0,1.0,1.0,76.2,2352.0,2461.0,1.233125376,1.233125376,5.292740096,6.7010015231999995,2.0951105536,visdial:43416
dialog,visdial:43416,ReComp,,10,0.6,546.3767392036971,543.7011665198952,570.8487519907067,21.384034189395607,19.536326493835077,29.97469523397738,567.7607733930927,568.5623985191341,590.1472174213268,0.0,0.0,0.0,0.0,546.3764868094586,,,,76.2,2352.0,2461.0,1.233125376,0.0,5.1688213504,8.518239744,2.1001732096,visdial:43416
dialog,visdial:43416,SparseVLM 25%,0.25,10,0.6,740.5489080992993,748.6580825061537,803.4364143182756,32.08157659973949,33.46718801185489,45.91762188356369,772.6304846990388,780.0211555149872,839.9001432408113,977.272832,9772.72832,,,,0.24489795918367344,0.24489795918367344,0.7456420068027211,76.2,2352.0,2461.0,1.233125376,0.91947008,5.292396032,6.7019100672,2.098255872,visdial:43416
dialog,visdial:43416,Static+Diverse 25%,0.25,10,0.6,349.8214361956343,350.42544148745947,379.69328590261284,21.567448996938765,19.45898900157772,31.175861551309914,371.38888519257307,370.1243304822128,399.2110132967355,324.796416,3247.96416,16.15253602503799,54.7554356046021,51.24880839139223,0.24744897959183673,0.24744897959183673,0.26339285714285715,76.2,2352.0,2461.0,1.233125376,0.324796416,5.292740096,6.7013318144,2.0989906944000003,visdial:43416
dialog,visdial:43416,Static+Diverse 50%,0.5,10,0.6,592.6355725096073,599.376795522403,626.1216103943298,22.631915885722265,19.68751597451046,36.83168978022874,615.2674883953296,619.0643114969134,662.6021336880513,623.640576,6236.40576,22.54212708794512,93.73676969553344,52.90948830661364,0.4829931972789116,0.4829931972789116,0.5057397959183675,76.2,2352.0,2461.0,1.233125376,0.623640576,5.292396032,6.701033881600001,2.1025652736,visdial:43416
dialog,visdial:442053,FullLoad,1.0,10,0.7,690.514275507303,706.9484659878071,754.5348753192229,23.947959492215887,19.82424847665243,41.908167258952716,714.4622349995188,726.7854864767287,789.1819391865283,1233.125376,12331.25376,0.0,,,1.0,1.0,1.0,83.0,2352.0,2468.6,1.233125376,1.233125376,5.292740096,6.70774272,2.1165473792,visdial:442053
dialog,visdial:442053,ReComp,,10,0.7,548.7690416979603,549.6440174756572,566.6792813659413,19.353980000596493,19.197598012397066,19.957053143298253,568.1230216985568,569.5991179673001,585.8444588608108,0.0,0.0,0.0,0.0,548.7688528955914,,,,83.0,2352.0,2468.6,1.233125376,0.0,5.1688213504,8.5345792512,2.127847424,visdial:442053
dialog,visdial:442053,SparseVLM 25%,0.25,10,0.7,756.4451464917511,772.2203379962593,797.1475982631091,27.80884761014022,24.987900513224304,44.41218783613292,784.2539941018913,801.4415960351471,824.3520996620646,987.3915903999999,9873.915904,,,,0.24489795918367344,0.24489795918367344,0.7538477891156463,83.0,2352.0,2468.6,1.233125376,0.9295888384,5.292396032,6.7084563968,2.1249306624,visdial:442053
dialog,visdial:442053,Static+Diverse 25%,0.25,10,0.7,349.4170926976949,355.44706697692163,367.01047695532907,20.001366606447846,19.730867497855797,21.69262148090638,369.41845930414274,375.387629494071,386.2832316168351,323.485696,3234.85696,16.294198407558724,55.23460872936994,54.9482416943647,0.24744897959183673,0.24744897959183673,0.2623299319727891,83.0,2352.0,2468.6,1.233125376,0.323485696,5.292740096,6.7080795136,2.1185601536,visdial:442053
dialog,visdial:442053,Static+Diverse 50%,0.5,10,0.7,597.0786424994003,609.0885875164531,623.3929288369836,19.828146806685254,19.906843488570303,20.661447240854613,616.9067893060856,628.7023060431238,643.1802836421411,624.689152,6246.89152,23.263336397940293,93.74405648559332,56.85374189633876,0.48979591836734687,0.48979591836734687,0.5065901360544218,83.0,2352.0,2468.6,1.233125376,0.624689152,5.292396032,6.7076531712,2.1147877376,visdial:442053
dialog,visdial:447518,FullLoad,1.0,10,0.7,679.9257072911132,695.117641997058,746.0739057278261,24.329484603367746,19.926477019907907,42.616236506728434,704.255191894481,714.9695525004063,788.6901422345545,1132.46208,11324.6208,0.0,,,1.0,1.0,1.0,86.2,2160.0,2278.9,1.13246208,1.13246208,5.191732736,6.506209792,2.0956389376,visdial:447518
dialog,visdial:447518,ReComp,,10,0.6,512.347061210312,515.5641839955933,529.0553307160735,19.14405059069395,19.057939964113757,19.783493975410238,531.4911118010059,535.1796479953919,547.8983650682494,0.0,0.0,0.0,0.0,512.3468464065809,,,,86.2,2160.0,2278.9,1.13246208,0.0,5.078224384,8.04682752,2.0938891264,visdial:447518
dialog,visdial:447518,SparseVLM 25%,0.25,10,0.5,747.1105451986659,756.5924730151892,791.4282085577725,36.21655429014936,38.62522999406792,53.6800578556722,783.3270994888153,790.6593279913068,836.4954764721915,909.8231807999999,9098.231808,,,,0.2444444444444444,0.2444444444444444,0.7565277777777778,86.2,2160.0,2278.9,1.13246208,0.8567390208,5.191732736,6.5070151168,2.0956389376,visdial:447518
dialog,visdial:447518,Static+Diverse 25%,0.25,10,0.6,337.96948580420576,338.95100449444726,359.11274224636145,22.21532070543617,19.708717009052634,31.319806762621727,360.18480650964193,360.6450734951068,389.4447296974249,292.814848,2928.14848,15.746808348922059,52.31481861555949,57.10678760660812,0.23888888888888887,0.23888888888888887,0.25856481481481486,86.2,2160.0,2278.9,1.13246208,0.292814848,5.191732736,6.5065211392,2.0956389376,visdial:447518
dialog,visdial:447518,Static+Diverse 50%,0.5,10,0.6,564.5655333879404,570.668635511538,578.7703554116888,19.842196407262236,19.84159753192216,20.321228067041375,584.4077297952026,590.6262524949852,599.0595110954018,590.348288,5903.48288,22.94397428049706,88.37851663120091,56.16837000125088,0.4962962962962963,0.4962962962962963,0.5212962962962963,86.2,2160.0,2278.9,1.13246208,0.590348288,5.191732736,6.5064439296000005,2.0956389376,visdial:447518
dialog,visdial:458783,FullLoad,1.0,10,0.1,619.4400916108862,622.8052265068982,690.6897251174087,85.39790109498426,57.73275051615201,195.57446088001595,704.8379927058704,716.1005075322464,835.9300688840449,1226.83392,12268.3392,0.0,,,1.0,1.0,1.0,108.2,2340.0,2483.1,1.22683392,1.22683392,5.28706304,6.7274337792,2.0688150527999998,visdial:458783
dialog,visdial:458783,ReComp,,10,0.1,556.6572516981978,554.6733155206311,586.2735958158737,73.67730480618775,38.099633529782295,192.03829963516907,630.3345565043855,605.1339530094992,754.6264639415313,0.0,0.0,0.0,0.0,556.6570390947163,,,,108.2,2340.0,2483.1,1.22683392,0.0,5.16315904,8.560743219199999,2.0763123712000002,visdial:458783
dialog,visdial:458783,SparseVLM 25%,0.25,10,0.1,727.2010058048181,729.5876430289354,811.5818476682762,91.3996109040454,55.747846519807354,213.465523062041,818.6006167088635,798.5909665294457,971.7512074625118,1007.3276416,10073.276416,,,,0.24615384615384617,0.24615384615384617,0.7742040598290598,108.2,2340.0,2483.1,1.22683392,0.9498198016,5.286104576,6.7276992512,2.0809506816,visdial:458783
dialog,visdial:458783,Static+Diverse 25%,0.25,10,0.0,353.2886066066567,352.2415300249122,378.59653448686004,93.30905828392133,85.59380398946814,200.88018335809463,446.597664890578,421.9653599720914,572.5706401222851,313.524224,3135.24224,15.750120766460896,53.14663637545891,57.17916751164012,0.24615384615384617,0.24615384615384617,0.25555555555555554,108.2,2340.0,2483.1,1.22683392,0.313524224,5.28706304,6.7280294912,2.0809506816,visdial:458783
dialog,visdial:458783,Static+Diverse 50%,0.5,10,0.1,570.597104204353,575.9785474801902,597.4533449218143,89.6285762952175,57.103972969343886,210.12201241974253,660.2256804995704,641.8308869760949,790.8264754980337,611.844096,6118.44096,22.47082045651041,91.86450859415345,58.325254201190546,0.49230769230769234,0.49230769230769234,0.4987179487179487,108.2,2340.0,2483.1,1.22683392,0.611844096,5.286104576,6.726840576,2.0800843776,visdial:458783
dialog,visdial:465837,FullLoad,1.0,10,0.3,583.770660602022,596.036971983267,650.2231766702607,40.51184898708016,20.23482447839342,123.94360015168772,624.2825095891021,615.8973039709963,746.9473048637154,1031.798784,10317.98784,0.0,,,1.0,1.0,1.0,86.0,1968.0,2087.0,1.031798784,1.031798784,5.09106944,6.3021112831999995,2.0332167168,visdial:465837
dialog,visdial:465837,ReComp,,10,0.3,443.7205151945818,447.5358194904402,477.70087799290195,35.84904879098758,19.22919650678523,110.77312543056888,479.5695639855694,466.9129744870588,587.7414430287897,0.0,0.0,0.0,0.0,443.7203206063714,,,,86.0,1968.0,2087.0,1.031798784,0.0,4.987627417600001,7.5784786431999995,2.0332167168,visdial:465837
dialog,visdial:465837,SparseVLM 25%,0.25,10,0.3,696.9000920071267,706.9620889960788,740.5862274492392,54.48777639539912,38.69461448630318,140.43153629754653,751.3878684025258,742.305221996503,880.5464873119488,889.9264512000001,8899.264512,,,,0.2439024390243903,0.2439024390243903,0.815625,86.0,1968.0,2087.0,1.031798784,0.8415608832,5.09106944,6.3038245888,2.0362223615999997,visdial:465837
dialog,visdial:465837,Static+Diverse 25%,0.25,10,0.3,319.8183967033401,319.4090765027795,345.34467039629817,38.27218109508976,19.703603989910334,120.56267825537346,358.0905777984299,339.04443599749357,459.93254299683014,290.193408,2901.93408,15.076550730736926,51.318552636075765,53.51455570780672,0.25406504065040647,0.25406504065040647,0.28125,86.0,1968.0,2087.0,1.031798784,0.290193408,5.09106944,6.302325504,2.0362305536,visdial:465837
dialog,visdial:465837,Static+Diverse 50%,0.5,10,0.3,507.6216568995733,511.1070124839898,530.9513448679354,36.36963610188104,19.73808297771029,111.688092316035,543.9912930014543,536.0565849696286,634.752162915538,556.007424,5560.07424,22.07059659413062,84.61183995241299,55.4724522982724,0.5121951219512194,0.5121951219512194,0.5388719512195121,86.0,1968.0,2087.0,1.031798784,0.556007424,5.09106944,6.3027165696,2.0440162304,visdial:465837
dialog,visdial:466148,FullLoad,1.0,10,0.7,588.4586644999217,584.715373988729,661.2975167954573,27.209431497612968,25.084786000661552,38.31580858968664,615.6680959975347,616.981400467921,683.6656057013897,1021.313024,10213.13024,0.0,,,1.0,1.0,1.0,91.7,1948.0,2073.5,1.021313024,1.021313024,5.081058816,6.2859608576,2.0830134272,visdial:466148
dialog,visdial:466148,ReComp,,10,0.7,438.58609560411423,445.2315849775914,470.2174092119094,21.09692640369758,19.270275020971894,29.480207574670185,459.6830220078118,464.17263499461114,489.636178596993,0.0,0.0,0.0,0.0,438.58583210385405,,,,91.7,1948.0,2073.5,1.021313024,0.0,4.9781902336,7.5428347392,2.0830134272,visdial:466148
dialog,visdial:466148,SparseVLM 25%,0.25,10,0.7,563.6609062901698,582.4321674881503,628.5617765592178,30.599691800307482,30.37183449487202,40.673809152212925,594.2605980904773,610.5811484740116,658.2538688031491,695.6515327999999,6956.515328,,,,0.24640657084188913,0.24640657084188913,0.6342594969199179,91.7,1948.0,2073.5,1.021313024,0.6477774848,5.08058368,6.2859623936,2.0864147456,visdial:466148
dialog,visdial:466148,Static+Diverse 25%,0.25,10,0.7,301.6702784982044,302.9575094988104,320.1998054457363,21.297751390375197,19.264764501713216,30.512616687337847,322.9680298885796,322.5673249689862,345.6407779507572,278.986752,2789.86752,13.660930702462792,46.96821927209385,53.72726620407775,0.26283367556468173,0.26283367556468173,0.2731647843942505,91.7,1948.0,2073.5,1.021313024,0.278986752,5.081058816,6.2861733888,2.0793663488,visdial:466148
dialog,visdial:466148,Static+Diverse 50%,0.5,10,0.7,499.85483399941586,506.8522849760484,524.8143487377092,21.620490710483864,19.944119529100135,30.208685918478274,521.4753247098997,526.5579875267576,547.2748743050033,540.34432,5403.4432,21.463364269584417,81.20899620116688,55.792907398426905,0.5071868583162218,0.5071868583162218,0.5290682751540041,91.7,1948.0,2073.5,1.021313024,0.54034432,5.08058368,6.2858039296,2.0793663488,visdial:466148
dialog,visdial:466354,FullLoad,1.0,10,0.6,528.7689899036195,531.9385359762236,550.5459580657771,41.53415329637937,41.44838699721731,60.97155109164305,570.3031431999989,569.7106320003513,593.6091359559214,773.849088,7738.49088,0.0,,,1.0,1.0,1.0,95.5,1476.0,1605.9,0.773849088,0.773849088,4.833119744,5.7897012736,2.100580352,visdial:466354
dialog,visdial:466354,ReComp,,10,0.6,317.9129005060531,319.72859951201826,329.4607589545194,26.891845394857228,19.56830799463205,49.115986516699174,344.80474590091035,340.627283527283,367.7520919445669,0.0,0.0,0.0,0.0,317.9127527982928,,,,95.5,1476.0,1605.9,0.773849088,0.0,4.7554726912,6.4999122432,2.100580352,visdial:466354
dialog,visdial:466354,SparseVLM 25%,0.25,10,0.6,474.89764819620177,488.1616975180805,512.3062766127987,36.88874320941977,32.45929052354768,67.73369097791142,511.78639140562154,525.5837235308718,579.7804606729187,588.84096,5888.4096,,,,0.2439024390243903,0.2439024390243903,0.7140497967479675,95.5,1476.0,1605.9,0.773849088,0.552566784,4.833119744,5.7904011264,2.100580352,visdial:466354
dialog,visdial:466354,Static+Diverse 25%,0.25,10,0.6,248.2556125964038,252.82299099490047,263.3234433596954,28.41786909266375,20.213504001731053,48.46265116939319,276.67348168906756,278.2957029994577,294.7231770202052,198.57408,1985.7408,12.57407363737002,39.33548855711706,51.05665609589778,0.22086720867208673,0.22086720867208673,0.2566056910569106,95.5,1476.0,1605.9,0.773849088,0.19857408,4.833119744,5.7897995776,2.100580352,visdial:466354
dialog,visdial:466354,Static+Diverse 50%,0.5,10,0.6,379.2625807109289,383.8641124893911,397.81305576034356,27.421395597048104,20.225951506290585,49.34528005542232,406.683976307977,403.5220639780164,446.2950949498918,394.985472,3949.85472,18.079463799949735,63.79649462760426,52.98621639958583,0.4796747967479675,0.4796747967479675,0.5104166666666667,95.5,1476.0,1605.9,0.773849088,0.394985472,4.833119744,5.790085222399999,2.100580352,visdial:466354
dialog,visdial:46673,FullLoad,1.0,10,0.7,694.7573647019453,687.1106144681107,750.9089502418647,24.990589794469997,19.870657968567684,43.785015467437894,719.7479544964153,713.4836609766353,774.1962889151182,1226.83392,12268.3392,0.0,,,1.0,1.0,1.0,92.6,2340.0,2468.7,1.22683392,1.22683392,5.28706304,6.7095555072,2.1247066112,visdial:46673
dialog,visdial:46673,ReComp,,10,0.7,547.8620626032352,546.3784285238944,570.9921829053201,19.189620902761817,19.12583500961773,19.757533859228715,567.0516835059971,565.7654015230946,589.9010094406549,0.0,0.0,0.0,0.0,547.8618480090518,,,,92.6,2340.0,2468.7,1.22683392,0.0,5.16315904,8.529446758399999,2.1247066112,visdial:46673
dialog,visdial:46673,SparseVLM 25%,0.25,10,0.7,747.9602575011086,746.3932654936798,809.1473237291211,31.544639315688983,31.918184511596337,40.65586029901169,779.5048968167976,778.1888910103589,846.4325571520021,915.2626687999999,9152.626688,,,,0.24615384615384617,0.24615384615384617,0.6991613247863248,92.6,2340.0,2468.7,1.22683392,0.8577548288,5.286104576,6.7121857536,2.1231136768,visdial:46673
dialog,visdial:46673,Static+Diverse 25%,0.25,10,0.7,360.9523643099237,363.6196220177226,375.1251890847925,19.39245059620589,19.451866974122822,19.677898930967785,380.3448149061296,383.22908102418296,394.5591043535387,317.652992,3176.52992,17.3211885150522,56.72143077827059,55.61517389724031,0.24615384615384617,0.24615384615384617,0.25892094017094014,92.6,2340.0,2468.7,1.22683392,0.317652992,5.28706304,6.710024601600001,2.1231136768,visdial:46673
dialog,visdial:46673,Static+Diverse 50%,0.5,10,0.7,602.223982103169,605.0135325058363,619.5740531402407,19.91812729393132,19.596508500399068,21.58816994342487,622.1421093971003,624.4702764961403,639.160108906799,614.596608,6145.96608,22.680190968094394,91.86919788480736,60.07210871321149,0.4803418803418803,0.4803418803418803,0.5009615384615385,92.6,2340.0,2468.7,1.22683392,0.614596608,5.286104576,6.709175961600001,2.1231136768,visdial:46673
dialog,visdial:473586,FullLoad,1.0,10,0.0,700.0556296959985,696.2407325045206,795.5096580466487,45.48935239436105,43.119630485307425,97.2824305528774,745.5449820903596,740.9410504915286,875.1089300145395,1233.125376,12331.25376,0.0,,,1.0,1.0,1.0,109.5,2352.0,2494.3,1.233125376,1.233125376,5.292740096,6.7389069824,2.1168259072,visdial:473586
dialog,visdial:473586,ReComp,,10,0.0,554.9310918082483,548.5876655147877,589.0090016648173,42.91440580273047,37.71056453115307,94.97631810663725,597.8454976109788,591.6499724844471,663.3723769395145,0.0,0.0,0.0,0.0,554.9309134948999,,,,109.5,2352.0,2494.3,1.233125376,0.0,5.1688213504,8.590513766399999,2.1168259072,visdial:473586
dialog,visdial:473586,SparseVLM 25%,0.25,10,0.0,794.2227378021926,800.5324089899659,827.8061902499758,59.858515101950616,50.4861939989496,137.54690156201818,854.0812529041432,844.2886090197135,965.353091811994,1023.7247487999999,10237.247488,,,,0.24489795918367344,0.24489795918367344,0.7833120748299319,109.5,2352.0,2494.3,1.233125376,0.9659219967999999,5.292396032,6.739969177600001,2.1349269504,visdial:473586
dialog,visdial:473586,Static+Diverse 25%,0.25,10,0.1,361.4680701983161,361.09153399593197,379.1471784556052,43.86731398990378,38.33594647585414,108.1905435945372,405.3353841882199,396.69542098999955,466.30137659376476,324.272128,3242.72128,16.783294040942565,56.12700778292492,58.599853893974796,0.24617346938775514,0.24617346938775514,0.26296768707483,109.5,2352.0,2494.3,1.233125376,0.324272128,5.292740096,6.7395737088,2.1140537344,visdial:473586
dialog,visdial:473586,Static+Diverse 50%,0.5,10,0.0,588.2047737948596,587.7466950041708,605.7736570102861,41.99374670279212,37.718545529060066,98.09458873933173,630.1985204976518,615.5077724833973,703.5154217533999,621.28128,6212.8128,22.518445213790983,91.99989396729507,57.972309697652236,0.4829931972789116,0.4829931972789116,0.5038265306122449,109.5,2352.0,2494.3,1.233125376,0.62128128,5.292396032,6.739226828800001,2.1151940608,visdial:473586
dialog,visdial:475748,FullLoad,1.0,10,0.7,691.8916170950979,689.2944969877135,765.9168114390923,25.725111103383824,19.910925009753555,39.3579286057502,717.6167281984817,708.9561075263191,789.4960639503552,1124.073472,11240.73472,0.0,,,1.0,1.0,1.0,84.7,2144.0,2260.9,1.124073472,1.124073472,5.183344128,6.4871706624,2.121314304,visdial:475748
dialog,visdial:475748,ReComp,,10,0.7,508.29153670347296,510.44227500096895,531.2000449077459,22.7507357893046,19.162232492817566,37.28933121310547,531.0422724927776,529.6574639796745,556.5207034698687,0.0,0.0,0.0,0.0,508.29134630039334,,,,84.7,2144.0,2260.9,1.124073472,0.0,5.070674636800001,8.0023571968,2.121314304,visdial:475748
dialog,visdial:475748,SparseVLM 25%,0.25,10,0.6,713.9074587030336,727.7529369748663,787.562386810896,35.05846460466273,35.03867151448503,46.08447096834424,748.9659233076964,763.0245545005891,819.4010775448987,908.591104,9085.91104,,,,0.2462686567164179,0.2462686567164179,0.7614272388059702,84.7,2144.0,2260.9,1.124073472,0.85590016,5.183344128,6.4945316351999995,2.121314304,visdial:475748
dialog,visdial:475748,Static+Diverse 25%,0.25,10,0.5,319.85308429575525,325.7253750052769,344.8527238011593,23.6220172024332,19.58817499689758,38.38511439971626,343.47510149818845,345.31355000217445,372.707983510918,272.105472,2721.05472,14.992901944788173,48.57056948239915,54.430020396830514,0.2238805970149254,0.2238805970149254,0.24207089552238809,84.7,2144.0,2260.9,1.124073472,0.272105472,5.183344128,6.4874208256,2.121314304,visdial:475748
dialog,visdial:475748,Static+Diverse 50%,0.5,10,0.6,542.5007092999294,538.142659526784,565.4015162959695,24.301022803410888,19.623991509433836,38.40805573563557,566.8017321033403,566.1609174858313,587.7722552686464,571.998208,5719.98208,22.21348700695671,85.33626731368713,54.935185209615156,0.4925373134328358,0.4925373134328358,0.5088619402985074,84.7,2144.0,2260.9,1.124073472,0.571998208,5.183344128,6.4870817791999995,2.121314304,visdial:475748
dialog,visdial:482512,FullLoad,1.0,10,0.5,600.3875793074258,597.2872780403122,680.0429872411769,62.22480309079401,30.037288001039997,187.0977336511712,662.6123823982198,650.8480895136017,814.7213692223885,1124.073472,11240.73472,0.0,,,1.0,1.0,1.0,96.3,2144.0,2275.8,1.124073472,1.124073472,5.183344128,6.503051929600001,2.0932583424,visdial:482512
dialog,visdial:482512,ReComp,,10,0.5,499.835872388212,504.1911799926311,521.5370473335497,57.73788070073351,19.928430498111993,185.19928815367143,557.5737530889455,534.2192339885514,689.3573456851298,0.0,0.0,0.0,0.0,499.8356691969093,,,,96.3,2144.0,2275.8,1.124073472,0.0,5.070674636800001,8.0336397312,2.0932583424,visdial:482512
dialog,visdial:482512,SparseVLM 25%,0.25,10,0.5,743.3058465016074,751.1574020027183,795.0725252158009,70.27345170499757,41.803310508839786,203.36736138269748,813.579298206605,787.608431011904,978.1441235012605,891.1323136,8911.323136,,,,0.2462686567164179,0.2462686567164179,0.7458955223880598,96.3,2144.0,2275.8,1.124073472,0.8384413696,5.183344128,6.5037462528,2.0913983488,visdial:482512
dialog,visdial:482512,Static+Diverse 25%,0.25,10,0.5,326.3400540978182,328.66524951532483,349.70594808110036,59.63392629637383,19.935630989493802,192.2780984372364,385.97398039419204,355.8446594979614,540.0313929858382,274.202624,2742.02624,15.198473702184856,49.588473804760724,54.55859559588134,0.2388059701492537,0.2388059701492537,0.24393656716417916,96.3,2144.0,2275.8,1.124073472,0.274202624,5.183344128,6.503454822399999,2.0913983488,visdial:482512
dialog,visdial:482512,Static+Diverse 50%,0.5,10,0.5,565.451354207471,568.49822201184,589.8997787095141,59.45545280701481,20.233261020621285,190.8446378278311,624.9068070144858,598.8148195028771,764.671892559272,573.046784,5730.46784,22.352028504246846,86.30980408051983,56.48669269285165,0.4925373134328358,0.4925373134328358,0.5097947761194029,96.3,2144.0,2275.8,1.124073472,0.573046784,5.183344128,6.5034190336,2.0939542528,visdial:482512
dialog,visdial:485718,FullLoad,1.0,10,0.6,609.3770173902158,598.0988519731909,681.5098355844384,24.35387319419533,20.188603491988033,41.278280696133145,633.7308905844111,618.2259979832452,712.513185114949,1132.46208,11324.6208,0.0,,,1.0,1.0,1.0,87.4,2160.0,2281.1,1.13246208,1.13246208,5.191732736,6.5092952064,2.1271990272,visdial:485718
dialog,visdial:485718,ReComp,,10,0.6,517.3603109142277,519.2489410110284,540.1573849463603,21.578206290723756,19.835564482491463,30.314277490833753,538.9385172049515,539.1674039710779,561.0546738607809,0.0,0.0,0.0,0.0,517.3600920010358,,,,87.4,2160.0,2281.1,1.13246208,0.0,5.078224384,8.0515996672,2.0794957824,visdial:485718
dialog,visdial:485718,SparseVLM 25%,0.25,10,0.6,642.5504191953223,647.909303981578,703.0504065827699,47.726008703466505,29.997067496879026,138.1757595081579,690.2764278987888,699.7029144840781,795.9645884140626,785.1999232000001,7851.999232,,,,0.2444444444444444,0.2444444444444444,0.6464814814814814,87.4,2160.0,2281.1,1.13246208,0.7321157632,5.191732736,6.509945344,2.0993298432,visdial:485718
dialog,visdial:485718,Static+Diverse 25%,0.25,10,0.6,337.4740554019809,334.2740344814956,355.9479502844624,46.282985497964546,19.901072490029037,165.50050099322078,383.7570408999454,358.65179999382235,507.982669456396,291.504128,2915.04128,16.07304338249378,52.970248501515016,51.60904670483433,0.23935185185185187,0.23935185185185187,0.2574074074074074,87.4,2160.0,2281.1,1.13246208,0.291504128,5.191732736,6.509618688,2.0785324032,visdial:485718
dialog,visdial:485718,Static+Diverse 50%,0.5,10,0.6,532.3352565988898,529.439303005347,564.0294833981898,21.699451096355915,19.43000699975528,31.19826954207381,554.0347076952457,559.6573064976837,583.6722091800766,590.872576,5908.72576,21.12098597572185,86.52109722024761,53.119240811793134,0.4962962962962963,0.4962962962962963,0.5217592592592591,87.4,2160.0,2281.1,1.13246208,0.590872576,5.191732736,6.5097665024,2.0884217856,visdial:485718
dialog,visdial:486531,FullLoad,1.0,10,0.5,677.0404429989867,676.5098909672815,758.4664801717736,19.887453207047656,19.905303517589346,20.264111217693426,696.9278962060343,696.2908229907043,778.3528647996718,1124.073472,11240.73472,0.0,,,1.0,1.0,1.0,88.4,2144.0,2267.4,1.124073472,1.124073472,5.183344128,6.49519488,2.1132918784,visdial:486531
dialog,visdial:486531,ReComp,,10,0.5,506.83337189257145,508.4511605091393,529.8709553404478,19.16773981647566,19.16758151492104,19.871649667038582,526.0011117090471,527.3523020150606,549.6477585082175,0.0,0.0,0.0,0.0,506.8331257905811,,,,88.4,2144.0,2267.4,1.124073472,0.0,5.070674636800001,8.0158552064,2.1132918784,visdial:486531
dialog,visdial:486531,SparseVLM 25%,0.25,10,0.5,751.122253399808,760.3929510223679,805.218596040504,36.18411309435032,36.78970399778336,52.01928174647036,787.3063664941583,797.0576570078265,847.4071638425812,917.766144,9177.66144,,,,0.2462686567164179,0.2462686567164179,0.769589552238806,88.4,2144.0,2267.4,1.124073472,0.8650752,5.183344128,6.495905484800001,2.1142749184,visdial:486531
dialog,visdial:486531,Static+Diverse 25%,0.25,10,0.5,316.80402269703336,313.9247095095925,338.68916447099764,19.425080390647054,19.28985200356692,19.92895689618308,336.2291030876804,333.0608189862687,358.33346669678576,274.726912,2747.26912,13.841740769566968,46.28508673631586,55.67639069631696,0.22434701492537315,0.22434701492537315,0.24440298507462685,88.4,2144.0,2267.4,1.124073472,0.274726912,5.183344128,6.495569664,2.1142749184,visdial:486531
dialog,visdial:486531,Static+Diverse 50%,0.5,10,0.5,566.1946524924133,572.9456059925724,581.9552261644276,21.079460601322353,19.718335999641567,27.914994212915175,587.2741130937357,592.3751769587398,609.4775643083267,574.619648,5746.19648,23.298281303141266,88.58030023402534,59.26041778875515,0.4925373134328358,0.4925373134328358,0.5111940298507462,88.4,2144.0,2267.4,1.124073472,0.574619648,5.183344128,6.4952748544,2.1142749184,visdial:486531
dialog,visdial:487201,FullLoad,1.0,10,0.1,641.6430541954469,629.7645919839852,720.9681752923643,25.083074101712555,20.420940505573526,39.65795850381255,666.7261282971594,660.1259305025451,746.6270258795703,1226.83392,12268.3392,0.0,,,1.0,1.0,1.0,106.9,2340.0,2481.4,1.22683392,1.22683392,5.28706304,6.7258825216,2.0881989632,visdial:487201
dialog,visdial:487201,ReComp,,10,0.1,566.3433620007709,571.4482544863131,593.6782361211954,23.14149079611525,19.3026555061806,38.487612750031985,589.4848527968861,590.6129619979765,628.103868974722,0.0,0.0,0.0,0.0,566.3431046996266,,,,106.9,2340.0,2481.4,1.22683392,0.0,5.16315904,8.5571655168,2.0881989632,visdial:487201
dialog,visdial:487201,SparseVLM 25%,0.25,10,0.1,713.3947472961154,726.891242491547,825.6117795855971,27.861797105288133,23.913749493658543,43.662975393817746,741.2565444014035,749.4169365090784,859.9423476145603,973.3668864,9733.668864,,,,0.24615384615384617,0.24615384615384617,0.7465224358974358,106.9,2340.0,2481.4,1.22683392,0.9158590463999999,5.286104576,6.7258300416,2.1060468736,visdial:487201
dialog,visdial:487201,Static+Diverse 25%,0.25,10,0.1,328.75865289825015,329.651730513433,345.091539848363,21.45730541087687,19.50520949321799,30.283270726795287,350.215958309127,352.85763451247476,365.8339817135129,315.817984,3158.17984,14.83633904135786,51.247635879553854,57.340987102361396,0.24615384615384617,0.24615384615384617,0.25742521367521365,106.9,2340.0,2481.4,1.22683392,0.315817984,5.28706304,6.726476697600001,2.0884914176,visdial:487201
dialog,visdial:487201,Static+Diverse 50%,0.5,10,0.1,559.7694236959796,563.2480309868697,583.6178790952545,21.342157997423783,19.62126948637888,29.94572922179939,581.1115816934034,583.4247500170022,606.0886569553986,615.972864,6159.72864,22.991891036508605,93.18379840115085,58.437851106282324,0.4803418803418803,0.4803418803418803,0.5020833333333333,106.9,2340.0,2481.4,1.22683392,0.615972864,5.286104576,6.7254075904,2.0903395328,visdial:487201
dialog,visdial:492620,FullLoad,1.0,10,0.8,650.4189708968624,648.8729424891062,728.2128409075085,27.25052441819571,21.650389506248757,45.90009900857693,677.6694953150582,677.5802750198636,758.578319704975,1226.83392,12268.3392,0.0,,,1.0,1.0,1.0,84.3,2340.0,2457.1,1.22683392,1.22683392,5.28706304,6.6958057472,2.115186688,visdial:492620
dialog,visdial:492620,ReComp,,10,0.8,538.7102584005333,535.9231309848838,569.6988268115092,23.36489378940314,19.778745976509526,38.12740699213464,562.0751521899365,561.1010520078707,589.3419805011945,0.0,0.0,0.0,0.0,538.7100362044293,,,,84.3,2340.0,2457.1,1.22683392,0.0,5.16315904,8.5040825856,2.115186688,visdial:492620
dialog,visdial:492620,SparseVLM 25%,0.25,10,0.9,751.8173446005676,774.9140534724575,795.0290080072591,36.23493388295174,32.829523988766596,60.07743440568446,788.0522784835193,803.3448694914114,854.9080924101872,898.1577728,8981.577728,,,,0.24615384615384617,0.24615384615384617,0.6852190170940171,84.3,2340.0,2457.1,1.22683392,0.8406499328,5.286104576,6.695583897600001,2.1154816,visdial:492620
dialog,visdial:492620,Static+Diverse 25%,0.25,10,0.7,346.16922118584625,350.6326789793093,360.3398329432821,23.31559220328927,19.42691847216338,38.48040357697755,369.4848133891355,375.5758934712503,391.97370909678284,313.065472,3130.65472,16.56336163287051,54.66576582984999,56.39671509852633,0.2465811965811966,0.2465811965811966,0.2551816239316239,84.3,2340.0,2457.1,1.22683392,0.313065472,5.28706304,6.6961400831999995,2.1154816,visdial:492620
dialog,visdial:492620,Static+Diverse 50%,0.5,10,0.8,567.9411794000771,573.2906289922539,595.0222029583529,23.66683059372008,19.950135028921068,38.93289947300218,591.6080099937972,593.0264429771341,615.0087131856708,611.844096,6118.44096,22.222957806661725,90.42697040713392,54.570459498791024,0.4807692307692307,0.4807692307692307,0.4987179487179487,84.3,2340.0,2457.1,1.22683392,0.611844096,5.286104576,6.6952196608,2.1179195392,visdial:492620
dialog,visdial:505558,FullLoad,1.0,10,0.5,642.1316259133164,656.4544165157713,713.4978488844354,36.298457585508004,29.999557475093752,68.34705106739419,678.4300834988244,689.1502575017512,733.4429448848823,1226.83392,12268.3392,0.0,,,1.0,1.0,1.0,100.8,2340.0,2475.4,1.22683392,1.22683392,5.28706304,6.715815424,2.096336896,visdial:505558
dialog,visdial:505558,ReComp,,10,0.4,555.4014334105887,551.0039479995612,572.8715320903575,33.712080790428445,19.354107993422076,94.85852579236953,589.1135142010171,584.5411949849222,644.6956387371755,0.0,0.0,0.0,0.0,555.4011956206523,,,,100.8,2340.0,2475.4,1.22683392,0.0,5.16315904,8.5436080128,2.096336896,visdial:505558
dialog,visdial:505558,SparseVLM 25%,0.25,10,0.5,724.0653181972448,737.1194150182419,757.3205153952586,50.89503490016796,47.08714547450654,103.28638466889961,774.9603530974127,775.4762014956214,810.5873025604524,903.8594048,9038.594048,,,,0.24615384615384617,0.24615384615384617,0.6898664529914529,100.8,2340.0,2475.4,1.22683392,0.8463515648,5.286104576,6.7158956032,2.096336896,visdial:505558
dialog,visdial:505558,Static+Diverse 25%,0.25,10,0.4,353.68732219794765,355.95976599142887,363.8204219721956,34.84108180273324,20.127185998717323,98.17332983075167,388.5284040006809,377.99361150246114,455.9975510172079,315.817984,3158.17984,16.83634244836867,55.30106860678643,58.13752099638805,0.2341880341880342,0.2341880341880342,0.25742521367521365,100.8,2340.0,2475.4,1.22683392,0.315817984,5.28706304,6.7163679232,2.096336896,visdial:505558
dialog,visdial:505558,Static+Diverse 50%,0.5,10,0.4,566.8278123019263,571.6758685011882,592.7027481840923,34.991624200483784,20.050877472385764,99.53139747376545,601.8194365024101,600.310277484823,665.3690243634627,615.972864,6159.72864,22.862244700081646,93.40199261787347,57.407570391660556,0.4803418803418803,0.4803418803418803,0.5020833333333333,100.8,2340.0,2475.4,1.22683392,0.615972864,5.286104576,6.715444070399999,2.1050662912,visdial:505558
dialog,visdial:509296,FullLoad,1.0,10,0.4,725.0800834852271,731.7564219702035,839.0948873828165,81.30766940303147,32.01300551882014,260.82781537843397,806.3877528882585,797.8771134803537,957.721247934387,1124.073472,11240.73472,0.0,,,1.0,1.0,1.0,106.6,2144.0,2282.9,1.124073472,1.124073472,5.183424409600001,6.5084923904,2.1058412544,visdial:509296
dialog,visdial:509296,ReComp,,10,0.4,502.17996159917675,503.37605649838224,533.9475785120158,84.42696939455345,28.689005004707724,256.7510184453567,586.6069309937302,552.5491845037322,750.0505626929224,0.0,0.0,0.0,0.0,502.1797207125928,,,,106.6,2144.0,2282.9,1.124073472,0.0,5.0709556224,8.048206592,2.115670016,visdial:509296
dialog,visdial:509296,SparseVLM 25%,0.25,10,0.4,789.9389081925619,796.51114801527,831.7147654714063,88.87998260906897,36.57477401429787,287.48261442233337,878.8188908016309,857.8807289886754,1093.1960968591738,958.9751808,9589.751808,,,,0.2462686567164179,0.2462686567164179,0.80625,106.6,2144.0,2282.9,1.124073472,0.9062842367999999,5.183665254399999,6.5106385408000005,2.1058412544,visdial:509296
dialog,visdial:509296,Static+Diverse 25%,0.25,10,0.4,336.65514329914004,333.79138697637245,362.3012670519529,80.91897730482742,28.718499990645796,266.0984820016892,417.57412060396746,381.6198419954162,592.7627172437496,274.726912,2747.26912,14.423005457501858,47.782377869589254,54.0554174920544,0.2388059701492537,0.2388059701492537,0.24440298507462685,106.6,2144.0,2282.9,1.124073472,0.274726912,5.183424409600001,6.508918272,2.1058412544,visdial:509296
dialog,visdial:509296,Static+Diverse 50%,0.5,10,0.4,568.9258950878866,571.8680664722342,593.1019806390395,86.54956080717966,28.72517952346243,263.91495931602543,655.4754558950663,616.9405900291167,821.3912736886414,574.619648,5746.19648,22.16388619854115,85.95122006954625,57.36557160853408,0.4925373134328358,0.4925373134328358,0.5111940298507462,106.6,2144.0,2282.9,1.124073472,0.574619648,5.183665254399999,6.5094829568,2.108534784,visdial:509296
dialog,visdial:511888,FullLoad,1.0,10,0.6,689.2580951796845,699.2391064704861,721.3413128833054,37.5066441076342,19.825786526780576,103.6408764979568,726.7647392873187,721.4677424926776,809.5159831282216,1226.83392,12268.3392,0.0,,,1.0,1.0,1.0,90.2,2340.0,2463.7,1.22683392,1.22683392,5.28706304,6.7038443008,2.0425904128,visdial:511888
dialog,visdial:511888,ReComp,,10,0.6,578.2328801113181,557.8346050169785,692.7450038463573,32.517080899560824,19.475352484732866,91.72420272079749,610.7499610108789,581.0336655122228,757.8729584201936,0.0,0.0,0.0,0.0,578.2326894055586,,,,90.2,2340.0,2463.7,1.22683392,0.0,5.16315904,8.518559744,2.00375296,visdial:511888
dialog,visdial:511888,SparseVLM 25%,0.25,10,0.5,732.0234943937976,735.6060064921621,757.727184088435,43.28775421017781,28.50538451457396,107.47624544019334,775.3112486039754,770.684600021923,828.2538976694923,889.2383232000001,8892.383232,,,,0.24615384615384617,0.24615384615384617,0.6779487179487178,90.2,2340.0,2463.7,1.22683392,0.8317304832000001,5.286104576,6.7037706751999995,2.0804120576,visdial:511888
dialog,visdial:511888,Static+Diverse 25%,0.25,10,0.5,377.6971979008522,379.533873492619,407.4239645036869,32.492845493834466,19.497030996717513,91.39581422787145,410.19004339468665,399.28132097702473,492.4504244176204,318.111744,3181.11744,15.94076831243001,54.537536727730185,54.60646990686655,0.24615384615384617,0.24615384615384617,0.2592948717948719,90.2,2340.0,2463.7,1.22683392,0.318111744,5.28706304,6.7042783232,2.043725824,visdial:511888
dialog,visdial:511888,Static+Diverse 50%,0.5,10,0.5,585.7415881881025,584.6253799682017,620.9408434515353,32.334470306523144,19.334110023919493,91.46627016889383,618.0760584946256,604.2922064953018,703.3838296512839,615.514112,6155.14112,22.155666805338115,92.838143883273,59.045297489501536,0.4803418803418803,0.4803418803418803,0.5017094017094017,90.2,2340.0,2463.7,1.22683392,0.615514112,5.286104576,6.703304704,2.0438065152,visdial:511888
dialog,visdial:513467,FullLoad,1.0,10,0.7,632.3766894987784,637.0409535011277,686.8581548711518,27.765353594440967,21.95972000481561,54.28623461048116,660.1420430932194,671.234215493314,718.6917924322188,1233.125376,12331.25376,0.0,,,1.0,1.0,1.0,85.2,2352.0,2470.1,1.233125376,1.233125376,5.292740096,6.7087413248,2.091845632,visdial:513467
dialog,visdial:513467,ReComp,,10,0.7,552.0033421053085,553.0620899808127,573.0320805538213,25.080537993926555,19.142105506034568,49.97839635179841,577.0838800992351,576.7686589970253,601.131959707709,0.0,0.0,0.0,0.0,552.0031059160829,,,,85.2,2352.0,2470.1,1.233125376,0.0,5.1688213504,8.5375622144,2.091845632,visdial:513467
dialog,visdial:513467,SparseVLM 25%,0.25,10,0.7,781.7965371010359,800.6839634908829,834.8724887240678,36.63527970784344,32.558039005380124,64.50343941687605,818.4318168088794,835.7072669896297,873.2377996726427,1011.2729088,10112.729088,,,,0.24489795918367344,0.24489795918367344,0.7732142857142857,85.2,2352.0,2470.1,1.233125376,0.9534701567999999,5.292396032,6.7120067072,2.1049442304,visdial:513467
dialog,visdial:513467,Static+Diverse 25%,0.25,10,0.7,351.30840750643983,351.3526530005038,369.6961176698096,25.501901900861412,19.858189509250224,49.60084530757738,376.81030940730125,371.010586473858,409.6729831187985,322.43712,3224.3712,16.226287407334894,55.39829034241848,53.396535193314776,0.24234693877551022,0.24234693877551022,0.2614795918367347,85.2,2352.0,2470.1,1.233125376,0.32243712,5.292740096,6.7090786304,2.0980989952,visdial:513467
dialog,visdial:513467,Static+Diverse 50%,0.5,10,0.7,580.6790472823195,584.4856884796172,609.7764509322587,25.084206816973165,19.644321029772982,47.985890752170214,605.7632540992927,615.856522024842,635.7030768995173,623.116288,6231.16288,22.8203957201913,91.88833658117801,55.94256899203174,0.48724489795918374,0.48724489795918374,0.50531462585034,85.2,2352.0,2470.1,1.233125376,0.623116288,5.292396032,6.7088576,2.0952764416,visdial:513467
dialog,visdial:517134,FullLoad,1.0,10,0.3,706.6194640938193,689.5608285267372,817.8600299404933,56.03870509658009,20.59911101241596,175.16456677694794,762.6581691903993,749.0994699764997,899.5299200701993,1226.83392,12268.3392,0.0,,,1.0,1.0,1.0,82.6,2340.0,2455.5,1.22683392,1.22683392,5.28706304,6.6953448448,2.125125632,visdial:517134
dialog,visdial:517134,ReComp,,10,0.3,549.5151328155771,553.4546010021586,571.0470882680966,53.60756359877996,19.19440901838243,168.99172883713607,603.122696414357,572.649010020541,737.2746619686949,0.0,0.0,0.0,0.0,549.5149246009532,,,,82.6,2340.0,2455.5,1.22683392,0.0,5.16315904,8.500715468800001,2.1224194048,visdial:517134
dialog,visdial:517134,SparseVLM 25%,0.25,10,0.4,797.6563333068043,798.0575874971692,866.6416176798521,39.080897002713755,30.041793012060225,86.83371366641941,836.737230309518,827.0552280009724,918.5755133803468,1025.9595264,10259.595264,,,,0.24615384615384617,0.24615384615384617,0.7893910256410257,82.6,2340.0,2455.5,1.22683392,0.9684516864,5.286104576,6.7045297152,2.1255122944,visdial:517134
dialog,visdial:517134,Static+Diverse 25%,0.25,10,0.3,352.8853388968855,358.8070859841537,373.89954254904296,29.030259797582403,19.688414497068152,71.61683032172722,381.9155986944679,378.3272319997195,444.1282066196435,315.817984,3158.17984,16.181155847152695,54.13134596310556,55.00517500331625,0.2465811965811966,0.2465811965811966,0.25742521367521365,82.6,2340.0,2455.5,1.22683392,0.315817984,5.28706304,6.6956835328,2.1176123392,visdial:517134
dialog,visdial:517134,Static+Diverse 50%,0.5,10,0.3,594.1798408981413,600.04882098292,605.8015014452394,34.479425102472305,19.69024000572972,96.08250412275079,628.6592660006136,623.0230929795653,686.1056120862486,614.137856,6141.37856,23.912630591075867,93.58059397200122,59.7591984027531,0.49230769230769234,0.49230769230769234,0.500587606837607,82.6,2340.0,2455.5,1.22683392,0.614137856,5.286104576,6.694645094399999,2.1176123392,visdial:517134
dialog,visdial:521039,FullLoad,1.0,10,0.9,659.7193804103881,647.7614050090779,741.080843351665,22.036481695249677,19.950415997300297,31.183326450991437,681.7558621056378,671.2831380136777,768.9325740968342,1226.83392,12268.3392,0.0,,,1.0,1.0,1.0,82.8,2340.0,2455.9,1.22683392,1.22683392,5.28706304,6.6944921088000005,2.1197828095999998,visdial:521039
dialog,visdial:521039,ReComp,,10,0.9,551.511517399922,557.5384195253719,570.2008932828903,19.47008849820122,19.536987994797528,20.152224315097556,570.9816058981232,577.2370444901753,589.0937173069688,0.0,0.0,0.0,0.0,551.5112933935598,,,,82.8,2340.0,2455.9,1.22683392,0.0,5.16315904,8.5015013376,2.1296914432,visdial:521039
dialog,visdial:521039,SparseVLM 25%,0.25,10,0.9,744.1757268970832,716.9921864988282,876.5681224467697,24.495879298774526,21.151572465896606,37.20946286048272,768.6716061958577,749.5515294722281,899.1673704527783,1065.9561472,10659.561472,,,,0.24615384615384617,0.24615384615384617,0.8219925213675212,82.8,2340.0,2455.9,1.22683392,1.0084483072000001,5.286104576,6.6953074688,2.1586591744,visdial:521039
dialog,visdial:521039,Static+Diverse 25%,0.25,10,0.8,342.303084890591,348.0955859704409,366.41448558075354,22.14268100215122,19.57703847438097,33.6663548427168,364.4457658927422,368.2378149824217,395.65815101377666,315.359232,3153.59232,15.48455340671353,52.909863664535806,54.456247098278254,0.2465811965811966,0.2465811965811966,0.257051282051282,82.8,2340.0,2455.9,1.22683392,0.315359232,5.28706304,6.694824345600001,2.1262667775999997,visdial:521039
dialog,visdial:521039,Static+Diverse 50%,0.5,10,0.9,550.035739300074,562.0192769856658,585.5296040448593,19.54821070539765,19.481189985526726,20.244433009065688,569.5839500054717,581.2772920180578,605.104791210033,613.220352,6132.20352,20.902115560602397,88.01808241405524,56.36291630216874,0.4807692307692307,0.4807692307692307,0.49983974358974353,82.8,2340.0,2455.9,1.22683392,0.613220352,5.286104576,6.6940272128,2.1281345536,visdial:521039
dialog,visdial:52361,FullLoad,1.0,10,0.1,643.9884660998359,634.2105100047775,751.468601662782,32.31916300719604,23.91094749327749,61.1200055282097,676.307629107032,672.9864419903606,785.7892851607176,1072.693248,10726.93248,0.0,,,1.0,1.0,1.0,101.0,2046.0,2182.1,1.072693248,1.072693248,5.131963904,6.4010975744,2.1251072,visdial:52361
dialog,visdial:52361,ReComp,,10,0.1,487.8191490948666,487.87342850118876,512.8766001726035,25.472655304474756,19.494207517709583,50.52304372657088,513.2918043993413,518.6869449971709,536.7849834176013,0.0,0.0,0.0,0.0,487.81895399442874,,,,101.0,2046.0,2182.1,1.072693248,0.0,5.0244324352,7.799300249600001,2.1251072,visdial:52361
dialog,visdial:52361,SparseVLM 25%,0.25,10,0.1,667.6325618929695,689.7205804998521,736.2105289386818,38.319616398075595,32.75210352148861,73.11095259501595,705.9521782910451,726.8319219874684,782.4180349416565,822.9257216,8229.257216,,,,0.24633431085043983,0.24633431085043983,0.7202834799608994,101.0,2046.0,2182.1,1.072693248,0.7726432256,5.131963904,6.4021995008,2.1251072,visdial:52361
dialog,visdial:52361,Static+Diverse 25%,0.25,10,0.1,334.87668471061625,341.5123489976395,351.66073951113503,23.660854599438608,19.6207279805094,38.844082556897774,358.53753931005485,362.7661630162038,370.9292630665004,283.93472,2839.3472,15.650043380446732,51.73201346769929,55.72955760289915,0.2502443792766373,0.2502443792766373,0.26469330400782015,101.0,2046.0,2182.1,1.072693248,0.28393472,5.131963904,6.4015108608,2.1251072,visdial:52361
dialog,visdial:52361,Static+Diverse 50%,0.5,10,0.1,536.7198710911907,534.5592595112976,558.5326937638456,24.901811697054654,19.795376516412944,38.78837805823423,561.6216827882454,566.2957959866617,578.8260418921709,552.042496,5520.42496,21.643402468180284,83.72051902697422,56.55502259032801,0.49951124144672543,0.49951124144672543,0.5146322091886608,101.0,2046.0,2182.1,1.072693248,0.552042496,5.131963904,6.401589299199999,2.1251072,visdial:52361
dialog,visdial:525402,FullLoad,1.0,10,0.6,693.8233748020139,680.4455630190205,834.2950996157015,19.866741093574092,19.825242983642966,20.49545569170732,713.690115895588,700.3424750000704,854.0709139662795,1226.83392,12268.3392,0.0,,,1.0,1.0,1.0,100.6,2340.0,2474.0,1.22683392,1.22683392,5.28706304,6.7145884672,2.1050937344,visdial:525402
dialog,visdial:525402,ReComp,,10,0.6,553.7281668977812,555.5295394733548,581.6226653783815,19.279900897527114,19.155742484144866,19.88410039921291,573.0080677953083,574.9666405026801,601.3468433171511,0.0,0.0,0.0,0.0,553.7279526062775,,,,100.6,2340.0,2474.0,1.22683392,0.0,5.16315904,8.5404310528,2.09552384,visdial:525402
dialog,visdial:525402,SparseVLM 25%,0.25,10,0.6,771.6976961994078,774.3562514951918,841.9323229201837,31.49005299201235,29.874678468331695,42.8221689799102,803.1877491914202,811.5498069673777,878.1537031580228,965.1748864,9651.748864,,,,0.24615384615384617,0.24615384615384617,0.7398450854700854,100.6,2340.0,2474.0,1.22683392,0.9076670464,5.286104576,6.714678784,2.1432733695999997,visdial:525402
dialog,visdial:525402,Static+Diverse 25%,0.25,10,0.6,361.13604300189763,362.19793203053996,383.1297309807269,19.430028297938406,19.36921852757223,20.020021658274345,380.56607129983604,381.2401950126514,402.82346071326174,317.652992,3176.52992,16.82084368658252,55.74475096655078,56.31122280028649,0.2465811965811966,0.2465811965811966,0.25892094017094014,100.6,2340.0,2474.0,1.22683392,0.317652992,5.28706304,6.7150877183999995,2.0897370112,visdial:525402
dialog,visdial:525402,Static+Diverse 50%,0.5,10,0.6,579.5237333048135,595.5835845088586,613.6961736861849,19.3217332882341,19.25720999133773,19.742936242255382,598.8454665930476,614.6800024725962,633.2406648609322,613.679104,6136.79104,22.273912653326988,90.47919238801114,56.763769197277725,0.4803418803418803,0.4803418803418803,0.5002136752136753,100.6,2340.0,2474.0,1.22683392,0.613679104,5.286104576,6.7141428736,2.0915924992,visdial:525402
dialog,visdial:528791,FullLoad,1.0,10,0.1,669.1436290973797,659.8592289956287,761.3023344631074,33.62428700202145,28.71628597495146,53.95790082693565,702.7679160994012,707.8704015293624,803.5649875324452,1226.83392,12268.3392,0.0,,,1.0,1.0,1.0,114.2,2340.0,2488.1,1.22683392,1.22683392,5.28706304,6.7310669824,2.0974874624,visdial:528791
dialog,visdial:528791,ReComp,,10,0.1,564.304860093398,563.4116260043811,590.8419066719944,26.50611991994083,19.098001532256603,48.56615152675656,590.8109800133388,587.7064634987619,617.4751097598346,0.0,0.0,0.0,0.0,564.304672088474,,,,114.2,2340.0,2488.1,1.22683392,0.0,5.16315904,8.5712056832,2.0974321664,visdial:528791
dialog,visdial:528791,SparseVLM 25%,0.25,10,0.1,721.6142671997659,720.3926894871984,740.5817289836705,43.93815920338966,40.50450201611966,67.01157293864522,765.5524264031556,765.6663479865529,806.4116667374037,877.7695232000001,8777.695232,,,,0.24615384615384617,0.24615384615384617,0.6686004273504272,114.2,2340.0,2488.1,1.22683392,0.8202616832,5.286104576,6.7312432128,2.0972773376,visdial:528791
dialog,visdial:528791,Static+Diverse 25%,0.25,10,0.1,349.1408489004243,352.12548353592865,361.493581396644,32.913268089760095,19.96044148108922,79.1534706484526,382.0541169901844,372.7423664822709,429.3993209372274,316.735488,3167.35488,17.456633935216814,56.52840373804793,59.36353150755167,0.2465811965811966,0.2465811965811966,0.25817307692307695,114.2,2340.0,2488.1,1.22683392,0.316735488,5.28706304,6.731828736,2.0916457472,visdial:528791
dialog,visdial:528791,Static+Diverse 50%,0.5,10,0.1,571.1303444986697,569.551260501612,592.0515275618527,27.070583205204457,19.726779515622184,48.413134296424666,598.2009277038742,595.7658459956292,621.2750900944229,614.137856,6141.37856,24.0760117652826,94.34722153819166,60.536868404597044,0.4803418803418803,0.4803418803418803,0.500587606837607,114.2,2340.0,2488.1,1.22683392,0.614137856,5.286104576,6.7310305792,2.0916457472,visdial:528791
dialog,visdial:53901,FullLoad,1.0,10,0.0,656.0276141972281,647.7023780171294,735.256102157291,25.0055608979892,19.979628530563787,44.97967553907071,681.0331750952173,667.3216384951957,757.305179015384,1233.125376,12331.25376,0.0,,,1.0,1.0,1.0,101.2,2352.0,2486.5,1.233125376,1.233125376,5.292740096,6.728502272,2.1318836224,visdial:53901
dialog,visdial:53901,ReComp,,10,0.0,562.2378083062358,558.2339954853524,584.8811637319159,22.884812590200454,19.242204463807866,39.521081541897686,585.1226208964363,582.4294460180681,612.6940062851645,0.0,0.0,0.0,0.0,562.237584713148,,,,101.2,2352.0,2486.5,1.233125376,0.0,5.1688213504,8.573238272,2.1318836224,visdial:53901
dialog,visdial:53901,SparseVLM 25%,0.25,10,0.0,788.0201832973398,797.2051554825157,875.513642016449,34.17975960765034,26.598603988531977,66.43236056261227,822.1999429049902,826.3207949930802,907.0873783639399,1015.9915007999999,10159.915008,,,,0.24489795918367344,0.24489795918367344,0.7770408163265305,101.2,2352.0,2486.5,1.233125376,0.9581887487999999,5.292396032,6.729601536,2.1521051648,visdial:53901
dialog,visdial:53901,Static+Diverse 25%,0.25,10,0.0,362.00408030999824,364.23561951960437,379.28753496380523,19.422283995663747,19.370173511561006,19.939503140631132,381.426364305662,383.7994075147435,398.8121219124878,325.320704,3253.20704,17.271638428792357,57.013008662033826,55.13615270028822,0.24659863945578228,0.24659863945578228,0.2638180272108844,101.2,2352.0,2486.5,1.233125376,0.325320704,5.292740096,6.729046016,2.1454368768,visdial:53901
dialog,visdial:53901,Static+Diverse 50%,0.5,10,0.0,582.7789948903956,588.3322955050971,606.5421992592746,23.273875302402303,19.48156050639227,40.103442687541204,606.0528701927979,608.4267334954347,640.4444902902469,625.737728,6257.37728,22.36435110680759,93.48583407117985,56.94290728424676,0.4829931972789116,0.4829931972789116,0.5074404761904762,101.2,2352.0,2486.5,1.233125376,0.625737728,5.292396032,6.728662272,2.1596319744,visdial:53901
dialog,visdial:545142,FullLoad,1.0,10,0.3,664.1030196973588,656.7708429938648,725.5303365061991,31.24598368885927,24.183402972994372,58.31159940280484,695.3490033862181,687.9863804788329,757.1403776470106,1124.073472,11240.73472,0.0,,,1.0,1.0,1.0,98.1,2144.0,2275.9,1.124073472,1.124073472,5.183344128,6.50122624,2.1253267456,visdial:545142
dialog,visdial:545142,ReComp,,10,0.3,500.40795669774525,502.7026144962292,515.2297967928462,22.6475978968665,19.031404517591,39.05606467742469,523.0555545946117,523.2348694989923,542.2645212005591,0.0,0.0,0.0,0.0,500.40773750515655,,,,98.1,2144.0,2275.9,1.124073472,0.0,5.070674636800001,8.0333218304,2.1253267456,visdial:545142
dialog,visdial:545142,SparseVLM 25%,0.25,10,0.3,720.4015027964488,728.4702259930782,766.2077033513924,38.4732770093251,37.15148297487758,65.25953412055966,758.8747798057739,762.9197275091428,815.7669935026206,887.2001536,8872.001536,,,,0.2462686567164179,0.2462686567164179,0.7423973880597015,98.1,2144.0,2275.9,1.124073472,0.8345092096000001,5.183344128,6.5023305728,2.1264277504,visdial:545142
dialog,visdial:545142,Static+Diverse 25%,0.25,10,0.3,332.3649093043059,339.62288752081804,349.69737245410215,23.134680703515187,19.36406097956933,40.232530195498796,355.4995900078211,361.7549640184734,370.9579632675741,279.445504,2794.45504,15.425596229033545,50.27418892132118,56.08171189087443,0.2388059701492537,0.2388059701492537,0.24860074626865672,98.1,2144.0,2275.9,1.124073472,0.279445504,5.183344128,6.50172288,2.1264277504,visdial:545142
dialog,visdial:545142,Static+Diverse 50%,0.5,10,0.3,561.7640688084066,567.7472250245046,587.5636398704955,23.65105029894039,19.33307500439696,43.09260254085525,585.415119107347,587.8497985249851,630.0235120521393,577.241088,5772.41088,22.260944230947644,86.3224912493024,57.10138190188445,0.4925373134328358,0.4925373134328358,0.5135261194029851,98.1,2144.0,2275.9,1.124073472,0.577241088,5.183344128,6.50162432,2.1264277504,visdial:545142
dialog,visdial:549046,FullLoad,1.0,10,0.0,654.9769110919442,651.5653759997804,716.0435646219412,41.963197611039504,21.91833351389505,129.76300575537596,696.9401087029837,694.1369099949952,758.2176624709973,1226.83392,12268.3392,0.0,,,1.0,1.0,1.0,121.8,2340.0,2497.3,1.22683392,1.22683392,5.2871048192,6.7448790528,2.0664410112000002,visdial:549046
dialog,visdial:549046,ReComp,,10,0.0,557.8159751021303,561.7896904877853,582.6634350814857,37.60635980288498,19.471835519652814,118.35093800327725,595.4223349050153,580.7372099952772,691.589209801168,0.0,0.0,0.0,0.0,557.8157469048165,,,,121.8,2340.0,2497.3,1.22683392,0.0,5.16315904,8.5915783168,2.0664410112000002,visdial:549046
dialog,visdial:549046,SparseVLM 25%,0.25,10,0.0,783.3597005985212,802.6693720021285,835.5772711482132,48.682770010782406,33.05701451608911,128.45215107081444,832.0424706093036,846.764387039002,871.0841803404037,1047.42912,10474.2912,,,,0.24615384615384617,0.24615384615384617,0.8068910256410255,121.8,2340.0,2497.3,1.22683392,0.98992128,5.286104576,6.7458816,2.082709504,visdial:549046
dialog,visdial:549046,Static+Diverse 25%,0.25,10,0.0,354.15226310142316,355.32071301713586,375.86423159227706,32.68884610151872,19.63311102008447,90.10827185120424,386.8411092029419,381.2856705044396,457.322830238263,317.652992,3176.52992,16.580674110446125,55.36606082459912,61.43595449393615,0.23461538461538461,0.23461538461538461,0.25892094017094014,121.8,2340.0,2497.3,1.22683392,0.317652992,5.2871048192,6.7456850944,2.0775911424,visdial:549046
dialog,visdial:549046,Static+Diverse 50%,0.5,10,0.0,568.2901890017092,563.9549254847225,621.3995917671127,38.29254391021095,19.614341494161636,121.09227742184869,606.5827329119202,583.3896185213234,732.5414032588012,616.890368,6168.90368,21.724406082648784,90.3841252962593,63.43275000108406,0.4803418803418803,0.4803418803418803,0.5028311965811965,121.8,2340.0,2497.3,1.22683392,0.616890368,5.286104576,6.7445720576,2.0692013056,visdial:549046
dialog,visdial:558901,FullLoad,1.0,10,0.5,675.0875150086358,685.742919537006,733.8075371604646,24.51689859153703,21.6572294884827,33.591651733149774,699.6044136001728,705.4668990313075,766.2707885610871,1226.83392,12268.3392,0.0,,,1.0,1.0,1.0,85.2,2340.0,2457.5,1.22683392,1.22683392,5.28706304,6.6970156543999995,2.096611328,visdial:558901
dialog,visdial:558901,ReComp,,10,0.5,550.1372543047182,551.9751945103053,568.2233426894527,19.398803293006495,19.27538649761118,20.15283018699847,569.5360575977247,571.8171574990265,587.8266278625233,0.0,0.0,0.0,0.0,550.1370748039335,,,,85.2,2340.0,2457.5,1.22683392,0.0,5.16315904,8.5052488192,2.102935552,visdial:558901
dialog,visdial:558901,SparseVLM 25%,0.25,10,0.5,745.1459409901872,771.1872529762331,794.1867260407889,34.67685480718501,27.761896519223228,53.945262302295305,779.8227957973722,801.3333099952433,833.8074202998541,999.0045696,9990.045696,,,,0.24615384615384617,0.24615384615384617,0.7674198717948718,85.2,2340.0,2457.5,1.22683392,0.9414967296,5.286104576,6.6972934656000005,2.1066907648,visdial:558901
dialog,visdial:558901,Static+Diverse 25%,0.25,10,0.5,347.9201634938363,357.8790279862005,384.86392378981685,19.541974808089435,19.4485055108089,19.97150335519109,367.46213830192573,377.4133685219567,404.55472613975866,313.065472,3130.65472,24.420914088841528,53.015488310484216,50.885550590464845,0.23461538461538461,0.23461538461538461,0.2551816239316239,85.2,2340.0,2457.5,1.22683392,0.313065472,5.28706304,6.6974334464,2.1002149888,visdial:558901
dialog,visdial:558901,Static+Diverse 50%,0.5,10,0.5,548.8506372959819,550.8525770273991,571.8374510179274,19.85846050665714,19.736838003154844,20.638835077988915,568.709097802639,570.5894150305539,591.7994341027224,610.926592,6109.26592,21.637297194683924,90.03644301556051,55.116224294761196,0.4803418803418803,0.4803418803418803,0.49797008547008553,85.2,2340.0,2457.5,1.22683392,0.610926592,5.286104576,6.6965098496,2.1062115327999997,visdial:558901
dialog,visdial:56454,FullLoad,1.0,10,0.2,608.8789982022718,597.3861700040288,700.2639006910613,23.271424398990348,20.39565148879774,33.12723032722714,632.1504226012621,625.5382825329434,723.070197328343,1132.46208,11324.6208,0.0,,,1.0,1.0,1.0,105.9,2160.0,2298.9,1.13246208,1.13246208,5.191732736,6.5262057983999995,2.0460376064,visdial:56454
dialog,visdial:56454,ReComp,,10,0.2,507.5945482996758,509.1948095068801,535.2937738352921,19.434714101953432,19.347688008565456,20.22008622298017,527.0292624016292,528.7770570139401,554.806127640768,0.0,0.0,0.0,0.0,507.5943536066916,,,,105.9,2160.0,2298.9,1.13246208,0.0,5.078224384,8.0873199104,2.0575215615999998,visdial:56454
dialog,visdial:56454,SparseVLM 25%,0.25,10,0.2,687.5716536014806,697.5039135140833,709.8541458806721,32.337007811293006,27.928119496209547,51.536548745934844,719.9086614127737,723.9066440379247,751.9224007264711,857.5516672,8575.516672,,,,0.2444444444444444,0.2444444444444444,0.7103703703703703,105.9,2160.0,2298.9,1.13246208,0.8044675072,5.191732736,6.5268008448,2.0502843392,visdial:56454
dialog,visdial:56454,Static+Diverse 25%,0.25,10,0.2,315.30536470236257,323.26588899013586,342.66610618215054,19.738075090572238,19.598523998865858,20.31988734670449,335.0434397929348,342.846991494298,362.3859294486465,291.241984,2912.41984,14.717053464846686,50.42480395059101,53.43168929684907,0.23703703703703702,0.23703703703703702,0.2571759259259259,105.9,2160.0,2298.9,1.13246208,0.291241984,5.191732736,6.5266465791999995,2.0502843392,visdial:56454
dialog,visdial:56454,Static+Diverse 50%,0.5,10,0.2,514.210325491149,512.3680679826066,554.9123657081509,19.65960850357078,19.741357013117522,20.3067171969451,533.8699339947198,532.3643644805998,574.4858801946975,590.086144,5900.86144,20.19986594095826,85.24411452235654,54.49134209775366,0.5037037037037038,0.5037037037037038,0.5210648148148148,105.9,2160.0,2298.9,1.13246208,0.590086144,5.191732736,6.5264244736000006,2.0615892992,visdial:56454
dialog,visdial:565316,FullLoad,1.0,10,0.5,672.8709021990653,678.5847224819008,736.6727615473792,34.801443794276565,22.171602497110143,68.01558972802012,707.6723459933419,725.0223890005145,777.4175851867767,1226.83392,12268.3392,0.0,,,1.0,1.0,1.0,97.4,2340.0,2471.4,1.22683392,1.22683392,5.28706304,6.711213056,2.0780310528,visdial:565316
dialog,visdial:565316,ReComp,,10,0.5,556.5116126905195,560.0122954929247,576.8112615623977,30.400814197491854,19.36783449491486,67.10243628767783,586.9124268880114,585.4491299833171,638.2169490447268,0.0,0.0,0.0,0.0,556.5113871067297,,,,97.4,2340.0,2471.4,1.22683392,0.0,5.16315904,8.5349164032,2.0701315072,visdial:565316
dialog,visdial:565316,SparseVLM 25%,0.25,10,0.5,708.4369350981433,728.4769754915033,806.3746278814506,46.19968629558571,40.111171489115804,86.74750953796318,754.636621393729,762.8427104791626,867.6239481836092,950.7438592000001,9507.438592,,,,0.24615384615384617,0.24615384615384617,0.7280822649572649,97.4,2340.0,2471.4,1.22683392,0.8932360192000001,5.286104576,6.7113767424,2.0981927936,visdial:565316
dialog,visdial:565316,Static+Diverse 25%,0.25,10,0.5,340.2216195012443,341.48391100461595,368.13994205731433,30.44330829870887,19.492799998261034,66.29438409872817,370.66492779995315,376.32428648066707,406.8750286649447,317.652992,3176.52992,15.092772722709924,52.50830158474855,56.74795499071479,0.2465811965811966,0.2465811965811966,0.25892094017094014,97.4,2340.0,2471.4,1.22683392,0.317652992,5.28706304,6.7116859903999995,2.042249216,visdial:565316
dialog,visdial:565316,Static+Diverse 50%,0.5,10,0.5,567.8116013936233,573.5981769685168,593.5192802600795,33.194609300699085,19.452121487120166,69.17998844583052,601.0062106943224,593.9357934694272,656.8523086898495,616.890368,6168.90368,22.338174446485937,92.30499670375139,58.6064301955048,0.4807692307692307,0.4807692307692307,0.5028311965811965,97.4,2340.0,2471.4,1.22683392,0.616890368,5.286104576,6.7106635776,2.0739637248,visdial:565316
dialog,visdial:567353,FullLoad,1.0,10,0.7,692.9408232797869,705.5979329743423,736.0634734854102,46.808517415774986,26.170226512476802,133.32696110592207,739.7493406955618,731.3601889763959,857.6245699048739,1226.83392,12268.3392,0.0,,,1.0,1.0,1.0,97.6,2340.0,2472.0,1.22683392,1.22683392,5.28706304,6.712834201600001,2.0655845376,visdial:567353
dialog,visdial:567353,ReComp,,10,0.7,552.8535463032313,552.7880480221938,576.383978544618,38.11380559345707,19.551852979930118,119.30841282010063,590.9673518966883,576.2650230026338,679.5669366198125,0.0,0.0,0.0,0.0,552.8533437056467,,,,97.6,2340.0,2472.0,1.22683392,0.0,5.16315904,8.5363510784,2.0625371136,visdial:567353
dialog,visdial:567353,SparseVLM 25%,0.25,10,0.6,711.0193037951831,750.3300569951534,795.8241276035551,49.99360710498877,29.645267000887543,135.8382994862039,761.0129109001718,802.6881644909736,906.5744228631955,972.5280256,9725.280256,,,,0.24615384615384617,0.24615384615384617,0.7458386752136752,97.6,2340.0,2472.0,1.22683392,0.9150201856,5.286104576,6.7129912832,2.0872445952,visdial:567353
dialog,visdial:567353,Static+Diverse 25%,0.25,10,0.5,337.0889504963998,345.157196483342,361.7853025381919,39.10567589919083,19.55398198333569,124.9587302678263,376.1946263955906,366.62944199633785,452.45938854059193,316.276736,3162.76736,15.552184515399858,53.06356194196269,55.26701809721999,0.2465811965811966,0.2465811965811966,0.2577991452991453,97.6,2340.0,2472.0,1.22683392,0.316276736,5.28706304,6.7133651456,2.0699578368,visdial:567353
dialog,visdial:567353,Static+Diverse 50%,0.5,10,0.6,553.1314301071689,557.9053425171878,584.1882767359493,38.04424208938144,19.637114484794438,119.0998772362944,591.1756721965503,595.2862714766525,672.9537177132441,614.137856,6141.37856,22.12532401899807,90.8668430231046,56.8165218050126,0.4803418803418803,0.4803418803418803,0.500587606837607,97.6,2340.0,2472.0,1.22683392,0.614137856,5.286104576,6.7123361792,2.069829632,visdial:567353
dialog,visdial:57743,FullLoad,1.0,10,0.3,662.8454607096501,655.2112759964075,749.9117344908882,52.479691203916445,24.838516488671303,177.47378592903237,715.3251519135665,686.5277399774641,908.8184316788099,1233.125376,12331.25376,0.0,,,1.0,1.0,1.0,113.0,2352.0,2498.2,1.233125376,1.233125376,5.292740096,6.7433997824,2.0834721792,visdial:57743
dialog,visdial:57743,ReComp,,10,0.3,559.2514458927326,561.3758100080304,584.6443596907193,74.08428421476856,19.296148500870913,294.5623175532091,633.3357301075011,584.2004099977203,850.3281897079432,0.0,0.0,0.0,0.0,559.2512265895493,,,,113.0,2352.0,2498.2,1.233125376,0.0,5.1688213504,8.5990132736,2.0917837824000003,visdial:57743
dialog,visdial:57743,SparseVLM 25%,0.25,10,0.3,766.3324986002408,759.0422540088184,867.7311114995973,57.518483401509,29.445433989167213,188.12236370576986,823.8509820017498,789.3936830223538,1015.701277379412,1013.1341312000001,10131.341312,,,,0.24489795918367344,0.24489795918367344,0.7747236394557823,113.0,2352.0,2498.2,1.233125376,0.9553313792,5.292396032,6.7443509248,2.0946919424,visdial:57743
dialog,visdial:57743,Static+Diverse 25%,0.25,10,0.3,339.7738581057638,335.39682353148237,362.9600759682944,72.14481901028194,19.70038702711463,282.3781274870271,411.9186771160457,362.70219602738507,629.0060073952191,324.009984,3240.09984,15.897812304319814,54.36651103082113,57.29621629579924,0.24064625850340135,0.24064625850340135,0.26275510204081626,113.0,2352.0,2498.2,1.233125376,0.324009984,5.292740096,6.7440748544,2.0864770048,visdial:57743
dialog,visdial:57743,Static+Diverse 50%,0.5,10,0.4,534.6111337072216,538.0115045118146,574.0551130933454,72.18637809273787,19.648809015052393,283.02109906217083,606.7975117999595,557.3823724698741,852.6256653538439,623.116288,6231.16288,20.569818443618715,88.97140668705106,57.422208797652274,0.4829931972789116,0.4829931972789116,0.50531462585034,113.0,2352.0,2498.2,1.233125376,0.623116288,5.292396032,6.7436350976,2.0913528832,visdial:57743
dialog,visdial:578816,FullLoad,1.0,10,0.3,701.4640304958448,693.0016899714246,774.2952324595535,23.822985199512914,19.84919750248082,40.704466457827934,725.2870156953577,712.7055174787529,801.880659701419,1132.46208,11324.6208,0.0,,,1.0,1.0,1.0,88.0,2160.0,2281.4,1.13246208,1.13246208,5.191732736,6.5099796992,2.1077999616,visdial:578816
dialog,visdial:578816,ReComp,,10,0.3,518.8532932952512,518.2617749960627,539.9477845116053,18.911851797020063,18.901182484114543,19.21329889446497,537.7651450922713,537.4683509871829,558.7997297989205,0.0,0.0,0.0,0.0,518.8530789047945,,,,88.0,2160.0,2281.4,1.13246208,0.0,5.078224384,8.0520500224,2.1060304895999997,visdial:578816
dialog,visdial:578816,SparseVLM 25%,0.25,10,0.3,705.5984565929975,708.6496969859581,760.2276428515324,35.702038306044415,35.653085506055504,45.83733332401607,741.300494899042,736.2830314959865,803.1912538455799,855.0350847999999,8550.350848,,,,0.2444444444444444,0.2444444444444444,0.7081481481481482,88.0,2160.0,2281.4,1.13246208,0.8019509248,5.191732736,6.5103760384,2.1077999616,visdial:578816
dialog,visdial:578816,Static+Diverse 25%,0.25,10,0.3,327.5659504928626,333.58648399007507,349.57724471751135,19.28581339889206,19.130312983179465,19.77131424646359,346.8517638917547,352.8524339781143,369.06627666030545,291.504128,2915.04128,15.51700703566894,51.579487102571875,54.68083400046453,0.24074074074074076,0.24074074074074076,0.2574074074074074,88.0,2160.0,2281.4,1.13246208,0.291504128,5.191732736,6.5103035392,2.1051879424,visdial:578816
dialog,visdial:578816,Static+Diverse 50%,0.5,10,0.3,578.2014724100009,580.0231585162692,596.2001980136847,19.32401749654673,19.367950008017942,19.621793876285665,597.5254899065476,599.5018324756529,615.4714791569859,591.396864,5913.96864,23.425152635900304,90.02588767325506,57.1614968997892,0.5037037037037038,0.5037037037037038,0.5222222222222223,88.0,2160.0,2281.4,1.13246208,0.591396864,5.191732736,6.5100262912,2.1051879424,visdial:578816
dialog,visdial:580366,FullLoad,1.0,10,0.5,690.9785281924997,669.941646483494,764.6586237009615,26.572622801177204,19.857678504195064,54.32027094066138,717.5511509936769,692.6386750128586,788.8116315152729,1233.125376,12331.25376,0.0,,,1.0,1.0,1.0,101.1,2352.0,2486.9,1.233125376,1.233125376,5.292740096,6.7273857536,2.0848775167999998,visdial:580366
dialog,visdial:580366,ReComp,,10,0.5,551.1244860943407,547.5679279770702,569.2495465074899,25.178769405465573,19.687248510308564,50.38684754981654,576.3032554998063,566.8581989884842,618.9373740926385,0.0,0.0,0.0,0.0,551.1242476000916,,,,101.1,2352.0,2486.9,1.233125376,0.0,5.1688213504,8.5740809216,2.0848775167999998,visdial:580366
dialog,visdial:580366,SparseVLM 25%,0.25,10,0.4,739.3336207023822,749.4662445096765,799.1627652430907,43.083725695032626,31.636698491638526,92.65113533474499,782.4173463974148,802.9004479758441,856.8659381038742,963.4316288,9634.316288,,,,0.24489795918367344,0.24489795918367344,0.7344175170068027,101.1,2352.0,2486.9,1.233125376,0.9056288767999999,5.292396032,6.728030464,2.1041811455999997,visdial:580366
dialog,visdial:580366,Static+Diverse 25%,0.25,10,0.4,343.6113038973417,352.193074504612,366.13616033864673,33.01869019633159,20.012839988339692,86.42956839466932,376.6299940936733,371.7655829968862,447.74432795238675,323.223552,3232.23552,15.311965340515599,53.55109302327037,56.0763031069655,0.24659863945578228,0.24659863945578228,0.26211734693877553,101.1,2352.0,2486.9,1.233125376,0.323223552,5.292740096,6.7279204863999995,2.085568512,visdial:580366
dialog,visdial:580366,Static+Diverse 50%,0.5,10,0.4,578.0296373122837,584.0345674951095,595.922490558587,24.1565520002041,19.298248982522637,44.3055614538025,602.1861893124878,603.5045030002948,635.4179490183014,623.90272,6239.0272,23.203712049871683,94.2764735838864,56.07860769960098,0.4829931972789116,0.4829931972789116,0.505952380952381,101.1,2352.0,2486.9,1.233125376,0.62390272,5.292396032,6.727431424,2.0941602816,visdial:580366
dialog,visdial:63987,FullLoad,1.0,10,0.3,653.6266287905164,642.4305914842989,734.2865598766366,27.519477403257042,20.17525050905533,52.66346212883942,681.1461061937734,662.2763449850027,772.1351028041681,1021.313024,10213.13024,0.0,,,1.0,1.0,1.0,87.9,1948.0,2069.9,1.021313024,1.021313024,5.081058816,6.283437568,2.128965632,visdial:63987
dialog,visdial:63987,ReComp,,10,0.3,439.3568796047475,444.03351651271805,471.1097630264703,23.1843362969812,19.423741498030722,39.969002990983384,462.5412159017287,463.3109910064377,490.211610760889,0.0,0.0,0.0,0.0,439.35668179765344,,,,87.9,1948.0,2069.9,1.021313024,0.0,4.9781902336,7.536328806399999,2.128965632,visdial:63987
dialog,visdial:63987,SparseVLM 25%,0.25,10,0.3,698.502045404166,701.8390469893347,728.9305793354288,30.666917900089175,31.179682002402842,38.04654810228385,729.1689633042552,737.291682016803,759.9625145376194,822.2015488,8222.015488,,,,0.24640657084188913,0.24640657084188913,0.75816863449692,87.9,1948.0,2069.9,1.021313024,0.7743275007999999,5.08058368,6.284022374399999,2.128965632,visdial:63987
dialog,visdial:63987,Static+Diverse 25%,0.25,10,0.3,309.7057752951514,310.43097501969896,329.83882202534005,20.78416349249892,19.721596472663805,25.931501950253722,330.4899387876503,329.8994745127857,355.7046311761951,274.26816,2742.6816,15.157305990578607,48.771448666229844,55.31990360468626,0.26283367556468173,0.26283367556468173,0.2685446611909651,87.9,1948.0,2069.9,1.021313024,0.27426816,5.081058816,6.28365056,2.128965632,visdial:63987
dialog,visdial:63987,Static+Diverse 50%,0.5,10,0.3,496.7722881003283,507.1844859921839,518.0562226654729,23.651376890484244,19.793197512626648,41.25298717990513,520.4236649908125,531.4594459778164,551.1512667813804,538.574848,5385.74848,20.441861916333437,78.95050584920682,55.92480520135723,0.5071868583162218,0.5071868583162218,0.527335728952772,87.9,1948.0,2069.9,1.021313024,0.538574848,5.08058368,6.2834513408,2.128965632,visdial:63987
dialog,visdial:65492,FullLoad,1.0,10,0.6,515.8871607971378,521.178086521104,541.5779931790894,39.81348959496245,41.3209380058106,51.3860430335626,555.7006503921002,557.2511309874244,590.6350193807157,773.849088,7738.49088,0.0,,,1.0,1.0,1.0,83.4,1476.0,1593.2,0.773849088,0.773849088,4.833119744,5.7804673024,2.053828608,visdial:65492
dialog,visdial:65492,ReComp,,10,0.6,313.5397198959254,314.1948429693002,327.084320463473,19.174148788442835,19.1875749733299,19.768702200963162,332.7138686843682,333.1816174904816,346.21187004086096,0.0,0.0,0.0,0.0,313.5395452962257,,,,83.4,1476.0,1593.2,0.773849088,0.0,4.7554726912,6.4793755136,2.053828608,visdial:65492
dialog,visdial:65492,SparseVLM 25%,0.25,10,0.6,508.05006589507684,505.5117050069384,557.1079537534388,31.043826596578583,28.316579526290298,43.786637292942025,539.0938924916554,537.3852530319709,586.2084763444727,617.3556736,6173.556736,,,,0.2439024390243903,0.2439024390243903,0.7508976964769648,83.4,1476.0,1593.2,0.773849088,0.5810814976,4.833119744,5.7814308864,2.053828608,visdial:65492
dialog,visdial:65492,Static+Diverse 25%,0.25,10,0.6,255.13109589228407,259.9174474889878,270.6195439910516,19.71041181241162,19.848179508699104,20.293214009143412,274.8415077046957,279.57532298751175,290.5629211454652,206.4384,2064.384,12.413787905825302,39.47252489160746,51.396308885887265,0.26151761517615174,0.26151761517615174,0.2667682926829268,83.4,1476.0,1593.2,0.773849088,0.2064384,4.833119744,5.7805656064,2.053828608,visdial:65492
dialog,visdial:65492,Static+Diverse 50%,0.5,10,0.6,361.38825170346536,362.6720074971672,383.6654643906513,19.861242885235697,19.81661847094074,20.291963368072174,381.24949458870105,382.4605379777495,403.3624873845838,393.019392,3930.19392,17.406048357952386,62.46266805683263,49.028101697331294,0.48102981029810293,0.48102981029810293,0.5078760162601627,83.4,1476.0,1593.2,0.773849088,0.393019392,4.833119744,5.780983347199999,2.053828608,visdial:65492
dialog,visdial:65853,FullLoad,1.0,10,0.2,688.0907598766498,703.125835978426,734.6445069240872,80.67673381883651,32.36973553430289,277.6936153997667,768.7674936954863,748.9186784951016,915.8239705342565,1124.073472,11240.73472,0.0,,,1.0,1.0,1.0,113.6,2144.0,2291.0,1.124073472,1.124073472,5.183424409600001,6.5222944768,2.0801581056,visdial:65853
dialog,visdial:65853,ReComp,,10,0.2,511.82057229452766,505.31811150722206,540.0644660345279,72.37591340672225,19.393311522435397,275.92163867666386,584.1964857012499,551.6265089972876,775.0009508396033,0.0,0.0,0.0,0.0,511.8204045982566,,,,113.6,2144.0,2291.0,1.124073472,0.0,5.0709556224,8.064589312,2.0573442048,visdial:65853
dialog,visdial:65853,SparseVLM 25%,0.25,10,0.2,722.7299746067729,718.5287734901067,785.9742703090888,86.81441329536028,31.701402505859733,304.9517319566803,809.5443879021332,772.1010289969854,1024.6436064771842,951.1108608,9511.108608,,,,0.2462686567164179,0.2462686567164179,0.7992537313432836,113.6,2144.0,2291.0,1.124073472,0.8984199168,5.183665254399999,6.5239780352,2.0919083008,visdial:65853
dialog,visdial:65853,Static+Diverse 25%,0.25,10,0.2,317.8766608121805,312.7334715100005,358.2302990369499,74.2398414935451,19.778941496042535,283.7284964421997,392.1165023057256,345.9341000125278,592.8030557144666,279.969792,2799.69792,21.121907903579995,45.8667881321162,54.84394310624339,0.2392723880597015,0.2392723880597015,0.24906716417910452,113.6,2144.0,2291.0,1.124073472,0.279969792,5.183424409600001,6.522927872,2.0673318912,visdial:65853
dialog,visdial:65853,Static+Diverse 50%,0.5,10,0.2,531.7173291987274,538.1237824913114,561.0803434101399,74.08966249786317,19.72491550259292,283.5537203325657,605.8069916965906,562.2732845076825,825.1381382055115,577.765376,5777.65376,21.303203917341307,86.00647713756189,57.96957979910076,0.49300373134328357,0.49300373134328357,0.5139925373134329,113.6,2144.0,2291.0,1.124073472,0.577765376,5.183665254399999,6.5229822464,2.0644057088,visdial:65853
dialog,visdial:70221,FullLoad,1.0,10,0.1,717.4706653982867,705.7584965077695,784.9345085240202,47.81070899916813,20.08112397743389,168.45977902994463,765.2813743974548,727.2878075018525,917.6013045362195,1124.073472,11240.73472,0.0,,,1.0,1.0,1.0,80.4,2144.0,2257.2,1.124073472,1.124073472,5.183344128,6.485443993600001,2.1069504512,visdial:70221
dialog,visdial:70221,ReComp,,10,0.1,512.0063761889469,510.4555194848217,530.6217414909042,45.6153791048564,19.524136499967426,163.3538276422766,557.6217552938033,533.0798474606127,678.3804205770136,0.0,0.0,0.0,0.0,512.0061206922401,,,,80.4,2144.0,2257.2,1.124073472,0.0,5.070674636800001,7.9950793216000005,2.1067538432,visdial:70221
dialog,visdial:70221,SparseVLM 25%,0.25,10,0.1,717.4158181936946,725.164916482754,744.7745913988911,51.26799850258976,33.050707017537206,134.83200883201772,768.6838166962843,766.8841044942383,872.3086647660236,838.4413696,8384.413696,,,,0.2462686567164179,0.2462686567164179,0.6990205223880597,80.4,2144.0,2257.2,1.124073472,0.7857504256,5.183344128,6.4856387072,2.1084839935999997,visdial:70221
dialog,visdial:70221,Static+Diverse 25%,0.25,10,0.1,324.5410374016501,324.0893264883198,339.666803763248,19.655127986334264,19.68555699568242,19.995361837209202,344.19616538798437,343.7021404679399,359.2147201707121,282.591232,2825.91232,15.802833717316389,51.43786242697388,55.250235012499616,0.2388059701492537,0.2388059701492537,0.2513992537313433,80.4,2144.0,2257.2,1.124073472,0.282591232,5.183344128,6.4856128512,2.1084839935999997,visdial:70221
dialog,visdial:70221,Static+Diverse 50%,0.5,10,0.1,562.9934147233143,557.3564080114011,626.6418806859292,46.5998338884674,19.758292997721583,167.85082436981583,609.5932486117817,581.4182705071289,764.5353318599516,577.765376,5777.65376,22.448302793782204,87.27885620319284,53.463455714518204,0.4925373134328358,0.4925373134328358,0.5139925373134329,80.4,2144.0,2257.2,1.124073472,0.577765376,5.183344128,6.4852786688,2.1084839935999997,visdial:70221
dialog,visdial:77453,FullLoad,1.0,10,0.8,687.6767447858583,693.4539644571487,739.4629885850009,22.310491610551253,20.01230645691976,32.35292868339455,709.9872363964096,715.3007099987008,759.4340952666244,1226.83392,12268.3392,0.0,,,1.0,1.0,1.0,90.8,2340.0,2465.0,1.22683392,1.22683392,5.28706304,6.7034597888,2.12678656,visdial:77453
dialog,visdial:77453,ReComp,,10,0.8,552.4976819870062,551.8128330004402,577.1408233616967,21.16294972365722,19.323494023410603,29.892772747552932,573.6606317106634,572.9964069905691,598.2046734570758,0.0,0.0,0.0,0.0,552.4974844884127,,,,90.8,2340.0,2465.0,1.22683392,0.0,5.16315904,8.5210202624,2.12678656,visdial:77453
dialog,visdial:77453,SparseVLM 25%,0.25,10,0.8,672.1274392039049,676.3103340053931,769.1945611673873,31.93991089356132,29.046222480246797,47.16389279055875,704.0673500974663,700.1770285132807,808.2087461370975,941.9685887999999,9419.685888,,,,0.24615384615384617,0.24615384615384617,0.7209294871794871,90.8,2340.0,2465.0,1.22683392,0.8844607487999999,5.286104576,6.703319552,2.12678656,visdial:77453
dialog,visdial:77453,Static+Diverse 25%,0.25,10,0.7,334.8363897006493,333.52520351763815,359.7192308749072,22.3743503971491,19.472857005894184,34.59695829660631,357.2107400977984,352.99806052353233,381.03752203751355,317.652992,3176.52992,13.924938009586185,49.51198904309422,54.51870861579664,0.24615384615384617,0.24615384615384617,0.25892094017094014,90.8,2340.0,2465.0,1.22683392,0.317652992,5.28706304,6.703885619199999,2.12678656,visdial:77453
dialog,visdial:77453,Static+Diverse 50%,0.5,10,0.7,585.2314163814299,586.6543469601311,614.5899088471197,21.674452006118372,19.86468001268804,30.25752290268427,606.9058683875483,606.5102329885121,643.3765138790477,616.890368,6168.90368,22.79439701233059,91.46634967182763,55.079090991057456,0.4803418803418803,0.4803418803418803,0.5028311965811965,90.8,2340.0,2465.0,1.22683392,0.616890368,5.286104576,6.7028826112,2.12678656,visdial:77453
dialog,visdial:88394,FullLoad,1.0,10,0.5,662.4266582075506,671.8860639957711,722.6288292440586,25.964923098217696,22.241880506044254,39.207218438968994,688.3915813057683,700.6533939857036,755.2662713598693,1124.073472,11240.73472,0.0,,,1.0,1.0,1.0,87.5,2144.0,2265.7,1.124073472,1.124073472,5.183424409600001,6.493139763199999,2.12457472,visdial:88394
dialog,visdial:88394,ReComp,,10,0.5,498.433163901791,500.5765749665443,515.1500778098125,22.967621992575005,19.659006007714197,37.351423635846004,521.400785894366,519.5044074789621,551.8674284918234,0.0,0.0,0.0,0.0,498.43293480807915,,,,87.5,2144.0,2265.7,1.124073472,0.0,5.0709556224,8.01277056,2.1167681536,visdial:88394
dialog,visdial:88394,SparseVLM 25%,0.25,10,0.5,659.6845837077126,668.6280849971808,692.4313647585222,40.33754939446226,39.53634249046445,76.32659403316205,700.0221331021748,713.1197295093443,735.8277514984366,781.0318336,7810.318336,,,,0.2462686567164179,0.2462686567164179,0.6479477611940299,87.5,2144.0,2265.7,1.124073472,0.7283408896,5.183665254399999,6.493739008,2.1100724224,visdial:88394
dialog,visdial:88394,Static+Diverse 25%,0.25,10,0.5,326.6490979818627,324.71273746341467,353.38939763605595,24.73091710708104,19.798926019575447,38.737965319887735,351.38001508894376,344.1132264852058,388.8680147822015,282.591232,2825.91232,15.171347954310477,50.41711787926033,53.166721790330485,0.2238805970149254,0.2238805970149254,0.2513992537313433,87.5,2144.0,2265.7,1.124073472,0.282591232,5.183424409600001,6.493501952,2.1025398784,visdial:88394
dialog,visdial:88394,Static+Diverse 50%,0.5,10,0.5,568.0381604004651,568.2157135161106,583.3645142440218,23.12252689152956,19.592120981542394,37.75838368746918,591.1606872919947,590.5528194853105,612.8808536508586,579.862528,5798.62528,23.058109520934522,88.66977448924445,55.31039320048876,0.4925373134328358,0.4925373134328358,0.5158582089552237,87.5,2144.0,2265.7,1.124073472,0.579862528,5.183665254399999,6.493596416,2.113196032,visdial:88394
dialog,visdial:90932,FullLoad,1.0,10,0.1,650.0040611950681,657.3189334885683,709.4629543396877,47.599040309432894,20.792093011550605,156.139143562177,697.603101504501,689.8814775049686,804.797337175114,1124.073472,11240.73472,0.0,,,1.0,1.0,1.0,106.7,2144.0,2285.2,1.124073472,1.124073472,5.183344128,6.5121819648,2.1096583168,visdial:90932
dialog,visdial:90932,ReComp,,10,0.1,507.83913959749043,508.68515149340965,527.6826125656953,41.76397300325334,19.754767534323037,141.80393871793035,549.6031126007438,528.8133614812978,651.7453414417103,0.0,0.0,0.0,0.0,507.83898460213095,,,,106.7,2144.0,2285.2,1.124073472,0.0,5.070674636800001,8.052036556800001,2.0623286272,visdial:90932
dialog,visdial:90932,SparseVLM 25%,0.25,10,0.1,727.8873654897325,721.7896029760595,784.0679184620967,27.134383202064782,24.535923497751355,40.885700905346305,755.0217486917973,748.6533264745958,807.0165826240554,928.1470464,9281.470464,,,,0.2462686567164179,0.2462686567164179,0.7788246268656717,106.7,2144.0,2285.2,1.124073472,0.8754561023999999,5.183344128,6.513846784,2.0698243072,visdial:90932
dialog,visdial:90932,Static+Diverse 25%,0.25,10,0.1,309.3890361953527,318.7185995047912,326.1683355085552,21.03100549429655,19.614646007539704,27.980942110298187,330.4200416896492,339.2585049732588,349.442662904039,276.824064,2768.24064,15.392541256733239,50.065674958750606,57.52269840450026,0.2388059701492537,0.2388059701492537,0.2462686567164179,106.7,2144.0,2285.2,1.124073472,0.276824064,5.183344128,6.5127178752,2.0563648512,visdial:90932
dialog,visdial:90932,Static+Diverse 50%,0.5,10,0.1,513.8251341937575,505.5614349839743,572.1686634497019,42.51626990153454,19.655923504615203,145.910673192702,556.3414040952921,525.0024269917049,717.9484798107293,574.619648,5746.19648,20.354172051884234,83.65548655274324,55.13579888502136,0.4925373134328358,0.4925373134328358,0.5111940298507462,106.7,2144.0,2285.2,1.124073472,0.574619648,5.183344128,6.512625408,2.060918784,visdial:90932
dialog,visdial:91001,FullLoad,1.0,10,0.6,681.4828772912733,694.8017310060095,735.3299391281325,24.149222200503573,19.813791004708037,38.08137017767876,705.6320994917769,718.5889564862009,754.8763375845738,1233.125376,12331.25376,0.0,,,1.0,1.0,1.0,86.9,2352.0,2472.6,1.233125376,1.233125376,5.292740096,6.712592230399999,2.0510789632,visdial:91001
dialog,visdial:91001,ReComp,,10,0.6,553.5980364016723,557.1048955025617,574.756150713074,19.03569280402735,18.95596249960363,19.729222712339833,572.6337292056996,575.9772370220162,593.7087201600662,0.0,0.0,0.0,0.0,553.5978258994874,,,,86.9,2352.0,2472.6,1.233125376,0.0,5.1688213504,8.5433946112,2.0608249856,visdial:91001
dialog,visdial:91001,SparseVLM 25%,0.25,10,0.6,797.2872974991333,799.3628529948182,842.4702263204381,27.519564697286114,25.171006011078134,35.78712384623941,824.8068621964194,821.914354513865,872.6368483854458,1012.1904128,10121.904128,,,,0.24489795918367344,0.24489795918367344,0.7739583333333334,86.9,2352.0,2472.6,1.233125376,0.9543876607999999,5.292396032,6.7131719168,2.0855054336,visdial:91001
dialog,visdial:91001,Static+Diverse 25%,0.25,10,0.6,368.46056020003743,379.0375089738518,384.368404163979,19.327537406934425,19.285799498902634,19.760683900676668,387.78809760697186,398.0199045035988,403.6569708085153,322.961408,3229.61408,15.656419948209077,54.28046252345666,55.98669690079987,0.23979591836734696,0.23979591836734696,0.2619047619047619,86.9,2352.0,2472.6,1.233125376,0.322961408,5.292740096,6.7130187264,2.068860928,visdial:91001
dialog,visdial:91001,Static+Diverse 50%,0.5,10,0.6,592.5621534930542,593.2969994610175,614.3976475461386,19.417608896037564,19.40227998420596,19.653777798521332,611.9797623890918,612.7681144862436,633.6706123373006,623.116288,6231.16288,23.102599574485794,93.9655712863896,56.94315840373747,0.4829931972789116,0.4829931972789116,0.50531462585034,86.9,2352.0,2472.6,1.233125376,0.623116288,5.292396032,6.7125146112,2.0711616512,visdial:91001
dialog,visdial:96511,FullLoad,1.0,10,0.5,652.4227312998846,653.0597260280047,710.7634791667806,23.680474399589002,20.37890299106948,35.74839939246884,676.1032056994736,680.9318630257621,735.2949860069202,1124.073472,11240.73472,0.0,,,1.0,1.0,1.0,88.1,2144.0,2265.9,1.124073472,1.124073472,5.183344128,6.4922304,2.1497769984,visdial:96511
dialog,visdial:96511,ReComp,,10,0.5,511.8315136001911,511.55650199507363,529.1595479851821,19.05024800216779,18.857057497370988,19.920098583679646,530.8817616023589,530.2977579995058,547.7680727897678,0.0,0.0,0.0,0.0,511.83129379642196,,,,88.1,2144.0,2265.9,1.124073472,0.0,5.070674636800001,8.0131767808,2.0960223232,visdial:96511
dialog,visdial:96511,SparseVLM 25%,0.25,10,0.5,690.5745971074793,694.1354179871269,717.9731411422836,32.57760650594719,28.773967002052814,47.08886002190411,723.1522036134265,732.7161444991361,745.4185783863068,831.4159104,8314.159104,,,,0.2462686567164179,0.2462686567164179,0.6927705223880597,88.1,2144.0,2265.9,1.124073472,0.7787249664,5.183344128,6.4926930432,2.120701952,visdial:96511
dialog,visdial:96511,Static+Diverse 25%,0.25,10,0.5,330.56046969722956,337.9236485052388,353.91914764477406,19.514170906040817,19.5006960129831,20.038436562754214,350.0746406032704,357.22579251159914,373.63578205695376,284.164096,2841.64096,15.790466661565006,52.05305872368626,57.233194599393755,0.2388059701492537,0.2388059701492537,0.2527985074626865,88.1,2144.0,2265.9,1.124073472,0.284164096,5.183344128,6.492549273600001,2.0804972544,visdial:96511
dialog,visdial:96511,Static+Diverse 50%,0.5,10,0.5,542.4860192928463,548.1471304956358,561.7626362538431,19.38810430583544,19.319971499498934,19.8834730515955,561.8741235986818,567.4861685256474,581.2988725781906,580.386816,5803.86816,22.345580119872466,88.21398348081857,55.05390429170802,0.4925373134328358,0.4925373134328358,0.5163246268656716,88.1,2144.0,2265.9,1.124073472,0.580386816,5.183344128,6.492327936,2.0919005184,visdial:96511
